x,y,value
2500,517500,1269.979
2500,522500,1005.0835
2500,527500,910.89276
7500,512500,1182.9113
7500,517500,1004.03156
7500,522500,932.7814
7500,527500,951.19025
12500,507500,1096.1233
12500,512500,966.4142
12500,517500,940.60095
12500,522500,998.3867
12500,527500,979.58124
12500,532500,958.1388
17500,497500,1176.2124
17500,502500,1145.5725
17500,507500,939.2095
17500,512500,1029.8894
17500,517500,1084.3412
17500,522500,1083.1838
17500,527500,998.1761
17500,532500,971.7119
17500,547500,1450.1378
22500,492500,1258.4745
22500,497500,1305.1907
22500,502500,1062.6024
22500,507500,974.9588
22500,512500,1103.9667
22500,517500,1043.8455
22500,522500,1041.179
22500,527500,976.3241
22500,532500,997.533
22500,542500,1454.1903
22500,547500,1658.6367
22500,552500,1808.4529
27500,492500,1275.7205
27500,497500,1237.8289
27500,502500,956.2433
27500,507500,913.34314
27500,512500,910.01794
27500,517500,876.5085
27500,522500,903.7375
27500,527500,914.9513
27500,532500,1090.5242
27500,537500,1272.5958
27500,542500,1531.8914
27500,547500,1604.0403
27500,552500,1624.2432
32500,487500,1029.3723
32500,492500,1155.4711
32500,497500,998.46814
32500,502500,820.91034
32500,507500,792.1303
32500,512500,802.03845
32500,517500,787.8263
32500,522500,817.05096
32500,527500,891.097
32500,532500,1054.1936
32500,537500,1238.106
32500,542500,1452.6215
32500,547500,1399.1753
32500,552500,1364.0768
37500,482500,900.0166
37500,487500,982.8583
37500,492500,974.09924
37500,497500,822.7943
37500,502500,719.80597
37500,507500,685.37933
37500,512500,741.07184
37500,517500,768.10876
37500,522500,833.49475
37500,527500,910.4398
37500,532500,1021.13495
37500,537500,1199.1305
37500,542500,1348.1522
37500,547500,1220.3127
37500,552500,1178.2723
42500,482500,842.4961
42500,487500,838.8412
42500,492500,800.1039
42500,497500,741.00397
42500,502500,714.85144
42500,507500,723.4081
42500,512500,801.2035
42500,517500,852.1095
42500,522500,901.2712
42500,527500,935.2438
42500,532500,1053.9047
42500,537500,1200.1677
42500,542500,1185.6116
42500,547500,1100.5441
42500,552500,1047.7837
42500,557500,988.43634
47500,482500,782.03894
47500,487500,753.95044
47500,492500,714.1708
47500,497500,725.0582
47500,502500,789.0978
47500,507500,826.1798
47500,512500,864.391
47500,517500,936.7601
47500,522500,977.12616
47500,527500,974.0335
47500,532500,1044.8761
47500,537500,1125.5223
47500,542500,1006.07996
47500,547500,971.5042
47500,552500,941.4974
47500,557500,884.35626
47500,562500,884.6003
52500,482500,767.16895
52500,487500,733.4208
52500,492500,698.69104
52500,497500,773.5473
52500,502500,874.50195
52500,507500,871.9448
52500,512500,868.7612
52500,517500,965.11804
52500,522500,1011.7064
52500,527500,955.5094
52500,532500,949.7482
52500,537500,961.02673
52500,542500,870.0377
52500,547500,923.3494
52500,552500,812.18256
52500,557500,794.2357
52500,562500,887.9925
52500,567500,899.4515
52500,572500,904.59485
52500,577500,860.9579
52500,582500,816.6135
57500,482500,784.90466
57500,487500,771.73914
57500,492500,755.8344
57500,497500,843.8458
57500,502500,921.027
57500,507500,918.1711
57500,512500,927.78406
57500,517500,997.4429
57500,522500,1006.2988
57500,527500,942.0314
57500,532500,877.6876
57500,537500,825.4955
57500,542500,841.479
57500,547500,898.2913
57500,552500,845.6022
57500,557500,916.75525
57500,562500,991.4498
57500,567500,896.0465
57500,572500,894.8047
57500,577500,895.59314
57500,582500,884.93475
57500,587500,807.8228
57500,782500,1939.07
62500,492500,813.9977
62500,497500,855.8004
62500,502500,905.5374
62500,507500,1053.4954
62500,512500,1011.19806
62500,517500,948.99335
62500,522500,945.5555
62500,527500,897.2093
62500,532500,820.536
62500,537500,745.0089
62500,542500,881.9591
62500,547500,987.35626
62500,552500,928.1061
62500,557500,1005.7035
62500,562500,1051.0188
62500,567500,957.5848
62500,572500,980.0757
62500,577500,1018.18787
62500,582500,969.882
62500,587500,926.2868
62500,797500,1939.0394
67500,507500,1107.2073
67500,512500,994.4365
67500,517500,832.3457
67500,522500,861.1127
67500,527500,910.37366
67500,532500,871.75995
67500,537500,861.5607
67500,542500,1055.6608
67500,547500,1015.4717
67500,552500,943.28503
67500,557500,1073.735
67500,562500,1146.1569
67500,567500,1086.5793
67500,572500,1006.3002
67500,577500,991.23157
67500,582500,1006.91064
67500,587500,1011.71375
67500,797500,1941.5928
67500,802500,2030.0599
72500,512500,902.9585
72500,517500,775.53235
72500,522500,852.95544
72500,527500,936.7241
72500,532500,897.1815
72500,537500,949.2147
72500,542500,1046.4944
72500,547500,1002.84845
72500,552500,1068.5934
72500,557500,1216.2639
72500,562500,1276.8372
72500,567500,1085.6063
72500,572500,937.77405
72500,577500,967.34375
72500,582500,979.7243
72500,802500,2086.395
72500,817500,2032.0466
72500,822500,1781.4512
72500,827500,1789.2955
72500,832500,1578.9125
72500,867500,1767.5564
72500,872500,1777.3557
77500,512500,790.5793
77500,517500,787.5649
77500,522500,849.70636
77500,527500,933.6121
77500,532500,927.4293
77500,537500,968.2296
77500,542500,1026.1741
77500,547500,997.6981
77500,552500,1156.8547
77500,557500,1265.3544
77500,562500,1299.7113
77500,567500,1117.005
77500,572500,989.6716
77500,577500,1008.31464
77500,582500,952.40643
77500,812500,2054.527
77500,817500,2046.9387
77500,822500,1746.085
77500,827500,1758.2666
77500,832500,1653.9645
77500,837500,1704.9812
77500,842500,1636.2036
77500,847500,1590.7595
77500,852500,1573.6025
77500,857500,1552.708
77500,862500,1614.9309
77500,867500,1653.7786
77500,872500,1681.0416
82500,492500,836.15643
82500,497500,788.1968
82500,502500,783.8503
82500,507500,752.2983
82500,512500,739.237
82500,517500,820.21765
82500,522500,857.68994
82500,527500,928.0493
82500,532500,932.8006
82500,537500,946.20294
82500,542500,969.83105
82500,547500,1011.82635
82500,552500,1191.4452
82500,557500,1266.7443
82500,562500,1284.4121
82500,567500,1173.118
82500,572500,1032.8411
82500,577500,981.9127
82500,582500,870.6787
82500,587500,781.2855
82500,592500,805.19543
82500,812500,2120.5464
82500,817500,2134.567
82500,822500,1897.4879
82500,827500,1890.5951
82500,832500,1700.5745
82500,837500,1764.6068
82500,842500,1532.0847
82500,847500,1409.6796
82500,852500,1484.1775
82500,857500,1472.2374
82500,862500,1518.5273
82500,867500,1671.9836
82500,872500,1712.3793
87500,487500,767.1764
87500,492500,799.5731
87500,497500,784.7518
87500,502500,762.1437
87500,507500,723.919
87500,512500,737.6117
87500,517500,805.10144
87500,522500,845.60565
87500,527500,892.709
87500,532500,884.8428
87500,537500,880.3202
87500,542500,854.31525
87500,547500,1097.6727
87500,552500,1226.0822
87500,557500,1208.932
87500,562500,1187.1678
87500,567500,1053.9612
87500,572500,957.4196
87500,577500,831.8864
87500,582500,720.1846
87500,587500,679.5504
87500,592500,801.36
87500,597500,1062.9899
87500,847500,1598.6531
87500,852500,1652.9353
87500,857500,1660.2891
87500,862500,1711.4929
87500,867500,1831.0276
87500,872500,1844.4055
87500,877500,1864.9154
87500,887500,1977.575
92500,12500,1116.1927
92500,487500,782.2019
92500,492500,859.32306
92500,497500,814.2494
92500,502500,762.80286
92500,507500,711.56335
92500,512500,715.0592
92500,517500,763.8653
92500,522500,774.13245
92500,527500,807.6535
92500,532500,822.1201
92500,537500,823.8161
92500,542500,791.5167
92500,547500,978.78174
92500,552500,1186.6434
92500,557500,1017.20245
92500,562500,1048.162
92500,567500,1042.5728
92500,572500,914.654
92500,577500,774.0807
92500,582500,754.46594
92500,587500,863.53076
92500,592500,912.855
92500,597500,1086.597
92500,742500,1740.5752
92500,857500,1852.559
92500,862500,1907.1572
92500,867500,2002.5117
92500,872500,1843.4773
92500,877500,1896.2229
97500,477500,646.2168
97500,482500,661.819
97500,487500,821.6885
97500,492500,896.2241
97500,497500,813.04456
97500,502500,753.01965
97500,507500,679.8529
97500,512500,665.6159
97500,517500,714.8136
97500,522500,733.94476
97500,527500,729.66254
97500,532500,775.396
97500,537500,788.0599
97500,542500,744.5391
97500,547500,904.8524
97500,552500,971.1416
97500,557500,857.26825
97500,562500,935.6458
97500,567500,1024.1483
97500,572500,956.2933
97500,577500,885.0065
97500,582500,875.242
97500,587500,926.58167
97500,592500,865.82385
97500,597500,999.21747
97500,742500,1759.1614
97500,747500,1737.0889
97500,872500,1936.0859
97500,892500,1753.9309
97500,912500,1628.7003
97500,917500,1601.916
97500,922500,1628.2234
97500,927500,1619.8796
102500,472500,587.4192
102500,477500,644.5547
102500,482500,774.14
102500,487500,887.43976
102500,492500,925.1326
102500,497500,820.6383
102500,502500,735.5626
102500,507500,659.68445
102500,512500,626.4971
102500,517500,697.40845
102500,522500,715.70685
102500,527500,731.40063
102500,532500,780.7448
102500,537500,789.7006
102500,542500,716.1815
102500,547500,808.5003
102500,552500,722.57385
102500,557500,684.2979
102500,562500,812.0886
102500,567500,852.3586
102500,572500,871.8348
102500,577500,847.94855
102500,582500,813.4068
102500,587500,811.2688
102500,592500,711.9602
102500,597500,842.6341
102500,747500,1745.1381
102500,882500,1856.7571
102500,887500,1633.3572
102500,892500,1704.5374
102500,897500,1650.1273
102500,907500,1372.9054
102500,912500,1573.4215
102500,917500,1606.339
102500,922500,1528.9441
102500,927500,1885.6599
102500,932500,2057.0605
102500,937500,1918.2312
107500,472500,558.76056
107500,477500,651.5327
107500,482500,853.3416
107500,487500,920.1654
107500,492500,881.8478
107500,497500,782.2253
107500,502500,705.71594
107500,507500,631.1866
107500,512500,590.4706
107500,517500,680.32623
107500,522500,684.4353
107500,527500,747.94885
107500,532500,782.31213
107500,537500,812.4748
107500,542500,709.1111
107500,547500,734.20605
107500,552500,623.6052
107500,557500,608.6218
107500,562500,693.4657
107500,567500,713.5735
107500,572500,729.45935
107500,577500,712.8514
107500,582500,709.5133
107500,587500,674.9576
107500,592500,636.9386
107500,597500,813.1151
107500,747500,1748.0312
107500,887500,1627.4846
107500,892500,1737.3054
107500,897500,1537.5662
107500,902500,1532.7097
107500,907500,1392.5603
107500,912500,2057.6797
107500,917500,1896.6624
107500,922500,1857.8962
107500,927500,1947.2803
107500,932500,2009.4811
107500,937500,1728.0266
112500,472500,560.9392
112500,477500,712.6086
112500,482500,883.6374
112500,487500,837.08496
112500,492500,771.21716
112500,497500,710.2457
112500,502500,665.74
112500,507500,595.60974
112500,512500,565.226
112500,517500,668.51184
112500,522500,659.7523
112500,527500,766.49036
112500,532500,722.08746
112500,537500,617.90173
112500,542500,634.194
112500,547500,645.8244
112500,552500,564.0499
112500,557500,560.7235
112500,562500,611.90686
112500,567500,611.7412
112500,572500,626.7139
112500,577500,651.65717
112500,582500,701.09344
112500,587500,694.4586
112500,592500,679.7761
112500,597500,809.6505
112500,602500,790.7219
112500,752500,1895.1438
112500,847500,1793.4424
112500,892500,1783.9274
112500,897500,1589.8674
112500,902500,1571.4846
112500,907500,1680.783
112500,912500,2092.4382
112500,917500,1872.0199
112500,922500,1717.5573
112500,927500,1651.2513
112500,932500,1789.3672
112500,937500,1458.4539
117500,477500,789.58704
117500,482500,815.8322
117500,487500,745.5524
117500,492500,683.48505
117500,497500,654.70013
117500,502500,623.0287
117500,507500,569.0382
117500,512500,555.1628
117500,517500,647.28754
117500,522500,630.0462
117500,527500,734.38525
117500,532500,750.6524
117500,537500,645.4414
117500,542500,649.1723
117500,547500,666.53784
117500,552500,572.64124
117500,557500,580.57385
117500,562500,629.0781
117500,567500,649.19385
117500,572500,702.6977
117500,577500,731.71155
117500,582500,738.8885
117500,587500,724.2516
117500,592500,696.3531
117500,597500,819.30505
117500,602500,820.1813
117500,652500,1455.0681
117500,657500,1515.5156
117500,752500,1880.0465
117500,757500,1888.6582
117500,842500,1624.8544
117500,847500,1814.7435
117500,852500,1863.9408
117500,892500,1778.3821
117500,897500,1529.3948
117500,902500,1711.8416
117500,907500,1997.8395
117500,912500,2044.3171
117500,917500,1815.26
117500,922500,1565.0216
117500,927500,1418.2537
117500,932500,1454.5298
117500,937500,1264.232
117500,942500,1462.0276
122500,477500,692.7039
122500,482500,738.24866
122500,487500,698.72034
122500,492500,648.9069
122500,497500,636.59735
122500,502500,624.0298
122500,507500,580.6707
122500,512500,560.1038
122500,517500,604.59
122500,522500,590.25604
122500,527500,673.5462
122500,532500,690.9836
122500,537500,645.45404
122500,542500,669.12036
122500,547500,708.6717
122500,552500,649.61676
122500,557500,670.7756
122500,562500,700.9049
122500,567500,727.22546
122500,572500,758.22266
122500,577500,743.2254
122500,582500,779.8462
122500,587500,762.8633
122500,592500,747.3481
122500,597500,879.1071
122500,602500,870.71857
122500,657500,1398.2178
122500,662500,1371.6063
122500,667500,1366.6921
122500,757500,1855.2184
122500,762500,1906.2012
122500,807500,2036.8992
122500,837500,1875.6719
122500,842500,1881.0094
122500,847500,2018.1881
122500,852500,1811.8806
122500,862500,1893.4824
122500,897500,1628.5087
122500,902500,1936.8728
122500,907500,1946.2676
122500,912500,1988.9246
122500,917500,1644.1091
122500,922500,1427.2058
122500,927500,1290.9537
122500,932500,1239.4457
122500,937500,1111.8253
122500,942500,1318.7755
122500,947500,1303.6116
127500,472500,550.5029
127500,477500,657.94885
127500,482500,823.56287
127500,487500,757.0568
127500,492500,690.47644
127500,497500,665.34515
127500,502500,638.19745
127500,507500,597.3815
127500,512500,581.25745
127500,517500,577.1684
127500,522500,544.96375
127500,527500,598.1463
127500,532500,631.3339
127500,537500,631.46716
127500,542500,631.62384
127500,547500,646.8091
127500,552500,655.8539
127500,557500,685.016
127500,562500,719.86584
127500,567500,708.0936
127500,572500,727.44855
127500,577500,760.5863
127500,582500,846.859
127500,587500,841.9085
127500,592500,991.7163
127500,597500,997.3942
127500,602500,931.24835
127500,642500,1293.2117
127500,647500,1388.4711
127500,657500,1387.6521
127500,662500,1299.1062
127500,667500,1416.1952
127500,672500,1454.9011
127500,722500,1811.6863
127500,762500,1894.4119
127500,807500,2096.3813
127500,842500,1850.9281
127500,847500,1794.225
127500,852500,1683.0823
127500,857500,1813.8424
127500,862500,1971.2532
127500,902500,1847.7488
127500,907500,1962.4375
127500,912500,2104.3743
127500,917500,1689.7283
127500,922500,1416.9907
127500,927500,1221.4778
127500,932500,1126.6018
127500,937500,1118.2255
127500,942500,1463.4591
127500,947500,1359.7117
132500,467500,781.6179
132500,472500,580.50214
132500,477500,843.50867
132500,482500,968.12744
132500,487500,845.28577
132500,492500,708.8333
132500,497500,626.7137
132500,502500,652.3892
132500,507500,631.8656
132500,512500,618.9166
132500,517500,574.0828
132500,522500,529.598
132500,527500,591.1668
132500,532500,647.17377
132500,537500,654.9561
132500,542500,651.17914
132500,547500,621.03314
132500,552500,704.2697
132500,557500,742.92236
132500,562500,795.0316
132500,567500,780.07605
132500,572500,906.083
132500,577500,1003.62744
132500,582500,1161.8646
132500,587500,1089.9585
132500,592500,1229.9507
132500,597500,1114.7458
132500,642500,1306.0027
132500,647500,1410.569
132500,652500,1309.5192
132500,657500,1393.3347
132500,662500,1296.1678
132500,667500,1267.164
132500,672500,1494.1232
132500,717500,1682.3792
132500,722500,1705.4426
132500,797500,1898.1442
132500,802500,2130.7703
132500,827500,1705.3713
132500,832500,1843.9818
132500,837500,1913.7633
132500,842500,1720.583
132500,847500,1916.3151
132500,852500,1946.3682
132500,857500,1836.2009
132500,902500,2083.407
132500,907500,2234.8384
132500,912500,2277.6343
132500,917500,1720.1859
132500,922500,1447.4667
132500,927500,1217.089
132500,932500,1181.2244
132500,937500,1215.5747
132500,942500,1416.4537
132500,947500,1264.773
137500,22500,1178.2074
137500,27500,1097.0016
137500,32500,1147.6577
137500,467500,900.06836
137500,472500,687.6025
137500,477500,850.3812
137500,482500,1054.5233
137500,487500,974.217
137500,492500,720.9579
137500,497500,618.8189
137500,502500,701.61975
137500,507500,678.9308
137500,512500,650.02124
137500,517500,596.4416
137500,522500,565.4771
137500,527500,645.422
137500,532500,731.6577
137500,537500,742.93097
137500,542500,696.6283
137500,547500,693.3094
137500,552500,769.3661
137500,557500,820.51404
137500,562500,958.6998
137500,567500,928.6413
137500,572500,1129.4368
137500,577500,1251.1575
137500,582500,1376.42
137500,587500,1162.1892
137500,592500,1266.2527
137500,597500,1138.1927
137500,647500,1298.8802
137500,652500,1275.3904
137500,657500,1437.0286
137500,662500,1288.825
137500,667500,1268.3785
137500,672500,1443.2346
137500,677500,1416.9368
137500,687500,1542.2849
137500,692500,1821.933
137500,697500,1817.3558
137500,717500,1496.4198
137500,722500,1530.3721
137500,742500,1712.7731
137500,747500,1829.7188
137500,752500,1830.238
137500,792500,1896.8033
137500,797500,2248.2437
137500,802500,2235.729
137500,822500,1746.8092
137500,827500,2069.7947
137500,832500,2208.4573
137500,837500,1758.1296
137500,842500,1845.78
137500,847500,1977.0061
137500,852500,1728.8225
137500,857500,1419.512
137500,862500,1447.5205
137500,867500,1400.38
137500,872500,1898.9387
137500,907500,2300.9646
137500,912500,2188.0884
137500,917500,1589.6553
137500,922500,1422.1943
137500,927500,1243.4346
137500,932500,1254.9739
137500,937500,1300.2786
137500,942500,1363.8792
137500,947500,1215.7948
137500,952500,1296.771
142500,22500,1239.5538
142500,27500,1159.2416
142500,32500,1219.3887
142500,37500,1308.3494
142500,472500,801.10846
142500,477500,972.9874
142500,482500,1220.1311
142500,487500,1044.695
142500,492500,738.4002
142500,497500,669.5836
142500,502500,759.4974
142500,507500,713.1525
142500,512500,645.9844
142500,517500,595.69946
142500,522500,633.67456
142500,527500,649.7021
142500,532500,742.6719
142500,537500,758.48645
142500,542500,700.72144
142500,547500,741.53174
142500,552500,799.5832
142500,557500,948.5311
142500,562500,1148.5234
142500,567500,1118.8008
142500,572500,1256.6697
142500,577500,1316.0847
142500,582500,1530.5502
142500,587500,1213.5895
142500,592500,1339.0686
142500,597500,1306.7283
142500,647500,1425.612
142500,652500,1771.3529
142500,657500,1965.9812
142500,662500,1533.6072
142500,667500,1382.0458
142500,672500,1381.5055
142500,677500,1305.5302
142500,697500,1731.9573
142500,717500,1502.4944
142500,722500,1566.2365
142500,727500,1484.7585
142500,732500,1682.6716
142500,737500,1532.2106
142500,742500,1553.4382
142500,747500,1829.0859
142500,752500,1756.7906
142500,757500,1555.0587
142500,762500,1645.4574
142500,767500,1718.4705
142500,797500,2425.047
142500,812500,1793.9984
142500,817500,1660.677
142500,822500,2144.7512
142500,827500,2237.4546
142500,832500,2158.5835
142500,837500,2046.1907
142500,842500,2007.5576
142500,847500,1851.4801
142500,852500,1463.3833
142500,857500,1406.4381
142500,862500,1562.1023
142500,867500,1546.2534
142500,872500,1975.3787
142500,912500,2038.7585
142500,917500,1781.8457
142500,922500,1640.989
142500,927500,1355.3788
142500,932500,1360.8696
142500,937500,1357.2416
142500,942500,1336.3921
142500,947500,1265.4939
142500,952500,1329.0946
142500,957500,1233.1099
147500,27500,1222.8296
147500,32500,1247.0994
147500,37500,1261.2156
147500,477500,986.1185
147500,482500,1178.1383
147500,487500,1006.6915
147500,492500,743.4564
147500,497500,713.1498
147500,502500,728.9669
147500,507500,674.47363
147500,512500,623.18024
147500,517500,624.7377
147500,522500,676.00183
147500,527500,691.7736
147500,532500,724.9389
147500,537500,705.8495
147500,542500,689.01624
147500,547500,858.7246
147500,552500,928.6761
147500,557500,1100.6146
147500,562500,1258.027
147500,567500,1208.3059
147500,572500,1350.3109
147500,577500,1220.1975
147500,652500,2077.0461
147500,657500,2294.3865
147500,662500,1520.1705
147500,667500,1326.8529
147500,672500,1282.4305
147500,677500,1351.542
147500,717500,1476.7004
147500,722500,1662.7094
147500,727500,1537.8276
147500,732500,1751.6321
147500,737500,1779.1316
147500,742500,1572.1804
147500,747500,1714.8119
147500,752500,1624.1449
147500,757500,1488.7317
147500,762500,1486.3682
147500,767500,1552.6885
147500,787500,1968.2471
147500,817500,1805.5068
147500,822500,2620.9878
147500,827500,2634.611
147500,832500,2301.389
147500,837500,2197.0454
147500,842500,2013.5631
147500,847500,1678.5922
147500,852500,1702.3923
147500,857500,1920.8518
147500,862500,1975.1638
147500,867500,1809.1158
147500,872500,2081.276
147500,932500,1471.9792
147500,937500,1408.1532
147500,942500,1383.01
147500,947500,1406.8323
147500,952500,1474.5212
147500,957500,1355.9343
147500,962500,1574.8782
152500,32500,1287.5676
152500,37500,1313.4718
152500,492500,746.3503
152500,497500,707.4631
152500,502500,651.9993
152500,507500,624.87537
152500,512500,627.4919
152500,517500,644.611
152500,522500,656.6959
152500,527500,673.8623
152500,532500,688.014
152500,542500,743.2743
152500,547500,1019.52795
152500,552500,1005.54034
152500,557500,1139.5685
152500,562500,1136.9572
152500,667500,1503.3215
152500,672500,1531.1809
152500,677500,1607.426
152500,682500,1463.576
152500,687500,1329.0361
152500,722500,1721.4147
152500,727500,1435.9955
152500,732500,1816.9277
152500,737500,1811.782
152500,742500,1567.1216
152500,747500,1564.5477
152500,752500,1520.62
152500,762500,1382.3912
152500,767500,1564.5576
152500,772500,2279.8745
152500,812500,1734.7908
152500,817500,1608.1656
152500,822500,2312.859
152500,827500,2467.4417
152500,832500,2238.9243
152500,837500,2102.039
152500,842500,1858.2416
152500,847500,1883.5139
152500,852500,2140.6008
152500,857500,2264.3218
152500,862500,2254.193
152500,932500,1634.5359
152500,942500,1628.3558
152500,947500,1678.8549
152500,952500,1709.0762
152500,957500,1625.8892
152500,962500,1668.7272
157500,27500,1102.505
157500,32500,1172.7439
157500,37500,1084.3047
157500,42500,1000.7416
157500,492500,744.4051
157500,497500,731.1363
157500,502500,622.04626
157500,507500,615.53754
157500,512500,631.2709
157500,517500,610.28357
157500,522500,596.10754
157500,527500,628.0664
157500,532500,691.3573
157500,537500,730.8442
157500,542500,730.0257
157500,547500,940.16345
157500,552500,1022.1343
157500,557500,1106.5973
157500,612500,1019.48865
157500,672500,1706.3219
157500,677500,1688.9785
157500,682500,1438.1742
157500,687500,1368.3274
157500,692500,1981.5359
157500,722500,1837.3206
157500,727500,1654.0934
157500,732500,2096.6812
157500,737500,1830.1012
157500,742500,1528.8254
157500,747500,1280.7411
157500,752500,1237.861
157500,757500,1316.8706
157500,762500,1445.3256
157500,767500,1682.6451
157500,772500,2109.6782
157500,802500,1887.0693
157500,807500,1694.592
157500,817500,1611.2068
157500,822500,2209.5903
157500,827500,2343.912
157500,832500,1882.5725
157500,837500,1805.5632
157500,842500,1706.4242
157500,847500,1703.5867
157500,957500,1642.303
162500,27500,1033.8618
162500,32500,1111.1998
162500,37500,1026.4523
162500,42500,942.5184
162500,487500,1055.4049
162500,492500,788.9137
162500,497500,706.1068
162500,502500,627.85016
162500,507500,612.42145
162500,512500,575.8857
162500,517500,586.93787
162500,522500,577.2031
162500,527500,667.10876
162500,532500,721.49524
162500,537500,771.55676
162500,547500,979.23096
162500,552500,978.9837
162500,607500,964.7858
162500,612500,1149.9656
162500,617500,1148.6823
162500,647500,1573.2056
162500,682500,1503.8533
162500,687500,1618.364
162500,692500,2070.2893
162500,697500,1917.4756
162500,722500,1924.557
162500,727500,1916.3519
162500,732500,2164.3696
162500,737500,1773.6185
162500,742500,1519.308
162500,747500,1070.2506
162500,752500,1356.3591
162500,757500,1301.1989
162500,762500,1411.2678
162500,767500,1640.0369
162500,772500,1682.7021
162500,802500,1657.7014
162500,807500,1784.0446
162500,812500,1851.3239
162500,817500,1628.3473
162500,822500,2043.4828
162500,827500,2014.5554
162500,832500,1726.5989
162500,857500,1468.2324
167500,12500,1068.1384
167500,17500,1123.886
167500,22500,991.57825
167500,27500,1066.933
167500,32500,1158.3528
167500,37500,1124.3237
167500,42500,1005.7103
167500,47500,1049.7975
167500,492500,771.4591
167500,497500,792.63
167500,502500,643.23035
167500,507500,618.3241
167500,522500,596.5461
167500,527500,729.7628
167500,532500,745.36536
167500,537500,835.215
167500,607500,1173.571
167500,612500,1182.0176
167500,617500,1263.6477
167500,622500,1037.4675
167500,627500,1000.1836
167500,632500,1118.877
167500,637500,1247.8785
167500,642500,1287.9915
167500,652500,1420.141
167500,692500,1839.8926
167500,697500,1720.9967
167500,702500,1697.9791
167500,722500,2192.1602
167500,727500,2071.9868
167500,732500,2083.0598
167500,737500,1890.0764
167500,742500,1367.4146
167500,747500,1173.4996
167500,752500,1252.6047
167500,757500,1414.4279
167500,762500,1533.9572
167500,767500,1312.3167
167500,772500,1211.7914
167500,777500,1236.8549
167500,782500,1398.4126
167500,787500,1438.7579
167500,792500,1578.1656
167500,797500,1637.4268
167500,807500,1665.9504
167500,812500,1784.9935
167500,817500,1616.425
167500,822500,1807.3268
167500,847500,1206.9377
167500,852500,1342.3923
172500,12500,1100.0146
172500,17500,1197.8987
172500,22500,1071.4067
172500,27500,1080.7666
172500,32500,1232.6418
172500,37500,1179.3699
172500,42500,1018.8413
172500,47500,983.57654
172500,52500,935.1011
172500,222500,1236.0491
172500,227500,1257.216
172500,502500,734.7399
172500,507500,715.4007
172500,512500,683.6715
172500,517500,691.03217
172500,522500,704.899
172500,527500,795.19354
172500,532500,803.846
172500,607500,1182.538
172500,612500,1188.3011
172500,617500,1341.1141
172500,622500,1150.2249
172500,627500,1124.4631
172500,632500,1298.9369
172500,637500,1290.7506
172500,642500,1263.4451
172500,647500,1365.2682
172500,652500,1330.8776
172500,662500,1194.7766
172500,667500,1279.4354
172500,672500,1263.6553
172500,677500,1241.2004
172500,682500,1252.5319
172500,687500,1424.941
172500,707500,1674.2682
172500,712500,1626.9269
172500,727500,2165.0425
172500,732500,2311.735
172500,737500,2107.5142
172500,742500,1398.4915
172500,747500,1267.1534
172500,752500,1274.3557
172500,757500,1552.8795
172500,762500,1364.3079
172500,767500,1133.154
172500,772500,1066.3479
172500,777500,1280.1824
172500,782500,1324.8214
172500,787500,1489.8096
172500,792500,1523.7562
172500,797500,1426.564
172500,802500,1433.9727
172500,807500,1623.1887
172500,817500,1522.5852
172500,822500,1676.6711
172500,827500,1532.8398
172500,837500,1025.7893
172500,842500,1094.0769
172500,847500,1274.2631
172500,852500,1448.1711
172500,857500,1638.4518
172500,867500,1272.847
172500,882500,1567.9059
172500,887500,1607.1321
177500,17500,1328.8856
177500,22500,1227.0592
177500,27500,1247.6151
177500,32500,1152.569
177500,37500,1160.258
177500,42500,1030.0032
177500,47500,991.242
177500,52500,908.49963
177500,57500,1009.43085
177500,62500,985.2377
177500,207500,1123.8702
177500,222500,1132.1964
177500,227500,1152.012
177500,512500,835.76044
177500,517500,832.66907
177500,612500,1429.8284
177500,617500,1532.0496
177500,627500,1372.9832
177500,632500,1618.9233
177500,637500,1467.2244
177500,642500,1462.9427
177500,647500,1412.7231
177500,652500,1266.305
177500,657500,1242.0453
177500,662500,1301.2616
177500,667500,1479.268
177500,672500,1440.0486
177500,677500,1407.1986
177500,682500,1390.6736
177500,687500,1356.1814
177500,692500,1337.1654
177500,697500,1253.0647
177500,702500,1368.2089
177500,707500,1413.8339
177500,712500,1467.954
177500,717500,1601.2
177500,742500,1637.5338
177500,747500,1369.5894
177500,752500,1591.4832
177500,757500,1604.5964
177500,762500,1303.6199
177500,767500,1311.1627
177500,772500,1222.306
177500,777500,1504.0164
177500,782500,1790.1951
177500,787500,1864.7444
177500,792500,1743.3352
177500,797500,1424.7183
177500,802500,1381.0631
177500,807500,1628.3717
177500,812500,1418.9031
177500,817500,1719.0996
177500,822500,1847.5935
177500,827500,1449.247
177500,832500,1203.1488
177500,837500,1085.7058
177500,842500,1434.5481
177500,847500,1589.9178
177500,852500,1598.6287
177500,857500,1515.1155
177500,862500,1030.8982
177500,867500,1128.2898
177500,872500,1363.6648
177500,877500,1307.7238
177500,882500,1506.012
177500,887500,1642.3262
177500,892500,2014.2021
182500,32500,1152.9169
182500,37500,1111.6146
182500,42500,986.5298
182500,47500,966.71564
182500,52500,943.16516
182500,57500,1084.8713
182500,62500,994.09454
182500,207500,984.4308
182500,212500,1073.388
182500,222500,1158.955
182500,227500,1259.664
182500,232500,1265.9589
182500,637500,1507.5938
182500,642500,1505.7701
182500,647500,1492.1128
182500,652500,1403.5803
182500,657500,1391.7444
182500,662500,1466.4248
182500,667500,1447.2644
182500,672500,1600.9617
182500,677500,1640.2683
182500,682500,1452.5721
182500,687500,1329.7312
182500,692500,1201.574
182500,697500,1082.3815
182500,702500,1180.2671
182500,707500,1235.0304
182500,712500,1437.823
182500,717500,1613.6204
182500,722500,1657.7903
182500,727500,1697.4583
182500,737500,1528.6107
182500,742500,1512.8031
182500,747500,1564.929
182500,752500,1777.391
182500,757500,1665.1707
182500,762500,1534.0398
182500,767500,1438.377
182500,772500,1525.1567
182500,777500,1738.1176
182500,782500,1786.4293
182500,787500,1632.5037
182500,792500,1534.1486
182500,797500,1627.3092
182500,802500,1929.1588
182500,807500,1973.9655
182500,812500,1435.9187
182500,817500,1574.3137
182500,822500,1598.4697
182500,827500,1318.7324
182500,832500,1274.4518
182500,837500,1191.8333
182500,842500,1552.1432
182500,847500,1639.9506
182500,852500,1402.8324
182500,857500,997.5957
182500,862500,1045.1833
182500,867500,1167.0315
182500,872500,1255.0203
182500,877500,1505.4193
182500,882500,1850.2719
182500,887500,1880.4719
182500,892500,1955.7412
187500,32500,1069.8748
187500,37500,1041.4269
187500,42500,1015.5936
187500,47500,936.2612
187500,52500,938.7119
187500,57500,978.2001
187500,62500,916.98083
187500,67500,1074.995
187500,72500,1086.774
187500,77500,1190.2004
187500,197500,1251.7683
187500,202500,984.318
187500,207500,1034.1195
187500,212500,926.65515
187500,217500,921.4036
187500,222500,1031.9197
187500,227500,1149.6559
187500,232500,1117.241
187500,237500,1233.4215
187500,632500,1230.1565
187500,637500,1051.2327
187500,642500,1206.1005
187500,647500,1598.8729
187500,657500,1424.711
187500,662500,1656.5707
187500,667500,1575.2383
187500,672500,1640.4353
187500,687500,1131.8357
187500,692500,1070.6094
187500,697500,1100.3552
187500,702500,1240.4109
187500,707500,1315.5316
187500,712500,1555.8
187500,717500,1653.366
187500,722500,1666.4636
187500,727500,1619.1469
187500,732500,1464.1316
187500,742500,1506.1847
187500,752500,1665.9714
187500,757500,1693.2399
187500,762500,1600.2057
187500,767500,1507.0344
187500,772500,1668.1019
187500,777500,1787.8816
187500,782500,1606.663
187500,787500,1633.4222
187500,792500,1721.0657
187500,797500,1889.7535
187500,802500,2132.5342
187500,807500,1637.5438
187500,812500,1739.9993
187500,817500,1719.6228
187500,822500,1531.3806
187500,827500,1444.2678
187500,832500,1447.9818
187500,837500,1210.8567
187500,842500,1424.6316
187500,847500,1475.6788
187500,852500,1369.267
187500,857500,1278.0361
187500,862500,1542.8395
187500,867500,1550.2386
187500,872500,1551.6565
187500,877500,1416.199
187500,882500,1546.7502
187500,887500,1474.0653
187500,892500,1773.2776
187500,897500,1646.9105
192500,37500,1098.5549
192500,42500,1138.5248
192500,47500,950.87177
192500,52500,927.33167
192500,57500,956.0524
192500,62500,952.11487
192500,67500,1060.8374
192500,72500,1028.596
192500,77500,1118.0714
192500,197500,1201.0725
192500,202500,950.0021
192500,207500,985.8039
192500,212500,928.13837
192500,217500,927.0023
192500,222500,1018.23
192500,227500,1113.7219
192500,232500,1334.792
192500,237500,1238.651
192500,622500,1079.6177
192500,627500,1191.0065
192500,632500,1297.7153
192500,637500,1268.3066
192500,642500,1586.493
192500,647500,1950.7217
192500,652500,1795.8564
192500,662500,1818.1481
192500,667500,1164.2832
192500,672500,1090.657
192500,677500,1096.8505
192500,682500,1032.1947
192500,687500,1069.0345
192500,692500,1142.1252
192500,697500,1182.7485
192500,702500,1424.0289
192500,707500,1574.6018
192500,712500,1804.2838
192500,717500,1771.5983
192500,722500,1761.9642
192500,727500,1737.8586
192500,732500,1488.8068
192500,737500,1334.685
192500,742500,1396.0385
192500,747500,1272.2504
192500,757500,1713.1139
192500,762500,1898.1426
192500,767500,1789.8899
192500,772500,1837.4717
192500,777500,1766.5221
192500,782500,1491.7739
192500,787500,1851.323
192500,792500,1899.3541
192500,797500,2031.6692
192500,802500,1969.4681
192500,807500,1724.6218
192500,812500,1904.5916
192500,817500,1943.4235
192500,822500,1508.4392
192500,827500,1609.4718
192500,832500,1580.7871
192500,837500,1408.3295
192500,842500,1469.6439
192500,847500,1550.2771
192500,852500,1502.9482
192500,857500,1474.0844
192500,862500,1787.426
192500,867500,1720.2448
192500,872500,1357.8674
192500,877500,1205.3942
192500,882500,1381.8357
192500,887500,1385.0859
192500,892500,1707.0618
197500,42500,1276.4034
197500,47500,1020.0875
197500,52500,989.42255
197500,57500,1036.6123
197500,62500,1094.8947
197500,67500,1169.3372
197500,72500,1084.7262
197500,77500,1152.2574
197500,192500,869.44543
197500,197500,923.4723
197500,202500,943.9738
197500,207500,997.08154
197500,212500,908.5586
197500,217500,880.92645
197500,222500,965.2453
197500,227500,1027.402
197500,232500,1295.8967
197500,237500,1362.409
197500,557500,932.33026
197500,562500,974.11017
197500,567500,1085.2911
197500,572500,1101.2708
197500,622500,1298.1893
197500,627500,1703.668
197500,632500,2082.8872
197500,637500,1990.3635
197500,642500,2287.0981
197500,647500,2626.927
197500,652500,2144.5164
197500,667500,1066.1691
197500,672500,1073.8347
197500,677500,1176.3844
197500,682500,1108.3798
197500,687500,1183.7234
197500,692500,1390.4221
197500,697500,1332.1443
197500,702500,1559.6462
197500,707500,1763.4486
197500,712500,1729.6582
197500,717500,1650.0164
197500,722500,1728.8636
197500,727500,1653.641
197500,732500,1255.7874
197500,737500,1090.5742
197500,742500,1278.638
197500,747500,1293.0413
197500,752500,1491.0776
197500,757500,1513.0022
197500,762500,1711.3489
197500,767500,1665.123
197500,772500,1736.596
197500,777500,1484.7524
197500,782500,1421.9221
197500,787500,1882.8499
197500,792500,1882.8037
197500,797500,2024.9359
197500,802500,1858.4938
197500,807500,1776.6262
197500,812500,2040.482
197500,817500,1789.4231
197500,822500,1729.2107
197500,827500,1731.3352
197500,832500,1728.7249
197500,837500,1589.3353
197500,842500,1664.973
197500,847500,1782.1003
197500,852500,1971.1608
197500,857500,1798.3422
197500,862500,1865.9285
197500,867500,1499.6052
197500,872500,1210.4587
197500,877500,1256.3108
197500,882500,1505.0995
197500,887500,1383.9045
197500,892500,1473.3334
197500,912500,1418.2131
197500,917500,1428.8629
202500,42500,1299.7083
202500,47500,1047.1193
202500,52500,1068.4617
202500,57500,1126.7716
202500,62500,1125.1482
202500,67500,1085.4926
202500,72500,978.30505
202500,77500,1038.5994
202500,82500,1028.4486
202500,197500,962.6302
202500,202500,998.0516
202500,207500,1034.3582
202500,212500,910.15784
202500,217500,908.6012
202500,222500,985.46594
202500,227500,1085.4838
202500,232500,1426.0844
202500,237500,1342.0867
202500,552500,912.7738
202500,557500,928.28546
202500,562500,996.5182
202500,567500,1019.72833
202500,572500,994.1917
202500,622500,1792.5188
202500,627500,2408.8135
202500,632500,2624.9417
202500,637500,2400.8376
202500,642500,2663.4343
202500,647500,2993.2288
202500,662500,1296.5166
202500,667500,1002.3384
202500,672500,1141.9167
202500,677500,1317.4763
202500,682500,1259.8328
202500,687500,1281.3755
202500,692500,1473.884
202500,697500,1610.3693
202500,702500,1476.7721
202500,707500,1633.3264
202500,712500,1533.434
202500,717500,1654.8997
202500,722500,1459.5785
202500,727500,1242.9806
202500,732500,1179.9014
202500,737500,1287.5779
202500,742500,1476.3107
202500,747500,1513.0422
202500,752500,1507.1132
202500,757500,1499.9939
202500,762500,1517.8114
202500,767500,1454.5974
202500,772500,1515.8982
202500,777500,1319.7965
202500,782500,1306.3875
202500,787500,1650.2844
202500,792500,1847.9324
202500,797500,1864.7666
202500,802500,1707.2078
202500,807500,1936.3444
202500,812500,2006.4453
202500,817500,1877.0404
202500,822500,1954.1351
202500,827500,1991.0863
202500,832500,1969.6829
202500,837500,1781.8698
202500,842500,1859.7874
202500,847500,2069.1213
202500,852500,2162.6685
202500,857500,1993.583
202500,862500,1689.4441
202500,867500,1391.1288
202500,872500,1547.5337
202500,877500,1692.554
202500,882500,1613.6249
202500,887500,1392.6907
202500,892500,1344.7644
202500,897500,1130.5938
202500,907500,1062.5454
202500,912500,1269.1508
202500,927500,1598.7502
202500,932500,1608.437
207500,52500,1175.5231
207500,57500,1070.7258
207500,62500,1090.6499
207500,67500,990.7152
207500,72500,945.8629
207500,77500,1013.4479
207500,82500,1019.19464
207500,87500,1203.2566
207500,197500,1011.43005
207500,202500,1065.7744
207500,207500,1083.1615
207500,212500,1011.9554
207500,217500,1009.4365
207500,222500,1026.3157
207500,227500,1175.9922
207500,232500,1581.6659
207500,237500,1388.4363
207500,242500,1029.5282
207500,537500,853.21387
207500,542500,839.4504
207500,547500,877.4243
207500,552500,984.1123
207500,557500,899.2367
207500,562500,804.76556
207500,567500,809.4289
207500,572500,880.1084
207500,577500,1168.5997
207500,582500,1190.9998
207500,657500,1396.5511
207500,662500,1428.0878
207500,667500,1074.2449
207500,672500,1169.7936
207500,677500,1156.6138
207500,682500,1293.0854
207500,687500,1383.24
207500,692500,1548.3337
207500,697500,1658.0383
207500,702500,1585.8063
207500,707500,1604.8735
207500,712500,1463.5355
207500,717500,1602.1166
207500,722500,1227.5189
207500,727500,1063.4962
207500,732500,1509.5519
207500,737500,1468.2119
207500,742500,1517.6884
207500,747500,1636.1187
207500,752500,1750.613
207500,757500,1664.5818
207500,762500,1308.1097
207500,767500,1316.1229
207500,772500,1494.8611
207500,777500,1276.6553
207500,782500,1450.3275
207500,787500,1618.3287
207500,792500,1527.6736
207500,797500,1585.8461
207500,802500,1576.2467
207500,807500,1907.649
207500,812500,1926.2816
207500,817500,2025.6527
207500,822500,2192.1523
207500,827500,2219.7527
207500,832500,2152.4717
207500,837500,2072.064
207500,842500,2068.2664
207500,847500,2148.6592
207500,852500,2060.771
207500,857500,1769.5332
207500,862500,1563.263
207500,867500,1478.8396
207500,872500,1738.1829
207500,877500,1800.7063
207500,882500,1655.472
207500,887500,1524.8053
207500,892500,1262.9513
207500,897500,1211.8773
207500,902500,1039.5232
207500,907500,1225.3027
207500,912500,1360.1594
207500,917500,1244.8079
207500,922500,1240.751
207500,927500,1486.2012
207500,932500,1504.8505
212500,52500,1255.4153
212500,57500,1090.8972
212500,62500,1092.1503
212500,67500,996.437
212500,72500,1033.4684
212500,77500,1156.5039
212500,82500,1293.6604
212500,87500,1481.5823
212500,92500,1312.3018
212500,97500,1181.5436
212500,197500,1091.1029
212500,202500,1157.8066
212500,207500,1180.9668
212500,212500,1113.4602
212500,217500,1093.5858
212500,222500,1070.0265
212500,227500,1264.26
212500,232500,1555.1658
212500,237500,1298.8984
212500,242500,990.0192
212500,247500,949.2744
212500,532500,1105.4832
212500,537500,1170.4124
212500,542500,1167.7485
212500,552500,1005.05774
212500,557500,761.6414
212500,562500,767.9999
212500,567500,988.04333
212500,572500,1068.2074
212500,577500,1288.721
212500,582500,1214.8402
212500,587500,1036.1395
212500,652500,1440.9972
212500,657500,1313.991
212500,662500,1359.2322
212500,667500,1071.5197
212500,672500,1265.0911
212500,677500,1443.8326
212500,682500,1515.2355
212500,687500,1589.3717
212500,692500,1625.3656
212500,697500,1456.5043
212500,702500,1392.009
212500,707500,1487.2844
212500,712500,1263.2162
212500,717500,1434.3973
212500,722500,1371.1132
212500,727500,1393.377
212500,732500,1624.5256
212500,737500,1360.0238
212500,742500,1626.8898
212500,747500,1728.1155
212500,752500,1771.3073
212500,757500,1676.4475
212500,762500,1319.3021
212500,767500,1249.9353
212500,772500,1349.7703
212500,777500,1285.5842
212500,782500,1306.802
212500,787500,1326.7278
212500,792500,1216.2814
212500,797500,1453.7369
212500,802500,1485.6199
212500,807500,1608.4929
212500,812500,1791.233
212500,817500,2134.3433
212500,822500,2111.4263
212500,827500,2215.3914
212500,832500,2105.363
212500,837500,2181.1167
212500,842500,1986.9309
212500,847500,2122.2927
212500,852500,1994.1287
212500,857500,1588.6746
212500,862500,1449.598
212500,867500,1374.4926
212500,872500,1674.1162
212500,877500,1689.8678
212500,882500,1681.8877
212500,887500,1474.9823
212500,892500,1290.1854
212500,897500,1031.5979
212500,902500,1195.8816
212500,907500,1326.4401
212500,912500,1280.194
212500,917500,1160.2294
212500,922500,1316.7585
212500,927500,1363.7898
212500,932500,1336.419
217500,52500,1209.3275
217500,57500,1072.2559
217500,62500,1135.4572
217500,67500,1086.8944
217500,72500,1244.1936
217500,77500,1449.3849
217500,82500,1512.6031
217500,87500,1522.7588
217500,92500,1295.159
217500,97500,1074.7294
217500,207500,1293.4548
217500,212500,1245.786
217500,217500,1189.1334
217500,222500,1128.5419
217500,227500,1302.4252
217500,232500,1488.2435
217500,237500,1328.0896
217500,242500,1232.9221
217500,247500,984.59753
217500,252500,884.20233
217500,327500,945.5877
217500,332500,969.69226
217500,467500,869.02966
217500,557500,792.6113
217500,562500,948.36475
217500,567500,1154.0831
217500,572500,1269.1941
217500,577500,1550.1133
217500,582500,1419.1324
217500,587500,1159.7405
217500,592500,1115.2134
217500,597500,1153.2522
217500,647500,1209.9333
217500,652500,1243.3616
217500,657500,1216.8357
217500,667500,1235.3347
217500,672500,1618.049
217500,677500,1542.0201
217500,682500,1477.4451
217500,687500,1548.8671
217500,692500,1428.472
217500,697500,1458.3607
217500,702500,1374.9164
217500,707500,1374.7382
217500,712500,1307.4385
217500,717500,1374.6029
217500,722500,1532.1702
217500,727500,1474.3992
217500,732500,1628.0201
217500,737500,1629.0703
217500,742500,1688.3756
217500,747500,1912.1589
217500,752500,1867.8342
217500,757500,1895.9916
217500,762500,1538.7
217500,767500,1354.2196
217500,772500,1551.8217
217500,777500,1416.1555
217500,782500,1270.2572
217500,787500,1110.5002
217500,792500,1205.0027
217500,797500,1467.8104
217500,802500,1368.2234
217500,807500,1485.1057
217500,812500,1784.8558
217500,817500,2061.7114
217500,822500,2049.002
217500,827500,2086.4534
217500,832500,2040.7471
217500,837500,2034.3324
217500,842500,1803.5524
217500,847500,2028.4183
217500,852500,1866.2356
217500,857500,1539.6876
217500,862500,1478.6243
217500,867500,1353.5033
217500,872500,1639.8805
217500,877500,1685.7858
217500,882500,1415.3518
217500,887500,1219.2927
217500,892500,1086.0521
217500,897500,1048.9592
217500,902500,1194.6451
217500,907500,1268.2524
217500,912500,1264.075
217500,917500,1148.1288
217500,922500,1269.3605
217500,927500,1182.4734
217500,932500,1166.3759
217500,937500,1025.0015
217500,942500,1027.2291
217500,947500,1142.4541
217500,952500,1101.7456
217500,962500,1303.9325
222500,52500,1268.2635
222500,57500,1111.1422
222500,62500,1178.0645
222500,67500,1140.0071
222500,72500,1354.4807
222500,77500,1529.9202
222500,82500,1483.2512
222500,87500,1375.3353
222500,92500,1166.8708
222500,97500,998.2169
222500,102500,866.53436
222500,107500,847.12225
222500,112500,969.17316
222500,117500,1024.4391
222500,122500,1275.1974
222500,207500,1354.0533
222500,212500,1299.6635
222500,217500,1212.5394
222500,222500,1150.8402
222500,227500,1303.5063
222500,232500,1398.1799
222500,237500,1283.4915
222500,242500,1096.4453
222500,247500,919.15967
222500,252500,861.71564
222500,327500,970.9831
222500,332500,938.8893
222500,337500,901.17615
222500,382500,1060.4868
222500,467500,802.2731
222500,472500,837.77686
222500,477500,873.7832
222500,482500,884.8578
222500,552500,1013.29785
222500,557500,890.98016
222500,562500,1027.2448
222500,567500,1144.3413
222500,572500,1299.232
222500,577500,1443.3772
222500,582500,1247.0212
222500,587500,1122.9976
222500,592500,1146.9198
222500,597500,1126.0012
222500,602500,1107.1936
222500,607500,1084.4187
222500,612500,1244.5673
222500,642500,1160.4238
222500,647500,1011.9004
222500,652500,1080.9875
222500,657500,1065.7678
222500,662500,1183.251
222500,667500,1284.8824
222500,672500,1446.9956
222500,677500,1284.9476
222500,682500,1259.2756
222500,687500,1387.217
222500,692500,1306.041
222500,697500,1385.0825
222500,702500,1302.1187
222500,707500,1425.0787
222500,712500,1602.5421
222500,717500,1704.3489
222500,722500,1696.697
222500,727500,1710.6482
222500,732500,1661.8662
222500,737500,1801.1804
222500,742500,1720.7848
222500,747500,2032.6547
222500,752500,2109.0918
222500,757500,2031.399
222500,762500,1750.6448
222500,767500,1724.8469
222500,772500,1975.267
222500,777500,1606.9677
222500,782500,1134.295
222500,787500,1100.1193
222500,792500,1350.5791
222500,797500,1499.848
222500,802500,1282.591
222500,807500,1435.5853
222500,812500,1622.9716
222500,817500,1836.3627
222500,822500,1910.3096
222500,827500,1819.2914
222500,832500,1880.9602
222500,837500,1713.4553
222500,842500,1599.6907
222500,847500,1829.6941
222500,852500,1600.5729
222500,857500,1464.0482
222500,862500,1305.4899
222500,867500,1350.1224
222500,872500,1647.04
222500,877500,1368.3801
222500,882500,1187.1996
222500,887500,1246.6658
222500,892500,1316.6382
222500,897500,1242.9294
222500,902500,1272.6118
222500,907500,1427.3909
222500,912500,1326.7806
222500,917500,1380.6389
222500,922500,1349.2548
222500,927500,1291.0013
222500,932500,1214.2046
222500,937500,986.56757
222500,942500,1071.8595
222500,947500,1093.2505
222500,952500,996.445
222500,957500,1144.1907
222500,962500,1174.639
222500,967500,1586.1859
227500,52500,1289.9612
227500,57500,1062.5361
227500,62500,1142.8878
227500,67500,1152.5038
227500,72500,1378.3193
227500,77500,1417.0605
227500,82500,1299.8513
227500,87500,1169.9082
227500,92500,1010.5215
227500,97500,941.0231
227500,102500,849.31433
227500,107500,973.4632
227500,112500,1162.8132
227500,117500,1231.324
227500,122500,1471.8486
227500,127500,1409.1473
227500,207500,1315.3583
227500,212500,1235.7076
227500,217500,1163.0917
227500,222500,1127.9221
227500,227500,1270.1614
227500,232500,1350.5385
227500,237500,1220.258
227500,242500,999.68945
227500,247500,918.11017
227500,252500,864.2355
227500,327500,1032.0942
227500,332500,1016.41797
227500,337500,988.4927
227500,377500,1116.9535
227500,382500,1095.0015
227500,467500,893.4674
227500,472500,1012.64124
227500,477500,963.1486
227500,482500,870.8626
227500,487500,882.1248
227500,547500,935.19934
227500,552500,1047.5085
227500,557500,1002.0218
227500,562500,1098.5457
227500,567500,1192.4587
227500,572500,1271.0345
227500,577500,1243.024
227500,582500,1087.902
227500,587500,1119.7202
227500,592500,1241.3611
227500,597500,1236.5992
227500,602500,1185.093
227500,607500,1103.3405
227500,612500,1129.5203
227500,617500,1123.3848
227500,642500,1133.8207
227500,647500,1075.1066
227500,652500,1245.8672
227500,657500,1456.2538
227500,662500,1761.3328
227500,667500,1726.3884
227500,672500,1603.8254
227500,677500,1275.3314
227500,682500,1024.625
227500,687500,1053.2753
227500,692500,1242.3293
227500,697500,1529.9122
227500,702500,1452.8206
227500,707500,1606.5588
227500,712500,1868.864
227500,717500,1837.7957
227500,722500,1690.6162
227500,727500,1847.1334
227500,732500,1753.5447
227500,737500,1828.2106
227500,742500,1847.4949
227500,747500,2114.7668
227500,752500,2027.751
227500,757500,1836.4875
227500,762500,1817.0916
227500,767500,1785.907
227500,772500,1913.3168
227500,777500,1650.457
227500,782500,1152.5347
227500,787500,1203.9174
227500,792500,1478.5942
227500,797500,1560.928
227500,802500,1296.2502
227500,807500,1382.454
227500,812500,1455.7429
227500,817500,1536.7145
227500,822500,1754.6084
227500,827500,1543.6161
227500,832500,1621.6648
227500,837500,1426.34
227500,842500,1530.1677
227500,847500,1671.5535
227500,852500,1430.9047
227500,857500,1315.62
227500,862500,1134.3015
227500,867500,1336.526
227500,872500,1477.2742
227500,877500,1357.6277
227500,882500,1608.2201
227500,887500,1643.2367
227500,892500,1565.8505
227500,897500,1405.1107
227500,902500,1427.9918
227500,907500,1407.8335
227500,912500,1150.0417
227500,917500,1277.8713
227500,922500,1289.9777
227500,927500,1345.3573
227500,932500,1202.8948
227500,937500,1221.142
227500,942500,1159.5681
227500,947500,1115.6927
227500,952500,1101.6403
227500,957500,1343.912
227500,962500,1399.4563
227500,967500,1617.0376
227500,972500,1478.0575
232500,52500,1290.655
232500,57500,1070.4146
232500,62500,1144.2981
232500,67500,1177.9519
232500,72500,1280.5836
232500,77500,1280.3046
232500,82500,1180.658
232500,87500,1073.4539
232500,92500,988.5882
232500,97500,967.46747
232500,102500,957.0607
232500,107500,1019.46027
232500,112500,1216.7377
232500,117500,1270.3967
232500,122500,1477.283
232500,207500,1212.858
232500,212500,1102.4294
232500,217500,1106.0215
232500,222500,1130.1882
232500,227500,1255.7081
232500,232500,1338.5651
232500,237500,1240.7694
232500,242500,979.7664
232500,247500,891.1704
232500,252500,854.41
232500,327500,1048.9211
232500,332500,987.82587
232500,337500,953.5011
232500,342500,1030.2728
232500,372500,1103.5955
232500,377500,994.9012
232500,382500,974.8408
232500,387500,1114.0348
232500,392500,1100.1913
232500,472500,1099.3462
232500,477500,966.30096
232500,482500,945.70624
232500,487500,1042.2639
232500,492500,946.8418
232500,497500,809.00574
232500,542500,1116.6182
232500,547500,960.47784
232500,552500,1134.9739
232500,557500,1040.2001
232500,562500,1080.1471
232500,567500,1134.2524
232500,572500,1149.4724
232500,577500,1123.6464
232500,582500,1173.6588
232500,587500,1333.8898
232500,592500,1498.2871
232500,597500,1450.563
232500,602500,1434.0977
232500,607500,1290.8815
232500,612500,1201.7238
232500,617500,1107.5686
232500,622500,1019.46497
232500,627500,1092.5216
232500,632500,1066.8611
232500,637500,1138.6146
232500,642500,1210.7517
232500,647500,1227.0183
232500,652500,1455.6588
232500,657500,1583.1023
232500,662500,1898.9105
232500,667500,1791.2063
232500,672500,1538.4817
232500,677500,979.31024
232500,682500,979.7047
232500,687500,1076.69
232500,692500,1475.7546
232500,697500,1533.6289
232500,702500,1524.1626
232500,707500,1573.2753
232500,712500,1760.3435
232500,717500,1823.1321
232500,722500,1883.0592
232500,727500,1947.6213
232500,732500,1649.0303
232500,737500,1597.4557
232500,742500,1835.5875
232500,747500,1993.4006
232500,752500,1745.5785
232500,757500,1638.0767
232500,762500,1668.9681
232500,767500,1703.1855
232500,772500,1830.8743
232500,777500,1632.7797
232500,782500,1073.53
232500,787500,1235.1829
232500,792500,1377.322
232500,797500,1404.5095
232500,802500,1365.9373
232500,807500,1326.4824
232500,812500,1344.5217
232500,817500,1327.4017
232500,822500,1528.766
232500,827500,1377.3484
232500,832500,1327.1459
232500,837500,1307.634
232500,842500,1388.2394
232500,847500,1456.9843
232500,852500,1315.3802
232500,857500,1141.9968
232500,862500,1009.15686
232500,867500,1206.4954
232500,872500,1250.9794
232500,877500,1550.1803
232500,882500,1769.9883
232500,887500,1750.4225
232500,892500,1668.0955
232500,897500,1449.585
232500,902500,1353.7092
232500,907500,1229.1321
232500,912500,1224.102
232500,917500,1495.0603
232500,922500,1659.2096
232500,927500,1450.4165
232500,932500,1408.801
232500,937500,1265.7537
232500,942500,1130.76
232500,947500,1277.3099
232500,952500,1303.603
232500,957500,1554.802
232500,962500,1602.0422
232500,967500,1866.6345
232500,972500,1607.08
237500,52500,1267.0092
237500,57500,988.2902
237500,62500,1040.4495
237500,67500,1014.2499
237500,72500,1126.0392
237500,77500,1095.6614
237500,82500,1039.7535
237500,87500,964.36584
237500,92500,929.09393
237500,97500,956.28046
237500,102500,997.35364
237500,107500,1055.1471
237500,112500,1177.6858
237500,117500,1193.0751
237500,122500,1271.659
237500,202500,1033.9144
237500,207500,1129.232
237500,212500,1110.1473
237500,217500,1150.6036
237500,222500,1184.8558
237500,227500,1296.0442
237500,232500,1390.6685
237500,237500,1278.668
237500,242500,986.3542
237500,247500,976.0734
237500,252500,983.1494
237500,257500,1031.904
237500,337500,900.3495
237500,342500,1041.254
237500,347500,1068.26
237500,367500,975.26306
237500,372500,988.92255
237500,377500,963.4525
237500,382500,979.06134
237500,387500,1198.5297
237500,392500,1108.6282
237500,472500,1235.2032
237500,477500,905.8493
237500,482500,1035.5062
237500,487500,1218.5066
237500,492500,1056.8611
237500,497500,771.88513
237500,502500,890.30145
237500,537500,1031.4993
237500,542500,870.4015
237500,547500,1010.3633
237500,552500,1122.6519
237500,557500,979.0885
237500,562500,1002.2658
237500,567500,999.14294
237500,572500,1052.2914
237500,577500,1136.746
237500,582500,1227.5363
237500,587500,1519.0562
237500,592500,1740.4785
237500,597500,1705.4957
237500,602500,1498.4929
237500,607500,1266.6641
237500,612500,1184.0437
237500,617500,1110.5707
237500,622500,1020.8024
237500,627500,965.3273
237500,632500,993.3363
237500,637500,1043.2856
237500,642500,1122.3215
237500,647500,1188.7815
237500,652500,1380.1327
237500,657500,1502.207
237500,662500,1634.5182
237500,667500,1499.5735
237500,672500,1245.3448
237500,677500,948.82697
237500,682500,1053.0225
237500,687500,1114.8164
237500,692500,1281.3464
237500,697500,1154.1633
237500,702500,1328.3152
237500,707500,1361.0448
237500,712500,1340.323
237500,717500,1580.9862
237500,722500,1938.9027
237500,727500,1599.3577
237500,732500,1552.582
237500,737500,1736.4941
237500,742500,1836.1042
237500,747500,1811.1957
237500,752500,1502.049
237500,757500,1551.1042
237500,762500,1563.5278
237500,767500,1473.2584
237500,772500,1705.7354
237500,777500,1551.3156
237500,782500,1101.5441
237500,787500,1439.1521
237500,792500,1473.6157
237500,797500,1400.9186
237500,802500,1399.1104
237500,807500,1249.4359
237500,812500,1244.1116
237500,817500,1206.8043
237500,822500,1337.0629
237500,827500,1240.7009
237500,832500,1081.1631
237500,837500,1117.0845
237500,842500,1151.2205
237500,847500,1251.4028
237500,852500,1085.0787
237500,857500,915.9435
237500,862500,848.35126
237500,867500,1065.9199
237500,872500,1117.6882
237500,877500,1470.6431
237500,882500,1707.0051
237500,887500,1721.3783
237500,892500,1590.7059
237500,897500,1382.164
237500,902500,1040.9197
237500,907500,1109.3314
237500,912500,1319.8069
237500,917500,1546.4133
237500,922500,1641.8776
237500,927500,1508.4109
237500,932500,1410.3904
237500,937500,1316.3112
237500,942500,1534.0742
237500,947500,1617.3131
237500,952500,1494.1344
237500,957500,1577.9714
237500,962500,1506.4574
237500,967500,1783.0554
242500,52500,883.5741
242500,57500,964.6204
242500,62500,1025.5205
242500,67500,984.34973
242500,72500,1021.2126
242500,77500,1002.912
242500,82500,1059.471
242500,87500,1025.4246
242500,92500,1009.0226
242500,97500,1052.4034
242500,102500,1092.4811
242500,107500,1073.1847
242500,112500,1091.5555
242500,117500,1105.0394
242500,122500,1067.763
242500,127500,876.1966
242500,187500,1055.4846
242500,192500,1099.533
242500,202500,947.96173
242500,207500,1053.1863
242500,212500,1106.397
242500,217500,1131.3376
242500,222500,1189.1311
242500,227500,1287.0459
242500,232500,1386.3615
242500,237500,1324.6511
242500,242500,1074.9677
242500,247500,1078.7834
242500,252500,1099.0658
242500,257500,1070.7859
242500,337500,911.77374
242500,342500,1019.19305
242500,347500,1151.8438
242500,352500,1033.7107
242500,357500,1182.4353
242500,362500,1123.1611
242500,367500,1047.4026
242500,372500,1087.6287
242500,377500,1070.4019
242500,382500,1088.4744
242500,387500,1282.224
242500,392500,1191.8851
242500,477500,1030.4156
242500,482500,1192.9456
242500,487500,1293.8414
242500,492500,1230.3557
242500,497500,822.65735
242500,502500,834.44855
242500,537500,1113.5116
242500,542500,979.7594
242500,547500,1058.4829
242500,552500,1091.9224
242500,557500,945.92615
242500,562500,960.5299
242500,567500,950.0319
242500,572500,1102.2417
242500,577500,1463.9968
242500,582500,1519.6243
242500,587500,2052.5652
242500,592500,2047.1129
242500,597500,1745.6586
242500,602500,1520.5944
242500,607500,1309.5176
242500,612500,1200.8826
242500,617500,1164.235
242500,622500,994.86017
242500,627500,958.008
242500,632500,1050.9285
242500,637500,1046.2449
242500,642500,1070.6078
242500,647500,1239.3269
242500,652500,1410.2814
242500,657500,1468.0513
242500,662500,1465.5944
242500,667500,1209.1235
242500,672500,966.2806
242500,677500,907.14825
242500,682500,1026.4437
242500,687500,969.7049
242500,692500,935.09357
242500,697500,1292.6385
242500,702500,1345.6829
242500,707500,1288.6929
242500,712500,1333.0891
242500,717500,1569.0286
242500,722500,1819.2496
242500,727500,1654.7252
242500,732500,1707.8812
242500,737500,1837.9229
242500,742500,1769.9613
242500,747500,1746.2533
242500,752500,1500.5388
242500,757500,1371.1023
242500,762500,1293.828
242500,767500,1482.6831
242500,772500,1630.7311
242500,777500,1568.7983
242500,782500,1315.2644
242500,787500,1636.9622
242500,792500,1565.0481
242500,797500,1346.306
242500,802500,1408.1053
242500,807500,1291.9672
242500,812500,1175.0305
242500,817500,1122.6926
242500,822500,1260.7507
242500,827500,1198.0907
242500,832500,934.02313
242500,837500,941.9878
242500,842500,940.81433
242500,847500,995.24817
242500,852500,903.62646
242500,857500,662.98315
242500,862500,582.9869
242500,867500,867.0939
242500,872500,1012.5934
242500,877500,1376.8287
242500,882500,1610.2498
242500,887500,1633.2693
242500,892500,1392.5001
242500,897500,1208.3229
242500,902500,935.97986
242500,907500,1093.9515
242500,912500,1147.1381
242500,917500,1283.5647
242500,922500,1318.4738
242500,927500,1214.546
242500,932500,1335.6326
242500,937500,1640.4137
242500,942500,1643.1716
242500,947500,1443.7386
242500,952500,1416.3748
242500,957500,1505.5614
242500,962500,1279.075
242500,967500,1618.3873
247500,52500,891.66064
247500,57500,930.1156
247500,62500,1001.9465
247500,67500,980.09064
247500,72500,977.5073
247500,77500,1059.8901
247500,82500,1130.0347
247500,87500,1134.043
247500,92500,1100.6195
247500,97500,1152.7394
247500,102500,1118.6708
247500,107500,1029.9371
247500,112500,1045.3059
247500,117500,1015.9637
247500,122500,970.41534
247500,127500,851.2059
247500,132500,822.6255
247500,137500,794.59705
247500,142500,1088.1702
247500,147500,1108.666
247500,187500,1011.717
247500,192500,1051.0928
247500,202500,921.5187
247500,207500,1074.0199
247500,212500,1124.8542
247500,217500,1141.5017
247500,222500,1102.3145
247500,227500,1228.4943
247500,232500,1324.9601
247500,237500,1319.415
247500,242500,1129.4304
247500,247500,1117.0651
247500,252500,1118.1263
247500,257500,1039.6849
247500,262500,818.6063
247500,337500,965.2134
247500,342500,1069.5902
247500,347500,1236.3596
247500,352500,1159.2739
247500,357500,1112.7185
247500,362500,1058.9775
247500,367500,1039.1112
247500,372500,1079.7429
247500,377500,1114.6057
247500,382500,1128.1454
247500,387500,1354.5647
247500,392500,1242.6929
247500,487500,1455.6294
247500,492500,1396.8958
247500,502500,879.4764
247500,537500,1189.6569
247500,542500,1018.87823
247500,547500,1010.6483
247500,557500,881.4017
247500,562500,895.09534
247500,567500,1170.4049
247500,572500,1439.6741
247500,577500,1799.9131
247500,582500,1814.4945
247500,587500,2172.1113
247500,592500,1984.6687
247500,597500,1643.1863
247500,602500,1546.4921
247500,607500,1407.5027
247500,612500,1358.23
247500,617500,1305.3242
247500,622500,1069.1919
247500,627500,1016.9368
247500,632500,1094.6257
247500,637500,1086.1604
247500,642500,1192.0206
247500,647500,1404.8171
247500,652500,1590.1252
247500,657500,1545.5911
247500,662500,1377.3058
247500,667500,1013.22235
247500,672500,863.2889
247500,677500,1020.9225
247500,682500,1095.9822
247500,687500,911.0355
247500,692500,1085.458
247500,697500,1299.1003
247500,702500,1101.6399
247500,707500,1207.8162
247500,712500,1345.885
247500,717500,1626.8778
247500,722500,1772.9629
247500,727500,1618.2955
247500,732500,1643.4111
247500,737500,1675.6312
247500,742500,1602.2047
247500,747500,1647.198
247500,752500,1494.3501
247500,757500,1234.543
247500,762500,1368.9211
247500,767500,1426.6586
247500,772500,1627.2946
247500,777500,1614.196
247500,782500,1589.0917
247500,787500,1634.2131
247500,792500,1558.1084
247500,797500,1352.1252
247500,802500,1615.6506
247500,807500,1519.9681
247500,812500,1282.27
247500,817500,1121.3717
247500,822500,1200.8138
247500,827500,1150.4032
247500,832500,850.22626
247500,837500,798.6552
247500,842500,744.1784
247500,847500,737.0387
247500,852500,679.9354
247500,857500,526.1277
247500,862500,590.31116
247500,867500,1028.5996
247500,872500,1176.229
247500,877500,1351.3151
247500,882500,1420.4578
247500,887500,1367.2827
247500,892500,1115.0126
247500,897500,1029.836
247500,902500,791.4143
247500,907500,898.1623
247500,912500,1035.1011
247500,917500,1057.835
247500,922500,1011.5907
247500,927500,1108.2563
247500,932500,1399.5212
247500,937500,1496.5327
247500,942500,1280.6145
247500,947500,1133.0059
247500,952500,1132.1968
247500,957500,1185.4471
247500,962500,1049.3059
252500,47500,1119.4529
252500,52500,887.8503
252500,57500,914.83606
252500,62500,1014.76025
252500,67500,1037.3944
252500,72500,1050.0911
252500,77500,1176.968
252500,82500,1232.0474
252500,87500,1278.8342
252500,92500,1282.9249
252500,97500,1232.3008
252500,102500,1110.2712
252500,107500,998.31836
252500,112500,941.5929
252500,117500,873.3501
252500,122500,873.23645
252500,127500,837.6473
252500,132500,778.6203
252500,137500,784.63086
252500,142500,1160.4017
252500,147500,1155.9231
252500,187500,1016.7653
252500,192500,1067.9711
252500,197500,862.87683
252500,202500,941.5485
252500,207500,1148.0184
252500,212500,1179.1614
252500,217500,1160.0452
252500,222500,1122.282
252500,227500,1279.7205
252500,232500,1309.8245
252500,237500,1303.9397
252500,242500,1255.7628
252500,247500,1141.5842
252500,252500,1192.7197
252500,257500,1000.933
252500,262500,854.6035
252500,267500,950.85876
252500,337500,1028.4861
252500,342500,1060.4504
252500,347500,1350.6854
252500,352500,1410.7341
252500,357500,1277.4452
252500,362500,1117.8647
252500,367500,1103.8834
252500,372500,1107.2811
252500,377500,1231.868
252500,382500,1209.8453
252500,552500,1015.63416
252500,557500,1093.073
252500,562500,1255.5271
252500,567500,1588.0745
252500,572500,1796.5168
252500,577500,1730.4896
252500,582500,1764.07
252500,587500,1935.7946
252500,592500,1750.7809
252500,597500,1421.151
252500,602500,1449.3678
252500,607500,1598.291
252500,612500,1525.1741
252500,617500,1397.3501
252500,622500,1121.2706
252500,627500,1041.4944
252500,632500,1122.9569
252500,637500,1187.7904
252500,642500,1343.2217
252500,647500,1581.9592
252500,652500,1711.0013
252500,657500,1493.9254
252500,662500,1222.4788
252500,667500,908.0959
252500,672500,923.16846
252500,677500,1054.2155
252500,682500,1103.2246
252500,687500,980.47784
252500,692500,1122.05
252500,697500,1090.6809
252500,702500,1058.4753
252500,707500,1069.1962
252500,712500,1432.7874
252500,717500,1565.1472
252500,722500,1488.9896
252500,727500,1534.5216
252500,732500,1372.9841
252500,737500,1331.1664
252500,742500,1567.114
252500,747500,1503.8435
252500,752500,1430.5115
252500,757500,1132.0186
252500,762500,1174.2659
252500,767500,1480.7672
252500,772500,1894.5902
252500,777500,1731.3678
252500,782500,1665.0453
252500,787500,1523.5641
252500,792500,1350.0771
252500,797500,1211.1713
252500,802500,1659.7112
252500,807500,1580.1565
252500,812500,1415.11
252500,817500,1147.3907
252500,822500,1053.5643
252500,827500,1016.71954
252500,832500,733.5573
252500,837500,688.6235
252500,842500,630.78436
252500,847500,563.7347
252500,852500,523.0766
252500,857500,473.82806
252500,862500,623.8158
252500,867500,1040.1526
252500,872500,1091.8499
252500,877500,1149.0669
252500,882500,1167.3538
252500,887500,1081.1606
252500,892500,882.7919
252500,897500,796.21497
252500,902500,674.17523
252500,907500,861.7147
252500,912500,909.11084
252500,917500,777.454
252500,922500,852.9079
252500,927500,1038.9143
252500,932500,1287.1565
252500,937500,1190.656
252500,942500,1072.841
252500,947500,1091.3469
252500,952500,1059.2107
252500,957500,1046.9716
252500,962500,918.0665
252500,967500,1261.0083
257500,47500,1096.7249
257500,52500,947.4337
257500,57500,956.91425
257500,62500,1131.1542
257500,67500,1298.3676
257500,72500,1383.5353
257500,77500,1573.5387
257500,82500,1610.2303
257500,87500,1658.4856
257500,92500,1557.7834
257500,97500,1274.6702
257500,102500,1068.5823
257500,107500,929.08856
257500,112500,850.0963
257500,117500,873.5083
257500,122500,912.63605
257500,127500,830.3088
257500,132500,768.6317
257500,137500,863.6961
257500,142500,1266.0507
257500,147500,1169.0562
257500,187500,1011.87823
257500,192500,1112.3318
257500,197500,927.7427
257500,202500,988.30225
257500,207500,1199.7312
257500,212500,1213.8726
257500,217500,1216.9731
257500,222500,1144.9484
257500,227500,1243.4794
257500,232500,1366.4595
257500,237500,1305.301
257500,242500,1236.0847
257500,247500,1111.8865
257500,252500,1081.3767
257500,257500,952.93866
257500,262500,925.20703
257500,267500,959.307
257500,272500,855.507
257500,277500,966.8707
257500,282500,936.6279
257500,297500,907.27576
257500,302500,915.6625
257500,307500,945.7125
257500,322500,1054.6886
257500,327500,1094.1687
257500,332500,1040.6869
257500,337500,1087.2234
257500,342500,1280.4728
257500,347500,1611.445
257500,352500,1596.0615
257500,357500,1514.881
257500,362500,1286.4856
257500,367500,1215.5936
257500,372500,1126.3302
257500,377500,1293.0211
257500,382500,1187.4213
257500,552500,1198.1619
257500,557500,1289.9108
257500,562500,1531.6443
257500,567500,1663.8031
257500,572500,1757.9104
257500,577500,1702.2053
257500,582500,1717.9902
257500,587500,1614.044
257500,592500,1293.3774
257500,597500,1354.3154
257500,602500,1578.0491
257500,607500,1710.0365
257500,612500,1599.3972
257500,617500,1383.7864
257500,622500,1134.846
257500,627500,1088.9885
257500,632500,1279.8435
257500,637500,1378.3029
257500,642500,1493.5364
257500,647500,1715.7728
257500,652500,1682.8796
257500,657500,1364.532
257500,662500,1081.2621
257500,667500,869.9574
257500,672500,924.7739
257500,677500,907.5158
257500,682500,1160.7126
257500,687500,1155.5115
257500,692500,1092.4548
257500,697500,972.97473
257500,702500,948.7775
257500,707500,1079.9551
257500,712500,1383.4863
257500,717500,1483.125
257500,722500,1282.0791
257500,727500,1365.4255
257500,732500,1124.1564
257500,737500,1097.2507
257500,742500,1476.0577
257500,747500,1307.1587
257500,752500,1254.4783
257500,757500,1019.43085
257500,762500,1052.2721
257500,767500,1446.7233
257500,772500,1666.5696
257500,777500,1592.4991
257500,782500,1523.9803
257500,787500,1314.3569
257500,792500,1064.0759
257500,797500,1068.2064
257500,802500,1538.6855
257500,807500,1509.1183
257500,812500,1417.5752
257500,817500,1168.5266
257500,822500,912.1266
257500,827500,816.33466
257500,832500,668.10724
257500,837500,624.4076
257500,842500,518.2948
257500,847500,450.75522
257500,852500,414.04608
257500,857500,447.72104
257500,862500,567.6313
257500,867500,763.1032
257500,872500,829.65643
257500,877500,815.30133
257500,882500,918.44495
257500,887500,840.6708
257500,892500,640.29645
257500,897500,594.0566
257500,902500,721.908
257500,907500,783.1654
257500,912500,715.6769
257500,917500,651.08435
257500,922500,766.7305
257500,927500,1013.0159
257500,932500,1151.8359
257500,937500,979.5746
257500,942500,903.1165
257500,947500,945.05664
257500,952500,1012.1082
257500,957500,1059.2958
257500,962500,982.8573
262500,47500,1097.6528
262500,52500,1004.77527
262500,57500,1046.9038
262500,62500,1362.8152
262500,67500,1705.6442
262500,72500,1782.5398
262500,77500,1875.7122
262500,82500,1989.2913
262500,87500,1959.0303
262500,92500,1676.2842
262500,97500,1216.2496
262500,102500,966.7365
262500,107500,862.45325
262500,112500,871.7303
262500,117500,902.3939
262500,122500,853.3237
262500,127500,767.0562
262500,132500,804.437
262500,137500,969.2124
262500,142500,1320.5354
262500,147500,1253.0002
262500,187500,1007.3846
262500,192500,1078.5857
262500,197500,929.67303
262500,202500,944.36755
262500,207500,1184.5476
262500,212500,1208.0472
262500,217500,1227.285
262500,222500,1153.7966
262500,227500,1207.6321
262500,232500,1306.6681
262500,237500,1219.6537
262500,242500,1182.6149
262500,247500,1094.8252
262500,252500,1087.2101
262500,257500,1050.2189
262500,262500,1044.2485
262500,267500,1088.8163
262500,272500,992.98035
262500,277500,912.0493
262500,282500,849.72577
262500,287500,864.76904
262500,292500,836.412
262500,297500,765.7561
262500,302500,870.97473
262500,307500,901.641
262500,312500,984.554
262500,317500,885.78796
262500,322500,1091.4159
262500,327500,1132.2479
262500,332500,1219.2925
262500,337500,1249.1187
262500,342500,1358.2336
262500,347500,1669.4961
262500,352500,1848.7151
262500,357500,1836.665
262500,362500,1580.797
262500,367500,1409.281
262500,372500,1208.9133
262500,377500,1224.9674
262500,382500,1114.8145
262500,547500,1092.063
262500,552500,1270.2524
262500,557500,1247.299
262500,562500,1524.3729
262500,567500,1630.0793
262500,572500,1565.5927
262500,577500,1478.6239
262500,582500,1358.847
262500,587500,1313.5977
262500,592500,1244.8806
262500,597500,1511.7699
262500,602500,1758.7533
262500,607500,1791.3353
262500,612500,1577.7527
262500,617500,1287.8699
262500,622500,1216.2787
262500,627500,1266.1521
262500,632500,1492.7507
262500,637500,1541.3337
262500,642500,1597.5774
262500,647500,1704.8805
262500,652500,1561.4784
262500,657500,1239.2527
262500,662500,1004.2341
262500,667500,874.5544
262500,672500,916.131
262500,677500,942.7419
262500,682500,1398.0071
262500,687500,1278.5103
262500,692500,1080.0027
262500,697500,881.7578
262500,702500,912.12616
262500,707500,1025.0306
262500,712500,1131.4738
262500,717500,1489.5563
262500,722500,1261.9562
262500,727500,1144.7891
262500,732500,1077.5684
262500,737500,961.4048
262500,742500,1272.4403
262500,747500,1069.6941
262500,752500,1042.3394
262500,757500,955.1297
262500,762500,974.9009
262500,767500,1335.529
262500,772500,1467.3656
262500,777500,1407.7059
262500,782500,1417.1921
262500,787500,1177.7926
262500,792500,969.15234
262500,797500,1081.8916
262500,802500,1545.2307
262500,807500,1629.5066
262500,812500,1648.101
262500,817500,1380.8278
262500,822500,1070.879
262500,827500,886.97363
262500,832500,674.94336
262500,837500,629.57385
262500,842500,520.4901
262500,847500,399.33643
262500,852500,385.27637
262500,857500,431.68213
262500,862500,479.73688
262500,867500,593.3363
262500,872500,618.9335
262500,877500,633.3154
262500,882500,734.3786
262500,887500,620.3581
262500,892500,411.14478
262500,897500,474.9572
262500,902500,628.2379
262500,907500,615.8788
262500,912500,661.3823
262500,917500,683.25543
262500,922500,939.58606
262500,927500,1179.7328
262500,932500,1112.7385
262500,937500,883.4393
262500,942500,847.36786
262500,947500,829.66046
262500,952500,805.1414
262500,957500,882.6471
262500,962500,836.95935
267500,37500,961.3431
267500,42500,1023.72156
267500,47500,1158.0171
267500,52500,1077.382
267500,57500,1246.4336
267500,62500,1625.3732
267500,67500,1859.9863
267500,72500,1802.6816
267500,77500,1824.8145
267500,82500,1932.7263
267500,87500,1796.778
267500,92500,1461.333
267500,97500,1072.9108
267500,102500,909.64435
267500,107500,852.95764
267500,112500,844.9584
267500,117500,838.7877
267500,122500,859.14453
267500,127500,836.66736
267500,132500,912.14856
267500,137500,1079.2527
267500,142500,1395.0153
267500,147500,1356.8636
267500,192500,1089.1443
267500,197500,958.5007
267500,202500,1003.72815
267500,207500,1235.1072
267500,212500,1196.9513
267500,217500,1220.9219
267500,222500,1289.1746
267500,227500,1212.2344
267500,232500,1148.2062
267500,237500,1139.6096
267500,242500,1127.0486
267500,247500,1093.9507
267500,252500,1162.6738
267500,257500,1178.7535
267500,262500,1185.7717
267500,267500,1226.6613
267500,272500,1095.3451
267500,277500,976.08826
267500,282500,953.60675
267500,287500,1008.9347
267500,292500,1049.2185
267500,297500,951.213
267500,302500,1198.5668
267500,307500,1168.8418
267500,312500,1298.1873
267500,317500,1209.1458
267500,322500,1562.3204
267500,327500,1699.24
267500,332500,1650.2654
267500,337500,1546.2842
267500,342500,1520.3531
267500,347500,2064.745
267500,352500,2080.8162
267500,357500,2024.8025
267500,362500,1777.6635
267500,367500,1626.2078
267500,372500,1275.3933
267500,547500,1172.7527
267500,552500,1352.6317
267500,557500,1340.6885
267500,562500,1531.2645
267500,567500,1454.2961
267500,572500,1320.823
267500,577500,1211.3665
267500,582500,1200.5773
267500,587500,1272.6832
267500,592500,1329.5251
267500,597500,1526.3896
267500,602500,1726.3125
267500,607500,1756.0154
267500,612500,1512.199
267500,617500,1258.8389
267500,622500,1331.1887
267500,627500,1383.0037
267500,632500,1476.2375
267500,637500,1573.2522
267500,642500,1566.8676
267500,647500,1546.3661
267500,652500,1420.9546
267500,657500,1142.8881
267500,662500,936.2472
267500,667500,922.3542
267500,672500,958.6489
267500,677500,1052.8574
267500,682500,1501.4395
267500,687500,1296.6547
267500,692500,1158.2203
267500,697500,821.171
267500,702500,808.32825
267500,707500,911.6261
267500,712500,1255.155
267500,717500,1465.9896
267500,722500,1171.0662
267500,727500,985.04083
267500,732500,1074.493
267500,737500,1036.348
267500,742500,1156.2052
267500,747500,987.3299
267500,752500,1060.7533
267500,757500,944.546
267500,762500,931.79895
267500,767500,1169.0906
267500,772500,1149.6415
267500,777500,1283.0374
267500,782500,1385.992
267500,787500,1108.4165
267500,792500,967.98816
267500,797500,1041.8306
267500,802500,1344.8549
267500,807500,1544.1083
267500,812500,1724.6846
267500,817500,1519.4673
267500,822500,1258.4318
267500,827500,964.69025
267500,832500,705.2056
267500,837500,615.1692
267500,842500,515.02246
267500,847500,443.23047
267500,852500,386.41354
267500,857500,440.35995
267500,862500,473.68
267500,867500,488.60538
267500,872500,508.01733
267500,877500,550.9888
267500,882500,591.51587
267500,887500,442.19156
267500,892500,378.01254
267500,897500,486.04492
267500,902500,624.2551
267500,907500,601.36896
267500,912500,693.59875
267500,917500,781.172
267500,922500,972.8903
267500,927500,1185.369
267500,932500,1042.0265
267500,937500,791.1891
267500,942500,733.47
267500,947500,750.7612
267500,952500,748.978
267500,957500,832.16046
267500,962500,765.8663
272500,37500,922.5407
272500,42500,1006.1712
272500,47500,1121.6246
272500,52500,1158.6387
272500,57500,1357.9734
272500,62500,1611.6984
272500,67500,1647.9412
272500,72500,1489.2985
272500,77500,1629.6921
272500,82500,1652.8916
272500,87500,1454.4333
272500,92500,1172.6008
272500,97500,924.3494
272500,102500,826.41437
272500,107500,773.97894
272500,112500,765.8989
272500,117500,826.98474
272500,122500,907.66125
272500,127500,894.12384
272500,132500,997.7787
272500,137500,1275.9493
272500,142500,1615.0964
272500,147500,1452.344
272500,192500,1034.7178
272500,197500,975.3613
272500,202500,1105.5916
272500,207500,1298.7644
272500,212500,1242.2277
272500,217500,1404.7527
272500,222500,1469.8104
272500,227500,1261.5305
272500,232500,1137.8629
272500,237500,1137.1375
272500,242500,1224.6517
272500,247500,1268.3033
272500,252500,1334.3473
272500,257500,1263.6254
272500,262500,1253.1287
272500,267500,1225.2883
272500,272500,1155.3151
272500,277500,1139.2228
272500,282500,1216.8
272500,287500,1272.3572
272500,292500,1409.4285
272500,297500,1174.8713
272500,302500,1232.5886
272500,307500,1305.5847
272500,312500,1428.6287
272500,317500,1346.6633
272500,322500,1495.6991
272500,327500,1617.0281
272500,332500,1677.5826
272500,337500,1600.0374
272500,342500,1810.4769
272500,347500,2267.639
272500,352500,2135.713
272500,357500,1982.4125
272500,362500,1916.3158
272500,367500,1792.2795
272500,372500,1346.548
272500,377500,1275.4597
272500,547500,1189.6636
272500,552500,1140.4703
272500,557500,1299.4037
272500,562500,1317.2573
272500,567500,1215.3002
272500,572500,1174.6046
272500,577500,1236.3707
272500,582500,1313.5781
272500,587500,1366.815
272500,592500,1383.7552
272500,597500,1529.5446
272500,602500,1698.2429
272500,607500,1692.0635
272500,612500,1344.8475
272500,617500,1292.0472
272500,622500,1475.8171
272500,627500,1496.1786
272500,632500,1535.2212
272500,637500,1608.1849
272500,642500,1485.3181
272500,647500,1390.2871
272500,652500,1266.3861
272500,657500,994.3229
272500,662500,875.5873
272500,667500,932.3779
272500,672500,1001.5542
272500,677500,1132.093
272500,682500,1464.7643
272500,687500,1299.9028
272500,692500,1174.1282
272500,697500,763.5169
272500,702500,707.3123
272500,707500,932.6354
272500,712500,1373.5491
272500,717500,1371.814
272500,722500,981.8802
272500,727500,849.6981
272500,732500,1017.5506
272500,737500,1075.4097
272500,742500,1019.35046
272500,747500,851.2503
272500,752500,976.6086
272500,757500,885.61096
272500,762500,787.98254
272500,767500,954.5783
272500,772500,943.9567
272500,777500,1191.5525
272500,782500,1377.6433
272500,787500,1139.4502
272500,792500,962.79944
272500,797500,918.70496
272500,802500,1051.6982
272500,807500,1283.3715
272500,812500,1480.9524
272500,817500,1301.7516
272500,822500,1198.5365
272500,827500,957.27606
272500,832500,716.77106
272500,837500,605.3172
272500,842500,512.1545
272500,847500,435.60815
272500,857500,466.76587
272500,862500,491.1476
272500,867500,492.5957
272500,872500,483.44565
272500,877500,458.60684
272500,882500,487.8751
272500,887500,355.26288
272500,892500,383.35907
272500,897500,473.14337
272500,902500,546.14044
272500,907500,571.61755
272500,912500,737.1117
272500,917500,850.034
272500,922500,1013.18536
272500,927500,1118.6212
272500,932500,900.0521
272500,937500,685.63947
272500,942500,655.3428
272500,947500,726.663
272500,952500,716.5265
272500,957500,765.974
272500,962500,713.3768
277500,37500,1228.0161
277500,42500,1067.0654
277500,47500,1201.2109
277500,52500,1259.3115
277500,57500,1390.1656
277500,62500,1467.6793
277500,67500,1323.7555
277500,72500,1267.5801
277500,77500,1322.5309
277500,82500,1202.0559
277500,87500,1105.165
277500,92500,921.9694
277500,97500,781.6427
277500,102500,698.7174
277500,107500,712.57104
277500,112500,770.42816
277500,117500,848.6136
277500,122500,966.141
277500,127500,969.71173
277500,132500,1191.5455
277500,137500,1517.4009
277500,142500,1727.4447
277500,147500,1517.2736
277500,182500,1100.952
277500,187500,862.27527
277500,192500,1037.0806
277500,197500,1064.1958
277500,202500,1223.1974
277500,207500,1377.994
277500,212500,1220.1545
277500,217500,1487.6838
277500,222500,1592.866
277500,227500,1384.0931
277500,232500,1214.8181
277500,237500,1187.7448
277500,242500,1275.4122
277500,247500,1359.3682
277500,252500,1490.4419
277500,257500,1478.3016
277500,262500,1415.721
277500,267500,1370.2598
277500,272500,1393.053
277500,277500,1414.6641
277500,282500,1579.8364
277500,287500,1634.6853
277500,292500,1787.6244
277500,297500,1430.1832
277500,302500,1286.174
277500,307500,1320.3176
277500,312500,1430.9248
277500,317500,1422.7468
277500,322500,1363.8213
277500,327500,1543.2511
277500,332500,1708.3298
277500,337500,1794.9316
277500,342500,2105.0833
277500,347500,2259.6382
277500,352500,1978.0651
277500,357500,1746.9274
277500,362500,1695.4086
277500,367500,1531.8755
277500,372500,1190.9236
277500,377500,1035.9962
277500,382500,760.3033
277500,547500,1280.9646
277500,552500,1189.2648
277500,557500,1273.8281
277500,562500,1194.5673
277500,567500,1097.1855
277500,572500,1122.3274
277500,577500,1238.6099
277500,582500,1334.3118
277500,587500,1388.1434
277500,592500,1341.4208
277500,597500,1403.3964
277500,602500,1525.5934
277500,607500,1452.466
277500,612500,1237.3556
277500,617500,1453.5457
277500,622500,1621.8834
277500,627500,1585.2435
277500,632500,1553.8396
277500,637500,1528.05
277500,642500,1328.7416
277500,647500,1189.6714
277500,652500,1009.9816
277500,657500,848.993
277500,662500,846.7341
277500,667500,945.0129
277500,672500,1043.8832
277500,677500,1144.5071
277500,682500,1366.0249
277500,687500,1238.5306
277500,692500,988.90204
277500,697500,652.12274
277500,702500,699.5839
277500,707500,962.5331
277500,712500,1346.6145
277500,717500,1261.5562
277500,722500,774.9125
277500,727500,861.98926
277500,732500,1078.075
277500,737500,1179.0742
277500,742500,940.71436
277500,747500,718.3988
277500,752500,779.24866
277500,757500,728.6555
277500,762500,591.6982
277500,767500,667.31213
277500,772500,661.7236
277500,777500,1025.0808
277500,782500,1341.0232
277500,787500,1195.1658
277500,792500,986.4127
277500,797500,798.64856
277500,802500,827.31866
277500,807500,1038.1041
277500,812500,1177.6313
277500,817500,1041.9299
277500,822500,1008.1432
277500,827500,884.4564
277500,832500,734.96716
277500,837500,599.6017
277500,842500,537.04846
277500,847500,458.83276
277500,852500,406.0413
277500,857500,457.29047
277500,862500,437.69464
277500,867500,404.4222
277500,872500,424.77628
277500,877500,383.17145
277500,882500,405.11353
277500,887500,329.3907
277500,892500,365.3562
277500,897500,417.10773
277500,902500,424.06927
277500,907500,565.9714
277500,912500,665.24365
277500,917500,742.0814
277500,922500,871.98663
277500,927500,895.4958
277500,932500,756.6754
277500,937500,597.91614
277500,942500,649.3505
277500,947500,714.71155
277500,952500,684.46063
277500,957500,738.45715
277500,962500,706.4646
282500,37500,1313.8997
282500,42500,1187.8762
282500,47500,1217.8162
282500,52500,1251.2228
282500,57500,1265.9796
282500,62500,1230.0668
282500,67500,1131.9993
282500,72500,1142.2047
282500,77500,1041.2034
282500,82500,995.1676
282500,87500,960.84796
282500,92500,811.2765
282500,97500,719.8687
282500,102500,648.8664
282500,107500,680.92883
282500,112500,774.519
282500,117500,859.49005
282500,122500,1020.93884
282500,127500,1085.8853
282500,132500,1390.919
282500,137500,1577.3075
282500,142500,1711.1182
282500,147500,1562.8866
282500,177500,998.3716
282500,182500,1009.97296
282500,187500,933.8126
282500,192500,1200.2206
282500,197500,1283.6287
282500,202500,1404.7994
282500,207500,1465.9172
282500,212500,1367.2825
282500,217500,1631.7712
282500,222500,1872.0641
282500,227500,1547.3035
282500,232500,1297.0248
282500,237500,1208.0864
282500,242500,1246.7991
282500,247500,1435.7842
282500,252500,1529.9465
282500,257500,1547.593
282500,262500,1570.2346
282500,267500,1642.9114
282500,272500,1672.7598
282500,277500,1808.9789
282500,282500,2009.7643
282500,287500,1930.6084
282500,292500,1884.7865
282500,297500,1484.6882
282500,302500,1336.3572
282500,307500,1403.5308
282500,312500,1492.8192
282500,317500,1511.1772
282500,322500,1626.5419
282500,327500,1889.8489
282500,332500,1902.7845
282500,337500,1950.5149
282500,342500,2061.109
282500,347500,2035.8269
282500,352500,1605.4279
282500,357500,1370.0272
282500,362500,1241.6418
282500,367500,1049.1973
282500,372500,897.9498
282500,377500,929.6193
282500,382500,729.3231
282500,547500,1459.8682
282500,552500,1205.7767
282500,557500,1236.2732
282500,562500,1211.4453
282500,567500,1018.3981
282500,572500,1060.283
282500,577500,1232.876
282500,582500,1325.1777
282500,587500,1268.7075
282500,592500,1223.7594
282500,597500,1226.2554
282500,602500,1290.8558
282500,607500,1151.9681
282500,612500,1304.9729
282500,617500,1511.0101
282500,622500,1606.446
282500,627500,1551.1497
282500,632500,1452.2399
282500,637500,1349.0588
282500,642500,1159.4901
282500,647500,973.1193
282500,652500,856.36005
282500,657500,835.984
282500,662500,914.48535
282500,667500,1059.7684
282500,672500,1124.1665
282500,677500,1139.4519
282500,682500,1218.9199
282500,687500,959.58826
282500,692500,683.3692
282500,697500,518.64197
282500,702500,760.0647
282500,707500,940.8805
282500,712500,1176.0964
282500,717500,1014.049
282500,722500,648.4342
282500,727500,944.50665
282500,732500,1149.8881
282500,737500,1132.5125
282500,742500,906.1493
282500,747500,628.124
282500,752500,614.269
282500,757500,631.9902
282500,762500,471.7819
282500,767500,474.09775
282500,772500,573.2903
282500,777500,1059.9865
282500,782500,1348.5739
282500,787500,1233.8513
282500,792500,1019.876
282500,797500,747.4853
282500,802500,695.3653
282500,807500,800.39575
282500,812500,934.33514
282500,817500,861.5417
282500,822500,781.9181
282500,827500,742.6256
282500,832500,660.5722
282500,837500,665.51587
282500,842500,607.07904
282500,847500,486.7226
282500,852500,402.08228
282500,857500,429.62726
282500,872500,433.42715
282500,877500,378.58102
282500,882500,375.32437
282500,892500,407.7436
282500,897500,363.76288
282500,902500,455.37915
282500,907500,552.0924
282500,912500,523.76227
282500,917500,619.5541
282500,922500,718.8844
282500,927500,710.16315
282500,932500,672.01843
282500,937500,669.4822
282500,942500,790.45294
282500,947500,775.8718
282500,952500,713.71826
282500,957500,767.0283
282500,962500,723.1616
282500,967500,896.92267
287500,47500,1304.9109
287500,52500,1279.2437
287500,57500,1252.2378
287500,62500,1060.6882
287500,67500,1062.4957
287500,72500,1003.9709
287500,77500,830.3908
287500,82500,849.9302
287500,87500,791.94275
287500,92500,699.68665
287500,97500,647.20654
287500,102500,577.0648
287500,107500,681.5518
287500,112500,790.6512
287500,117500,904.7162
287500,122500,1077.989
287500,127500,1168.3344
287500,132500,1365.1304
287500,137500,1462.9967
287500,142500,1653.2936
287500,147500,1388.8162
287500,177500,949.79034
287500,182500,1036.5143
287500,187500,1077.1809
287500,192500,1291.0139
287500,197500,1542.2749
287500,202500,1720.158
287500,207500,1565.2332
287500,212500,1517.9546
287500,217500,1866.0928
287500,222500,2051.0935
287500,227500,1620.3434
287500,232500,1318.4548
287500,237500,1344.6128
287500,242500,1437.1254
287500,247500,1513.8741
287500,252500,1443.4926
287500,257500,1553.5372
287500,262500,1605.3956
287500,267500,1675.6526
287500,272500,1796.8105
287500,277500,1956.5365
287500,282500,2048.2275
287500,287500,1863.7598
287500,292500,1704.4261
287500,297500,1382.1957
287500,302500,1229.6155
287500,307500,1327.3004
287500,312500,1498.3325
287500,317500,1510.6548
287500,322500,1786.888
287500,327500,1952.1136
287500,332500,1849.8184
287500,337500,1774.7004
287500,342500,1774.1025
287500,347500,1715.899
287500,352500,1303.9175
287500,357500,1222.0468
287500,362500,1172.3406
287500,367500,999.73175
287500,372500,876.93475
287500,377500,900.33167
287500,552500,1075.5228
287500,557500,1122.9855
287500,562500,1188.6504
287500,567500,1080.6501
287500,572500,1130.229
287500,577500,1236.7393
287500,582500,1224.2749
287500,587500,1122.0056
287500,592500,1088.1554
287500,597500,982.2882
287500,602500,998.8805
287500,607500,1067.7334
287500,612500,1467.007
287500,617500,1546.1511
287500,622500,1538.5588
287500,627500,1403.6057
287500,632500,1261.6775
287500,637500,1176.4716
287500,642500,972.5583
287500,647500,834.2594
287500,652500,877.43243
287500,657500,941.26013
287500,662500,1049.8488
287500,667500,1141.4388
287500,672500,1146.4119
287500,677500,1081.39
287500,682500,997.72314
287500,687500,749.3824
287500,692500,567.5099
287500,697500,551.60236
287500,702500,1001.4249
287500,707500,991.0742
287500,712500,1016.46277
287500,717500,843.58997
287500,722500,611.3473
287500,727500,876.1162
287500,732500,1091.6748
287500,737500,952.97314
287500,742500,806.77014
287500,747500,639.0686
287500,752500,477.75577
287500,757500,540.1703
287500,762500,413.72983
287500,767500,415.52695
287500,772500,579.30457
287500,777500,1220.0415
287500,782500,1416.0149
287500,787500,1128.7961
287500,792500,869.258
287500,797500,713.88727
287500,802500,646.9261
287500,807500,655.3302
287500,812500,769.6841
287500,817500,750.7293
287500,822500,655.13293
287500,827500,617.0956
287500,832500,645.1267
287500,837500,642.7269
287500,842500,617.56067
287500,847500,499.38354
287500,852500,401.19763
287500,857500,423.5559
287500,877500,393.7419
287500,882500,393.12305
287500,902500,485.883
287500,907500,450.90894
287500,912500,495.95996
287500,917500,640.56323
287500,922500,616.9463
287500,927500,544.0375
287500,932500,647.99554
287500,937500,735.9979
287500,942500,800.5358
287500,947500,756.67053
287500,952500,715.3014
287500,957500,731.11163
287500,962500,699.7899
287500,967500,884.89276
292500,52500,1399.9039
292500,57500,1362.4999
292500,62500,1073.7037
292500,67500,1080.117
292500,72500,995.08185
292500,77500,803.88983
292500,82500,830.0679
292500,87500,715.72723
292500,92500,613.9661
292500,97500,588.07056
292500,102500,567.1945
292500,107500,737.0515
292500,112500,827.70667
292500,117500,928.6061
292500,122500,1064.4244
292500,127500,1108.5834
292500,132500,1260.5454
292500,137500,1386.9324
292500,142500,1508.3975
292500,147500,1138.8744
292500,167500,902.0548
292500,172500,1029.2412
292500,177500,933.84485
292500,182500,994.4725
292500,187500,1085.6842
292500,192500,1527.9113
292500,197500,1766.6322
292500,202500,1842.8398
292500,207500,1560.4443
292500,212500,1532.8282
292500,217500,1888.8707
292500,222500,1969.1188
292500,227500,1545.8628
292500,232500,1282.7839
292500,237500,1328.8976
292500,242500,1439.1201
292500,247500,1477.0576
292500,252500,1365.5421
292500,257500,1479.9922
292500,262500,1542.9749
292500,267500,1525.9543
292500,272500,1558.5519
292500,277500,1705.7021
292500,282500,1734.6125
292500,287500,1504.7361
292500,292500,1394.3845
292500,297500,1249.3044
292500,302500,1129.5378
292500,307500,1335.8816
292500,312500,1487.6521
292500,317500,1606.3987
292500,322500,1739.4578
292500,327500,1728.928
292500,332500,1613.0454
292500,337500,1446.3905
292500,342500,1522.1536
292500,347500,1427.9628
292500,352500,1203.2646
292500,357500,1212.2081
292500,362500,1142.587
292500,367500,951.2482
292500,372500,822.48047
292500,377500,814.00574
292500,557500,1121.9034
292500,562500,1409.99
292500,567500,1207.988
292500,572500,1140.873
292500,577500,1060.3677
292500,582500,951.39636
292500,587500,846.69055
292500,592500,815.3236
292500,597500,786.09796
292500,602500,1082.487
292500,607500,1379.0405
292500,612500,1673.8379
292500,617500,1605.632
292500,622500,1480.6721
292500,627500,1315.9221
292500,632500,1123.4441
292500,637500,1073.4281
292500,642500,918.04395
292500,647500,866.5599
292500,652500,967.62463
292500,657500,1049.3188
292500,662500,1121.1787
292500,667500,1145.4792
292500,672500,1110.1335
292500,677500,967.86084
292500,682500,816.1964
292500,687500,615.4341
292500,692500,548.652
292500,697500,667.15735
292500,702500,1172.383
292500,707500,1086.1766
292500,712500,908.0702
292500,717500,704.03876
292500,722500,572.05676
292500,727500,739.3668
292500,732500,916.61865
292500,737500,846.38153
292500,742500,658.2404
292500,747500,602.0498
292500,752500,414.27856
292500,757500,378.4657
292500,762500,316.3168
292500,767500,435.0147
292500,772500,696.0637
292500,777500,1276.4785
292500,782500,1369.2161
292500,787500,1095.6813
292500,792500,1025.7726
292500,797500,1010.46906
292500,802500,877.07404
292500,807500,669.2313
292500,812500,600.8231
292500,817500,574.0361
292500,822500,518.97766
292500,827500,519.00684
292500,832500,567.14856
292500,837500,533.6734
292500,842500,530.0863
292500,847500,443.91104
292500,852500,438.7041
292500,857500,392.65176
292500,882500,443.53094
292500,887500,422.91144
292500,907500,503.7037
292500,912500,571.51526
292500,917500,636.8642
292500,922500,487.32227
292500,927500,474.02377
292500,932500,671.2907
292500,937500,761.8492
292500,942500,782.436
292500,947500,711.0368
292500,952500,673.0033
292500,957500,688.78503
292500,962500,685.66
292500,967500,841.53467
297500,77500,900.3752
297500,82500,882.9081
297500,87500,627.78674
297500,92500,580.38025
297500,97500,577.9376
297500,102500,578.0633
297500,107500,773.09235
297500,112500,807.02423
297500,117500,858.725
297500,122500,997.9618
297500,127500,1035.0527
297500,132500,1178.1218
297500,137500,1292.8073
297500,142500,1278.2417
297500,147500,1007.56433
297500,167500,936.37756
297500,172500,1084.6853
297500,177500,964.7616
297500,182500,1027.1195
297500,187500,1285.9432
297500,192500,1741.0563
297500,197500,1874.7181
297500,202500,1826.2135
297500,207500,1483.8966
297500,212500,1574.692
297500,217500,1813.0348
297500,222500,1870.9886
297500,227500,1446.6194
297500,232500,1194.8014
297500,237500,1246.6737
297500,242500,1320.422
297500,247500,1369.9111
297500,252500,1189.416
297500,257500,1216.6841
297500,262500,1366.1879
297500,267500,1194.2678
297500,272500,1199.2314
297500,277500,1320.6299
297500,282500,1373.6964
297500,287500,1214.7244
297500,292500,1124.4895
297500,297500,1051.7738
297500,302500,1150.5842
297500,307500,1399.6097
297500,312500,1434.7058
297500,317500,1556.1953
297500,322500,1556.3212
297500,327500,1571.7302
297500,332500,1458.7253
297500,337500,1254.1829
297500,342500,1313.5328
297500,347500,1202.5251
297500,352500,1115.7908
297500,357500,1152.9587
297500,362500,1067.571
297500,367500,869.6291
297500,372500,733.07214
297500,377500,677.8491
297500,507500,1055.9028
297500,512500,1110.7867
297500,517500,1163.2721
297500,522500,1242.4581
297500,527500,1233.7472
297500,557500,1275.7964
297500,562500,1703.2246
297500,567500,1214.5878
297500,572500,1063.998
297500,577500,874.0124
297500,582500,767.1415
297500,587500,776.1893
297500,592500,884.1003
297500,597500,1024.3627
297500,602500,1426.0376
297500,607500,1736.2786
297500,612500,1595.3411
297500,617500,1442.3694
297500,622500,1349.4684
297500,627500,1298.8414
297500,632500,1136.3523
297500,637500,1038.5392
297500,642500,912.6652
297500,647500,882.4725
297500,652500,1005.0153
297500,657500,1102.3499
297500,662500,1114.4004
297500,667500,1039.5334
297500,672500,994.64874
297500,677500,833.9813
297500,682500,683.1864
297500,687500,565.25336
297500,692500,602.4887
297500,697500,721.6876
297500,702500,1061.6118
297500,707500,1057.1974
297500,712500,852.5931
297500,717500,598.7761
297500,722500,524.9157
297500,727500,612.6383
297500,732500,747.462
297500,737500,755.869
297500,742500,549.2414
297500,747500,529.4908
297500,752500,336.4679
297500,757500,291.5606
297500,762500,389.7658
297500,767500,578.35
297500,772500,870.72205
297500,777500,1267.8463
297500,782500,1280.4161
297500,787500,1130.3667
297500,792500,1129.0519
297500,797500,1107.3772
297500,802500,1136.0878
297500,807500,770.4888
297500,812500,551.2917
297500,817500,493.65918
297500,822500,414.19873
297500,827500,409.32465
297500,832500,443.21075
297500,837500,428.33047
297500,842500,439.94745
297500,847500,396.08344
297500,852500,403.35443
297500,857500,363.56464
297500,862500,322.52524
297500,912500,563.48865
297500,917500,601.70087
297500,922500,485.86734
297500,927500,630.63556
297500,932500,840.90735
297500,937500,854.2389
297500,942500,769.4632
297500,947500,693.03864
297500,952500,679.4493
297500,957500,710.34143
297500,962500,684.5471
297500,967500,795.43463
302500,82500,752.9325
302500,87500,612.7634
302500,92500,613.52814
302500,97500,598.41547
302500,102500,639.16156
302500,107500,783.3731
302500,112500,772.8815
302500,117500,856.0834
302500,122500,962.7005
302500,127500,996.7142
302500,132500,1129.4581
302500,137500,1162.1599
302500,142500,1128.9269
302500,167500,900.4208
302500,172500,1021.47656
302500,177500,930.9808
302500,182500,1018.02246
302500,187500,1307.714
302500,192500,1544.1182
302500,197500,1771.0427
302500,202500,1604.6836
302500,207500,1452.0156
302500,212500,1567.1061
302500,217500,1829.6035
302500,222500,1809.574
302500,227500,1305.5193
302500,232500,1040.3628
302500,237500,1105.5793
302500,242500,1206.7819
302500,247500,1252.1707
302500,252500,1069.9622
302500,257500,1061.2108
302500,262500,1091.7598
302500,267500,993.7074
302500,272500,1004.4435
302500,277500,1083.7664
302500,282500,1168.135
302500,287500,1087.3513
302500,292500,955.20374
302500,297500,944.80646
302500,302500,1103.2878
302500,307500,1233.7896
302500,312500,1206.574
302500,317500,1289.0682
302500,322500,1345.1389
302500,327500,1319.7205
302500,332500,1305.1735
302500,337500,1233.0343
302500,342500,1161.5142
302500,347500,1047.6594
302500,352500,1053.742
302500,357500,1092.955
302500,362500,958.26044
302500,367500,773.6638
302500,372500,622.03217
302500,377500,593.5803
302500,382500,522.1846
302500,502500,1003.31824
302500,507500,947.054
302500,512500,1114.9393
302500,517500,1205.9104
302500,522500,1210.9666
302500,527500,1130.753
302500,532500,1194.2488
302500,537500,1164.4551
302500,567500,1098.8005
302500,572500,968.1437
302500,577500,784.16833
302500,582500,827.5994
302500,587500,863.9045
302500,592500,1020.3464
302500,597500,1289.6682
302500,602500,1466.1611
302500,607500,1563.1019
302500,612500,1436.4358
302500,617500,1368.245
302500,622500,1377.2034
302500,627500,1342.1558
302500,632500,1177.6951
302500,637500,997.5106
302500,642500,876.8831
302500,647500,853.34753
302500,652500,992.8372
302500,657500,1092.1924
302500,662500,1052.517
302500,667500,944.5716
302500,672500,891.51807
302500,677500,726.03625
302500,682500,635.0502
302500,687500,511.45355
302500,692500,618.73083
302500,697500,779.95233
302500,702500,950.5487
302500,707500,1040.3236
302500,712500,861.18274
302500,717500,559.11835
302500,722500,464.4633
302500,727500,510.49237
302500,732500,576.48346
302500,737500,578.59155
302500,742500,433.7513
302500,747500,324.0087
302500,752500,308.8827
302500,757500,414.94858
302500,762500,481.2145
302500,767500,647.4745
302500,772500,801.6986
302500,777500,1197.2688
302500,782500,1247.0211
302500,787500,1109.8484
302500,792500,1003.3368
302500,797500,1055.5
302500,802500,1254.329
302500,807500,927.4248
302500,812500,614.2586
302500,817500,474.083
302500,822500,387.06577
302500,827500,378.71136
302500,832500,376.17877
302500,837500,376.2267
302500,842500,396.11026
302500,847500,373.89368
302500,852500,386.83752
302500,857500,347.63873
302500,862500,305.28256
302500,917500,489.9148
302500,922500,553.35205
302500,927500,655.65466
302500,932500,813.056
302500,937500,771.2058
302500,942500,732.62415
302500,947500,710.2208
302500,952500,713.2118
302500,957500,712.5863
302500,962500,646.7048
302500,967500,744.5987
307500,82500,842.7961
307500,87500,666.9556
307500,92500,694.2416
307500,97500,653.5142
307500,102500,634.8766
307500,107500,740.44135
307500,112500,822.6001
307500,117500,908.7238
307500,122500,942.7347
307500,127500,964.5535
307500,132500,1021.867
307500,137500,969.98126
307500,142500,952.1688
307500,167500,894.7676
307500,172500,1049.474
307500,177500,923.36115
307500,182500,989.5036
307500,187500,1192.051
307500,192500,1375.2131
307500,197500,1438.7941
307500,202500,1425.2292
307500,207500,1359.6769
307500,212500,1629.9435
307500,217500,1811.5543
307500,222500,1569.6248
307500,227500,1078.273
307500,232500,880.9831
307500,237500,966.1794
307500,242500,1056.5803
307500,247500,1017.1836
307500,252500,896.8053
307500,257500,926.1998
307500,262500,987.95544
307500,267500,928.09015
307500,272500,954.7549
307500,277500,1065.9758
307500,282500,1139.1921
307500,287500,1037.7582
307500,292500,883.41113
307500,297500,895.7966
307500,302500,993.0072
307500,307500,1060.3152
307500,312500,1003.10614
307500,317500,1099.2616
307500,322500,1172.9174
307500,327500,1045.1287
307500,332500,1152.5203
307500,337500,1135.1555
307500,342500,1053.6295
307500,347500,931.44446
307500,352500,951.56604
307500,357500,940.93054
307500,362500,782.29193
307500,367500,590.66437
307500,372500,471.92148
307500,377500,524.49414
307500,382500,517.05896
307500,487500,926.1579
307500,492500,1014.6418
307500,497500,927.7267
307500,502500,920.96124
307500,507500,997.1115
307500,512500,1342.5901
307500,517500,1411.3027
307500,522500,1330.7249
307500,527500,1192.1283
307500,532500,1157.168
307500,537500,1054.8331
307500,542500,1153.0219
307500,547500,1116.8401
307500,567500,983.82794
307500,572500,915.60724
307500,577500,885.2951
307500,582500,912.54333
307500,587500,912.2992
307500,592500,1064.3601
307500,597500,1303.9009
307500,602500,1305.6926
307500,607500,1294.0745
307500,612500,1347.7948
307500,617500,1495.3254
307500,622500,1496.171
307500,627500,1422.6973
307500,632500,1181.1433
307500,637500,971.213
307500,642500,874.44714
307500,647500,867.8268
307500,652500,1000.692
307500,657500,1080.0281
307500,662500,1005.88586
307500,667500,886.9155
307500,672500,801.0988
307500,677500,653.4087
307500,682500,492.94125
307500,687500,500.78345
307500,692500,668.3288
307500,697500,827.60565
307500,702500,866.62366
307500,707500,956.7152
307500,712500,849.1471
307500,717500,562.10986
307500,722500,428.97183
307500,727500,438.99258
307500,732500,447.7602
307500,737500,425.52792
307500,742500,316.80515
307500,747500,303.79126
307500,752500,441.76654
307500,757500,472.30524
307500,762500,452.96036
307500,767500,635.7488
307500,772500,822.13947
307500,777500,1256.8605
307500,782500,1327.7067
307500,787500,1023.8781
307500,792500,777.7735
307500,797500,909.49414
307500,802500,1179.1112
307500,807500,933.0124
307500,812500,658.0442
307500,817500,473.2421
307500,822500,387.66266
307500,827500,394.509
307500,832500,352.3318
307500,837500,365.67914
307500,842500,386.95477
307500,847500,382.8736
307500,852500,374.96152
307500,857500,335.99503
307500,862500,300.75717
307500,917500,560.8707
307500,922500,562.8229
307500,927500,657.4039
307500,932500,723.6726
307500,937500,678.2728
307500,942500,684.412
307500,947500,682.2433
307500,952500,676.34454
307500,957500,658.00256
307500,962500,621.95123
307500,967500,729.41125
307500,972500,725.2769
312500,87500,693.37134
312500,92500,759.9542
312500,97500,739.7243
312500,102500,700.89154
312500,107500,840.8405
312500,112500,901.88904
312500,117500,952.637
312500,122500,903.7625
312500,127500,854.61145
312500,132500,809.14307
312500,137500,749.08563
312500,142500,848.0241
312500,167500,918.31866
312500,172500,1065.1807
312500,177500,879.908
312500,182500,961.8511
312500,187500,1086.8381
312500,192500,1271.0554
312500,197500,1289.409
312500,202500,1402.4911
312500,207500,1438.976
312500,212500,1660.6819
312500,217500,1730.8604
312500,222500,1204.7804
312500,227500,929.24286
312500,232500,857.38495
312500,237500,861.1989
312500,242500,841.6161
312500,247500,840.02325
312500,252500,867.84045
312500,257500,880.74817
312500,262500,939.75684
312500,267500,920.0792
312500,272500,923.42346
312500,277500,1033.5332
312500,282500,1080.7546
312500,287500,1019.4562
312500,292500,864.6906
312500,297500,783.1463
312500,302500,847.0792
312500,307500,875.4403
312500,312500,823.78973
312500,317500,933.3711
312500,322500,979.7417
312500,327500,931.7777
312500,332500,1086.8196
312500,337500,1093.7117
312500,342500,966.49866
312500,347500,820.7113
312500,352500,809.56195
312500,357500,706.8539
312500,362500,529.4579
312500,367500,486.33673
312500,372500,495.17993
312500,377500,590.47424
312500,382500,545.3994
312500,482500,905.4089
312500,487500,817.7075
312500,492500,938.36475
312500,497500,955.63074
312500,502500,929.1958
312500,507500,1264.4543
312500,512500,1815.3594
312500,517500,1748.3464
312500,522500,1533.3973
312500,527500,1315.8811
312500,532500,1229.5242
312500,537500,1167.8516
312500,542500,1227.8485
312500,547500,1148.9949
312500,552500,1051.5066
312500,567500,895.3541
312500,572500,960.11505
312500,577500,911.0887
312500,582500,886.3082
312500,587500,899.355
312500,592500,1005.1823
312500,597500,1089.5925
312500,602500,1156.0686
312500,607500,1290.2582
312500,612500,1498.0787
312500,617500,1588.7758
312500,622500,1513.381
312500,627500,1412.1925
312500,632500,1169.5676
312500,637500,950.6756
312500,642500,919.4507
312500,647500,904.3724
312500,652500,1003.8677
312500,657500,1089.302
312500,662500,999.84796
312500,667500,837.9157
312500,672500,705.95184
312500,677500,600.84326
312500,682500,479.941
312500,687500,523.27356
312500,692500,708.19684
312500,697500,782.60345
312500,702500,762.6509
312500,707500,808.3048
312500,712500,764.8065
312500,717500,538.6638
312500,722500,394.08295
312500,727500,383.75336
312500,732500,371.2032
312500,737500,361.01346
312500,742500,291.83926
312500,747500,325.94928
312500,752500,441.2036
312500,757500,427.31378
312500,762500,471.23315
312500,767500,730.37537
312500,772500,819.2206
312500,777500,1217.0123
312500,782500,1258.3289
312500,787500,934.33563
312500,792500,661.5043
312500,797500,842.93634
312500,802500,1089.738
312500,807500,910.2472
312500,812500,686.51587
312500,817500,543.5974
312500,822500,420.6212
312500,827500,390.47113
312500,832500,390.11746
312500,837500,391.1514
312500,842500,440.95718
312500,847500,414.12314
312500,852500,380.89548
312500,857500,357.05795
312500,862500,309.58603
312500,867500,321.9116
312500,922500,566.2411
312500,927500,620.4317
312500,932500,625.2623
312500,937500,618.1065
312500,942500,635.8029
312500,947500,638.4123
312500,952500,606.28516
312500,957500,591.96277
312500,962500,592.1126
312500,967500,722.74445
317500,87500,705.08417
317500,92500,814.3799
317500,97500,825.86475
317500,102500,814.52405
317500,107500,910.85126
317500,112500,951.89453
317500,117500,935.64197
317500,122500,847.5387
317500,127500,717.17523
317500,132500,666.09705
317500,137500,745.24536
317500,142500,836.6859
317500,167500,1009.67413
317500,172500,1105.6414
317500,177500,876.8146
317500,182500,966.96405
317500,187500,1015.80383
317500,192500,1144.3878
317500,197500,1202.5447
317500,202500,1295.8054
317500,207500,1408.1453
317500,212500,1526.8859
317500,217500,1439.635
317500,222500,839.47003
317500,227500,792.4912
317500,232500,833.3771
317500,237500,788.73694
317500,242500,766.3127
317500,247500,788.60846
317500,252500,881.85156
317500,257500,882.464
317500,262500,943.93524
317500,267500,1010.1193
317500,272500,961.951
317500,277500,1106.0612
317500,282500,1074.2916
317500,287500,1013.5252
317500,292500,877.2399
317500,297500,718.73157
317500,302500,725.1546
317500,307500,721.14966
317500,312500,730.3055
317500,317500,770.2591
317500,322500,790.5675
317500,327500,808.6152
317500,332500,984.23376
317500,337500,1015.7135
317500,342500,842.3499
317500,347500,696.37036
317500,352500,661.0678
317500,357500,571.8574
317500,362500,567.93805
317500,367500,562.4037
317500,372500,555.77716
317500,377500,613.19666
317500,467500,1184.5823
317500,472500,1196.0063
317500,477500,981.25946
317500,482500,1084.4415
317500,487500,1122.8364
317500,492500,1300.6235
317500,497500,1241.9807
317500,502500,1214.4625
317500,507500,1675.3903
317500,512500,2108.5933
317500,517500,1839.075
317500,522500,1530.4149
317500,527500,1328.055
317500,532500,1212.3572
317500,537500,1166.1553
317500,542500,1238.3105
317500,547500,1118.7091
317500,552500,1011.4635
317500,557500,952.8724
317500,562500,802.47327
317500,567500,854.7001
317500,572500,896.2952
317500,577500,877.5609
317500,582500,944.48663
317500,587500,1056.2059
317500,592500,1118.5807
317500,597500,1279.2639
317500,602500,1434.5554
317500,607500,1663.0261
317500,612500,1698.7357
317500,617500,1808.7533
317500,622500,1627.3884
317500,627500,1453.3733
317500,632500,1199.6335
317500,637500,998.9769
317500,642500,896.0215
317500,647500,892.73596
317500,652500,986.5049
317500,657500,1038.4606
317500,662500,972.9528
317500,667500,794.9115
317500,672500,620.5206
317500,677500,550.9604
317500,682500,475.48932
317500,687500,544.0916
317500,692500,697.73535
317500,697500,655.4277
317500,702500,647.5275
317500,707500,690.21515
317500,712500,657.02875
317500,717500,484.16788
317500,722500,341.84973
317500,727500,361.63315
317500,732500,359.5424
317500,737500,348.7366
317500,742500,285.16138
317500,747500,310.44162
317500,752500,373.4092
317500,757500,453.5899
317500,762500,516.53357
317500,767500,653.1038
317500,772500,783.64154
317500,777500,1167.4457
317500,782500,1220.7828
317500,787500,909.3542
317500,792500,629.02893
317500,797500,718.51465
317500,802500,858.9048
317500,807500,752.387
317500,812500,582.1803
317500,817500,497.0765
317500,822500,434.86313
317500,827500,430.60904
317500,832500,400.3769
317500,837500,412.73932
317500,842500,416.1979
317500,847500,369.17136
317500,852500,389.4307
317500,857500,364.49252
317500,862500,303.63046
317500,867500,322.81958
317500,932500,521.17084
317500,937500,578.8873
317500,942500,602.38763
317500,947500,587.78613
317500,952500,538.98145
317500,957500,545.04156
317500,962500,541.37683
317500,967500,681.06445
317500,972500,672.94824
317500,1002500,1090.0994
322500,87500,789.258
322500,92500,896.18134
322500,97500,858.494
322500,102500,890.5456
322500,107500,920.88684
322500,112500,966.5449
322500,117500,926.38495
322500,122500,780.67725
322500,127500,619.34686
322500,132500,685.5372
322500,137500,716.51074
322500,142500,718.74774
322500,177500,962.17725
322500,182500,1029.7073
322500,187500,954.21454
322500,192500,1060.157
322500,197500,1124.741
322500,202500,1175.9949
322500,207500,1351.3381
322500,212500,1417.5646
322500,217500,965.6989
322500,222500,742.9355
322500,227500,833.7482
322500,232500,911.53595
322500,237500,839.9622
322500,242500,735.89923
322500,247500,720.77325
322500,252500,867.0321
322500,257500,886.7744
322500,262500,959.6654
322500,267500,989.3739
322500,272500,957.6439
322500,277500,1003.97186
322500,282500,958.3415
322500,287500,926.3519
322500,292500,834.77795
322500,297500,659.70044
322500,302500,644.50305
322500,307500,644.2754
322500,312500,643.26807
322500,317500,647.69324
322500,322500,644.2956
322500,327500,700.7432
322500,332500,857.05145
322500,337500,881.7337
322500,342500,686.4417
322500,347500,656.0666
322500,352500,688.986
322500,357500,653.08417
322500,362500,615.1392
322500,367500,559.32135
322500,372500,547.89435
322500,382500,447.85846
322500,387500,630.02356
322500,467500,1234.568
322500,472500,1242.904
322500,477500,1008.6203
322500,482500,1219.5527
322500,487500,1063.4622
322500,492500,1158.9777
322500,497500,1301.4972
322500,502500,1394.0254
322500,507500,2072.429
322500,512500,2284.2695
322500,517500,2014.851
322500,522500,1671.2887
322500,527500,1329.7961
322500,532500,1220.6997
322500,537500,1180.7015
322500,542500,1226.0123
322500,547500,1082.9569
322500,552500,960.3082
322500,557500,897.2416
322500,562500,748.7044
322500,567500,797.6718
322500,572500,870.6915
322500,577500,931.80145
322500,582500,1078.863
322500,587500,1245.0458
322500,592500,1328.2433
322500,597500,1523.5962
322500,602500,1614.0715
322500,607500,1816.1957
322500,612500,1844.268
322500,617500,1808.4666
322500,622500,1576.0258
322500,627500,1434.925
322500,632500,1232.8118
322500,637500,1003.12683
322500,642500,812.64233
322500,647500,848.80945
322500,652500,930.9686
322500,657500,944.4718
322500,662500,878.0531
322500,667500,769.923
322500,672500,579.74567
322500,677500,541.87915
322500,687500,586.9323
322500,692500,665.10333
322500,697500,535.4544
322500,702500,583.8541
322500,707500,641.8436
322500,712500,544.4325
322500,717500,471.0517
322500,722500,323.91965
322500,727500,333.13058
322500,732500,359.79144
322500,737500,347.9828
322500,742500,283.43674
322500,747500,296.45267
322500,752500,380.36053
322500,757500,472.27887
322500,762500,493.00018
322500,767500,654.5189
322500,772500,846.3618
322500,777500,1140.4563
322500,782500,1192.965
322500,787500,950.33466
322500,792500,570.2341
322500,797500,537.5205
322500,802500,590.2751
322500,807500,590.2692
322500,812500,489.08276
322500,817500,473.58975
322500,822500,424.22803
322500,827500,404.0182
322500,832500,354.2055
322500,837500,399.0828
322500,842500,390.85648
322500,847500,380.6456
322500,852500,383.5441
322500,857500,349.6383
322500,862500,297.68024
322500,867500,320.35645
322500,932500,517.2943
322500,937500,582.6251
322500,942500,599.71326
322500,947500,602.0617
322500,952500,563.4706
322500,957500,546.2037
322500,962500,566.5295
322500,967500,682.6619
322500,972500,695.1688
322500,992500,909.9946
322500,997500,981.6716
322500,1002500,1132.3052
322500,1012500,1001.18896
322500,1017500,1147.9576
322500,1022500,1198.9392
327500,92500,920.59784
327500,97500,865.367
327500,102500,893.68054
327500,107500,921.6439
327500,112500,971.1164
327500,117500,884.4872
327500,122500,719.96497
327500,127500,606.726
327500,132500,625.4513
327500,137500,581.1658
327500,142500,578.9142
327500,182500,1096.6526
327500,187500,945.473
327500,192500,1029.7346
327500,197500,1130.8374
327500,202500,1142.0359
327500,207500,1323.5317
327500,212500,1220.6462
327500,217500,812.86554
327500,222500,814.9157
327500,227500,929.5379
327500,232500,957.9714
327500,237500,875.0713
327500,242500,757.1347
327500,247500,636.136
327500,252500,738.45245
327500,257500,789.36316
327500,262500,837.7635
327500,267500,848.95447
327500,272500,861.3458
327500,277500,890.6048
327500,282500,872.3024
327500,287500,833.92224
327500,292500,733.14526
327500,297500,566.3861
327500,302500,559.1697
327500,307500,591.72375
327500,312500,594.0423
327500,317500,554.16565
327500,322500,549.26086
327500,327500,623.22644
327500,332500,726.9801
327500,337500,728.66754
327500,342500,589.1832
327500,347500,617.38416
327500,352500,648.7748
327500,357500,599.78186
327500,362500,543.2371
327500,367500,511.21753
327500,372500,430.6088
327500,377500,420.64517
327500,382500,453.9157
327500,387500,590.6626
327500,392500,588.78674
327500,407500,873.2096
327500,467500,1290.2576
327500,472500,1375.559
327500,477500,1108.82
327500,482500,1335.2141
327500,487500,1092.1038
327500,492500,1170.3948
327500,497500,1486.5667
327500,502500,1783.8323
327500,507500,2115.0388
327500,512500,2141.0176
327500,517500,1901.3506
327500,522500,1448.8124
327500,527500,1207.6975
327500,532500,1334.1687
327500,537500,1253.8815
327500,542500,1231.7177
327500,547500,1048.4749
327500,552500,903.3089
327500,557500,844.1667
327500,567500,757.59924
327500,572500,851.63007
327500,577500,944.4007
327500,582500,1107.0349
327500,587500,1429.3278
327500,592500,1429.3684
327500,597500,1569.1245
327500,602500,1668.5234
327500,607500,1849.9324
327500,612500,1805.7432
327500,617500,1666.3314
327500,622500,1443.6356
327500,627500,1290.3888
327500,632500,1161.2366
327500,637500,912.65076
327500,642500,704.5078
327500,647500,811.039
327500,652500,891.26105
327500,657500,847.1989
327500,662500,821.29297
327500,667500,696.8411
327500,672500,535.8368
327500,677500,497.26807
327500,687500,543.4538
327500,692500,573.2679
327500,697500,475.1569
327500,702500,535.34827
327500,707500,547.71625
327500,712500,442.21564
327500,717500,412.28506
327500,722500,346.74033
327500,727500,302.15753
327500,732500,336.27747
327500,737500,388.206
327500,742500,318.8109
327500,747500,304.95648
327500,752500,352.00696
327500,757500,409.35016
327500,762500,521.11
327500,767500,685.6355
327500,772500,902.81885
327500,777500,1040.7776
327500,782500,1096.5627
327500,787500,907.7503
327500,792500,525.82996
327500,797500,392.0663
327500,802500,422.01276
327500,807500,500.6601
327500,812500,475.34186
327500,817500,482.6017
327500,822500,412.90424
327500,827500,425.9711
327500,832500,432.5983
327500,837500,431.29517
327500,842500,380.80902
327500,847500,373.10504
327500,852500,351.47345
327500,857500,329.20807
327500,862500,285.5827
327500,867500,317.72333
327500,937500,624.16595
327500,942500,601.3048
327500,947500,619.15936
327500,952500,579.3674
327500,957500,556.4198
327500,962500,583.53937
327500,967500,691.12335
327500,972500,717.61224
327500,992500,1071.1304
327500,997500,1241.9327
327500,1002500,1272.3004
327500,1007500,1038.533
327500,1012500,1062.6982
327500,1017500,1029.7668
327500,1022500,1086.5652
327500,1027500,1106.3928
332500,92500,897.29407
332500,97500,874.0199
332500,102500,903.92566
332500,107500,935.98145
332500,112500,955.8882
332500,117500,801.42737
332500,122500,671.46875
332500,127500,598.33954
332500,132500,540.90894
332500,137500,501.13223
332500,142500,562.4064
332500,147500,548.5816
332500,152500,688.34143
332500,157500,755.8363
332500,162500,904.6626
332500,182500,1064.337
332500,187500,901.4969
332500,192500,1002.4701
332500,197500,1051.9182
332500,202500,1092.816
332500,207500,1109.176
332500,212500,915.841
332500,217500,814.96136
332500,222500,832.5182
332500,227500,912.13135
332500,232500,890.0949
332500,237500,803.4772
332500,242500,696.88684
332500,247500,549.94006
332500,252500,583.36835
332500,257500,635.2396
332500,262500,657.7106
332500,267500,700.51245
332500,272500,737.59796
332500,277500,774.0061
332500,282500,766.80774
332500,287500,690.8658
332500,292500,565.4501
332500,297500,582.6046
332500,302500,632.06616
332500,307500,589.2117
332500,312500,574.97485
332500,317500,505.4112
332500,322500,489.70615
332500,327500,540.6133
332500,332500,578.62476
332500,337500,579.33435
332500,342500,514.0296
332500,347500,524.96045
332500,352500,531.5453
332500,357500,490.4201
332500,362500,475.9059
332500,367500,420.7994
332500,372500,367.21262
332500,377500,420.8842
332500,382500,458.67172
332500,387500,541.6091
332500,392500,540.90656
332500,397500,638.9455
332500,402500,664.2796
332500,407500,747.9796
332500,412500,739.5106
332500,417500,763.9172
332500,427500,844.3493
332500,432500,822.8804
332500,437500,849.8426
332500,442500,945.5326
332500,447500,920.6549
332500,477500,1236.8683
332500,482500,1386.8772
332500,487500,1157.1517
332500,492500,1357.7139
332500,497500,1592.4131
332500,502500,1696.218
332500,507500,1610.346
332500,512500,1723.4314
332500,517500,1684.9316
332500,522500,1495.9259
332500,527500,1413.9783
332500,532500,1589.5206
332500,537500,1416.0421
332500,542500,1210.4482
332500,547500,1024.5101
332500,552500,874.6083
332500,557500,833.6216
332500,562500,708.1896
332500,567500,759.2755
332500,572500,845.1598
332500,577500,974.97754
332500,582500,1178.9099
332500,587500,1447.8667
332500,592500,1379.6891
332500,597500,1574.8619
332500,602500,1686.7996
332500,607500,1764.3855
332500,612500,1650.8196
332500,617500,1469.7502
332500,622500,1269.6948
332500,627500,1159.4371
332500,632500,1029.962
332500,637500,770.5211
332500,642500,717.9329
332500,647500,885.8708
332500,652500,884.64923
332500,657500,770.86975
332500,662500,699.7503
332500,667500,604.4633
332500,672500,502.0583
332500,697500,430.49213
332500,702500,460.3814
332500,707500,457.0063
332500,712500,389.33694
332500,717500,367.30716
332500,722500,351.69894
332500,727500,298.05292
332500,732500,304.79166
332500,737500,379.0201
332500,742500,369.7885
332500,747500,314.37534
332500,752500,320.20575
332500,757500,403.0312
332500,762500,556.2411
332500,767500,643.3003
332500,772500,679.6431
332500,777500,948.74304
332500,782500,1015.6305
332500,787500,773.34094
332500,792500,475.63184
332500,797500,304.83502
332500,802500,320.37994
332500,807500,425.38174
332500,812500,402.62592
332500,817500,423.71368
332500,822500,500.90292
332500,827500,513.87976
332500,832500,475.07413
332500,837500,428.23355
332500,842500,344.13568
332500,847500,346.03317
332500,852500,335.63177
332500,857500,308.3234
332500,862500,279.5773
332500,867500,315.35162
332500,942500,561.33746
332500,947500,586.4463
332500,952500,550.5342
332500,957500,550.45593
332500,962500,567.99414
332500,967500,703.8434
332500,972500,722.86554
332500,992500,1077.2115
332500,1002500,933.9916
332500,1007500,953.47766
332500,1012500,1001.45233
332500,1017500,943.4054
332500,1022500,1052.3005
332500,1027500,1084.054
337500,92500,921.276
337500,97500,865.908
337500,102500,940.33466
337500,107500,895.1082
337500,112500,880.60547
337500,117500,715.94574
337500,122500,612.20325
337500,127500,550.2678
337500,132500,488.9838
337500,137500,477.50128
337500,142500,525.07605
337500,147500,521.19714
337500,152500,594.0121
337500,157500,686.8701
337500,162500,845.2323
337500,167500,819.9708
337500,182500,1046.9478
337500,187500,868.2628
337500,192500,961.19543
337500,197500,955.08997
337500,202500,950.71533
337500,207500,913.9134
337500,212500,807.1908
337500,217500,763.3976
337500,222500,797.5198
337500,227500,793.9443
337500,232500,746.09424
337500,237500,678.61035
337500,242500,558.0709
337500,247500,479.6187
337500,252500,519.06995
337500,257500,533.80115
337500,262500,540.9123
337500,267500,618.49207
337500,272500,634.86896
337500,277500,637.1005
337500,282500,607.1776
337500,287500,562.89624
337500,292500,544.0362
337500,297500,664.029
337500,302500,706.4094
337500,307500,587.6422
337500,312500,529.0402
337500,317500,445.04877
337500,322500,446.2098
337500,327500,477.15582
337500,332500,471.51376
337500,337500,492.0157
337500,342500,444.43497
337500,347500,418.38312
337500,352500,413.8294
337500,357500,395.19266
337500,362500,404.72086
337500,367500,370.34894
337500,372500,388.59988
337500,377500,442.92163
337500,382500,458.4593
337500,387500,510.38202
337500,392500,535.5507
337500,397500,577.2922
337500,402500,594.26996
337500,407500,669.279
337500,412500,681.8743
337500,417500,682.1869
337500,422500,720.9552
337500,427500,765.17017
337500,432500,745.29425
337500,437500,773.96405
337500,442500,974.8375
337500,447500,943.7235
337500,472500,1412.801
337500,477500,1174.0018
337500,482500,1312.0728
337500,487500,1162.9739
337500,492500,1321.3557
337500,497500,1384.2522
337500,502500,1273.2195
337500,507500,1447.1594
337500,512500,1929.4307
337500,517500,1878.1383
337500,522500,1677.8763
337500,527500,1487.219
337500,532500,1512.739
337500,537500,1335.6343
337500,542500,1114.0989
337500,547500,898.202
337500,552500,800.0641
337500,557500,766.0297
337500,562500,677.7527
337500,567500,721.398
337500,572500,819.0505
337500,577500,957.42737
337500,582500,1135.2117
337500,587500,1357.7837
337500,592500,1418.9935
337500,597500,1668.5446
337500,602500,1674.5144
337500,607500,1597.1066
337500,612500,1419.3499
337500,617500,1291.4868
337500,622500,1097.964
337500,627500,956.7575
337500,632500,857.20764
337500,637500,717.35815
337500,642500,799.67126
337500,647500,917.2577
337500,652500,839.425
337500,657500,697.01794
337500,662500,601.2572
337500,667500,515.38153
337500,672500,445.84943
337500,697500,388.62552
337500,702500,399.8465
337500,707500,424.37274
337500,712500,394.55362
337500,717500,354.2899
337500,722500,345.95694
337500,727500,305.29645
337500,732500,298.78152
337500,737500,358.09918
337500,742500,433.96323
337500,747500,349.16144
337500,752500,320.30295
337500,757500,394.97736
337500,762500,503.06503
337500,767500,541.2691
337500,772500,632.5998
337500,777500,983.32556
337500,782500,858.31866
337500,787500,698.4844
337500,792500,510.72784
337500,797500,273.41754
337500,802500,292.42432
337500,807500,358.91217
337500,812500,313.5581
337500,817500,328.74277
337500,822500,443.89218
337500,827500,439.99194
337500,832500,409.55707
337500,837500,383.5009
337500,842500,347.65195
337500,847500,352.92883
337500,852500,287.87424
337500,857500,288.6873
337500,862500,285.13303
337500,947500,626.8443
337500,952500,609.13
337500,962500,676.98145
337500,967500,808.91376
337500,972500,813.28406
337500,1007500,999.4756
337500,1012500,1076.2135
337500,1017500,1050.7161
337500,1022500,1171.3685
337500,1027500,1092.2133
337500,1032500,1242.1454
342500,92500,896.8001
342500,97500,823.6833
342500,102500,935.08105
342500,107500,919.66034
342500,112500,849.10803
342500,117500,677.9669
342500,122500,592.6522
342500,127500,529.70935
342500,132500,498.80206
342500,137500,501.30316
342500,142500,514.51495
342500,147500,513.56744
342500,152500,556.30615
342500,157500,691.1549
342500,162500,807.41876
342500,167500,761.7484
342500,172500,739.8849
342500,182500,915.068
342500,187500,808.50244
342500,192500,885.7425
342500,197500,928.8426
342500,202500,885.2108
342500,207500,832.7015
342500,212500,763.44446
342500,217500,715.10095
342500,222500,754.4622
342500,227500,716.83295
342500,232500,643.6358
342500,237500,578.5103
342500,242500,468.3043
342500,247500,470.68512
342500,252500,492.05826
342500,257500,476.99658
342500,262500,482.07343
342500,267500,538.4156
342500,272500,538.2307
342500,277500,550.3256
342500,282500,541.575
342500,287500,523.86285
342500,292500,593.411
342500,297500,727.94495
342500,302500,699.381
342500,307500,539.57733
342500,312500,456.69635
342500,317500,402.0014
342500,322500,411.7435
342500,327500,435.33832
342500,332500,431.98672
342500,337500,437.87607
342500,342500,391.95374
342500,347500,371.55777
342500,352500,358.9103
342500,357500,348.22824
342500,362500,376.4478
342500,367500,385.7334
342500,372500,417.16754
342500,377500,438.3204
342500,382500,460.18106
342500,387500,547.06793
342500,392500,570.3306
342500,397500,598.84467
342500,402500,618.62805
342500,407500,717.4826
342500,412500,724.69446
342500,417500,718.1677
342500,422500,771.0506
342500,427500,806.6707
342500,432500,789.77374
342500,437500,817.9757
342500,442500,870.22754
342500,447500,846.4943
342500,452500,964.50793
342500,457500,1074.0256
342500,462500,1145.6625
342500,477500,1213.2458
342500,482500,1330.2563
342500,487500,1195.0037
342500,492500,1206.0635
342500,497500,1180.1914
342500,502500,1198.9736
342500,507500,1623.1935
342500,512500,2002.8969
342500,517500,1959.6215
342500,522500,1580.3048
342500,527500,1324.6044
342500,532500,1198.5482
342500,537500,1033.5623
342500,542500,881.0272
342500,547500,765.81464
342500,552500,716.8209
342500,557500,695.16547
342500,562500,663.24744
342500,567500,703.6183
342500,572500,814.1331
342500,577500,938.7409
342500,582500,1075.6895
342500,587500,1309.4778
342500,592500,1444.0844
342500,597500,1587.985
342500,602500,1559.0107
342500,607500,1425.4321
342500,612500,1214.9949
342500,617500,1108.5875
342500,622500,973.0768
342500,627500,826.3582
342500,632500,753.41833
342500,637500,696.26495
342500,642500,807.23474
342500,647500,814.09827
342500,652500,705.6482
342500,657500,635.21606
342500,662500,572.0642
342500,667500,477.0562
342500,672500,416.98358
342500,677500,465.5669
342500,702500,383.9446
342500,707500,430.13193
342500,712500,446.19775
342500,717500,380.078
342500,722500,354.48688
342500,727500,312.34503
342500,732500,302.43158
342500,737500,380.0379
342500,742500,452.17188
342500,747500,382.9782
342500,752500,321.24335
342500,757500,347.11234
342500,762500,395.98224
342500,767500,520.89526
342500,772500,762.5729
342500,777500,900.1882
342500,782500,656.34924
342500,787500,674.17053
342500,792500,547.26605
342500,797500,283.01425
342500,802500,243.60928
342500,807500,270.95935
342500,812500,275.05853
342500,817500,289.52777
342500,822500,385.72687
342500,827500,368.21014
342500,832500,375.8577
342500,837500,387.3227
342500,842500,352.6183
342500,847500,338.15033
342500,852500,280.18124
342500,857500,298.59006
342500,862500,300.053
342500,867500,340.46796
342500,987500,1042.9443
342500,992500,1075.9412
342500,1007500,1091.0219
342500,1012500,1149.696
342500,1017500,1189.7625
342500,1022500,1223.4348
342500,1027500,1091.7091
342500,1032500,1268.2405
342500,1042500,1359.9666
342500,1047500,1368.3564
347500,92500,844.18604
347500,97500,809.1476
347500,102500,922.3905
347500,107500,928.9335
347500,112500,795.9757
347500,117500,658.2328
347500,122500,587.3373
347500,127500,539.9872
347500,132500,537.4053
347500,137500,522.3981
347500,142500,522.0403
347500,147500,492.50812
347500,152500,572.4683
347500,157500,822.22394
347500,162500,863.1162
347500,167500,821.82715
347500,172500,792.0443
347500,177500,821.5343
347500,187500,775.73083
347500,192500,840.62775
347500,197500,903.2534
347500,202500,830.1249
347500,207500,792.25006
347500,212500,722.2914
347500,217500,689.7277
347500,222500,690.1209
347500,227500,669.43896
347500,232500,593.7172
347500,237500,524.72034
347500,242500,454.2679
347500,247500,447.28564
347500,252500,464.98285
347500,257500,457.05402
347500,262500,463.41498
347500,267500,489.90265
347500,272500,522.85297
347500,277500,515.25214
347500,282500,504.28998
347500,287500,552.03656
347500,292500,622.9154
347500,297500,719.9391
347500,302500,632.3373
347500,307500,488.7806
347500,312500,423.58334
347500,317500,381.25433
347500,322500,397.5612
347500,327500,421.5124
347500,332500,416.0515
347500,337500,420.38336
347500,342500,383.19595
347500,347500,363.28067
347500,352500,354.17957
347500,357500,366.97717
347500,362500,393.76984
347500,367500,400.41525
347500,372500,415.17374
347500,377500,468.9754
347500,382500,516.2201
347500,387500,546.159
347500,392500,573.1197
347500,397500,601.1237
347500,402500,622.5495
347500,407500,701.03674
347500,412500,697.362
347500,417500,700.9153
347500,422500,754.4035
347500,427500,781.86035
347500,432500,752.0222
347500,437500,773.54553
347500,442500,787.99133
347500,447500,792.24457
347500,452500,884.39404
347500,457500,971.09
347500,462500,1054.9573
347500,467500,1056.9661
347500,472500,1112.5321
347500,477500,1085.1993
347500,482500,1177.2019
347500,487500,1128.5637
347500,492500,1151.4952
347500,497500,1211.7021
347500,502500,1376.1537
347500,507500,1798.9635
347500,512500,2074.8757
347500,517500,1849.3552
347500,522500,1408.678
347500,527500,1100.1046
347500,532500,949.5506
347500,537500,816.7075
347500,542500,738.23206
347500,547500,679.6334
347500,552500,685.76715
347500,557500,689.9118
347500,562500,690.54724
347500,567500,754.3534
347500,572500,861.14
347500,577500,1015.93097
347500,582500,1186.0507
347500,587500,1371.7587
347500,592500,1500.5104
347500,597500,1499.7969
347500,602500,1452.268
347500,607500,1278.3894
347500,612500,1030.8376
347500,617500,928.61096
347500,622500,833.58655
347500,627500,729.0398
347500,632500,638.3678
347500,637500,608.9777
347500,642500,684.47705
347500,647500,659.4654
347500,652500,597.6334
347500,657500,581.1763
347500,662500,555.8115
347500,667500,464.71674
347500,672500,399.90253
347500,677500,433.6643
347500,682500,406.22803
347500,702500,391.6184
347500,707500,473.05646
347500,712500,518.0431
347500,717500,439.05634
347500,722500,328.73895
347500,727500,300.627
347500,732500,291.24753
347500,737500,369.24515
347500,742500,421.59952
347500,747500,386.90826
347500,752500,334.16614
347500,757500,324.72638
347500,762500,380.09308
347500,767500,554.99756
347500,772500,711.0392
347500,777500,775.2289
347500,782500,527.8666
347500,787500,637.04
347500,792500,548.11584
347500,797500,266.9319
347500,802500,159.20833
347500,807500,173.1102
347500,812500,255.04231
347500,817500,255.98889
347500,822500,309.90143
347500,827500,310.6629
347500,832500,348.5489
347500,837500,362.57593
347500,842500,322.85553
347500,847500,310.7229
347500,852500,284.30338
347500,857500,313.32852
347500,862500,326.08807
347500,867500,349.91388
347500,987500,1091.5872
347500,992500,1105.7864
347500,997500,1043.2592
347500,1002500,1075.0503
347500,1007500,1189.8933
347500,1012500,1239.7346
347500,1017500,1169.151
347500,1042500,1404.2966
347500,1047500,1420.6096
347500,1052500,1371.0975
352500,87500,771.46185
352500,92500,866.5875
352500,97500,835.55194
352500,102500,964.4738
352500,107500,928.40173
352500,112500,773.11774
352500,117500,661.60974
352500,122500,599.6753
352500,127500,556.6588
352500,132500,560.9287
352500,137500,555.7423
352500,142500,539.2015
352500,147500,520.3097
352500,152500,804.4363
352500,157500,975.36804
352500,162500,873.4697
352500,167500,850.06946
352500,172500,799.06067
352500,177500,774.1884
352500,182500,725.6029
352500,192500,808.1573
352500,197500,858.0654
352500,202500,863.2217
352500,207500,830.01855
352500,212500,729.62366
352500,217500,680.71216
352500,222500,665.4352
352500,227500,609.5387
352500,232500,574.8103
352500,237500,514.2977
352500,242500,451.90048
352500,247500,434.81943
352500,252500,442.84515
352500,257500,455.0187
352500,262500,489.81
352500,267500,501.51154
352500,272500,489.64062
352500,277500,472.6722
352500,282500,515.4997
352500,287500,564.1967
352500,292500,601.14105
352500,297500,643.7519
352500,302500,576.1195
352500,307500,451.66913
352500,312500,399.6491
352500,317500,381.27087
352500,322500,394.11996
352500,327500,413.0035
352500,332500,420.035
352500,337500,430.5669
352500,342500,417.7885
352500,347500,412.70483
352500,352500,399.48325
352500,357500,412.7932
352500,362500,403.60895
352500,367500,407.3427
352500,372500,446.68515
352500,377500,508.95215
352500,382500,530.03577
352500,387500,566.5793
352500,392500,606.13245
352500,397500,600.16833
352500,402500,651.6195
352500,407500,695.6185
352500,412500,695.32654
352500,417500,729.9569
352500,422500,790.0393
352500,427500,816.198
352500,432500,762.7946
352500,437500,765.4893
352500,442500,719.41
352500,447500,779.78406
352500,452500,908.9876
352500,457500,997.39954
352500,462500,1158.0266
352500,467500,1107.1643
352500,472500,1064.1436
352500,477500,1007.70233
352500,482500,1088.5813
352500,487500,1096.6991
352500,492500,1199.6887
352500,497500,1296.1025
352500,502500,1562.8091
352500,507500,2007.5654
352500,512500,2137.5723
352500,517500,1579.2991
352500,522500,1171.0914
352500,527500,871.7814
352500,532500,704.8969
352500,537500,647.5137
352500,542500,632.07806
352500,547500,611.5146
352500,552500,696.3683
352500,557500,743.6178
352500,562500,789.3655
352500,567500,846.47314
352500,572500,960.14716
352500,577500,1108.1716
352500,582500,1243.7173
352500,587500,1405.5222
352500,592500,1440.9178
352500,597500,1362.1586
352500,602500,1335.2776
352500,607500,1159.409
352500,612500,946.42737
352500,617500,804.83264
352500,622500,717.76953
352500,627500,638.72687
352500,632500,562.77997
352500,637500,525.573
352500,642500,587.3096
352500,647500,555.2817
352500,652500,504.5411
352500,657500,536.0275
352500,662500,576.84015
352500,667500,482.50357
352500,672500,396.74542
352500,677500,433.52115
352500,682500,405.36227
352500,687500,430.11026
352500,702500,392.17853
352500,707500,453.921
352500,712500,497.3134
352500,717500,443.35028
352500,732500,315.88647
352500,737500,370.33737
352500,742500,422.28754
352500,747500,409.6812
352500,752500,349.09464
352500,757500,340.64752
352500,762500,361.3398
352500,767500,471.1928
352500,772500,583.3634
352500,777500,609.84863
352500,782500,468.09357
352500,787500,626.30505
352500,792500,509.5149
352500,797500,254.14896
352500,802500,149.80107
352500,807500,201.60321
352500,812500,237.28409
352500,817500,195.7302
352500,822500,264.2447
352500,827500,272.85413
352500,832500,299.30927
352500,837500,313.3117
352500,842500,285.58527
352500,847500,275.80304
352500,852500,272.48837
352500,857500,343.24368
352500,862500,446.2647
352500,867500,386.20544
352500,1002500,1161.4003
352500,1007500,1212.9944
352500,1017500,1173.8939
352500,1042500,1383.9607
357500,82500,887.84375
357500,87500,764.54285
357500,92500,910.71924
357500,97500,932.47766
357500,102500,994.4896
357500,107500,953.0257
357500,112500,782.86664
357500,117500,657.56335
357500,122500,606.59106
357500,127500,582.5669
357500,132500,580.662
357500,137500,577.22375
357500,142500,600.5689
357500,147500,750.02106
357500,152500,1066.1447
357500,157500,1047.6926
357500,162500,892.36053
357500,167500,864.67267
357500,172500,780.37427
357500,177500,731.36536
357500,182500,703.6027
357500,187500,679.94086
357500,192500,739.7284
357500,197500,822.9427
357500,202500,843.1836
357500,207500,822.3328
357500,212500,769.2181
357500,217500,682.9623
357500,222500,625.16235
357500,227500,573.8214
357500,232500,536.60803
357500,237500,494.2548
357500,242500,453.82895
357500,247500,418.9444
357500,252500,433.9139
357500,257500,485.58258
357500,262500,533.8601
357500,267500,496.48383
357500,272500,420.3182
357500,277500,486.73102
357500,282500,531.57196
357500,287500,587.3854
357500,292500,572.9542
357500,297500,569.9414
357500,302500,510.06342
357500,307500,403.87775
357500,312500,389.06427
357500,317500,388.90768
357500,322500,382.94882
357500,327500,399.31854
357500,332500,437.6812
357500,337500,449.4269
357500,342500,468.95917
357500,347500,466.4702
357500,352500,453.79727
357500,357500,454.38983
357500,362500,445.88828
357500,367500,482.97794
357500,372500,528.4399
357500,377500,529.52576
357500,382500,554.0619
357500,387500,602.5796
357500,392500,617.37164
357500,397500,646.5524
357500,402500,693.6017
357500,407500,685.0699
357500,412500,733.2091
357500,417500,778.8919
357500,422500,877.1996
357500,427500,919.6289
357500,432500,831.19855
357500,437500,841.08044
357500,442500,802.494
357500,447500,979.44275
357500,452500,1128.3342
357500,457500,1175.3455
357500,462500,1372.7805
357500,467500,1285.1842
357500,472500,1120.836
357500,477500,1046.476
357500,482500,1131.4729
357500,487500,1154.3484
357500,492500,1256.6995
357500,497500,1417.0492
357500,502500,1744.0065
357500,507500,1981.4908
357500,512500,1853.3701
357500,517500,1324.6443
357500,522500,983.95105
357500,527500,718.8222
357500,532500,604.77563
357500,537500,573.91046
357500,542500,586.24646
357500,547500,631.20935
357500,552500,809.8231
357500,557500,880.0946
357500,562500,878.37
357500,567500,873.4578
357500,572500,983.5506
357500,577500,1120.7152
357500,582500,1313.5345
357500,587500,1417.4213
357500,592500,1371.7961
357500,597500,1273.4087
357500,602500,1262.5007
357500,607500,1105.4172
357500,612500,849.6344
357500,617500,698.1265
357500,622500,602.34735
357500,627500,547.7533
357500,632500,477.05063
357500,637500,457.9986
357500,642500,492.62592
357500,647500,445.23535
357500,652500,481.19278
357500,657500,577.42224
357500,662500,613.98975
357500,667500,512.2258
357500,672500,417.77164
357500,677500,426.97577
357500,682500,394.2124
357500,702500,455.74014
357500,707500,496.91782
357500,712500,533.0023
357500,732500,363.9476
357500,737500,406.0744
357500,742500,427.75165
357500,747500,442.04404
357500,752500,365.0935
357500,757500,357.87723
357500,762500,344.5594
357500,767500,390.89117
357500,772500,444.00278
357500,777500,482.25726
357500,782500,525.22046
357500,787500,618.71857
357500,792500,452.99088
357500,797500,222.18498
357500,802500,164.21312
357500,807500,220.41902
357500,812500,239.10571
357500,817500,196.65091
357500,822500,245.37866
357500,827500,221.58057
357500,832500,239.83757
357500,837500,280.45526
357500,842500,255.74588
357500,847500,251.15683
357500,852500,299.15042
357500,857500,354.9295
357500,862500,430.8869
357500,867500,381.27182
357500,1002500,1196.1024
357500,1007500,1169.8833
357500,1032500,1291.2698
357500,1037500,1310.4435
362500,77500,855.7621
362500,82500,874.85046
362500,87500,794.53467
362500,92500,924.2581
362500,97500,930.6971
362500,102500,974.24054
362500,107500,940.82275
362500,112500,778.8268
362500,117500,646.589
362500,122500,617.03265
362500,127500,604.446
362500,132500,615.4984
362500,137500,619.2161
362500,142500,730.5868
362500,147500,980.91034
362500,152500,1101.2805
362500,157500,997.93036
362500,162500,890.7806
362500,167500,825.1177
362500,172500,745.0622
362500,177500,718.0111
362500,182500,704.3427
362500,187500,688.88245
362500,192500,704.93567
362500,197500,733.4179
362500,202500,796.0794
362500,207500,799.0122
362500,212500,746.4852
362500,217500,676.85583
362500,222500,607.7935
362500,227500,539.6365
362500,232500,507.37735
362500,237500,500.83603
362500,242500,479.9913
362500,247500,446.352
362500,252500,490.00482
362500,257500,540.8224
362500,262500,565.2866
362500,267500,492.67584
362500,272500,442.09946
362500,277500,573.51715
362500,282500,606.8277
362500,287500,618.09296
362500,292500,561.94354
362500,297500,509.3878
362500,302500,453.8173
362500,307500,387.00153
362500,312500,412.7154
362500,317500,392.11304
362500,322500,390.0292
362500,327500,405.54364
362500,332500,442.014
362500,337500,463.76337
362500,342500,482.0996
362500,347500,478.21136
362500,352500,462.82422
362500,357500,466.27676
362500,362500,483.52972
362500,367500,509.65656
362500,372500,525.8938
362500,377500,534.9577
362500,382500,584.52527
362500,387500,629.9132
362500,392500,625.2245
362500,397500,670.2288
362500,402500,651.4659
362500,407500,662.6882
362500,412500,690.867
362500,417500,839.0252
362500,422500,1022.65204
362500,427500,1020.50134
362500,432500,936.6515
362500,437500,973.9264
362500,442500,1030.9629
362500,447500,1306.0914
362500,452500,1349.7806
362500,457500,1482.7185
362500,462500,1610.3816
362500,467500,1296.5115
362500,472500,1060.1011
362500,477500,999.3293
362500,482500,1160.1272
362500,487500,1314.3635
362500,492500,1341.0496
362500,497500,1507.5271
362500,502500,1803.1926
362500,507500,1756.5814
362500,512500,1578.4342
362500,517500,1106.88
362500,522500,776.8908
362500,527500,544.88043
362500,532500,472.99887
362500,537500,557.9188
362500,542500,774.34924
362500,547500,972.1964
362500,552500,1198.5812
362500,557500,1176.0212
362500,562500,1033.614
362500,567500,978.3507
362500,572500,1109.1532
362500,577500,1316.7048
362500,582500,1542.9928
362500,587500,1492.7545
362500,592500,1327.8307
362500,597500,1200.686
362500,602500,1223.3617
362500,607500,1061.3638
362500,612500,795.39
362500,617500,638.77094
362500,622500,530.7042
362500,627500,482.12915
362500,632500,420.54062
362500,637500,417.82904
362500,642500,436.92422
362500,647500,434.86972
362500,652500,504.87344
362500,657500,614.6617
362500,662500,623.4008
362500,667500,542.5519
362500,672500,461.19336
362500,677500,426.62784
362500,682500,374.91147
362500,707500,544.6183
362500,737500,474.12836
362500,742500,435.69928
362500,747500,448.37036
362500,752500,400.14798
362500,757500,385.4621
362500,762500,343.63165
362500,767500,363.00793
362500,772500,340.17615
362500,777500,451.03076
362500,782500,561.67944
362500,787500,568.3035
362500,792500,365.79913
362500,797500,206.82011
362500,802500,178.66081
362500,807500,228.36726
362500,812500,242.53687
362500,817500,183.62874
362500,822500,232.47754
362500,827500,236.2397
362500,832500,240.46255
362500,837500,273.24225
362500,842500,276.1763
362500,847500,266.85437
362500,852500,294.84497
362500,857500,338.76486
362500,862500,416.91153
362500,867500,375.78476
362500,1022500,1168.4374
362500,1027500,1191.95
362500,1037500,1279.7524
367500,72500,835.9788
367500,77500,869.02527
367500,82500,904.5082
367500,87500,837.5421
367500,92500,910.2008
367500,97500,910.5951
367500,102500,967.1378
367500,107500,924.2082
367500,112500,787.4477
367500,117500,671.2033
367500,122500,662.6399
367500,127500,654.12683
367500,132500,674.83185
367500,137500,697.47107
367500,142500,895.3458
367500,147500,1077.2573
367500,152500,1031.9534
367500,157500,934.1859
367500,162500,856.9928
367500,167500,770.7048
367500,172500,712.58777
367500,177500,722.42444
367500,182500,715.02814
367500,187500,708.29834
367500,192500,708.1951
367500,197500,692.8367
367500,202500,721.89954
367500,207500,773.67175
367500,212500,745.90326
367500,217500,691.69305
367500,222500,619.86707
367500,227500,539.6348
367500,232500,508.70392
367500,237500,488.80917
367500,242500,474.8676
367500,247500,480.19498
367500,252500,520.688
367500,257500,521.9354
367500,262500,538.52374
367500,267500,519.36035
367500,272500,495.73877
367500,277500,566.33105
367500,282500,594.556
367500,287500,562.5499
367500,292500,523.12115
367500,297500,460.86002
367500,302500,428.90707
367500,307500,407.12286
367500,312500,423.52725
367500,317500,392.0971
367500,322500,385.3674
367500,327500,394.84943
367500,332500,446.54965
367500,337500,467.62933
367500,342500,494.74066
367500,347500,500.3543
367500,352500,478.18613
367500,357500,485.8396
367500,362500,498.6789
367500,367500,520.58673
367500,372500,532.83765
367500,377500,556.75104
367500,382500,603.92664
367500,387500,636.0901
367500,392500,624.7518
367500,397500,654.3604
367500,402500,649.6625
367500,407500,723.9993
367500,412500,835.5792
367500,417500,1124.4114
367500,422500,1225.2711
367500,427500,1120.1827
367500,432500,1076.4747
367500,437500,1097.0271
367500,442500,1189.4631
367500,447500,1362.6501
367500,452500,1382.7047
367500,457500,1551.7804
367500,462500,1584.5061
367500,467500,1277.6493
367500,472500,993.2445
367500,477500,1066.5344
367500,482500,1427.5658
367500,487500,1580.7214
367500,492500,1460.6665
367500,497500,1739.559
367500,502500,1871.9895
367500,507500,1566.9939
367500,512500,1359.5183
367500,517500,890.25745
367500,522500,592.5579
367500,527500,444.18695
367500,532500,633.6394
367500,537500,981.03143
367500,542500,1310.3503
367500,547500,1415.5974
367500,552500,1547.4818
367500,557500,1411.7151
367500,562500,1139.1254
367500,567500,1067.6608
367500,572500,1212.0105
367500,577500,1395.0002
367500,582500,1569.77
367500,587500,1373.5737
367500,592500,1177.3712
367500,597500,1121.9238
367500,602500,1170.8737
367500,607500,1024.2114
367500,612500,768.46
367500,617500,599.5958
367500,622500,506.5197
367500,627500,447.2875
367500,632500,392.6124
367500,637500,390.36832
367500,642500,410.64484
367500,647500,418.28867
367500,652500,501.43466
367500,657500,574.2643
367500,662500,577.42444
367500,667500,549.8993
367500,672500,498.87848
367500,677500,444.28647
367500,742500,483.4515
367500,747500,489.91348
367500,752500,463.71338
367500,757500,445.3129
367500,762500,356.7844
367500,767500,378.7851
367500,772500,379.61984
367500,777500,398.87314
367500,782500,523.382
367500,787500,509.8239
367500,792500,366.38382
367500,797500,204.41269
367500,802500,226.89001
367500,807500,283.79706
367500,812500,234.32632
367500,817500,198.0384
367500,822500,257.39566
367500,827500,245.53223
367500,832500,242.74162
367500,837500,280.07504
367500,842500,285.29095
367500,847500,280.01318
367500,852500,309.3295
367500,857500,338.2189
367500,862500,397.35764
367500,1022500,1183.3175
367500,1037500,1315.6294
367500,1042500,1342.4078
372500,82500,956.4699
372500,87500,822.0897
372500,92500,844.68536
372500,97500,863.02716
372500,102500,919.31445
372500,107500,919.73016
372500,112500,794.63403
372500,117500,707.3107
372500,122500,693.8185
372500,127500,673.49304
372500,132500,712.6432
372500,137500,808.248
372500,142500,982.5454
372500,147500,1033.0669
372500,152500,946.362
372500,157500,880.3229
372500,162500,797.97577
372500,167500,711.4665
372500,172500,715.87225
372500,177500,731.8111
372500,182500,731.7539
372500,187500,712.45886
372500,192500,692.558
372500,197500,679.5802
372500,202500,693.58057
372500,207500,696.8606
372500,212500,707.1754
372500,217500,657.441
372500,222500,609.9299
372500,227500,522.746
372500,232500,465.41675
372500,237500,453.59506
372500,242500,486.44208
372500,247500,509.09872
372500,252500,519.5145
372500,257500,484.93848
372500,262500,489.7338
372500,267500,466.45795
372500,272500,486.58237
372500,277500,496.12076
372500,282500,506.654
372500,287500,486.42963
372500,292500,453.44034
372500,297500,429.32935
372500,302500,412.93204
372500,307500,401.35553
372500,312500,419.26895
372500,317500,412.53632
372500,322500,401.0758
372500,327500,409.7509
372500,332500,460.3619
372500,337500,488.49243
372500,342500,514.93054
372500,347500,515.94495
372500,352500,500.45258
372500,357500,509.22656
372500,362500,514.7223
372500,367500,527.8316
372500,372500,553.0141
372500,377500,578.8141
372500,382500,622.4603
372500,387500,632.3071
372500,392500,620.1345
372500,397500,644.19183
372500,402500,686.1566
372500,407500,840.38214
372500,412500,946.5018
372500,417500,1173.164
372500,422500,1270.0198
372500,427500,1244.2908
372500,432500,1179.7552
372500,437500,1191.8127
372500,442500,1141.9375
372500,447500,1308.0969
372500,452500,1404.4192
372500,457500,1467.749
372500,462500,1601.9609
372500,467500,1214.3367
372500,472500,1139.9316
372500,477500,1557.8999
372500,482500,1962.2584
372500,487500,1770.7878
372500,492500,1702.6299
372500,497500,1930.0583
372500,502500,1929.4541
372500,507500,1522.9528
372500,512500,1201.6777
372500,517500,737.70105
372500,522500,597.8966
372500,527500,819.5897
372500,532500,1351.9662
372500,537500,1515.0652
372500,542500,1706.8896
372500,547500,1556.4885
372500,552500,1453.5212
372500,557500,1330.1277
372500,562500,1062.7776
372500,567500,995.5975
372500,572500,1136.5503
372500,577500,1283.3367
372500,582500,1338.119
372500,587500,1118.2859
372500,592500,1040.2498
372500,597500,1084.8405
372500,602500,1098.6233
372500,607500,961.8298
372500,612500,741.83484
372500,617500,591.68304
372500,622500,524.3706
372500,627500,451.36044
372500,632500,398.1159
372500,637500,379.21124
372500,642500,391.8032
372500,647500,405.17853
372500,652500,466.31763
372500,657500,506.70322
372500,662500,512.3539
372500,667500,542.19086
372500,672500,490.71524
372500,677500,471.58725
372500,757500,515.46967
372500,762500,376.30554
372500,767500,374.40958
372500,772500,424.35855
372500,777500,380.12106
372500,782500,432.3681
372500,787500,488.78833
372500,792500,424.40787
372500,797500,269.48676
372500,802500,259.29468
372500,807500,259.26804
372500,812500,222.7852
372500,817500,211.61295
372500,822500,248.2738
372500,827500,212.21199
372500,832500,245.63086
372500,837500,279.85056
372500,842500,279.965
372500,847500,274.9964
372500,852500,300.27206
372500,857500,299.58774
372500,862500,385.5694
372500,1042500,1287.4883
377500,82500,1013.98846
377500,87500,818.02185
377500,92500,804.9254
377500,97500,802.53827
377500,102500,844.48584
377500,107500,889.7002
377500,112500,790.5475
377500,117500,702.23016
377500,122500,673.23254
377500,127500,686.07306
377500,132500,750.61597
377500,137500,883.78485
377500,142500,952.95764
377500,147500,928.24646
377500,152500,846.298
377500,157500,794.8567
377500,162500,746.79
377500,167500,711.2431
377500,172500,765.5692
377500,177500,788.0346
377500,182500,763.6102
377500,187500,726.36127
377500,192500,688.85144
377500,197500,707.76843
377500,202500,692.7839
377500,207500,646.6523
377500,212500,643.9218
377500,217500,611.0094
377500,222500,574.654
377500,227500,519.69086
377500,232500,469.5687
377500,237500,470.46368
377500,242500,505.99896
377500,247500,518.0768
377500,252500,484.3312
377500,257500,445.44986
377500,262500,441.08023
377500,267500,451.03442
377500,272500,463.21735
377500,277500,437.25934
377500,282500,428.30624
377500,287500,436.22723
377500,292500,422.9485
377500,297500,413.0866
377500,302500,410.65356
377500,307500,408.28024
377500,312500,425.9339
377500,317500,437.98404
377500,322500,423.39404
377500,327500,446.38516
377500,332500,503.96664
377500,337500,529.8429
377500,342500,521.6221
377500,347500,520.3718
377500,352500,529.59705
377500,357500,538.77386
377500,362500,542.5619
377500,367500,559.1135
377500,372500,589.59576
377500,377500,614.5155
377500,382500,646.0591
377500,387500,637.516
377500,392500,639.512
377500,397500,665.70044
377500,402500,735.3595
377500,407500,859.629
377500,412500,931.2191
377500,417500,1207.6311
377500,422500,1332.052
377500,427500,1315.0754
377500,432500,1202.282
377500,437500,1132.3353
377500,442500,1230.5677
377500,447500,1287.0112
377500,452500,1304.0347
377500,457500,1359.5813
377500,462500,1470.0598
377500,467500,1211.128
377500,472500,1466.6516
377500,477500,1867.4133
377500,482500,1991.7096
377500,487500,1953.1272
377500,492500,1978.7842
377500,497500,1976.3965
377500,502500,1862.1578
377500,507500,1483.9061
377500,512500,1048.1575
377500,517500,782.53534
377500,522500,1088.7169
377500,527500,1422.9692
377500,532500,1746.6436
377500,537500,1712.6785
377500,542500,1766.8922
377500,547500,1500.5637
377500,552500,1403.4009
377500,557500,1251.8865
377500,562500,981.8751
377500,567500,914.06525
377500,572500,1060.954
377500,577500,1127.3054
377500,582500,1088.1652
377500,587500,931.0256
377500,592500,938.1707
377500,597500,986.73303
377500,602500,885.79266
377500,607500,821.13446
377500,612500,698.4231
377500,617500,594.2003
377500,622500,527.60486
377500,627500,444.7459
377500,632500,393.09503
377500,637500,364.4218
377500,642500,363.06317
377500,647500,374.0105
377500,652500,411.9958
377500,657500,435.74408
377500,662500,462.88614
377500,667500,497.4934
377500,672500,461.82437
377500,767500,422.49634
377500,772500,505.35947
377500,777500,412.65625
377500,782500,427.08383
377500,787500,442.0332
377500,792500,436.1504
377500,797500,327.58002
377500,802500,247.01974
377500,807500,227.61736
377500,812500,239.45633
377500,817500,217.9552
377500,822500,220.65686
377500,827500,214.95804
377500,832500,271.68195
377500,837500,279.24323
377500,842500,251.5104
377500,847500,264.67313
377500,852500,294.6142
377500,857500,302.10712
377500,862500,414.24432
382500,82500,1055.6145
382500,87500,818.2392
382500,92500,792.03375
382500,97500,761.8527
382500,102500,794.02527
382500,107500,862.93
382500,112500,765.8082
382500,117500,683.4958
382500,122500,692.8812
382500,127500,730.60144
382500,132500,780.2665
382500,137500,902.2656
382500,142500,921.7039
382500,147500,878.2418
382500,152500,802.4673
382500,157500,758.6302
382500,162500,723.34314
382500,167500,729.7182
382500,172500,785.726
382500,177500,806.52014
382500,182500,781.37915
382500,187500,745.96497
382500,192500,742.49396
382500,197500,760.4574
382500,202500,701.51355
382500,207500,615.5442
382500,212500,618.4965
382500,217500,578.9728
382500,222500,546.9466
382500,227500,517.3168
382500,232500,489.80005
382500,237500,484.27936
382500,242500,500.7376
382500,247500,489.75128
382500,252500,450.35825
382500,257500,435.34555
382500,262500,425.80182
382500,267500,429.4936
382500,272500,429.4209
382500,277500,418.27106
382500,282500,431.80353
382500,287500,438.61426
382500,292500,414.10614
382500,297500,412.54922
382500,302500,421.4835
382500,307500,430.95914
382500,312500,446.76532
382500,317500,455.25372
382500,322500,455.57724
382500,327500,483.3377
382500,332500,520.5165
382500,337500,534.3945
382500,342500,539.00714
382500,347500,541.2288
382500,352500,551.97705
382500,357500,570.471
382500,362500,579.89703
382500,367500,588.3591
382500,372500,624.6829
382500,377500,647.08563
382500,382500,670.91034
382500,387500,671.8636
382500,392500,672.6453
382500,397500,700.45654
382500,402500,763.5573
382500,407500,897.58215
382500,412500,905.80597
382500,417500,1218.3641
382500,422500,1366.3026
382500,427500,1381.7233
382500,432500,1292.4603
382500,437500,1223.7869
382500,442500,1304.7969
382500,447500,1289.5898
382500,452500,1195.1145
382500,457500,1151.6777
382500,462500,1186.5637
382500,467500,1264.2859
382500,472500,1536.8035
382500,477500,1883.4482
382500,482500,2011.1849
382500,487500,2058.9219
382500,492500,1896.0013
382500,497500,1887.9346
382500,502500,1716.3737
382500,507500,1385.3073
382500,512500,1055.5994
382500,517500,1045.7533
382500,522500,1392.2515
382500,527500,1589.6898
382500,532500,1708.4047
382500,537500,1675.9844
382500,542500,1734.6492
382500,547500,1579.0554
382500,552500,1346.4979
382500,557500,1164.5339
382500,562500,872.32654
382500,567500,816.7905
382500,572500,939.00793
382500,577500,936.0962
382500,582500,828.75745
382500,587500,788.5615
382500,592500,855.3696
382500,597500,832.48956
382500,602500,752.09845
382500,607500,748.63776
382500,612500,682.55304
382500,617500,631.1576
382500,622500,555.91907
382500,627500,489.95834
382500,632500,417.03174
382500,637500,361.80127
382500,642500,331.31308
382500,647500,336.72598
382500,652500,361.17764
382500,657500,362.28268
382500,662500,404.30524
382500,667500,426.8602
382500,772500,534.23254
382500,777500,454.43027
382500,782500,480.4034
382500,787500,429.50592
382500,792500,443.56314
382500,797500,363.78098
382500,802500,259.9922
382500,807500,245.31194
382500,812500,258.43243
382500,817500,214.50076
382500,822500,237.38176
382500,827500,271.042
382500,832500,299.06512
382500,837500,269.94302
382500,842500,266.86417
382500,847500,302.97092
382500,852500,327.0522
382500,857500,338.8358
382500,862500,462.60333
382500,867500,450.612
387500,82500,1059.1167
387500,87500,794.9437
387500,92500,780.99176
387500,97500,749.2453
387500,102500,781.97534
387500,107500,800.15985
387500,112500,715.5237
387500,117500,681.37244
387500,122500,735.15247
387500,127500,769.8539
387500,132500,809.6345
387500,137500,918.36395
387500,142500,893.5656
387500,147500,830.67883
387500,152500,749.8866
387500,157500,710.07184
387500,162500,677.0857
387500,167500,696.29144
387500,172500,755.1404
387500,177500,769.69836
387500,182500,755.06995
387500,187500,746.54443
387500,192500,757.5582
387500,197500,758.3802
387500,202500,706.84595
387500,207500,646.8785
387500,212500,661.58075
387500,217500,599.45514
387500,222500,552.1877
387500,227500,525.30756
387500,232500,492.47955
387500,237500,476.587
387500,242500,457.41583
387500,247500,447.71307
387500,252500,428.12558
387500,257500,416.73724
387500,262500,408.97314
387500,267500,402.75708
387500,272500,407.83963
387500,277500,423.9271
387500,282500,445.47446
387500,287500,441.7143
387500,292500,428.31958
387500,297500,454.02066
387500,302500,469.98407
387500,307500,469.22305
387500,312500,470.0109
387500,317500,486.08575
387500,322500,495.74707
387500,327500,495.73062
387500,332500,521.73895
387500,337500,551.8006
387500,342500,570.5618
387500,347500,572.18805
387500,352500,586.3259
387500,357500,619.0374
387500,362500,641.92395
387500,367500,643.90607
387500,372500,689.3715
387500,377500,723.89374
387500,382500,744.11743
387500,387500,698.6094
387500,392500,698.5138
387500,397500,739.0494
387500,402500,805.9616
387500,407500,968.55615
387500,412500,1035.9343
387500,417500,1335.8954
387500,422500,1472.6785
387500,427500,1455.511
387500,432500,1358.8445
387500,437500,1362.7444
387500,442500,1304.7681
387500,447500,1264.7948
387500,452500,1100.046
387500,457500,1010.0641
387500,462500,1225.5132
387500,467500,1455.1072
387500,472500,1741.7795
387500,477500,1980.9705
387500,482500,2064.6912
387500,487500,2038.2637
387500,492500,1756.5625
387500,497500,1926.3285
387500,502500,1713.2959
387500,507500,1524.3805
387500,512500,1290.0028
387500,517500,1323.1785
387500,522500,1556.2179
387500,527500,1637.0822
387500,532500,1610.8307
387500,537500,1583.2621
387500,542500,1542.3644
387500,547500,1431.9431
387500,552500,1145.9478
387500,557500,944.02704
387500,562500,741.05725
387500,567500,691.922
387500,572500,761.6387
387500,577500,717.50037
387500,582500,673.0603
387500,587500,733.2354
387500,592500,756.1918
387500,597500,700.26117
387500,602500,705.52966
387500,607500,657.64056
387500,612500,639.3009
387500,617500,647.36816
387500,622500,639.9972
387500,627500,555.8943
387500,632500,423.47247
387500,637500,351.55
387500,642500,316.81454
387500,647500,313.5765
387500,652500,323.37576
387500,657500,332.69415
387500,662500,375.78183
387500,667500,399.7851
387500,777500,519.7633
387500,782500,554.5149
387500,787500,455.61945
387500,792500,460.03564
387500,797500,394.8435
387500,802500,328.78082
387500,807500,314.50446
387500,812500,302.81342
387500,817500,260.9871
387500,822500,295.80447
387500,827500,307.04062
387500,832500,291.2853
387500,837500,247.6199
387500,842500,282.381
387500,847500,319.0033
387500,852500,355.75632
387500,857500,382.244
387500,862500,494.89584
392500,77500,973.161
392500,82500,1100.5161
392500,87500,796.8729
392500,92500,771.0421
392500,97500,717.8973
392500,102500,717.9036
392500,107500,724.06067
392500,112500,694.42535
392500,117500,750.74567
392500,122500,826.41406
392500,127500,821.4879
392500,132500,849.6711
392500,137500,911.0023
392500,142500,831.7419
392500,147500,795.71606
392500,152500,743.81213
392500,157500,682.1293
392500,162500,632.5059
392500,167500,654.6522
392500,172500,719.4038
392500,177500,729.7252
392500,182500,713.004
392500,187500,704.2489
392500,192500,707.7574
392500,197500,734.0085
392500,202500,718.7467
392500,207500,716.5509
392500,212500,728.70337
392500,217500,655.47864
392500,222500,574.84973
392500,227500,538.9539
392500,232500,495.2579
392500,237500,474.51474
392500,242500,462.54608
392500,247500,442.3167
392500,252500,435.1452
392500,257500,422.1458
392500,262500,419.71103
392500,267500,412.56525
392500,272500,415.7731
392500,277500,449.97525
392500,282500,485.6586
392500,287500,467.15448
392500,292500,480.36444
392500,297500,498.85083
392500,302500,496.07373
392500,307500,483.41913
392500,312500,477.4305
392500,317500,498.28027
392500,322500,495.22208
392500,327500,487.27042
392500,332500,505.49518
392500,337500,544.2705
392500,342500,577.80145
392500,347500,613.6105
392500,352500,675.47156
392500,357500,701.18884
392500,362500,710.13
392500,367500,700.5024
392500,372500,783.1271
392500,377500,792.9784
392500,382500,809.00696
392500,387500,747.8234
392500,392500,750.606
392500,397500,816.85046
392500,402500,873.4183
392500,407500,1072.1285
392500,412500,1202.234
392500,417500,1434.5133
392500,422500,1576.447
392500,427500,1449.3265
392500,432500,1405.5704
392500,437500,1417.8395
392500,442500,1285.7083
392500,447500,1234.3589
392500,452500,1075.0396
392500,457500,1054.9987
392500,462500,1298.5126
392500,467500,1631.6521
392500,472500,1769.4623
392500,477500,1890.4476
392500,482500,1989.1094
392500,487500,1838.4495
392500,492500,1630.9783
392500,497500,1705.544
392500,502500,1605.1855
392500,507500,1606.6771
392500,512500,1437.0278
392500,517500,1404.086
392500,522500,1502.9011
392500,527500,1379.2843
392500,532500,1490.2942
392500,537500,1394.3792
392500,542500,1232.1075
392500,547500,1182.6891
392500,552500,963.73535
392500,557500,800.154
392500,562500,614.81024
392500,567500,564.7213
392500,572500,578.7754
392500,577500,547.59375
392500,582500,595.04517
392500,587500,661.2347
392500,592500,656.7722
392500,597500,640.62976
392500,602500,635.1223
392500,607500,545.0119
392500,612500,616.2107
392500,617500,690.7515
392500,622500,716.1275
392500,627500,580.6593
392500,632500,403.28302
392500,637500,323.62302
392500,642500,315.58405
392500,647500,313.64578
392500,652500,325.388
392500,657500,351.4157
392500,662500,417.23993
392500,667500,431.36475
392500,792500,489.85126
392500,797500,423.0849
392500,802500,421.97662
392500,807500,357.49792
392500,812500,318.7673
392500,817500,322.79657
392500,822500,339.05756
392500,827500,323.2946
392500,832500,274.7067
392500,837500,275.58868
392500,842500,326.7404
392500,847500,345.98425
392500,852500,372.16544
392500,857500,385.8159
392500,862500,478.97427
392500,867500,428.94815
397500,77500,1054.6477
397500,82500,1185.4414
397500,87500,835.31036
397500,92500,802.99854
397500,97500,711.475
397500,102500,698.7411
397500,107500,704.9115
397500,112500,701.6058
397500,117500,754.0004
397500,122500,837.1302
397500,127500,827.52625
397500,132500,814.1211
397500,137500,832.09534
397500,142500,770.05414
397500,147500,766.8327
397500,152500,758.30554
397500,157500,672.7927
397500,162500,619.6815
397500,167500,664.6948
397500,172500,702.2067
397500,177500,701.8482
397500,182500,683.5855
397500,187500,674.7228
397500,192500,684.8787
397500,197500,722.7666
397500,202500,718.9682
397500,207500,769.1785
397500,212500,782.44586
397500,217500,722.1702
397500,222500,606.6232
397500,227500,578.5127
397500,232500,522.3863
397500,237500,508.4213
397500,242500,504.02533
397500,247500,459.933
397500,252500,444.21735
397500,257500,435.77002
397500,262500,441.7076
397500,267500,447.5478
397500,272500,479.22144
397500,277500,548.05304
397500,282500,565.25543
397500,287500,538.4077
397500,292500,545.18787
397500,297500,516.3148
397500,302500,511.8238
397500,307500,497.75067
397500,312500,492.17178
397500,317500,527.7287
397500,322500,516.2707
397500,327500,499.34174
397500,332500,538.1933
397500,337500,615.993
397500,342500,642.6437
397500,347500,697.6042
397500,352500,755.8071
397500,357500,741.32074
397500,362500,776.80255
397500,367500,822.97687
397500,372500,932.9673
397500,377500,949.10077
397500,382500,937.8203
397500,387500,835.0433
397500,392500,847.70264
397500,397500,908.04944
397500,402500,1024.9985
397500,407500,1205.8044
397500,412500,1313.3752
397500,417500,1513.212
397500,422500,1611.6656
397500,427500,1459.5999
397500,432500,1461.0327
397500,437500,1462.633
397500,442500,1321.1443
397500,447500,1190.5773
397500,452500,1005.495
397500,457500,1119.0321
397500,462500,1403.736
397500,467500,1587.7097
397500,472500,1638.4008
397500,477500,1839.925
397500,482500,1893.2623
397500,487500,1547.406
397500,492500,1392.2645
397500,497500,1466.1316
397500,502500,1439.8519
397500,507500,1486.3597
397500,512500,1342.7626
397500,517500,1221.3575
397500,522500,1164.9283
397500,527500,1107.2943
397500,532500,1226.1794
397500,537500,1062.5732
397500,542500,919.4251
397500,547500,917.9618
397500,552500,757.0655
397500,557500,638.6384
397500,562500,485.10898
397500,567500,448.14957
397500,572500,485.44385
397500,577500,505.72623
397500,582500,556.2842
397500,587500,598.18646
397500,592500,609.5731
397500,597500,615.68835
397500,602500,553.07043
397500,607500,493.6627
397500,612500,591.8268
397500,617500,647.0514
397500,622500,645.7561
397500,627500,511.20697
397500,632500,334.04965
397500,637500,301.62338
397500,642500,333.93744
397500,647500,319.00726
397500,652500,348.4927
397500,657500,382.6739
397500,662500,462.70728
397500,802500,500.51352
397500,812500,401.4577
397500,817500,414.55377
397500,822500,381.54065
397500,827500,364.77972
397500,832500,307.88287
397500,837500,349.56973
397500,842500,385.47836
397500,847500,382.83243
397500,852500,395.54608
397500,857500,410.84906
397500,862500,509.13022
397500,867500,456.84344
402500,77500,1084.9768
402500,82500,1165.5787
402500,87500,799.4293
402500,92500,780.08136
402500,97500,692.69507
402500,102500,683.78186
402500,107500,690.6872
402500,112500,700.7959
402500,117500,765.23206
402500,122500,827.88367
402500,127500,819.22266
402500,132500,780.6045
402500,137500,779.1734
402500,142500,749.36224
402500,147500,728.54675
402500,152500,713.1922
402500,157500,661.6218
402500,162500,626.0723
402500,167500,682.1886
402500,172500,699.0486
402500,177500,700.97833
402500,182500,682.95264
402500,187500,676.3807
402500,192500,682.65643
402500,197500,709.1547
402500,202500,707.7399
402500,207500,762.6006
402500,212500,781.64124
402500,217500,723.6173
402500,222500,678.366
402500,227500,664.4914
402500,232500,570.65186
402500,237500,542.90436
402500,242500,497.20892
402500,247500,457.20258
402500,252500,450.3243
402500,257500,448.5124
402500,262500,470.99545
402500,267500,495.53363
402500,272500,543.8939
402500,277500,602.3587
402500,282500,595.9957
402500,287500,570.3769
402500,292500,539.85736
402500,297500,518.10974
402500,302500,521.4424
402500,307500,512.0069
402500,312500,538.8324
402500,317500,560.83655
402500,322500,516.28564
402500,327500,512.12415
402500,332500,585.0441
402500,337500,613.15314
402500,342500,652.54565
402500,347500,656.5806
402500,352500,732.39557
402500,357500,790.39465
402500,362500,930.40594
402500,367500,1070.056
402500,372500,1208.5066
402500,377500,1144.3766
402500,382500,1005.4552
402500,387500,882.3309
402500,392500,967.3449
402500,397500,996.3165
402500,402500,1178.5312
402500,407500,1408.1321
402500,412500,1524.2133
402500,417500,1631.4987
402500,422500,1522.2551
402500,427500,1320.6392
402500,432500,1471.1471
402500,437500,1450.5715
402500,442500,1249.3201
402500,447500,1035.4578
402500,452500,963.84454
402500,457500,1162.4231
402500,462500,1327.4231
402500,467500,1357.4153
402500,472500,1654.0153
402500,477500,1785.46
402500,482500,1684.6068
402500,487500,1330.2504
402500,492500,1179.4832
402500,497500,1289.0272
402500,502500,1201.3643
402500,507500,1308.7642
402500,512500,1163.53
402500,517500,942.1284
402500,522500,859.3756
402500,527500,973.0215
402500,532500,1009.5856
402500,537500,801.349
402500,542500,765.3713
402500,547500,769.3823
402500,552500,619.24066
402500,557500,520.9601
402500,562500,386.79926
402500,567500,391.35098
402500,572500,428.96014
402500,577500,485.06757
402500,582500,512.5838
402500,587500,529.3276
402500,592500,548.644
402500,597500,572.04535
402500,602500,497.63754
402500,607500,474.0014
402500,612500,502.7976
402500,617500,524.4707
402500,622500,492.08795
402500,627500,375.90503
402500,632500,297.11807
402500,637500,312.65405
402500,642500,333.6546
402500,647500,300.66257
402500,827500,367.35382
402500,832500,345.42188
402500,837500,379.8327
402500,842500,402.23956
402500,847500,385.14667
402500,852500,399.0281
402500,857500,410.4809
402500,862500,483.80206
407500,92500,859.8585
407500,97500,716.56805
407500,102500,699.3191
407500,107500,671.87195
407500,112500,692.2611
407500,117500,762.39404
407500,122500,792.76874
407500,127500,789.92377
407500,132500,734.92487
407500,137500,721.96814
407500,142500,701.90674
407500,147500,673.7245
407500,152500,728.48615
407500,157500,713.8895
407500,162500,681.66077
407500,167500,745.7855
407500,172500,740.4325
407500,177500,745.4946
407500,182500,709.31134
407500,187500,678.20233
407500,192500,662.6188
407500,197500,674.99646
407500,202500,677.2941
407500,207500,749.5626
407500,212500,767.9554
407500,217500,749.2864
407500,222500,738.703
407500,227500,691.33075
407500,232500,604.7386
407500,237500,568.149
407500,242500,499.58163
407500,247500,473.76172
407500,252500,467.07462
407500,257500,475.65497
407500,262500,499.80878
407500,267500,517.85675
407500,272500,569.6764
407500,277500,615.57166
407500,282500,602.5918
407500,287500,554.6363
407500,292500,515.3998
407500,297500,524.93665
407500,302500,536.5026
407500,307500,533.34534
407500,312500,554.551
407500,317500,531.9421
407500,322500,488.30048
407500,327500,531.501
407500,332500,588.5759
407500,337500,588.858
407500,342500,613.3546
407500,347500,707.7269
407500,352500,900.1343
407500,357500,1011.0697
407500,362500,1139.0125
407500,367500,1242.8157
407500,372500,1270.634
407500,377500,1163.1881
407500,382500,1022.70996
407500,387500,1047.7804
407500,392500,1156.3567
407500,397500,1312.4249
407500,402500,1532.2817
407500,407500,1716.2018
407500,412500,1629.4125
407500,417500,1531.3898
407500,422500,1304.9597
407500,427500,1194.229
407500,432500,1336.9307
407500,437500,1262.0764
407500,442500,1022.7966
407500,447500,983.72156
407500,452500,991.4216
407500,457500,1122.6754
407500,462500,1276.1007
407500,467500,1482.6383
407500,472500,1649.3246
407500,477500,1582.5109
407500,482500,1466.8722
407500,487500,1090.5356
407500,492500,973.5701
407500,497500,1029.0063
407500,502500,963.1403
407500,507500,1083.7468
407500,512500,913.68243
407500,517500,682.9529
407500,522500,675.2218
407500,527500,796.7955
407500,532500,751.17633
407500,537500,606.14856
407500,542500,610.90027
407500,547500,609.76733
407500,552500,492.64655
407500,557500,420.36118
407500,562500,347.75937
407500,567500,352.3722
407500,572500,389.90448
407500,577500,447.5722
407500,582500,449.0726
407500,587500,447.18652
407500,592500,473.3142
407500,597500,465.27124
407500,602500,403.39172
407500,607500,439.0857
407500,612500,404.07812
407500,617500,369.6815
407500,622500,332.31454
407500,627500,325.12143
407500,632500,325.87137
407500,637500,320.49286
407500,642500,331.71173
407500,832500,424.50397
407500,837500,432.8476
407500,842500,434.3217
407500,847500,432.90787
407500,852500,458.40665
407500,857500,437.03558
407500,862500,505.05786
412500,92500,983.2946
412500,97500,759.2307
412500,102500,753.342
412500,107500,684.4514
412500,112500,707.99066
412500,117500,724.2946
412500,122500,755.1848
412500,127500,748.9134
412500,132500,684.148
412500,137500,679.7537
412500,142500,671.12317
412500,147500,667.744
412500,152500,741.4208
412500,157500,729.9518
412500,162500,752.9691
412500,167500,817.6032
412500,172500,801.35376
412500,177500,814.76355
412500,182500,760.49316
412500,187500,678.2628
412500,192500,658.62067
412500,197500,634.2914
412500,202500,640.6003
412500,207500,706.52954
412500,212500,733.08496
412500,217500,764.7096
412500,222500,751.09766
412500,227500,712.1361
412500,232500,666.83704
412500,237500,627.8329
412500,242500,528.79834
412500,247500,483.74136
412500,252500,464.67816
412500,257500,481.23895
412500,262500,501.17206
412500,267500,528.07916
412500,272500,583.1258
412500,277500,598.2745
412500,282500,584.0075
412500,287500,537.89343
412500,292500,509.5479
412500,297500,522.297
412500,302500,537.34265
412500,307500,529.88586
412500,312500,519.41956
412500,317500,488.20074
412500,322500,482.23193
412500,327500,548.1024
412500,332500,560.3836
412500,337500,571.1902
412500,342500,624.947
412500,347500,780.5744
412500,352500,941.1642
412500,357500,1019.08057
412500,362500,1082.6106
412500,367500,1174.5685
412500,372500,1179.9431
412500,377500,1140.0416
412500,382500,1182.4285
412500,387500,1286.6375
412500,392500,1407.8917
412500,397500,1575.8578
412500,402500,1708.4727
412500,407500,1710.1937
412500,412500,1458.9646
412500,417500,1186.4045
412500,422500,1018.0802
412500,427500,1005.1216
412500,432500,1091.5901
412500,437500,948.68915
412500,442500,884.5576
412500,447500,894.6844
412500,452500,911.454
412500,457500,1115.9087
412500,462500,1321.2522
412500,467500,1432.1179
412500,472500,1433.8257
412500,477500,1331.8865
412500,482500,1231.4968
412500,487500,880.99054
412500,492500,759.5866
412500,497500,783.6008
412500,502500,748.776
412500,507500,810.0492
412500,512500,651.8772
412500,517500,520.9403
412500,522500,528.0797
412500,527500,612.7518
412500,532500,542.06104
412500,537500,475.9959
412500,542500,514.05756
412500,547500,466.92352
412500,552500,417.80084
412500,557500,369.19794
412500,562500,325.46964
412500,567500,313.31775
412500,572500,353.21265
412500,577500,380.97772
412500,582500,379.79425
412500,587500,375.1242
412500,592500,400.94272
412500,597500,373.64713
412500,602500,347.06732
412500,607500,388.47845
412500,612500,353.70715
412500,617500,315.33527
412500,622500,323.33228
412500,627500,346.0468
412500,632500,348.0064
412500,637500,296.30148
412500,842500,530.3624
412500,847500,527.45056
412500,852500,538.12836
417500,92500,958.26337
417500,97500,743.7527
417500,102500,752.1071
417500,107500,690.99744
417500,112500,703.3561
417500,117500,722.27374
417500,122500,735.9934
417500,127500,703.1217
417500,132500,664.1398
417500,137500,667.2601
417500,142500,667.4337
417500,147500,661.0504
417500,152500,716.90027
417500,157500,756.7441
417500,162500,805.0758
417500,167500,843.3331
417500,172500,826.1291
417500,177500,836.23376
417500,182500,772.6979
417500,187500,658.25964
417500,192500,640.52637
417500,197500,598.71326
417500,202500,597.50085
417500,207500,651.79767
417500,212500,690.36774
417500,217500,734.78845
417500,222500,726.4959
417500,227500,717.5663
417500,232500,698.4709
417500,237500,644.7576
417500,242500,551.0655
417500,247500,502.89282
417500,252500,465.30215
417500,257500,478.95966
417500,262500,505.22137
417500,267500,532.3048
417500,272500,570.30585
417500,277500,573.5608
417500,282500,558.2374
417500,287500,522.1266
417500,292500,505.38763
417500,297500,516.0733
417500,302500,517.46594
417500,307500,508.1341
417500,312500,487.91724
417500,317500,470.16382
417500,322500,496.50357
417500,327500,554.41565
417500,332500,523.56696
417500,337500,552.0005
417500,342500,674.13965
417500,347500,751.465
417500,352500,861.44934
417500,357500,969.23425
417500,362500,1076.5613
417500,367500,1097.096
417500,372500,1063.3777
417500,377500,1134.8909
417500,382500,1214.2756
417500,387500,1286.0924
417500,392500,1435.8818
417500,397500,1625.5085
417500,402500,1627.2952
417500,407500,1433.4807
417500,412500,1166.7739
417500,417500,914.91504
417500,422500,803.691
417500,427500,826.76385
417500,432500,846.89844
417500,437500,767.97064
417500,442500,813.9898
417500,447500,778.0156
417500,452500,904.35284
417500,457500,1062.2936
417500,462500,1150.3232
417500,467500,1153.8868
417500,472500,1164.8511
417500,477500,1079.9083
417500,482500,940.1172
417500,487500,675.0184
417500,492500,584.7584
417500,497500,599.82166
417500,502500,574.11444
417500,507500,581.2122
417500,512500,498.33652
417500,517500,420.71378
417500,522500,435.95352
417500,527500,481.68954
417500,532500,430.7242
417500,537500,425.9515
417500,542500,445.43637
417500,547500,389.31277
417500,552500,368.14777
417500,557500,349.33865
417500,562500,300.8545
417500,567500,291.22968
417500,572500,317.37265
417500,577500,328.11157
417500,582500,346.77832
417500,587500,342.32727
417500,592500,370.47415
417500,597500,349.17838
417500,602500,326.54514
417500,607500,362.9304
417500,612500,354.01846
417500,617500,336.0478
417500,622500,356.2039
417500,627500,341.2401
417500,632500,340.16296
417500,1152500,1085.5227
417500,1157500,1075.3706
422500,92500,974.954
422500,97500,777.5688
422500,102500,809.98083
422500,107500,713.8602
422500,112500,729.4971
422500,117500,735.31146
422500,122500,702.3243
422500,127500,678.1105
422500,132500,669.13184
422500,137500,676.7748
422500,142500,672.85596
422500,147500,663.3395
422500,152500,730.44617
422500,157500,786.1668
422500,162500,839.91064
422500,167500,827.8127
422500,172500,797.9171
422500,177500,810.6438
422500,182500,778.0446
422500,187500,652.5309
422500,192500,618.0618
422500,197500,578.68567
422500,202500,567.6613
422500,207500,624.651
422500,212500,658.8337
422500,217500,707.8817
422500,222500,704.92395
422500,227500,691.69885
422500,232500,667.5592
422500,237500,613.9791
422500,242500,546.6909
422500,247500,501.15518
422500,252500,474.36273
422500,257500,473.99698
422500,262500,503.5687
422500,267500,527.16376
422500,272500,552.29047
422500,277500,550.54626
422500,282500,530.9364
422500,287500,512.3013
422500,292500,498.9186
422500,297500,498.9959
422500,302500,494.87872
422500,307500,480.74625
422500,312500,471.97354
422500,317500,486.05713
422500,322500,505.77628
422500,327500,538.84235
422500,332500,520.80145
422500,337500,546.39075
422500,342500,638.2247
422500,347500,721.63873
422500,352500,841.0668
422500,357500,992.8849
422500,362500,1063.74
422500,367500,1003.3348
422500,372500,949.4842
422500,377500,1030.75
422500,382500,1060.0793
422500,387500,1198.594
422500,392500,1358.3772
422500,397500,1482.821
422500,402500,1350.7985
422500,407500,1095.612
422500,412500,892.0138
422500,417500,739.85925
422500,422500,658.568
422500,427500,691.7042
422500,432500,695.1551
422500,437500,649.5026
422500,442500,727.78876
422500,447500,698.6928
422500,452500,849.7565
422500,457500,952.647
422500,462500,935.5632
422500,467500,961.8805
422500,472500,954.00037
422500,477500,849.7529
422500,482500,710.64703
422500,487500,542.54175
422500,492500,490.42413
422500,497500,480.79605
422500,502500,454.75153
422500,507500,465.62982
422500,512500,419.74258
422500,517500,359.95248
422500,522500,383.2956
422500,527500,407.6399
422500,532500,389.76154
422500,537500,378.97928
422500,542500,381.7265
422500,547500,375.35495
422500,552500,348.5104
422500,557500,330.50183
422500,562500,283.70245
422500,567500,284.18683
422500,572500,295.19568
422500,577500,323.6137
422500,582500,330.97104
422500,587500,337.7692
422500,592500,356.88504
422500,597500,343.0264
422500,602500,326.66663
422500,607500,358.5144
422500,612500,341.39322
422500,617500,363.75827
422500,622500,369.82977
422500,627500,339.2255
422500,632500,361.2892
422500,1152500,994.2197
422500,1157500,971.73645
422500,1177500,1032.8236
422500,1182500,1023.5358
427500,92500,964.6893
427500,97500,809.31744
427500,102500,844.96643
427500,107500,728.97595
427500,112500,756.96204
427500,117500,727.8287
427500,122500,679.7731
427500,127500,666.5066
427500,132500,675.9098
427500,137500,689.5711
427500,142500,691.05273
427500,147500,679.61395
427500,152500,722.9481
427500,157500,800.6996
427500,162500,842.0054
427500,167500,800.5671
427500,172500,778.45544
427500,177500,792.09534
427500,182500,772.0305
427500,187500,659.2504
427500,192500,602.58966
427500,197500,546.9583
427500,202500,530.4052
427500,207500,572.26776
427500,212500,606.8119
427500,217500,680.2013
427500,222500,640.4696
427500,227500,632.9212
427500,232500,637.8737
427500,237500,592.6701
427500,242500,530.4772
427500,247500,500.35944
427500,252500,494.2188
427500,257500,495.139
427500,262500,504.07422
427500,267500,516.2737
427500,272500,531.8175
427500,277500,525.8524
427500,282500,521.2827
427500,287500,520.516
427500,292500,509.37103
427500,297500,521.4626
427500,302500,500.1631
427500,307500,486.54956
427500,312500,488.2172
427500,317500,495.39786
427500,322500,519.5265
427500,327500,530.12994
427500,332500,518.7195
427500,337500,549.96735
427500,342500,636.22327
427500,347500,701.73785
427500,352500,818.80725
427500,357500,938.36633
427500,362500,874.2604
427500,367500,832.3429
427500,372500,847.7423
427500,377500,873.508
427500,382500,968.1821
427500,387500,1114.4382
427500,392500,1154.5277
427500,397500,1150.1354
427500,402500,1019.87665
427500,407500,817.7784
427500,412500,688.0795
427500,417500,586.4486
427500,422500,539.9564
427500,427500,584.28015
427500,432500,569.05
427500,437500,553.1204
427500,442500,640.1141
427500,447500,622.67346
427500,452500,736.74176
427500,457500,773.821
427500,462500,724.8077
427500,467500,743.45294
427500,472500,704.3813
427500,477500,589.9791
427500,482500,506.9357
427500,487500,419.45084
427500,492500,389.1754
427500,497500,375.86234
427500,502500,374.16183
427500,507500,390.5074
427500,512500,360.41537
427500,517500,341.67963
427500,522500,356.70135
427500,527500,359.75333
427500,532500,375.98993
427500,537500,365.4121
427500,542500,356.3102
427500,547500,352.67804
427500,552500,310.11972
427500,557500,293.72055
427500,562500,282.0801
427500,567500,274.73456
427500,572500,282.5391
427500,577500,318.482
427500,582500,312.5954
427500,587500,320.66876
427500,592500,328.6522
427500,597500,324.1105
427500,602500,320.19684
427500,612500,325.64102
427500,617500,357.57776
427500,1142500,970.97394
427500,1147500,999.7482
427500,1152500,923.7424
427500,1157500,882.1242
427500,1177500,935.32355
427500,1182500,898.6706
432500,87500,813.40247
432500,92500,901.7438
432500,97500,774.12537
432500,102500,807.87335
432500,107500,728.26135
432500,112500,727.15186
432500,117500,667.1336
432500,122500,647.98413
432500,127500,638.81085
432500,132500,666.3775
432500,137500,669.5829
432500,142500,697.12585
432500,147500,669.06335
432500,152500,727.5074
432500,157500,807.76355
432500,162500,821.612
432500,167500,747.6479
432500,172500,713.6354
432500,177500,741.8018
432500,182500,730.6471
432500,187500,652.674
432500,192500,573.7773
432500,197500,507.25864
432500,202500,492.64746
432500,207500,525.9595
432500,212500,558.42596
432500,217500,633.9593
432500,222500,603.7029
432500,227500,625.3984
432500,232500,625.9373
432500,237500,571.5281
432500,242500,537.132
432500,247500,519.83606
432500,252500,506.45258
432500,257500,510.59146
432500,262500,507.7355
432500,267500,514.26404
432500,272500,521.3617
432500,277500,519.1151
432500,282500,529.84827
432500,287500,542.65234
432500,292500,541.2437
432500,297500,546.5315
432500,302500,501.45758
432500,307500,510.0581
432500,312500,515.9512
432500,317500,519.3346
432500,322500,557.264
432500,327500,551.1323
432500,332500,521.1521
432500,337500,558.5445
432500,342500,626.8713
432500,347500,664.8383
432500,352500,780.5489
432500,357500,803.64056
432500,362500,759.37415
432500,367500,801.2125
432500,372500,807.7901
432500,377500,808.7372
432500,382500,874.8304
432500,387500,926.3458
432500,392500,866.3136
432500,397500,849.33105
432500,402500,757.4037
432500,407500,613.8844
432500,412500,552.7641
432500,417500,492.75684
432500,422500,473.8082
432500,427500,500.80884
432500,432500,476.76147
432500,437500,498.60352
432500,442500,577.1968
432500,447500,568.2384
432500,452500,620.7282
432500,457500,623.9049
432500,462500,580.8429
432500,467500,561.2685
432500,472500,509.7066
432500,477500,436.33496
432500,482500,386.74298
432500,487500,346.63016
432500,492500,334.54407
432500,497500,344.4062
432500,502500,345.98615
432500,507500,354.5961
432500,512500,334.03342
432500,517500,329.11536
432500,522500,335.80524
432500,527500,332.5011
432500,532500,350.68036
432500,537500,348.14288
432500,542500,349.9071
432500,547500,334.9851
432500,552500,310.1441
432500,557500,308.6294
432500,562500,309.9649
432500,567500,296.3343
432500,572500,314.08182
432500,577500,359.08505
432500,582500,354.12518
432500,587500,381.35672
432500,1147500,950.61066
432500,1152500,902.25323
432500,1157500,865.9159
432500,1162500,803.1336
432500,1167500,851.6571
432500,1172500,853.2609
432500,1177500,918.29456
432500,1182500,919.0462
437500,82500,994.4357
437500,87500,847.50214
437500,97500,774.2018
437500,102500,795.3023
437500,107500,715.9271
437500,112500,691.80066
437500,117500,648.5946
437500,122500,619.8851
437500,127500,630.27783
437500,132500,670.37415
437500,137500,671.79846
437500,142500,685.3873
437500,147500,676.9528
437500,152500,748.335
437500,157500,800.18756
437500,162500,832.8205
437500,167500,725.7311
437500,172500,695.2083
437500,177500,701.09
437500,182500,723.1529
437500,187500,649.298
437500,192500,562.0667
437500,197500,485.2693
437500,202500,478.72525
437500,207500,509.25092
437500,212500,540.16785
437500,217500,606.88385
437500,222500,607.7314
437500,227500,636.66565
437500,232500,632.47595
437500,237500,583.9749
437500,242500,552.00104
437500,247500,540.09106
437500,252500,519.8273
437500,257500,519.973
437500,262500,509.4323
437500,267500,516.2034
437500,272500,522.7834
437500,277500,518.17194
437500,282500,529.69305
437500,287500,552.30396
437500,292500,542.55457
437500,297500,535.1261
437500,302500,516.12067
437500,307500,525.5996
437500,312500,544.39325
437500,317500,572.734
437500,322500,588.8251
437500,327500,556.8879
437500,332500,512.72437
437500,337500,532.7572
437500,342500,594.3151
437500,347500,642.13605
437500,352500,714.55853
437500,357500,729.20435
437500,362500,745.2121
437500,367500,769.2064
437500,372500,723.3136
437500,377500,675.515
437500,382500,714.91907
437500,387500,685.2948
437500,392500,616.51746
437500,397500,596.63104
437500,402500,542.35333
437500,407500,472.8249
437500,412500,450.15717
437500,417500,437.01196
437500,422500,442.94
437500,427500,431.77448
437500,432500,431.5362
437500,437500,475.85352
437500,442500,523.0595
437500,447500,517.0094
437500,452500,515.58453
437500,457500,506.89536
437500,462500,464.69028
437500,467500,428.9975
437500,472500,394.29858
437500,477500,348.04587
437500,482500,313.65854
437500,487500,306.5949
437500,492500,312.5538
437500,497500,348.5111
437500,502500,356.91467
437500,507500,355.7923
437500,512500,336.74817
437500,517500,329.77454
437500,522500,322.08234
437500,527500,318.8148
437500,532500,346.71967
437500,537500,358.53986
437500,542500,378.79645
437500,547500,359.47293
437500,552500,351.15268
437500,557500,326.25983
437500,562500,335.646
437500,567500,334.01184
437500,1112500,1239.3608
437500,1117500,1257.0209
437500,1122500,1078.5043
437500,1127500,1104.9093
437500,1132500,1025.1995
437500,1137500,1021.43054
437500,1142500,935.26776
437500,1147500,974.151
437500,1152500,901.4041
437500,1157500,893.66907
437500,1162500,876.3527
437500,1167500,901.0451
437500,1172500,880.2837
437500,1177500,905.37225
437500,1182500,907.9249
442500,82500,948.6017
442500,87500,833.7208
442500,92500,779.5716
442500,97500,750.45496
442500,102500,756.38477
442500,107500,702.24365
442500,112500,664.29504
442500,117500,630.3393
442500,122500,606.71277
442500,127500,634.6409
442500,132500,689.768
442500,137500,674.543
442500,142500,690.4228
442500,147500,691.27484
442500,152500,746.76624
442500,157500,822.52716
442500,162500,798.62195
442500,167500,684.59467
442500,172500,647.1245
442500,177500,649.44574
442500,182500,686.18866
442500,187500,623.23035
442500,192500,535.5264
442500,197500,465.72208
442500,202500,466.80695
442500,207500,497.82593
442500,212500,518.2379
442500,217500,579.39984
442500,222500,592.16016
442500,227500,617.64044
442500,232500,613.1301
442500,237500,576.5079
442500,242500,557.6471
442500,247500,559.0966
442500,252500,543.3722
442500,257500,537.1017
442500,262500,523.9222
442500,267500,510.01154
442500,272500,517.73425
442500,277500,515.2362
442500,282500,519.34863
442500,287500,542.2435
442500,292500,536.42444
442500,297500,536.62634
442500,302500,526.20245
442500,307500,540.95276
442500,312500,582.4224
442500,317500,603.8292
442500,322500,575.37854
442500,327500,534.53973
442500,332500,485.8331
442500,337500,514.655
442500,342500,577.3436
442500,347500,606.6127
442500,352500,661.2407
442500,357500,668.3849
442500,362500,679.0661
442500,367500,676.721
442500,372500,625.74493
442500,377500,572.1161
442500,382500,574.9013
442500,387500,536.79065
442500,392500,491.34756
442500,397500,487.66098
442500,402500,452.58896
442500,407500,408.47748
442500,412500,412.38217
442500,417500,405.4419
442500,422500,410.681
442500,427500,395.58716
442500,432500,430.3773
442500,437500,462.10175
442500,442500,482.32846
442500,447500,460.60098
442500,452500,439.8797
442500,457500,434.48462
442500,462500,405.32428
442500,467500,370.68665
442500,472500,339.87183
442500,477500,309.64807
442500,482500,290.62482
442500,487500,299.15488
442500,492500,330.08728
442500,497500,384.86447
442500,502500,393.26035
442500,507500,372.50284
442500,512500,348.27335
442500,517500,333.91022
442500,522500,322.41437
442500,527500,318.91162
442500,532500,366.39932
442500,537500,385.822
442500,542500,425.69156
442500,547500,407.69318
442500,552500,408.6626
442500,557500,365.39023
442500,562500,379.80087
442500,1117500,1294.8176
442500,1122500,1075.8291
442500,1127500,1169.9011
442500,1132500,1127.445
442500,1137500,1096.7107
442500,1142500,1046.3453
442500,1147500,1068.78
442500,1152500,1073.4747
442500,1157500,1090.6432
442500,1162500,1081.2311
442500,1167500,1059.5408
442500,1172500,992.39435
442500,1177500,902.3712
447500,77500,931.22375
447500,82500,1019.7034
447500,87500,912.4313
447500,92500,824.0718
447500,97500,709.1082
447500,102500,741.4936
447500,107500,686.4059
447500,112500,683.9313
447500,117500,621.66516
447500,122500,613.9166
447500,127500,648.03
447500,132500,688.5863
447500,137500,669.10974
447500,142500,695.7704
447500,147500,703.0039
447500,152500,752.3912
447500,157500,825.3014
447500,162500,744.0536
447500,167500,646.3351
447500,172500,613.4188
447500,177500,624.8413
447500,182500,653.7074
447500,187500,588.7388
447500,192500,509.00333
447500,197500,449.93042
447500,202500,466.52573
447500,207500,505.12433
447500,212500,505.7652
447500,217500,550.6398
447500,222500,561.8559
447500,227500,584.3774
447500,232500,582.09094
447500,237500,558.3408
447500,242500,550.4105
447500,247500,551.5853
447500,252500,544.5586
447500,257500,546.93945
447500,262500,541.4271
447500,267500,519.8045
447500,272500,527.7938
447500,277500,521.9286
447500,282500,533.3851
447500,287500,561.5793
447500,292500,552.93555
447500,297500,542.95874
447500,302500,545.88416
447500,307500,555.41797
447500,312500,612.00134
447500,317500,621.93195
447500,322500,556.52185
447500,327500,512.47614
447500,332500,474.10864
447500,337500,508.64703
447500,342500,546.0919
447500,347500,565.69104
447500,352500,611.6169
447500,357500,627.8492
447500,362500,646.6607
447500,367500,623.9506
447500,372500,572.8196
447500,377500,519.27716
447500,382500,492.5987
447500,387500,444.52222
447500,392500,436.2403
447500,397500,425.29825
447500,402500,387.73465
447500,407500,393.2731
447500,412500,391.29355
447500,417500,388.7951
447500,422500,394.58023
447500,427500,389.71045
447500,432500,419.26654
447500,437500,430.68317
447500,442500,428.97803
447500,447500,407.2347
447500,452500,397.48773
447500,457500,393.6308
447500,462500,368.94858
447500,467500,341.75497
447500,472500,315.7717
447500,477500,286.4276
447500,482500,269.94168
447500,487500,307.02887
447500,492500,364.18607
447500,497500,429.59262
447500,502500,440.01562
447500,507500,386.71964
447500,512500,353.30167
447500,517500,332.22464
447500,522500,313.61734
447500,527500,308.62036
447500,532500,353.68323
447500,537500,369.66235
447500,1137500,1205.9556
447500,1142500,1209.8158
447500,1152500,1261.2461
447500,1157500,1271.321
447500,1162500,1293.5299
447500,1167500,1182.6195
447500,1177500,970.6659
447500,1182500,933.4154
452500,77500,966.90515
452500,82500,1079.5245
452500,87500,912.7313
452500,92500,862.66077
452500,97500,710.68604
452500,102500,708.1558
452500,107500,677.8527
452500,112500,677.43005
452500,117500,612.4232
452500,122500,625.01
452500,127500,668.89404
452500,132500,687.2964
452500,137500,674.9784
452500,142500,707.2131
452500,147500,721.58936
452500,152500,744.5802
452500,157500,785.9403
452500,162500,681.7398
452500,167500,602.14856
452500,172500,579.1322
452500,177500,585.5811
452500,182500,602.91876
452500,187500,564.41003
452500,192500,496.3668
452500,197500,464.71957
452500,202500,487.46368
452500,207500,502.22574
452500,212500,505.69174
452500,217500,524.098
452500,222500,527.7776
452500,227500,551.9904
452500,232500,556.84937
452500,237500,541.3326
452500,242500,557.16473
452500,247500,563.1785
452500,252500,554.431
452500,257500,569.37506
452500,262500,560.2122
452500,267500,530.0521
452500,272500,538.31506
452500,277500,541.5804
452500,282500,556.2755
452500,287500,577.801
452500,292500,565.56366
452500,297500,532.65356
452500,302500,543.4789
452500,307500,554.6227
452500,312500,607.8759
452500,317500,597.4988
452500,322500,515.2657
452500,327500,488.72232
452500,332500,473.43735
452500,337500,487.79385
452500,342500,528.11255
452500,347500,558.1686
452500,352500,606.48016
452500,357500,633.3374
452500,362500,640.2607
452500,367500,600.00507
452500,372500,550.5497
452500,377500,501.9484
452500,382500,471.98444
452500,387500,431.45102
452500,392500,422.2313
452500,397500,404.17245
452500,402500,379.60904
452500,407500,388.41364
452500,412500,378.4057
452500,417500,390.87015
452500,422500,387.57758
452500,427500,387.93152
452500,432500,396.78107
452500,437500,400.27295
452500,442500,381.86823
452500,447500,380.97467
452500,452500,380.94272
452500,457500,371.97186
452500,462500,355.38693
452500,467500,333.9357
452500,472500,322.53632
452500,477500,303.71542
452500,482500,351.88867
452500,487500,447.8283
452500,492500,479.74506
452500,497500,531.2624
452500,502500,521.76544
452500,507500,430.93646
452500,512500,366.6931
452500,517500,339.98468
452500,522500,324.2082
452500,527500,314.36057
452500,532500,360.81976
452500,1137500,1180.5217
452500,1142500,1203.2444
452500,1162500,1199.971
452500,1182500,1032.6335
457500,77500,1110.5887
457500,82500,1192.0759
457500,87500,1012.8244
457500,92500,974.35516
457500,102500,758.7771
457500,107500,666.6882
457500,112500,679.94574
457500,117500,631.9725
457500,122500,678.05566
457500,127500,721.1136
457500,132500,709.5797
457500,137500,690.7766
457500,142500,737.6417
457500,147500,759.70667
457500,152500,760.0973
457500,157500,750.3502
457500,162500,649.2261
457500,167500,584.3026
457500,172500,557.94226
457500,177500,559.027
457500,182500,567.9603
457500,187500,521.1084
457500,192500,486.70175
457500,197500,464.7382
457500,202500,480.6669
457500,207500,505.12582
457500,212500,509.17862
457500,217500,518.0653
457500,222500,513.3304
457500,227500,540.3725
457500,232500,566.1122
457500,237500,558.50134
457500,242500,579.7248
457500,247500,584.1962
457500,252500,584.3343
457500,257500,582.69354
457500,262500,553.1095
457500,267500,535.1449
457500,272500,545.75165
457500,277500,544.83527
457500,282500,558.1278
457500,287500,582.3478
457500,292500,569.4343
457500,297500,529.54565
457500,302500,530.06067
457500,307500,542.7765
457500,312500,561.9337
457500,317500,531.2644
457500,322500,492.45035
457500,327500,488.86368
457500,332500,481.03607
457500,337500,480.4293
457500,342500,503.57135
457500,347500,548.4381
457500,352500,583.2794
457500,357500,601.53674
457500,362500,592.223
457500,367500,544.03174
457500,372500,502.20963
457500,377500,463.03925
457500,382500,440.03018
457500,387500,415.33847
457500,392500,407.36096
457500,397500,390.07224
457500,402500,366.43942
457500,407500,362.30402
457500,412500,359.3471
457500,417500,365.987
457500,422500,366.7185
457500,427500,372.68927
457500,432500,372.54987
457500,437500,375.94403
457500,442500,364.97614
457500,447500,365.41962
457500,452500,373.64578
457500,457500,371.14874
457500,462500,359.66327
457500,467500,340.83878
457500,472500,362.42175
457500,477500,385.41757
457500,482500,444.13153
457500,487500,482.3627
457500,492500,497.9109
457500,497500,554.3199
457500,502500,585.6112
457500,507500,495.61533
457500,512500,405.41336
457500,517500,381.02158
457500,522500,356.79205
457500,527500,315.66183
457500,1162500,1191.6183
457500,1167500,1147.807
462500,87500,1119.8464
462500,92500,1060.979
462500,97500,791.3325
462500,102500,815.9763
462500,107500,681.4081
462500,112500,703.9175
462500,117500,681.0684
462500,122500,734.578
462500,127500,742.7494
462500,132500,735.13367
462500,137500,730.629
462500,142500,760.7315
462500,147500,779.224
462500,152500,732.63556
462500,157500,675.92224
462500,162500,593.1572
462500,167500,552.25903
462500,172500,520.4974
462500,177500,505.34448
462500,182500,503.97266
462500,187500,499.36652
462500,192500,489.08926
462500,197500,494.35782
462500,202500,510.94336
462500,207500,510.98676
462500,212500,506.03253
462500,217500,513.3966
462500,222500,502.26782
462500,227500,523.6447
462500,232500,563.7372
462500,237500,558.7721
462500,242500,592.6189
462500,247500,590.67944
462500,252500,588.9127
462500,257500,579.4661
462500,262500,543.3269
462500,267500,523.6642
462500,272500,541.49426
462500,277500,563.5265
462500,282500,572.3953
462500,287500,593.3989
462500,292500,571.4048
462500,297500,515.4412
462500,302500,517.0945
462500,307500,521.97644
462500,312500,510.85904
462500,317500,496.51987
462500,322500,506.95938
462500,327500,500.4838
462500,332500,487.6391
462500,337500,482.56827
462500,342500,492.1774
462500,347500,534.4622
462500,352500,560.05347
462500,357500,559.9693
462500,362500,545.0779
462500,367500,509.00162
462500,372500,470.1192
462500,377500,433.03598
462500,382500,416.91537
462500,387500,387.86108
462500,392500,379.06372
462500,397500,364.09418
462500,402500,345.97775
462500,407500,346.4925
462500,412500,350.52655
462500,417500,355.08447
462500,422500,364.75607
462500,427500,371.93912
462500,432500,369.86877
462500,437500,372.24963
462500,442500,362.1407
462500,447500,361.49963
462500,452500,371.912
462500,457500,375.78537
462500,462500,372.08636
462500,467500,370.8597
462500,472500,417.24893
462500,477500,445.89154
462500,482500,423.6928
462500,487500,448.75806
462500,492500,503.71918
462500,497500,590.6046
462500,502500,652.7277
462500,507500,591.57245
462500,512500,494.33505
462500,517500,447.68573
462500,522500,400.6368
467500,97500,817.8314
467500,102500,826.30194
467500,107500,673.8304
467500,112500,706.64966
467500,117500,742.6461
467500,122500,792.03894
467500,127500,790.2528
467500,132500,815.9452
467500,137500,806.0675
467500,142500,779.12164
467500,147500,765.6193
467500,152500,677.74304
467500,157500,608.4781
467500,162500,542.48834
467500,167500,512.0408
467500,172500,481.64044
467500,177500,464.74042
467500,182500,473.42157
467500,187500,509.1271
467500,192500,517.2044
467500,197500,533.28546
467500,202500,533.5599
467500,207500,507.11652
467500,212500,518.7272
467500,217500,506.962
467500,222500,492.2605
467500,227500,511.20038
467500,232500,551.5229
467500,237500,551.7159
467500,242500,592.993
467500,247500,578.6146
467500,252500,575.7561
467500,257500,558.5233
467500,262500,521.2504
467500,267500,520.2969
467500,272500,534.3021
467500,277500,578.66943
467500,282500,590.6432
467500,287500,589.1301
467500,292500,559.4682
467500,297500,508.7845
467500,302500,520.8766
467500,307500,522.86884
467500,312500,513.1986
467500,317500,499.74496
467500,322500,523.4879
467500,327500,523.0902
467500,332500,494.07355
467500,337500,485.60223
467500,342500,481.43887
467500,347500,495.23648
467500,352500,521.3385
467500,357500,502.37988
467500,362500,488.15057
467500,367500,467.57578
467500,372500,434.74942
467500,377500,404.49536
467500,382500,388.00446
467500,387500,369.77338
467500,392500,363.628
467500,397500,355.71844
467500,402500,346.55493
467500,407500,344.38324
467500,412500,349.21048
467500,417500,352.164
467500,422500,361.98895
467500,427500,369.10406
467500,432500,361.6706
467500,437500,369.6679
467500,442500,364.82394
467500,447500,362.60834
467500,452500,371.8028
467500,457500,380.4948
467500,462500,383.20108
467500,467500,400.08228
467500,472500,442.7788
467500,477500,446.81866
467500,482500,396.71094
467500,487500,430.85287
467500,492500,506.40814
467500,497500,618.8734
467500,502500,713.2533
467500,507500,650.4407
467500,512500,541.3218
467500,517500,462.81454
467500,522500,419.47476
472500,97500,839.44226
472500,102500,844.05975
472500,107500,681.6498
472500,112500,727.1626
472500,117500,803.9999
472500,122500,835.1193
472500,127500,834.5581
472500,132500,863.6997
472500,137500,808.8014
472500,142500,765.39795
472500,147500,735.6837
472500,152500,635.776
472500,157500,571.1139
472500,162500,512.48773
472500,167500,488.07187
472500,172500,470.19415
472500,177500,471.38086
472500,182500,477.523
472500,187500,524.5883
472500,192500,543.51984
472500,197500,570.06
472500,202500,556.1711
472500,207500,515.3322
472500,212500,523.9948
472500,217500,503.19244
472500,222500,498.60928
472500,227500,515.3624
472500,232500,541.58655
472500,237500,544.75574
472500,242500,574.9419
472500,247500,555.8102
472500,252500,552.3339
472500,257500,530.6304
472500,262500,508.35532
472500,267500,514.31244
472500,272500,522.99304
472500,277500,563.9054
472500,282500,577.33093
472500,287500,561.0319
472500,292500,522.9359
472500,297500,511.9142
472500,302500,545.39514
472500,307500,560.4557
472500,312500,544.9194
472500,317500,523.7245
472500,322500,529.55365
472500,327500,541.0981
472500,332500,497.65332
472500,337500,480.22305
472500,342500,458.49878
472500,347500,472.54633
472500,352500,475.8383
472500,357500,460.90308
472500,362500,450.47983
472500,367500,437.1894
472500,372500,411.75488
472500,377500,383.32056
472500,382500,373.0735
472500,387500,366.0063
472500,392500,366.10663
472500,397500,355.06088
472500,402500,351.16867
472500,407500,348.80014
472500,412500,349.71344
472500,417500,355.60455
472500,422500,364.68082
472500,427500,369.61914
472500,432500,366.50183
472500,437500,371.03287
472500,442500,372.95114
472500,447500,368.46722
472500,452500,385.51566
472500,457500,399.92087
472500,462500,408.9374
472500,467500,430.77457
472500,472500,459.5507
472500,477500,428.29385
472500,482500,383.45013
472500,487500,406.63016
472500,492500,493.26913
472500,497500,640.4799
472500,502500,738.8848
472500,507500,669.35034
472500,512500,556.8769
472500,517500,466.95166
477500,97500,819.5239
477500,102500,839.0042
477500,107500,689.5419
477500,112500,763.6312
477500,117500,866.99445
477500,122500,862.0618
477500,127500,825.3792
477500,132500,850.4874
477500,137500,790.51624
477500,142500,724.5923
477500,147500,702.2976
477500,152500,612.8751
477500,157500,550.6418
477500,162500,503.87714
477500,167500,487.2818
477500,172500,479.65253
477500,177500,478.24893
477500,182500,482.50043
477500,187500,522.89233
477500,192500,557.3674
477500,197500,608.3666
477500,202500,584.4178
477500,207500,524.4794
477500,212500,525.5126
477500,217500,502.33813
477500,222500,513.2148
477500,227500,519.0172
477500,232500,548.401
477500,237500,542.8014
477500,242500,552.1676
477500,247500,531.1303
477500,252500,532.2834
477500,257500,517.4686
477500,262500,494.07196
477500,267500,502.61606
477500,272500,516.6466
477500,277500,553.4989
477500,282500,557.5243
477500,287500,547.9344
477500,292500,504.55972
477500,297500,513.62445
477500,302500,556.3858
477500,307500,570.1918
477500,312500,562.5133
477500,317500,528.54407
477500,322500,511.27557
477500,327500,544.676
477500,332500,503.60904
477500,337500,477.385
477500,342500,449.8322
477500,347500,448.14886
477500,352500,447.3667
477500,357500,442.236
477500,362500,431.05557
477500,367500,418.60123
477500,372500,398.6109
477500,377500,379.5388
477500,382500,376.9554
477500,387500,375.91296
477500,392500,374.1827
477500,397500,359.3897
477500,402500,360.9107
477500,407500,360.98163
477500,412500,360.05795
477500,417500,365.7674
477500,422500,375.255
477500,427500,380.38614
477500,432500,377.57422
477500,437500,378.0511
477500,442500,381.50812
477500,447500,375.6324
477500,452500,389.81882
477500,457500,410.80502
477500,462500,455.80518
477500,467500,480.2624
477500,472500,469.64502
477500,477500,420.1836
477500,482500,379.75156
477500,487500,417.4712
477500,492500,515.1364
477500,497500,691.2593
477500,502500,741.8808
477500,507500,644.61017
477500,512500,559.2357
477500,517500,486.2159
482500,97500,776.8048
482500,102500,777.41125
482500,107500,684.3377
482500,112500,794.3535
482500,117500,908.3923
482500,122500,849.07697
482500,127500,791.09863
482500,132500,816.1765
482500,137500,779.13007
482500,142500,686.41376
482500,147500,656.1212
482500,152500,603.22394
482500,157500,540.9022
482500,162500,507.36237
482500,167500,495.19223
482500,172500,491.96613
482500,177500,476.8575
482500,182500,486.6784
482500,187500,516.4537
482500,192500,563.867
482500,197500,599.53534
482500,202500,593.7356
482500,207500,550.38245
482500,212500,533.2038
482500,217500,520.9015
482500,222500,517.2544
482500,227500,532.77277
482500,232500,540.8816
482500,237500,524.2659
482500,242500,523.83374
482500,247500,514.2113
482500,252500,514.60565
482500,257500,511.23813
482500,262500,484.8703
482500,267500,493.12827
482500,272500,515.3616
482500,277500,537.60266
482500,282500,529.4525
482500,287500,530.01184
482500,292500,497.64032
482500,297500,512.68945
482500,302500,547.3311
482500,307500,579.41174
482500,312500,577.95197
482500,317500,531.17
482500,322500,515.0549
482500,327500,547.12415
482500,332500,508.1937
482500,337500,467.3305
482500,342500,435.00577
482500,347500,423.44687
482500,352500,422.8125
482500,357500,422.96378
482500,362500,410.45782
482500,367500,401.78818
482500,372500,390.12665
482500,377500,376.35074
482500,382500,369.80206
482500,387500,374.2028
482500,392500,377.21698
482500,397500,366.52432
482500,402500,368.54974
482500,407500,368.67188
482500,412500,370.29556
482500,417500,373.61102
482500,422500,382.48212
482500,427500,393.5296
482500,432500,393.06207
482500,437500,391.9753
482500,442500,391.22568
482500,447500,380.61716
482500,452500,412.70746
482500,457500,486.03458
482500,462500,543.04114
482500,467500,520.47833
482500,472500,476.9555
482500,477500,416.7959
482500,482500,380.84177
482500,487500,440.69028
482500,492500,545.26843
482500,497500,698.25916
482500,502500,690.90875
482500,507500,633.03033
482500,512500,552.80786
482500,517500,486.37408
487500,92500,1022.5741
487500,97500,783.8648
487500,102500,787.6851
487500,107500,697.82477
487500,112500,821.98096
487500,117500,909.6164
487500,122500,801.4617
487500,127500,749.5426
487500,132500,783.36536
487500,137500,774.4192
487500,142500,672.729
487500,147500,621.8831
487500,152500,597.43146
487500,157500,542.2291
487500,162500,512.9813
487500,167500,505.11627
487500,172500,499.45923
487500,177500,469.32056
487500,182500,468.9395
487500,187500,494.55746
487500,192500,530.79895
487500,197500,593.9332
487500,202500,608.2534
487500,207500,595.19324
487500,212500,560.7121
487500,217500,535.51917
487500,222500,539.1236
487500,227500,561.69666
487500,232500,544.10583
487500,237500,521.1339
487500,242500,510.56934
487500,247500,501.34488
487500,252500,504.45117
487500,257500,509.54022
487500,262500,491.4479
487500,267500,493.71768
487500,272500,510.9676
487500,277500,513.5895
487500,282500,506.10068
487500,287500,509.23453
487500,292500,499.21826
487500,297500,498.02368
487500,302500,531.13135
487500,307500,553.869
487500,312500,545.83246
487500,317500,526.1476
487500,322500,530.49
487500,327500,546.69556
487500,332500,507.63934
487500,337500,467.02448
487500,342500,428.63037
487500,347500,416.04852
487500,352500,415.56265
487500,357500,413.257
487500,362500,403.25403
487500,367500,399.40472
487500,372500,391.7978
487500,377500,381.13593
487500,382500,379.02048
487500,387500,385.67365
487500,392500,392.45532
487500,397500,386.13782
487500,402500,379.70712
487500,407500,378.6153
487500,412500,385.3122
487500,417500,393.86148
487500,422500,404.39563
487500,427500,395.52164
487500,432500,393.27603
487500,437500,401.7517
487500,442500,409.0794
487500,447500,436.48096
487500,452500,505.88467
487500,457500,572.8546
487500,462500,564.1233
487500,467500,525.98596
487500,472500,492.35565
487500,477500,421.66806
487500,482500,373.97647
487500,487500,470.15057
487500,492500,554.7892
487500,497500,660.82837
487500,502500,656.9781
487500,507500,619.21387
487500,512500,576.1554
492500,97500,836.0314
492500,102500,849.02246
492500,107500,715.41736
492500,112500,858.5638
492500,117500,921.8494
492500,122500,776.1316
492500,127500,732.10925
492500,132500,773.91174
492500,137500,761.72003
492500,142500,655.9071
492500,147500,607.37585
492500,152500,584.7185
492500,157500,543.2949
492500,162500,514.556
492500,167500,503.05756
492500,172500,497.40656
492500,177500,461.0026
492500,182500,451.06982
492500,187500,486.59634
492500,192500,530.43713
492500,197500,608.8786
492500,202500,611.64484
492500,207500,615.65
492500,212500,582.70917
492500,217500,546.8412
492500,222500,530.07983
492500,227500,532.1874
492500,232500,532.95496
492500,237500,511.1081
492500,242500,496.73276
492500,247500,495.9057
492500,252500,495.1605
492500,257500,491.84027
492500,262500,495.66992
492500,267500,488.32367
492500,272500,487.39252
492500,277500,494.8938
492500,282500,493.57373
492500,287500,485.68134
492500,292500,490.95474
492500,297500,488.06894
492500,302500,488.64252
492500,307500,508.25644
492500,312500,510.00586
492500,317500,514.2611
492500,322500,522.3121
492500,327500,521.23395
492500,332500,490.22882
492500,337500,464.77496
492500,342500,426.41357
492500,347500,415.85858
492500,352500,413.67163
492500,357500,407.81073
492500,362500,393.66116
492500,367500,393.47638
492500,372500,389.34573
492500,377500,383.84845
492500,382500,382.75156
492500,387500,385.9987
492500,392500,398.2188
492500,397500,398.37936
492500,402500,397.07916
492500,407500,405.61542
492500,412500,415.25162
492500,417500,425.1184
492500,422500,420.98843
492500,427500,389.84998
492500,432500,401.21713
492500,437500,450.7274
492500,442500,478.6797
492500,447500,492.42105
492500,452500,531.6041
492500,457500,545.99866
492500,462500,528.2463
492500,467500,530.5101
492500,472500,508.1441
492500,477500,466.89886
492500,482500,401.16147
492500,487500,532.6658
492500,492500,583.37415
492500,497500,667.12805
492500,502500,654.68756
492500,507500,605.39343
497500,102500,912.89465
497500,107500,739.5382
497500,112500,895.26776
497500,117500,907.4872
497500,122500,753.1992
497500,127500,705.3626
497500,132500,713.7061
497500,137500,686.4028
497500,142500,640.32635
497500,147500,598.2183
497500,152500,579.3775
497500,157500,537.1865
497500,162500,501.0537
497500,167500,492.2831
497500,172500,487.41876
497500,177500,436.7246
497500,182500,434.11557
497500,187500,483.71973
497500,192500,519.912
497500,197500,584.76807
497500,202500,594.5936
497500,207500,615.1127
497500,212500,589.93896
497500,217500,567.1178
497500,222500,540.6046
497500,227500,540.876
497500,232500,544.016
497500,237500,518.08215
497500,242500,494.73087
497500,247500,488.20468
497500,252500,484.89102
497500,257500,470.31293
497500,262500,483.8645
497500,267500,486.82016
497500,272500,478.21622
497500,277500,480.47314
497500,282500,475.933
497500,287500,475.20084
497500,292500,475.66486
497500,297500,475.24103
497500,302500,470.28964
497500,307500,488.38208
497500,312500,490.93124
497500,317500,496.51407
497500,322500,500.32184
497500,327500,493.56317
497500,332500,471.3081
497500,337500,467.4942
497500,342500,441.729
497500,347500,425.07495
497500,352500,417.65323
497500,357500,404.9144
497500,362500,393.47684
497500,367500,397.01193
497500,372500,388.09808
497500,377500,393.6039
497500,382500,397.7717
497500,387500,403.89093
497500,392500,412.2225
497500,397500,412.8793
497500,402500,413.6142
497500,407500,431.1713
497500,412500,430.23755
497500,417500,427.38007
497500,422500,422.96426
497500,427500,412.28876
497500,432500,472.60294
497500,437500,523.56433
497500,442500,509.31802
497500,447500,478.18344
497500,452500,494.56485
497500,457500,484.64346
497500,462500,490.29843
497500,467500,527.19934
497500,472500,513.60974
497500,477500,502.27148
497500,482500,444.29688
497500,487500,535.76404
497500,492500,576.09485
497500,497500,651.4979
497500,502500,650.56903
502500,102500,951.7699
502500,107500,771.25726
502500,112500,886.48816
502500,117500,849.21027
502500,122500,714.6813
502500,127500,660.51135
502500,132500,657.6134
502500,137500,639.9374
502500,142500,633.2652
502500,147500,593.0859
502500,152500,571.43036
502500,157500,530.6873
502500,162500,482.80753
502500,167500,470.41803
502500,172500,458.66406
502500,177500,419.52325
502500,182500,426.80722
502500,187500,466.66122
502500,192500,494.55948
502500,197500,545.9736
502500,202500,566.3425
502500,207500,593.82465
502500,212500,578.51086
502500,217500,568.4243
502500,222500,564.55206
502500,227500,554.0111
502500,232500,540.2908
502500,237500,511.22748
502500,242500,482.95245
502500,247500,463.7845
502500,252500,459.23395
502500,257500,462.50226
502500,262500,478.61246
502500,267500,482.57364
502500,272500,469.39972
502500,277500,466.79135
502500,282500,461.7999
502500,287500,461.575
502500,292500,449.42767
502500,297500,441.15924
502500,302500,448.82974
502500,307500,454.38828
502500,312500,450.20123
502500,317500,454.63712
502500,322500,462.76947
502500,327500,458.41284
502500,332500,463.39313
502500,337500,463.10898
502500,342500,436.98715
502500,347500,426.6656
502500,352500,421.35767
502500,357500,415.63046
502500,362500,420.27988
502500,367500,414.8976
502500,372500,401.75595
502500,377500,404.5094
502500,382500,408.7804
502500,387500,410.92133
502500,392500,411.32544
502500,397500,414.19507
502500,402500,416.5014
502500,407500,429.0074
502500,412500,422.06143
502500,417500,451.59824
502500,422500,443.44922
502500,427500,442.88394
502500,432500,483.88678
502500,437500,496.83124
502500,442500,473.6712
502500,447500,448.70615
502500,452500,454.48087
502500,457500,444.02594
502500,462500,463.55762
502500,467500,513.00793
502500,472500,499.09308
502500,477500,529.2358
502500,482500,484.38297
502500,487500,547.2513
502500,492500,575.99164
502500,497500,680.1666
507500,102500,950.78876
507500,107500,758.78595
507500,112500,870.7418
507500,117500,822.6496
507500,122500,690.08215
507500,127500,638.6329
507500,132500,636.0127
507500,137500,614.80554
507500,142500,618.2741
507500,147500,616.2418
507500,152500,594.502
507500,157500,537.5856
507500,162500,475.23257
507500,167500,460.92975
507500,172500,447.09503
507500,177500,420.4289
507500,182500,429.97235
507500,187500,461.46686
507500,192500,490.52734
507500,197500,524.31824
507500,202500,540.7367
507500,207500,574.38855
507500,212500,568.05896
507500,217500,563.08014
507500,222500,568.6222
507500,227500,553.38275
507500,232500,521.14856
507500,237500,481.59268
507500,242500,460.89105
507500,247500,439.14966
507500,252500,436.4333
507500,257500,457.872
507500,262500,472.086
507500,267500,461.64642
507500,272500,454.47217
507500,277500,446.99625
507500,282500,448.15936
507500,287500,448.00894
507500,292500,439.82397
507500,297500,427.1049
507500,302500,434.34833
507500,307500,429.64404
507500,312500,418.86792
507500,317500,421.29184
507500,322500,428.1739
507500,327500,426.71533
507500,332500,438.9096
507500,337500,433.8751
507500,342500,413.75284
507500,347500,410.83463
507500,352500,404.62534
507500,357500,407.2846
507500,362500,411.7892
507500,367500,403.8741
507500,372500,392.81985
507500,377500,395.89438
507500,382500,403.8454
507500,387500,416.33575
507500,392500,414.74203
507500,397500,432.10345
507500,402500,433.42813
507500,407500,447.4642
507500,412500,463.3164
507500,417500,470.24063
507500,422500,440.0399
507500,427500,431.48715
507500,432500,441.39053
507500,437500,447.90665
507500,442500,440.41684
507500,447500,426.15927
507500,452500,431.36523
507500,457500,429.01337
507500,462500,440.3723
507500,467500,482.52612
507500,472500,481.69858
507500,477500,510.7614
507500,482500,478.12012
512500,102500,950.20685
512500,107500,769.0083
512500,112500,884.1925
512500,117500,807.26935
512500,122500,667.7714
512500,127500,631.1838
512500,132500,651.71246
512500,137500,629.81213
512500,142500,660.6705
512500,147500,675.86237
512500,152500,621.4729
512500,157500,543.93317
512500,162500,495.40942
512500,167500,459.10132
512500,172500,446.2088
512500,177500,429.96786
512500,182500,435.90375
512500,187500,453.777
512500,192500,488.2216
512500,197500,527.71313
512500,202500,527.6054
512500,207500,563.1757
512500,212500,555.96704
512500,217500,544.7743
512500,222500,558.33765
512500,227500,553.39386
512500,232500,506.67896
512500,237500,464.9536
512500,242500,443.6735
512500,247500,432.2766
512500,252500,434.9186
512500,257500,450.75604
512500,262500,461.14243
512500,267500,450.49423
512500,272500,443.16852
512500,277500,433.3497
512500,282500,433.9808
512500,287500,432.25644
512500,292500,425.51202
512500,297500,413.49384
512500,302500,416.35767
512500,307500,405.40714
512500,312500,396.881
512500,317500,397.75323
512500,322500,400.08887
512500,327500,400.92517
512500,332500,407.93527
512500,337500,401.22275
512500,342500,393.028
512500,347500,395.5915
512500,352500,391.12543
512500,357500,394.9294
512500,362500,399.3646
512500,367500,398.58325
512500,372500,395.43454
512500,377500,404.8349
512500,382500,418.8614
512500,387500,432.90985
512500,392500,427.11874
512500,397500,474.71466
512500,402500,489.13043
512500,407500,496.4516
512500,412500,478.74252
512500,417500,456.1543
512500,422500,423.6818
512500,427500,409.04892
512500,432500,425.8819
512500,437500,430.9231
512500,442500,450.91022
512500,447500,441.7409
512500,452500,448.44815
512500,457500,448.51196
512500,462500,450.08307
512500,467500,470.28638
512500,472500,492.57
512500,477500,545.4758
512500,482500,502.6608
517500,102500,958.58514
517500,107500,789.69104
517500,112500,875.46387
517500,117500,783.71533
517500,122500,647.9512
517500,127500,628.5099
517500,132500,665.7272
517500,137500,664.5853
517500,142500,691.7651
517500,147500,683.3563
517500,152500,610.6583
517500,157500,559.9835
517500,162500,509.97662
517500,167500,459.19327
517500,172500,450.1438
517500,177500,439.03717
517500,182500,448.04535
517500,187500,466.7726
517500,192500,496.76123
517500,197500,529.99316
517500,202500,523.58826
517500,207500,536.0788
517500,212500,529.35657
517500,217500,517.5968
517500,222500,551.09216
517500,227500,540.918
517500,232500,493.8077
517500,237500,453.99088
517500,242500,427.59686
517500,247500,417.9704
517500,252500,426.07343
517500,257500,433.91397
517500,262500,439.0284
517500,267500,441.8873
517500,272500,430.92627
517500,277500,426.74878
517500,282500,426.70718
517500,287500,416.63614
517500,292500,404.8
517500,297500,398.6421
517500,302500,399.82034
517500,307500,392.18033
517500,312500,385.42194
517500,317500,386.06256
517500,322500,389.6364
517500,327500,388.1845
517500,332500,394.90512
517500,337500,391.38486
517500,342500,387.55804
517500,347500,380.2539
517500,352500,388.09247
517500,357500,389.4764
517500,362500,393.3364
517500,367500,407.44916
517500,372500,413.1507
517500,377500,431.41705
517500,382500,447.65738
517500,387500,480.47382
517500,392500,517.8179
517500,397500,560.346
517500,402500,550.06946
517500,407500,510.861
517500,412500,464.683
517500,417500,440.1302
517500,422500,407.09808
517500,427500,406.90555
517500,432500,427.0053
517500,437500,436.94693
517500,442500,472.29272
517500,447500,467.2462
517500,452500,494.8968
517500,457500,494.7063
517500,462500,496.91885
517500,467500,480.65845
517500,472500,516.16034
522500,107500,774.8477
522500,112500,850.75146
522500,117500,772.12976
522500,122500,641.4546
522500,127500,637.8396
522500,132500,696.6016
522500,137500,698.26
522500,142500,677.15076
522500,147500,623.2704
522500,152500,589.9329
522500,157500,588.25793
522500,162500,533.5892
522500,167500,483.5079
522500,172500,468.66562
522500,177500,449.3112
522500,182500,456.20206
522500,187500,490.6631
522500,192500,511.21573
522500,197500,524.1617
522500,202500,518.5862
522500,207500,523.60693
522500,212500,504.68155
522500,217500,497.80933
522500,222500,527.60333
522500,227500,511.37314
522500,232500,485.71222
522500,237500,457.2514
522500,242500,422.43326
522500,247500,413.302
522500,252500,423.9917
522500,257500,429.9376
522500,262500,436.6546
522500,267500,437.18295
522500,272500,422.31732
522500,277500,417.4647
522500,282500,417.29565
522500,287500,399.65546
522500,292500,387.64548
522500,297500,386.27188
522500,302500,386.52054
522500,307500,383.2587
522500,312500,381.38693
522500,317500,383.09622
522500,322500,379.72775
522500,327500,380.02692
522500,332500,383.19662
522500,337500,383.0755
522500,342500,382.25272
522500,347500,382.8637
522500,352500,391.67874
522500,357500,390.73795
522500,362500,396.05023
522500,367500,412.59283
522500,372500,429.04126
522500,377500,458.41904
522500,382500,487.88947
522500,387500,538.7455
522500,392500,567.12164
522500,397500,568.89417
522500,402500,532.797
522500,407500,475.5817
522500,412500,445.40878
522500,417500,423.09692
522500,422500,412.83218
522500,427500,416.3349
522500,432500,452.002
522500,437500,461.5677
522500,442500,521.65784
522500,447500,516.2336
522500,472500,540.0336
527500,107500,772.48175
527500,112500,885.2513
527500,117500,807.282
527500,122500,657.5524
527500,127500,668.5296
527500,132500,730.92175
527500,137500,716.8103
527500,142500,662.82404
527500,147500,612.60583
527500,152500,605.3933
527500,157500,625.92163
527500,162500,567.7306
527500,167500,499.03384
527500,172500,473.3505
527500,177500,450.82657
527500,182500,454.99634
527500,187500,500.69385
527500,192500,521.66833
527500,197500,509.01035
527500,202500,504.97348
527500,207500,519.54694
527500,212500,488.42743
527500,217500,475.6793
527500,222500,509.66034
527500,227500,502.20386
527500,232500,502.92218
527500,237500,479.74823
527500,242500,436.5503
527500,247500,416.91293
527500,252500,430.29254
527500,257500,434.10556
527500,262500,442.419
527500,267500,432.6933
527500,272500,414.37573
527500,277500,411.62964
527500,282500,406.5411
527500,287500,387.8052
527500,292500,379.7449
527500,297500,380.51337
527500,302500,380.91962
527500,307500,379.74548
527500,312500,382.925
527500,317500,388.2805
527500,322500,389.75006
527500,327500,390.36655
527500,332500,393.76196
527500,337500,395.49988
527500,342500,390.56793
527500,347500,391.31027
527500,352500,391.99103
527500,357500,393.77533
527500,362500,395.5612
527500,367500,429.64038
527500,372500,455.90323
527500,377500,504.82968
527500,382500,543.75934
527500,387500,572.2473
527500,392500,571.9212
527500,397500,562.4662
527500,402500,502.83545
527500,407500,450.25748
527500,412500,419.87393
527500,417500,413.1334
527500,422500,404.7088
527500,427500,415.40778
527500,432500,451.54053
527500,437500,453.89923
532500,102500,944.6237
532500,107500,797.8224
532500,112500,929.64514
532500,117500,849.4961
532500,122500,692.87427
532500,127500,693.91833
532500,132500,723.99084
532500,137500,721.14734
532500,142500,643.04785
532500,147500,599.1314
532500,152500,612.24255
532500,157500,647.12366
532500,162500,595.50616
532500,167500,519.70435
532500,172500,489.07422
532500,177500,457.33105
532500,182500,459.71533
532500,187500,496.9438
532500,192500,509.78842
532500,197500,495.3576
532500,202500,492.44366
532500,207500,500.70392
532500,212500,473.0546
532500,217500,455.1695
532500,222500,499.31854
532500,227500,507.16382
532500,232500,510.09985
532500,237500,502.39594
532500,242500,454.4311
532500,247500,419.9977
532500,252500,431.88925
532500,257500,438.65585
532500,262500,446.5128
532500,267500,427.38403
532500,272500,408.28412
532500,277500,404.14578
532500,282500,396.90665
532500,287500,376.74017
532500,292500,371.0561
532500,297500,375.32126
532500,302500,378.7494
532500,307500,381.70132
532500,312500,387.02686
532500,317500,393.88678
532500,322500,406.25156
532500,327500,405.20938
532500,332500,418.9677
532500,337500,417.84918
532500,342500,409.26898
532500,347500,410.90317
532500,352500,401.421
532500,357500,401.87555
532500,362500,404.61554
532500,367500,465.3977
532500,372500,494.46094
532500,377500,538.43286
532500,382500,565.3954
532500,387500,562.8456
532500,392500,536.8889
532500,397500,518.3564
532500,402500,468.13336
532500,407500,440.37183
532500,417500,439.1949
532500,422500,436.13086
532500,427500,447.52472
532500,432500,490.23438
537500,102500,939.5099
537500,107500,853.51416
537500,112500,944.04865
537500,117500,849.74646
537500,122500,716.1437
537500,127500,697.49634
537500,132500,728.2108
537500,137500,735.34985
537500,142500,645.17896
537500,147500,590.0456
537500,152500,617.1099
537500,157500,674.047
537500,162500,632.83307
537500,167500,549.62195
537500,172500,503.45734
537500,177500,455.4484
537500,182500,448.07974
537500,187500,460.62354
537500,192500,470.80194
537500,197500,475.78815
537500,202500,478.73145
537500,207500,469.35425
537500,212500,465.96054
537500,217500,450.29395
537500,222500,506.84677
537500,227500,516.56915
537500,232500,527.67346
537500,237500,531.49536
537500,242500,474.26715
537500,247500,432.37335
537500,252500,422.12134
537500,257500,429.9318
537500,262500,437.83636
537500,267500,414.78116
537500,272500,401.69183
537500,277500,392.43253
537500,282500,388.61792
537500,287500,375.84818
537500,292500,374.36337
537500,297500,379.94888
537500,302500,383.66864
537500,307500,386.9579
537500,312500,394.89297
537500,317500,400.34775
537500,322500,409.75128
537500,327500,411.02963
537500,332500,422.37762
537500,337500,424.83417
537500,342500,417.43848
537500,347500,418.827
537500,352500,434.5312
537500,357500,438.27863
537500,362500,445.66046
537500,367500,494.3156
537500,372500,512.0366
537500,377500,547.15845
537500,382500,545.9341
537500,387500,543.99005
537500,392500,501.17105
537500,397500,505.6041
537500,402500,476.11026
537500,417500,496.68832
537500,422500,501.3227
542500,102500,960.5897
542500,107500,1120.2173
542500,112500,892.95715
542500,117500,820.38965
542500,122500,697.2567
542500,127500,699.4826
542500,132500,756.40466
542500,137500,733.9685
542500,142500,654.5159
542500,147500,584.2538
542500,152500,615.47766
542500,157500,694.4674
542500,162500,660.8056
542500,167500,564.4074
542500,172500,504.07782
542500,177500,446.69415
542500,182500,428.08698
542500,187500,434.38452
542500,192500,450.643
542500,197500,472.35068
542500,202500,479.00522
542500,207500,477.45572
542500,212500,484.01758
542500,217500,477.14322
542500,222500,512.8224
542500,227500,519.3043
542500,232500,527.1862
542500,237500,527.256
542500,242500,480.3794
542500,247500,437.3393
542500,252500,412.4188
542500,257500,417.04355
542500,262500,419.70532
542500,267500,396.31927
542500,272500,385.81024
542500,277500,384.34332
542500,282500,385.15054
542500,287500,387.47678
542500,292500,388.39685
542500,297500,394.24255
542500,302500,398.67862
542500,307500,400.77567
542500,312500,402.67157
542500,317500,408.30234
542500,322500,430.0013
542500,327500,429.3539
542500,332500,476.3434
542500,347500,493.6666
542500,352500,442.50983
542500,357500,448.6918
542500,362500,461.01196
542500,367500,478.0258
542500,372500,508.82086
542500,377500,532.8533
542500,382500,504.40488
542500,387500,492.71445
542500,392500,458.74146
542500,397500,468.8811
542500,417500,545.8993
547500,97500,825.31726
547500,102500,914.92334
547500,107500,1040.3323
547500,112500,819.9448
547500,117500,773.6405
547500,122500,706.00653
547500,127500,736.796
547500,132500,808.5484
547500,137500,753.6422
547500,142500,658.5254
547500,147500,582.8943
547500,152500,638.41565
547500,157500,692.4631
547500,162500,665.4937
547500,167500,573.1544
547500,172500,504.958
547500,177500,442.19473
547500,182500,419.76944
547500,187500,420.5211
547500,192500,445.88516
547500,197500,475.16852
547500,202500,480.71713
547500,207500,486.6267
547500,212500,488.1027
547500,217500,483.337
547500,222500,517.20026
547500,227500,524.4106
547500,232500,531.91284
547500,237500,523.46576
547500,242500,479.4837
547500,247500,435.2132
547500,252500,408.06873
547500,257500,410.44336
547500,262500,411.8056
547500,267500,392.20148
547500,272500,381.2503
547500,277500,387.9509
547500,282500,390.49786
547500,287500,397.5802
547500,292500,399.95328
547500,297500,406.738
547500,302500,411.4334
547500,307500,413.71622
547500,312500,408.1911
547500,317500,414.51874
547500,322500,450.42303
547500,327500,441.44025
547500,332500,528.82684
547500,352500,547.6297
547500,357500,487.74396
547500,362500,493.66132
547500,367500,492.663
547500,372500,510.12933
547500,377500,523.5862
547500,382500,493.26215
547500,387500,495.7933
547500,392500,473.74017
552500,97500,804.97485
552500,102500,920.08185
552500,107500,989.2083
552500,112500,772.21387
552500,117500,756.9889
552500,122500,752.5443
552500,127500,780.1178
552500,132500,834.3063
552500,137500,767.6895
552500,142500,653.80994
552500,147500,577.5399
552500,152500,633.0254
552500,157500,660.2036
552500,162500,636.50183
552500,167500,566.84436
552500,172500,492.6044
552500,177500,422.518
552500,182500,401.5628
552500,187500,412.58136
552500,192500,443.18903
552500,197500,493.12778
552500,202500,498.3728
552500,207500,498.2584
552500,212500,501.44247
552500,217500,493.45987
552500,222500,515.3507
552500,227500,523.05334
552500,232500,525.4199
552500,237500,504.78775
552500,242500,467.25577
552500,247500,435.67398
552500,252500,427.41464
552500,257500,418.319
552500,262500,413.22012
552500,267500,399.54803
552500,272500,389.54462
552500,277500,392.04883
552500,282500,394.61862
552500,287500,403.0209
552500,292500,407.21103
552500,297500,413.048
552500,302500,418.95966
552500,307500,419.80072
552500,312500,412.29892
552500,317500,413.32104
552500,322500,455.46768
552500,327500,436.77045
552500,357500,556.24207
552500,362500,559.36237
552500,367500,528.363
552500,372500,527.65515
552500,377500,565.4309
552500,382500,542.59674
557500,97500,835.9468
557500,102500,962.08185
557500,107500,956.8168
557500,112500,754.28955
557500,117500,755.8518
557500,122500,805.7771
557500,127500,811.17676
557500,132500,816.16223
557500,137500,767.2969
557500,142500,645.9772
557500,147500,571.1691
557500,152500,574.5702
557500,157500,607.37225
557500,162500,600.2531
557500,167500,558.3059
557500,172500,486.05707
557500,177500,415.34058
557500,182500,399.39908
557500,187500,414.8623
557500,192500,448.71777
557500,197500,515.83386
557500,202500,516.3793
557500,207500,510.4903
557500,212500,513.05505
557500,217500,504.9296
557500,222500,511.042
557500,227500,511.7635
557500,232500,511.41782
557500,237500,494.1076
557500,242500,476.45807
557500,247500,447.2049
557500,252500,446.5734
557500,257500,434.86884
557500,262500,428.27252
557500,267500,406.39557
557500,272500,401.8918
557500,277500,397.05234
557500,282500,397.05182
557500,287500,407.21933
557500,292500,410.90845
557500,297500,417.84824
557500,302500,423.725
557500,307500,423.65616
557500,312500,420.66138
557500,317500,417.03857
557500,322500,455.96494
557500,327500,435.68896
557500,362500,608.6306
557500,367500,598.1725
557500,372500,590.3385
562500,97500,868.4191
562500,102500,927.78955
562500,107500,911.5423
562500,112500,744.85376
562500,117500,766.1363
562500,122500,852.5428
562500,127500,821.6779
562500,132500,805.6797
562500,137500,759.3043
562500,142500,642.287
562500,147500,561.4852
562500,152500,543.5518
562500,157500,582.2084
562500,162500,595.62976
562500,167500,558.9676
562500,172500,483.37988
562500,177500,406.06305
562500,182500,398.31686
562500,187500,414.88916
562500,192500,454.01993
562500,197500,514.0723
562500,202500,512.2308
562500,207500,505.99747
562500,212500,502.75333
562500,217500,502.09366
562500,222500,500.95013
562500,227500,500.33405
562500,232500,504.19293
562500,237500,494.14423
562500,242500,481.54224
562500,247500,467.59628
562500,252500,473.3863
562500,257500,468.86148
562500,262500,458.56088
562500,267500,420.2234
562500,272500,414.22992
562500,277500,396.71768
562500,282500,395.88043
562500,287500,401.1326
562500,292500,403.64905
562500,297500,407.3209
562500,302500,417.30194
562500,307500,421.26328
562500,312500,416.91675
562500,317500,420.25723
562500,322500,459.8317
562500,327500,439.7885
567500,107500,941.7212
567500,112500,785.1606
567500,117500,834.2123
567500,122500,868.8788
567500,127500,810.40186
567500,132500,775.2837
567500,137500,731.8357
567500,142500,623.2117
567500,147500,539.98694
567500,152500,523.9599
567500,157500,560.0835
567500,162500,553.44196
567500,167500,542.42365
567500,172500,479.88223
567500,177500,414.42056
567500,182500,403.60455
567500,187500,425.9231
567500,192500,459.45663
567500,197500,501.12125
567500,202500,503.75204
567500,207500,490.17374
567500,212500,490.43475
567500,217500,492.24664
567500,222500,488.20874
567500,227500,498.0561
567500,232500,496.4017
567500,237500,494.44946
567500,242500,491.75717
567500,247500,480.77597
567500,252500,487.53824
567500,257500,498.85614
567500,262500,491.91888
567500,267500,436.59784
567500,272500,419.76514
567500,277500,387.3492
567500,282500,389.4531
567500,287500,385.73535
567500,292500,388.49976
567500,297500,392.24222
567500,302500,412.44733
567500,307500,422.30362
567500,312500,417.83798
567500,317500,418.73495
567500,322500,440.83438
567500,327500,430.49976
567500,332500,493.2216
567500,337500,482.5954
567500,342500,587.0939
572500,107500,994.2296
572500,112500,836.18
572500,117500,904.07434
572500,122500,852.83167
572500,127500,782.8766
572500,132500,733.1362
572500,137500,700.51575
572500,142500,591.6448
572500,147500,515.8052
572500,152500,510.15176
572500,157500,530.41406
572500,162500,520.13477
572500,167500,532.17206
572500,172500,481.01596
572500,177500,428.9109
572500,182500,414.87653
572500,187500,420.51776
572500,192500,441.50543
572500,197500,458.48712
572500,202500,482.78778
572500,207500,460.24738
572500,212500,470.7397
572500,217500,472.7729
572500,222500,479.08075
572500,227500,486.25366
572500,232500,489.07544
572500,237500,494.3277
572500,242500,494.71796
572500,247500,479.2046
572500,252500,493.05215
572500,257500,503.91772
572500,262500,501.7819
572500,267500,443.6032
572500,272500,419.73193
572500,277500,388.04102
572500,282500,396.89618
572500,287500,393.97162
572500,292500,396.50592
572500,297500,405.60553
572500,302500,418.2588
572500,307500,424.93173
572500,312500,438.0428
572500,317500,434.85028
572500,322500,449.2748
572500,327500,451.69946
572500,332500,507.62656
572500,337500,495.72552
572500,342500,567.59827
577500,107500,985.09656
577500,112500,851.34314
577500,117500,907.2012
577500,122500,827.4299
577500,127500,762.1243
577500,132500,700.4696
577500,137500,683.94446
577500,142500,566.48096
577500,147500,498.82773
577500,152500,504.13882
577500,157500,496.29077
577500,162500,529.138
577500,167500,543.68353
577500,172500,470.30518
577500,177500,439.38092
577500,182500,420.43756
577500,187500,415.67657
577500,192500,438.0735
577500,197500,444.09042
577500,202500,452.53247
577500,207500,440.58423
577500,212500,447.25137
577500,217500,452.74805
577500,222500,467.51886
577500,227500,472.1042
577500,232500,484.4769
577500,237500,480.75333
577500,242500,485.12973
577500,247500,477.3377
577500,252500,488.723
577500,257500,499.6198
577500,262500,504.5114
577500,267500,447.42075
577500,272500,412.83682
577500,277500,392.99445
577500,282500,404.56525
577500,287500,392.769
577500,292500,395.05554
577500,297500,397.59393
577500,302500,418.41644
577500,307500,423.16034
577500,312500,450.32413
577500,317500,449.81622
577500,322500,479.57974
577500,327500,492.74945
577500,332500,549.8295
577500,337500,535.2381
577500,342500,599.5121
582500,112500,935.8716
582500,117500,977.4536
582500,122500,793.9745
582500,127500,731.9201
582500,132500,659.61804
582500,137500,646.08826
582500,142500,563.4945
582500,147500,507.7084
582500,152500,519.4005
582500,157500,545.27997
582500,162500,576.8463
582500,167500,547.24945
582500,172500,455.31976
582500,177500,434.91928
582500,182500,417.4332
582500,187500,414.32706
582500,192500,435.29068
582500,197500,433.0062
582500,202500,442.54535
582500,207500,435.1507
582500,212500,438.49893
582500,217500,442.39038
582500,222500,455.8958
582500,227500,466.52823
582500,232500,472.0158
582500,237500,474.6979
582500,242500,475.02597
582500,247500,467.5327
582500,252500,478.83246
582500,257500,500.6
582500,262500,498.16757
582500,267500,445.37872
582500,272500,416.0501
582500,277500,403.6442
582500,282500,415.36856
582500,287500,396.91583
582500,292500,398.89957
582500,297500,399.1705
582500,302500,434.41754
582500,307500,444.54892
582500,312500,493.09164
582500,317500,497.20312
582500,322500,508.56284
582500,327500,512.2843
582500,332500,543.02313
582500,337500,527.79095
582500,342500,480.0687
582500,347500,542.1979
587500,112500,1006.43396
587500,117500,1036.8376
587500,122500,777.7796
587500,127500,720.6093
587500,132500,635.6727
587500,137500,622.638
587500,142500,567.2716
587500,147500,524.1365
587500,152500,555.97375
587500,157500,613.09033
587500,162500,593.052
587500,167500,515.4305
587500,172500,444.03793
587500,177500,454.59912
587500,187500,425.10028
587500,192500,437.95865
587500,197500,438.29697
587500,202500,436.58514
587500,207500,423.62653
587500,212500,434.23224
587500,217500,441.07745
587500,222500,450.1714
587500,227500,461.73505
587500,232500,467.4438
587500,237500,469.9887
587500,242500,454.60718
587500,247500,460.4922
587500,252500,483.39706
587500,257500,496.3134
587500,262500,485.61688
587500,267500,439.08746
587500,272500,427.30005
587500,277500,420.73602
587500,282500,424.92596
587500,287500,410.28412
587500,292500,416.8506
587500,297500,422.85724
587500,302500,460.56192
587500,307500,474.03656
587500,312500,525.1614
587500,317500,533.21936
587500,322500,529.2601
587500,327500,524.23596
587500,332500,540.6027
587500,337500,519.9107
587500,342500,475.1036
587500,347500,539.89624
592500,117500,1000.13684
592500,122500,742.12213
592500,127500,706.4297
592500,132500,624.02216
592500,137500,605.72327
592500,142500,568.9573
592500,147500,548.57434
592500,152500,608.3436
592500,157500,659.0089
592500,162500,586.28644
592500,167500,524.92096
592500,172500,455.75552
592500,187500,446.56525
592500,192500,456.7185
592500,197500,459.78476
592500,202500,449.14932
592500,207500,448.25815
592500,212500,444.48755
592500,217500,448.6854
592500,222500,438.42987
592500,227500,443.61142
592500,232500,452.59814
592500,237500,449.32568
592500,242500,444.38095
592500,247500,467.74835
592500,252500,482.14453
592500,257500,483.9549
592500,262500,474.74
592500,267500,435.09308
592500,272500,432.5699
592500,277500,417.76758
592500,282500,419.75894
592500,287500,415.4668
592500,292500,420.51666
592500,297500,429.82953
592500,302500,470.0333
592500,307500,487.66315
592500,312500,531.8559
592500,317500,536.9074
592500,322500,521.1724
592500,327500,516.40247
592500,332500,536.6298
592500,337500,520.81824
592500,342500,474.4733
592500,347500,542.8907
597500,117500,1024.0237
597500,122500,731.718
597500,127500,700.6445
597500,132500,610.24805
597500,137500,600.9002
597500,142500,584.18585
597500,147500,585.3747
597500,152500,650.7827
597500,157500,654.154
597500,162500,556.65924
597500,167500,497.65073
597500,172500,442.95493
597500,187500,448.2098
597500,192500,531.5106
597500,197500,532.81824
597500,202500,514.24304
597500,207500,511.18237
597500,212500,482.51947
597500,217500,482.18384
597500,222500,432.41055
597500,227500,437.2749
597500,232500,440.14053
597500,237500,435.39053
597500,242500,439.8122
597500,247500,465.4708
597500,252500,475.64825
597500,257500,491.25806
597500,262500,473.98672
597500,267500,439.03915
597500,272500,438.21503
597500,277500,423.62506
597500,282500,427.5577
597500,287500,431.37265
597500,292500,430.66357
597500,297500,446.0229
597500,302500,487.1103
597500,307500,502.9811
597500,312500,536.8917
597500,317500,525.32965
597500,322500,505.75732
597500,327500,496.11383
597500,332500,524.056
597500,337500,513.7196
597500,342500,465.37677
602500,117500,1034.0648
602500,122500,775.194
602500,127500,749.20966
602500,132500,648.0089
602500,137500,654.3211
602500,142500,655.241
602500,147500,627.1869
602500,152500,668.8741
602500,157500,639.3645
602500,162500,542.28455
602500,167500,499.993
602500,172500,464.1779
602500,192500,529.9843
602500,197500,527.1559
602500,202500,509.36768
602500,207500,500.5944
602500,212500,484.5358
602500,217500,483.60092
602500,222500,430.9167
602500,227500,439.98105
602500,232500,443.2767
602500,237500,423.39178
602500,242500,428.9992
602500,247500,465.54987
602500,252500,486.00336
602500,257500,499.25262
602500,262500,475.26117
602500,267500,450.76904
602500,272500,451.72772
602500,277500,430.8358
602500,282500,432.09903
602500,287500,441.18976
602500,292500,443.00113
602500,297500,460.64053
602500,302500,493.9831
602500,307500,497.41113
602500,312500,519.15344
602500,317500,505.76016
602500,322500,490.9398
602500,327500,486.00482
602500,332500,536.44037
602500,337500,525.48114
602500,342500,474.5079
607500,117500,1045.3132
607500,122500,837.18195
607500,127500,822.6951
607500,132500,684.9552
607500,137500,697.8289
607500,142500,721.3545
607500,147500,669.3723
607500,152500,667.0478
607500,157500,606.6754
607500,162500,509.28802
607500,217500,512.94684
607500,222500,433.31573
607500,227500,447.18106
607500,232500,432.0982
607500,237500,427.56006
607500,242500,432.81403
607500,247500,477.61957
607500,252500,483.67578
607500,257500,483.73477
607500,262500,476.91812
607500,267500,454.98456
607500,272500,453.0937
607500,277500,429.46344
607500,282500,448.5207
607500,287500,460.8627
607500,292500,464.23203
607500,297500,479.899
607500,302500,497.8116
607500,307500,490.2757
607500,312500,490.70068
607500,317500,482.80206
607500,322500,468.4825
607500,327500,471.0716
607500,332500,470.0786
607500,337500,519.83234
607500,342500,475.46588
612500,132500,677.6124
612500,137500,711.2302
612500,142500,769.93805
612500,147500,719.755
612500,152500,680.59045
612500,157500,594.77527
612500,162500,494.14166
612500,167500,521.1312
612500,212500,553.6173
612500,217500,558.9198
612500,222500,464.4771
612500,227500,477.91107
612500,232500,472.58112
612500,237500,433.86517
612500,242500,440.7602
612500,247500,462.32242
612500,252500,456.1767
612500,257500,474.80347
612500,262500,481.44003
612500,267500,472.05902
612500,272500,468.0663
612500,277500,450.05322
612500,282500,448.19482
612500,287500,463.7481
612500,292500,467.94946
612500,297500,481.10123
612500,302500,489.57782
612500,307500,480.0101
612500,312500,477.98578
612500,317500,471.0371
612500,322500,460.78644
612500,327500,454.4356
612500,332500,447.71924
612500,337500,521.6339
612500,342500,485.80426
617500,137500,812.7797
617500,142500,927.6688
617500,147500,751.663
617500,152500,690.2323
617500,157500,568.9035
617500,162500,490.6962
617500,167500,532.6385
617500,212500,580.28815
617500,217500,595.3058
617500,222500,515.7782
617500,227500,528.68195
617500,232500,516.0428
617500,237500,444.6403
617500,242500,440.5586
617500,247500,444.8802
617500,252500,447.40152
617500,257500,481.21796
617500,262500,477.0484
617500,267500,480.61514
617500,272500,481.98608
617500,277500,464.53452
617500,282500,462.75146
617500,287500,475.28427
617500,292500,483.00018
617500,297500,486.9807
617500,302500,481.70978
617500,307500,472.17572
617500,312500,454.1872
617500,317500,448.51935
617500,322500,446.6267
617500,327500,447.92676
617500,332500,439.16684
617500,337500,518.7779
617500,342500,489.2556
622500,137500,890.98895
622500,142500,1033.2942
622500,147500,796.92883
622500,152500,711.1321
622500,157500,573.24133
622500,162500,495.8706
622500,167500,552.428
622500,217500,609.66833
622500,222500,514.9227
622500,227500,526.7548
622500,232500,513.074
622500,237500,439.86343
622500,242500,443.9997
622500,247500,454.277
622500,252500,430.54306
622500,257500,457.29663
622500,262500,450.85663
622500,267500,476.5323
622500,272500,479.97763
622500,277500,474.35458
622500,282500,468.67984
622500,287500,473.6457
622500,292500,479.98535
622500,297500,478.2077
622500,302500,464.22745
622500,307500,451.49872
622500,312500,434.57867
622500,317500,440.20947
622500,322500,440.80518
622500,327500,437.60205
622500,332500,431.64862
622500,337500,520.2237
622500,342500,492.111
627500,137500,920.66895
627500,142500,1057.5266
627500,147500,843.8229
627500,152500,745.4464
627500,157500,587.998
627500,162500,503.70792
627500,167500,535.4918
627500,222500,580.8136
627500,232500,591.4762
627500,237500,471.7697
627500,242500,477.46982
627500,247500,436.29184
627500,252500,436.02203
627500,257500,452.77457
627500,262500,448.36273
627500,267500,479.09067
627500,272500,482.9427
627500,277500,478.98468
627500,282500,475.60394
627500,287500,470.00284
627500,292500,453.21686
627500,297500,452.22403
627500,302500,439.8742
627500,307500,431.97308
627500,312500,423.74316
627500,317500,423.29932
627500,322500,442.0602
627500,327500,439.5704
627500,332500,442.56543
627500,337500,537.66675
632500,142500,1002.62616
632500,147500,806.7148
632500,152500,719.63385
632500,157500,564.56384
632500,162500,486.68622
632500,167500,537.0559
632500,237500,534.3018
632500,242500,534.19745
632500,247500,459.43433
632500,252500,464.044
632500,257500,459.05597
632500,262500,458.65918
632500,267500,482.7207
632500,272500,485.75287
632500,277500,479.97113
632500,282500,467.986
632500,287500,461.0131
632500,292500,440.01035
632500,297500,448.5727
632500,302500,434.4702
632500,307500,423.83612
632500,312500,417.68994
632500,317500,412.43433
632500,322500,407.7884
632500,327500,435.7487
632500,332500,455.3274
632500,337500,562.50916
637500,147500,917.7454
637500,152500,820.7751
637500,157500,691.7628
637500,167500,563.4346
637500,242500,606.9625
637500,247500,503.66837
637500,252500,500.021
637500,257500,488.83203
637500,262500,484.25113
637500,267500,484.21933
637500,272500,485.43628
637500,277500,476.34912
637500,282500,444.8996
637500,287500,440.6994
637500,292500,405.90643
637500,297500,411.6495
637500,302500,400.52728
637500,307500,396.4803
637500,312500,414.1163
637500,317500,404.65482
637500,322500,398.09058
637500,327500,448.93817
637500,332500,438.42886
642500,247500,509.70297
642500,252500,502.8747
642500,257500,488.94946
642500,262500,488.01456
642500,267500,551.0241
642500,272500,550.3194
642500,277500,538.41595
642500,282500,460.43076
642500,287500,455.75098
642500,292500,415.95255
642500,297500,421.04572
642500,302500,415.26532
642500,307500,408.957
642500,312500,436.75043
642500,317500,433.40973
642500,322500,424.74448
642500,327500,482.8676
647500,257500,583.3833
647500,262500,586.0649
647500,267500,583.202
647500,272500,545.73083
647500,277500,534.4109
647500,282500,457.96045
647500,287500,453.16943
647500,292500,414.09882
647500,297500,413.39532
647500,302500,457.81183
647500,307500,454.0788
647500,312500,481.87955
647500,317500,479.9518
647500,322500,469.78687
652500,277500,588.2295
652500,282500,506.56512
652500,287500,502.01862
652500,292500,457.30136
652500,297500,456.37744
652500,302500,459.40836
652500,307500,456.60272
652500,312500,486.5423
