name,burglaries,months
AB10 1,0,36
AB10 6,0,36
AB10 7,0,36
AB11 5,0,36
AB11 6,0,36
AB11 7,0,36
AB11 8,0,36
AB11 9,0,36
AB12 3,0,36
AB12 4,0,36
AB12 5,0,36
AB12 9,0,36
AB13 0,0,36
AB14 0,0,36
AB15 4,0,36
AB15 5,0,36
AB15 6,0,36
AB15 7,0,36
AB15 8,0,36
AB15 9,0,36
AB16 5,0,36
AB16 6,0,36
AB16 7,0,36
AB16 9,0,36
AB21 0,0,36
AB21 1,0,36
AB21 7,0,36
AB21 9,0,36
AB22 8,0,36
AB22 9,0,36
AB23 8,0,36
AB23 9,0,36
AB24 1,0,36
AB24 2,0,36
AB24 3,0,36
AB24 4,0,36
AB24 5,0,36
AB25 1,0,36
AB25 2,0,36
AB25 3,0,36
AB25 9,0,36
AB30 1,0,36
AB31 4,0,36
AB31 5,0,36
AB31 6,0,36
AB31 9,0,36
AB32 6,0,36
AB32 7,0,36
AB33 8,0,36
AB34 4,0,36
AB34 5,0,36
AB35 5,0,36
AB36 8,0,36
AB37 9,0,36
AB38 7,0,36
AB38 9,0,36
AB39 2,0,36
AB39 3,0,36
AB39 8,0,36
AB39 9,0,36
AB41 1,0,36
AB41 6,0,36
AB41 7,0,36
AB41 8,0,36
AB41 9,0,36
AB42 0,0,36
AB42 1,0,36
AB42 2,0,36
AB42 3,0,36
AB42 4,0,36
AB42 5,0,36
AB42 9,0,36
AB43 6,0,36
AB43 7,0,36
AB43 8,0,36
AB43 9,0,36
AB44 1,0,36
AB45 1,0,36
AB45 2,0,36
AB45 3,0,36
AB51 0,0,36
AB51 1,0,36
AB51 3,0,36
AB51 4,0,36
AB51 5,0,36
AB51 6,0,36
AB51 7,0,36
AB51 8,0,36
AB52 6,0,36
AB53 4,0,36
AB53 5,0,36
AB53 6,0,36
AB53 8,0,36
AB54 4,0,36
AB54 6,0,36
AB54 7,0,36
AB54 8,0,36
AB54 9,0,36
AB55 4,0,36
AB55 5,0,36
AB55 6,0,36
AB56 1,0,36
AB56 4,0,36
AB56 5,0,36
AB56 9,0,36
AL1 1,85,36
AL1 2,94,36
AL1 3,106,36
AL1 4,98,36
AL1 5,130,36
AL1 9,0,36
AL10 0,174,36
AL10 1,0,36
AL10 8,142,36
AL10 9,166,36
AL2 1,81,36
AL2 2,52,36
AL2 3,70,36
AL3 4,78,36
AL3 5,62,36
AL3 6,32,36
AL3 7,41,36
AL3 8,40,36
AL4 0,104,36
AL4 8,38,36
AL4 9,61,36
AL5 1,43,36
AL5 2,57,36
AL5 3,21,36
AL5 4,90,36
AL5 5,66,36
AL6 0,54,36
AL6 9,42,36
AL7 1,102,36
AL7 2,62,36
AL7 3,126,36
AL7 4,102,36
AL7 9,0,36
AL8 6,76,36
AL8 7,63,36
AL9 5,46,36
AL9 6,10,36
AL9 7,92,36
B1 1,127,36
B1 2,106,36
B1 3,120,36
B10 0,215,36
B10 9,162,36
B11 1,188,36
B11 2,81,36
B11 3,201,36
B11 4,141,36
B12 0,211,36
B12 8,128,36
B12 9,164,36
B13 0,267,36
B13 3,0,36
B13 8,203,36
B13 9,328,36
B14 4,188,36
B14 5,228,36
B14 6,191,36
B14 7,291,36
B15 1,104,36
B15 2,253,36
B15 3,324,36
B16 0,276,36
B16 6,0,36
B16 8,184,36
B16 9,237,36
B17 0,297,36
B17 8,217,36
B17 9,157,36
B18 4,220,36
B18 5,164,36
B18 6,81,36
B18 7,113,36
B18 9,0,36
B19 1,184,36
B19 2,137,36
B19 3,126,36
B2 4,168,36
B2 5,82,36
B20 1,67,36
B20 2,340,36
B20 3,305,36
B21 0,239,36
B21 8,221,36
B21 9,338,36
B23 3,0,36
B23 5,305,36
B23 6,354,36
B23 7,498,36
B24 0,159,36
B24 8,233,36
B24 9,247,36
B25 8,336,36
B26 1,204,36
B26 2,125,36
B26 3,251,36
B27 6,237,36
B27 7,315,36
B28 0,218,36
B28 1,0,36
B28 8,173,36
B28 9,108,36
B29 4,94,36
B29 5,153,36
B29 6,532,36
B29 7,375,36
B29 9,0,36
B3 1,116,36
B3 2,60,36
B3 3,14,36
B30 1,124,36
B30 2,254,36
B30 3,121,36
B30 9,0,36
B31 1,151,36
B31 2,305,36
B31 3,190,36
B31 4,150,36
B31 5,132,36
B31 9,0,36
B32 1,177,36
B32 2,269,36
B32 3,213,36
B32 4,75,36
B32 9,0,36
B33 0,241,36
B33 3,0,36
B33 8,205,36
B33 9,219,36
B34 6,193,36
B34 7,167,36
B35 6,57,36
B35 7,66,36
B35 9,0,36
B36 0,175,36
B36 8,205,36
B36 9,90,36
B37 5,190,36
B37 6,151,36
B37 7,241,36
B37 9,0,36
B38 0,20,36
B38 8,178,36
B38 9,147,36
B4 6,115,36
B4 7,144,36
B40 1,24,36
B42 1,176,36
B42 2,196,36
B43 5,89,36
B43 6,85,36
B43 7,138,36
B44 0,221,36
B44 8,126,36
B44 9,146,36
B45 0,208,36
B45 5,0,36
B45 8,189,36
B45 9,194,36
B46 1,115,36
B46 2,42,36
B46 3,53,36
B46 9,0,36
B47 5,64,36
B47 6,36,36
B48 7,60,36
B49 5,54,36
B49 6,69,36
B49 9,0,36
B5 4,118,36
B5 5,51,36
B5 6,111,36
B5 7,338,36
B50 4,92,36
B6 4,50,36
B6 5,45,36
B6 6,180,36
B6 7,122,36
B6 9,0,36
B60 1,77,36
B60 2,65,36
B60 3,90,36
B60 4,40,36
B60 9,0,36
B61 0,119,36
B61 7,44,36
B61 8,95,36
B61 9,27,36
B62 0,65,36
B62 2,0,36
B62 8,127,36
B62 9,121,36
B63 1,78,36
B63 2,161,36
B63 3,107,36
B63 4,133,36
B64 5,91,36
B64 6,88,36
B64 7,69,36
B65 0,125,36
B65 8,86,36
B65 9,78,36
B66 1,83,36
B66 2,94,36
B66 3,94,36
B66 4,196,36
B67 5,124,36
B67 6,116,36
B67 7,97,36
B67 9,0,36
B68 0,103,36
B68 8,125,36
B68 9,170,36
B69 1,175,36
B69 2,86,36
B69 3,70,36
B69 4,118,36
B69 9,0,36
B7 4,135,36
B7 5,84,36
B70 0,198,36
B70 1,0,36
B70 6,141,36
B70 7,115,36
B70 8,114,36
B70 9,153,36
B71 1,152,36
B71 2,144,36
B71 3,169,36
B71 4,63,36
B72 1,182,36
B73 5,217,36
B73 6,182,36
B73 9,0,36
B74 2,100,36
B74 3,103,36
B74 4,104,36
B75 5,101,36
B75 6,104,36
B75 7,165,36
B76 0,11,36
B76 1,129,36
B76 2,66,36
B76 9,79,36
B77 1,83,36
B77 2,166,36
B77 3,64,36
B77 4,113,36
B77 5,91,36
B77 9,0,36
B78 1,94,36
B78 2,54,36
B78 3,98,36
B79 0,56,36
B79 7,145,36
B79 8,85,36
B79 9,23,36
B8 1,132,36
B8 2,285,36
B8 3,164,36
B80 7,86,36
B9 4,125,36
B9 5,265,36
B9 9,0,36
B90 1,144,36
B90 2,141,36
B90 3,217,36
B90 4,164,36
B90 8,17,36
B90 9,0,36
B91 1,200,36
B91 2,159,36
B91 3,188,36
B91 9,1,36
B92 0,107,36
B92 7,140,36
B92 8,156,36
B92 9,116,36
B93 0,48,36
B93 3,4,36
B93 8,85,36
B93 9,83,36
B94 5,67,36
B94 6,46,36
B95 5,54,36
B95 6,23,36
B95 8,0,36
B96 6,64,36
B97 4,97,36
B97 5,88,36
B97 6,137,36
B97 9,0,36
B98 0,202,36
B98 7,192,36
B98 8,105,36
B98 9,91,36
BA1 0,1,36
BA1 1,163,36
BA1 2,164,36
BA1 3,68,36
BA1 4,40,36
BA1 5,81,36
BA1 6,76,36
BA1 7,54,36
BA1 8,17,36
BA1 9,21,36
BA10 0,47,36
BA11 1,82,36
BA11 2,69,36
BA11 3,57,36
BA11 4,49,36
BA11 5,30,36
BA11 6,19,36
BA11 9,0,36
BA12 0,53,36
BA12 2,0,36
BA12 6,38,36
BA12 7,45,36
BA12 8,66,36
BA12 9,67,36
BA13 2,4,36
BA13 3,58,36
BA13 4,52,36
BA13 9,0,36
BA14 0,60,36
BA14 4,1,36
BA14 6,42,36
BA14 7,69,36
BA14 8,103,36
BA14 9,49,36
BA15 1,58,36
BA15 2,35,36
BA15 5,0,36
BA16 0,59,36
BA16 9,9,36
BA2 0,21,36
BA2 1,199,36
BA2 2,115,36
BA2 3,96,36
BA2 4,75,36
BA2 5,103,36
BA2 6,51,36
BA2 7,54,36
BA2 8,60,36
BA2 9,22,36
BA20 1,97,36
BA20 2,51,36
BA20 9,0,36
BA21 3,79,36
BA21 4,77,36
BA21 5,74,36
BA22 7,40,36
BA22 8,58,36
BA22 9,30,36
BA3 2,92,36
BA3 3,104,36
BA3 4,86,36
BA3 5,40,36
BA3 9,0,36
BA4 4,42,36
BA4 5,44,36
BA4 6,70,36
BA4 9,0,36
BA5 1,101,36
BA5 2,73,36
BA5 3,53,36
BA5 9,0,36
BA6 0,0,36
BA6 8,60,36
BA6 9,88,36
BA7 7,48,36
BA8 0,44,36
BA9 0,0,36
BA9 8,29,36
BA9 9,57,36
BB1 1,102,36
BB1 2,121,36
BB1 3,54,36
BB1 4,67,36
BB1 5,81,36
BB1 6,32,36
BB1 7,15,36
BB1 8,67,36
BB1 9,81,36
BB10 1,110,36
BB10 2,138,36
BB10 3,113,36
BB10 4,177,36
BB11 1,152,36
BB11 2,127,36
BB11 3,179,36
BB11 4,208,36
BB11 5,286,36
BB11 9,0,36
BB12 0,118,36
BB12 6,203,36
BB12 7,91,36
BB12 8,165,36
BB12 9,58,36
BB18 5,50,36
BB18 6,69,36
BB18 9,0,36
BB2 1,85,36
BB2 2,142,36
BB2 3,162,36
BB2 4,199,36
BB2 5,61,36
BB2 6,65,36
BB2 7,40,36
BB2 9,0,36
BB3 0,89,36
BB3 1,80,36
BB3 2,88,36
BB3 3,102,36
BB3 9,0,36
BB4 0,0,36
BB4 4,46,36
BB4 5,86,36
BB4 6,100,36
BB4 7,86,36
BB4 8,86,36
BB4 9,65,36
BB5 0,138,36
BB5 1,180,36
BB5 2,112,36
BB5 3,136,36
BB5 4,125,36
BB5 5,225,36
BB5 6,178,36
BB5 9,3,36
BB6 7,112,36
BB6 8,25,36
BB7 0,0,36
BB7 1,77,36
BB7 2,49,36
BB7 3,15,36
BB7 4,62,36
BB7 9,103,36
BB8 0,110,36
BB8 7,70,36
BB8 8,83,36
BB8 9,122,36
BB9 0,111,36
BB9 4,0,36
BB9 5,83,36
BB9 6,69,36
BB9 7,107,36
BB9 8,92,36
BB9 9,128,36
BD1 1,164,36
BD1 2,154,36
BD1 3,69,36
BD1 4,142,36
BD1 5,97,36
BD1 9,6,36
BD10 0,244,36
BD10 8,213,36
BD10 9,165,36
BD11 1,92,36
BD11 2,97,36
BD12 0,138,36
BD12 7,34,36
BD12 8,117,36
BD12 9,149,36
BD13 1,69,36
BD13 2,99,36
BD13 3,125,36
BD13 4,99,36
BD13 5,60,36
BD14 6,149,36
BD15 0,57,36
BD15 7,183,36
BD15 8,22,36
BD15 9,43,36
BD16 1,137,36
BD16 2,78,36
BD16 3,51,36
BD16 4,72,36
BD17 5,99,36
BD17 6,90,36
BD17 7,172,36
BD18 1,142,36
BD18 2,129,36
BD18 3,217,36
BD18 4,143,36
BD19 3,131,36
BD19 4,128,36
BD19 5,49,36
BD19 6,73,36
BD19 9,0,36
BD2 1,171,36
BD2 2,120,36
BD2 3,267,36
BD2 4,131,36
BD20 0,87,36
BD20 5,76,36
BD20 6,122,36
BD20 7,43,36
BD20 8,43,36
BD20 9,35,36
BD21 1,120,36
BD21 2,114,36
BD21 3,130,36
BD21 4,104,36
BD21 5,109,36
BD21 9,0,36
BD22 0,117,36
BD22 6,186,36
BD22 7,168,36
BD22 8,64,36
BD22 9,122,36
BD23 1,84,36
BD23 2,120,36
BD23 3,42,36
BD23 4,31,36
BD23 5,22,36
BD23 6,42,36
BD23 9,0,36
BD24 0,26,36
BD24 9,27,36
BD3 0,172,36
BD3 7,100,36
BD3 8,154,36
BD3 9,80,36
BD4 0,291,36
BD4 6,245,36
BD4 7,171,36
BD4 8,208,36
BD4 9,287,36
BD5 0,178,36
BD5 5,0,36
BD5 7,89,36
BD5 8,174,36
BD5 9,192,36
BD6 1,226,36
BD6 2,188,36
BD6 3,243,36
BD7 1,207,36
BD7 2,234,36
BD7 3,123,36
BD7 4,185,36
BD8 0,104,36
BD8 7,117,36
BD8 8,82,36
BD8 9,114,36
BD9 4,80,36
BD9 5,77,36
BD9 6,155,36
BH1 1,143,36
BH1 2,79,36
BH1 3,196,36
BH1 4,147,36
BH10 4,57,36
BH10 5,30,36
BH10 6,34,36
BH10 7,37,36
BH11 0,0,36
BH11 8,223,36
BH11 9,85,36
BH12 1,84,36
BH12 2,59,36
BH12 3,64,36
BH12 4,94,36
BH12 5,26,36
BH12 9,0,36
BH13 6,64,36
BH13 7,84,36
BH14 0,73,36
BH14 4,0,36
BH14 8,122,36
BH14 9,68,36
BH15 1,158,36
BH15 2,73,36
BH15 3,82,36
BH15 4,102,36
BH15 9,8,36
BH16 5,102,36
BH16 6,49,36
BH17 0,24,36
BH17 7,54,36
BH17 8,33,36
BH17 9,61,36
BH18 8,37,36
BH18 9,24,36
BH19 1,35,36
BH19 2,17,36
BH19 3,13,36
BH19 9,0,36
BH2 5,204,36
BH2 6,90,36
BH20 4,48,36
BH20 5,29,36
BH20 6,26,36
BH20 7,25,36
BH20 9,0,36
BH21 1,63,36
BH21 2,35,36
BH21 3,69,36
BH21 4,27,36
BH21 5,28,36
BH21 6,13,36
BH21 7,19,36
BH21 8,6,36
BH21 9,0,36
BH22 0,26,36
BH22 2,0,36
BH22 8,92,36
BH22 9,61,36
BH23 1,86,36
BH23 2,80,36
BH23 3,71,36
BH23 4,68,36
BH23 5,68,36
BH23 6,20,36
BH23 7,49,36
BH23 8,31,36
BH23 9,0,36
BH24 1,115,36
BH24 2,67,36
BH24 3,81,36
BH24 4,17,36
BH24 9,0,36
BH25 5,104,36
BH25 6,92,36
BH25 7,39,36
BH25 9,0,36
BH3 7,56,36
BH31 6,44,36
BH31 7,12,36
BH4 0,0,36
BH4 8,76,36
BH4 9,84,36
BH5 1,112,36
BH5 2,63,36
BH6 3,98,36
BH6 4,32,36
BH6 5,78,36
BH7 6,88,36
BH7 7,37,36
BH8 0,65,36
BH8 8,166,36
BH8 9,132,36
BH9 1,74,36
BH9 2,82,36
BH9 3,46,36
BL0 0,25,36
BL0 9,0,36
BL1 1,0,36
BL1 2,0,36
BL1 3,0,36
BL1 4,1,36
BL1 5,0,36
BL1 6,0,36
BL1 7,0,36
BL1 8,0,36
BL1 9,0,36
BL2 1,0,36
BL2 2,0,36
BL2 3,0,36
BL2 4,0,36
BL2 5,0,36
BL2 6,0,36
BL3 1,0,36
BL3 2,0,36
BL3 3,0,36
BL3 4,0,36
BL3 5,0,36
BL3 6,2,36
BL4 0,0,36
BL4 7,0,36
BL4 8,0,36
BL4 9,0,36
BL5 1,0,36
BL5 2,0,36
BL5 3,0,36
BL6 4,0,36
BL6 5,1,36
BL6 6,0,36
BL6 7,6,36
BL6 9,0,36
BL7 0,36,36
BL7 8,7,36
BL7 9,0,36
BL8 1,0,36
BL8 2,0,36
BL8 3,0,36
BL8 4,4,36
BL8 9,0,36
BL9 0,0,36
BL9 5,0,36
BL9 6,5,36
BL9 7,0,36
BL9 8,0,36
BL9 9,0,36
BN1 1,293,36
BN1 2,174,36
BN1 3,129,36
BN1 4,253,36
BN1 5,47,36
BN1 6,114,36
BN1 7,78,36
BN1 8,73,36
BN1 9,61,36
BN10 7,42,36
BN10 8,51,36
BN10 9,0,36
BN11 1,54,36
BN11 2,50,36
BN11 3,108,36
BN11 4,64,36
BN11 5,25,36
BN11 9,0,36
BN12 4,41,36
BN12 5,33,36
BN12 6,45,36
BN12 9,0,36
BN13 1,31,36
BN13 2,50,36
BN13 3,63,36
BN14 0,25,36
BN14 7,47,36
BN14 8,46,36
BN14 9,37,36
BN15 0,53,36
BN15 5,0,36
BN15 8,41,36
BN15 9,45,36
BN16 1,16,36
BN16 2,33,36
BN16 3,51,36
BN16 4,57,36
BN16 9,0,36
BN17 5,140,36
BN17 6,81,36
BN17 7,85,36
BN18 0,112,36
BN18 8,0,36
BN18 9,60,36
BN2 0,73,36
BN2 1,230,36
BN2 3,108,36
BN2 4,116,36
BN2 5,174,36
BN2 6,40,36
BN2 7,45,36
BN2 8,27,36
BN2 9,91,36
BN20 0,6,36
BN20 7,74,36
BN20 8,62,36
BN20 9,19,36
BN21 1,52,36
BN21 2,95,36
BN21 3,203,36
BN21 4,90,36
BN21 9,0,36
BN22 0,49,36
BN22 7,71,36
BN22 8,64,36
BN22 9,92,36
BN23 5,21,36
BN23 6,54,36
BN23 7,71,36
BN23 8,42,36
BN24 5,29,36
BN24 6,12,36
BN24 9,0,36
BN25 1,26,36
BN25 2,17,36
BN25 3,39,36
BN25 4,12,36
BN25 9,0,36
BN26 5,32,36
BN26 6,43,36
BN26 9,0,36
BN27 1,46,36
BN27 2,43,36
BN27 3,65,36
BN27 4,43,36
BN27 9,0,36
BN3 1,111,36
BN3 2,104,36
BN3 3,87,36
BN3 4,62,36
BN3 5,78,36
BN3 6,66,36
BN3 7,65,36
BN3 8,51,36
BN41 1,70,36
BN41 2,57,36
BN41 9,0,36
BN42 4,93,36
BN43 5,60,36
BN43 6,62,36
BN43 9,0,36
BN44 3,40,36
BN45 7,16,36
BN5 0,0,36
BN5 9,79,36
BN6 0,0,36
BN6 8,78,36
BN6 9,168,36
BN7 1,76,36
BN7 2,67,36
BN7 3,28,36
BN7 9,0,36
BN8 4,36,36
BN8 5,45,36
BN8 6,52,36
BN9 0,32,36
BN9 1,0,36
BN9 9,71,36
BR1 1,126,36
BR1 2,103,36
BR1 3,153,36
BR1 4,155,36
BR1 5,156,36
BR1 9,3,36
BR2 0,132,36
BR2 6,29,36
BR2 7,64,36
BR2 8,99,36
BR2 9,128,36
BR3 1,204,36
BR3 3,146,36
BR3 4,126,36
BR3 5,95,36
BR3 6,74,36
BR3 9,0,36
BR4 0,114,36
BR4 4,0,36
BR4 9,81,36
BR5 1,113,36
BR5 2,171,36
BR5 3,224,36
BR5 4,136,36
BR6 0,196,36
BR6 1,0,36
BR6 6,52,36
BR6 7,81,36
BR6 8,87,36
BR6 9,127,36
BR7 5,118,36
BR7 6,135,36
BR8 7,134,36
BR8 8,50,36
BR8 9,0,36
BS1 1,174,36
BS1 2,131,36
BS1 3,206,36
BS1 4,105,36
BS1 5,239,36
BS1 6,295,36
BS1 9,2,36
BS10 5,130,36
BS10 6,136,36
BS10 7,148,36
BS11 0,135,36
BS11 1,0,36
BS11 8,35,36
BS11 9,117,36
BS13 0,139,36
BS13 7,119,36
BS13 8,82,36
BS13 9,99,36
BS14 0,157,36
BS14 8,105,36
BS14 9,137,36
BS15 0,0,36
BS15 1,183,36
BS15 3,72,36
BS15 4,149,36
BS15 8,98,36
BS15 9,65,36
BS16 0,0,36
BS16 1,220,36
BS16 2,182,36
BS16 3,177,36
BS16 4,87,36
BS16 5,96,36
BS16 6,59,36
BS16 7,85,36
BS16 9,101,36
BS2 0,252,36
BS2 2,0,36
BS2 8,235,36
BS2 9,137,36
BS20 0,52,36
BS20 1,0,36
BS20 6,58,36
BS20 7,86,36
BS20 8,18,36
BS21 5,16,36
BS21 6,69,36
BS21 7,49,36
BS21 9,0,36
BS22 6,74,36
BS22 7,28,36
BS22 8,67,36
BS22 9,44,36
BS23 1,166,36
BS23 2,132,36
BS23 3,219,36
BS23 4,85,36
BS23 9,2,36
BS24 0,21,36
BS24 6,12,36
BS24 7,48,36
BS24 8,25,36
BS24 9,74,36
BS25 1,37,36
BS25 5,20,36
BS25 9,0,36
BS26 2,46,36
BS27 3,64,36
BS28 4,27,36
BS29 6,27,36
BS3 1,199,36
BS3 2,108,36
BS3 3,75,36
BS3 4,131,36
BS3 5,89,36
BS3 9,0,36
BS30 5,64,36
BS30 6,43,36
BS30 7,36,36
BS30 8,64,36
BS30 9,48,36
BS31 1,116,36
BS31 2,69,36
BS31 3,20,36
BS31 9,0,36
BS32 0,29,36
BS32 4,47,36
BS32 8,55,36
BS32 9,26,36
BS34 4,0,36
BS34 5,179,36
BS34 6,54,36
BS34 7,115,36
BS34 8,133,36
BS34 9,1,36
BS35 1,48,36
BS35 2,71,36
BS35 3,32,36
BS35 4,39,36
BS35 5,10,36
BS35 9,0,36
BS36 1,79,36
BS36 2,78,36
BS37 0,0,36
BS37 4,97,36
BS37 5,98,36
BS37 6,86,36
BS37 7,116,36
BS37 8,44,36
BS37 9,20,36
BS39 4,37,36
BS39 5,32,36
BS39 6,35,36
BS39 7,31,36
BS4 1,191,36
BS4 2,112,36
BS4 3,112,36
BS4 4,145,36
BS4 5,114,36
BS40 5,62,36
BS40 6,23,36
BS40 7,14,36
BS40 8,33,36
BS40 9,8,36
BS41 8,12,36
BS41 9,83,36
BS48 1,61,36
BS48 2,25,36
BS48 3,56,36
BS48 4,40,36
BS48 9,0,36
BS49 4,61,36
BS49 5,41,36
BS5 0,210,36
BS5 5,0,36
BS5 6,262,36
BS5 7,166,36
BS5 8,127,36
BS5 9,168,36
BS6 5,188,36
BS6 6,143,36
BS6 7,149,36
BS6 9,0,36
BS7 0,214,36
BS7 8,170,36
BS7 9,249,36
BS8 1,106,36
BS8 2,136,36
BS8 3,110,36
BS8 4,136,36
BS8 9,0,36
BS9 0,0,36
BS9 1,111,36
BS9 2,84,36
BS9 3,130,36
BS9 4,111,36
CA1 1,39,36
CA1 2,117,36
CA1 3,42,36
CA1 9,0,36
CA10 1,16,36
CA10 2,20,36
CA10 3,22,36
CA11 0,56,36
CA11 1,0,36
CA11 7,35,36
CA11 8,34,36
CA11 9,35,36
CA12 4,24,36
CA12 5,25,36
CA13 0,25,36
CA13 3,0,36
CA13 9,31,36
CA14 1,50,36
CA14 2,104,36
CA14 3,130,36
CA14 4,23,36
CA14 5,56,36
CA14 9,0,36
CA15 6,43,36
CA15 7,35,36
CA15 8,47,36
CA15 9,0,36
CA16 6,30,36
CA17 4,38,36
CA18 1,1,36
CA19 1,2,36
CA2 4,59,36
CA2 5,96,36
CA2 6,85,36
CA2 7,73,36
CA20 1,17,36
CA21 2,10,36
CA22 2,50,36
CA22 9,0,36
CA23 3,12,36
CA24 3,6,36
CA25 5,50,36
CA26 3,45,36
CA27 0,8,36
CA28 0,0,36
CA28 6,17,36
CA28 7,69,36
CA28 8,28,36
CA28 9,56,36
CA3 0,21,36
CA3 8,56,36
CA3 9,25,36
CA4 0,12,36
CA4 8,11,36
CA4 9,4,36
CA5 6,8,36
CA5 7,8,36
CA6 4,8,36
CA6 5,34,36
CA6 6,5,36
CA7 0,5,36
CA7 1,3,36
CA7 2,11,36
CA7 3,14,36
CA7 4,30,36
CA7 5,7,36
CA7 7,0,36
CA7 8,4,36
CA7 9,22,36
CA8 0,0,36
CA8 1,28,36
CA8 2,10,36
CA8 7,10,36
CA8 9,7,36
CA9 3,14,36
CB1 0,0,36
CB1 1,58,36
CB1 2,116,36
CB1 3,185,36
CB1 7,34,36
CB1 8,81,36
CB1 9,96,36
CB10 1,82,36
CB10 2,67,36
CB10 9,0,36
CB11 3,94,36
CB11 4,104,36
CB2 0,26,36
CB2 1,77,36
CB2 3,68,36
CB2 7,2,36
CB2 8,49,36
CB2 9,125,36
CB21 4,63,36
CB21 5,56,36
CB21 6,25,36
CB22 3,67,36
CB22 4,31,36
CB22 5,69,36
CB22 6,17,36
CB22 7,48,36
CB23 1,27,36
CB23 2,51,36
CB23 3,46,36
CB23 4,25,36
CB23 5,14,36
CB23 6,40,36
CB23 7,80,36
CB23 8,69,36
CB24 1,15,36
CB24 3,47,36
CB24 4,48,36
CB24 5,50,36
CB24 6,47,36
CB24 8,92,36
CB24 9,77,36
CB25 0,69,36
CB25 9,96,36
CB3 0,107,36
CB3 1,24,36
CB3 9,42,36
CB4 0,10,36
CB4 1,298,36
CB4 2,217,36
CB4 3,142,36
CB5 8,220,36
CB6 1,129,36
CB6 2,116,36
CB6 3,143,36
CB7 4,103,36
CB7 5,158,36
CB7 6,8,36
CB7 7,4,36
CB7 9,0,36
CB8 0,99,36
CB8 1,1,36
CB8 7,85,36
CB8 8,93,36
CB8 9,66,36
CB9 0,45,36
CB9 1,1,36
CB9 7,62,36
CB9 8,64,36
CB9 9,47,36
CF10 1,198,36
CF10 2,109,36
CF10 3,97,36
CF10 4,95,36
CF10 5,129,36
CF11 0,67,36
CF11 1,0,36
CF11 6,220,36
CF11 7,157,36
CF11 8,122,36
CF11 9,198,36
CF14 0,25,36
CF14 1,87,36
CF14 2,96,36
CF14 3,124,36
CF14 4,73,36
CF14 5,88,36
CF14 6,45,36
CF14 7,53,36
CF14 8,0,36
CF14 9,11,36
CF15 5,0,36
CF15 7,60,36
CF15 8,42,36
CF15 9,27,36
CF23 5,102,36
CF23 6,52,36
CF23 7,56,36
CF23 8,44,36
CF23 9,131,36
CF24 0,121,36
CF24 1,172,36
CF24 2,130,36
CF24 3,309,36
CF24 4,219,36
CF24 5,45,36
CF3 0,79,36
CF3 1,50,36
CF3 2,32,36
CF3 3,62,36
CF3 4,44,36
CF3 5,53,36
CF3 6,24,36
CF31 1,120,36
CF31 2,33,36
CF31 3,46,36
CF31 4,60,36
CF31 5,10,36
CF31 9,0,36
CF32 0,23,36
CF32 7,17,36
CF32 8,34,36
CF32 9,53,36
CF33 4,46,36
CF33 6,50,36
CF34 0,91,36
CF34 4,5,36
CF34 9,83,36
CF35 5,24,36
CF35 6,36,36
CF36 3,43,36
CF36 5,88,36
CF36 9,0,36
CF37 1,128,36
CF37 2,26,36
CF37 3,43,36
CF37 4,64,36
CF37 5,76,36
CF37 9,0,36
CF38 1,37,36
CF38 2,42,36
CF39 0,13,36
CF39 8,87,36
CF39 9,56,36
CF40 1,63,36
CF40 2,72,36
CF40 9,0,36
CF41 7,80,36
CF42 5,52,36
CF42 6,33,36
CF42 9,0,36
CF43 3,40,36
CF43 4,66,36
CF44 0,53,36
CF44 4,0,36
CF44 6,86,36
CF44 7,37,36
CF44 8,34,36
CF44 9,55,36
CF45 3,60,36
CF45 4,43,36
CF46 5,22,36
CF46 6,70,36
CF47 0,58,36
CF47 7,0,36
CF47 8,78,36
CF47 9,127,36
CF48 1,65,36
CF48 2,43,36
CF48 3,58,36
CF48 4,55,36
CF5 1,166,36
CF5 2,91,36
CF5 3,85,36
CF5 4,141,36
CF5 5,133,36
CF5 6,56,36
CF5 7,0,36
CF5 9,5,36
CF61 1,23,36
CF61 2,15,36
CF62 3,23,36
CF62 4,34,36
CF62 5,33,36
CF62 6,16,36
CF62 7,33,36
CF62 8,40,36
CF62 9,46,36
CF63 1,44,36
CF63 2,49,36
CF63 3,8,36
CF63 4,79,36
CF63 9,0,36
CF64 1,49,36
CF64 2,65,36
CF64 3,68,36
CF64 4,35,36
CF64 5,46,36
CF64 9,0,36
CF71 7,66,36
CF72 0,0,36
CF72 4,0,36
CF72 8,81,36
CF72 9,73,36
CF81 8,61,36
CF81 9,106,36
CF82 6,9,36
CF82 7,94,36
CF82 8,38,36
CF82 9,6,36
CF83 1,125,36
CF83 2,70,36
CF83 3,114,36
CF83 4,35,36
CF83 8,79,36
CF83 9,0,36
CH1 1,40,36
CH1 2,40,36
CH1 3,56,36
CH1 4,78,36
CH1 5,131,36
CH1 6,28,36
CH1 9,5,36
CH2 1,43,36
CH2 2,51,36
CH2 3,65,36
CH2 4,45,36
CH3 5,66,36
CH3 6,28,36
CH3 7,42,36
CH3 8,17,36
CH3 9,27,36
CH4 0,32,36
CH4 7,27,36
CH4 8,60,36
CH4 9,25,36
CH41 0,26,36
CH41 1,24,36
CH41 2,86,36
CH41 3,22,36
CH41 4,52,36
CH41 5,15,36
CH41 6,37,36
CH41 7,29,36
CH41 8,43,36
CH41 9,45,36
CH42 0,14,36
CH42 1,47,36
CH42 2,25,36
CH42 3,14,36
CH42 4,40,36
CH42 5,35,36
CH42 6,20,36
CH42 7,16,36
CH42 8,15,36
CH42 9,32,36
CH43 0,14,36
CH43 1,20,36
CH43 2,27,36
CH43 3,11,36
CH43 4,41,36
CH43 5,21,36
CH43 6,15,36
CH43 7,65,36
CH43 8,5,36
CH43 9,40,36
CH44 0,25,36
CH44 1,16,36
CH44 2,15,36
CH44 3,5,36
CH44 4,24,36
CH44 5,27,36
CH44 6,37,36
CH44 7,36,36
CH44 8,26,36
CH44 9,37,36
CH45 0,7,36
CH45 1,13,36
CH45 2,13,36
CH45 3,10,36
CH45 4,21,36
CH45 5,25,36
CH45 6,8,36
CH45 7,19,36
CH45 8,7,36
CH45 9,3,36
CH46 0,12,36
CH46 1,26,36
CH46 2,19,36
CH46 3,7,36
CH46 4,4,36
CH46 5,2,36
CH46 6,22,36
CH46 7,27,36
CH46 8,22,36
CH46 9,28,36
CH47 0,3,36
CH47 1,0,36
CH47 2,5,36
CH47 3,16,36
CH47 4,3,36
CH47 5,4,36
CH47 6,2,36
CH47 7,1,36
CH47 8,1,36
CH47 9,0,36
CH48 0,6,36
CH48 1,7,36
CH48 2,4,36
CH48 3,7,36
CH48 4,15,36
CH48 5,9,36
CH48 6,11,36
CH48 7,4,36
CH48 8,5,36
CH48 9,5,36
CH49 0,14,36
CH49 1,10,36
CH49 2,12,36
CH49 3,6,36
CH49 4,17,36
CH49 5,22,36
CH49 6,33,36
CH49 7,31,36
CH49 8,17,36
CH49 9,27,36
CH5 1,101,36
CH5 2,95,36
CH5 3,51,36
CH5 4,102,36
CH5 9,0,36
CH6 5,102,36
CH6 6,23,36
CH6 9,0,36
CH60 0,11,36
CH60 1,5,36
CH60 2,5,36
CH60 3,6,36
CH60 4,4,36
CH60 5,10,36
CH60 6,6,36
CH60 7,4,36
CH60 8,4,36
CH60 9,6,36
CH61 0,2,36
CH61 1,12,36
CH61 2,4,36
CH61 3,8,36
CH61 4,7,36
CH61 5,10,36
CH61 6,6,36
CH61 7,15,36
CH61 8,7,36
CH61 9,4,36
CH62 0,7,36
CH62 1,41,36
CH62 2,8,36
CH62 3,22,36
CH62 4,10,36
CH62 5,29,36
CH62 6,12,36
CH62 7,22,36
CH62 8,21,36
CH62 9,16,36
CH63 0,13,36
CH63 1,4,36
CH63 2,15,36
CH63 3,19,36
CH63 4,5,36
CH63 5,13,36
CH63 6,3,36
CH63 7,12,36
CH63 8,12,36
CH63 9,8,36
CH64 0,4,36
CH64 1,14,36
CH64 2,2,36
CH64 3,17,36
CH64 4,8,36
CH64 5,5,36
CH64 6,11,36
CH64 7,2,36
CH64 8,5,36
CH64 9,31,36
CH65 0,24,36
CH65 1,11,36
CH65 2,38,36
CH65 3,15,36
CH65 4,47,36
CH65 5,32,36
CH65 6,15,36
CH65 7,24,36
CH65 8,36,36
CH65 9,71,36
CH66 0,2,36
CH66 1,21,36
CH66 2,31,36
CH66 3,29,36
CH66 4,58,36
CH66 5,7,36
CH66 6,3,36
CH66 7,1,36
CH66 8,3,36
CH66 9,2,36
CH7 1,97,36
CH7 2,55,36
CH7 3,28,36
CH7 4,22,36
CH7 5,34,36
CH7 6,41,36
CH7 9,0,36
CH8 7,136,36
CH8 8,22,36
CH8 9,55,36
CM0 7,41,36
CM0 8,37,36
CM1 1,120,36
CM1 2,220,36
CM1 3,91,36
CM1 4,184,36
CM1 6,90,36
CM1 7,128,36
CM1 9,0,36
CM11 1,72,36
CM11 2,88,36
CM12 0,60,36
CM12 2,0,36
CM12 9,111,36
CM13 1,52,36
CM13 2,73,36
CM13 3,117,36
CM14 4,187,36
CM14 5,100,36
CM14 9,0,36
CM15 0,55,36
CM15 8,98,36
CM15 9,75,36
CM16 4,48,36
CM16 5,45,36
CM16 6,66,36
CM16 7,96,36
CM16 9,2,36
CM17 0,107,36
CM17 9,78,36
CM18 6,125,36
CM18 7,215,36
CM19 4,133,36
CM19 5,90,36
CM2 0,111,36
CM2 5,9,36
CM2 6,143,36
CM2 7,89,36
CM2 8,155,36
CM2 9,145,36
CM20 1,144,36
CM20 2,115,36
CM20 3,115,36
CM20 9,0,36
CM21 0,40,36
CM21 1,0,36
CM21 9,47,36
CM22 6,61,36
CM22 7,74,36
CM23 0,0,36
CM23 1,13,36
CM23 2,100,36
CM23 3,113,36
CM23 4,77,36
CM23 5,96,36
CM23 9,0,36
CM24 1,19,36
CM24 8,52,36
CM3 1,71,36
CM3 2,52,36
CM3 3,88,36
CM3 4,71,36
CM3 5,50,36
CM3 6,47,36
CM3 7,3,36
CM3 8,48,36
CM3 9,1,36
CM4 0,43,36
CM4 9,80,36
CM5 0,71,36
CM5 5,0,36
CM5 9,50,36
CM6 1,118,36
CM6 2,60,36
CM6 3,66,36
CM6 4,5,36
CM7 0,0,36
CM7 1,68,36
CM7 2,46,36
CM7 3,64,36
CM7 4,50,36
CM7 5,67,36
CM7 9,34,36
CM77 6,22,36
CM77 7,20,36
CM77 8,54,36
CM8 1,122,36
CM8 2,93,36
CM8 3,62,36
CM8 9,4,36
CM9 4,58,36
CM9 5,27,36
CM9 6,101,36
CM9 8,45,36
CM9 9,0,36
CO1 1,180,36
CO1 2,131,36
CO1 9,2,36
CO10 0,62,36
CO10 1,38,36
CO10 2,56,36
CO10 3,0,36
CO10 5,18,36
CO10 7,33,36
CO10 8,42,36
CO10 9,43,36
CO11 1,37,36
CO11 2,40,36
CO11 9,0,36
CO12 3,74,36
CO12 4,74,36
CO12 5,16,36
CO12 9,0,36
CO13 0,34,36
CO13 3,0,36
CO13 9,38,36
CO14 8,54,36
CO15 1,170,36
CO15 2,112,36
CO15 3,120,36
CO15 4,68,36
CO15 5,50,36
CO15 6,69,36
CO15 9,0,36
CO16 0,21,36
CO16 7,31,36
CO16 8,92,36
CO16 9,57,36
CO2 0,39,36
CO2 7,102,36
CO2 8,119,36
CO2 9,110,36
CO3 0,68,36
CO3 3,76,36
CO3 4,60,36
CO3 8,27,36
CO3 9,32,36
CO4 0,49,36
CO4 3,194,36
CO4 5,107,36
CO4 6,28,36
CO4 7,0,36
CO4 9,45,36
CO5 0,51,36
CO5 7,17,36
CO5 8,30,36
CO5 9,58,36
CO6 1,54,36
CO6 2,63,36
CO6 3,48,36
CO6 4,50,36
CO6 5,6,36
CO7 0,31,36
CO7 5,0,36
CO7 6,81,36
CO7 7,54,36
CO7 8,45,36
CO7 9,49,36
CO8 5,29,36
CO9 1,71,36
CO9 2,58,36
CO9 3,39,36
CO9 4,61,36
CO9 9,3,36
CR0 0,164,36
CR0 1,475,36
CR0 2,532,36
CR0 3,323,36
CR0 4,368,36
CR0 5,210,36
CR0 6,378,36
CR0 7,161,36
CR0 8,102,36
CR0 9,112,36
CR2 0,125,36
CR2 6,156,36
CR2 7,125,36
CR2 8,131,36
CR2 9,75,36
CR3 0,43,36
CR3 4,0,36
CR3 5,60,36
CR3 6,74,36
CR3 7,31,36
CR4 1,189,36
CR4 2,153,36
CR4 3,264,36
CR4 4,140,36
CR4 9,0,36
CR5 1,61,36
CR5 2,118,36
CR5 3,94,36
CR5 9,0,36
CR6 9,109,36
CR7 6,143,36
CR7 7,261,36
CR7 8,199,36
CR8 1,64,36
CR8 2,168,36
CR8 3,102,36
CR8 4,92,36
CR8 5,72,36
CT1 1,204,36
CT1 2,97,36
CT1 3,103,36
CT1 9,0,36
CT10 1,49,36
CT10 2,70,36
CT10 3,22,36
CT10 9,0,36
CT11 0,47,36
CT11 1,0,36
CT11 7,65,36
CT11 8,92,36
CT11 9,87,36
CT12 4,17,36
CT12 5,50,36
CT12 6,128,36
CT13 0,43,36
CT13 9,20,36
CT14 0,16,36
CT14 4,0,36
CT14 6,53,36
CT14 7,22,36
CT14 8,8,36
CT14 9,60,36
CT15 4,14,36
CT15 5,19,36
CT15 6,16,36
CT15 7,29,36
CT16 1,100,36
CT16 2,64,36
CT16 3,29,36
CT16 9,0,36
CT17 0,77,36
CT17 9,106,36
CT18 7,48,36
CT18 8,25,36
CT19 4,58,36
CT19 5,105,36
CT19 6,53,36
CT2 0,36,36
CT2 7,136,36
CT2 8,83,36
CT2 9,22,36
CT20 1,161,36
CT20 2,82,36
CT20 3,42,36
CT20 9,0,36
CT21 4,16,36
CT21 5,45,36
CT21 6,30,36
CT21 9,1,36
CT3 1,32,36
CT3 2,16,36
CT3 3,42,36
CT3 4,30,36
CT4 5,28,36
CT4 6,32,36
CT4 7,37,36
CT4 8,15,36
CT5 1,80,36
CT5 2,61,36
CT5 3,46,36
CT5 4,79,36
CT5 9,0,36
CT6 5,87,36
CT6 6,27,36
CT6 7,49,36
CT6 8,65,36
CT6 9,0,36
CT7 0,32,36
CT7 9,42,36
CT8 8,41,36
CT9 1,141,36
CT9 2,94,36
CT9 3,110,36
CT9 4,71,36
CT9 5,66,36
CT9 9,0,36
CV1 1,149,36
CV1 2,350,36
CV1 3,174,36
CV1 4,234,36
CV1 5,212,36
CV1 9,0,36
CV10 0,128,36
CV10 3,0,36
CV10 7,158,36
CV10 8,106,36
CV10 9,172,36
CV11 4,200,36
CV11 5,194,36
CV11 6,223,36
CV11 7,6,36
CV11 8,7,36
CV11 9,5,36
CV12 0,89,36
CV12 8,127,36
CV12 9,140,36
CV13 0,90,36
CV13 6,58,36
CV2 1,223,36
CV2 2,252,36
CV2 3,119,36
CV2 4,283,36
CV2 5,145,36
CV21 1,143,36
CV21 2,99,36
CV21 3,99,36
CV21 4,50,36
CV21 9,3,36
CV22 5,90,36
CV22 6,54,36
CV22 7,129,36
CV23 0,92,36
CV23 1,19,36
CV23 8,46,36
CV23 9,53,36
CV3 1,186,36
CV3 2,328,36
CV3 3,168,36
CV3 4,156,36
CV3 5,169,36
CV3 6,131,36
CV3 9,0,36
CV31 1,121,36
CV31 2,80,36
CV31 3,92,36
CV31 9,0,36
CV32 4,37,36
CV32 5,81,36
CV32 6,64,36
CV32 7,101,36
CV33 8,0,36
CV33 9,82,36
CV34 0,0,36
CV34 4,95,36
CV34 5,168,36
CV34 6,217,36
CV34 7,25,36
CV34 8,20,36
CV34 9,0,36
CV35 0,141,36
CV35 7,56,36
CV35 8,85,36
CV35 9,75,36
CV36 4,70,36
CV36 5,58,36
CV37 0,122,36
CV37 1,0,36
CV37 5,9,36
CV37 6,117,36
CV37 7,77,36
CV37 8,106,36
CV37 9,146,36
CV4 7,95,36
CV4 8,213,36
CV4 9,247,36
CV47 0,30,36
CV47 1,41,36
CV47 2,65,36
CV47 4,1,36
CV47 7,14,36
CV47 8,22,36
CV47 9,16,36
CV5 6,258,36
CV5 7,98,36
CV5 8,154,36
CV5 9,96,36
CV6 1,127,36
CV6 2,201,36
CV6 3,175,36
CV6 4,206,36
CV6 5,310,36
CV6 6,223,36
CV6 7,238,36
CV6 9,1,36
CV7 7,125,36
CV7 8,169,36
CV7 9,127,36
CV8 1,123,36
CV8 2,130,36
CV8 3,68,36
CV8 9,0,36
CV9 1,81,36
CV9 2,117,36
CV9 3,57,36
CV9 9,0,36
CW1 2,75,36
CW1 3,186,36
CW1 4,101,36
CW1 5,55,36
CW1 6,29,36
CW1 9,0,36
CW10 0,44,36
CW10 9,40,36
CW11 1,23,36
CW11 2,19,36
CW11 3,43,36
CW11 4,36,36
CW11 5,0,36
CW12 1,109,36
CW12 2,49,36
CW12 3,53,36
CW12 4,77,36
CW12 9,0,36
CW2 5,75,36
CW2 6,120,36
CW2 7,175,36
CW2 8,60,36
CW3 0,26,36
CW3 9,35,36
CW4 7,17,36
CW4 8,16,36
CW5 5,78,36
CW5 6,48,36
CW5 7,48,36
CW5 8,31,36
CW5 9,0,36
CW6 0,28,36
CW6 6,0,36
CW6 9,37,36
CW7 1,59,36
CW7 2,53,36
CW7 3,82,36
CW7 4,7,36
CW7 9,0,36
CW8 1,86,36
CW8 2,38,36
CW8 3,27,36
CW8 4,58,36
CW9 5,65,36
CW9 6,27,36
CW9 7,78,36
CW9 8,49,36
CW9 9,0,36
DA1 1,164,36
DA1 2,126,36
DA1 3,63,36
DA1 4,98,36
DA1 5,173,36
DA1 9,0,36
DA10 0,93,36
DA10 1,49,36
DA11 0,102,36
DA11 7,83,36
DA11 8,90,36
DA11 9,98,36
DA12 1,74,36
DA12 2,143,36
DA12 3,55,36
DA12 4,111,36
DA12 5,210,36
DA12 9,0,36
DA13 0,103,36
DA13 9,69,36
DA14 4,77,36
DA14 5,77,36
DA14 6,108,36
DA15 0,0,36
DA15 7,50,36
DA15 8,89,36
DA15 9,56,36
DA16 1,136,36
DA16 2,92,36
DA16 3,115,36
DA17 5,96,36
DA17 6,107,36
DA18 4,35,36
DA2 6,134,36
DA2 7,75,36
DA2 8,34,36
DA3 7,60,36
DA3 8,98,36
DA3 9,0,36
DA4 0,32,36
DA4 9,72,36
DA5 1,76,36
DA5 2,35,36
DA5 3,66,36
DA6 7,116,36
DA6 8,59,36
DA7 4,136,36
DA7 5,84,36
DA7 6,73,36
DA7 9,0,36
DA8 1,181,36
DA8 2,166,36
DA8 3,121,36
DA8 9,0,36
DA9 9,156,36
DD1 1,0,36
DD1 2,0,36
DD1 3,0,36
DD1 4,0,36
DD1 5,0,36
DD1 9,0,36
DD10 0,0,36
DD10 1,0,36
DD10 8,0,36
DD10 9,0,36
DD11 1,0,36
DD11 2,0,36
DD11 3,0,36
DD11 4,0,36
DD11 5,0,36
DD11 9,0,36
DD2 1,0,36
DD2 2,0,36
DD2 3,0,36
DD2 4,0,36
DD2 5,0,36
DD2 9,0,36
DD3 0,0,36
DD3 6,0,36
DD3 7,0,36
DD3 8,0,36
DD3 9,0,36
DD4 0,0,36
DD4 6,0,36
DD4 7,0,36
DD4 8,0,36
DD4 9,0,36
DD5 1,0,36
DD5 2,0,36
DD5 3,0,36
DD5 4,0,36
DD6 8,0,36
DD6 9,0,36
DD7 6,0,36
DD7 7,0,36
DD8 0,0,36
DD8 1,0,36
DD8 2,0,36
DD8 3,0,36
DD8 4,0,36
DD8 5,0,36
DD8 9,0,36
DD9 6,0,36
DD9 7,0,36
DD9 9,0,36
DE1 0,0,36
DE1 1,277,36
DE1 2,189,36
DE1 3,198,36
DE1 9,0,36
DE11 0,125,36
DE11 1,2,36
DE11 7,91,36
DE11 8,51,36
DE11 9,111,36
DE12 6,94,36
DE12 7,90,36
DE12 8,32,36
DE13 0,104,36
DE13 7,35,36
DE13 8,78,36
DE13 9,76,36
DE14 1,120,36
DE14 2,126,36
DE14 3,179,36
DE14 9,0,36
DE15 0,72,36
DE15 9,171,36
DE21 2,51,36
DE21 4,141,36
DE21 5,30,36
DE21 6,288,36
DE21 7,211,36
DE22 1,49,36
DE22 2,80,36
DE22 3,357,36
DE22 4,45,36
DE22 5,22,36
DE23 1,38,36
DE23 2,13,36
DE23 3,26,36
DE23 4,11,36
DE23 6,176,36
DE23 8,216,36
DE24 0,160,36
DE24 1,8,36
DE24 3,39,36
DE24 5,10,36
DE24 8,306,36
DE24 9,168,36
DE3 0,61,36
DE3 9,34,36
DE4 2,47,36
DE4 3,62,36
DE4 4,59,36
DE4 5,37,36
DE4 9,0,36
DE45 1,70,36
DE5 3,139,36
DE5 4,0,36
DE5 8,18,36
DE5 9,31,36
DE55 1,43,36
DE55 2,65,36
DE55 3,16,36
DE55 4,79,36
DE55 5,39,36
DE55 6,27,36
DE55 7,85,36
DE55 9,2,36
DE56 0,40,36
DE56 1,59,36
DE56 2,37,36
DE56 4,34,36
DE56 9,0,36
DE6 1,70,36
DE6 2,31,36
DE6 3,16,36
DE6 4,11,36
DE6 5,18,36
DE6 9,1,36
DE65 5,66,36
DE65 6,66,36
DE65 9,0,36
DE7 0,0,36
DE7 4,119,36
DE7 5,124,36
DE7 6,57,36
DE7 8,193,36
DE7 9,5,36
DE72 2,29,36
DE72 3,134,36
DE73 5,41,36
DE73 6,37,36
DE73 7,22,36
DE73 8,37,36
DE74 0,0,36
DE74 2,135,36
DE75 7,146,36
DG1 1,0,36
DG1 2,0,36
DG1 3,0,36
DG1 4,0,36
DG1 9,0,36
DG10 9,0,36
DG11 1,0,36
DG11 2,0,36
DG11 3,0,36
DG11 9,0,36
DG12 5,0,36
DG12 6,0,36
DG13 0,0,36
DG14 0,0,36
DG16 5,0,36
DG2 0,0,36
DG2 7,0,36
DG2 8,0,36
DG2 9,0,36
DG3 4,0,36
DG3 5,0,36
DG3 9,0,36
DG4 6,0,36
DG5 4,0,36
DG6 4,0,36
DG7 1,0,36
DG7 2,0,36
DG7 3,0,36
DG7 9,0,36
DG8 0,0,36
DG8 6,0,36
DG8 7,0,36
DG8 8,0,36
DG8 9,0,36
DG9 0,0,36
DG9 7,0,36
DG9 8,0,36
DG9 9,0,36
DH1 1,236,36
DH1 2,157,36
DH1 3,108,36
DH1 4,130,36
DH1 5,119,36
DH1 9,0,36
DH2 1,100,36
DH2 2,108,36
DH2 3,131,36
DH3 1,135,36
DH3 2,111,36
DH3 3,115,36
DH3 4,49,36
DH3 9,0,36
DH4 4,138,36
DH4 5,121,36
DH4 6,171,36
DH4 7,103,36
DH4 9,13,36
DH5 0,156,36
DH5 8,137,36
DH5 9,141,36
DH6 1,167,36
DH6 2,107,36
DH6 3,106,36
DH6 4,107,36
DH6 5,62,36
DH7 0,34,36
DH7 6,87,36
DH7 7,83,36
DH7 8,131,36
DH7 9,65,36
DH8 0,26,36
DH8 1,0,36
DH8 5,75,36
DH8 6,55,36
DH8 7,67,36
DH8 8,71,36
DH8 9,22,36
DH9 0,90,36
DH9 6,97,36
DH9 7,130,36
DH9 8,84,36
DH9 9,75,36
DL1 1,136,36
DL1 2,197,36
DL1 3,58,36
DL1 4,280,36
DL1 5,171,36
DL1 9,2,36
DL10 4,25,36
DL10 5,23,36
DL10 6,31,36
DL10 7,28,36
DL10 9,0,36
DL11 6,26,36
DL11 7,22,36
DL12 0,46,36
DL12 8,83,36
DL12 9,54,36
DL13 1,22,36
DL13 2,44,36
DL13 3,37,36
DL13 4,49,36
DL13 5,37,36
DL14 0,92,36
DL14 4,0,36
DL14 6,251,36
DL14 7,163,36
DL14 8,115,36
DL14 9,157,36
DL15 0,162,36
DL15 8,86,36
DL15 9,117,36
DL16 6,146,36
DL16 7,177,36
DL16 9,0,36
DL17 0,165,36
DL17 8,168,36
DL17 9,49,36
DL2 1,51,36
DL2 2,85,36
DL2 3,56,36
DL2 4,0,36
DL3 0,168,36
DL3 6,133,36
DL3 7,74,36
DL3 8,43,36
DL3 9,76,36
DL4 1,164,36
DL4 2,176,36
DL5 4,109,36
DL5 5,81,36
DL5 6,54,36
DL5 7,236,36
DL5 9,0,36
DL6 1,61,36
DL6 2,56,36
DL6 3,37,36
DL7 0,14,36
DL7 7,0,36
DL7 8,73,36
DL7 9,14,36
DL8 1,25,36
DL8 2,11,36
DL8 3,19,36
DL8 4,19,36
DL8 5,19,36
DL8 9,0,36
DL9 3,11,36
DL9 4,46,36
DN1 1,214,36
DN1 2,256,36
DN1 3,199,36
DN1 9,14,36
DN10 4,49,36
DN10 5,18,36
DN10 6,56,36
DN11 0,125,36
DN11 8,166,36
DN11 9,89,36
DN12 1,242,36
DN12 2,79,36
DN12 3,84,36
DN12 4,85,36
DN14 0,79,36
DN14 4,0,36
DN14 5,121,36
DN14 6,178,36
DN14 7,65,36
DN14 8,65,36
DN14 9,65,36
DN15 0,7,36
DN15 5,0,36
DN15 6,256,36
DN15 7,199,36
DN15 8,228,36
DN15 9,86,36
DN16 1,303,36
DN16 2,183,36
DN16 3,179,36
DN17 1,268,36
DN17 2,233,36
DN17 3,83,36
DN17 4,48,36
DN18 5,81,36
DN18 6,34,36
DN18 9,0,36
DN19 7,48,36
DN2 4,234,36
DN2 5,214,36
DN2 6,175,36
DN20 0,50,36
DN20 8,89,36
DN20 9,47,36
DN21 1,346,36
DN21 2,213,36
DN21 3,52,36
DN21 4,62,36
DN21 5,57,36
DN21 9,3,36
DN22 0,39,36
DN22 1,0,36
DN22 4,0,36
DN22 5,0,36
DN22 6,85,36
DN22 7,150,36
DN22 8,76,36
DN22 9,49,36
DN3 1,166,36
DN3 2,159,36
DN3 3,133,36
DN31 1,154,36
DN31 2,208,36
DN31 3,43,36
DN31 9,0,36
DN32 0,159,36
DN32 7,323,36
DN32 8,107,36
DN32 9,245,36
DN33 1,124,36
DN33 2,42,36
DN33 3,83,36
DN34 4,97,36
DN34 5,123,36
DN35 0,104,36
DN35 7,181,36
DN35 8,164,36
DN35 9,80,36
DN36 4,110,36
DN36 5,57,36
DN37 0,86,36
DN37 7,59,36
DN37 8,14,36
DN37 9,134,36
DN38 6,40,36
DN39 6,43,36
DN4 0,401,36
DN4 5,229,36
DN4 6,156,36
DN4 7,99,36
DN4 8,264,36
DN4 9,173,36
DN40 1,51,36
DN40 2,43,36
DN40 3,65,36
DN40 9,0,36
DN41 7,28,36
DN41 8,50,36
DN5 0,315,36
DN5 7,143,36
DN5 8,190,36
DN5 9,233,36
DN6 0,125,36
DN6 7,181,36
DN6 8,150,36
DN6 9,77,36
DN7 4,168,36
DN7 5,173,36
DN7 6,111,36
DN8 4,127,36
DN8 5,155,36
DN9 1,77,36
DN9 2,55,36
DN9 3,86,36
DT1 1,77,36
DT1 2,32,36
DT1 3,32,36
DT1 9,3,36
DT10 1,41,36
DT10 2,29,36
DT10 9,0,36
DT11 0,40,36
DT11 1,0,36
DT11 7,79,36
DT11 8,46,36
DT11 9,34,36
DT2 0,17,36
DT2 7,37,36
DT2 8,37,36
DT2 9,24,36
DT3 4,16,36
DT3 5,31,36
DT3 6,48,36
DT4 0,79,36
DT4 4,3,36
DT4 7,118,36
DT4 8,70,36
DT4 9,50,36
DT5 1,36,36
DT5 2,24,36
DT5 9,0,36
DT6 3,43,36
DT6 4,37,36
DT6 5,42,36
DT6 6,27,36
DT6 9,0,36
DT7 3,63,36
DT8 3,17,36
DT9 3,24,36
DT9 4,39,36
DT9 5,27,36
DT9 6,31,36
DT9 9,0,36
DY1 1,107,36
DY1 2,228,36
DY1 3,167,36
DY1 4,107,36
DY1 9,0,36
DY10 1,193,36
DY10 2,131,36
DY10 3,118,36
DY10 4,79,36
DY11 5,74,36
DY11 6,172,36
DY11 7,136,36
DY11 9,0,36
DY12 1,64,36
DY12 2,62,36
DY12 3,20,36
DY13 0,79,36
DY13 3,0,36
DY13 8,81,36
DY13 9,96,36
DY14 0,17,36
DY14 8,29,36
DY14 9,21,36
DY2 0,238,36
DY2 7,90,36
DY2 8,147,36
DY2 9,138,36
DY3 1,163,36
DY3 2,193,36
DY3 3,104,36
DY3 4,37,36
DY4 0,154,36
DY4 4,0,36
DY4 7,161,36
DY4 8,162,36
DY4 9,151,36
DY5 1,130,36
DY5 2,221,36
DY5 3,231,36
DY5 4,123,36
DY5 9,0,36
DY6 0,47,36
DY6 6,0,36
DY6 7,86,36
DY6 8,143,36
DY6 9,105,36
DY7 5,52,36
DY7 6,76,36
DY8 1,140,36
DY8 2,88,36
DY8 3,124,36
DY8 4,146,36
DY8 5,151,36
DY8 9,0,36
DY9 0,146,36
DY9 7,101,36
DY9 8,119,36
DY9 9,128,36
E1 0,169,36
E1 1,218,36
E1 2,213,36
E1 3,131,36
E1 4,387,36
E1 5,285,36
E1 6,373,36
E1 7,145,36
E1 8,244,36
E10 5,328,36
E10 6,181,36
E10 7,263,36
E10 9,0,36
E11 1,245,36
E11 2,249,36
E11 3,266,36
E11 4,203,36
E11 9,0,36
E12 5,233,36
E12 6,214,36
E12 9,0,36
E13 0,217,36
E13 3,0,36
E13 8,210,36
E13 9,240,36
E14 0,232,36
E14 1,0,36
E14 2,27,36
E14 3,209,36
E14 4,67,36
E14 5,57,36
E14 6,340,36
E14 7,373,36
E14 8,292,36
E14 9,444,36
E15 1,555,36
E15 2,398,36
E15 3,176,36
E15 4,254,36
E15 9,0,36
E16 1,497,36
E16 2,361,36
E16 3,146,36
E16 4,188,36
E16 9,2,36
E17 0,0,36
E17 3,273,36
E17 4,308,36
E17 5,242,36
E17 6,298,36
E17 7,259,36
E17 8,127,36
E17 9,261,36
E18 1,213,36
E18 2,163,36
E18 9,0,36
E1W 1,133,36
E1W 2,164,36
E1W 3,132,36
E2 0,259,36
E2 2,0,36
E2 6,279,36
E2 7,237,36
E2 8,278,36
E2 9,239,36
E20 1,144,36
E3 2,456,36
E3 3,392,36
E3 4,325,36
E3 5,235,36
E3 9,0,36
E4 0,0,36
E4 6,170,36
E4 7,184,36
E4 8,289,36
E4 9,235,36
E5 0,354,36
E5 5,0,36
E5 8,381,36
E5 9,348,36
E6 1,393,36
E6 2,188,36
E6 3,186,36
E6 5,126,36
E6 6,175,36
E6 7,28,36
E6 9,0,36
E7 0,176,36
E7 7,0,36
E7 8,268,36
E7 9,179,36
E8 1,285,36
E8 2,304,36
E8 3,461,36
E8 4,342,36
E9 5,324,36
E9 6,319,36
E9 7,276,36
EC1A 1,0,36
EC1A 2,11,36
EC1A 4,9,36
EC1A 7,26,36
EC1A 9,49,36
EC1M 3,30,36
EC1M 4,18,36
EC1M 5,51,36
EC1M 6,29,36
EC1M 7,6,36
EC1N 2,32,36
EC1N 6,2,36
EC1N 7,22,36
EC1N 8,51,36
EC1R 0,64,36
EC1R 1,21,36
EC1R 3,17,36
EC1R 4,67,36
EC1R 5,40,36
EC1V 0,60,36
EC1V 1,45,36
EC1V 2,62,36
EC1V 3,97,36
EC1V 4,58,36
EC1V 7,42,36
EC1V 8,55,36
EC1V 9,104,36
EC1Y 0,49,36
EC1Y 1,40,36
EC1Y 2,0,36
EC1Y 4,7,36
EC1Y 8,64,36
EC2A 1,21,36
EC2A 2,39,36
EC2A 3,142,36
EC2A 4,136,36
EC2M 1,3,36
EC2M 2,0,36
EC2M 3,8,36
EC2M 4,24,36
EC2M 5,26,36
EC2M 6,0,36
EC2M 7,6,36
EC2N 1,12,36
EC2N 2,0,36
EC2N 3,21,36
EC2N 4,2,36
EC2R 5,21,36
EC2R 6,15,36
EC2R 7,13,36
EC2R 8,8,36
EC2V 5,0,36
EC2V 6,29,36
EC2V 7,8,36
EC2V 8,0,36
EC2Y 5,1,36
EC2Y 8,23,36
EC2Y 9,12,36
EC3A 1,0,36
EC3A 2,0,36
EC3A 3,0,36
EC3A 4,0,36
EC3A 5,47,36
EC3A 6,4,36
EC3A 7,12,36
EC3A 8,5,36
EC3M 1,6,36
EC3M 2,0,36
EC3M 3,0,36
EC3M 4,0,36
EC3M 5,0,36
EC3M 6,0,36
EC3M 7,0,36
EC3M 8,0,36
EC3N 1,28,36
EC3N 2,75,36
EC3N 3,0,36
EC3N 4,7,36
EC3R 5,10,36
EC3R 6,6,36
EC3R 7,34,36
EC3R 8,45,36
EC3V 0,80,36
EC3V 1,0,36
EC3V 3,27,36
EC3V 4,0,36
EC3V 9,9,36
EC4A 1,31,36
EC4A 2,0,36
EC4A 3,7,36
EC4A 4,0,36
EC4M 5,0,36
EC4M 6,2,36
EC4M 7,54,36
EC4M 8,16,36
EC4M 9,36,36
EC4N 1,12,36
EC4N 4,4,36
EC4N 5,0,36
EC4N 6,0,36
EC4N 7,0,36
EC4N 8,11,36
EC4R 0,19,36
EC4R 1,7,36
EC4R 2,4,36
EC4R 3,3,36
EC4R 9,0,36
EC4V 2,0,36
EC4V 3,10,36
EC4V 4,7,36
EC4V 5,10,36
EC4V 6,24,36
EC4Y 0,21,36
EC4Y 1,16,36
EC4Y 7,1,36
EC4Y 8,32,36
EC4Y 9,1,36
EH1 1,0,36
EH1 2,0,36
EH1 3,0,36
EH10 4,0,36
EH10 5,0,36
EH10 6,0,36
EH10 7,0,36
EH10 9,0,36
EH11 1,0,36
EH11 2,0,36
EH11 3,0,36
EH11 4,0,36
EH12 0,0,36
EH12 1,0,36
EH12 5,0,36
EH12 6,0,36
EH12 7,0,36
EH12 8,0,36
EH12 9,0,36
EH13 0,0,36
EH13 9,0,36
EH14 1,0,36
EH14 2,0,36
EH14 3,0,36
EH14 4,0,36
EH14 5,0,36
EH14 6,0,36
EH14 7,0,36
EH14 9,0,36
EH15 1,0,36
EH15 2,0,36
EH15 3,0,36
EH15 9,0,36
EH16 4,0,36
EH16 5,0,36
EH16 6,0,36
EH16 9,0,36
EH17 7,0,36
EH17 8,0,36
EH18 1,0,36
EH19 2,0,36
EH19 3,0,36
EH2 1,0,36
EH2 2,0,36
EH2 3,0,36
EH2 4,0,36
EH20 9,0,36
EH21 6,0,36
EH21 7,0,36
EH21 8,0,36
EH22 1,0,36
EH22 2,0,36
EH22 3,0,36
EH22 4,0,36
EH22 5,0,36
EH22 9,0,36
EH23 4,0,36
EH24 9,0,36
EH25 9,0,36
EH26 0,0,36
EH26 6,0,36
EH26 8,0,36
EH26 9,0,36
EH27 8,0,36
EH28 8,0,36
EH29 9,0,36
EH3 5,0,36
EH3 6,0,36
EH3 7,0,36
EH3 8,0,36
EH3 9,0,36
EH30 9,0,36
EH31 2,0,36
EH32 0,0,36
EH32 9,0,36
EH33 1,0,36
EH33 2,0,36
EH34 5,0,36
EH35 5,0,36
EH36 5,0,36
EH37 5,0,36
EH38 5,0,36
EH39 4,0,36
EH39 5,0,36
EH39 9,0,36
EH4 1,0,36
EH4 2,0,36
EH4 3,0,36
EH4 4,0,36
EH4 5,0,36
EH4 6,0,36
EH4 7,0,36
EH4 8,0,36
EH4 9,0,36
EH40 3,0,36
EH41 3,0,36
EH41 4,0,36
EH41 9,0,36
EH42 1,0,36
EH43 6,0,36
EH44 6,0,36
EH45 8,0,36
EH45 9,0,36
EH46 7,0,36
EH47 0,0,36
EH47 7,0,36
EH47 8,0,36
EH47 9,0,36
EH48 1,0,36
EH48 2,0,36
EH48 3,0,36
EH48 4,0,36
EH48 9,0,36
EH49 6,0,36
EH49 7,0,36
EH49 9,0,36
EH5 1,0,36
EH5 2,0,36
EH5 3,0,36
EH51 0,0,36
EH51 1,0,36
EH51 9,0,36
EH52 1,0,36
EH52 5,0,36
EH52 6,0,36
EH53 0,0,36
EH54 0,0,36
EH54 5,0,36
EH54 6,0,36
EH54 7,0,36
EH54 8,0,36
EH54 9,0,36
EH55 8,0,36
EH6 4,0,36
EH6 5,0,36
EH6 6,0,36
EH6 7,0,36
EH6 8,0,36
EH7 4,0,36
EH7 5,0,36
EH7 6,0,36
EH7 9,0,36
EH8 7,0,36
EH8 8,0,36
EH8 9,0,36
EH9 1,0,36
EH9 2,0,36
EH9 3,0,36
EH9 8,0,36
EN1 1,203,36
EN1 2,146,36
EN1 3,226,36
EN1 4,258,36
EN1 9,0,36
EN10 6,70,36
EN10 7,55,36
EN11 0,51,36
EN11 1,0,36
EN11 8,64,36
EN11 9,46,36
EN2 0,128,36
EN2 6,129,36
EN2 7,126,36
EN2 8,117,36
EN2 9,58,36
EN3 4,278,36
EN3 5,289,36
EN3 6,284,36
EN3 7,282,36
EN4 0,128,36
EN4 8,193,36
EN4 9,133,36
EN5 1,121,36
EN5 2,143,36
EN5 3,46,36
EN5 4,63,36
EN5 5,162,36
EN5 9,0,36
EN6 1,98,36
EN6 2,72,36
EN6 3,52,36
EN6 4,81,36
EN6 5,98,36
EN6 9,0,36
EN7 5,70,36
EN7 6,79,36
EN8 0,69,36
EN8 1,4,36
EN8 7,123,36
EN8 8,163,36
EN8 9,86,36
EN9 1,119,36
EN9 2,89,36
EN9 3,99,36
EX1 1,67,36
EX1 2,117,36
EX1 3,92,36
EX1 4,0,36
EX1 9,1,36
EX10 0,29,36
EX10 1,2,36
EX10 8,29,36
EX10 9,24,36
EX11 1,35,36
EX12 2,20,36
EX12 3,8,36
EX12 4,2,36
EX12 9,0,36
EX13 5,44,36
EX13 7,19,36
EX13 8,11,36
EX13 9,0,36
EX14 0,0,36
EX14 1,46,36
EX14 2,9,36
EX14 3,16,36
EX14 4,13,36
EX14 9,35,36
EX15 1,51,36
EX15 2,44,36
EX15 3,22,36
EX15 9,0,36
EX16 0,1,36
EX16 4,30,36
EX16 5,47,36
EX16 6,81,36
EX16 7,27,36
EX16 8,33,36
EX16 9,32,36
EX17 1,12,36
EX17 2,13,36
EX17 3,24,36
EX17 4,19,36
EX17 5,25,36
EX17 6,23,36
EX17 9,0,36
EX18 7,21,36
EX19 8,41,36
EX2 0,5,36
EX2 4,59,36
EX2 5,34,36
EX2 6,25,36
EX2 7,73,36
EX2 8,151,36
EX2 9,36,36
EX20 1,69,36
EX20 2,34,36
EX20 3,24,36
EX20 4,14,36
EX20 9,0,36
EX21 5,21,36
EX22 6,34,36
EX22 7,25,36
EX22 9,0,36
EX23 0,23,36
EX23 8,46,36
EX23 9,27,36
EX24 6,6,36
EX3 0,53,36
EX31 1,62,36
EX31 2,25,36
EX31 3,72,36
EX31 4,21,36
EX32 0,19,36
EX32 2,0,36
EX32 7,37,36
EX32 8,58,36
EX32 9,45,36
EX33 1,28,36
EX33 2,24,36
EX34 0,15,36
EX34 4,0,36
EX34 7,11,36
EX34 8,42,36
EX34 9,64,36
EX35 6,6,36
EX36 3,27,36
EX36 4,23,36
EX36 9,0,36
EX37 9,22,36
EX38 7,11,36
EX38 8,12,36
EX38 9,0,36
EX39 1,36,36
EX39 2,40,36
EX39 3,43,36
EX39 4,32,36
EX39 5,19,36
EX39 6,4,36
EX39 9,1,36
EX4 0,1,36
EX4 1,41,36
EX4 2,23,36
EX4 3,80,36
EX4 4,45,36
EX4 5,10,36
EX4 6,68,36
EX4 7,22,36
EX4 8,65,36
EX4 9,19,36
EX5 1,22,36
EX5 2,31,36
EX5 3,12,36
EX5 4,20,36
EX5 5,17,36
EX5 7,13,36
EX6 6,23,36
EX6 7,24,36
EX6 8,43,36
EX7 0,44,36
EX7 7,0,36
EX7 9,37,36
EX8 1,53,36
EX8 2,41,36
EX8 3,10,36
EX8 4,21,36
EX8 5,53,36
EX8 9,0,36
EX9 6,20,36
EX9 7,11,36
EX9 9,0,36
FK1 1,0,36
FK1 2,0,36
FK1 3,0,36
FK1 4,0,36
FK1 5,0,36
FK1 9,0,36
FK10 1,0,36
FK10 2,0,36
FK10 3,0,36
FK10 4,0,36
FK10 9,0,36
FK11 7,0,36
FK12 5,0,36
FK13 6,0,36
FK14 7,0,36
FK15 0,0,36
FK15 5,0,36
FK15 9,0,36
FK16 6,0,36
FK17 8,0,36
FK18 8,0,36
FK19 8,0,36
FK2 0,0,36
FK2 7,0,36
FK2 8,0,36
FK2 9,0,36
FK20 8,0,36
FK21 8,0,36
FK3 0,0,36
FK3 3,0,36
FK3 8,0,36
FK3 9,0,36
FK4 1,0,36
FK4 2,0,36
FK5 3,0,36
FK5 4,0,36
FK6 5,0,36
FK6 6,0,36
FK7 0,0,36
FK7 1,0,36
FK7 7,0,36
FK7 8,0,36
FK7 9,0,36
FK8 1,0,36
FK8 2,0,36
FK8 3,0,36
FK9 4,0,36
FK9 5,0,36
FY1 1,155,36
FY1 2,211,36
FY1 3,200,36
FY1 4,286,36
FY1 5,252,36
FY1 6,251,36
FY1 9,0,36
FY2 0,163,36
FY2 9,96,36
FY3 0,9,36
FY3 7,146,36
FY3 8,111,36
FY3 9,98,36
FY4 1,257,36
FY4 2,88,36
FY4 3,74,36
FY4 4,138,36
FY4 5,52,36
FY5 1,104,36
FY5 2,34,36
FY5 3,60,36
FY5 4,56,36
FY5 5,34,36
FY5 9,0,36
FY6 0,34,36
FY6 6,0,36
FY6 7,79,36
FY6 8,26,36
FY6 9,13,36
FY7 6,162,36
FY7 7,79,36
FY7 8,81,36
FY7 9,0,36
FY8 1,114,36
FY8 2,55,36
FY8 3,91,36
FY8 4,75,36
FY8 5,44,36
FY8 9,0,36
G1 1,1,36
G1 2,0,36
G1 3,1,36
G1 4,0,36
G1 5,0,36
G11 5,0,36
G11 6,0,36
G11 7,0,36
G11 9,0,36
G12 0,0,36
G12 8,0,36
G12 9,0,36
G13 1,0,36
G13 2,0,36
G13 3,0,36
G13 4,0,36
G13 9,0,36
G14 0,0,36
G14 9,0,36
G15 6,0,36
G15 7,0,36
G15 8,0,36
G2 1,1,36
G2 2,0,36
G2 3,0,36
G2 4,0,36
G2 5,0,36
G2 6,0,36
G2 7,0,36
G2 8,0,36
G2 9,0,36
G20 0,0,36
G20 2,0,36
G20 6,0,36
G20 7,0,36
G20 8,0,36
G20 9,0,36
G21 1,0,36
G21 2,0,36
G21 3,0,36
G21 4,0,36
G22 5,0,36
G22 6,0,36
G22 7,0,36
G22 9,0,36
G23 5,0,36
G3 6,0,36
G3 7,0,36
G3 8,0,36
G31 1,0,36
G31 2,0,36
G31 3,0,36
G31 4,0,36
G31 5,0,36
G32 0,0,36
G32 2,0,36
G32 6,0,36
G32 7,0,36
G32 8,0,36
G32 9,0,36
G33 1,0,36
G33 2,0,36
G33 3,0,36
G33 4,0,36
G33 5,0,36
G33 6,0,36
G33 9,0,36
G34 0,0,36
G34 9,0,36
G4 0,0,36
G4 7,0,36
G4 9,0,36
G40 1,0,36
G40 2,0,36
G40 3,0,36
G40 4,0,36
G41 1,0,36
G41 2,0,36
G41 3,0,36
G41 4,0,36
G41 5,0,36
G42 0,0,36
G42 2,0,36
G42 7,0,36
G42 8,0,36
G42 9,0,36
G43 1,0,36
G43 2,0,36
G44 3,0,36
G44 4,0,36
G44 5,0,36
G44 9,0,36
G45 0,0,36
G45 9,0,36
G46 6,0,36
G46 7,0,36
G46 8,0,36
G46 9,0,36
G5 0,0,36
G5 8,0,36
G5 9,0,36
G51 1,0,36
G51 2,0,36
G51 3,0,36
G51 4,0,36
G51 9,0,36
G52 1,0,36
G52 2,0,36
G52 3,0,36
G52 4,0,36
G52 9,0,36
G53 5,0,36
G53 6,0,36
G53 7,0,36
G53 9,0,36
G60 5,0,36
G61 1,0,36
G61 2,0,36
G61 3,0,36
G61 4,0,36
G61 9,0,36
G62 6,0,36
G62 7,0,36
G62 8,0,36
G62 9,0,36
G63 0,0,36
G63 9,0,36
G64 1,0,36
G64 2,0,36
G64 3,0,36
G64 4,0,36
G64 9,0,36
G65 0,0,36
G65 9,0,36
G66 1,0,36
G66 2,0,36
G66 3,0,36
G66 4,0,36
G66 5,0,36
G66 7,0,36
G66 8,0,36
G66 9,0,36
G67 1,0,36
G67 2,0,36
G67 3,0,36
G67 4,0,36
G67 9,0,36
G68 0,0,36
G68 9,0,36
G69 0,0,36
G69 6,0,36
G69 7,0,36
G69 8,0,36
G69 9,0,36
G71 5,0,36
G71 6,0,36
G71 7,0,36
G71 8,0,36
G71 9,0,36
G72 0,0,36
G72 6,0,36
G72 7,0,36
G72 8,0,36
G72 9,0,36
G73 1,0,36
G73 2,0,36
G73 3,0,36
G73 4,0,36
G73 5,0,36
G74 1,0,36
G74 2,0,36
G74 3,0,36
G74 4,0,36
G74 5,0,36
G74 9,0,36
G75 0,0,36
G75 7,0,36
G75 8,0,36
G75 9,0,36
G76 0,0,36
G76 6,0,36
G76 7,1,36
G76 8,0,36
G76 9,0,36
G77 5,0,36
G77 6,0,36
G77 9,0,36
G78 1,0,36
G78 2,0,36
G78 3,0,36
G78 4,0,36
G78 9,0,36
G81 1,0,36
G81 2,0,36
G81 3,0,36
G81 4,0,36
G81 5,0,36
G81 6,0,36
G82 1,0,36
G82 2,1,36
G82 3,0,36
G82 4,0,36
G82 5,1,36
G82 9,0,36
G83 0,0,36
G83 3,0,36
G83 7,0,36
G83 8,0,36
G83 9,0,36
G84 0,0,36
G84 4,0,36
G84 7,0,36
G84 8,0,36
G84 9,0,36
GL1 1,249,36
GL1 2,175,36
GL1 3,175,36
GL1 4,248,36
GL1 5,129,36
GL1 9,0,36
GL10 2,38,36
GL10 3,84,36
GL11 4,39,36
GL11 5,50,36
GL11 6,25,36
GL11 9,6,36
GL12 7,46,36
GL12 8,94,36
GL13 9,53,36
GL14 1,22,36
GL14 2,58,36
GL14 3,20,36
GL14 9,0,36
GL15 4,23,36
GL15 5,59,36
GL15 6,35,36
GL15 9,0,36
GL16 7,51,36
GL16 8,55,36
GL16 9,4,36
GL17 0,26,36
GL17 9,38,36
GL18 1,57,36
GL18 2,16,36
GL19 3,55,36
GL19 4,35,36
GL2 0,41,36
GL2 2,39,36
GL2 3,1,36
GL2 4,93,36
GL2 5,96,36
GL2 7,29,36
GL2 8,30,36
GL2 9,41,36
GL20 5,56,36
GL20 6,36,36
GL20 7,99,36
GL20 8,70,36
GL20 9,0,36
GL3 1,40,36
GL3 2,31,36
GL3 3,37,36
GL3 4,73,36
GL3 5,0,36
GL3 9,0,36
GL4 0,99,36
GL4 3,36,36
GL4 4,55,36
GL4 5,22,36
GL4 6,156,36
GL4 8,36,36
GL5 1,114,36
GL5 2,43,36
GL5 3,55,36
GL5 4,47,36
GL5 5,23,36
GL50 1,82,36
GL50 2,89,36
GL50 3,105,36
GL50 4,109,36
GL50 9,0,36
GL51 0,93,36
GL51 3,81,36
GL51 4,20,36
GL51 6,61,36
GL51 7,112,36
GL51 8,63,36
GL51 9,116,36
GL52 2,76,36
GL52 3,64,36
GL52 5,65,36
GL52 6,69,36
GL52 7,23,36
GL52 8,71,36
GL52 9,41,36
GL53 0,38,36
GL53 7,80,36
GL53 8,40,36
GL53 9,34,36
GL54 1,53,36
GL54 2,75,36
GL54 3,56,36
GL54 4,57,36
GL54 5,105,36
GL55 6,77,36
GL55 9,0,36
GL56 0,77,36
GL56 9,56,36
GL6 0,45,36
GL6 1,0,36
GL6 6,27,36
GL6 7,44,36
GL6 8,24,36
GL6 9,30,36
GL7 0,0,36
GL7 1,101,36
GL7 2,39,36
GL7 3,62,36
GL7 4,31,36
GL7 5,65,36
GL7 6,38,36
GL7 7,24,36
GL7 9,0,36
GL8 0,0,36
GL8 8,109,36
GL9 1,29,36
GU1 1,109,36
GU1 2,53,36
GU1 3,66,36
GU1 4,109,36
GU1 9,0,36
GU10 1,31,36
GU10 2,44,36
GU10 3,30,36
GU10 4,42,36
GU10 5,50,36
GU11 1,83,36
GU11 2,22,36
GU11 3,80,36
GU11 4,29,36
GU11 9,8,36
GU12 4,95,36
GU12 5,31,36
GU12 6,54,36
GU14 0,73,36
GU14 4,0,36
GU14 6,64,36
GU14 7,64,36
GU14 8,121,36
GU14 9,79,36
GU15 1,55,36
GU15 2,65,36
GU15 3,80,36
GU15 4,29,36
GU15 9,0,36
GU16 6,102,36
GU16 7,23,36
GU16 8,37,36
GU16 9,8,36
GU17 0,30,36
GU17 9,44,36
GU18 5,37,36
GU19 5,64,36
GU2 4,27,36
GU2 7,58,36
GU2 8,39,36
GU2 9,74,36
GU20 6,35,36
GU21 2,47,36
GU21 3,43,36
GU21 4,49,36
GU21 5,77,36
GU21 6,60,36
GU21 7,10,36
GU21 8,14,36
GU21 9,0,36
GU22 0,55,36
GU22 2,0,36
GU22 7,80,36
GU22 8,58,36
GU22 9,65,36
GU23 6,42,36
GU23 7,24,36
GU24 0,26,36
GU24 8,60,36
GU24 9,43,36
GU25 4,93,36
GU25 9,0,36
GU26 6,65,36
GU27 1,63,36
GU27 2,61,36
GU27 3,97,36
GU27 9,0,36
GU28 0,41,36
GU28 8,0,36
GU28 9,44,36
GU29 0,37,36
GU29 1,0,36
GU29 9,40,36
GU3 1,19,36
GU3 2,15,36
GU3 3,22,36
GU30 7,102,36
GU30 9,0,36
GU31 4,50,36
GU31 5,61,36
GU32 1,37,36
GU32 2,32,36
GU32 3,47,36
GU32 9,0,36
GU33 6,24,36
GU33 7,54,36
GU34 1,61,36
GU34 2,52,36
GU34 3,44,36
GU34 4,47,36
GU34 5,42,36
GU34 9,0,36
GU35 0,99,36
GU35 5,0,36
GU35 8,30,36
GU35 9,75,36
GU4 7,65,36
GU4 8,43,36
GU46 6,36,36
GU46 7,24,36
GU47 0,40,36
GU47 7,0,36
GU47 8,23,36
GU47 9,26,36
GU5 0,46,36
GU5 9,82,36
GU51 1,16,36
GU51 2,14,36
GU51 3,64,36
GU51 4,43,36
GU51 5,28,36
GU51 9,0,36
GU52 0,7,36
GU52 6,25,36
GU52 7,8,36
GU52 8,13,36
GU52 9,0,36
GU6 7,66,36
GU6 8,71,36
GU6 9,0,36
GU7 1,35,36
GU7 2,43,36
GU7 3,37,36
GU7 9,3,36
GU8 4,88,36
GU8 5,96,36
GU8 6,38,36
GU9 0,32,36
GU9 1,0,36
GU9 7,50,36
GU9 8,56,36
GU9 9,36,36
HA0 1,197,36
HA0 2,116,36
HA0 3,79,36
HA0 4,145,36
HA0 9,0,36
HA1 1,136,36
HA1 2,175,36
HA1 3,148,36
HA1 4,153,36
HA1 9,0,36
HA2 0,124,36
HA2 6,156,36
HA2 7,95,36
HA2 8,172,36
HA2 9,163,36
HA3 0,107,36
HA3 5,178,36
HA3 6,135,36
HA3 7,215,36
HA3 8,89,36
HA3 9,156,36
HA4 0,147,36
HA4 4,0,36
HA4 6,93,36
HA4 7,126,36
HA4 8,130,36
HA4 9,63,36
HA5 1,81,36
HA5 2,127,36
HA5 3,155,36
HA5 4,139,36
HA5 5,87,36
HA5 9,3,36
HA6 1,129,36
HA6 2,125,36
HA6 3,70,36
HA6 9,0,36
HA7 1,130,36
HA7 2,146,36
HA7 3,121,36
HA7 4,172,36
HA7 9,0,36
HA8 0,205,36
HA8 4,0,36
HA8 5,272,36
HA8 6,231,36
HA8 7,147,36
HA8 8,233,36
HA8 9,173,36
HA9 0,199,36
HA9 1,0,36
HA9 6,144,36
HA9 7,114,36
HA9 8,148,36
HA9 9,196,36
HD1 1,54,36
HD1 2,113,36
HD1 3,95,36
HD1 4,180,36
HD1 5,70,36
HD1 6,146,36
HD1 9,0,36
HD2 1,198,36
HD2 2,190,36
HD3 2,0,36
HD3 3,197,36
HD3 4,235,36
HD4 5,126,36
HD4 6,169,36
HD4 7,101,36
HD5 0,68,36
HD5 8,199,36
HD5 9,122,36
HD6 1,85,36
HD6 2,102,36
HD6 3,204,36
HD6 4,45,36
HD6 9,0,36
HD7 4,96,36
HD7 5,130,36
HD7 6,30,36
HD7 9,0,36
HD8 0,119,36
HD8 1,0,36
HD8 8,87,36
HD8 9,135,36
HD9 1,45,36
HD9 2,47,36
HD9 3,24,36
HD9 4,27,36
HD9 5,45,36
HD9 6,74,36
HD9 7,45,36
HD9 9,0,36
HG1 1,58,36
HG1 2,126,36
HG1 3,50,36
HG1 4,139,36
HG1 5,78,36
HG1 9,2,36
HG2 0,53,36
HG2 7,82,36
HG2 8,58,36
HG2 9,38,36
HG3 1,62,36
HG3 2,88,36
HG3 3,15,36
HG3 4,10,36
HG3 5,19,36
HG4 1,49,36
HG4 2,44,36
HG4 3,12,36
HG4 4,18,36
HG4 5,10,36
HG5 0,104,36
HG5 5,0,36
HG5 8,35,36
HG5 9,24,36
HP1 1,138,36
HP1 2,81,36
HP1 3,78,36
HP10 0,24,36
HP10 8,48,36
HP10 9,47,36
HP11 1,80,36
HP11 2,185,36
HP11 9,0,36
HP12 3,70,36
HP12 4,79,36
HP12 9,0,36
HP13 5,111,36
HP13 6,83,36
HP13 7,83,36
HP14 3,40,36
HP14 4,32,36
HP15 6,42,36
HP15 7,48,36
HP16 0,73,36
HP16 6,0,36
HP16 9,43,36
HP17 0,4,36
HP17 8,47,36
HP17 9,11,36
HP18 0,52,36
HP18 1,2,36
HP18 9,35,36
HP19 0,6,36
HP19 7,21,36
HP19 8,47,36
HP19 9,68,36
HP2 4,197,36
HP2 5,177,36
HP2 6,100,36
HP2 7,63,36
HP20 1,92,36
HP20 2,57,36
HP20 9,0,36
HP21 7,45,36
HP21 8,66,36
HP21 9,34,36
HP22 0,1,36
HP22 3,5,36
HP22 4,37,36
HP22 5,82,36
HP22 6,41,36
HP22 7,22,36
HP22 9,0,36
HP23 4,54,36
HP23 5,82,36
HP23 6,26,36
HP23 9,0,36
HP27 0,21,36
HP27 9,46,36
HP3 0,85,36
HP3 8,84,36
HP3 9,133,36
HP4 1,60,36
HP4 2,90,36
HP4 3,107,36
HP4 9,0,36
HP5 1,76,36
HP5 2,107,36
HP5 3,88,36
HP5 9,0,36
HP6 5,70,36
HP6 6,104,36
HP6 9,4,36
HP7 0,41,36
HP7 9,52,36
HP8 4,85,36
HP9 1,107,36
HP9 2,130,36
HP9 9,0,36
HR1 1,71,36
HR1 2,60,36
HR1 3,47,36
HR1 4,50,36
HR1 9,1,36
HR2 0,38,36
HR2 6,51,36
HR2 7,84,36
HR2 8,37,36
HR2 9,75,36
HR3 5,37,36
HR3 6,24,36
HR4 0,64,36
HR4 7,46,36
HR4 8,54,36
HR4 9,69,36
HR5 3,33,36
HR6 0,43,36
HR6 6,0,36
HR6 8,110,36
HR6 9,46,36
HR7 4,84,36
HR8 1,54,36
HR8 2,85,36
HR8 9,0,36
HR9 5,47,36
HR9 6,46,36
HR9 7,84,36
HR9 9,0,36
HS1 2,0,36
HS1 9,0,36
HS2 0,0,36
HS2 9,0,36
HS3 3,0,36
HS4 3,0,36
HS5 3,0,36
HS6 5,0,36
HS7 5,0,36
HS8 5,0,36
HS9 5,0,36
HU1 1,44,36
HU1 2,75,36
HU1 3,113,36
HU1 4,0,36
HU10 6,126,36
HU10 7,55,36
HU11 4,113,36
HU11 5,25,36
HU12 0,22,36
HU12 8,80,36
HU12 9,41,36
HU13 0,77,36
HU13 3,0,36
HU13 9,170,36
HU14 3,47,36
HU15 1,58,36
HU15 2,55,36
HU16 4,116,36
HU16 5,100,36
HU17 0,105,36
HU17 5,15,36
HU17 6,0,36
HU17 7,49,36
HU17 8,109,36
HU17 9,109,36
HU18 1,45,36
HU19 2,109,36
HU2 0,36,36
HU2 8,89,36
HU2 9,66,36
HU20 3,2,36
HU3 1,254,36
HU3 2,210,36
HU3 3,205,36
HU3 4,42,36
HU3 5,66,36
HU3 6,217,36
HU4 6,231,36
HU4 7,283,36
HU5 1,163,36
HU5 2,261,36
HU5 3,257,36
HU5 4,110,36
HU5 5,272,36
HU6 0,7,36
HU6 7,227,36
HU6 8,144,36
HU6 9,195,36
HU7 0,68,36
HU7 3,125,36
HU7 4,595,36
HU7 5,70,36
HU7 6,120,36
HU7 9,0,36
HU8 0,130,36
HU8 7,60,36
HU8 8,180,36
HU8 9,241,36
HU9 1,117,36
HU9 2,178,36
HU9 3,146,36
HU9 4,222,36
HU9 5,162,36
HU9 9,0,36
HX1 1,194,36
HX1 2,195,36
HX1 3,108,36
HX1 4,78,36
HX1 5,108,36
HX1 9,0,36
HX2 0,160,36
HX2 6,59,36
HX2 7,60,36
HX2 8,210,36
HX2 9,176,36
HX3 0,104,36
HX3 5,108,36
HX3 6,182,36
HX3 7,130,36
HX3 8,100,36
HX3 9,80,36
HX4 0,20,36
HX4 8,86,36
HX4 9,29,36
HX5 0,96,36
HX5 9,58,36
HX6 1,39,36
HX6 2,71,36
HX6 3,63,36
HX6 4,68,36
HX7 5,66,36
HX7 6,19,36
HX7 7,46,36
HX7 8,51,36
HX7 9,0,36
IG1 1,275,36
IG1 2,329,36
IG1 3,134,36
IG1 4,191,36
IG1 8,0,36
IG1 9,1,36
IG10 1,84,36
IG10 2,88,36
IG10 3,145,36
IG10 4,57,36
IG10 9,0,36
IG11 0,290,36
IG11 1,0,36
IG11 7,236,36
IG11 8,293,36
IG11 9,222,36
IG2 6,186,36
IG2 7,142,36
IG3 8,202,36
IG3 9,275,36
IG4 5,84,36
IG5 0,147,36
IG6 1,127,36
IG6 2,154,36
IG6 3,88,36
IG7 4,75,36
IG7 5,95,36
IG7 6,86,36
IG8 0,113,36
IG8 7,103,36
IG8 8,108,36
IG8 9,109,36
IG9 5,109,36
IG9 6,46,36
IP1 1,31,36
IP1 2,74,36
IP1 3,57,36
IP1 4,59,36
IP1 5,64,36
IP1 6,65,36
IP1 9,0,36
IP10 0,25,36
IP11 0,13,36
IP11 1,0,36
IP11 2,29,36
IP11 3,0,36
IP11 4,0,36
IP11 6,1,36
IP11 7,21,36
IP11 9,31,36
IP12 1,33,36
IP12 2,45,36
IP12 3,55,36
IP12 4,54,36
IP12 9,0,36
IP13 0,47,36
IP13 6,40,36
IP13 7,43,36
IP13 8,24,36
IP13 9,40,36
IP14 1,66,36
IP14 2,38,36
IP14 3,29,36
IP14 4,37,36
IP14 5,39,36
IP14 6,36,36
IP14 9,0,36
IP15 5,13,36
IP16 4,33,36
IP17 1,36,36
IP17 2,32,36
IP17 3,31,36
IP17 9,1,36
IP18 6,90,36
IP19 0,26,36
IP19 1,0,36
IP19 8,39,36
IP19 9,13,36
IP2 0,53,36
IP2 8,61,36
IP2 9,62,36
IP20 0,12,36
IP20 9,25,36
IP21 4,24,36
IP21 5,26,36
IP22 1,30,36
IP22 2,32,36
IP22 4,42,36
IP22 5,11,36
IP22 9,0,36
IP23 7,38,36
IP23 8,12,36
IP24 1,83,36
IP24 2,80,36
IP24 3,69,36
IP24 9,0,36
IP25 5,3,36
IP25 6,52,36
IP25 7,33,36
IP26 4,39,36
IP26 5,25,36
IP27 0,94,36
IP27 1,0,36
IP27 9,56,36
IP28 1,3,36
IP28 2,0,36
IP28 3,0,36
IP28 6,60,36
IP28 7,74,36
IP28 8,102,36
IP28 9,0,36
IP29 4,21,36
IP29 5,48,36
IP3 0,127,36
IP3 8,61,36
IP3 9,126,36
IP30 0,23,36
IP30 9,48,36
IP31 1,24,36
IP31 2,33,36
IP31 3,50,36
IP32 6,67,36
IP32 7,50,36
IP33 1,63,36
IP33 2,38,36
IP33 3,74,36
IP33 9,0,36
IP4 1,69,36
IP4 2,55,36
IP4 3,26,36
IP4 4,28,36
IP4 5,33,36
IP5 1,12,36
IP5 2,13,36
IP5 3,13,36
IP5 4,0,36
IP6 0,40,36
IP6 8,68,36
IP6 9,51,36
IP7 5,32,36
IP7 6,35,36
IP7 7,31,36
IP7 9,0,36
IP8 3,60,36
IP8 4,41,36
IP9 1,25,36
IP9 2,43,36
IV1 1,0,36
IV1 3,0,36
IV1 9,0,36
IV10 8,0,36
IV11 8,0,36
IV12 4,0,36
IV12 5,0,36
IV13 7,0,36
IV14 9,0,36
IV15 0,0,36
IV15 9,0,36
IV16 9,0,36
IV17 0,0,36
IV18 0,0,36
IV19 1,0,36
IV2 3,0,36
IV2 4,0,36
IV2 5,0,36
IV2 6,0,36
IV2 7,0,36
IV2 8,0,36
IV20 1,0,36
IV21 2,0,36
IV22 2,0,36
IV23 2,0,36
IV24 3,0,36
IV25 3,0,36
IV26 2,0,36
IV27 4,0,36
IV27 9,0,36
IV28 3,0,36
IV3 5,0,36
IV3 8,0,36
IV30 1,0,36
IV30 4,0,36
IV30 5,0,36
IV30 6,0,36
IV30 8,0,36
IV30 9,0,36
IV31 6,0,36
IV32 7,0,36
IV36 1,0,36
IV36 2,0,36
IV36 3,0,36
IV36 9,0,36
IV4 7,0,36
IV40 8,0,36
IV41 8,0,36
IV42 8,0,36
IV43 8,0,36
IV44 8,0,36
IV45 8,0,36
IV46 8,0,36
IV47 8,0,36
IV48 8,0,36
IV49 9,0,36
IV5 7,0,36
IV51 9,0,36
IV52 8,0,36
IV53 8,0,36
IV54 8,0,36
IV55 8,0,36
IV56 8,0,36
IV6 7,0,36
IV63 6,0,36
IV63 7,0,36
IV7 8,0,36
IV8 8,0,36
IV9 8,0,36
KA1 1,0,36
KA1 2,1,36
KA1 3,0,36
KA1 4,0,36
KA1 5,0,36
KA1 9,0,36
KA10 6,0,36
KA10 7,0,36
KA10 9,0,36
KA11 1,0,36
KA11 2,0,36
KA11 3,0,36
KA11 4,0,36
KA11 5,0,36
KA12 0,0,36
KA12 2,0,36
KA12 8,0,36
KA12 9,0,36
KA13 6,0,36
KA13 7,0,36
KA14 3,0,36
KA15 1,0,36
KA15 2,0,36
KA16 9,0,36
KA17 0,0,36
KA18 1,0,36
KA18 2,0,36
KA18 3,0,36
KA18 4,0,36
KA19 7,0,36
KA19 8,0,36
KA2 0,0,36
KA2 9,0,36
KA20 3,0,36
KA20 4,0,36
KA21 5,0,36
KA21 6,0,36
KA21 9,0,36
KA22 7,0,36
KA22 8,0,36
KA23 9,0,36
KA24 4,0,36
KA24 5,0,36
KA25 6,0,36
KA25 7,0,36
KA26 0,0,36
KA26 9,0,36
KA27 8,0,36
KA28 0,0,36
KA29 0,0,36
KA3 1,0,36
KA3 2,0,36
KA3 3,0,36
KA3 4,0,36
KA3 5,0,36
KA3 6,0,36
KA3 7,0,36
KA30 8,0,36
KA30 9,0,36
KA4 8,0,36
KA5 5,0,36
KA5 6,0,36
KA6 5,0,36
KA6 6,0,36
KA6 7,0,36
KA7 1,0,36
KA7 2,0,36
KA7 3,0,36
KA7 4,0,36
KA7 9,0,36
KA8 0,0,36
KA8 8,0,36
KA8 9,0,36
KA9 1,0,36
KA9 2,0,36
KA9 9,0,36
KT1 1,92,36
KT1 2,104,36
KT1 3,95,36
KT1 4,38,36
KT1 9,0,36
KT10 0,82,36
KT10 1,1,36
KT10 8,51,36
KT10 9,64,36
KT11 1,43,36
KT11 2,66,36
KT11 3,28,36
KT11 9,0,36
KT12 1,84,36
KT12 2,74,36
KT12 3,48,36
KT12 4,36,36
KT12 5,42,36
KT12 9,0,36
KT13 0,73,36
KT13 3,0,36
KT13 8,82,36
KT13 9,63,36
KT14 6,43,36
KT14 7,50,36
KT14 9,0,36
KT15 1,50,36
KT15 2,80,36
KT15 3,64,36
KT15 9,1,36
KT16 0,79,36
KT16 6,0,36
KT16 8,57,36
KT16 9,79,36
KT17 1,67,36
KT17 2,92,36
KT17 3,56,36
KT17 4,81,36
KT17 9,0,36
KT18 5,76,36
KT18 6,11,36
KT18 7,55,36
KT19 0,73,36
KT19 7,21,36
KT19 8,141,36
KT19 9,140,36
KT2 5,169,36
KT2 6,85,36
KT2 7,105,36
KT20 5,101,36
KT20 6,45,36
KT20 7,34,36
KT20 9,0,36
KT21 1,56,36
KT21 2,51,36
KT21 9,0,36
KT22 0,60,36
KT22 2,0,36
KT22 7,81,36
KT22 8,70,36
KT22 9,63,36
KT23 3,31,36
KT23 4,48,36
KT24 5,45,36
KT24 6,48,36
KT3 3,153,36
KT3 4,98,36
KT3 5,116,36
KT3 6,111,36
KT3 9,0,36
KT4 7,57,36
KT4 8,159,36
KT4 9,0,36
KT5 8,110,36
KT5 9,113,36
KT6 4,81,36
KT6 5,79,36
KT6 6,91,36
KT6 7,113,36
KT7 0,83,36
KT8 0,24,36
KT8 1,29,36
KT8 2,49,36
KT8 8,0,36
KT8 9,30,36
KT9 1,84,36
KT9 2,72,36
KT9 9,0,36
KW1 4,0,36
KW1 5,0,36
KW10 6,0,36
KW11 6,0,36
KW12 6,0,36
KW13 6,0,36
KW14 7,0,36
KW14 8,0,36
KW15 1,0,36
KW15 9,0,36
KW16 3,0,36
KW17 2,0,36
KW2 6,0,36
KW3 6,0,36
KW5 6,0,36
KW6 6,0,36
KW7 6,0,36
KW8 6,0,36
KW9 6,0,36
KY1 1,0,36
KY1 2,0,36
KY1 3,0,36
KY1 4,0,36
KY10 2,0,36
KY10 3,0,36
KY10 9,0,36
KY11 1,0,36
KY11 2,0,36
KY11 3,0,36
KY11 4,0,36
KY11 7,0,36
KY11 8,0,36
KY11 9,0,36
KY12 0,0,36
KY12 2,0,36
KY12 7,0,36
KY12 8,0,36
KY12 9,0,36
KY13 0,0,36
KY13 3,0,36
KY13 8,0,36
KY13 9,0,36
KY14 6,0,36
KY14 7,0,36
KY15 4,0,36
KY15 5,0,36
KY15 7,0,36
KY15 9,0,36
KY16 0,0,36
KY16 6,0,36
KY16 8,0,36
KY16 9,0,36
KY2 5,0,36
KY2 6,0,36
KY2 9,0,36
KY3 0,0,36
KY3 9,0,36
KY4 0,0,36
KY4 8,0,36
KY4 9,0,36
KY5 0,0,36
KY5 8,0,36
KY5 9,0,36
KY6 1,0,36
KY6 2,0,36
KY6 3,0,36
KY7 4,0,36
KY7 5,0,36
KY7 6,0,36
KY7 9,0,36
KY8 1,0,36
KY8 2,0,36
KY8 3,0,36
KY8 4,0,36
KY8 5,0,36
KY8 6,0,36
KY8 9,0,36
KY9 1,0,36
L1 0,40,36
L1 1,104,36
L1 2,30,36
L1 3,52,36
L1 4,156,36
L1 5,72,36
L1 6,91,36
L1 7,17,36
L1 8,55,36
L1 9,59,36
L10 0,12,36
L10 1,16,36
L10 2,7,36
L10 3,10,36
L10 4,13,36
L10 5,0,36
L10 6,7,36
L10 7,8,36
L10 8,13,36
L10 9,15,36
L11 0,10,36
L11 1,45,36
L11 2,34,36
L11 3,20,36
L11 4,21,36
L11 5,8,36
L11 6,7,36
L11 7,13,36
L11 8,13,36
L11 9,18,36
L12 0,47,36
L12 1,7,36
L12 2,3,36
L12 3,11,36
L12 4,22,36
L12 5,25,36
L12 6,9,36
L12 7,11,36
L12 8,18,36
L12 9,23,36
L13 0,15,36
L13 1,26,36
L13 2,21,36
L13 3,58,36
L13 4,16,36
L13 5,48,36
L13 6,19,36
L13 7,29,36
L13 8,33,36
L13 9,17,36
L14 0,23,36
L14 1,7,36
L14 2,20,36
L14 3,19,36
L14 4,21,36
L14 5,30,36
L14 6,13,36
L14 7,26,36
L14 8,19,36
L14 9,49,36
L15 0,57,36
L15 1,39,36
L15 2,36,36
L15 3,41,36
L15 4,58,36
L15 5,24,36
L15 6,17,36
L15 7,11,36
L15 8,45,36
L15 9,14,36
L16 0,1,36
L16 1,15,36
L16 2,6,36
L16 3,20,36
L16 4,2,36
L16 5,8,36
L16 6,9,36
L16 7,15,36
L16 8,10,36
L16 9,8,36
L17 0,19,36
L17 1,18,36
L17 2,26,36
L17 3,30,36
L17 4,37,36
L17 5,7,36
L17 6,14,36
L17 7,11,36
L17 8,71,36
L17 9,12,36
L18 0,7,36
L18 1,53,36
L18 2,11,36
L18 3,15,36
L18 4,10,36
L18 5,22,36
L18 6,12,36
L18 7,11,36
L18 8,25,36
L18 9,23,36
L19 0,24,36
L19 1,7,36
L19 2,56,36
L19 3,11,36
L19 4,16,36
L19 5,10,36
L19 6,3,36
L19 7,3,36
L19 8,34,36
L19 9,17,36
L2 0,10,36
L2 1,0,36
L2 2,40,36
L2 3,11,36
L2 4,3,36
L2 5,25,36
L2 6,35,36
L2 7,40,36
L2 8,18,36
L2 9,15,36
L20 0,22,36
L20 1,0,36
L20 2,59,36
L20 3,48,36
L20 4,136,36
L20 5,20,36
L20 6,45,36
L20 7,47,36
L20 8,32,36
L20 9,36,36
L21 0,35,36
L21 1,29,36
L21 2,10,36
L21 3,4,36
L21 4,13,36
L21 5,7,36
L21 6,2,36
L21 7,40,36
L21 8,33,36
L21 9,30,36
L22 0,14,36
L22 1,11,36
L22 2,10,36
L22 3,16,36
L22 4,5,36
L22 5,22,36
L22 6,5,36
L22 7,4,36
L22 8,8,36
L22 9,4,36
L23 0,50,36
L23 1,18,36
L23 2,43,36
L23 3,18,36
L23 4,14,36
L23 5,19,36
L23 6,15,36
L23 7,16,36
L23 8,8,36
L23 9,52,36
L24 0,14,36
L24 1,46,36
L24 2,46,36
L24 3,11,36
L24 4,9,36
L24 5,1,36
L24 6,16,36
L24 7,25,36
L24 8,1,36
L24 9,44,36
L25 0,26,36
L25 1,11,36
L25 2,25,36
L25 3,21,36
L25 4,23,36
L25 5,24,36
L25 6,7,36
L25 7,17,36
L25 8,8,36
L25 9,22,36
L26 0,16,36
L26 1,11,36
L26 2,8,36
L26 3,1,36
L26 4,0,36
L26 5,3,36
L26 6,7,36
L26 7,8,36
L26 8,0,36
L26 9,25,36
L27 0,1,36
L27 1,13,36
L27 2,1,36
L27 3,0,36
L27 4,2,36
L27 5,2,36
L27 6,2,36
L27 7,13,36
L27 8,6,36
L28 0,2,36
L28 1,15,36
L28 3,3,36
L28 4,4,36
L28 5,4,36
L28 6,2,36
L28 7,4,36
L28 8,0,36
L29 1,0,36
L29 3,0,36
L29 5,0,36
L29 6,1,36
L29 7,0,36
L29 8,1,36
L29 9,2,36
L3 0,12,36
L3 1,25,36
L3 2,48,36
L3 3,5,36
L3 4,41,36
L3 5,124,36
L3 6,52,36
L3 7,26,36
L3 8,79,36
L3 9,62,36
L30 0,14,36
L30 1,26,36
L30 2,33,36
L30 3,11,36
L30 4,6,36
L30 5,28,36
L30 6,7,36
L30 7,4,36
L30 8,6,36
L30 9,12,36
L31 0,5,36
L31 1,39,36
L31 2,18,36
L31 3,25,36
L31 4,10,36
L31 5,15,36
L31 6,11,36
L31 7,15,36
L31 8,19,36
L31 9,7,36
L32 0,21,36
L32 1,9,36
L32 2,18,36
L32 3,6,36
L32 4,20,36
L32 5,6,36
L32 6,22,36
L32 7,20,36
L32 8,34,36
L32 9,13,36
L33 0,16,36
L33 1,23,36
L33 2,5,36
L33 3,1,36
L33 4,5,36
L33 5,11,36
L33 6,13,36
L33 7,42,36
L33 8,5,36
L33 9,17,36
L34 0,10,36
L34 1,14,36
L34 2,9,36
L34 3,14,36
L34 4,6,36
L34 5,26,36
L34 6,13,36
L34 7,0,36
L34 8,3,36
L34 9,18,36
L35 0,12,36
L35 1,15,36
L35 2,11,36
L35 3,50,36
L35 4,7,36
L35 5,35,36
L35 6,9,36
L35 7,10,36
L35 8,9,36
L35 9,7,36
L36 0,19,36
L36 1,16,36
L36 2,38,36
L36 3,25,36
L36 4,32,36
L36 5,26,36
L36 6,22,36
L36 7,32,36
L36 8,28,36
L36 9,26,36
L37 0,3,36
L37 1,15,36
L37 2,29,36
L37 3,16,36
L37 4,16,36
L37 5,3,36
L37 6,15,36
L37 7,12,36
L37 8,4,36
L37 9,1,36
L38 0,5,36
L38 1,3,36
L38 3,0,36
L38 4,0,36
L38 5,0,36
L38 6,1,36
L38 7,0,36
L38 8,0,36
L38 9,4,36
L39 0,15,36
L39 1,25,36
L39 2,34,36
L39 3,28,36
L39 4,29,36
L39 5,22,36
L39 6,28,36
L39 7,11,36
L39 8,11,36
L39 9,3,36
L4 0,64,36
L4 1,45,36
L4 2,94,36
L4 3,75,36
L4 4,101,36
L4 5,108,36
L4 6,23,36
L4 7,28,36
L4 8,14,36
L4 9,29,36
L40 0,9,36
L40 1,18,36
L40 2,2,36
L40 3,9,36
L40 4,7,36
L40 5,19,36
L40 6,15,36
L40 7,28,36
L40 8,13,36
L40 9,9,36
L5 0,11,36
L5 1,9,36
L5 2,21,36
L5 3,24,36
L5 4,17,36
L5 5,22,36
L5 6,74,36
L5 7,42,36
L5 8,24,36
L5 9,18,36
L6 0,32,36
L6 1,46,36
L6 2,21,36
L6 3,61,36
L6 4,122,36
L6 5,53,36
L6 6,77,36
L6 7,32,36
L6 8,35,36
L6 9,30,36
L7 0,88,36
L7 1,7,36
L7 2,43,36
L7 3,28,36
L7 4,17,36
L7 5,27,36
L7 6,41,36
L7 7,59,36
L7 8,42,36
L7 9,21,36
L8 0,95,36
L8 1,13,36
L8 2,24,36
L8 3,44,36
L8 4,30,36
L8 5,34,36
L8 6,32,36
L8 7,67,36
L8 8,45,36
L8 9,9,36
L9 0,9,36
L9 1,92,36
L9 2,15,36
L9 3,19,36
L9 4,23,36
L9 5,9,36
L9 6,38,36
L9 7,25,36
L9 8,33,36
L9 9,41,36
LA1 1,300,36
LA1 2,199,36
LA1 3,332,36
LA1 4,198,36
LA1 5,163,36
LA1 9,0,36
LA10 5,31,36
LA11 6,63,36
LA11 7,45,36
LA11 9,0,36
LA12 0,11,36
LA12 2,0,36
LA12 7,28,36
LA12 8,18,36
LA12 9,24,36
LA13 0,23,36
LA13 9,35,36
LA14 1,159,36
LA14 2,83,36
LA14 3,47,36
LA14 4,60,36
LA14 5,79,36
LA14 9,0,36
LA15 8,27,36
LA16 7,8,36
LA17 7,3,36
LA18 4,12,36
LA18 5,6,36
LA18 9,2,36
LA19 5,7,36
LA2 0,51,36
LA2 6,41,36
LA2 7,9,36
LA2 8,15,36
LA2 9,61,36
LA20 6,5,36
LA21 8,8,36
LA22 0,17,36
LA22 9,27,36
LA23 1,30,36
LA23 2,11,36
LA23 3,32,36
LA23 9,0,36
LA3 1,135,36
LA3 2,80,36
LA3 3,117,36
LA4 4,167,36
LA4 5,155,36
LA4 6,87,36
LA4 9,0,36
LA5 0,13,36
LA5 5,0,36
LA5 8,20,36
LA5 9,59,36
LA6 1,43,36
LA6 2,37,36
LA6 3,23,36
LA7 7,26,36
LA8 0,13,36
LA8 8,27,36
LA8 9,15,36
LA9 4,43,36
LA9 5,56,36
LA9 6,45,36
LA9 7,61,36
LA9 9,0,36
LD1 5,70,36
LD1 6,39,36
LD1 9,0,36
LD2 3,39,36
LD3 0,36,36
LD3 3,0,36
LD3 7,49,36
LD3 8,35,36
LD3 9,42,36
LD4 4,7,36
LD5 4,10,36
LD6 5,20,36
LD7 1,57,36
LD8 2,36,36
LE1 1,170,36
LE1 2,39,36
LE1 3,88,36
LE1 4,81,36
LE1 5,191,36
LE1 6,199,36
LE1 7,57,36
LE1 8,0,36
LE1 9,3,36
LE10 0,210,36
LE10 1,169,36
LE10 2,200,36
LE10 3,147,36
LE10 9,0,36
LE11 1,282,36
LE11 2,200,36
LE11 3,324,36
LE11 4,138,36
LE11 5,262,36
LE11 9,0,36
LE12 5,103,36
LE12 6,95,36
LE12 7,171,36
LE12 8,207,36
LE12 9,193,36
LE13 0,126,36
LE13 1,158,36
LE13 9,0,36
LE14 2,47,36
LE14 3,65,36
LE14 4,47,36
LE15 0,1,36
LE15 6,65,36
LE15 7,53,36
LE15 8,70,36
LE15 9,68,36
LE16 0,0,36
LE16 7,141,36
LE16 8,135,36
LE16 9,142,36
LE17 4,139,36
LE17 5,69,36
LE17 6,58,36
LE17 9,0,36
LE18 1,117,36
LE18 2,71,36
LE18 3,59,36
LE18 4,141,36
LE18 9,1,36
LE19 0,0,36
LE19 1,18,36
LE19 2,103,36
LE19 3,43,36
LE19 4,54,36
LE19 9,0,36
LE2 0,115,36
LE2 1,195,36
LE2 2,101,36
LE2 3,135,36
LE2 4,111,36
LE2 5,116,36
LE2 6,176,36
LE2 7,208,36
LE2 8,166,36
LE2 9,202,36
LE3 0,347,36
LE3 1,241,36
LE3 2,206,36
LE3 3,170,36
LE3 5,212,36
LE3 6,226,36
LE3 7,0,36
LE3 8,174,36
LE3 9,242,36
LE4 0,245,36
LE4 1,40,36
LE4 2,148,36
LE4 3,57,36
LE4 4,77,36
LE4 5,152,36
LE4 6,145,36
LE4 7,157,36
LE4 8,98,36
LE4 9,118,36
LE5 0,114,36
LE5 1,170,36
LE5 2,119,36
LE5 3,74,36
LE5 4,164,36
LE5 5,122,36
LE5 6,128,36
LE6 0,149,36
LE65 1,99,36
LE65 2,85,36
LE65 9,0,36
LE67 0,1,36
LE67 1,56,36
LE67 2,95,36
LE67 3,162,36
LE67 4,115,36
LE67 5,70,36
LE67 6,54,36
LE67 8,51,36
LE67 9,79,36
LE7 1,63,36
LE7 2,74,36
LE7 3,60,36
LE7 4,50,36
LE7 6,0,36
LE7 7,195,36
LE7 9,157,36
LE8 0,58,36
LE8 4,85,36
LE8 5,82,36
LE8 6,79,36
LE8 8,41,36
LE8 9,50,36
LE9 0,1,36
LE9 1,39,36
LE9 2,80,36
LE9 3,19,36
LE9 4,45,36
LE9 6,95,36
LE9 7,119,36
LE9 8,84,36
LE9 9,79,36
LL11 0,1,36
LL11 1,43,36
LL11 2,76,36
LL11 3,36,36
LL11 4,38,36
LL11 5,47,36
LL11 6,50,36
LL12 0,48,36
LL12 7,64,36
LL12 8,25,36
LL12 9,40,36
LL13 0,47,36
LL13 7,116,36
LL13 8,228,36
LL13 9,111,36
LL14 1,32,36
LL14 2,66,36
LL14 3,88,36
LL14 4,22,36
LL14 5,24,36
LL14 6,35,36
LL15 1,45,36
LL15 2,13,36
LL15 9,0,36
LL16 3,51,36
LL16 4,18,36
LL16 5,18,36
LL16 9,0,36
LL17 0,34,36
LL18 1,189,36
LL18 2,80,36
LL18 3,92,36
LL18 4,59,36
LL18 5,70,36
LL18 6,18,36
LL18 9,0,36
LL19 7,49,36
LL19 8,30,36
LL19 9,36,36
LL20 7,34,36
LL20 8,25,36
LL20 9,0,36
LL21 0,16,36
LL21 9,14,36
LL22 7,75,36
LL22 8,42,36
LL22 9,34,36
LL23 7,26,36
LL24 0,14,36
LL25 0,3,36
LL26 0,42,36
LL27 0,3,36
LL28 4,116,36
LL28 5,18,36
LL29 0,0,36
LL29 6,4,36
LL29 7,77,36
LL29 8,80,36
LL29 9,50,36
LL30 1,108,36
LL30 2,149,36
LL30 3,17,36
LL30 9,0,36
LL31 9,55,36
LL32 8,28,36
LL33 0,11,36
LL34 6,19,36
LL35 0,1,36
LL36 0,6,36
LL36 9,16,36
LL37 2,0,36
LL38 2,4,36
LL39 1,2,36
LL40 1,22,36
LL40 2,7,36
LL41 3,26,36
LL41 4,18,36
LL42 1,23,36
LL43 2,7,36
LL44 2,5,36
LL45 2,1,36
LL46 2,7,36
LL47 6,3,36
LL48 6,15,36
LL49 9,24,36
LL51 9,2,36
LL52 0,6,36
LL53 5,42,36
LL53 6,25,36
LL53 7,10,36
LL53 8,4,36
LL53 9,0,36
LL54 5,16,36
LL54 6,24,36
LL54 7,5,36
LL55 1,48,36
LL55 2,67,36
LL55 3,20,36
LL55 4,49,36
LL55 9,4,36
LL56 4,12,36
LL57 1,117,36
LL57 2,71,36
LL57 3,30,36
LL57 4,23,36
LL57 9,0,36
LL58 8,12,36
LL59 5,28,36
LL60 6,7,36
LL61 5,11,36
LL61 6,13,36
LL62 5,5,36
LL63 5,5,36
LL64 5,3,36
LL65 1,54,36
LL65 2,79,36
LL65 3,34,36
LL65 4,18,36
LL66 0,0,36
LL66 9,0,36
LL67 0,12,36
LL68 0,3,36
LL68 9,25,36
LL69 9,3,36
LL70 9,1,36
LL71 7,2,36
LL71 8,1,36
LL72 8,1,36
LL73 8,0,36
LL74 8,14,36
LL75 7,0,36
LL75 8,11,36
LL76 8,0,36
LL77 7,42,36
LL77 8,1,36
LL77 9,0,36
LL78 7,2,36
LL78 8,1,36
LN1 1,111,36
LN1 2,77,36
LN1 3,123,36
LN1 4,3,36
LN1 5,1,36
LN1 6,0,36
LN10 5,3,36
LN10 6,69,36
LN11 0,118,36
LN11 1,0,36
LN11 7,63,36
LN11 8,97,36
LN11 9,61,36
LN12 1,47,36
LN12 2,54,36
LN13 0,25,36
LN13 3,0,36
LN13 9,38,36
LN2 1,47,36
LN2 2,87,36
LN2 3,18,36
LN2 4,145,36
LN2 5,107,36
LN3 4,25,36
LN3 5,32,36
LN4 1,57,36
LN4 2,59,36
LN4 3,45,36
LN4 4,82,36
LN5 0,37,36
LN5 5,0,36
LN5 7,116,36
LN5 8,125,36
LN5 9,44,36
LN6 0,96,36
LN6 3,40,36
LN6 4,4,36
LN6 5,8,36
LN6 6,0,36
LN6 7,203,36
LN6 8,53,36
LN6 9,80,36
LN7 6,107,36
LN8 2,25,36
LN8 3,110,36
LN8 5,28,36
LN8 6,47,36
LN8 9,0,36
LN9 5,52,36
LN9 6,43,36
LN9 9,0,36
LS1 1,13,36
LS1 2,116,36
LS1 3,99,36
LS1 4,137,36
LS1 5,202,36
LS1 6,271,36
LS1 7,48,36
LS1 8,0,36
LS1 9,0,36
LS10 1,288,36
LS10 2,241,36
LS10 3,271,36
LS10 4,274,36
LS10 9,0,36
LS11 0,116,36
LS11 1,0,36
LS11 5,316,36
LS11 6,216,36
LS11 7,148,36
LS11 8,175,36
LS11 9,117,36
LS12 1,245,36
LS12 2,216,36
LS12 3,345,36
LS12 4,194,36
LS12 5,218,36
LS12 6,46,36
LS12 9,0,36
LS13 1,210,36
LS13 2,321,36
LS13 3,213,36
LS13 4,225,36
LS13 9,0,36
LS14 1,294,36
LS14 2,144,36
LS14 3,38,36
LS14 5,192,36
LS14 6,457,36
LS14 9,0,36
LS15 0,180,36
LS15 4,60,36
LS15 5,1,36
LS15 7,247,36
LS15 8,302,36
LS15 9,57,36
LS16 0,0,36
LS16 5,140,36
LS16 6,224,36
LS16 7,219,36
LS16 8,77,36
LS16 9,62,36
LS17 0,13,36
LS17 1,0,36
LS17 5,158,36
LS17 6,186,36
LS17 7,146,36
LS17 8,204,36
LS17 9,50,36
LS18 4,217,36
LS18 5,185,36
LS19 6,86,36
LS19 7,251,36
LS19 9,0,36
LS2 3,31,36
LS2 7,315,36
LS2 8,172,36
LS2 9,185,36
LS20 8,100,36
LS20 9,91,36
LS21 1,75,36
LS21 2,96,36
LS21 3,69,36
LS21 9,0,36
LS22 4,17,36
LS22 5,44,36
LS22 6,77,36
LS22 7,34,36
LS22 9,0,36
LS23 6,50,36
LS23 7,19,36
LS24 0,0,36
LS24 8,25,36
LS24 9,94,36
LS25 1,96,36
LS25 2,95,36
LS25 3,20,36
LS25 4,64,36
LS25 5,33,36
LS25 6,96,36
LS25 7,167,36
LS25 9,1,36
LS26 0,241,36
LS26 8,210,36
LS26 9,58,36
LS27 0,168,36
LS27 1,0,36
LS27 7,157,36
LS27 8,204,36
LS27 9,206,36
LS28 0,0,36
LS28 5,244,36
LS28 6,118,36
LS28 7,280,36
LS28 8,229,36
LS28 9,141,36
LS29 0,82,36
LS29 1,0,36
LS29 6,58,36
LS29 7,79,36
LS29 8,158,36
LS29 9,84,36
LS3 1,133,36
LS4 2,305,36
LS5 2,0,36
LS5 3,163,36
LS6 1,379,36
LS6 2,185,36
LS6 3,355,36
LS6 4,139,36
LS7 1,98,36
LS7 2,131,36
LS7 3,111,36
LS7 4,166,36
LS7 9,0,36
LS8 1,198,36
LS8 2,306,36
LS8 3,365,36
LS8 4,115,36
LS8 5,258,36
LS8 9,0,36
LS9 0,214,36
LS9 6,578,36
LS9 7,350,36
LS9 8,146,36
LS9 9,153,36
LU1 1,204,36
LU1 2,197,36
LU1 3,245,36
LU1 4,45,36
LU1 5,169,36
LU1 9,0,36
LU2 0,209,36
LU2 7,178,36
LU2 8,68,36
LU2 9,88,36
LU3 1,143,36
LU3 2,110,36
LU3 3,127,36
LU3 4,33,36
LU4 0,114,36
LU4 8,118,36
LU4 9,148,36
LU5 4,169,36
LU5 5,186,36
LU5 6,68,36
LU5 7,0,36
LU6 1,115,36
LU6 2,69,36
LU6 3,109,36
LU6 9,0,36
LU7 0,58,36
LU7 1,121,36
LU7 2,50,36
LU7 3,99,36
LU7 4,68,36
LU7 6,0,36
LU7 9,73,36
M1 1,0,36
M1 2,7,36
M1 3,0,36
M1 4,0,36
M1 5,0,36
M1 6,0,36
M1 7,0,36
M11 1,0,36
M11 2,0,36
M11 3,0,36
M11 4,0,36
M12 0,0,36
M12 4,0,36
M12 5,0,36
M12 6,0,36
M13 0,0,36
M13 9,0,36
M14 0,0,36
M14 4,0,36
M14 5,0,36
M14 6,0,36
M14 7,0,36
M15 4,0,36
M15 5,0,36
M15 6,0,36
M16 0,0,36
M16 6,0,36
M16 7,0,36
M16 8,0,36
M16 9,0,36
M17 1,0,36
M17 8,0,36
M18 7,0,36
M18 8,0,36
M19 1,1,36
M19 2,0,36
M19 3,0,36
M2 1,0,36
M2 2,0,36
M2 3,0,36
M2 4,0,36
M2 5,0,36
M2 6,0,36
M2 7,0,36
M20 1,0,36
M20 2,0,36
M20 3,0,36
M20 4,0,36
M20 5,0,36
M20 6,0,36
M21 0,0,36
M21 3,0,36
M21 7,0,36
M21 8,0,36
M21 9,0,36
M22 0,0,36
M22 1,0,36
M22 2,0,36
M22 4,0,36
M22 5,0,36
M22 8,0,36
M22 9,0,36
M23 0,0,36
M23 1,0,36
M23 2,0,36
M23 9,0,36
M24 0,0,36
M24 1,0,36
M24 2,0,36
M24 4,0,36
M24 5,0,36
M24 6,0,36
M25 0,0,36
M25 1,0,36
M25 2,0,36
M25 3,0,36
M25 9,0,36
M26 1,0,36
M26 2,0,36
M26 3,0,36
M26 4,0,36
M26 6,0,36
M27 0,0,36
M27 4,0,36
M27 5,0,36
M27 6,0,36
M27 8,0,36
M27 9,0,36
M28 0,0,36
M28 1,0,36
M28 2,0,36
M28 3,0,36
M28 7,0,36
M28 8,0,36
M29 2,0,36
M29 7,0,36
M29 8,0,36
M3 1,0,36
M3 2,0,36
M3 3,0,36
M3 4,0,36
M3 5,0,36
M3 6,0,36
M3 7,0,36
M30 0,0,36
M30 3,0,36
M30 7,0,36
M30 8,0,36
M30 9,0,36
M31 4,0,36
M32 0,0,36
M32 2,0,36
M32 8,0,36
M32 9,0,36
M33 0,0,36
M33 2,0,36
M33 3,0,36
M33 4,0,36
M33 5,0,36
M33 6,0,36
M33 7,0,36
M34 0,0,36
M34 2,0,36
M34 3,0,36
M34 5,0,36
M34 6,0,36
M34 7,0,36
M35 0,0,36
M35 9,0,36
M38 0,0,36
M38 9,0,36
M4 1,0,36
M4 2,0,36
M4 3,0,36
M4 4,0,36
M4 5,0,36
M4 6,0,36
M4 7,0,36
M40 0,0,36
M40 1,0,36
M40 2,0,36
M40 3,0,36
M40 4,0,36
M40 5,0,36
M40 7,0,36
M40 8,0,36
M40 9,0,36
M41 0,0,36
M41 4,0,36
M41 5,0,36
M41 6,0,36
M41 7,0,36
M41 8,0,36
M41 9,0,36
M43 0,0,36
M43 6,0,36
M43 7,0,36
M44 5,4,36
M44 6,0,36
M45 6,0,36
M45 7,0,36
M45 8,0,36
M46 0,0,36
M46 9,0,36
M5 0,0,36
M5 3,0,36
M5 4,0,36
M5 5,0,36
M50 1,0,36
M50 2,0,36
M50 3,0,36
M6 5,0,36
M6 6,0,36
M6 7,0,36
M6 8,0,36
M7 1,0,36
M7 2,0,36
M7 3,0,36
M7 4,0,36
M8 0,0,36
M8 2,0,36
M8 4,0,36
M8 5,0,36
M8 8,0,36
M8 9,0,36
M9 0,0,36
M9 4,0,36
M9 5,0,36
M9 6,0,36
M9 7,0,36
M9 8,0,36
M9 9,0,36
M90 1,0,36
M90 3,0,36
M90 4,0,36
M90 5,0,36
ME1 1,139,36
ME1 2,86,36
ME1 3,102,36
ME1 9,0,36
ME10 1,112,36
ME10 2,120,36
ME10 3,116,36
ME10 4,71,36
ME10 5,13,36
ME10 9,0,36
ME11 5,57,36
ME12 1,128,36
ME12 2,115,36
ME12 3,110,36
ME12 4,73,36
ME12 6,0,36
ME12 9,0,36
ME13 0,29,36
ME13 3,0,36
ME13 7,94,36
ME13 8,111,36
ME13 9,34,36
ME14 1,119,36
ME14 2,59,36
ME14 3,29,36
ME14 4,21,36
ME14 5,52,36
ME14 9,0,36
ME15 0,28,36
ME15 6,95,36
ME15 7,92,36
ME15 8,61,36
ME15 9,117,36
ME16 0,78,36
ME16 8,123,36
ME16 9,43,36
ME17 1,52,36
ME17 2,35,36
ME17 3,59,36
ME17 4,33,36
ME18 5,38,36
ME18 6,25,36
ME19 4,42,36
ME19 5,48,36
ME19 6,50,36
ME2 1,38,36
ME2 2,134,36
ME2 3,81,36
ME2 4,72,36
ME20 6,89,36
ME20 7,72,36
ME3 0,3,36
ME3 7,79,36
ME3 8,60,36
ME3 9,75,36
ME4 3,36,36
ME4 4,197,36
ME4 5,184,36
ME4 6,143,36
ME4 9,0,36
ME5 0,86,36
ME5 7,111,36
ME5 8,55,36
ME5 9,46,36
ME6 5,117,36
ME6 9,0,36
ME7 1,190,36
ME7 2,85,36
ME7 3,48,36
ME7 4,89,36
ME7 5,129,36
ME7 9,0,36
ME8 0,45,36
ME8 1,0,36
ME8 6,66,36
ME8 7,62,36
ME8 8,57,36
ME8 9,73,36
ME9 0,39,36
ME9 7,60,36
ME9 8,81,36
ME9 9,61,36
MK1 1,69,36
MK1 9,3,36
MK10 0,18,36
MK10 1,0,36
MK10 7,73,36
MK10 9,91,36
MK11 1,110,36
MK11 2,30,36
MK11 3,17,36
MK11 4,11,36
MK11 9,0,36
MK12 5,150,36
MK12 6,83,36
MK13 0,64,36
MK13 7,65,36
MK13 8,44,36
MK13 9,35,36
MK14 5,72,36
MK14 6,51,36
MK14 7,58,36
MK15 0,17,36
MK15 8,33,36
MK15 9,46,36
MK16 0,49,36
MK16 6,0,36
MK16 8,68,36
MK16 9,40,36
MK17 0,46,36
MK17 7,11,36
MK17 8,145,36
MK17 9,78,36
MK18 1,76,36
MK18 2,27,36
MK18 3,39,36
MK18 4,18,36
MK18 5,11,36
MK18 6,0,36
MK18 7,14,36
MK18 9,0,36
MK19 6,80,36
MK19 7,43,36
MK2 2,136,36
MK2 3,89,36
MK3 4,0,36
MK3 5,64,36
MK3 6,58,36
MK3 7,65,36
MK4 1,38,36
MK4 2,42,36
MK4 3,34,36
MK4 4,65,36
MK40 1,294,36
MK40 2,167,36
MK40 3,129,36
MK40 4,112,36
MK40 9,0,36
MK41 0,102,36
MK41 6,32,36
MK41 7,117,36
MK41 8,48,36
MK41 9,43,36
MK42 0,200,36
MK42 5,0,36
MK42 6,13,36
MK42 7,94,36
MK42 8,103,36
MK42 9,239,36
MK43 0,82,36
MK43 1,1,36
MK43 2,7,36
MK43 7,56,36
MK43 8,39,36
MK43 9,50,36
MK44 1,42,36
MK44 2,52,36
MK44 3,127,36
MK45 1,67,36
MK45 2,87,36
MK45 3,97,36
MK45 4,66,36
MK45 5,17,36
MK45 9,0,36
MK46 4,43,36
MK46 5,40,36
MK5 6,38,36
MK5 7,46,36
MK5 8,35,36
MK6 1,20,36
MK6 2,85,36
MK6 3,72,36
MK6 4,80,36
MK6 5,72,36
MK7 6,22,36
MK7 7,60,36
MK7 8,44,36
MK8 0,22,36
MK8 1,6,36
MK8 8,58,36
MK8 9,21,36
MK9 1,32,36
MK9 2,60,36
MK9 3,112,36
MK9 4,13,36
ML1 1,0,36
ML1 2,0,36
ML1 3,0,36
ML1 4,0,36
ML1 5,0,36
ML1 9,0,36
ML10 6,0,36
ML11 0,0,36
ML11 7,0,36
ML11 8,0,36
ML11 9,0,36
ML12 6,0,36
ML12 9,0,36
ML2 0,0,36
ML2 2,0,36
ML2 7,0,36
ML2 8,0,36
ML2 9,0,36
ML3 0,0,36
ML3 3,0,36
ML3 6,0,36
ML3 7,0,36
ML3 8,0,36
ML3 9,0,36
ML4 1,1,36
ML4 2,0,36
ML4 3,0,36
ML4 9,0,36
ML5 1,0,36
ML5 2,0,36
ML5 3,2,36
ML5 4,0,36
ML5 5,0,36
ML5 9,0,36
ML6 0,0,36
ML6 1,0,36
ML6 6,0,36
ML6 7,1,36
ML6 8,0,36
ML6 9,0,36
ML7 4,0,36
ML7 5,0,36
ML7 9,0,36
ML8 4,0,36
ML8 5,1,36
ML9 1,0,36
ML9 2,0,36
ML9 3,0,36
ML9 9,0,36
N1 0,229,36
N1 1,207,36
N1 2,265,36
N1 3,148,36
N1 4,162,36
N1 5,273,36
N1 6,219,36
N1 7,335,36
N1 8,150,36
N1 9,211,36
N10 1,138,36
N10 2,129,36
N10 3,179,36
N10 9,0,36
N11 1,206,36
N11 2,123,36
N11 3,125,36
N12 0,177,36
N12 2,0,36
N12 7,103,36
N12 8,98,36
N12 9,123,36
N13 4,278,36
N13 5,269,36
N13 6,71,36
N14 4,151,36
N14 5,133,36
N14 6,131,36
N14 7,120,36
N14 9,0,36
N15 3,180,36
N15 4,260,36
N15 5,163,36
N15 6,175,36
N16 0,124,36
N16 1,0,36
N16 5,167,36
N16 6,194,36
N16 7,247,36
N16 8,216,36
N16 9,129,36
N17 0,287,36
N17 1,0,36
N17 6,235,36
N17 7,161,36
N17 8,241,36
N17 9,336,36
N18 1,206,36
N18 2,398,36
N18 3,61,36
N18 9,0,36
N19 3,298,36
N19 4,322,36
N19 5,311,36
N19 9,0,36
N1C 4,87,36
N2 0,169,36
N2 2,5,36
N2 8,113,36
N2 9,158,36
N20 0,154,36
N20 2,0,36
N20 8,105,36
N20 9,100,36
N21 1,126,36
N21 2,142,36
N21 3,138,36
N21 9,0,36
N22 5,170,36
N22 6,276,36
N22 7,94,36
N22 8,101,36
N22 9,0,36
N3 1,199,36
N3 2,136,36
N3 3,162,36
N3 9,0,36
N4 1,254,36
N4 2,408,36
N4 3,371,36
N4 4,154,36
N5 1,207,36
N5 2,190,36
N5 9,0,36
N6 4,161,36
N6 5,289,36
N6 6,93,36
N7 0,229,36
N7 6,221,36
N7 7,173,36
N7 8,190,36
N7 9,263,36
N8 0,144,36
N8 7,148,36
N8 8,182,36
N8 9,180,36
N9 0,311,36
N9 1,0,36
N9 7,182,36
N9 8,221,36
N9 9,303,36
NE1 1,74,36
NE1 2,78,36
NE1 3,61,36
NE1 4,151,36
NE1 5,102,36
NE1 6,60,36
NE1 7,90,36
NE1 8,67,36
NE10 0,214,36
NE10 8,149,36
NE10 9,122,36
NE11 0,153,36
NE11 9,118,36
NE12 2,0,36
NE12 5,20,36
NE12 6,69,36
NE12 7,44,36
NE12 8,125,36
NE12 9,99,36
NE13 6,62,36
NE13 7,67,36
NE13 8,18,36
NE13 9,52,36
NE15 0,11,36
NE15 6,134,36
NE15 7,97,36
NE15 8,122,36
NE15 9,63,36
NE16 3,61,36
NE16 4,51,36
NE16 5,72,36
NE16 6,30,36
NE17 7,52,36
NE18 0,8,36
NE19 1,15,36
NE19 2,10,36
NE2 1,129,36
NE2 2,132,36
NE2 3,92,36
NE2 4,81,36
NE20 0,22,36
NE20 2,0,36
NE20 9,61,36
NE21 4,41,36
NE21 5,92,36
NE21 6,41,36
NE22 5,80,36
NE22 6,23,36
NE22 7,24,36
NE23 0,0,36
NE23 1,31,36
NE23 2,22,36
NE23 3,31,36
NE23 6,103,36
NE23 7,72,36
NE23 8,50,36
NE24 1,158,36
NE24 2,108,36
NE24 3,73,36
NE24 4,126,36
NE24 5,152,36
NE24 9,0,36
NE25 0,70,36
NE25 8,64,36
NE25 9,46,36
NE26 1,51,36
NE26 2,77,36
NE26 3,53,36
NE26 4,29,36
NE27 0,145,36
NE27 9,0,36
NE28 0,94,36
NE28 6,172,36
NE28 7,171,36
NE28 8,141,36
NE28 9,130,36
NE29 0,90,36
NE29 1,0,36
NE29 6,171,36
NE29 7,109,36
NE29 8,64,36
NE29 9,32,36
NE3 1,120,36
NE3 2,142,36
NE3 3,114,36
NE3 4,118,36
NE3 5,54,36
NE3 9,0,36
NE30 1,41,36
NE30 2,35,36
NE30 3,52,36
NE30 4,79,36
NE31 1,100,36
NE31 2,124,36
NE32 3,119,36
NE32 4,85,36
NE32 5,74,36
NE33 1,97,36
NE33 2,110,36
NE33 3,94,36
NE33 4,190,36
NE33 5,125,36
NE33 9,0,36
NE34 0,117,36
NE34 6,38,36
NE34 7,69,36
NE34 8,72,36
NE34 9,126,36
NE35 9,107,36
NE36 0,66,36
NE37 1,112,36
NE37 2,157,36
NE37 3,99,36
NE37 9,0,36
NE38 0,93,36
NE38 7,101,36
NE38 8,120,36
NE38 9,51,36
NE39 1,16,36
NE39 2,33,36
NE4 5,155,36
NE4 6,158,36
NE4 7,101,36
NE4 8,222,36
NE4 9,133,36
NE40 3,82,36
NE40 4,35,36
NE40 9,0,36
NE41 8,16,36
NE42 5,81,36
NE42 6,38,36
NE42 9,0,36
NE43 7,16,36
NE44 6,1,36
NE45 5,22,36
NE46 1,61,36
NE46 2,17,36
NE46 3,37,36
NE46 4,28,36
NE46 9,0,36
NE47 0,7,36
NE47 5,7,36
NE47 6,9,36
NE47 7,1,36
NE47 8,1,36
NE47 9,7,36
NE48 1,22,36
NE48 2,12,36
NE48 3,8,36
NE48 4,2,36
NE49 0,20,36
NE49 9,17,36
NE5 1,100,36
NE5 2,199,36
NE5 3,132,36
NE5 4,89,36
NE5 5,58,36
NE5 9,0,36
NE6 1,146,36
NE6 2,309,36
NE6 3,120,36
NE6 4,137,36
NE6 5,239,36
NE6 9,0,36
NE61 1,66,36
NE61 2,58,36
NE61 3,40,36
NE61 4,22,36
NE61 5,95,36
NE61 6,41,36
NE61 9,2,36
NE62 5,64,36
NE63 0,142,36
NE63 3,0,36
NE63 8,97,36
NE63 9,257,36
NE64 6,49,36
NE65 0,101,36
NE65 7,26,36
NE65 8,24,36
NE65 9,45,36
NE66 1,48,36
NE66 2,30,36
NE66 3,35,36
NE66 4,24,36
NE66 5,1,36
NE66 9,0,36
NE67 5,8,36
NE68 7,4,36
NE69 7,5,36
NE7 7,135,36
NE70 7,11,36
NE71 6,29,36
NE8 1,190,36
NE8 2,138,36
NE8 3,177,36
NE8 4,172,36
NE8 9,0,36
NE9 5,156,36
NE9 6,238,36
NE9 7,190,36
NE9 9,0,36
NG1 1,132,36
NG1 2,171,36
NG1 3,116,36
NG1 4,115,36
NG1 5,79,36
NG1 6,97,36
NG1 7,63,36
NG1 9,4,36
NG10 1,141,36
NG10 2,41,36
NG10 3,85,36
NG10 4,55,36
NG10 5,52,36
NG10 9,0,36
NG11 0,31,36
NG11 1,0,36
NG11 2,0,36
NG11 6,70,36
NG11 7,50,36
NG11 8,156,36
NG11 9,91,36
NG12 1,15,36
NG12 2,40,36
NG12 3,73,36
NG12 4,32,36
NG12 5,70,36
NG13 0,40,36
NG13 7,18,36
NG13 8,92,36
NG13 9,35,36
NG14 5,12,36
NG14 6,43,36
NG14 7,29,36
NG15 0,6,36
NG15 5,0,36
NG15 6,148,36
NG15 7,197,36
NG15 8,31,36
NG15 9,34,36
NG16 1,80,36
NG16 2,118,36
NG16 3,131,36
NG16 4,73,36
NG16 5,44,36
NG16 6,68,36
NG16 9,0,36
NG17 0,0,36
NG17 1,142,36
NG17 2,146,36
NG17 3,113,36
NG17 4,130,36
NG17 5,86,36
NG17 6,0,36
NG17 7,135,36
NG17 8,72,36
NG17 9,60,36
NG18 1,137,36
NG18 2,133,36
NG18 3,94,36
NG18 4,83,36
NG18 5,124,36
NG18 6,2,36
NG18 9,3,36
NG19 0,46,36
NG19 6,97,36
NG19 7,70,36
NG19 8,76,36
NG19 9,44,36
NG2 1,57,36
NG2 2,45,36
NG2 3,50,36
NG2 4,150,36
NG2 5,72,36
NG2 6,83,36
NG2 7,119,36
NG2 9,5,36
NG20 0,56,36
NG20 8,73,36
NG20 9,82,36
NG21 0,71,36
NG21 9,57,36
NG22 0,86,36
NG22 8,75,36
NG22 9,107,36
NG23 5,44,36
NG23 6,48,36
NG23 7,37,36
NG24 0,0,36
NG24 1,220,36
NG24 2,131,36
NG24 3,114,36
NG24 4,153,36
NG24 5,0,36
NG24 9,0,36
NG25 0,95,36
NG3 1,76,36
NG3 2,72,36
NG3 3,80,36
NG3 4,28,36
NG3 5,107,36
NG3 6,36,36
NG3 7,30,36
NG31 0,3,36
NG31 6,126,36
NG31 7,103,36
NG31 8,82,36
NG31 9,109,36
NG32 1,42,36
NG32 2,32,36
NG32 3,35,36
NG33 4,55,36
NG33 5,71,36
NG34 0,37,36
NG34 4,0,36
NG34 6,6,36
NG34 7,78,36
NG34 8,80,36
NG34 9,57,36
NG4 1,60,36
NG4 2,90,36
NG4 3,47,36
NG4 4,34,36
NG4 9,0,36
NG5 0,3,36
NG5 1,118,36
NG5 2,110,36
NG5 3,39,36
NG5 4,77,36
NG5 5,146,36
NG5 6,94,36
NG5 7,45,36
NG5 8,67,36
NG5 9,68,36
NG6 0,129,36
NG6 6,0,36
NG6 7,32,36
NG6 8,217,36
NG6 9,56,36
NG7 1,203,36
NG7 2,252,36
NG7 3,174,36
NG7 4,175,36
NG7 5,166,36
NG7 6,121,36
NG7 7,86,36
NG8 1,93,36
NG8 2,64,36
NG8 3,120,36
NG8 4,85,36
NG8 5,158,36
NG8 6,176,36
NG8 9,0,36
NG9 1,84,36
NG9 2,239,36
NG9 3,85,36
NG9 4,51,36
NG9 5,33,36
NG9 6,44,36
NG9 7,42,36
NG9 8,94,36
NG9 9,1,36
NG90 1,2,36
NG90 2,1,36
NG90 4,0,36
NG90 5,0,36
NG90 6,0,36
NG90 7,0,36
NN1 1,130,36
NN1 2,227,36
NN1 3,170,36
NN1 4,245,36
NN1 5,137,36
NN1 9,0,36
NN10 0,165,36
NN10 1,5,36
NN10 6,47,36
NN10 8,40,36
NN10 9,106,36
NN11 0,29,36
NN11 1,0,36
NN11 2,23,36
NN11 3,50,36
NN11 4,167,36
NN11 6,44,36
NN11 7,4,36
NN11 8,61,36
NN11 9,49,36
NN12 6,69,36
NN12 7,35,36
NN12 8,89,36
NN12 9,3,36
NN13 5,62,36
NN13 6,47,36
NN13 7,31,36
NN13 9,0,36
NN14 1,76,36
NN14 2,113,36
NN14 3,72,36
NN14 4,82,36
NN14 6,89,36
NN15 4,0,36
NN15 5,52,36
NN15 6,112,36
NN15 7,49,36
NN16 0,133,36
NN16 6,0,36
NN16 8,151,36
NN16 9,85,36
NN17 1,151,36
NN17 2,114,36
NN17 3,59,36
NN17 4,33,36
NN17 5,59,36
NN17 9,0,36
NN18 0,102,36
NN18 8,106,36
NN18 9,110,36
NN2 6,284,36
NN2 7,263,36
NN2 8,167,36
NN29 7,85,36
NN3 0,1,36
NN3 2,206,36
NN3 3,94,36
NN3 5,113,36
NN3 6,176,36
NN3 7,86,36
NN3 8,222,36
NN3 9,126,36
NN4 0,47,36
NN4 5,8,36
NN4 6,51,36
NN4 7,37,36
NN4 8,187,36
NN4 9,49,36
NN5 4,103,36
NN5 5,179,36
NN5 6,298,36
NN5 7,162,36
NN6 0,82,36
NN6 6,41,36
NN6 7,74,36
NN6 8,63,36
NN6 9,83,36
NN7 1,31,36
NN7 2,52,36
NN7 3,51,36
NN7 4,73,36
NN8 1,130,36
NN8 2,137,36
NN8 3,94,36
NN8 4,156,36
NN8 5,32,36
NN8 6,34,36
NN8 9,1,36
NN9 5,110,36
NN9 6,117,36
NP10 0,7,36
NP10 8,123,36
NP10 9,77,36
NP11 3,38,36
NP11 4,59,36
NP11 5,62,36
NP11 6,94,36
NP11 7,83,36
NP11 9,0,36
NP12 0,48,36
NP12 1,84,36
NP12 2,90,36
NP12 3,78,36
NP12 4,0,36
NP13 1,115,36
NP13 2,56,36
NP13 3,55,36
NP15 1,56,36
NP15 2,20,36
NP15 9,0,36
NP16 5,132,36
NP16 6,26,36
NP16 7,51,36
NP16 9,0,36
NP18 1,57,36
NP18 2,85,36
NP18 3,29,36
NP19 0,157,36
NP19 1,0,36
NP19 4,132,36
NP19 7,130,36
NP19 8,125,36
NP19 9,167,36
NP20 1,245,36
NP20 2,215,36
NP20 3,131,36
NP20 4,183,36
NP20 5,109,36
NP20 6,45,36
NP20 7,101,36
NP20 9,0,36
NP22 3,149,36
NP22 4,70,36
NP22 5,123,36
NP23 4,122,36
NP23 5,120,36
NP23 6,115,36
NP23 7,35,36
NP23 8,10,36
NP23 9,0,36
NP24 6,61,36
NP25 3,39,36
NP25 4,45,36
NP25 5,34,36
NP25 9,1,36
NP26 3,49,36
NP26 4,74,36
NP26 5,35,36
NP26 9,0,36
NP4 0,51,36
NP4 4,0,36
NP4 5,77,36
NP4 6,115,36
NP4 7,55,36
NP4 8,79,36
NP4 9,62,36
NP44 1,117,36
NP44 2,33,36
NP44 3,166,36
NP44 4,108,36
NP44 5,46,36
NP44 6,24,36
NP44 7,87,36
NP44 8,45,36
NP44 9,0,36
NP7 0,33,36
NP7 1,0,36
NP7 5,73,36
NP7 6,53,36
NP7 7,47,36
NP7 8,50,36
NP7 9,63,36
NP8 1,32,36
NR1 1,111,36
NR1 2,61,36
NR1 3,102,36
NR1 4,86,36
NR10 3,34,36
NR10 4,19,36
NR10 5,21,36
NR11 6,28,36
NR11 7,5,36
NR11 8,11,36
NR12 0,10,36
NR12 7,11,36
NR12 8,29,36
NR12 9,27,36
NR13 3,28,36
NR13 4,35,36
NR13 5,26,36
NR13 6,37,36
NR14 6,40,36
NR14 7,40,36
NR14 8,51,36
NR15 1,50,36
NR15 2,44,36
NR16 1,26,36
NR16 2,45,36
NR17 1,28,36
NR17 2,25,36
NR18 0,46,36
NR18 8,1,36
NR18 9,36,36
NR19 1,45,36
NR19 2,54,36
NR19 9,0,36
NR2 1,93,36
NR2 2,63,36
NR2 3,62,36
NR2 4,111,36
NR20 3,23,36
NR20 4,19,36
NR20 5,21,36
NR21 0,16,36
NR21 1,0,36
NR21 7,23,36
NR21 8,18,36
NR21 9,17,36
NR22 6,5,36
NR23 1,30,36
NR24 2,17,36
NR25 6,19,36
NR25 7,27,36
NR25 9,0,36
NR26 8,63,36
NR26 9,0,36
NR27 0,19,36
NR27 7,0,36
NR27 9,28,36
NR28 0,30,36
NR28 8,0,36
NR28 9,35,36
NR29 3,28,36
NR29 4,44,36
NR29 5,10,36
NR3 1,129,36
NR3 2,76,36
NR3 3,95,36
NR3 4,66,36
NR30 1,79,36
NR30 2,142,36
NR30 3,91,36
NR30 4,94,36
NR30 5,57,36
NR30 9,1,36
NR31 0,85,36
NR31 6,109,36
NR31 7,61,36
NR31 8,73,36
NR31 9,89,36
NR32 1,104,36
NR32 2,115,36
NR32 3,69,36
NR32 4,109,36
NR32 5,44,36
NR32 9,0,36
NR33 0,102,36
NR33 7,68,36
NR33 8,77,36
NR33 9,69,36
NR34 0,20,36
NR34 4,0,36
NR34 7,72,36
NR34 8,19,36
NR34 9,127,36
NR35 1,40,36
NR35 2,27,36
NR35 9,0,36
NR4 6,65,36
NR4 7,133,36
NR5 0,39,36
NR5 8,97,36
NR5 9,48,36
NR6 5,49,36
NR6 6,55,36
NR6 7,28,36
NR7 0,55,36
NR7 7,0,36
NR7 8,48,36
NR7 9,37,36
NR8 5,23,36
NR8 6,40,36
NR8 7,0,36
NR9 3,38,36
NR9 4,14,36
NR9 5,28,36
NW1 0,226,36
NW1 1,141,36
NW1 2,96,36
NW1 3,77,36
NW1 4,77,36
NW1 5,111,36
NW1 6,183,36
NW1 7,216,36
NW1 8,239,36
NW1 9,214,36
NW10 0,194,36
NW10 1,183,36
NW10 2,175,36
NW10 3,136,36
NW10 4,200,36
NW10 5,218,36
NW10 6,167,36
NW10 7,303,36
NW10 8,190,36
NW10 9,157,36
NW11 0,103,36
NW11 1,0,36
NW11 6,186,36
NW11 7,166,36
NW11 8,175,36
NW11 9,136,36
NW2 1,225,36
NW2 2,188,36
NW2 3,305,36
NW2 4,163,36
NW2 5,138,36
NW2 6,247,36
NW2 7,191,36
NW2 8,3,36
NW2 9,0,36
NW3 1,93,36
NW3 2,331,36
NW3 3,144,36
NW3 4,196,36
NW3 5,185,36
NW3 6,198,36
NW3 7,200,36
NW3 9,0,36
NW4 1,154,36
NW4 2,159,36
NW4 3,148,36
NW4 4,171,36
NW4 9,0,36
NW5 1,179,36
NW5 2,219,36
NW5 3,124,36
NW5 4,164,36
NW5 9,0,36
NW6 1,237,36
NW6 2,235,36
NW6 3,186,36
NW6 4,302,36
NW6 5,399,36
NW6 6,218,36
NW6 7,367,36
NW6 9,0,36
NW7 0,0,36
NW7 1,166,36
NW7 2,126,36
NW7 3,74,36
NW7 4,79,36
NW8 0,226,36
NW8 6,100,36
NW8 7,103,36
NW8 8,193,36
NW8 9,98,36
NW9 0,207,36
NW9 1,3,36
NW9 4,149,36
NW9 5,286,36
NW9 6,187,36
NW9 7,187,36
NW9 8,189,36
NW9 9,150,36
OL1 1,0,36
OL1 2,0,36
OL1 3,0,36
OL1 4,0,36
OL1 9,0,36
OL10 1,0,36
OL10 2,0,36
OL10 3,0,36
OL10 4,0,36
OL10 9,0,36
OL11 1,0,36
OL11 2,0,36
OL11 3,0,36
OL11 4,0,36
OL11 5,0,36
OL12 0,0,36
OL12 6,0,36
OL12 7,0,36
OL12 8,63,36
OL12 9,0,36
OL13 0,54,36
OL13 3,2,36
OL13 8,58,36
OL13 9,93,36
OL14 5,58,36
OL14 6,38,36
OL14 7,45,36
OL14 8,42,36
OL14 9,2,36
OL15 0,0,36
OL15 8,0,36
OL15 9,0,36
OL16 1,0,36
OL16 2,0,36
OL16 3,0,36
OL16 4,0,36
OL16 5,0,36
OL16 9,0,36
OL2 5,0,36
OL2 6,0,36
OL2 7,0,36
OL2 8,0,36
OL3 5,0,36
OL3 6,0,36
OL3 7,0,36
OL4 1,0,36
OL4 2,0,36
OL4 3,0,36
OL4 4,0,36
OL4 5,0,36
OL5 0,0,36
OL5 9,0,36
OL6 0,0,36
OL6 6,0,36
OL6 7,0,36
OL6 8,0,36
OL6 9,0,36
OL7 0,0,36
OL7 9,0,36
OL8 1,0,36
OL8 2,0,36
OL8 3,0,36
OL8 4,0,36
OL9 0,0,36
OL9 6,0,36
OL9 7,0,36
OL9 8,0,36
OL9 9,0,36
OX1 1,108,36
OX1 2,42,36
OX1 3,54,36
OX1 4,97,36
OX1 5,41,36
OX1 9,0,36
OX10 0,39,36
OX10 1,0,36
OX10 6,91,36
OX10 7,29,36
OX10 8,22,36
OX10 9,46,36
OX11 0,52,36
OX11 1,0,36
OX11 6,28,36
OX11 7,54,36
OX11 8,50,36
OX11 9,57,36
OX12 0,41,36
OX12 2,0,36
OX12 7,35,36
OX12 8,41,36
OX12 9,62,36
OX13 5,60,36
OX13 6,63,36
OX14 1,59,36
OX14 2,31,36
OX14 3,36,36
OX14 4,84,36
OX14 5,42,36
OX14 9,0,36
OX15 0,28,36
OX15 4,65,36
OX15 5,80,36
OX15 6,115,36
OX16 0,82,36
OX16 1,88,36
OX16 2,44,36
OX16 3,34,36
OX16 4,34,36
OX16 5,49,36
OX16 6,1,36
OX16 9,114,36
OX17 1,92,36
OX17 2,74,36
OX17 3,47,36
OX18 1,23,36
OX18 2,45,36
OX18 3,31,36
OX18 4,68,36
OX18 9,0,36
OX2 0,42,36
OX2 6,121,36
OX2 7,95,36
OX2 8,73,36
OX2 9,74,36
OX20 1,37,36
OX25 1,15,36
OX25 2,19,36
OX25 3,5,36
OX25 4,13,36
OX25 5,28,36
OX25 6,7,36
OX26 1,42,36
OX26 2,43,36
OX26 3,24,36
OX26 4,40,36
OX26 5,8,36
OX26 6,86,36
OX26 9,0,36
OX27 0,12,36
OX27 7,17,36
OX27 8,11,36
OX27 9,3,36
OX28 1,22,36
OX28 2,1,36
OX28 3,7,36
OX28 4,23,36
OX28 5,25,36
OX28 6,28,36
OX28 9,2,36
OX29 0,20,36
OX29 4,37,36
OX29 5,9,36
OX29 6,19,36
OX29 7,34,36
OX29 8,38,36
OX29 9,21,36
OX3 0,90,36
OX3 7,121,36
OX3 8,127,36
OX3 9,124,36
OX33 1,54,36
OX39 4,45,36
OX4 1,229,36
OX4 2,101,36
OX4 3,193,36
OX4 4,154,36
OX4 6,97,36
OX4 7,48,36
OX4 9,0,36
OX44 7,35,36
OX44 9,38,36
OX49 5,32,36
OX5 1,62,36
OX5 2,63,36
OX5 3,23,36
OX5 9,0,36
OX7 3,43,36
OX7 4,29,36
OX7 5,65,36
OX7 6,119,36
OX7 7,27,36
OX7 9,0,36
OX9 0,1,36
OX9 2,24,36
OX9 3,35,36
OX9 7,6,36
PA1 1,0,36
PA1 2,0,36
PA1 3,0,36
PA10 2,0,36
PA11 3,0,36
PA12 4,0,36
PA13 4,0,36
PA14 5,0,36
PA14 6,0,36
PA15 1,0,36
PA15 2,0,36
PA15 3,0,36
PA15 4,0,36
PA15 9,0,36
PA16 0,0,36
PA16 7,0,36
PA16 8,0,36
PA16 9,0,36
PA17 5,0,36
PA18 6,0,36
PA19 1,0,36
PA2 0,0,36
PA2 6,0,36
PA2 7,0,36
PA2 8,0,36
PA2 9,0,36
PA20 0,0,36
PA20 9,0,36
PA21 2,0,36
PA22 3,0,36
PA23 7,0,36
PA23 8,0,36
PA23 9,0,36
PA24 8,0,36
PA25 8,0,36
PA26 8,0,36
PA27 8,0,36
PA28 6,0,36
PA29 6,0,36
PA3 1,0,36
PA3 2,0,36
PA3 3,0,36
PA3 4,0,36
PA3 9,0,36
PA30 8,0,36
PA31 8,0,36
PA31 9,0,36
PA32 8,0,36
PA33 1,0,36
PA34 4,0,36
PA34 5,0,36
PA34 9,0,36
PA35 1,0,36
PA36 4,0,36
PA37 1,0,36
PA38 4,0,36
PA4 0,0,36
PA4 8,0,36
PA4 9,0,36
PA41 7,0,36
PA42 7,0,36
PA43 7,0,36
PA44 7,0,36
PA45 7,0,36
PA46 7,0,36
PA47 7,0,36
PA48 7,0,36
PA49 7,0,36
PA5 0,0,36
PA5 5,0,36
PA5 8,0,36
PA5 9,0,36
PA6 7,0,36
PA60 7,0,36
PA61 7,0,36
PA62 6,0,36
PA63 6,0,36
PA64 6,0,36
PA65 6,0,36
PA66 6,0,36
PA67 6,0,36
PA68 6,0,36
PA69 6,0,36
PA7 5,0,36
PA70 6,0,36
PA71 6,0,36
PA72 6,0,36
PA73 6,0,36
PA74 6,0,36
PA75 6,0,36
PA76 6,0,36
PA77 6,0,36
PA78 6,0,36
PA8 6,0,36
PA8 7,0,36
PA80 5,0,36
PA9 1,0,36
PE1 1,164,36
PE1 2,226,36
PE1 3,251,36
PE1 4,173,36
PE1 5,210,36
PE1 9,0,36
PE10 0,61,36
PE10 1,0,36
PE10 2,0,36
PE10 9,76,36
PE11 1,90,36
PE11 2,131,36
PE11 3,98,36
PE11 4,82,36
PE11 5,0,36
PE11 6,0,36
PE11 7,0,36
PE11 9,0,36
PE12 0,107,36
PE12 6,95,36
PE12 7,43,36
PE12 8,62,36
PE12 9,129,36
PE13 1,86,36
PE13 2,220,36
PE13 3,107,36
PE13 4,86,36
PE13 5,44,36
PE14 0,78,36
PE14 4,0,36
PE14 7,61,36
PE14 8,68,36
PE14 9,47,36
PE15 0,90,36
PE15 5,0,36
PE15 8,117,36
PE15 9,54,36
PE16 6,48,36
PE16 9,1,36
PE19 0,15,36
PE19 1,63,36
PE19 2,78,36
PE19 5,47,36
PE19 6,106,36
PE19 7,26,36
PE19 8,67,36
PE19 9,0,36
PE2 5,164,36
PE2 6,38,36
PE2 7,28,36
PE2 8,170,36
PE2 9,158,36
PE20 1,57,36
PE20 2,41,36
PE20 3,39,36
PE21 0,58,36
PE21 1,3,36
PE21 6,159,36
PE21 7,130,36
PE21 8,195,36
PE21 9,117,36
PE22 0,24,36
PE22 7,39,36
PE22 8,26,36
PE22 9,29,36
PE23 4,61,36
PE23 5,39,36
PE23 9,0,36
PE24 4,36,36
PE24 5,131,36
PE25 1,195,36
PE25 2,197,36
PE25 3,113,36
PE25 9,0,36
PE26 1,48,36
PE26 2,48,36
PE27 3,31,36
PE27 4,14,36
PE27 5,47,36
PE27 6,19,36
PE27 9,1,36
PE28 0,58,36
PE28 2,77,36
PE28 3,85,36
PE28 4,91,36
PE28 5,57,36
PE28 9,64,36
PE29 1,66,36
PE29 2,44,36
PE29 3,81,36
PE29 6,64,36
PE29 7,46,36
PE29 9,3,36
PE3 6,62,36
PE3 7,88,36
PE3 8,113,36
PE3 9,84,36
PE30 1,61,36
PE30 2,54,36
PE30 3,29,36
PE30 4,73,36
PE30 5,88,36
PE30 9,0,36
PE31 6,26,36
PE31 7,30,36
PE31 8,48,36
PE32 1,56,36
PE32 2,34,36
PE33 0,35,36
PE33 9,23,36
PE34 3,14,36
PE34 4,24,36
PE35 6,0,36
PE36 5,17,36
PE36 6,24,36
PE36 9,0,36
PE37 7,37,36
PE37 8,18,36
PE38 0,37,36
PE38 8,0,36
PE38 9,48,36
PE4 5,25,36
PE4 6,136,36
PE4 7,97,36
PE5 7,16,36
PE6 0,78,36
PE6 7,65,36
PE6 8,44,36
PE6 9,36,36
PE7 0,27,36
PE7 1,88,36
PE7 2,38,36
PE7 3,109,36
PE7 4,0,36
PE7 5,0,36
PE7 7,6,36
PE7 8,118,36
PE8 4,47,36
PE8 5,52,36
PE8 6,82,36
PE9 1,62,36
PE9 2,52,36
PE9 3,70,36
PE9 4,68,36
PH1 0,0,36
PH1 1,0,36
PH1 2,0,36
PH1 3,0,36
PH1 4,0,36
PH1 5,0,36
PH10 6,0,36
PH10 7,0,36
PH10 9,0,36
PH11 8,0,36
PH12 8,0,36
PH13 9,0,36
PH14 9,0,36
PH15 2,0,36
PH16 5,0,36
PH16 9,0,36
PH17 2,0,36
PH18 5,0,36
PH19 1,0,36
PH2 0,0,36
PH2 1,0,36
PH2 6,0,36
PH2 7,0,36
PH2 8,0,36
PH2 9,0,36
PH20 1,0,36
PH21 1,0,36
PH22 1,0,36
PH23 3,0,36
PH24 3,0,36
PH25 3,0,36
PH26 3,0,36
PH26 9,0,36
PH3 1,0,36
PH30 4,0,36
PH31 4,0,36
PH32 4,0,36
PH33 6,0,36
PH33 7,0,36
PH34 4,0,36
PH35 4,0,36
PH36 4,0,36
PH37 4,0,36
PH38 4,0,36
PH39 4,0,36
PH4 1,0,36
PH40 4,0,36
PH41 2,0,36
PH41 4,0,36
PH42 4,0,36
PH43 4,0,36
PH44 4,0,36
PH49 4,0,36
PH5 2,0,36
PH50 4,0,36
PH6 2,0,36
PH7 3,0,36
PH7 4,0,36
PH7 9,0,36
PH8 0,0,36
PH9 0,0,36
PL1 1,94,36
PL1 2,64,36
PL1 3,89,36
PL1 4,69,36
PL1 5,109,36
PL1 9,0,36
PL10 1,13,36
PL11 2,25,36
PL11 3,16,36
PL12 4,48,36
PL12 5,13,36
PL12 6,36,36
PL12 9,0,36
PL13 1,23,36
PL13 2,23,36
PL13 9,0,36
PL14 3,48,36
PL14 4,18,36
PL14 5,8,36
PL14 6,18,36
PL14 9,0,36
PL15 0,0,36
PL15 7,38,36
PL15 8,42,36
PL15 9,43,36
PL16 0,9,36
PL17 0,0,36
PL17 7,27,36
PL17 8,13,36
PL18 9,13,36
PL19 0,18,36
PL19 1,0,36
PL19 8,18,36
PL19 9,25,36
PL2 1,77,36
PL2 2,57,36
PL2 3,47,36
PL20 6,8,36
PL20 7,31,36
PL21 0,44,36
PL21 1,0,36
PL21 9,36,36
PL22 0,20,36
PL23 1,14,36
PL24 2,42,36
PL25 3,57,36
PL25 4,58,36
PL25 5,62,36
PL25 9,7,36
PL26 6,22,36
PL26 7,40,36
PL26 8,73,36
PL27 6,19,36
PL27 7,24,36
PL27 9,0,36
PL28 8,12,36
PL29 3,2,36
PL3 4,65,36
PL3 5,36,36
PL3 6,47,36
PL30 3,6,36
PL30 4,11,36
PL30 5,15,36
PL31 1,43,36
PL31 2,76,36
PL31 9,0,36
PL32 9,28,36
PL33 9,6,36
PL34 0,13,36
PL35 0,8,36
PL4 0,45,36
PL4 6,59,36
PL4 7,88,36
PL4 8,119,36
PL4 9,59,36
PL5 1,57,36
PL5 2,48,36
PL5 3,59,36
PL5 4,49,36
PL5 9,0,36
PL6 5,46,36
PL6 6,23,36
PL6 7,33,36
PL6 8,30,36
PL7 1,22,36
PL7 2,35,36
PL7 4,28,36
PL7 5,8,36
PL7 9,0,36
PL8 1,12,36
PL8 2,22,36
PL9 0,5,36
PL9 7,33,36
PL9 8,36,36
PL9 9,42,36
PO1 1,119,36
PO1 2,81,36
PO1 3,46,36
PO1 4,108,36
PO1 5,103,36
PO1 9,2,36
PO10 7,73,36
PO10 8,63,36
PO10 9,0,36
PO11 0,47,36
PO11 1,0,36
PO11 9,70,36
PO12 1,117,36
PO12 2,42,36
PO12 3,94,36
PO12 4,88,36
PO12 9,0,36
PO13 0,115,36
PO13 8,35,36
PO13 9,71,36
PO14 1,69,36
PO14 2,38,36
PO14 3,21,36
PO14 4,60,36
PO14 9,0,36
PO15 5,33,36
PO15 6,50,36
PO15 7,47,36
PO16 0,64,36
PO16 7,56,36
PO16 8,32,36
PO16 9,36,36
PO17 4,1,36
PO17 5,41,36
PO17 6,11,36
PO18 0,86,36
PO18 8,79,36
PO18 9,39,36
PO19 1,113,36
PO19 3,61,36
PO19 5,17,36
PO19 6,72,36
PO19 7,57,36
PO19 8,60,36
PO19 9,0,36
PO2 0,80,36
PO2 7,113,36
PO2 8,83,36
PO2 9,89,36
PO20 0,40,36
PO20 1,21,36
PO20 2,23,36
PO20 3,28,36
PO20 7,33,36
PO20 8,34,36
PO20 9,26,36
PO21 1,184,36
PO21 2,174,36
PO21 3,34,36
PO21 4,47,36
PO21 5,76,36
PO21 9,0,36
PO22 0,58,36
PO22 6,41,36
PO22 7,47,36
PO22 8,35,36
PO22 9,127,36
PO3 5,73,36
PO3 6,97,36
PO30 1,65,36
PO30 2,44,36
PO30 3,12,36
PO30 4,17,36
PO30 5,73,36
PO30 9,0,36
PO31 7,46,36
PO31 8,36,36
PO32 6,40,36
PO33 1,36,36
PO33 2,86,36
PO33 3,27,36
PO33 4,23,36
PO33 9,0,36
PO34 5,10,36
PO35 5,16,36
PO36 0,12,36
PO36 6,0,36
PO36 8,76,36
PO36 9,33,36
PO37 6,23,36
PO37 7,37,36
PO38 1,50,36
PO38 2,15,36
PO38 3,20,36
PO38 9,0,36
PO39 0,12,36
PO4 0,106,36
PO4 8,93,36
PO4 9,98,36
PO40 0,0,36
PO40 9,45,36
PO41 0,11,36
PO5 1,105,36
PO5 2,95,36
PO5 3,74,36
PO5 4,131,36
PO6 1,47,36
PO6 2,85,36
PO6 3,124,36
PO6 4,71,36
PO6 9,0,36
PO7 3,13,36
PO7 4,17,36
PO7 5,56,36
PO7 6,31,36
PO7 7,68,36
PO7 8,34,36
PO7 9,0,36
PO8 0,95,36
PO8 8,47,36
PO8 9,111,36
PO9 1,100,36
PO9 2,70,36
PO9 3,44,36
PO9 4,50,36
PO9 5,91,36
PO9 6,29,36
PO9 9,0,36
PR1 0,50,36
PR1 1,131,36
PR1 2,116,36
PR1 3,89,36
PR1 4,113,36
PR1 5,178,36
PR1 6,165,36
PR1 7,155,36
PR1 8,128,36
PR1 9,97,36
PR2 1,173,36
PR2 2,166,36
PR2 3,145,36
PR2 5,31,36
PR2 6,157,36
PR2 7,38,36
PR2 8,92,36
PR2 9,121,36
PR25 1,118,36
PR25 2,82,36
PR25 3,74,36
PR25 4,45,36
PR25 5,43,36
PR25 9,0,36
PR26 6,28,36
PR26 7,64,36
PR26 8,12,36
PR26 9,20,36
PR3 0,44,36
PR3 1,57,36
PR3 2,55,36
PR3 3,75,36
PR3 5,59,36
PR3 6,14,36
PR3 8,0,36
PR3 9,0,36
PR4 0,131,36
PR4 1,60,36
PR4 2,72,36
PR4 3,41,36
PR4 4,21,36
PR4 5,50,36
PR4 6,47,36
PR4 9,0,36
PR5 0,24,36
PR5 4,57,36
PR5 5,72,36
PR5 6,185,36
PR5 8,49,36
PR5 9,0,36
PR6 0,101,36
PR6 6,0,36
PR6 7,75,36
PR6 8,23,36
PR6 9,45,36
PR7 1,108,36
PR7 2,118,36
PR7 3,93,36
PR7 4,45,36
PR7 5,95,36
PR7 6,54,36
PR7 7,31,36
PR8 1,86,36
PR8 2,65,36
PR8 3,40,36
PR8 4,31,36
PR8 5,44,36
PR8 6,61,36
PR8 9,0,36
PR9 0,120,36
PR9 7,60,36
PR9 8,52,36
PR9 9,67,36
RG1 1,76,36
RG1 2,129,36
RG1 3,133,36
RG1 4,85,36
RG1 5,120,36
RG1 6,97,36
RG1 7,142,36
RG1 8,92,36
RG1 9,0,36
RG10 0,52,36
RG10 8,40,36
RG10 9,43,36
RG12 0,25,36
RG12 1,61,36
RG12 2,51,36
RG12 7,135,36
RG12 8,97,36
RG12 9,98,36
RG14 1,86,36
RG14 2,84,36
RG14 3,6,36
RG14 5,71,36
RG14 6,32,36
RG14 7,107,36
RG14 9,0,36
RG17 0,74,36
RG17 1,0,36
RG17 7,38,36
RG17 8,22,36
RG17 9,36,36
RG18 0,14,36
RG18 3,30,36
RG18 4,14,36
RG18 9,53,36
RG19 3,63,36
RG19 4,38,36
RG19 6,9,36
RG19 8,50,36
RG2 0,241,36
RG2 1,0,36
RG2 6,10,36
RG2 7,125,36
RG2 8,78,36
RG2 9,86,36
RG20 0,34,36
RG20 4,20,36
RG20 5,39,36
RG20 6,6,36
RG20 7,15,36
RG20 8,62,36
RG20 9,106,36
RG21 3,80,36
RG21 4,55,36
RG21 5,86,36
RG21 6,26,36
RG21 7,85,36
RG21 8,66,36
RG22 4,96,36
RG22 5,74,36
RG22 6,191,36
RG23 7,59,36
RG23 8,66,36
RG24 4,0,36
RG24 7,31,36
RG24 8,130,36
RG24 9,148,36
RG25 2,60,36
RG25 3,30,36
RG26 3,15,36
RG26 4,23,36
RG26 5,92,36
RG27 0,59,36
RG27 8,71,36
RG27 9,73,36
RG28 7,54,36
RG29 1,52,36
RG30 1,83,36
RG30 2,101,36
RG30 3,84,36
RG30 4,105,36
RG30 6,99,36
RG30 9,4,36
RG31 4,19,36
RG31 5,32,36
RG31 6,50,36
RG31 7,34,36
RG4 5,38,36
RG4 6,37,36
RG4 7,43,36
RG4 8,88,36
RG4 9,35,36
RG40 1,88,36
RG40 2,41,36
RG40 3,44,36
RG40 4,55,36
RG40 5,14,36
RG40 9,0,36
RG41 1,40,36
RG41 2,43,36
RG41 3,23,36
RG41 4,19,36
RG41 5,43,36
RG42 1,29,36
RG42 2,26,36
RG42 3,15,36
RG42 4,37,36
RG42 5,18,36
RG42 6,15,36
RG42 7,2,36
RG45 6,55,36
RG45 7,24,36
RG5 3,55,36
RG5 4,42,36
RG6 1,64,36
RG6 3,20,36
RG6 4,27,36
RG6 5,32,36
RG6 6,14,36
RG6 7,49,36
RG6 9,0,36
RG7 1,55,36
RG7 2,20,36
RG7 3,73,36
RG7 4,54,36
RG7 5,57,36
RG7 6,55,36
RG7 8,0,36
RG8 0,32,36
RG8 1,0,36
RG8 6,2,36
RG8 7,34,36
RG8 8,32,36
RG8 9,23,36
RG9 1,60,36
RG9 2,38,36
RG9 3,20,36
RG9 4,31,36
RG9 5,39,36
RG9 6,22,36
RG9 9,0,36
RH1 1,83,36
RH1 2,58,36
RH1 3,56,36
RH1 4,54,36
RH1 5,53,36
RH1 6,52,36
RH1 9,0,36
RH10 0,0,36
RH10 1,225,36
RH10 2,0,36
RH10 3,117,36
RH10 4,46,36
RH10 5,72,36
RH10 6,127,36
RH10 7,81,36
RH10 8,78,36
RH10 9,48,36
RH11 0,116,36
RH11 6,14,36
RH11 7,200,36
RH11 8,137,36
RH11 9,108,36
RH12 0,15,36
RH12 1,86,36
RH12 2,55,36
RH12 3,60,36
RH12 4,97,36
RH12 5,33,36
RH12 6,2,36
RH12 9,0,36
RH13 0,34,36
RH13 5,68,36
RH13 6,55,36
RH13 8,45,36
RH13 9,22,36
RH14 0,41,36
RH14 4,0,36
RH14 9,77,36
RH15 0,110,36
RH15 5,0,36
RH15 8,94,36
RH15 9,84,36
RH16 1,46,36
RH16 2,29,36
RH16 3,81,36
RH16 4,72,36
RH16 9,5,36
RH17 5,65,36
RH17 6,94,36
RH17 7,50,36
RH18 5,58,36
RH19 1,73,36
RH19 2,59,36
RH19 3,65,36
RH19 4,53,36
RH19 9,0,36
RH2 0,49,36
RH2 2,0,36
RH2 7,51,36
RH2 8,38,36
RH2 9,72,36
RH20 1,30,36
RH20 2,50,36
RH20 3,41,36
RH20 4,64,36
RH20 6,0,36
RH20 9,0,36
RH3 7,24,36
RH4 1,101,36
RH4 2,46,36
RH4 3,77,36
RH4 9,0,36
RH5 4,42,36
RH5 5,45,36
RH5 6,61,36
RH6 0,43,36
RH6 6,0,36
RH6 7,64,36
RH6 8,49,36
RH6 9,96,36
RH7 6,81,36
RH8 0,85,36
RH8 8,0,36
RH8 9,49,36
RH9 8,48,36
RM1 1,102,36
RM1 2,80,36
RM1 3,63,36
RM1 4,127,36
RM10 7,144,36
RM10 8,211,36
RM10 9,178,36
RM11 1,99,36
RM11 2,91,36
RM11 3,94,36
RM12 4,154,36
RM12 5,76,36
RM12 6,88,36
RM12 9,0,36
RM13 0,6,36
RM13 7,126,36
RM13 8,195,36
RM13 9,159,36
RM14 1,67,36
RM14 2,143,36
RM14 3,96,36
RM14 9,0,36
RM15 4,94,36
RM15 5,109,36
RM15 6,83,36
RM15 9,0,36
RM16 2,100,36
RM16 3,63,36
RM16 4,90,36
RM16 5,11,36
RM16 6,55,36
RM17 5,118,36
RM17 6,153,36
RM17 9,0,36
RM18 7,141,36
RM18 8,131,36
RM19 1,55,36
RM2 5,59,36
RM2 6,80,36
RM20 1,7,36
RM20 2,36,36
RM20 3,42,36
RM20 4,29,36
RM3 0,220,36
RM3 3,1,36
RM3 7,129,36
RM3 8,193,36
RM3 9,180,36
RM4 1,119,36
RM5 2,98,36
RM5 3,107,36
RM6 4,172,36
RM6 5,89,36
RM6 6,149,36
RM7 0,222,36
RM7 1,0,36
RM7 7,84,36
RM7 8,90,36
RM7 9,58,36
RM8 1,216,36
RM8 2,207,36
RM8 3,155,36
RM9 4,141,36
RM9 5,111,36
RM9 6,212,36
RM9 9,0,36
S1 1,52,36
S1 2,195,36
S1 3,24,36
S1 4,303,36
S1 9,0,36
S10 1,307,36
S10 2,133,36
S10 3,142,36
S10 4,83,36
S10 5,147,36
S10 9,0,36
S11 7,139,36
S11 8,261,36
S11 9,195,36
S12 2,296,36
S12 3,180,36
S12 4,247,36
S12 9,2,36
S13 7,161,36
S13 8,293,36
S13 9,210,36
S14 1,288,36
S17 3,123,36
S17 4,132,36
S17 9,0,36
S18 1,45,36
S18 2,66,36
S18 3,9,36
S18 4,7,36
S18 7,17,36
S18 8,55,36
S18 9,0,36
S2 1,289,36
S2 2,260,36
S2 3,200,36
S2 4,190,36
S2 5,185,36
S20 1,108,36
S20 2,58,36
S20 3,36,36
S20 4,59,36
S20 5,85,36
S20 6,33,36
S20 7,88,36
S20 8,75,36
S20 9,3,36
S21 1,90,36
S21 2,21,36
S21 3,35,36
S21 4,66,36
S21 5,14,36
S25 1,15,36
S25 2,142,36
S25 3,43,36
S25 4,48,36
S25 5,18,36
S25 9,0,36
S26 1,28,36
S26 2,78,36
S26 3,37,36
S26 4,53,36
S26 5,55,36
S26 6,55,36
S26 7,23,36
S3 7,137,36
S3 8,146,36
S3 9,112,36
S32 1,50,36
S32 2,12,36
S32 3,8,36
S32 4,0,36
S32 5,11,36
S33 0,30,36
S33 6,11,36
S33 7,9,36
S33 8,13,36
S33 9,15,36
S35 0,85,36
S35 1,102,36
S35 2,60,36
S35 3,33,36
S35 4,44,36
S35 5,0,36
S35 7,64,36
S35 8,59,36
S35 9,90,36
S36 0,0,36
S36 1,84,36
S36 2,103,36
S36 3,4,36
S36 4,19,36
S36 6,66,36
S36 7,29,36
S36 8,23,36
S36 9,31,36
S4 7,183,36
S4 8,143,36
S40 1,69,36
S40 2,150,36
S40 3,46,36
S40 4,101,36
S40 9,2,36
S41 0,118,36
S41 7,108,36
S41 8,153,36
S41 9,137,36
S42 5,122,36
S42 6,59,36
S42 7,27,36
S43 1,49,36
S43 2,66,36
S43 3,137,36
S43 4,114,36
S43 9,0,36
S44 5,91,36
S44 6,158,36
S45 0,14,36
S45 8,17,36
S45 9,85,36
S5 0,199,36
S5 5,0,36
S5 6,181,36
S5 7,262,36
S5 8,251,36
S5 9,148,36
S6 1,170,36
S6 2,144,36
S6 3,138,36
S6 4,188,36
S6 5,149,36
S6 6,92,36
S6 9,0,36
S60 1,166,36
S60 2,188,36
S60 3,82,36
S60 4,84,36
S60 5,221,36
S60 8,55,36
S60 9,0,36
S61 1,176,36
S61 2,162,36
S61 3,110,36
S61 4,133,36
S62 5,88,36
S62 6,194,36
S62 7,122,36
S63 0,225,36
S63 3,0,36
S63 5,4,36
S63 6,121,36
S63 7,152,36
S63 8,113,36
S63 9,365,36
S64 0,106,36
S64 5,42,36
S64 8,215,36
S64 9,185,36
S65 1,264,36
S65 2,165,36
S65 3,144,36
S65 4,138,36
S66 1,69,36
S66 2,93,36
S66 3,32,36
S66 6,0,36
S66 7,160,36
S66 8,124,36
S66 9,113,36
S7 1,111,36
S7 2,95,36
S70 1,285,36
S70 2,114,36
S70 3,177,36
S70 4,145,36
S70 5,187,36
S70 6,138,36
S70 9,1,36
S71 1,266,36
S71 2,183,36
S71 3,184,36
S71 4,168,36
S71 5,144,36
S72 0,68,36
S72 7,133,36
S72 8,183,36
S72 9,56,36
S73 0,227,36
S73 3,0,36
S73 8,158,36
S73 9,173,36
S74 0,104,36
S74 8,47,36
S74 9,115,36
S75 1,111,36
S75 2,92,36
S75 3,116,36
S75 4,72,36
S75 5,84,36
S75 6,95,36
S8 0,154,36
S8 2,0,36
S8 7,292,36
S8 8,300,36
S8 9,118,36
S80 1,154,36
S80 2,204,36
S80 3,67,36
S80 4,126,36
S80 9,0,36
S81 0,75,36
S81 7,75,36
S81 8,101,36
S81 9,93,36
S9 1,195,36
S9 2,46,36
S9 3,73,36
S9 4,188,36
S9 5,134,36
SA1 1,98,36
SA1 2,86,36
SA1 3,80,36
SA1 4,69,36
SA1 5,62,36
SA1 6,114,36
SA1 7,45,36
SA1 8,79,36
SA1 9,1,36
SA10 6,51,36
SA10 7,36,36
SA10 8,8,36
SA10 9,27,36
SA11 1,59,36
SA11 2,52,36
SA11 3,36,36
SA11 4,25,36
SA11 5,27,36
SA11 9,2,36
SA12 6,62,36
SA12 7,50,36
SA12 8,46,36
SA12 9,25,36
SA13 1,87,36
SA13 2,34,36
SA13 3,40,36
SA13 9,2,36
SA14 6,36,36
SA14 7,30,36
SA14 8,65,36
SA14 9,86,36
SA15 1,138,36
SA15 2,148,36
SA15 3,117,36
SA15 4,46,36
SA15 5,31,36
SA15 9,0,36
SA16 0,59,36
SA17 4,42,36
SA17 5,18,36
SA18 1,51,36
SA18 2,39,36
SA18 3,95,36
SA18 9,0,36
SA19 0,0,36
SA19 6,24,36
SA19 7,8,36
SA19 8,4,36
SA19 9,5,36
SA2 0,86,36
SA2 7,22,36
SA2 8,35,36
SA2 9,26,36
SA20 0,21,36
SA3 1,7,36
SA3 2,7,36
SA3 3,5,36
SA3 4,28,36
SA3 5,41,36
SA31 1,73,36
SA31 2,31,36
SA31 3,69,36
SA31 9,0,36
SA32 7,9,36
SA32 8,15,36
SA33 4,40,36
SA33 5,12,36
SA33 6,9,36
SA34 0,25,36
SA35 0,0,36
SA36 0,1,36
SA37 0,4,36
SA38 9,13,36
SA39 9,16,36
SA4 0,12,36
SA4 3,36,36
SA4 4,42,36
SA4 5,0,36
SA4 6,22,36
SA4 8,27,36
SA4 9,15,36
SA40 9,22,36
SA41 3,20,36
SA42 0,12,36
SA43 1,45,36
SA43 2,21,36
SA43 3,12,36
SA44 4,26,36
SA44 5,11,36
SA44 6,9,36
SA44 9,0,36
SA45 9,12,36
SA46 0,18,36
SA47 0,2,36
SA48 7,33,36
SA48 8,16,36
SA48 9,0,36
SA5 4,48,36
SA5 5,29,36
SA5 7,54,36
SA5 8,38,36
SA5 9,38,36
SA6 5,33,36
SA6 6,69,36
SA6 7,56,36
SA6 8,72,36
SA61 1,117,36
SA61 2,95,36
SA61 9,0,36
SA62 3,45,36
SA62 4,15,36
SA62 5,17,36
SA62 6,26,36
SA63 4,2,36
SA64 0,10,36
SA65 0,0,36
SA65 9,27,36
SA66 7,5,36
SA67 7,9,36
SA67 8,17,36
SA67 9,0,36
SA68 0,22,36
SA69 9,25,36
SA7 0,7,36
SA7 9,62,36
SA70 7,38,36
SA70 8,26,36
SA70 9,0,36
SA71 4,51,36
SA71 5,20,36
SA72 4,0,36
SA72 6,109,36
SA72 9,6,36
SA73 1,83,36
SA73 2,97,36
SA73 3,73,36
SA8 3,11,36
SA8 4,24,36
SA8 9,0,36
SA9 1,69,36
SA9 2,29,36
SE1 0,351,36
SE1 1,267,36
SE1 2,257,36
SE1 3,363,36
SE1 4,340,36
SE1 5,324,36
SE1 6,235,36
SE1 7,303,36
SE1 8,201,36
SE1 9,201,36
SE10 0,478,36
SE10 1,5,36
SE10 8,218,36
SE10 9,258,36
SE11 4,193,36
SE11 5,148,36
SE11 6,89,36
SE12 0,111,36
SE12 8,131,36
SE12 9,123,36
SE13 5,260,36
SE13 6,306,36
SE13 7,358,36
SE13 9,6,36
SE14 5,264,36
SE14 6,276,36
SE14 9,0,36
SE15 1,195,36
SE15 2,272,36
SE15 3,250,36
SE15 4,223,36
SE15 5,293,36
SE15 6,286,36
SE15 9,0,36
SE16 2,184,36
SE16 3,234,36
SE16 4,174,36
SE16 5,97,36
SE16 6,46,36
SE16 7,167,36
SE17 1,334,36
SE17 2,332,36
SE17 3,219,36
SE17 9,0,36
SE18 1,190,36
SE18 2,132,36
SE18 3,162,36
SE18 4,114,36
SE18 5,123,36
SE18 6,412,36
SE18 7,158,36
SE18 9,0,36
SE19 1,149,36
SE19 2,124,36
SE19 3,117,36
SE19 9,0,36
SE2 0,138,36
SE2 9,255,36
SE20 7,185,36
SE20 8,212,36
SE20 9,0,36
SE21 7,92,36
SE21 8,174,36
SE21 9,0,36
SE22 0,119,36
SE22 2,1,36
SE22 8,194,36
SE22 9,106,36
SE23 1,111,36
SE23 2,152,36
SE23 3,171,36
SE23 9,1,36
SE24 0,174,36
SE24 9,135,36
SE25 4,124,36
SE25 5,117,36
SE25 6,131,36
SE25 9,0,36
SE26 4,189,36
SE26 5,149,36
SE26 6,155,36
SE27 0,128,36
SE27 7,0,36
SE27 9,142,36
SE28 0,137,36
SE28 8,111,36
SE28 9,0,36
SE3 0,122,36
SE3 3,0,36
SE3 7,111,36
SE3 8,128,36
SE3 9,257,36
SE4 1,240,36
SE4 2,185,36
SE4 9,0,36
SE5 0,214,36
SE5 5,0,36
SE5 7,232,36
SE5 8,328,36
SE5 9,195,36
SE6 1,223,36
SE6 2,237,36
SE6 3,183,36
SE6 4,262,36
SE6 9,18,36
SE7 7,166,36
SE7 8,136,36
SE7 9,0,36
SE8 3,193,36
SE8 4,233,36
SE8 5,275,36
SE8 9,0,36
SE9 1,139,36
SE9 2,96,36
SE9 3,92,36
SE9 4,176,36
SE9 5,101,36
SE9 6,178,36
SE9 9,0,36
SG1 1,156,36
SG1 2,55,36
SG1 3,97,36
SG1 4,82,36
SG1 5,67,36
SG1 6,8,36
SG1 9,0,36
SG10 6,18,36
SG11 1,45,36
SG11 2,41,36
SG12 0,72,36
SG12 4,4,36
SG12 7,84,36
SG12 8,53,36
SG12 9,42,36
SG13 7,64,36
SG13 8,40,36
SG13 9,0,36
SG14 1,44,36
SG14 2,68,36
SG14 3,45,36
SG15 6,41,36
SG16 6,42,36
SG17 5,88,36
SG17 9,0,36
SG18 0,68,36
SG18 1,0,36
SG18 8,93,36
SG18 9,80,36
SG19 1,90,36
SG19 2,95,36
SG19 3,53,36
SG19 9,9,36
SG2 0,27,36
SG2 7,39,36
SG2 8,65,36
SG2 9,50,36
SG3 6,55,36
SG4 0,63,36
SG4 7,37,36
SG4 8,44,36
SG4 9,57,36
SG5 1,77,36
SG5 2,27,36
SG5 3,45,36
SG5 4,44,36
SG6 1,61,36
SG6 2,96,36
SG6 3,68,36
SG6 4,82,36
SG6 9,3,36
SG7 5,52,36
SG7 6,62,36
SG8 0,60,36
SG8 1,0,36
SG8 5,94,36
SG8 6,92,36
SG8 7,88,36
SG8 8,44,36
SG8 9,55,36
SG9 0,65,36
SG9 9,73,36
SK1 1,0,36
SK1 2,0,36
SK1 3,0,36
SK1 4,0,36
SK1 9,0,36
SK10 1,32,36
SK10 2,61,36
SK10 3,37,36
SK10 4,43,36
SK10 5,64,36
SK10 9,0,36
SK11 0,23,36
SK11 6,48,36
SK11 7,89,36
SK11 8,74,36
SK11 9,30,36
SK12 1,60,36
SK12 2,37,36
SK13 0,6,36
SK13 1,96,36
SK13 2,30,36
SK13 5,15,36
SK13 6,67,36
SK13 7,32,36
SK13 8,89,36
SK14 1,0,36
SK14 2,0,36
SK14 3,0,36
SK14 4,0,36
SK14 5,0,36
SK14 6,0,36
SK14 8,0,36
SK14 9,0,36
SK15 1,1,36
SK15 2,0,36
SK15 3,0,36
SK16 4,0,36
SK16 5,0,36
SK17 0,20,36
SK17 1,0,36
SK17 6,110,36
SK17 7,80,36
SK17 8,40,36
SK17 9,47,36
SK2 5,0,36
SK2 6,0,36
SK2 7,0,36
SK22 1,8,36
SK22 2,12,36
SK22 3,28,36
SK22 4,44,36
SK23 0,41,36
SK23 6,13,36
SK23 7,49,36
SK23 9,12,36
SK3 0,4,36
SK3 3,0,36
SK3 8,0,36
SK3 9,0,36
SK4 1,0,36
SK4 2,0,36
SK4 3,0,36
SK4 4,0,36
SK4 5,0,36
SK5 6,0,36
SK5 7,0,36
SK5 8,0,36
SK6 1,0,36
SK6 2,1,36
SK6 3,0,36
SK6 4,0,36
SK6 5,0,36
SK6 6,0,36
SK6 7,0,36
SK6 8,0,36
SK6 9,0,36
SK7 0,0,36
SK7 1,1,36
SK7 2,0,36
SK7 3,0,36
SK7 4,0,36
SK7 5,0,36
SK7 6,0,36
SK8 1,0,36
SK8 2,0,36
SK8 3,1,36
SK8 4,0,36
SK8 5,0,36
SK8 6,0,36
SK8 7,0,36
SK8 9,0,36
SK9 0,0,36
SK9 1,42,36
SK9 2,53,36
SK9 3,89,36
SK9 4,41,36
SK9 5,53,36
SK9 6,40,36
SK9 7,73,36
SL0 0,76,36
SL0 9,56,36
SL1 0,0,36
SL1 1,198,36
SL1 2,244,36
SL1 3,194,36
SL1 4,34,36
SL1 5,103,36
SL1 6,87,36
SL1 7,77,36
SL1 8,86,36
SL1 9,16,36
SL2 1,157,36
SL2 2,90,36
SL2 3,102,36
SL2 4,52,36
SL2 5,118,36
SL3 0,62,36
SL3 6,55,36
SL3 7,130,36
SL3 8,172,36
SL3 9,75,36
SL4 1,57,36
SL4 2,41,36
SL4 3,50,36
SL4 4,94,36
SL4 5,94,36
SL4 6,55,36
SL4 9,0,36
SL5 0,53,36
SL5 5,0,36
SL5 7,59,36
SL5 8,37,36
SL5 9,85,36
SL6 0,74,36
SL6 1,117,36
SL6 2,124,36
SL6 3,65,36
SL6 4,59,36
SL6 5,39,36
SL6 6,57,36
SL6 7,56,36
SL6 8,89,36
SL6 9,57,36
SL7 1,46,36
SL7 2,50,36
SL7 3,38,36
SL7 9,0,36
SL8 5,43,36
SL9 0,62,36
SL9 1,0,36
SL9 7,85,36
SL9 8,59,36
SL9 9,61,36
SM1 1,96,36
SM1 2,135,36
SM1 3,131,36
SM1 4,155,36
SM1 9,5,36
SM2 5,195,36
SM2 6,129,36
SM2 7,83,36
SM3 8,100,36
SM3 9,134,36
SM4 4,87,36
SM4 5,111,36
SM4 6,136,36
SM4 9,0,36
SM5 1,127,36
SM5 2,114,36
SM5 3,135,36
SM5 4,81,36
SM6 0,126,36
SM6 6,0,36
SM6 7,83,36
SM6 8,132,36
SM6 9,159,36
SM7 1,53,36
SM7 2,60,36
SM7 3,51,36
SM7 9,0,36
SN1 1,70,36
SN1 2,79,36
SN1 3,58,36
SN1 4,57,36
SN1 5,92,36
SN1 7,21,36
SN10 1,65,36
SN10 2,47,36
SN10 3,29,36
SN10 4,28,36
SN10 5,34,36
SN10 9,0,36
SN11 0,24,36
SN11 7,0,36
SN11 8,25,36
SN11 9,17,36
SN12 6,71,36
SN12 7,68,36
SN12 8,36,36
SN12 9,0,36
SN13 0,39,36
SN13 8,36,36
SN13 9,31,36
SN14 0,50,36
SN14 6,56,36
SN14 7,54,36
SN14 8,65,36
SN15 1,40,36
SN15 2,32,36
SN15 3,41,36
SN15 4,29,36
SN15 5,19,36
SN15 9,0,36
SN16 0,44,36
SN16 9,43,36
SN2 1,99,36
SN2 2,81,36
SN2 5,39,36
SN2 7,40,36
SN2 8,32,36
SN25 1,30,36
SN25 2,26,36
SN25 3,25,36
SN25 4,16,36
SN25 5,4,36
SN25 6,4,36
SN26 7,10,36
SN26 8,7,36
SN3 0,0,36
SN3 1,50,36
SN3 2,67,36
SN3 3,75,36
SN3 4,65,36
SN3 5,10,36
SN3 6,38,36
SN3 9,0,36
SN4 0,76,36
SN4 4,0,36
SN4 7,29,36
SN4 8,14,36
SN4 9,51,36
SN5 0,0,36
SN5 1,1,36
SN5 3,6,36
SN5 4,17,36
SN5 5,32,36
SN5 6,23,36
SN5 7,26,36
SN5 8,55,36
SN6 6,44,36
SN6 7,61,36
SN6 8,47,36
SN7 7,58,36
SN7 8,51,36
SN8 1,43,36
SN8 2,57,36
SN8 3,101,36
SN8 4,29,36
SN8 9,0,36
SN9 5,20,36
SN9 6,13,36
SO14 0,178,36
SO14 1,112,36
SO14 2,136,36
SO14 3,146,36
SO14 5,44,36
SO14 6,93,36
SO14 7,86,36
SO15 0,57,36
SO15 1,123,36
SO15 2,301,36
SO15 3,145,36
SO15 4,27,36
SO15 5,232,36
SO15 7,16,36
SO15 8,45,36
SO15 9,0,36
SO16 0,33,36
SO16 2,39,36
SO16 3,109,36
SO16 4,111,36
SO16 5,64,36
SO16 6,112,36
SO16 7,80,36
SO16 8,107,36
SO16 9,154,36
SO17 1,101,36
SO17 2,197,36
SO17 3,48,36
SO18 1,107,36
SO18 2,144,36
SO18 3,46,36
SO18 4,80,36
SO18 5,113,36
SO18 6,58,36
SO18 9,0,36
SO19 0,50,36
SO19 1,26,36
SO19 2,36,36
SO19 4,18,36
SO19 5,13,36
SO19 6,148,36
SO19 7,80,36
SO19 8,89,36
SO19 9,213,36
SO20 6,118,36
SO20 8,65,36
SO21 1,71,36
SO21 2,78,36
SO21 3,54,36
SO22 4,84,36
SO22 5,52,36
SO22 6,83,36
SO23 0,44,36
SO23 3,0,36
SO23 7,110,36
SO23 8,65,36
SO23 9,56,36
SO24 0,40,36
SO24 4,0,36
SO24 9,54,36
SO30 0,30,36
SO30 2,129,36
SO30 3,58,36
SO30 4,37,36
SO30 9,0,36
SO31 0,0,36
SO31 1,34,36
SO31 4,42,36
SO31 5,82,36
SO31 6,28,36
SO31 7,64,36
SO31 8,51,36
SO31 9,28,36
SO32 1,57,36
SO32 2,102,36
SO32 3,22,36
SO40 0,0,36
SO40 2,174,36
SO40 3,92,36
SO40 4,49,36
SO40 7,79,36
SO40 8,75,36
SO40 9,68,36
SO41 0,108,36
SO41 1,0,36
SO41 3,11,36
SO41 5,20,36
SO41 6,37,36
SO41 8,78,36
SO41 9,53,36
SO42 7,93,36
SO43 7,76,36
SO45 1,37,36
SO45 2,35,36
SO45 3,43,36
SO45 4,24,36
SO45 5,57,36
SO45 6,53,36
SO45 9,0,36
SO50 0,1,36
SO50 4,49,36
SO50 5,103,36
SO50 6,71,36
SO50 7,53,36
SO50 8,33,36
SO50 9,82,36
SO51 0,164,36
SO51 1,0,36
SO51 5,24,36
SO51 6,87,36
SO51 7,53,36
SO51 8,83,36
SO51 9,37,36
SO52 9,56,36
SO53 1,26,36
SO53 2,57,36
SO53 3,41,36
SO53 4,26,36
SO53 5,26,36
SP1 1,50,36
SP1 2,74,36
SP1 3,74,36
SP10 1,82,36
SP10 2,77,36
SP10 3,110,36
SP10 4,27,36
SP10 5,68,36
SP10 9,0,36
SP11 0,58,36
SP11 6,110,36
SP11 7,95,36
SP11 8,46,36
SP11 9,58,36
SP2 0,54,36
SP2 2,0,36
SP2 7,116,36
SP2 8,49,36
SP2 9,65,36
SP3 4,71,36
SP3 5,74,36
SP3 6,76,36
SP4 0,15,36
SP4 5,0,36
SP4 6,61,36
SP4 7,71,36
SP4 8,56,36
SP4 9,32,36
SP5 1,57,36
SP5 2,101,36
SP5 3,59,36
SP5 4,42,36
SP5 5,60,36
SP6 1,64,36
SP6 2,57,36
SP6 3,71,36
SP7 0,27,36
SP7 7,0,36
SP7 8,95,36
SP7 9,26,36
SP8 4,69,36
SP8 5,25,36
SP8 9,0,36
SP9 7,49,36
SR1 1,186,36
SR1 2,155,36
SR1 3,167,36
SR2 0,82,36
SR2 7,159,36
SR2 8,214,36
SR2 9,82,36
SR3 1,112,36
SR3 2,131,36
SR3 3,80,36
SR3 4,90,36
SR4 0,57,36
SR4 6,234,36
SR4 7,259,36
SR4 8,108,36
SR4 9,59,36
SR5 1,110,36
SR5 2,146,36
SR5 3,161,36
SR5 4,48,36
SR5 5,141,36
SR5 9,0,36
SR6 0,151,36
SR6 7,66,36
SR6 8,60,36
SR6 9,93,36
SR7 0,41,36
SR7 1,0,36
SR7 7,101,36
SR7 8,45,36
SR7 9,193,36
SR8 1,75,36
SR8 2,122,36
SR8 3,104,36
SR8 4,260,36
SR8 5,143,36
SR8 9,0,36
SS0 0,130,36
SS0 7,155,36
SS0 8,69,36
SS0 9,111,36
SS1 1,104,36
SS1 2,283,36
SS1 3,69,36
SS11 7,127,36
SS11 8,94,36
SS11 9,0,36
SS12 0,63,36
SS12 9,94,36
SS13 1,194,36
SS13 2,60,36
SS13 3,171,36
SS14 0,4,36
SS14 1,192,36
SS14 2,181,36
SS14 3,155,36
SS15 4,30,36
SS15 5,198,36
SS15 6,135,36
SS16 4,147,36
SS16 5,156,36
SS16 6,75,36
SS17 0,87,36
SS17 1,0,36
SS17 7,116,36
SS17 8,53,36
SS17 9,36,36
SS2 4,126,36
SS2 5,87,36
SS2 6,173,36
SS3 0,34,36
SS3 8,24,36
SS3 9,124,36
SS4 1,97,36
SS4 2,13,36
SS4 3,35,36
SS4 9,0,36
SS5 4,38,36
SS5 5,15,36
SS5 6,40,36
SS5 9,0,36
SS6 0,0,36
SS6 7,76,36
SS6 8,63,36
SS6 9,80,36
SS7 1,64,36
SS7 2,83,36
SS7 3,67,36
SS7 4,69,36
SS7 5,67,36
SS7 9,0,36
SS8 0,43,36
SS8 1,0,36
SS8 7,65,36
SS8 8,29,36
SS8 9,119,36
SS9 1,65,36
SS9 2,64,36
SS9 3,124,36
SS9 4,90,36
SS9 5,68,36
ST1 1,117,36
ST1 2,138,36
ST1 3,186,36
ST1 4,111,36
ST1 5,222,36
ST1 6,133,36
ST10 1,79,36
ST10 2,45,36
ST10 3,12,36
ST10 4,36,36
ST10 9,0,36
ST11 9,73,36
ST12 9,41,36
ST13 5,50,36
ST13 6,36,36
ST13 7,31,36
ST13 8,48,36
ST13 9,0,36
ST14 5,37,36
ST14 7,48,36
ST14 8,48,36
ST14 9,1,36
ST15 0,64,36
ST15 8,98,36
ST15 9,0,36
ST16 1,96,36
ST16 2,97,36
ST16 3,202,36
ST16 9,0,36
ST17 0,49,36
ST17 4,80,36
ST17 9,119,36
ST18 0,81,36
ST18 9,53,36
ST19 5,91,36
ST19 9,57,36
ST2 0,166,36
ST2 7,53,36
ST2 8,115,36
ST2 9,96,36
ST20 0,47,36
ST21 6,47,36
ST3 1,143,36
ST3 2,130,36
ST3 3,132,36
ST3 4,91,36
ST3 5,171,36
ST3 6,154,36
ST3 7,166,36
ST3 9,0,36
ST4 1,112,36
ST4 2,247,36
ST4 3,279,36
ST4 4,173,36
ST4 5,100,36
ST4 6,95,36
ST4 7,195,36
ST4 8,114,36
ST4 9,0,36
ST5 0,93,36
ST5 1,141,36
ST5 2,99,36
ST5 3,60,36
ST5 4,42,36
ST5 5,41,36
ST5 6,80,36
ST5 7,98,36
ST5 8,87,36
ST5 9,77,36
ST6 1,205,36
ST6 2,134,36
ST6 3,132,36
ST6 4,158,36
ST6 5,224,36
ST6 6,173,36
ST6 7,80,36
ST6 8,93,36
ST6 9,2,36
ST7 1,79,36
ST7 2,106,36
ST7 3,42,36
ST7 4,75,36
ST7 8,34,36
ST7 9,0,36
ST8 6,90,36
ST8 7,74,36
ST8 9,0,36
ST9 0,34,36
ST9 9,41,36
SW10 0,213,36
SW10 1,0,36
SW10 9,276,36
SW11 1,221,36
SW11 2,257,36
SW11 3,259,36
SW11 4,177,36
SW11 5,293,36
SW11 6,133,36
SW11 8,0,36
SW11 9,22,36
SW12 0,85,36
SW12 2,0,36
SW12 8,189,36
SW12 9,343,36
SW13 0,109,36
SW13 8,46,36
SW13 9,122,36
SW14 7,112,36
SW14 8,155,36
SW14 9,0,36
SW15 1,146,36
SW15 2,212,36
SW15 3,102,36
SW15 4,104,36
SW15 5,158,36
SW15 6,149,36
SW15 9,3,36
SW16 1,204,36
SW16 2,209,36
SW16 3,152,36
SW16 4,182,36
SW16 5,331,36
SW16 6,187,36
SW16 9,0,36
SW17 0,266,36
SW17 1,0,36
SW17 6,15,36
SW17 7,211,36
SW17 8,200,36
SW17 9,219,36
SW18 1,289,36
SW18 2,126,36
SW18 3,150,36
SW18 4,280,36
SW18 5,165,36
SW18 9,0,36
SW19 1,149,36
SW19 2,176,36
SW19 3,106,36
SW19 4,98,36
SW19 5,59,36
SW19 6,118,36
SW19 7,71,36
SW19 8,150,36
SW19 9,0,36
SW1A 0,0,36
SW1A 1,17,36
SW1A 2,48,36
SW1E 5,35,36
SW1E 6,52,36
SW1H 0,23,36
SW1H 9,17,36
SW1P 1,81,36
SW1P 2,92,36
SW1P 3,22,36
SW1P 4,89,36
SW1V 1,110,36
SW1V 2,128,36
SW1V 3,106,36
SW1V 4,88,36
SW1W 0,41,36
SW1W 8,98,36
SW1W 9,79,36
SW1X 0,38,36
SW1X 7,33,36
SW1X 8,47,36
SW1X 9,45,36
SW1Y 4,45,36
SW1Y 5,18,36
SW1Y 6,44,36
SW2 1,155,36
SW2 2,117,36
SW2 3,157,36
SW2 4,201,36
SW2 5,190,36
SW2 9,0,36
SW20 0,119,36
SW20 8,115,36
SW20 9,84,36
SW3 1,84,36
SW3 2,97,36
SW3 3,89,36
SW3 4,59,36
SW3 5,107,36
SW3 6,67,36
SW4 0,155,36
SW4 4,0,36
SW4 6,180,36
SW4 7,225,36
SW4 8,121,36
SW4 9,147,36
SW5 0,179,36
SW5 9,260,36
SW6 1,226,36
SW6 2,265,36
SW6 3,123,36
SW6 4,182,36
SW6 5,161,36
SW6 6,218,36
SW6 7,175,36
SW6 9,0,36
SW7 1,51,36
SW7 2,67,36
SW7 3,123,36
SW7 4,163,36
SW7 5,111,36
SW7 9,9,36
SW8 1,250,36
SW8 2,235,36
SW8 3,165,36
SW8 4,321,36
SW8 5,137,36
SW8 9,0,36
SW9 0,181,36
SW9 1,0,36
SW9 6,129,36
SW9 7,163,36
SW9 8,312,36
SW9 9,239,36
SY1 1,50,36
SY1 2,66,36
SY1 3,99,36
SY1 4,76,36
SY1 9,0,36
SY10 0,11,36
SY10 1,0,36
SY10 7,25,36
SY10 8,26,36
SY10 9,11,36
SY11 1,37,36
SY11 2,54,36
SY11 3,32,36
SY11 4,23,36
SY12 0,46,36
SY12 9,28,36
SY13 1,52,36
SY13 2,34,36
SY13 3,35,36
SY13 4,39,36
SY13 9,0,36
SY14 7,25,36
SY14 8,21,36
SY15 6,28,36
SY16 1,117,36
SY16 2,40,36
SY16 3,12,36
SY16 4,8,36
SY16 9,0,36
SY17 5,10,36
SY18 6,20,36
SY19 7,2,36
SY2 5,53,36
SY2 6,52,36
SY20 8,22,36
SY20 9,7,36
SY21 0,13,36
SY21 7,59,36
SY21 8,26,36
SY21 9,11,36
SY22 5,8,36
SY22 6,20,36
SY23 1,84,36
SY23 2,65,36
SY23 3,34,36
SY23 4,16,36
SY23 5,17,36
SY23 9,0,36
SY24 5,11,36
SY25 6,31,36
SY3 0,20,36
SY3 5,27,36
SY3 6,4,36
SY3 7,43,36
SY3 8,69,36
SY3 9,54,36
SY4 1,13,36
SY4 2,15,36
SY4 3,55,36
SY4 4,51,36
SY4 5,96,36
SY5 0,43,36
SY5 6,19,36
SY5 7,14,36
SY5 8,37,36
SY5 9,51,36
SY6 6,40,36
SY6 7,18,36
SY7 0,31,36
SY7 7,0,36
SY7 8,28,36
SY7 9,38,36
SY8 1,112,36
SY8 2,51,36
SY8 3,25,36
SY8 4,39,36
SY8 9,0,36
SY9 5,46,36
TA1 1,107,36
TA1 2,153,36
TA1 3,109,36
TA1 4,47,36
TA1 5,49,36
TA1 9,0,36
TA10 0,32,36
TA10 1,0,36
TA10 9,36,36
TA11 6,47,36
TA11 7,35,36
TA11 9,0,36
TA12 6,37,36
TA13 5,45,36
TA14 6,19,36
TA15 6,6,36
TA16 5,5,36
TA17 8,2,36
TA18 7,40,36
TA18 8,24,36
TA18 9,0,36
TA19 0,41,36
TA19 9,26,36
TA2 6,77,36
TA2 7,82,36
TA2 8,93,36
TA20 1,103,36
TA20 2,62,36
TA20 3,21,36
TA20 4,20,36
TA20 9,0,36
TA21 0,21,36
TA21 1,0,36
TA21 8,37,36
TA21 9,62,36
TA22 9,21,36
TA23 0,39,36
TA24 5,72,36
TA24 6,34,36
TA24 7,12,36
TA24 8,44,36
TA24 9,0,36
TA3 5,42,36
TA3 6,23,36
TA3 7,68,36
TA4 1,41,36
TA4 2,24,36
TA4 3,33,36
TA4 4,24,36
TA4 9,0,36
TA5 1,34,36
TA5 2,64,36
TA6 3,155,36
TA6 4,140,36
TA6 5,94,36
TA6 6,135,36
TA6 7,56,36
TA6 9,1,36
TA7 0,54,36
TA7 8,76,36
TA7 9,77,36
TA8 1,85,36
TA8 2,69,36
TA8 9,0,36
TA9 3,91,36
TA9 4,68,36
TD1 1,0,36
TD1 2,0,36
TD1 3,0,36
TD1 9,0,36
TD10 6,0,36
TD11 3,0,36
TD11 9,0,36
TD12 4,5,36
TD13 5,0,36
TD14 5,0,36
TD15 1,43,36
TD15 2,68,36
TD2 6,0,36
TD3 6,0,36
TD4 6,0,36
TD5 7,0,36
TD5 8,0,36
TD6 0,0,36
TD6 6,0,36
TD6 9,0,36
TD7 4,0,36
TD7 5,0,36
TD7 9,0,36
TD8 6,0,36
TD8 9,0,36
TD9 0,0,36
TD9 1,0,36
TD9 7,0,36
TD9 8,0,36
TD9 9,0,36
TF1 1,69,36
TF1 2,52,36
TF1 3,59,36
TF1 5,84,36
TF1 6,47,36
TF1 7,13,36
TF1 9,0,36
TF10 7,88,36
TF10 8,39,36
TF10 9,48,36
TF11 8,64,36
TF11 9,41,36
TF12 5,45,36
TF13 6,37,36
TF2 0,19,36
TF2 2,0,36
TF2 5,8,36
TF2 6,71,36
TF2 7,70,36
TF2 8,44,36
TF2 9,122,36
TF3 1,125,36
TF3 2,56,36
TF3 3,27,36
TF3 4,65,36
TF3 5,20,36
TF4 2,89,36
TF4 3,76,36
TF5 0,23,36
TF6 5,32,36
TF6 6,24,36
TF7 4,128,36
TF7 5,132,36
TF7 9,0,36
TF8 7,44,36
TF9 1,43,36
TF9 2,40,36
TF9 3,51,36
TF9 4,44,36
TF9 9,3,36
TN1 1,61,36
TN1 2,61,36
TN10 3,51,36
TN10 4,41,36
TN11 0,26,36
TN11 8,36,36
TN11 9,42,36
TN12 0,46,36
TN12 5,21,36
TN12 6,96,36
TN12 7,24,36
TN12 8,12,36
TN12 9,45,36
TN13 1,75,36
TN13 2,79,36
TN13 3,118,36
TN13 9,2,36
TN14 5,94,36
TN14 6,51,36
TN14 7,73,36
TN15 0,84,36
TN15 6,92,36
TN15 7,64,36
TN15 8,32,36
TN15 9,11,36
TN16 1,53,36
TN16 2,28,36
TN16 3,104,36
TN16 9,3,36
TN17 1,24,36
TN17 2,65,36
TN17 3,17,36
TN17 4,31,36
TN17 9,0,36
TN18 4,24,36
TN18 5,29,36
TN19 7,48,36
TN2 3,91,36
TN2 4,68,36
TN2 5,72,36
TN20 6,17,36
TN21 0,33,36
TN21 1,0,36
TN21 8,33,36
TN21 9,27,36
TN22 1,31,36
TN22 2,20,36
TN22 3,36,36
TN22 4,24,36
TN22 5,76,36
TN22 9,0,36
TN23 1,42,36
TN23 3,87,36
TN23 4,37,36
TN23 5,91,36
TN23 6,21,36
TN23 7,39,36
TN23 8,2,36
TN23 9,0,36
TN24 0,148,36
TN24 8,66,36
TN24 9,90,36
TN25 4,32,36
TN25 5,30,36
TN25 6,42,36
TN25 7,36,36
TN26 1,31,36
TN26 2,38,36
TN26 3,64,36
TN27 0,45,36
TN27 8,50,36
TN27 9,59,36
TN28 8,33,36
TN28 9,0,36
TN29 0,66,36
TN29 9,43,36
TN3 0,45,36
TN3 8,15,36
TN3 9,77,36
TN30 6,42,36
TN30 7,49,36
TN30 9,0,36
TN31 6,67,36
TN31 7,94,36
TN31 9,0,36
TN32 5,56,36
TN33 0,51,36
TN33 3,0,36
TN33 9,48,36
TN34 1,215,36
TN34 2,62,36
TN34 3,148,36
TN34 9,1,36
TN35 4,53,36
TN35 5,57,36
TN36 4,22,36
TN37 6,101,36
TN37 7,56,36
TN38 0,100,36
TN38 1,0,36
TN38 8,39,36
TN38 9,63,36
TN39 3,44,36
TN39 4,49,36
TN39 5,55,36
TN4 0,53,36
TN4 8,62,36
TN4 9,62,36
TN40 1,84,36
TN40 2,93,36
TN40 9,0,36
TN5 6,30,36
TN5 7,31,36
TN6 1,41,36
TN6 2,45,36
TN6 3,47,36
TN6 9,0,36
TN7 4,19,36
TN8 5,54,36
TN8 6,66,36
TN8 7,35,36
TN8 9,0,36
TN9 1,79,36
TN9 2,57,36
TN9 9,0,36
TQ1 1,65,36
TQ1 2,61,36
TQ1 3,82,36
TQ1 4,69,36
TQ1 9,0,36
TQ10 9,17,36
TQ11 0,22,36
TQ12 1,64,36
TQ12 2,49,36
TQ12 3,59,36
TQ12 4,75,36
TQ12 5,54,36
TQ12 6,38,36
TQ12 9,0,36
TQ13 0,26,36
TQ13 7,28,36
TQ13 8,13,36
TQ13 9,36,36
TQ14 0,8,36
TQ14 4,0,36
TQ14 8,55,36
TQ14 9,40,36
TQ2 5,178,36
TQ2 6,83,36
TQ2 7,64,36
TQ2 8,57,36
TQ3 1,36,36
TQ3 2,72,36
TQ3 3,147,36
TQ4 5,67,36
TQ4 6,52,36
TQ4 7,62,36
TQ4 9,0,36
TQ5 0,21,36
TQ5 5,0,36
TQ5 8,37,36
TQ5 9,36,36
TQ6 0,13,36
TQ6 6,0,36
TQ6 9,20,36
TQ7 1,37,36
TQ7 2,16,36
TQ7 3,15,36
TQ7 4,12,36
TQ7 9,0,36
TQ8 8,13,36
TQ9 5,42,36
TQ9 6,28,36
TQ9 7,24,36
TQ9 9,0,36
TR1 1,59,36
TR1 2,49,36
TR1 3,50,36
TR1 9,0,36
TR10 8,24,36
TR10 9,17,36
TR11 2,39,36
TR11 3,32,36
TR11 4,27,36
TR11 5,20,36
TR11 9,0,36
TR12 6,14,36
TR12 7,17,36
TR13 0,18,36
TR13 3,0,36
TR13 8,58,36
TR13 9,8,36
TR14 0,19,36
TR14 4,0,36
TR14 7,60,36
TR14 8,88,36
TR14 9,14,36
TR15 1,34,36
TR15 2,35,36
TR15 3,55,36
TR15 9,0,36
TR16 4,23,36
TR16 5,36,36
TR16 6,18,36
TR17 0,7,36
TR18 2,49,36
TR18 3,41,36
TR18 4,34,36
TR18 5,10,36
TR18 9,0,36
TR19 6,19,36
TR19 7,17,36
TR2 4,15,36
TR2 5,9,36
TR20 8,20,36
TR20 9,5,36
TR21 0,6,36
TR22 0,0,36
TR23 0,0,36
TR24 0,0,36
TR25 0,1,36
TR26 1,10,36
TR26 2,26,36
TR26 3,6,36
TR26 9,0,36
TR27 4,34,36
TR27 5,23,36
TR27 6,9,36
TR3 6,27,36
TR3 7,8,36
TR4 8,26,36
TR4 9,24,36
TR5 0,9,36
TR6 0,24,36
TR7 1,81,36
TR7 2,66,36
TR7 3,42,36
TR7 9,0,36
TR8 4,26,36
TR8 5,14,36
TR9 6,36,36
TS1 1,73,36
TS1 2,96,36
TS1 3,151,36
TS1 4,328,36
TS1 5,88,36
TS1 9,0,36
TS10 1,154,36
TS10 2,104,36
TS10 3,176,36
TS10 4,210,36
TS10 5,191,36
TS10 9,2,36
TS11 6,38,36
TS11 7,60,36
TS11 8,25,36
TS12 1,90,36
TS12 2,166,36
TS12 3,41,36
TS12 9,8,36
TS13 4,123,36
TS13 5,23,36
TS14 6,185,36
TS14 7,46,36
TS14 8,50,36
TS15 0,23,36
TS15 9,114,36
TS16 0,102,36
TS16 9,17,36
TS17 0,113,36
TS17 5,43,36
TS17 6,169,36
TS17 7,71,36
TS17 8,87,36
TS17 9,113,36
TS18 1,294,36
TS18 2,207,36
TS18 3,225,36
TS18 4,97,36
TS18 5,64,36
TS19 0,267,36
TS19 1,4,36
TS19 7,55,36
TS19 8,216,36
TS19 9,101,36
TS2 1,53,36
TS20 1,100,36
TS20 2,257,36
TS21 1,33,36
TS21 2,22,36
TS21 3,47,36
TS21 4,25,36
TS22 5,112,36
TS23 1,121,36
TS23 2,200,36
TS23 3,180,36
TS23 4,38,36
TS24 0,140,36
TS24 4,0,36
TS24 7,119,36
TS24 8,234,36
TS24 9,71,36
TS25 1,162,36
TS25 2,53,36
TS25 3,99,36
TS25 4,117,36
TS25 5,257,36
TS26 0,108,36
TS26 8,241,36
TS26 9,175,36
TS27 3,49,36
TS27 4,136,36
TS28 5,68,36
TS29 6,117,36
TS3 0,228,36
TS3 6,208,36
TS3 7,178,36
TS3 8,166,36
TS3 9,170,36
TS4 2,350,36
TS4 3,266,36
TS5 4,98,36
TS5 5,124,36
TS5 6,241,36
TS5 7,127,36
TS5 8,158,36
TS6 0,305,36
TS6 6,283,36
TS6 7,171,36
TS6 8,38,36
TS6 9,319,36
TS7 0,92,36
TS7 8,126,36
TS7 9,180,36
TS8 0,102,36
TS8 8,2,36
TS8 9,219,36
TS9 5,50,36
TS9 6,46,36
TS9 7,45,36
TW1 1,111,36
TW1 2,68,36
TW1 3,79,36
TW1 4,90,36
TW1 9,2,36
TW10 5,66,36
TW10 6,140,36
TW10 7,96,36
TW11 0,82,36
TW11 1,0,36
TW11 8,85,36
TW11 9,134,36
TW12 1,117,36
TW12 2,117,36
TW12 3,95,36
TW12 9,1,36
TW13 4,203,36
TW13 5,92,36
TW13 6,135,36
TW13 7,97,36
TW13 9,0,36
TW14 0,142,36
TW14 8,140,36
TW14 9,204,36
TW15 1,121,36
TW15 2,98,36
TW15 3,93,36
TW16 5,42,36
TW16 6,62,36
TW16 7,114,36
TW17 0,31,36
TW17 7,0,36
TW17 8,56,36
TW17 9,32,36
TW18 1,75,36
TW18 2,65,36
TW18 3,53,36
TW18 4,115,36
TW18 9,0,36
TW19 5,35,36
TW19 6,22,36
TW19 7,156,36
TW2 5,127,36
TW2 6,132,36
TW2 7,136,36
TW20 0,92,36
TW20 8,76,36
TW20 9,96,36
TW3 1,258,36
TW3 2,99,36
TW3 3,169,36
TW3 4,137,36
TW3 9,5,36
TW4 5,165,36
TW4 6,101,36
TW4 7,179,36
TW5 0,236,36
TW5 9,234,36
TW6 1,4,36
TW6 2,33,36
TW6 3,7,36
TW7 4,140,36
TW7 5,113,36
TW7 6,117,36
TW7 7,126,36
TW8 0,275,36
TW8 1,0,36
TW8 8,141,36
TW8 9,165,36
TW9 1,167,36
TW9 2,96,36
TW9 3,102,36
TW9 4,122,36
TW9 9,4,36
UB1 1,222,36
UB1 2,176,36
UB1 3,159,36
UB10 0,118,36
UB10 8,89,36
UB10 9,75,36
UB11 1,14,36
UB2 4,313,36
UB2 5,293,36
UB3 1,234,36
UB3 2,251,36
UB3 3,151,36
UB3 4,343,36
UB3 5,164,36
UB3 9,0,36
UB4 0,260,36
UB4 8,161,36
UB4 9,141,36
UB5 4,213,36
UB5 5,167,36
UB5 6,175,36
UB5 9,0,36
UB6 0,145,36
UB6 7,94,36
UB6 8,277,36
UB6 9,236,36
UB7 0,84,36
UB7 7,202,36
UB7 8,100,36
UB7 9,191,36
UB8 1,181,36
UB8 2,242,36
UB8 3,215,36
UB8 9,0,36
UB9 4,42,36
UB9 5,76,36
UB9 6,80,36
W10 4,208,36
W10 5,292,36
W10 6,253,36
W11 1,244,36
W11 2,244,36
W11 3,188,36
W11 4,215,36
W12 0,181,36
W12 7,274,36
W12 8,299,36
W12 9,225,36
W13 0,242,36
W13 3,0,36
W13 8,108,36
W13 9,207,36
W14 0,207,36
W14 4,0,36
W14 8,271,36
W14 9,205,36
W1B 1,5,36
W1B 2,23,36
W1B 3,0,36
W1B 4,28,36
W1B 5,37,36
W1C 1,40,36
W1C 2,38,36
W1D 1,8,36
W1D 2,12,36
W1D 3,51,36
W1D 4,51,36
W1D 5,43,36
W1D 6,41,36
W1D 7,78,36
W1F 0,65,36
W1F 7,137,36
W1F 8,115,36
W1F 9,78,36
W1G 0,36,36
W1G 6,30,36
W1G 7,18,36
W1G 8,50,36
W1G 9,41,36
W1H 1,75,36
W1H 2,52,36
W1H 4,66,36
W1H 5,66,36
W1H 6,13,36
W1H 7,95,36
W1J 0,15,36
W1J 5,19,36
W1J 6,10,36
W1J 7,58,36
W1J 8,38,36
W1J 9,8,36
W1K 1,7,36
W1K 2,29,36
W1K 3,19,36
W1K 4,21,36
W1K 5,69,36
W1K 6,58,36
W1K 7,11,36
W1S 1,46,36
W1S 2,41,36
W1S 3,37,36
W1S 4,25,36
W1T 1,139,36
W1T 2,70,36
W1T 3,103,36
W1T 4,93,36
W1T 5,81,36
W1T 6,30,36
W1T 7,11,36
W1U 1,75,36
W1U 2,51,36
W1U 3,47,36
W1U 4,60,36
W1U 5,41,36
W1U 6,73,36
W1U 7,31,36
W1U 8,21,36
W1W 5,53,36
W1W 6,105,36
W1W 7,97,36
W1W 8,90,36
W2 1,409,36
W2 2,214,36
W2 3,333,36
W2 4,321,36
W2 5,332,36
W2 6,278,36
W3 0,135,36
W3 3,0,36
W3 6,179,36
W3 7,283,36
W3 8,228,36
W3 9,133,36
W4 1,183,36
W4 2,166,36
W4 3,202,36
W4 4,105,36
W4 5,186,36
W4 9,0,36
W5 1,148,36
W5 2,221,36
W5 3,201,36
W5 4,181,36
W5 5,184,36
W5 9,0,36
W6 0,247,36
W6 6,0,36
W6 7,165,36
W6 8,162,36
W6 9,238,36
W7 1,160,36
W7 2,91,36
W7 3,172,36
W7 9,0,36
W8 4,126,36
W8 5,80,36
W8 6,113,36
W8 7,137,36
W8 9,1,36
W9 1,194,36
W9 2,326,36
W9 3,288,36
WA1 1,80,36
WA1 2,81,36
WA1 3,49,36
WA1 4,51,36
WA1 9,0,36
WA10 1,131,36
WA10 2,107,36
WA10 3,93,36
WA10 4,52,36
WA10 5,29,36
WA10 6,31,36
WA10 9,0,36
WA11 0,78,36
WA11 7,75,36
WA11 8,44,36
WA11 9,98,36
WA12 0,37,36
WA12 2,0,36
WA12 8,63,36
WA12 9,93,36
WA13 0,36,36
WA13 9,30,36
WA14 1,0,36
WA14 2,0,36
WA14 3,6,36
WA14 4,0,36
WA14 5,0,36
WA15 0,5,36
WA15 5,0,36
WA15 6,0,36
WA15 7,0,36
WA15 8,0,36
WA15 9,0,36
WA16 0,26,36
WA16 1,0,36
WA16 6,29,36
WA16 7,22,36
WA16 8,57,36
WA16 9,17,36
WA2 0,112,36
WA2 7,96,36
WA2 8,71,36
WA2 9,80,36
WA3 1,0,36
WA3 2,0,36
WA3 3,0,36
WA3 4,28,36
WA3 5,23,36
WA3 6,72,36
WA3 7,22,36
WA3 9,0,36
WA4 1,101,36
WA4 2,56,36
WA4 3,28,36
WA4 4,46,36
WA4 5,36,36
WA4 6,61,36
WA5 0,48,36
WA5 1,80,36
WA5 2,54,36
WA5 3,32,36
WA5 4,31,36
WA5 7,14,36
WA5 8,28,36
WA5 9,21,36
WA6 0,22,36
WA6 1,0,36
WA6 6,30,36
WA6 7,43,36
WA6 8,5,36
WA6 9,8,36
WA7 1,84,36
WA7 2,174,36
WA7 3,32,36
WA7 4,62,36
WA7 5,116,36
WA7 6,80,36
WA7 9,14,36
WA8 0,82,36
WA8 2,0,36
WA8 3,49,36
WA8 4,65,36
WA8 5,28,36
WA8 6,113,36
WA8 7,131,36
WA8 8,102,36
WA8 9,54,36
WA9 1,132,36
WA9 2,62,36
WA9 3,108,36
WA9 4,102,36
WA9 5,112,36
WC1A 1,88,36
WC1A 2,49,36
WC1B 3,73,36
WC1B 4,22,36
WC1B 5,25,36
WC1E 6,37,36
WC1E 7,39,36
WC1H 0,46,36
WC1H 8,44,36
WC1H 9,111,36
WC1N 1,53,36
WC1N 2,44,36
WC1N 3,62,36
WC1R 4,48,36
WC1R 5,16,36
WC1V 6,58,36
WC1V 7,9,36
WC1X 0,59,36
WC1X 8,64,36
WC1X 9,102,36
WC2A 1,11,36
WC2A 2,7,36
WC2A 3,47,36
WC2B 4,45,36
WC2B 5,108,36
WC2B 6,28,36
WC2E 7,52,36
WC2E 8,37,36
WC2E 9,74,36
WC2H 0,49,36
WC2H 7,96,36
WC2H 8,63,36
WC2H 9,151,36
WC2N 4,62,36
WC2N 5,17,36
WC2N 6,32,36
WC2R 0,30,36
WC2R 1,9,36
WC2R 2,4,36
WC2R 3,17,36
WD17 1,108,36
WD17 2,142,36
WD17 3,41,36
WD17 4,85,36
WD18 0,106,36
WD18 1,0,36
WD18 6,29,36
WD18 7,71,36
WD18 8,8,36
WD18 9,12,36
WD19 4,76,36
WD19 5,60,36
WD19 6,86,36
WD19 7,76,36
WD23 1,98,36
WD23 2,61,36
WD23 3,59,36
WD23 4,41,36
WD23 9,0,36
WD24 4,44,36
WD24 5,61,36
WD24 6,56,36
WD24 7,45,36
WD25 0,53,36
WD25 7,73,36
WD25 8,31,36
WD25 9,88,36
WD3 0,0,36
WD3 1,63,36
WD3 3,61,36
WD3 4,60,36
WD3 5,98,36
WD3 6,13,36
WD3 7,22,36
WD3 8,46,36
WD3 9,34,36
WD4 8,91,36
WD4 9,53,36
WD5 0,99,36
WD6 1,123,36
WD6 2,129,36
WD6 3,85,36
WD6 4,83,36
WD6 5,127,36
WD6 9,0,36
WD7 0,0,36
WD7 7,48,36
WD7 8,70,36
WD7 9,39,36
WF1 1,161,36
WF1 2,122,36
WF1 3,147,36
WF1 4,212,36
WF1 5,254,36
WF1 9,0,36
WF10 1,139,36
WF10 2,186,36
WF10 3,206,36
WF10 4,224,36
WF10 5,260,36
WF10 9,0,36
WF11 0,111,36
WF11 8,126,36
WF11 9,45,36
WF12 0,81,36
WF12 7,104,36
WF12 8,102,36
WF12 9,65,36
WF13 1,133,36
WF13 2,118,36
WF13 3,186,36
WF13 4,111,36
WF13 9,0,36
WF14 0,70,36
WF14 8,46,36
WF14 9,90,36
WF15 6,80,36
WF15 7,56,36
WF15 8,46,36
WF16 0,87,36
WF16 9,104,36
WF17 0,93,36
WF17 1,0,36
WF17 5,102,36
WF17 6,75,36
WF17 7,93,36
WF17 8,99,36
WF17 9,99,36
WF2 0,108,36
WF2 6,116,36
WF2 7,166,36
WF2 8,200,36
WF2 9,166,36
WF3 1,149,36
WF3 2,89,36
WF3 3,108,36
WF3 4,71,36
WF4 1,82,36
WF4 2,98,36
WF4 3,82,36
WF4 4,65,36
WF4 5,71,36
WF4 6,42,36
WF5 0,80,36
WF5 5,0,36
WF5 8,75,36
WF5 9,121,36
WF6 1,112,36
WF6 2,122,36
WF7 5,90,36
WF7 6,37,36
WF7 7,80,36
WF8 1,133,36
WF8 2,167,36
WF8 3,100,36
WF8 4,95,36
WF8 9,0,36
WF9 1,107,36
WF9 2,258,36
WF9 3,179,36
WF9 4,185,36
WF9 5,57,36
WN1 1,0,36
WN1 2,0,36
WN1 3,0,36
WN1 9,0,36
WN2 1,0,36
WN2 2,0,36
WN2 3,0,36
WN2 4,0,36
WN2 5,0,36
WN3 4,1,36
WN3 5,0,36
WN3 6,0,36
WN4 0,34,36
WN4 8,0,36
WN4 9,2,36
WN5 0,0,36
WN5 7,40,36
WN5 8,1,36
WN5 9,0,36
WN6 0,1,36
WN6 7,0,36
WN6 8,1,36
WN6 9,19,36
WN7 1,0,36
WN7 2,0,36
WN7 3,0,36
WN7 4,0,36
WN7 5,0,36
WN7 9,0,36
WN8 0,60,36
WN8 1,0,36
WN8 6,182,36
WN8 7,29,36
WN8 8,110,36
WN8 9,175,36
WR1 1,91,36
WR1 2,114,36
WR1 3,87,36
WR1 9,1,36
WR10 1,86,36
WR10 2,108,36
WR10 3,51,36
WR10 9,0,36
WR11 1,73,36
WR11 2,98,36
WR11 3,61,36
WR11 4,149,36
WR11 7,103,36
WR11 8,66,36
WR11 9,0,36
WR12 7,86,36
WR13 5,35,36
WR13 6,52,36
WR14 1,112,36
WR14 2,108,36
WR14 3,68,36
WR14 4,75,36
WR14 9,0,36
WR15 8,71,36
WR2 4,87,36
WR2 5,179,36
WR2 6,93,36
WR3 7,100,36
WR3 8,146,36
WR4 0,52,36
WR4 9,263,36
WR5 1,106,36
WR5 2,109,36
WR5 3,107,36
WR6 5,60,36
WR6 6,107,36
WR7 4,99,36
WR8 0,63,36
WR8 9,34,36
WR9 0,108,36
WR9 1,0,36
WR9 7,98,36
WR9 8,108,36
WR9 9,60,36
WS1 1,151,36
WS1 2,139,36
WS1 3,205,36
WS1 4,99,36
WS1 9,0,36
WS10 0,177,36
WS10 1,0,36
WS10 7,194,36
WS10 8,249,36
WS10 9,230,36
WS11 0,72,36
WS11 1,88,36
WS11 4,23,36
WS11 5,38,36
WS11 6,28,36
WS11 7,25,36
WS11 8,24,36
WS11 9,56,36
WS12 0,9,36
WS12 1,28,36
WS12 2,24,36
WS12 3,18,36
WS12 4,70,36
WS13 2,0,36
WS13 6,98,36
WS13 7,66,36
WS13 8,67,36
WS14 0,64,36
WS14 4,0,36
WS14 9,113,36
WS15 1,85,36
WS15 2,138,36
WS15 3,36,36
WS15 4,46,36
WS15 9,0,36
WS2 0,117,36
WS2 7,150,36
WS2 8,302,36
WS2 9,214,36
WS3 1,168,36
WS3 2,186,36
WS3 3,216,36
WS3 4,108,36
WS3 5,31,36
WS4 1,142,36
WS4 2,88,36
WS5 3,98,36
WS5 4,147,36
WS6 6,87,36
WS6 7,37,36
WS6 9,0,36
WS7 0,29,36
WS7 1,34,36
WS7 2,32,36
WS7 3,28,36
WS7 4,43,36
WS7 9,15,36
WS8 6,102,36
WS8 7,106,36
WS9 0,127,36
WS9 1,0,36
WS9 8,148,36
WS9 9,119,36
WV1 1,98,36
WV1 2,148,36
WV1 3,134,36
WV1 4,161,36
WV1 9,0,36
WV10 0,181,36
WV10 6,178,36
WV10 7,80,36
WV10 8,146,36
WV10 9,176,36
WV11 1,155,36
WV11 2,114,36
WV11 3,122,36
WV11 9,0,36
WV12 4,117,36
WV12 5,160,36
WV13 1,179,36
WV13 2,198,36
WV13 3,146,36
WV14 0,233,36
WV14 4,0,36
WV14 6,105,36
WV14 7,63,36
WV14 8,191,36
WV14 9,212,36
WV15 5,43,36
WV15 6,74,36
WV16 4,82,36
WV16 5,25,36
WV16 6,43,36
WV16 9,0,36
WV2 1,53,36
WV2 2,143,36
WV2 3,69,36
WV2 4,83,36
WV3 0,115,36
WV3 7,91,36
WV3 8,45,36
WV3 9,98,36
WV4 4,131,36
WV4 5,94,36
WV4 6,127,36
WV5 0,44,36
WV5 5,0,36
WV5 7,53,36
WV5 8,31,36
WV5 9,30,36
WV6 0,148,36
WV6 6,0,36
WV6 7,92,36
WV6 8,104,36
WV6 9,103,36
WV7 3,35,36
WV8 1,88,36
WV8 2,22,36
WV9 5,57,36
YO1 0,0,36
YO1 6,53,36
YO1 7,66,36
YO1 8,87,36
YO1 9,94,36
YO10 3,105,36
YO10 4,66,36
YO10 5,79,36
YO11 1,98,36
YO11 2,116,36
YO11 3,64,36
YO11 9,0,36
YO12 4,56,36
YO12 5,48,36
YO12 6,54,36
YO12 7,79,36
YO13 0,25,36
YO13 9,21,36
YO14 0,22,36
YO14 9,40,36
YO15 1,21,36
YO15 2,129,36
YO15 3,88,36
YO15 9,0,36
YO16 4,102,36
YO16 6,25,36
YO16 7,75,36
YO17 1,0,36
YO17 6,21,36
YO17 7,35,36
YO17 8,22,36
YO17 9,36,36
YO18 7,37,36
YO18 8,28,36
YO18 9,0,36
YO19 4,10,36
YO19 5,20,36
YO19 6,39,36
YO21 1,44,36
YO21 2,49,36
YO21 3,35,36
YO21 9,0,36
YO22 4,33,36
YO22 5,20,36
YO23 1,118,36
YO23 2,22,36
YO23 3,22,36
YO23 7,3,36
YO24 1,48,36
YO24 2,53,36
YO24 3,161,36
YO24 4,90,36
YO25 1,0,36
YO25 3,17,36
YO25 4,23,36
YO25 5,37,36
YO25 6,27,36
YO25 8,48,36
YO25 9,41,36
YO26 0,0,36
YO26 4,63,36
YO26 5,83,36
YO26 6,35,36
YO26 7,17,36
YO26 8,19,36
YO26 9,5,36
YO30 1,8,36
YO30 2,3,36
YO30 4,45,36
YO30 5,45,36
YO30 6,135,36
YO30 7,60,36
YO31 0,41,36
YO31 1,23,36
YO31 6,0,36
YO31 7,91,36
YO31 8,89,36
YO31 9,50,36
YO32 2,19,36
YO32 3,14,36
YO32 4,19,36
YO32 5,12,36
YO32 9,40,36
YO41 1,15,36
YO41 4,11,36
YO41 5,8,36
YO42 1,6,36
YO42 2,35,36
YO42 4,25,36
YO42 9,0,36
YO43 3,37,36
YO43 4,17,36
YO51 9,63,36
YO60 6,3,36
YO60 7,16,36
YO61 1,28,36
YO61 2,4,36
YO61 3,43,36
YO61 4,7,36
YO62 4,7,36
YO62 5,26,36
YO62 6,20,36
YO62 7,8,36
YO7 1,51,36
YO7 2,19,36
YO7 3,25,36
YO7 4,13,36
YO7 9,0,36
YO8 1,0,36
YO8 3,22,36
YO8 4,71,36
YO8 5,46,36
YO8 6,27,36
YO8 8,86,36
YO8 9,44,36
ZE1 0,0,36
ZE1 9,0,36
ZE2 9,0,36
ZE3 9,0,36
