name,er_smp55,er_smp105,er_nfi55,er_nfi105,er_smp105_lo,er_smp105_hi,er_nfi105_lo,er_nfi105_hi,er_gi,er_smp105_m2,er_coastal
AB10 1,0.0,0.0,0.0,0.0,0.0,0.0,0.0,0.0,0.0,0.0,0
AB10 6,0.0,0.0,0.0,0.0,0.0,0.0,0.0,0.0,0.0,0.0,0
AB10 7,0.0,0.0,0.0,0.0,0.0,0.0,0.0,0.0,0.0,0.0,0
AB11 5,0.0,0.0,0.0,0.0,0.0,0.0,0.0,0.0,0.0,0.0,0
AB11 6,0.0,0.0,0.0,0.0,0.0,0.0,0.0,0.0,0.0,0.0,0
AB11 7,0.0,0.0,0.0,0.0,0.0,0.0,0.0,0.0,0.0,0.0,0
AB11 8,0.0,0.0,0.0,0.0,0.0,0.0,0.0,0.0,0.0,0.0,0
AB11 9,0.0,0.0,0.0,0.0,0.0,0.0,0.0,0.0,0.0,0.0,0
AB12 3,0.0,0.0,0.0,0.0,0.0,0.0,0.0,0.0,0.0,0.0,0
AB12 4,0.0,0.0,0.0,0.0,0.0,0.0,0.0,0.0,0.0,0.0,0
AB12 5,0.0,0.0,0.0,0.0,0.0,0.0,0.0,0.0,0.0,0.0,0
AB12 9,0.0,0.0,0.0,0.0,0.0,0.0,0.0,0.0,0.0,0.0,0
AB13 0,0.0,0.0,0.0,0.0,0.0,0.0,0.0,0.0,0.0,0.0,0
AB14 0,0.0,0.0,0.0,0.0,0.0,0.0,0.0,0.0,0.0,0.0,0
AB15 4,0.0,0.0,0.0,0.0,0.0,0.0,0.0,0.0,0.0,0.0,0
AB15 5,0.0,0.0,0.0,0.0,0.0,0.0,0.0,0.0,0.0,0.0,0
AB15 6,0.0,0.0,0.0,0.0,0.0,0.0,0.0,0.0,0.0,0.0,0
AB15 7,0.0,0.0,0.0,0.0,0.0,0.0,0.0,0.0,0.0,0.0,0
AB15 8,0.0,0.0,0.0,0.0,0.0,0.0,0.0,0.0,0.0,0.0,0
AB15 9,0.0,0.0,0.0,0.0,0.0,0.0,0.0,0.0,0.0,0.0,0
AB16 5,0.0,0.0,0.0,0.0,0.0,0.0,0.0,0.0,0.0,0.0,0
AB16 6,0.0,0.0,0.0,0.0,0.0,0.0,0.0,0.0,0.0,0.0,0
AB16 7,0.0,0.0,0.0,0.0,0.0,0.0,0.0,0.0,0.0,0.0,0
AB16 9,0.0,0.0,0.0,0.0,0.0,0.0,0.0,0.0,0.0,0.0,0
AB21 0,0.0,0.0,0.0,0.0,0.0,0.0,0.0,0.0,0.0,0.0,0
AB21 1,0.0,0.0,0.0,0.0,0.0,0.0,0.0,0.0,0.0,0.0,0
AB21 7,0.0,0.0,0.0,0.0,0.0,0.0,0.0,0.0,0.0,0.0,0
AB21 9,0.0,0.0,0.0,0.0,0.0,0.0,0.0,0.0,0.0,0.0,0
AB22 8,0.0,0.0,0.0,0.0,0.0,0.0,0.0,0.0,0.0,0.0,0
AB22 9,0.0,0.0,0.0,0.0,0.0,0.0,0.0,0.0,0.0,0.0,0
AB23 8,0.0,0.0,0.0,0.0,0.0,0.0,0.0,0.0,0.0,0.0,0
AB23 9,0.0,0.0,0.0,0.0,0.0,0.0,0.0,0.0,0.0,0.0,0
AB24 1,0.0,0.0,0.0,0.0,0.0,0.0,0.0,0.0,0.0,0.0,0
AB24 2,0.0,0.0,0.0,0.0,0.0,0.0,0.0,0.0,0.0,0.0,0
AB24 3,0.0,0.0,0.0,0.0,0.0,0.0,0.0,0.0,0.0,0.0,0
AB24 4,0.0,0.0,0.0,0.0,0.0,0.0,0.0,0.0,0.0,0.0,0
AB24 5,0.0,0.0,0.0,0.0,0.0,0.0,0.0,0.0,0.0,0.0,0
AB25 1,0.0,0.0,0.0,0.0,0.0,0.0,0.0,0.0,0.0,0.0,0
AB25 2,0.0,0.0,0.0,0.0,0.0,0.0,0.0,0.0,0.0,0.0,0
AB25 3,0.0,0.0,0.0,0.0,0.0,0.0,0.0,0.0,0.0,0.0,0
AB25 9,0.0,0.0,0.0,0.0,0.0,0.0,0.0,0.0,0.0,0.0,0
AB30 1,0.0,0.0,0.0,0.0,0.0,0.0,0.0,0.0,0.0,0.0,0
AB31 4,0.0,0.0,0.0,0.0,0.0,0.0,0.0,0.0,0.0,0.0,0
AB31 5,0.0,0.0,0.0,0.0,0.0,0.0,0.0,0.0,0.0,0.0,0
AB31 6,0.0,0.0,0.0,0.0,0.0,0.0,0.0,0.0,0.0,0.0,0
AB31 9,0.0,0.0,0.0,0.0,0.0,0.0,0.0,0.0,0.0,0.0,0
AB32 6,0.0,0.0,0.0,0.0,0.0,0.0,0.0,0.0,0.0,0.0,0
AB32 7,0.0,0.0,0.0,0.0,0.0,0.0,0.0,0.0,0.0,0.0,0
AB33 8,0.0,0.0,0.0,0.0,0.0,0.0,0.0,0.0,0.0,0.0,0
AB34 4,0.0,0.0,0.0,0.0,0.0,0.0,0.0,0.0,0.0,0.0,0
AB34 5,0.0,0.0,0.0,0.0,0.0,0.0,0.0,0.0,0.0,0.0,0
AB35 5,0.0,0.0,0.0,0.0,0.0,0.0,0.0,0.0,0.0,0.0,0
AB36 8,0.0,0.0,0.0,0.0,0.0,0.0,0.0,0.0,0.0,0.0,0
AB37 9,0.0,0.0,0.0,0.0,0.0,0.0,0.0,0.0,0.0,0.0,0
AB38 7,0.0,0.0,0.0,0.0,0.0,0.0,0.0,0.0,0.0,0.0,0
AB38 9,0.0,0.0,0.0,0.0,0.0,0.0,0.0,0.0,0.0,0.0,0
AB39 2,0.0,0.0,0.0,0.0,0.0,0.0,0.0,0.0,0.0,0.0,0
AB39 3,0.0,0.0,0.0,0.0,0.0,0.0,0.0,0.0,0.0,0.0,0
AB39 8,0.0,0.0,0.0,0.0,0.0,0.0,0.0,0.0,0.0,0.0,0
AB39 9,0.0,0.0,0.0,0.0,0.0,0.0,0.0,0.0,0.0,0.0,0
AB41 1,0.0,0.0,0.0,0.0,0.0,0.0,0.0,0.0,0.0,0.0,0
AB41 6,0.0,0.0,0.0,0.0,0.0,0.0,0.0,0.0,0.0,0.0,0
AB41 7,0.0,0.0,0.0,0.0,0.0,0.0,0.0,0.0,0.0,0.0,0
AB41 8,0.0,0.0,0.0,0.0,0.0,0.0,0.0,0.0,0.0,0.0,0
AB41 9,0.0,0.0,0.0,0.0,0.0,0.0,0.0,0.0,0.0,0.0,0
AB42 0,0.0,0.0,0.0,0.0,0.0,0.0,0.0,0.0,0.0,0.0,0
AB42 1,0.0,0.0,0.0,0.0,0.0,0.0,0.0,0.0,0.0,0.0,0
AB42 2,0.0,0.0,0.0,0.0,0.0,0.0,0.0,0.0,0.0,0.0,0
AB42 3,0.0,0.0,0.0,0.0,0.0,0.0,0.0,0.0,0.0,0.0,0
AB42 4,0.0,0.0,0.0,0.0,0.0,0.0,0.0,0.0,0.0,0.0,0
AB42 5,0.0,0.0,0.0,0.0,0.0,0.0,0.0,0.0,0.0,0.0,0
AB42 9,0.0,0.0,0.0,0.0,0.0,0.0,0.0,0.0,0.0,0.0,0
AB43 6,0.0,0.0,0.0,0.0,0.0,0.0,0.0,0.0,0.0,0.0,0
AB43 7,0.0,0.0,0.0,0.0,0.0,0.0,0.0,0.0,0.0,0.0,0
AB43 8,0.0,0.0,0.0,0.0,0.0,0.0,0.0,0.0,0.0,0.0,0
AB43 9,0.0,0.0,0.0,0.0,0.0,0.0,0.0,0.0,0.0,0.0,0
AB44 1,0.0,0.0,0.0,0.0,0.0,0.0,0.0,0.0,0.0,0.0,0
AB45 1,0.0,0.0,0.0,0.0,0.0,0.0,0.0,0.0,0.0,0.0,0
AB45 2,0.0,0.0,0.0,0.0,0.0,0.0,0.0,0.0,0.0,0.0,0
AB45 3,0.0,0.0,0.0,0.0,0.0,0.0,0.0,0.0,0.0,0.0,0
AB51 0,0.0,0.0,0.0,0.0,0.0,0.0,0.0,0.0,0.0,0.0,0
AB51 1,0.0,0.0,0.0,0.0,0.0,0.0,0.0,0.0,0.0,0.0,0
AB51 3,0.0,0.0,0.0,0.0,0.0,0.0,0.0,0.0,0.0,0.0,0
AB51 4,0.0,0.0,0.0,0.0,0.0,0.0,0.0,0.0,0.0,0.0,0
AB51 5,0.0,0.0,0.0,0.0,0.0,0.0,0.0,0.0,0.0,0.0,0
AB51 6,0.0,0.0,0.0,0.0,0.0,0.0,0.0,0.0,0.0,0.0,0
AB51 7,0.0,0.0,0.0,0.0,0.0,0.0,0.0,0.0,0.0,0.0,0
AB51 8,0.0,0.0,0.0,0.0,0.0,0.0,0.0,0.0,0.0,0.0,0
AB52 6,0.0,0.0,0.0,0.0,0.0,0.0,0.0,0.0,0.0,0.0,0
AB53 4,0.0,0.0,0.0,0.0,0.0,0.0,0.0,0.0,0.0,0.0,0
AB53 5,0.0,0.0,0.0,0.0,0.0,0.0,0.0,0.0,0.0,0.0,0
AB53 6,0.0,0.0,0.0,0.0,0.0,0.0,0.0,0.0,0.0,0.0,0
AB53 8,0.0,0.0,0.0,0.0,0.0,0.0,0.0,0.0,0.0,0.0,0
AB54 4,0.0,0.0,0.0,0.0,0.0,0.0,0.0,0.0,0.0,0.0,0
AB54 6,0.0,0.0,0.0,0.0,0.0,0.0,0.0,0.0,0.0,0.0,0
AB54 7,0.0,0.0,0.0,0.0,0.0,0.0,0.0,0.0,0.0,0.0,0
AB54 8,0.0,0.0,0.0,0.0,0.0,0.0,0.0,0.0,0.0,0.0,0
AB54 9,0.0,0.0,0.0,0.0,0.0,0.0,0.0,0.0,0.0,0.0,0
AB55 4,0.0,0.0,0.0,0.0,0.0,0.0,0.0,0.0,0.0,0.0,0
AB55 5,0.0,0.0,0.0,0.0,0.0,0.0,0.0,0.0,0.0,0.0,0
AB55 6,0.0,0.0,0.0,0.0,0.0,0.0,0.0,0.0,0.0,0.0,0
AB56 1,0.0,0.0,0.0,0.0,0.0,0.0,0.0,0.0,0.0,0.0,0
AB56 4,0.0,0.0,0.0,0.0,0.0,0.0,0.0,0.0,0.0,0.0,0
AB56 5,0.0,0.0,0.0,0.0,0.0,0.0,0.0,0.0,0.0,0.0,0
AB56 9,0.0,0.0,0.0,0.0,0.0,0.0,0.0,0.0,0.0,0.0,0
AL1 1,0.0,0.0,0.0,0.0,0.0,0.0,0.0,0.0,0.0,0.0,0
AL1 2,0.0,0.0,0.0,0.0,0.0,0.0,0.0,0.0,0.0,0.0,0
AL1 3,0.0,0.0,0.0,0.0,0.0,0.0,0.0,0.0,0.0,0.0,0
AL1 4,0.0,0.0,0.0,0.0,0.0,0.0,0.0,0.0,0.0,0.0,0
AL1 5,0.0,0.0,0.0,0.0,0.0,0.0,0.0,0.0,0.0,0.0,0
AL1 9,0.0,0.0,0.0,0.0,0.0,0.0,0.0,0.0,0.0,0.0,0
AL10 0,0.0,0.0,0.0,0.0,0.0,0.0,0.0,0.0,0.0,0.0,0
AL10 1,0.0,0.0,0.0,0.0,0.0,0.0,0.0,0.0,0.0,0.0,0
AL10 8,0.0,0.0,0.0,0.0,0.0,0.0,0.0,0.0,0.0,0.0,0
AL10 9,0.0,0.0,0.0,0.0,0.0,0.0,0.0,0.0,0.0,0.0,0
AL2 1,0.0,0.0,0.0,0.0,0.0,0.0,0.0,0.0,0.0,0.0,0
AL2 2,0.0,0.0,0.0,0.0,0.0,0.0,0.0,0.0,0.0,0.0,0
AL2 3,0.0,0.0,0.0,0.0,0.0,0.0,0.0,0.0,0.0,0.0,0
AL3 4,0.0,0.0,0.0,0.0,0.0,0.0,0.0,0.0,0.0,0.0,0
AL3 5,0.0,0.0,0.0,0.0,0.0,0.0,0.0,0.0,0.0,0.0,0
AL3 6,0.0,0.0,0.0,0.0,0.0,0.0,0.0,0.0,0.0,0.0,0
AL3 7,0.0,0.0,0.0,0.0,0.0,0.0,0.0,0.0,0.0,0.0,0
AL3 8,0.0,0.0,0.0,0.0,0.0,0.0,0.0,0.0,0.0,0.0,0
AL4 0,0.0,0.0,0.0,0.0,0.0,0.0,0.0,0.0,0.0,0.0,0
AL4 8,0.0,0.0,0.0,0.0,0.0,0.0,0.0,0.0,0.0,0.0,0
AL4 9,0.0,0.0,0.0,0.0,0.0,0.0,0.0,0.0,0.0,0.0,0
AL5 1,0.0,0.0,0.0,0.0,0.0,0.0,0.0,0.0,0.0,0.0,0
AL5 2,0.0,0.0,0.0,0.0,0.0,0.0,0.0,0.0,0.0,0.0,0
AL5 3,0.0,0.0,0.0,0.0,0.0,0.0,0.0,0.0,0.0,0.0,0
AL5 4,0.0,0.0,0.0,0.0,0.0,0.0,0.0,0.0,0.0,0.0,0
AL5 5,0.0,0.0,0.0,0.0,0.0,0.0,0.0,0.0,0.0,0.0,0
AL6 0,0.0,0.0,0.0,0.0,0.0,0.0,0.0,0.0,0.0,0.0,0
AL6 9,0.0,0.0,0.0,0.0,0.0,0.0,0.0,0.0,0.0,0.0,0
AL7 1,0.0,0.0,0.0,0.0,0.0,0.0,0.0,0.0,0.0,0.0,0
AL7 2,0.0,0.0,0.0,0.0,0.0,0.0,0.0,0.0,0.0,0.0,0
AL7 3,0.0,0.0,0.0,0.0,0.0,0.0,0.0,0.0,0.0,0.0,0
AL7 4,0.0,0.0,0.0,0.0,0.0,0.0,0.0,0.0,0.0,0.0,0
AL7 9,0.0,0.0,0.0,0.0,0.0,0.0,0.0,0.0,0.0,0.0,0
AL8 6,0.0,0.0,0.0,0.0,0.0,0.0,0.0,0.0,0.0,0.0,0
AL8 7,0.0,0.0,0.0,0.0,0.0,0.0,0.0,0.0,0.0,0.0,0
AL9 5,0.0,0.0,0.0,0.0,0.0,0.0,0.0,0.0,0.0,0.0,0
AL9 6,0.0,0.0,0.0,0.0,0.0,0.0,0.0,0.0,0.0,0.0,0
AL9 7,0.0,0.0,0.0,0.0,0.0,0.0,0.0,0.0,0.0,0.0,0
B1 1,0.0,0.0,0.0,0.0,0.0,0.0,0.0,0.0,0.0,0.0,0
B1 2,0.0,0.0,0.0,0.0,0.0,0.0,0.0,0.0,0.0,0.0,0
B1 3,0.0,0.0,0.0,0.0,0.0,0.0,0.0,0.0,0.0,0.0,0
B10 0,0.0,0.0,0.0,0.0,0.0,0.0,0.0,0.0,0.0,0.0,0
B10 9,0.0,0.0,0.0,0.0,0.0,0.0,0.0,0.0,0.0,0.0,0
B11 1,0.0,0.0,0.0,0.0,0.0,0.0,0.0,0.0,0.0,0.0,0
B11 2,0.0,0.0,0.0,0.0,0.0,0.0,0.0,0.0,0.0,0.0,0
B11 3,0.0,0.0,0.0,0.0,0.0,0.0,0.0,0.0,0.0,0.0,0
B11 4,0.0,0.0,0.0,0.0,0.0,0.0,0.0,0.0,0.0,0.0,0
B12 0,0.0,0.0,0.0,0.0,0.0,0.0,0.0,0.0,0.0,0.0,0
B12 8,0.0,0.0,0.0,0.0,0.0,0.0,0.0,0.0,0.0,0.0,0
B12 9,0.0,0.0,0.0,0.0,0.0,0.0,0.0,0.0,0.0,0.0,0
B13 0,0.0,0.0,0.0,0.0,0.0,0.0,0.0,0.0,0.0,0.0,0
B13 3,0.0,0.0,0.0,0.0,0.0,0.0,0.0,0.0,0.0,0.0,0
B13 8,0.0,0.0,0.0,0.0,0.0,0.0,0.0,0.0,0.0,0.0,0
B13 9,0.0,0.0,0.0,0.0,0.0,0.0,0.0,0.0,0.0,0.0,0
B14 4,0.0,0.0,0.0,0.0,0.0,0.0,0.0,0.0,0.0,0.0,0
B14 5,0.0,0.0,0.0,0.0,0.0,0.0,0.0,0.0,0.0,0.0,0
B14 6,0.0,0.0,0.0,0.0,0.0,0.0,0.0,0.0,0.0,0.0,0
B14 7,0.0,0.0,0.0,0.0,0.0,0.0,0.0,0.0,0.0,0.0,0
B15 1,0.0,0.0,0.0,0.0,0.0,0.0,0.0,0.0,0.0,0.0,0
B15 2,0.0,0.0,0.0,0.0,0.0,0.0,0.0,0.0,0.0,0.0,0
B15 3,0.0,0.0,0.0,0.0,0.0,0.0,0.0,0.0,0.0,0.0,0
B16 0,0.0,0.0,0.0,0.0,0.0,0.0,0.0,0.0,0.0,0.0,0
B16 6,0.0,0.0,0.0,0.0,0.0,0.0,0.0,0.0,0.0,0.0,0
B16 8,0.0,0.0,0.0,0.0,0.0,0.0,0.0,0.0,0.0,0.0,0
B16 9,0.0,0.0,0.0,0.0,0.0,0.0,0.0,0.0,0.0,0.0,0
B17 0,0.0,0.0,0.0,0.0,0.0,0.0,0.0,0.0,0.0,0.0,0
B17 8,0.0,0.0,0.0,0.0,0.0,0.0,0.0,0.0,0.0,0.0,0
B17 9,0.0,0.0,0.0,0.0,0.0,0.0,0.0,0.0,0.0,0.0,0
B18 4,0.0,0.0,0.0,0.0,0.0,0.0,0.0,0.0,0.0,0.0,0
B18 5,0.0,0.0,0.0,0.0,0.0,0.0,0.0,0.0,0.0,0.0,0
B18 6,0.0,0.0,0.0,0.0,0.0,0.0,0.0,0.0,0.0,0.0,0
B18 7,0.0,0.0,0.0,0.0,0.0,0.0,0.0,0.0,0.0,0.0,0
B18 9,0.0,0.0,0.0,0.0,0.0,0.0,0.0,0.0,0.0,0.0,0
B19 1,0.0,0.0,0.0,0.0,0.0,0.0,0.0,0.0,0.0,0.0,0
B19 2,0.0,0.0,0.0,0.0,0.0,0.0,0.0,0.0,0.0,0.0,0
B19 3,0.0,0.0,0.0,0.0,0.0,0.0,0.0,0.0,0.0,0.0,0
B2 4,0.0,0.0,0.0,0.0,0.0,0.0,0.0,0.0,0.0,0.0,0
B2 5,0.0,0.0,0.0,0.0,0.0,0.0,0.0,0.0,0.0,0.0,0
B20 1,0.0,0.0,0.0,0.0,0.0,0.0,0.0,0.0,0.0,0.0,0
B20 2,0.0,0.0,0.0,0.0,0.0,0.0,0.0,0.0,0.0,0.0,0
B20 3,0.0,0.0,0.0,0.0,0.0,0.0,0.0,0.0,0.0,0.0,0
B21 0,0.0,0.0,0.0,0.0,0.0,0.0,0.0,0.0,0.0,0.0,0
B21 8,0.0,0.0,0.0,0.0,0.0,0.0,0.0,0.0,0.0,0.0,0
B21 9,0.0,0.0,0.0,0.0,0.0,0.0,0.0,0.0,0.0,0.0,0
B23 3,0.0,0.0,0.0,0.0,0.0,0.0,0.0,0.0,0.0,0.0,0
B23 5,0.0,0.0,0.0,0.0,0.0,0.0,0.0,0.0,0.0,0.0,0
B23 6,0.0,0.0,0.0,0.0,0.0,0.0,0.0,0.0,0.0,0.0,0
B23 7,0.0,0.0,0.0,0.0,0.0,0.0,0.0,0.0,0.0,0.0,0
B24 0,0.0,0.0,0.0,0.0,0.0,0.0,0.0,0.0,0.0,0.0,0
B24 8,0.0,0.0,0.0,0.0,0.0,0.0,0.0,0.0,0.0,0.0,0
B24 9,0.0,0.0,0.0,0.0,0.0,0.0,0.0,0.0,0.0,0.0,0
B25 8,0.0,0.0,0.0,0.0,0.0,0.0,0.0,0.0,0.0,0.0,0
B26 1,0.0,0.0,0.0,0.0,0.0,0.0,0.0,0.0,0.0,0.0,0
B26 2,0.0,0.0,0.0,0.0,0.0,0.0,0.0,0.0,0.0,0.0,0
B26 3,0.0,0.0,0.0,0.0,0.0,0.0,0.0,0.0,0.0,0.0,0
B27 6,0.0,0.0,0.0,0.0,0.0,0.0,0.0,0.0,0.0,0.0,0
B27 7,0.0,0.0,0.0,0.0,0.0,0.0,0.0,0.0,0.0,0.0,0
B28 0,0.0,0.0,0.0,0.0,0.0,0.0,0.0,0.0,0.0,0.0,0
B28 1,0.0,0.0,0.0,0.0,0.0,0.0,0.0,0.0,0.0,0.0,0
B28 8,0.0,0.0,0.0,0.0,0.0,0.0,0.0,0.0,0.0,0.0,0
B28 9,0.0,0.0,0.0,0.0,0.0,0.0,0.0,0.0,0.0,0.0,0
B29 4,0.0,0.0,0.0,0.0,0.0,0.0,0.0,0.0,0.0,0.0,0
B29 5,0.0,0.0,0.0,0.0,0.0,0.0,0.0,0.0,0.0,0.0,0
B29 6,0.0,0.0,0.0,0.0,0.0,0.0,0.0,0.0,0.0,0.0,0
B29 7,0.0,0.0,0.0,0.0,0.0,0.0,0.0,0.0,0.0,0.0,0
B29 9,0.0,0.0,0.0,0.0,0.0,0.0,0.0,0.0,0.0,0.0,0
B3 1,0.0,0.0,0.0,0.0,0.0,0.0,0.0,0.0,0.0,0.0,0
B3 2,0.0,0.0,0.0,0.0,0.0,0.0,0.0,0.0,0.0,0.0,0
B3 3,0.0,0.0,0.0,0.0,0.0,0.0,0.0,0.0,0.0,0.0,0
B30 1,0.0,0.0,0.0,0.0,0.0,0.0,0.0,0.0,0.0,0.0,0
B30 2,0.0,0.0,0.0,0.0,0.0,0.0,0.0,0.0,0.0,0.0,0
B30 3,0.0,0.0,0.0,0.0,0.0,0.0,0.0,0.0,0.0,0.0,0
B30 9,0.0,0.0,0.0,0.0,0.0,0.0,0.0,0.0,0.0,0.0,0
B31 1,0.0,0.0,0.0,0.0,0.0,0.0,0.0,0.0,0.0,0.0,0
B31 2,0.0,0.0,0.0,0.0,0.0,0.0,0.0,0.0,0.0,0.0,0
B31 3,0.0,0.0,0.0,0.0,0.0,0.0,0.0,0.0,0.0,0.0,0
B31 4,0.0,0.0,0.0,0.0,0.0,0.0,0.0,0.0,0.0,0.0,0
B31 5,0.0,0.0,0.0,0.0,0.0,0.0,0.0,0.0,0.0,0.0,0
B31 9,0.0,0.0,0.0,0.0,0.0,0.0,0.0,0.0,0.0,0.0,0
B32 1,0.0,0.0,0.0,0.0,0.0,0.0,0.0,0.0,0.0,0.0,0
B32 2,0.0,0.0,0.0,0.0,0.0,0.0,0.0,0.0,0.0,0.0,0
B32 3,0.0,0.0,0.0,0.0,0.0,0.0,0.0,0.0,0.0,0.0,0
B32 4,0.0,0.0,0.0,0.0,0.0,0.0,0.0,0.0,0.0,0.0,0
B32 9,0.0,0.0,0.0,0.0,0.0,0.0,0.0,0.0,0.0,0.0,0
B33 0,0.0,0.0,0.0,0.0,0.0,0.0,0.0,0.0,0.0,0.0,0
B33 3,0.0,0.0,0.0,0.0,0.0,0.0,0.0,0.0,0.0,0.0,0
B33 8,0.0,0.0,0.0,0.0,0.0,0.0,0.0,0.0,0.0,0.0,0
B33 9,0.0,0.0,0.0,0.0,0.0,0.0,0.0,0.0,0.0,0.0,0
B34 6,0.0,0.0,0.0,0.0,0.0,0.0,0.0,0.0,0.0,0.0,0
B34 7,0.0,0.0,0.0,0.0,0.0,0.0,0.0,0.0,0.0,0.0,0
B35 6,0.0,0.0,0.0,0.0,0.0,0.0,0.0,0.0,0.0,0.0,0
B35 7,0.0,0.0,0.0,0.0,0.0,0.0,0.0,0.0,0.0,0.0,0
B35 9,0.0,0.0,0.0,0.0,0.0,0.0,0.0,0.0,0.0,0.0,0
B36 0,0.0,0.0,0.0,0.0,0.0,0.0,0.0,0.0,0.0,0.0,0
B36 8,0.0,0.0,0.0,0.0,0.0,0.0,0.0,0.0,0.0,0.0,0
B36 9,0.0,0.0,0.0,0.0,0.0,0.0,0.0,0.0,0.0,0.0,0
B37 5,0.0,0.0,0.0,0.0,0.0,0.0,0.0,0.0,0.0,0.0,0
B37 6,0.0,0.0,0.0,0.0,0.0,0.0,0.0,0.0,0.0,0.0,0
B37 7,0.0,0.0,0.0,0.0,0.0,0.0,0.0,0.0,0.0,0.0,0
B37 9,0.0,0.0,0.0,0.0,0.0,0.0,0.0,0.0,0.0,0.0,0
B38 0,0.0,0.0,0.0,0.0,0.0,0.0,0.0,0.0,0.0,0.0,0
B38 8,0.0,0.0,0.0,0.0,0.0,0.0,0.0,0.0,0.0,0.0,0
B38 9,0.0,0.0,0.0,0.0,0.0,0.0,0.0,0.0,0.0,0.0,0
B4 6,0.0,0.0,0.0,0.0,0.0,0.0,0.0,0.0,0.0,0.0,0
B4 7,0.0,0.0,0.0,0.0,0.0,0.0,0.0,0.0,0.0,0.0,0
B40 1,0.0,0.0,0.0,0.0,0.0,0.0,0.0,0.0,0.0,0.0,0
B42 1,0.0,0.0,0.0,0.0,0.0,0.0,0.0,0.0,0.0,0.0,0
B42 2,0.0,0.0,0.0,0.0,0.0,0.0,0.0,0.0,0.0,0.0,0
B43 5,0.0,0.0,0.0,0.0,0.0,0.0,0.0,0.0,0.0,0.0,0
B43 6,0.0,0.0,0.0,0.0,0.0,0.0,0.0,0.0,0.0,0.0,0
B43 7,0.0,0.0,0.0,0.0,0.0,0.0,0.0,0.0,0.0,0.0,0
B44 0,0.0,0.0,0.0,0.0,0.0,0.0,0.0,0.0,0.0,0.0,0
B44 8,0.0,0.0,0.0,0.0,0.0,0.0,0.0,0.0,0.0,0.0,0
B44 9,0.0,0.0,0.0,0.0,0.0,0.0,0.0,0.0,0.0,0.0,0
B45 0,0.0,0.0,0.0,0.0,0.0,0.0,0.0,0.0,0.0,0.0,0
B45 5,0.0,0.0,0.0,0.0,0.0,0.0,0.0,0.0,0.0,0.0,0
B45 8,0.0,0.0,0.0,0.0,0.0,0.0,0.0,0.0,0.0,0.0,0
B45 9,0.0,0.0,0.0,0.0,0.0,0.0,0.0,0.0,0.0,0.0,0
B46 1,0.0,0.0,0.0,0.0,0.0,0.0,0.0,0.0,0.0,0.0,0
B46 2,0.0,0.0,0.0,0.0,0.0,0.0,0.0,0.0,0.0,0.0,0
B46 3,0.0,0.0,0.0,0.0,0.0,0.0,0.0,0.0,0.0,0.0,0
B46 9,0.0,0.0,0.0,0.0,0.0,0.0,0.0,0.0,0.0,0.0,0
B47 5,0.0,0.0,0.0,0.0,0.0,0.0,0.0,0.0,0.0,0.0,0
B47 6,0.0,0.0,0.0,0.0,0.0,0.0,0.0,0.0,0.0,0.0,0
B48 7,0.0,0.0,0.0,0.0,0.0,0.0,0.0,0.0,0.0,0.0,0
B49 5,0.0,0.0,0.0,0.0,0.0,0.0,0.0,0.0,0.0,0.0,0
B49 6,0.0,0.0,0.0,0.0,0.0,0.0,0.0,0.0,0.0,0.0,0
B49 9,0.0,0.0,0.0,0.0,0.0,0.0,0.0,0.0,0.0,0.0,0
B5 4,0.0,0.0,0.0,0.0,0.0,0.0,0.0,0.0,0.0,0.0,0
B5 5,0.0,0.0,0.0,0.0,0.0,0.0,0.0,0.0,0.0,0.0,0
B5 6,0.0,0.0,0.0,0.0,0.0,0.0,0.0,0.0,0.0,0.0,0
B5 7,0.0,0.0,0.0,0.0,0.0,0.0,0.0,0.0,0.0,0.0,0
B50 4,0.0,0.0,0.0,0.0,0.0,0.0,0.0,0.0,0.0,0.0,0
B6 4,0.0,0.0,0.0,0.0,0.0,0.0,0.0,0.0,0.0,0.0,0
B6 5,0.0,0.0,0.0,0.0,0.0,0.0,0.0,0.0,0.0,0.0,0
B6 6,0.0,0.0,0.0,0.0,0.0,0.0,0.0,0.0,0.0,0.0,0
B6 7,0.0,0.0,0.0,0.0,0.0,0.0,0.0,0.0,0.0,0.0,0
B6 9,0.0,0.0,0.0,0.0,0.0,0.0,0.0,0.0,0.0,0.0,0
B60 1,0.0,0.0,0.0,0.0,0.0,0.0,0.0,0.0,0.0,0.0,0
B60 2,0.0,0.0,0.0,0.0,0.0,0.0,0.0,0.0,0.0,0.0,0
B60 3,0.0,0.0,0.0,0.0,0.0,0.0,0.0,0.0,0.0,0.0,0
B60 4,0.0,0.0,0.0,0.0,0.0,0.0,0.0,0.0,0.0,0.0,0
B60 9,0.0,0.0,0.0,0.0,0.0,0.0,0.0,0.0,0.0,0.0,0
B61 0,0.0,0.0,0.0,0.0,0.0,0.0,0.0,0.0,0.0,0.0,0
B61 7,0.0,0.0,0.0,0.0,0.0,0.0,0.0,0.0,0.0,0.0,0
B61 8,0.0,0.0,0.0,0.0,0.0,0.0,0.0,0.0,0.0,0.0,0
B61 9,0.0,0.0,0.0,0.0,0.0,0.0,0.0,0.0,0.0,0.0,0
B62 0,0.0,0.0,0.0,0.0,0.0,0.0,0.0,0.0,0.0,0.0,0
B62 2,0.0,0.0,0.0,0.0,0.0,0.0,0.0,0.0,0.0,0.0,0
B62 8,0.0,0.0,0.0,0.0,0.0,0.0,0.0,0.0,0.0,0.0,0
B62 9,0.0,0.0,0.0,0.0,0.0,0.0,0.0,0.0,0.0,0.0,0
B63 1,0.0,0.0,0.0,0.0,0.0,0.0,0.0,0.0,0.0,0.0,0
B63 2,0.0,0.0,0.0,0.0,0.0,0.0,0.0,0.0,0.0,0.0,0
B63 3,0.0,0.0,0.0,0.0,0.0,0.0,0.0,0.0,0.0,0.0,0
B63 4,0.0,0.0,0.0,0.0,0.0,0.0,0.0,0.0,0.0,0.0,0
B64 5,0.0,0.0,0.0,0.0,0.0,0.0,0.0,0.0,0.0,0.0,0
B64 6,0.0,0.0,0.0,0.0,0.0,0.0,0.0,0.0,0.0,0.0,0
B64 7,0.0,0.0,0.0,0.0,0.0,0.0,0.0,0.0,0.0,0.0,0
B65 0,0.0,0.0,0.0,0.0,0.0,0.0,0.0,0.0,0.0,0.0,0
B65 8,0.0,0.0,0.0,0.0,0.0,0.0,0.0,0.0,0.0,0.0,0
B65 9,0.0,0.0,0.0,0.0,0.0,0.0,0.0,0.0,0.0,0.0,0
B66 1,0.0,0.0,0.0,0.0,0.0,0.0,0.0,0.0,0.0,0.0,0
B66 2,0.0,0.0,0.0,0.0,0.0,0.0,0.0,0.0,0.0,0.0,0
B66 3,0.0,0.0,0.0,0.0,0.0,0.0,0.0,0.0,0.0,0.0,0
B66 4,0.0,0.0,0.0,0.0,0.0,0.0,0.0,0.0,0.0,0.0,0
B67 5,0.0,0.0,0.0,0.0,0.0,0.0,0.0,0.0,0.0,0.0,0
B67 6,0.0,0.0,0.0,0.0,0.0,0.0,0.0,0.0,0.0,0.0,0
B67 7,0.0,0.0,0.0,0.0,0.0,0.0,0.0,0.0,0.0,0.0,0
B67 9,0.0,0.0,0.0,0.0,0.0,0.0,0.0,0.0,0.0,0.0,0
B68 0,0.0,0.0,0.0,0.0,0.0,0.0,0.0,0.0,0.0,0.0,0
B68 8,0.0,0.0,0.0,0.0,0.0,0.0,0.0,0.0,0.0,0.0,0
B68 9,0.0,0.0,0.0,0.0,0.0,0.0,0.0,0.0,0.0,0.0,0
B69 1,0.0,0.0,0.0,0.0,0.0,0.0,0.0,0.0,0.0,0.0,0
B69 2,0.0,0.0,0.0,0.0,0.0,0.0,0.0,0.0,0.0,0.0,0
B69 3,0.0,0.0,0.0,0.0,0.0,0.0,0.0,0.0,0.0,0.0,0
B69 4,0.0,0.0,0.0,0.0,0.0,0.0,0.0,0.0,0.0,0.0,0
B69 9,0.0,0.0,0.0,0.0,0.0,0.0,0.0,0.0,0.0,0.0,0
B7 4,0.0,0.0,0.0,0.0,0.0,0.0,0.0,0.0,0.0,0.0,0
B7 5,0.0,0.0,0.0,0.0,0.0,0.0,0.0,0.0,0.0,0.0,0
B70 0,0.0,0.0,0.0,0.0,0.0,0.0,0.0,0.0,0.0,0.0,0
B70 1,0.0,0.0,0.0,0.0,0.0,0.0,0.0,0.0,0.0,0.0,0
B70 6,0.0,0.0,0.0,0.0,0.0,0.0,0.0,0.0,0.0,0.0,0
B70 7,0.0,0.0,0.0,0.0,0.0,0.0,0.0,0.0,0.0,0.0,0
B70 8,0.0,0.0,0.0,0.0,0.0,0.0,0.0,0.0,0.0,0.0,0
B70 9,0.0,0.0,0.0,0.0,0.0,0.0,0.0,0.0,0.0,0.0,0
B71 1,0.0,0.0,0.0,0.0,0.0,0.0,0.0,0.0,0.0,0.0,0
B71 2,0.0,0.0,0.0,0.0,0.0,0.0,0.0,0.0,0.0,0.0,0
B71 3,0.0,0.0,0.0,0.0,0.0,0.0,0.0,0.0,0.0,0.0,0
B71 4,0.0,0.0,0.0,0.0,0.0,0.0,0.0,0.0,0.0,0.0,0
B72 1,0.0,0.0,0.0,0.0,0.0,0.0,0.0,0.0,0.0,0.0,0
B73 5,0.0,0.0,0.0,0.0,0.0,0.0,0.0,0.0,0.0,0.0,0
B73 6,0.0,0.0,0.0,0.0,0.0,0.0,0.0,0.0,0.0,0.0,0
B73 9,0.0,0.0,0.0,0.0,0.0,0.0,0.0,0.0,0.0,0.0,0
B74 2,0.0,0.0,0.0,0.0,0.0,0.0,0.0,0.0,0.0,0.0,0
B74 3,0.0,0.0,0.0,0.0,0.0,0.0,0.0,0.0,0.0,0.0,0
B74 4,0.0,0.0,0.0,0.0,0.0,0.0,0.0,0.0,0.0,0.0,0
B75 5,0.0,0.0,0.0,0.0,0.0,0.0,0.0,0.0,0.0,0.0,0
B75 6,0.0,0.0,0.0,0.0,0.0,0.0,0.0,0.0,0.0,0.0,0
B75 7,0.0,0.0,0.0,0.0,0.0,0.0,0.0,0.0,0.0,0.0,0
B76 0,0.0,0.0,0.0,0.0,0.0,0.0,0.0,0.0,0.0,0.0,0
B76 1,0.0,0.0,0.0,0.0,0.0,0.0,0.0,0.0,0.0,0.0,0
B76 2,0.0,0.0,0.0,0.0,0.0,0.0,0.0,0.0,0.0,0.0,0
B76 9,0.0,0.0,0.0,0.0,0.0,0.0,0.0,0.0,0.0,0.0,0
B77 1,0.0,0.0,0.0,0.0,0.0,0.0,0.0,0.0,0.0,0.0,0
B77 2,0.0,0.0,0.0,0.0,0.0,0.0,0.0,0.0,0.0,0.0,0
B77 3,0.0,0.0,0.0,0.0,0.0,0.0,0.0,0.0,0.0,0.0,0
B77 4,0.0,0.0,0.0,0.0,0.0,0.0,0.0,0.0,0.0,0.0,0
B77 5,0.0,0.0,0.0,0.0,0.0,0.0,0.0,0.0,0.0,0.0,0
B77 9,0.0,0.0,0.0,0.0,0.0,0.0,0.0,0.0,0.0,0.0,0
B78 1,0.0,0.0,0.0,0.0,0.0,0.0,0.0,0.0,0.0,0.0,0
B78 2,0.0,0.0,0.0,0.0,0.0,0.0,0.0,0.0,0.0,0.0,0
B78 3,0.0,0.0,0.0,0.0,0.0,0.0,0.0,0.0,0.0,0.0,0
B79 0,0.0,0.0,0.0,0.0,0.0,0.0,0.0,0.0,0.0,0.0,0
B79 7,0.0,0.0,0.0,0.0,0.0,0.0,0.0,0.0,0.0,0.0,0
B79 8,0.0,0.0,0.0,0.0,0.0,0.0,0.0,0.0,0.0,0.0,0
B79 9,0.0,0.0,0.0,0.0,0.0,0.0,0.0,0.0,0.0,0.0,0
B8 1,0.0,0.0,0.0,0.0,0.0,0.0,0.0,0.0,0.0,0.0,0
B8 2,0.0,0.0,0.0,0.0,0.0,0.0,0.0,0.0,0.0,0.0,0
B8 3,0.0,0.0,0.0,0.0,0.0,0.0,0.0,0.0,0.0,0.0,0
B80 7,0.0,0.0,0.0,0.0,0.0,0.0,0.0,0.0,0.0,0.0,0
B9 4,0.0,0.0,0.0,0.0,0.0,0.0,0.0,0.0,0.0,0.0,0
B9 5,0.0,0.0,0.0,0.0,0.0,0.0,0.0,0.0,0.0,0.0,0
B9 9,0.0,0.0,0.0,0.0,0.0,0.0,0.0,0.0,0.0,0.0,0
B90 1,0.0,0.0,0.0,0.0,0.0,0.0,0.0,0.0,0.0,0.0,0
B90 2,0.0,0.0,0.0,0.0,0.0,0.0,0.0,0.0,0.0,0.0,0
B90 3,0.0,0.0,0.0,0.0,0.0,0.0,0.0,0.0,0.0,0.0,0
B90 4,0.0,0.0,0.0,0.0,0.0,0.0,0.0,0.0,0.0,0.0,0
B90 8,0.0,0.0,0.0,0.0,0.0,0.0,0.0,0.0,0.0,0.0,0
B90 9,0.0,0.0,0.0,0.0,0.0,0.0,0.0,0.0,0.0,0.0,0
B91 1,0.0,0.0,0.0,0.0,0.0,0.0,0.0,0.0,0.0,0.0,0
B91 2,0.0,0.0,0.0,0.0,0.0,0.0,0.0,0.0,0.0,0.0,0
B91 3,0.0,0.0,0.0,0.0,0.0,0.0,0.0,0.0,0.0,0.0,0
B91 9,0.0,0.0,0.0,0.0,0.0,0.0,0.0,0.0,0.0,0.0,0
B92 0,0.0,0.0,0.0,0.0,0.0,0.0,0.0,0.0,0.0,0.0,0
B92 7,0.0,0.0,0.0,0.0,0.0,0.0,0.0,0.0,0.0,0.0,0
B92 8,0.0,0.0,0.0,0.0,0.0,0.0,0.0,0.0,0.0,0.0,0
B92 9,0.0,0.0,0.0,0.0,0.0,0.0,0.0,0.0,0.0,0.0,0
B93 0,0.0,0.0,0.0,0.0,0.0,0.0,0.0,0.0,0.0,0.0,0
B93 3,0.0,0.0,0.0,0.0,0.0,0.0,0.0,0.0,0.0,0.0,0
B93 8,0.0,0.0,0.0,0.0,0.0,0.0,0.0,0.0,0.0,0.0,0
B93 9,0.0,0.0,0.0,0.0,0.0,0.0,0.0,0.0,0.0,0.0,0
B94 5,0.0,0.0,0.0,0.0,0.0,0.0,0.0,0.0,0.0,0.0,0
B94 6,0.0,0.0,0.0,0.0,0.0,0.0,0.0,0.0,0.0,0.0,0
B95 5,0.0,0.0,0.0,0.0,0.0,0.0,0.0,0.0,0.0,0.0,0
B95 6,0.0,0.0,0.0,0.0,0.0,0.0,0.0,0.0,0.0,0.0,0
B95 8,0.0,0.0,0.0,0.0,0.0,0.0,0.0,0.0,0.0,0.0,0
B96 6,0.0,0.0,0.0,0.0,0.0,0.0,0.0,0.0,0.0,0.0,0
B97 4,0.0,0.0,0.0,0.0,0.0,0.0,0.0,0.0,0.0,0.0,0
B97 5,0.0,0.0,0.0,0.0,0.0,0.0,0.0,0.0,0.0,0.0,0
B97 6,0.0,0.0,0.0,0.0,0.0,0.0,0.0,0.0,0.0,0.0,0
B97 9,0.0,0.0,0.0,0.0,0.0,0.0,0.0,0.0,0.0,0.0,0
B98 0,0.0,0.0,0.0,0.0,0.0,0.0,0.0,0.0,0.0,0.0,0
B98 7,0.0,0.0,0.0,0.0,0.0,0.0,0.0,0.0,0.0,0.0,0
B98 8,0.0,0.0,0.0,0.0,0.0,0.0,0.0,0.0,0.0,0.0,0
B98 9,0.0,0.0,0.0,0.0,0.0,0.0,0.0,0.0,0.0,0.0,0
BA1 0,0.0,0.0,0.0,0.0,0.0,0.0,0.0,0.0,0.0,0.0,0
BA1 1,0.0,0.0,0.0,0.0,0.0,0.0,0.0,0.0,0.0,0.0,0
BA1 2,0.0,0.0,0.0,0.0,0.0,0.0,0.0,0.0,0.0,0.0,0
BA1 3,0.0,0.0,0.0,0.0,0.0,0.0,0.0,0.0,0.0,0.0,0
BA1 4,0.0,0.0,0.0,0.0,0.0,0.0,0.0,0.0,0.0,0.0,0
BA1 5,0.0,0.0,0.0,0.0,0.0,0.0,0.0,0.0,0.0,0.0,0
BA1 6,0.0,0.0,0.0,0.0,0.0,0.0,0.0,0.0,0.0,0.0,0
BA1 7,0.0,0.0,0.0,0.0,0.0,0.0,0.0,0.0,0.0,0.0,0
BA1 8,0.0,0.0,0.0,0.0,0.0,0.0,0.0,0.0,0.0,0.0,0
BA1 9,0.0,0.0,0.0,0.0,0.0,0.0,0.0,0.0,0.0,0.0,0
BA10 0,0.0,0.0,0.0,0.0,0.0,0.0,0.0,0.0,0.0,0.0,0
BA11 1,0.0,0.0,0.0,0.0,0.0,0.0,0.0,0.0,0.0,0.0,0
BA11 2,0.0,0.0,0.0,0.0,0.0,0.0,0.0,0.0,0.0,0.0,0
BA11 3,0.0,0.0,0.0,0.0,0.0,0.0,0.0,0.0,0.0,0.0,0
BA11 4,0.0,0.0,0.0,0.0,0.0,0.0,0.0,0.0,0.0,0.0,0
BA11 5,0.0,0.0,0.0,0.0,0.0,0.0,0.0,0.0,0.0,0.0,0
BA11 6,0.0,0.0,0.0,0.0,0.0,0.0,0.0,0.0,0.0,0.0,0
BA11 9,0.0,0.0,0.0,0.0,0.0,0.0,0.0,0.0,0.0,0.0,0
BA12 0,0.0,0.0,0.0,0.0,0.0,0.0,0.0,0.0,0.0,0.0,0
BA12 2,0.0,0.0,0.0,0.0,0.0,0.0,0.0,0.0,0.0,0.0,0
BA12 6,0.0,0.0,0.0,0.0,0.0,0.0,0.0,0.0,0.0,0.0,0
BA12 7,0.0,0.0,0.0,0.0,0.0,0.0,0.0,0.0,0.0,0.0,0
BA12 8,0.0,0.0,0.0,0.0,0.0,0.0,0.0,0.0,0.0,0.0,0
BA12 9,0.0,0.0,0.0,0.0,0.0,0.0,0.0,0.0,0.0,0.0,0
BA13 2,0.0,0.0,0.0,0.0,0.0,0.0,0.0,0.0,0.0,0.0,0
BA13 3,0.0,0.0,0.0,0.0,0.0,0.0,0.0,0.0,0.0,0.0,0
BA13 4,0.0,0.0,0.0,0.0,0.0,0.0,0.0,0.0,0.0,0.0,0
BA13 9,0.0,0.0,0.0,0.0,0.0,0.0,0.0,0.0,0.0,0.0,0
BA14 0,0.0,0.0,0.0,0.0,0.0,0.0,0.0,0.0,0.0,0.0,0
BA14 4,0.0,0.0,0.0,0.0,0.0,0.0,0.0,0.0,0.0,0.0,0
BA14 6,0.0,0.0,0.0,0.0,0.0,0.0,0.0,0.0,0.0,0.0,0
BA14 7,0.0,0.0,0.0,0.0,0.0,0.0,0.0,0.0,0.0,0.0,0
BA14 8,0.0,0.0,0.0,0.0,0.0,0.0,0.0,0.0,0.0,0.0,0
BA14 9,0.0,0.0,0.0,0.0,0.0,0.0,0.0,0.0,0.0,0.0,0
BA15 1,0.0,0.0,0.0,0.0,0.0,0.0,0.0,0.0,0.0,0.0,0
BA15 2,0.0,0.0,0.0,0.0,0.0,0.0,0.0,0.0,0.0,0.0,0
BA15 5,0.0,0.0,0.0,0.0,0.0,0.0,0.0,0.0,0.0,0.0,0
BA16 0,0.0,0.0,0.0,0.0,0.0,0.0,0.0,0.0,0.0,0.0,0
BA16 9,0.0,0.0,0.0,0.0,0.0,0.0,0.0,0.0,0.0,0.0,0
BA2 0,0.0,0.0,0.0,0.0,0.0,0.0,0.0,0.0,0.0,0.0,0
BA2 1,0.0,0.0,0.0,0.0,0.0,0.0,0.0,0.0,0.0,0.0,0
BA2 2,0.0,0.0,0.0,0.0,0.0,0.0,0.0,0.0,0.0,0.0,0
BA2 3,0.0,0.0,0.0,0.0,0.0,0.0,0.0,0.0,0.0,0.0,0
BA2 4,0.0,0.0,0.0,0.0,0.0,0.0,0.0,0.0,0.0,0.0,0
BA2 5,0.0,0.0,0.0,0.0,0.0,0.0,0.0,0.0,0.0,0.0,0
BA2 6,0.0,0.0,0.0,0.0,0.0,0.0,0.0,0.0,0.0,0.0,0
BA2 7,0.0,0.0,0.0,0.0,0.0,0.0,0.0,0.0,0.0,0.0,0
BA2 8,0.0,0.0,0.0,0.0,0.0,0.0,0.0,0.0,0.0,0.0,0
BA2 9,0.0,0.0,0.0,0.0,0.0,0.0,0.0,0.0,0.0,0.0,0
BA20 1,0.0,0.0,0.0,0.0,0.0,0.0,0.0,0.0,0.0,0.0,0
BA20 2,0.0,0.0,0.0,0.0,0.0,0.0,0.0,0.0,0.0,0.0,0
BA20 9,0.0,0.0,0.0,0.0,0.0,0.0,0.0,0.0,0.0,0.0,0
BA21 3,0.0,0.0,0.0,0.0,0.0,0.0,0.0,0.0,0.0,0.0,0
BA21 4,0.0,0.0,0.0,0.0,0.0,0.0,0.0,0.0,0.0,0.0,0
BA21 5,0.0,0.0,0.0,0.0,0.0,0.0,0.0,0.0,0.0,0.0,0
BA22 7,0.0,0.0,0.0,0.0,0.0,0.0,0.0,0.0,0.0,0.0,0
BA22 8,0.0,0.0,0.0,0.0,0.0,0.0,0.0,0.0,0.0,0.0,0
BA22 9,0.0,0.0,0.0,0.0,0.0,0.0,0.0,0.0,0.0,0.0,0
BA3 2,0.0,0.0,0.0,0.0,0.0,0.0,0.0,0.0,0.0,0.0,0
BA3 3,0.0,0.0,0.0,0.0,0.0,0.0,0.0,0.0,0.0,0.0,0
BA3 4,0.0,0.0,0.0,0.0,0.0,0.0,0.0,0.0,0.0,0.0,0
BA3 5,0.0,0.0,0.0,0.0,0.0,0.0,0.0,0.0,0.0,0.0,0
BA3 9,0.0,0.0,0.0,0.0,0.0,0.0,0.0,0.0,0.0,0.0,0
BA4 4,0.0,0.0,0.0,0.0,0.0,0.0,0.0,0.0,0.0,0.0,0
BA4 5,0.0,0.0,0.0,0.0,0.0,0.0,0.0,0.0,0.0,0.0,0
BA4 6,0.0,0.0,0.0,0.0,0.0,0.0,0.0,0.0,0.0,0.0,0
BA4 9,0.0,0.0,0.0,0.0,0.0,0.0,0.0,0.0,0.0,0.0,0
BA5 1,0.0,0.0,0.0,0.0,0.0,0.0,0.0,0.0,0.0,0.0,0
BA5 2,0.0,0.0,0.0,0.0,0.0,0.0,0.0,0.0,0.0,0.0,0
BA5 3,0.0,0.0,0.0,0.0,0.0,0.0,0.0,0.0,0.0,0.0,0
BA5 9,0.0,0.0,0.0,0.0,0.0,0.0,0.0,0.0,0.0,0.0,0
BA6 0,0.0,0.0,0.0,0.0,0.0,0.0,0.0,0.0,0.0,0.0,0
BA6 8,0.0,0.0,0.0,0.0,0.0,0.0,0.0,0.0,0.0,0.0,0
BA6 9,0.0,0.0,0.0,0.0,0.0,0.0,0.0,0.0,0.0,0.0,0
BA7 7,0.0,0.0,0.0,0.0,0.0,0.0,0.0,0.0,0.0,0.0,0
BA8 0,0.0,0.0,0.0,0.0,0.0,0.0,0.0,0.0,0.0,0.0,0
BA9 0,0.0,0.0,0.0,0.0,0.0,0.0,0.0,0.0,0.0,0.0,0
BA9 8,0.0,0.0,0.0,0.0,0.0,0.0,0.0,0.0,0.0,0.0,0
BA9 9,0.0,0.0,0.0,0.0,0.0,0.0,0.0,0.0,0.0,0.0,0
BB1 1,0.0,0.0,0.0,0.0,0.0,0.0,0.0,0.0,0.0,0.0,0
BB1 2,0.0,0.0,0.0,0.0,0.0,0.0,0.0,0.0,0.0,0.0,0
BB1 3,0.0,0.0,0.0,0.0,0.0,0.0,0.0,0.0,0.0,0.0,0
BB1 4,0.0,0.0,0.0,0.0,0.0,0.0,0.0,0.0,0.0,0.0,0
BB1 5,0.0,0.0,0.0,0.0,0.0,0.0,0.0,0.0,0.0,0.0,0
BB1 6,0.0,0.0,0.0,0.0,0.0,0.0,0.0,0.0,0.0,0.0,0
BB1 7,0.0,0.0,0.0,0.0,0.0,0.0,0.0,0.0,0.0,0.0,0
BB1 8,0.0,0.0,0.0,0.0,0.0,0.0,0.0,0.0,0.0,0.0,0
BB1 9,0.0,0.0,0.0,0.0,0.0,0.0,0.0,0.0,0.0,0.0,0
BB10 1,0.0,0.0,0.0,0.0,0.0,0.0,0.0,0.0,0.0,0.0,0
BB10 2,0.0,0.0,0.0,0.0,0.0,0.0,0.0,0.0,0.0,0.0,0
BB10 3,0.0,0.0,0.0,0.0,0.0,0.0,0.0,0.0,0.0,0.0,0
BB10 4,0.0,0.0,0.0,0.0,0.0,0.0,0.0,0.0,0.0,0.0,0
BB11 1,0.0,0.0,0.0,0.0,0.0,0.0,0.0,0.0,0.0,0.0,0
BB11 2,0.0,0.0,0.0,0.0,0.0,0.0,0.0,0.0,0.0,0.0,0
BB11 3,0.0,0.0,0.0,0.0,0.0,0.0,0.0,0.0,0.0,0.0,0
BB11 4,0.0,0.0,0.0,0.0,0.0,0.0,0.0,0.0,0.0,0.0,0
BB11 5,0.0,0.0,0.0,0.0,0.0,0.0,0.0,0.0,0.0,0.0,0
BB11 9,0.0,0.0,0.0,0.0,0.0,0.0,0.0,0.0,0.0,0.0,0
BB12 0,0.0,0.0,0.0,0.0,0.0,0.0,0.0,0.0,0.0,0.0,0
BB12 6,0.0,0.0,0.0,0.0,0.0,0.0,0.0,0.0,0.0,0.0,0
BB12 7,0.0,0.0,0.0,0.0,0.0,0.0,0.0,0.0,0.0,0.0,0
BB12 8,0.0,0.0,0.0,0.0,0.0,0.0,0.0,0.0,0.0,0.0,0
BB12 9,0.0,0.0,0.0,0.0,0.0,0.0,0.0,0.0,0.0,0.0,0
BB18 5,0.0,0.0,0.0,0.0,0.0,0.0,0.0,0.0,0.0,0.0,0
BB18 6,0.0,0.0,0.0,0.0,0.0,0.0,0.0,0.0,0.0,0.0,0
BB18 9,0.0,0.0,0.0,0.0,0.0,0.0,0.0,0.0,0.0,0.0,0
BB2 1,0.0,0.0,0.0,0.0,0.0,0.0,0.0,0.0,0.0,0.0,0
BB2 2,0.0,0.0,0.0,0.0,0.0,0.0,0.0,0.0,0.0,0.0,0
BB2 3,0.0,0.0,0.0,0.0,0.0,0.0,0.0,0.0,0.0,0.0,0
BB2 4,0.0,0.0,0.0,0.0,0.0,0.0,0.0,0.0,0.0,0.0,0
BB2 5,0.0,0.0,0.0,0.0,0.0,0.0,0.0,0.0,0.0,0.0,0
BB2 6,0.0,0.0,0.0,0.0,0.0,0.0,0.0,0.0,0.0,0.0,0
BB2 7,0.0,0.0,0.0,0.0,0.0,0.0,0.0,0.0,0.0,0.0,0
BB2 9,0.0,0.0,0.0,0.0,0.0,0.0,0.0,0.0,0.0,0.0,0
BB3 0,0.0,0.0,0.0,0.0,0.0,0.0,0.0,0.0,0.0,0.0,0
BB3 1,0.0,0.0,0.0,0.0,0.0,0.0,0.0,0.0,0.0,0.0,0
BB3 2,0.0,0.0,0.0,0.0,0.0,0.0,0.0,0.0,0.0,0.0,0
BB3 3,0.0,0.0,0.0,0.0,0.0,0.0,0.0,0.0,0.0,0.0,0
BB3 9,0.0,0.0,0.0,0.0,0.0,0.0,0.0,0.0,0.0,0.0,0
BB4 0,0.0,0.0,0.0,0.0,0.0,0.0,0.0,0.0,0.0,0.0,0
BB4 4,0.0,0.0,0.0,0.0,0.0,0.0,0.0,0.0,0.0,0.0,0
BB4 5,0.0,0.0,0.0,0.0,0.0,0.0,0.0,0.0,0.0,0.0,0
BB4 6,0.0,0.0,0.0,0.0,0.0,0.0,0.0,0.0,0.0,0.0,0
BB4 7,0.0,0.0,0.0,0.0,0.0,0.0,0.0,0.0,0.0,0.0,0
BB4 8,0.0,0.0,0.0,0.0,0.0,0.0,0.0,0.0,0.0,0.0,0
BB4 9,0.0,0.0,0.0,0.0,0.0,0.0,0.0,0.0,0.0,0.0,0
BB5 0,0.0,0.0,0.0,0.0,0.0,0.0,0.0,0.0,0.0,0.0,0
BB5 1,0.0,0.0,0.0,0.0,0.0,0.0,0.0,0.0,0.0,0.0,0
BB5 2,0.0,0.0,0.0,0.0,0.0,0.0,0.0,0.0,0.0,0.0,0
BB5 3,0.0,0.0,0.0,0.0,0.0,0.0,0.0,0.0,0.0,0.0,0
BB5 4,0.0,0.0,0.0,0.0,0.0,0.0,0.0,0.0,0.0,0.0,0
BB5 5,0.0,0.0,0.0,0.0,0.0,0.0,0.0,0.0,0.0,0.0,0
BB5 6,0.0,0.0,0.0,0.0,0.0,0.0,0.0,0.0,0.0,0.0,0
BB5 9,0.0,0.0,0.0,0.0,0.0,0.0,0.0,0.0,0.0,0.0,0
BB6 7,0.0,0.0,0.0,0.0,0.0,0.0,0.0,0.0,0.0,0.0,0
BB6 8,0.0,0.0,0.0,0.0,0.0,0.0,0.0,0.0,0.0,0.0,0
BB7 0,0.0,0.0,0.0,0.0,0.0,0.0,0.0,0.0,0.0,0.0,0
BB7 1,0.0,0.0,0.0,0.0,0.0,0.0,0.0,0.0,0.0,0.0,0
BB7 2,0.0,0.0,0.0,0.0,0.0,0.0,0.0,0.0,0.0,0.0,0
BB7 3,0.0,0.0,0.0,0.0,0.0,0.0,0.0,0.0,0.0,0.0,0
BB7 4,0.0,0.0,0.0,0.0,0.0,0.0,0.0,0.0,0.0,0.0,0
BB7 9,0.0,0.0,0.0,0.0,0.0,0.0,0.0,0.0,0.0,0.0,0
BB8 0,0.0,0.0,0.0,0.0,0.0,0.0,0.0,0.0,0.0,0.0,0
BB8 7,0.0,0.0,0.0,0.0,0.0,0.0,0.0,0.0,0.0,0.0,0
BB8 8,0.0,0.0,0.0,0.0,0.0,0.0,0.0,0.0,0.0,0.0,0
BB8 9,0.0,0.0,0.0,0.0,0.0,0.0,0.0,0.0,0.0,0.0,0
BB9 0,0.0,0.0,0.0,0.0,0.0,0.0,0.0,0.0,0.0,0.0,0
BB9 4,0.0,0.0,0.0,0.0,0.0,0.0,0.0,0.0,0.0,0.0,0
BB9 5,0.0,0.0,0.0,0.0,0.0,0.0,0.0,0.0,0.0,0.0,0
BB9 6,0.0,0.0,0.0,0.0,0.0,0.0,0.0,0.0,0.0,0.0,0
BB9 7,0.0,0.0,0.0,0.0,0.0,0.0,0.0,0.0,0.0,0.0,0
BB9 8,0.0,0.0,0.0,0.0,0.0,0.0,0.0,0.0,0.0,0.0,0
BB9 9,0.0,0.0,0.0,0.0,0.0,0.0,0.0,0.0,0.0,0.0,0
BD1 1,0.0,0.0,0.0,0.0,0.0,0.0,0.0,0.0,0.0,0.0,0
BD1 2,0.0,0.0,0.0,0.0,0.0,0.0,0.0,0.0,0.0,0.0,0
BD1 3,0.0,0.0,0.0,0.0,0.0,0.0,0.0,0.0,0.0,0.0,0
BD1 4,0.0,0.0,0.0,0.0,0.0,0.0,0.0,0.0,0.0,0.0,0
BD1 5,0.0,0.0,0.0,0.0,0.0,0.0,0.0,0.0,0.0,0.0,0
BD1 9,0.0,0.0,0.0,0.0,0.0,0.0,0.0,0.0,0.0,0.0,0
BD10 0,0.0,0.0,0.0,0.0,0.0,0.0,0.0,0.0,0.0,0.0,0
BD10 8,0.0,0.0,0.0,0.0,0.0,0.0,0.0,0.0,0.0,0.0,0
BD10 9,0.0,0.0,0.0,0.0,0.0,0.0,0.0,0.0,0.0,0.0,0
BD11 1,0.0,0.0,0.0,0.0,0.0,0.0,0.0,0.0,0.0,0.0,0
BD11 2,0.0,0.0,0.0,0.0,0.0,0.0,0.0,0.0,0.0,0.0,0
BD12 0,0.0,0.0,0.0,0.0,0.0,0.0,0.0,0.0,0.0,0.0,0
BD12 7,0.0,0.0,0.0,0.0,0.0,0.0,0.0,0.0,0.0,0.0,0
BD12 8,0.0,0.0,0.0,0.0,0.0,0.0,0.0,0.0,0.0,0.0,0
BD12 9,0.0,0.0,0.0,0.0,0.0,0.0,0.0,0.0,0.0,0.0,0
BD13 1,0.0,0.0,0.0,0.0,0.0,0.0,0.0,0.0,0.0,0.0,0
BD13 2,0.0,0.0,0.0,0.0,0.0,0.0,0.0,0.0,0.0,0.0,0
BD13 3,0.0,0.0,0.0,0.0,0.0,0.0,0.0,0.0,0.0,0.0,0
BD13 4,0.0,0.0,0.0,0.0,0.0,0.0,0.0,0.0,0.0,0.0,0
BD13 5,0.0,0.0,0.0,0.0,0.0,0.0,0.0,0.0,0.0,0.0,0
BD14 6,0.0,0.0,0.0,0.0,0.0,0.0,0.0,0.0,0.0,0.0,0
BD15 0,0.0,0.0,0.0,0.0,0.0,0.0,0.0,0.0,0.0,0.0,0
BD15 7,0.0,0.0,0.0,0.0,0.0,0.0,0.0,0.0,0.0,0.0,0
BD15 8,0.0,0.0,0.0,0.0,0.0,0.0,0.0,0.0,0.0,0.0,0
BD15 9,0.0,0.0,0.0,0.0,0.0,0.0,0.0,0.0,0.0,0.0,0
BD16 1,0.0,0.0,0.0,0.0,0.0,0.0,0.0,0.0,0.0,0.0,0
BD16 2,0.0,0.0,0.0,0.0,0.0,0.0,0.0,0.0,0.0,0.0,0
BD16 3,0.0,0.0,0.0,0.0,0.0,0.0,0.0,0.0,0.0,0.0,0
BD16 4,0.0,0.0,0.0,0.0,0.0,0.0,0.0,0.0,0.0,0.0,0
BD17 5,0.0,0.0,0.0,0.0,0.0,0.0,0.0,0.0,0.0,0.0,0
BD17 6,0.0,0.0,0.0,0.0,0.0,0.0,0.0,0.0,0.0,0.0,0
BD17 7,0.0,0.0,0.0,0.0,0.0,0.0,0.0,0.0,0.0,0.0,0
BD18 1,0.0,0.0,0.0,0.0,0.0,0.0,0.0,0.0,0.0,0.0,0
BD18 2,0.0,0.0,0.0,0.0,0.0,0.0,0.0,0.0,0.0,0.0,0
BD18 3,0.0,0.0,0.0,0.0,0.0,0.0,0.0,0.0,0.0,0.0,0
BD18 4,0.0,0.0,0.0,0.0,0.0,0.0,0.0,0.0,0.0,0.0,0
BD19 3,0.0,0.0,0.0,0.0,0.0,0.0,0.0,0.0,0.0,0.0,0
BD19 4,0.0,0.0,0.0,0.0,0.0,0.0,0.0,0.0,0.0,0.0,0
BD19 5,0.0,0.0,0.0,0.0,0.0,0.0,0.0,0.0,0.0,0.0,0
BD19 6,0.0,0.0,0.0,0.0,0.0,0.0,0.0,0.0,0.0,0.0,0
BD19 9,0.0,0.0,0.0,0.0,0.0,0.0,0.0,0.0,0.0,0.0,0
BD2 1,0.0,0.0,0.0,0.0,0.0,0.0,0.0,0.0,0.0,0.0,0
BD2 2,0.0,0.0,0.0,0.0,0.0,0.0,0.0,0.0,0.0,0.0,0
BD2 3,0.0,0.0,0.0,0.0,0.0,0.0,0.0,0.0,0.0,0.0,0
BD2 4,0.0,0.0,0.0,0.0,0.0,0.0,0.0,0.0,0.0,0.0,0
BD20 0,0.0,0.0,0.0,0.0,0.0,0.0,0.0,0.0,0.0,0.0,0
BD20 5,0.0,0.0,0.0,0.0,0.0,0.0,0.0,0.0,0.0,0.0,0
BD20 6,0.0,0.0,0.0,0.0,0.0,0.0,0.0,0.0,0.0,0.0,0
BD20 7,0.0,0.0,0.0,0.0,0.0,0.0,0.0,0.0,0.0,0.0,0
BD20 8,0.0,0.0,0.0,0.0,0.0,0.0,0.0,0.0,0.0,0.0,0
BD20 9,0.0,0.0,0.0,0.0,0.0,0.0,0.0,0.0,0.0,0.0,0
BD21 1,0.0,0.0,0.0,0.0,0.0,0.0,0.0,0.0,0.0,0.0,0
BD21 2,0.0,0.0,0.0,0.0,0.0,0.0,0.0,0.0,0.0,0.0,0
BD21 3,0.0,0.0,0.0,0.0,0.0,0.0,0.0,0.0,0.0,0.0,0
BD21 4,0.0,0.0,0.0,0.0,0.0,0.0,0.0,0.0,0.0,0.0,0
BD21 5,0.0,0.0,0.0,0.0,0.0,0.0,0.0,0.0,0.0,0.0,0
BD21 9,0.0,0.0,0.0,0.0,0.0,0.0,0.0,0.0,0.0,0.0,0
BD22 0,0.0,0.0,0.0,0.0,0.0,0.0,0.0,0.0,0.0,0.0,0
BD22 6,0.0,0.0,0.0,0.0,0.0,0.0,0.0,0.0,0.0,0.0,0
BD22 7,0.0,0.0,0.0,0.0,0.0,0.0,0.0,0.0,0.0,0.0,0
BD22 8,0.0,0.0,0.0,0.0,0.0,0.0,0.0,0.0,0.0,0.0,0
BD22 9,0.0,0.0,0.0,0.0,0.0,0.0,0.0,0.0,0.0,0.0,0
BD23 1,0.0,0.0,0.0,0.0,0.0,0.0,0.0,0.0,0.0,0.0,0
BD23 2,0.0,0.0,0.0,0.0,0.0,0.0,0.0,0.0,0.0,0.0,0
BD23 3,0.0,0.0,0.0,0.0,0.0,0.0,0.0,0.0,0.0,0.0,0
BD23 4,0.0,0.0,0.0,0.0,0.0,0.0,0.0,0.0,0.0,0.0,0
BD23 5,0.0,0.0,0.0,0.0,0.0,0.0,0.0,0.0,0.0,0.0,0
BD23 6,0.0,0.0,0.0,0.0,0.0,0.0,0.0,0.0,0.0,0.0,0
BD23 9,0.0,0.0,0.0,0.0,0.0,0.0,0.0,0.0,0.0,0.0,0
BD24 0,0.0,0.0,0.0,0.0,0.0,0.0,0.0,0.0,0.0,0.0,0
BD24 9,0.0,0.0,0.0,0.0,0.0,0.0,0.0,0.0,0.0,0.0,0
BD3 0,0.0,0.0,0.0,0.0,0.0,0.0,0.0,0.0,0.0,0.0,0
BD3 7,0.0,0.0,0.0,0.0,0.0,0.0,0.0,0.0,0.0,0.0,0
BD3 8,0.0,0.0,0.0,0.0,0.0,0.0,0.0,0.0,0.0,0.0,0
BD3 9,0.0,0.0,0.0,0.0,0.0,0.0,0.0,0.0,0.0,0.0,0
BD4 0,0.0,0.0,0.0,0.0,0.0,0.0,0.0,0.0,0.0,0.0,0
BD4 6,0.0,0.0,0.0,0.0,0.0,0.0,0.0,0.0,0.0,0.0,0
BD4 7,0.0,0.0,0.0,0.0,0.0,0.0,0.0,0.0,0.0,0.0,0
BD4 8,0.0,0.0,0.0,0.0,0.0,0.0,0.0,0.0,0.0,0.0,0
BD4 9,0.0,0.0,0.0,0.0,0.0,0.0,0.0,0.0,0.0,0.0,0
BD5 0,0.0,0.0,0.0,0.0,0.0,0.0,0.0,0.0,0.0,0.0,0
BD5 5,0.0,0.0,0.0,0.0,0.0,0.0,0.0,0.0,0.0,0.0,0
BD5 7,0.0,0.0,0.0,0.0,0.0,0.0,0.0,0.0,0.0,0.0,0
BD5 8,0.0,0.0,0.0,0.0,0.0,0.0,0.0,0.0,0.0,0.0,0
BD5 9,0.0,0.0,0.0,0.0,0.0,0.0,0.0,0.0,0.0,0.0,0
BD6 1,0.0,0.0,0.0,0.0,0.0,0.0,0.0,0.0,0.0,0.0,0
BD6 2,0.0,0.0,0.0,0.0,0.0,0.0,0.0,0.0,0.0,0.0,0
BD6 3,0.0,0.0,0.0,0.0,0.0,0.0,0.0,0.0,0.0,0.0,0
BD7 1,0.0,0.0,0.0,0.0,0.0,0.0,0.0,0.0,0.0,0.0,0
BD7 2,0.0,0.0,0.0,0.0,0.0,0.0,0.0,0.0,0.0,0.0,0
BD7 3,0.0,0.0,0.0,0.0,0.0,0.0,0.0,0.0,0.0,0.0,0
BD7 4,0.0,0.0,0.0,0.0,0.0,0.0,0.0,0.0,0.0,0.0,0
BD8 0,0.0,0.0,0.0,0.0,0.0,0.0,0.0,0.0,0.0,0.0,0
BD8 7,0.0,0.0,0.0,0.0,0.0,0.0,0.0,0.0,0.0,0.0,0
BD8 8,0.0,0.0,0.0,0.0,0.0,0.0,0.0,0.0,0.0,0.0,0
BD8 9,0.0,0.0,0.0,0.0,0.0,0.0,0.0,0.0,0.0,0.0,0
BD9 4,0.0,0.0,0.0,0.0,0.0,0.0,0.0,0.0,0.0,0.0,0
BD9 5,0.0,0.0,0.0,0.0,0.0,0.0,0.0,0.0,0.0,0.0,0
BD9 6,0.0,0.0,0.0,0.0,0.0,0.0,0.0,0.0,0.0,0.0,0
BH1 1,0.0,0.0,0.0,0.0,0.0,0.0,0.0,0.0,0.0,0.0,0
BH1 2,0.0,0.0,0.02544854,0.05717794,0.0,0.0,0.03286185,0.0659033,0.0,0.0,1
BH1 3,0.0,0.0,0.04351099,0.08671721,0.0,0.0,0.05272155,0.09783484,0.0,0.0,1
BH1 4,0.0,0.0,0.0,0.0,0.0,0.0,0.0,0.0,0.0,0.0,0
BH10 4,0.0,0.0,0.0,0.0,0.0,0.0,0.0,0.0,0.0,0.0,0
BH10 5,0.0,0.0,0.0,0.0,0.0,0.0,0.0,0.0,0.0,0.0,0
BH10 6,0.0,0.0,0.0,0.0,0.0,0.0,0.0,0.0,0.0,0.0,0
BH10 7,0.0,0.0,0.0,0.0,0.0,0.0,0.0,0.0,0.0,0.0,0
BH11 0,0.0,0.0,0.0,0.0,0.0,0.0,0.0,0.0,0.0,0.0,0
BH11 8,0.0,0.0,0.0,0.0,0.0,0.0,0.0,0.0,0.0,0.0,0
BH11 9,0.0,0.0,0.0,0.0,0.0,0.0,0.0,0.0,0.0,0.0,0
BH12 1,0.0,0.0,0.0,0.0,0.0,0.0,0.0,0.0,0.0,0.0,0
BH12 2,0.0,0.0,0.0,0.0,0.0,0.0,0.0,0.0,0.0,0.0,0
BH12 3,0.0,0.0,0.0,0.0,0.0,0.0,0.0,0.0,0.0,0.0,0
BH12 4,0.0,0.0,0.0,0.0,0.0,0.0,0.0,0.0,0.0,0.0,0
BH12 5,0.0,0.0,0.0,0.0,0.0,0.0,0.0,0.0,0.0,0.0,0
BH12 9,0.0,0.0,0.0,0.0,0.0,0.0,0.0,0.0,0.0,0.0,0
BH13 6,0.0,0.0,0.00926687,0.02058478,0.0,0.0,0.01133279,0.02309213,0.0,0.0,1
BH13 7,0.02497604,0.07842379,0.15969756,0.33377218,0.03332484,0.09255502,0.25627111,0.35285482,0.0,1240004.0,1
BH14 0,0.0,0.0,0.0,0.0,0.0,0.0,0.0,0.0,0.0,0.0,0
BH14 4,0.0,0.0,0.0,0.0,0.0,0.0,0.0,0.0,0.0,0.0,0
BH14 8,0.0,0.0,0.04932118,0.11546783,0.0,0.0,0.06125663,0.13586897,0.0,0.0,1
BH14 9,0.0,0.0,0.0,0.0,0.0,0.0,0.0,0.0,0.0,0.0,0
BH15 1,0.00713094,0.02055413,0.0109044,0.03099532,0.0098027,0.02154863,0.0154386,0.0338083,0.0,138733.5,1
BH15 2,0.0,0.0,0.0,0.0,0.0,0.0,0.0,0.0,0.0,0.0,0
BH15 3,0.0,0.0,0.0,0.0,0.0,0.0,0.0,0.0,0.0,0.0,0
BH15 4,0.00882819,0.03704319,0.0191895,0.06397153,0.01357493,0.04456155,0.02341316,0.07778485,0.0,401920.6,1
BH15 9,0.0,0.0,0.0,0.0,0.0,0.0,0.0,0.0,0.0,0.0,0
BH16 5,0.0,0.0,0.00013729,0.00041627,0.0,0.0,1.693e-05,0.00048139,0.0,0.0,1
BH16 6,0.0,0.0,0.00296604,0.00953214,0.0,0.0,0.0005379,0.01244856,0.0,0.0,1
BH17 0,0.0,0.0,0.0,0.0,0.0,0.0,0.0,0.0,0.0,0.0,0
BH17 7,0.0,0.0,0.0,0.0,0.0,0.0,0.0,0.0,0.0,0.0,0
BH17 8,0.0,0.0,0.0,0.0,0.0,0.0,0.0,0.0,0.0,0.0,0
BH17 9,0.0,0.0,0.0,0.0,0.0,0.0,0.0,0.0,0.0,0.0,0
BH18 8,0.0,0.0,0.0,0.0,0.0,0.0,0.0,0.0,0.0,0.0,0
BH18 9,0.0,0.0,0.0,0.0,0.0,0.0,0.0,0.0,0.0,0.0,0
BH19 1,0.00425793,0.03120055,0.02227037,0.05273789,0.01420255,0.03614374,0.02880506,0.06041458,0.0,168169.8,1
BH19 2,0.00290807,0.00983367,0.00363156,0.01164881,0.00400526,0.01157754,0.00473572,0.01379033,0.00480302,195088.0,1
BH19 3,0.00946128,0.03166745,0.00973349,0.032586,0.0129925,0.03785236,0.01319548,0.0390881,0.00304654,2187252.8,1
BH19 9,0.0,0.0,0.0,0.0,0.0,0.0,0.0,0.0,0.0,0.0,0
BH2 5,0.0,0.0,0.02846631,0.06135182,0.0,0.0,0.03502805,0.06888611,0.0,0.0,1
BH2 6,0.0,0.0,0.0,0.0,0.0,0.0,0.0,0.0,0.0,0.0,0
BH20 4,0.0,0.0,0.0,0.0,0.0,0.0,0.0,0.0,0.0,0.0,0
BH20 5,0.00396733,0.01337893,0.00400583,0.01347611,0.00429507,0.01662005,0.0043404,0.01673413,0.00186971,2289557.9,1
BH20 6,0.0,0.0,0.0,0.0,0.0,0.0,0.0,0.0,0.0,0.0,0
BH20 7,0.0,0.0,0.0,0.0,0.0,0.0,0.0,0.0,0.0,0.0,0
BH20 9,0.0,0.0,0.0,0.0,0.0,0.0,0.0,0.0,0.0,0.0,0
BH21 1,0.0,0.0,0.0,0.0,0.0,0.0,0.0,0.0,0.0,0.0,0
BH21 2,0.0,0.0,0.0,0.0,0.0,0.0,0.0,0.0,0.0,0.0,0
BH21 3,0.0,0.0,0.0,0.0,0.0,0.0,0.0,0.0,0.0,0.0,0
BH21 4,0.0,0.0,0.0,0.0,0.0,0.0,0.0,0.0,0.0,0.0,0
BH21 5,0.0,0.0,0.0,0.0,0.0,0.0,0.0,0.0,0.0,0.0,0
BH21 6,0.0,0.0,0.0,0.0,0.0,0.0,0.0,0.0,0.0,0.0,0
BH21 7,0.0,0.0,0.0,0.0,0.0,0.0,0.0,0.0,0.0,0.0,0
BH21 8,0.0,0.0,0.0,0.0,0.0,0.0,0.0,0.0,0.0,0.0,0
BH21 9,0.0,0.0,0.0,0.0,0.0,0.0,0.0,0.0,0.0,0.0,0
BH22 0,0.0,0.0,0.0,0.0,0.0,0.0,0.0,0.0,0.0,0.0,0
BH22 2,0.0,0.0,0.0,0.0,0.0,0.0,0.0,0.0,0.0,0.0,0
BH22 8,0.0,0.0,0.0,0.0,0.0,0.0,0.0,0.0,0.0,0.0,0
BH22 9,0.0,0.0,0.0,0.0,0.0,0.0,0.0,0.0,0.0,0.0,0
BH23 1,0.0,0.0,0.0,0.0,0.0,0.0,0.0,0.0,0.0,0.0,0
BH23 2,0.0,0.0,0.0,0.0,0.0,0.0,0.0,0.0,0.0,0.0,0
BH23 3,0.0,0.0,0.00070323,0.00233378,0.0,0.0,0.0,0.00351915,0.0,0.0,1
BH23 4,0.0,0.0,0.01462936,0.03710788,0.0,0.0,0.01890394,0.04269706,0.00144558,0.0,1
BH23 5,0.00358696,0.01691865,0.01720622,0.0510583,0.00477738,0.02209621,0.02142605,0.06104783,0.02574941,103754.9,1
BH23 6,0.0,0.0,0.0,0.0,0.0,0.0,0.0,0.0,0.0,0.0,0
BH23 7,0.0,0.0,0.0,0.0,0.0,0.0,0.0,0.0,0.0,0.0,0
BH23 8,0.0,0.0,0.0,0.0,0.0,0.0,0.0,0.0,0.0,0.0,0
BH23 9,0.0,0.0,0.0,0.0,0.0,0.0,0.0,0.0,0.0,0.0,0
BH24 1,0.0,0.0,0.0,0.0,0.0,0.0,0.0,0.0,0.0,0.0,0
BH24 2,0.0,0.0,0.0,0.0,0.0,0.0,0.0,0.0,0.0,0.0,0
BH24 3,0.0,0.0,0.0,0.0,0.0,0.0,0.0,0.0,0.0,0.0,0
BH24 4,0.0,0.0,0.0,0.0,0.0,0.0,0.0,0.0,0.0,0.0,0
BH24 9,0.0,0.0,0.0,0.0,0.0,0.0,0.0,0.0,0.0,0.0,0
BH25 5,0.00396936,0.01774131,0.00398851,0.01849725,0.00579831,0.02189484,0.00582687,0.02494927,0.0,463823.3,1
BH25 6,0.0,0.0,0.0,0.0,0.0,0.0,0.0,0.0,0.0,0.0,0
BH25 7,0.02083321,0.07793919,0.09033413,0.33031637,0.02964908,0.09173805,0.12292561,0.39388919,0.0350557,761633.1,1
BH25 9,0.0,0.0,0.0,0.0,0.0,0.0,0.0,0.0,0.0,0.0,0
BH3 7,0.0,0.0,0.0,0.0,0.0,0.0,0.0,0.0,0.0,0.0,0
BH31 6,0.0,0.0,0.0,0.0,0.0,0.0,0.0,0.0,0.0,0.0,0
BH31 7,0.0,0.0,0.0,0.0,0.0,0.0,0.0,0.0,0.0,0.0,0
BH4 0,0.0,0.0,0.0,0.0,0.0,0.0,0.0,0.0,0.0,0.0,0
BH4 8,0.0,0.0,0.02529944,0.05794111,0.0,0.0,0.0310123,0.06577698,0.0,0.0,1
BH4 9,0.0,0.0,0.0,0.0,0.0,0.0,0.0,0.0,0.0,0.0,0
BH5 1,0.0,0.0,0.0305932,0.06754569,0.0,0.0,0.03723966,0.07660787,0.0,0.0,1
BH5 2,0.0,0.0,0.03001963,0.06569729,0.0,0.0,0.03642652,0.07401294,0.0,0.0,1
BH6 3,0.0,0.0,0.03582333,0.08459203,0.0,0.0,0.04378725,0.09842221,0.0,0.0,1
BH6 4,0.00207454,0.00564211,0.02454314,0.07956689,0.00247198,0.00689681,0.03241897,0.094861,0.0,91687.0,1
BH6 5,0.0,0.0,0.0,0.0,0.0,0.0,0.0,0.0,0.0,0.0,0
BH7 6,0.0,0.0,0.0,0.0,0.0,0.0,0.0,0.0,0.0,0.0,0
BH7 7,0.0,0.0,0.0,0.0,0.0,0.0,0.0,0.0,0.0,0.0,0
BH8 0,0.0,0.0,0.0,0.0,0.0,0.0,0.0,0.0,0.0,0.0,0
BH8 8,0.0,0.0,0.0,0.0,0.0,0.0,0.0,0.0,0.0,0.0,0
BH8 9,0.0,0.0,0.0,0.0,0.0,0.0,0.0,0.0,0.0,0.0,0
BH9 1,0.0,0.0,0.0,0.0,0.0,0.0,0.0,0.0,0.0,0.0,0
BH9 2,0.0,0.0,0.0,0.0,0.0,0.0,0.0,0.0,0.0,0.0,0
BH9 3,0.0,0.0,0.0,0.0,0.0,0.0,0.0,0.0,0.0,0.0,0
BL0 0,0.0,0.0,0.0,0.0,0.0,0.0,0.0,0.0,0.0,0.0,0
BL0 9,0.0,0.0,0.0,0.0,0.0,0.0,0.0,0.0,0.0,0.0,0
BL1 1,0.0,0.0,0.0,0.0,0.0,0.0,0.0,0.0,0.0,0.0,0
BL1 2,0.0,0.0,0.0,0.0,0.0,0.0,0.0,0.0,0.0,0.0,0
BL1 3,0.0,0.0,0.0,0.0,0.0,0.0,0.0,0.0,0.0,0.0,0
BL1 4,0.0,0.0,0.0,0.0,0.0,0.0,0.0,0.0,0.0,0.0,0
BL1 5,0.0,0.0,0.0,0.0,0.0,0.0,0.0,0.0,0.0,0.0,0
BL1 6,0.0,0.0,0.0,0.0,0.0,0.0,0.0,0.0,0.0,0.0,0
BL1 7,0.0,0.0,0.0,0.0,0.0,0.0,0.0,0.0,0.0,0.0,0
BL1 8,0.0,0.0,0.0,0.0,0.0,0.0,0.0,0.0,0.0,0.0,0
BL1 9,0.0,0.0,0.0,0.0,0.0,0.0,0.0,0.0,0.0,0.0,0
BL2 1,0.0,0.0,0.0,0.0,0.0,0.0,0.0,0.0,0.0,0.0,0
BL2 2,0.0,0.0,0.0,0.0,0.0,0.0,0.0,0.0,0.0,0.0,0
BL2 3,0.0,0.0,0.0,0.0,0.0,0.0,0.0,0.0,0.0,0.0,0
BL2 4,0.0,0.0,0.0,0.0,0.0,0.0,0.0,0.0,0.0,0.0,0
BL2 5,0.0,0.0,0.0,0.0,0.0,0.0,0.0,0.0,0.0,0.0,0
BL2 6,0.0,0.0,0.0,0.0,0.0,0.0,0.0,0.0,0.0,0.0,0
BL3 1,0.0,0.0,0.0,0.0,0.0,0.0,0.0,0.0,0.0,0.0,0
BL3 2,0.0,0.0,0.0,0.0,0.0,0.0,0.0,0.0,0.0,0.0,0
BL3 3,0.0,0.0,0.0,0.0,0.0,0.0,0.0,0.0,0.0,0.0,0
BL3 4,0.0,0.0,0.0,0.0,0.0,0.0,0.0,0.0,0.0,0.0,0
BL3 5,0.0,0.0,0.0,0.0,0.0,0.0,0.0,0.0,0.0,0.0,0
BL3 6,0.0,0.0,0.0,0.0,0.0,0.0,0.0,0.0,0.0,0.0,0
BL4 0,0.0,0.0,0.0,0.0,0.0,0.0,0.0,0.0,0.0,0.0,0
BL4 7,0.0,0.0,0.0,0.0,0.0,0.0,0.0,0.0,0.0,0.0,0
BL4 8,0.0,0.0,0.0,0.0,0.0,0.0,0.0,0.0,0.0,0.0,0
BL4 9,0.0,0.0,0.0,0.0,0.0,0.0,0.0,0.0,0.0,0.0,0
BL5 1,0.0,0.0,0.0,0.0,0.0,0.0,0.0,0.0,0.0,0.0,0
BL5 2,0.0,0.0,0.0,0.0,0.0,0.0,0.0,0.0,0.0,0.0,0
BL5 3,0.0,0.0,0.0,0.0,0.0,0.0,0.0,0.0,0.0,0.0,0
BL6 4,0.0,0.0,0.0,0.0,0.0,0.0,0.0,0.0,0.0,0.0,0
BL6 5,0.0,0.0,0.0,0.0,0.0,0.0,0.0,0.0,0.0,0.0,0
BL6 6,0.0,0.0,0.0,0.0,0.0,0.0,0.0,0.0,0.0,0.0,0
BL6 7,0.0,0.0,0.0,0.0,0.0,0.0,0.0,0.0,0.0,0.0,0
BL6 9,0.0,0.0,0.0,0.0,0.0,0.0,0.0,0.0,0.0,0.0,0
BL7 0,0.0,0.0,0.0,0.0,0.0,0.0,0.0,0.0,0.0,0.0,0
BL7 8,0.0,0.0,0.0,0.0,0.0,0.0,0.0,0.0,0.0,0.0,0
BL7 9,0.0,0.0,0.0,0.0,0.0,0.0,0.0,0.0,0.0,0.0,0
BL8 1,0.0,0.0,0.0,0.0,0.0,0.0,0.0,0.0,0.0,0.0,0
BL8 2,0.0,0.0,0.0,0.0,0.0,0.0,0.0,0.0,0.0,0.0,0
BL8 3,0.0,0.0,0.0,0.0,0.0,0.0,0.0,0.0,0.0,0.0,0
BL8 4,0.0,0.0,0.0,0.0,0.0,0.0,0.0,0.0,0.0,0.0,0
BL8 9,0.0,0.0,0.0,0.0,0.0,0.0,0.0,0.0,0.0,0.0,0
BL9 0,0.0,0.0,0.0,0.0,0.0,0.0,0.0,0.0,0.0,0.0,0
BL9 5,0.0,0.0,0.0,0.0,0.0,0.0,0.0,0.0,0.0,0.0,0
BL9 6,0.0,0.0,0.0,0.0,0.0,0.0,0.0,0.0,0.0,0.0,0
BL9 7,0.0,0.0,0.0,0.0,0.0,0.0,0.0,0.0,0.0,0.0,0
BL9 8,0.0,0.0,0.0,0.0,0.0,0.0,0.0,0.0,0.0,0.0,0
BL9 9,0.0,0.0,0.0,0.0,0.0,0.0,0.0,0.0,0.0,0.0,0
BN1 1,0.0,0.0,0.00610153,0.03294325,0.0,0.0,0.02410592,0.03538217,0.0,0.0,1
BN1 2,0.0,0.0,0.01531951,0.09599945,0.0,0.0,0.06095628,0.10770295,0.0,0.0,1
BN1 3,0.0,0.0,0.0,0.0,0.0,0.0,0.0,0.0,0.0,0.0,0
BN1 4,0.0,0.0,0.0,0.0,0.0,0.0,0.0,0.0,0.0,0.0,0
BN1 5,0.0,0.0,0.0,0.0,0.0,0.0,0.0,0.0,0.0,0.0,0
BN1 6,0.0,0.0,0.0,0.0,0.0,0.0,0.0,0.0,0.0,0.0,0
BN1 7,0.0,0.0,0.0,0.0,0.0,0.0,0.0,0.0,0.0,0.0,0
BN1 8,0.0,0.0,0.0,0.0,0.0,0.0,0.0,0.0,0.0,0.0,0
BN1 9,0.0,0.0,0.0,0.0,0.0,0.0,0.0,0.0,0.0,0.0,0
BN10 7,0.00459836,0.03159353,0.01098028,0.03195822,0.01682355,0.03589891,0.0175307,0.03608789,0.0,236654.0,1
BN10 8,0.0012323,0.03040892,0.01212522,0.03136962,0.01677906,0.03445178,0.01865805,0.03494381,0.0,324516.4,1
BN10 9,0.0,0.0,0.0,0.0,0.0,0.0,0.0,0.0,0.0,0.0,0
BN11 1,0.0,0.0,0.0,0.0,0.0,0.0,0.0,0.0,0.0,0.0,0
BN11 2,0.0,0.0,0.01071631,0.03644705,0.0,0.0,0.00520141,0.04885704,0.0,0.0,1
BN11 3,0.0,0.0,0.01882807,0.06170101,0.0,0.0,0.00523192,0.08437795,0.0,0.0,1
BN11 4,0.0,0.0,0.0,0.0,0.0,0.0,0.0,0.0,0.0,0.0,0
BN11 5,0.0,0.0,0.0243096,0.06350959,0.0,0.0,0.02020065,0.08222186,0.0,0.0,1
BN11 9,0.0,0.0,0.0,0.0,0.0,0.0,0.0,0.0,0.0,0.0,0
BN12 4,0.0,0.0,0.01096317,0.03873943,0.0,0.0,0.00142019,0.05334527,0.0,0.0,1
BN12 5,0.0,0.0,0.05837836,0.14619145,0.0,0.0,0.08331871,0.16930991,0.0,0.0,1
BN12 6,0.0,0.0,0.0,0.0,0.0,0.0,0.0,0.0,0.0,0.0,0
BN12 9,0.0,0.0,0.0,0.0,0.0,0.0,0.0,0.0,0.0,0.0,0
BN13 1,0.0,0.0,0.0,0.0,0.0,0.0,0.0,0.0,0.0,0.0,0
BN13 2,0.0,0.0,0.0,0.0,0.0,0.0,0.0,0.0,0.0,0.0,0
BN13 3,0.0,0.0,0.0,0.0,0.0,0.0,0.0,0.0,0.0,0.0,0
BN14 0,0.0,0.0,0.0,0.0,0.0,0.0,0.0,0.0,0.0,0.0,0
BN14 7,0.0,0.0,0.0,0.0,0.0,0.0,0.0,0.0,0.0,0.0,0
BN14 8,0.0,0.0,0.0,0.0,0.0,0.0,0.0,0.0,0.0,0.0,0
BN14 9,0.0,0.0,0.0,0.0,0.0,0.0,0.0,0.0,0.0,0.0,0
BN15 0,0.0,0.0,0.0,0.0,0.0,0.0,0.0,0.0,0.0,0.0,0
BN15 5,0.0,0.0,0.0,0.0,0.0,0.0,0.0,0.0,0.0,0.0,0
BN15 8,0.0,0.0,0.00603744,0.01884124,0.0,0.0,0.00492417,0.02384611,0.0,0.0,1
BN15 9,0.0,0.0,0.0,0.0,0.0,0.0,0.0,0.0,0.0,0.0,0
BN16 1,0.0,0.0,0.0460242,0.12187909,0.0,0.0,0.0731932,0.13981204,0.0,0.0,1
BN16 2,0.0,0.0,0.08181606,0.19018837,0.0,0.0,0.13072351,0.21126919,0.0,0.0,1
BN16 3,0.0,0.0,0.0,0.0,0.0,0.0,0.0,0.0,0.0,0.0,0
BN16 4,0.0,0.0,0.0,0.0,0.0,0.0,0.0,0.0,0.0,0.0,0
BN16 9,0.0,0.0,0.0,0.0,0.0,0.0,0.0,0.0,0.0,0.0,0
BN17 5,0.01713067,0.04875266,0.03903683,0.08660997,0.03235618,0.05443356,0.06161503,0.0953496,0.0,860245.5,1
BN17 6,0.0,0.0,0.00750959,0.02635374,0.0,0.0,0.01910267,0.0290369,0.0,0.0,1
BN17 7,0.0,0.0,0.0,0.0,0.0,0.0,0.0,0.0,0.0,0.0,0
BN18 0,0.0,0.0,0.0,0.0,0.0,0.0,0.0,0.0,0.0,0.0,0
BN18 8,0.0,0.0,0.0,0.0,0.0,0.0,0.0,0.0,0.0,0.0,0
BN18 9,0.0,0.0,0.0,0.0,0.0,0.0,0.0,0.0,0.0,0.0,0
BN2 0,0.0,0.0,0.0,0.0,0.0,0.0,0.0,0.0,0.0,0.0,0
BN2 1,0.0,0.0,0.00472432,0.03010223,0.0,0.0,0.01789732,0.03347316,0.0,0.0,1
BN2 3,0.0,0.0,0.0,0.0,0.0,0.0,0.0,0.0,0.0,0.0,0
BN2 4,0.0,0.0,0.0,0.0,0.0,0.0,0.0,0.0,0.0,0.0,0
BN2 5,0.0,0.0,0.0055804,0.01591626,0.0,0.0,0.01049375,0.01757245,0.0,0.0,1
BN2 6,0.0,0.0,0.0,0.0,0.0,0.0,0.0,0.0,0.0,0.0,0
BN2 7,0.0,0.0,0.01108995,0.03046388,0.0,0.0,0.01799837,0.03440579,0.0,0.0,1
BN2 8,0.00057604,0.00248998,0.01131436,0.0354365,0.00110365,0.00293409,0.01960571,0.04036659,0.0,21076.3,1
BN2 9,0.0,0.0,0.0,0.0,0.0,0.0,0.0,0.0,0.0,0.0,0
BN20 0,0.00585408,0.01944238,0.00585408,0.01944238,0.0098147,0.02235844,0.0098147,0.02235844,0.0,602712.1,1
BN20 7,0.0044142,0.01568879,0.01723241,0.06202401,0.00707236,0.01804679,0.03564626,0.07188696,0.00734253,279931.5,1
BN20 8,0.0,0.0,0.0,0.0,0.0,0.0,0.0,0.0,0.0,0.0,0
BN20 9,0.0,0.0,0.0,0.0,0.0,0.0,0.0,0.0,0.0,0.0,0
BN21 1,0.0,0.0,0.0,0.0,0.0,0.0,0.0,0.0,0.0,0.0,0
BN21 2,0.0,0.0,0.0,0.0,0.0,0.0,0.0,0.0,0.0,0.0,0
BN21 3,0.0,0.0,0.12154426,0.21009412,0.0,0.0,0.20306394,0.20949848,0.0,0.0,1
BN21 4,0.0,0.0,0.09260124,0.22648958,0.0,0.0,0.15884469,0.26545868,0.0,0.0,1
BN21 9,0.0,0.0,0.0,0.0,0.0,0.0,0.0,0.0,0.0,0.0,0
BN22 0,0.0,0.0,0.0,0.0,0.0,0.0,0.0,0.0,0.0,0.0,0
BN22 7,0.0,0.0,0.07206791,0.12499369,0.0,0.0,0.11466222,0.12814475,0.0,0.0,1
BN22 8,0.0,0.0,0.0039292,0.02360577,0.0,0.0,0.02103072,0.02445831,0.0,0.0,1
BN22 9,0.0,0.0,0.0,0.0,0.0,0.0,0.0,0.0,0.0,0.0,0
BN23 5,0.0,0.0,0.0197083,0.04444301,0.0,0.0,0.03629378,0.04734707,0.0,0.0,1
BN23 6,0.0,0.0,0.00336326,0.00868964,0.0,0.0,0.00598763,0.00953116,0.0,0.0,1
BN23 7,0.0,0.0,0.0,0.0,0.0,0.0,0.0,0.0,0.0,0.0,0
BN23 8,0.0,0.0,0.0,0.0,0.0,0.0,0.0,0.0,0.0,0.0,0
BN24 5,0.0,0.0,0.0,0.0,0.0,0.0,0.0,0.0,0.0,0.0,0
BN24 6,0.0,0.0,0.00715487,0.02080249,0.0,0.0,0.00596732,0.02576607,0.0,0.0,1
BN24 9,0.0,0.0,0.0,0.0,0.0,0.0,0.0,0.0,0.0,0.0,0
BN25 1,0.00436843,0.01478377,0.02028116,0.04789405,0.00813588,0.01701308,0.03813003,0.05094721,0.0,112845.6,1
BN25 2,0.0,0.0,0.00997356,0.02008669,0.0,0.0,0.01847486,0.02068905,0.0,0.0,1
BN25 3,0.0,0.0,0.0,0.0,0.0,0.0,0.0,0.0,0.0,0.0,0
BN25 4,0.00549509,0.01724226,0.00551982,0.01724226,0.00887841,0.01999982,0.00887841,0.01999982,0.0,364849.8,1
BN25 9,0.0,0.0,0.0,0.0,0.0,0.0,0.0,0.0,0.0,0.0,0
BN26 5,0.0,0.0,0.0,0.0,0.0,0.0,0.0,0.0,0.0,0.0,0
BN26 6,0.0,0.0,0.0,0.0,0.0,0.0,0.0,0.0,0.0,0.0,0
BN26 9,0.0,0.0,0.0,0.0,0.0,0.0,0.0,0.0,0.0,0.0,0
BN27 1,0.0,0.0,0.0,0.0,0.0,0.0,0.0,0.0,0.0,0.0,0
BN27 2,0.0,0.0,0.0,0.0,0.0,0.0,0.0,0.0,0.0,0.0,0
BN27 3,0.0,0.0,0.0,0.0,0.0,0.0,0.0,0.0,0.0,0.0,0
BN27 4,0.0,0.0,0.0,0.0,0.0,0.0,0.0,0.0,0.0,0.0,0
BN27 9,0.0,0.0,0.0,0.0,0.0,0.0,0.0,0.0,0.0,0.0,0
BN3 1,0.0,0.0,0.05353546,0.13210542,0.0,0.0,0.12143469,0.13527941,0.0,0.0,1
BN3 2,0.0,0.0,0.02023763,0.0415274,0.0,0.0,0.03585104,0.04335431,0.0,0.0,1
BN3 3,0.0,0.0,0.0,0.0,0.0,0.0,0.0,0.0,0.0,0.0,0
BN3 4,0.0,0.0,0.0106607,0.02109123,0.0,0.0,0.01404665,0.02337061,0.0,0.0,1
BN3 5,0.0,0.0,0.0,0.0,0.0,0.0,0.0,0.0,0.0,0.0,0
BN3 6,0.0,0.0,0.0,0.0,0.0,0.0,0.0,0.0,0.0,0.0,0
BN3 7,0.0,0.0,0.0,0.0,0.0,0.0,0.0,0.0,0.0,0.0,0
BN3 8,0.0,0.0,0.0,0.0,0.0,0.0,0.0,0.0,0.0,0.0,0
BN41 1,0.0,0.0,0.01476179,0.02937753,0.0,0.0,0.01937425,0.03294131,0.0,0.0,1
BN41 2,0.0,0.0,0.0,0.0,0.0,0.0,0.0,0.0,0.0,0.0,0
BN41 9,0.0,0.0,0.0,0.0,0.0,0.0,0.0,0.0,0.0,0.0,0
BN42 4,0.0,0.0,0.00396556,0.00844115,0.0,0.0,0.00552632,0.00959998,0.0,0.0,1
BN43 5,0.0,0.0,0.00257873,0.00656999,0.0,0.0,0.00349647,0.00751729,0.0,0.0,1
BN43 6,0.0,0.0,0.00116658,0.00251929,0.0,0.0,0.00128568,0.00296869,0.0,0.0,1
BN43 9,0.0,0.0,0.0,0.0,0.0,0.0,0.0,0.0,0.0,0.0,0
BN44 3,0.0,0.0,0.0,0.0,0.0,0.0,0.0,0.0,0.0,0.0,0
BN45 7,0.0,0.0,0.0,0.0,0.0,0.0,0.0,0.0,0.0,0.0,0
BN5 0,0.0,0.0,0.0,0.0,0.0,0.0,0.0,0.0,0.0,0.0,0
BN5 9,0.0,0.0,0.0,0.0,0.0,0.0,0.0,0.0,0.0,0.0,0
BN6 0,0.0,0.0,0.0,0.0,0.0,0.0,0.0,0.0,0.0,0.0,0
BN6 8,0.0,0.0,0.0,0.0,0.0,0.0,0.0,0.0,0.0,0.0,0
BN6 9,0.0,0.0,0.0,0.0,0.0,0.0,0.0,0.0,0.0,0.0,0
BN7 1,0.0,0.0,0.0,0.0,0.0,0.0,0.0,0.0,0.0,0.0,0
BN7 2,0.0,0.0,0.0,0.0,0.0,0.0,0.0,0.0,0.0,0.0,0
BN7 3,0.0,0.0,0.0,0.0,0.0,0.0,0.0,0.0,0.0,0.0,0
BN7 9,0.0,0.0,0.0,0.0,0.0,0.0,0.0,0.0,0.0,0.0,0
BN8 4,0.0,0.0,0.0,0.0,0.0,0.0,0.0,0.0,0.0,0.0,0
BN8 5,0.0,0.0,0.0,0.0,0.0,0.0,0.0,0.0,0.0,0.0,0
BN8 6,0.0,0.0,0.0,0.0,0.0,0.0,0.0,0.0,0.0,0.0,0
BN9 0,0.0,0.0,0.0,0.0,0.0,0.0,0.0,0.0,0.0,0.0,0
BN9 1,0.0,0.0,0.0,0.0,0.0,0.0,0.0,0.0,0.0,0.0,0
BN9 9,0.00554742,0.01775928,0.0056224,0.01797934,0.00917576,0.02024682,0.00931836,0.02046769,0.0,238710.5,1
BR1 1,0.0,0.0,0.0,0.0,0.0,0.0,0.0,0.0,0.0,0.0,0
BR1 2,0.0,0.0,0.0,0.0,0.0,0.0,0.0,0.0,0.0,0.0,0
BR1 3,0.0,0.0,0.0,0.0,0.0,0.0,0.0,0.0,0.0,0.0,0
BR1 4,0.0,0.0,0.0,0.0,0.0,0.0,0.0,0.0,0.0,0.0,0
BR1 5,0.0,0.0,0.0,0.0,0.0,0.0,0.0,0.0,0.0,0.0,0
BR1 9,0.0,0.0,0.0,0.0,0.0,0.0,0.0,0.0,0.0,0.0,0
BR2 0,0.0,0.0,0.0,0.0,0.0,0.0,0.0,0.0,0.0,0.0,0
BR2 6,0.0,0.0,0.0,0.0,0.0,0.0,0.0,0.0,0.0,0.0,0
BR2 7,0.0,0.0,0.0,0.0,0.0,0.0,0.0,0.0,0.0,0.0,0
BR2 8,0.0,0.0,0.0,0.0,0.0,0.0,0.0,0.0,0.0,0.0,0
BR2 9,0.0,0.0,0.0,0.0,0.0,0.0,0.0,0.0,0.0,0.0,0
BR3 1,0.0,0.0,0.0,0.0,0.0,0.0,0.0,0.0,0.0,0.0,0
BR3 3,0.0,0.0,0.0,0.0,0.0,0.0,0.0,0.0,0.0,0.0,0
BR3 4,0.0,0.0,0.0,0.0,0.0,0.0,0.0,0.0,0.0,0.0,0
BR3 5,0.0,0.0,0.0,0.0,0.0,0.0,0.0,0.0,0.0,0.0,0
BR3 6,0.0,0.0,0.0,0.0,0.0,0.0,0.0,0.0,0.0,0.0,0
BR3 9,0.0,0.0,0.0,0.0,0.0,0.0,0.0,0.0,0.0,0.0,0
BR4 0,0.0,0.0,0.0,0.0,0.0,0.0,0.0,0.0,0.0,0.0,0
BR4 4,0.0,0.0,0.0,0.0,0.0,0.0,0.0,0.0,0.0,0.0,0
BR4 9,0.0,0.0,0.0,0.0,0.0,0.0,0.0,0.0,0.0,0.0,0
BR5 1,0.0,0.0,0.0,0.0,0.0,0.0,0.0,0.0,0.0,0.0,0
BR5 2,0.0,0.0,0.0,0.0,0.0,0.0,0.0,0.0,0.0,0.0,0
BR5 3,0.0,0.0,0.0,0.0,0.0,0.0,0.0,0.0,0.0,0.0,0
BR5 4,0.0,0.0,0.0,0.0,0.0,0.0,0.0,0.0,0.0,0.0,0
BR6 0,0.0,0.0,0.0,0.0,0.0,0.0,0.0,0.0,0.0,0.0,0
BR6 1,0.0,0.0,0.0,0.0,0.0,0.0,0.0,0.0,0.0,0.0,0
BR6 6,0.0,0.0,0.0,0.0,0.0,0.0,0.0,0.0,0.0,0.0,0
BR6 7,0.0,0.0,0.0,0.0,0.0,0.0,0.0,0.0,0.0,0.0,0
BR6 8,0.0,0.0,0.0,0.0,0.0,0.0,0.0,0.0,0.0,0.0,0
BR6 9,0.0,0.0,0.0,0.0,0.0,0.0,0.0,0.0,0.0,0.0,0
BR7 5,0.0,0.0,0.0,0.0,0.0,0.0,0.0,0.0,0.0,0.0,0
BR7 6,0.0,0.0,0.0,0.0,0.0,0.0,0.0,0.0,0.0,0.0,0
BR8 7,0.0,0.0,0.0,0.0,0.0,0.0,0.0,0.0,0.0,0.0,0
BR8 8,0.0,0.0,0.0,0.0,0.0,0.0,0.0,0.0,0.0,0.0,0
BR8 9,0.0,0.0,0.0,0.0,0.0,0.0,0.0,0.0,0.0,0.0,0
BS1 1,0.0,0.0,0.0,0.0,0.0,0.0,0.0,0.0,0.0,0.0,0
BS1 2,0.0,0.0,0.0,0.0,0.0,0.0,0.0,0.0,0.0,0.0,0
BS1 3,0.0,0.0,0.0,0.0,0.0,0.0,0.0,0.0,0.0,0.0,0
BS1 4,0.0,0.0,0.0,0.0,0.0,0.0,0.0,0.0,0.0,0.0,0
BS1 5,0.0,0.0,0.0,0.0,0.0,0.0,0.0,0.0,0.0,0.0,0
BS1 6,0.0,0.0,0.0,0.0,0.0,0.0,0.0,0.0,0.0,0.0,0
BS1 9,0.0,0.0,0.0,0.0,0.0,0.0,0.0,0.0,0.0,0.0,0
BS10 5,0.0,0.0,0.0,0.0,0.0,0.0,0.0,0.0,0.0,0.0,0
BS10 6,0.0,0.0,0.0,0.0,0.0,0.0,0.0,0.0,0.0,0.0,0
BS10 7,0.0,0.0,0.0,0.0,0.0,0.0,0.0,0.0,0.0,0.0,0
BS11 0,0.0,0.0,0.0,0.0,0.0,0.0,0.0,0.0,0.0,0.0,0
BS11 1,0.0,0.0,0.0,0.0,0.0,0.0,0.0,0.0,0.0,0.0,0
BS11 8,0.0,0.0,0.0,0.0,0.0,0.0,0.0,0.0,0.0,0.0,0
BS11 9,0.0,0.0,0.0,0.0,0.0,0.0,0.0,0.0,0.0,0.0,0
BS13 0,0.0,0.0,0.0,0.0,0.0,0.0,0.0,0.0,0.0,0.0,0
BS13 7,0.0,0.0,0.0,0.0,0.0,0.0,0.0,0.0,0.0,0.0,0
BS13 8,0.0,0.0,0.0,0.0,0.0,0.0,0.0,0.0,0.0,0.0,0
BS13 9,0.0,0.0,0.0,0.0,0.0,0.0,0.0,0.0,0.0,0.0,0
BS14 0,0.0,0.0,0.0,0.0,0.0,0.0,0.0,0.0,0.0,0.0,0
BS14 8,0.0,0.0,0.0,0.0,0.0,0.0,0.0,0.0,0.0,0.0,0
BS14 9,0.0,0.0,0.0,0.0,0.0,0.0,0.0,0.0,0.0,0.0,0
BS15 0,0.0,0.0,0.0,0.0,0.0,0.0,0.0,0.0,0.0,0.0,0
BS15 1,0.0,0.0,0.0,0.0,0.0,0.0,0.0,0.0,0.0,0.0,0
BS15 3,0.0,0.0,0.0,0.0,0.0,0.0,0.0,0.0,0.0,0.0,0
BS15 4,0.0,0.0,0.0,0.0,0.0,0.0,0.0,0.0,0.0,0.0,0
BS15 8,0.0,0.0,0.0,0.0,0.0,0.0,0.0,0.0,0.0,0.0,0
BS15 9,0.0,0.0,0.0,0.0,0.0,0.0,0.0,0.0,0.0,0.0,0
BS16 0,0.0,0.0,0.0,0.0,0.0,0.0,0.0,0.0,0.0,0.0,0
BS16 1,0.0,0.0,0.0,0.0,0.0,0.0,0.0,0.0,0.0,0.0,0
BS16 2,0.0,0.0,0.0,0.0,0.0,0.0,0.0,0.0,0.0,0.0,0
BS16 3,0.0,0.0,0.0,0.0,0.0,0.0,0.0,0.0,0.0,0.0,0
BS16 4,0.0,0.0,0.0,0.0,0.0,0.0,0.0,0.0,0.0,0.0,0
BS16 5,0.0,0.0,0.0,0.0,0.0,0.0,0.0,0.0,0.0,0.0,0
BS16 6,0.0,0.0,0.0,0.0,0.0,0.0,0.0,0.0,0.0,0.0,0
BS16 7,0.0,0.0,0.0,0.0,0.0,0.0,0.0,0.0,0.0,0.0,0
BS16 9,0.0,0.0,0.0,0.0,0.0,0.0,0.0,0.0,0.0,0.0,0
BS2 0,0.0,0.0,0.0,0.0,0.0,0.0,0.0,0.0,0.0,0.0,0
BS2 2,0.0,0.0,0.0,0.0,0.0,0.0,0.0,0.0,0.0,0.0,0
BS2 8,0.0,0.0,0.0,0.0,0.0,0.0,0.0,0.0,0.0,0.0,0
BS2 9,0.0,0.0,0.0,0.0,0.0,0.0,0.0,0.0,0.0,0.0,0
BS20 0,0.0,0.0,0.0,0.0,0.0,0.0,0.0,0.0,0.0,0.0,0
BS20 1,0.0,0.0,0.0,0.0,0.0,0.0,0.0,0.0,0.0,0.0,0
BS20 6,0.00067186,0.00270271,0.00067166,0.00270271,0.00134549,0.00304368,0.00134549,0.00304368,0.0,9586.5,1
BS20 7,0.00215075,0.00484777,0.00289247,0.00667557,0.00276993,0.00551646,0.00426254,0.00748054,0.0,182646.8,1
BS20 8,0.00053532,0.00212804,0.0005353,0.00212804,0.0010682,0.00239192,0.0010682,0.00239192,0.0,46639.7,1
BS21 5,0.0,0.0,0.0,0.0,0.0,0.0,0.0,0.0,0.0,0.0,0
BS21 6,0.0,0.0,0.0,0.0,0.0,0.0,0.0,0.0,0.0,0.0,0
BS21 7,0.00029139,0.00092735,0.00050353,0.00155402,0.00055421,0.00098919,0.00077148,0.00177089,0.0,58148.2,1
BS21 9,0.0,0.0,0.0,0.0,0.0,0.0,0.0,0.0,0.0,0.0,0
BS22 6,0.0,0.0,0.0,0.0,0.0,0.0,0.0,0.0,0.0,0.0,0
BS22 7,0.0,0.0,0.0,0.0,0.0,0.0,0.0,0.0,0.0,0.0,0
BS22 8,0.0,0.0,0.0,0.0,0.0,0.0,0.0,0.0,0.0,0.0,0
BS22 9,0.00139309,0.00432856,0.0022098,0.00688493,0.00214136,0.0050487,0.00289641,0.0083013,0.0,274438.5,1
BS23 1,0.0,0.0,0.0,0.0,0.0,0.0,0.0,0.0,0.0,0.0,0
BS23 2,0.00044742,0.00149217,0.00044742,0.00149217,0.00078985,0.00172887,0.00078985,0.00172887,0.0,59222.9,1
BS23 3,0.0,0.0,0.0,0.0,0.0,0.0,0.0,0.0,0.0,0.0,0
BS23 4,0.00608021,0.01858952,0.00787436,0.02468565,0.00500966,0.02356811,0.00647208,0.0315705,0.0,144332.7,1
BS23 9,0.0,0.0,0.0,0.0,0.0,0.0,0.0,0.0,0.0,0.0,0
BS24 0,0.0,0.0,0.0,0.0,0.0,0.0,0.0,0.0,0.0,0.0,0
BS24 6,0.0,0.0,0.0,0.0,0.0,0.0,0.0,0.0,0.0,0.0,0
BS24 7,0.0,0.0,0.0,0.0,0.0,0.0,0.0,0.0,0.0,0.0,0
BS24 8,0.0,0.0,0.0,0.0,0.0,0.0,0.0,0.0,0.0,0.0,0
BS24 9,0.0,0.0,0.0,0.0,0.0,0.0,0.0,0.0,0.0,0.0,0
BS25 1,0.0,0.0,0.0,0.0,0.0,0.0,0.0,0.0,0.0,0.0,0
BS25 5,0.0,0.0,0.0,0.0,0.0,0.0,0.0,0.0,0.0,0.0,0
BS25 9,0.0,0.0,0.0,0.0,0.0,0.0,0.0,0.0,0.0,0.0,0
BS26 2,0.0,0.0,0.0,0.0,0.0,0.0,0.0,0.0,0.0,0.0,0
BS27 3,0.0,0.0,0.0,0.0,0.0,0.0,0.0,0.0,0.0,0.0,0
BS28 4,0.0,0.0,0.0,0.0,0.0,0.0,0.0,0.0,0.0,0.0,0
BS29 6,0.0,0.0,0.0,0.0,0.0,0.0,0.0,0.0,0.0,0.0,0
BS3 1,0.0,0.0,0.0,0.0,0.0,0.0,0.0,0.0,0.0,0.0,0
BS3 2,0.0,0.0,0.0,0.0,0.0,0.0,0.0,0.0,0.0,0.0,0
BS3 3,0.0,0.0,0.0,0.0,0.0,0.0,0.0,0.0,0.0,0.0,0
BS3 4,0.0,0.0,0.0,0.0,0.0,0.0,0.0,0.0,0.0,0.0,0
BS3 5,0.0,0.0,0.0,0.0,0.0,0.0,0.0,0.0,0.0,0.0,0
BS3 9,0.0,0.0,0.0,0.0,0.0,0.0,0.0,0.0,0.0,0.0,0
BS30 5,0.0,0.0,0.0,0.0,0.0,0.0,0.0,0.0,0.0,0.0,0
BS30 6,0.0,0.0,0.0,0.0,0.0,0.0,0.0,0.0,0.0,0.0,0
BS30 7,0.0,0.0,0.0,0.0,0.0,0.0,0.0,0.0,0.0,0.0,0
BS30 8,0.0,0.0,0.0,0.0,0.0,0.0,0.0,0.0,0.0,0.0,0
BS30 9,0.0,0.0,0.0,0.0,0.0,0.0,0.0,0.0,0.0,0.0,0
BS31 1,0.0,0.0,0.0,0.0,0.0,0.0,0.0,0.0,0.0,0.0,0
BS31 2,0.0,0.0,0.0,0.0,0.0,0.0,0.0,0.0,0.0,0.0,0
BS31 3,0.0,0.0,0.0,0.0,0.0,0.0,0.0,0.0,0.0,0.0,0
BS31 9,0.0,0.0,0.0,0.0,0.0,0.0,0.0,0.0,0.0,0.0,0
BS32 0,0.0,0.0,0.0,0.0,0.0,0.0,0.0,0.0,0.0,0.0,0
BS32 4,0.0,0.0,0.0,0.0,0.0,0.0,0.0,0.0,0.0,0.0,0
BS32 8,0.0,0.0,0.0,0.0,0.0,0.0,0.0,0.0,0.0,0.0,0
BS32 9,0.0,0.0,0.0,0.0,0.0,0.0,0.0,0.0,0.0,0.0,0
BS34 4,0.0,0.0,0.0,0.0,0.0,0.0,0.0,0.0,0.0,0.0,0
BS34 5,0.0,0.0,0.0,0.0,0.0,0.0,0.0,0.0,0.0,0.0,0
BS34 6,0.0,0.0,0.0,0.0,0.0,0.0,0.0,0.0,0.0,0.0,0
BS34 7,0.0,0.0,0.0,0.0,0.0,0.0,0.0,0.0,0.0,0.0,0
BS34 8,0.0,0.0,0.0,0.0,0.0,0.0,0.0,0.0,0.0,0.0,0
BS34 9,0.0,0.0,0.0,0.0,0.0,0.0,0.0,0.0,0.0,0.0,0
BS35 1,0.0,0.0,0.00131787,0.00506308,0.0,0.0,0.00354974,0.00540423,0.0,0.0,1
BS35 2,0.0,0.0,0.0,0.0,0.0,0.0,0.0,0.0,0.0,0.0,0
BS35 3,0.0,0.0,0.0,0.0,0.0,0.0,0.0,0.0,0.0,0.0,0
BS35 4,0.00019802,0.00069494,0.00019802,0.00069495,0.00039742,0.00074697,0.00039742,0.00074697,0.0,31382.7,1
BS35 5,0.0,0.0,0.0,0.0,0.0,0.0,0.0,0.0,0.0,0.0,0
BS35 9,0.0,0.0,0.0,0.0,0.0,0.0,0.0,0.0,0.0,0.0,0
BS36 1,0.0,0.0,0.0,0.0,0.0,0.0,0.0,0.0,0.0,0.0,0
BS36 2,0.0,0.0,0.0,0.0,0.0,0.0,0.0,0.0,0.0,0.0,0
BS37 0,0.0,0.0,0.0,0.0,0.0,0.0,0.0,0.0,0.0,0.0,0
BS37 4,0.0,0.0,0.0,0.0,0.0,0.0,0.0,0.0,0.0,0.0,0
BS37 5,0.0,0.0,0.0,0.0,0.0,0.0,0.0,0.0,0.0,0.0,0
BS37 6,0.0,0.0,0.0,0.0,0.0,0.0,0.0,0.0,0.0,0.0,0
BS37 7,0.0,0.0,0.0,0.0,0.0,0.0,0.0,0.0,0.0,0.0,0
BS37 8,0.0,0.0,0.0,0.0,0.0,0.0,0.0,0.0,0.0,0.0,0
BS37 9,0.0,0.0,0.0,0.0,0.0,0.0,0.0,0.0,0.0,0.0,0
BS39 4,0.0,0.0,0.0,0.0,0.0,0.0,0.0,0.0,0.0,0.0,0
BS39 5,0.0,0.0,0.0,0.0,0.0,0.0,0.0,0.0,0.0,0.0,0
BS39 6,0.0,0.0,0.0,0.0,0.0,0.0,0.0,0.0,0.0,0.0,0
BS39 7,0.0,0.0,0.0,0.0,0.0,0.0,0.0,0.0,0.0,0.0,0
BS4 1,0.0,0.0,0.0,0.0,0.0,0.0,0.0,0.0,0.0,0.0,0
BS4 2,0.0,0.0,0.0,0.0,0.0,0.0,0.0,0.0,0.0,0.0,0
BS4 3,0.0,0.0,0.0,0.0,0.0,0.0,0.0,0.0,0.0,0.0,0
BS4 4,0.0,0.0,0.0,0.0,0.0,0.0,0.0,0.0,0.0,0.0,0
BS4 5,0.0,0.0,0.0,0.0,0.0,0.0,0.0,0.0,0.0,0.0,0
BS40 5,0.0,0.0,0.0,0.0,0.0,0.0,0.0,0.0,0.0,0.0,0
BS40 6,0.0,0.0,0.0,0.0,0.0,0.0,0.0,0.0,0.0,0.0,0
BS40 7,0.0,0.0,0.0,0.0,0.0,0.0,0.0,0.0,0.0,0.0,0
BS40 8,0.0,0.0,0.0,0.0,0.0,0.0,0.0,0.0,0.0,0.0,0
BS40 9,0.0,0.0,0.0,0.0,0.0,0.0,0.0,0.0,0.0,0.0,0
BS41 8,0.0,0.0,0.0,0.0,0.0,0.0,0.0,0.0,0.0,0.0,0
BS41 9,0.0,0.0,0.0,0.0,0.0,0.0,0.0,0.0,0.0,0.0,0
BS48 1,0.0,0.0,0.0,0.0,0.0,0.0,0.0,0.0,0.0,0.0,0
BS48 2,0.0,0.0,0.0,0.0,0.0,0.0,0.0,0.0,0.0,0.0,0
BS48 3,0.0,0.0,0.0,0.0,0.0,0.0,0.0,0.0,0.0,0.0,0
BS48 4,0.0,0.0,0.0,0.0,0.0,0.0,0.0,0.0,0.0,0.0,0
BS48 9,0.0,0.0,0.0,0.0,0.0,0.0,0.0,0.0,0.0,0.0,0
BS49 4,0.0,0.0,0.0,0.0,0.0,0.0,0.0,0.0,0.0,0.0,0
BS49 5,0.0,0.0,0.0,0.0,0.0,0.0,0.0,0.0,0.0,0.0,0
BS5 0,0.0,0.0,0.0,0.0,0.0,0.0,0.0,0.0,0.0,0.0,0
BS5 5,0.0,0.0,0.0,0.0,0.0,0.0,0.0,0.0,0.0,0.0,0
BS5 6,0.0,0.0,0.0,0.0,0.0,0.0,0.0,0.0,0.0,0.0,0
BS5 7,0.0,0.0,0.0,0.0,0.0,0.0,0.0,0.0,0.0,0.0,0
BS5 8,0.0,0.0,0.0,0.0,0.0,0.0,0.0,0.0,0.0,0.0,0
BS5 9,0.0,0.0,0.0,0.0,0.0,0.0,0.0,0.0,0.0,0.0,0
BS6 5,0.0,0.0,0.0,0.0,0.0,0.0,0.0,0.0,0.0,0.0,0
BS6 6,0.0,0.0,0.0,0.0,0.0,0.0,0.0,0.0,0.0,0.0,0
BS6 7,0.0,0.0,0.0,0.0,0.0,0.0,0.0,0.0,0.0,0.0,0
BS6 9,0.0,0.0,0.0,0.0,0.0,0.0,0.0,0.0,0.0,0.0,0
BS7 0,0.0,0.0,0.0,0.0,0.0,0.0,0.0,0.0,0.0,0.0,0
BS7 8,0.0,0.0,0.0,0.0,0.0,0.0,0.0,0.0,0.0,0.0,0
BS7 9,0.0,0.0,0.0,0.0,0.0,0.0,0.0,0.0,0.0,0.0,0
BS8 1,0.0,0.0,0.0,0.0,0.0,0.0,0.0,0.0,0.0,0.0,0
BS8 2,0.0,0.0,0.0,0.0,0.0,0.0,0.0,0.0,0.0,0.0,0
BS8 3,0.0,0.0,0.0,0.0,0.0,0.0,0.0,0.0,0.0,0.0,0
BS8 4,0.0,0.0,0.0,0.0,0.0,0.0,0.0,0.0,0.0,0.0,0
BS8 9,0.0,0.0,0.0,0.0,0.0,0.0,0.0,0.0,0.0,0.0,0
BS9 0,0.0,0.0,0.0,0.0,0.0,0.0,0.0,0.0,0.0,0.0,0
BS9 1,0.0,0.0,0.0,0.0,0.0,0.0,0.0,0.0,0.0,0.0,0
BS9 2,0.0,0.0,0.0,0.0,0.0,0.0,0.0,0.0,0.0,0.0,0
BS9 3,0.0,0.0,0.0,0.0,0.0,0.0,0.0,0.0,0.0,0.0,0
BS9 4,0.0,0.0,0.0,0.0,0.0,0.0,0.0,0.0,0.0,0.0,0
CA1 1,0.0,0.0,0.0,0.0,0.0,0.0,0.0,0.0,0.0,0.0,0
CA1 2,0.0,0.0,0.0,0.0,0.0,0.0,0.0,0.0,0.0,0.0,0
CA1 3,0.0,0.0,0.0,0.0,0.0,0.0,0.0,0.0,0.0,0.0,0
CA1 9,0.0,0.0,0.0,0.0,0.0,0.0,0.0,0.0,0.0,0.0,0
CA10 1,0.0,0.0,0.0,0.0,0.0,0.0,0.0,0.0,0.0,0.0,0
CA10 2,0.0,0.0,0.0,0.0,0.0,0.0,0.0,0.0,0.0,0.0,0
CA10 3,0.0,0.0,0.0,0.0,0.0,0.0,0.0,0.0,0.0,0.0,0
CA11 0,0.0,0.0,0.0,0.0,0.0,0.0,0.0,0.0,0.0,0.0,0
CA11 1,0.0,0.0,0.0,0.0,0.0,0.0,0.0,0.0,0.0,0.0,0
CA11 7,0.0,0.0,0.0,0.0,0.0,0.0,0.0,0.0,0.0,0.0,0
CA11 8,0.0,0.0,0.0,0.0,0.0,0.0,0.0,0.0,0.0,0.0,0
CA11 9,0.0,0.0,0.0,0.0,0.0,0.0,0.0,0.0,0.0,0.0,0
CA12 4,0.0,0.0,0.0,0.0,0.0,0.0,0.0,0.0,0.0,0.0,0
CA12 5,0.0,0.0,0.0,0.0,0.0,0.0,0.0,0.0,0.0,0.0,0
CA13 0,0.0,0.0,0.0,0.0,0.0,0.0,0.0,0.0,0.0,0.0,0
CA13 3,0.0,0.0,0.0,0.0,0.0,0.0,0.0,0.0,0.0,0.0,0
CA13 9,0.0,0.0,0.0,0.0,0.0,0.0,0.0,0.0,0.0,0.0,0
CA14 1,0.00631405,0.01709219,0.01642113,0.03876366,0.00871224,0.02006727,0.02392283,0.04394974,0.0,642993.1,1
CA14 2,0.00383224,0.01293087,0.00383224,0.01293087,0.00596381,0.01518577,0.00596381,0.01518577,0.0,92404.3,1
CA14 3,0.00732179,0.02412775,0.01756155,0.04825858,0.01147348,0.02804176,0.02512799,0.05544311,0.0,167180.4,1
CA14 4,0.0,0.0,0.0,0.0,0.0,0.0,0.0,0.0,0.0,0.0,0
CA14 5,0.00124327,0.0027601,0.03582226,0.07717499,0.00168498,0.00316217,0.05215144,0.08626233,0.0,40145.3,1
CA14 9,0.0,0.0,0.0,0.0,0.0,0.0,0.0,0.0,0.0,0.0,0
CA15 6,0.0030049,0.01117113,0.0062626,0.01793401,0.00468606,0.0135845,0.00757004,0.02192712,0.0,838376.0,1
CA15 7,0.0,0.0,0.0,0.0,0.0,0.0,0.0,0.0,0.0,0.0,0
CA15 8,0.00815238,0.02978448,0.05563364,0.12848093,0.01322749,0.03513018,0.07933287,0.14458631,0.0,686920.6,1
CA15 9,0.0,0.0,0.0,0.0,0.0,0.0,0.0,0.0,0.0,0.0,0
CA16 6,0.0,0.0,0.0,0.0,0.0,0.0,0.0,0.0,0.0,0.0,0
CA17 4,0.0,0.0,0.0,0.0,0.0,0.0,0.0,0.0,0.0,0.0,0
CA18 1,0.0028851,0.00983883,0.0030248,0.01161512,8.008e-05,0.01402535,0.00040503,0.01637016,0.0,240213.4,1
CA19 1,0.00134145,0.0044163,0.00134145,0.0044163,0.0009118,0.00572221,0.0009118,0.00572221,0.0,513468.5,1
CA2 4,0.0,0.0,0.0,0.0,0.0,0.0,0.0,0.0,0.0,0.0,0
CA2 5,0.0,0.0,0.0,0.0,0.0,0.0,0.0,0.0,0.0,0.0,0
CA2 6,0.0,0.0,0.0,0.0,0.0,0.0,0.0,0.0,0.0,0.0,0
CA2 7,0.0,0.0,0.0,0.0,0.0,0.0,0.0,0.0,0.0,0.0,0
CA20 1,0.00015018,0.00026445,0.00126101,0.00396708,0.00013603,0.00028566,0.00123334,0.00488064,0.0,41249.6,1
CA21 2,0.00086221,0.00086221,0.00587665,0.01236083,0.00057307,0.00086282,0.00797001,0.01349056,0.0,9305.2,1
CA22 2,0.00046517,0.00105759,0.00154785,0.00387877,0.0005748,0.00122538,0.00230646,0.00438161,0.0,66517.7,1
CA22 9,0.0,0.0,0.0,0.0,0.0,0.0,0.0,0.0,0.0,0.0,0
CA23 3,0.0,0.0,0.0,0.0,0.0,0.0,0.0,0.0,0.0,0.0,0
CA24 3,0.0,0.0,0.0,0.0,0.0,0.0,0.0,0.0,0.0,0.0,0
CA25 5,0.0,0.0,0.0,0.0,0.0,0.0,0.0,0.0,0.0,0.0,0
CA26 3,0.0,0.0,0.0,0.0,0.0,0.0,0.0,0.0,0.0,0.0,0
CA27 0,0.00281971,0.00794605,0.00983816,0.02532149,0.00428086,0.00927884,0.01488138,0.02885124,0.0,106549.3,1
CA28 0,0.0,0.0,0.0,0.0,0.0,0.0,0.0,0.0,0.0,0.0,0
CA28 6,0.0,0.0,0.01455019,0.03005814,0.0,0.0,0.0158852,0.03549335,0.0,0.0,1
CA28 7,0.00841326,0.01787089,0.02422261,0.0567029,0.01083895,0.01982646,0.0328096,0.06402853,0.0,67166.5,1
CA28 8,0.0,0.0,0.0,0.0,0.0,0.0,0.0,0.0,0.0,0.0,0
CA28 9,0.00435877,0.01289994,0.00438056,0.01289994,0.00670037,0.01499082,0.00670037,0.01495566,0.0,388022.4,1
CA3 0,0.0,0.0,0.0,0.0,0.0,0.0,0.0,0.0,0.0,0.0,0
CA3 8,0.0,0.0,0.0,0.0,0.0,0.0,0.0,0.0,0.0,0.0,0
CA3 9,0.0,0.0,0.0,0.0,0.0,0.0,0.0,0.0,0.0,0.0,0
CA4 0,0.0,0.0,0.0,0.0,0.0,0.0,0.0,0.0,0.0,0.0,0
CA4 8,0.0,0.0,0.0,0.0,0.0,0.0,0.0,0.0,0.0,0.0,0
CA4 9,0.0,0.0,0.0,0.0,0.0,0.0,0.0,0.0,0.0,0.0,0
CA5 6,0.00038852,0.00111252,0.00038852,0.00111252,0.00038851,0.00139176,0.00038851,0.00139176,0.0,97689.7,1
CA5 7,0.0,0.0,0.0,0.0,0.0,0.0,0.0,0.0,0.0,0.0,0
CA6 4,0.0,0.0,0.0,0.0,0.0,0.0,0.0,0.0,0.0,0.0,0
CA6 5,0.0,0.0,0.0,0.0,0.0,0.0,0.0,0.0,0.0,0.0,0
CA6 6,0.0,0.0,0.0,0.0,0.0,0.0,0.0,0.0,0.0,0.0,0
CA7 0,0.0,0.0,0.0,0.0,0.0,0.0,0.0,0.0,0.0,0.0,0
CA7 1,0.0,0.0,0.0,0.0,0.0,0.0,0.0,0.0,0.0,0.0,0
CA7 2,0.0,0.0,0.0,0.0,0.0,0.0,0.0,0.0,0.0,0.0,0
CA7 3,0.0,0.0,0.0,0.0,0.0,0.0,0.0,0.0,0.0,0.0,0
CA7 4,0.00104411,0.00407256,0.00153865,0.00536155,0.0008064,0.00604163,0.0010773,0.00772827,0.0,472168.5,1
CA7 5,0.00205564,0.00703014,0.00237173,0.0080129,0.00014322,0.00973909,0.0001794,0.01115639,0.0,899263.2,1
CA7 7,0.0,0.0,0.0,0.0,0.0,0.0,0.0,0.0,0.0,0.0,0
CA7 8,0.0,0.0,0.0,0.0,0.0,0.0,0.0,0.0,0.0,0.0,0
CA7 9,0.0,0.0,0.0,0.0,0.0,0.0,0.0,0.0,0.0,0.0,0
CA8 0,0.0,0.0,0.0,0.0,0.0,0.0,0.0,0.0,0.0,0.0,0
CA8 1,0.0,0.0,0.0,0.0,0.0,0.0,0.0,0.0,0.0,0.0,0
CA8 2,0.0,0.0,0.0,0.0,0.0,0.0,0.0,0.0,0.0,0.0,0
CA8 7,0.0,0.0,0.0,0.0,0.0,0.0,0.0,0.0,0.0,0.0,0
CA8 9,0.0,0.0,0.0,0.0,0.0,0.0,0.0,0.0,0.0,0.0,0
CA9 3,0.0,0.0,0.0,0.0,0.0,0.0,0.0,0.0,0.0,0.0,0
CB1 0,0.0,0.0,0.0,0.0,0.0,0.0,0.0,0.0,0.0,0.0,0
CB1 1,0.0,0.0,0.0,0.0,0.0,0.0,0.0,0.0,0.0,0.0,0
CB1 2,0.0,0.0,0.0,0.0,0.0,0.0,0.0,0.0,0.0,0.0,0
CB1 3,0.0,0.0,0.0,0.0,0.0,0.0,0.0,0.0,0.0,0.0,0
CB1 7,0.0,0.0,0.0,0.0,0.0,0.0,0.0,0.0,0.0,0.0,0
CB1 8,0.0,0.0,0.0,0.0,0.0,0.0,0.0,0.0,0.0,0.0,0
CB1 9,0.0,0.0,0.0,0.0,0.0,0.0,0.0,0.0,0.0,0.0,0
CB10 1,0.0,0.0,0.0,0.0,0.0,0.0,0.0,0.0,0.0,0.0,0
CB10 2,0.0,0.0,0.0,0.0,0.0,0.0,0.0,0.0,0.0,0.0,0
CB10 9,0.0,0.0,0.0,0.0,0.0,0.0,0.0,0.0,0.0,0.0,0
CB11 3,0.0,0.0,0.0,0.0,0.0,0.0,0.0,0.0,0.0,0.0,0
CB11 4,0.0,0.0,0.0,0.0,0.0,0.0,0.0,0.0,0.0,0.0,0
CB2 0,0.0,0.0,0.0,0.0,0.0,0.0,0.0,0.0,0.0,0.0,0
CB2 1,0.0,0.0,0.0,0.0,0.0,0.0,0.0,0.0,0.0,0.0,0
CB2 3,0.0,0.0,0.0,0.0,0.0,0.0,0.0,0.0,0.0,0.0,0
CB2 7,0.0,0.0,0.0,0.0,0.0,0.0,0.0,0.0,0.0,0.0,0
CB2 8,0.0,0.0,0.0,0.0,0.0,0.0,0.0,0.0,0.0,0.0,0
CB2 9,0.0,0.0,0.0,0.0,0.0,0.0,0.0,0.0,0.0,0.0,0
CB21 4,0.0,0.0,0.0,0.0,0.0,0.0,0.0,0.0,0.0,0.0,0
CB21 5,0.0,0.0,0.0,0.0,0.0,0.0,0.0,0.0,0.0,0.0,0
CB21 6,0.0,0.0,0.0,0.0,0.0,0.0,0.0,0.0,0.0,0.0,0
CB22 3,0.0,0.0,0.0,0.0,0.0,0.0,0.0,0.0,0.0,0.0,0
CB22 4,0.0,0.0,0.0,0.0,0.0,0.0,0.0,0.0,0.0,0.0,0
CB22 5,0.0,0.0,0.0,0.0,0.0,0.0,0.0,0.0,0.0,0.0,0
CB22 6,0.0,0.0,0.0,0.0,0.0,0.0,0.0,0.0,0.0,0.0,0
CB22 7,0.0,0.0,0.0,0.0,0.0,0.0,0.0,0.0,0.0,0.0,0
CB23 1,0.0,0.0,0.0,0.0,0.0,0.0,0.0,0.0,0.0,0.0,0
CB23 2,0.0,0.0,0.0,0.0,0.0,0.0,0.0,0.0,0.0,0.0,0
CB23 3,0.0,0.0,0.0,0.0,0.0,0.0,0.0,0.0,0.0,0.0,0
CB23 4,0.0,0.0,0.0,0.0,0.0,0.0,0.0,0.0,0.0,0.0,0
CB23 5,0.0,0.0,0.0,0.0,0.0,0.0,0.0,0.0,0.0,0.0,0
CB23 6,0.0,0.0,0.0,0.0,0.0,0.0,0.0,0.0,0.0,0.0,0
CB23 7,0.0,0.0,0.0,0.0,0.0,0.0,0.0,0.0,0.0,0.0,0
CB23 8,0.0,0.0,0.0,0.0,0.0,0.0,0.0,0.0,0.0,0.0,0
CB24 1,0.0,0.0,0.0,0.0,0.0,0.0,0.0,0.0,0.0,0.0,0
CB24 3,0.0,0.0,0.0,0.0,0.0,0.0,0.0,0.0,0.0,0.0,0
CB24 4,0.0,0.0,0.0,0.0,0.0,0.0,0.0,0.0,0.0,0.0,0
CB24 5,0.0,0.0,0.0,0.0,0.0,0.0,0.0,0.0,0.0,0.0,0
CB24 6,0.0,0.0,0.0,0.0,0.0,0.0,0.0,0.0,0.0,0.0,0
CB24 8,0.0,0.0,0.0,0.0,0.0,0.0,0.0,0.0,0.0,0.0,0
CB24 9,0.0,0.0,0.0,0.0,0.0,0.0,0.0,0.0,0.0,0.0,0
CB25 0,0.0,0.0,0.0,0.0,0.0,0.0,0.0,0.0,0.0,0.0,0
CB25 9,0.0,0.0,0.0,0.0,0.0,0.0,0.0,0.0,0.0,0.0,0
CB3 0,0.0,0.0,0.0,0.0,0.0,0.0,0.0,0.0,0.0,0.0,0
CB3 1,0.0,0.0,0.0,0.0,0.0,0.0,0.0,0.0,0.0,0.0,0
CB3 9,0.0,0.0,0.0,0.0,0.0,0.0,0.0,0.0,0.0,0.0,0
CB4 0,0.0,0.0,0.0,0.0,0.0,0.0,0.0,0.0,0.0,0.0,0
CB4 1,0.0,0.0,0.0,0.0,0.0,0.0,0.0,0.0,0.0,0.0,0
CB4 2,0.0,0.0,0.0,0.0,0.0,0.0,0.0,0.0,0.0,0.0,0
CB4 3,0.0,0.0,0.0,0.0,0.0,0.0,0.0,0.0,0.0,0.0,0
CB5 8,0.0,0.0,0.0,0.0,0.0,0.0,0.0,0.0,0.0,0.0,0
CB6 1,0.0,0.0,0.0,0.0,0.0,0.0,0.0,0.0,0.0,0.0,0
CB6 2,0.0,0.0,0.0,0.0,0.0,0.0,0.0,0.0,0.0,0.0,0
CB6 3,0.0,0.0,0.0,0.0,0.0,0.0,0.0,0.0,0.0,0.0,0
CB7 4,0.0,0.0,0.0,0.0,0.0,0.0,0.0,0.0,0.0,0.0,0
CB7 5,0.0,0.0,0.0,0.0,0.0,0.0,0.0,0.0,0.0,0.0,0
CB7 6,0.0,0.0,0.0,0.0,0.0,0.0,0.0,0.0,0.0,0.0,0
CB7 7,0.0,0.0,0.0,0.0,0.0,0.0,0.0,0.0,0.0,0.0,0
CB7 9,0.0,0.0,0.0,0.0,0.0,0.0,0.0,0.0,0.0,0.0,0
CB8 0,0.0,0.0,0.0,0.0,0.0,0.0,0.0,0.0,0.0,0.0,0
CB8 1,0.0,0.0,0.0,0.0,0.0,0.0,0.0,0.0,0.0,0.0,0
CB8 7,0.0,0.0,0.0,0.0,0.0,0.0,0.0,0.0,0.0,0.0,0
CB8 8,0.0,0.0,0.0,0.0,0.0,0.0,0.0,0.0,0.0,0.0,0
CB8 9,0.0,0.0,0.0,0.0,0.0,0.0,0.0,0.0,0.0,0.0,0
CB9 0,0.0,0.0,0.0,0.0,0.0,0.0,0.0,0.0,0.0,0.0,0
CB9 1,0.0,0.0,0.0,0.0,0.0,0.0,0.0,0.0,0.0,0.0,0
CB9 7,0.0,0.0,0.0,0.0,0.0,0.0,0.0,0.0,0.0,0.0,0
CB9 8,0.0,0.0,0.0,0.0,0.0,0.0,0.0,0.0,0.0,0.0,0
CB9 9,0.0,0.0,0.0,0.0,0.0,0.0,0.0,0.0,0.0,0.0,0
CF10 1,0.0,0.0,0.0,0.0,0.0,0.0,0.0,0.0,0.0,0.0,0
CF10 2,0.0,0.0,0.0,0.0,0.0,0.0,0.0,0.0,0.0,0.0,0
CF10 3,0.0,0.0,0.0,0.0,0.0,0.0,0.0,0.0,0.0,0.0,0
CF10 4,0.0,0.0,0.0,0.0,0.0,0.0,0.0,0.0,0.0,0.0,0
CF10 5,0.0,0.0,0.0,0.0,0.0,0.0,0.0,0.0,0.0,0.0,0
CF11 0,0.0,0.0,0.0,0.0,0.0,0.0,0.0,0.0,0.0,0.0,0
CF11 1,0.0,0.0,0.0,0.0,0.0,0.0,0.0,0.0,0.0,0.0,0
CF11 6,0.0,0.0,0.0,0.0,0.0,0.0,0.0,0.0,0.0,0.0,0
CF11 7,0.0,0.0,0.0,0.0,0.0,0.0,0.0,0.0,0.0,0.0,0
CF11 8,0.0,0.0,0.0,0.0,0.0,0.0,0.0,0.0,0.0,0.0,0
CF11 9,0.0,0.0,0.0,0.0,0.0,0.0,0.0,0.0,0.0,0.0,0
CF14 0,0.0,0.0,0.0,0.0,0.0,0.0,0.0,0.0,0.0,0.0,0
CF14 1,0.0,0.0,0.0,0.0,0.0,0.0,0.0,0.0,0.0,0.0,0
CF14 2,0.0,0.0,0.0,0.0,0.0,0.0,0.0,0.0,0.0,0.0,0
CF14 3,0.0,0.0,0.0,0.0,0.0,0.0,0.0,0.0,0.0,0.0,0
CF14 4,0.0,0.0,0.0,0.0,0.0,0.0,0.0,0.0,0.0,0.0,0
CF14 5,0.0,0.0,0.0,0.0,0.0,0.0,0.0,0.0,0.0,0.0,0
CF14 6,0.0,0.0,0.0,0.0,0.0,0.0,0.0,0.0,0.0,0.0,0
CF14 7,0.0,0.0,0.0,0.0,0.0,0.0,0.0,0.0,0.0,0.0,0
CF14 8,0.0,0.0,0.0,0.0,0.0,0.0,0.0,0.0,0.0,0.0,0
CF14 9,0.0,0.0,0.0,0.0,0.0,0.0,0.0,0.0,0.0,0.0,0
CF15 5,0.0,0.0,0.0,0.0,0.0,0.0,0.0,0.0,0.0,0.0,0
CF15 7,0.0,0.0,0.0,0.0,0.0,0.0,0.0,0.0,0.0,0.0,0
CF15 8,0.0,0.0,0.0,0.0,0.0,0.0,0.0,0.0,0.0,0.0,0
CF15 9,0.0,0.0,0.0,0.0,0.0,0.0,0.0,0.0,0.0,0.0,0
CF23 5,0.0,0.0,0.0,0.0,0.0,0.0,0.0,0.0,0.0,0.0,0
CF23 6,0.0,0.0,0.0,0.0,0.0,0.0,0.0,0.0,0.0,0.0,0
CF23 7,0.0,0.0,0.0,0.0,0.0,0.0,0.0,0.0,0.0,0.0,0
CF23 8,0.0,0.0,0.0,0.0,0.0,0.0,0.0,0.0,0.0,0.0,0
CF23 9,0.0,0.0,0.0,0.0,0.0,0.0,0.0,0.0,0.0,0.0,0
CF24 0,0.0,0.0,0.0,0.0,0.0,0.0,0.0,0.0,0.0,0.0,0
CF24 1,0.0,0.0,0.0,0.0,0.0,0.0,0.0,0.0,0.0,0.0,0
CF24 2,0.0,0.0,0.0,0.0,0.0,0.0,0.0,0.0,0.0,0.0,0
CF24 3,0.0,0.0,0.0,0.0,0.0,0.0,0.0,0.0,0.0,0.0,0
CF24 4,0.0,0.0,0.0,0.0,0.0,0.0,0.0,0.0,0.0,0.0,0
CF24 5,0.0,0.0,0.0,0.0,0.0,0.0,0.0,0.0,0.0,0.0,0
CF3 0,0.0,0.0,0.0,0.0,0.0,0.0,0.0,0.0,0.0,0.0,0
CF3 1,0.0,0.0,0.0,0.0,0.0,0.0,0.0,0.0,0.0,0.0,0
CF3 2,0.0,0.0,0.0,0.0,0.0,0.0,0.0,0.0,0.0,0.0,0
CF3 3,0.0,0.0,0.0,0.0,0.0,0.0,0.0,0.0,0.0,0.0,0
CF3 4,0.0,0.0,0.0,0.0,0.0,0.0,0.0,0.0,0.0,0.0,0
CF3 5,0.0,0.0,0.0,0.0,0.0,0.0,0.0,0.0,0.0,0.0,0
CF3 6,0.0,0.0,0.0,0.0,0.0,0.0,0.0,0.0,0.0,0.0,0
CF31 1,0.0,0.0,0.0,0.0,0.0,0.0,0.0,0.0,0.0,0.0,0
CF31 2,0.0,0.0,0.0,0.0,0.0,0.0,0.0,0.0,0.0,0.0,0
CF31 3,0.0,0.0,0.0,0.0,0.0,0.0,0.0,0.0,0.0,0.0,0
CF31 4,0.0,0.0,0.0,0.0,0.0,0.0,0.0,0.0,0.0,0.0,0
CF31 5,0.0,0.0,0.0,0.0,0.0,0.0,0.0,0.0,0.0,0.0,0
CF31 9,0.0,0.0,0.0,0.0,0.0,0.0,0.0,0.0,0.0,0.0,0
CF32 0,0.0,0.0,0.0,0.0,0.0,0.0,0.0,0.0,0.0,0.0,0
CF32 7,0.0,0.0,0.0,0.0,0.0,0.0,0.0,0.0,0.0,0.0,0
CF32 8,0.0,0.0,0.0,0.0,0.0,0.0,0.0,0.0,0.0,0.0,0
CF32 9,0.0,0.0,0.0,0.0,0.0,0.0,0.0,0.0,0.0,0.0,0
CF33 4,0.0,0.0,0.0,0.0,0.0,0.0,0.0,0.0,0.0,0.0,0
CF33 6,0.0,0.0,0.0,0.0,0.0,0.0,0.0,0.0,0.0,0.0,0
CF34 0,0.0,0.0,0.0,0.0,0.0,0.0,0.0,0.0,0.0,0.0,0
CF34 4,0.0,0.0,0.0,0.0,0.0,0.0,0.0,0.0,0.0,0.0,0
CF34 9,0.0,0.0,0.0,0.0,0.0,0.0,0.0,0.0,0.0,0.0,0
CF35 5,0.0,0.0,0.0,0.0,0.0,0.0,0.0,0.0,0.0,0.0,0
CF35 6,0.0,0.0,0.0,0.0,0.0,0.0,0.0,0.0,0.0,0.0,0
CF36 3,0.0,0.0,0.0,0.0,0.0,0.0,0.0,0.0,0.0,0.0,0
CF36 5,0.0,0.0,0.0,0.0,0.0,0.0,0.0,0.0,0.0,0.0,0
CF36 9,0.0,0.0,0.0,0.0,0.0,0.0,0.0,0.0,0.0,0.0,0
CF37 1,0.0,0.0,0.0,0.0,0.0,0.0,0.0,0.0,0.0,0.0,0
CF37 2,0.0,0.0,0.0,0.0,0.0,0.0,0.0,0.0,0.0,0.0,0
CF37 3,0.0,0.0,0.0,0.0,0.0,0.0,0.0,0.0,0.0,0.0,0
CF37 4,0.0,0.0,0.0,0.0,0.0,0.0,0.0,0.0,0.0,0.0,0
CF37 5,0.0,0.0,0.0,0.0,0.0,0.0,0.0,0.0,0.0,0.0,0
CF37 9,0.0,0.0,0.0,0.0,0.0,0.0,0.0,0.0,0.0,0.0,0
CF38 1,0.0,0.0,0.0,0.0,0.0,0.0,0.0,0.0,0.0,0.0,0
CF38 2,0.0,0.0,0.0,0.0,0.0,0.0,0.0,0.0,0.0,0.0,0
CF39 0,0.0,0.0,0.0,0.0,0.0,0.0,0.0,0.0,0.0,0.0,0
CF39 8,0.0,0.0,0.0,0.0,0.0,0.0,0.0,0.0,0.0,0.0,0
CF39 9,0.0,0.0,0.0,0.0,0.0,0.0,0.0,0.0,0.0,0.0,0
CF40 1,0.0,0.0,0.0,0.0,0.0,0.0,0.0,0.0,0.0,0.0,0
CF40 2,0.0,0.0,0.0,0.0,0.0,0.0,0.0,0.0,0.0,0.0,0
CF40 9,0.0,0.0,0.0,0.0,0.0,0.0,0.0,0.0,0.0,0.0,0
CF41 7,0.0,0.0,0.0,0.0,0.0,0.0,0.0,0.0,0.0,0.0,0
CF42 5,0.0,0.0,0.0,0.0,0.0,0.0,0.0,0.0,0.0,0.0,0
CF42 6,0.0,0.0,0.0,0.0,0.0,0.0,0.0,0.0,0.0,0.0,0
CF42 9,0.0,0.0,0.0,0.0,0.0,0.0,0.0,0.0,0.0,0.0,0
CF43 3,0.0,0.0,0.0,0.0,0.0,0.0,0.0,0.0,0.0,0.0,0
CF43 4,0.0,0.0,0.0,0.0,0.0,0.0,0.0,0.0,0.0,0.0,0
CF44 0,0.0,0.0,0.0,0.0,0.0,0.0,0.0,0.0,0.0,0.0,0
CF44 4,0.0,0.0,0.0,0.0,0.0,0.0,0.0,0.0,0.0,0.0,0
CF44 6,0.0,0.0,0.0,0.0,0.0,0.0,0.0,0.0,0.0,0.0,0
CF44 7,0.0,0.0,0.0,0.0,0.0,0.0,0.0,0.0,0.0,0.0,0
CF44 8,0.0,0.0,0.0,0.0,0.0,0.0,0.0,0.0,0.0,0.0,0
CF44 9,0.0,0.0,0.0,0.0,0.0,0.0,0.0,0.0,0.0,0.0,0
CF45 3,0.0,0.0,0.0,0.0,0.0,0.0,0.0,0.0,0.0,0.0,0
CF45 4,0.0,0.0,0.0,0.0,0.0,0.0,0.0,0.0,0.0,0.0,0
CF46 5,0.0,0.0,0.0,0.0,0.0,0.0,0.0,0.0,0.0,0.0,0
CF46 6,0.0,0.0,0.0,0.0,0.0,0.0,0.0,0.0,0.0,0.0,0
CF47 0,0.0,0.0,0.0,0.0,0.0,0.0,0.0,0.0,0.0,0.0,0
CF47 7,0.0,0.0,0.0,0.0,0.0,0.0,0.0,0.0,0.0,0.0,0
CF47 8,0.0,0.0,0.0,0.0,0.0,0.0,0.0,0.0,0.0,0.0,0
CF47 9,0.0,0.0,0.0,0.0,0.0,0.0,0.0,0.0,0.0,0.0,0
CF48 1,0.0,0.0,0.0,0.0,0.0,0.0,0.0,0.0,0.0,0.0,0
CF48 2,0.0,0.0,0.0,0.0,0.0,0.0,0.0,0.0,0.0,0.0,0
CF48 3,0.0,0.0,0.0,0.0,0.0,0.0,0.0,0.0,0.0,0.0,0
CF48 4,0.0,0.0,0.0,0.0,0.0,0.0,0.0,0.0,0.0,0.0,0
CF5 1,0.0,0.0,0.0,0.0,0.0,0.0,0.0,0.0,0.0,0.0,0
CF5 2,0.0,0.0,0.0,0.0,0.0,0.0,0.0,0.0,0.0,0.0,0
CF5 3,0.0,0.0,0.0,0.0,0.0,0.0,0.0,0.0,0.0,0.0,0
CF5 4,0.0,0.0,0.0,0.0,0.0,0.0,0.0,0.0,0.0,0.0,0
CF5 5,0.0,0.0,0.0,0.0,0.0,0.0,0.0,0.0,0.0,0.0,0
CF5 6,0.0,0.0,0.0,0.0,0.0,0.0,0.0,0.0,0.0,0.0,0
CF5 7,0.0,0.0,0.0,0.0,0.0,0.0,0.0,0.0,0.0,0.0,0
CF5 9,0.0,0.0,0.0,0.0,0.0,0.0,0.0,0.0,0.0,0.0,0
CF61 1,0.0,0.0,0.0,0.0,0.0,0.0,0.0,0.0,0.0,0.0,0
CF61 2,0.0,0.0,0.0,0.0,0.0,0.0,0.0,0.0,0.0,0.0,0
CF62 3,0.0,0.0,0.0,0.0,0.0,0.0,0.0,0.0,0.0,0.0,0
CF62 4,0.0,0.0,0.0,0.0,0.0,0.0,0.0,0.0,0.0,0.0,0
CF62 5,0.0,0.0,0.0,0.0,0.0,0.0,0.0,0.0,0.0,0.0,0
CF62 6,0.0,0.0,0.0,0.0,0.0,0.0,0.0,0.0,0.0,0.0,0
CF62 7,0.0,0.0,0.0,0.0,0.0,0.0,0.0,0.0,0.0,0.0,0
CF62 8,0.0,0.0,0.0,0.0,0.0,0.0,0.0,0.0,0.0,0.0,0
CF62 9,0.0,0.0,0.0,0.0,0.0,0.0,0.0,0.0,0.0,0.0,0
CF63 1,0.0,0.0,0.0,0.0,0.0,0.0,0.0,0.0,0.0,0.0,0
CF63 2,0.0,0.0,0.0,0.0,0.0,0.0,0.0,0.0,0.0,0.0,0
CF63 3,0.0,0.0,0.0,0.0,0.0,0.0,0.0,0.0,0.0,0.0,0
CF63 4,0.0,0.0,0.0,0.0,0.0,0.0,0.0,0.0,0.0,0.0,0
CF63 9,0.0,0.0,0.0,0.0,0.0,0.0,0.0,0.0,0.0,0.0,0
CF64 1,0.0,0.0,0.0,0.0,0.0,0.0,0.0,0.0,0.0,0.0,0
CF64 2,0.0,0.0,0.0,0.0,0.0,0.0,0.0,0.0,0.0,0.0,0
CF64 3,0.0,0.0,0.0,0.0,0.0,0.0,0.0,0.0,0.0,0.0,0
CF64 4,0.0,0.0,0.0,0.0,0.0,0.0,0.0,0.0,0.0,0.0,0
CF64 5,0.0,0.0,0.0,0.0,0.0,0.0,0.0,0.0,0.0,0.0,0
CF64 9,0.0,0.0,0.0,0.0,0.0,0.0,0.0,0.0,0.0,0.0,0
CF71 7,0.0,0.0,0.0,0.0,0.0,0.0,0.0,0.0,0.0,0.0,0
CF72 0,0.0,0.0,0.0,0.0,0.0,0.0,0.0,0.0,0.0,0.0,0
CF72 4,0.0,0.0,0.0,0.0,0.0,0.0,0.0,0.0,0.0,0.0,0
CF72 8,0.0,0.0,0.0,0.0,0.0,0.0,0.0,0.0,0.0,0.0,0
CF72 9,0.0,0.0,0.0,0.0,0.0,0.0,0.0,0.0,0.0,0.0,0
CF81 8,0.0,0.0,0.0,0.0,0.0,0.0,0.0,0.0,0.0,0.0,0
CF81 9,0.0,0.0,0.0,0.0,0.0,0.0,0.0,0.0,0.0,0.0,0
CF82 6,0.0,0.0,0.0,0.0,0.0,0.0,0.0,0.0,0.0,0.0,0
CF82 7,0.0,0.0,0.0,0.0,0.0,0.0,0.0,0.0,0.0,0.0,0
CF82 8,0.0,0.0,0.0,0.0,0.0,0.0,0.0,0.0,0.0,0.0,0
CF82 9,0.0,0.0,0.0,0.0,0.0,0.0,0.0,0.0,0.0,0.0,0
CF83 1,0.0,0.0,0.0,0.0,0.0,0.0,0.0,0.0,0.0,0.0,0
CF83 2,0.0,0.0,0.0,0.0,0.0,0.0,0.0,0.0,0.0,0.0,0
CF83 3,0.0,0.0,0.0,0.0,0.0,0.0,0.0,0.0,0.0,0.0,0
CF83 4,0.0,0.0,0.0,0.0,0.0,0.0,0.0,0.0,0.0,0.0,0
CF83 8,0.0,0.0,0.0,0.0,0.0,0.0,0.0,0.0,0.0,0.0,0
CF83 9,0.0,0.0,0.0,0.0,0.0,0.0,0.0,0.0,0.0,0.0,0
CH1 1,0.0,0.0,0.0,0.0,0.0,0.0,0.0,0.0,0.0,0.0,0
CH1 2,0.0,0.0,0.0,0.0,0.0,0.0,0.0,0.0,0.0,0.0,0
CH1 3,0.0,0.0,0.0,0.0,0.0,0.0,0.0,0.0,0.0,0.0,0
CH1 4,0.0,0.0,0.0,0.0,0.0,0.0,0.0,0.0,0.0,0.0,0
CH1 5,0.0,0.0,0.0,0.0,0.0,0.0,0.0,0.0,0.0,0.0,0
CH1 6,0.0,0.0,0.0,0.0,0.0,0.0,0.0,0.0,0.0,0.0,0
CH1 9,0.0,0.0,0.0,0.0,0.0,0.0,0.0,0.0,0.0,0.0,0
CH2 1,0.0,0.0,0.0,0.0,0.0,0.0,0.0,0.0,0.0,0.0,0
CH2 2,0.0,0.0,0.0,0.0,0.0,0.0,0.0,0.0,0.0,0.0,0
CH2 3,0.0,0.0,0.0,0.0,0.0,0.0,0.0,0.0,0.0,0.0,0
CH2 4,0.0,0.0,0.0,0.0,0.0,0.0,0.0,0.0,0.0,0.0,0
CH3 5,0.0,0.0,0.0,0.0,0.0,0.0,0.0,0.0,0.0,0.0,0
CH3 6,0.0,0.0,0.0,0.0,0.0,0.0,0.0,0.0,0.0,0.0,0
CH3 7,0.0,0.0,0.0,0.0,0.0,0.0,0.0,0.0,0.0,0.0,0
CH3 8,0.0,0.0,0.0,0.0,0.0,0.0,0.0,0.0,0.0,0.0,0
CH3 9,0.0,0.0,0.0,0.0,0.0,0.0,0.0,0.0,0.0,0.0,0
CH4 0,0.0,0.0,0.0,0.0,0.0,0.0,0.0,0.0,0.0,0.0,0
CH4 7,0.0,0.0,0.0,0.0,0.0,0.0,0.0,0.0,0.0,0.0,0
CH4 8,0.0,0.0,0.0,0.0,0.0,0.0,0.0,0.0,0.0,0.0,0
CH4 9,0.0,0.0,0.0,0.0,0.0,0.0,0.0,0.0,0.0,0.0,0
CH41 0,0.0,0.0,0.0,0.0,0.0,0.0,0.0,0.0,0.0,0.0,0
CH41 1,0.0,0.0,0.00726824,0.01152516,0.0,0.0,0.00767271,0.01287966,0.0,0.0,1
CH41 2,0.0,0.0,0.0,0.0,0.0,0.0,0.0,0.0,0.0,0.0,0
CH41 3,0.0,0.0,0.0,0.0,0.0,0.0,0.0,0.0,0.0,0.0,0
CH41 4,0.0,0.0,0.0,0.0,0.0,0.0,0.0,0.0,0.0,0.0,0
CH41 5,0.0,0.0,0.0,0.0,0.0,0.0,0.0,0.0,0.0,0.0,0
CH41 6,0.0,0.0,0.0,0.0,0.0,0.0,0.0,0.0,0.0,0.0,0
CH41 7,0.0,0.0,0.0,0.0,0.0,0.0,0.0,0.0,0.0,0.0,0
CH41 8,0.0,0.0,0.0,0.0,0.0,0.0,0.0,0.0,0.0,0.0,0
CH41 9,0.0,0.0,0.0,0.0,0.0,0.0,0.0,0.0,0.0,0.0,0
CH42 0,0.0,0.0,0.0,0.0,0.0,0.0,0.0,0.0,0.0,0.0,0
CH42 1,0.0,0.0,0.02138442,0.04936079,0.0,0.0,0.01840445,0.06024263,0.0,0.0,1
CH42 2,0.0,0.0,0.0,0.0,0.0,0.0,0.0,0.0,0.0,0.0,0
CH42 3,0.0,0.0,0.0,0.0,0.0,0.0,0.0,0.0,0.0,0.0,0
CH42 4,0.0,0.0,0.0,0.0,0.0,0.0,0.0,0.0,0.0,0.0,0
CH42 5,0.0,0.0,0.0,0.0,0.0,0.0,0.0,0.0,0.0,0.0,0
CH42 6,0.0,0.0,0.0,0.0,0.0,0.0,0.0,0.0,0.0,0.0,0
CH42 7,0.0,0.0,0.0,0.0,0.0,0.0,0.0,0.0,0.0,0.0,0
CH42 8,0.0,0.0,0.0,0.0,0.0,0.0,0.0,0.0,0.0,0.0,0
CH42 9,0.0,0.0,0.0,0.0,0.0,0.0,0.0,0.0,0.0,0.0,0
CH43 0,0.0,0.0,0.0,0.0,0.0,0.0,0.0,0.0,0.0,0.0,0
CH43 1,0.0,0.0,0.0,0.0,0.0,0.0,0.0,0.0,0.0,0.0,0
CH43 2,0.0,0.0,0.0,0.0,0.0,0.0,0.0,0.0,0.0,0.0,0
CH43 3,0.0,0.0,0.0,0.0,0.0,0.0,0.0,0.0,0.0,0.0,0
CH43 4,0.0,0.0,0.0,0.0,0.0,0.0,0.0,0.0,0.0,0.0,0
CH43 5,0.0,0.0,0.0,0.0,0.0,0.0,0.0,0.0,0.0,0.0,0
CH43 6,0.0,0.0,0.0,0.0,0.0,0.0,0.0,0.0,0.0,0.0,0
CH43 7,0.0,0.0,0.0,0.0,0.0,0.0,0.0,0.0,0.0,0.0,0
CH43 8,0.0,0.0,0.0,0.0,0.0,0.0,0.0,0.0,0.0,0.0,0
CH43 9,0.0,0.0,0.0,0.0,0.0,0.0,0.0,0.0,0.0,0.0,0
CH44 0,0.0,0.0,0.04014492,0.06852035,0.0,0.0,0.04280597,0.07793787,0.0,0.0,1
CH44 1,0.0,0.0,0.0,0.0,0.0,0.0,0.0,0.0,0.0,0.0,0
CH44 2,0.0,0.0,0.0,0.0,0.0,0.0,0.0,0.0,0.0,0.0,0
CH44 3,0.0,0.0,0.0,0.0,0.0,0.0,0.0,0.0,0.0,0.0,0
CH44 4,0.0,0.0,0.010583,0.0177682,0.0,0.0,0.01136269,0.01957015,0.0,0.0,1
CH44 5,0.0,0.0,0.0,0.0,0.0,0.0,0.0,0.0,0.0,0.0,0
CH44 6,0.0,0.0,0.06552672,0.11507671,0.0,0.0,0.07031666,0.13129269,0.0,0.0,1
CH44 7,0.0,0.0,0.0,0.00016709,0.0,0.0,0.0,0.00071896,0.0,0.0,1
CH44 8,0.0,0.0,0.05695975,0.09685954,0.0,0.0,0.06070521,0.11042474,0.0,0.0,1
CH44 9,0.0,0.0,0.0,0.0,0.0,0.0,0.0,0.0,0.0,0.0,0
CH45 0,0.0,0.0,0.06738235,0.14997064,0.0,0.0,0.11193282,0.16384544,0.0,0.0,1
CH45 1,0.0,0.0,0.05174849,0.08732252,0.0,0.0,0.05510503,0.09914308,0.0,0.0,1
CH45 2,0.00032313,0.00086375,0.06297219,0.11195033,0.00024295,0.00100318,0.08399729,0.12221259,0.0,5657.1,1
CH45 3,0.0,0.04311161,0.04259091,0.07756313,0.03062843,0.04769378,0.06002442,0.0835297,0.0,547949.1,1
CH45 4,0.0,0.0,0.0,0.0,0.0,0.0,0.0,0.0,0.0,0.0,0
CH45 5,0.0,0.0,0.0,0.0,0.0,0.0,0.0,0.0,0.0,0.0,0
CH45 6,0.0,0.0,0.0,0.0,0.0,0.0,0.0,0.0,0.0,0.0,0
CH45 7,0.0,0.0,0.03600845,0.05630192,0.0,0.0,0.03787649,0.06321644,0.0,0.0,1
CH45 8,0.0,0.12549187,0.05852007,0.12829319,0.08364726,0.14091982,0.08764198,0.1434814,0.0,371859.7,1
CH45 9,0.0,0.0,0.0,0.0,0.0,0.0,0.0,0.0,0.0,0.0,0
CH46 0,0.0,0.0,0.0,0.0,0.0,0.0,0.0,0.0,0.0,0.0,0
CH46 1,0.0,0.0,0.0,0.0,0.0,0.0,0.0,0.0,0.0,0.0,0
CH46 2,0.0,0.26245205,0.10087163,0.30725773,0.14200495,0.30591754,0.19825742,0.34851762,0.0,253072.3,1
CH46 3,0.0,0.04535043,0.08052595,0.13973929,0.0322682,0.04978072,0.11230105,0.14942017,0.0,319777.3,1
CH46 4,0.0,0.0,0.09842239,0.17186202,0.0,0.0,0.13797374,0.18406012,0.0,0.0,1
CH46 5,0.0,0.0,0.0,0.0,0.0,0.0,0.0,0.0,0.0,0.0,0
CH46 6,0.0,0.0,0.0,0.0,0.0,0.0,0.0,0.0,0.0,0.0,0
CH46 7,0.0,0.0,0.0,0.0,0.0,0.0,0.0,0.0,0.0,0.0,0
CH46 8,0.0,0.0,0.0,0.0,0.0,0.0,0.0,0.0,0.0,0.0,0
CH46 9,0.0,0.0,0.0,0.0,0.0,0.0,0.0,0.0,0.0,0.0,0
CH47 0,0.0,0.0,0.0,0.0,0.0,0.0,0.0,0.0,0.0,0.0,0
CH47 1,0.0,0.0,0.01144138,0.02864172,0.0,0.0,0.01327008,0.03465103,0.0,0.0,1
CH47 2,0.0,0.0,0.0,0.0,0.0,0.0,0.0,0.0,0.0,0.0,0
CH47 3,0.0,0.0,0.00800345,0.01335428,0.0,0.0,0.01131037,0.01406806,0.0,0.0,1
CH47 4,0.0,0.0,0.00026334,0.00219699,0.0,0.0,0.00036705,0.00349526,0.0,0.0,1
CH47 5,0.0,0.0,0.02127344,0.02938125,0.0,0.0,0.02626918,0.03052975,0.0,0.0,1
CH47 6,0.0,0.0,0.03401205,0.0598094,0.0,0.0,0.0500304,0.06296899,0.0,0.0,1
CH47 7,0.0,0.0,0.04102043,0.06868937,0.0,0.0,0.05825492,0.07248366,0.0,0.0,1
CH47 8,0.0,0.0,0.05978841,0.13144405,0.0,0.0,0.10301846,0.14160062,0.0,0.0,1
CH47 9,0.0,0.0,0.0,0.0,0.0,0.0,0.0,0.0,0.0,0.0,0
CH48 0,0.0,0.0,0.02439004,0.04934954,0.0,0.0,0.02631056,0.05769912,0.0,0.0,1
CH48 1,0.00024988,0.00084539,0.00222622,0.00545887,0.00039911,0.00099424,0.00305809,0.00614779,0.0,8895.0,1
CH48 2,0.0,0.00330354,0.00170412,0.00432673,0.00180935,0.0037741,0.00237151,0.00492158,0.0,88009.3,1
CH48 3,0.0,0.04737733,0.02954425,0.06381716,0.02323549,0.05673269,0.03292834,0.0757048,0.0,199281.1,1
CH48 4,0.0,0.0,0.00596959,0.04142183,0.0,0.0,0.01056094,0.05429401,0.0,0.0,1
CH48 5,0.0,0.0,0.00732039,0.01833757,0.0,0.0,0.00868468,0.02200839,0.0,0.0,1
CH48 6,0.0,0.0,0.0,0.0,0.0,0.0,0.0,0.0,0.0,0.0,0
CH48 7,0.0,0.0,0.0,0.0,0.0,0.0,0.0,0.0,0.0,0.0,0
CH48 8,0.0,0.0,0.0,0.0,0.0,0.0,0.0,0.0,0.0,0.0,0
CH48 9,0.0,0.0,0.0,0.0,0.0,0.0,0.0,0.0,0.0,0.0,0
CH49 0,0.0,0.0,0.0,0.0,0.0,0.0,0.0,0.0,0.0,0.0,0
CH49 1,0.0,0.0,0.0,0.0,0.0,0.0,0.0,0.0,0.0,0.0,0
CH49 2,0.0,0.0,0.0,0.0,0.0,0.0,0.0,0.0,0.0,0.0,0
CH49 3,0.0,0.0,0.0,0.0,0.0,0.0,0.0,0.0,0.0,0.0,0
CH49 4,0.0,0.0,0.0,0.0,0.0,0.0,0.0,0.0,0.0,0.0,0
CH49 5,0.0,0.0,0.0,0.0,0.0,0.0,0.0,0.0,0.0,0.0,0
CH49 6,0.0,0.0,0.0,0.0,0.0,0.0,0.0,0.0,0.0,0.0,0
CH49 7,0.0,0.0,0.0,0.0,0.0,0.0,0.0,0.0,0.0,0.0,0
CH49 8,0.0,0.0,0.0,0.0,0.0,0.0,0.0,0.0,0.0,0.0,0
CH49 9,0.0,0.0,0.0,0.0,0.0,0.0,0.0,0.0,0.0,0.0,0
CH5 1,0.0,0.0,0.0,0.0,0.0,0.0,0.0,0.0,0.0,0.0,0
CH5 2,6.573e-05,0.00045229,6.573e-05,0.00045229,0.0,0.00078387,0.0,0.00078387,0.0,10848.5,1
CH5 3,0.0,0.0,0.0,0.0,0.0,0.0,0.0,0.0,0.0,0.0,0
CH5 4,0.0,0.0,0.0,0.0,0.0,0.0,0.0,0.0,0.0,0.0,0
CH5 9,0.0,0.0,0.0,0.0,0.0,0.0,0.0,0.0,0.0,0.0,0
CH6 5,0.0,0.0,0.0,0.0,0.0,0.0,0.0,0.0,0.0,0.0,0
CH6 6,0.0,0.0,0.0,0.0,0.0,0.0,0.0,0.0,0.0,0.0,0
CH6 9,0.0,0.0,0.0,0.0,0.0,0.0,0.0,0.0,0.0,0.0,0
CH60 0,0.0,0.0,0.0,0.0,0.0,0.0,0.0,0.0,0.0,0.0,0
CH60 1,0.0,0.0,0.0,0.0,0.0,0.0,0.0,0.0,0.0,0.0,0
CH60 2,0.0,0.0,0.0,0.0,0.0,0.0,0.0,0.0,0.0,0.0,0
CH60 3,0.0,0.0,0.0,0.0,0.0,0.0,0.0,0.0,0.0,0.0,0
CH60 4,0.00133254,0.00405717,0.00507593,0.01311601,0.00082122,0.00544983,0.00610308,0.01773806,0.0,3609.4,1
CH60 5,0.0,0.0,0.0,0.0,0.0,0.0,0.0,0.0,0.0,0.0,0
CH60 6,0.0,0.0,0.0,0.0,0.0,0.0,0.0,0.0,0.0,0.0,0
CH60 7,0.0,0.0,0.0,0.0,0.0,0.0,0.0,0.0,0.0,0.0,0
CH60 8,0.00078005,0.00203504,0.00648306,0.01913564,0.00048245,0.00251349,0.01188548,0.02531308,0.0,11911.5,1
CH60 9,0.00135789,0.00422983,0.00462449,0.01299686,0.0020276,0.00509355,0.0072618,0.01632842,0.0,50729.7,1
CH61 0,0.00233856,0.00781978,0.00234339,0.00782874,0.00372357,0.00917571,0.00373052,0.00918585,0.0,56415.7,1
CH61 1,0.0,0.0,0.0,0.0,0.0,0.0,0.0,0.0,0.0,0.0,0
CH61 2,0.0,0.0,0.0,0.0,0.0,0.0,0.0,0.0,0.0,0.0,0
CH61 3,0.0,0.0,0.0,0.0,0.0,0.0,0.0,0.0,0.0,0.0,0
CH61 4,0.0,0.0,0.0,0.0,0.0,0.0,0.0,0.0,0.0,0.0,0
CH61 5,0.0,0.0,0.0,0.0,0.0,0.0,0.0,0.0,0.0,0.0,0
CH61 6,0.0,0.0,0.0,0.0,0.0,0.0,0.0,0.0,0.0,0.0,0
CH61 7,0.0,0.0,0.0,0.0,0.0,0.0,0.0,0.0,0.0,0.0,0
CH61 8,0.0,0.0,0.0,0.0,0.0,0.0,0.0,0.0,0.0,0.0,0
CH61 9,0.0,0.0,0.0,0.0,0.0,0.0,0.0,0.0,0.0,0.0,0
CH62 0,0.0,0.0,0.00164448,0.00245892,0.0,0.0,0.00213021,0.0024556,0.0,0.0,1
CH62 1,0.0,0.0,0.07099676,0.13073729,0.0,0.0,0.0692646,0.15104603,0.0,0.0,1
CH62 2,0.0,0.0,0.0,0.0,0.0,0.0,0.0,0.0,0.0,0.0,0
CH62 3,0.0,0.0,0.00186621,0.00348021,0.0,0.0,0.00263106,0.00373524,0.0,0.0,1
CH62 4,0.0,0.0,0.01623327,0.02990529,0.0,0.0,0.02309852,0.03209813,0.0,0.0,1
CH62 5,0.0,0.0,0.0,0.0,0.0,0.0,0.0,0.0,0.0,0.0,0
CH62 6,0.0,0.0,0.0,0.0,0.0,0.0,0.0,0.0,0.0,0.0,0
CH62 7,0.0,0.0,0.0,0.0,0.0,0.0,0.0,0.0,0.0,0.0,0
CH62 8,0.0,0.0,0.0,0.0,0.0,0.0,0.0,0.0,0.0,0.0,0
CH62 9,0.0,0.0,0.0,0.0,0.0,0.0,0.0,0.0,0.0,0.0,0
CH63 0,0.0,0.0,0.0,0.0,0.0,0.0,0.0,0.0,0.0,0.0,0
CH63 1,0.0,0.0,0.0,0.0,0.0,0.0,0.0,0.0,0.0,0.0,0
CH63 2,0.0,0.0,0.0,0.0,0.0,0.0,0.0,0.0,0.0,0.0,0
CH63 3,0.0,0.0,0.0,0.0,0.0,0.0,0.0,0.0,0.0,0.0,0
CH63 4,0.0,0.0,0.0,0.0,0.0,0.0,0.0,0.0,0.0,0.0,0
CH63 5,0.0,0.0,0.0,0.0,0.0,0.0,0.0,0.0,0.0,0.0,0
CH63 6,0.0,0.0,0.0,0.0,0.0,0.0,0.0,0.0,0.0,0.0,0
CH63 7,0.0,0.0,0.0,0.0,0.0,0.0,0.0,0.0,0.0,0.0,0
CH63 8,0.0,0.0,0.0,0.0,0.0,0.0,0.0,0.0,0.0,0.0,0
CH63 9,0.0,0.0,0.0,0.0,0.0,0.0,0.0,0.0,0.0,0.0,0
CH64 0,0.0188636,0.06430718,0.0188636,0.06430718,0.0,0.08765095,0.0,0.08765095,0.0,571060.4,1
CH64 1,0.0,0.0,0.0,0.0,0.0,0.0,0.0,0.0,0.0,0.0,0
CH64 2,0.0,0.0,0.0,0.0,0.0,0.0,0.0,0.0,0.0,0.0,0
CH64 3,0.0,0.0,0.0,0.0,0.0,0.0,0.0,0.0,0.0,0.0,0
CH64 4,0.0,0.0,0.0,0.0,0.0,0.0,0.0,0.0,0.0,0.0,0
CH64 5,0.00114081,0.00804833,0.00114081,0.00804833,0.0,0.01429441,0.0,0.01429441,0.0,92615.8,1
CH64 6,0.00411541,0.01365043,0.00922332,0.02898154,2.99e-06,0.01834172,0.01022111,0.03878495,0.0,144449.0,1
CH64 7,0.0,0.0,0.0,0.0,0.0,0.0,0.0,0.0,0.0,0.0,0
CH64 8,0.0,0.0,0.0,0.0,0.0,0.0,0.0,0.0,0.0,0.0,0
CH64 9,0.0,0.0,0.0,0.0,0.0,0.0,0.0,0.0,0.0,0.0,0
CH65 0,0.0,0.0,0.0,0.0,0.0,0.0,0.0,0.0,0.0,0.0,0
CH65 1,0.0,0.0,0.00026389,0.00052811,0.0,0.0,0.00052811,0.00052811,0.0,0.0,1
CH65 2,0.0,0.0,1.003e-05,1.976e-05,0.0,0.0,1.976e-05,1.976e-05,0.0,0.0,1
CH65 3,0.0,0.0,0.0,0.0,0.0,0.0,0.0,0.0,0.0,0.0,0
CH65 4,0.0,0.0,0.0,0.00082911,0.0,0.0,0.00082911,0.00082911,0.0,0.0,1
CH65 5,0.0,0.0,0.0,0.0,0.0,0.0,0.0,0.0,0.0,0.0,0
CH65 6,0.0,0.0,0.0,0.0,0.0,0.0,0.0,0.0,0.0,0.0,0
CH65 7,0.0,0.0,0.0,0.0,0.0,0.0,0.0,0.0,0.0,0.0,0
CH65 8,0.0,0.0,0.0,0.0,0.0,0.0,0.0,0.0,0.0,0.0,0
CH65 9,0.0,0.0,0.0,0.0,0.0,0.0,0.0,0.0,0.0,0.0,0
CH66 0,0.0,0.0,0.0,0.0,0.0,0.0,0.0,0.0,0.0,0.0,0
CH66 1,0.0,0.0,0.0,0.0,0.0,0.0,0.0,0.0,0.0,0.0,0
CH66 2,0.0,0.0,0.0,0.0,0.0,0.0,0.0,0.0,0.0,0.0,0
CH66 3,0.0,0.0,0.0,0.0,0.0,0.0,0.0,0.0,0.0,0.0,0
CH66 4,0.0,0.0,0.0,0.0,0.0,0.0,0.0,0.0,0.0,0.0,0
CH66 5,0.0,0.0,0.0,0.0,0.0,0.0,0.0,0.0,0.0,0.0,0
CH66 6,0.0,0.0,0.0,0.0,0.0,0.0,0.0,0.0,0.0,0.0,0
CH66 7,0.0,0.0,0.0,0.0,0.0,0.0,0.0,0.0,0.0,0.0,0
CH66 8,0.0,0.0,0.0,0.0,0.0,0.0,0.0,0.0,0.0,0.0,0
CH66 9,0.0,0.0,0.0,0.0,0.0,0.0,0.0,0.0,0.0,0.0,0
CH7 1,0.0,0.0,0.0,0.0,0.0,0.0,0.0,0.0,0.0,0.0,0
CH7 2,0.0,0.0,0.0,0.0,0.0,0.0,0.0,0.0,0.0,0.0,0
CH7 3,0.0,0.0,0.0,0.0,0.0,0.0,0.0,0.0,0.0,0.0,0
CH7 4,0.0,0.0,0.0,0.0,0.0,0.0,0.0,0.0,0.0,0.0,0
CH7 5,0.0,0.0,0.0,0.0,0.0,0.0,0.0,0.0,0.0,0.0,0
CH7 6,0.0,0.0,0.0,0.0,0.0,0.0,0.0,0.0,0.0,0.0,0
CH7 9,0.0,0.0,0.0,0.0,0.0,0.0,0.0,0.0,0.0,0.0,0
CH8 7,0.0,0.0,0.0,0.0,0.0,0.0,0.0,0.0,0.0,0.0,0
CH8 8,0.0,0.0,0.0,0.0,0.0,0.0,0.0,0.0,0.0,0.0,0
CH8 9,0.0,0.0,0.0,0.0,0.0,0.0,0.0,0.0,0.0,0.0,0
CM0 7,0.0,0.0,0.00011823,0.00043059,0.0,0.0,3.493e-05,0.00060594,0.0,0.0,1
CM0 8,2.702e-05,8.184e-05,0.00051252,0.00097083,1.348e-05,0.00010961,0.00065819,0.00108962,0.0,3008.7,1
CM1 1,0.0,0.0,0.0,0.0,0.0,0.0,0.0,0.0,0.0,0.0,0
CM1 2,0.0,0.0,0.0,0.0,0.0,0.0,0.0,0.0,0.0,0.0,0
CM1 3,0.0,0.0,0.0,0.0,0.0,0.0,0.0,0.0,0.0,0.0,0
CM1 4,0.0,0.0,0.0,0.0,0.0,0.0,0.0,0.0,0.0,0.0,0
CM1 6,0.0,0.0,0.0,0.0,0.0,0.0,0.0,0.0,0.0,0.0,0
CM1 7,0.0,0.0,0.0,0.0,0.0,0.0,0.0,0.0,0.0,0.0,0
CM1 9,0.0,0.0,0.0,0.0,0.0,0.0,0.0,0.0,0.0,0.0,0
CM11 1,0.0,0.0,0.0,0.0,0.0,0.0,0.0,0.0,0.0,0.0,0
CM11 2,0.0,0.0,0.0,0.0,0.0,0.0,0.0,0.0,0.0,0.0,0
CM12 0,0.0,0.0,0.0,0.0,0.0,0.0,0.0,0.0,0.0,0.0,0
CM12 2,0.0,0.0,0.0,0.0,0.0,0.0,0.0,0.0,0.0,0.0,0
CM12 9,0.0,0.0,0.0,0.0,0.0,0.0,0.0,0.0,0.0,0.0,0
CM13 1,0.0,0.0,0.0,0.0,0.0,0.0,0.0,0.0,0.0,0.0,0
CM13 2,0.0,0.0,0.0,0.0,0.0,0.0,0.0,0.0,0.0,0.0,0
CM13 3,0.0,0.0,0.0,0.0,0.0,0.0,0.0,0.0,0.0,0.0,0
CM14 4,0.0,0.0,0.0,0.0,0.0,0.0,0.0,0.0,0.0,0.0,0
CM14 5,0.0,0.0,0.0,0.0,0.0,0.0,0.0,0.0,0.0,0.0,0
CM14 9,0.0,0.0,0.0,0.0,0.0,0.0,0.0,0.0,0.0,0.0,0
CM15 0,0.0,0.0,0.0,0.0,0.0,0.0,0.0,0.0,0.0,0.0,0
CM15 8,0.0,0.0,0.0,0.0,0.0,0.0,0.0,0.0,0.0,0.0,0
CM15 9,0.0,0.0,0.0,0.0,0.0,0.0,0.0,0.0,0.0,0.0,0
CM16 4,0.0,0.0,0.0,0.0,0.0,0.0,0.0,0.0,0.0,0.0,0
CM16 5,0.0,0.0,0.0,0.0,0.0,0.0,0.0,0.0,0.0,0.0,0
CM16 6,0.0,0.0,0.0,0.0,0.0,0.0,0.0,0.0,0.0,0.0,0
CM16 7,0.0,0.0,0.0,0.0,0.0,0.0,0.0,0.0,0.0,0.0,0
CM16 9,0.0,0.0,0.0,0.0,0.0,0.0,0.0,0.0,0.0,0.0,0
CM17 0,0.0,0.0,0.0,0.0,0.0,0.0,0.0,0.0,0.0,0.0,0
CM17 9,0.0,0.0,0.0,0.0,0.0,0.0,0.0,0.0,0.0,0.0,0
CM18 6,0.0,0.0,0.0,0.0,0.0,0.0,0.0,0.0,0.0,0.0,0
CM18 7,0.0,0.0,0.0,0.0,0.0,0.0,0.0,0.0,0.0,0.0,0
CM19 4,0.0,0.0,0.0,0.0,0.0,0.0,0.0,0.0,0.0,0.0,0
CM19 5,0.0,0.0,0.0,0.0,0.0,0.0,0.0,0.0,0.0,0.0,0
CM2 0,0.0,0.0,0.0,0.0,0.0,0.0,0.0,0.0,0.0,0.0,0
CM2 5,0.0,0.0,0.0,0.0,0.0,0.0,0.0,0.0,0.0,0.0,0
CM2 6,0.0,0.0,0.0,0.0,0.0,0.0,0.0,0.0,0.0,0.0,0
CM2 7,0.0,0.0,0.0,0.0,0.0,0.0,0.0,0.0,0.0,0.0,0
CM2 8,0.0,0.0,0.0,0.0,0.0,0.0,0.0,0.0,0.0,0.0,0
CM2 9,0.0,0.0,0.0,0.0,0.0,0.0,0.0,0.0,0.0,0.0,0
CM20 1,0.0,0.0,0.0,0.0,0.0,0.0,0.0,0.0,0.0,0.0,0
CM20 2,0.0,0.0,0.0,0.0,0.0,0.0,0.0,0.0,0.0,0.0,0
CM20 3,0.0,0.0,0.0,0.0,0.0,0.0,0.0,0.0,0.0,0.0,0
CM20 9,0.0,0.0,0.0,0.0,0.0,0.0,0.0,0.0,0.0,0.0,0
CM21 0,0.0,0.0,0.0,0.0,0.0,0.0,0.0,0.0,0.0,0.0,0
CM21 1,0.0,0.0,0.0,0.0,0.0,0.0,0.0,0.0,0.0,0.0,0
CM21 9,0.0,0.0,0.0,0.0,0.0,0.0,0.0,0.0,0.0,0.0,0
CM22 6,0.0,0.0,0.0,0.0,0.0,0.0,0.0,0.0,0.0,0.0,0
CM22 7,0.0,0.0,0.0,0.0,0.0,0.0,0.0,0.0,0.0,0.0,0
CM23 0,0.0,0.0,0.0,0.0,0.0,0.0,0.0,0.0,0.0,0.0,0
CM23 1,0.0,0.0,0.0,0.0,0.0,0.0,0.0,0.0,0.0,0.0,0
CM23 2,0.0,0.0,0.0,0.0,0.0,0.0,0.0,0.0,0.0,0.0,0
CM23 3,0.0,0.0,0.0,0.0,0.0,0.0,0.0,0.0,0.0,0.0,0
CM23 4,0.0,0.0,0.0,0.0,0.0,0.0,0.0,0.0,0.0,0.0,0
CM23 5,0.0,0.0,0.0,0.0,0.0,0.0,0.0,0.0,0.0,0.0,0
CM23 9,0.0,0.0,0.0,0.0,0.0,0.0,0.0,0.0,0.0,0.0,0
CM24 1,0.0,0.0,0.0,0.0,0.0,0.0,0.0,0.0,0.0,0.0,0
CM24 8,0.0,0.0,0.0,0.0,0.0,0.0,0.0,0.0,0.0,0.0,0
CM3 1,0.0,0.0,0.0,0.0,0.0,0.0,0.0,0.0,0.0,0.0,0
CM3 2,0.0,0.0,0.0,0.0,0.0,0.0,0.0,0.0,0.0,0.0,0
CM3 3,0.0,0.0,0.0,0.0,0.0,0.0,0.0,0.0,0.0,0.0,0
CM3 4,0.0,0.0,0.0,0.0,0.0,0.0,0.0,0.0,0.0,0.0,0
CM3 5,0.0,0.0,0.0,0.0,0.0,0.0,0.0,0.0,0.0,0.0,0
CM3 6,6.199e-05,0.00021662,6.199e-05,0.00021662,5.717e-05,0.00028238,5.717e-05,0.00028238,0.0,15573.8,1
CM3 7,0.0,0.0,0.0,0.0,0.0,0.0,0.0,0.0,0.0,0.0,0
CM3 8,0.0,0.0,0.0,0.0,0.0,0.0,0.0,0.0,0.0,0.0,0
CM3 9,0.0,0.0,0.0,0.0,0.0,0.0,0.0,0.0,0.0,0.0,0
CM4 0,0.0,0.0,0.0,0.0,0.0,0.0,0.0,0.0,0.0,0.0,0
CM4 9,0.0,0.0,0.0,0.0,0.0,0.0,0.0,0.0,0.0,0.0,0
CM5 0,0.0,0.0,0.0,0.0,0.0,0.0,0.0,0.0,0.0,0.0,0
CM5 5,0.0,0.0,0.0,0.0,0.0,0.0,0.0,0.0,0.0,0.0,0
CM5 9,0.0,0.0,0.0,0.0,0.0,0.0,0.0,0.0,0.0,0.0,0
CM6 1,0.0,0.0,0.0,0.0,0.0,0.0,0.0,0.0,0.0,0.0,0
CM6 2,0.0,0.0,0.0,0.0,0.0,0.0,0.0,0.0,0.0,0.0,0
CM6 3,0.0,0.0,0.0,0.0,0.0,0.0,0.0,0.0,0.0,0.0,0
CM6 4,0.0,0.0,0.0,0.0,0.0,0.0,0.0,0.0,0.0,0.0,0
CM7 0,0.0,0.0,0.0,0.0,0.0,0.0,0.0,0.0,0.0,0.0,0
CM7 1,0.0,0.0,0.0,0.0,0.0,0.0,0.0,0.0,0.0,0.0,0
CM7 2,0.0,0.0,0.0,0.0,0.0,0.0,0.0,0.0,0.0,0.0,0
CM7 3,0.0,0.0,0.0,0.0,0.0,0.0,0.0,0.0,0.0,0.0,0
CM7 4,0.0,0.0,0.0,0.0,0.0,0.0,0.0,0.0,0.0,0.0,0
CM7 5,0.0,0.0,0.0,0.0,0.0,0.0,0.0,0.0,0.0,0.0,0
CM7 9,0.0,0.0,0.0,0.0,0.0,0.0,0.0,0.0,0.0,0.0,0
CM77 6,0.0,0.0,0.0,0.0,0.0,0.0,0.0,0.0,0.0,0.0,0
CM77 7,0.0,0.0,0.0,0.0,0.0,0.0,0.0,0.0,0.0,0.0,0
CM77 8,0.0,0.0,0.0,0.0,0.0,0.0,0.0,0.0,0.0,0.0,0
CM8 1,0.0,0.0,0.0,0.0,0.0,0.0,0.0,0.0,0.0,0.0,0
CM8 2,0.0,0.0,0.0,0.0,0.0,0.0,0.0,0.0,0.0,0.0,0
CM8 3,0.0,0.0,0.0,0.0,0.0,0.0,0.0,0.0,0.0,0.0,0
CM8 9,0.0,0.0,0.0,0.0,0.0,0.0,0.0,0.0,0.0,0.0,0
CM9 4,0.0,0.0,0.0,0.0,0.0,0.0,0.0,0.0,0.0,0.0,0
CM9 5,0.0,0.0,0.01521225,0.0477445,0.0,0.0,0.00518122,0.06469344,0.0,0.0,1
CM9 6,0.0,0.0,0.00012063,0.00036158,0.0,0.0,3.491e-05,0.00051195,0.0,0.0,1
CM9 8,0.0,0.0,0.00062833,0.00192556,0.0,0.0,0.00026427,0.00246076,0.0,0.0,1
CM9 9,0.0,0.0,0.0,0.0,0.0,0.0,0.0,0.0,0.0,0.0,0
CO1 1,0.0,0.0,0.0,0.0,0.0,0.0,0.0,0.0,0.0,0.0,0
CO1 2,0.0,0.0,0.0,0.0,0.0,0.0,0.0,0.0,0.0,0.0,0
CO1 9,0.0,0.0,0.0,0.0,0.0,0.0,0.0,0.0,0.0,0.0,0
CO10 0,0.0,0.0,0.0,0.0,0.0,0.0,0.0,0.0,0.0,0.0,0
CO10 1,0.0,0.0,0.0,0.0,0.0,0.0,0.0,0.0,0.0,0.0,0
CO10 2,0.0,0.0,0.0,0.0,0.0,0.0,0.0,0.0,0.0,0.0,0
CO10 3,0.0,0.0,0.0,0.0,0.0,0.0,0.0,0.0,0.0,0.0,0
CO10 5,0.0,0.0,0.0,0.0,0.0,0.0,0.0,0.0,0.0,0.0,0
CO10 7,0.0,0.0,0.0,0.0,0.0,0.0,0.0,0.0,0.0,0.0,0
CO10 8,0.0,0.0,0.0,0.0,0.0,0.0,0.0,0.0,0.0,0.0,0
CO10 9,0.0,0.0,0.0,0.0,0.0,0.0,0.0,0.0,0.0,0.0,0
CO11 1,0.00152367,0.0049091,0.00213665,0.00665485,0.00043733,0.00661213,0.00052292,0.00894001,0.0,63587.4,1
CO11 2,0.00323665,0.00998141,0.00442939,0.01476549,0.00166187,0.01293654,0.00172278,0.0194457,0.0,547561.5,1
CO11 9,0.0,0.0,0.0,0.0,0.0,0.0,0.0,0.0,0.0,0.0,0
CO12 3,0.0,0.0,0.12056197,0.28445346,0.0,0.0,0.17791791,0.31666992,0.0,0.0,1
CO12 4,4.585e-05,0.00018716,0.00188087,0.01857441,1.353e-05,0.00026044,0.00158395,0.02662135,0.0,1677.7,1
CO12 5,0.00505406,0.01709247,0.00505414,0.01709297,0.00091027,0.02315614,0.00091027,0.02315683,0.0,669922.4,1
CO12 9,0.0,0.0,0.0,1.0,0.0,0.0,0.0,1.0,0.0,0.0,1
CO13 0,0.0,0.0,0.02850645,0.05497477,0.0,0.0,0.02486246,0.06511756,0.0,0.0,1
CO13 3,0.0,0.0,0.0,0.0,0.0,0.0,0.0,0.0,0.0,0.0,0
CO13 9,0.0,0.0,0.03571013,0.08537038,0.0,0.0,0.04782595,0.09660134,0.0,0.0,1
CO14 8,0.00410924,0.01807668,0.02363983,0.07886652,0.00679908,0.02163873,0.03158848,0.09387185,0.0,486807.2,1
CO15 1,0.0,0.0,0.04103822,0.07254071,0.0,0.0,0.06040665,0.07656404,0.0,0.0,1
CO15 2,0.0,0.0,0.0,0.0,0.0,0.0,0.0,0.0,0.0,0.0,0
CO15 3,0.0,0.0,0.0,0.0,0.0,0.0,0.0,0.0,0.0,0.0,0
CO15 4,0.0,0.0,0.0,0.0,0.0,0.0,0.0,0.0,0.0,0.0,0
CO15 5,0.0,0.0,0.05384681,0.09543026,0.0,0.0,0.08663241,0.09874133,0.0,0.0,1
CO15 6,0.0,0.0,0.07519758,0.11269151,0.0,0.0,0.10473617,0.11518553,0.0,0.0,1
CO15 9,0.0,0.0,0.0,0.0,0.0,0.0,0.0,0.0,0.0,0.0,0
CO16 0,0.0,0.0,0.0,0.0,0.0,0.0,0.0,0.0,0.0,0.0,0
CO16 7,0.0,0.0,0.0,0.0,0.0,0.0,0.0,0.0,0.0,0.0,0
CO16 8,0.0,0.0,0.00302939,0.00765285,0.0,0.0,0.00515271,0.00849206,0.0,0.0,1
CO16 9,0.0,0.0,0.0,0.0,0.0,0.0,0.0,0.0,0.0,0.0,0
CO2 0,0.0,0.0,0.0,0.0,0.0,0.0,0.0,0.0,0.0,0.0,0
CO2 7,0.0,0.0,0.0,0.0,0.0,0.0,0.0,0.0,0.0,0.0,0
CO2 8,0.0,0.0,0.0,0.0,0.0,0.0,0.0,0.0,0.0,0.0,0
CO2 9,0.0,0.0,0.0,0.0,0.0,0.0,0.0,0.0,0.0,0.0,0
CO3 0,0.0,0.0,0.0,0.0,0.0,0.0,0.0,0.0,0.0,0.0,0
CO3 3,0.0,0.0,0.0,0.0,0.0,0.0,0.0,0.0,0.0,0.0,0
CO3 4,0.0,0.0,0.0,0.0,0.0,0.0,0.0,0.0,0.0,0.0,0
CO3 8,0.0,0.0,0.0,0.0,0.0,0.0,0.0,0.0,0.0,0.0,0
CO3 9,0.0,0.0,0.0,0.0,0.0,0.0,0.0,0.0,0.0,0.0,0
CO4 0,0.0,0.0,0.0,0.0,0.0,0.0,0.0,0.0,0.0,0.0,0
CO4 3,0.0,0.0,0.0,0.0,0.0,0.0,0.0,0.0,0.0,0.0,0
CO4 5,0.0,0.0,0.0,0.0,0.0,0.0,0.0,0.0,0.0,0.0,0
CO4 6,0.0,0.0,0.0,0.0,0.0,0.0,0.0,0.0,0.0,0.0,0
CO4 7,0.0,0.0,0.0,0.0,0.0,0.0,0.0,0.0,0.0,0.0,0
CO4 9,0.0,0.0,0.0,0.0,0.0,0.0,0.0,0.0,0.0,0.0,0
CO5 0,0.0,0.0,0.0,0.0,0.0,0.0,0.0,0.0,0.0,0.0,0
CO5 7,0.0004063,0.00140376,0.00100707,0.00254434,0.00064421,0.00170348,0.00128438,0.00301825,0.0,75254.5,1
CO5 8,0.00240914,0.0080888,0.00269913,0.00893858,0.00176766,0.0104424,0.00202893,0.01153164,0.0,402100.7,1
CO5 9,0.0,0.0,0.0,0.0,0.0,0.0,0.0,0.0,0.0,0.0,0
CO6 1,0.0,0.0,0.0,0.0,0.0,0.0,0.0,0.0,0.0,0.0,0
CO6 2,0.0,0.0,0.0,0.0,0.0,0.0,0.0,0.0,0.0,0.0,0
CO6 3,0.0,0.0,0.0,0.0,0.0,0.0,0.0,0.0,0.0,0.0,0
CO6 4,0.0,0.0,0.0,0.0,0.0,0.0,0.0,0.0,0.0,0.0,0
CO6 5,0.0,0.0,0.0,0.0,0.0,0.0,0.0,0.0,0.0,0.0,0
CO7 0,0.0,0.0,0.0,0.0,0.0,0.0,0.0,0.0,0.0,0.0,0
CO7 5,0.0,0.0,0.0,0.0,0.0,0.0,0.0,0.0,0.0,0.0,0
CO7 6,0.0,0.0,0.0,0.0,0.0,0.0,0.0,0.0,0.0,0.0,0
CO7 7,0.0,0.0,0.0,0.0,0.0,0.0,0.0,0.0,0.0,0.0,0
CO7 8,0.0,0.0,0.0,0.0,0.0,0.0,0.0,0.0,0.0,0.0,0
CO7 9,0.0,0.0,0.0,0.0,0.0,0.0,0.0,0.0,0.0,0.0,0
CO8 5,0.0,0.0,0.0,0.0,0.0,0.0,0.0,0.0,0.0,0.0,0
CO9 1,0.0,0.0,0.0,0.0,0.0,0.0,0.0,0.0,0.0,0.0,0
CO9 2,0.0,0.0,0.0,0.0,0.0,0.0,0.0,0.0,0.0,0.0,0
CO9 3,0.0,0.0,0.0,0.0,0.0,0.0,0.0,0.0,0.0,0.0,0
CO9 4,0.0,0.0,0.0,0.0,0.0,0.0,0.0,0.0,0.0,0.0,0
CO9 9,0.0,0.0,0.0,0.0,0.0,0.0,0.0,0.0,0.0,0.0,0
CR0 0,0.0,0.0,0.0,0.0,0.0,0.0,0.0,0.0,0.0,0.0,0
CR0 1,0.0,0.0,0.0,0.0,0.0,0.0,0.0,0.0,0.0,0.0,0
CR0 2,0.0,0.0,0.0,0.0,0.0,0.0,0.0,0.0,0.0,0.0,0
CR0 3,0.0,0.0,0.0,0.0,0.0,0.0,0.0,0.0,0.0,0.0,0
CR0 4,0.0,0.0,0.0,0.0,0.0,0.0,0.0,0.0,0.0,0.0,0
CR0 5,0.0,0.0,0.0,0.0,0.0,0.0,0.0,0.0,0.0,0.0,0
CR0 6,0.0,0.0,0.0,0.0,0.0,0.0,0.0,0.0,0.0,0.0,0
CR0 7,0.0,0.0,0.0,0.0,0.0,0.0,0.0,0.0,0.0,0.0,0
CR0 8,0.0,0.0,0.0,0.0,0.0,0.0,0.0,0.0,0.0,0.0,0
CR0 9,0.0,0.0,0.0,0.0,0.0,0.0,0.0,0.0,0.0,0.0,0
CR2 0,0.0,0.0,0.0,0.0,0.0,0.0,0.0,0.0,0.0,0.0,0
CR2 6,0.0,0.0,0.0,0.0,0.0,0.0,0.0,0.0,0.0,0.0,0
CR2 7,0.0,0.0,0.0,0.0,0.0,0.0,0.0,0.0,0.0,0.0,0
CR2 8,0.0,0.0,0.0,0.0,0.0,0.0,0.0,0.0,0.0,0.0,0
CR2 9,0.0,0.0,0.0,0.0,0.0,0.0,0.0,0.0,0.0,0.0,0
CR3 0,0.0,0.0,0.0,0.0,0.0,0.0,0.0,0.0,0.0,0.0,0
CR3 4,0.0,0.0,0.0,0.0,0.0,0.0,0.0,0.0,0.0,0.0,0
CR3 5,0.0,0.0,0.0,0.0,0.0,0.0,0.0,0.0,0.0,0.0,0
CR3 6,0.0,0.0,0.0,0.0,0.0,0.0,0.0,0.0,0.0,0.0,0
CR3 7,0.0,0.0,0.0,0.0,0.0,0.0,0.0,0.0,0.0,0.0,0
CR4 1,0.0,0.0,0.0,0.0,0.0,0.0,0.0,0.0,0.0,0.0,0
CR4 2,0.0,0.0,0.0,0.0,0.0,0.0,0.0,0.0,0.0,0.0,0
CR4 3,0.0,0.0,0.0,0.0,0.0,0.0,0.0,0.0,0.0,0.0,0
CR4 4,0.0,0.0,0.0,0.0,0.0,0.0,0.0,0.0,0.0,0.0,0
CR4 9,0.0,0.0,0.0,0.0,0.0,0.0,0.0,0.0,0.0,0.0,0
CR5 1,0.0,0.0,0.0,0.0,0.0,0.0,0.0,0.0,0.0,0.0,0
CR5 2,0.0,0.0,0.0,0.0,0.0,0.0,0.0,0.0,0.0,0.0,0
CR5 3,0.0,0.0,0.0,0.0,0.0,0.0,0.0,0.0,0.0,0.0,0
CR5 9,0.0,0.0,0.0,0.0,0.0,0.0,0.0,0.0,0.0,0.0,0
CR6 9,0.0,0.0,0.0,0.0,0.0,0.0,0.0,0.0,0.0,0.0,0
CR7 6,0.0,0.0,0.0,0.0,0.0,0.0,0.0,0.0,0.0,0.0,0
CR7 7,0.0,0.0,0.0,0.0,0.0,0.0,0.0,0.0,0.0,0.0,0
CR7 8,0.0,0.0,0.0,0.0,0.0,0.0,0.0,0.0,0.0,0.0,0
CR8 1,0.0,0.0,0.0,0.0,0.0,0.0,0.0,0.0,0.0,0.0,0
CR8 2,0.0,0.0,0.0,0.0,0.0,0.0,0.0,0.0,0.0,0.0,0
CR8 3,0.0,0.0,0.0,0.0,0.0,0.0,0.0,0.0,0.0,0.0,0
CR8 4,0.0,0.0,0.0,0.0,0.0,0.0,0.0,0.0,0.0,0.0,0
CR8 5,0.0,0.0,0.0,0.0,0.0,0.0,0.0,0.0,0.0,0.0,0
CT1 1,0.0,0.0,0.0,0.0,0.0,0.0,0.0,0.0,0.0,0.0,0
CT1 2,0.0,0.0,0.0,0.0,0.0,0.0,0.0,0.0,0.0,0.0,0
CT1 3,0.0,0.0,0.0,0.0,0.0,0.0,0.0,0.0,0.0,0.0,0
CT1 9,0.0,0.0,0.0,0.0,0.0,0.0,0.0,0.0,0.0,0.0,0
CT10 1,0.00086956,0.00267563,0.01184389,0.02569813,0.00117306,0.00298916,0.01484807,0.02891221,0.0,23643.7,1
CT10 2,0.0,0.0,0.0,0.0,0.0,0.0,0.0,0.0,0.0,0.0,0
CT10 3,0.00241232,0.00780052,0.00325527,0.00998023,0.0035657,0.00889238,0.00471461,0.01133646,0.0,112813.3,1
CT10 9,0.0,0.0,0.0,0.0,0.0,0.0,0.0,0.0,0.0,0.0,0
CT11 0,0.00132035,0.00486573,0.0104593,0.02649375,0.00209361,0.00559723,0.01473046,0.03000831,0.0,35981.4,1
CT11 1,0.0,0.0,0.0,0.0,0.0,0.0,0.0,0.0,0.0,0.0,0
CT11 7,0.0,0.0,0.0,0.0,0.0,0.0,0.0,0.0,0.0,0.0,0
CT11 8,0.0,0.0,0.01481761,0.03766246,0.0,0.0,0.02404794,0.04185757,0.0,0.0,1
CT11 9,0.0,0.0,0.01593193,0.04535797,0.0,0.0,0.0287629,0.0507256,0.0,0.0,1
CT12 4,0.0,0.0,0.0,0.0,0.0,0.0,0.0,0.0,0.0,0.0,0
CT12 5,0.000539,0.00174313,0.00129377,0.00415185,0.00082458,0.00198053,0.00104195,0.00525222,0.0,31986.3,1
CT12 6,0.0,0.0,0.0,0.0,0.0,0.0,0.0,0.0,0.0,0.0,0
CT13 0,0.0,0.0,0.0,0.0,0.0,0.0,0.0,0.0,0.0,0.0,0
CT13 9,0.00072129,0.00249327,0.00072129,0.00249327,0.0,0.00350166,0.0,0.00350166,0.0,88350.0,1
CT14 0,0.0,0.0,0.0,0.0,0.0,0.0,0.0,0.0,0.0,0.0,0
CT14 4,0.0,0.0,0.0,0.0,0.0,0.0,0.0,0.0,0.0,0.0,0
CT14 6,0.0,0.0,0.0,0.0,0.0,0.0,0.0,0.0,0.0,0.0,0
CT14 7,0.0,0.0,0.00607652,0.01534787,0.0,0.0,0.01327248,0.01587023,0.0,0.0,1
CT14 8,0.00357364,0.00932153,0.00829044,0.01913271,0.00501914,0.01056976,0.01344825,0.02081096,0.0,192313.4,1
CT14 9,0.0,0.0,0.0,0.0,0.0,0.0,0.0,0.0,0.0,0.0,0
CT15 4,0.0,0.0,0.0,0.0,0.0,0.0,0.0,0.0,0.0,0.0,0
CT15 5,0.00038115,0.00126215,0.00049802,0.00143652,0.00062207,0.00141237,0.00077009,0.00159298,0.0,52251.8,1
CT15 6,0.0027226,0.00908467,0.00425507,0.01344669,0.00433401,0.01047302,0.00657852,0.01547791,0.0,194074.3,1
CT15 7,0.00021104,0.0006557,0.00024211,0.00067841,0.00031624,0.00072789,0.00033101,0.00075379,0.0,34151.4,1
CT16 1,0.0,0.0,0.01381677,0.02787908,0.0,0.0,0.02724698,0.02801727,0.0,0.0,1
CT16 2,0.0,0.0,0.0,0.0,0.0,0.0,0.0,0.0,0.0,0.0,0
CT16 3,0.0,0.0,0.0,0.0,0.0,0.0,0.0,0.0,0.0,0.0,0
CT16 9,0.0,0.0,0.0,0.0,0.0,0.0,0.0,0.0,0.0,0.0,0
CT17 0,0.0,0.0,0.0,0.0,0.0,0.0,0.0,0.0,0.0,0.0,0
CT17 9,0.00039266,0.0013068,0.00185561,0.00406377,0.00065407,0.00156788,0.00262781,0.00463201,0.0,24500.1,1
CT18 7,1.954e-05,5.832e-05,0.01023556,0.02379412,2.603e-05,6.474e-05,0.01393757,0.02686687,0.02566173,1453.0,1
CT18 8,0.0,0.0,0.0,0.0,0.0,0.0,0.0,0.0,0.0,0.0,0
CT19 4,0.0,0.0,0.0,0.0,0.0,0.0,0.0,0.0,0.0,0.0,0
CT19 5,0.0,0.0,0.0,0.0,0.0,0.0,0.0,0.0,0.0,0.0,0
CT19 6,0.00714355,0.02260271,0.0496617,0.12159724,0.01144455,0.02582051,0.06811829,0.13665877,0.04800921,182557.0,1
CT2 0,0.0,0.0,0.0,0.0,0.0,0.0,0.0,0.0,0.0,0.0,0
CT2 7,0.0,0.0,0.0,0.0,0.0,0.0,0.0,0.0,0.0,0.0,0
CT2 8,0.0,0.0,0.0,0.0,0.0,0.0,0.0,0.0,0.0,0.0,0
CT2 9,0.0,0.0,0.0,0.0,0.0,0.0,0.0,0.0,0.0,0.0,0
CT20 1,0.0,0.0,0.00521222,0.01206144,0.0,0.0,0.00710772,0.01521551,0.04065341,0.0,1
CT20 2,0.0,0.0,0.00409131,0.00782215,0.0,0.0,0.0049915,0.00852856,0.04524601,0.0,1
CT20 3,0.0,0.0,0.00185628,0.00428766,0.0,0.0,0.00271063,0.0048537,0.05882828,0.0,1
CT20 9,0.0,0.0,0.0,0.0,0.0,0.0,0.0,0.0,0.0,0.0,0
CT21 4,0.0,0.0,0.0,0.0,0.0,0.0,0.0,0.0,0.0,0.0,0
CT21 5,0.0,0.0,1.655e-05,0.00011731,0.0,0.0,8.325e-05,0.00013427,0.00433731,0.0,1
CT21 6,0.0,0.0,0.0,0.0,0.0,0.0,0.0,0.0,0.0,0.0,0
CT21 9,0.0,0.0,0.0,0.0,0.0,0.0,0.0,0.0,0.0,0.0,0
CT3 1,0.0,0.0,0.0,0.0,0.0,0.0,0.0,0.0,0.0,0.0,0
CT3 2,0.0,0.0,0.0,0.0,0.0,0.0,0.0,0.0,0.0,0.0,0
CT3 3,0.0,0.0,0.0,0.0,0.0,0.0,0.0,0.0,0.0,0.0,0
CT3 4,0.0,0.0,0.0,0.0,0.0,0.0,0.0,0.0,0.0,0.0,0
CT4 5,0.0,0.0,0.0,0.0,0.0,0.0,0.0,0.0,0.0,0.0,0
CT4 6,0.0,0.0,0.0,0.0,0.0,0.0,0.0,0.0,0.0,0.0,0
CT4 7,0.0,0.0,0.0,0.0,0.0,0.0,0.0,0.0,0.0,0.0,0
CT4 8,0.0,0.0,0.0,0.0,0.0,0.0,0.0,0.0,0.0,0.0,0
CT5 1,0.0,0.0,1.73e-06,0.00574245,0.0,0.0,0.00047912,0.00870294,0.0,0.0,1
CT5 2,0.0,0.0,0.07483202,0.22969839,0.0,0.0,0.10624225,0.26462355,0.0,0.0,1
CT5 3,0.0,0.0,0.0,0.0,0.0,0.0,0.0,0.0,0.0,0.0,0
CT5 4,0.0,0.0,0.03377493,0.09297602,0.0,0.0,0.04577256,0.10759648,0.0,0.0,1
CT5 9,0.0,0.0,0.0,0.0,0.0,0.0,0.0,0.0,0.0,0.0,0
CT6 5,0.0,0.0,0.00256462,0.00677082,0.0,0.0,0.00358432,0.00734665,0.0,0.0,1
CT6 6,0.00351938,0.01199263,0.01158576,0.03399748,0.00531834,0.01379538,0.01657182,0.03878709,0.0,281568.1,1
CT6 7,0.0,0.0,0.0,0.0,0.0,0.0,0.0,0.0,0.0,0.0,0
CT6 8,0.0,0.0,0.076219,0.21815847,0.0,0.0,0.11131133,0.25042618,0.0,0.0,1
CT6 9,0.0,0.0,0.0,0.0,0.0,0.0,0.0,0.0,0.0,0.0,0
CT7 0,0.0,0.0,0.0,0.0,0.0,0.0,0.0,0.0,0.0,0.0,0
CT7 9,6.136e-05,0.00017882,0.0056424,0.01214362,9.129e-05,0.00017789,0.00714116,0.01348698,0.0,3202.9,1
CT8 8,8.955e-05,0.00027362,0.00540453,0.01265947,0.00013526,0.00027338,0.00744449,0.01401149,0.0,2106.7,1
CT9 1,0.0,0.0,0.00375557,0.00782766,0.0,0.0,0.0047614,0.00865009,0.0,0.0,1
CT9 2,0.0,0.0,0.00975617,0.02389395,0.0,0.0,0.01432286,0.02645615,0.0,0.0,1
CT9 3,0.00117462,0.00381047,0.00447362,0.01132354,0.0016717,0.00439122,0.00593527,0.01281451,0.0,40084.1,1
CT9 4,0.0,0.0,0.0,0.0,0.0,0.0,0.0,0.0,0.0,0.0,0
CT9 5,0.0,0.0,0.00873056,0.01750914,0.0,0.0,0.01126511,0.01937725,0.0,0.0,1
CT9 9,0.0,0.0,0.0,0.0,0.0,0.0,0.0,0.0,0.0,0.0,0
CV1 1,0.0,0.0,0.0,0.0,0.0,0.0,0.0,0.0,0.0,0.0,0
CV1 2,0.0,0.0,0.0,0.0,0.0,0.0,0.0,0.0,0.0,0.0,0
CV1 3,0.0,0.0,0.0,0.0,0.0,0.0,0.0,0.0,0.0,0.0,0
CV1 4,0.0,0.0,0.0,0.0,0.0,0.0,0.0,0.0,0.0,0.0,0
CV1 5,0.0,0.0,0.0,0.0,0.0,0.0,0.0,0.0,0.0,0.0,0
CV1 9,0.0,0.0,0.0,0.0,0.0,0.0,0.0,0.0,0.0,0.0,0
CV10 0,0.0,0.0,0.0,0.0,0.0,0.0,0.0,0.0,0.0,0.0,0
CV10 3,0.0,0.0,0.0,0.0,0.0,0.0,0.0,0.0,0.0,0.0,0
CV10 7,0.0,0.0,0.0,0.0,0.0,0.0,0.0,0.0,0.0,0.0,0
CV10 8,0.0,0.0,0.0,0.0,0.0,0.0,0.0,0.0,0.0,0.0,0
CV10 9,0.0,0.0,0.0,0.0,0.0,0.0,0.0,0.0,0.0,0.0,0
CV11 4,0.0,0.0,0.0,0.0,0.0,0.0,0.0,0.0,0.0,0.0,0
CV11 5,0.0,0.0,0.0,0.0,0.0,0.0,0.0,0.0,0.0,0.0,0
CV11 6,0.0,0.0,0.0,0.0,0.0,0.0,0.0,0.0,0.0,0.0,0
CV11 7,0.0,0.0,0.0,0.0,0.0,0.0,0.0,0.0,0.0,0.0,0
CV11 8,0.0,0.0,0.0,0.0,0.0,0.0,0.0,0.0,0.0,0.0,0
CV11 9,0.0,0.0,0.0,0.0,0.0,0.0,0.0,0.0,0.0,0.0,0
CV12 0,0.0,0.0,0.0,0.0,0.0,0.0,0.0,0.0,0.0,0.0,0
CV12 8,0.0,0.0,0.0,0.0,0.0,0.0,0.0,0.0,0.0,0.0,0
CV12 9,0.0,0.0,0.0,0.0,0.0,0.0,0.0,0.0,0.0,0.0,0
CV13 0,0.0,0.0,0.0,0.0,0.0,0.0,0.0,0.0,0.0,0.0,0
CV13 6,0.0,0.0,0.0,0.0,0.0,0.0,0.0,0.0,0.0,0.0,0
CV2 1,0.0,0.0,0.0,0.0,0.0,0.0,0.0,0.0,0.0,0.0,0
CV2 2,0.0,0.0,0.0,0.0,0.0,0.0,0.0,0.0,0.0,0.0,0
CV2 3,0.0,0.0,0.0,0.0,0.0,0.0,0.0,0.0,0.0,0.0,0
CV2 4,0.0,0.0,0.0,0.0,0.0,0.0,0.0,0.0,0.0,0.0,0
CV2 5,0.0,0.0,0.0,0.0,0.0,0.0,0.0,0.0,0.0,0.0,0
CV21 1,0.0,0.0,0.0,0.0,0.0,0.0,0.0,0.0,0.0,0.0,0
CV21 2,0.0,0.0,0.0,0.0,0.0,0.0,0.0,0.0,0.0,0.0,0
CV21 3,0.0,0.0,0.0,0.0,0.0,0.0,0.0,0.0,0.0,0.0,0
CV21 4,0.0,0.0,0.0,0.0,0.0,0.0,0.0,0.0,0.0,0.0,0
CV21 9,0.0,0.0,0.0,0.0,0.0,0.0,0.0,0.0,0.0,0.0,0
CV22 5,0.0,0.0,0.0,0.0,0.0,0.0,0.0,0.0,0.0,0.0,0
CV22 6,0.0,0.0,0.0,0.0,0.0,0.0,0.0,0.0,0.0,0.0,0
CV22 7,0.0,0.0,0.0,0.0,0.0,0.0,0.0,0.0,0.0,0.0,0
CV23 0,0.0,0.0,0.0,0.0,0.0,0.0,0.0,0.0,0.0,0.0,0
CV23 1,0.0,0.0,0.0,0.0,0.0,0.0,0.0,0.0,0.0,0.0,0
CV23 8,0.0,0.0,0.0,0.0,0.0,0.0,0.0,0.0,0.0,0.0,0
CV23 9,0.0,0.0,0.0,0.0,0.0,0.0,0.0,0.0,0.0,0.0,0
CV3 1,0.0,0.0,0.0,0.0,0.0,0.0,0.0,0.0,0.0,0.0,0
CV3 2,0.0,0.0,0.0,0.0,0.0,0.0,0.0,0.0,0.0,0.0,0
CV3 3,0.0,0.0,0.0,0.0,0.0,0.0,0.0,0.0,0.0,0.0,0
CV3 4,0.0,0.0,0.0,0.0,0.0,0.0,0.0,0.0,0.0,0.0,0
CV3 5,0.0,0.0,0.0,0.0,0.0,0.0,0.0,0.0,0.0,0.0,0
CV3 6,0.0,0.0,0.0,0.0,0.0,0.0,0.0,0.0,0.0,0.0,0
CV3 9,0.0,0.0,0.0,0.0,0.0,0.0,0.0,0.0,0.0,0.0,0
CV31 1,0.0,0.0,0.0,0.0,0.0,0.0,0.0,0.0,0.0,0.0,0
CV31 2,0.0,0.0,0.0,0.0,0.0,0.0,0.0,0.0,0.0,0.0,0
CV31 3,0.0,0.0,0.0,0.0,0.0,0.0,0.0,0.0,0.0,0.0,0
CV31 9,0.0,0.0,0.0,0.0,0.0,0.0,0.0,0.0,0.0,0.0,0
CV32 4,0.0,0.0,0.0,0.0,0.0,0.0,0.0,0.0,0.0,0.0,0
CV32 5,0.0,0.0,0.0,0.0,0.0,0.0,0.0,0.0,0.0,0.0,0
CV32 6,0.0,0.0,0.0,0.0,0.0,0.0,0.0,0.0,0.0,0.0,0
CV32 7,0.0,0.0,0.0,0.0,0.0,0.0,0.0,0.0,0.0,0.0,0
CV33 8,0.0,0.0,0.0,0.0,0.0,0.0,0.0,0.0,0.0,0.0,0
CV33 9,0.0,0.0,0.0,0.0,0.0,0.0,0.0,0.0,0.0,0.0,0
CV34 0,0.0,0.0,0.0,0.0,0.0,0.0,0.0,0.0,0.0,0.0,0
CV34 4,0.0,0.0,0.0,0.0,0.0,0.0,0.0,0.0,0.0,0.0,0
CV34 5,0.0,0.0,0.0,0.0,0.0,0.0,0.0,0.0,0.0,0.0,0
CV34 6,0.0,0.0,0.0,0.0,0.0,0.0,0.0,0.0,0.0,0.0,0
CV34 7,0.0,0.0,0.0,0.0,0.0,0.0,0.0,0.0,0.0,0.0,0
CV34 8,0.0,0.0,0.0,0.0,0.0,0.0,0.0,0.0,0.0,0.0,0
CV34 9,0.0,0.0,0.0,0.0,0.0,0.0,0.0,0.0,0.0,0.0,0
CV35 0,0.0,0.0,0.0,0.0,0.0,0.0,0.0,0.0,0.0,0.0,0
CV35 7,0.0,0.0,0.0,0.0,0.0,0.0,0.0,0.0,0.0,0.0,0
CV35 8,0.0,0.0,0.0,0.0,0.0,0.0,0.0,0.0,0.0,0.0,0
CV35 9,0.0,0.0,0.0,0.0,0.0,0.0,0.0,0.0,0.0,0.0,0
CV36 4,0.0,0.0,0.0,0.0,0.0,0.0,0.0,0.0,0.0,0.0,0
CV36 5,0.0,0.0,0.0,0.0,0.0,0.0,0.0,0.0,0.0,0.0,0
CV37 0,0.0,0.0,0.0,0.0,0.0,0.0,0.0,0.0,0.0,0.0,0
CV37 1,0.0,0.0,0.0,0.0,0.0,0.0,0.0,0.0,0.0,0.0,0
CV37 5,0.0,0.0,0.0,0.0,0.0,0.0,0.0,0.0,0.0,0.0,0
CV37 6,0.0,0.0,0.0,0.0,0.0,0.0,0.0,0.0,0.0,0.0,0
CV37 7,0.0,0.0,0.0,0.0,0.0,0.0,0.0,0.0,0.0,0.0,0
CV37 8,0.0,0.0,0.0,0.0,0.0,0.0,0.0,0.0,0.0,0.0,0
CV37 9,0.0,0.0,0.0,0.0,0.0,0.0,0.0,0.0,0.0,0.0,0
CV4 7,0.0,0.0,0.0,0.0,0.0,0.0,0.0,0.0,0.0,0.0,0
CV4 8,0.0,0.0,0.0,0.0,0.0,0.0,0.0,0.0,0.0,0.0,0
CV4 9,0.0,0.0,0.0,0.0,0.0,0.0,0.0,0.0,0.0,0.0,0
CV47 0,0.0,0.0,0.0,0.0,0.0,0.0,0.0,0.0,0.0,0.0,0
CV47 1,0.0,0.0,0.0,0.0,0.0,0.0,0.0,0.0,0.0,0.0,0
CV47 2,0.0,0.0,0.0,0.0,0.0,0.0,0.0,0.0,0.0,0.0,0
CV47 4,0.0,0.0,0.0,0.0,0.0,0.0,0.0,0.0,0.0,0.0,0
CV47 7,0.0,0.0,0.0,0.0,0.0,0.0,0.0,0.0,0.0,0.0,0
CV47 8,0.0,0.0,0.0,0.0,0.0,0.0,0.0,0.0,0.0,0.0,0
CV47 9,0.0,0.0,0.0,0.0,0.0,0.0,0.0,0.0,0.0,0.0,0
CV5 6,0.0,0.0,0.0,0.0,0.0,0.0,0.0,0.0,0.0,0.0,0
CV5 7,0.0,0.0,0.0,0.0,0.0,0.0,0.0,0.0,0.0,0.0,0
CV5 8,0.0,0.0,0.0,0.0,0.0,0.0,0.0,0.0,0.0,0.0,0
CV5 9,0.0,0.0,0.0,0.0,0.0,0.0,0.0,0.0,0.0,0.0,0
CV6 1,0.0,0.0,0.0,0.0,0.0,0.0,0.0,0.0,0.0,0.0,0
CV6 2,0.0,0.0,0.0,0.0,0.0,0.0,0.0,0.0,0.0,0.0,0
CV6 3,0.0,0.0,0.0,0.0,0.0,0.0,0.0,0.0,0.0,0.0,0
CV6 4,0.0,0.0,0.0,0.0,0.0,0.0,0.0,0.0,0.0,0.0,0
CV6 5,0.0,0.0,0.0,0.0,0.0,0.0,0.0,0.0,0.0,0.0,0
CV6 6,0.0,0.0,0.0,0.0,0.0,0.0,0.0,0.0,0.0,0.0,0
CV6 7,0.0,0.0,0.0,0.0,0.0,0.0,0.0,0.0,0.0,0.0,0
CV6 9,0.0,0.0,0.0,0.0,0.0,0.0,0.0,0.0,0.0,0.0,0
CV7 7,0.0,0.0,0.0,0.0,0.0,0.0,0.0,0.0,0.0,0.0,0
CV7 8,0.0,0.0,0.0,0.0,0.0,0.0,0.0,0.0,0.0,0.0,0
CV7 9,0.0,0.0,0.0,0.0,0.0,0.0,0.0,0.0,0.0,0.0,0
CV8 1,0.0,0.0,0.0,0.0,0.0,0.0,0.0,0.0,0.0,0.0,0
CV8 2,0.0,0.0,0.0,0.0,0.0,0.0,0.0,0.0,0.0,0.0,0
CV8 3,0.0,0.0,0.0,0.0,0.0,0.0,0.0,0.0,0.0,0.0,0
CV8 9,0.0,0.0,0.0,0.0,0.0,0.0,0.0,0.0,0.0,0.0,0
CV9 1,0.0,0.0,0.0,0.0,0.0,0.0,0.0,0.0,0.0,0.0,0
CV9 2,0.0,0.0,0.0,0.0,0.0,0.0,0.0,0.0,0.0,0.0,0
CV9 3,0.0,0.0,0.0,0.0,0.0,0.0,0.0,0.0,0.0,0.0,0
CV9 9,0.0,0.0,0.0,0.0,0.0,0.0,0.0,0.0,0.0,0.0,0
CW1 2,0.0,0.0,0.0,0.0,0.0,0.0,0.0,0.0,0.0,0.0,0
CW1 3,0.0,0.0,0.0,0.0,0.0,0.0,0.0,0.0,0.0,0.0,0
CW1 4,0.0,0.0,0.0,0.0,0.0,0.0,0.0,0.0,0.0,0.0,0
CW1 5,0.0,0.0,0.0,0.0,0.0,0.0,0.0,0.0,0.0,0.0,0
CW1 6,0.0,0.0,0.0,0.0,0.0,0.0,0.0,0.0,0.0,0.0,0
CW1 9,0.0,0.0,0.0,0.0,0.0,0.0,0.0,0.0,0.0,0.0,0
CW10 0,0.0,0.0,0.0,0.0,0.0,0.0,0.0,0.0,0.0,0.0,0
CW10 9,0.0,0.0,0.0,0.0,0.0,0.0,0.0,0.0,0.0,0.0,0
CW11 1,0.0,0.0,0.0,0.0,0.0,0.0,0.0,0.0,0.0,0.0,0
CW11 2,0.0,0.0,0.0,0.0,0.0,0.0,0.0,0.0,0.0,0.0,0
CW11 3,0.0,0.0,0.0,0.0,0.0,0.0,0.0,0.0,0.0,0.0,0
CW11 4,0.0,0.0,0.0,0.0,0.0,0.0,0.0,0.0,0.0,0.0,0
CW11 5,0.0,0.0,0.0,0.0,0.0,0.0,0.0,0.0,0.0,0.0,0
CW12 1,0.0,0.0,0.0,0.0,0.0,0.0,0.0,0.0,0.0,0.0,0
CW12 2,0.0,0.0,0.0,0.0,0.0,0.0,0.0,0.0,0.0,0.0,0
CW12 3,0.0,0.0,0.0,0.0,0.0,0.0,0.0,0.0,0.0,0.0,0
CW12 4,0.0,0.0,0.0,0.0,0.0,0.0,0.0,0.0,0.0,0.0,0
CW12 9,0.0,0.0,0.0,0.0,0.0,0.0,0.0,0.0,0.0,0.0,0
CW2 5,0.0,0.0,0.0,0.0,0.0,0.0,0.0,0.0,0.0,0.0,0
CW2 6,0.0,0.0,0.0,0.0,0.0,0.0,0.0,0.0,0.0,0.0,0
CW2 7,0.0,0.0,0.0,0.0,0.0,0.0,0.0,0.0,0.0,0.0,0
CW2 8,0.0,0.0,0.0,0.0,0.0,0.0,0.0,0.0,0.0,0.0,0
CW3 0,0.0,0.0,0.0,0.0,0.0,0.0,0.0,0.0,0.0,0.0,0
CW3 9,0.0,0.0,0.0,0.0,0.0,0.0,0.0,0.0,0.0,0.0,0
CW4 7,0.0,0.0,0.0,0.0,0.0,0.0,0.0,0.0,0.0,0.0,0
CW4 8,0.0,0.0,0.0,0.0,0.0,0.0,0.0,0.0,0.0,0.0,0
CW5 5,0.0,0.0,0.0,0.0,0.0,0.0,0.0,0.0,0.0,0.0,0
CW5 6,0.0,0.0,0.0,0.0,0.0,0.0,0.0,0.0,0.0,0.0,0
CW5 7,0.0,0.0,0.0,0.0,0.0,0.0,0.0,0.0,0.0,0.0,0
CW5 8,0.0,0.0,0.0,0.0,0.0,0.0,0.0,0.0,0.0,0.0,0
CW5 9,0.0,0.0,0.0,0.0,0.0,0.0,0.0,0.0,0.0,0.0,0
CW6 0,0.0,0.0,0.0,0.0,0.0,0.0,0.0,0.0,0.0,0.0,0
CW6 6,0.0,0.0,0.0,0.0,0.0,0.0,0.0,0.0,0.0,0.0,0
CW6 9,0.0,0.0,0.0,0.0,0.0,0.0,0.0,0.0,0.0,0.0,0
CW7 1,0.0,0.0,0.0,0.0,0.0,0.0,0.0,0.0,0.0,0.0,0
CW7 2,0.0,0.0,0.0,0.0,0.0,0.0,0.0,0.0,0.0,0.0,0
CW7 3,0.0,0.0,0.0,0.0,0.0,0.0,0.0,0.0,0.0,0.0,0
CW7 4,0.0,0.0,0.0,0.0,0.0,0.0,0.0,0.0,0.0,0.0,0
CW7 9,0.0,0.0,0.0,0.0,0.0,0.0,0.0,0.0,0.0,0.0,0
CW8 1,0.0,0.0,0.0,0.0,0.0,0.0,0.0,0.0,0.0,0.0,0
CW8 2,0.0,0.0,0.0,0.0,0.0,0.0,0.0,0.0,0.0,0.0,0
CW8 3,0.0,0.0,0.0,0.0,0.0,0.0,0.0,0.0,0.0,0.0,0
CW8 4,0.0,0.0,0.0,0.0,0.0,0.0,0.0,0.0,0.0,0.0,0
CW9 5,0.0,0.0,0.0,0.0,0.0,0.0,0.0,0.0,0.0,0.0,0
CW9 6,0.0,0.0,0.0,0.0,0.0,0.0,0.0,0.0,0.0,0.0,0
CW9 7,0.0,0.0,0.0,0.0,0.0,0.0,0.0,0.0,0.0,0.0,0
CW9 8,0.0,0.0,0.0,0.0,0.0,0.0,0.0,0.0,0.0,0.0,0
CW9 9,0.0,0.0,0.0,0.0,0.0,0.0,0.0,0.0,0.0,0.0,0
DA1 1,0.0,0.0,0.0,0.0,0.0,0.0,0.0,0.0,0.0,0.0,0
DA1 2,0.0,0.0,0.0,0.0,0.0,0.0,0.0,0.0,0.0,0.0,0
DA1 3,0.0,0.0,0.0,0.0,0.0,0.0,0.0,0.0,0.0,0.0,0
DA1 4,0.0,0.0,0.0,0.0,0.0,0.0,0.0,0.0,0.0,0.0,0
DA1 5,0.0,0.0,0.0,0.0,0.0,0.0,0.0,0.0,0.0,0.0,0
DA1 9,0.0,0.0,0.0,0.0,0.0,0.0,0.0,0.0,0.0,0.0,0
DA10 0,0.0,0.0,0.0,0.0,0.0,0.0,0.0,0.0,0.0,0.0,0
DA10 1,0.0,0.0,0.0,0.0,0.0,0.0,0.0,0.0,0.0,0.0,0
DA11 0,0.0,0.0,0.0,0.0,0.0,0.0,0.0,0.0,0.0,0.0,0
DA11 7,0.0,0.0,0.0,0.0,0.0,0.0,0.0,0.0,0.0,0.0,0
DA11 8,0.0,0.0,0.0,0.0,0.0,0.0,0.0,0.0,0.0,0.0,0
DA11 9,0.0,0.0,0.0,0.0,0.0,0.0,0.0,0.0,0.0,0.0,0
DA12 1,0.0,0.0,0.0,0.0,0.0,0.0,0.0,0.0,0.0,0.0,0
DA12 2,0.0,0.0,0.0,0.0,0.0,0.0,0.0,0.0,0.0,0.0,0
DA12 3,0.0,0.0,0.0,0.0,0.0,0.0,0.0,0.0,0.0,0.0,0
DA12 4,0.0,0.0,0.0,0.0,0.0,0.0,0.0,0.0,0.0,0.0,0
DA12 5,0.0,0.0,0.0,0.0,0.0,0.0,0.0,0.0,0.0,0.0,0
DA12 9,0.0,0.0,0.0,0.0,0.0,0.0,0.0,0.0,0.0,0.0,0
DA13 0,0.0,0.0,0.0,0.0,0.0,0.0,0.0,0.0,0.0,0.0,0
DA13 9,0.0,0.0,0.0,0.0,0.0,0.0,0.0,0.0,0.0,0.0,0
DA14 4,0.0,0.0,0.0,0.0,0.0,0.0,0.0,0.0,0.0,0.0,0
DA14 5,0.0,0.0,0.0,0.0,0.0,0.0,0.0,0.0,0.0,0.0,0
DA14 6,0.0,0.0,0.0,0.0,0.0,0.0,0.0,0.0,0.0,0.0,0
DA15 0,0.0,0.0,0.0,0.0,0.0,0.0,0.0,0.0,0.0,0.0,0
DA15 7,0.0,0.0,0.0,0.0,0.0,0.0,0.0,0.0,0.0,0.0,0
DA15 8,0.0,0.0,0.0,0.0,0.0,0.0,0.0,0.0,0.0,0.0,0
DA15 9,0.0,0.0,0.0,0.0,0.0,0.0,0.0,0.0,0.0,0.0,0
DA16 1,0.0,0.0,0.0,0.0,0.0,0.0,0.0,0.0,0.0,0.0,0
DA16 2,0.0,0.0,0.0,0.0,0.0,0.0,0.0,0.0,0.0,0.0,0
DA16 3,0.0,0.0,0.0,0.0,0.0,0.0,0.0,0.0,0.0,0.0,0
DA17 5,0.0,0.0,0.0,0.0,0.0,0.0,0.0,0.0,0.0,0.0,0
DA17 6,0.0,0.0,0.0,0.0,0.0,0.0,0.0,0.0,0.0,0.0,0
DA18 4,0.0,0.0,0.0,0.0,0.0,0.0,0.0,0.0,0.0,0.0,0
DA2 6,0.0,0.0,0.0,0.0,0.0,0.0,0.0,0.0,0.0,0.0,0
DA2 7,0.0,0.0,0.0,0.0,0.0,0.0,0.0,0.0,0.0,0.0,0
DA2 8,0.0,0.0,0.0,0.0,0.0,0.0,0.0,0.0,0.0,0.0,0
DA3 7,0.0,0.0,0.0,0.0,0.0,0.0,0.0,0.0,0.0,0.0,0
DA3 8,0.0,0.0,0.0,0.0,0.0,0.0,0.0,0.0,0.0,0.0,0
DA3 9,0.0,0.0,0.0,0.0,0.0,0.0,0.0,0.0,0.0,0.0,0
DA4 0,0.0,0.0,0.0,0.0,0.0,0.0,0.0,0.0,0.0,0.0,0
DA4 9,0.0,0.0,0.0,0.0,0.0,0.0,0.0,0.0,0.0,0.0,0
DA5 1,0.0,0.0,0.0,0.0,0.0,0.0,0.0,0.0,0.0,0.0,0
DA5 2,0.0,0.0,0.0,0.0,0.0,0.0,0.0,0.0,0.0,0.0,0
DA5 3,0.0,0.0,0.0,0.0,0.0,0.0,0.0,0.0,0.0,0.0,0
DA6 7,0.0,0.0,0.0,0.0,0.0,0.0,0.0,0.0,0.0,0.0,0
DA6 8,0.0,0.0,0.0,0.0,0.0,0.0,0.0,0.0,0.0,0.0,0
DA7 4,0.0,0.0,0.0,0.0,0.0,0.0,0.0,0.0,0.0,0.0,0
DA7 5,0.0,0.0,0.0,0.0,0.0,0.0,0.0,0.0,0.0,0.0,0
DA7 6,0.0,0.0,0.0,0.0,0.0,0.0,0.0,0.0,0.0,0.0,0
DA7 9,0.0,0.0,0.0,0.0,0.0,0.0,0.0,0.0,0.0,0.0,0
DA8 1,0.0,0.0,0.0,0.0,0.0,0.0,0.0,0.0,0.0,0.0,0
DA8 2,0.0,0.0,0.0,0.0,0.0,0.0,0.0,0.0,0.0,0.0,0
DA8 3,0.0,0.0,0.0,0.0,0.0,0.0,0.0,0.0,0.0,0.0,0
DA8 9,0.0,0.0,0.0,0.0,0.0,0.0,0.0,0.0,0.0,0.0,0
DA9 9,0.0,0.0,0.0,0.0,0.0,0.0,0.0,0.0,0.0,0.0,0
DD1 1,0.0,0.0,0.0,0.0,0.0,0.0,0.0,0.0,0.0,0.0,0
DD1 2,0.0,0.0,0.0,0.0,0.0,0.0,0.0,0.0,0.0,0.0,0
DD1 3,0.0,0.0,0.0,0.0,0.0,0.0,0.0,0.0,0.0,0.0,0
DD1 4,0.0,0.0,0.0,0.0,0.0,0.0,0.0,0.0,0.0,0.0,0
DD1 5,0.0,0.0,0.0,0.0,0.0,0.0,0.0,0.0,0.0,0.0,0
DD1 9,0.0,0.0,0.0,0.0,0.0,0.0,0.0,0.0,0.0,0.0,0
DD10 0,0.0,0.0,0.0,0.0,0.0,0.0,0.0,0.0,0.0,0.0,0
DD10 1,0.0,0.0,0.0,0.0,0.0,0.0,0.0,0.0,0.0,0.0,0
DD10 8,0.0,0.0,0.0,0.0,0.0,0.0,0.0,0.0,0.0,0.0,0
DD10 9,0.0,0.0,0.0,0.0,0.0,0.0,0.0,0.0,0.0,0.0,0
DD11 1,0.0,0.0,0.0,0.0,0.0,0.0,0.0,0.0,0.0,0.0,0
DD11 2,0.0,0.0,0.0,0.0,0.0,0.0,0.0,0.0,0.0,0.0,0
DD11 3,0.0,0.0,0.0,0.0,0.0,0.0,0.0,0.0,0.0,0.0,0
DD11 4,0.0,0.0,0.0,0.0,0.0,0.0,0.0,0.0,0.0,0.0,0
DD11 5,0.0,0.0,0.0,0.0,0.0,0.0,0.0,0.0,0.0,0.0,0
DD11 9,0.0,0.0,0.0,0.0,0.0,0.0,0.0,0.0,0.0,0.0,0
DD2 1,0.0,0.0,0.0,0.0,0.0,0.0,0.0,0.0,0.0,0.0,0
DD2 2,0.0,0.0,0.0,0.0,0.0,0.0,0.0,0.0,0.0,0.0,0
DD2 3,0.0,0.0,0.0,0.0,0.0,0.0,0.0,0.0,0.0,0.0,0
DD2 4,0.0,0.0,0.0,0.0,0.0,0.0,0.0,0.0,0.0,0.0,0
DD2 5,0.0,0.0,0.0,0.0,0.0,0.0,0.0,0.0,0.0,0.0,0
DD2 9,0.0,0.0,0.0,0.0,0.0,0.0,0.0,0.0,0.0,0.0,0
DD3 0,0.0,0.0,0.0,0.0,0.0,0.0,0.0,0.0,0.0,0.0,0
DD3 6,0.0,0.0,0.0,0.0,0.0,0.0,0.0,0.0,0.0,0.0,0
DD3 7,0.0,0.0,0.0,0.0,0.0,0.0,0.0,0.0,0.0,0.0,0
DD3 8,0.0,0.0,0.0,0.0,0.0,0.0,0.0,0.0,0.0,0.0,0
DD3 9,0.0,0.0,0.0,0.0,0.0,0.0,0.0,0.0,0.0,0.0,0
DD4 0,0.0,0.0,0.0,0.0,0.0,0.0,0.0,0.0,0.0,0.0,0
DD4 6,0.0,0.0,0.0,0.0,0.0,0.0,0.0,0.0,0.0,0.0,0
DD4 7,0.0,0.0,0.0,0.0,0.0,0.0,0.0,0.0,0.0,0.0,0
DD4 8,0.0,0.0,0.0,0.0,0.0,0.0,0.0,0.0,0.0,0.0,0
DD4 9,0.0,0.0,0.0,0.0,0.0,0.0,0.0,0.0,0.0,0.0,0
DD5 1,0.0,0.0,0.0,0.0,0.0,0.0,0.0,0.0,0.0,0.0,0
DD5 2,0.0,0.0,0.0,0.0,0.0,0.0,0.0,0.0,0.0,0.0,0
DD5 3,0.0,0.0,0.0,0.0,0.0,0.0,0.0,0.0,0.0,0.0,0
DD5 4,0.0,0.0,0.0,0.0,0.0,0.0,0.0,0.0,0.0,0.0,0
DD6 8,0.0,0.0,0.0,0.0,0.0,0.0,0.0,0.0,0.0,0.0,0
DD6 9,0.0,0.0,0.0,0.0,0.0,0.0,0.0,0.0,0.0,0.0,0
DD7 6,0.0,0.0,0.0,0.0,0.0,0.0,0.0,0.0,0.0,0.0,0
DD7 7,0.0,0.0,0.0,0.0,0.0,0.0,0.0,0.0,0.0,0.0,0
DD8 0,0.0,0.0,0.0,0.0,0.0,0.0,0.0,0.0,0.0,0.0,0
DD8 1,0.0,0.0,0.0,0.0,0.0,0.0,0.0,0.0,0.0,0.0,0
DD8 2,0.0,0.0,0.0,0.0,0.0,0.0,0.0,0.0,0.0,0.0,0
DD8 3,0.0,0.0,0.0,0.0,0.0,0.0,0.0,0.0,0.0,0.0,0
DD8 4,0.0,0.0,0.0,0.0,0.0,0.0,0.0,0.0,0.0,0.0,0
DD8 5,0.0,0.0,0.0,0.0,0.0,0.0,0.0,0.0,0.0,0.0,0
DD8 9,0.0,0.0,0.0,0.0,0.0,0.0,0.0,0.0,0.0,0.0,0
DD9 6,0.0,0.0,0.0,0.0,0.0,0.0,0.0,0.0,0.0,0.0,0
DD9 7,0.0,0.0,0.0,0.0,0.0,0.0,0.0,0.0,0.0,0.0,0
DD9 9,0.0,0.0,0.0,0.0,0.0,0.0,0.0,0.0,0.0,0.0,0
DE1 0,0.0,0.0,0.0,0.0,0.0,0.0,0.0,0.0,0.0,0.0,0
DE1 1,0.0,0.0,0.0,0.0,0.0,0.0,0.0,0.0,0.0,0.0,0
DE1 2,0.0,0.0,0.0,0.0,0.0,0.0,0.0,0.0,0.0,0.0,0
DE1 3,0.0,0.0,0.0,0.0,0.0,0.0,0.0,0.0,0.0,0.0,0
DE1 9,0.0,0.0,0.0,0.0,0.0,0.0,0.0,0.0,0.0,0.0,0
DE11 0,0.0,0.0,0.0,0.0,0.0,0.0,0.0,0.0,0.0,0.0,0
DE11 1,0.0,0.0,0.0,0.0,0.0,0.0,0.0,0.0,0.0,0.0,0
DE11 7,0.0,0.0,0.0,0.0,0.0,0.0,0.0,0.0,0.0,0.0,0
DE11 8,0.0,0.0,0.0,0.0,0.0,0.0,0.0,0.0,0.0,0.0,0
DE11 9,0.0,0.0,0.0,0.0,0.0,0.0,0.0,0.0,0.0,0.0,0
DE12 6,0.0,0.0,0.0,0.0,0.0,0.0,0.0,0.0,0.0,0.0,0
DE12 7,0.0,0.0,0.0,0.0,0.0,0.0,0.0,0.0,0.0,0.0,0
DE12 8,0.0,0.0,0.0,0.0,0.0,0.0,0.0,0.0,0.0,0.0,0
DE13 0,0.0,0.0,0.0,0.0,0.0,0.0,0.0,0.0,0.0,0.0,0
DE13 7,0.0,0.0,0.0,0.0,0.0,0.0,0.0,0.0,0.0,0.0,0
DE13 8,0.0,0.0,0.0,0.0,0.0,0.0,0.0,0.0,0.0,0.0,0
DE13 9,0.0,0.0,0.0,0.0,0.0,0.0,0.0,0.0,0.0,0.0,0
DE14 1,0.0,0.0,0.0,0.0,0.0,0.0,0.0,0.0,0.0,0.0,0
DE14 2,0.0,0.0,0.0,0.0,0.0,0.0,0.0,0.0,0.0,0.0,0
DE14 3,0.0,0.0,0.0,0.0,0.0,0.0,0.0,0.0,0.0,0.0,0
DE14 9,0.0,0.0,0.0,0.0,0.0,0.0,0.0,0.0,0.0,0.0,0
DE15 0,0.0,0.0,0.0,0.0,0.0,0.0,0.0,0.0,0.0,0.0,0
DE15 9,0.0,0.0,0.0,0.0,0.0,0.0,0.0,0.0,0.0,0.0,0
DE21 2,0.0,0.0,0.0,0.0,0.0,0.0,0.0,0.0,0.0,0.0,0
DE21 4,0.0,0.0,0.0,0.0,0.0,0.0,0.0,0.0,0.0,0.0,0
DE21 5,0.0,0.0,0.0,0.0,0.0,0.0,0.0,0.0,0.0,0.0,0
DE21 6,0.0,0.0,0.0,0.0,0.0,0.0,0.0,0.0,0.0,0.0,0
DE21 7,0.0,0.0,0.0,0.0,0.0,0.0,0.0,0.0,0.0,0.0,0
DE22 1,0.0,0.0,0.0,0.0,0.0,0.0,0.0,0.0,0.0,0.0,0
DE22 2,0.0,0.0,0.0,0.0,0.0,0.0,0.0,0.0,0.0,0.0,0
DE22 3,0.0,0.0,0.0,0.0,0.0,0.0,0.0,0.0,0.0,0.0,0
DE22 4,0.0,0.0,0.0,0.0,0.0,0.0,0.0,0.0,0.0,0.0,0
DE22 5,0.0,0.0,0.0,0.0,0.0,0.0,0.0,0.0,0.0,0.0,0
DE23 1,0.0,0.0,0.0,0.0,0.0,0.0,0.0,0.0,0.0,0.0,0
DE23 2,0.0,0.0,0.0,0.0,0.0,0.0,0.0,0.0,0.0,0.0,0
DE23 3,0.0,0.0,0.0,0.0,0.0,0.0,0.0,0.0,0.0,0.0,0
DE23 4,0.0,0.0,0.0,0.0,0.0,0.0,0.0,0.0,0.0,0.0,0
DE23 6,0.0,0.0,0.0,0.0,0.0,0.0,0.0,0.0,0.0,0.0,0
DE23 8,0.0,0.0,0.0,0.0,0.0,0.0,0.0,0.0,0.0,0.0,0
DE24 0,0.0,0.0,0.0,0.0,0.0,0.0,0.0,0.0,0.0,0.0,0
DE24 1,0.0,0.0,0.0,0.0,0.0,0.0,0.0,0.0,0.0,0.0,0
DE24 3,0.0,0.0,0.0,0.0,0.0,0.0,0.0,0.0,0.0,0.0,0
DE24 5,0.0,0.0,0.0,0.0,0.0,0.0,0.0,0.0,0.0,0.0,0
DE24 8,0.0,0.0,0.0,0.0,0.0,0.0,0.0,0.0,0.0,0.0,0
DE24 9,0.0,0.0,0.0,0.0,0.0,0.0,0.0,0.0,0.0,0.0,0
DE3 0,0.0,0.0,0.0,0.0,0.0,0.0,0.0,0.0,0.0,0.0,0
DE3 9,0.0,0.0,0.0,0.0,0.0,0.0,0.0,0.0,0.0,0.0,0
DE4 2,0.0,0.0,0.0,0.0,0.0,0.0,0.0,0.0,0.0,0.0,0
DE4 3,0.0,0.0,0.0,0.0,0.0,0.0,0.0,0.0,0.0,0.0,0
DE4 4,0.0,0.0,0.0,0.0,0.0,0.0,0.0,0.0,0.0,0.0,0
DE4 5,0.0,0.0,0.0,0.0,0.0,0.0,0.0,0.0,0.0,0.0,0
DE4 9,0.0,0.0,0.0,0.0,0.0,0.0,0.0,0.0,0.0,0.0,0
DE45 1,0.0,0.0,0.0,0.0,0.0,0.0,0.0,0.0,0.0,0.0,0
DE5 3,0.0,0.0,0.0,0.0,0.0,0.0,0.0,0.0,0.0,0.0,0
DE5 4,0.0,0.0,0.0,0.0,0.0,0.0,0.0,0.0,0.0,0.0,0
DE5 8,0.0,0.0,0.0,0.0,0.0,0.0,0.0,0.0,0.0,0.0,0
DE5 9,0.0,0.0,0.0,0.0,0.0,0.0,0.0,0.0,0.0,0.0,0
DE55 1,0.0,0.0,0.0,0.0,0.0,0.0,0.0,0.0,0.0,0.0,0
DE55 2,0.0,0.0,0.0,0.0,0.0,0.0,0.0,0.0,0.0,0.0,0
DE55 3,0.0,0.0,0.0,0.0,0.0,0.0,0.0,0.0,0.0,0.0,0
DE55 4,0.0,0.0,0.0,0.0,0.0,0.0,0.0,0.0,0.0,0.0,0
DE55 5,0.0,0.0,0.0,0.0,0.0,0.0,0.0,0.0,0.0,0.0,0
DE55 6,0.0,0.0,0.0,0.0,0.0,0.0,0.0,0.0,0.0,0.0,0
DE55 7,0.0,0.0,0.0,0.0,0.0,0.0,0.0,0.0,0.0,0.0,0
DE55 9,0.0,0.0,0.0,0.0,0.0,0.0,0.0,0.0,0.0,0.0,0
DE56 0,0.0,0.0,0.0,0.0,0.0,0.0,0.0,0.0,0.0,0.0,0
DE56 1,0.0,0.0,0.0,0.0,0.0,0.0,0.0,0.0,0.0,0.0,0
DE56 2,0.0,0.0,0.0,0.0,0.0,0.0,0.0,0.0,0.0,0.0,0
DE56 4,0.0,0.0,0.0,0.0,0.0,0.0,0.0,0.0,0.0,0.0,0
DE56 9,0.0,0.0,0.0,0.0,0.0,0.0,0.0,0.0,0.0,0.0,0
DE6 1,0.0,0.0,0.0,0.0,0.0,0.0,0.0,0.0,0.0,0.0,0
DE6 2,0.0,0.0,0.0,0.0,0.0,0.0,0.0,0.0,0.0,0.0,0
DE6 3,0.0,0.0,0.0,0.0,0.0,0.0,0.0,0.0,0.0,0.0,0
DE6 4,0.0,0.0,0.0,0.0,0.0,0.0,0.0,0.0,0.0,0.0,0
DE6 5,0.0,0.0,0.0,0.0,0.0,0.0,0.0,0.0,0.0,0.0,0
DE6 9,0.0,0.0,0.0,0.0,0.0,0.0,0.0,0.0,0.0,0.0,0
DE65 5,0.0,0.0,0.0,0.0,0.0,0.0,0.0,0.0,0.0,0.0,0
DE65 6,0.0,0.0,0.0,0.0,0.0,0.0,0.0,0.0,0.0,0.0,0
DE65 9,0.0,0.0,0.0,0.0,0.0,0.0,0.0,0.0,0.0,0.0,0
DE7 0,0.0,0.0,0.0,0.0,0.0,0.0,0.0,0.0,0.0,0.0,0
DE7 4,0.0,0.0,0.0,0.0,0.0,0.0,0.0,0.0,0.0,0.0,0
DE7 5,0.0,0.0,0.0,0.0,0.0,0.0,0.0,0.0,0.0,0.0,0
DE7 6,0.0,0.0,0.0,0.0,0.0,0.0,0.0,0.0,0.0,0.0,0
DE7 8,0.0,0.0,0.0,0.0,0.0,0.0,0.0,0.0,0.0,0.0,0
DE7 9,0.0,0.0,0.0,0.0,0.0,0.0,0.0,0.0,0.0,0.0,0
DE72 2,0.0,0.0,0.0,0.0,0.0,0.0,0.0,0.0,0.0,0.0,0
DE72 3,0.0,0.0,0.0,0.0,0.0,0.0,0.0,0.0,0.0,0.0,0
DE73 5,0.0,0.0,0.0,0.0,0.0,0.0,0.0,0.0,0.0,0.0,0
DE73 6,0.0,0.0,0.0,0.0,0.0,0.0,0.0,0.0,0.0,0.0,0
DE73 7,0.0,0.0,0.0,0.0,0.0,0.0,0.0,0.0,0.0,0.0,0
DE73 8,0.0,0.0,0.0,0.0,0.0,0.0,0.0,0.0,0.0,0.0,0
DE74 0,0.0,0.0,0.0,0.0,0.0,0.0,0.0,0.0,0.0,0.0,0
DE74 2,0.0,0.0,0.0,0.0,0.0,0.0,0.0,0.0,0.0,0.0,0
DE75 7,0.0,0.0,0.0,0.0,0.0,0.0,0.0,0.0,0.0,0.0,0
DG1 1,0.0,0.0,0.0,0.0,0.0,0.0,0.0,0.0,0.0,0.0,0
DG1 2,0.0,0.0,0.0,0.0,0.0,0.0,0.0,0.0,0.0,0.0,0
DG1 3,0.0,0.0,0.0,0.0,0.0,0.0,0.0,0.0,0.0,0.0,0
DG1 4,0.0,0.0,0.0,0.0,0.0,0.0,0.0,0.0,0.0,0.0,0
DG1 9,0.0,0.0,0.0,0.0,0.0,0.0,0.0,0.0,0.0,0.0,0
DG10 9,0.0,0.0,0.0,0.0,0.0,0.0,0.0,0.0,0.0,0.0,0
DG11 1,0.0,0.0,0.0,0.0,0.0,0.0,0.0,0.0,0.0,0.0,0
DG11 2,0.0,0.0,0.0,0.0,0.0,0.0,0.0,0.0,0.0,0.0,0
DG11 3,0.0,0.0,0.0,0.0,0.0,0.0,0.0,0.0,0.0,0.0,0
DG11 9,0.0,0.0,0.0,0.0,0.0,0.0,0.0,0.0,0.0,0.0,0
DG12 5,0.0,0.0,0.0,0.0,0.0,0.0,0.0,0.0,0.0,0.0,0
DG12 6,0.0,0.0,0.0,0.0,0.0,0.0,0.0,0.0,0.0,0.0,0
DG13 0,0.0,0.0,0.0,0.0,0.0,0.0,0.0,0.0,0.0,0.0,0
DG14 0,0.0,0.0,0.0,0.0,0.0,0.0,0.0,0.0,0.0,0.0,0
DG16 5,0.0,0.0,0.0,0.0,0.0,0.0,0.0,0.0,0.0,0.0,0
DG2 0,0.0,0.0,0.0,0.0,0.0,0.0,0.0,0.0,0.0,0.0,0
DG2 7,0.0,0.0,0.0,0.0,0.0,0.0,0.0,0.0,0.0,0.0,0
DG2 8,0.0,0.0,0.0,0.0,0.0,0.0,0.0,0.0,0.0,0.0,0
DG2 9,0.0,0.0,0.0,0.0,0.0,0.0,0.0,0.0,0.0,0.0,0
DG3 4,0.0,0.0,0.0,0.0,0.0,0.0,0.0,0.0,0.0,0.0,0
DG3 5,0.0,0.0,0.0,0.0,0.0,0.0,0.0,0.0,0.0,0.0,0
DG3 9,0.0,0.0,0.0,0.0,0.0,0.0,0.0,0.0,0.0,0.0,0
DG4 6,0.0,0.0,0.0,0.0,0.0,0.0,0.0,0.0,0.0,0.0,0
DG5 4,0.0,0.0,0.0,0.0,0.0,0.0,0.0,0.0,0.0,0.0,0
DG6 4,0.0,0.0,0.0,0.0,0.0,0.0,0.0,0.0,0.0,0.0,0
DG7 1,0.0,0.0,0.0,0.0,0.0,0.0,0.0,0.0,0.0,0.0,0
DG7 2,0.0,0.0,0.0,0.0,0.0,0.0,0.0,0.0,0.0,0.0,0
DG7 3,0.0,0.0,0.0,0.0,0.0,0.0,0.0,0.0,0.0,0.0,0
DG7 9,0.0,0.0,0.0,0.0,0.0,0.0,0.0,0.0,0.0,0.0,0
DG8 0,0.0,0.0,0.0,0.0,0.0,0.0,0.0,0.0,0.0,0.0,0
DG8 6,0.0,0.0,0.0,0.0,0.0,0.0,0.0,0.0,0.0,0.0,0
DG8 7,0.0,0.0,0.0,0.0,0.0,0.0,0.0,0.0,0.0,0.0,0
DG8 8,0.0,0.0,0.0,0.0,0.0,0.0,0.0,0.0,0.0,0.0,0
DG8 9,0.0,0.0,0.0,0.0,0.0,0.0,0.0,0.0,0.0,0.0,0
DG9 0,0.0,0.0,0.0,0.0,0.0,0.0,0.0,0.0,0.0,0.0,0
DG9 7,0.0,0.0,0.0,0.0,0.0,0.0,0.0,0.0,0.0,0.0,0
DG9 8,0.0,0.0,0.0,0.0,0.0,0.0,0.0,0.0,0.0,0.0,0
DG9 9,0.0,0.0,0.0,0.0,0.0,0.0,0.0,0.0,0.0,0.0,0
DH1 1,0.0,0.0,0.0,0.0,0.0,0.0,0.0,0.0,0.0,0.0,0
DH1 2,0.0,0.0,0.0,0.0,0.0,0.0,0.0,0.0,0.0,0.0,0
DH1 3,0.0,0.0,0.0,0.0,0.0,0.0,0.0,0.0,0.0,0.0,0
DH1 4,0.0,0.0,0.0,0.0,0.0,0.0,0.0,0.0,0.0,0.0,0
DH1 5,0.0,0.0,0.0,0.0,0.0,0.0,0.0,0.0,0.0,0.0,0
DH1 9,0.0,0.0,0.0,0.0,0.0,0.0,0.0,0.0,0.0,0.0,0
DH2 1,0.0,0.0,0.0,0.0,0.0,0.0,0.0,0.0,0.0,0.0,0
DH2 2,0.0,0.0,0.0,0.0,0.0,0.0,0.0,0.0,0.0,0.0,0
DH2 3,0.0,0.0,0.0,0.0,0.0,0.0,0.0,0.0,0.0,0.0,0
DH3 1,0.0,0.0,0.0,0.0,0.0,0.0,0.0,0.0,0.0,0.0,0
DH3 2,0.0,0.0,0.0,0.0,0.0,0.0,0.0,0.0,0.0,0.0,0
DH3 3,0.0,0.0,0.0,0.0,0.0,0.0,0.0,0.0,0.0,0.0,0
DH3 4,0.0,0.0,0.0,0.0,0.0,0.0,0.0,0.0,0.0,0.0,0
DH3 9,0.0,0.0,0.0,0.0,0.0,0.0,0.0,0.0,0.0,0.0,0
DH4 4,0.0,0.0,0.0,0.0,0.0,0.0,0.0,0.0,0.0,0.0,0
DH4 5,0.0,0.0,0.0,0.0,0.0,0.0,0.0,0.0,0.0,0.0,0
DH4 6,0.0,0.0,0.0,0.0,0.0,0.0,0.0,0.0,0.0,0.0,0
DH4 7,0.0,0.0,0.0,0.0,0.0,0.0,0.0,0.0,0.0,0.0,0
DH4 9,0.0,0.0,0.0,0.0,0.0,0.0,0.0,0.0,0.0,0.0,0
DH5 0,0.0,0.0,0.0,0.0,0.0,0.0,0.0,0.0,0.0,0.0,0
DH5 8,0.0,0.0,0.0,0.0,0.0,0.0,0.0,0.0,0.0,0.0,0
DH5 9,0.0,0.0,0.0,0.0,0.0,0.0,0.0,0.0,0.0,0.0,0
DH6 1,0.0,0.0,0.0,0.0,0.0,0.0,0.0,0.0,0.0,0.0,0
DH6 2,0.0,0.0,0.0,0.0,0.0,0.0,0.0,0.0,0.0,0.0,0
DH6 3,0.0,0.0,0.0,0.0,0.0,0.0,0.0,0.0,0.0,0.0,0
DH6 4,0.0,0.0,0.0,0.0,0.0,0.0,0.0,0.0,0.0,0.0,0
DH6 5,0.0,0.0,0.0,0.0,0.0,0.0,0.0,0.0,0.0,0.0,0
DH7 0,0.0,0.0,0.0,0.0,0.0,0.0,0.0,0.0,0.0,0.0,0
DH7 6,0.0,0.0,0.0,0.0,0.0,0.0,0.0,0.0,0.0,0.0,0
DH7 7,0.0,0.0,0.0,0.0,0.0,0.0,0.0,0.0,0.0,0.0,0
DH7 8,0.0,0.0,0.0,0.0,0.0,0.0,0.0,0.0,0.0,0.0,0
DH7 9,0.0,0.0,0.0,0.0,0.0,0.0,0.0,0.0,0.0,0.0,0
DH8 0,0.0,0.0,0.0,0.0,0.0,0.0,0.0,0.0,0.0,0.0,0
DH8 1,0.0,0.0,0.0,0.0,0.0,0.0,0.0,0.0,0.0,0.0,0
DH8 5,0.0,0.0,0.0,0.0,0.0,0.0,0.0,0.0,0.0,0.0,0
DH8 6,0.0,0.0,0.0,0.0,0.0,0.0,0.0,0.0,0.0,0.0,0
DH8 7,0.0,0.0,0.0,0.0,0.0,0.0,0.0,0.0,0.0,0.0,0
DH8 8,0.0,0.0,0.0,0.0,0.0,0.0,0.0,0.0,0.0,0.0,0
DH8 9,0.0,0.0,0.0,0.0,0.0,0.0,0.0,0.0,0.0,0.0,0
DH9 0,0.0,0.0,0.0,0.0,0.0,0.0,0.0,0.0,0.0,0.0,0
DH9 6,0.0,0.0,0.0,0.0,0.0,0.0,0.0,0.0,0.0,0.0,0
DH9 7,0.0,0.0,0.0,0.0,0.0,0.0,0.0,0.0,0.0,0.0,0
DH9 8,0.0,0.0,0.0,0.0,0.0,0.0,0.0,0.0,0.0,0.0,0
DH9 9,0.0,0.0,0.0,0.0,0.0,0.0,0.0,0.0,0.0,0.0,0
DL1 1,0.0,0.0,0.0,0.0,0.0,0.0,0.0,0.0,0.0,0.0,0
DL1 2,0.0,0.0,0.0,0.0,0.0,0.0,0.0,0.0,0.0,0.0,0
DL1 3,0.0,0.0,0.0,0.0,0.0,0.0,0.0,0.0,0.0,0.0,0
DL1 4,0.0,0.0,0.0,0.0,0.0,0.0,0.0,0.0,0.0,0.0,0
DL1 5,0.0,0.0,0.0,0.0,0.0,0.0,0.0,0.0,0.0,0.0,0
DL1 9,0.0,0.0,0.0,0.0,0.0,0.0,0.0,0.0,0.0,0.0,0
DL10 4,0.0,0.0,0.0,0.0,0.0,0.0,0.0,0.0,0.0,0.0,0
DL10 5,0.0,0.0,0.0,0.0,0.0,0.0,0.0,0.0,0.0,0.0,0
DL10 6,0.0,0.0,0.0,0.0,0.0,0.0,0.0,0.0,0.0,0.0,0
DL10 7,0.0,0.0,0.0,0.0,0.0,0.0,0.0,0.0,0.0,0.0,0
DL10 9,0.0,0.0,0.0,0.0,0.0,0.0,0.0,0.0,0.0,0.0,0
DL11 6,0.0,0.0,0.0,0.0,0.0,0.0,0.0,0.0,0.0,0.0,0
DL11 7,0.0,0.0,0.0,0.0,0.0,0.0,0.0,0.0,0.0,0.0,0
DL12 0,0.0,0.0,0.0,0.0,0.0,0.0,0.0,0.0,0.0,0.0,0
DL12 8,0.0,0.0,0.0,0.0,0.0,0.0,0.0,0.0,0.0,0.0,0
DL12 9,0.0,0.0,0.0,0.0,0.0,0.0,0.0,0.0,0.0,0.0,0
DL13 1,0.0,0.0,0.0,0.0,0.0,0.0,0.0,0.0,0.0,0.0,0
DL13 2,0.0,0.0,0.0,0.0,0.0,0.0,0.0,0.0,0.0,0.0,0
DL13 3,0.0,0.0,0.0,0.0,0.0,0.0,0.0,0.0,0.0,0.0,0
DL13 4,0.0,0.0,0.0,0.0,0.0,0.0,0.0,0.0,0.0,0.0,0
DL13 5,0.0,0.0,0.0,0.0,0.0,0.0,0.0,0.0,0.0,0.0,0
DL14 0,0.0,0.0,0.0,0.0,0.0,0.0,0.0,0.0,0.0,0.0,0
DL14 4,0.0,0.0,0.0,0.0,0.0,0.0,0.0,0.0,0.0,0.0,0
DL14 6,0.0,0.0,0.0,0.0,0.0,0.0,0.0,0.0,0.0,0.0,0
DL14 7,0.0,0.0,0.0,0.0,0.0,0.0,0.0,0.0,0.0,0.0,0
DL14 8,0.0,0.0,0.0,0.0,0.0,0.0,0.0,0.0,0.0,0.0,0
DL14 9,0.0,0.0,0.0,0.0,0.0,0.0,0.0,0.0,0.0,0.0,0
DL15 0,0.0,0.0,0.0,0.0,0.0,0.0,0.0,0.0,0.0,0.0,0
DL15 8,0.0,0.0,0.0,0.0,0.0,0.0,0.0,0.0,0.0,0.0,0
DL15 9,0.0,0.0,0.0,0.0,0.0,0.0,0.0,0.0,0.0,0.0,0
DL16 6,0.0,0.0,0.0,0.0,0.0,0.0,0.0,0.0,0.0,0.0,0
DL16 7,0.0,0.0,0.0,0.0,0.0,0.0,0.0,0.0,0.0,0.0,0
DL16 9,0.0,0.0,0.0,0.0,0.0,0.0,0.0,0.0,0.0,0.0,0
DL17 0,0.0,0.0,0.0,0.0,0.0,0.0,0.0,0.0,0.0,0.0,0
DL17 8,0.0,0.0,0.0,0.0,0.0,0.0,0.0,0.0,0.0,0.0,0
DL17 9,0.0,0.0,0.0,0.0,0.0,0.0,0.0,0.0,0.0,0.0,0
DL2 1,0.0,0.0,0.0,0.0,0.0,0.0,0.0,0.0,0.0,0.0,0
DL2 2,0.0,0.0,0.0,0.0,0.0,0.0,0.0,0.0,0.0,0.0,0
DL2 3,0.0,0.0,0.0,0.0,0.0,0.0,0.0,0.0,0.0,0.0,0
DL2 4,0.0,0.0,0.0,0.0,0.0,0.0,0.0,0.0,0.0,0.0,0
DL3 0,0.0,0.0,0.0,0.0,0.0,0.0,0.0,0.0,0.0,0.0,0
DL3 6,0.0,0.0,0.0,0.0,0.0,0.0,0.0,0.0,0.0,0.0,0
DL3 7,0.0,0.0,0.0,0.0,0.0,0.0,0.0,0.0,0.0,0.0,0
DL3 8,0.0,0.0,0.0,0.0,0.0,0.0,0.0,0.0,0.0,0.0,0
DL3 9,0.0,0.0,0.0,0.0,0.0,0.0,0.0,0.0,0.0,0.0,0
DL4 1,0.0,0.0,0.0,0.0,0.0,0.0,0.0,0.0,0.0,0.0,0
DL4 2,0.0,0.0,0.0,0.0,0.0,0.0,0.0,0.0,0.0,0.0,0
DL5 4,0.0,0.0,0.0,0.0,0.0,0.0,0.0,0.0,0.0,0.0,0
DL5 5,0.0,0.0,0.0,0.0,0.0,0.0,0.0,0.0,0.0,0.0,0
DL5 6,0.0,0.0,0.0,0.0,0.0,0.0,0.0,0.0,0.0,0.0,0
DL5 7,0.0,0.0,0.0,0.0,0.0,0.0,0.0,0.0,0.0,0.0,0
DL5 9,0.0,0.0,0.0,0.0,0.0,0.0,0.0,0.0,0.0,0.0,0
DL6 1,0.0,0.0,0.0,0.0,0.0,0.0,0.0,0.0,0.0,0.0,0
DL6 2,0.0,0.0,0.0,0.0,0.0,0.0,0.0,0.0,0.0,0.0,0
DL6 3,0.0,0.0,0.0,0.0,0.0,0.0,0.0,0.0,0.0,0.0,0
DL7 0,0.0,0.0,0.0,0.0,0.0,0.0,0.0,0.0,0.0,0.0,0
DL7 7,0.0,0.0,0.0,0.0,0.0,0.0,0.0,0.0,0.0,0.0,0
DL7 8,0.0,0.0,0.0,0.0,0.0,0.0,0.0,0.0,0.0,0.0,0
DL7 9,0.0,0.0,0.0,0.0,0.0,0.0,0.0,0.0,0.0,0.0,0
DL8 1,0.0,0.0,0.0,0.0,0.0,0.0,0.0,0.0,0.0,0.0,0
DL8 2,0.0,0.0,0.0,0.0,0.0,0.0,0.0,0.0,0.0,0.0,0
DL8 3,0.0,0.0,0.0,0.0,0.0,0.0,0.0,0.0,0.0,0.0,0
DL8 4,0.0,0.0,0.0,0.0,0.0,0.0,0.0,0.0,0.0,0.0,0
DL8 5,0.0,0.0,0.0,0.0,0.0,0.0,0.0,0.0,0.0,0.0,0
DL8 9,0.0,0.0,0.0,0.0,0.0,0.0,0.0,0.0,0.0,0.0,0
DL9 3,0.0,0.0,0.0,0.0,0.0,0.0,0.0,0.0,0.0,0.0,0
DL9 4,0.0,0.0,0.0,0.0,0.0,0.0,0.0,0.0,0.0,0.0,0
DN1 1,0.0,0.0,0.0,0.0,0.0,0.0,0.0,0.0,0.0,0.0,0
DN1 2,0.0,0.0,0.0,0.0,0.0,0.0,0.0,0.0,0.0,0.0,0
DN1 3,0.0,0.0,0.0,0.0,0.0,0.0,0.0,0.0,0.0,0.0,0
DN1 9,0.0,0.0,0.0,0.0,0.0,0.0,0.0,0.0,0.0,0.0,0
DN10 4,0.0,0.0,0.0,0.0,0.0,0.0,0.0,0.0,0.0,0.0,0
DN10 5,0.0,0.0,0.0,0.0,0.0,0.0,0.0,0.0,0.0,0.0,0
DN10 6,0.0,0.0,0.0,0.0,0.0,0.0,0.0,0.0,0.0,0.0,0
DN11 0,0.0,0.0,0.0,0.0,0.0,0.0,0.0,0.0,0.0,0.0,0
DN11 8,0.0,0.0,0.0,0.0,0.0,0.0,0.0,0.0,0.0,0.0,0
DN11 9,0.0,0.0,0.0,0.0,0.0,0.0,0.0,0.0,0.0,0.0,0
DN12 1,0.0,0.0,0.0,0.0,0.0,0.0,0.0,0.0,0.0,0.0,0
DN12 2,0.0,0.0,0.0,0.0,0.0,0.0,0.0,0.0,0.0,0.0,0
DN12 3,0.0,0.0,0.0,0.0,0.0,0.0,0.0,0.0,0.0,0.0,0
DN12 4,0.0,0.0,0.0,0.0,0.0,0.0,0.0,0.0,0.0,0.0,0
DN14 0,0.0,0.0,0.0,0.0,0.0,0.0,0.0,0.0,0.0,0.0,0
DN14 4,0.0,0.0,0.0,0.0,0.0,0.0,0.0,0.0,0.0,0.0,0
DN14 5,0.0,0.0,0.0,0.0,0.0,0.0,0.0,0.0,0.0,0.0,0
DN14 6,0.0,0.0,0.0,0.0,0.0,0.0,0.0,0.0,0.0,0.0,0
DN14 7,0.0,0.0,0.0,0.0,0.0,0.0,0.0,0.0,0.0,0.0,0
DN14 8,0.0,0.0,0.0,0.0,0.0,0.0,0.0,0.0,0.0,0.0,0
DN14 9,0.0,0.0,0.0,0.0,0.0,0.0,0.0,0.0,0.0,0.0,0
DN15 0,0.0,0.0,0.0,0.0,0.0,0.0,0.0,0.0,0.0,0.0,0
DN15 5,0.0,0.0,0.0,0.0,0.0,0.0,0.0,0.0,0.0,0.0,0
DN15 6,0.0,0.0,0.0,0.0,0.0,0.0,0.0,0.0,0.0,0.0,0
DN15 7,0.0,0.0,0.0,0.0,0.0,0.0,0.0,0.0,0.0,0.0,0
DN15 8,0.0,0.0,0.0,0.0,0.0,0.0,0.0,0.0,0.0,0.0,0
DN15 9,0.0,0.0,0.0,0.0,0.0,0.0,0.0,0.0,0.0,0.0,0
DN16 1,0.0,0.0,0.0,0.0,0.0,0.0,0.0,0.0,0.0,0.0,0
DN16 2,0.0,0.0,0.0,0.0,0.0,0.0,0.0,0.0,0.0,0.0,0
DN16 3,0.0,0.0,0.0,0.0,0.0,0.0,0.0,0.0,0.0,0.0,0
DN17 1,0.0,0.0,0.0,0.0,0.0,0.0,0.0,0.0,0.0,0.0,0
DN17 2,0.0,0.0,0.0,0.0,0.0,0.0,0.0,0.0,0.0,0.0,0
DN17 3,0.0,0.0,0.0,0.0,0.0,0.0,0.0,0.0,0.0,0.0,0
DN17 4,0.0,0.0,0.0,0.0,0.0,0.0,0.0,0.0,0.0,0.0,0
DN18 5,0.0,0.0,0.0,0.0,0.0,0.0,0.0,0.0,0.0,0.0,0
DN18 6,0.0,0.0,0.0,0.0,0.0,0.0,0.0,0.0,0.0,0.0,0
DN18 9,0.0,0.0,0.0,0.0,0.0,0.0,0.0,0.0,0.0,0.0,0
DN19 7,0.0,0.0,0.0,0.0,0.0,0.0,0.0,0.0,0.0,0.0,0
DN2 4,0.0,0.0,0.0,0.0,0.0,0.0,0.0,0.0,0.0,0.0,0
DN2 5,0.0,0.0,0.0,0.0,0.0,0.0,0.0,0.0,0.0,0.0,0
DN2 6,0.0,0.0,0.0,0.0,0.0,0.0,0.0,0.0,0.0,0.0,0
DN20 0,0.0,0.0,0.0,0.0,0.0,0.0,0.0,0.0,0.0,0.0,0
DN20 8,0.0,0.0,0.0,0.0,0.0,0.0,0.0,0.0,0.0,0.0,0
DN20 9,0.0,0.0,0.0,0.0,0.0,0.0,0.0,0.0,0.0,0.0,0
DN21 1,0.0,0.0,0.0,0.0,0.0,0.0,0.0,0.0,0.0,0.0,0
DN21 2,0.0,0.0,0.0,0.0,0.0,0.0,0.0,0.0,0.0,0.0,0
DN21 3,0.0,0.0,0.0,0.0,0.0,0.0,0.0,0.0,0.0,0.0,0
DN21 4,0.0,0.0,0.0,0.0,0.0,0.0,0.0,0.0,0.0,0.0,0
DN21 5,0.0,0.0,0.0,0.0,0.0,0.0,0.0,0.0,0.0,0.0,0
DN21 9,0.0,0.0,0.0,0.0,0.0,0.0,0.0,0.0,0.0,0.0,0
DN22 0,0.0,0.0,0.0,0.0,0.0,0.0,0.0,0.0,0.0,0.0,0
DN22 1,0.0,0.0,0.0,0.0,0.0,0.0,0.0,0.0,0.0,0.0,0
DN22 4,0.0,0.0,0.0,0.0,0.0,0.0,0.0,0.0,0.0,0.0,0
DN22 5,0.0,0.0,0.0,0.0,0.0,0.0,0.0,0.0,0.0,0.0,0
DN22 6,0.0,0.0,0.0,0.0,0.0,0.0,0.0,0.0,0.0,0.0,0
DN22 7,0.0,0.0,0.0,0.0,0.0,0.0,0.0,0.0,0.0,0.0,0
DN22 8,0.0,0.0,0.0,0.0,0.0,0.0,0.0,0.0,0.0,0.0,0
DN22 9,0.0,0.0,0.0,0.0,0.0,0.0,0.0,0.0,0.0,0.0,0
DN3 1,0.0,0.0,0.0,0.0,0.0,0.0,0.0,0.0,0.0,0.0,0
DN3 2,0.0,0.0,0.0,0.0,0.0,0.0,0.0,0.0,0.0,0.0,0
DN3 3,0.0,0.0,0.0,0.0,0.0,0.0,0.0,0.0,0.0,0.0,0
DN31 1,0.0,0.0,0.0,0.0,0.0,0.0,0.0,0.0,0.0,0.0,0
DN31 2,0.0,0.0,0.0,0.0,0.0,0.0,0.0,0.0,0.0,0.0,0
DN31 3,0.0,0.0,0.0,0.01220472,0.0,0.0,0.00573526,0.0148085,0.0,0.0,1
DN31 9,0.0,0.0,0.0,0.0,0.0,0.0,0.0,0.0,0.0,0.0,0
DN32 0,0.0,0.0,0.0,0.0,0.0,0.0,0.0,0.0,0.0,0.0,0
DN32 7,0.0,0.0,0.0,0.0,0.0,0.0,0.0,0.0,0.0,0.0,0
DN32 8,0.0,0.0,0.0,0.0,0.0,0.0,0.0,0.0,0.0,0.0,0
DN32 9,0.0,0.0,0.0,0.0,0.0,0.0,0.0,0.0,0.0,0.0,0
DN33 1,0.0,0.0,0.0,0.0,0.0,0.0,0.0,0.0,0.0,0.0,0
DN33 2,0.0,0.0,0.0,0.0,0.0,0.0,0.0,0.0,0.0,0.0,0
DN33 3,0.0,0.0,0.0,0.0,0.0,0.0,0.0,0.0,0.0,0.0,0
DN34 4,0.0,0.0,0.0,0.0,0.0,0.0,0.0,0.0,0.0,0.0,0
DN34 5,0.0,0.0,0.0,0.0,0.0,0.0,0.0,0.0,0.0,0.0,0
DN35 0,0.0,0.0,0.01136744,0.04561782,0.0,0.0,0.02633211,0.05312768,0.0,0.0,1
DN35 7,0.0,0.0,0.0,0.0,0.0,0.0,0.0,0.0,0.0,0.0,0
DN35 8,0.0,0.0,0.00526399,0.01118592,0.0,0.0,0.00671892,0.01274752,0.0,0.0,1
DN35 9,0.0,0.0,0.0,0.0,0.0,0.0,0.0,0.0,0.0,0.0,0
DN36 4,0.0,0.0,0.0,0.0,0.0,0.0,0.0,0.0,0.0,0.0,0
DN36 5,0.0,0.0,0.0,0.0,0.0,0.0,0.0,0.0,0.0,0.0,0
DN37 0,0.0,0.0,0.0,0.0,0.0,0.0,0.0,0.0,0.0,0.0,0
DN37 7,0.0,0.0,0.0,0.0,0.0,0.0,0.0,0.0,0.0,0.0,0
DN37 8,0.0,0.0,0.0,0.0,0.0,0.0,0.0,0.0,0.0,0.0,0
DN37 9,0.0,0.0,0.0,0.0,0.0,0.0,0.0,0.0,0.0,0.0,0
DN38 6,0.0,0.0,0.0,0.0,0.0,0.0,0.0,0.0,0.0,0.0,0
DN39 6,0.0,0.0,0.0,0.0,0.0,0.0,0.0,0.0,0.0,0.0,0
DN4 0,0.0,0.0,0.0,0.0,0.0,0.0,0.0,0.0,0.0,0.0,0
DN4 5,0.0,0.0,0.0,0.0,0.0,0.0,0.0,0.0,0.0,0.0,0
DN4 6,0.0,0.0,0.0,0.0,0.0,0.0,0.0,0.0,0.0,0.0,0
DN4 7,0.0,0.0,0.0,0.0,0.0,0.0,0.0,0.0,0.0,0.0,0
DN4 8,0.0,0.0,0.0,0.0,0.0,0.0,0.0,0.0,0.0,0.0,0
DN4 9,0.0,0.0,0.0,0.0,0.0,0.0,0.0,0.0,0.0,0.0,0
DN40 1,0.0,0.0,0.0,0.0,0.0,0.0,0.0,0.0,0.0,0.0,0
DN40 2,0.0,0.0,0.0,0.0,0.0,0.0,0.0,0.0,0.0,0.0,0
DN40 3,0.0,0.0,0.0,0.0,0.0,0.0,0.0,0.0,0.0,0.0,0
DN40 9,0.0,0.0,0.0,0.0,0.0,0.0,0.0,0.0,0.0,0.0,0
DN41 7,0.0,0.0,0.0,0.0,0.0,0.0,0.0,0.0,0.0,0.0,0
DN41 8,0.0,0.0,0.0,0.0,0.0,0.0,0.0,0.0,0.0,0.0,0
DN5 0,0.0,0.0,0.0,0.0,0.0,0.0,0.0,0.0,0.0,0.0,0
DN5 7,0.0,0.0,0.0,0.0,0.0,0.0,0.0,0.0,0.0,0.0,0
DN5 8,0.0,0.0,0.0,0.0,0.0,0.0,0.0,0.0,0.0,0.0,0
DN5 9,0.0,0.0,0.0,0.0,0.0,0.0,0.0,0.0,0.0,0.0,0
DN6 0,0.0,0.0,0.0,0.0,0.0,0.0,0.0,0.0,0.0,0.0,0
DN6 7,0.0,0.0,0.0,0.0,0.0,0.0,0.0,0.0,0.0,0.0,0
DN6 8,0.0,0.0,0.0,0.0,0.0,0.0,0.0,0.0,0.0,0.0,0
DN6 9,0.0,0.0,0.0,0.0,0.0,0.0,0.0,0.0,0.0,0.0,0
DN7 4,0.0,0.0,0.0,0.0,0.0,0.0,0.0,0.0,0.0,0.0,0
DN7 5,0.0,0.0,0.0,0.0,0.0,0.0,0.0,0.0,0.0,0.0,0
DN7 6,0.0,0.0,0.0,0.0,0.0,0.0,0.0,0.0,0.0,0.0,0
DN8 4,0.0,0.0,0.0,0.0,0.0,0.0,0.0,0.0,0.0,0.0,0
DN8 5,0.0,0.0,0.0,0.0,0.0,0.0,0.0,0.0,0.0,0.0,0
DN9 1,0.0,0.0,0.0,0.0,0.0,0.0,0.0,0.0,0.0,0.0,0
DN9 2,0.0,0.0,0.0,0.0,0.0,0.0,0.0,0.0,0.0,0.0,0
DN9 3,0.0,0.0,0.0,0.0,0.0,0.0,0.0,0.0,0.0,0.0,0
DT1 1,0.0,0.0,0.0,0.0,0.0,0.0,0.0,0.0,0.0,0.0,0
DT1 2,0.0,0.0,0.0,0.0,0.0,0.0,0.0,0.0,0.0,0.0,0
DT1 3,0.0,0.0,0.0,0.0,0.0,0.0,0.0,0.0,0.0,0.0,0
DT1 9,0.0,0.0,0.0,0.0,0.0,0.0,0.0,0.0,0.0,0.0,0
DT10 1,0.0,0.0,0.0,0.0,0.0,0.0,0.0,0.0,0.0,0.0,0
DT10 2,0.0,0.0,0.0,0.0,0.0,0.0,0.0,0.0,0.0,0.0,0
DT10 9,0.0,0.0,0.0,0.0,0.0,0.0,0.0,0.0,0.0,0.0,0
DT11 0,0.0,0.0,0.0,0.0,0.0,0.0,0.0,0.0,0.0,0.0,0
DT11 1,0.0,0.0,0.0,0.0,0.0,0.0,0.0,0.0,0.0,0.0,0
DT11 7,0.0,0.0,0.0,0.0,0.0,0.0,0.0,0.0,0.0,0.0,0
DT11 8,0.0,0.0,0.0,0.0,0.0,0.0,0.0,0.0,0.0,0.0,0
DT11 9,0.0,0.0,0.0,0.0,0.0,0.0,0.0,0.0,0.0,0.0,0
DT2 0,0.0,0.0,0.0,0.0,0.0,0.0,0.0,0.0,0.0,0.0,0
DT2 7,0.0,0.0,0.0,0.0,0.0,0.0,0.0,0.0,0.0,0.0,0
DT2 8,0.00109633,0.00387128,0.00111094,0.00387128,0.00160976,0.00459981,0.00160976,0.00459981,0.00312939,579074.7,1
DT2 9,0.00025578,0.00067108,0.00025578,0.00067108,0.00046401,0.00075386,0.00046401,0.00075386,0.0,99096.0,1
DT3 4,0.00248328,0.00642102,0.00248328,0.00642102,0.00512731,0.0068508,0.00512731,0.0068508,0.0,597207.1,1
DT3 5,0.0,0.0,0.0,0.0,0.0,0.0,0.0,0.0,0.0,0.0,0
DT3 6,0.00391339,0.01400622,0.0058258,0.01975558,0.00596972,0.01656875,0.00894669,0.02328804,0.0151932,389792.4,1
DT4 0,0.0,0.0,0.0,0.0,0.0,0.0,0.0,0.0,0.0,0.0,0
DT4 4,0.0,0.0,0.0,0.0,0.0,0.0,0.0,0.0,0.0,0.0,0
DT4 7,0.0,0.0,0.0060783,0.00990044,0.0,0.0,0.00860839,0.01054077,0.0,0.0,1
DT4 8,0.00091009,0.00361445,0.01091637,0.02482394,0.00143361,0.00427919,0.0156797,0.02793343,0.0028684,36487.9,1
DT4 9,0.00394116,0.01049047,0.00572458,0.01447689,0.00796225,0.01133909,0.0102759,0.01586791,0.0,215716.4,1
DT5 1,0.0024581,0.00780359,0.00575538,0.01497874,0.00342477,0.00915353,0.00765086,0.01732862,0.09116731,216283.1,1
DT5 2,0.00420283,0.01256637,0.00420422,0.01256989,0.00558893,0.01465974,0.00559065,0.01466381,0.00796521,320924.5,1
DT5 9,0.0,0.0,0.0,0.0,0.0,0.0,0.0,0.0,0.10210581,0.0,0
DT6 3,0.0,0.0,0.0,0.0,0.0,0.0,0.0,0.0,0.0,0.0,0
DT6 4,0.00239188,0.00756967,0.00346841,0.01027437,0.0038142,0.00875118,0.00522115,0.01188188,0.00164185,367511.4,1
DT6 5,0.0,0.0,0.0,0.0,0.0,0.0,0.0,0.0,0.0,0.0,0
DT6 6,0.00820734,0.02822155,0.00831634,0.02845985,0.01273715,0.03329654,0.01286833,0.0335801,0.02324468,2200350.5,1
DT6 9,0.0,0.0,0.0,0.0,0.0,0.0,0.0,0.0,0.0,0.0,0
DT7 3,0.00338449,0.01135812,0.00536647,0.01678221,0.00513443,0.01309035,0.00791311,0.01938968,0.07031567,507616.2,1
DT8 3,0.0,0.0,0.0,0.0,0.0,0.0,0.0,0.0,0.0,0.0,0
DT9 3,0.0,0.0,0.0,0.0,0.0,0.0,0.0,0.0,0.0,0.0,0
DT9 4,0.0,0.0,0.0,0.0,0.0,0.0,0.0,0.0,0.0,0.0,0
DT9 5,0.0,0.0,0.0,0.0,0.0,0.0,0.0,0.0,0.0,0.0,0
DT9 6,0.0,0.0,0.0,0.0,0.0,0.0,0.0,0.0,0.0,0.0,0
DT9 9,0.0,0.0,0.0,0.0,0.0,0.0,0.0,0.0,0.0,0.0,0
DY1 1,0.0,0.0,0.0,0.0,0.0,0.0,0.0,0.0,0.0,0.0,0
DY1 2,0.0,0.0,0.0,0.0,0.0,0.0,0.0,0.0,0.0,0.0,0
DY1 3,0.0,0.0,0.0,0.0,0.0,0.0,0.0,0.0,0.0,0.0,0
DY1 4,0.0,0.0,0.0,0.0,0.0,0.0,0.0,0.0,0.0,0.0,0
DY1 9,0.0,0.0,0.0,0.0,0.0,0.0,0.0,0.0,0.0,0.0,0
DY10 1,0.0,0.0,0.0,0.0,0.0,0.0,0.0,0.0,0.0,0.0,0
DY10 2,0.0,0.0,0.0,0.0,0.0,0.0,0.0,0.0,0.0,0.0,0
DY10 3,0.0,0.0,0.0,0.0,0.0,0.0,0.0,0.0,0.0,0.0,0
DY10 4,0.0,0.0,0.0,0.0,0.0,0.0,0.0,0.0,0.0,0.0,0
DY11 5,0.0,0.0,0.0,0.0,0.0,0.0,0.0,0.0,0.0,0.0,0
DY11 6,0.0,0.0,0.0,0.0,0.0,0.0,0.0,0.0,0.0,0.0,0
DY11 7,0.0,0.0,0.0,0.0,0.0,0.0,0.0,0.0,0.0,0.0,0
DY11 9,0.0,0.0,0.0,0.0,0.0,0.0,0.0,0.0,0.0,0.0,0
DY12 1,0.0,0.0,0.0,0.0,0.0,0.0,0.0,0.0,0.0,0.0,0
DY12 2,0.0,0.0,0.0,0.0,0.0,0.0,0.0,0.0,0.0,0.0,0
DY12 3,0.0,0.0,0.0,0.0,0.0,0.0,0.0,0.0,0.0,0.0,0
DY13 0,0.0,0.0,0.0,0.0,0.0,0.0,0.0,0.0,0.0,0.0,0
DY13 3,0.0,0.0,0.0,0.0,0.0,0.0,0.0,0.0,0.0,0.0,0
DY13 8,0.0,0.0,0.0,0.0,0.0,0.0,0.0,0.0,0.0,0.0,0
DY13 9,0.0,0.0,0.0,0.0,0.0,0.0,0.0,0.0,0.0,0.0,0
DY14 0,0.0,0.0,0.0,0.0,0.0,0.0,0.0,0.0,0.0,0.0,0
DY14 8,0.0,0.0,0.0,0.0,0.0,0.0,0.0,0.0,0.0,0.0,0
DY14 9,0.0,0.0,0.0,0.0,0.0,0.0,0.0,0.0,0.0,0.0,0
DY2 0,0.0,0.0,0.0,0.0,0.0,0.0,0.0,0.0,0.0,0.0,0
DY2 7,0.0,0.0,0.0,0.0,0.0,0.0,0.0,0.0,0.0,0.0,0
DY2 8,0.0,0.0,0.0,0.0,0.0,0.0,0.0,0.0,0.0,0.0,0
DY2 9,0.0,0.0,0.0,0.0,0.0,0.0,0.0,0.0,0.0,0.0,0
DY3 1,0.0,0.0,0.0,0.0,0.0,0.0,0.0,0.0,0.0,0.0,0
DY3 2,0.0,0.0,0.0,0.0,0.0,0.0,0.0,0.0,0.0,0.0,0
DY3 3,0.0,0.0,0.0,0.0,0.0,0.0,0.0,0.0,0.0,0.0,0
DY3 4,0.0,0.0,0.0,0.0,0.0,0.0,0.0,0.0,0.0,0.0,0
DY4 0,0.0,0.0,0.0,0.0,0.0,0.0,0.0,0.0,0.0,0.0,0
DY4 4,0.0,0.0,0.0,0.0,0.0,0.0,0.0,0.0,0.0,0.0,0
DY4 7,0.0,0.0,0.0,0.0,0.0,0.0,0.0,0.0,0.0,0.0,0
DY4 8,0.0,0.0,0.0,0.0,0.0,0.0,0.0,0.0,0.0,0.0,0
DY4 9,0.0,0.0,0.0,0.0,0.0,0.0,0.0,0.0,0.0,0.0,0
DY5 1,0.0,0.0,0.0,0.0,0.0,0.0,0.0,0.0,0.0,0.0,0
DY5 2,0.0,0.0,0.0,0.0,0.0,0.0,0.0,0.0,0.0,0.0,0
DY5 3,0.0,0.0,0.0,0.0,0.0,0.0,0.0,0.0,0.0,0.0,0
DY5 4,0.0,0.0,0.0,0.0,0.0,0.0,0.0,0.0,0.0,0.0,0
DY5 9,0.0,0.0,0.0,0.0,0.0,0.0,0.0,0.0,0.0,0.0,0
DY6 0,0.0,0.0,0.0,0.0,0.0,0.0,0.0,0.0,0.0,0.0,0
DY6 6,0.0,0.0,0.0,0.0,0.0,0.0,0.0,0.0,0.0,0.0,0
DY6 7,0.0,0.0,0.0,0.0,0.0,0.0,0.0,0.0,0.0,0.0,0
DY6 8,0.0,0.0,0.0,0.0,0.0,0.0,0.0,0.0,0.0,0.0,0
DY6 9,0.0,0.0,0.0,0.0,0.0,0.0,0.0,0.0,0.0,0.0,0
DY7 5,0.0,0.0,0.0,0.0,0.0,0.0,0.0,0.0,0.0,0.0,0
DY7 6,0.0,0.0,0.0,0.0,0.0,0.0,0.0,0.0,0.0,0.0,0
DY8 1,0.0,0.0,0.0,0.0,0.0,0.0,0.0,0.0,0.0,0.0,0
DY8 2,0.0,0.0,0.0,0.0,0.0,0.0,0.0,0.0,0.0,0.0,0
DY8 3,0.0,0.0,0.0,0.0,0.0,0.0,0.0,0.0,0.0,0.0,0
DY8 4,0.0,0.0,0.0,0.0,0.0,0.0,0.0,0.0,0.0,0.0,0
DY8 5,0.0,0.0,0.0,0.0,0.0,0.0,0.0,0.0,0.0,0.0,0
DY8 9,0.0,0.0,0.0,0.0,0.0,0.0,0.0,0.0,0.0,0.0,0
DY9 0,0.0,0.0,0.0,0.0,0.0,0.0,0.0,0.0,0.0,0.0,0
DY9 7,0.0,0.0,0.0,0.0,0.0,0.0,0.0,0.0,0.0,0.0,0
DY9 8,0.0,0.0,0.0,0.0,0.0,0.0,0.0,0.0,0.0,0.0,0
DY9 9,0.0,0.0,0.0,0.0,0.0,0.0,0.0,0.0,0.0,0.0,0
E1 0,0.0,0.0,0.0,0.0,0.0,0.0,0.0,0.0,0.0,0.0,0
E1 1,0.0,0.0,0.0,0.0,0.0,0.0,0.0,0.0,0.0,0.0,0
E1 2,0.0,0.0,0.0,0.0,0.0,0.0,0.0,0.0,0.0,0.0,0
E1 3,0.0,0.0,0.0,0.0,0.0,0.0,0.0,0.0,0.0,0.0,0
E1 4,0.0,0.0,0.0,0.0,0.0,0.0,0.0,0.0,0.0,0.0,0
E1 5,0.0,0.0,0.0,0.0,0.0,0.0,0.0,0.0,0.0,0.0,0
E1 6,0.0,0.0,0.0,0.0,0.0,0.0,0.0,0.0,0.0,0.0,0
E1 7,0.0,0.0,0.0,0.0,0.0,0.0,0.0,0.0,0.0,0.0,0
E1 8,0.0,0.0,0.0,0.0,0.0,0.0,0.0,0.0,0.0,0.0,0
E10 5,0.0,0.0,0.0,0.0,0.0,0.0,0.0,0.0,0.0,0.0,0
E10 6,0.0,0.0,0.0,0.0,0.0,0.0,0.0,0.0,0.0,0.0,0
E10 7,0.0,0.0,0.0,0.0,0.0,0.0,0.0,0.0,0.0,0.0,0
E10 9,0.0,0.0,0.0,0.0,0.0,0.0,0.0,0.0,0.0,0.0,0
E11 1,0.0,0.0,0.0,0.0,0.0,0.0,0.0,0.0,0.0,0.0,0
E11 2,0.0,0.0,0.0,0.0,0.0,0.0,0.0,0.0,0.0,0.0,0
E11 3,0.0,0.0,0.0,0.0,0.0,0.0,0.0,0.0,0.0,0.0,0
E11 4,0.0,0.0,0.0,0.0,0.0,0.0,0.0,0.0,0.0,0.0,0
E11 9,0.0,0.0,0.0,0.0,0.0,0.0,0.0,0.0,0.0,0.0,0
E12 5,0.0,0.0,0.0,0.0,0.0,0.0,0.0,0.0,0.0,0.0,0
E12 6,0.0,0.0,0.0,0.0,0.0,0.0,0.0,0.0,0.0,0.0,0
E12 9,0.0,0.0,0.0,0.0,0.0,0.0,0.0,0.0,0.0,0.0,0
E13 0,0.0,0.0,0.0,0.0,0.0,0.0,0.0,0.0,0.0,0.0,0
E13 3,0.0,0.0,0.0,0.0,0.0,0.0,0.0,0.0,0.0,0.0,0
E13 8,0.0,0.0,0.0,0.0,0.0,0.0,0.0,0.0,0.0,0.0,0
E13 9,0.0,0.0,0.0,0.0,0.0,0.0,0.0,0.0,0.0,0.0,0
E14 0,0.0,0.0,0.0,0.0,0.0,0.0,0.0,0.0,0.0,0.0,0
E14 1,0.0,0.0,0.0,0.0,0.0,0.0,0.0,0.0,0.0,0.0,0
E14 2,0.0,0.0,0.0,0.0,0.0,0.0,0.0,0.0,0.0,0.0,0
E14 3,0.0,0.0,0.0,0.0,0.0,0.0,0.0,0.0,0.0,0.0,0
E14 4,0.0,0.0,0.0,0.0,0.0,0.0,0.0,0.0,0.0,0.0,0
E14 5,0.0,0.0,0.0,0.0,0.0,0.0,0.0,0.0,0.0,0.0,0
E14 6,0.0,0.0,0.0,0.0,0.0,0.0,0.0,0.0,0.0,0.0,0
E14 7,0.0,0.0,0.0,0.0,0.0,0.0,0.0,0.0,0.0,0.0,0
E14 8,0.0,0.0,0.0,0.0,0.0,0.0,0.0,0.0,0.0,0.0,0
E14 9,0.0,0.0,0.0,0.0,0.0,0.0,0.0,0.0,0.0,0.0,0
E15 1,0.0,0.0,0.0,0.0,0.0,0.0,0.0,0.0,0.0,0.0,0
E15 2,0.0,0.0,0.0,0.0,0.0,0.0,0.0,0.0,0.0,0.0,0
E15 3,0.0,0.0,0.0,0.0,0.0,0.0,0.0,0.0,0.0,0.0,0
E15 4,0.0,0.0,0.0,0.0,0.0,0.0,0.0,0.0,0.0,0.0,0
E15 9,0.0,0.0,0.0,0.0,0.0,0.0,0.0,0.0,0.0,0.0,0
E16 1,0.0,0.0,0.0,0.0,0.0,0.0,0.0,0.0,0.0,0.0,0
E16 2,0.0,0.0,0.0,0.0,0.0,0.0,0.0,0.0,0.0,0.0,0
E16 3,0.0,0.0,0.0,0.0,0.0,0.0,0.0,0.0,0.0,0.0,0
E16 4,0.0,0.0,0.0,0.0,0.0,0.0,0.0,0.0,0.0,0.0,0
E16 9,0.0,0.0,0.0,0.0,0.0,0.0,0.0,0.0,0.0,0.0,0
E17 0,0.0,0.0,0.0,0.0,0.0,0.0,0.0,0.0,0.0,0.0,0
E17 3,0.0,0.0,0.0,0.0,0.0,0.0,0.0,0.0,0.0,0.0,0
E17 4,0.0,0.0,0.0,0.0,0.0,0.0,0.0,0.0,0.0,0.0,0
E17 5,0.0,0.0,0.0,0.0,0.0,0.0,0.0,0.0,0.0,0.0,0
E17 6,0.0,0.0,0.0,0.0,0.0,0.0,0.0,0.0,0.0,0.0,0
E17 7,0.0,0.0,0.0,0.0,0.0,0.0,0.0,0.0,0.0,0.0,0
E17 8,0.0,0.0,0.0,0.0,0.0,0.0,0.0,0.0,0.0,0.0,0
E17 9,0.0,0.0,0.0,0.0,0.0,0.0,0.0,0.0,0.0,0.0,0
E18 1,0.0,0.0,0.0,0.0,0.0,0.0,0.0,0.0,0.0,0.0,0
E18 2,0.0,0.0,0.0,0.0,0.0,0.0,0.0,0.0,0.0,0.0,0
E18 9,0.0,0.0,0.0,0.0,0.0,0.0,0.0,0.0,0.0,0.0,0
E1W 1,0.0,0.0,0.0,0.0,0.0,0.0,0.0,0.0,0.0,0.0,0
E1W 2,0.0,0.0,0.0,0.0,0.0,0.0,0.0,0.0,0.0,0.0,0
E1W 3,0.0,0.0,0.0,0.0,0.0,0.0,0.0,0.0,0.0,0.0,0
E2 0,0.0,0.0,0.0,0.0,0.0,0.0,0.0,0.0,0.0,0.0,0
E2 2,0.0,0.0,0.0,0.0,0.0,0.0,0.0,0.0,0.0,0.0,0
E2 6,0.0,0.0,0.0,0.0,0.0,0.0,0.0,0.0,0.0,0.0,0
E2 7,0.0,0.0,0.0,0.0,0.0,0.0,0.0,0.0,0.0,0.0,0
E2 8,0.0,0.0,0.0,0.0,0.0,0.0,0.0,0.0,0.0,0.0,0
E2 9,0.0,0.0,0.0,0.0,0.0,0.0,0.0,0.0,0.0,0.0,0
E20 1,0.0,0.0,0.0,0.0,0.0,0.0,0.0,0.0,0.0,0.0,0
E3 2,0.0,0.0,0.0,0.0,0.0,0.0,0.0,0.0,0.0,0.0,0
E3 3,0.0,0.0,0.0,0.0,0.0,0.0,0.0,0.0,0.0,0.0,0
E3 4,0.0,0.0,0.0,0.0,0.0,0.0,0.0,0.0,0.0,0.0,0
E3 5,0.0,0.0,0.0,0.0,0.0,0.0,0.0,0.0,0.0,0.0,0
E3 9,0.0,0.0,0.0,0.0,0.0,0.0,0.0,0.0,0.0,0.0,0
E4 0,0.0,0.0,0.0,0.0,0.0,0.0,0.0,0.0,0.0,0.0,0
E4 6,0.0,0.0,0.0,0.0,0.0,0.0,0.0,0.0,0.0,0.0,0
E4 7,0.0,0.0,0.0,0.0,0.0,0.0,0.0,0.0,0.0,0.0,0
E4 8,0.0,0.0,0.0,0.0,0.0,0.0,0.0,0.0,0.0,0.0,0
E4 9,0.0,0.0,0.0,0.0,0.0,0.0,0.0,0.0,0.0,0.0,0
E5 0,0.0,0.0,0.0,0.0,0.0,0.0,0.0,0.0,0.0,0.0,0
E5 5,0.0,0.0,0.0,0.0,0.0,0.0,0.0,0.0,0.0,0.0,0
E5 8,0.0,0.0,0.0,0.0,0.0,0.0,0.0,0.0,0.0,0.0,0
E5 9,0.0,0.0,0.0,0.0,0.0,0.0,0.0,0.0,0.0,0.0,0
E6 1,0.0,0.0,0.0,0.0,0.0,0.0,0.0,0.0,0.0,0.0,0
E6 2,0.0,0.0,0.0,0.0,0.0,0.0,0.0,0.0,0.0,0.0,0
E6 3,0.0,0.0,0.0,0.0,0.0,0.0,0.0,0.0,0.0,0.0,0
E6 5,0.0,0.0,0.0,0.0,0.0,0.0,0.0,0.0,0.0,0.0,0
E6 6,0.0,0.0,0.0,0.0,0.0,0.0,0.0,0.0,0.0,0.0,0
E6 7,0.0,0.0,0.0,0.0,0.0,0.0,0.0,0.0,0.0,0.0,0
E6 9,0.0,0.0,0.0,0.0,0.0,0.0,0.0,0.0,0.0,0.0,0
E7 0,0.0,0.0,0.0,0.0,0.0,0.0,0.0,0.0,0.0,0.0,0
E7 7,0.0,0.0,0.0,0.0,0.0,0.0,0.0,0.0,0.0,0.0,0
E7 8,0.0,0.0,0.0,0.0,0.0,0.0,0.0,0.0,0.0,0.0,0
E7 9,0.0,0.0,0.0,0.0,0.0,0.0,0.0,0.0,0.0,0.0,0
E8 1,0.0,0.0,0.0,0.0,0.0,0.0,0.0,0.0,0.0,0.0,0
E8 2,0.0,0.0,0.0,0.0,0.0,0.0,0.0,0.0,0.0,0.0,0
E8 3,0.0,0.0,0.0,0.0,0.0,0.0,0.0,0.0,0.0,0.0,0
E8 4,0.0,0.0,0.0,0.0,0.0,0.0,0.0,0.0,0.0,0.0,0
E9 5,0.0,0.0,0.0,0.0,0.0,0.0,0.0,0.0,0.0,0.0,0
E9 6,0.0,0.0,0.0,0.0,0.0,0.0,0.0,0.0,0.0,0.0,0
E9 7,0.0,0.0,0.0,0.0,0.0,0.0,0.0,0.0,0.0,0.0,0
EC1A 1,0.0,0.0,0.0,0.0,0.0,0.0,0.0,0.0,0.0,0.0,0
EC1A 2,0.0,0.0,0.0,0.0,0.0,0.0,0.0,0.0,0.0,0.0,0
EC1A 4,0.0,0.0,0.0,0.0,0.0,0.0,0.0,0.0,0.0,0.0,0
EC1A 7,0.0,0.0,0.0,0.0,0.0,0.0,0.0,0.0,0.0,0.0,0
EC1A 9,0.0,0.0,0.0,0.0,0.0,0.0,0.0,0.0,0.0,0.0,0
EC1M 3,0.0,0.0,0.0,0.0,0.0,0.0,0.0,0.0,0.0,0.0,0
EC1M 4,0.0,0.0,0.0,0.0,0.0,0.0,0.0,0.0,0.0,0.0,0
EC1M 5,0.0,0.0,0.0,0.0,0.0,0.0,0.0,0.0,0.0,0.0,0
EC1M 6,0.0,0.0,0.0,0.0,0.0,0.0,0.0,0.0,0.0,0.0,0
EC1M 7,0.0,0.0,0.0,0.0,0.0,0.0,0.0,0.0,0.0,0.0,0
EC1N 2,0.0,0.0,0.0,0.0,0.0,0.0,0.0,0.0,0.0,0.0,0
EC1N 6,0.0,0.0,0.0,0.0,0.0,0.0,0.0,0.0,0.0,0.0,0
EC1N 7,0.0,0.0,0.0,0.0,0.0,0.0,0.0,0.0,0.0,0.0,0
EC1N 8,0.0,0.0,0.0,0.0,0.0,0.0,0.0,0.0,0.0,0.0,0
EC1R 0,0.0,0.0,0.0,0.0,0.0,0.0,0.0,0.0,0.0,0.0,0
EC1R 1,0.0,0.0,0.0,0.0,0.0,0.0,0.0,0.0,0.0,0.0,0
EC1R 3,0.0,0.0,0.0,0.0,0.0,0.0,0.0,0.0,0.0,0.0,0
EC1R 4,0.0,0.0,0.0,0.0,0.0,0.0,0.0,0.0,0.0,0.0,0
EC1R 5,0.0,0.0,0.0,0.0,0.0,0.0,0.0,0.0,0.0,0.0,0
EC1V 0,0.0,0.0,0.0,0.0,0.0,0.0,0.0,0.0,0.0,0.0,0
EC1V 1,0.0,0.0,0.0,0.0,0.0,0.0,0.0,0.0,0.0,0.0,0
EC1V 2,0.0,0.0,0.0,0.0,0.0,0.0,0.0,0.0,0.0,0.0,0
EC1V 3,0.0,0.0,0.0,0.0,0.0,0.0,0.0,0.0,0.0,0.0,0
EC1V 4,0.0,0.0,0.0,0.0,0.0,0.0,0.0,0.0,0.0,0.0,0
EC1V 7,0.0,0.0,0.0,0.0,0.0,0.0,0.0,0.0,0.0,0.0,0
EC1V 8,0.0,0.0,0.0,0.0,0.0,0.0,0.0,0.0,0.0,0.0,0
EC1V 9,0.0,0.0,0.0,0.0,0.0,0.0,0.0,0.0,0.0,0.0,0
EC1Y 0,0.0,0.0,0.0,0.0,0.0,0.0,0.0,0.0,0.0,0.0,0
EC1Y 1,0.0,0.0,0.0,0.0,0.0,0.0,0.0,0.0,0.0,0.0,0
EC1Y 2,0.0,0.0,0.0,0.0,0.0,0.0,0.0,0.0,0.0,0.0,0
EC1Y 4,0.0,0.0,0.0,0.0,0.0,0.0,0.0,0.0,0.0,0.0,0
EC1Y 8,0.0,0.0,0.0,0.0,0.0,0.0,0.0,0.0,0.0,0.0,0
EC2A 1,0.0,0.0,0.0,0.0,0.0,0.0,0.0,0.0,0.0,0.0,0
EC2A 2,0.0,0.0,0.0,0.0,0.0,0.0,0.0,0.0,0.0,0.0,0
EC2A 3,0.0,0.0,0.0,0.0,0.0,0.0,0.0,0.0,0.0,0.0,0
EC2A 4,0.0,0.0,0.0,0.0,0.0,0.0,0.0,0.0,0.0,0.0,0
EC2M 1,0.0,0.0,0.0,0.0,0.0,0.0,0.0,0.0,0.0,0.0,0
EC2M 2,0.0,0.0,0.0,0.0,0.0,0.0,0.0,0.0,0.0,0.0,0
EC2M 3,0.0,0.0,0.0,0.0,0.0,0.0,0.0,0.0,0.0,0.0,0
EC2M 4,0.0,0.0,0.0,0.0,0.0,0.0,0.0,0.0,0.0,0.0,0
EC2M 5,0.0,0.0,0.0,0.0,0.0,0.0,0.0,0.0,0.0,0.0,0
EC2M 6,0.0,0.0,0.0,0.0,0.0,0.0,0.0,0.0,0.0,0.0,0
EC2M 7,0.0,0.0,0.0,0.0,0.0,0.0,0.0,0.0,0.0,0.0,0
EC2N 1,0.0,0.0,0.0,0.0,0.0,0.0,0.0,0.0,0.0,0.0,0
EC2N 2,0.0,0.0,0.0,0.0,0.0,0.0,0.0,0.0,0.0,0.0,0
EC2N 3,0.0,0.0,0.0,0.0,0.0,0.0,0.0,0.0,0.0,0.0,0
EC2N 4,0.0,0.0,0.0,0.0,0.0,0.0,0.0,0.0,0.0,0.0,0
EC2R 5,0.0,0.0,0.0,0.0,0.0,0.0,0.0,0.0,0.0,0.0,0
EC2R 6,0.0,0.0,0.0,0.0,0.0,0.0,0.0,0.0,0.0,0.0,0
EC2R 7,0.0,0.0,0.0,0.0,0.0,0.0,0.0,0.0,0.0,0.0,0
EC2R 8,0.0,0.0,0.0,0.0,0.0,0.0,0.0,0.0,0.0,0.0,0
EC2V 5,0.0,0.0,0.0,0.0,0.0,0.0,0.0,0.0,0.0,0.0,0
EC2V 6,0.0,0.0,0.0,0.0,0.0,0.0,0.0,0.0,0.0,0.0,0
EC2V 7,0.0,0.0,0.0,0.0,0.0,0.0,0.0,0.0,0.0,0.0,0
EC2V 8,0.0,0.0,0.0,0.0,0.0,0.0,0.0,0.0,0.0,0.0,0
EC2Y 5,0.0,0.0,0.0,0.0,0.0,0.0,0.0,0.0,0.0,0.0,0
EC2Y 8,0.0,0.0,0.0,0.0,0.0,0.0,0.0,0.0,0.0,0.0,0
EC2Y 9,0.0,0.0,0.0,0.0,0.0,0.0,0.0,0.0,0.0,0.0,0
EC3A 1,0.0,0.0,0.0,0.0,0.0,0.0,0.0,0.0,0.0,0.0,0
EC3A 2,0.0,0.0,0.0,0.0,0.0,0.0,0.0,0.0,0.0,0.0,0
EC3A 3,0.0,0.0,0.0,0.0,0.0,0.0,0.0,0.0,0.0,0.0,0
EC3A 4,0.0,0.0,0.0,0.0,0.0,0.0,0.0,0.0,0.0,0.0,0
EC3A 5,0.0,0.0,0.0,0.0,0.0,0.0,0.0,0.0,0.0,0.0,0
EC3A 6,0.0,0.0,0.0,0.0,0.0,0.0,0.0,0.0,0.0,0.0,0
EC3A 7,0.0,0.0,0.0,0.0,0.0,0.0,0.0,0.0,0.0,0.0,0
EC3A 8,0.0,0.0,0.0,0.0,0.0,0.0,0.0,0.0,0.0,0.0,0
EC3M 1,0.0,0.0,0.0,0.0,0.0,0.0,0.0,0.0,0.0,0.0,0
EC3M 2,0.0,0.0,0.0,0.0,0.0,0.0,0.0,0.0,0.0,0.0,0
EC3M 3,0.0,0.0,0.0,0.0,0.0,0.0,0.0,0.0,0.0,0.0,0
EC3M 4,0.0,0.0,0.0,0.0,0.0,0.0,0.0,0.0,0.0,0.0,0
EC3M 5,0.0,0.0,0.0,0.0,0.0,0.0,0.0,0.0,0.0,0.0,0
EC3M 6,0.0,0.0,0.0,0.0,0.0,0.0,0.0,0.0,0.0,0.0,0
EC3M 7,0.0,0.0,0.0,0.0,0.0,0.0,0.0,0.0,0.0,0.0,0
EC3M 8,0.0,0.0,0.0,0.0,0.0,0.0,0.0,0.0,0.0,0.0,0
EC3N 1,0.0,0.0,0.0,0.0,0.0,0.0,0.0,0.0,0.0,0.0,0
EC3N 2,0.0,0.0,0.0,0.0,0.0,0.0,0.0,0.0,0.0,0.0,0
EC3N 3,0.0,0.0,0.0,0.0,0.0,0.0,0.0,0.0,0.0,0.0,0
EC3N 4,0.0,0.0,0.0,0.0,0.0,0.0,0.0,0.0,0.0,0.0,0
EC3R 5,0.0,0.0,0.0,0.0,0.0,0.0,0.0,0.0,0.0,0.0,0
EC3R 6,0.0,0.0,0.0,0.0,0.0,0.0,0.0,0.0,0.0,0.0,0
EC3R 7,0.0,0.0,0.0,0.0,0.0,0.0,0.0,0.0,0.0,0.0,0
EC3R 8,0.0,0.0,0.0,0.0,0.0,0.0,0.0,0.0,0.0,0.0,0
EC3V 0,0.0,0.0,0.0,0.0,0.0,0.0,0.0,0.0,0.0,0.0,0
EC3V 1,0.0,0.0,0.0,0.0,0.0,0.0,0.0,0.0,0.0,0.0,0
EC3V 3,0.0,0.0,0.0,0.0,0.0,0.0,0.0,0.0,0.0,0.0,0
EC3V 4,0.0,0.0,0.0,0.0,0.0,0.0,0.0,0.0,0.0,0.0,0
EC3V 9,0.0,0.0,0.0,0.0,0.0,0.0,0.0,0.0,0.0,0.0,0
EC4A 1,0.0,0.0,0.0,0.0,0.0,0.0,0.0,0.0,0.0,0.0,0
EC4A 2,0.0,0.0,0.0,0.0,0.0,0.0,0.0,0.0,0.0,0.0,0
EC4A 3,0.0,0.0,0.0,0.0,0.0,0.0,0.0,0.0,0.0,0.0,0
EC4A 4,0.0,0.0,0.0,0.0,0.0,0.0,0.0,0.0,0.0,0.0,0
EC4M 5,0.0,0.0,0.0,0.0,0.0,0.0,0.0,0.0,0.0,0.0,0
EC4M 6,0.0,0.0,0.0,0.0,0.0,0.0,0.0,0.0,0.0,0.0,0
EC4M 7,0.0,0.0,0.0,0.0,0.0,0.0,0.0,0.0,0.0,0.0,0
EC4M 8,0.0,0.0,0.0,0.0,0.0,0.0,0.0,0.0,0.0,0.0,0
EC4M 9,0.0,0.0,0.0,0.0,0.0,0.0,0.0,0.0,0.0,0.0,0
EC4N 1,0.0,0.0,0.0,0.0,0.0,0.0,0.0,0.0,0.0,0.0,0
EC4N 4,0.0,0.0,0.0,0.0,0.0,0.0,0.0,0.0,0.0,0.0,0
EC4N 5,0.0,0.0,0.0,0.0,0.0,0.0,0.0,0.0,0.0,0.0,0
EC4N 6,0.0,0.0,0.0,0.0,0.0,0.0,0.0,0.0,0.0,0.0,0
EC4N 7,0.0,0.0,0.0,0.0,0.0,0.0,0.0,0.0,0.0,0.0,0
EC4N 8,0.0,0.0,0.0,0.0,0.0,0.0,0.0,0.0,0.0,0.0,0
EC4R 0,0.0,0.0,0.0,0.0,0.0,0.0,0.0,0.0,0.0,0.0,0
EC4R 1,0.0,0.0,0.0,0.0,0.0,0.0,0.0,0.0,0.0,0.0,0
EC4R 2,0.0,0.0,0.0,0.0,0.0,0.0,0.0,0.0,0.0,0.0,0
EC4R 3,0.0,0.0,0.0,0.0,0.0,0.0,0.0,0.0,0.0,0.0,0
EC4R 9,0.0,0.0,0.0,0.0,0.0,0.0,0.0,0.0,0.0,0.0,0
EC4V 2,0.0,0.0,0.0,0.0,0.0,0.0,0.0,0.0,0.0,0.0,0
EC4V 3,0.0,0.0,0.0,0.0,0.0,0.0,0.0,0.0,0.0,0.0,0
EC4V 4,0.0,0.0,0.0,0.0,0.0,0.0,0.0,0.0,0.0,0.0,0
EC4V 5,0.0,0.0,0.0,0.0,0.0,0.0,0.0,0.0,0.0,0.0,0
EC4V 6,0.0,0.0,0.0,0.0,0.0,0.0,0.0,0.0,0.0,0.0,0
EC4Y 0,0.0,0.0,0.0,0.0,0.0,0.0,0.0,0.0,0.0,0.0,0
EC4Y 1,0.0,0.0,0.0,0.0,0.0,0.0,0.0,0.0,0.0,0.0,0
EC4Y 7,0.0,0.0,0.0,0.0,0.0,0.0,0.0,0.0,0.0,0.0,0
EC4Y 8,0.0,0.0,0.0,0.0,0.0,0.0,0.0,0.0,0.0,0.0,0
EC4Y 9,0.0,0.0,0.0,0.0,0.0,0.0,0.0,0.0,0.0,0.0,0
EH1 1,0.0,0.0,0.0,0.0,0.0,0.0,0.0,0.0,0.0,0.0,0
EH1 2,0.0,0.0,0.0,0.0,0.0,0.0,0.0,0.0,0.0,0.0,0
EH1 3,0.0,0.0,0.0,0.0,0.0,0.0,0.0,0.0,0.0,0.0,0
EH10 4,0.0,0.0,0.0,0.0,0.0,0.0,0.0,0.0,0.0,0.0,0
EH10 5,0.0,0.0,0.0,0.0,0.0,0.0,0.0,0.0,0.0,0.0,0
EH10 6,0.0,0.0,0.0,0.0,0.0,0.0,0.0,0.0,0.0,0.0,0
EH10 7,0.0,0.0,0.0,0.0,0.0,0.0,0.0,0.0,0.0,0.0,0
EH10 9,0.0,0.0,0.0,0.0,0.0,0.0,0.0,0.0,0.0,0.0,0
EH11 1,0.0,0.0,0.0,0.0,0.0,0.0,0.0,0.0,0.0,0.0,0
EH11 2,0.0,0.0,0.0,0.0,0.0,0.0,0.0,0.0,0.0,0.0,0
EH11 3,0.0,0.0,0.0,0.0,0.0,0.0,0.0,0.0,0.0,0.0,0
EH11 4,0.0,0.0,0.0,0.0,0.0,0.0,0.0,0.0,0.0,0.0,0
EH12 0,0.0,0.0,0.0,0.0,0.0,0.0,0.0,0.0,0.0,0.0,0
EH12 1,0.0,0.0,0.0,0.0,0.0,0.0,0.0,0.0,0.0,0.0,0
EH12 5,0.0,0.0,0.0,0.0,0.0,0.0,0.0,0.0,0.0,0.0,0
EH12 6,0.0,0.0,0.0,0.0,0.0,0.0,0.0,0.0,0.0,0.0,0
EH12 7,0.0,0.0,0.0,0.0,0.0,0.0,0.0,0.0,0.0,0.0,0
EH12 8,0.0,0.0,0.0,0.0,0.0,0.0,0.0,0.0,0.0,0.0,0
EH12 9,0.0,0.0,0.0,0.0,0.0,0.0,0.0,0.0,0.0,0.0,0
EH13 0,0.0,0.0,0.0,0.0,0.0,0.0,0.0,0.0,0.0,0.0,0
EH13 9,0.0,0.0,0.0,0.0,0.0,0.0,0.0,0.0,0.0,0.0,0
EH14 1,0.0,0.0,0.0,0.0,0.0,0.0,0.0,0.0,0.0,0.0,0
EH14 2,0.0,0.0,0.0,0.0,0.0,0.0,0.0,0.0,0.0,0.0,0
EH14 3,0.0,0.0,0.0,0.0,0.0,0.0,0.0,0.0,0.0,0.0,0
EH14 4,0.0,0.0,0.0,0.0,0.0,0.0,0.0,0.0,0.0,0.0,0
EH14 5,0.0,0.0,0.0,0.0,0.0,0.0,0.0,0.0,0.0,0.0,0
EH14 6,0.0,0.0,0.0,0.0,0.0,0.0,0.0,0.0,0.0,0.0,0
EH14 7,0.0,0.0,0.0,0.0,0.0,0.0,0.0,0.0,0.0,0.0,0
EH14 9,0.0,0.0,0.0,0.0,0.0,0.0,0.0,0.0,0.0,0.0,0
EH15 1,0.0,0.0,0.0,0.0,0.0,0.0,0.0,0.0,0.0,0.0,0
EH15 2,0.0,0.0,0.0,0.0,0.0,0.0,0.0,0.0,0.0,0.0,0
EH15 3,0.0,0.0,0.0,0.0,0.0,0.0,0.0,0.0,0.0,0.0,0
EH15 9,0.0,0.0,0.0,0.0,0.0,0.0,0.0,0.0,0.0,0.0,0
EH16 4,0.0,0.0,0.0,0.0,0.0,0.0,0.0,0.0,0.0,0.0,0
EH16 5,0.0,0.0,0.0,0.0,0.0,0.0,0.0,0.0,0.0,0.0,0
EH16 6,0.0,0.0,0.0,0.0,0.0,0.0,0.0,0.0,0.0,0.0,0
EH16 9,0.0,0.0,0.0,0.0,0.0,0.0,0.0,0.0,0.0,0.0,0
EH17 7,0.0,0.0,0.0,0.0,0.0,0.0,0.0,0.0,0.0,0.0,0
EH17 8,0.0,0.0,0.0,0.0,0.0,0.0,0.0,0.0,0.0,0.0,0
EH18 1,0.0,0.0,0.0,0.0,0.0,0.0,0.0,0.0,0.0,0.0,0
EH19 2,0.0,0.0,0.0,0.0,0.0,0.0,0.0,0.0,0.0,0.0,0
EH19 3,0.0,0.0,0.0,0.0,0.0,0.0,0.0,0.0,0.0,0.0,0
EH2 1,0.0,0.0,0.0,0.0,0.0,0.0,0.0,0.0,0.0,0.0,0
EH2 2,0.0,0.0,0.0,0.0,0.0,0.0,0.0,0.0,0.0,0.0,0
EH2 3,0.0,0.0,0.0,0.0,0.0,0.0,0.0,0.0,0.0,0.0,0
EH2 4,0.0,0.0,0.0,0.0,0.0,0.0,0.0,0.0,0.0,0.0,0
EH20 9,0.0,0.0,0.0,0.0,0.0,0.0,0.0,0.0,0.0,0.0,0
EH21 6,0.0,0.0,0.0,0.0,0.0,0.0,0.0,0.0,0.0,0.0,0
EH21 7,0.0,0.0,0.0,0.0,0.0,0.0,0.0,0.0,0.0,0.0,0
EH21 8,0.0,0.0,0.0,0.0,0.0,0.0,0.0,0.0,0.0,0.0,0
EH22 1,0.0,0.0,0.0,0.0,0.0,0.0,0.0,0.0,0.0,0.0,0
EH22 2,0.0,0.0,0.0,0.0,0.0,0.0,0.0,0.0,0.0,0.0,0
EH22 3,0.0,0.0,0.0,0.0,0.0,0.0,0.0,0.0,0.0,0.0,0
EH22 4,0.0,0.0,0.0,0.0,0.0,0.0,0.0,0.0,0.0,0.0,0
EH22 5,0.0,0.0,0.0,0.0,0.0,0.0,0.0,0.0,0.0,0.0,0
EH22 9,0.0,0.0,0.0,0.0,0.0,0.0,0.0,0.0,0.0,0.0,0
EH23 4,0.0,0.0,0.0,0.0,0.0,0.0,0.0,0.0,0.0,0.0,0
EH24 9,0.0,0.0,0.0,0.0,0.0,0.0,0.0,0.0,0.0,0.0,0
EH25 9,0.0,0.0,0.0,0.0,0.0,0.0,0.0,0.0,0.0,0.0,0
EH26 0,0.0,0.0,0.0,0.0,0.0,0.0,0.0,0.0,0.0,0.0,0
EH26 6,0.0,0.0,0.0,0.0,0.0,0.0,0.0,0.0,0.0,0.0,0
EH26 8,0.0,0.0,0.0,0.0,0.0,0.0,0.0,0.0,0.0,0.0,0
EH26 9,0.0,0.0,0.0,0.0,0.0,0.0,0.0,0.0,0.0,0.0,0
EH27 8,0.0,0.0,0.0,0.0,0.0,0.0,0.0,0.0,0.0,0.0,0
EH28 8,0.0,0.0,0.0,0.0,0.0,0.0,0.0,0.0,0.0,0.0,0
EH29 9,0.0,0.0,0.0,0.0,0.0,0.0,0.0,0.0,0.0,0.0,0
EH3 5,0.0,0.0,0.0,0.0,0.0,0.0,0.0,0.0,0.0,0.0,0
EH3 6,0.0,0.0,0.0,0.0,0.0,0.0,0.0,0.0,0.0,0.0,0
EH3 7,0.0,0.0,0.0,0.0,0.0,0.0,0.0,0.0,0.0,0.0,0
EH3 8,0.0,0.0,0.0,0.0,0.0,0.0,0.0,0.0,0.0,0.0,0
EH3 9,0.0,0.0,0.0,0.0,0.0,0.0,0.0,0.0,0.0,0.0,0
EH30 9,0.0,0.0,0.0,0.0,0.0,0.0,0.0,0.0,0.0,0.0,0
EH31 2,0.0,0.0,0.0,0.0,0.0,0.0,0.0,0.0,0.0,0.0,0
EH32 0,0.0,0.0,0.0,0.0,0.0,0.0,0.0,0.0,0.0,0.0,0
EH32 9,0.0,0.0,0.0,0.0,0.0,0.0,0.0,0.0,0.0,0.0,0
EH33 1,0.0,0.0,0.0,0.0,0.0,0.0,0.0,0.0,0.0,0.0,0
EH33 2,0.0,0.0,0.0,0.0,0.0,0.0,0.0,0.0,0.0,0.0,0
EH34 5,0.0,0.0,0.0,0.0,0.0,0.0,0.0,0.0,0.0,0.0,0
EH35 5,0.0,0.0,0.0,0.0,0.0,0.0,0.0,0.0,0.0,0.0,0
EH36 5,0.0,0.0,0.0,0.0,0.0,0.0,0.0,0.0,0.0,0.0,0
EH37 5,0.0,0.0,0.0,0.0,0.0,0.0,0.0,0.0,0.0,0.0,0
EH38 5,0.0,0.0,0.0,0.0,0.0,0.0,0.0,0.0,0.0,0.0,0
EH39 4,0.0,0.0,0.0,0.0,0.0,0.0,0.0,0.0,0.0,0.0,0
EH39 5,0.0,0.0,0.0,0.0,0.0,0.0,0.0,0.0,0.0,0.0,0
EH39 9,0.0,0.0,0.0,0.0,0.0,0.0,0.0,0.0,0.0,0.0,0
EH4 1,0.0,0.0,0.0,0.0,0.0,0.0,0.0,0.0,0.0,0.0,0
EH4 2,0.0,0.0,0.0,0.0,0.0,0.0,0.0,0.0,0.0,0.0,0
EH4 3,0.0,0.0,0.0,0.0,0.0,0.0,0.0,0.0,0.0,0.0,0
EH4 4,0.0,0.0,0.0,0.0,0.0,0.0,0.0,0.0,0.0,0.0,0
EH4 5,0.0,0.0,0.0,0.0,0.0,0.0,0.0,0.0,0.0,0.0,0
EH4 6,0.0,0.0,0.0,0.0,0.0,0.0,0.0,0.0,0.0,0.0,0
EH4 7,0.0,0.0,0.0,0.0,0.0,0.0,0.0,0.0,0.0,0.0,0
EH4 8,0.0,0.0,0.0,0.0,0.0,0.0,0.0,0.0,0.0,0.0,0
EH4 9,0.0,0.0,0.0,0.0,0.0,0.0,0.0,0.0,0.0,0.0,0
EH40 3,0.0,0.0,0.0,0.0,0.0,0.0,0.0,0.0,0.0,0.0,0
EH41 3,0.0,0.0,0.0,0.0,0.0,0.0,0.0,0.0,0.0,0.0,0
EH41 4,0.0,0.0,0.0,0.0,0.0,0.0,0.0,0.0,0.0,0.0,0
EH41 9,0.0,0.0,0.0,0.0,0.0,0.0,0.0,0.0,0.0,0.0,0
EH42 1,0.0,0.0,0.0,0.0,0.0,0.0,0.0,0.0,0.0,0.0,0
EH43 6,0.0,0.0,0.0,0.0,0.0,0.0,0.0,0.0,0.0,0.0,0
EH44 6,0.0,0.0,0.0,0.0,0.0,0.0,0.0,0.0,0.0,0.0,0
EH45 8,0.0,0.0,0.0,0.0,0.0,0.0,0.0,0.0,0.0,0.0,0
EH45 9,0.0,0.0,0.0,0.0,0.0,0.0,0.0,0.0,0.0,0.0,0
EH46 7,0.0,0.0,0.0,0.0,0.0,0.0,0.0,0.0,0.0,0.0,0
EH47 0,0.0,0.0,0.0,0.0,0.0,0.0,0.0,0.0,0.0,0.0,0
EH47 7,0.0,0.0,0.0,0.0,0.0,0.0,0.0,0.0,0.0,0.0,0
EH47 8,0.0,0.0,0.0,0.0,0.0,0.0,0.0,0.0,0.0,0.0,0
EH47 9,0.0,0.0,0.0,0.0,0.0,0.0,0.0,0.0,0.0,0.0,0
EH48 1,0.0,0.0,0.0,0.0,0.0,0.0,0.0,0.0,0.0,0.0,0
EH48 2,0.0,0.0,0.0,0.0,0.0,0.0,0.0,0.0,0.0,0.0,0
EH48 3,0.0,0.0,0.0,0.0,0.0,0.0,0.0,0.0,0.0,0.0,0
EH48 4,0.0,0.0,0.0,0.0,0.0,0.0,0.0,0.0,0.0,0.0,0
EH48 9,0.0,0.0,0.0,0.0,0.0,0.0,0.0,0.0,0.0,0.0,0
EH49 6,0.0,0.0,0.0,0.0,0.0,0.0,0.0,0.0,0.0,0.0,0
EH49 7,0.0,0.0,0.0,0.0,0.0,0.0,0.0,0.0,0.0,0.0,0
EH49 9,0.0,0.0,0.0,0.0,0.0,0.0,0.0,0.0,0.0,0.0,0
EH5 1,0.0,0.0,0.0,0.0,0.0,0.0,0.0,0.0,0.0,0.0,0
EH5 2,0.0,0.0,0.0,0.0,0.0,0.0,0.0,0.0,0.0,0.0,0
EH5 3,0.0,0.0,0.0,0.0,0.0,0.0,0.0,0.0,0.0,0.0,0
EH51 0,0.0,0.0,0.0,0.0,0.0,0.0,0.0,0.0,0.0,0.0,0
EH51 1,0.0,0.0,0.0,0.0,0.0,0.0,0.0,0.0,0.0,0.0,0
EH51 9,0.0,0.0,0.0,0.0,0.0,0.0,0.0,0.0,0.0,0.0,0
EH52 1,0.0,0.0,0.0,0.0,0.0,0.0,0.0,0.0,0.0,0.0,0
EH52 5,0.0,0.0,0.0,0.0,0.0,0.0,0.0,0.0,0.0,0.0,0
EH52 6,0.0,0.0,0.0,0.0,0.0,0.0,0.0,0.0,0.0,0.0,0
EH53 0,0.0,0.0,0.0,0.0,0.0,0.0,0.0,0.0,0.0,0.0,0
EH54 0,0.0,0.0,0.0,0.0,0.0,0.0,0.0,0.0,0.0,0.0,0
EH54 5,0.0,0.0,0.0,0.0,0.0,0.0,0.0,0.0,0.0,0.0,0
EH54 6,0.0,0.0,0.0,0.0,0.0,0.0,0.0,0.0,0.0,0.0,0
EH54 7,0.0,0.0,0.0,0.0,0.0,0.0,0.0,0.0,0.0,0.0,0
EH54 8,0.0,0.0,0.0,0.0,0.0,0.0,0.0,0.0,0.0,0.0,0
EH54 9,0.0,0.0,0.0,0.0,0.0,0.0,0.0,0.0,0.0,0.0,0
EH55 8,0.0,0.0,0.0,0.0,0.0,0.0,0.0,0.0,0.0,0.0,0
EH6 4,0.0,0.0,0.0,0.0,0.0,0.0,0.0,0.0,0.0,0.0,0
EH6 5,0.0,0.0,0.0,0.0,0.0,0.0,0.0,0.0,0.0,0.0,0
EH6 6,0.0,0.0,0.0,0.0,0.0,0.0,0.0,0.0,0.0,0.0,0
EH6 7,0.0,0.0,0.0,0.0,0.0,0.0,0.0,0.0,0.0,0.0,0
EH6 8,0.0,0.0,0.0,0.0,0.0,0.0,0.0,0.0,0.0,0.0,0
EH7 4,0.0,0.0,0.0,0.0,0.0,0.0,0.0,0.0,0.0,0.0,0
EH7 5,0.0,0.0,0.0,0.0,0.0,0.0,0.0,0.0,0.0,0.0,0
EH7 6,0.0,0.0,0.0,0.0,0.0,0.0,0.0,0.0,0.0,0.0,0
EH7 9,0.0,0.0,0.0,0.0,0.0,0.0,0.0,0.0,0.0,0.0,0
EH8 7,0.0,0.0,0.0,0.0,0.0,0.0,0.0,0.0,0.0,0.0,0
EH8 8,0.0,0.0,0.0,0.0,0.0,0.0,0.0,0.0,0.0,0.0,0
EH8 9,0.0,0.0,0.0,0.0,0.0,0.0,0.0,0.0,0.0,0.0,0
EH9 1,0.0,0.0,0.0,0.0,0.0,0.0,0.0,0.0,0.0,0.0,0
EH9 2,0.0,0.0,0.0,0.0,0.0,0.0,0.0,0.0,0.0,0.0,0
EH9 3,0.0,0.0,0.0,0.0,0.0,0.0,0.0,0.0,0.0,0.0,0
EH9 8,0.0,0.0,0.0,0.0,0.0,0.0,0.0,0.0,0.0,0.0,0
EN1 1,0.0,0.0,0.0,0.0,0.0,0.0,0.0,0.0,0.0,0.0,0
EN1 2,0.0,0.0,0.0,0.0,0.0,0.0,0.0,0.0,0.0,0.0,0
EN1 3,0.0,0.0,0.0,0.0,0.0,0.0,0.0,0.0,0.0,0.0,0
EN1 4,0.0,0.0,0.0,0.0,0.0,0.0,0.0,0.0,0.0,0.0,0
EN1 9,0.0,0.0,0.0,0.0,0.0,0.0,0.0,0.0,0.0,0.0,0
EN10 6,0.0,0.0,0.0,0.0,0.0,0.0,0.0,0.0,0.0,0.0,0
EN10 7,0.0,0.0,0.0,0.0,0.0,0.0,0.0,0.0,0.0,0.0,0
EN11 0,0.0,0.0,0.0,0.0,0.0,0.0,0.0,0.0,0.0,0.0,0
EN11 1,0.0,0.0,0.0,0.0,0.0,0.0,0.0,0.0,0.0,0.0,0
EN11 8,0.0,0.0,0.0,0.0,0.0,0.0,0.0,0.0,0.0,0.0,0
EN11 9,0.0,0.0,0.0,0.0,0.0,0.0,0.0,0.0,0.0,0.0,0
EN2 0,0.0,0.0,0.0,0.0,0.0,0.0,0.0,0.0,0.0,0.0,0
EN2 6,0.0,0.0,0.0,0.0,0.0,0.0,0.0,0.0,0.0,0.0,0
EN2 7,0.0,0.0,0.0,0.0,0.0,0.0,0.0,0.0,0.0,0.0,0
EN2 8,0.0,0.0,0.0,0.0,0.0,0.0,0.0,0.0,0.0,0.0,0
EN2 9,0.0,0.0,0.0,0.0,0.0,0.0,0.0,0.0,0.0,0.0,0
EN3 4,0.0,0.0,0.0,0.0,0.0,0.0,0.0,0.0,0.0,0.0,0
EN3 5,0.0,0.0,0.0,0.0,0.0,0.0,0.0,0.0,0.0,0.0,0
EN3 6,0.0,0.0,0.0,0.0,0.0,0.0,0.0,0.0,0.0,0.0,0
EN3 7,0.0,0.0,0.0,0.0,0.0,0.0,0.0,0.0,0.0,0.0,0
EN4 0,0.0,0.0,0.0,0.0,0.0,0.0,0.0,0.0,0.0,0.0,0
EN4 8,0.0,0.0,0.0,0.0,0.0,0.0,0.0,0.0,0.0,0.0,0
EN4 9,0.0,0.0,0.0,0.0,0.0,0.0,0.0,0.0,0.0,0.0,0
EN5 1,0.0,0.0,0.0,0.0,0.0,0.0,0.0,0.0,0.0,0.0,0
EN5 2,0.0,0.0,0.0,0.0,0.0,0.0,0.0,0.0,0.0,0.0,0
EN5 3,0.0,0.0,0.0,0.0,0.0,0.0,0.0,0.0,0.0,0.0,0
EN5 4,0.0,0.0,0.0,0.0,0.0,0.0,0.0,0.0,0.0,0.0,0
EN5 5,0.0,0.0,0.0,0.0,0.0,0.0,0.0,0.0,0.0,0.0,0
EN5 9,0.0,0.0,0.0,0.0,0.0,0.0,0.0,0.0,0.0,0.0,0
EN6 1,0.0,0.0,0.0,0.0,0.0,0.0,0.0,0.0,0.0,0.0,0
EN6 2,0.0,0.0,0.0,0.0,0.0,0.0,0.0,0.0,0.0,0.0,0
EN6 3,0.0,0.0,0.0,0.0,0.0,0.0,0.0,0.0,0.0,0.0,0
EN6 4,0.0,0.0,0.0,0.0,0.0,0.0,0.0,0.0,0.0,0.0,0
EN6 5,0.0,0.0,0.0,0.0,0.0,0.0,0.0,0.0,0.0,0.0,0
EN6 9,0.0,0.0,0.0,0.0,0.0,0.0,0.0,0.0,0.0,0.0,0
EN7 5,0.0,0.0,0.0,0.0,0.0,0.0,0.0,0.0,0.0,0.0,0
EN7 6,0.0,0.0,0.0,0.0,0.0,0.0,0.0,0.0,0.0,0.0,0
EN8 0,0.0,0.0,0.0,0.0,0.0,0.0,0.0,0.0,0.0,0.0,0
EN8 1,0.0,0.0,0.0,0.0,0.0,0.0,0.0,0.0,0.0,0.0,0
EN8 7,0.0,0.0,0.0,0.0,0.0,0.0,0.0,0.0,0.0,0.0,0
EN8 8,0.0,0.0,0.0,0.0,0.0,0.0,0.0,0.0,0.0,0.0,0
EN8 9,0.0,0.0,0.0,0.0,0.0,0.0,0.0,0.0,0.0,0.0,0
EN9 1,0.0,0.0,0.0,0.0,0.0,0.0,0.0,0.0,0.0,0.0,0
EN9 2,0.0,0.0,0.0,0.0,0.0,0.0,0.0,0.0,0.0,0.0,0
EN9 3,0.0,0.0,0.0,0.0,0.0,0.0,0.0,0.0,0.0,0.0,0
EX1 1,0.0,0.0,0.0,0.0,0.0,0.0,0.0,0.0,0.0,0.0,0
EX1 2,0.0,0.0,0.0,0.0,0.0,0.0,0.0,0.0,0.0,0.0,0
EX1 3,0.0,0.0,0.0,0.0,0.0,0.0,0.0,0.0,0.0,0.0,0
EX1 4,0.0,0.0,0.0,0.0,0.0,0.0,0.0,0.0,0.0,0.0,0
EX1 9,0.0,0.0,0.0,0.0,0.0,0.0,0.0,0.0,0.0,0.0,0
EX10 0,0.0020732,0.00682887,0.0020732,0.00682887,0.00326801,0.007961,0.00326801,0.007961,0.0,500720.5,1
EX10 1,0.0,0.0,0.0,0.0,0.0,0.0,0.0,0.0,0.0,0.0,0
EX10 8,0.00685083,0.02849348,0.00814844,0.03170136,0.01118362,0.0342337,0.01283422,0.03799211,0.0,269620.3,1
EX10 9,0.0,0.0,0.0,0.0,0.0,0.0,0.0,0.0,0.0,0.0,0
EX11 1,0.0,0.0,0.0,0.0,0.0,0.0,0.0,0.0,0.0,0.0,0
EX12 2,0.00180572,0.0051134,0.00543315,0.01469209,0.00261032,0.00584171,0.00759986,0.01684557,0.0,46241.7,1
EX12 3,0.00499485,0.01700551,0.00504616,0.01711274,0.00806445,0.01982663,0.00811633,0.01994829,0.00820424,542717.7,1
EX12 4,0.00469254,0.01571301,0.00527929,0.01725414,0.0075483,0.01807837,0.00833222,0.01983599,0.00692922,187150.2,1
EX12 9,0.0,0.0,0.0,0.0,0.0,0.0,0.0,0.0,0.0,0.0,0
EX13 5,0.0,0.0,0.0,0.0,0.0,0.0,0.0,0.0,0.0,0.0,0
EX13 7,0.0,0.0,0.0,0.0,0.0,0.0,0.0,0.0,0.0,0.0,0
EX13 8,0.0,0.0,0.0,0.0,0.0,0.0,0.0,0.0,0.0,0.0,0
EX13 9,0.0,0.0,0.0,0.0,0.0,0.0,0.0,0.0,0.0,0.0,0
EX14 0,0.0,0.0,0.0,0.0,0.0,0.0,0.0,0.0,0.0,0.0,0
EX14 1,0.0,0.0,0.0,0.0,0.0,0.0,0.0,0.0,0.0,0.0,0
EX14 2,0.0,0.0,0.0,0.0,0.0,0.0,0.0,0.0,0.0,0.0,0
EX14 3,0.0,0.0,0.0,0.0,0.0,0.0,0.0,0.0,0.0,0.0,0
EX14 4,0.0,0.0,0.0,0.0,0.0,0.0,0.0,0.0,0.0,0.0,0
EX14 9,0.0,0.0,0.0,0.0,0.0,0.0,0.0,0.0,0.0,0.0,0
EX15 1,0.0,0.0,0.0,0.0,0.0,0.0,0.0,0.0,0.0,0.0,0
EX15 2,0.0,0.0,0.0,0.0,0.0,0.0,0.0,0.0,0.0,0.0,0
EX15 3,0.0,0.0,0.0,0.0,0.0,0.0,0.0,0.0,0.0,0.0,0
EX15 9,0.0,0.0,0.0,0.0,0.0,0.0,0.0,0.0,0.0,0.0,0
EX16 0,0.0,0.0,0.0,0.0,0.0,0.0,0.0,0.0,0.0,0.0,0
EX16 4,0.0,0.0,0.0,0.0,0.0,0.0,0.0,0.0,0.0,0.0,0
EX16 5,0.0,0.0,0.0,0.0,0.0,0.0,0.0,0.0,0.0,0.0,0
EX16 6,0.0,0.0,0.0,0.0,0.0,0.0,0.0,0.0,0.0,0.0,0
EX16 7,0.0,0.0,0.0,0.0,0.0,0.0,0.0,0.0,0.0,0.0,0
EX16 8,0.0,0.0,0.0,0.0,0.0,0.0,0.0,0.0,0.0,0.0,0
EX16 9,0.0,0.0,0.0,0.0,0.0,0.0,0.0,0.0,0.0,0.0,0
EX17 1,0.0,0.0,0.0,0.0,0.0,0.0,0.0,0.0,0.0,0.0,0
EX17 2,0.0,0.0,0.0,0.0,0.0,0.0,0.0,0.0,0.0,0.0,0
EX17 3,0.0,0.0,0.0,0.0,0.0,0.0,0.0,0.0,0.0,0.0,0
EX17 4,0.0,0.0,0.0,0.0,0.0,0.0,0.0,0.0,0.0,0.0,0
EX17 5,0.0,0.0,0.0,0.0,0.0,0.0,0.0,0.0,0.0,0.0,0
EX17 6,0.0,0.0,0.0,0.0,0.0,0.0,0.0,0.0,0.0,0.0,0
EX17 9,0.0,0.0,0.0,0.0,0.0,0.0,0.0,0.0,0.0,0.0,0
EX18 7,0.0,0.0,0.0,0.0,0.0,0.0,0.0,0.0,0.0,0.0,0
EX19 8,0.0,0.0,0.0,0.0,0.0,0.0,0.0,0.0,0.0,0.0,0
EX2 0,0.0,0.0,0.0,0.0,0.0,0.0,0.0,0.0,0.0,0.0,0
EX2 4,0.0,0.0,0.0,0.0,0.0,0.0,0.0,0.0,0.0,0.0,0
EX2 5,0.0,0.0,0.0,0.0,0.0,0.0,0.0,0.0,0.0,0.0,0
EX2 6,0.0,0.0,0.0,0.0,0.0,0.0,0.0,0.0,0.0,0.0,0
EX2 7,0.0,0.0,0.00045279,0.00084667,0.0,0.0,0.00055185,0.00085157,0.0,0.0,1
EX2 8,0.0,0.0,0.0,0.0,0.0,0.0,0.0,0.0,0.0,0.0,0
EX2 9,0.0,0.0,0.0,0.0,0.0,0.0,0.0,0.0,0.0,0.0,0
EX20 1,0.0,0.0,0.0,0.0,0.0,0.0,0.0,0.0,0.0,0.0,0
EX20 2,0.0,0.0,0.0,0.0,0.0,0.0,0.0,0.0,0.0,0.0,0
EX20 3,0.0,0.0,0.0,0.0,0.0,0.0,0.0,0.0,0.0,0.0,0
EX20 4,0.0,0.0,0.0,0.0,0.0,0.0,0.0,0.0,0.0,0.0,0
EX20 9,0.0,0.0,0.0,0.0,0.0,0.0,0.0,0.0,0.0,0.0,0
EX21 5,0.0,0.0,0.0,0.0,0.0,0.0,0.0,0.0,0.0,0.0,0
EX22 6,0.0,0.0,0.0,0.0,0.0,0.0,0.0,0.0,0.0,0.0,0
EX22 7,0.0,0.0,0.0,0.0,0.0,0.0,0.0,0.0,0.0,0.0,0
EX22 9,0.0,0.0,0.0,0.0,0.0,0.0,0.0,0.0,0.0,0.0,0
EX23 0,0.00275033,0.00857402,0.00276968,0.00857402,0.00469963,0.00971151,0.00469963,0.00971151,0.00679695,931713.3,1
EX23 8,0.00448837,0.03451065,0.01211821,0.03614833,0.01892832,0.0401818,0.01995799,0.04199431,0.0,335060.7,1
EX23 9,0.00129764,0.0041871,0.00129764,0.0041871,0.00231964,0.00469289,0.00231964,0.00469289,0.00054161,508122.5,1
EX24 6,0.0,0.0,0.0,0.0,0.0,0.0,0.0,0.0,0.0,0.0,0
EX3 0,0.00031711,0.00083739,0.00232015,0.00644241,0.0003174,0.00103565,0.00146705,0.00820304,0.0,10274.4,1
EX31 1,0.0,0.0,0.0,0.0,0.0,0.0,0.0,0.0,0.0,0.0,0
EX31 2,0.00419085,0.01439321,0.00452636,0.01649797,0.00111905,0.01955624,0.00194408,0.02201929,0.0,113877.5,1
EX31 3,0.0,0.0,5.259e-05,0.00018223,0.0,0.0,1.04e-05,0.00025129,0.0,0.0,1
EX31 4,0.00039372,0.00127687,0.00043047,0.00140045,0.00057599,0.00148241,0.00063408,0.00162724,0.0,246314.5,1
EX32 0,0.0,0.0,0.0,0.0,0.0,0.0,0.0,0.0,0.0,0.0,0
EX32 2,0.0,0.0,0.0,0.0,0.0,0.0,0.0,0.0,0.0,0.0,0
EX32 7,0.0,0.0,0.0,0.0,0.0,0.0,0.0,0.0,0.0,0.0,0
EX32 8,0.0,0.0,0.0,0.0,0.0,0.0,0.0,0.0,0.0,0.0,0
EX32 9,0.0,0.0,0.0,0.0,0.0,0.0,0.0,0.0,0.0,0.0,0
EX33 1,0.0077008,0.02446188,0.009726,0.03023558,0.01041798,0.02987593,0.01293167,0.03709465,0.0,1427125.4,1
EX33 2,0.01218922,0.03602867,0.01218922,0.03602867,0.02302633,0.04110146,0.02302633,0.04110146,0.0,1168813.3,1
EX34 0,0.0008037,0.002542,0.00098589,0.00302599,0.00113595,0.00286681,0.00137071,0.00345594,0.0,103682.5,1
EX34 4,0.0,0.0,0.0,0.0,0.0,0.0,0.0,0.0,0.0,0.0,0
EX34 7,0.00404464,0.0123546,0.00404464,0.0123546,0.00582352,0.01492759,0.00582352,0.01492759,0.0,420810.9,1
EX34 8,0.00157509,0.00472019,0.00166502,0.00491402,0.00241659,0.00527761,0.0025403,0.00550203,0.0,179592.3,1
EX34 9,0.00126923,0.00359153,0.00206328,0.00540025,0.0018438,0.00421793,0.00295013,0.00630089,0.0,103946.6,1
EX35 6,0.0020238,0.00621442,0.00216657,0.00652965,0.00319401,0.0072578,0.0033336,0.00763327,0.0,644955.9,1
EX36 3,0.0,0.0,0.0,0.0,0.0,0.0,0.0,0.0,0.0,0.0,0
EX36 4,0.0,0.0,0.0,0.0,0.0,0.0,0.0,0.0,0.0,0.0,0
EX36 9,0.0,0.0,0.0,0.0,0.0,0.0,0.0,0.0,0.0,0.0,0
EX37 9,0.0,0.0,0.0,0.0,0.0,0.0,0.0,0.0,0.0,0.0,0
EX38 7,0.0,0.0,0.0,0.0,0.0,0.0,0.0,0.0,0.0,0.0,0
EX38 8,0.0,0.0,0.0,0.0,0.0,0.0,0.0,0.0,0.0,0.0,0
EX38 9,0.0,0.0,0.0,0.0,0.0,0.0,0.0,0.0,0.0,0.0,0
EX39 1,0.00608817,0.01315505,0.00877591,0.01920918,0.00952308,0.01458384,0.01265041,0.02165916,0.0,348267.8,1
EX39 2,0.0084615,0.02509412,0.0084615,0.02509412,0.01455822,0.02832704,0.01455822,0.02832704,0.0,1057701.6,1
EX39 3,0.0,0.0,0.0,0.0,0.0,0.0,0.0,0.0,0.0,0.0,0
EX39 4,0.00150435,0.00336024,0.0019329,0.0042828,0.00224565,0.0038062,0.00244742,0.00503851,0.0,139721.4,1
EX39 5,0.00150426,0.00471201,0.00154509,0.00479658,0.00225807,0.00547087,0.00229761,0.00556405,0.0,779417.2,1
EX39 6,0.00325083,0.01037161,0.00325083,0.01037161,0.00540312,0.01185956,0.00540312,0.01185956,0.0,1095716.9,1
EX39 9,0.0,0.0,0.0,0.0,0.0,0.0,0.0,0.0,0.0,0.0,0
EX4 0,0.0,0.0,0.0,0.0,0.0,0.0,0.0,0.0,0.0,0.0,0
EX4 1,0.0,0.0,0.0,0.0,0.0,0.0,0.0,0.0,0.0,0.0,0
EX4 2,0.0,0.0,0.0,0.0,0.0,0.0,0.0,0.0,0.0,0.0,0
EX4 3,0.0,0.0,0.0,0.0,0.0,0.0,0.0,0.0,0.0,0.0,0
EX4 4,0.0,0.0,0.0,0.0,0.0,0.0,0.0,0.0,0.0,0.0,0
EX4 5,0.0,0.0,0.0,0.0,0.0,0.0,0.0,0.0,0.0,0.0,0
EX4 6,0.0,0.0,0.0,0.0,0.0,0.0,0.0,0.0,0.0,0.0,0
EX4 7,0.0,0.0,0.0,0.0,0.0,0.0,0.0,0.0,0.0,0.0,0
EX4 8,0.0,0.0,0.0,0.0,0.0,0.0,0.0,0.0,0.0,0.0,0
EX4 9,0.0,0.0,0.0,0.0,0.0,0.0,0.0,0.0,0.0,0.0,0
EX5 1,0.0,0.0,0.0,0.0,0.0,0.0,0.0,0.0,0.0,0.0,0
EX5 2,0.0,0.0,0.0,0.0,0.0,0.0,0.0,0.0,0.0,0.0,0
EX5 3,0.0,0.0,0.0,0.0,0.0,0.0,0.0,0.0,0.0,0.0,0
EX5 4,0.0,0.0,0.0,0.0,0.0,0.0,0.0,0.0,0.0,0.0,0
EX5 5,0.0,0.0,0.0,0.0,0.0,0.0,0.0,0.0,0.0,0.0,0
EX5 7,0.0,0.0,0.0,0.0,0.0,0.0,0.0,0.0,0.0,0.0,0
EX6 6,0.0,0.0,0.0,0.0,0.0,0.0,0.0,0.0,0.0,0.0,0
EX6 7,0.0,0.0,0.0,0.0,0.0,0.0,0.0,0.0,0.0,0.0,0
EX6 8,0.0,0.0,0.0,0.0,0.0,0.0,0.0,0.0,0.0,0.0,0
EX7 0,0.0,0.0,0.00570875,0.0127087,0.0,0.0,0.00764859,0.01413679,0.0,0.0,1
EX7 7,0.0,0.0,0.0,0.0,0.0,0.0,0.0,0.0,0.0,0.0,0
EX7 9,0.0,0.0,0.03199816,0.06353311,0.0,0.0,0.04899151,0.06839254,0.0,0.0,1
EX8 1,0.0,0.0,0.0,0.0,0.0,0.0,0.0,0.0,0.0,0.0,0
EX8 2,0.00014639,0.00042353,0.00282906,0.00641095,0.00027726,0.00055447,0.00304029,0.00772437,0.0,4980.5,1
EX8 3,0.0,0.0,0.00117813,0.01208023,0.0,0.0,0.00208082,0.01568072,0.0,0.0,1
EX8 4,0.0,0.0,0.0,0.0,0.0,0.0,0.0,0.0,0.0,0.0,0
EX8 5,0.00349024,0.01193309,0.00397209,0.01507951,0.00548232,0.01395684,0.00650689,0.01787801,0.0,296042.4,1
EX8 9,0.0,0.0,0.0,0.0,0.0,0.0,0.0,0.0,0.0,0.0,0
EX9 6,0.01035058,0.0334543,0.01242278,0.03770439,0.0146292,0.03920668,0.01729801,0.04415502,0.0,415685.5,1
EX9 7,0.0039845,0.01428939,0.0039845,0.01428939,0.00617891,0.01684056,0.00617891,0.01684056,0.0,474532.4,1
EX9 9,0.0,0.0,0.0,0.0,0.0,0.0,0.0,0.0,0.0,0.0,0
FK1 1,0.0,0.0,0.0,0.0,0.0,0.0,0.0,0.0,0.0,0.0,0
FK1 2,0.0,0.0,0.0,0.0,0.0,0.0,0.0,0.0,0.0,0.0,0
FK1 3,0.0,0.0,0.0,0.0,0.0,0.0,0.0,0.0,0.0,0.0,0
FK1 4,0.0,0.0,0.0,0.0,0.0,0.0,0.0,0.0,0.0,0.0,0
FK1 5,0.0,0.0,0.0,0.0,0.0,0.0,0.0,0.0,0.0,0.0,0
FK1 9,0.0,0.0,0.0,0.0,0.0,0.0,0.0,0.0,0.0,0.0,0
FK10 1,0.0,0.0,0.0,0.0,0.0,0.0,0.0,0.0,0.0,0.0,0
FK10 2,0.0,0.0,0.0,0.0,0.0,0.0,0.0,0.0,0.0,0.0,0
FK10 3,0.0,0.0,0.0,0.0,0.0,0.0,0.0,0.0,0.0,0.0,0
FK10 4,0.0,0.0,0.0,0.0,0.0,0.0,0.0,0.0,0.0,0.0,0
FK10 9,0.0,0.0,0.0,0.0,0.0,0.0,0.0,0.0,0.0,0.0,0
FK11 7,0.0,0.0,0.0,0.0,0.0,0.0,0.0,0.0,0.0,0.0,0
FK12 5,0.0,0.0,0.0,0.0,0.0,0.0,0.0,0.0,0.0,0.0,0
FK13 6,0.0,0.0,0.0,0.0,0.0,0.0,0.0,0.0,0.0,0.0,0
FK14 7,0.0,0.0,0.0,0.0,0.0,0.0,0.0,0.0,0.0,0.0,0
FK15 0,0.0,0.0,0.0,0.0,0.0,0.0,0.0,0.0,0.0,0.0,0
FK15 5,0.0,0.0,0.0,0.0,0.0,0.0,0.0,0.0,0.0,0.0,0
FK15 9,0.0,0.0,0.0,0.0,0.0,0.0,0.0,0.0,0.0,0.0,0
FK16 6,0.0,0.0,0.0,0.0,0.0,0.0,0.0,0.0,0.0,0.0,0
FK17 8,0.0,0.0,0.0,0.0,0.0,0.0,0.0,0.0,0.0,0.0,0
FK18 8,0.0,0.0,0.0,0.0,0.0,0.0,0.0,0.0,0.0,0.0,0
FK19 8,0.0,0.0,0.0,0.0,0.0,0.0,0.0,0.0,0.0,0.0,0
FK2 0,0.0,0.0,0.0,0.0,0.0,0.0,0.0,0.0,0.0,0.0,0
FK2 7,0.0,0.0,0.0,0.0,0.0,0.0,0.0,0.0,0.0,0.0,0
FK2 8,0.0,0.0,0.0,0.0,0.0,0.0,0.0,0.0,0.0,0.0,0
FK2 9,0.0,0.0,0.0,0.0,0.0,0.0,0.0,0.0,0.0,0.0,0
FK20 8,0.0,0.0,0.0,0.0,0.0,0.0,0.0,0.0,0.0,0.0,0
FK21 8,0.0,0.0,0.0,0.0,0.0,0.0,0.0,0.0,0.0,0.0,0
FK3 0,0.0,0.0,0.0,0.0,0.0,0.0,0.0,0.0,0.0,0.0,0
FK3 3,0.0,0.0,0.0,0.0,0.0,0.0,0.0,0.0,0.0,0.0,0
FK3 8,0.0,0.0,0.0,0.0,0.0,0.0,0.0,0.0,0.0,0.0,0
FK3 9,0.0,0.0,0.0,0.0,0.0,0.0,0.0,0.0,0.0,0.0,0
FK4 1,0.0,0.0,0.0,0.0,0.0,0.0,0.0,0.0,0.0,0.0,0
FK4 2,0.0,0.0,0.0,0.0,0.0,0.0,0.0,0.0,0.0,0.0,0
FK5 3,0.0,0.0,0.0,0.0,0.0,0.0,0.0,0.0,0.0,0.0,0
FK5 4,0.0,0.0,0.0,0.0,0.0,0.0,0.0,0.0,0.0,0.0,0
FK6 5,0.0,0.0,0.0,0.0,0.0,0.0,0.0,0.0,0.0,0.0,0
FK6 6,0.0,0.0,0.0,0.0,0.0,0.0,0.0,0.0,0.0,0.0,0
FK7 0,0.0,0.0,0.0,0.0,0.0,0.0,0.0,0.0,0.0,0.0,0
FK7 1,0.0,0.0,0.0,0.0,0.0,0.0,0.0,0.0,0.0,0.0,0
FK7 7,0.0,0.0,0.0,0.0,0.0,0.0,0.0,0.0,0.0,0.0,0
FK7 8,0.0,0.0,0.0,0.0,0.0,0.0,0.0,0.0,0.0,0.0,0
FK7 9,0.0,0.0,0.0,0.0,0.0,0.0,0.0,0.0,0.0,0.0,0
FK8 1,0.0,0.0,0.0,0.0,0.0,0.0,0.0,0.0,0.0,0.0,0
FK8 2,0.0,0.0,0.0,0.0,0.0,0.0,0.0,0.0,0.0,0.0,0
FK8 3,0.0,0.0,0.0,0.0,0.0,0.0,0.0,0.0,0.0,0.0,0
FK9 4,0.0,0.0,0.0,0.0,0.0,0.0,0.0,0.0,0.0,0.0,0
FK9 5,0.0,0.0,0.0,0.0,0.0,0.0,0.0,0.0,0.0,0.0,0
FY1 1,0.0,0.0,0.12407662,0.27743829,0.0,0.0,0.17314447,0.31917333,0.0,0.0,1
FY1 2,0.0,0.0,0.02034883,0.05719472,0.0,0.0,0.02724069,0.07946267,0.0,0.0,1
FY1 3,0.0,0.0,0.0,0.0,0.0,0.0,0.0,0.03598034,0.0,0.0,0
FY1 4,0.0,0.0,0.22366231,0.51006041,0.0,0.0,0.35045248,0.58355506,0.0,0.0,1
FY1 5,0.0,0.0,0.11831486,0.21948557,0.0,0.0,0.1718884,0.23627737,0.0,0.0,1
FY1 6,0.0,0.0,0.14367298,0.23189564,0.0,0.0,0.19029909,0.24733959,0.0,0.0,1
FY1 9,0.0,0.0,1.0,1.0,0.0,0.0,1.0,1.0,0.0,0.0,1
FY2 0,0.0,0.0,0.0,0.0,0.0,0.0,0.0,0.0,0.0,0.0,0
FY2 9,0.0,0.0,0.02631624,0.0621801,0.0,0.0,0.03601399,0.07284023,0.0,0.0,1
FY3 0,0.0,0.0,0.0,0.0,0.0,0.0,0.0,0.0,0.0,0.0,0
FY3 7,0.0,0.0,0.0,0.0,0.0,0.0,0.0,0.0,0.0,0.0,0
FY3 8,0.0,0.0,0.0,0.0,0.0,0.0,0.0,0.0,0.0,0.0,0
FY3 9,0.0,0.0,0.0,0.0,0.0,0.0,0.0,0.0,0.0,0.0,0
FY4 1,0.00012222,0.00038684,0.09921392,0.19399391,0.00022039,0.00044496,0.14479871,0.21272903,0.0,4772.7,1
FY4 2,0.0,0.0,0.0,0.0,0.0,0.0,0.0,0.0,0.0,0.0,0
FY4 3,0.0,0.0,0.0,0.0,0.0,0.0,0.0,0.0,0.0,0.0,0
FY4 4,0.0,0.0,0.0,0.0,0.0,0.0,0.0,0.0,0.0,0.0,0
FY4 5,0.0,0.0,0.0,0.0,0.0,0.0,0.0,0.0,0.0,0.0,0
FY5 1,0.0,0.0,0.01211529,0.02692942,0.0,0.0,0.01418889,0.03203145,0.0,0.0,1
FY5 2,0.0,0.0,0.0,0.0,0.0,0.0,0.0,0.0,0.0,0.0,0
FY5 3,0.0,0.0,0.0,0.0,0.0,0.0,0.0,0.0,0.0,0.0,0
FY5 4,0.0,0.0,0.035359,0.07187493,0.0,0.0,0.06184831,0.07605704,0.0,0.0,1
FY5 5,0.00331271,0.01008747,0.00331271,0.01008747,0.00198672,0.01335896,0.00198672,0.01335896,0.0,56366.3,1
FY5 9,0.0,0.0,0.0,0.0,0.0,0.0,0.0,0.0,0.0,0.0,0
FY6 0,0.00297083,0.00759254,0.00298648,0.00762341,0.00667576,0.00794628,0.00670227,0.00797842,0.0,305967.9,1
FY6 6,0.0,0.0,0.0,0.0,0.0,0.0,0.0,0.0,0.0,0.0,0
FY6 7,0.00146829,0.00337739,0.00146829,0.00337739,0.00229345,0.00395366,0.00229345,0.00395366,0.0,27976.0,1
FY6 8,0.00126064,0.0030188,0.00126064,0.0030188,0.00274736,0.00310185,0.00274736,0.00310185,0.0,48956.2,1
FY6 9,0.0047749,0.0138451,0.01762832,0.04743475,0.00650693,0.01637241,0.03294965,0.05235442,0.0,134286.6,1
FY7 6,0.0,0.0,0.05086143,0.10919135,0.0,0.0,0.09331861,0.11545147,0.0,0.0,1
FY7 7,0.0,0.0,0.00253814,0.00751471,0.0,0.0,0.0003812,0.01031347,0.0,0.0,1
FY7 8,0.0,0.0,0.00765114,0.01762427,0.0,0.0,0.01569185,0.01839619,0.0,0.0,1
FY7 9,0.0,0.0,0.0,0.0,0.0,0.0,0.0,0.0,0.0,0.0,0
FY8 1,0.00385199,0.01098713,0.00603407,0.0165787,0.00605759,0.01277548,0.00947018,0.01928858,0.0,401918.5,1
FY8 2,0.02244696,0.0641966,0.02405001,0.06745154,0.03538436,0.07464992,0.03805459,0.07807914,0.0,1162010.3,1
FY8 3,0.0,0.0,0.0,0.0,0.0,0.0,0.0,0.0,0.0,0.0,0
FY8 4,0.0,0.0,0.0,0.0,0.0,0.0,0.0,0.0,0.0,0.0,0
FY8 5,0.0,0.0,0.00070636,0.00261736,0.0,0.0,0.00133957,0.00301294,0.0,0.0,1
FY8 9,0.0,0.00393094,0.00026815,0.50893133,0.0,0.00439701,0.41202398,0.53535225,0.0,45.2,1
G1 1,0.0,0.0,0.0,0.0,0.0,0.0,0.0,0.0,0.0,0.0,0
G1 2,0.0,0.0,0.0,0.0,0.0,0.0,0.0,0.0,0.0,0.0,0
G1 3,0.0,0.0,0.0,0.0,0.0,0.0,0.0,0.0,0.0,0.0,0
G1 4,0.0,0.0,0.0,0.0,0.0,0.0,0.0,0.0,0.0,0.0,0
G1 5,0.0,0.0,0.0,0.0,0.0,0.0,0.0,0.0,0.0,0.0,0
G11 5,0.0,0.0,0.0,0.0,0.0,0.0,0.0,0.0,0.0,0.0,0
G11 6,0.0,0.0,0.0,0.0,0.0,0.0,0.0,0.0,0.0,0.0,0
G11 7,0.0,0.0,0.0,0.0,0.0,0.0,0.0,0.0,0.0,0.0,0
G11 9,0.0,0.0,0.0,0.0,0.0,0.0,0.0,0.0,0.0,0.0,0
G12 0,0.0,0.0,0.0,0.0,0.0,0.0,0.0,0.0,0.0,0.0,0
G12 8,0.0,0.0,0.0,0.0,0.0,0.0,0.0,0.0,0.0,0.0,0
G12 9,0.0,0.0,0.0,0.0,0.0,0.0,0.0,0.0,0.0,0.0,0
G13 1,0.0,0.0,0.0,0.0,0.0,0.0,0.0,0.0,0.0,0.0,0
G13 2,0.0,0.0,0.0,0.0,0.0,0.0,0.0,0.0,0.0,0.0,0
G13 3,0.0,0.0,0.0,0.0,0.0,0.0,0.0,0.0,0.0,0.0,0
G13 4,0.0,0.0,0.0,0.0,0.0,0.0,0.0,0.0,0.0,0.0,0
G13 9,0.0,0.0,0.0,0.0,0.0,0.0,0.0,0.0,0.0,0.0,0
G14 0,0.0,0.0,0.0,0.0,0.0,0.0,0.0,0.0,0.0,0.0,0
G14 9,0.0,0.0,0.0,0.0,0.0,0.0,0.0,0.0,0.0,0.0,0
G15 6,0.0,0.0,0.0,0.0,0.0,0.0,0.0,0.0,0.0,0.0,0
G15 7,0.0,0.0,0.0,0.0,0.0,0.0,0.0,0.0,0.0,0.0,0
G15 8,0.0,0.0,0.0,0.0,0.0,0.0,0.0,0.0,0.0,0.0,0
G2 1,0.0,0.0,0.0,0.0,0.0,0.0,0.0,0.0,0.0,0.0,0
G2 2,0.0,0.0,0.0,0.0,0.0,0.0,0.0,0.0,0.0,0.0,0
G2 3,0.0,0.0,0.0,0.0,0.0,0.0,0.0,0.0,0.0,0.0,0
G2 4,0.0,0.0,0.0,0.0,0.0,0.0,0.0,0.0,0.0,0.0,0
G2 5,0.0,0.0,0.0,0.0,0.0,0.0,0.0,0.0,0.0,0.0,0
G2 6,0.0,0.0,0.0,0.0,0.0,0.0,0.0,0.0,0.0,0.0,0
G2 7,0.0,0.0,0.0,0.0,0.0,0.0,0.0,0.0,0.0,0.0,0
G2 8,0.0,0.0,0.0,0.0,0.0,0.0,0.0,0.0,0.0,0.0,0
G2 9,0.0,0.0,0.0,0.0,0.0,0.0,0.0,0.0,0.0,0.0,0
G20 0,0.0,0.0,0.0,0.0,0.0,0.0,0.0,0.0,0.0,0.0,0
G20 2,0.0,0.0,0.0,0.0,0.0,0.0,0.0,0.0,0.0,0.0,0
G20 6,0.0,0.0,0.0,0.0,0.0,0.0,0.0,0.0,0.0,0.0,0
G20 7,0.0,0.0,0.0,0.0,0.0,0.0,0.0,0.0,0.0,0.0,0
G20 8,0.0,0.0,0.0,0.0,0.0,0.0,0.0,0.0,0.0,0.0,0
G20 9,0.0,0.0,0.0,0.0,0.0,0.0,0.0,0.0,0.0,0.0,0
G21 1,0.0,0.0,0.0,0.0,0.0,0.0,0.0,0.0,0.0,0.0,0
G21 2,0.0,0.0,0.0,0.0,0.0,0.0,0.0,0.0,0.0,0.0,0
G21 3,0.0,0.0,0.0,0.0,0.0,0.0,0.0,0.0,0.0,0.0,0
G21 4,0.0,0.0,0.0,0.0,0.0,0.0,0.0,0.0,0.0,0.0,0
G22 5,0.0,0.0,0.0,0.0,0.0,0.0,0.0,0.0,0.0,0.0,0
G22 6,0.0,0.0,0.0,0.0,0.0,0.0,0.0,0.0,0.0,0.0,0
G22 7,0.0,0.0,0.0,0.0,0.0,0.0,0.0,0.0,0.0,0.0,0
G22 9,0.0,0.0,0.0,0.0,0.0,0.0,0.0,0.0,0.0,0.0,0
G23 5,0.0,0.0,0.0,0.0,0.0,0.0,0.0,0.0,0.0,0.0,0
G3 6,0.0,0.0,0.0,0.0,0.0,0.0,0.0,0.0,0.0,0.0,0
G3 7,0.0,0.0,0.0,0.0,0.0,0.0,0.0,0.0,0.0,0.0,0
G3 8,0.0,0.0,0.0,0.0,0.0,0.0,0.0,0.0,0.0,0.0,0
G31 1,0.0,0.0,0.0,0.0,0.0,0.0,0.0,0.0,0.0,0.0,0
G31 2,0.0,0.0,0.0,0.0,0.0,0.0,0.0,0.0,0.0,0.0,0
G31 3,0.0,0.0,0.0,0.0,0.0,0.0,0.0,0.0,0.0,0.0,0
G31 4,0.0,0.0,0.0,0.0,0.0,0.0,0.0,0.0,0.0,0.0,0
G31 5,0.0,0.0,0.0,0.0,0.0,0.0,0.0,0.0,0.0,0.0,0
G32 0,0.0,0.0,0.0,0.0,0.0,0.0,0.0,0.0,0.0,0.0,0
G32 2,0.0,0.0,0.0,0.0,0.0,0.0,0.0,0.0,0.0,0.0,0
G32 6,0.0,0.0,0.0,0.0,0.0,0.0,0.0,0.0,0.0,0.0,0
G32 7,0.0,0.0,0.0,0.0,0.0,0.0,0.0,0.0,0.0,0.0,0
G32 8,0.0,0.0,0.0,0.0,0.0,0.0,0.0,0.0,0.0,0.0,0
G32 9,0.0,0.0,0.0,0.0,0.0,0.0,0.0,0.0,0.0,0.0,0
G33 1,0.0,0.0,0.0,0.0,0.0,0.0,0.0,0.0,0.0,0.0,0
G33 2,0.0,0.0,0.0,0.0,0.0,0.0,0.0,0.0,0.0,0.0,0
G33 3,0.0,0.0,0.0,0.0,0.0,0.0,0.0,0.0,0.0,0.0,0
G33 4,0.0,0.0,0.0,0.0,0.0,0.0,0.0,0.0,0.0,0.0,0
G33 5,0.0,0.0,0.0,0.0,0.0,0.0,0.0,0.0,0.0,0.0,0
G33 6,0.0,0.0,0.0,0.0,0.0,0.0,0.0,0.0,0.0,0.0,0
G33 9,0.0,0.0,0.0,0.0,0.0,0.0,0.0,0.0,0.0,0.0,0
G34 0,0.0,0.0,0.0,0.0,0.0,0.0,0.0,0.0,0.0,0.0,0
G34 9,0.0,0.0,0.0,0.0,0.0,0.0,0.0,0.0,0.0,0.0,0
G4 0,0.0,0.0,0.0,0.0,0.0,0.0,0.0,0.0,0.0,0.0,0
G4 7,0.0,0.0,0.0,0.0,0.0,0.0,0.0,0.0,0.0,0.0,0
G4 9,0.0,0.0,0.0,0.0,0.0,0.0,0.0,0.0,0.0,0.0,0
G40 1,0.0,0.0,0.0,0.0,0.0,0.0,0.0,0.0,0.0,0.0,0
G40 2,0.0,0.0,0.0,0.0,0.0,0.0,0.0,0.0,0.0,0.0,0
G40 3,0.0,0.0,0.0,0.0,0.0,0.0,0.0,0.0,0.0,0.0,0
G40 4,0.0,0.0,0.0,0.0,0.0,0.0,0.0,0.0,0.0,0.0,0
G41 1,0.0,0.0,0.0,0.0,0.0,0.0,0.0,0.0,0.0,0.0,0
G41 2,0.0,0.0,0.0,0.0,0.0,0.0,0.0,0.0,0.0,0.0,0
G41 3,0.0,0.0,0.0,0.0,0.0,0.0,0.0,0.0,0.0,0.0,0
G41 4,0.0,0.0,0.0,0.0,0.0,0.0,0.0,0.0,0.0,0.0,0
G41 5,0.0,0.0,0.0,0.0,0.0,0.0,0.0,0.0,0.0,0.0,0
G42 0,0.0,0.0,0.0,0.0,0.0,0.0,0.0,0.0,0.0,0.0,0
G42 2,0.0,0.0,0.0,0.0,0.0,0.0,0.0,0.0,0.0,0.0,0
G42 7,0.0,0.0,0.0,0.0,0.0,0.0,0.0,0.0,0.0,0.0,0
G42 8,0.0,0.0,0.0,0.0,0.0,0.0,0.0,0.0,0.0,0.0,0
G42 9,0.0,0.0,0.0,0.0,0.0,0.0,0.0,0.0,0.0,0.0,0
G43 1,0.0,0.0,0.0,0.0,0.0,0.0,0.0,0.0,0.0,0.0,0
G43 2,0.0,0.0,0.0,0.0,0.0,0.0,0.0,0.0,0.0,0.0,0
G44 3,0.0,0.0,0.0,0.0,0.0,0.0,0.0,0.0,0.0,0.0,0
G44 4,0.0,0.0,0.0,0.0,0.0,0.0,0.0,0.0,0.0,0.0,0
G44 5,0.0,0.0,0.0,0.0,0.0,0.0,0.0,0.0,0.0,0.0,0
G44 9,0.0,0.0,0.0,0.0,0.0,0.0,0.0,0.0,0.0,0.0,0
G45 0,0.0,0.0,0.0,0.0,0.0,0.0,0.0,0.0,0.0,0.0,0
G45 9,0.0,0.0,0.0,0.0,0.0,0.0,0.0,0.0,0.0,0.0,0
G46 6,0.0,0.0,0.0,0.0,0.0,0.0,0.0,0.0,0.0,0.0,0
G46 7,0.0,0.0,0.0,0.0,0.0,0.0,0.0,0.0,0.0,0.0,0
G46 8,0.0,0.0,0.0,0.0,0.0,0.0,0.0,0.0,0.0,0.0,0
G46 9,0.0,0.0,0.0,0.0,0.0,0.0,0.0,0.0,0.0,0.0,0
G5 0,0.0,0.0,0.0,0.0,0.0,0.0,0.0,0.0,0.0,0.0,0
G5 8,0.0,0.0,0.0,0.0,0.0,0.0,0.0,0.0,0.0,0.0,0
G5 9,0.0,0.0,0.0,0.0,0.0,0.0,0.0,0.0,0.0,0.0,0
G51 1,0.0,0.0,0.0,0.0,0.0,0.0,0.0,0.0,0.0,0.0,0
G51 2,0.0,0.0,0.0,0.0,0.0,0.0,0.0,0.0,0.0,0.0,0
G51 3,0.0,0.0,0.0,0.0,0.0,0.0,0.0,0.0,0.0,0.0,0
G51 4,0.0,0.0,0.0,0.0,0.0,0.0,0.0,0.0,0.0,0.0,0
G51 9,0.0,0.0,0.0,0.0,0.0,0.0,0.0,0.0,0.0,0.0,0
G52 1,0.0,0.0,0.0,0.0,0.0,0.0,0.0,0.0,0.0,0.0,0
G52 2,0.0,0.0,0.0,0.0,0.0,0.0,0.0,0.0,0.0,0.0,0
G52 3,0.0,0.0,0.0,0.0,0.0,0.0,0.0,0.0,0.0,0.0,0
G52 4,0.0,0.0,0.0,0.0,0.0,0.0,0.0,0.0,0.0,0.0,0
G52 9,0.0,0.0,0.0,0.0,0.0,0.0,0.0,0.0,0.0,0.0,0
G53 5,0.0,0.0,0.0,0.0,0.0,0.0,0.0,0.0,0.0,0.0,0
G53 6,0.0,0.0,0.0,0.0,0.0,0.0,0.0,0.0,0.0,0.0,0
G53 7,0.0,0.0,0.0,0.0,0.0,0.0,0.0,0.0,0.0,0.0,0
G53 9,0.0,0.0,0.0,0.0,0.0,0.0,0.0,0.0,0.0,0.0,0
G60 5,0.0,0.0,0.0,0.0,0.0,0.0,0.0,0.0,0.0,0.0,0
G61 1,0.0,0.0,0.0,0.0,0.0,0.0,0.0,0.0,0.0,0.0,0
G61 2,0.0,0.0,0.0,0.0,0.0,0.0,0.0,0.0,0.0,0.0,0
G61 3,0.0,0.0,0.0,0.0,0.0,0.0,0.0,0.0,0.0,0.0,0
G61 4,0.0,0.0,0.0,0.0,0.0,0.0,0.0,0.0,0.0,0.0,0
G61 9,0.0,0.0,0.0,0.0,0.0,0.0,0.0,0.0,0.0,0.0,0
G62 6,0.0,0.0,0.0,0.0,0.0,0.0,0.0,0.0,0.0,0.0,0
G62 7,0.0,0.0,0.0,0.0,0.0,0.0,0.0,0.0,0.0,0.0,0
G62 8,0.0,0.0,0.0,0.0,0.0,0.0,0.0,0.0,0.0,0.0,0
G62 9,0.0,0.0,0.0,0.0,0.0,0.0,0.0,0.0,0.0,0.0,0
G63 0,0.0,0.0,0.0,0.0,0.0,0.0,0.0,0.0,0.0,0.0,0
G63 9,0.0,0.0,0.0,0.0,0.0,0.0,0.0,0.0,0.0,0.0,0
G64 1,0.0,0.0,0.0,0.0,0.0,0.0,0.0,0.0,0.0,0.0,0
G64 2,0.0,0.0,0.0,0.0,0.0,0.0,0.0,0.0,0.0,0.0,0
G64 3,0.0,0.0,0.0,0.0,0.0,0.0,0.0,0.0,0.0,0.0,0
G64 4,0.0,0.0,0.0,0.0,0.0,0.0,0.0,0.0,0.0,0.0,0
G64 9,0.0,0.0,0.0,0.0,0.0,0.0,0.0,0.0,0.0,0.0,0
G65 0,0.0,0.0,0.0,0.0,0.0,0.0,0.0,0.0,0.0,0.0,0
G65 9,0.0,0.0,0.0,0.0,0.0,0.0,0.0,0.0,0.0,0.0,0
G66 1,0.0,0.0,0.0,0.0,0.0,0.0,0.0,0.0,0.0,0.0,0
G66 2,0.0,0.0,0.0,0.0,0.0,0.0,0.0,0.0,0.0,0.0,0
G66 3,0.0,0.0,0.0,0.0,0.0,0.0,0.0,0.0,0.0,0.0,0
G66 4,0.0,0.0,0.0,0.0,0.0,0.0,0.0,0.0,0.0,0.0,0
G66 5,0.0,0.0,0.0,0.0,0.0,0.0,0.0,0.0,0.0,0.0,0
G66 7,0.0,0.0,0.0,0.0,0.0,0.0,0.0,0.0,0.0,0.0,0
G66 8,0.0,0.0,0.0,0.0,0.0,0.0,0.0,0.0,0.0,0.0,0
G66 9,0.0,0.0,0.0,0.0,0.0,0.0,0.0,0.0,0.0,0.0,0
G67 1,0.0,0.0,0.0,0.0,0.0,0.0,0.0,0.0,0.0,0.0,0
G67 2,0.0,0.0,0.0,0.0,0.0,0.0,0.0,0.0,0.0,0.0,0
G67 3,0.0,0.0,0.0,0.0,0.0,0.0,0.0,0.0,0.0,0.0,0
G67 4,0.0,0.0,0.0,0.0,0.0,0.0,0.0,0.0,0.0,0.0,0
G67 9,0.0,0.0,0.0,0.0,0.0,0.0,0.0,0.0,0.0,0.0,0
G68 0,0.0,0.0,0.0,0.0,0.0,0.0,0.0,0.0,0.0,0.0,0
G68 9,0.0,0.0,0.0,0.0,0.0,0.0,0.0,0.0,0.0,0.0,0
G69 0,0.0,0.0,0.0,0.0,0.0,0.0,0.0,0.0,0.0,0.0,0
G69 6,0.0,0.0,0.0,0.0,0.0,0.0,0.0,0.0,0.0,0.0,0
G69 7,0.0,0.0,0.0,0.0,0.0,0.0,0.0,0.0,0.0,0.0,0
G69 8,0.0,0.0,0.0,0.0,0.0,0.0,0.0,0.0,0.0,0.0,0
G69 9,0.0,0.0,0.0,0.0,0.0,0.0,0.0,0.0,0.0,0.0,0
G71 5,0.0,0.0,0.0,0.0,0.0,0.0,0.0,0.0,0.0,0.0,0
G71 6,0.0,0.0,0.0,0.0,0.0,0.0,0.0,0.0,0.0,0.0,0
G71 7,0.0,0.0,0.0,0.0,0.0,0.0,0.0,0.0,0.0,0.0,0
G71 8,0.0,0.0,0.0,0.0,0.0,0.0,0.0,0.0,0.0,0.0,0
G71 9,0.0,0.0,0.0,0.0,0.0,0.0,0.0,0.0,0.0,0.0,0
G72 0,0.0,0.0,0.0,0.0,0.0,0.0,0.0,0.0,0.0,0.0,0
G72 6,0.0,0.0,0.0,0.0,0.0,0.0,0.0,0.0,0.0,0.0,0
G72 7,0.0,0.0,0.0,0.0,0.0,0.0,0.0,0.0,0.0,0.0,0
G72 8,0.0,0.0,0.0,0.0,0.0,0.0,0.0,0.0,0.0,0.0,0
G72 9,0.0,0.0,0.0,0.0,0.0,0.0,0.0,0.0,0.0,0.0,0
G73 1,0.0,0.0,0.0,0.0,0.0,0.0,0.0,0.0,0.0,0.0,0
G73 2,0.0,0.0,0.0,0.0,0.0,0.0,0.0,0.0,0.0,0.0,0
G73 3,0.0,0.0,0.0,0.0,0.0,0.0,0.0,0.0,0.0,0.0,0
G73 4,0.0,0.0,0.0,0.0,0.0,0.0,0.0,0.0,0.0,0.0,0
G73 5,0.0,0.0,0.0,0.0,0.0,0.0,0.0,0.0,0.0,0.0,0
G74 1,0.0,0.0,0.0,0.0,0.0,0.0,0.0,0.0,0.0,0.0,0
G74 2,0.0,0.0,0.0,0.0,0.0,0.0,0.0,0.0,0.0,0.0,0
G74 3,0.0,0.0,0.0,0.0,0.0,0.0,0.0,0.0,0.0,0.0,0
G74 4,0.0,0.0,0.0,0.0,0.0,0.0,0.0,0.0,0.0,0.0,0
G74 5,0.0,0.0,0.0,0.0,0.0,0.0,0.0,0.0,0.0,0.0,0
G74 9,0.0,0.0,0.0,0.0,0.0,0.0,0.0,0.0,0.0,0.0,0
G75 0,0.0,0.0,0.0,0.0,0.0,0.0,0.0,0.0,0.0,0.0,0
G75 7,0.0,0.0,0.0,0.0,0.0,0.0,0.0,0.0,0.0,0.0,0
G75 8,0.0,0.0,0.0,0.0,0.0,0.0,0.0,0.0,0.0,0.0,0
G75 9,0.0,0.0,0.0,0.0,0.0,0.0,0.0,0.0,0.0,0.0,0
G76 0,0.0,0.0,0.0,0.0,0.0,0.0,0.0,0.0,0.0,0.0,0
G76 6,0.0,0.0,0.0,0.0,0.0,0.0,0.0,0.0,0.0,0.0,0
G76 7,0.0,0.0,0.0,0.0,0.0,0.0,0.0,0.0,0.0,0.0,0
G76 8,0.0,0.0,0.0,0.0,0.0,0.0,0.0,0.0,0.0,0.0,0
G76 9,0.0,0.0,0.0,0.0,0.0,0.0,0.0,0.0,0.0,0.0,0
G77 5,0.0,0.0,0.0,0.0,0.0,0.0,0.0,0.0,0.0,0.0,0
G77 6,0.0,0.0,0.0,0.0,0.0,0.0,0.0,0.0,0.0,0.0,0
G77 9,0.0,0.0,0.0,0.0,0.0,0.0,0.0,0.0,0.0,0.0,0
G78 1,0.0,0.0,0.0,0.0,0.0,0.0,0.0,0.0,0.0,0.0,0
G78 2,0.0,0.0,0.0,0.0,0.0,0.0,0.0,0.0,0.0,0.0,0
G78 3,0.0,0.0,0.0,0.0,0.0,0.0,0.0,0.0,0.0,0.0,0
G78 4,0.0,0.0,0.0,0.0,0.0,0.0,0.0,0.0,0.0,0.0,0
G78 9,0.0,0.0,0.0,0.0,0.0,0.0,0.0,0.0,0.0,0.0,0
G81 1,0.0,0.0,0.0,0.0,0.0,0.0,0.0,0.0,0.0,0.0,0
G81 2,0.0,0.0,0.0,0.0,0.0,0.0,0.0,0.0,0.0,0.0,0
G81 3,0.0,0.0,0.0,0.0,0.0,0.0,0.0,0.0,0.0,0.0,0
G81 4,0.0,0.0,0.0,0.0,0.0,0.0,0.0,0.0,0.0,0.0,0
G81 5,0.0,0.0,0.0,0.0,0.0,0.0,0.0,0.0,0.0,0.0,0
G81 6,0.0,0.0,0.0,0.0,0.0,0.0,0.0,0.0,0.0,0.0,0
G82 1,0.0,0.0,0.0,0.0,0.0,0.0,0.0,0.0,0.0,0.0,0
G82 2,0.0,0.0,0.0,0.0,0.0,0.0,0.0,0.0,0.0,0.0,0
G82 3,0.0,0.0,0.0,0.0,0.0,0.0,0.0,0.0,0.0,0.0,0
G82 4,0.0,0.0,0.0,0.0,0.0,0.0,0.0,0.0,0.0,0.0,0
G82 5,0.0,0.0,0.0,0.0,0.0,0.0,0.0,0.0,0.0,0.0,0
G82 9,0.0,0.0,0.0,0.0,0.0,0.0,0.0,0.0,0.0,0.0,0
G83 0,0.0,0.0,0.0,0.0,0.0,0.0,0.0,0.0,0.0,0.0,0
G83 3,0.0,0.0,0.0,0.0,0.0,0.0,0.0,0.0,0.0,0.0,0
G83 7,0.0,0.0,0.0,0.0,0.0,0.0,0.0,0.0,0.0,0.0,0
G83 8,0.0,0.0,0.0,0.0,0.0,0.0,0.0,0.0,0.0,0.0,0
G83 9,0.0,0.0,0.0,0.0,0.0,0.0,0.0,0.0,0.0,0.0,0
G84 0,0.0,0.0,0.0,0.0,0.0,0.0,0.0,0.0,0.0,0.0,0
G84 4,0.0,0.0,0.0,0.0,0.0,0.0,0.0,0.0,0.0,0.0,0
G84 7,0.0,0.0,0.0,0.0,0.0,0.0,0.0,0.0,0.0,0.0,0
G84 8,0.0,0.0,0.0,0.0,0.0,0.0,0.0,0.0,0.0,0.0,0
G84 9,0.0,0.0,0.0,0.0,0.0,0.0,0.0,0.0,0.0,0.0,0
GL1 1,0.0,0.0,0.0,0.0,0.0,0.0,0.0,0.0,0.0,0.0,0
GL1 2,0.0,0.0,0.0,0.0,0.0,0.0,0.0,0.0,0.0,0.0,0
GL1 3,0.0,0.0,0.0,0.0,0.0,0.0,0.0,0.0,0.0,0.0,0
GL1 4,0.0,0.0,0.0,0.0,0.0,0.0,0.0,0.0,0.0,0.0,0
GL1 5,0.0,0.0,0.0,0.0,0.0,0.0,0.0,0.0,0.0,0.0,0
GL1 9,0.0,0.0,0.0,0.0,0.0,0.0,0.0,0.0,0.0,0.0,0
GL10 2,0.0,0.0,0.0,0.0,0.0,0.0,0.0,0.0,0.0,0.0,0
GL10 3,0.0,0.0,0.0,0.0,0.0,0.0,0.0,0.0,0.0,0.0,0
GL11 4,0.0,0.0,0.0,0.0,0.0,0.0,0.0,0.0,0.0,0.0,0
GL11 5,0.0,0.0,0.0,0.0,0.0,0.0,0.0,0.0,0.0,0.0,0
GL11 6,0.0,0.0,0.0,0.0,0.0,0.0,0.0,0.0,0.0,0.0,0
GL11 9,0.0,0.0,0.0,0.0,0.0,0.0,0.0,0.0,0.0,0.0,0
GL12 7,0.0,0.0,0.0,0.0,0.0,0.0,0.0,0.0,0.0,0.0,0
GL12 8,0.0,0.0,0.0,0.0,0.0,0.0,0.0,0.0,0.0,0.0,0
GL13 9,0.00040234,0.0013546,0.00079072,0.0025935,0.00075636,0.0015191,0.00143232,0.00288242,0.0,105028.4,1
GL14 1,9.368e-05,0.00046251,9.887e-05,0.00046251,0.00027711,0.00047713,0.00027712,0.00047713,0.0,27028.5,1
GL14 2,0.0,0.0,0.0,0.0,0.0,0.0,0.0,0.0,0.0,0.0,0
GL14 3,0.0,0.0,0.0,0.0,0.0,0.0,0.0,0.0,0.0,0.0,0
GL14 9,0.0,0.0,0.0,0.0,0.0,0.0,0.0,0.0,0.0,0.0,0
GL15 4,0.00047641,0.00160559,0.00064287,0.00160562,0.00108699,0.00180535,0.00108701,0.00180538,0.0,79049.3,1
GL15 5,0.0,0.0,0.0,0.0,0.0,0.0,0.0,0.0,0.0,0.0,0
GL15 6,4.601e-05,0.00029533,4.601e-05,0.00029533,0.00014723,0.00031869,0.00014723,0.00031869,0.0,20376.1,1
GL15 9,0.0,0.0,0.0,0.0,0.0,0.0,0.0,0.0,0.0,0.0,0
GL16 7,0.0,0.0,0.0,0.0,0.0,0.0,0.0,0.0,0.0,0.0,0
GL16 8,0.0,0.0,0.0,0.0,0.0,0.0,0.0,0.0,0.0,0.0,0
GL16 9,0.0,0.0,0.0,0.0,0.0,0.0,0.0,0.0,0.0,0.0,0
GL17 0,0.0,0.0,0.0,0.0,0.0,0.0,0.0,0.0,0.0,0.0,0
GL17 9,0.0,0.0,0.0,0.0,0.0,0.0,0.0,0.0,0.0,0.0,0
GL18 1,0.0,0.0,0.0,0.0,0.0,0.0,0.0,0.0,0.0,0.0,0
GL18 2,0.0,0.0,0.0,0.0,0.0,0.0,0.0,0.0,0.0,0.0,0
GL19 3,0.0,0.0,0.0,0.0,0.0,0.0,0.0,0.0,0.0,0.0,0
GL19 4,0.0,0.0,0.0,0.0,0.0,0.0,0.0,0.0,0.0,0.0,0
GL2 0,0.0,0.0,0.0,0.0,0.0,0.0,0.0,0.0,0.0,0.0,0
GL2 2,0.0,0.0,0.0,0.0,0.0,0.0,0.0,0.0,0.0,0.0,0
GL2 3,0.0,0.0,0.0,0.0,0.0,0.0,0.0,0.0,0.0,0.0,0
GL2 4,0.0,0.0,0.0,0.0,0.0,0.0,0.0,0.0,0.0,0.0,0
GL2 5,0.0,0.0,0.0,0.0,0.0,0.0,0.0,0.0,0.0,0.0,0
GL2 7,0.00019023,0.00057377,0.00019023,0.00057377,0.00030484,0.00065087,0.00030484,0.00065087,0.0,35699.6,1
GL2 8,0.0,0.0,0.0,0.0,0.0,0.0,0.0,0.0,0.0,0.0,0
GL2 9,0.0,0.0,0.0,0.0,0.0,0.0,0.0,0.0,0.0,0.0,0
GL20 5,0.0,0.0,0.0,0.0,0.0,0.0,0.0,0.0,0.0,0.0,0
GL20 6,0.0,0.0,0.0,0.0,0.0,0.0,0.0,0.0,0.0,0.0,0
GL20 7,0.0,0.0,0.0,0.0,0.0,0.0,0.0,0.0,0.0,0.0,0
GL20 8,0.0,0.0,0.0,0.0,0.0,0.0,0.0,0.0,0.0,0.0,0
GL20 9,0.0,0.0,0.0,0.0,0.0,0.0,0.0,0.0,0.0,0.0,0
GL3 1,0.0,0.0,0.0,0.0,0.0,0.0,0.0,0.0,0.0,0.0,0
GL3 2,0.0,0.0,0.0,0.0,0.0,0.0,0.0,0.0,0.0,0.0,0
GL3 3,0.0,0.0,0.0,0.0,0.0,0.0,0.0,0.0,0.0,0.0,0
GL3 4,0.0,0.0,0.0,0.0,0.0,0.0,0.0,0.0,0.0,0.0,0
GL3 5,0.0,0.0,0.0,0.0,0.0,0.0,0.0,0.0,0.0,0.0,0
GL3 9,0.0,0.0,0.0,0.0,0.0,0.0,0.0,0.0,0.0,0.0,0
GL4 0,0.0,0.0,0.0,0.0,0.0,0.0,0.0,0.0,0.0,0.0,0
GL4 3,0.0,0.0,0.0,0.0,0.0,0.0,0.0,0.0,0.0,0.0,0
GL4 4,0.0,0.0,0.0,0.0,0.0,0.0,0.0,0.0,0.0,0.0,0
GL4 5,0.0,0.0,0.0,0.0,0.0,0.0,0.0,0.0,0.0,0.0,0
GL4 6,0.0,0.0,0.0,0.0,0.0,0.0,0.0,0.0,0.0,0.0,0
GL4 8,0.0,0.0,0.0,0.0,0.0,0.0,0.0,0.0,0.0,0.0,0
GL5 1,0.0,0.0,0.0,0.0,0.0,0.0,0.0,0.0,0.0,0.0,0
GL5 2,0.0,0.0,0.0,0.0,0.0,0.0,0.0,0.0,0.0,0.0,0
GL5 3,0.0,0.0,0.0,0.0,0.0,0.0,0.0,0.0,0.0,0.0,0
GL5 4,0.0,0.0,0.0,0.0,0.0,0.0,0.0,0.0,0.0,0.0,0
GL5 5,0.0,0.0,0.0,0.0,0.0,0.0,0.0,0.0,0.0,0.0,0
GL50 1,0.0,0.0,0.0,0.0,0.0,0.0,0.0,0.0,0.0,0.0,0
GL50 2,0.0,0.0,0.0,0.0,0.0,0.0,0.0,0.0,0.0,0.0,0
GL50 3,0.0,0.0,0.0,0.0,0.0,0.0,0.0,0.0,0.0,0.0,0
GL50 4,0.0,0.0,0.0,0.0,0.0,0.0,0.0,0.0,0.0,0.0,0
GL50 9,0.0,0.0,0.0,0.0,0.0,0.0,0.0,0.0,0.0,0.0,0
GL51 0,0.0,0.0,0.0,0.0,0.0,0.0,0.0,0.0,0.0,0.0,0
GL51 3,0.0,0.0,0.0,0.0,0.0,0.0,0.0,0.0,0.0,0.0,0
GL51 4,0.0,0.0,0.0,0.0,0.0,0.0,0.0,0.0,0.0,0.0,0
GL51 6,0.0,0.0,0.0,0.0,0.0,0.0,0.0,0.0,0.0,0.0,0
GL51 7,0.0,0.0,0.0,0.0,0.0,0.0,0.0,0.0,0.0,0.0,0
GL51 8,0.0,0.0,0.0,0.0,0.0,0.0,0.0,0.0,0.0,0.0,0
GL51 9,0.0,0.0,0.0,0.0,0.0,0.0,0.0,0.0,0.0,0.0,0
GL52 2,0.0,0.0,0.0,0.0,0.0,0.0,0.0,0.0,0.0,0.0,0
GL52 3,0.0,0.0,0.0,0.0,0.0,0.0,0.0,0.0,0.0,0.0,0
GL52 5,0.0,0.0,0.0,0.0,0.0,0.0,0.0,0.0,0.0,0.0,0
GL52 6,0.0,0.0,0.0,0.0,0.0,0.0,0.0,0.0,0.0,0.0,0
GL52 7,0.0,0.0,0.0,0.0,0.0,0.0,0.0,0.0,0.0,0.0,0
GL52 8,0.0,0.0,0.0,0.0,0.0,0.0,0.0,0.0,0.0,0.0,0
GL52 9,0.0,0.0,0.0,0.0,0.0,0.0,0.0,0.0,0.0,0.0,0
GL53 0,0.0,0.0,0.0,0.0,0.0,0.0,0.0,0.0,0.0,0.0,0
GL53 7,0.0,0.0,0.0,0.0,0.0,0.0,0.0,0.0,0.0,0.0,0
GL53 8,0.0,0.0,0.0,0.0,0.0,0.0,0.0,0.0,0.0,0.0,0
GL53 9,0.0,0.0,0.0,0.0,0.0,0.0,0.0,0.0,0.0,0.0,0
GL54 1,0.0,0.0,0.0,0.0,0.0,0.0,0.0,0.0,0.0,0.0,0
GL54 2,0.0,0.0,0.0,0.0,0.0,0.0,0.0,0.0,0.0,0.0,0
GL54 3,0.0,0.0,0.0,0.0,0.0,0.0,0.0,0.0,0.0,0.0,0
GL54 4,0.0,0.0,0.0,0.0,0.0,0.0,0.0,0.0,0.0,0.0,0
GL54 5,0.0,0.0,0.0,0.0,0.0,0.0,0.0,0.0,0.0,0.0,0
GL55 6,0.0,0.0,0.0,0.0,0.0,0.0,0.0,0.0,0.0,0.0,0
GL55 9,0.0,0.0,0.0,0.0,0.0,0.0,0.0,0.0,0.0,0.0,0
GL56 0,0.0,0.0,0.0,0.0,0.0,0.0,0.0,0.0,0.0,0.0,0
GL56 9,0.0,0.0,0.0,0.0,0.0,0.0,0.0,0.0,0.0,0.0,0
GL6 0,0.0,0.0,0.0,0.0,0.0,0.0,0.0,0.0,0.0,0.0,0
GL6 1,0.0,0.0,0.0,0.0,0.0,0.0,0.0,0.0,0.0,0.0,0
GL6 6,0.0,0.0,0.0,0.0,0.0,0.0,0.0,0.0,0.0,0.0,0
GL6 7,0.0,0.0,0.0,0.0,0.0,0.0,0.0,0.0,0.0,0.0,0
GL6 8,0.0,0.0,0.0,0.0,0.0,0.0,0.0,0.0,0.0,0.0,0
GL6 9,0.0,0.0,0.0,0.0,0.0,0.0,0.0,0.0,0.0,0.0,0
GL7 0,0.0,0.0,0.0,0.0,0.0,0.0,0.0,0.0,0.0,0.0,0
GL7 1,0.0,0.0,0.0,0.0,0.0,0.0,0.0,0.0,0.0,0.0,0
GL7 2,0.0,0.0,0.0,0.0,0.0,0.0,0.0,0.0,0.0,0.0,0
GL7 3,0.0,0.0,0.0,0.0,0.0,0.0,0.0,0.0,0.0,0.0,0
GL7 4,0.0,0.0,0.0,0.0,0.0,0.0,0.0,0.0,0.0,0.0,0
GL7 5,0.0,0.0,0.0,0.0,0.0,0.0,0.0,0.0,0.0,0.0,0
GL7 6,0.0,0.0,0.0,0.0,0.0,0.0,0.0,0.0,0.0,0.0,0
GL7 7,0.0,0.0,0.0,0.0,0.0,0.0,0.0,0.0,0.0,0.0,0
GL7 9,0.0,0.0,0.0,0.0,0.0,0.0,0.0,0.0,0.0,0.0,0
GL8 0,0.0,0.0,0.0,0.0,0.0,0.0,0.0,0.0,0.0,0.0,0
GL8 8,0.0,0.0,0.0,0.0,0.0,0.0,0.0,0.0,0.0,0.0,0
GL9 1,0.0,0.0,0.0,0.0,0.0,0.0,0.0,0.0,0.0,0.0,0
GU1 1,0.0,0.0,0.0,0.0,0.0,0.0,0.0,0.0,0.0,0.0,0
GU1 2,0.0,0.0,0.0,0.0,0.0,0.0,0.0,0.0,0.0,0.0,0
GU1 3,0.0,0.0,0.0,0.0,0.0,0.0,0.0,0.0,0.0,0.0,0
GU1 4,0.0,0.0,0.0,0.0,0.0,0.0,0.0,0.0,0.0,0.0,0
GU1 9,0.0,0.0,0.0,0.0,0.0,0.0,0.0,0.0,0.0,0.0,0
GU10 1,0.0,0.0,0.0,0.0,0.0,0.0,0.0,0.0,0.0,0.0,0
GU10 2,0.0,0.0,0.0,0.0,0.0,0.0,0.0,0.0,0.0,0.0,0
GU10 3,0.0,0.0,0.0,0.0,0.0,0.0,0.0,0.0,0.0,0.0,0
GU10 4,0.0,0.0,0.0,0.0,0.0,0.0,0.0,0.0,0.0,0.0,0
GU10 5,0.0,0.0,0.0,0.0,0.0,0.0,0.0,0.0,0.0,0.0,0
GU11 1,0.0,0.0,0.0,0.0,0.0,0.0,0.0,0.0,0.0,0.0,0
GU11 2,0.0,0.0,0.0,0.0,0.0,0.0,0.0,0.0,0.0,0.0,0
GU11 3,0.0,0.0,0.0,0.0,0.0,0.0,0.0,0.0,0.0,0.0,0
GU11 4,0.0,0.0,0.0,0.0,0.0,0.0,0.0,0.0,0.0,0.0,0
GU11 9,0.0,0.0,0.0,0.0,0.0,0.0,0.0,0.0,0.0,0.0,0
GU12 4,0.0,0.0,0.0,0.0,0.0,0.0,0.0,0.0,0.0,0.0,0
GU12 5,0.0,0.0,0.0,0.0,0.0,0.0,0.0,0.0,0.0,0.0,0
GU12 6,0.0,0.0,0.0,0.0,0.0,0.0,0.0,0.0,0.0,0.0,0
GU14 0,0.0,0.0,0.0,0.0,0.0,0.0,0.0,0.0,0.0,0.0,0
GU14 4,0.0,0.0,0.0,0.0,0.0,0.0,0.0,0.0,0.0,0.0,0
GU14 6,0.0,0.0,0.0,0.0,0.0,0.0,0.0,0.0,0.0,0.0,0
GU14 7,0.0,0.0,0.0,0.0,0.0,0.0,0.0,0.0,0.0,0.0,0
GU14 8,0.0,0.0,0.0,0.0,0.0,0.0,0.0,0.0,0.0,0.0,0
GU14 9,0.0,0.0,0.0,0.0,0.0,0.0,0.0,0.0,0.0,0.0,0
GU15 1,0.0,0.0,0.0,0.0,0.0,0.0,0.0,0.0,0.0,0.0,0
GU15 2,0.0,0.0,0.0,0.0,0.0,0.0,0.0,0.0,0.0,0.0,0
GU15 3,0.0,0.0,0.0,0.0,0.0,0.0,0.0,0.0,0.0,0.0,0
GU15 4,0.0,0.0,0.0,0.0,0.0,0.0,0.0,0.0,0.0,0.0,0
GU15 9,0.0,0.0,0.0,0.0,0.0,0.0,0.0,0.0,0.0,0.0,0
GU16 6,0.0,0.0,0.0,0.0,0.0,0.0,0.0,0.0,0.0,0.0,0
GU16 7,0.0,0.0,0.0,0.0,0.0,0.0,0.0,0.0,0.0,0.0,0
GU16 8,0.0,0.0,0.0,0.0,0.0,0.0,0.0,0.0,0.0,0.0,0
GU16 9,0.0,0.0,0.0,0.0,0.0,0.0,0.0,0.0,0.0,0.0,0
GU17 0,0.0,0.0,0.0,0.0,0.0,0.0,0.0,0.0,0.0,0.0,0
GU17 9,0.0,0.0,0.0,0.0,0.0,0.0,0.0,0.0,0.0,0.0,0
GU18 5,0.0,0.0,0.0,0.0,0.0,0.0,0.0,0.0,0.0,0.0,0
GU19 5,0.0,0.0,0.0,0.0,0.0,0.0,0.0,0.0,0.0,0.0,0
GU2 4,0.0,0.0,0.0,0.0,0.0,0.0,0.0,0.0,0.0,0.0,0
GU2 7,0.0,0.0,0.0,0.0,0.0,0.0,0.0,0.0,0.0,0.0,0
GU2 8,0.0,0.0,0.0,0.0,0.0,0.0,0.0,0.0,0.0,0.0,0
GU2 9,0.0,0.0,0.0,0.0,0.0,0.0,0.0,0.0,0.0,0.0,0
GU20 6,0.0,0.0,0.0,0.0,0.0,0.0,0.0,0.0,0.0,0.0,0
GU21 2,0.0,0.0,0.0,0.0,0.0,0.0,0.0,0.0,0.0,0.0,0
GU21 3,0.0,0.0,0.0,0.0,0.0,0.0,0.0,0.0,0.0,0.0,0
GU21 4,0.0,0.0,0.0,0.0,0.0,0.0,0.0,0.0,0.0,0.0,0
GU21 5,0.0,0.0,0.0,0.0,0.0,0.0,0.0,0.0,0.0,0.0,0
GU21 6,0.0,0.0,0.0,0.0,0.0,0.0,0.0,0.0,0.0,0.0,0
GU21 7,0.0,0.0,0.0,0.0,0.0,0.0,0.0,0.0,0.0,0.0,0
GU21 8,0.0,0.0,0.0,0.0,0.0,0.0,0.0,0.0,0.0,0.0,0
GU21 9,0.0,0.0,0.0,0.0,0.0,0.0,0.0,0.0,0.0,0.0,0
GU22 0,0.0,0.0,0.0,0.0,0.0,0.0,0.0,0.0,0.0,0.0,0
GU22 2,0.0,0.0,0.0,0.0,0.0,0.0,0.0,0.0,0.0,0.0,0
GU22 7,0.0,0.0,0.0,0.0,0.0,0.0,0.0,0.0,0.0,0.0,0
GU22 8,0.0,0.0,0.0,0.0,0.0,0.0,0.0,0.0,0.0,0.0,0
GU22 9,0.0,0.0,0.0,0.0,0.0,0.0,0.0,0.0,0.0,0.0,0
GU23 6,0.0,0.0,0.0,0.0,0.0,0.0,0.0,0.0,0.0,0.0,0
GU23 7,0.0,0.0,0.0,0.0,0.0,0.0,0.0,0.0,0.0,0.0,0
GU24 0,0.0,0.0,0.0,0.0,0.0,0.0,0.0,0.0,0.0,0.0,0
GU24 8,0.0,0.0,0.0,0.0,0.0,0.0,0.0,0.0,0.0,0.0,0
GU24 9,0.0,0.0,0.0,0.0,0.0,0.0,0.0,0.0,0.0,0.0,0
GU25 4,0.0,0.0,0.0,0.0,0.0,0.0,0.0,0.0,0.0,0.0,0
GU25 9,0.0,0.0,0.0,0.0,0.0,0.0,0.0,0.0,0.0,0.0,0
GU26 6,0.0,0.0,0.0,0.0,0.0,0.0,0.0,0.0,0.0,0.0,0
GU27 1,0.0,0.0,0.0,0.0,0.0,0.0,0.0,0.0,0.0,0.0,0
GU27 2,0.0,0.0,0.0,0.0,0.0,0.0,0.0,0.0,0.0,0.0,0
GU27 3,0.0,0.0,0.0,0.0,0.0,0.0,0.0,0.0,0.0,0.0,0
GU27 9,0.0,0.0,0.0,0.0,0.0,0.0,0.0,0.0,0.0,0.0,0
GU28 0,0.0,0.0,0.0,0.0,0.0,0.0,0.0,0.0,0.0,0.0,0
GU28 8,0.0,0.0,0.0,0.0,0.0,0.0,0.0,0.0,0.0,0.0,0
GU28 9,0.0,0.0,0.0,0.0,0.0,0.0,0.0,0.0,0.0,0.0,0
GU29 0,0.0,0.0,0.0,0.0,0.0,0.0,0.0,0.0,0.0,0.0,0
GU29 1,0.0,0.0,0.0,0.0,0.0,0.0,0.0,0.0,0.0,0.0,0
GU29 9,0.0,0.0,0.0,0.0,0.0,0.0,0.0,0.0,0.0,0.0,0
GU3 1,0.0,0.0,0.0,0.0,0.0,0.0,0.0,0.0,0.0,0.0,0
GU3 2,0.0,0.0,0.0,0.0,0.0,0.0,0.0,0.0,0.0,0.0,0
GU3 3,0.0,0.0,0.0,0.0,0.0,0.0,0.0,0.0,0.0,0.0,0
GU30 7,0.0,0.0,0.0,0.0,0.0,0.0,0.0,0.0,0.0,0.0,0
GU30 9,0.0,0.0,0.0,0.0,0.0,0.0,0.0,0.0,0.0,0.0,0
GU31 4,0.0,0.0,0.0,0.0,0.0,0.0,0.0,0.0,0.0,0.0,0
GU31 5,0.0,0.0,0.0,0.0,0.0,0.0,0.0,0.0,0.0,0.0,0
GU32 1,0.0,0.0,0.0,0.0,0.0,0.0,0.0,0.0,0.0,0.0,0
GU32 2,0.0,0.0,0.0,0.0,0.0,0.0,0.0,0.0,0.0,0.0,0
GU32 3,0.0,0.0,0.0,0.0,0.0,0.0,0.0,0.0,0.0,0.0,0
GU32 9,0.0,0.0,0.0,0.0,0.0,0.0,0.0,0.0,0.0,0.0,0
GU33 6,0.0,0.0,0.0,0.0,0.0,0.0,0.0,0.0,0.0,0.0,0
GU33 7,0.0,0.0,0.0,0.0,0.0,0.0,0.0,0.0,0.0,0.0,0
GU34 1,0.0,0.0,0.0,0.0,0.0,0.0,0.0,0.0,0.0,0.0,0
GU34 2,0.0,0.0,0.0,0.0,0.0,0.0,0.0,0.0,0.0,0.0,0
GU34 3,0.0,0.0,0.0,0.0,0.0,0.0,0.0,0.0,0.0,0.0,0
GU34 4,0.0,0.0,0.0,0.0,0.0,0.0,0.0,0.0,0.0,0.0,0
GU34 5,0.0,0.0,0.0,0.0,0.0,0.0,0.0,0.0,0.0,0.0,0
GU34 9,0.0,0.0,0.0,0.0,0.0,0.0,0.0,0.0,0.0,0.0,0
GU35 0,0.0,0.0,0.0,0.0,0.0,0.0,0.0,0.0,0.0,0.0,0
GU35 5,0.0,0.0,0.0,0.0,0.0,0.0,0.0,0.0,0.0,0.0,0
GU35 8,0.0,0.0,0.0,0.0,0.0,0.0,0.0,0.0,0.0,0.0,0
GU35 9,0.0,0.0,0.0,0.0,0.0,0.0,0.0,0.0,0.0,0.0,0
GU4 7,0.0,0.0,0.0,0.0,0.0,0.0,0.0,0.0,0.0,0.0,0
GU4 8,0.0,0.0,0.0,0.0,0.0,0.0,0.0,0.0,0.0,0.0,0
GU46 6,0.0,0.0,0.0,0.0,0.0,0.0,0.0,0.0,0.0,0.0,0
GU46 7,0.0,0.0,0.0,0.0,0.0,0.0,0.0,0.0,0.0,0.0,0
GU47 0,0.0,0.0,0.0,0.0,0.0,0.0,0.0,0.0,0.0,0.0,0
GU47 7,0.0,0.0,0.0,0.0,0.0,0.0,0.0,0.0,0.0,0.0,0
GU47 8,0.0,0.0,0.0,0.0,0.0,0.0,0.0,0.0,0.0,0.0,0
GU47 9,0.0,0.0,0.0,0.0,0.0,0.0,0.0,0.0,0.0,0.0,0
GU5 0,0.0,0.0,0.0,0.0,0.0,0.0,0.0,0.0,0.0,0.0,0
GU5 9,0.0,0.0,0.0,0.0,0.0,0.0,0.0,0.0,0.0,0.0,0
GU51 1,0.0,0.0,0.0,0.0,0.0,0.0,0.0,0.0,0.0,0.0,0
GU51 2,0.0,0.0,0.0,0.0,0.0,0.0,0.0,0.0,0.0,0.0,0
GU51 3,0.0,0.0,0.0,0.0,0.0,0.0,0.0,0.0,0.0,0.0,0
GU51 4,0.0,0.0,0.0,0.0,0.0,0.0,0.0,0.0,0.0,0.0,0
GU51 5,0.0,0.0,0.0,0.0,0.0,0.0,0.0,0.0,0.0,0.0,0
GU51 9,0.0,0.0,0.0,0.0,0.0,0.0,0.0,0.0,0.0,0.0,0
GU52 0,0.0,0.0,0.0,0.0,0.0,0.0,0.0,0.0,0.0,0.0,0
GU52 6,0.0,0.0,0.0,0.0,0.0,0.0,0.0,0.0,0.0,0.0,0
GU52 7,0.0,0.0,0.0,0.0,0.0,0.0,0.0,0.0,0.0,0.0,0
GU52 8,0.0,0.0,0.0,0.0,0.0,0.0,0.0,0.0,0.0,0.0,0
GU52 9,0.0,0.0,0.0,0.0,0.0,0.0,0.0,0.0,0.0,0.0,0
GU6 7,0.0,0.0,0.0,0.0,0.0,0.0,0.0,0.0,0.0,0.0,0
GU6 8,0.0,0.0,0.0,0.0,0.0,0.0,0.0,0.0,0.0,0.0,0
GU6 9,0.0,0.0,0.0,0.0,0.0,0.0,0.0,0.0,0.0,0.0,0
GU7 1,0.0,0.0,0.0,0.0,0.0,0.0,0.0,0.0,0.0,0.0,0
GU7 2,0.0,0.0,0.0,0.0,0.0,0.0,0.0,0.0,0.0,0.0,0
GU7 3,0.0,0.0,0.0,0.0,0.0,0.0,0.0,0.0,0.0,0.0,0
GU7 9,0.0,0.0,0.0,0.0,0.0,0.0,0.0,0.0,0.0,0.0,0
GU8 4,0.0,0.0,0.0,0.0,0.0,0.0,0.0,0.0,0.0,0.0,0
GU8 5,0.0,0.0,0.0,0.0,0.0,0.0,0.0,0.0,0.0,0.0,0
GU8 6,0.0,0.0,0.0,0.0,0.0,0.0,0.0,0.0,0.0,0.0,0
GU9 0,0.0,0.0,0.0,0.0,0.0,0.0,0.0,0.0,0.0,0.0,0
GU9 1,0.0,0.0,0.0,0.0,0.0,0.0,0.0,0.0,0.0,0.0,0
GU9 7,0.0,0.0,0.0,0.0,0.0,0.0,0.0,0.0,0.0,0.0,0
GU9 8,0.0,0.0,0.0,0.0,0.0,0.0,0.0,0.0,0.0,0.0,0
GU9 9,0.0,0.0,0.0,0.0,0.0,0.0,0.0,0.0,0.0,0.0,0
HA0 1,0.0,0.0,0.0,0.0,0.0,0.0,0.0,0.0,0.0,0.0,0
HA0 2,0.0,0.0,0.0,0.0,0.0,0.0,0.0,0.0,0.0,0.0,0
HA0 3,0.0,0.0,0.0,0.0,0.0,0.0,0.0,0.0,0.0,0.0,0
HA0 4,0.0,0.0,0.0,0.0,0.0,0.0,0.0,0.0,0.0,0.0,0
HA0 9,0.0,0.0,0.0,0.0,0.0,0.0,0.0,0.0,0.0,0.0,0
HA1 1,0.0,0.0,0.0,0.0,0.0,0.0,0.0,0.0,0.0,0.0,0
HA1 2,0.0,0.0,0.0,0.0,0.0,0.0,0.0,0.0,0.0,0.0,0
HA1 3,0.0,0.0,0.0,0.0,0.0,0.0,0.0,0.0,0.0,0.0,0
HA1 4,0.0,0.0,0.0,0.0,0.0,0.0,0.0,0.0,0.0,0.0,0
HA1 9,0.0,0.0,0.0,0.0,0.0,0.0,0.0,0.0,0.0,0.0,0
HA2 0,0.0,0.0,0.0,0.0,0.0,0.0,0.0,0.0,0.0,0.0,0
HA2 6,0.0,0.0,0.0,0.0,0.0,0.0,0.0,0.0,0.0,0.0,0
HA2 7,0.0,0.0,0.0,0.0,0.0,0.0,0.0,0.0,0.0,0.0,0
HA2 8,0.0,0.0,0.0,0.0,0.0,0.0,0.0,0.0,0.0,0.0,0
HA2 9,0.0,0.0,0.0,0.0,0.0,0.0,0.0,0.0,0.0,0.0,0
HA3 0,0.0,0.0,0.0,0.0,0.0,0.0,0.0,0.0,0.0,0.0,0
HA3 5,0.0,0.0,0.0,0.0,0.0,0.0,0.0,0.0,0.0,0.0,0
HA3 6,0.0,0.0,0.0,0.0,0.0,0.0,0.0,0.0,0.0,0.0,0
HA3 7,0.0,0.0,0.0,0.0,0.0,0.0,0.0,0.0,0.0,0.0,0
HA3 8,0.0,0.0,0.0,0.0,0.0,0.0,0.0,0.0,0.0,0.0,0
HA3 9,0.0,0.0,0.0,0.0,0.0,0.0,0.0,0.0,0.0,0.0,0
HA4 0,0.0,0.0,0.0,0.0,0.0,0.0,0.0,0.0,0.0,0.0,0
HA4 4,0.0,0.0,0.0,0.0,0.0,0.0,0.0,0.0,0.0,0.0,0
HA4 6,0.0,0.0,0.0,0.0,0.0,0.0,0.0,0.0,0.0,0.0,0
HA4 7,0.0,0.0,0.0,0.0,0.0,0.0,0.0,0.0,0.0,0.0,0
HA4 8,0.0,0.0,0.0,0.0,0.0,0.0,0.0,0.0,0.0,0.0,0
HA4 9,0.0,0.0,0.0,0.0,0.0,0.0,0.0,0.0,0.0,0.0,0
HA5 1,0.0,0.0,0.0,0.0,0.0,0.0,0.0,0.0,0.0,0.0,0
HA5 2,0.0,0.0,0.0,0.0,0.0,0.0,0.0,0.0,0.0,0.0,0
HA5 3,0.0,0.0,0.0,0.0,0.0,0.0,0.0,0.0,0.0,0.0,0
HA5 4,0.0,0.0,0.0,0.0,0.0,0.0,0.0,0.0,0.0,0.0,0
HA5 5,0.0,0.0,0.0,0.0,0.0,0.0,0.0,0.0,0.0,0.0,0
HA5 9,0.0,0.0,0.0,0.0,0.0,0.0,0.0,0.0,0.0,0.0,0
HA6 1,0.0,0.0,0.0,0.0,0.0,0.0,0.0,0.0,0.0,0.0,0
HA6 2,0.0,0.0,0.0,0.0,0.0,0.0,0.0,0.0,0.0,0.0,0
HA6 3,0.0,0.0,0.0,0.0,0.0,0.0,0.0,0.0,0.0,0.0,0
HA6 9,0.0,0.0,0.0,0.0,0.0,0.0,0.0,0.0,0.0,0.0,0
HA7 1,0.0,0.0,0.0,0.0,0.0,0.0,0.0,0.0,0.0,0.0,0
HA7 2,0.0,0.0,0.0,0.0,0.0,0.0,0.0,0.0,0.0,0.0,0
HA7 3,0.0,0.0,0.0,0.0,0.0,0.0,0.0,0.0,0.0,0.0,0
HA7 4,0.0,0.0,0.0,0.0,0.0,0.0,0.0,0.0,0.0,0.0,0
HA7 9,0.0,0.0,0.0,0.0,0.0,0.0,0.0,0.0,0.0,0.0,0
HA8 0,0.0,0.0,0.0,0.0,0.0,0.0,0.0,0.0,0.0,0.0,0
HA8 4,0.0,0.0,0.0,0.0,0.0,0.0,0.0,0.0,0.0,0.0,0
HA8 5,0.0,0.0,0.0,0.0,0.0,0.0,0.0,0.0,0.0,0.0,0
HA8 6,0.0,0.0,0.0,0.0,0.0,0.0,0.0,0.0,0.0,0.0,0
HA8 7,0.0,0.0,0.0,0.0,0.0,0.0,0.0,0.0,0.0,0.0,0
HA8 8,0.0,0.0,0.0,0.0,0.0,0.0,0.0,0.0,0.0,0.0,0
HA8 9,0.0,0.0,0.0,0.0,0.0,0.0,0.0,0.0,0.0,0.0,0
HA9 0,0.0,0.0,0.0,0.0,0.0,0.0,0.0,0.0,0.0,0.0,0
HA9 1,0.0,0.0,0.0,0.0,0.0,0.0,0.0,0.0,0.0,0.0,0
HA9 6,0.0,0.0,0.0,0.0,0.0,0.0,0.0,0.0,0.0,0.0,0
HA9 7,0.0,0.0,0.0,0.0,0.0,0.0,0.0,0.0,0.0,0.0,0
HA9 8,0.0,0.0,0.0,0.0,0.0,0.0,0.0,0.0,0.0,0.0,0
HA9 9,0.0,0.0,0.0,0.0,0.0,0.0,0.0,0.0,0.0,0.0,0
HD1 1,0.0,0.0,0.0,0.0,0.0,0.0,0.0,0.0,0.0,0.0,0
HD1 2,0.0,0.0,0.0,0.0,0.0,0.0,0.0,0.0,0.0,0.0,0
HD1 3,0.0,0.0,0.0,0.0,0.0,0.0,0.0,0.0,0.0,0.0,0
HD1 4,0.0,0.0,0.0,0.0,0.0,0.0,0.0,0.0,0.0,0.0,0
HD1 5,0.0,0.0,0.0,0.0,0.0,0.0,0.0,0.0,0.0,0.0,0
HD1 6,0.0,0.0,0.0,0.0,0.0,0.0,0.0,0.0,0.0,0.0,0
HD1 9,0.0,0.0,0.0,0.0,0.0,0.0,0.0,0.0,0.0,0.0,0
HD2 1,0.0,0.0,0.0,0.0,0.0,0.0,0.0,0.0,0.0,0.0,0
HD2 2,0.0,0.0,0.0,0.0,0.0,0.0,0.0,0.0,0.0,0.0,0
HD3 2,0.0,0.0,0.0,0.0,0.0,0.0,0.0,0.0,0.0,0.0,0
HD3 3,0.0,0.0,0.0,0.0,0.0,0.0,0.0,0.0,0.0,0.0,0
HD3 4,0.0,0.0,0.0,0.0,0.0,0.0,0.0,0.0,0.0,0.0,0
HD4 5,0.0,0.0,0.0,0.0,0.0,0.0,0.0,0.0,0.0,0.0,0
HD4 6,0.0,0.0,0.0,0.0,0.0,0.0,0.0,0.0,0.0,0.0,0
HD4 7,0.0,0.0,0.0,0.0,0.0,0.0,0.0,0.0,0.0,0.0,0
HD5 0,0.0,0.0,0.0,0.0,0.0,0.0,0.0,0.0,0.0,0.0,0
HD5 8,0.0,0.0,0.0,0.0,0.0,0.0,0.0,0.0,0.0,0.0,0
HD5 9,0.0,0.0,0.0,0.0,0.0,0.0,0.0,0.0,0.0,0.0,0
HD6 1,0.0,0.0,0.0,0.0,0.0,0.0,0.0,0.0,0.0,0.0,0
HD6 2,0.0,0.0,0.0,0.0,0.0,0.0,0.0,0.0,0.0,0.0,0
HD6 3,0.0,0.0,0.0,0.0,0.0,0.0,0.0,0.0,0.0,0.0,0
HD6 4,0.0,0.0,0.0,0.0,0.0,0.0,0.0,0.0,0.0,0.0,0
HD6 9,0.0,0.0,0.0,0.0,0.0,0.0,0.0,0.0,0.0,0.0,0
HD7 4,0.0,0.0,0.0,0.0,0.0,0.0,0.0,0.0,0.0,0.0,0
HD7 5,0.0,0.0,0.0,0.0,0.0,0.0,0.0,0.0,0.0,0.0,0
HD7 6,0.0,0.0,0.0,0.0,0.0,0.0,0.0,0.0,0.0,0.0,0
HD7 9,0.0,0.0,0.0,0.0,0.0,0.0,0.0,0.0,0.0,0.0,0
HD8 0,0.0,0.0,0.0,0.0,0.0,0.0,0.0,0.0,0.0,0.0,0
HD8 1,0.0,0.0,0.0,0.0,0.0,0.0,0.0,0.0,0.0,0.0,0
HD8 8,0.0,0.0,0.0,0.0,0.0,0.0,0.0,0.0,0.0,0.0,0
HD8 9,0.0,0.0,0.0,0.0,0.0,0.0,0.0,0.0,0.0,0.0,0
HD9 1,0.0,0.0,0.0,0.0,0.0,0.0,0.0,0.0,0.0,0.0,0
HD9 2,0.0,0.0,0.0,0.0,0.0,0.0,0.0,0.0,0.0,0.0,0
HD9 3,0.0,0.0,0.0,0.0,0.0,0.0,0.0,0.0,0.0,0.0,0
HD9 4,0.0,0.0,0.0,0.0,0.0,0.0,0.0,0.0,0.0,0.0,0
HD9 5,0.0,0.0,0.0,0.0,0.0,0.0,0.0,0.0,0.0,0.0,0
HD9 6,0.0,0.0,0.0,0.0,0.0,0.0,0.0,0.0,0.0,0.0,0
HD9 7,0.0,0.0,0.0,0.0,0.0,0.0,0.0,0.0,0.0,0.0,0
HD9 9,0.0,0.0,0.0,0.0,0.0,0.0,0.0,0.0,0.0,0.0,0
HG1 1,0.0,0.0,0.0,0.0,0.0,0.0,0.0,0.0,0.0,0.0,0
HG1 2,0.0,0.0,0.0,0.0,0.0,0.0,0.0,0.0,0.0,0.0,0
HG1 3,0.0,0.0,0.0,0.0,0.0,0.0,0.0,0.0,0.0,0.0,0
HG1 4,0.0,0.0,0.0,0.0,0.0,0.0,0.0,0.0,0.0,0.0,0
HG1 5,0.0,0.0,0.0,0.0,0.0,0.0,0.0,0.0,0.0,0.0,0
HG1 9,0.0,0.0,0.0,0.0,0.0,0.0,0.0,0.0,0.0,0.0,0
HG2 0,0.0,0.0,0.0,0.0,0.0,0.0,0.0,0.0,0.0,0.0,0
HG2 7,0.0,0.0,0.0,0.0,0.0,0.0,0.0,0.0,0.0,0.0,0
HG2 8,0.0,0.0,0.0,0.0,0.0,0.0,0.0,0.0,0.0,0.0,0
HG2 9,0.0,0.0,0.0,0.0,0.0,0.0,0.0,0.0,0.0,0.0,0
HG3 1,0.0,0.0,0.0,0.0,0.0,0.0,0.0,0.0,0.0,0.0,0
HG3 2,0.0,0.0,0.0,0.0,0.0,0.0,0.0,0.0,0.0,0.0,0
HG3 3,0.0,0.0,0.0,0.0,0.0,0.0,0.0,0.0,0.0,0.0,0
HG3 4,0.0,0.0,0.0,0.0,0.0,0.0,0.0,0.0,0.0,0.0,0
HG3 5,0.0,0.0,0.0,0.0,0.0,0.0,0.0,0.0,0.0,0.0,0
HG4 1,0.0,0.0,0.0,0.0,0.0,0.0,0.0,0.0,0.0,0.0,0
HG4 2,0.0,0.0,0.0,0.0,0.0,0.0,0.0,0.0,0.0,0.0,0
HG4 3,0.0,0.0,0.0,0.0,0.0,0.0,0.0,0.0,0.0,0.0,0
HG4 4,0.0,0.0,0.0,0.0,0.0,0.0,0.0,0.0,0.0,0.0,0
HG4 5,0.0,0.0,0.0,0.0,0.0,0.0,0.0,0.0,0.0,0.0,0
HG5 0,0.0,0.0,0.0,0.0,0.0,0.0,0.0,0.0,0.0,0.0,0
HG5 5,0.0,0.0,0.0,0.0,0.0,0.0,0.0,0.0,0.0,0.0,0
HG5 8,0.0,0.0,0.0,0.0,0.0,0.0,0.0,0.0,0.0,0.0,0
HG5 9,0.0,0.0,0.0,0.0,0.0,0.0,0.0,0.0,0.0,0.0,0
HP1 1,0.0,0.0,0.0,0.0,0.0,0.0,0.0,0.0,0.0,0.0,0
HP1 2,0.0,0.0,0.0,0.0,0.0,0.0,0.0,0.0,0.0,0.0,0
HP1 3,0.0,0.0,0.0,0.0,0.0,0.0,0.0,0.0,0.0,0.0,0
HP10 0,0.0,0.0,0.0,0.0,0.0,0.0,0.0,0.0,0.0,0.0,0
HP10 8,0.0,0.0,0.0,0.0,0.0,0.0,0.0,0.0,0.0,0.0,0
HP10 9,0.0,0.0,0.0,0.0,0.0,0.0,0.0,0.0,0.0,0.0,0
HP11 1,0.0,0.0,0.0,0.0,0.0,0.0,0.0,0.0,0.0,0.0,0
HP11 2,0.0,0.0,0.0,0.0,0.0,0.0,0.0,0.0,0.0,0.0,0
HP11 9,0.0,0.0,0.0,0.0,0.0,0.0,0.0,0.0,0.0,0.0,0
HP12 3,0.0,0.0,0.0,0.0,0.0,0.0,0.0,0.0,0.0,0.0,0
HP12 4,0.0,0.0,0.0,0.0,0.0,0.0,0.0,0.0,0.0,0.0,0
HP12 9,0.0,0.0,0.0,0.0,0.0,0.0,0.0,0.0,0.0,0.0,0
HP13 5,0.0,0.0,0.0,0.0,0.0,0.0,0.0,0.0,0.0,0.0,0
HP13 6,0.0,0.0,0.0,0.0,0.0,0.0,0.0,0.0,0.0,0.0,0
HP13 7,0.0,0.0,0.0,0.0,0.0,0.0,0.0,0.0,0.0,0.0,0
HP14 3,0.0,0.0,0.0,0.0,0.0,0.0,0.0,0.0,0.0,0.0,0
HP14 4,0.0,0.0,0.0,0.0,0.0,0.0,0.0,0.0,0.0,0.0,0
HP15 6,0.0,0.0,0.0,0.0,0.0,0.0,0.0,0.0,0.0,0.0,0
HP15 7,0.0,0.0,0.0,0.0,0.0,0.0,0.0,0.0,0.0,0.0,0
HP16 0,0.0,0.0,0.0,0.0,0.0,0.0,0.0,0.0,0.0,0.0,0
HP16 6,0.0,0.0,0.0,0.0,0.0,0.0,0.0,0.0,0.0,0.0,0
HP16 9,0.0,0.0,0.0,0.0,0.0,0.0,0.0,0.0,0.0,0.0,0
HP17 0,0.0,0.0,0.0,0.0,0.0,0.0,0.0,0.0,0.0,0.0,0
HP17 8,0.0,0.0,0.0,0.0,0.0,0.0,0.0,0.0,0.0,0.0,0
HP17 9,0.0,0.0,0.0,0.0,0.0,0.0,0.0,0.0,0.0,0.0,0
HP18 0,0.0,0.0,0.0,0.0,0.0,0.0,0.0,0.0,0.0,0.0,0
HP18 1,0.0,0.0,0.0,0.0,0.0,0.0,0.0,0.0,0.0,0.0,0
HP18 9,0.0,0.0,0.0,0.0,0.0,0.0,0.0,0.0,0.0,0.0,0
HP19 0,0.0,0.0,0.0,0.0,0.0,0.0,0.0,0.0,0.0,0.0,0
HP19 7,0.0,0.0,0.0,0.0,0.0,0.0,0.0,0.0,0.0,0.0,0
HP19 8,0.0,0.0,0.0,0.0,0.0,0.0,0.0,0.0,0.0,0.0,0
HP19 9,0.0,0.0,0.0,0.0,0.0,0.0,0.0,0.0,0.0,0.0,0
HP2 4,0.0,0.0,0.0,0.0,0.0,0.0,0.0,0.0,0.0,0.0,0
HP2 5,0.0,0.0,0.0,0.0,0.0,0.0,0.0,0.0,0.0,0.0,0
HP2 6,0.0,0.0,0.0,0.0,0.0,0.0,0.0,0.0,0.0,0.0,0
HP2 7,0.0,0.0,0.0,0.0,0.0,0.0,0.0,0.0,0.0,0.0,0
HP20 1,0.0,0.0,0.0,0.0,0.0,0.0,0.0,0.0,0.0,0.0,0
HP20 2,0.0,0.0,0.0,0.0,0.0,0.0,0.0,0.0,0.0,0.0,0
HP20 9,0.0,0.0,0.0,0.0,0.0,0.0,0.0,0.0,0.0,0.0,0
HP21 7,0.0,0.0,0.0,0.0,0.0,0.0,0.0,0.0,0.0,0.0,0
HP21 8,0.0,0.0,0.0,0.0,0.0,0.0,0.0,0.0,0.0,0.0,0
HP21 9,0.0,0.0,0.0,0.0,0.0,0.0,0.0,0.0,0.0,0.0,0
HP22 0,0.0,0.0,0.0,0.0,0.0,0.0,0.0,0.0,0.0,0.0,0
HP22 3,0.0,0.0,0.0,0.0,0.0,0.0,0.0,0.0,0.0,0.0,0
HP22 4,0.0,0.0,0.0,0.0,0.0,0.0,0.0,0.0,0.0,0.0,0
HP22 5,0.0,0.0,0.0,0.0,0.0,0.0,0.0,0.0,0.0,0.0,0
HP22 6,0.0,0.0,0.0,0.0,0.0,0.0,0.0,0.0,0.0,0.0,0
HP22 7,0.0,0.0,0.0,0.0,0.0,0.0,0.0,0.0,0.0,0.0,0
HP22 9,0.0,0.0,0.0,0.0,0.0,0.0,0.0,0.0,0.0,0.0,0
HP23 4,0.0,0.0,0.0,0.0,0.0,0.0,0.0,0.0,0.0,0.0,0
HP23 5,0.0,0.0,0.0,0.0,0.0,0.0,0.0,0.0,0.0,0.0,0
HP23 6,0.0,0.0,0.0,0.0,0.0,0.0,0.0,0.0,0.0,0.0,0
HP23 9,0.0,0.0,0.0,0.0,0.0,0.0,0.0,0.0,0.0,0.0,0
HP27 0,0.0,0.0,0.0,0.0,0.0,0.0,0.0,0.0,0.0,0.0,0
HP27 9,0.0,0.0,0.0,0.0,0.0,0.0,0.0,0.0,0.0,0.0,0
HP3 0,0.0,0.0,0.0,0.0,0.0,0.0,0.0,0.0,0.0,0.0,0
HP3 8,0.0,0.0,0.0,0.0,0.0,0.0,0.0,0.0,0.0,0.0,0
HP3 9,0.0,0.0,0.0,0.0,0.0,0.0,0.0,0.0,0.0,0.0,0
HP4 1,0.0,0.0,0.0,0.0,0.0,0.0,0.0,0.0,0.0,0.0,0
HP4 2,0.0,0.0,0.0,0.0,0.0,0.0,0.0,0.0,0.0,0.0,0
HP4 3,0.0,0.0,0.0,0.0,0.0,0.0,0.0,0.0,0.0,0.0,0
HP4 9,0.0,0.0,0.0,0.0,0.0,0.0,0.0,0.0,0.0,0.0,0
HP5 1,0.0,0.0,0.0,0.0,0.0,0.0,0.0,0.0,0.0,0.0,0
HP5 2,0.0,0.0,0.0,0.0,0.0,0.0,0.0,0.0,0.0,0.0,0
HP5 3,0.0,0.0,0.0,0.0,0.0,0.0,0.0,0.0,0.0,0.0,0
HP5 9,0.0,0.0,0.0,0.0,0.0,0.0,0.0,0.0,0.0,0.0,0
HP6 5,0.0,0.0,0.0,0.0,0.0,0.0,0.0,0.0,0.0,0.0,0
HP6 6,0.0,0.0,0.0,0.0,0.0,0.0,0.0,0.0,0.0,0.0,0
HP6 9,0.0,0.0,0.0,0.0,0.0,0.0,0.0,0.0,0.0,0.0,0
HP7 0,0.0,0.0,0.0,0.0,0.0,0.0,0.0,0.0,0.0,0.0,0
HP7 9,0.0,0.0,0.0,0.0,0.0,0.0,0.0,0.0,0.0,0.0,0
HP8 4,0.0,0.0,0.0,0.0,0.0,0.0,0.0,0.0,0.0,0.0,0
HP9 1,0.0,0.0,0.0,0.0,0.0,0.0,0.0,0.0,0.0,0.0,0
HP9 2,0.0,0.0,0.0,0.0,0.0,0.0,0.0,0.0,0.0,0.0,0
HP9 9,0.0,0.0,0.0,0.0,0.0,0.0,0.0,0.0,0.0,0.0,0
HR1 1,0.0,0.0,0.0,0.0,0.0,0.0,0.0,0.0,0.0,0.0,0
HR1 2,0.0,0.0,0.0,0.0,0.0,0.0,0.0,0.0,0.0,0.0,0
HR1 3,0.0,0.0,0.0,0.0,0.0,0.0,0.0,0.0,0.0,0.0,0
HR1 4,0.0,0.0,0.0,0.0,0.0,0.0,0.0,0.0,0.0,0.0,0
HR1 9,0.0,0.0,0.0,0.0,0.0,0.0,0.0,0.0,0.0,0.0,0
HR2 0,0.0,0.0,0.0,0.0,0.0,0.0,0.0,0.0,0.0,0.0,0
HR2 6,0.0,0.0,0.0,0.0,0.0,0.0,0.0,0.0,0.0,0.0,0
HR2 7,0.0,0.0,0.0,0.0,0.0,0.0,0.0,0.0,0.0,0.0,0
HR2 8,0.0,0.0,0.0,0.0,0.0,0.0,0.0,0.0,0.0,0.0,0
HR2 9,0.0,0.0,0.0,0.0,0.0,0.0,0.0,0.0,0.0,0.0,0
HR3 5,0.0,0.0,0.0,0.0,0.0,0.0,0.0,0.0,0.0,0.0,0
HR3 6,0.0,0.0,0.0,0.0,0.0,0.0,0.0,0.0,0.0,0.0,0
HR4 0,0.0,0.0,0.0,0.0,0.0,0.0,0.0,0.0,0.0,0.0,0
HR4 7,0.0,0.0,0.0,0.0,0.0,0.0,0.0,0.0,0.0,0.0,0
HR4 8,0.0,0.0,0.0,0.0,0.0,0.0,0.0,0.0,0.0,0.0,0
HR4 9,0.0,0.0,0.0,0.0,0.0,0.0,0.0,0.0,0.0,0.0,0
HR5 3,0.0,0.0,0.0,0.0,0.0,0.0,0.0,0.0,0.0,0.0,0
HR6 0,0.0,0.0,0.0,0.0,0.0,0.0,0.0,0.0,0.0,0.0,0
HR6 6,0.0,0.0,0.0,0.0,0.0,0.0,0.0,0.0,0.0,0.0,0
HR6 8,0.0,0.0,0.0,0.0,0.0,0.0,0.0,0.0,0.0,0.0,0
HR6 9,0.0,0.0,0.0,0.0,0.0,0.0,0.0,0.0,0.0,0.0,0
HR7 4,0.0,0.0,0.0,0.0,0.0,0.0,0.0,0.0,0.0,0.0,0
HR8 1,0.0,0.0,0.0,0.0,0.0,0.0,0.0,0.0,0.0,0.0,0
HR8 2,0.0,0.0,0.0,0.0,0.0,0.0,0.0,0.0,0.0,0.0,0
HR8 9,0.0,0.0,0.0,0.0,0.0,0.0,0.0,0.0,0.0,0.0,0
HR9 5,0.0,0.0,0.0,0.0,0.0,0.0,0.0,0.0,0.0,0.0,0
HR9 6,0.0,0.0,0.0,0.0,0.0,0.0,0.0,0.0,0.0,0.0,0
HR9 7,0.0,0.0,0.0,0.0,0.0,0.0,0.0,0.0,0.0,0.0,0
HR9 9,0.0,0.0,0.0,0.0,0.0,0.0,0.0,0.0,0.0,0.0,0
HS1 2,0.0,0.0,0.0,0.0,0.0,0.0,0.0,0.0,0.0,0.0,0
HS1 9,0.0,0.0,0.0,0.0,0.0,0.0,0.0,0.0,0.0,0.0,0
HS2 0,0.0,0.0,0.0,0.0,0.0,0.0,0.0,0.0,0.0,0.0,0
HS2 9,0.0,0.0,0.0,0.0,0.0,0.0,0.0,0.0,0.0,0.0,0
HS3 3,0.0,0.0,0.0,0.0,0.0,0.0,0.0,0.0,0.0,0.0,0
HS4 3,0.0,0.0,0.0,0.0,0.0,0.0,0.0,0.0,0.0,0.0,0
HS5 3,0.0,0.0,0.0,0.0,0.0,0.0,0.0,0.0,0.0,0.0,0
HS6 5,0.0,0.0,0.0,0.0,0.0,0.0,0.0,0.0,0.0,0.0,0
HS7 5,0.0,0.0,0.0,0.0,0.0,0.0,0.0,0.0,0.0,0.0,0
HS8 5,0.0,0.0,0.0,0.0,0.0,0.0,0.0,0.0,0.0,0.0,0
HS9 5,0.0,0.0,0.0,0.0,0.0,0.0,0.0,0.0,0.0,0.0,0
HU1 1,0.0,0.0,0.0,0.0,0.0,0.0,0.0,0.0,0.0,0.0,0
HU1 2,0.0,0.0,0.0,0.0,0.0,0.0,0.0,0.0,0.0,0.0,0
HU1 3,0.0,0.0,0.0,0.0,0.0,0.0,0.0,0.0,0.0,0.0,0
HU1 4,0.0,0.0,0.0,0.0,0.0,0.0,0.0,0.0,0.0,0.0,0
HU10 6,0.0,0.0,0.0,0.0,0.0,0.0,0.0,0.0,0.0,0.0,0
HU10 7,0.0,0.0,0.0,0.0,0.0,0.0,0.0,0.0,0.0,0.0,0
HU11 4,0.03417856,0.16858739,0.02850398,0.13093344,0.05694721,0.20545077,0.04648373,0.15803586,0.0,21568691.8,1
HU11 5,0.0,0.0,0.0,0.0,0.0,0.0,0.0,0.0,0.0,0.0,0
HU12 0,0.0078052,0.03807081,0.00866831,0.04730441,0.01312681,0.04549789,0.01694731,0.05646001,0.0,9714822.8,1
HU12 8,0.0,0.0,0.0,0.0,0.0,0.0,0.0,0.0,0.0,0.0,0
HU12 9,0.0,0.0,0.0,0.0,0.0,0.0,0.0,0.0,0.0,0.0,0
HU13 0,0.0,0.0,0.0,0.0,0.0,0.0,0.0,0.0,0.0,0.0,0
HU13 3,0.0,0.0,0.0,0.0,0.0,0.0,0.0,0.0,0.0,0.0,0
HU13 9,0.0,0.0,0.0,0.0,0.0,0.0,0.0,0.0,0.0,0.0,0
HU14 3,0.0,0.0,0.0,0.0,0.0,0.0,0.0,0.0,0.0,0.0,0
HU15 1,0.0,0.0,0.0,0.0,0.0,0.0,0.0,0.0,0.0,0.0,0
HU15 2,0.0,0.0,0.0,0.0,0.0,0.0,0.0,0.0,0.0,0.0,0
HU16 4,0.0,0.0,0.0,0.0,0.0,0.0,0.0,0.0,0.0,0.0,0
HU16 5,0.0,0.0,0.0,0.0,0.0,0.0,0.0,0.0,0.0,0.0,0
HU17 0,0.0,0.0,0.0,0.0,0.0,0.0,0.0,0.0,0.0,0.0,0
HU17 5,0.0,0.0,0.0,0.0,0.0,0.0,0.0,0.0,0.0,0.0,0
HU17 6,0.0,0.0,0.0,0.0,0.0,0.0,0.0,0.0,0.0,0.0,0
HU17 7,0.0,0.0,0.0,0.0,0.0,0.0,0.0,0.0,0.0,0.0,0
HU17 8,0.0,0.0,0.0,0.0,0.0,0.0,0.0,0.0,0.0,0.0,0
HU17 9,0.0,0.0,0.0,0.0,0.0,0.0,0.0,0.0,0.0,0.0,0
HU18 1,0.04589021,0.23349133,0.13516401,0.53706964,0.07761843,0.28647686,0.21564444,0.64194277,0.0,7470192.9,1
HU19 2,0.04599631,0.28241512,0.07247656,0.3254271,0.09772536,0.34589057,0.12961872,0.38970064,0.0,16146793.4,1
HU2 0,0.0,0.0,0.0,0.0,0.0,0.0,0.0,0.0,0.0,0.0,0
HU2 8,0.0,0.0,0.0,0.0,0.0,0.0,0.0,0.0,0.0,0.0,0
HU2 9,0.0,0.0,0.0,0.0,0.0,0.0,0.0,0.0,0.0,0.0,0
HU20 3,0.0,0.0,0.0,0.0,0.0,0.0,0.0,0.0,0.0,0.0,0
HU3 1,0.0,0.0,0.0,0.0,0.0,0.0,0.0,0.0,0.0,0.0,0
HU3 2,0.0,0.0,0.0,0.0,0.0,0.0,0.0,0.0,0.0,0.0,0
HU3 3,0.0,0.0,0.0,0.0,0.0,0.0,0.0,0.0,0.0,0.0,0
HU3 4,0.0,0.0,0.0,0.0,0.0,0.0,0.0,0.0,0.0,0.0,0
HU3 5,0.0,0.0,0.0,0.0,0.0,0.0,0.0,0.0,0.0,0.0,0
HU3 6,0.0,0.0,0.0,0.0,0.0,0.0,0.0,0.0,0.0,0.0,0
HU4 6,0.0,0.0,0.0,0.0,0.0,0.0,0.0,0.0,0.0,0.0,0
HU4 7,0.0,0.0,0.0,0.0,0.0,0.0,0.0,0.0,0.0,0.0,0
HU5 1,0.0,0.0,0.0,0.0,0.0,0.0,0.0,0.0,0.0,0.0,0
HU5 2,0.0,0.0,0.0,0.0,0.0,0.0,0.0,0.0,0.0,0.0,0
HU5 3,0.0,0.0,0.0,0.0,0.0,0.0,0.0,0.0,0.0,0.0,0
HU5 4,0.0,0.0,0.0,0.0,0.0,0.0,0.0,0.0,0.0,0.0,0
HU5 5,0.0,0.0,0.0,0.0,0.0,0.0,0.0,0.0,0.0,0.0,0
HU6 0,0.0,0.0,0.0,0.0,0.0,0.0,0.0,0.0,0.0,0.0,0
HU6 7,0.0,0.0,0.0,0.0,0.0,0.0,0.0,0.0,0.0,0.0,0
HU6 8,0.0,0.0,0.0,0.0,0.0,0.0,0.0,0.0,0.0,0.0,0
HU6 9,0.0,0.0,0.0,0.0,0.0,0.0,0.0,0.0,0.0,0.0,0
HU7 0,0.0,0.0,0.0,0.0,0.0,0.0,0.0,0.0,0.0,0.0,0
HU7 3,0.0,0.0,0.0,0.0,0.0,0.0,0.0,0.0,0.0,0.0,0
HU7 4,0.0,0.0,0.0,0.0,0.0,0.0,0.0,0.0,0.0,0.0,0
HU7 5,0.0,0.0,0.0,0.0,0.0,0.0,0.0,0.0,0.0,0.0,0
HU7 6,0.0,0.0,0.0,0.0,0.0,0.0,0.0,0.0,0.0,0.0,0
HU7 9,0.0,0.0,0.0,0.0,0.0,0.0,0.0,0.0,0.0,0.0,0
HU8 0,0.0,0.0,0.0,0.0,0.0,0.0,0.0,0.0,0.0,0.0,0
HU8 7,0.0,0.0,0.0,0.0,0.0,0.0,0.0,0.0,0.0,0.0,0
HU8 8,0.0,0.0,0.0,0.0,0.0,0.0,0.0,0.0,0.0,0.0,0
HU8 9,0.0,0.0,0.0,0.0,0.0,0.0,0.0,0.0,0.0,0.0,0
HU9 1,0.0,0.0,0.0,0.0,0.0,0.0,0.0,0.0,0.0,0.0,0
HU9 2,0.0,0.0,0.0,0.0,0.0,0.0,0.0,0.0,0.0,0.0,0
HU9 3,0.0,0.0,0.0,0.0,0.0,0.0,0.0,0.0,0.0,0.0,0
HU9 4,0.0,0.0,0.0,0.0,0.0,0.0,0.0,0.0,0.0,0.0,0
HU9 5,0.0,0.0,0.0,0.0,0.0,0.0,0.0,0.0,0.0,0.0,0
HU9 9,0.0,0.0,0.0,0.0,0.0,0.0,0.0,0.0,0.0,0.0,0
HX1 1,0.0,0.0,0.0,0.0,0.0,0.0,0.0,0.0,0.0,0.0,0
HX1 2,0.0,0.0,0.0,0.0,0.0,0.0,0.0,0.0,0.0,0.0,0
HX1 3,0.0,0.0,0.0,0.0,0.0,0.0,0.0,0.0,0.0,0.0,0
HX1 4,0.0,0.0,0.0,0.0,0.0,0.0,0.0,0.0,0.0,0.0,0
HX1 5,0.0,0.0,0.0,0.0,0.0,0.0,0.0,0.0,0.0,0.0,0
HX1 9,0.0,0.0,0.0,0.0,0.0,0.0,0.0,0.0,0.0,0.0,0
HX2 0,0.0,0.0,0.0,0.0,0.0,0.0,0.0,0.0,0.0,0.0,0
HX2 6,0.0,0.0,0.0,0.0,0.0,0.0,0.0,0.0,0.0,0.0,0
HX2 7,0.0,0.0,0.0,0.0,0.0,0.0,0.0,0.0,0.0,0.0,0
HX2 8,0.0,0.0,0.0,0.0,0.0,0.0,0.0,0.0,0.0,0.0,0
HX2 9,0.0,0.0,0.0,0.0,0.0,0.0,0.0,0.0,0.0,0.0,0
HX3 0,0.0,0.0,0.0,0.0,0.0,0.0,0.0,0.0,0.0,0.0,0
HX3 5,0.0,0.0,0.0,0.0,0.0,0.0,0.0,0.0,0.0,0.0,0
HX3 6,0.0,0.0,0.0,0.0,0.0,0.0,0.0,0.0,0.0,0.0,0
HX3 7,0.0,0.0,0.0,0.0,0.0,0.0,0.0,0.0,0.0,0.0,0
HX3 8,0.0,0.0,0.0,0.0,0.0,0.0,0.0,0.0,0.0,0.0,0
HX3 9,0.0,0.0,0.0,0.0,0.0,0.0,0.0,0.0,0.0,0.0,0
HX4 0,0.0,0.0,0.0,0.0,0.0,0.0,0.0,0.0,0.0,0.0,0
HX4 8,0.0,0.0,0.0,0.0,0.0,0.0,0.0,0.0,0.0,0.0,0
HX4 9,0.0,0.0,0.0,0.0,0.0,0.0,0.0,0.0,0.0,0.0,0
HX5 0,0.0,0.0,0.0,0.0,0.0,0.0,0.0,0.0,0.0,0.0,0
HX5 9,0.0,0.0,0.0,0.0,0.0,0.0,0.0,0.0,0.0,0.0,0
HX6 1,0.0,0.0,0.0,0.0,0.0,0.0,0.0,0.0,0.0,0.0,0
HX6 2,0.0,0.0,0.0,0.0,0.0,0.0,0.0,0.0,0.0,0.0,0
HX6 3,0.0,0.0,0.0,0.0,0.0,0.0,0.0,0.0,0.0,0.0,0
HX6 4,0.0,0.0,0.0,0.0,0.0,0.0,0.0,0.0,0.0,0.0,0
HX7 5,0.0,0.0,0.0,0.0,0.0,0.0,0.0,0.0,0.0,0.0,0
HX7 6,0.0,0.0,0.0,0.0,0.0,0.0,0.0,0.0,0.0,0.0,0
HX7 7,0.0,0.0,0.0,0.0,0.0,0.0,0.0,0.0,0.0,0.0,0
HX7 8,0.0,0.0,0.0,0.0,0.0,0.0,0.0,0.0,0.0,0.0,0
HX7 9,0.0,0.0,0.0,0.0,0.0,0.0,0.0,0.0,0.0,0.0,0
IG1 1,0.0,0.0,0.0,0.0,0.0,0.0,0.0,0.0,0.0,0.0,0
IG1 2,0.0,0.0,0.0,0.0,0.0,0.0,0.0,0.0,0.0,0.0,0
IG1 3,0.0,0.0,0.0,0.0,0.0,0.0,0.0,0.0,0.0,0.0,0
IG1 4,0.0,0.0,0.0,0.0,0.0,0.0,0.0,0.0,0.0,0.0,0
IG1 8,0.0,0.0,0.0,0.0,0.0,0.0,0.0,0.0,0.0,0.0,0
IG1 9,0.0,0.0,0.0,0.0,0.0,0.0,0.0,0.0,0.0,0.0,0
IG10 1,0.0,0.0,0.0,0.0,0.0,0.0,0.0,0.0,0.0,0.0,0
IG10 2,0.0,0.0,0.0,0.0,0.0,0.0,0.0,0.0,0.0,0.0,0
IG10 3,0.0,0.0,0.0,0.0,0.0,0.0,0.0,0.0,0.0,0.0,0
IG10 4,0.0,0.0,0.0,0.0,0.0,0.0,0.0,0.0,0.0,0.0,0
IG10 9,0.0,0.0,0.0,0.0,0.0,0.0,0.0,0.0,0.0,0.0,0
IG11 0,0.0,0.0,0.0,0.0,0.0,0.0,0.0,0.0,0.0,0.0,0
IG11 1,0.0,0.0,0.0,0.0,0.0,0.0,0.0,0.0,0.0,0.0,0
IG11 7,0.0,0.0,0.0,0.0,0.0,0.0,0.0,0.0,0.0,0.0,0
IG11 8,0.0,0.0,0.0,0.0,0.0,0.0,0.0,0.0,0.0,0.0,0
IG11 9,0.0,0.0,0.0,0.0,0.0,0.0,0.0,0.0,0.0,0.0,0
IG2 6,0.0,0.0,0.0,0.0,0.0,0.0,0.0,0.0,0.0,0.0,0
IG2 7,0.0,0.0,0.0,0.0,0.0,0.0,0.0,0.0,0.0,0.0,0
IG3 8,0.0,0.0,0.0,0.0,0.0,0.0,0.0,0.0,0.0,0.0,0
IG3 9,0.0,0.0,0.0,0.0,0.0,0.0,0.0,0.0,0.0,0.0,0
IG4 5,0.0,0.0,0.0,0.0,0.0,0.0,0.0,0.0,0.0,0.0,0
IG5 0,0.0,0.0,0.0,0.0,0.0,0.0,0.0,0.0,0.0,0.0,0
IG6 1,0.0,0.0,0.0,0.0,0.0,0.0,0.0,0.0,0.0,0.0,0
IG6 2,0.0,0.0,0.0,0.0,0.0,0.0,0.0,0.0,0.0,0.0,0
IG6 3,0.0,0.0,0.0,0.0,0.0,0.0,0.0,0.0,0.0,0.0,0
IG7 4,0.0,0.0,0.0,0.0,0.0,0.0,0.0,0.0,0.0,0.0,0
IG7 5,0.0,0.0,0.0,0.0,0.0,0.0,0.0,0.0,0.0,0.0,0
IG7 6,0.0,0.0,0.0,0.0,0.0,0.0,0.0,0.0,0.0,0.0,0
IG8 0,0.0,0.0,0.0,0.0,0.0,0.0,0.0,0.0,0.0,0.0,0
IG8 7,0.0,0.0,0.0,0.0,0.0,0.0,0.0,0.0,0.0,0.0,0
IG8 8,0.0,0.0,0.0,0.0,0.0,0.0,0.0,0.0,0.0,0.0,0
IG8 9,0.0,0.0,0.0,0.0,0.0,0.0,0.0,0.0,0.0,0.0,0
IG9 5,0.0,0.0,0.0,0.0,0.0,0.0,0.0,0.0,0.0,0.0,0
IG9 6,0.0,0.0,0.0,0.0,0.0,0.0,0.0,0.0,0.0,0.0,0
IP1 1,0.0,0.0,0.0,0.0,0.0,0.0,0.0,0.0,0.0,0.0,0
IP1 2,0.0,0.0,0.0,0.0,0.0,0.0,0.0,0.0,0.0,0.0,0
IP1 3,0.0,0.0,0.0,0.0,0.0,0.0,0.0,0.0,0.0,0.0,0
IP1 4,0.0,0.0,0.0,0.0,0.0,0.0,0.0,0.0,0.0,0.0,0
IP1 5,0.0,0.0,0.0,0.0,0.0,0.0,0.0,0.0,0.0,0.0,0
IP1 6,0.0,0.0,0.0,0.0,0.0,0.0,0.0,0.0,0.0,0.0,0
IP1 9,0.0,0.0,0.0,0.0,0.0,0.0,0.0,0.0,0.0,0.0,0
IP10 0,0.00343839,0.01109731,0.0035468,0.01199203,0.00121556,0.01457111,0.00123318,0.0157988,0.0,582012.8,1
IP11 0,0.00177417,0.005525,0.00177417,0.005525,0.00209414,0.00675559,0.00209414,0.00675559,0.0,61828.6,1
IP11 1,0.0,0.0,0.0,0.0,0.0,0.0,0.0,0.0,0.0,0.0,0
IP11 2,0.0,0.0,0.00047808,0.00082045,0.0,0.0,0.00040988,0.00095738,0.0,0.0,1
IP11 3,0.0,0.0,0.0,0.0,0.0,0.0,0.0,0.0,0.0,0.0,0
IP11 4,0.0,0.0,0.0,0.0,0.0,0.0,0.0,0.0,0.0,0.0,0
IP11 6,0.0,0.0,0.0,0.0,0.0,0.0,0.0,0.0,0.0,0.0,0
IP11 7,0.0,0.0,0.0037968,0.00804609,0.0,0.0,0.00425533,0.00929396,0.0,0.0,1
IP11 9,0.0,0.0,0.00087645,0.00178689,0.0,0.0,0.00098354,0.0020592,0.0,0.0,1
IP12 1,0.0,0.0,0.0,0.0,0.0,0.0,0.0,0.0,0.0,0.0,0
IP12 2,0.00177619,0.00625087,0.00177617,0.00625087,0.00572223,0.00639996,0.00572223,0.00639996,0.0,736627.3,1
IP12 3,0.0007249,0.00236827,0.00177992,0.00709406,0.00131626,0.00269458,0.00310668,0.00840834,0.0,327597.3,1
IP12 4,0.0,0.0,0.0,0.0,0.0,0.0,0.0,0.0,0.0,0.0,0
IP12 9,0.0,0.0,0.0,0.0,0.0,0.0,0.0,0.0,0.0,0.0,0
IP13 0,0.0,0.0,0.0,0.0,0.0,0.0,0.0,0.0,0.0,0.0,0
IP13 6,0.0,0.0,0.0,0.0,0.0,0.0,0.0,0.0,0.0,0.0,0
IP13 7,0.0,0.0,0.0,0.0,0.0,0.0,0.0,0.0,0.0,0.0,0
IP13 8,0.0,0.0,0.0,0.0,0.0,0.0,0.0,0.0,0.0,0.0,0
IP13 9,0.0,0.0,0.0,0.0,0.0,0.0,0.0,0.0,0.0,0.0,0
IP14 1,0.0,0.0,0.0,0.0,0.0,0.0,0.0,0.0,0.0,0.0,0
IP14 2,0.0,0.0,0.0,0.0,0.0,0.0,0.0,0.0,0.0,0.0,0
IP14 3,0.0,0.0,0.0,0.0,0.0,0.0,0.0,0.0,0.0,0.0,0
IP14 4,0.0,0.0,0.0,0.0,0.0,0.0,0.0,0.0,0.0,0.0,0
IP14 5,0.0,0.0,0.0,0.0,0.0,0.0,0.0,0.0,0.0,0.0,0
IP14 6,0.0,0.0,0.0,0.0,0.0,0.0,0.0,0.0,0.0,0.0,0
IP14 9,0.0,0.0,0.0,0.0,0.0,0.0,0.0,0.0,0.0,0.0,0
IP15 5,0.0,0.0,0.00050613,0.00120387,0.0,0.0,0.00041537,0.00145057,0.0,0.0,1
IP16 4,0.00155466,0.00592033,0.00278692,0.00764193,0.00309564,0.00678568,0.00439267,0.0086745,0.0,315652.1,1
IP17 1,0.0,0.0,0.0,0.0,0.0,0.0,0.0,0.0,0.0,0.0,0
IP17 2,0.0,0.0,0.0,0.0,0.0,0.0,0.0,0.0,0.0,0.0,0
IP17 3,0.00304563,0.0101341,0.00304563,0.0101341,0.00457702,0.01177819,0.00457702,0.01177819,0.0,783243.6,1
IP17 9,0.0,0.0,0.0,0.0,0.0,0.0,0.0,0.0,0.0,0.0,0
IP18 6,0.01877619,0.09637702,0.08955541,0.35055055,0.03334959,0.11818312,0.14535256,0.42090288,0.0,3778236.4,1
IP19 0,0.0,0.0,0.0,0.0,0.0,0.0,0.0,0.0,0.0,0.0,0
IP19 1,0.0,0.0,0.0,0.0,0.0,0.0,0.0,0.0,0.0,0.0,0
IP19 8,0.0,0.0,0.0,0.0,0.0,0.0,0.0,0.0,0.0,0.0,0
IP19 9,0.0,0.0,0.0,0.0,0.0,0.0,0.0,0.0,0.0,0.0,0
IP2 0,0.0,0.0,0.0,0.0,0.0,0.0,0.0,0.0,0.0,0.0,0
IP2 8,0.0,0.0,0.00768699,0.02825256,0.0,0.0,0.00060874,0.03866971,0.0,0.0,1
IP2 9,0.0,0.0,0.0,0.0,0.0,0.0,0.0,0.0,0.0,0.0,0
IP20 0,0.0,0.0,0.0,0.0,0.0,0.0,0.0,0.0,0.0,0.0,0
IP20 9,0.0,0.0,0.0,0.0,0.0,0.0,0.0,0.0,0.0,0.0,0
IP21 4,0.0,0.0,0.0,0.0,0.0,0.0,0.0,0.0,0.0,0.0,0
IP21 5,0.0,0.0,0.0,0.0,0.0,0.0,0.0,0.0,0.0,0.0,0
IP22 1,0.0,0.0,0.0,0.0,0.0,0.0,0.0,0.0,0.0,0.0,0
IP22 2,0.0,0.0,0.0,0.0,0.0,0.0,0.0,0.0,0.0,0.0,0
IP22 4,0.0,0.0,0.0,0.0,0.0,0.0,0.0,0.0,0.0,0.0,0
IP22 5,0.0,0.0,0.0,0.0,0.0,0.0,0.0,0.0,0.0,0.0,0
IP22 9,0.0,0.0,0.0,0.0,0.0,0.0,0.0,0.0,0.0,0.0,0
IP23 7,0.0,0.0,0.0,0.0,0.0,0.0,0.0,0.0,0.0,0.0,0
IP23 8,0.0,0.0,0.0,0.0,0.0,0.0,0.0,0.0,0.0,0.0,0
IP24 1,0.0,0.0,0.0,0.0,0.0,0.0,0.0,0.0,0.0,0.0,0
IP24 2,0.0,0.0,0.0,0.0,0.0,0.0,0.0,0.0,0.0,0.0,0
IP24 3,0.0,0.0,0.0,0.0,0.0,0.0,0.0,0.0,0.0,0.0,0
IP24 9,0.0,0.0,0.0,0.0,0.0,0.0,0.0,0.0,0.0,0.0,0
IP25 5,0.0,0.0,0.0,0.0,0.0,0.0,0.0,0.0,0.0,0.0,0
IP25 6,0.0,0.0,0.0,0.0,0.0,0.0,0.0,0.0,0.0,0.0,0
IP25 7,0.0,0.0,0.0,0.0,0.0,0.0,0.0,0.0,0.0,0.0,0
IP26 4,0.0,0.0,0.0,0.0,0.0,0.0,0.0,0.0,0.0,0.0,0
IP26 5,0.0,0.0,0.0,0.0,0.0,0.0,0.0,0.0,0.0,0.0,0
IP27 0,0.0,0.0,0.0,0.0,0.0,0.0,0.0,0.0,0.0,0.0,0
IP27 1,0.0,0.0,0.0,0.0,0.0,0.0,0.0,0.0,0.0,0.0,0
IP27 9,0.0,0.0,0.0,0.0,0.0,0.0,0.0,0.0,0.0,0.0,0
IP28 1,0.0,0.0,0.0,0.0,0.0,0.0,0.0,0.0,0.0,0.0,0
IP28 2,0.0,0.0,0.0,0.0,0.0,0.0,0.0,0.0,0.0,0.0,0
IP28 3,0.0,0.0,0.0,0.0,0.0,0.0,0.0,0.0,0.0,0.0,0
IP28 6,0.0,0.0,0.0,0.0,0.0,0.0,0.0,0.0,0.0,0.0,0
IP28 7,0.0,0.0,0.0,0.0,0.0,0.0,0.0,0.0,0.0,0.0,0
IP28 8,0.0,0.0,0.0,0.0,0.0,0.0,0.0,0.0,0.0,0.0,0
IP28 9,0.0,0.0,0.0,0.0,0.0,0.0,0.0,0.0,0.0,0.0,0
IP29 4,0.0,0.0,0.0,0.0,0.0,0.0,0.0,0.0,0.0,0.0,0
IP29 5,0.0,0.0,0.0,0.0,0.0,0.0,0.0,0.0,0.0,0.0,0
IP3 0,0.00756445,0.02564392,0.0088343,0.03723565,0.00287818,0.03422862,0.00472301,0.04907506,0.0,117282.7,1
IP3 8,0.0,0.0,0.0,0.0,0.0,0.0,0.0,0.0,0.0,0.0,0
IP3 9,0.0,0.0,0.0,0.0,0.0,0.0,0.0,0.0,0.0,0.0,0
IP30 0,0.0,0.0,0.0,0.0,0.0,0.0,0.0,0.0,0.0,0.0,0
IP30 9,0.0,0.0,0.0,0.0,0.0,0.0,0.0,0.0,0.0,0.0,0
IP31 1,0.0,0.0,0.0,0.0,0.0,0.0,0.0,0.0,0.0,0.0,0
IP31 2,0.0,0.0,0.0,0.0,0.0,0.0,0.0,0.0,0.0,0.0,0
IP31 3,0.0,0.0,0.0,0.0,0.0,0.0,0.0,0.0,0.0,0.0,0
IP32 6,0.0,0.0,0.0,0.0,0.0,0.0,0.0,0.0,0.0,0.0,0
IP32 7,0.0,0.0,0.0,0.0,0.0,0.0,0.0,0.0,0.0,0.0,0
IP33 1,0.0,0.0,0.0,0.0,0.0,0.0,0.0,0.0,0.0,0.0,0
IP33 2,0.0,0.0,0.0,0.0,0.0,0.0,0.0,0.0,0.0,0.0,0
IP33 3,0.0,0.0,0.0,0.0,0.0,0.0,0.0,0.0,0.0,0.0,0
IP33 9,0.0,0.0,0.0,0.0,0.0,0.0,0.0,0.0,0.0,0.0,0
IP4 1,0.0,0.0,0.0,0.0,0.0,0.0,0.0,0.0,0.0,0.0,0
IP4 2,0.0,0.0,0.0,0.0,0.0,0.0,0.0,0.0,0.0,0.0,0
IP4 3,0.0,0.0,0.0,0.0,0.0,0.0,0.0,0.0,0.0,0.0,0
IP4 4,0.0,0.0,0.0,0.0,0.0,0.0,0.0,0.0,0.0,0.0,0
IP4 5,0.0,0.0,0.0,0.0,0.0,0.0,0.0,0.0,0.0,0.0,0
IP5 1,0.0,0.0,0.0,0.0,0.0,0.0,0.0,0.0,0.0,0.0,0
IP5 2,0.0,0.0,0.0,0.0,0.0,0.0,0.0,0.0,0.0,0.0,0
IP5 3,0.0,0.0,0.0,0.0,0.0,0.0,0.0,0.0,0.0,0.0,0
IP5 4,0.0,0.0,0.0,0.0,0.0,0.0,0.0,0.0,0.0,0.0,0
IP6 0,0.0,0.0,0.0,0.0,0.0,0.0,0.0,0.0,0.0,0.0,0
IP6 8,0.0,0.0,0.0,0.0,0.0,0.0,0.0,0.0,0.0,0.0,0
IP6 9,0.0,0.0,0.0,0.0,0.0,0.0,0.0,0.0,0.0,0.0,0
IP7 5,0.0,0.0,0.0,0.0,0.0,0.0,0.0,0.0,0.0,0.0,0
IP7 6,0.0,0.0,0.0,0.0,0.0,0.0,0.0,0.0,0.0,0.0,0
IP7 7,0.0,0.0,0.0,0.0,0.0,0.0,0.0,0.0,0.0,0.0,0
IP7 9,0.0,0.0,0.0,0.0,0.0,0.0,0.0,0.0,0.0,0.0,0
IP8 3,0.0,0.0,0.0,0.0,0.0,0.0,0.0,0.0,0.0,0.0,0
IP8 4,0.0,0.0,0.0,0.0,0.0,0.0,0.0,0.0,0.0,0.0,0
IP9 1,0.00458198,0.01562464,0.00614818,0.02070517,0.00123284,0.02154021,0.00132999,0.02902451,0.0,718394.5,1
IP9 2,0.00213093,0.00704338,0.00260418,0.00817055,0.00090781,0.0092608,0.00138692,0.010658,0.0,406922.2,1
IV1 1,0.0,0.0,0.0,0.0,0.0,0.0,0.0,0.0,0.0,0.0,0
IV1 3,0.0,0.0,0.0,0.0,0.0,0.0,0.0,0.0,0.0,0.0,0
IV1 9,0.0,0.0,0.0,0.0,0.0,0.0,0.0,0.0,0.0,0.0,0
IV10 8,0.0,0.0,0.0,0.0,0.0,0.0,0.0,0.0,0.0,0.0,0
IV11 8,0.0,0.0,0.0,0.0,0.0,0.0,0.0,0.0,0.0,0.0,0
IV12 4,0.0,0.0,0.0,0.0,0.0,0.0,0.0,0.0,0.0,0.0,0
IV12 5,0.0,0.0,0.0,0.0,0.0,0.0,0.0,0.0,0.0,0.0,0
IV13 7,0.0,0.0,0.0,0.0,0.0,0.0,0.0,0.0,0.0,0.0,0
IV14 9,0.0,0.0,0.0,0.0,0.0,0.0,0.0,0.0,0.0,0.0,0
IV15 0,0.0,0.0,0.0,0.0,0.0,0.0,0.0,0.0,0.0,0.0,0
IV15 9,0.0,0.0,0.0,0.0,0.0,0.0,0.0,0.0,0.0,0.0,0
IV16 9,0.0,0.0,0.0,0.0,0.0,0.0,0.0,0.0,0.0,0.0,0
IV17 0,0.0,0.0,0.0,0.0,0.0,0.0,0.0,0.0,0.0,0.0,0
IV18 0,0.0,0.0,0.0,0.0,0.0,0.0,0.0,0.0,0.0,0.0,0
IV19 1,0.0,0.0,0.0,0.0,0.0,0.0,0.0,0.0,0.0,0.0,0
IV2 3,0.0,0.0,0.0,0.0,0.0,0.0,0.0,0.0,0.0,0.0,0
IV2 4,0.0,0.0,0.0,0.0,0.0,0.0,0.0,0.0,0.0,0.0,0
IV2 5,0.0,0.0,0.0,0.0,0.0,0.0,0.0,0.0,0.0,0.0,0
IV2 6,0.0,0.0,0.0,0.0,0.0,0.0,0.0,0.0,0.0,0.0,0
IV2 7,0.0,0.0,0.0,0.0,0.0,0.0,0.0,0.0,0.0,0.0,0
IV2 8,0.0,0.0,0.0,0.0,0.0,0.0,0.0,0.0,0.0,0.0,0
IV20 1,0.0,0.0,0.0,0.0,0.0,0.0,0.0,0.0,0.0,0.0,0
IV21 2,0.0,0.0,0.0,0.0,0.0,0.0,0.0,0.0,0.0,0.0,0
IV22 2,0.0,0.0,0.0,0.0,0.0,0.0,0.0,0.0,0.0,0.0,0
IV23 2,0.0,0.0,0.0,0.0,0.0,0.0,0.0,0.0,0.0,0.0,0
IV24 3,0.0,0.0,0.0,0.0,0.0,0.0,0.0,0.0,0.0,0.0,0
IV25 3,0.0,0.0,0.0,0.0,0.0,0.0,0.0,0.0,0.0,0.0,0
IV26 2,0.0,0.0,0.0,0.0,0.0,0.0,0.0,0.0,0.0,0.0,0
IV27 4,0.0,0.0,0.0,0.0,0.0,0.0,0.0,0.0,0.0,0.0,0
IV27 9,0.0,0.0,0.0,0.0,0.0,0.0,0.0,0.0,0.0,0.0,0
IV28 3,0.0,0.0,0.0,0.0,0.0,0.0,0.0,0.0,0.0,0.0,0
IV3 5,0.0,0.0,0.0,0.0,0.0,0.0,0.0,0.0,0.0,0.0,0
IV3 8,0.0,0.0,0.0,0.0,0.0,0.0,0.0,0.0,0.0,0.0,0
IV30 1,0.0,0.0,0.0,0.0,0.0,0.0,0.0,0.0,0.0,0.0,0
IV30 4,0.0,0.0,0.0,0.0,0.0,0.0,0.0,0.0,0.0,0.0,0
IV30 5,0.0,0.0,0.0,0.0,0.0,0.0,0.0,0.0,0.0,0.0,0
IV30 6,0.0,0.0,0.0,0.0,0.0,0.0,0.0,0.0,0.0,0.0,0
IV30 8,0.0,0.0,0.0,0.0,0.0,0.0,0.0,0.0,0.0,0.0,0
IV30 9,0.0,0.0,0.0,0.0,0.0,0.0,0.0,0.0,0.0,0.0,0
IV31 6,0.0,0.0,0.0,0.0,0.0,0.0,0.0,0.0,0.0,0.0,0
IV32 7,0.0,0.0,0.0,0.0,0.0,0.0,0.0,0.0,0.0,0.0,0
IV36 1,0.0,0.0,0.0,0.0,0.0,0.0,0.0,0.0,0.0,0.0,0
IV36 2,0.0,0.0,0.0,0.0,0.0,0.0,0.0,0.0,0.0,0.0,0
IV36 3,0.0,0.0,0.0,0.0,0.0,0.0,0.0,0.0,0.0,0.0,0
IV36 9,0.0,0.0,0.0,0.0,0.0,0.0,0.0,0.0,0.0,0.0,0
IV4 7,0.0,0.0,0.0,0.0,0.0,0.0,0.0,0.0,0.0,0.0,0
IV40 8,0.0,0.0,0.0,0.0,0.0,0.0,0.0,0.0,0.0,0.0,0
IV41 8,0.0,0.0,0.0,0.0,0.0,0.0,0.0,0.0,0.0,0.0,0
IV42 8,0.0,0.0,0.0,0.0,0.0,0.0,0.0,0.0,0.0,0.0,0
IV43 8,0.0,0.0,0.0,0.0,0.0,0.0,0.0,0.0,0.0,0.0,0
IV44 8,0.0,0.0,0.0,0.0,0.0,0.0,0.0,0.0,0.0,0.0,0
IV45 8,0.0,0.0,0.0,0.0,0.0,0.0,0.0,0.0,0.0,0.0,0
IV46 8,0.0,0.0,0.0,0.0,0.0,0.0,0.0,0.0,0.0,0.0,0
IV47 8,0.0,0.0,0.0,0.0,0.0,0.0,0.0,0.0,0.0,0.0,0
IV48 8,0.0,0.0,0.0,0.0,0.0,0.0,0.0,0.0,0.0,0.0,0
IV49 9,0.0,0.0,0.0,0.0,0.0,0.0,0.0,0.0,0.0,0.0,0
IV5 7,0.0,0.0,0.0,0.0,0.0,0.0,0.0,0.0,0.0,0.0,0
IV51 9,0.0,0.0,0.0,0.0,0.0,0.0,0.0,0.0,0.0,0.0,0
IV52 8,0.0,0.0,0.0,0.0,0.0,0.0,0.0,0.0,0.0,0.0,0
IV53 8,0.0,0.0,0.0,0.0,0.0,0.0,0.0,0.0,0.0,0.0,0
IV54 8,0.0,0.0,0.0,0.0,0.0,0.0,0.0,0.0,0.0,0.0,0
IV55 8,0.0,0.0,0.0,0.0,0.0,0.0,0.0,0.0,0.0,0.0,0
IV56 8,0.0,0.0,0.0,0.0,0.0,0.0,0.0,0.0,0.0,0.0,0
IV6 7,0.0,0.0,0.0,0.0,0.0,0.0,0.0,0.0,0.0,0.0,0
IV63 6,0.0,0.0,0.0,0.0,0.0,0.0,0.0,0.0,0.0,0.0,0
IV63 7,0.0,0.0,0.0,0.0,0.0,0.0,0.0,0.0,0.0,0.0,0
IV7 8,0.0,0.0,0.0,0.0,0.0,0.0,0.0,0.0,0.0,0.0,0
IV8 8,0.0,0.0,0.0,0.0,0.0,0.0,0.0,0.0,0.0,0.0,0
IV9 8,0.0,0.0,0.0,0.0,0.0,0.0,0.0,0.0,0.0,0.0,0
KA1 1,0.0,0.0,0.0,0.0,0.0,0.0,0.0,0.0,0.0,0.0,0
KA1 2,0.0,0.0,0.0,0.0,0.0,0.0,0.0,0.0,0.0,0.0,0
KA1 3,0.0,0.0,0.0,0.0,0.0,0.0,0.0,0.0,0.0,0.0,0
KA1 4,0.0,0.0,0.0,0.0,0.0,0.0,0.0,0.0,0.0,0.0,0
KA1 5,0.0,0.0,0.0,0.0,0.0,0.0,0.0,0.0,0.0,0.0,0
KA1 9,0.0,0.0,0.0,0.0,0.0,0.0,0.0,0.0,0.0,0.0,0
KA10 6,0.0,0.0,0.0,0.0,0.0,0.0,0.0,0.0,0.0,0.0,0
KA10 7,0.0,0.0,0.0,0.0,0.0,0.0,0.0,0.0,0.0,0.0,0
KA10 9,0.0,0.0,0.0,0.0,0.0,0.0,0.0,0.0,0.0,0.0,0
KA11 1,0.0,0.0,0.0,0.0,0.0,0.0,0.0,0.0,0.0,0.0,0
KA11 2,0.0,0.0,0.0,0.0,0.0,0.0,0.0,0.0,0.0,0.0,0
KA11 3,0.0,0.0,0.0,0.0,0.0,0.0,0.0,0.0,0.0,0.0,0
KA11 4,0.0,0.0,0.0,0.0,0.0,0.0,0.0,0.0,0.0,0.0,0
KA11 5,0.0,0.0,0.0,0.0,0.0,0.0,0.0,0.0,0.0,0.0,0
KA12 0,0.0,0.0,0.0,0.0,0.0,0.0,0.0,0.0,0.0,0.0,0
KA12 2,0.0,0.0,0.0,0.0,0.0,0.0,0.0,0.0,0.0,0.0,0
KA12 8,0.0,0.0,0.0,0.0,0.0,0.0,0.0,0.0,0.0,0.0,0
KA12 9,0.0,0.0,0.0,0.0,0.0,0.0,0.0,0.0,0.0,0.0,0
KA13 6,0.0,0.0,0.0,0.0,0.0,0.0,0.0,0.0,0.0,0.0,0
KA13 7,0.0,0.0,0.0,0.0,0.0,0.0,0.0,0.0,0.0,0.0,0
KA14 3,0.0,0.0,0.0,0.0,0.0,0.0,0.0,0.0,0.0,0.0,0
KA15 1,0.0,0.0,0.0,0.0,0.0,0.0,0.0,0.0,0.0,0.0,0
KA15 2,0.0,0.0,0.0,0.0,0.0,0.0,0.0,0.0,0.0,0.0,0
KA16 9,0.0,0.0,0.0,0.0,0.0,0.0,0.0,0.0,0.0,0.0,0
KA17 0,0.0,0.0,0.0,0.0,0.0,0.0,0.0,0.0,0.0,0.0,0
KA18 1,0.0,0.0,0.0,0.0,0.0,0.0,0.0,0.0,0.0,0.0,0
KA18 2,0.0,0.0,0.0,0.0,0.0,0.0,0.0,0.0,0.0,0.0,0
KA18 3,0.0,0.0,0.0,0.0,0.0,0.0,0.0,0.0,0.0,0.0,0
KA18 4,0.0,0.0,0.0,0.0,0.0,0.0,0.0,0.0,0.0,0.0,0
KA19 7,0.0,0.0,0.0,0.0,0.0,0.0,0.0,0.0,0.0,0.0,0
KA19 8,0.0,0.0,0.0,0.0,0.0,0.0,0.0,0.0,0.0,0.0,0
KA2 0,0.0,0.0,0.0,0.0,0.0,0.0,0.0,0.0,0.0,0.0,0
KA2 9,0.0,0.0,0.0,0.0,0.0,0.0,0.0,0.0,0.0,0.0,0
KA20 3,0.0,0.0,0.0,0.0,0.0,0.0,0.0,0.0,0.0,0.0,0
KA20 4,0.0,0.0,0.0,0.0,0.0,0.0,0.0,0.0,0.0,0.0,0
KA21 5,0.0,0.0,0.0,0.0,0.0,0.0,0.0,0.0,0.0,0.0,0
KA21 6,0.0,0.0,0.0,0.0,0.0,0.0,0.0,0.0,0.0,0.0,0
KA21 9,0.0,0.0,0.0,0.0,0.0,0.0,0.0,0.0,0.0,0.0,0
KA22 7,0.0,0.0,0.0,0.0,0.0,0.0,0.0,0.0,0.0,0.0,0
KA22 8,0.0,0.0,0.0,0.0,0.0,0.0,0.0,0.0,0.0,0.0,0
KA23 9,0.0,0.0,0.0,0.0,0.0,0.0,0.0,0.0,0.0,0.0,0
KA24 4,0.0,0.0,0.0,0.0,0.0,0.0,0.0,0.0,0.0,0.0,0
KA24 5,0.0,0.0,0.0,0.0,0.0,0.0,0.0,0.0,0.0,0.0,0
KA25 6,0.0,0.0,0.0,0.0,0.0,0.0,0.0,0.0,0.0,0.0,0
KA25 7,0.0,0.0,0.0,0.0,0.0,0.0,0.0,0.0,0.0,0.0,0
KA26 0,0.0,0.0,0.0,0.0,0.0,0.0,0.0,0.0,0.0,0.0,0
KA26 9,0.0,0.0,0.0,0.0,0.0,0.0,0.0,0.0,0.0,0.0,0
KA27 8,0.0,0.0,0.0,0.0,0.0,0.0,0.0,0.0,0.0,0.0,0
KA28 0,0.0,0.0,0.0,0.0,0.0,0.0,0.0,0.0,0.0,0.0,0
KA29 0,0.0,0.0,0.0,0.0,0.0,0.0,0.0,0.0,0.0,0.0,0
KA3 1,0.0,0.0,0.0,0.0,0.0,0.0,0.0,0.0,0.0,0.0,0
KA3 2,0.0,0.0,0.0,0.0,0.0,0.0,0.0,0.0,0.0,0.0,0
KA3 3,0.0,0.0,0.0,0.0,0.0,0.0,0.0,0.0,0.0,0.0,0
KA3 4,0.0,0.0,0.0,0.0,0.0,0.0,0.0,0.0,0.0,0.0,0
KA3 5,0.0,0.0,0.0,0.0,0.0,0.0,0.0,0.0,0.0,0.0,0
KA3 6,0.0,0.0,0.0,0.0,0.0,0.0,0.0,0.0,0.0,0.0,0
KA3 7,0.0,0.0,0.0,0.0,0.0,0.0,0.0,0.0,0.0,0.0,0
KA30 8,0.0,0.0,0.0,0.0,0.0,0.0,0.0,0.0,0.0,0.0,0
KA30 9,0.0,0.0,0.0,0.0,0.0,0.0,0.0,0.0,0.0,0.0,0
KA4 8,0.0,0.0,0.0,0.0,0.0,0.0,0.0,0.0,0.0,0.0,0
KA5 5,0.0,0.0,0.0,0.0,0.0,0.0,0.0,0.0,0.0,0.0,0
KA5 6,0.0,0.0,0.0,0.0,0.0,0.0,0.0,0.0,0.0,0.0,0
KA6 5,0.0,0.0,0.0,0.0,0.0,0.0,0.0,0.0,0.0,0.0,0
KA6 6,0.0,0.0,0.0,0.0,0.0,0.0,0.0,0.0,0.0,0.0,0
KA6 7,0.0,0.0,0.0,0.0,0.0,0.0,0.0,0.0,0.0,0.0,0
KA7 1,0.0,0.0,0.0,0.0,0.0,0.0,0.0,0.0,0.0,0.0,0
KA7 2,0.0,0.0,0.0,0.0,0.0,0.0,0.0,0.0,0.0,0.0,0
KA7 3,0.0,0.0,0.0,0.0,0.0,0.0,0.0,0.0,0.0,0.0,0
KA7 4,0.0,0.0,0.0,0.0,0.0,0.0,0.0,0.0,0.0,0.0,0
KA7 9,0.0,0.0,0.0,0.0,0.0,0.0,0.0,0.0,0.0,0.0,0
KA8 0,0.0,0.0,0.0,0.0,0.0,0.0,0.0,0.0,0.0,0.0,0
KA8 8,0.0,0.0,0.0,0.0,0.0,0.0,0.0,0.0,0.0,0.0,0
KA8 9,0.0,0.0,0.0,0.0,0.0,0.0,0.0,0.0,0.0,0.0,0
KA9 1,0.0,0.0,0.0,0.0,0.0,0.0,0.0,0.0,0.0,0.0,0
KA9 2,0.0,0.0,0.0,0.0,0.0,0.0,0.0,0.0,0.0,0.0,0
KA9 9,0.0,0.0,0.0,0.0,0.0,0.0,0.0,0.0,0.0,0.0,0
KT1 1,0.0,0.0,0.0,0.0,0.0,0.0,0.0,0.0,0.0,0.0,0
KT1 2,0.0,0.0,0.0,0.0,0.0,0.0,0.0,0.0,0.0,0.0,0
KT1 3,0.0,0.0,0.0,0.0,0.0,0.0,0.0,0.0,0.0,0.0,0
KT1 4,0.0,0.0,0.0,0.0,0.0,0.0,0.0,0.0,0.0,0.0,0
KT1 9,0.0,0.0,0.0,0.0,0.0,0.0,0.0,0.0,0.0,0.0,0
KT10 0,0.0,0.0,0.0,0.0,0.0,0.0,0.0,0.0,0.0,0.0,0
KT10 1,0.0,0.0,0.0,0.0,0.0,0.0,0.0,0.0,0.0,0.0,0
KT10 8,0.0,0.0,0.0,0.0,0.0,0.0,0.0,0.0,0.0,0.0,0
KT10 9,0.0,0.0,0.0,0.0,0.0,0.0,0.0,0.0,0.0,0.0,0
KT11 1,0.0,0.0,0.0,0.0,0.0,0.0,0.0,0.0,0.0,0.0,0
KT11 2,0.0,0.0,0.0,0.0,0.0,0.0,0.0,0.0,0.0,0.0,0
KT11 3,0.0,0.0,0.0,0.0,0.0,0.0,0.0,0.0,0.0,0.0,0
KT11 9,0.0,0.0,0.0,0.0,0.0,0.0,0.0,0.0,0.0,0.0,0
KT12 1,0.0,0.0,0.0,0.0,0.0,0.0,0.0,0.0,0.0,0.0,0
KT12 2,0.0,0.0,0.0,0.0,0.0,0.0,0.0,0.0,0.0,0.0,0
KT12 3,0.0,0.0,0.0,0.0,0.0,0.0,0.0,0.0,0.0,0.0,0
KT12 4,0.0,0.0,0.0,0.0,0.0,0.0,0.0,0.0,0.0,0.0,0
KT12 5,0.0,0.0,0.0,0.0,0.0,0.0,0.0,0.0,0.0,0.0,0
KT12 9,0.0,0.0,0.0,0.0,0.0,0.0,0.0,0.0,0.0,0.0,0
KT13 0,0.0,0.0,0.0,0.0,0.0,0.0,0.0,0.0,0.0,0.0,0
KT13 3,0.0,0.0,0.0,0.0,0.0,0.0,0.0,0.0,0.0,0.0,0
KT13 8,0.0,0.0,0.0,0.0,0.0,0.0,0.0,0.0,0.0,0.0,0
KT13 9,0.0,0.0,0.0,0.0,0.0,0.0,0.0,0.0,0.0,0.0,0
KT14 6,0.0,0.0,0.0,0.0,0.0,0.0,0.0,0.0,0.0,0.0,0
KT14 7,0.0,0.0,0.0,0.0,0.0,0.0,0.0,0.0,0.0,0.0,0
KT14 9,0.0,0.0,0.0,0.0,0.0,0.0,0.0,0.0,0.0,0.0,0
KT15 1,0.0,0.0,0.0,0.0,0.0,0.0,0.0,0.0,0.0,0.0,0
KT15 2,0.0,0.0,0.0,0.0,0.0,0.0,0.0,0.0,0.0,0.0,0
KT15 3,0.0,0.0,0.0,0.0,0.0,0.0,0.0,0.0,0.0,0.0,0
KT15 9,0.0,0.0,0.0,0.0,0.0,0.0,0.0,0.0,0.0,0.0,0
KT16 0,0.0,0.0,0.0,0.0,0.0,0.0,0.0,0.0,0.0,0.0,0
KT16 6,0.0,0.0,0.0,0.0,0.0,0.0,0.0,0.0,0.0,0.0,0
KT16 8,0.0,0.0,0.0,0.0,0.0,0.0,0.0,0.0,0.0,0.0,0
KT16 9,0.0,0.0,0.0,0.0,0.0,0.0,0.0,0.0,0.0,0.0,0
KT17 1,0.0,0.0,0.0,0.0,0.0,0.0,0.0,0.0,0.0,0.0,0
KT17 2,0.0,0.0,0.0,0.0,0.0,0.0,0.0,0.0,0.0,0.0,0
KT17 3,0.0,0.0,0.0,0.0,0.0,0.0,0.0,0.0,0.0,0.0,0
KT17 4,0.0,0.0,0.0,0.0,0.0,0.0,0.0,0.0,0.0,0.0,0
KT17 9,0.0,0.0,0.0,0.0,0.0,0.0,0.0,0.0,0.0,0.0,0
KT18 5,0.0,0.0,0.0,0.0,0.0,0.0,0.0,0.0,0.0,0.0,0
KT18 6,0.0,0.0,0.0,0.0,0.0,0.0,0.0,0.0,0.0,0.0,0
KT18 7,0.0,0.0,0.0,0.0,0.0,0.0,0.0,0.0,0.0,0.0,0
KT19 0,0.0,0.0,0.0,0.0,0.0,0.0,0.0,0.0,0.0,0.0,0
KT19 7,0.0,0.0,0.0,0.0,0.0,0.0,0.0,0.0,0.0,0.0,0
KT19 8,0.0,0.0,0.0,0.0,0.0,0.0,0.0,0.0,0.0,0.0,0
KT19 9,0.0,0.0,0.0,0.0,0.0,0.0,0.0,0.0,0.0,0.0,0
KT2 5,0.0,0.0,0.0,0.0,0.0,0.0,0.0,0.0,0.0,0.0,0
KT2 6,0.0,0.0,0.0,0.0,0.0,0.0,0.0,0.0,0.0,0.0,0
KT2 7,0.0,0.0,0.0,0.0,0.0,0.0,0.0,0.0,0.0,0.0,0
KT20 5,0.0,0.0,0.0,0.0,0.0,0.0,0.0,0.0,0.0,0.0,0
KT20 6,0.0,0.0,0.0,0.0,0.0,0.0,0.0,0.0,0.0,0.0,0
KT20 7,0.0,0.0,0.0,0.0,0.0,0.0,0.0,0.0,0.0,0.0,0
KT20 9,0.0,0.0,0.0,0.0,0.0,0.0,0.0,0.0,0.0,0.0,0
KT21 1,0.0,0.0,0.0,0.0,0.0,0.0,0.0,0.0,0.0,0.0,0
KT21 2,0.0,0.0,0.0,0.0,0.0,0.0,0.0,0.0,0.0,0.0,0
KT21 9,0.0,0.0,0.0,0.0,0.0,0.0,0.0,0.0,0.0,0.0,0
KT22 0,0.0,0.0,0.0,0.0,0.0,0.0,0.0,0.0,0.0,0.0,0
KT22 2,0.0,0.0,0.0,0.0,0.0,0.0,0.0,0.0,0.0,0.0,0
KT22 7,0.0,0.0,0.0,0.0,0.0,0.0,0.0,0.0,0.0,0.0,0
KT22 8,0.0,0.0,0.0,0.0,0.0,0.0,0.0,0.0,0.0,0.0,0
KT22 9,0.0,0.0,0.0,0.0,0.0,0.0,0.0,0.0,0.0,0.0,0
KT23 3,0.0,0.0,0.0,0.0,0.0,0.0,0.0,0.0,0.0,0.0,0
KT23 4,0.0,0.0,0.0,0.0,0.0,0.0,0.0,0.0,0.0,0.0,0
KT24 5,0.0,0.0,0.0,0.0,0.0,0.0,0.0,0.0,0.0,0.0,0
KT24 6,0.0,0.0,0.0,0.0,0.0,0.0,0.0,0.0,0.0,0.0,0
KT3 3,0.0,0.0,0.0,0.0,0.0,0.0,0.0,0.0,0.0,0.0,0
KT3 4,0.0,0.0,0.0,0.0,0.0,0.0,0.0,0.0,0.0,0.0,0
KT3 5,0.0,0.0,0.0,0.0,0.0,0.0,0.0,0.0,0.0,0.0,0
KT3 6,0.0,0.0,0.0,0.0,0.0,0.0,0.0,0.0,0.0,0.0,0
KT3 9,0.0,0.0,0.0,0.0,0.0,0.0,0.0,0.0,0.0,0.0,0
KT4 7,0.0,0.0,0.0,0.0,0.0,0.0,0.0,0.0,0.0,0.0,0
KT4 8,0.0,0.0,0.0,0.0,0.0,0.0,0.0,0.0,0.0,0.0,0
KT4 9,0.0,0.0,0.0,0.0,0.0,0.0,0.0,0.0,0.0,0.0,0
KT5 8,0.0,0.0,0.0,0.0,0.0,0.0,0.0,0.0,0.0,0.0,0
KT5 9,0.0,0.0,0.0,0.0,0.0,0.0,0.0,0.0,0.0,0.0,0
KT6 4,0.0,0.0,0.0,0.0,0.0,0.0,0.0,0.0,0.0,0.0,0
KT6 5,0.0,0.0,0.0,0.0,0.0,0.0,0.0,0.0,0.0,0.0,0
KT6 6,0.0,0.0,0.0,0.0,0.0,0.0,0.0,0.0,0.0,0.0,0
KT6 7,0.0,0.0,0.0,0.0,0.0,0.0,0.0,0.0,0.0,0.0,0
KT7 0,0.0,0.0,0.0,0.0,0.0,0.0,0.0,0.0,0.0,0.0,0
KT8 0,0.0,0.0,0.0,0.0,0.0,0.0,0.0,0.0,0.0,0.0,0
KT8 1,0.0,0.0,0.0,0.0,0.0,0.0,0.0,0.0,0.0,0.0,0
KT8 2,0.0,0.0,0.0,0.0,0.0,0.0,0.0,0.0,0.0,0.0,0
KT8 8,0.0,0.0,0.0,0.0,0.0,0.0,0.0,0.0,0.0,0.0,0
KT8 9,0.0,0.0,0.0,0.0,0.0,0.0,0.0,0.0,0.0,0.0,0
KT9 1,0.0,0.0,0.0,0.0,0.0,0.0,0.0,0.0,0.0,0.0,0
KT9 2,0.0,0.0,0.0,0.0,0.0,0.0,0.0,0.0,0.0,0.0,0
KT9 9,0.0,0.0,0.0,0.0,0.0,0.0,0.0,0.0,0.0,0.0,0
KW1 4,0.0,0.0,0.0,0.0,0.0,0.0,0.0,0.0,0.0,0.0,0
KW1 5,0.0,0.0,0.0,0.0,0.0,0.0,0.0,0.0,0.0,0.0,0
KW10 6,0.0,0.0,0.0,0.0,0.0,0.0,0.0,0.0,0.0,0.0,0
KW11 6,0.0,0.0,0.0,0.0,0.0,0.0,0.0,0.0,0.0,0.0,0
KW12 6,0.0,0.0,0.0,0.0,0.0,0.0,0.0,0.0,0.0,0.0,0
KW13 6,0.0,0.0,0.0,0.0,0.0,0.0,0.0,0.0,0.0,0.0,0
KW14 7,0.0,0.0,0.0,0.0,0.0,0.0,0.0,0.0,0.0,0.0,0
KW14 8,0.0,0.0,0.0,0.0,0.0,0.0,0.0,0.0,0.0,0.0,0
KW15 1,0.0,0.0,0.0,0.0,0.0,0.0,0.0,0.0,0.0,0.0,0
KW15 9,0.0,0.0,0.0,0.0,0.0,0.0,0.0,0.0,0.0,0.0,0
KW16 3,0.0,0.0,0.0,0.0,0.0,0.0,0.0,0.0,0.0,0.0,0
KW17 2,0.0,0.0,0.0,0.0,0.0,0.0,0.0,0.0,0.0,0.0,0
KW2 6,0.0,0.0,0.0,0.0,0.0,0.0,0.0,0.0,0.0,0.0,0
KW3 6,0.0,0.0,0.0,0.0,0.0,0.0,0.0,0.0,0.0,0.0,0
KW5 6,0.0,0.0,0.0,0.0,0.0,0.0,0.0,0.0,0.0,0.0,0
KW6 6,0.0,0.0,0.0,0.0,0.0,0.0,0.0,0.0,0.0,0.0,0
KW7 6,0.0,0.0,0.0,0.0,0.0,0.0,0.0,0.0,0.0,0.0,0
KW8 6,0.0,0.0,0.0,0.0,0.0,0.0,0.0,0.0,0.0,0.0,0
KW9 6,0.0,0.0,0.0,0.0,0.0,0.0,0.0,0.0,0.0,0.0,0
KY1 1,0.0,0.0,0.0,0.0,0.0,0.0,0.0,0.0,0.0,0.0,0
KY1 2,0.0,0.0,0.0,0.0,0.0,0.0,0.0,0.0,0.0,0.0,0
KY1 3,0.0,0.0,0.0,0.0,0.0,0.0,0.0,0.0,0.0,0.0,0
KY1 4,0.0,0.0,0.0,0.0,0.0,0.0,0.0,0.0,0.0,0.0,0
KY10 2,0.0,0.0,0.0,0.0,0.0,0.0,0.0,0.0,0.0,0.0,0
KY10 3,0.0,0.0,0.0,0.0,0.0,0.0,0.0,0.0,0.0,0.0,0
KY10 9,0.0,0.0,0.0,0.0,0.0,0.0,0.0,0.0,0.0,0.0,0
KY11 1,0.0,0.0,0.0,0.0,0.0,0.0,0.0,0.0,0.0,0.0,0
KY11 2,0.0,0.0,0.0,0.0,0.0,0.0,0.0,0.0,0.0,0.0,0
KY11 3,0.0,0.0,0.0,0.0,0.0,0.0,0.0,0.0,0.0,0.0,0
KY11 4,0.0,0.0,0.0,0.0,0.0,0.0,0.0,0.0,0.0,0.0,0
KY11 7,0.0,0.0,0.0,0.0,0.0,0.0,0.0,0.0,0.0,0.0,0
KY11 8,0.0,0.0,0.0,0.0,0.0,0.0,0.0,0.0,0.0,0.0,0
KY11 9,0.0,0.0,0.0,0.0,0.0,0.0,0.0,0.0,0.0,0.0,0
KY12 0,0.0,0.0,0.0,0.0,0.0,0.0,0.0,0.0,0.0,0.0,0
KY12 2,0.0,0.0,0.0,0.0,0.0,0.0,0.0,0.0,0.0,0.0,0
KY12 7,0.0,0.0,0.0,0.0,0.0,0.0,0.0,0.0,0.0,0.0,0
KY12 8,0.0,0.0,0.0,0.0,0.0,0.0,0.0,0.0,0.0,0.0,0
KY12 9,0.0,0.0,0.0,0.0,0.0,0.0,0.0,0.0,0.0,0.0,0
KY13 0,0.0,0.0,0.0,0.0,0.0,0.0,0.0,0.0,0.0,0.0,0
KY13 3,0.0,0.0,0.0,0.0,0.0,0.0,0.0,0.0,0.0,0.0,0
KY13 8,0.0,0.0,0.0,0.0,0.0,0.0,0.0,0.0,0.0,0.0,0
KY13 9,0.0,0.0,0.0,0.0,0.0,0.0,0.0,0.0,0.0,0.0,0
KY14 6,0.0,0.0,0.0,0.0,0.0,0.0,0.0,0.0,0.0,0.0,0
KY14 7,0.0,0.0,0.0,0.0,0.0,0.0,0.0,0.0,0.0,0.0,0
KY15 4,0.0,0.0,0.0,0.0,0.0,0.0,0.0,0.0,0.0,0.0,0
KY15 5,0.0,0.0,0.0,0.0,0.0,0.0,0.0,0.0,0.0,0.0,0
KY15 7,0.0,0.0,0.0,0.0,0.0,0.0,0.0,0.0,0.0,0.0,0
KY15 9,0.0,0.0,0.0,0.0,0.0,0.0,0.0,0.0,0.0,0.0,0
KY16 0,0.0,0.0,0.0,0.0,0.0,0.0,0.0,0.0,0.0,0.0,0
KY16 6,0.0,0.0,0.0,0.0,0.0,0.0,0.0,0.0,0.0,0.0,0
KY16 8,0.0,0.0,0.0,0.0,0.0,0.0,0.0,0.0,0.0,0.0,0
KY16 9,0.0,0.0,0.0,0.0,0.0,0.0,0.0,0.0,0.0,0.0,0
KY2 5,0.0,0.0,0.0,0.0,0.0,0.0,0.0,0.0,0.0,0.0,0
KY2 6,0.0,0.0,0.0,0.0,0.0,0.0,0.0,0.0,0.0,0.0,0
KY2 9,0.0,0.0,0.0,0.0,0.0,0.0,0.0,0.0,0.0,0.0,0
KY3 0,0.0,0.0,0.0,0.0,0.0,0.0,0.0,0.0,0.0,0.0,0
KY3 9,0.0,0.0,0.0,0.0,0.0,0.0,0.0,0.0,0.0,0.0,0
KY4 0,0.0,0.0,0.0,0.0,0.0,0.0,0.0,0.0,0.0,0.0,0
KY4 8,0.0,0.0,0.0,0.0,0.0,0.0,0.0,0.0,0.0,0.0,0
KY4 9,0.0,0.0,0.0,0.0,0.0,0.0,0.0,0.0,0.0,0.0,0
KY5 0,0.0,0.0,0.0,0.0,0.0,0.0,0.0,0.0,0.0,0.0,0
KY5 8,0.0,0.0,0.0,0.0,0.0,0.0,0.0,0.0,0.0,0.0,0
KY5 9,0.0,0.0,0.0,0.0,0.0,0.0,0.0,0.0,0.0,0.0,0
KY6 1,0.0,0.0,0.0,0.0,0.0,0.0,0.0,0.0,0.0,0.0,0
KY6 2,0.0,0.0,0.0,0.0,0.0,0.0,0.0,0.0,0.0,0.0,0
KY6 3,0.0,0.0,0.0,0.0,0.0,0.0,0.0,0.0,0.0,0.0,0
KY7 4,0.0,0.0,0.0,0.0,0.0,0.0,0.0,0.0,0.0,0.0,0
KY7 5,0.0,0.0,0.0,0.0,0.0,0.0,0.0,0.0,0.0,0.0,0
KY7 6,0.0,0.0,0.0,0.0,0.0,0.0,0.0,0.0,0.0,0.0,0
KY7 9,0.0,0.0,0.0,0.0,0.0,0.0,0.0,0.0,0.0,0.0,0
KY8 1,0.0,0.0,0.0,0.0,0.0,0.0,0.0,0.0,0.0,0.0,0
KY8 2,0.0,0.0,0.0,0.0,0.0,0.0,0.0,0.0,0.0,0.0,0
KY8 3,0.0,0.0,0.0,0.0,0.0,0.0,0.0,0.0,0.0,0.0,0
KY8 4,0.0,0.0,0.0,0.0,0.0,0.0,0.0,0.0,0.0,0.0,0
KY8 5,0.0,0.0,0.0,0.0,0.0,0.0,0.0,0.0,0.0,0.0,0
KY8 6,0.0,0.0,0.0,0.0,0.0,0.0,0.0,0.0,0.0,0.0,0
KY8 9,0.0,0.0,0.0,0.0,0.0,0.0,0.0,0.0,0.0,0.0,0
KY9 1,0.0,0.0,0.0,0.0,0.0,0.0,0.0,0.0,0.0,0.0,0
L1 0,0.0,0.0,0.0,0.0,0.0,0.0,0.0,0.0,0.0,0.0,0
L1 1,0.0,0.0,0.0,0.0,0.0,0.0,0.0,0.0,0.0,0.0,0
L1 2,0.0,0.0,0.0,0.0,0.0,0.0,0.0,0.0,0.0,0.0,0
L1 3,0.0,0.0,0.0,0.0,0.0,0.0,0.0,0.0,0.0,0.0,0
L1 4,0.0,0.0,0.0,0.0,0.0,0.0,0.0,0.0,0.0,0.0,0
L1 5,0.0,0.0,0.0,0.0,0.0,0.0,0.0,0.0,0.0,0.0,0
L1 6,0.0,0.0,0.0,0.0,0.0,0.0,0.0,0.0,0.0,0.0,0
L1 7,0.0,0.0,0.0,0.0,0.0,0.0,0.0,0.0,0.0,0.0,0
L1 8,0.0,0.0,0.0,0.0,0.0,0.0,0.0,0.0,0.0,0.0,0
L1 9,0.0,0.0,0.0,0.0,0.0,0.0,0.0,0.0,0.0,0.0,0
L10 0,0.0,0.0,0.0,0.0,0.0,0.0,0.0,0.0,0.0,0.0,0
L10 1,0.0,0.0,0.0,0.0,0.0,0.0,0.0,0.0,0.0,0.0,0
L10 2,0.0,0.0,0.0,0.0,0.0,0.0,0.0,0.0,0.0,0.0,0
L10 3,0.0,0.0,0.0,0.0,0.0,0.0,0.0,0.0,0.0,0.0,0
L10 4,0.0,0.0,0.0,0.0,0.0,0.0,0.0,0.0,0.0,0.0,0
L10 5,0.0,0.0,0.0,0.0,0.0,0.0,0.0,0.0,0.0,0.0,0
L10 6,0.0,0.0,0.0,0.0,0.0,0.0,0.0,0.0,0.0,0.0,0
L10 7,0.0,0.0,0.0,0.0,0.0,0.0,0.0,0.0,0.0,0.0,0
L10 8,0.0,0.0,0.0,0.0,0.0,0.0,0.0,0.0,0.0,0.0,0
L10 9,0.0,0.0,0.0,0.0,0.0,0.0,0.0,0.0,0.0,0.0,0
L11 0,0.0,0.0,0.0,0.0,0.0,0.0,0.0,0.0,0.0,0.0,0
L11 1,0.0,0.0,0.0,0.0,0.0,0.0,0.0,0.0,0.0,0.0,0
L11 2,0.0,0.0,0.0,0.0,0.0,0.0,0.0,0.0,0.0,0.0,0
L11 3,0.0,0.0,0.0,0.0,0.0,0.0,0.0,0.0,0.0,0.0,0
L11 4,0.0,0.0,0.0,0.0,0.0,0.0,0.0,0.0,0.0,0.0,0
L11 5,0.0,0.0,0.0,0.0,0.0,0.0,0.0,0.0,0.0,0.0,0
L11 6,0.0,0.0,0.0,0.0,0.0,0.0,0.0,0.0,0.0,0.0,0
L11 7,0.0,0.0,0.0,0.0,0.0,0.0,0.0,0.0,0.0,0.0,0
L11 8,0.0,0.0,0.0,0.0,0.0,0.0,0.0,0.0,0.0,0.0,0
L11 9,0.0,0.0,0.0,0.0,0.0,0.0,0.0,0.0,0.0,0.0,0
L12 0,0.0,0.0,0.0,0.0,0.0,0.0,0.0,0.0,0.0,0.0,0
L12 1,0.0,0.0,0.0,0.0,0.0,0.0,0.0,0.0,0.0,0.0,0
L12 2,0.0,0.0,0.0,0.0,0.0,0.0,0.0,0.0,0.0,0.0,0
L12 3,0.0,0.0,0.0,0.0,0.0,0.0,0.0,0.0,0.0,0.0,0
L12 4,0.0,0.0,0.0,0.0,0.0,0.0,0.0,0.0,0.0,0.0,0
L12 5,0.0,0.0,0.0,0.0,0.0,0.0,0.0,0.0,0.0,0.0,0
L12 6,0.0,0.0,0.0,0.0,0.0,0.0,0.0,0.0,0.0,0.0,0
L12 7,0.0,0.0,0.0,0.0,0.0,0.0,0.0,0.0,0.0,0.0,0
L12 8,0.0,0.0,0.0,0.0,0.0,0.0,0.0,0.0,0.0,0.0,0
L12 9,0.0,0.0,0.0,0.0,0.0,0.0,0.0,0.0,0.0,0.0,0
L13 0,0.0,0.0,0.0,0.0,0.0,0.0,0.0,0.0,0.0,0.0,0
L13 1,0.0,0.0,0.0,0.0,0.0,0.0,0.0,0.0,0.0,0.0,0
L13 2,0.0,0.0,0.0,0.0,0.0,0.0,0.0,0.0,0.0,0.0,0
L13 3,0.0,0.0,0.0,0.0,0.0,0.0,0.0,0.0,0.0,0.0,0
L13 4,0.0,0.0,0.0,0.0,0.0,0.0,0.0,0.0,0.0,0.0,0
L13 5,0.0,0.0,0.0,0.0,0.0,0.0,0.0,0.0,0.0,0.0,0
L13 6,0.0,0.0,0.0,0.0,0.0,0.0,0.0,0.0,0.0,0.0,0
L13 7,0.0,0.0,0.0,0.0,0.0,0.0,0.0,0.0,0.0,0.0,0
L13 8,0.0,0.0,0.0,0.0,0.0,0.0,0.0,0.0,0.0,0.0,0
L13 9,0.0,0.0,0.0,0.0,0.0,0.0,0.0,0.0,0.0,0.0,0
L14 0,0.0,0.0,0.0,0.0,0.0,0.0,0.0,0.0,0.0,0.0,0
L14 1,0.0,0.0,0.0,0.0,0.0,0.0,0.0,0.0,0.0,0.0,0
L14 2,0.0,0.0,0.0,0.0,0.0,0.0,0.0,0.0,0.0,0.0,0
L14 3,0.0,0.0,0.0,0.0,0.0,0.0,0.0,0.0,0.0,0.0,0
L14 4,0.0,0.0,0.0,0.0,0.0,0.0,0.0,0.0,0.0,0.0,0
L14 5,0.0,0.0,0.0,0.0,0.0,0.0,0.0,0.0,0.0,0.0,0
L14 6,0.0,0.0,0.0,0.0,0.0,0.0,0.0,0.0,0.0,0.0,0
L14 7,0.0,0.0,0.0,0.0,0.0,0.0,0.0,0.0,0.0,0.0,0
L14 8,0.0,0.0,0.0,0.0,0.0,0.0,0.0,0.0,0.0,0.0,0
L14 9,0.0,0.0,0.0,0.0,0.0,0.0,0.0,0.0,0.0,0.0,0
L15 0,0.0,0.0,0.0,0.0,0.0,0.0,0.0,0.0,0.0,0.0,0
L15 1,0.0,0.0,0.0,0.0,0.0,0.0,0.0,0.0,0.0,0.0,0
L15 2,0.0,0.0,0.0,0.0,0.0,0.0,0.0,0.0,0.0,0.0,0
L15 3,0.0,0.0,0.0,0.0,0.0,0.0,0.0,0.0,0.0,0.0,0
L15 4,0.0,0.0,0.0,0.0,0.0,0.0,0.0,0.0,0.0,0.0,0
L15 5,0.0,0.0,0.0,0.0,0.0,0.0,0.0,0.0,0.0,0.0,0
L15 6,0.0,0.0,0.0,0.0,0.0,0.0,0.0,0.0,0.0,0.0,0
L15 7,0.0,0.0,0.0,0.0,0.0,0.0,0.0,0.0,0.0,0.0,0
L15 8,0.0,0.0,0.0,0.0,0.0,0.0,0.0,0.0,0.0,0.0,0
L15 9,0.0,0.0,0.0,0.0,0.0,0.0,0.0,0.0,0.0,0.0,0
L16 0,0.0,0.0,0.0,0.0,0.0,0.0,0.0,0.0,0.0,0.0,0
L16 1,0.0,0.0,0.0,0.0,0.0,0.0,0.0,0.0,0.0,0.0,0
L16 2,0.0,0.0,0.0,0.0,0.0,0.0,0.0,0.0,0.0,0.0,0
L16 3,0.0,0.0,0.0,0.0,0.0,0.0,0.0,0.0,0.0,0.0,0
L16 4,0.0,0.0,0.0,0.0,0.0,0.0,0.0,0.0,0.0,0.0,0
L16 5,0.0,0.0,0.0,0.0,0.0,0.0,0.0,0.0,0.0,0.0,0
L16 6,0.0,0.0,0.0,0.0,0.0,0.0,0.0,0.0,0.0,0.0,0
L16 7,0.0,0.0,0.0,0.0,0.0,0.0,0.0,0.0,0.0,0.0,0
L16 8,0.0,0.0,0.0,0.0,0.0,0.0,0.0,0.0,0.0,0.0,0
L16 9,0.0,0.0,0.0,0.0,0.0,0.0,0.0,0.0,0.0,0.0,0
L17 0,0.0,0.0,0.0,0.0,0.0,0.0,0.0,0.0,0.0,0.0,0
L17 1,0.0,0.0,0.0,0.0,0.0,0.0,0.0,0.0,0.0,0.0,0
L17 2,0.0,0.0,0.0,0.0,0.0,0.0,0.0,0.0,0.0,0.0,0
L17 3,0.0,0.0,0.0,0.0,0.0,0.0,0.0,0.0,0.0,0.0,0
L17 4,0.0,0.0,0.0,0.0,0.0,0.0,0.0,0.0,0.0,0.0,0
L17 5,0.0,0.0,0.01159636,0.02627224,0.0,0.0,0.01608063,0.02968685,0.0,0.0,1
L17 6,0.0,0.0,0.00658705,0.01509855,0.0,0.0,0.00917318,0.01709817,0.0,0.0,1
L17 7,0.0,0.0,0.00879737,0.02091721,0.0,0.0,0.01237778,0.02390084,0.0,0.0,1
L17 8,0.0,0.0,0.0,0.0,0.0,0.0,0.0,0.0,0.0,0.0,0
L17 9,0.0,0.0,0.0,0.0,0.0,0.0,0.0,0.0,0.0,0.0,0
L18 0,0.0,0.0,0.0,0.0,0.0,0.0,0.0,0.0,0.0,0.0,0
L18 1,0.0,0.0,0.0,0.0,0.0,0.0,0.0,0.0,0.0,0.0,0
L18 2,0.0,0.0,0.0,0.0,0.0,0.0,0.0,0.0,0.0,0.0,0
L18 3,0.0,0.0,0.0,0.0,0.0,0.0,0.0,0.0,0.0,0.0,0
L18 4,0.0,0.0,0.0,0.0,0.0,0.0,0.0,0.0,0.0,0.0,0
L18 5,0.0,0.0,0.0,0.0,0.0,0.0,0.0,0.0,0.0,0.0,0
L18 6,0.0,0.0,0.0,0.0,0.0,0.0,0.0,0.0,0.0,0.0,0
L18 7,0.0,0.0,0.0,0.0,0.0,0.0,0.0,0.0,0.0,0.0,0
L18 8,0.0,0.0,0.0,0.0,0.0,0.0,0.0,0.0,0.0,0.0,0
L18 9,0.0,0.0,0.0,0.0,0.0,0.0,0.0,0.0,0.0,0.0,0
L19 0,0.0,0.0,0.00993964,0.01891821,0.0,0.0,0.01274709,0.0209706,0.0,0.0,1
L19 1,0.0,0.0,0.0,0.0,0.0,0.0,0.0,0.0,0.0,0.0,0
L19 2,0.0,0.0,0.0097318,0.01989834,0.0,0.0,0.01285268,0.02227026,0.0,0.0,1
L19 3,0.0,0.0,0.0064855,0.01515906,0.0,0.0,0.00908499,0.01724547,0.0,0.0,1
L19 4,0.0,0.0,0.0,0.0,0.0,0.0,0.0,0.0,0.0,0.0,0
L19 5,0.0,0.0,0.0,0.0,0.0,0.0,0.0,0.0,0.0,0.0,0
L19 6,0.0,0.0,0.0,0.0,0.0,0.0,0.0,0.0,0.0,0.0,0
L19 7,0.0,0.0,0.0,0.0,0.0,0.0,0.0,0.0,0.0,0.0,0
L19 8,0.00152929,0.00439517,0.00728868,0.01482922,0.00066929,0.00578742,0.00790768,0.01726747,0.0,24458.9,1
L19 9,0.0,0.0,0.0,0.0,0.0,0.0,0.0,0.0,0.0,0.0,0
L2 0,0.0,0.0,0.0,0.0,0.0,0.0,0.0,0.0,0.0,0.0,0
L2 1,0.0,0.0,0.0,0.0,0.0,0.0,0.0,0.0,0.0,0.0,0
L2 2,0.0,0.0,0.0,0.0,0.0,0.0,0.0,0.0,0.0,0.0,0
L2 3,0.0,0.0,0.0,0.0,0.0,0.0,0.0,0.0,0.0,0.0,0
L2 4,0.0,0.0,0.0,0.0,0.0,0.0,0.0,0.0,0.0,0.0,0
L2 5,0.0,0.0,0.0,0.0,0.0,0.0,0.0,0.0,0.0,0.0,0
L2 6,0.0,0.0,0.0,0.0,0.0,0.0,0.0,0.0,0.0,0.0,0
L2 7,0.0,0.0,0.0,0.0,0.0,0.0,0.0,0.0,0.0,0.0,0
L2 8,0.0,0.0,0.0,0.0,0.0,0.0,0.0,0.0,0.0,0.0,0
L2 9,0.0,0.0,0.0,0.0,0.0,0.0,0.0,0.0,0.0,0.0,0
L20 0,0.0,0.0,0.0,0.0,0.0,0.0,0.0,0.0,0.0,0.0,0
L20 1,0.0,0.0,0.0354497,0.06529191,0.0,0.0,0.05014029,0.07019965,0.0,0.0,1
L20 2,0.0,0.0,0.0,0.0,0.0,0.0,0.0,0.0,0.0,0.0,0
L20 3,0.0,0.0,0.0,0.0,0.0,0.0,0.0,0.0,0.0,0.0,0
L20 4,0.0,0.0,0.0,0.0,0.0,0.0,0.0,0.0,0.0,0.0,0
L20 5,0.0,0.0,0.0,0.0,0.0,0.0,0.0,0.0,0.0,0.0,0
L20 6,0.0,0.0,0.0,0.0,0.0,0.0,0.0,0.0,0.0,0.0,0
L20 7,0.0,0.0,0.0,0.0,0.0,0.0,0.0,0.0,0.0,0.0,0
L20 8,0.0,0.0,0.0,0.0,0.0,0.0,0.0,0.0,0.0,0.0,0
L20 9,0.0,0.0,0.0,0.0,0.0,0.0,0.0,0.0,0.0,0.0,0
L21 0,0.0,0.0,0.0,0.0,0.0,0.0,0.0,0.0,0.0,0.0,0
L21 1,0.0,0.0,0.0797031,0.17729018,0.0,0.0,0.11562444,0.19890585,0.0,0.0,1
L21 2,0.0,0.0,0.0,0.0,0.0,0.0,0.0,0.0,0.0,0.0,0
L21 3,0.0,0.0,0.0,0.0,0.0,0.0,0.0,0.0,0.0,0.0,0
L21 4,0.0,0.0,0.0,0.0,0.0,0.0,0.0,0.0,0.0,0.0,0
L21 5,0.0,0.0,0.0,0.0,0.0,0.0,0.0,0.0,0.0,0.0,0
L21 6,0.0,0.0,0.0,0.0,0.0,0.0,0.0,0.0,0.0,0.0,0
L21 7,0.0,0.0,0.0,0.0,0.0,0.0,0.0,0.0,0.0,0.0,0
L21 8,0.0,0.0,0.0,0.0,0.0,0.0,0.0,0.0,0.0,0.0,0
L21 9,0.0,0.0,0.0,0.0,0.0,0.0,0.0,0.0,0.0,0.0,0
L22 0,0.0,0.0,0.0,0.0,0.0,0.0,0.0,0.0,0.0,0.0,0
L22 1,0.0,0.0,0.0,0.0,0.0,0.0,0.0,0.0,0.0,0.0,0
L22 2,0.0,0.0,0.0,0.0,0.0,0.0,0.0,0.0,0.0,0.0,0
L22 3,0.0,0.0,0.0,0.0,0.0,0.0,0.0,0.0,0.0,0.0,0
L22 4,0.0,0.0,0.0,0.0,0.0,0.0,0.0,0.0,0.0,0.0,0
L22 5,0.0,0.0,0.12459964,0.27593656,0.0,0.0,0.17864251,0.31509812,0.0,0.0,1
L22 6,0.0,0.0,0.02806554,0.05277256,0.0,0.0,0.03654712,0.05850493,0.0,0.0,1
L22 7,0.0,0.0,0.07026155,0.13145904,0.0,0.0,0.09178197,0.14489031,0.0,0.0,1
L22 8,0.0,0.0,0.15241322,0.33045847,0.0,0.0,0.21380476,0.37133507,0.0,0.0,1
L22 9,0.0,0.0,0.0,0.0,0.0,0.0,0.0,0.0,0.0,0.0,0
L23 0,0.0,0.0,0.0,0.0,0.0,0.0,0.0,0.0,0.0,0.0,0
L23 1,0.0,0.0,0.0,0.0,0.0,0.0,0.0,0.0,0.0,0.0,0
L23 2,0.0,0.0,0.0,0.0,0.0,0.0,0.0,0.0,0.0,0.0,0
L23 3,0.0,0.0,0.0,0.0,0.0,0.0,0.0,0.0,0.0,0.0,0
L23 4,0.0,0.0,0.0,0.0,0.0,0.0,0.0,0.0,0.0,0.0,0
L23 5,0.0,0.0,0.0,0.0,0.0,0.0,0.0,0.0,0.0,0.0,0
L23 6,0.0,0.0,0.05202764,0.11292699,0.0,0.0,0.06922083,0.12956686,0.0,0.0,1
L23 7,0.0,0.0,0.0,0.0,0.0,0.0,0.0,0.0,0.0,0.0,0
L23 8,0.00130262,0.00473415,0.03360303,0.09025401,0.00190883,0.00591785,0.05258107,0.10483746,0.0,36614.8,1
L23 9,0.0,0.0,0.0,0.0,0.0,0.0,0.0,0.0,0.0,0.0,0
L24 0,0.0,0.0,0.0,0.0,0.0,0.0,0.0,0.0,0.0,0.0,0
L24 1,0.00384183,0.01117418,0.00384328,0.01117708,0.00167534,0.01479243,0.00167635,0.01479305,0.0,71308.7,1
L24 2,0.0,0.0,0.0,0.0,0.0,0.0,0.0,0.0,0.0,0.0,0
L24 3,0.0,0.0,0.0,0.0,0.0,0.0,0.0,0.0,0.0,0.0,0
L24 4,0.00735144,0.01919498,0.00735144,0.01919498,0.00733113,0.02255565,0.00733113,0.02255565,0.0,201456.7,1
L24 5,0.00404273,0.01385061,0.00404367,0.01385269,0.0025955,0.01817173,0.00259612,0.01817219,0.0,157290.6,1
L24 6,0.0,0.0,0.0,0.0,0.0,0.0,0.0,0.0,0.0,0.0,0
L24 7,0.0,0.0,0.0,0.0,0.0,0.0,0.0,0.0,0.0,0.0,0
L24 8,0.00486749,0.01372711,0.00486932,0.01373067,0.0021556,0.01802456,0.0021569,0.01802532,0.0,41104.9,1
L24 9,0.0,0.0,0.0,0.0,0.0,0.0,0.0,0.0,0.0,0.0,0
L25 0,0.0,0.0,0.0,0.0,0.0,0.0,0.0,0.0,0.0,0.0,0
L25 1,0.0,0.0,0.0,0.0,0.0,0.0,0.0,0.0,0.0,0.0,0
L25 2,0.0,0.0,0.0,0.0,0.0,0.0,0.0,0.0,0.0,0.0,0
L25 3,0.0,0.0,0.0,0.0,0.0,0.0,0.0,0.0,0.0,0.0,0
L25 4,0.0,0.0,0.0,0.0,0.0,0.0,0.0,0.0,0.0,0.0,0
L25 5,0.0,0.0,0.0,0.0,0.0,0.0,0.0,0.0,0.0,0.0,0
L25 6,0.0,0.0,0.0,0.0,0.0,0.0,0.0,0.0,0.0,0.0,0
L25 7,0.0,0.0,0.0,0.0,0.0,0.0,0.0,0.0,0.0,0.0,0
L25 8,0.0,0.0,0.0,0.0,0.0,0.0,0.0,0.0,0.0,0.0,0
L25 9,0.0,0.0,0.0,0.0,0.0,0.0,0.0,0.0,0.0,0.0,0
L26 0,0.0,0.0,0.0,0.0,0.0,0.0,0.0,0.0,0.0,0.0,0
L26 1,0.0,0.0,0.0,0.0,0.0,0.0,0.0,0.0,0.0,0.0,0
L26 2,0.0,0.0,0.0,0.0,0.0,0.0,0.0,0.0,0.0,0.0,0
L26 3,0.0,0.0,0.0,0.0,0.0,0.0,0.0,0.0,0.0,0.0,0
L26 4,0.0,0.0,0.0,0.0,0.0,0.0,0.0,0.0,0.0,0.0,0
L26 5,0.0,0.0,0.0,0.0,0.0,0.0,0.0,0.0,0.0,0.0,0
L26 6,0.0,0.0,0.0,0.0,0.0,0.0,0.0,0.0,0.0,0.0,0
L26 7,0.0,0.0,0.0,0.0,0.0,0.0,0.0,0.0,0.0,0.0,0
L26 8,0.0,0.0,0.0,0.0,0.0,0.0,0.0,0.0,0.0,0.0,0
L26 9,0.0,0.0,0.0,0.0,0.0,0.0,0.0,0.0,0.0,0.0,0
L27 0,0.0,0.0,0.0,0.0,0.0,0.0,0.0,0.0,0.0,0.0,0
L27 1,0.0,0.0,0.0,0.0,0.0,0.0,0.0,0.0,0.0,0.0,0
L27 2,0.0,0.0,0.0,0.0,0.0,0.0,0.0,0.0,0.0,0.0,0
L27 3,0.0,0.0,0.0,0.0,0.0,0.0,0.0,0.0,0.0,0.0,0
L27 4,0.0,0.0,0.0,0.0,0.0,0.0,0.0,0.0,0.0,0.0,0
L27 5,0.0,0.0,0.0,0.0,0.0,0.0,0.0,0.0,0.0,0.0,0
L27 6,0.0,0.0,0.0,0.0,0.0,0.0,0.0,0.0,0.0,0.0,0
L27 7,0.0,0.0,0.0,0.0,0.0,0.0,0.0,0.0,0.0,0.0,0
L27 8,0.0,0.0,0.0,0.0,0.0,0.0,0.0,0.0,0.0,0.0,0
L28 0,0.0,0.0,0.0,0.0,0.0,0.0,0.0,0.0,0.0,0.0,0
L28 1,0.0,0.0,0.0,0.0,0.0,0.0,0.0,0.0,0.0,0.0,0
L28 3,0.0,0.0,0.0,0.0,0.0,0.0,0.0,0.0,0.0,0.0,0
L28 4,0.0,0.0,0.0,0.0,0.0,0.0,0.0,0.0,0.0,0.0,0
L28 5,0.0,0.0,0.0,0.0,0.0,0.0,0.0,0.0,0.0,0.0,0
L28 6,0.0,0.0,0.0,0.0,0.0,0.0,0.0,0.0,0.0,0.0,0
L28 7,0.0,0.0,0.0,0.0,0.0,0.0,0.0,0.0,0.0,0.0,0
L28 8,0.0,0.0,0.0,0.0,0.0,0.0,0.0,0.0,0.0,0.0,0
L29 1,0.0,0.0,0.0,0.0,0.0,0.0,0.0,0.0,0.0,0.0,0
L29 3,0.0,0.0,0.0,0.0,0.0,0.0,0.0,0.0,0.0,0.0,0
L29 5,0.0,0.0,0.0,0.0,0.0,0.0,0.0,0.0,0.0,0.0,0
L29 6,0.0,0.0,0.0,0.0,0.0,0.0,0.0,0.0,0.0,0.0,0
L29 7,0.0,0.0,0.0,0.0,0.0,0.0,0.0,0.0,0.0,0.0,0
L29 8,0.0,0.0,0.0,0.0,0.0,0.0,0.0,0.0,0.0,0.0,0
L29 9,0.0,0.0,0.0,0.0,0.0,0.0,0.0,0.0,0.0,0.0,0
L3 0,0.0,0.0,0.02742858,0.05748509,0.0,0.0,0.0367072,0.06440102,0.0,0.0,1
L3 1,0.0,0.0,0.03656367,0.07018441,0.0,0.0,0.0470762,0.07779914,0.0,0.0,1
L3 2,0.0,0.0,0.0,0.0,0.0,0.0,0.0,0.0,0.0,0.0,0
L3 3,0.0,0.0,0.0,0.0,0.0,0.0,0.0,0.0,0.0,0.0,0
L3 4,0.0,0.0,0.01937559,0.04149923,0.0,0.0,0.0262668,0.04652294,0.0,0.0,1
L3 5,0.0,0.0,0.0,0.0,0.0,0.0,0.0,0.0,0.0,0.0,0
L3 6,0.0,0.0,0.0,0.0,0.0,0.0,0.0,0.0,0.0,0.0,0
L3 7,0.0,0.0,0.00087427,0.00265996,0.0,0.0,0.00133115,0.00319638,0.0,0.0,1
L3 8,0.0,0.0,0.0,0.0,0.0,0.0,0.0,0.0,0.0,0.0,0
L3 9,0.0,0.0,0.01123513,0.02533894,0.0,0.0,0.01556041,0.02859904,0.0,0.0,1
L30 0,0.0,0.0,0.0,0.0,0.0,0.0,0.0,0.0,0.0,0.0,0
L30 1,0.0,0.0,0.0,0.0,0.0,0.0,0.0,0.0,0.0,0.0,0
L30 2,0.0,0.0,0.0,0.0,0.0,0.0,0.0,0.0,0.0,0.0,0
L30 3,0.0,0.0,0.0,0.0,0.0,0.0,0.0,0.0,0.0,0.0,0
L30 4,0.0,0.0,0.0,0.0,0.0,0.0,0.0,0.0,0.0,0.0,0
L30 5,0.0,0.0,0.0,0.0,0.0,0.0,0.0,0.0,0.0,0.0,0
L30 6,0.0,0.0,0.0,0.0,0.0,0.0,0.0,0.0,0.0,0.0,0
L30 7,0.0,0.0,0.0,0.0,0.0,0.0,0.0,0.0,0.0,0.0,0
L30 8,0.0,0.0,0.0,0.0,0.0,0.0,0.0,0.0,0.0,0.0,0
L30 9,0.0,0.0,0.0,0.0,0.0,0.0,0.0,0.0,0.0,0.0,0
L31 0,0.0,0.0,0.0,0.0,0.0,0.0,0.0,0.0,0.0,0.0,0
L31 1,0.0,0.0,0.0,0.0,0.0,0.0,0.0,0.0,0.0,0.0,0
L31 2,0.0,0.0,0.0,0.0,0.0,0.0,0.0,0.0,0.0,0.0,0
L31 3,0.0,0.0,0.0,0.0,0.0,0.0,0.0,0.0,0.0,0.0,0
L31 4,0.0,0.0,0.0,0.0,0.0,0.0,0.0,0.0,0.0,0.0,0
L31 5,0.0,0.0,0.0,0.0,0.0,0.0,0.0,0.0,0.0,0.0,0
L31 6,0.0,0.0,0.0,0.0,0.0,0.0,0.0,0.0,0.0,0.0,0
L31 7,0.0,0.0,0.0,0.0,0.0,0.0,0.0,0.0,0.0,0.0,0
L31 8,0.0,0.0,0.0,0.0,0.0,0.0,0.0,0.0,0.0,0.0,0
L31 9,0.0,0.0,0.0,0.0,0.0,0.0,0.0,0.0,0.0,0.0,0
L32 0,0.0,0.0,0.0,0.0,0.0,0.0,0.0,0.0,0.0,0.0,0
L32 1,0.0,0.0,0.0,0.0,0.0,0.0,0.0,0.0,0.0,0.0,0
L32 2,0.0,0.0,0.0,0.0,0.0,0.0,0.0,0.0,0.0,0.0,0
L32 3,0.0,0.0,0.0,0.0,0.0,0.0,0.0,0.0,0.0,0.0,0
L32 4,0.0,0.0,0.0,0.0,0.0,0.0,0.0,0.0,0.0,0.0,0
L32 5,0.0,0.0,0.0,0.0,0.0,0.0,0.0,0.0,0.0,0.0,0
L32 6,0.0,0.0,0.0,0.0,0.0,0.0,0.0,0.0,0.0,0.0,0
L32 7,0.0,0.0,0.0,0.0,0.0,0.0,0.0,0.0,0.0,0.0,0
L32 8,0.0,0.0,0.0,0.0,0.0,0.0,0.0,0.0,0.0,0.0,0
L32 9,0.0,0.0,0.0,0.0,0.0,0.0,0.0,0.0,0.0,0.0,0
L33 0,0.0,0.0,0.0,0.0,0.0,0.0,0.0,0.0,0.0,0.0,0
L33 1,0.0,0.0,0.0,0.0,0.0,0.0,0.0,0.0,0.0,0.0,0
L33 2,0.0,0.0,0.0,0.0,0.0,0.0,0.0,0.0,0.0,0.0,0
L33 3,0.0,0.0,0.0,0.0,0.0,0.0,0.0,0.0,0.0,0.0,0
L33 4,0.0,0.0,0.0,0.0,0.0,0.0,0.0,0.0,0.0,0.0,0
L33 5,0.0,0.0,0.0,0.0,0.0,0.0,0.0,0.0,0.0,0.0,0
L33 6,0.0,0.0,0.0,0.0,0.0,0.0,0.0,0.0,0.0,0.0,0
L33 7,0.0,0.0,0.0,0.0,0.0,0.0,0.0,0.0,0.0,0.0,0
L33 8,0.0,0.0,0.0,0.0,0.0,0.0,0.0,0.0,0.0,0.0,0
L33 9,0.0,0.0,0.0,0.0,0.0,0.0,0.0,0.0,0.0,0.0,0
L34 0,0.0,0.0,0.0,0.0,0.0,0.0,0.0,0.0,0.0,0.0,0
L34 1,0.0,0.0,0.0,0.0,0.0,0.0,0.0,0.0,0.0,0.0,0
L34 2,0.0,0.0,0.0,0.0,0.0,0.0,0.0,0.0,0.0,0.0,0
L34 3,0.0,0.0,0.0,0.0,0.0,0.0,0.0,0.0,0.0,0.0,0
L34 4,0.0,0.0,0.0,0.0,0.0,0.0,0.0,0.0,0.0,0.0,0
L34 5,0.0,0.0,0.0,0.0,0.0,0.0,0.0,0.0,0.0,0.0,0
L34 6,0.0,0.0,0.0,0.0,0.0,0.0,0.0,0.0,0.0,0.0,0
L34 7,0.0,0.0,0.0,0.0,0.0,0.0,0.0,0.0,0.0,0.0,0
L34 8,0.0,0.0,0.0,0.0,0.0,0.0,0.0,0.0,0.0,0.0,0
L34 9,0.0,0.0,0.0,0.0,0.0,0.0,0.0,0.0,0.0,0.0,0
L35 0,0.0,0.0,0.0,0.0,0.0,0.0,0.0,0.0,0.0,0.0,0
L35 1,0.0,0.0,0.0,0.0,0.0,0.0,0.0,0.0,0.0,0.0,0
L35 2,0.0,0.0,0.0,0.0,0.0,0.0,0.0,0.0,0.0,0.0,0
L35 3,0.0,0.0,0.0,0.0,0.0,0.0,0.0,0.0,0.0,0.0,0
L35 4,0.0,0.0,0.0,0.0,0.0,0.0,0.0,0.0,0.0,0.0,0
L35 5,0.0,0.0,0.0,0.0,0.0,0.0,0.0,0.0,0.0,0.0,0
L35 6,0.0,0.0,0.0,0.0,0.0,0.0,0.0,0.0,0.0,0.0,0
L35 7,0.0,0.0,0.0,0.0,0.0,0.0,0.0,0.0,0.0,0.0,0
L35 8,0.0,0.0,0.0,0.0,0.0,0.0,0.0,0.0,0.0,0.0,0
L35 9,0.0,0.0,0.0,0.0,0.0,0.0,0.0,0.0,0.0,0.0,0
L36 0,0.0,0.0,0.0,0.0,0.0,0.0,0.0,0.0,0.0,0.0,0
L36 1,0.0,0.0,0.0,0.0,0.0,0.0,0.0,0.0,0.0,0.0,0
L36 2,0.0,0.0,0.0,0.0,0.0,0.0,0.0,0.0,0.0,0.0,0
L36 3,0.0,0.0,0.0,0.0,0.0,0.0,0.0,0.0,0.0,0.0,0
L36 4,0.0,0.0,0.0,0.0,0.0,0.0,0.0,0.0,0.0,0.0,0
L36 5,0.0,0.0,0.0,0.0,0.0,0.0,0.0,0.0,0.0,0.0,0
L36 6,0.0,0.0,0.0,0.0,0.0,0.0,0.0,0.0,0.0,0.0,0
L36 7,0.0,0.0,0.0,0.0,0.0,0.0,0.0,0.0,0.0,0.0,0
L36 8,0.0,0.0,0.0,0.0,0.0,0.0,0.0,0.0,0.0,0.0,0
L36 9,0.0,0.0,0.0,0.0,0.0,0.0,0.0,0.0,0.0,0.0,0
L37 0,0.0,0.0,0.0,0.0,0.0,0.0,0.0,0.0,0.0,0.0,0
L37 1,0.07910124,0.23773376,0.07910124,0.23773376,0.20485415,0.24950272,0.20485415,0.24950272,0.0,4535718.2,1
L37 2,0.01955048,0.05768203,0.01955048,0.05768203,0.04902375,0.06083987,0.04902375,0.06083987,0.0,1513295.7,1
L37 3,0.0,0.0,0.0,0.0,0.0,0.0,0.0,0.0,0.0,0.0,0
L37 4,0.0,0.0,0.0,0.0,0.0,0.0,0.0,0.0,0.0,0.0,0
L37 5,0.0,0.0,0.0,0.0,0.0,0.0,0.0,0.0,0.0,0.0,0
L37 6,0.0,0.0,0.0,0.0,0.0,0.0,0.0,0.0,0.0,0.0,0
L37 7,0.0,0.0,0.0,0.0,0.0,0.0,0.0,0.0,0.0,0.0,0
L37 8,0.0,0.0,0.0,0.0,0.0,0.0,0.0,0.0,0.0,0.0,0
L37 9,0.0,0.0,0.0,0.0,0.0,0.0,0.0,0.0,0.0,0.0,0
L38 0,0.0,0.0,0.01496211,0.04235107,0.0,0.01686427,0.02953331,0.06393742,0.0,0.0,1
L38 1,0.0,0.0,0.0,0.0,0.0,0.0,0.0,0.0,0.0,0.0,0
L38 3,0.0,0.0,0.0,0.0,0.0,0.0,0.0,0.0,0.0,0.0,0
L38 4,0.0,0.0,0.0,0.0,0.0,0.0,0.0,0.0,0.0,0.0,0
L38 5,0.0,0.0,0.0,0.0,0.0,0.0,0.0,0.0,0.0,0.0,0
L38 6,0.0,0.0,0.0,0.0,0.0,0.0,0.0,0.0,0.0,0.0,0
L38 7,0.0,0.0,0.0,0.0,0.0,0.0,0.0,0.0,0.0,0.0,0
L38 8,0.0,0.0,0.0,0.0,0.0,0.00921325,0.0,0.00921325,0.0,0.0,0
L38 9,0.01242743,0.03947879,0.04333676,0.11939811,0.01430871,0.05014298,0.06733851,0.14030165,0.0,280630.3,1
L39 0,0.0,0.0,0.0,0.0,0.0,0.0,0.0,0.0,0.0,0.0,0
L39 1,0.0,0.0,0.0,0.0,0.0,0.0,0.0,0.0,0.0,0.0,0
L39 2,0.0,0.0,0.0,0.0,0.0,0.0,0.0,0.0,0.0,0.0,0
L39 3,0.0,0.0,0.0,0.0,0.0,0.0,0.0,0.0,0.0,0.0,0
L39 4,0.0,0.0,0.0,0.0,0.0,0.0,0.0,0.0,0.0,0.0,0
L39 5,0.0,0.0,0.0,0.0,0.0,0.0,0.0,0.0,0.0,0.0,0
L39 6,0.0,0.0,0.0,0.0,0.0,0.0,0.0,0.0,0.0,0.0,0
L39 7,0.0,0.0,0.0,0.0,0.0,0.0,0.0,0.0,0.0,0.0,0
L39 8,0.0,0.0,0.0,0.0,0.0,0.0,0.0,0.0,0.0,0.0,0
L39 9,0.0,0.0,0.0,0.0,0.0,0.0,0.0,0.0,0.0,0.0,0
L4 0,0.0,0.0,0.0,0.0,0.0,0.0,0.0,0.0,0.0,0.0,0
L4 1,0.0,0.0,0.0,0.0,0.0,0.0,0.0,0.0,0.0,0.0,0
L4 2,0.0,0.0,0.0,0.0,0.0,0.0,0.0,0.0,0.0,0.0,0
L4 3,0.0,0.0,0.0,0.0,0.0,0.0,0.0,0.0,0.0,0.0,0
L4 4,0.0,0.0,0.0,0.0,0.0,0.0,0.0,0.0,0.0,0.0,0
L4 5,0.0,0.0,0.0,0.0,0.0,0.0,0.0,0.0,0.0,0.0,0
L4 6,0.0,0.0,0.0,0.0,0.0,0.0,0.0,0.0,0.0,0.0,0
L4 7,0.0,0.0,0.0,0.0,0.0,0.0,0.0,0.0,0.0,0.0,0
L4 8,0.0,0.0,0.0,0.0,0.0,0.0,0.0,0.0,0.0,0.0,0
L4 9,0.0,0.0,0.0,0.0,0.0,0.0,0.0,0.0,0.0,0.0,0
L40 0,0.0,0.0,0.0,0.0,0.0,0.0,0.0,0.0,0.0,0.0,0
L40 1,0.0,0.0,0.0,0.0,0.0,0.0,0.0,0.0,0.0,0.0,0
L40 2,0.0,0.0,0.0,0.0,0.0,0.0,0.0,0.0,0.0,0.0,0
L40 3,0.0,0.0,0.0,0.0,0.0,0.0,0.0,0.0,0.0,0.0,0
L40 4,0.0,0.0,0.0,0.0,0.0,0.0,0.0,0.0,0.0,0.0,0
L40 5,0.0,0.0,0.0,0.0,0.0,0.0,0.0,0.0,0.0,0.0,0
L40 6,0.0,0.0,0.0,0.0,0.0,0.0,0.0,0.0,0.0,0.0,0
L40 7,0.0,0.0,0.0,0.0,0.0,0.0,0.0,0.0,0.0,0.0,0
L40 8,0.0,0.0,0.0,0.0,0.0,0.0,0.0,0.0,0.0,0.0,0
L40 9,0.0,0.0,0.0,0.0,0.0,0.0,0.0,0.0,0.0,0.0,0
L5 0,0.0,0.0,0.0,0.0,0.0,0.0,0.0,0.0,0.0,0.0,0
L5 1,0.0,0.0,0.0,0.0,0.0,0.0,0.0,0.0,0.0,0.0,0
L5 2,0.0,0.0,0.0,0.0,0.0,0.0,0.0,0.0,0.0,0.0,0
L5 3,0.0,0.0,0.0,0.0,0.0,0.0,0.0,0.0,0.0,0.0,0
L5 4,0.0,0.0,0.0,0.0,0.0,0.0,0.0,0.0,0.0,0.0,0
L5 5,0.0,0.0,0.0,0.0,0.0,0.0,0.0,0.0,0.0,0.0,0
L5 6,0.0,0.0,0.0,0.0,0.0,0.0,0.0,0.0,0.0,0.0,0
L5 7,0.0,0.0,0.0,0.0,0.0,0.0,0.0,0.0,0.0,0.0,0
L5 8,0.0,0.0,0.0,0.0,0.0,0.0,0.0,0.0,0.0,0.0,0
L5 9,0.0,0.0,0.0,0.0,0.0,0.0,0.0,0.0,0.0,0.0,0
L6 0,0.0,0.0,0.0,0.0,0.0,0.0,0.0,0.0,0.0,0.0,0
L6 1,0.0,0.0,0.0,0.0,0.0,0.0,0.0,0.0,0.0,0.0,0
L6 2,0.0,0.0,0.0,0.0,0.0,0.0,0.0,0.0,0.0,0.0,0
L6 3,0.0,0.0,0.0,0.0,0.0,0.0,0.0,0.0,0.0,0.0,0
L6 4,0.0,0.0,0.0,0.0,0.0,0.0,0.0,0.0,0.0,0.0,0
L6 5,0.0,0.0,0.0,0.0,0.0,0.0,0.0,0.0,0.0,0.0,0
L6 6,0.0,0.0,0.0,0.0,0.0,0.0,0.0,0.0,0.0,0.0,0
L6 7,0.0,0.0,0.0,0.0,0.0,0.0,0.0,0.0,0.0,0.0,0
L6 8,0.0,0.0,0.0,0.0,0.0,0.0,0.0,0.0,0.0,0.0,0
L6 9,0.0,0.0,0.0,0.0,0.0,0.0,0.0,0.0,0.0,0.0,0
L7 0,0.0,0.0,0.0,0.0,0.0,0.0,0.0,0.0,0.0,0.0,0
L7 1,0.0,0.0,0.0,0.0,0.0,0.0,0.0,0.0,0.0,0.0,0
L7 2,0.0,0.0,0.0,0.0,0.0,0.0,0.0,0.0,0.0,0.0,0
L7 3,0.0,0.0,0.0,0.0,0.0,0.0,0.0,0.0,0.0,0.0,0
L7 4,0.0,0.0,0.0,0.0,0.0,0.0,0.0,0.0,0.0,0.0,0
L7 5,0.0,0.0,0.0,0.0,0.0,0.0,0.0,0.0,0.0,0.0,0
L7 6,0.0,0.0,0.0,0.0,0.0,0.0,0.0,0.0,0.0,0.0,0
L7 7,0.0,0.0,0.0,0.0,0.0,0.0,0.0,0.0,0.0,0.0,0
L7 8,0.0,0.0,0.0,0.0,0.0,0.0,0.0,0.0,0.0,0.0,0
L7 9,0.0,0.0,0.0,0.0,0.0,0.0,0.0,0.0,0.0,0.0,0
L8 0,0.0,0.0,0.0,0.0,0.0,0.0,0.0,0.0,0.0,0.0,0
L8 1,0.0,0.0,0.0,0.0,0.0,0.0,0.0,0.0,0.0,0.0,0
L8 2,0.0,0.0,0.0,0.0,0.0,0.0,0.0,0.0,0.0,0.0,0
L8 3,0.0,0.0,0.0,0.0,0.0,0.0,0.0,0.0,0.0,0.0,0
L8 4,0.0,0.0,0.0,0.0,0.0,0.0,0.0,0.0,0.0,0.0,0
L8 5,0.0,0.0,0.0,0.0,0.0,0.0,0.0,0.0,0.0,0.0,0
L8 6,0.0,0.0,0.0,0.0,0.0,0.0,0.0,0.0,0.0,0.0,0
L8 7,0.0,0.0,0.0,0.0,0.0,0.0,0.0,0.0,0.0,0.0,0
L8 8,0.0,0.0,0.0,0.0,0.0,0.0,0.0,0.0,0.0,0.0,0
L8 9,0.0,0.0,0.0,0.0,0.0,0.0,0.0,0.0,0.0,0.0,0
L9 0,0.0,0.0,0.0,0.0,0.0,0.0,0.0,0.0,0.0,0.0,0
L9 1,0.0,0.0,0.0,0.0,0.0,0.0,0.0,0.0,0.0,0.0,0
L9 2,0.0,0.0,0.0,0.0,0.0,0.0,0.0,0.0,0.0,0.0,0
L9 3,0.0,0.0,0.0,0.0,0.0,0.0,0.0,0.0,0.0,0.0,0
L9 4,0.0,0.0,0.0,0.0,0.0,0.0,0.0,0.0,0.0,0.0,0
L9 5,0.0,0.0,0.0,0.0,0.0,0.0,0.0,0.0,0.0,0.0,0
L9 6,0.0,0.0,0.0,0.0,0.0,0.0,0.0,0.0,0.0,0.0,0
L9 7,0.0,0.0,0.0,0.0,0.0,0.0,0.0,0.0,0.0,0.0,0
L9 8,0.0,0.0,0.0,0.0,0.0,0.0,0.0,0.0,0.0,0.0,0
L9 9,0.0,0.0,0.0,0.0,0.0,0.0,0.0,0.0,0.0,0.0,0
LA1 1,0.0,0.0,0.0,0.0,0.0,0.0,0.0,0.0,0.0,0.0,0
LA1 2,0.0,0.0,0.0,0.0,0.0,0.0,0.0,0.0,0.0,0.0,0
LA1 3,0.0,0.0,0.0,0.0,0.0,0.0,0.0,0.0,0.0,0.0,0
LA1 4,0.0,0.0,0.0,0.0,0.0,0.0,0.0,0.0,0.0,0.0,0
LA1 5,0.0,0.0,0.0,0.0,0.0,0.0,0.0,8.683e-05,0.0,0.0,0
LA1 9,0.0,0.0,0.0,0.0,0.0,0.0,0.0,0.0,0.0,0.0,0
LA10 5,0.0,0.0,0.0,0.0,0.0,0.0,0.0,0.0,0.0,0.0,0
LA11 6,0.00034503,0.00114032,0.00079158,0.00205402,0.00026361,0.00141901,0.00077295,0.00249229,0.0,92654.1,1
LA11 7,0.00023472,0.00213678,0.0024677,0.00566465,0.00116527,0.00257088,0.00418473,0.0063064,0.0,222227.0,1
LA11 9,0.0,0.0,0.0,0.0,0.0,0.0,0.0,0.0,0.0,0.0,0
LA12 0,0.0,0.0,0.00083595,0.00197462,0.0,0.0,0.00095128,0.00235639,0.0,0.0,1
LA12 2,0.0,0.0,0.0,0.0,0.0,0.0,0.0,0.0,0.0,0.0,0
LA12 7,0.00059509,0.00200982,0.00098864,0.00288502,0.00087782,0.00239969,0.00169927,0.00327656,0.0,92200.8,1
LA12 8,1.643e-05,3.325e-05,0.00013196,0.00029654,1.643e-05,5.008e-05,0.00026671,0.0003128,0.0,4006.1,1
LA12 9,0.00054888,0.0020374,0.00062407,0.00221786,0.00037136,0.0026719,0.000416,0.00295481,0.0,130999.6,1
LA13 0,0.00082692,0.00256064,0.00184075,0.00677595,0.00035781,0.00333495,0.00201253,0.00862275,0.0,152523.1,1
LA13 9,0.0,0.0,0.0,0.0,0.0,0.0,0.0,0.0,0.0,0.0,0
LA14 1,0.0,0.0,0.0,0.0,0.0,0.0,0.0,2.35e-06,0.0,0.0,0
LA14 2,3.102e-05,0.00012386,0.00653364,0.01918739,3.104e-05,0.00015469,0.00509223,0.02431873,0.0,889.7,1
LA14 3,0.0054212,0.01786842,0.00868614,0.0266423,0.00340093,0.02399819,0.00763192,0.03434729,0.0,1196126.5,1
LA14 4,0.00851129,0.02715034,0.00883866,0.02799717,0.00709905,0.0351785,0.0075335,0.03620155,0.0,737700.2,1
LA14 5,0.00014514,0.00058391,0.00014518,0.00058419,0.00014508,0.0007315,0.00014515,0.00073185,0.0,1359.4,1
LA14 9,0.0,0.0,0.0,0.0,0.0,0.0,0.0,0.0,0.0,0.0,0
LA15 8,0.0,0.0,0.0,0.0,0.0,0.0,0.0,0.0,0.0,0.0,0
LA16 7,0.00295146,0.0091917,0.01049514,0.03342888,0.00123134,0.01357059,0.00305078,0.04571793,0.0,99651.2,1
LA17 7,0.0,0.0,0.0,0.0,0.0,0.0,0.0,4.899e-05,0.0,0.0,0
LA18 4,0.00446413,0.01414395,0.00652109,0.01944418,0.00131872,0.01901391,0.00458045,0.02511148,0.0,792213.8,1
LA18 5,0.00034429,0.00106054,0.00034429,0.00106054,0.00055046,0.00119627,0.00055046,0.00119627,0.0,70791.3,1
LA18 9,0.0,0.0,0.0,0.0,0.0,0.0,0.0,0.0,0.0,0.0,0
LA19 5,0.00261679,0.00842166,0.00426564,0.01347591,0.00347923,0.01023452,0.00438678,0.01679461,0.0,877045.7,1
LA2 0,0.00011975,0.00037048,0.00028199,0.00093445,0.00014194,0.0004793,0.0001713,0.00126087,0.0,31181.6,1
LA2 6,0.00155915,0.00543267,0.00520173,0.01467458,0.00162919,0.00694554,0.00549233,0.01818185,0.0,108017.3,1
LA2 7,0.0,0.0,0.0,0.0,0.0,0.0,0.0,0.0,0.0,0.0,0
LA2 8,0.0,0.0,0.0,0.0,0.0,0.0,0.0,0.0,0.0,0.0,0
LA2 9,0.0,0.0,0.0,0.0,0.0,0.0,0.0,0.0,0.0,0.0,0
LA20 6,1.136e-05,3.407e-05,6.731e-05,0.00019932,0.0,5.676e-05,6.909e-05,0.00026868,0.0,4786.1,1
LA21 8,0.0,0.0,0.0,0.0,0.0,0.0,0.0,0.0,0.0,0.0,0
LA22 0,0.0,0.0,0.0,0.0,0.0,0.0,0.0,0.0,0.0,0.0,0
LA22 9,0.0,0.0,0.0,0.0,0.0,0.0,0.0,0.0,0.0,0.0,0
LA23 1,0.0,0.0,0.0,0.0,0.0,0.0,0.0,0.0,0.0,0.0,0
LA23 2,0.0,0.0,0.0,0.0,0.0,0.0,0.0,0.0,0.0,0.0,0
LA23 3,0.0,0.0,0.0,0.0,0.0,0.0,0.0,0.0,0.0,0.0,0
LA23 9,0.0,0.0,0.0,0.0,0.0,0.0,0.0,0.0,0.0,0.0,0
LA3 1,0.0,0.0,0.0034111,0.0074561,0.0,0.0,0.0049695,0.00815059,0.0,0.0,1
LA3 2,0.00072039,0.00291646,0.00294503,0.00814362,0.00073474,0.00382199,0.00419004,0.00982237,0.0,166495.2,1
LA3 3,0.00548902,0.01520387,0.00608559,0.01556825,0.00506744,0.01849907,0.00535634,0.01891362,0.0,653564.2,1
LA4 4,0.0,0.0,0.00807529,0.02162722,0.0,0.0,0.01091422,0.02561275,0.0,0.0,1
LA4 5,0.0,0.0,0.00930035,0.01672253,0.0,0.0,0.01173784,0.01838701,0.0,0.0,1
LA4 6,0.0,0.0,0.03275782,0.07409629,0.0,0.0,0.0328005,0.09010647,0.0,0.0,1
LA4 9,0.0,0.0,0.0,0.0,0.0,0.0,0.0,0.0,0.0,0.0,0
LA5 0,0.00374103,0.01179191,0.0040376,0.01257067,0.00565221,0.01372003,0.00594835,0.01466747,0.0,494246.8,1
LA5 5,0.0,0.0,0.0,0.0,0.0,0.0,0.0,0.0,0.0,0.0,0
LA5 8,0.00161587,0.00587422,0.00161587,0.00587422,0.0005807,0.00805373,0.0005807,0.00805373,0.0,123397.7,1
LA5 9,0.00089449,0.0037549,0.00113871,0.00375489,0.00079474,0.00506695,0.00079474,0.00506695,0.0,113528.2,1
LA6 1,0.0,0.0,0.0,0.0,0.0,0.0,0.0,0.0,0.0,0.0,0
LA6 2,0.0,0.0,0.0,0.0,0.0,0.0,0.0,0.0,0.0,0.0,0
LA6 3,0.0,0.0,0.0,0.0,0.0,0.0,0.0,0.0,0.0,0.0,0
LA7 7,0.0,0.0,0.0,0.0,0.0,0.0,0.0,0.0,0.0,0.0,0
LA8 0,0.0,0.0,0.0,0.0,0.0,0.0,0.0,0.0,0.0,0.0,0
LA8 8,0.0,0.0,0.0,0.0,0.0,0.0,0.0,0.0,0.0,0.0,0
LA8 9,0.0,0.0,0.0,0.0,0.0,0.0,0.0,0.0,0.0,0.0,0
LA9 4,0.0,0.0,0.0,0.0,0.0,0.0,0.0,0.0,0.0,0.0,0
LA9 5,0.0,0.0,0.0,0.0,0.0,0.0,0.0,0.0,0.0,0.0,0
LA9 6,0.0,0.0,0.0,0.0,0.0,0.0,0.0,0.0,0.0,0.0,0
LA9 7,0.0,0.0,0.0,0.0,0.0,0.0,0.0,0.0,0.0,0.0,0
LA9 9,0.0,0.0,0.0,0.0,0.0,0.0,0.0,0.0,0.0,0.0,0
LD1 5,0.0,0.0,0.0,0.0,0.0,0.0,0.0,0.0,0.0,0.0,0
LD1 6,0.0,0.0,0.0,0.0,0.0,0.0,0.0,0.0,0.0,0.0,0
LD1 9,0.0,0.0,0.0,0.0,0.0,0.0,0.0,0.0,0.0,0.0,0
LD2 3,0.0,0.0,0.0,0.0,0.0,0.0,0.0,0.0,0.0,0.0,0
LD3 0,0.0,0.0,0.0,0.0,0.0,0.0,0.0,0.0,0.0,0.0,0
LD3 3,0.0,0.0,0.0,0.0,0.0,0.0,0.0,0.0,0.0,0.0,0
LD3 7,0.0,0.0,0.0,0.0,0.0,0.0,0.0,0.0,0.0,0.0,0
LD3 8,0.0,0.0,0.0,0.0,0.0,0.0,0.0,0.0,0.0,0.0,0
LD3 9,0.0,0.0,0.0,0.0,0.0,0.0,0.0,0.0,0.0,0.0,0
LD4 4,0.0,0.0,0.0,0.0,0.0,0.0,0.0,0.0,0.0,0.0,0
LD5 4,0.0,0.0,0.0,0.0,0.0,0.0,0.0,0.0,0.0,0.0,0
LD6 5,0.0,0.0,0.0,0.0,0.0,0.0,0.0,0.0,0.0,0.0,0
LD7 1,0.0,0.0,0.0,0.0,0.0,0.0,0.0,0.0,0.0,0.0,0
LD8 2,0.0,0.0,0.0,0.0,0.0,0.0,0.0,0.0,0.0,0.0,0
LE1 1,0.0,0.0,0.0,0.0,0.0,0.0,0.0,0.0,0.0,0.0,0
LE1 2,0.0,0.0,0.0,0.0,0.0,0.0,0.0,0.0,0.0,0.0,0
LE1 3,0.0,0.0,0.0,0.0,0.0,0.0,0.0,0.0,0.0,0.0,0
LE1 4,0.0,0.0,0.0,0.0,0.0,0.0,0.0,0.0,0.0,0.0,0
LE1 5,0.0,0.0,0.0,0.0,0.0,0.0,0.0,0.0,0.0,0.0,0
LE1 6,0.0,0.0,0.0,0.0,0.0,0.0,0.0,0.0,0.0,0.0,0
LE1 7,0.0,0.0,0.0,0.0,0.0,0.0,0.0,0.0,0.0,0.0,0
LE1 8,0.0,0.0,0.0,0.0,0.0,0.0,0.0,0.0,0.0,0.0,0
LE1 9,0.0,0.0,0.0,0.0,0.0,0.0,0.0,0.0,0.0,0.0,0
LE10 0,0.0,0.0,0.0,0.0,0.0,0.0,0.0,0.0,0.0,0.0,0
LE10 1,0.0,0.0,0.0,0.0,0.0,0.0,0.0,0.0,0.0,0.0,0
LE10 2,0.0,0.0,0.0,0.0,0.0,0.0,0.0,0.0,0.0,0.0,0
LE10 3,0.0,0.0,0.0,0.0,0.0,0.0,0.0,0.0,0.0,0.0,0
LE10 9,0.0,0.0,0.0,0.0,0.0,0.0,0.0,0.0,0.0,0.0,0
LE11 1,0.0,0.0,0.0,0.0,0.0,0.0,0.0,0.0,0.0,0.0,0
LE11 2,0.0,0.0,0.0,0.0,0.0,0.0,0.0,0.0,0.0,0.0,0
LE11 3,0.0,0.0,0.0,0.0,0.0,0.0,0.0,0.0,0.0,0.0,0
LE11 4,0.0,0.0,0.0,0.0,0.0,0.0,0.0,0.0,0.0,0.0,0
LE11 5,0.0,0.0,0.0,0.0,0.0,0.0,0.0,0.0,0.0,0.0,0
LE11 9,0.0,0.0,0.0,0.0,0.0,0.0,0.0,0.0,0.0,0.0,0
LE12 5,0.0,0.0,0.0,0.0,0.0,0.0,0.0,0.0,0.0,0.0,0
LE12 6,0.0,0.0,0.0,0.0,0.0,0.0,0.0,0.0,0.0,0.0,0
LE12 7,0.0,0.0,0.0,0.0,0.0,0.0,0.0,0.0,0.0,0.0,0
LE12 8,0.0,0.0,0.0,0.0,0.0,0.0,0.0,0.0,0.0,0.0,0
LE12 9,0.0,0.0,0.0,0.0,0.0,0.0,0.0,0.0,0.0,0.0,0
LE13 0,0.0,0.0,0.0,0.0,0.0,0.0,0.0,0.0,0.0,0.0,0
LE13 1,0.0,0.0,0.0,0.0,0.0,0.0,0.0,0.0,0.0,0.0,0
LE13 9,0.0,0.0,0.0,0.0,0.0,0.0,0.0,0.0,0.0,0.0,0
LE14 2,0.0,0.0,0.0,0.0,0.0,0.0,0.0,0.0,0.0,0.0,0
LE14 3,0.0,0.0,0.0,0.0,0.0,0.0,0.0,0.0,0.0,0.0,0
LE14 4,0.0,0.0,0.0,0.0,0.0,0.0,0.0,0.0,0.0,0.0,0
LE15 0,0.0,0.0,0.0,0.0,0.0,0.0,0.0,0.0,0.0,0.0,0
LE15 6,0.0,0.0,0.0,0.0,0.0,0.0,0.0,0.0,0.0,0.0,0
LE15 7,0.0,0.0,0.0,0.0,0.0,0.0,0.0,0.0,0.0,0.0,0
LE15 8,0.0,0.0,0.0,0.0,0.0,0.0,0.0,0.0,0.0,0.0,0
LE15 9,0.0,0.0,0.0,0.0,0.0,0.0,0.0,0.0,0.0,0.0,0
LE16 0,0.0,0.0,0.0,0.0,0.0,0.0,0.0,0.0,0.0,0.0,0
LE16 7,0.0,0.0,0.0,0.0,0.0,0.0,0.0,0.0,0.0,0.0,0
LE16 8,0.0,0.0,0.0,0.0,0.0,0.0,0.0,0.0,0.0,0.0,0
LE16 9,0.0,0.0,0.0,0.0,0.0,0.0,0.0,0.0,0.0,0.0,0
LE17 4,0.0,0.0,0.0,0.0,0.0,0.0,0.0,0.0,0.0,0.0,0
LE17 5,0.0,0.0,0.0,0.0,0.0,0.0,0.0,0.0,0.0,0.0,0
LE17 6,0.0,0.0,0.0,0.0,0.0,0.0,0.0,0.0,0.0,0.0,0
LE17 9,0.0,0.0,0.0,0.0,0.0,0.0,0.0,0.0,0.0,0.0,0
LE18 1,0.0,0.0,0.0,0.0,0.0,0.0,0.0,0.0,0.0,0.0,0
LE18 2,0.0,0.0,0.0,0.0,0.0,0.0,0.0,0.0,0.0,0.0,0
LE18 3,0.0,0.0,0.0,0.0,0.0,0.0,0.0,0.0,0.0,0.0,0
LE18 4,0.0,0.0,0.0,0.0,0.0,0.0,0.0,0.0,0.0,0.0,0
LE18 9,0.0,0.0,0.0,0.0,0.0,0.0,0.0,0.0,0.0,0.0,0
LE19 0,0.0,0.0,0.0,0.0,0.0,0.0,0.0,0.0,0.0,0.0,0
LE19 1,0.0,0.0,0.0,0.0,0.0,0.0,0.0,0.0,0.0,0.0,0
LE19 2,0.0,0.0,0.0,0.0,0.0,0.0,0.0,0.0,0.0,0.0,0
LE19 3,0.0,0.0,0.0,0.0,0.0,0.0,0.0,0.0,0.0,0.0,0
LE19 4,0.0,0.0,0.0,0.0,0.0,0.0,0.0,0.0,0.0,0.0,0
LE19 9,0.0,0.0,0.0,0.0,0.0,0.0,0.0,0.0,0.0,0.0,0
LE2 0,0.0,0.0,0.0,0.0,0.0,0.0,0.0,0.0,0.0,0.0,0
LE2 1,0.0,0.0,0.0,0.0,0.0,0.0,0.0,0.0,0.0,0.0,0
LE2 2,0.0,0.0,0.0,0.0,0.0,0.0,0.0,0.0,0.0,0.0,0
LE2 3,0.0,0.0,0.0,0.0,0.0,0.0,0.0,0.0,0.0,0.0,0
LE2 4,0.0,0.0,0.0,0.0,0.0,0.0,0.0,0.0,0.0,0.0,0
LE2 5,0.0,0.0,0.0,0.0,0.0,0.0,0.0,0.0,0.0,0.0,0
LE2 6,0.0,0.0,0.0,0.0,0.0,0.0,0.0,0.0,0.0,0.0,0
LE2 7,0.0,0.0,0.0,0.0,0.0,0.0,0.0,0.0,0.0,0.0,0
LE2 8,0.0,0.0,0.0,0.0,0.0,0.0,0.0,0.0,0.0,0.0,0
LE2 9,0.0,0.0,0.0,0.0,0.0,0.0,0.0,0.0,0.0,0.0,0
LE3 0,0.0,0.0,0.0,0.0,0.0,0.0,0.0,0.0,0.0,0.0,0
LE3 1,0.0,0.0,0.0,0.0,0.0,0.0,0.0,0.0,0.0,0.0,0
LE3 2,0.0,0.0,0.0,0.0,0.0,0.0,0.0,0.0,0.0,0.0,0
LE3 3,0.0,0.0,0.0,0.0,0.0,0.0,0.0,0.0,0.0,0.0,0
LE3 5,0.0,0.0,0.0,0.0,0.0,0.0,0.0,0.0,0.0,0.0,0
LE3 6,0.0,0.0,0.0,0.0,0.0,0.0,0.0,0.0,0.0,0.0,0
LE3 7,0.0,0.0,0.0,0.0,0.0,0.0,0.0,0.0,0.0,0.0,0
LE3 8,0.0,0.0,0.0,0.0,0.0,0.0,0.0,0.0,0.0,0.0,0
LE3 9,0.0,0.0,0.0,0.0,0.0,0.0,0.0,0.0,0.0,0.0,0
LE4 0,0.0,0.0,0.0,0.0,0.0,0.0,0.0,0.0,0.0,0.0,0
LE4 1,0.0,0.0,0.0,0.0,0.0,0.0,0.0,0.0,0.0,0.0,0
LE4 2,0.0,0.0,0.0,0.0,0.0,0.0,0.0,0.0,0.0,0.0,0
LE4 3,0.0,0.0,0.0,0.0,0.0,0.0,0.0,0.0,0.0,0.0,0
LE4 4,0.0,0.0,0.0,0.0,0.0,0.0,0.0,0.0,0.0,0.0,0
LE4 5,0.0,0.0,0.0,0.0,0.0,0.0,0.0,0.0,0.0,0.0,0
LE4 6,0.0,0.0,0.0,0.0,0.0,0.0,0.0,0.0,0.0,0.0,0
LE4 7,0.0,0.0,0.0,0.0,0.0,0.0,0.0,0.0,0.0,0.0,0
LE4 8,0.0,0.0,0.0,0.0,0.0,0.0,0.0,0.0,0.0,0.0,0
LE4 9,0.0,0.0,0.0,0.0,0.0,0.0,0.0,0.0,0.0,0.0,0
LE5 0,0.0,0.0,0.0,0.0,0.0,0.0,0.0,0.0,0.0,0.0,0
LE5 1,0.0,0.0,0.0,0.0,0.0,0.0,0.0,0.0,0.0,0.0,0
LE5 2,0.0,0.0,0.0,0.0,0.0,0.0,0.0,0.0,0.0,0.0,0
LE5 3,0.0,0.0,0.0,0.0,0.0,0.0,0.0,0.0,0.0,0.0,0
LE5 4,0.0,0.0,0.0,0.0,0.0,0.0,0.0,0.0,0.0,0.0,0
LE5 5,0.0,0.0,0.0,0.0,0.0,0.0,0.0,0.0,0.0,0.0,0
LE5 6,0.0,0.0,0.0,0.0,0.0,0.0,0.0,0.0,0.0,0.0,0
LE6 0,0.0,0.0,0.0,0.0,0.0,0.0,0.0,0.0,0.0,0.0,0
LE65 1,0.0,0.0,0.0,0.0,0.0,0.0,0.0,0.0,0.0,0.0,0
LE65 2,0.0,0.0,0.0,0.0,0.0,0.0,0.0,0.0,0.0,0.0,0
LE65 9,0.0,0.0,0.0,0.0,0.0,0.0,0.0,0.0,0.0,0.0,0
LE67 0,0.0,0.0,0.0,0.0,0.0,0.0,0.0,0.0,0.0,0.0,0
LE67 1,0.0,0.0,0.0,0.0,0.0,0.0,0.0,0.0,0.0,0.0,0
LE67 2,0.0,0.0,0.0,0.0,0.0,0.0,0.0,0.0,0.0,0.0,0
LE67 3,0.0,0.0,0.0,0.0,0.0,0.0,0.0,0.0,0.0,0.0,0
LE67 4,0.0,0.0,0.0,0.0,0.0,0.0,0.0,0.0,0.0,0.0,0
LE67 5,0.0,0.0,0.0,0.0,0.0,0.0,0.0,0.0,0.0,0.0,0
LE67 6,0.0,0.0,0.0,0.0,0.0,0.0,0.0,0.0,0.0,0.0,0
LE67 8,0.0,0.0,0.0,0.0,0.0,0.0,0.0,0.0,0.0,0.0,0
LE67 9,0.0,0.0,0.0,0.0,0.0,0.0,0.0,0.0,0.0,0.0,0
LE7 1,0.0,0.0,0.0,0.0,0.0,0.0,0.0,0.0,0.0,0.0,0
LE7 2,0.0,0.0,0.0,0.0,0.0,0.0,0.0,0.0,0.0,0.0,0
LE7 3,0.0,0.0,0.0,0.0,0.0,0.0,0.0,0.0,0.0,0.0,0
LE7 4,0.0,0.0,0.0,0.0,0.0,0.0,0.0,0.0,0.0,0.0,0
LE7 6,0.0,0.0,0.0,0.0,0.0,0.0,0.0,0.0,0.0,0.0,0
LE7 7,0.0,0.0,0.0,0.0,0.0,0.0,0.0,0.0,0.0,0.0,0
LE7 9,0.0,0.0,0.0,0.0,0.0,0.0,0.0,0.0,0.0,0.0,0
LE8 0,0.0,0.0,0.0,0.0,0.0,0.0,0.0,0.0,0.0,0.0,0
LE8 4,0.0,0.0,0.0,0.0,0.0,0.0,0.0,0.0,0.0,0.0,0
LE8 5,0.0,0.0,0.0,0.0,0.0,0.0,0.0,0.0,0.0,0.0,0
LE8 6,0.0,0.0,0.0,0.0,0.0,0.0,0.0,0.0,0.0,0.0,0
LE8 8,0.0,0.0,0.0,0.0,0.0,0.0,0.0,0.0,0.0,0.0,0
LE8 9,0.0,0.0,0.0,0.0,0.0,0.0,0.0,0.0,0.0,0.0,0
LE9 0,0.0,0.0,0.0,0.0,0.0,0.0,0.0,0.0,0.0,0.0,0
LE9 1,0.0,0.0,0.0,0.0,0.0,0.0,0.0,0.0,0.0,0.0,0
LE9 2,0.0,0.0,0.0,0.0,0.0,0.0,0.0,0.0,0.0,0.0,0
LE9 3,0.0,0.0,0.0,0.0,0.0,0.0,0.0,0.0,0.0,0.0,0
LE9 4,0.0,0.0,0.0,0.0,0.0,0.0,0.0,0.0,0.0,0.0,0
LE9 6,0.0,0.0,0.0,0.0,0.0,0.0,0.0,0.0,0.0,0.0,0
LE9 7,0.0,0.0,0.0,0.0,0.0,0.0,0.0,0.0,0.0,0.0,0
LE9 8,0.0,0.0,0.0,0.0,0.0,0.0,0.0,0.0,0.0,0.0,0
LE9 9,0.0,0.0,0.0,0.0,0.0,0.0,0.0,0.0,0.0,0.0,0
LL11 0,0.0,0.0,0.0,0.0,0.0,0.0,0.0,0.0,0.0,0.0,0
LL11 1,0.0,0.0,0.0,0.0,0.0,0.0,0.0,0.0,0.0,0.0,0
LL11 2,0.0,0.0,0.0,0.0,0.0,0.0,0.0,0.0,0.0,0.0,0
LL11 3,0.0,0.0,0.0,0.0,0.0,0.0,0.0,0.0,0.0,0.0,0
LL11 4,0.0,0.0,0.0,0.0,0.0,0.0,0.0,0.0,0.0,0.0,0
LL11 5,0.0,0.0,0.0,0.0,0.0,0.0,0.0,0.0,0.0,0.0,0
LL11 6,0.0,0.0,0.0,0.0,0.0,0.0,0.0,0.0,0.0,0.0,0
LL12 0,0.0,0.0,0.0,0.0,0.0,0.0,0.0,0.0,0.0,0.0,0
LL12 7,0.0,0.0,0.0,0.0,0.0,0.0,0.0,0.0,0.0,0.0,0
LL12 8,0.0,0.0,0.0,0.0,0.0,0.0,0.0,0.0,0.0,0.0,0
LL12 9,0.0,0.0,0.0,0.0,0.0,0.0,0.0,0.0,0.0,0.0,0
LL13 0,0.0,0.0,0.0,0.0,0.0,0.0,0.0,0.0,0.0,0.0,0
LL13 7,0.0,0.0,0.0,0.0,0.0,0.0,0.0,0.0,0.0,0.0,0
LL13 8,0.0,0.0,0.0,0.0,0.0,0.0,0.0,0.0,0.0,0.0,0
LL13 9,0.0,0.0,0.0,0.0,0.0,0.0,0.0,0.0,0.0,0.0,0
LL14 1,0.0,0.0,0.0,0.0,0.0,0.0,0.0,0.0,0.0,0.0,0
LL14 2,0.0,0.0,0.0,0.0,0.0,0.0,0.0,0.0,0.0,0.0,0
LL14 3,0.0,0.0,0.0,0.0,0.0,0.0,0.0,0.0,0.0,0.0,0
LL14 4,0.0,0.0,0.0,0.0,0.0,0.0,0.0,0.0,0.0,0.0,0
LL14 5,0.0,0.0,0.0,0.0,0.0,0.0,0.0,0.0,0.0,0.0,0
LL14 6,0.0,0.0,0.0,0.0,0.0,0.0,0.0,0.0,0.0,0.0,0
LL15 1,0.0,0.0,0.0,0.0,0.0,0.0,0.0,0.0,0.0,0.0,0
LL15 2,0.0,0.0,0.0,0.0,0.0,0.0,0.0,0.0,0.0,0.0,0
LL15 9,0.0,0.0,0.0,0.0,0.0,0.0,0.0,0.0,0.0,0.0,0
LL16 3,0.0,0.0,0.0,0.0,0.0,0.0,0.0,0.0,0.0,0.0,0
LL16 4,0.0,0.0,0.0,0.0,0.0,0.0,0.0,0.0,0.0,0.0,0
LL16 5,0.0,0.0,0.0,0.0,0.0,0.0,0.0,0.0,0.0,0.0,0
LL16 9,0.0,0.0,0.0,0.0,0.0,0.0,0.0,0.0,0.0,0.0,0
LL17 0,0.0,0.0,0.0,0.0,0.0,0.0,0.0,0.0,0.0,0.0,0
LL18 1,0.0,0.0,0.0,0.0,0.0,0.0,0.0,0.0,0.0,0.0,0
LL18 2,0.0,0.0,0.0,0.0,0.0,0.0,0.0,0.0,0.0,0.0,0
LL18 3,0.0,0.0,0.0,0.0,0.0,0.0,0.0,0.0,0.0,0.0,0
LL18 4,0.0,0.0,0.0,0.0,0.0,0.0,0.0,0.0,0.0,0.0,0
LL18 5,0.0,0.0,0.0,0.0,0.0,0.0,0.0,0.0,0.0,0.0,0
LL18 6,0.0,0.0,0.0,0.0,0.0,0.0,0.0,0.0,0.0,0.0,0
LL18 9,0.0,0.0,0.0,0.0,0.0,0.0,0.0,0.0,0.0,0.0,0
LL19 7,0.0,0.0,0.0,0.0,0.0,0.0,0.0,0.0,0.0,0.0,0
LL19 8,0.0,0.0,0.0,0.0,0.0,0.0,0.0,0.0,0.0,0.0,0
LL19 9,0.0,0.0,0.0,0.0,0.0,0.0,0.0,0.0,0.0,0.0,0
LL20 7,0.0,0.0,0.0,0.0,0.0,0.0,0.0,0.0,0.0,0.0,0
LL20 8,0.0,0.0,0.0,0.0,0.0,0.0,0.0,0.0,0.0,0.0,0
LL20 9,0.0,0.0,0.0,0.0,0.0,0.0,0.0,0.0,0.0,0.0,0
LL21 0,0.0,0.0,0.0,0.0,0.0,0.0,0.0,0.0,0.0,0.0,0
LL21 9,0.0,0.0,0.0,0.0,0.0,0.0,0.0,0.0,0.0,0.0,0
LL22 7,0.0,0.0,0.0,0.0,0.0,0.0,0.0,0.0,0.0,0.0,0
LL22 8,0.0,0.0,0.0,0.0,0.0,0.0,0.0,0.0,0.0,0.0,0
LL22 9,0.0,0.0,0.0,0.0,0.0,0.0,0.0,0.0,0.0,0.0,0
LL23 7,0.0,0.0,0.0,0.0,0.0,0.0,0.0,0.0,0.0,0.0,0
LL24 0,0.0,0.0,0.0,0.0,0.0,0.0,0.0,0.0,0.0,0.0,0
LL25 0,0.0,0.0,0.0,0.0,0.0,0.0,0.0,0.0,0.0,0.0,0
LL26 0,0.0,0.0,0.0,0.0,0.0,0.0,0.0,0.0,0.0,0.0,0
LL27 0,0.0,0.0,0.0,0.0,0.0,0.0,0.0,0.0,0.0,0.0,0
LL28 4,0.0,0.0,0.0,0.0,0.0,0.0,0.0,0.0,0.0,0.0,0
LL28 5,0.0,0.0,0.0,0.0,0.0,0.0,0.0,0.0,0.0,0.0,0
LL29 0,0.0,0.0,0.0,0.0,0.0,0.0,0.0,0.0,0.0,0.0,0
LL29 6,0.0,0.0,0.0,0.0,0.0,0.0,0.0,0.0,0.0,0.0,0
LL29 7,0.0,0.0,0.0,0.0,0.0,0.0,0.0,0.0,0.0,0.0,0
LL29 8,0.0,0.0,0.0,0.0,0.0,0.0,0.0,0.0,0.0,0.0,0
LL29 9,0.0,0.0,0.0,0.0,0.0,0.0,0.0,0.0,0.0,0.0,0
LL30 1,0.0,0.0,0.0,0.0,0.0,0.0,0.0,0.0,0.0,0.0,0
LL30 2,0.0,0.0,0.0,0.0,0.0,0.0,0.0,0.0,0.0,0.0,0
LL30 3,0.0,0.0,0.0,0.0,0.0,0.0,0.0,0.0,0.0,0.0,0
LL30 9,0.0,0.0,0.0,0.0,0.0,0.0,0.0,0.0,0.0,0.0,0
LL31 9,0.0,0.0,0.0,0.0,0.0,0.0,0.0,0.0,0.0,0.0,0
LL32 8,0.0,0.0,0.0,0.0,0.0,0.0,0.0,0.0,0.0,0.0,0
LL33 0,0.0,0.0,0.0,0.0,0.0,0.0,0.0,0.0,0.0,0.0,0
LL34 6,0.0,0.0,0.0,0.0,0.0,0.0,0.0,0.0,0.0,0.0,0
LL35 0,0.0,0.0,0.0,0.0,0.0,0.0,0.0,0.0,0.0,0.0,0
LL36 0,0.0,0.0,0.0,0.0,0.0,0.0,0.0,0.0,0.0,0.0,0
LL36 9,0.0,0.0,0.0,0.0,0.0,0.0,0.0,0.0,0.0,0.0,0
LL37 2,0.0,0.0,0.0,0.0,0.0,0.0,0.0,0.0,0.0,0.0,0
LL38 2,0.0,0.0,0.0,0.0,0.0,0.0,0.0,0.0,0.0,0.0,0
LL39 1,0.0,0.0,0.0,0.0,0.0,0.0,0.0,0.0,0.0,0.0,0
LL40 1,0.0,0.0,0.0,0.0,0.0,0.0,0.0,0.0,0.0,0.0,0
LL40 2,0.0,0.0,0.0,0.0,0.0,0.0,0.0,0.0,0.0,0.0,0
LL41 3,0.0,0.0,0.0,0.0,0.0,0.0,0.0,0.0,0.0,0.0,0
LL41 4,0.0,0.0,0.0,0.0,0.0,0.0,0.0,0.0,0.0,0.0,0
LL42 1,0.0,0.0,0.0,0.0,0.0,0.0,0.0,0.0,0.0,0.0,0
LL43 2,0.0,0.0,0.0,0.0,0.0,0.0,0.0,0.0,0.0,0.0,0
LL44 2,0.0,0.0,0.0,0.0,0.0,0.0,0.0,0.0,0.0,0.0,0
LL45 2,0.0,0.0,0.0,0.0,0.0,0.0,0.0,0.0,0.0,0.0,0
LL46 2,0.0,0.0,0.0,0.0,0.0,0.0,0.0,0.0,0.0,0.0,0
LL47 6,0.0,0.0,0.0,0.0,0.0,0.0,0.0,0.0,0.0,0.0,0
LL48 6,0.0,0.0,0.0,0.0,0.0,0.0,0.0,0.0,0.0,0.0,0
LL49 9,0.0,0.0,0.0,0.0,0.0,0.0,0.0,0.0,0.0,0.0,0
LL51 9,0.0,0.0,0.0,0.0,0.0,0.0,0.0,0.0,0.0,0.0,0
LL52 0,0.0,0.0,0.0,0.0,0.0,0.0,0.0,0.0,0.0,0.0,0
LL53 5,0.0,0.0,0.0,0.0,0.0,0.0,0.0,0.0,0.0,0.0,0
LL53 6,0.0,0.0,0.0,0.0,0.0,0.0,0.0,0.0,0.0,0.0,0
LL53 7,0.0,0.0,0.0,0.0,0.0,0.0,0.0,0.0,0.0,0.0,0
LL53 8,0.0,0.0,0.0,0.0,0.0,0.0,0.0,0.0,0.0,0.0,0
LL53 9,0.0,0.0,0.0,0.0,0.0,0.0,0.0,0.0,0.0,0.0,0
LL54 5,0.0,0.0,0.0,0.0,0.0,0.0,0.0,0.0,0.0,0.0,0
LL54 6,0.0,0.0,0.0,0.0,0.0,0.0,0.0,0.0,0.0,0.0,0
LL54 7,0.0,0.0,0.0,0.0,0.0,0.0,0.0,0.0,0.0,0.0,0
LL55 1,0.0,0.0,0.0,0.0,0.0,0.0,0.0,0.0,0.0,0.0,0
LL55 2,0.0,0.0,0.0,0.0,0.0,0.0,0.0,0.0,0.0,0.0,0
LL55 3,0.0,0.0,0.0,0.0,0.0,0.0,0.0,0.0,0.0,0.0,0
LL55 4,0.0,0.0,0.0,0.0,0.0,0.0,0.0,0.0,0.0,0.0,0
LL55 9,0.0,0.0,0.0,0.0,0.0,0.0,0.0,0.0,0.0,0.0,0
LL56 4,0.0,0.0,0.0,0.0,0.0,0.0,0.0,0.0,0.0,0.0,0
LL57 1,0.0,0.0,0.0,0.0,0.0,0.0,0.0,0.0,0.0,0.0,0
LL57 2,0.0,0.0,0.0,0.0,0.0,0.0,0.0,0.0,0.0,0.0,0
LL57 3,0.0,0.0,0.0,0.0,0.0,0.0,0.0,0.0,0.0,0.0,0
LL57 4,0.0,0.0,0.0,0.0,0.0,0.0,0.0,0.0,0.0,0.0,0
LL57 9,0.0,0.0,0.0,0.0,0.0,0.0,0.0,0.0,0.0,0.0,0
LL58 8,0.0,0.0,0.0,0.0,0.0,0.0,0.0,0.0,0.0,0.0,0
LL59 5,0.0,0.0,0.0,0.0,0.0,0.0,0.0,0.0,0.0,0.0,0
LL60 6,0.0,0.0,0.0,0.0,0.0,0.0,0.0,0.0,0.0,0.0,0
LL61 5,0.0,0.0,0.0,0.0,0.0,0.0,0.0,0.0,0.0,0.0,0
LL61 6,0.0,0.0,0.0,0.0,0.0,0.0,0.0,0.0,0.0,0.0,0
LL62 5,0.0,0.0,0.0,0.0,0.0,0.0,0.0,0.0,0.0,0.0,0
LL63 5,0.0,0.0,0.0,0.0,0.0,0.0,0.0,0.0,0.0,0.0,0
LL64 5,0.0,0.0,0.0,0.0,0.0,0.0,0.0,0.0,0.0,0.0,0
LL65 1,0.0,0.0,0.0,0.0,0.0,0.0,0.0,0.0,0.0,0.0,0
LL65 2,0.0,0.0,0.0,0.0,0.0,0.0,0.0,0.0,0.0,0.0,0
LL65 3,0.0,0.0,0.0,0.0,0.0,0.0,0.0,0.0,0.0,0.0,0
LL65 4,0.0,0.0,0.0,0.0,0.0,0.0,0.0,0.0,0.0,0.0,0
LL66 0,0.0,0.0,0.0,0.0,0.0,0.0,0.0,0.0,0.0,0.0,0
LL66 9,0.0,0.0,0.0,0.0,0.0,0.0,0.0,0.0,0.0,0.0,0
LL67 0,0.0,0.0,0.0,0.0,0.0,0.0,0.0,0.0,0.0,0.0,0
LL68 0,0.0,0.0,0.0,0.0,0.0,0.0,0.0,0.0,0.0,0.0,0
LL68 9,0.0,0.0,0.0,0.0,0.0,0.0,0.0,0.0,0.0,0.0,0
LL69 9,0.0,0.0,0.0,0.0,0.0,0.0,0.0,0.0,0.0,0.0,0
LL70 9,0.0,0.0,0.0,0.0,0.0,0.0,0.0,0.0,0.0,0.0,0
LL71 7,0.0,0.0,0.0,0.0,0.0,0.0,0.0,0.0,0.0,0.0,0
LL71 8,0.0,0.0,0.0,0.0,0.0,0.0,0.0,0.0,0.0,0.0,0
LL72 8,0.0,0.0,0.0,0.0,0.0,0.0,0.0,0.0,0.0,0.0,0
LL73 8,0.0,0.0,0.0,0.0,0.0,0.0,0.0,0.0,0.0,0.0,0
LL74 8,0.0,0.0,0.0,0.0,0.0,0.0,0.0,0.0,0.0,0.0,0
LL75 7,0.0,0.0,0.0,0.0,0.0,0.0,0.0,0.0,0.0,0.0,0
LL75 8,0.0,0.0,0.0,0.0,0.0,0.0,0.0,0.0,0.0,0.0,0
LL76 8,0.0,0.0,0.0,0.0,0.0,0.0,0.0,0.0,0.0,0.0,0
LL77 7,0.0,0.0,0.0,0.0,0.0,0.0,0.0,0.0,0.0,0.0,0
LL77 8,0.0,0.0,0.0,0.0,0.0,0.0,0.0,0.0,0.0,0.0,0
LL77 9,0.0,0.0,0.0,0.0,0.0,0.0,0.0,0.0,0.0,0.0,0
LL78 7,0.0,0.0,0.0,0.0,0.0,0.0,0.0,0.0,0.0,0.0,0
LL78 8,0.0,0.0,0.0,0.0,0.0,0.0,0.0,0.0,0.0,0.0,0
LN1 1,0.0,0.0,0.0,0.0,0.0,0.0,0.0,0.0,0.0,0.0,0
LN1 2,0.0,0.0,0.0,0.0,0.0,0.0,0.0,0.0,0.0,0.0,0
LN1 3,0.0,0.0,0.0,0.0,0.0,0.0,0.0,0.0,0.0,0.0,0
LN1 4,0.0,0.0,0.0,0.0,0.0,0.0,0.0,0.0,0.0,0.0,0
LN1 5,0.0,0.0,0.0,0.0,0.0,0.0,0.0,0.0,0.0,0.0,0
LN1 6,0.0,0.0,0.0,0.0,0.0,0.0,0.0,0.0,0.0,0.0,0
LN10 5,0.0,0.0,0.0,0.0,0.0,0.0,0.0,0.0,0.0,0.0,0
LN10 6,0.0,0.0,0.0,0.0,0.0,0.0,0.0,0.0,0.0,0.0,0
LN11 0,0.0,0.0,0.0,0.0,0.0,0.0,0.0,0.0,0.0,0.0,0
LN11 1,0.0,0.0,0.0,0.0,0.0,0.0,0.0,0.0,0.0,0.0,0
LN11 7,0.0,0.0,0.0,0.0,0.0,0.0,0.0,0.0,0.0,0.0,0
LN11 8,0.0,0.0,0.0,0.0,0.0,0.0,0.0,0.0,0.0,0.0,0
LN11 9,0.0,0.0,0.0,0.0,0.0,0.0,0.0,0.0,0.0,0.0,0
LN12 1,0.0,0.0,0.0,0.0,0.0,0.0,0.0,0.0,0.0,0.0,0
LN12 2,0.0,0.0,0.0,0.0,0.0,0.0,0.0,0.0,0.0,0.0,0
LN13 0,0.0,0.0,0.0,0.0,0.0,0.0,0.0,0.0,0.0,0.0,0
LN13 3,0.0,0.0,0.0,0.0,0.0,0.0,0.0,0.0,0.0,0.0,0
LN13 9,0.0,0.0,0.0,0.0,0.0,0.0,0.0,0.0,0.0,0.0,0
LN2 1,0.0,0.0,0.0,0.0,0.0,0.0,0.0,0.0,0.0,0.0,0
LN2 2,0.0,0.0,0.0,0.0,0.0,0.0,0.0,0.0,0.0,0.0,0
LN2 3,0.0,0.0,0.0,0.0,0.0,0.0,0.0,0.0,0.0,0.0,0
LN2 4,0.0,0.0,0.0,0.0,0.0,0.0,0.0,0.0,0.0,0.0,0
LN2 5,0.0,0.0,0.0,0.0,0.0,0.0,0.0,0.0,0.0,0.0,0
LN3 4,0.0,0.0,0.0,0.0,0.0,0.0,0.0,0.0,0.0,0.0,0
LN3 5,0.0,0.0,0.0,0.0,0.0,0.0,0.0,0.0,0.0,0.0,0
LN4 1,0.0,0.0,0.0,0.0,0.0,0.0,0.0,0.0,0.0,0.0,0
LN4 2,0.0,0.0,0.0,0.0,0.0,0.0,0.0,0.0,0.0,0.0,0
LN4 3,0.0,0.0,0.0,0.0,0.0,0.0,0.0,0.0,0.0,0.0,0
LN4 4,0.0,0.0,0.0,0.0,0.0,0.0,0.0,0.0,0.0,0.0,0
LN5 0,0.0,0.0,0.0,0.0,0.0,0.0,0.0,0.0,0.0,0.0,0
LN5 5,0.0,0.0,0.0,0.0,0.0,0.0,0.0,0.0,0.0,0.0,0
LN5 7,0.0,0.0,0.0,0.0,0.0,0.0,0.0,0.0,0.0,0.0,0
LN5 8,0.0,0.0,0.0,0.0,0.0,0.0,0.0,0.0,0.0,0.0,0
LN5 9,0.0,0.0,0.0,0.0,0.0,0.0,0.0,0.0,0.0,0.0,0
LN6 0,0.0,0.0,0.0,0.0,0.0,0.0,0.0,0.0,0.0,0.0,0
LN6 3,0.0,0.0,0.0,0.0,0.0,0.0,0.0,0.0,0.0,0.0,0
LN6 4,0.0,0.0,0.0,0.0,0.0,0.0,0.0,0.0,0.0,0.0,0
LN6 5,0.0,0.0,0.0,0.0,0.0,0.0,0.0,0.0,0.0,0.0,0
LN6 6,0.0,0.0,0.0,0.0,0.0,0.0,0.0,0.0,0.0,0.0,0
LN6 7,0.0,0.0,0.0,0.0,0.0,0.0,0.0,0.0,0.0,0.0,0
LN6 8,0.0,0.0,0.0,0.0,0.0,0.0,0.0,0.0,0.0,0.0,0
LN6 9,0.0,0.0,0.0,0.0,0.0,0.0,0.0,0.0,0.0,0.0,0
LN7 6,0.0,0.0,0.0,0.0,0.0,0.0,0.0,0.0,0.0,0.0,0
LN8 2,0.0,0.0,0.0,0.0,0.0,0.0,0.0,0.0,0.0,0.0,0
LN8 3,0.0,0.0,0.0,0.0,0.0,0.0,0.0,0.0,0.0,0.0,0
LN8 5,0.0,0.0,0.0,0.0,0.0,0.0,0.0,0.0,0.0,0.0,0
LN8 6,0.0,0.0,0.0,0.0,0.0,0.0,0.0,0.0,0.0,0.0,0
LN8 9,0.0,0.0,0.0,0.0,0.0,0.0,0.0,0.0,0.0,0.0,0
LN9 5,0.0,0.0,0.0,0.0,0.0,0.0,0.0,0.0,0.0,0.0,0
LN9 6,0.0,0.0,0.0,0.0,0.0,0.0,0.0,0.0,0.0,0.0,0
LN9 9,0.0,0.0,0.0,0.0,0.0,0.0,0.0,0.0,0.0,0.0,0
LS1 1,0.0,0.0,0.0,0.0,0.0,0.0,0.0,0.0,0.0,0.0,0
LS1 2,0.0,0.0,0.0,0.0,0.0,0.0,0.0,0.0,0.0,0.0,0
LS1 3,0.0,0.0,0.0,0.0,0.0,0.0,0.0,0.0,0.0,0.0,0
LS1 4,0.0,0.0,0.0,0.0,0.0,0.0,0.0,0.0,0.0,0.0,0
LS1 5,0.0,0.0,0.0,0.0,0.0,0.0,0.0,0.0,0.0,0.0,0
LS1 6,0.0,0.0,0.0,0.0,0.0,0.0,0.0,0.0,0.0,0.0,0
LS1 7,0.0,0.0,0.0,0.0,0.0,0.0,0.0,0.0,0.0,0.0,0
LS1 8,0.0,0.0,0.0,0.0,0.0,0.0,0.0,0.0,0.0,0.0,0
LS1 9,0.0,0.0,0.0,0.0,0.0,0.0,0.0,0.0,0.0,0.0,0
LS10 1,0.0,0.0,0.0,0.0,0.0,0.0,0.0,0.0,0.0,0.0,0
LS10 2,0.0,0.0,0.0,0.0,0.0,0.0,0.0,0.0,0.0,0.0,0
LS10 3,0.0,0.0,0.0,0.0,0.0,0.0,0.0,0.0,0.0,0.0,0
LS10 4,0.0,0.0,0.0,0.0,0.0,0.0,0.0,0.0,0.0,0.0,0
LS10 9,0.0,0.0,0.0,0.0,0.0,0.0,0.0,0.0,0.0,0.0,0
LS11 0,0.0,0.0,0.0,0.0,0.0,0.0,0.0,0.0,0.0,0.0,0
LS11 1,0.0,0.0,0.0,0.0,0.0,0.0,0.0,0.0,0.0,0.0,0
LS11 5,0.0,0.0,0.0,0.0,0.0,0.0,0.0,0.0,0.0,0.0,0
LS11 6,0.0,0.0,0.0,0.0,0.0,0.0,0.0,0.0,0.0,0.0,0
LS11 7,0.0,0.0,0.0,0.0,0.0,0.0,0.0,0.0,0.0,0.0,0
LS11 8,0.0,0.0,0.0,0.0,0.0,0.0,0.0,0.0,0.0,0.0,0
LS11 9,0.0,0.0,0.0,0.0,0.0,0.0,0.0,0.0,0.0,0.0,0
LS12 1,0.0,0.0,0.0,0.0,0.0,0.0,0.0,0.0,0.0,0.0,0
LS12 2,0.0,0.0,0.0,0.0,0.0,0.0,0.0,0.0,0.0,0.0,0
LS12 3,0.0,0.0,0.0,0.0,0.0,0.0,0.0,0.0,0.0,0.0,0
LS12 4,0.0,0.0,0.0,0.0,0.0,0.0,0.0,0.0,0.0,0.0,0
LS12 5,0.0,0.0,0.0,0.0,0.0,0.0,0.0,0.0,0.0,0.0,0
LS12 6,0.0,0.0,0.0,0.0,0.0,0.0,0.0,0.0,0.0,0.0,0
LS12 9,0.0,0.0,0.0,0.0,0.0,0.0,0.0,0.0,0.0,0.0,0
LS13 1,0.0,0.0,0.0,0.0,0.0,0.0,0.0,0.0,0.0,0.0,0
LS13 2,0.0,0.0,0.0,0.0,0.0,0.0,0.0,0.0,0.0,0.0,0
LS13 3,0.0,0.0,0.0,0.0,0.0,0.0,0.0,0.0,0.0,0.0,0
LS13 4,0.0,0.0,0.0,0.0,0.0,0.0,0.0,0.0,0.0,0.0,0
LS13 9,0.0,0.0,0.0,0.0,0.0,0.0,0.0,0.0,0.0,0.0,0
LS14 1,0.0,0.0,0.0,0.0,0.0,0.0,0.0,0.0,0.0,0.0,0
LS14 2,0.0,0.0,0.0,0.0,0.0,0.0,0.0,0.0,0.0,0.0,0
LS14 3,0.0,0.0,0.0,0.0,0.0,0.0,0.0,0.0,0.0,0.0,0
LS14 5,0.0,0.0,0.0,0.0,0.0,0.0,0.0,0.0,0.0,0.0,0
LS14 6,0.0,0.0,0.0,0.0,0.0,0.0,0.0,0.0,0.0,0.0,0
LS14 9,0.0,0.0,0.0,0.0,0.0,0.0,0.0,0.0,0.0,0.0,0
LS15 0,0.0,0.0,0.0,0.0,0.0,0.0,0.0,0.0,0.0,0.0,0
LS15 4,0.0,0.0,0.0,0.0,0.0,0.0,0.0,0.0,0.0,0.0,0
LS15 5,0.0,0.0,0.0,0.0,0.0,0.0,0.0,0.0,0.0,0.0,0
LS15 7,0.0,0.0,0.0,0.0,0.0,0.0,0.0,0.0,0.0,0.0,0
LS15 8,0.0,0.0,0.0,0.0,0.0,0.0,0.0,0.0,0.0,0.0,0
LS15 9,0.0,0.0,0.0,0.0,0.0,0.0,0.0,0.0,0.0,0.0,0
LS16 0,0.0,0.0,0.0,0.0,0.0,0.0,0.0,0.0,0.0,0.0,0
LS16 5,0.0,0.0,0.0,0.0,0.0,0.0,0.0,0.0,0.0,0.0,0
LS16 6,0.0,0.0,0.0,0.0,0.0,0.0,0.0,0.0,0.0,0.0,0
LS16 7,0.0,0.0,0.0,0.0,0.0,0.0,0.0,0.0,0.0,0.0,0
LS16 8,0.0,0.0,0.0,0.0,0.0,0.0,0.0,0.0,0.0,0.0,0
LS16 9,0.0,0.0,0.0,0.0,0.0,0.0,0.0,0.0,0.0,0.0,0
LS17 0,0.0,0.0,0.0,0.0,0.0,0.0,0.0,0.0,0.0,0.0,0
LS17 1,0.0,0.0,0.0,0.0,0.0,0.0,0.0,0.0,0.0,0.0,0
LS17 5,0.0,0.0,0.0,0.0,0.0,0.0,0.0,0.0,0.0,0.0,0
LS17 6,0.0,0.0,0.0,0.0,0.0,0.0,0.0,0.0,0.0,0.0,0
LS17 7,0.0,0.0,0.0,0.0,0.0,0.0,0.0,0.0,0.0,0.0,0
LS17 8,0.0,0.0,0.0,0.0,0.0,0.0,0.0,0.0,0.0,0.0,0
LS17 9,0.0,0.0,0.0,0.0,0.0,0.0,0.0,0.0,0.0,0.0,0
LS18 4,0.0,0.0,0.0,0.0,0.0,0.0,0.0,0.0,0.0,0.0,0
LS18 5,0.0,0.0,0.0,0.0,0.0,0.0,0.0,0.0,0.0,0.0,0
LS19 6,0.0,0.0,0.0,0.0,0.0,0.0,0.0,0.0,0.0,0.0,0
LS19 7,0.0,0.0,0.0,0.0,0.0,0.0,0.0,0.0,0.0,0.0,0
LS19 9,0.0,0.0,0.0,0.0,0.0,0.0,0.0,0.0,0.0,0.0,0
LS2 3,0.0,0.0,0.0,0.0,0.0,0.0,0.0,0.0,0.0,0.0,0
LS2 7,0.0,0.0,0.0,0.0,0.0,0.0,0.0,0.0,0.0,0.0,0
LS2 8,0.0,0.0,0.0,0.0,0.0,0.0,0.0,0.0,0.0,0.0,0
LS2 9,0.0,0.0,0.0,0.0,0.0,0.0,0.0,0.0,0.0,0.0,0
LS20 8,0.0,0.0,0.0,0.0,0.0,0.0,0.0,0.0,0.0,0.0,0
LS20 9,0.0,0.0,0.0,0.0,0.0,0.0,0.0,0.0,0.0,0.0,0
LS21 1,0.0,0.0,0.0,0.0,0.0,0.0,0.0,0.0,0.0,0.0,0
LS21 2,0.0,0.0,0.0,0.0,0.0,0.0,0.0,0.0,0.0,0.0,0
LS21 3,0.0,0.0,0.0,0.0,0.0,0.0,0.0,0.0,0.0,0.0,0
LS21 9,0.0,0.0,0.0,0.0,0.0,0.0,0.0,0.0,0.0,0.0,0
LS22 4,0.0,0.0,0.0,0.0,0.0,0.0,0.0,0.0,0.0,0.0,0
LS22 5,0.0,0.0,0.0,0.0,0.0,0.0,0.0,0.0,0.0,0.0,0
LS22 6,0.0,0.0,0.0,0.0,0.0,0.0,0.0,0.0,0.0,0.0,0
LS22 7,0.0,0.0,0.0,0.0,0.0,0.0,0.0,0.0,0.0,0.0,0
LS22 9,0.0,0.0,0.0,0.0,0.0,0.0,0.0,0.0,0.0,0.0,0
LS23 6,0.0,0.0,0.0,0.0,0.0,0.0,0.0,0.0,0.0,0.0,0
LS23 7,0.0,0.0,0.0,0.0,0.0,0.0,0.0,0.0,0.0,0.0,0
LS24 0,0.0,0.0,0.0,0.0,0.0,0.0,0.0,0.0,0.0,0.0,0
LS24 8,0.0,0.0,0.0,0.0,0.0,0.0,0.0,0.0,0.0,0.0,0
LS24 9,0.0,0.0,0.0,0.0,0.0,0.0,0.0,0.0,0.0,0.0,0
LS25 1,0.0,0.0,0.0,0.0,0.0,0.0,0.0,0.0,0.0,0.0,0
LS25 2,0.0,0.0,0.0,0.0,0.0,0.0,0.0,0.0,0.0,0.0,0
LS25 3,0.0,0.0,0.0,0.0,0.0,0.0,0.0,0.0,0.0,0.0,0
LS25 4,0.0,0.0,0.0,0.0,0.0,0.0,0.0,0.0,0.0,0.0,0
LS25 5,0.0,0.0,0.0,0.0,0.0,0.0,0.0,0.0,0.0,0.0,0
LS25 6,0.0,0.0,0.0,0.0,0.0,0.0,0.0,0.0,0.0,0.0,0
LS25 7,0.0,0.0,0.0,0.0,0.0,0.0,0.0,0.0,0.0,0.0,0
LS25 9,0.0,0.0,0.0,0.0,0.0,0.0,0.0,0.0,0.0,0.0,0
LS26 0,0.0,0.0,0.0,0.0,0.0,0.0,0.0,0.0,0.0,0.0,0
LS26 8,0.0,0.0,0.0,0.0,0.0,0.0,0.0,0.0,0.0,0.0,0
LS26 9,0.0,0.0,0.0,0.0,0.0,0.0,0.0,0.0,0.0,0.0,0
LS27 0,0.0,0.0,0.0,0.0,0.0,0.0,0.0,0.0,0.0,0.0,0
LS27 1,0.0,0.0,0.0,0.0,0.0,0.0,0.0,0.0,0.0,0.0,0
LS27 7,0.0,0.0,0.0,0.0,0.0,0.0,0.0,0.0,0.0,0.0,0
LS27 8,0.0,0.0,0.0,0.0,0.0,0.0,0.0,0.0,0.0,0.0,0
LS27 9,0.0,0.0,0.0,0.0,0.0,0.0,0.0,0.0,0.0,0.0,0
LS28 0,0.0,0.0,0.0,0.0,0.0,0.0,0.0,0.0,0.0,0.0,0
LS28 5,0.0,0.0,0.0,0.0,0.0,0.0,0.0,0.0,0.0,0.0,0
LS28 6,0.0,0.0,0.0,0.0,0.0,0.0,0.0,0.0,0.0,0.0,0
LS28 7,0.0,0.0,0.0,0.0,0.0,0.0,0.0,0.0,0.0,0.0,0
LS28 8,0.0,0.0,0.0,0.0,0.0,0.0,0.0,0.0,0.0,0.0,0
LS28 9,0.0,0.0,0.0,0.0,0.0,0.0,0.0,0.0,0.0,0.0,0
LS29 0,0.0,0.0,0.0,0.0,0.0,0.0,0.0,0.0,0.0,0.0,0
LS29 1,0.0,0.0,0.0,0.0,0.0,0.0,0.0,0.0,0.0,0.0,0
LS29 6,0.0,0.0,0.0,0.0,0.0,0.0,0.0,0.0,0.0,0.0,0
LS29 7,0.0,0.0,0.0,0.0,0.0,0.0,0.0,0.0,0.0,0.0,0
LS29 8,0.0,0.0,0.0,0.0,0.0,0.0,0.0,0.0,0.0,0.0,0
LS29 9,0.0,0.0,0.0,0.0,0.0,0.0,0.0,0.0,0.0,0.0,0
LS3 1,0.0,0.0,0.0,0.0,0.0,0.0,0.0,0.0,0.0,0.0,0
LS4 2,0.0,0.0,0.0,0.0,0.0,0.0,0.0,0.0,0.0,0.0,0
LS5 2,0.0,0.0,0.0,0.0,0.0,0.0,0.0,0.0,0.0,0.0,0
LS5 3,0.0,0.0,0.0,0.0,0.0,0.0,0.0,0.0,0.0,0.0,0
LS6 1,0.0,0.0,0.0,0.0,0.0,0.0,0.0,0.0,0.0,0.0,0
LS6 2,0.0,0.0,0.0,0.0,0.0,0.0,0.0,0.0,0.0,0.0,0
LS6 3,0.0,0.0,0.0,0.0,0.0,0.0,0.0,0.0,0.0,0.0,0
LS6 4,0.0,0.0,0.0,0.0,0.0,0.0,0.0,0.0,0.0,0.0,0
LS7 1,0.0,0.0,0.0,0.0,0.0,0.0,0.0,0.0,0.0,0.0,0
LS7 2,0.0,0.0,0.0,0.0,0.0,0.0,0.0,0.0,0.0,0.0,0
LS7 3,0.0,0.0,0.0,0.0,0.0,0.0,0.0,0.0,0.0,0.0,0
LS7 4,0.0,0.0,0.0,0.0,0.0,0.0,0.0,0.0,0.0,0.0,0
LS7 9,0.0,0.0,0.0,0.0,0.0,0.0,0.0,0.0,0.0,0.0,0
LS8 1,0.0,0.0,0.0,0.0,0.0,0.0,0.0,0.0,0.0,0.0,0
LS8 2,0.0,0.0,0.0,0.0,0.0,0.0,0.0,0.0,0.0,0.0,0
LS8 3,0.0,0.0,0.0,0.0,0.0,0.0,0.0,0.0,0.0,0.0,0
LS8 4,0.0,0.0,0.0,0.0,0.0,0.0,0.0,0.0,0.0,0.0,0
LS8 5,0.0,0.0,0.0,0.0,0.0,0.0,0.0,0.0,0.0,0.0,0
LS8 9,0.0,0.0,0.0,0.0,0.0,0.0,0.0,0.0,0.0,0.0,0
LS9 0,0.0,0.0,0.0,0.0,0.0,0.0,0.0,0.0,0.0,0.0,0
LS9 6,0.0,0.0,0.0,0.0,0.0,0.0,0.0,0.0,0.0,0.0,0
LS9 7,0.0,0.0,0.0,0.0,0.0,0.0,0.0,0.0,0.0,0.0,0
LS9 8,0.0,0.0,0.0,0.0,0.0,0.0,0.0,0.0,0.0,0.0,0
LS9 9,0.0,0.0,0.0,0.0,0.0,0.0,0.0,0.0,0.0,0.0,0
LU1 1,0.0,0.0,0.0,0.0,0.0,0.0,0.0,0.0,0.0,0.0,0
LU1 2,0.0,0.0,0.0,0.0,0.0,0.0,0.0,0.0,0.0,0.0,0
LU1 3,0.0,0.0,0.0,0.0,0.0,0.0,0.0,0.0,0.0,0.0,0
LU1 4,0.0,0.0,0.0,0.0,0.0,0.0,0.0,0.0,0.0,0.0,0
LU1 5,0.0,0.0,0.0,0.0,0.0,0.0,0.0,0.0,0.0,0.0,0
LU1 9,0.0,0.0,0.0,0.0,0.0,0.0,0.0,0.0,0.0,0.0,0
LU2 0,0.0,0.0,0.0,0.0,0.0,0.0,0.0,0.0,0.0,0.0,0
LU2 7,0.0,0.0,0.0,0.0,0.0,0.0,0.0,0.0,0.0,0.0,0
LU2 8,0.0,0.0,0.0,0.0,0.0,0.0,0.0,0.0,0.0,0.0,0
LU2 9,0.0,0.0,0.0,0.0,0.0,0.0,0.0,0.0,0.0,0.0,0
LU3 1,0.0,0.0,0.0,0.0,0.0,0.0,0.0,0.0,0.0,0.0,0
LU3 2,0.0,0.0,0.0,0.0,0.0,0.0,0.0,0.0,0.0,0.0,0
LU3 3,0.0,0.0,0.0,0.0,0.0,0.0,0.0,0.0,0.0,0.0,0
LU3 4,0.0,0.0,0.0,0.0,0.0,0.0,0.0,0.0,0.0,0.0,0
LU4 0,0.0,0.0,0.0,0.0,0.0,0.0,0.0,0.0,0.0,0.0,0
LU4 8,0.0,0.0,0.0,0.0,0.0,0.0,0.0,0.0,0.0,0.0,0
LU4 9,0.0,0.0,0.0,0.0,0.0,0.0,0.0,0.0,0.0,0.0,0
LU5 4,0.0,0.0,0.0,0.0,0.0,0.0,0.0,0.0,0.0,0.0,0
LU5 5,0.0,0.0,0.0,0.0,0.0,0.0,0.0,0.0,0.0,0.0,0
LU5 6,0.0,0.0,0.0,0.0,0.0,0.0,0.0,0.0,0.0,0.0,0
LU5 7,0.0,0.0,0.0,0.0,0.0,0.0,0.0,0.0,0.0,0.0,0
LU6 1,0.0,0.0,0.0,0.0,0.0,0.0,0.0,0.0,0.0,0.0,0
LU6 2,0.0,0.0,0.0,0.0,0.0,0.0,0.0,0.0,0.0,0.0,0
LU6 3,0.0,0.0,0.0,0.0,0.0,0.0,0.0,0.0,0.0,0.0,0
LU6 9,0.0,0.0,0.0,0.0,0.0,0.0,0.0,0.0,0.0,0.0,0
LU7 0,0.0,0.0,0.0,0.0,0.0,0.0,0.0,0.0,0.0,0.0,0
LU7 1,0.0,0.0,0.0,0.0,0.0,0.0,0.0,0.0,0.0,0.0,0
LU7 2,0.0,0.0,0.0,0.0,0.0,0.0,0.0,0.0,0.0,0.0,0
LU7 3,0.0,0.0,0.0,0.0,0.0,0.0,0.0,0.0,0.0,0.0,0
LU7 4,0.0,0.0,0.0,0.0,0.0,0.0,0.0,0.0,0.0,0.0,0
LU7 6,0.0,0.0,0.0,0.0,0.0,0.0,0.0,0.0,0.0,0.0,0
LU7 9,0.0,0.0,0.0,0.0,0.0,0.0,0.0,0.0,0.0,0.0,0
M1 1,0.0,0.0,0.0,0.0,0.0,0.0,0.0,0.0,0.0,0.0,0
M1 2,0.0,0.0,0.0,0.0,0.0,0.0,0.0,0.0,0.0,0.0,0
M1 3,0.0,0.0,0.0,0.0,0.0,0.0,0.0,0.0,0.0,0.0,0
M1 4,0.0,0.0,0.0,0.0,0.0,0.0,0.0,0.0,0.0,0.0,0
M1 5,0.0,0.0,0.0,0.0,0.0,0.0,0.0,0.0,0.0,0.0,0
M1 6,0.0,0.0,0.0,0.0,0.0,0.0,0.0,0.0,0.0,0.0,0
M1 7,0.0,0.0,0.0,0.0,0.0,0.0,0.0,0.0,0.0,0.0,0
M11 1,0.0,0.0,0.0,0.0,0.0,0.0,0.0,0.0,0.0,0.0,0
M11 2,0.0,0.0,0.0,0.0,0.0,0.0,0.0,0.0,0.0,0.0,0
M11 3,0.0,0.0,0.0,0.0,0.0,0.0,0.0,0.0,0.0,0.0,0
M11 4,0.0,0.0,0.0,0.0,0.0,0.0,0.0,0.0,0.0,0.0,0
M12 0,0.0,0.0,0.0,0.0,0.0,0.0,0.0,0.0,0.0,0.0,0
M12 4,0.0,0.0,0.0,0.0,0.0,0.0,0.0,0.0,0.0,0.0,0
M12 5,0.0,0.0,0.0,0.0,0.0,0.0,0.0,0.0,0.0,0.0,0
M12 6,0.0,0.0,0.0,0.0,0.0,0.0,0.0,0.0,0.0,0.0,0
M13 0,0.0,0.0,0.0,0.0,0.0,0.0,0.0,0.0,0.0,0.0,0
M13 9,0.0,0.0,0.0,0.0,0.0,0.0,0.0,0.0,0.0,0.0,0
M14 0,0.0,0.0,0.0,0.0,0.0,0.0,0.0,0.0,0.0,0.0,0
M14 4,0.0,0.0,0.0,0.0,0.0,0.0,0.0,0.0,0.0,0.0,0
M14 5,0.0,0.0,0.0,0.0,0.0,0.0,0.0,0.0,0.0,0.0,0
M14 6,0.0,0.0,0.0,0.0,0.0,0.0,0.0,0.0,0.0,0.0,0
M14 7,0.0,0.0,0.0,0.0,0.0,0.0,0.0,0.0,0.0,0.0,0
M15 4,0.0,0.0,0.0,0.0,0.0,0.0,0.0,0.0,0.0,0.0,0
M15 5,0.0,0.0,0.0,0.0,0.0,0.0,0.0,0.0,0.0,0.0,0
M15 6,0.0,0.0,0.0,0.0,0.0,0.0,0.0,0.0,0.0,0.0,0
M16 0,0.0,0.0,0.0,0.0,0.0,0.0,0.0,0.0,0.0,0.0,0
M16 6,0.0,0.0,0.0,0.0,0.0,0.0,0.0,0.0,0.0,0.0,0
M16 7,0.0,0.0,0.0,0.0,0.0,0.0,0.0,0.0,0.0,0.0,0
M16 8,0.0,0.0,0.0,0.0,0.0,0.0,0.0,0.0,0.0,0.0,0
M16 9,0.0,0.0,0.0,0.0,0.0,0.0,0.0,0.0,0.0,0.0,0
M17 1,0.0,0.0,0.0,0.0,0.0,0.0,0.0,0.0,0.0,0.0,0
M17 8,0.0,0.0,0.0,0.0,0.0,0.0,0.0,0.0,0.0,0.0,0
M18 7,0.0,0.0,0.0,0.0,0.0,0.0,0.0,0.0,0.0,0.0,0
M18 8,0.0,0.0,0.0,0.0,0.0,0.0,0.0,0.0,0.0,0.0,0
M19 1,0.0,0.0,0.0,0.0,0.0,0.0,0.0,0.0,0.0,0.0,0
M19 2,0.0,0.0,0.0,0.0,0.0,0.0,0.0,0.0,0.0,0.0,0
M19 3,0.0,0.0,0.0,0.0,0.0,0.0,0.0,0.0,0.0,0.0,0
M2 1,0.0,0.0,0.0,0.0,0.0,0.0,0.0,0.0,0.0,0.0,0
M2 2,0.0,0.0,0.0,0.0,0.0,0.0,0.0,0.0,0.0,0.0,0
M2 3,0.0,0.0,0.0,0.0,0.0,0.0,0.0,0.0,0.0,0.0,0
M2 4,0.0,0.0,0.0,0.0,0.0,0.0,0.0,0.0,0.0,0.0,0
M2 5,0.0,0.0,0.0,0.0,0.0,0.0,0.0,0.0,0.0,0.0,0
M2 6,0.0,0.0,0.0,0.0,0.0,0.0,0.0,0.0,0.0,0.0,0
M2 7,0.0,0.0,0.0,0.0,0.0,0.0,0.0,0.0,0.0,0.0,0
M20 1,0.0,0.0,0.0,0.0,0.0,0.0,0.0,0.0,0.0,0.0,0
M20 2,0.0,0.0,0.0,0.0,0.0,0.0,0.0,0.0,0.0,0.0,0
M20 3,0.0,0.0,0.0,0.0,0.0,0.0,0.0,0.0,0.0,0.0,0
M20 4,0.0,0.0,0.0,0.0,0.0,0.0,0.0,0.0,0.0,0.0,0
M20 5,0.0,0.0,0.0,0.0,0.0,0.0,0.0,0.0,0.0,0.0,0
M20 6,0.0,0.0,0.0,0.0,0.0,0.0,0.0,0.0,0.0,0.0,0
M21 0,0.0,0.0,0.0,0.0,0.0,0.0,0.0,0.0,0.0,0.0,0
M21 3,0.0,0.0,0.0,0.0,0.0,0.0,0.0,0.0,0.0,0.0,0
M21 7,0.0,0.0,0.0,0.0,0.0,0.0,0.0,0.0,0.0,0.0,0
M21 8,0.0,0.0,0.0,0.0,0.0,0.0,0.0,0.0,0.0,0.0,0
M21 9,0.0,0.0,0.0,0.0,0.0,0.0,0.0,0.0,0.0,0.0,0
M22 0,0.0,0.0,0.0,0.0,0.0,0.0,0.0,0.0,0.0,0.0,0
M22 1,0.0,0.0,0.0,0.0,0.0,0.0,0.0,0.0,0.0,0.0,0
M22 2,0.0,0.0,0.0,0.0,0.0,0.0,0.0,0.0,0.0,0.0,0
M22 4,0.0,0.0,0.0,0.0,0.0,0.0,0.0,0.0,0.0,0.0,0
M22 5,0.0,0.0,0.0,0.0,0.0,0.0,0.0,0.0,0.0,0.0,0
M22 8,0.0,0.0,0.0,0.0,0.0,0.0,0.0,0.0,0.0,0.0,0
M22 9,0.0,0.0,0.0,0.0,0.0,0.0,0.0,0.0,0.0,0.0,0
M23 0,0.0,0.0,0.0,0.0,0.0,0.0,0.0,0.0,0.0,0.0,0
M23 1,0.0,0.0,0.0,0.0,0.0,0.0,0.0,0.0,0.0,0.0,0
M23 2,0.0,0.0,0.0,0.0,0.0,0.0,0.0,0.0,0.0,0.0,0
M23 9,0.0,0.0,0.0,0.0,0.0,0.0,0.0,0.0,0.0,0.0,0
M24 0,0.0,0.0,0.0,0.0,0.0,0.0,0.0,0.0,0.0,0.0,0
M24 1,0.0,0.0,0.0,0.0,0.0,0.0,0.0,0.0,0.0,0.0,0
M24 2,0.0,0.0,0.0,0.0,0.0,0.0,0.0,0.0,0.0,0.0,0
M24 4,0.0,0.0,0.0,0.0,0.0,0.0,0.0,0.0,0.0,0.0,0
M24 5,0.0,0.0,0.0,0.0,0.0,0.0,0.0,0.0,0.0,0.0,0
M24 6,0.0,0.0,0.0,0.0,0.0,0.0,0.0,0.0,0.0,0.0,0
M25 0,0.0,0.0,0.0,0.0,0.0,0.0,0.0,0.0,0.0,0.0,0
M25 1,0.0,0.0,0.0,0.0,0.0,0.0,0.0,0.0,0.0,0.0,0
M25 2,0.0,0.0,0.0,0.0,0.0,0.0,0.0,0.0,0.0,0.0,0
M25 3,0.0,0.0,0.0,0.0,0.0,0.0,0.0,0.0,0.0,0.0,0
M25 9,0.0,0.0,0.0,0.0,0.0,0.0,0.0,0.0,0.0,0.0,0
M26 1,0.0,0.0,0.0,0.0,0.0,0.0,0.0,0.0,0.0,0.0,0
M26 2,0.0,0.0,0.0,0.0,0.0,0.0,0.0,0.0,0.0,0.0,0
M26 3,0.0,0.0,0.0,0.0,0.0,0.0,0.0,0.0,0.0,0.0,0
M26 4,0.0,0.0,0.0,0.0,0.0,0.0,0.0,0.0,0.0,0.0,0
M26 6,0.0,0.0,0.0,0.0,0.0,0.0,0.0,0.0,0.0,0.0,0
M27 0,0.0,0.0,0.0,0.0,0.0,0.0,0.0,0.0,0.0,0.0,0
M27 4,0.0,0.0,0.0,0.0,0.0,0.0,0.0,0.0,0.0,0.0,0
M27 5,0.0,0.0,0.0,0.0,0.0,0.0,0.0,0.0,0.0,0.0,0
M27 6,0.0,0.0,0.0,0.0,0.0,0.0,0.0,0.0,0.0,0.0,0
M27 8,0.0,0.0,0.0,0.0,0.0,0.0,0.0,0.0,0.0,0.0,0
M27 9,0.0,0.0,0.0,0.0,0.0,0.0,0.0,0.0,0.0,0.0,0
M28 0,0.0,0.0,0.0,0.0,0.0,0.0,0.0,0.0,0.0,0.0,0
M28 1,0.0,0.0,0.0,0.0,0.0,0.0,0.0,0.0,0.0,0.0,0
M28 2,0.0,0.0,0.0,0.0,0.0,0.0,0.0,0.0,0.0,0.0,0
M28 3,0.0,0.0,0.0,0.0,0.0,0.0,0.0,0.0,0.0,0.0,0
M28 7,0.0,0.0,0.0,0.0,0.0,0.0,0.0,0.0,0.0,0.0,0
M28 8,0.0,0.0,0.0,0.0,0.0,0.0,0.0,0.0,0.0,0.0,0
M29 2,0.0,0.0,0.0,0.0,0.0,0.0,0.0,0.0,0.0,0.0,0
M29 7,0.0,0.0,0.0,0.0,0.0,0.0,0.0,0.0,0.0,0.0,0
M29 8,0.0,0.0,0.0,0.0,0.0,0.0,0.0,0.0,0.0,0.0,0
M3 1,0.0,0.0,0.0,0.0,0.0,0.0,0.0,0.0,0.0,0.0,0
M3 2,0.0,0.0,0.0,0.0,0.0,0.0,0.0,0.0,0.0,0.0,0
M3 3,0.0,0.0,0.0,0.0,0.0,0.0,0.0,0.0,0.0,0.0,0
M3 4,0.0,0.0,0.0,0.0,0.0,0.0,0.0,0.0,0.0,0.0,0
M3 5,0.0,0.0,0.0,0.0,0.0,0.0,0.0,0.0,0.0,0.0,0
M3 6,0.0,0.0,0.0,0.0,0.0,0.0,0.0,0.0,0.0,0.0,0
M3 7,0.0,0.0,0.0,0.0,0.0,0.0,0.0,0.0,0.0,0.0,0
M30 0,0.0,0.0,0.0,0.0,0.0,0.0,0.0,0.0,0.0,0.0,0
M30 3,0.0,0.0,0.0,0.0,0.0,0.0,0.0,0.0,0.0,0.0,0
M30 7,0.0,0.0,0.0,0.0,0.0,0.0,0.0,0.0,0.0,0.0,0
M30 8,0.0,0.0,0.0,0.0,0.0,0.0,0.0,0.0,0.0,0.0,0
M30 9,0.0,0.0,0.0,0.0,0.0,0.0,0.0,0.0,0.0,0.0,0
M31 4,0.0,0.0,0.0,0.0,0.0,0.0,0.0,0.0,0.0,0.0,0
M32 0,0.0,0.0,0.0,0.0,0.0,0.0,0.0,0.0,0.0,0.0,0
M32 2,0.0,0.0,0.0,0.0,0.0,0.0,0.0,0.0,0.0,0.0,0
M32 8,0.0,0.0,0.0,0.0,0.0,0.0,0.0,0.0,0.0,0.0,0
M32 9,0.0,0.0,0.0,0.0,0.0,0.0,0.0,0.0,0.0,0.0,0
M33 0,0.0,0.0,0.0,0.0,0.0,0.0,0.0,0.0,0.0,0.0,0
M33 2,0.0,0.0,0.0,0.0,0.0,0.0,0.0,0.0,0.0,0.0,0
M33 3,0.0,0.0,0.0,0.0,0.0,0.0,0.0,0.0,0.0,0.0,0
M33 4,0.0,0.0,0.0,0.0,0.0,0.0,0.0,0.0,0.0,0.0,0
M33 5,0.0,0.0,0.0,0.0,0.0,0.0,0.0,0.0,0.0,0.0,0
M33 6,0.0,0.0,0.0,0.0,0.0,0.0,0.0,0.0,0.0,0.0,0
M33 7,0.0,0.0,0.0,0.0,0.0,0.0,0.0,0.0,0.0,0.0,0
M34 0,0.0,0.0,0.0,0.0,0.0,0.0,0.0,0.0,0.0,0.0,0
M34 2,0.0,0.0,0.0,0.0,0.0,0.0,0.0,0.0,0.0,0.0,0
M34 3,0.0,0.0,0.0,0.0,0.0,0.0,0.0,0.0,0.0,0.0,0
M34 5,0.0,0.0,0.0,0.0,0.0,0.0,0.0,0.0,0.0,0.0,0
M34 6,0.0,0.0,0.0,0.0,0.0,0.0,0.0,0.0,0.0,0.0,0
M34 7,0.0,0.0,0.0,0.0,0.0,0.0,0.0,0.0,0.0,0.0,0
M35 0,0.0,0.0,0.0,0.0,0.0,0.0,0.0,0.0,0.0,0.0,0
M35 9,0.0,0.0,0.0,0.0,0.0,0.0,0.0,0.0,0.0,0.0,0
M38 0,0.0,0.0,0.0,0.0,0.0,0.0,0.0,0.0,0.0,0.0,0
M38 9,0.0,0.0,0.0,0.0,0.0,0.0,0.0,0.0,0.0,0.0,0
M4 1,0.0,0.0,0.0,0.0,0.0,0.0,0.0,0.0,0.0,0.0,0
M4 2,0.0,0.0,0.0,0.0,0.0,0.0,0.0,0.0,0.0,0.0,0
M4 3,0.0,0.0,0.0,0.0,0.0,0.0,0.0,0.0,0.0,0.0,0
M4 4,0.0,0.0,0.0,0.0,0.0,0.0,0.0,0.0,0.0,0.0,0
M4 5,0.0,0.0,0.0,0.0,0.0,0.0,0.0,0.0,0.0,0.0,0
M4 6,0.0,0.0,0.0,0.0,0.0,0.0,0.0,0.0,0.0,0.0,0
M4 7,0.0,0.0,0.0,0.0,0.0,0.0,0.0,0.0,0.0,0.0,0
M40 0,0.0,0.0,0.0,0.0,0.0,0.0,0.0,0.0,0.0,0.0,0
M40 1,0.0,0.0,0.0,0.0,0.0,0.0,0.0,0.0,0.0,0.0,0
M40 2,0.0,0.0,0.0,0.0,0.0,0.0,0.0,0.0,0.0,0.0,0
M40 3,0.0,0.0,0.0,0.0,0.0,0.0,0.0,0.0,0.0,0.0,0
M40 4,0.0,0.0,0.0,0.0,0.0,0.0,0.0,0.0,0.0,0.0,0
M40 5,0.0,0.0,0.0,0.0,0.0,0.0,0.0,0.0,0.0,0.0,0
M40 7,0.0,0.0,0.0,0.0,0.0,0.0,0.0,0.0,0.0,0.0,0
M40 8,0.0,0.0,0.0,0.0,0.0,0.0,0.0,0.0,0.0,0.0,0
M40 9,0.0,0.0,0.0,0.0,0.0,0.0,0.0,0.0,0.0,0.0,0
M41 0,0.0,0.0,0.0,0.0,0.0,0.0,0.0,0.0,0.0,0.0,0
M41 4,0.0,0.0,0.0,0.0,0.0,0.0,0.0,0.0,0.0,0.0,0
M41 5,0.0,0.0,0.0,0.0,0.0,0.0,0.0,0.0,0.0,0.0,0
M41 6,0.0,0.0,0.0,0.0,0.0,0.0,0.0,0.0,0.0,0.0,0
M41 7,0.0,0.0,0.0,0.0,0.0,0.0,0.0,0.0,0.0,0.0,0
M41 8,0.0,0.0,0.0,0.0,0.0,0.0,0.0,0.0,0.0,0.0,0
M41 9,0.0,0.0,0.0,0.0,0.0,0.0,0.0,0.0,0.0,0.0,0
M43 0,0.0,0.0,0.0,0.0,0.0,0.0,0.0,0.0,0.0,0.0,0
M43 6,0.0,0.0,0.0,0.0,0.0,0.0,0.0,0.0,0.0,0.0,0
M43 7,0.0,0.0,0.0,0.0,0.0,0.0,0.0,0.0,0.0,0.0,0
M44 5,0.0,0.0,0.0,0.0,0.0,0.0,0.0,0.0,0.0,0.0,0
M44 6,0.0,0.0,0.0,0.0,0.0,0.0,0.0,0.0,0.0,0.0,0
M45 6,0.0,0.0,0.0,0.0,0.0,0.0,0.0,0.0,0.0,0.0,0
M45 7,0.0,0.0,0.0,0.0,0.0,0.0,0.0,0.0,0.0,0.0,0
M45 8,0.0,0.0,0.0,0.0,0.0,0.0,0.0,0.0,0.0,0.0,0
M46 0,0.0,0.0,0.0,0.0,0.0,0.0,0.0,0.0,0.0,0.0,0
M46 9,0.0,0.0,0.0,0.0,0.0,0.0,0.0,0.0,0.0,0.0,0
M5 0,0.0,0.0,0.0,0.0,0.0,0.0,0.0,0.0,0.0,0.0,0
M5 3,0.0,0.0,0.0,0.0,0.0,0.0,0.0,0.0,0.0,0.0,0
M5 4,0.0,0.0,0.0,0.0,0.0,0.0,0.0,0.0,0.0,0.0,0
M5 5,0.0,0.0,0.0,0.0,0.0,0.0,0.0,0.0,0.0,0.0,0
M50 1,0.0,0.0,0.0,0.0,0.0,0.0,0.0,0.0,0.0,0.0,0
M50 2,0.0,0.0,0.0,0.0,0.0,0.0,0.0,0.0,0.0,0.0,0
M50 3,0.0,0.0,0.0,0.0,0.0,0.0,0.0,0.0,0.0,0.0,0
M6 5,0.0,0.0,0.0,0.0,0.0,0.0,0.0,0.0,0.0,0.0,0
M6 6,0.0,0.0,0.0,0.0,0.0,0.0,0.0,0.0,0.0,0.0,0
M6 7,0.0,0.0,0.0,0.0,0.0,0.0,0.0,0.0,0.0,0.0,0
M6 8,0.0,0.0,0.0,0.0,0.0,0.0,0.0,0.0,0.0,0.0,0
M7 1,0.0,0.0,0.0,0.0,0.0,0.0,0.0,0.0,0.0,0.0,0
M7 2,0.0,0.0,0.0,0.0,0.0,0.0,0.0,0.0,0.0,0.0,0
M7 3,0.0,0.0,0.0,0.0,0.0,0.0,0.0,0.0,0.0,0.0,0
M7 4,0.0,0.0,0.0,0.0,0.0,0.0,0.0,0.0,0.0,0.0,0
M8 0,0.0,0.0,0.0,0.0,0.0,0.0,0.0,0.0,0.0,0.0,0
M8 2,0.0,0.0,0.0,0.0,0.0,0.0,0.0,0.0,0.0,0.0,0
M8 4,0.0,0.0,0.0,0.0,0.0,0.0,0.0,0.0,0.0,0.0,0
M8 5,0.0,0.0,0.0,0.0,0.0,0.0,0.0,0.0,0.0,0.0,0
M8 8,0.0,0.0,0.0,0.0,0.0,0.0,0.0,0.0,0.0,0.0,0
M8 9,0.0,0.0,0.0,0.0,0.0,0.0,0.0,0.0,0.0,0.0,0
M9 0,0.0,0.0,0.0,0.0,0.0,0.0,0.0,0.0,0.0,0.0,0
M9 4,0.0,0.0,0.0,0.0,0.0,0.0,0.0,0.0,0.0,0.0,0
M9 5,0.0,0.0,0.0,0.0,0.0,0.0,0.0,0.0,0.0,0.0,0
M9 6,0.0,0.0,0.0,0.0,0.0,0.0,0.0,0.0,0.0,0.0,0
M9 7,0.0,0.0,0.0,0.0,0.0,0.0,0.0,0.0,0.0,0.0,0
M9 8,0.0,0.0,0.0,0.0,0.0,0.0,0.0,0.0,0.0,0.0,0
M9 9,0.0,0.0,0.0,0.0,0.0,0.0,0.0,0.0,0.0,0.0,0
M90 1,0.0,0.0,0.0,0.0,0.0,0.0,0.0,0.0,0.0,0.0,0
M90 3,0.0,0.0,0.0,0.0,0.0,0.0,0.0,0.0,0.0,0.0,0
M90 4,0.0,0.0,0.0,0.0,0.0,0.0,0.0,0.0,0.0,0.0,0
M90 5,0.0,0.0,0.0,0.0,0.0,0.0,0.0,0.0,0.0,0.0,0
ME1 1,0.0,0.0,0.00477064,0.01080288,0.0,0.0,0.00357492,0.01323367,0.0,0.0,1
ME1 2,0.0,0.0,0.0,0.0,0.0,0.0,0.0,0.0,0.0,0.0,0
ME1 3,0.0,0.0,0.00014167,0.00048438,0.0,0.0,0.00014162,0.00062835,0.0,0.0,1
ME1 9,0.0,0.0,0.0,0.0,0.0,0.0,0.0,0.0,0.0,0.0,0
ME10 1,0.0,0.0,0.0,0.0,0.0,0.0,0.0,0.0,0.0,0.0,0
ME10 2,1.95e-06,2.55e-06,1.95e-06,2.55e-06,2.42e-06,2.62e-06,2.42e-06,2.62e-06,0.0,17.9,1
ME10 3,0.0,0.0,0.0,0.0,0.0,0.0,0.0,0.0,0.0,0.0,0
ME10 4,0.0,0.0,0.0,0.0,0.0,0.0,0.0,0.0,0.0,0.0,0
ME10 5,0.0,0.0,0.0,0.0,0.0,0.0,0.0,0.0,0.0,0.0,0
ME10 9,0.0,0.0,0.0,0.0,0.0,0.0,0.0,0.0,0.0,0.0,0
ME11 5,0.0,0.0,0.0,0.0,0.0,0.0,0.0,0.0,0.0,0.0,0
ME12 1,0.0,0.0,0.0,0.0,0.0,0.0,0.0,0.0,0.0,0.0,0
ME12 2,0.00039304,0.00142202,0.00305064,0.00824907,0.000589,0.00166452,0.00445694,0.00936692,0.0,20690.1,1
ME12 3,0.00108136,0.00344748,0.00108136,0.00344748,0.00157273,0.00396291,0.00157273,0.00396291,0.0,110180.5,1
ME12 4,0.00982312,0.03416965,0.01511828,0.04360838,0.01355986,0.04033233,0.02104366,0.05041965,0.0,2852740.5,1
ME12 6,0.0,0.0,0.0,0.0,0.0,0.0,0.0,0.0,0.0,0.0,0
ME12 9,0.0,0.0,0.0,0.0,0.0,0.0,0.0,0.0,0.0,0.0,0
ME13 0,7.689e-05,0.00021264,7.689e-05,0.00021264,3.656e-05,0.00026035,3.656e-05,0.00026035,0.0,16652.1,1
ME13 3,0.0,0.0,0.0,0.0,0.0,0.0,0.0,0.0,0.0,0.0,0
ME13 7,0.0,0.0,0.0,0.0,0.0,0.0,0.0,0.0,0.0,0.0,0
ME13 8,0.0,0.0,0.0,0.0,0.0,0.0,0.0,0.0,0.0,0.0,0
ME13 9,0.0,0.0,0.0,0.0,0.0,0.0,0.0,0.0,0.0,0.0,0
ME14 1,0.0,0.0,0.0,0.0,0.0,0.0,0.0,0.0,0.0,0.0,0
ME14 2,0.0,0.0,0.0,0.0,0.0,0.0,0.0,0.0,0.0,0.0,0
ME14 3,0.0,0.0,0.0,0.0,0.0,0.0,0.0,0.0,0.0,0.0,0
ME14 4,0.0,0.0,0.0,0.0,0.0,0.0,0.0,0.0,0.0,0.0,0
ME14 5,0.0,0.0,0.0,0.0,0.0,0.0,0.0,0.0,0.0,0.0,0
ME14 9,0.0,0.0,0.0,0.0,0.0,0.0,0.0,0.0,0.0,0.0,0
ME15 0,0.0,0.0,0.0,0.0,0.0,0.0,0.0,0.0,0.0,0.0,0
ME15 6,0.0,0.0,0.0,0.0,0.0,0.0,0.0,0.0,0.0,0.0,0
ME15 7,0.0,0.0,0.0,0.0,0.0,0.0,0.0,0.0,0.0,0.0,0
ME15 8,0.0,0.0,0.0,0.0,0.0,0.0,0.0,0.0,0.0,0.0,0
ME15 9,0.0,0.0,0.0,0.0,0.0,0.0,0.0,0.0,0.0,0.0,0
ME16 0,0.0,0.0,0.0,0.0,0.0,0.0,0.0,0.0,0.0,0.0,0
ME16 8,0.0,0.0,0.0,0.0,0.0,0.0,0.0,0.0,0.0,0.0,0
ME16 9,0.0,0.0,0.0,0.0,0.0,0.0,0.0,0.0,0.0,0.0,0
ME17 1,0.0,0.0,0.0,0.0,0.0,0.0,0.0,0.0,0.0,0.0,0
ME17 2,0.0,0.0,0.0,0.0,0.0,0.0,0.0,0.0,0.0,0.0,0
ME17 3,0.0,0.0,0.0,0.0,0.0,0.0,0.0,0.0,0.0,0.0,0
ME17 4,0.0,0.0,0.0,0.0,0.0,0.0,0.0,0.0,0.0,0.0,0
ME18 5,0.0,0.0,0.0,0.0,0.0,0.0,0.0,0.0,0.0,0.0,0
ME18 6,0.0,0.0,0.0,0.0,0.0,0.0,0.0,0.0,0.0,0.0,0
ME19 4,0.0,0.0,0.0,0.0,0.0,0.0,0.0,0.0,0.0,0.0,0
ME19 5,0.0,0.0,0.0,0.0,0.0,0.0,0.0,0.0,0.0,0.0,0
ME19 6,0.0,0.0,0.0,0.0,0.0,0.0,0.0,0.0,0.0,0.0,0
ME2 1,0.0,0.0,0.00033708,0.00084027,0.0,0.0,0.00038469,0.00120226,0.0,0.0,1
ME2 2,0.0,0.0,0.00099615,0.00467307,0.0,0.0,0.0,0.00783323,0.0,0.0,1
ME2 3,0.0,0.0,0.0,0.0,0.0,0.0,0.0,0.0,0.0,0.0,0
ME2 4,0.00119265,0.00335315,0.00244143,0.00685745,0.00028333,0.00459083,0.00144736,0.00891245,0.0,17307.6,1
ME20 6,0.0,0.0,0.0,0.0,0.0,0.0,0.0,0.0,0.0,0.0,0
ME20 7,0.0,0.0,0.0,0.0,0.0,0.0,0.0,0.0,0.0,0.0,0
ME3 0,0.0,0.0,0.00096502,0.00301199,0.0,0.0,0.00165029,0.00348557,0.0,0.0,1
ME3 7,0.0,0.0,0.0,0.0,0.0,0.0,0.0,0.0,0.0,0.0,0
ME3 8,3.847e-05,0.00010568,3.848e-05,0.00010571,1.694e-05,0.0001421,1.693e-05,0.00014212,0.0,4990.3,1
ME3 9,0.00020246,0.00109882,0.00024785,0.00109882,4.365e-05,0.00157866,4.365e-05,0.00157866,0.0,61535.3,1
ME4 3,0.00459117,0.01143724,0.00459117,0.01143724,0.00457036,0.01292529,0.00457036,0.01292529,0.0,20375.1,1
ME4 4,0.0,0.0,0.00360556,0.00675286,0.0,0.0,0.00622135,0.00675753,0.0,0.0,1
ME4 5,0.0,0.0,0.0,0.0,0.0,0.0,0.0,0.0,0.0,0.0,0
ME4 6,0.0,0.0,0.0,0.0,0.0,0.0,0.0,0.0,0.0,0.0,0
ME4 9,0.0,0.0,0.0,0.0,0.0,0.0,0.0,0.0,0.0,0.0,0
ME5 0,0.0,0.0,0.0,0.0,0.0,0.0,0.0,0.0,0.0,0.0,0
ME5 7,0.0,0.0,0.0,0.0,0.0,0.0,0.0,0.0,0.0,0.0,0
ME5 8,0.0,0.0,0.0,0.0,0.0,0.0,0.0,0.0,0.0,0.0,0
ME5 9,0.0,0.0,0.0,0.0,0.0,0.0,0.0,0.0,0.0,0.0,0
ME6 5,0.0,0.0,0.0,0.0,0.0,0.0,0.0,0.0,0.0,0.0,0
ME6 9,0.0,0.0,0.0,0.0,0.0,0.0,0.0,0.0,0.0,0.0,0
ME7 1,0.0,0.0,0.0,0.0,0.0,0.0,0.0,0.0,0.0,0.0,0
ME7 2,0.0,0.0,0.0,0.0,0.0,0.0,0.0,0.0,0.0,0.0,0
ME7 3,0.0,0.0,0.0,0.0,0.0,0.0,0.0,0.0,0.0,0.0,0
ME7 4,0.0,0.0,0.0,0.0,0.0,0.0,0.0,0.0,0.0,0.0,0
ME7 5,0.0,0.0,0.0,0.0,0.0,0.0,0.0,0.0,0.0,0.0,0
ME7 9,0.0,0.0,0.0,0.0,0.0,0.0,0.0,0.0,0.0,0.0,0
ME8 0,0.0,0.0,0.0,0.0,0.0,0.0,0.0,0.0,0.0,0.0,0
ME8 1,0.0,0.0,0.0,0.0,0.0,0.0,0.0,0.0,0.0,0.0,0
ME8 6,0.0,0.0,0.0,0.0,0.0,0.0,0.0,0.0,0.0,0.0,0
ME8 7,0.0,0.0,0.0,0.0,0.0,0.0,0.0,0.0,0.0,0.0,0
ME8 8,0.0,0.0,0.0,0.0,0.0,0.0,0.0,0.0,0.0,0.0,0
ME8 9,0.0,0.0,0.0,0.0,0.0,0.0,0.0,0.0,0.0,0.0,0
ME9 0,0.0,0.0,0.0,0.0,0.0,0.0,0.0,0.0,0.0,0.0,0
ME9 7,0.00118429,0.01820879,0.00411487,0.01820879,0.00859789,0.02186894,0.00859789,0.02186894,0.0,976112.0,1
ME9 8,0.00403295,0.0129252,0.00403287,0.0129252,0.00421477,0.01636627,0.00421477,0.01636627,0.0,540130.8,1
ME9 9,0.0,0.0,0.0,0.0,0.0,0.0,0.0,0.0,0.0,0.0,0
MK1 1,0.0,0.0,0.0,0.0,0.0,0.0,0.0,0.0,0.0,0.0,0
MK1 9,0.0,0.0,0.0,0.0,0.0,0.0,0.0,0.0,0.0,0.0,0
MK10 0,0.0,0.0,0.0,0.0,0.0,0.0,0.0,0.0,0.0,0.0,0
MK10 1,0.0,0.0,0.0,0.0,0.0,0.0,0.0,0.0,0.0,0.0,0
MK10 7,0.0,0.0,0.0,0.0,0.0,0.0,0.0,0.0,0.0,0.0,0
MK10 9,0.0,0.0,0.0,0.0,0.0,0.0,0.0,0.0,0.0,0.0,0
MK11 1,0.0,0.0,0.0,0.0,0.0,0.0,0.0,0.0,0.0,0.0,0
MK11 2,0.0,0.0,0.0,0.0,0.0,0.0,0.0,0.0,0.0,0.0,0
MK11 3,0.0,0.0,0.0,0.0,0.0,0.0,0.0,0.0,0.0,0.0,0
MK11 4,0.0,0.0,0.0,0.0,0.0,0.0,0.0,0.0,0.0,0.0,0
MK11 9,0.0,0.0,0.0,0.0,0.0,0.0,0.0,0.0,0.0,0.0,0
MK12 5,0.0,0.0,0.0,0.0,0.0,0.0,0.0,0.0,0.0,0.0,0
MK12 6,0.0,0.0,0.0,0.0,0.0,0.0,0.0,0.0,0.0,0.0,0
MK13 0,0.0,0.0,0.0,0.0,0.0,0.0,0.0,0.0,0.0,0.0,0
MK13 7,0.0,0.0,0.0,0.0,0.0,0.0,0.0,0.0,0.0,0.0,0
MK13 8,0.0,0.0,0.0,0.0,0.0,0.0,0.0,0.0,0.0,0.0,0
MK13 9,0.0,0.0,0.0,0.0,0.0,0.0,0.0,0.0,0.0,0.0,0
MK14 5,0.0,0.0,0.0,0.0,0.0,0.0,0.0,0.0,0.0,0.0,0
MK14 6,0.0,0.0,0.0,0.0,0.0,0.0,0.0,0.0,0.0,0.0,0
MK14 7,0.0,0.0,0.0,0.0,0.0,0.0,0.0,0.0,0.0,0.0,0
MK15 0,0.0,0.0,0.0,0.0,0.0,0.0,0.0,0.0,0.0,0.0,0
MK15 8,0.0,0.0,0.0,0.0,0.0,0.0,0.0,0.0,0.0,0.0,0
MK15 9,0.0,0.0,0.0,0.0,0.0,0.0,0.0,0.0,0.0,0.0,0
MK16 0,0.0,0.0,0.0,0.0,0.0,0.0,0.0,0.0,0.0,0.0,0
MK16 6,0.0,0.0,0.0,0.0,0.0,0.0,0.0,0.0,0.0,0.0,0
MK16 8,0.0,0.0,0.0,0.0,0.0,0.0,0.0,0.0,0.0,0.0,0
MK16 9,0.0,0.0,0.0,0.0,0.0,0.0,0.0,0.0,0.0,0.0,0
MK17 0,0.0,0.0,0.0,0.0,0.0,0.0,0.0,0.0,0.0,0.0,0
MK17 7,0.0,0.0,0.0,0.0,0.0,0.0,0.0,0.0,0.0,0.0,0
MK17 8,0.0,0.0,0.0,0.0,0.0,0.0,0.0,0.0,0.0,0.0,0
MK17 9,0.0,0.0,0.0,0.0,0.0,0.0,0.0,0.0,0.0,0.0,0
MK18 1,0.0,0.0,0.0,0.0,0.0,0.0,0.0,0.0,0.0,0.0,0
MK18 2,0.0,0.0,0.0,0.0,0.0,0.0,0.0,0.0,0.0,0.0,0
MK18 3,0.0,0.0,0.0,0.0,0.0,0.0,0.0,0.0,0.0,0.0,0
MK18 4,0.0,0.0,0.0,0.0,0.0,0.0,0.0,0.0,0.0,0.0,0
MK18 5,0.0,0.0,0.0,0.0,0.0,0.0,0.0,0.0,0.0,0.0,0
MK18 6,0.0,0.0,0.0,0.0,0.0,0.0,0.0,0.0,0.0,0.0,0
MK18 7,0.0,0.0,0.0,0.0,0.0,0.0,0.0,0.0,0.0,0.0,0
MK18 9,0.0,0.0,0.0,0.0,0.0,0.0,0.0,0.0,0.0,0.0,0
MK19 6,0.0,0.0,0.0,0.0,0.0,0.0,0.0,0.0,0.0,0.0,0
MK19 7,0.0,0.0,0.0,0.0,0.0,0.0,0.0,0.0,0.0,0.0,0
MK2 2,0.0,0.0,0.0,0.0,0.0,0.0,0.0,0.0,0.0,0.0,0
MK2 3,0.0,0.0,0.0,0.0,0.0,0.0,0.0,0.0,0.0,0.0,0
MK3 4,0.0,0.0,0.0,0.0,0.0,0.0,0.0,0.0,0.0,0.0,0
MK3 5,0.0,0.0,0.0,0.0,0.0,0.0,0.0,0.0,0.0,0.0,0
MK3 6,0.0,0.0,0.0,0.0,0.0,0.0,0.0,0.0,0.0,0.0,0
MK3 7,0.0,0.0,0.0,0.0,0.0,0.0,0.0,0.0,0.0,0.0,0
MK4 1,0.0,0.0,0.0,0.0,0.0,0.0,0.0,0.0,0.0,0.0,0
MK4 2,0.0,0.0,0.0,0.0,0.0,0.0,0.0,0.0,0.0,0.0,0
MK4 3,0.0,0.0,0.0,0.0,0.0,0.0,0.0,0.0,0.0,0.0,0
MK4 4,0.0,0.0,0.0,0.0,0.0,0.0,0.0,0.0,0.0,0.0,0
MK40 1,0.0,0.0,0.0,0.0,0.0,0.0,0.0,0.0,0.0,0.0,0
MK40 2,0.0,0.0,0.0,0.0,0.0,0.0,0.0,0.0,0.0,0.0,0
MK40 3,0.0,0.0,0.0,0.0,0.0,0.0,0.0,0.0,0.0,0.0,0
MK40 4,0.0,0.0,0.0,0.0,0.0,0.0,0.0,0.0,0.0,0.0,0
MK40 9,0.0,0.0,0.0,0.0,0.0,0.0,0.0,0.0,0.0,0.0,0
MK41 0,0.0,0.0,0.0,0.0,0.0,0.0,0.0,0.0,0.0,0.0,0
MK41 6,0.0,0.0,0.0,0.0,0.0,0.0,0.0,0.0,0.0,0.0,0
MK41 7,0.0,0.0,0.0,0.0,0.0,0.0,0.0,0.0,0.0,0.0,0
MK41 8,0.0,0.0,0.0,0.0,0.0,0.0,0.0,0.0,0.0,0.0,0
MK41 9,0.0,0.0,0.0,0.0,0.0,0.0,0.0,0.0,0.0,0.0,0
MK42 0,0.0,0.0,0.0,0.0,0.0,0.0,0.0,0.0,0.0,0.0,0
MK42 5,0.0,0.0,0.0,0.0,0.0,0.0,0.0,0.0,0.0,0.0,0
MK42 6,0.0,0.0,0.0,0.0,0.0,0.0,0.0,0.0,0.0,0.0,0
MK42 7,0.0,0.0,0.0,0.0,0.0,0.0,0.0,0.0,0.0,0.0,0
MK42 8,0.0,0.0,0.0,0.0,0.0,0.0,0.0,0.0,0.0,0.0,0
MK42 9,0.0,0.0,0.0,0.0,0.0,0.0,0.0,0.0,0.0,0.0,0
MK43 0,0.0,0.0,0.0,0.0,0.0,0.0,0.0,0.0,0.0,0.0,0
MK43 1,0.0,0.0,0.0,0.0,0.0,0.0,0.0,0.0,0.0,0.0,0
MK43 2,0.0,0.0,0.0,0.0,0.0,0.0,0.0,0.0,0.0,0.0,0
MK43 7,0.0,0.0,0.0,0.0,0.0,0.0,0.0,0.0,0.0,0.0,0
MK43 8,0.0,0.0,0.0,0.0,0.0,0.0,0.0,0.0,0.0,0.0,0
MK43 9,0.0,0.0,0.0,0.0,0.0,0.0,0.0,0.0,0.0,0.0,0
MK44 1,0.0,0.0,0.0,0.0,0.0,0.0,0.0,0.0,0.0,0.0,0
MK44 2,0.0,0.0,0.0,0.0,0.0,0.0,0.0,0.0,0.0,0.0,0
MK44 3,0.0,0.0,0.0,0.0,0.0,0.0,0.0,0.0,0.0,0.0,0
MK45 1,0.0,0.0,0.0,0.0,0.0,0.0,0.0,0.0,0.0,0.0,0
MK45 2,0.0,0.0,0.0,0.0,0.0,0.0,0.0,0.0,0.0,0.0,0
MK45 3,0.0,0.0,0.0,0.0,0.0,0.0,0.0,0.0,0.0,0.0,0
MK45 4,0.0,0.0,0.0,0.0,0.0,0.0,0.0,0.0,0.0,0.0,0
MK45 5,0.0,0.0,0.0,0.0,0.0,0.0,0.0,0.0,0.0,0.0,0
MK45 9,0.0,0.0,0.0,0.0,0.0,0.0,0.0,0.0,0.0,0.0,0
MK46 4,0.0,0.0,0.0,0.0,0.0,0.0,0.0,0.0,0.0,0.0,0
MK46 5,0.0,0.0,0.0,0.0,0.0,0.0,0.0,0.0,0.0,0.0,0
MK5 6,0.0,0.0,0.0,0.0,0.0,0.0,0.0,0.0,0.0,0.0,0
MK5 7,0.0,0.0,0.0,0.0,0.0,0.0,0.0,0.0,0.0,0.0,0
MK5 8,0.0,0.0,0.0,0.0,0.0,0.0,0.0,0.0,0.0,0.0,0
MK6 1,0.0,0.0,0.0,0.0,0.0,0.0,0.0,0.0,0.0,0.0,0
MK6 2,0.0,0.0,0.0,0.0,0.0,0.0,0.0,0.0,0.0,0.0,0
MK6 3,0.0,0.0,0.0,0.0,0.0,0.0,0.0,0.0,0.0,0.0,0
MK6 4,0.0,0.0,0.0,0.0,0.0,0.0,0.0,0.0,0.0,0.0,0
MK6 5,0.0,0.0,0.0,0.0,0.0,0.0,0.0,0.0,0.0,0.0,0
MK7 6,0.0,0.0,0.0,0.0,0.0,0.0,0.0,0.0,0.0,0.0,0
MK7 7,0.0,0.0,0.0,0.0,0.0,0.0,0.0,0.0,0.0,0.0,0
MK7 8,0.0,0.0,0.0,0.0,0.0,0.0,0.0,0.0,0.0,0.0,0
MK8 0,0.0,0.0,0.0,0.0,0.0,0.0,0.0,0.0,0.0,0.0,0
MK8 1,0.0,0.0,0.0,0.0,0.0,0.0,0.0,0.0,0.0,0.0,0
MK8 8,0.0,0.0,0.0,0.0,0.0,0.0,0.0,0.0,0.0,0.0,0
MK8 9,0.0,0.0,0.0,0.0,0.0,0.0,0.0,0.0,0.0,0.0,0
MK9 1,0.0,0.0,0.0,0.0,0.0,0.0,0.0,0.0,0.0,0.0,0
MK9 2,0.0,0.0,0.0,0.0,0.0,0.0,0.0,0.0,0.0,0.0,0
MK9 3,0.0,0.0,0.0,0.0,0.0,0.0,0.0,0.0,0.0,0.0,0
MK9 4,0.0,0.0,0.0,0.0,0.0,0.0,0.0,0.0,0.0,0.0,0
ML1 1,0.0,0.0,0.0,0.0,0.0,0.0,0.0,0.0,0.0,0.0,0
ML1 2,0.0,0.0,0.0,0.0,0.0,0.0,0.0,0.0,0.0,0.0,0
ML1 3,0.0,0.0,0.0,0.0,0.0,0.0,0.0,0.0,0.0,0.0,0
ML1 4,0.0,0.0,0.0,0.0,0.0,0.0,0.0,0.0,0.0,0.0,0
ML1 5,0.0,0.0,0.0,0.0,0.0,0.0,0.0,0.0,0.0,0.0,0
ML1 9,0.0,0.0,0.0,0.0,0.0,0.0,0.0,0.0,0.0,0.0,0
ML10 6,0.0,0.0,0.0,0.0,0.0,0.0,0.0,0.0,0.0,0.0,0
ML11 0,0.0,0.0,0.0,0.0,0.0,0.0,0.0,0.0,0.0,0.0,0
ML11 7,0.0,0.0,0.0,0.0,0.0,0.0,0.0,0.0,0.0,0.0,0
ML11 8,0.0,0.0,0.0,0.0,0.0,0.0,0.0,0.0,0.0,0.0,0
ML11 9,0.0,0.0,0.0,0.0,0.0,0.0,0.0,0.0,0.0,0.0,0
ML12 6,0.0,0.0,0.0,0.0,0.0,0.0,0.0,0.0,0.0,0.0,0
ML12 9,0.0,0.0,0.0,0.0,0.0,0.0,0.0,0.0,0.0,0.0,0
ML2 0,0.0,0.0,0.0,0.0,0.0,0.0,0.0,0.0,0.0,0.0,0
ML2 2,0.0,0.0,0.0,0.0,0.0,0.0,0.0,0.0,0.0,0.0,0
ML2 7,0.0,0.0,0.0,0.0,0.0,0.0,0.0,0.0,0.0,0.0,0
ML2 8,0.0,0.0,0.0,0.0,0.0,0.0,0.0,0.0,0.0,0.0,0
ML2 9,0.0,0.0,0.0,0.0,0.0,0.0,0.0,0.0,0.0,0.0,0
ML3 0,0.0,0.0,0.0,0.0,0.0,0.0,0.0,0.0,0.0,0.0,0
ML3 3,0.0,0.0,0.0,0.0,0.0,0.0,0.0,0.0,0.0,0.0,0
ML3 6,0.0,0.0,0.0,0.0,0.0,0.0,0.0,0.0,0.0,0.0,0
ML3 7,0.0,0.0,0.0,0.0,0.0,0.0,0.0,0.0,0.0,0.0,0
ML3 8,0.0,0.0,0.0,0.0,0.0,0.0,0.0,0.0,0.0,0.0,0
ML3 9,0.0,0.0,0.0,0.0,0.0,0.0,0.0,0.0,0.0,0.0,0
ML4 1,0.0,0.0,0.0,0.0,0.0,0.0,0.0,0.0,0.0,0.0,0
ML4 2,0.0,0.0,0.0,0.0,0.0,0.0,0.0,0.0,0.0,0.0,0
ML4 3,0.0,0.0,0.0,0.0,0.0,0.0,0.0,0.0,0.0,0.0,0
ML4 9,0.0,0.0,0.0,0.0,0.0,0.0,0.0,0.0,0.0,0.0,0
ML5 1,0.0,0.0,0.0,0.0,0.0,0.0,0.0,0.0,0.0,0.0,0
ML5 2,0.0,0.0,0.0,0.0,0.0,0.0,0.0,0.0,0.0,0.0,0
ML5 3,0.0,0.0,0.0,0.0,0.0,0.0,0.0,0.0,0.0,0.0,0
ML5 4,0.0,0.0,0.0,0.0,0.0,0.0,0.0,0.0,0.0,0.0,0
ML5 5,0.0,0.0,0.0,0.0,0.0,0.0,0.0,0.0,0.0,0.0,0
ML5 9,0.0,0.0,0.0,0.0,0.0,0.0,0.0,0.0,0.0,0.0,0
ML6 0,0.0,0.0,0.0,0.0,0.0,0.0,0.0,0.0,0.0,0.0,0
ML6 1,0.0,0.0,0.0,0.0,0.0,0.0,0.0,0.0,0.0,0.0,0
ML6 6,0.0,0.0,0.0,0.0,0.0,0.0,0.0,0.0,0.0,0.0,0
ML6 7,0.0,0.0,0.0,0.0,0.0,0.0,0.0,0.0,0.0,0.0,0
ML6 8,0.0,0.0,0.0,0.0,0.0,0.0,0.0,0.0,0.0,0.0,0
ML6 9,0.0,0.0,0.0,0.0,0.0,0.0,0.0,0.0,0.0,0.0,0
ML7 4,0.0,0.0,0.0,0.0,0.0,0.0,0.0,0.0,0.0,0.0,0
ML7 5,0.0,0.0,0.0,0.0,0.0,0.0,0.0,0.0,0.0,0.0,0
ML7 9,0.0,0.0,0.0,0.0,0.0,0.0,0.0,0.0,0.0,0.0,0
ML8 4,0.0,0.0,0.0,0.0,0.0,0.0,0.0,0.0,0.0,0.0,0
ML8 5,0.0,0.0,0.0,0.0,0.0,0.0,0.0,0.0,0.0,0.0,0
ML9 1,0.0,0.0,0.0,0.0,0.0,0.0,0.0,0.0,0.0,0.0,0
ML9 2,0.0,0.0,0.0,0.0,0.0,0.0,0.0,0.0,0.0,0.0,0
ML9 3,0.0,0.0,0.0,0.0,0.0,0.0,0.0,0.0,0.0,0.0,0
ML9 9,0.0,0.0,0.0,0.0,0.0,0.0,0.0,0.0,0.0,0.0,0
N1 0,0.0,0.0,0.0,0.0,0.0,0.0,0.0,0.0,0.0,0.0,0
N1 1,0.0,0.0,0.0,0.0,0.0,0.0,0.0,0.0,0.0,0.0,0
N1 2,0.0,0.0,0.0,0.0,0.0,0.0,0.0,0.0,0.0,0.0,0
N1 3,0.0,0.0,0.0,0.0,0.0,0.0,0.0,0.0,0.0,0.0,0
N1 4,0.0,0.0,0.0,0.0,0.0,0.0,0.0,0.0,0.0,0.0,0
N1 5,0.0,0.0,0.0,0.0,0.0,0.0,0.0,0.0,0.0,0.0,0
N1 6,0.0,0.0,0.0,0.0,0.0,0.0,0.0,0.0,0.0,0.0,0
N1 7,0.0,0.0,0.0,0.0,0.0,0.0,0.0,0.0,0.0,0.0,0
N1 8,0.0,0.0,0.0,0.0,0.0,0.0,0.0,0.0,0.0,0.0,0
N1 9,0.0,0.0,0.0,0.0,0.0,0.0,0.0,0.0,0.0,0.0,0
N10 1,0.0,0.0,0.0,0.0,0.0,0.0,0.0,0.0,0.0,0.0,0
N10 2,0.0,0.0,0.0,0.0,0.0,0.0,0.0,0.0,0.0,0.0,0
N10 3,0.0,0.0,0.0,0.0,0.0,0.0,0.0,0.0,0.0,0.0,0
N10 9,0.0,0.0,0.0,0.0,0.0,0.0,0.0,0.0,0.0,0.0,0
N11 1,0.0,0.0,0.0,0.0,0.0,0.0,0.0,0.0,0.0,0.0,0
N11 2,0.0,0.0,0.0,0.0,0.0,0.0,0.0,0.0,0.0,0.0,0
N11 3,0.0,0.0,0.0,0.0,0.0,0.0,0.0,0.0,0.0,0.0,0
N12 0,0.0,0.0,0.0,0.0,0.0,0.0,0.0,0.0,0.0,0.0,0
N12 2,0.0,0.0,0.0,0.0,0.0,0.0,0.0,0.0,0.0,0.0,0
N12 7,0.0,0.0,0.0,0.0,0.0,0.0,0.0,0.0,0.0,0.0,0
N12 8,0.0,0.0,0.0,0.0,0.0,0.0,0.0,0.0,0.0,0.0,0
N12 9,0.0,0.0,0.0,0.0,0.0,0.0,0.0,0.0,0.0,0.0,0
N13 4,0.0,0.0,0.0,0.0,0.0,0.0,0.0,0.0,0.0,0.0,0
N13 5,0.0,0.0,0.0,0.0,0.0,0.0,0.0,0.0,0.0,0.0,0
N13 6,0.0,0.0,0.0,0.0,0.0,0.0,0.0,0.0,0.0,0.0,0
N14 4,0.0,0.0,0.0,0.0,0.0,0.0,0.0,0.0,0.0,0.0,0
N14 5,0.0,0.0,0.0,0.0,0.0,0.0,0.0,0.0,0.0,0.0,0
N14 6,0.0,0.0,0.0,0.0,0.0,0.0,0.0,0.0,0.0,0.0,0
N14 7,0.0,0.0,0.0,0.0,0.0,0.0,0.0,0.0,0.0,0.0,0
N14 9,0.0,0.0,0.0,0.0,0.0,0.0,0.0,0.0,0.0,0.0,0
N15 3,0.0,0.0,0.0,0.0,0.0,0.0,0.0,0.0,0.0,0.0,0
N15 4,0.0,0.0,0.0,0.0,0.0,0.0,0.0,0.0,0.0,0.0,0
N15 5,0.0,0.0,0.0,0.0,0.0,0.0,0.0,0.0,0.0,0.0,0
N15 6,0.0,0.0,0.0,0.0,0.0,0.0,0.0,0.0,0.0,0.0,0
N16 0,0.0,0.0,0.0,0.0,0.0,0.0,0.0,0.0,0.0,0.0,0
N16 1,0.0,0.0,0.0,0.0,0.0,0.0,0.0,0.0,0.0,0.0,0
N16 5,0.0,0.0,0.0,0.0,0.0,0.0,0.0,0.0,0.0,0.0,0
N16 6,0.0,0.0,0.0,0.0,0.0,0.0,0.0,0.0,0.0,0.0,0
N16 7,0.0,0.0,0.0,0.0,0.0,0.0,0.0,0.0,0.0,0.0,0
N16 8,0.0,0.0,0.0,0.0,0.0,0.0,0.0,0.0,0.0,0.0,0
N16 9,0.0,0.0,0.0,0.0,0.0,0.0,0.0,0.0,0.0,0.0,0
N17 0,0.0,0.0,0.0,0.0,0.0,0.0,0.0,0.0,0.0,0.0,0
N17 1,0.0,0.0,0.0,0.0,0.0,0.0,0.0,0.0,0.0,0.0,0
N17 6,0.0,0.0,0.0,0.0,0.0,0.0,0.0,0.0,0.0,0.0,0
N17 7,0.0,0.0,0.0,0.0,0.0,0.0,0.0,0.0,0.0,0.0,0
N17 8,0.0,0.0,0.0,0.0,0.0,0.0,0.0,0.0,0.0,0.0,0
N17 9,0.0,0.0,0.0,0.0,0.0,0.0,0.0,0.0,0.0,0.0,0
N18 1,0.0,0.0,0.0,0.0,0.0,0.0,0.0,0.0,0.0,0.0,0
N18 2,0.0,0.0,0.0,0.0,0.0,0.0,0.0,0.0,0.0,0.0,0
N18 3,0.0,0.0,0.0,0.0,0.0,0.0,0.0,0.0,0.0,0.0,0
N18 9,0.0,0.0,0.0,0.0,0.0,0.0,0.0,0.0,0.0,0.0,0
N19 3,0.0,0.0,0.0,0.0,0.0,0.0,0.0,0.0,0.0,0.0,0
N19 4,0.0,0.0,0.0,0.0,0.0,0.0,0.0,0.0,0.0,0.0,0
N19 5,0.0,0.0,0.0,0.0,0.0,0.0,0.0,0.0,0.0,0.0,0
N19 9,0.0,0.0,0.0,0.0,0.0,0.0,0.0,0.0,0.0,0.0,0
N1C 4,0.0,0.0,0.0,0.0,0.0,0.0,0.0,0.0,0.0,0.0,0
N2 0,0.0,0.0,0.0,0.0,0.0,0.0,0.0,0.0,0.0,0.0,0
N2 2,0.0,0.0,0.0,0.0,0.0,0.0,0.0,0.0,0.0,0.0,0
N2 8,0.0,0.0,0.0,0.0,0.0,0.0,0.0,0.0,0.0,0.0,0
N2 9,0.0,0.0,0.0,0.0,0.0,0.0,0.0,0.0,0.0,0.0,0
N20 0,0.0,0.0,0.0,0.0,0.0,0.0,0.0,0.0,0.0,0.0,0
N20 2,0.0,0.0,0.0,0.0,0.0,0.0,0.0,0.0,0.0,0.0,0
N20 8,0.0,0.0,0.0,0.0,0.0,0.0,0.0,0.0,0.0,0.0,0
N20 9,0.0,0.0,0.0,0.0,0.0,0.0,0.0,0.0,0.0,0.0,0
N21 1,0.0,0.0,0.0,0.0,0.0,0.0,0.0,0.0,0.0,0.0,0
N21 2,0.0,0.0,0.0,0.0,0.0,0.0,0.0,0.0,0.0,0.0,0
N21 3,0.0,0.0,0.0,0.0,0.0,0.0,0.0,0.0,0.0,0.0,0
N21 9,0.0,0.0,0.0,0.0,0.0,0.0,0.0,0.0,0.0,0.0,0
N22 5,0.0,0.0,0.0,0.0,0.0,0.0,0.0,0.0,0.0,0.0,0
N22 6,0.0,0.0,0.0,0.0,0.0,0.0,0.0,0.0,0.0,0.0,0
N22 7,0.0,0.0,0.0,0.0,0.0,0.0,0.0,0.0,0.0,0.0,0
N22 8,0.0,0.0,0.0,0.0,0.0,0.0,0.0,0.0,0.0,0.0,0
N22 9,0.0,0.0,0.0,0.0,0.0,0.0,0.0,0.0,0.0,0.0,0
N3 1,0.0,0.0,0.0,0.0,0.0,0.0,0.0,0.0,0.0,0.0,0
N3 2,0.0,0.0,0.0,0.0,0.0,0.0,0.0,0.0,0.0,0.0,0
N3 3,0.0,0.0,0.0,0.0,0.0,0.0,0.0,0.0,0.0,0.0,0
N3 9,0.0,0.0,0.0,0.0,0.0,0.0,0.0,0.0,0.0,0.0,0
N4 1,0.0,0.0,0.0,0.0,0.0,0.0,0.0,0.0,0.0,0.0,0
N4 2,0.0,0.0,0.0,0.0,0.0,0.0,0.0,0.0,0.0,0.0,0
N4 3,0.0,0.0,0.0,0.0,0.0,0.0,0.0,0.0,0.0,0.0,0
N4 4,0.0,0.0,0.0,0.0,0.0,0.0,0.0,0.0,0.0,0.0,0
N5 1,0.0,0.0,0.0,0.0,0.0,0.0,0.0,0.0,0.0,0.0,0
N5 2,0.0,0.0,0.0,0.0,0.0,0.0,0.0,0.0,0.0,0.0,0
N5 9,0.0,0.0,0.0,0.0,0.0,0.0,0.0,0.0,0.0,0.0,0
N6 4,0.0,0.0,0.0,0.0,0.0,0.0,0.0,0.0,0.0,0.0,0
N6 5,0.0,0.0,0.0,0.0,0.0,0.0,0.0,0.0,0.0,0.0,0
N6 6,0.0,0.0,0.0,0.0,0.0,0.0,0.0,0.0,0.0,0.0,0
N7 0,0.0,0.0,0.0,0.0,0.0,0.0,0.0,0.0,0.0,0.0,0
N7 6,0.0,0.0,0.0,0.0,0.0,0.0,0.0,0.0,0.0,0.0,0
N7 7,0.0,0.0,0.0,0.0,0.0,0.0,0.0,0.0,0.0,0.0,0
N7 8,0.0,0.0,0.0,0.0,0.0,0.0,0.0,0.0,0.0,0.0,0
N7 9,0.0,0.0,0.0,0.0,0.0,0.0,0.0,0.0,0.0,0.0,0
N8 0,0.0,0.0,0.0,0.0,0.0,0.0,0.0,0.0,0.0,0.0,0
N8 7,0.0,0.0,0.0,0.0,0.0,0.0,0.0,0.0,0.0,0.0,0
N8 8,0.0,0.0,0.0,0.0,0.0,0.0,0.0,0.0,0.0,0.0,0
N8 9,0.0,0.0,0.0,0.0,0.0,0.0,0.0,0.0,0.0,0.0,0
N9 0,0.0,0.0,0.0,0.0,0.0,0.0,0.0,0.0,0.0,0.0,0
N9 1,0.0,0.0,0.0,0.0,0.0,0.0,0.0,0.0,0.0,0.0,0
N9 7,0.0,0.0,0.0,0.0,0.0,0.0,0.0,0.0,0.0,0.0,0
N9 8,0.0,0.0,0.0,0.0,0.0,0.0,0.0,0.0,0.0,0.0,0
N9 9,0.0,0.0,0.0,0.0,0.0,0.0,0.0,0.0,0.0,0.0,0
NE1 1,0.0,0.0,0.0,0.0,0.0,0.0,0.0,0.0,0.0,0.0,0
NE1 2,0.0,0.0,0.0,0.0,0.0,0.0,0.0,0.0,0.0,0.0,0
NE1 3,0.0,0.0,0.0,0.0,0.0,0.0,0.0,0.0,0.0,0.0,0
NE1 4,0.0,0.0,0.0,0.0,0.0,0.0,0.0,0.0,0.0,0.0,0
NE1 5,0.0,0.0,0.0,0.0,0.0,0.0,0.0,0.0,0.0,0.0,0
NE1 6,0.0,0.0,0.0,0.0,0.0,0.0,0.0,0.0,0.0,0.0,0
NE1 7,0.0,0.0,0.0,0.0,0.0,0.0,0.0,0.0,0.0,0.0,0
NE1 8,0.0,0.0,0.0,0.0,0.0,0.0,0.0,0.0,0.0,0.0,0
NE10 0,0.0,0.0,0.0,0.0,0.0,0.0,0.0,0.0,0.0,0.0,0
NE10 8,0.0,0.0,0.0,0.0,0.0,0.0,0.0,0.0,0.0,0.0,0
NE10 9,0.0,0.0,0.0,0.0,0.0,0.0,0.0,0.0,0.0,0.0,0
NE11 0,0.0,0.0,0.0,0.0,0.0,0.0,0.0,0.0,0.0,0.0,0
NE11 9,0.0,0.0,0.0,0.0,0.0,0.0,0.0,0.0,0.0,0.0,0
NE12 2,0.0,0.0,0.0,0.0,0.0,0.0,0.0,0.0,0.0,0.0,0
NE12 5,0.0,0.0,0.0,0.0,0.0,0.0,0.0,0.0,0.0,0.0,0
NE12 6,0.0,0.0,0.0,0.0,0.0,0.0,0.0,0.0,0.0,0.0,0
NE12 7,0.0,0.0,0.0,0.0,0.0,0.0,0.0,0.0,0.0,0.0,0
NE12 8,0.0,0.0,0.0,0.0,0.0,0.0,0.0,0.0,0.0,0.0,0
NE12 9,0.0,0.0,0.0,0.0,0.0,0.0,0.0,0.0,0.0,0.0,0
NE13 6,0.0,0.0,0.0,0.0,0.0,0.0,0.0,0.0,0.0,0.0,0
NE13 7,0.0,0.0,0.0,0.0,0.0,0.0,0.0,0.0,0.0,0.0,0
NE13 8,0.0,0.0,0.0,0.0,0.0,0.0,0.0,0.0,0.0,0.0,0
NE13 9,0.0,0.0,0.0,0.0,0.0,0.0,0.0,0.0,0.0,0.0,0
NE15 0,0.0,0.0,0.0,0.0,0.0,0.0,0.0,0.0,0.0,0.0,0
NE15 6,0.0,0.0,0.0,0.0,0.0,0.0,0.0,0.0,0.0,0.0,0
NE15 7,0.0,0.0,0.0,0.0,0.0,0.0,0.0,0.0,0.0,0.0,0
NE15 8,0.0,0.0,0.0,0.0,0.0,0.0,0.0,0.0,0.0,0.0,0
NE15 9,0.0,0.0,0.0,0.0,0.0,0.0,0.0,0.0,0.0,0.0,0
NE16 3,0.0,0.0,0.0,0.0,0.0,0.0,0.0,0.0,0.0,0.0,0
NE16 4,0.0,0.0,0.0,0.0,0.0,0.0,0.0,0.0,0.0,0.0,0
NE16 5,0.0,0.0,0.0,0.0,0.0,0.0,0.0,0.0,0.0,0.0,0
NE16 6,0.0,0.0,0.0,0.0,0.0,0.0,0.0,0.0,0.0,0.0,0
NE17 7,0.0,0.0,0.0,0.0,0.0,0.0,0.0,0.0,0.0,0.0,0
NE18 0,0.0,0.0,0.0,0.0,0.0,0.0,0.0,0.0,0.0,0.0,0
NE19 1,0.0,0.0,0.0,0.0,0.0,0.0,0.0,0.0,0.0,0.0,0
NE19 2,0.0,0.0,0.0,0.0,0.0,0.0,0.0,0.0,0.0,0.0,0
NE2 1,0.0,0.0,0.0,0.0,0.0,0.0,0.0,0.0,0.0,0.0,0
NE2 2,0.0,0.0,0.0,0.0,0.0,0.0,0.0,0.0,0.0,0.0,0
NE2 3,0.0,0.0,0.0,0.0,0.0,0.0,0.0,0.0,0.0,0.0,0
NE2 4,0.0,0.0,0.0,0.0,0.0,0.0,0.0,0.0,0.0,0.0,0
NE20 0,0.0,0.0,0.0,0.0,0.0,0.0,0.0,0.0,0.0,0.0,0
NE20 2,0.0,0.0,0.0,0.0,0.0,0.0,0.0,0.0,0.0,0.0,0
NE20 9,0.0,0.0,0.0,0.0,0.0,0.0,0.0,0.0,0.0,0.0,0
NE21 4,0.0,0.0,0.0,0.0,0.0,0.0,0.0,0.0,0.0,0.0,0
NE21 5,0.0,0.0,0.0,0.0,0.0,0.0,0.0,0.0,0.0,0.0,0
NE21 6,0.0,0.0,0.0,0.0,0.0,0.0,0.0,0.0,0.0,0.0,0
NE22 5,0.0,0.0,0.0,0.0,0.0,0.0,0.0,0.0,0.0,0.0,0
NE22 6,0.0,0.0,0.0,0.0,0.0,0.0,0.0,0.0,0.0,0.0,0
NE22 7,0.0,0.0,0.0,0.0,0.0,0.0,0.0,0.0,0.0,0.0,0
NE23 0,0.0,0.0,0.0,0.0,0.0,0.0,0.0,0.0,0.0,0.0,0
NE23 1,0.0,0.0,0.0,0.0,0.0,0.0,0.0,0.0,0.0,0.0,0
NE23 2,0.0,0.0,0.0,0.0,0.0,0.0,0.0,0.0,0.0,0.0,0
NE23 3,0.0,0.0,0.0,0.0,0.0,0.0,0.0,0.0,0.0,0.0,0
NE23 6,0.0,0.0,0.0,0.0,0.0,0.0,0.0,0.0,0.0,0.0,0
NE23 7,0.0,0.0,0.0,0.0,0.0,0.0,0.0,0.0,0.0,0.0,0
NE23 8,0.0,0.0,0.0,0.0,0.0,0.0,0.0,0.0,0.0,0.0,0
NE24 1,0.00200001,0.00422561,0.01754036,0.04910972,0.00301047,0.00502105,0.02207534,0.05919853,0.0,41210.7,1
NE24 2,0.0,0.0,0.02748719,0.07270548,0.0,0.0,0.03839375,0.08580222,0.0,0.0,1
NE24 3,0.00400007,0.01314675,0.01408558,0.03641178,0.00342631,0.01674846,0.01531845,0.0444256,0.0,193570.4,1
NE24 4,0.0,0.0,0.0,0.0,0.0,0.0,0.0,0.0,0.0,0.0,0
NE24 5,0.0,0.0,0.0,0.0,0.0,0.0,0.0,0.0,0.0,0.0,0
NE24 9,0.0,0.0,0.0,0.0,0.0,0.0,0.0,0.0,0.0,0.0,0
NE25 0,0.0,0.0,0.0,0.0,0.0,0.0,0.0,0.0,0.0,0.0,0
NE25 8,0.0,0.0,0.0,0.0,0.0,0.0,0.0,0.0,0.0,0.0,0
NE25 9,0.0,0.0,0.0,0.0,0.0,0.0,0.0,0.0,0.0,0.0,0
NE26 1,0.00012293,0.00053856,0.0448164,0.10465468,0.00022557,0.00065078,0.06181816,0.11984824,0.0,1796.8,1
NE26 2,0.00028439,0.0009052,0.02636595,0.06042256,0.00043093,0.00106266,0.03650989,0.06903739,0.0,4958.2,1
NE26 3,0.0,0.0,0.0,0.0,0.0,0.0,0.0,0.0,0.0,0.0,0
NE26 4,0.00412867,0.01448876,0.00583462,0.01895194,0.00489006,0.01806,0.00733628,0.02325385,0.0,334129.8,1
NE27 0,0.0,0.0,0.0,0.0,0.0,0.0,0.0,0.0,0.0,0.0,0
NE27 9,0.0,0.0,0.0,0.0,0.0,0.0,0.0,0.0,0.0,0.0,0
NE28 0,0.0,0.0,0.0,0.0,0.0,0.0,0.0,0.0,0.0,0.0,0
NE28 6,0.0,0.0,0.0,0.0,0.0,0.0,0.0,0.0,0.0,0.0,0
NE28 7,0.0,0.0,0.0,0.0,0.0,0.0,0.0,0.0,0.0,0.0,0
NE28 8,0.0,0.0,0.0,0.0,0.0,0.0,0.0,0.0,0.0,0.0,0
NE28 9,0.0,0.0,0.0,0.0,0.0,0.0,0.0,0.0,0.0,0.0,0
NE29 0,0.0,0.0,0.0,0.0,0.0,0.0,0.0,0.0,0.0,0.0,0
NE29 1,0.0,0.0,0.0,0.0,0.0,0.0,0.0,0.0,0.0,0.0,0
NE29 6,0.0,0.0,0.0,0.0,0.0,0.0,0.0,0.0,0.0,0.0,0
NE29 7,0.0,0.0,0.0,0.0,0.0,0.0,0.0,0.0,0.0,0.0,0
NE29 8,0.0,0.0,0.0,0.0,0.0,0.0,0.0,0.0,0.0,0.0,0
NE29 9,0.0,0.0,0.0,0.0,0.0,0.0,0.0,0.0,0.0,0.0,0
NE3 1,0.0,0.0,0.0,0.0,0.0,0.0,0.0,0.0,0.0,0.0,0
NE3 2,0.0,0.0,0.0,0.0,0.0,0.0,0.0,0.0,0.0,0.0,0
NE3 3,0.0,0.0,0.0,0.0,0.0,0.0,0.0,0.0,0.0,0.0,0
NE3 4,0.0,0.0,0.0,0.0,0.0,0.0,0.0,0.0,0.0,0.0,0
NE3 5,0.0,0.0,0.0,0.0,0.0,0.0,0.0,0.0,0.0,0.0,0
NE3 9,0.0,0.0,0.0,0.0,0.0,0.0,0.0,0.0,0.0,0.0,0
NE30 1,0.0,0.0,0.00224004,0.00453502,0.0,0.0,0.0044999,0.006819,0.0,0.0,1
NE30 2,0.0,0.0,0.0,0.0,0.0,0.0,0.0,0.0,0.0,0.0,0
NE30 3,0.0,0.0,0.00171362,0.01576727,0.0,0.0,0.00378151,0.02208594,0.0,0.0,1
NE30 4,0.00143667,0.00445171,0.0209317,0.06088937,0.00215414,0.00525906,0.03223036,0.07151976,0.0,42390.1,1
NE31 1,0.0,0.0,0.0,0.0,0.0,0.0,0.0,0.0,0.0,0.0,0
NE31 2,0.0,0.0,0.0,0.0,0.0,0.0,0.0,0.0,0.0,0.0,0
NE32 3,0.0,0.0,0.0,0.0,0.0,0.0,0.0,0.0,0.0,0.0,0
NE32 4,0.0,0.0,0.0,0.0,0.0,0.0,0.0,0.0,0.0,0.0,0
NE32 5,0.0,0.0,0.0,0.0,0.0,0.0,0.0,0.0,0.0,0.0,0
NE33 1,0.0,0.0,0.02066531,0.04365972,0.0,0.0,0.02760375,0.04901131,0.0,0.0,1
NE33 2,0.00142577,0.01144602,0.01488536,0.05633231,0.00247333,0.01414776,0.02184179,0.06985758,0.0,75179.5,1
NE33 3,0.01299256,0.05276551,0.02632466,0.09140374,0.01841925,0.06703496,0.0343015,0.11536288,0.0,79672.1,1
NE33 4,0.0,0.0,0.0,0.0,0.0,0.0,0.0,0.0,0.0,0.0,0
NE33 5,0.0,0.0,0.0,0.0,0.0,0.0,0.0,0.0,0.0,0.0,0
NE33 9,0.0,0.0,0.0,0.0,0.0,0.0,0.0,0.0,0.0,0.0,0
NE34 0,0.0,0.0,0.0,0.0,0.0,0.0,0.0,0.0,0.0,0.0,0
NE34 6,0.0,0.0,0.0,0.00082515,0.0,0.0,0.0,0.0017706,0.0,0.0,1
NE34 7,0.01247924,0.04435558,0.01554132,0.05666585,0.0205385,0.05336,0.02574965,0.06859338,0.0,363631.0,1
NE34 8,0.0,0.0,0.0,0.0,0.0,0.0,0.0,0.0,0.0,0.0,0
NE34 9,0.0,0.0,0.0,0.0,0.0,0.0,0.0,0.0,0.0,0.0,0
NE35 9,0.0,0.0,0.0,0.0,0.0,0.0,0.0,0.0,0.0,0.0,0
NE36 0,0.0,0.0,0.0,0.0,0.0,0.0,0.0,0.0,0.0,0.0,0
NE37 1,0.0,0.0,0.0,0.0,0.0,0.0,0.0,0.0,0.0,0.0,0
NE37 2,0.0,0.0,0.0,0.0,0.0,0.0,0.0,0.0,0.0,0.0,0
NE37 3,0.0,0.0,0.0,0.0,0.0,0.0,0.0,0.0,0.0,0.0,0
NE37 9,0.0,0.0,0.0,0.0,0.0,0.0,0.0,0.0,0.0,0.0,0
NE38 0,0.0,0.0,0.0,0.0,0.0,0.0,0.0,0.0,0.0,0.0,0
NE38 7,0.0,0.0,0.0,0.0,0.0,0.0,0.0,0.0,0.0,0.0,0
NE38 8,0.0,0.0,0.0,0.0,0.0,0.0,0.0,0.0,0.0,0.0,0
NE38 9,0.0,0.0,0.0,0.0,0.0,0.0,0.0,0.0,0.0,0.0,0
NE39 1,0.0,0.0,0.0,0.0,0.0,0.0,0.0,0.0,0.0,0.0,0
NE39 2,0.0,0.0,0.0,0.0,0.0,0.0,0.0,0.0,0.0,0.0,0
NE4 5,0.0,0.0,0.0,0.0,0.0,0.0,0.0,0.0,0.0,0.0,0
NE4 6,0.0,0.0,0.0,0.0,0.0,0.0,0.0,0.0,0.0,0.0,0
NE4 7,0.0,0.0,0.0,0.0,0.0,0.0,0.0,0.0,0.0,0.0,0
NE4 8,0.0,0.0,0.0,0.0,0.0,0.0,0.0,0.0,0.0,0.0,0
NE4 9,0.0,0.0,0.0,0.0,0.0,0.0,0.0,0.0,0.0,0.0,0
NE40 3,0.0,0.0,0.0,0.0,0.0,0.0,0.0,0.0,0.0,0.0,0
NE40 4,0.0,0.0,0.0,0.0,0.0,0.0,0.0,0.0,0.0,0.0,0
NE40 9,0.0,0.0,0.0,0.0,0.0,0.0,0.0,0.0,0.0,0.0,0
NE41 8,0.0,0.0,0.0,0.0,0.0,0.0,0.0,0.0,0.0,0.0,0
NE42 5,0.0,0.0,0.0,0.0,0.0,0.0,0.0,0.0,0.0,0.0,0
NE42 6,0.0,0.0,0.0,0.0,0.0,0.0,0.0,0.0,0.0,0.0,0
NE42 9,0.0,0.0,0.0,0.0,0.0,0.0,0.0,0.0,0.0,0.0,0
NE43 7,0.0,0.0,0.0,0.0,0.0,0.0,0.0,0.0,0.0,0.0,0
NE44 6,0.0,0.0,0.0,0.0,0.0,0.0,0.0,0.0,0.0,0.0,0
NE45 5,0.0,0.0,0.0,0.0,0.0,0.0,0.0,0.0,0.0,0.0,0
NE46 1,0.0,0.0,0.0,0.0,0.0,0.0,0.0,0.0,0.0,0.0,0
NE46 2,0.0,0.0,0.0,0.0,0.0,0.0,0.0,0.0,0.0,0.0,0
NE46 3,0.0,0.0,0.0,0.0,0.0,0.0,0.0,0.0,0.0,0.0,0
NE46 4,0.0,0.0,0.0,0.0,0.0,0.0,0.0,0.0,0.0,0.0,0
NE46 9,0.0,0.0,0.0,0.0,0.0,0.0,0.0,0.0,0.0,0.0,0
NE47 0,0.0,0.0,0.0,0.0,0.0,0.0,0.0,0.0,0.0,0.0,0
NE47 5,0.0,0.0,0.0,0.0,0.0,0.0,0.0,0.0,0.0,0.0,0
NE47 6,0.0,0.0,0.0,0.0,0.0,0.0,0.0,0.0,0.0,0.0,0
NE47 7,0.0,0.0,0.0,0.0,0.0,0.0,0.0,0.0,0.0,0.0,0
NE47 8,0.0,0.0,0.0,0.0,0.0,0.0,0.0,0.0,0.0,0.0,0
NE47 9,0.0,0.0,0.0,0.0,0.0,0.0,0.0,0.0,0.0,0.0,0
NE48 1,0.0,0.0,0.0,0.0,0.0,0.0,0.0,0.0,0.0,0.0,0
NE48 2,0.0,0.0,0.0,0.0,0.0,0.0,0.0,0.0,0.0,0.0,0
NE48 3,0.0,0.0,0.0,0.0,0.0,0.0,0.0,0.0,0.0,0.0,0
NE48 4,0.0,0.0,0.0,0.0,0.0,0.0,0.0,0.0,0.0,0.0,0
NE49 0,0.0,0.0,0.0,0.0,0.0,0.0,0.0,0.0,0.0,0.0,0
NE49 9,0.0,0.0,0.0,0.0,0.0,0.0,0.0,0.0,0.0,0.0,0
NE5 1,0.0,0.0,0.0,0.0,0.0,0.0,0.0,0.0,0.0,0.0,0
NE5 2,0.0,0.0,0.0,0.0,0.0,0.0,0.0,0.0,0.0,0.0,0
NE5 3,0.0,0.0,0.0,0.0,0.0,0.0,0.0,0.0,0.0,0.0,0
NE5 4,0.0,0.0,0.0,0.0,0.0,0.0,0.0,0.0,0.0,0.0,0
NE5 5,0.0,0.0,0.0,0.0,0.0,0.0,0.0,0.0,0.0,0.0,0
NE5 9,0.0,0.0,0.0,0.0,0.0,0.0,0.0,0.0,0.0,0.0,0
NE6 1,0.0,0.0,0.0,0.0,0.0,0.0,0.0,0.0,0.0,0.0,0
NE6 2,0.0,0.0,0.0,0.0,0.0,0.0,0.0,0.0,0.0,0.0,0
NE6 3,0.0,0.0,0.0,0.0,0.0,0.0,0.0,0.0,0.0,0.0,0
NE6 4,0.0,0.0,0.0,0.0,0.0,0.0,0.0,0.0,0.0,0.0,0
NE6 5,0.0,0.0,0.0,0.0,0.0,0.0,0.0,0.0,0.0,0.0,0
NE6 9,0.0,0.0,0.0,0.0,0.0,0.0,0.0,0.0,0.0,0.0,0
NE61 1,0.0,0.0,0.0,0.0,0.0,0.0,0.0,0.0,0.0,0.0,0
NE61 2,0.0,0.0,0.0,0.0,0.0,0.0,0.0,0.0,0.0,0.0,0
NE61 3,0.0,0.0,0.0,0.0,0.0,0.0,0.0,0.0,0.0,0.0,0
NE61 4,0.0,0.0,0.0,0.0,0.0,0.0,0.0,0.0,0.0,0.0,0
NE61 5,0.00428636,0.01460068,0.00466985,0.01580645,0.00533008,0.01897885,0.00589056,0.02042443,0.0,1073409.0,1
NE61 6,0.0,0.0,0.0,0.0,0.0,0.0,0.0,0.0,0.0,0.0,0
NE61 9,0.0,0.0,0.0,0.0,0.0,0.0,0.0,0.0,0.0,0.0,0
NE62 5,0.0,0.0,0.0,0.0,0.0,0.0,0.0,0.0,0.0,0.0,0
NE63 0,0.0,0.0,0.0,0.0,0.0,0.0,0.0,0.0,0.0,0.0,0
NE63 3,0.0,0.0,0.0,0.0,0.0,0.0,0.0,0.0,0.0,0.0,0
NE63 8,0.0,0.0,0.0,0.0,0.0,0.0,0.0,0.0,0.0,0.0,0
NE63 9,0.01365333,0.05190296,0.02237924,0.08383606,0.02313961,0.06203625,0.03737967,0.09946168,0.0,847003.0,1
NE64 6,0.00986644,0.03689421,0.01631064,0.05598153,0.01389514,0.0454334,0.02371403,0.06745497,0.0,558018.8,1
NE65 0,0.00552374,0.02022,0.00680199,0.02193661,0.00942817,0.02429205,0.01024438,0.02640197,0.0,1189451.1,1
NE65 7,0.0,0.0,0.0,0.0,0.0,0.0,0.0,0.0,0.0,0.0,0
NE65 8,0.0,0.0,0.0,0.0,0.0,0.0,0.0,0.0,0.0,0.0,0
NE65 9,0.0,0.0,0.0,0.0,0.0,0.0,0.0,0.0,0.0,0.0,0
NE66 1,0.0,0.0,0.0,0.0,0.0,0.0,0.0,0.0,0.0,0.0,0
NE66 2,2.534e-05,0.00011086,2.534e-05,0.00011086,0.0,0.00017159,0.0,0.00017159,0.0,20024.3,1
NE66 3,0.0026987,0.0095711,0.00289513,0.00994257,0.00201534,0.01268488,0.00203966,0.01324846,0.0,1362617.5,1
NE66 4,0.0,0.0,0.0,0.0,0.0,0.0,0.0,0.0,0.0,0.0,0
NE66 5,0.0,0.0,0.0,0.0,0.0,0.0,0.0,0.0,0.0,0.0,0
NE66 9,0.0,0.0,0.0,0.0,0.0,0.0,0.0,0.0,0.0,0.0,0
NE67 5,0.00043287,0.00154178,0.00081325,0.00259602,0.00011857,0.0022254,0.00049831,0.00355077,0.0,157257.7,1
NE68 7,0.00028593,0.00113004,0.0010069,0.00290719,0.00042863,0.00174078,0.00155597,0.00375845,0.0,51878.3,1
NE69 7,0.00258713,0.00837033,0.00384638,0.01180359,0.00202707,0.01067667,0.0025951,0.01507776,0.0,356066.7,1
NE7 7,0.0,0.0,0.0,0.0,0.0,0.0,0.0,0.0,0.0,0.0,0
NE70 7,0.00105975,0.00366767,0.00290354,0.00757775,0.00071993,0.00483409,0.00206823,0.00990487,0.0,375649.3,1
NE71 6,0.0,0.0,0.0,0.0,0.0,0.0,0.0,0.0,0.0,0.0,0
NE8 1,0.0,0.0,0.0,0.0,0.0,0.0,0.0,0.0,0.0,0.0,0
NE8 2,0.0,0.0,0.0,0.0,0.0,0.0,0.0,0.0,0.0,0.0,0
NE8 3,0.0,0.0,0.0,0.0,0.0,0.0,0.0,0.0,0.0,0.0,0
NE8 4,0.0,0.0,0.0,0.0,0.0,0.0,0.0,0.0,0.0,0.0,0
NE8 9,0.0,0.0,0.0,0.0,0.0,0.0,0.0,0.0,0.0,0.0,0
NE9 5,0.0,0.0,0.0,0.0,0.0,0.0,0.0,0.0,0.0,0.0,0
NE9 6,0.0,0.0,0.0,0.0,0.0,0.0,0.0,0.0,0.0,0.0,0
NE9 7,0.0,0.0,0.0,0.0,0.0,0.0,0.0,0.0,0.0,0.0,0
NE9 9,0.0,0.0,0.0,0.0,0.0,0.0,0.0,0.0,0.0,0.0,0
NG1 1,0.0,0.0,0.0,0.0,0.0,0.0,0.0,0.0,0.0,0.0,0
NG1 2,0.0,0.0,0.0,0.0,0.0,0.0,0.0,0.0,0.0,0.0,0
NG1 3,0.0,0.0,0.0,0.0,0.0,0.0,0.0,0.0,0.0,0.0,0
NG1 4,0.0,0.0,0.0,0.0,0.0,0.0,0.0,0.0,0.0,0.0,0
NG1 5,0.0,0.0,0.0,0.0,0.0,0.0,0.0,0.0,0.0,0.0,0
NG1 6,0.0,0.0,0.0,0.0,0.0,0.0,0.0,0.0,0.0,0.0,0
NG1 7,0.0,0.0,0.0,0.0,0.0,0.0,0.0,0.0,0.0,0.0,0
NG1 9,0.0,0.0,0.0,0.0,0.0,0.0,0.0,0.0,0.0,0.0,0
NG10 1,0.0,0.0,0.0,0.0,0.0,0.0,0.0,0.0,0.0,0.0,0
NG10 2,0.0,0.0,0.0,0.0,0.0,0.0,0.0,0.0,0.0,0.0,0
NG10 3,0.0,0.0,0.0,0.0,0.0,0.0,0.0,0.0,0.0,0.0,0
NG10 4,0.0,0.0,0.0,0.0,0.0,0.0,0.0,0.0,0.0,0.0,0
NG10 5,0.0,0.0,0.0,0.0,0.0,0.0,0.0,0.0,0.0,0.0,0
NG10 9,0.0,0.0,0.0,0.0,0.0,0.0,0.0,0.0,0.0,0.0,0
NG11 0,0.0,0.0,0.0,0.0,0.0,0.0,0.0,0.0,0.0,0.0,0
NG11 1,0.0,0.0,0.0,0.0,0.0,0.0,0.0,0.0,0.0,0.0,0
NG11 2,0.0,0.0,0.0,0.0,0.0,0.0,0.0,0.0,0.0,0.0,0
NG11 6,0.0,0.0,0.0,0.0,0.0,0.0,0.0,0.0,0.0,0.0,0
NG11 7,0.0,0.0,0.0,0.0,0.0,0.0,0.0,0.0,0.0,0.0,0
NG11 8,0.0,0.0,0.0,0.0,0.0,0.0,0.0,0.0,0.0,0.0,0
NG11 9,0.0,0.0,0.0,0.0,0.0,0.0,0.0,0.0,0.0,0.0,0
NG12 1,0.0,0.0,0.0,0.0,0.0,0.0,0.0,0.0,0.0,0.0,0
NG12 2,0.0,0.0,0.0,0.0,0.0,0.0,0.0,0.0,0.0,0.0,0
NG12 3,0.0,0.0,0.0,0.0,0.0,0.0,0.0,0.0,0.0,0.0,0
NG12 4,0.0,0.0,0.0,0.0,0.0,0.0,0.0,0.0,0.0,0.0,0
NG12 5,0.0,0.0,0.0,0.0,0.0,0.0,0.0,0.0,0.0,0.0,0
NG13 0,0.0,0.0,0.0,0.0,0.0,0.0,0.0,0.0,0.0,0.0,0
NG13 7,0.0,0.0,0.0,0.0,0.0,0.0,0.0,0.0,0.0,0.0,0
NG13 8,0.0,0.0,0.0,0.0,0.0,0.0,0.0,0.0,0.0,0.0,0
NG13 9,0.0,0.0,0.0,0.0,0.0,0.0,0.0,0.0,0.0,0.0,0
NG14 5,0.0,0.0,0.0,0.0,0.0,0.0,0.0,0.0,0.0,0.0,0
NG14 6,0.0,0.0,0.0,0.0,0.0,0.0,0.0,0.0,0.0,0.0,0
NG14 7,0.0,0.0,0.0,0.0,0.0,0.0,0.0,0.0,0.0,0.0,0
NG15 0,0.0,0.0,0.0,0.0,0.0,0.0,0.0,0.0,0.0,0.0,0
NG15 5,0.0,0.0,0.0,0.0,0.0,0.0,0.0,0.0,0.0,0.0,0
NG15 6,0.0,0.0,0.0,0.0,0.0,0.0,0.0,0.0,0.0,0.0,0
NG15 7,0.0,0.0,0.0,0.0,0.0,0.0,0.0,0.0,0.0,0.0,0
NG15 8,0.0,0.0,0.0,0.0,0.0,0.0,0.0,0.0,0.0,0.0,0
NG15 9,0.0,0.0,0.0,0.0,0.0,0.0,0.0,0.0,0.0,0.0,0
NG16 1,0.0,0.0,0.0,0.0,0.0,0.0,0.0,0.0,0.0,0.0,0
NG16 2,0.0,0.0,0.0,0.0,0.0,0.0,0.0,0.0,0.0,0.0,0
NG16 3,0.0,0.0,0.0,0.0,0.0,0.0,0.0,0.0,0.0,0.0,0
NG16 4,0.0,0.0,0.0,0.0,0.0,0.0,0.0,0.0,0.0,0.0,0
NG16 5,0.0,0.0,0.0,0.0,0.0,0.0,0.0,0.0,0.0,0.0,0
NG16 6,0.0,0.0,0.0,0.0,0.0,0.0,0.0,0.0,0.0,0.0,0
NG16 9,0.0,0.0,0.0,0.0,0.0,0.0,0.0,0.0,0.0,0.0,0
NG17 0,0.0,0.0,0.0,0.0,0.0,0.0,0.0,0.0,0.0,0.0,0
NG17 1,0.0,0.0,0.0,0.0,0.0,0.0,0.0,0.0,0.0,0.0,0
NG17 2,0.0,0.0,0.0,0.0,0.0,0.0,0.0,0.0,0.0,0.0,0
NG17 3,0.0,0.0,0.0,0.0,0.0,0.0,0.0,0.0,0.0,0.0,0
NG17 4,0.0,0.0,0.0,0.0,0.0,0.0,0.0,0.0,0.0,0.0,0
NG17 5,0.0,0.0,0.0,0.0,0.0,0.0,0.0,0.0,0.0,0.0,0
NG17 6,0.0,0.0,0.0,0.0,0.0,0.0,0.0,0.0,0.0,0.0,0
NG17 7,0.0,0.0,0.0,0.0,0.0,0.0,0.0,0.0,0.0,0.0,0
NG17 8,0.0,0.0,0.0,0.0,0.0,0.0,0.0,0.0,0.0,0.0,0
NG17 9,0.0,0.0,0.0,0.0,0.0,0.0,0.0,0.0,0.0,0.0,0
NG18 1,0.0,0.0,0.0,0.0,0.0,0.0,0.0,0.0,0.0,0.0,0
NG18 2,0.0,0.0,0.0,0.0,0.0,0.0,0.0,0.0,0.0,0.0,0
NG18 3,0.0,0.0,0.0,0.0,0.0,0.0,0.0,0.0,0.0,0.0,0
NG18 4,0.0,0.0,0.0,0.0,0.0,0.0,0.0,0.0,0.0,0.0,0
NG18 5,0.0,0.0,0.0,0.0,0.0,0.0,0.0,0.0,0.0,0.0,0
NG18 6,0.0,0.0,0.0,0.0,0.0,0.0,0.0,0.0,0.0,0.0,0
NG18 9,0.0,0.0,0.0,0.0,0.0,0.0,0.0,0.0,0.0,0.0,0
NG19 0,0.0,0.0,0.0,0.0,0.0,0.0,0.0,0.0,0.0,0.0,0
NG19 6,0.0,0.0,0.0,0.0,0.0,0.0,0.0,0.0,0.0,0.0,0
NG19 7,0.0,0.0,0.0,0.0,0.0,0.0,0.0,0.0,0.0,0.0,0
NG19 8,0.0,0.0,0.0,0.0,0.0,0.0,0.0,0.0,0.0,0.0,0
NG19 9,0.0,0.0,0.0,0.0,0.0,0.0,0.0,0.0,0.0,0.0,0
NG2 1,0.0,0.0,0.0,0.0,0.0,0.0,0.0,0.0,0.0,0.0,0
NG2 2,0.0,0.0,0.0,0.0,0.0,0.0,0.0,0.0,0.0,0.0,0
NG2 3,0.0,0.0,0.0,0.0,0.0,0.0,0.0,0.0,0.0,0.0,0
NG2 4,0.0,0.0,0.0,0.0,0.0,0.0,0.0,0.0,0.0,0.0,0
NG2 5,0.0,0.0,0.0,0.0,0.0,0.0,0.0,0.0,0.0,0.0,0
NG2 6,0.0,0.0,0.0,0.0,0.0,0.0,0.0,0.0,0.0,0.0,0
NG2 7,0.0,0.0,0.0,0.0,0.0,0.0,0.0,0.0,0.0,0.0,0
NG2 9,0.0,0.0,0.0,0.0,0.0,0.0,0.0,0.0,0.0,0.0,0
NG20 0,0.0,0.0,0.0,0.0,0.0,0.0,0.0,0.0,0.0,0.0,0
NG20 8,0.0,0.0,0.0,0.0,0.0,0.0,0.0,0.0,0.0,0.0,0
NG20 9,0.0,0.0,0.0,0.0,0.0,0.0,0.0,0.0,0.0,0.0,0
NG21 0,0.0,0.0,0.0,0.0,0.0,0.0,0.0,0.0,0.0,0.0,0
NG21 9,0.0,0.0,0.0,0.0,0.0,0.0,0.0,0.0,0.0,0.0,0
NG22 0,0.0,0.0,0.0,0.0,0.0,0.0,0.0,0.0,0.0,0.0,0
NG22 8,0.0,0.0,0.0,0.0,0.0,0.0,0.0,0.0,0.0,0.0,0
NG22 9,0.0,0.0,0.0,0.0,0.0,0.0,0.0,0.0,0.0,0.0,0
NG23 5,0.0,0.0,0.0,0.0,0.0,0.0,0.0,0.0,0.0,0.0,0
NG23 6,0.0,0.0,0.0,0.0,0.0,0.0,0.0,0.0,0.0,0.0,0
NG23 7,0.0,0.0,0.0,0.0,0.0,0.0,0.0,0.0,0.0,0.0,0
NG24 0,0.0,0.0,0.0,0.0,0.0,0.0,0.0,0.0,0.0,0.0,0
NG24 1,0.0,0.0,0.0,0.0,0.0,0.0,0.0,0.0,0.0,0.0,0
NG24 2,0.0,0.0,0.0,0.0,0.0,0.0,0.0,0.0,0.0,0.0,0
NG24 3,0.0,0.0,0.0,0.0,0.0,0.0,0.0,0.0,0.0,0.0,0
NG24 4,0.0,0.0,0.0,0.0,0.0,0.0,0.0,0.0,0.0,0.0,0
NG24 5,0.0,0.0,0.0,0.0,0.0,0.0,0.0,0.0,0.0,0.0,0
NG24 9,0.0,0.0,0.0,0.0,0.0,0.0,0.0,0.0,0.0,0.0,0
NG25 0,0.0,0.0,0.0,0.0,0.0,0.0,0.0,0.0,0.0,0.0,0
NG3 1,0.0,0.0,0.0,0.0,0.0,0.0,0.0,0.0,0.0,0.0,0
NG3 2,0.0,0.0,0.0,0.0,0.0,0.0,0.0,0.0,0.0,0.0,0
NG3 3,0.0,0.0,0.0,0.0,0.0,0.0,0.0,0.0,0.0,0.0,0
NG3 4,0.0,0.0,0.0,0.0,0.0,0.0,0.0,0.0,0.0,0.0,0
NG3 5,0.0,0.0,0.0,0.0,0.0,0.0,0.0,0.0,0.0,0.0,0
NG3 6,0.0,0.0,0.0,0.0,0.0,0.0,0.0,0.0,0.0,0.0,0
NG3 7,0.0,0.0,0.0,0.0,0.0,0.0,0.0,0.0,0.0,0.0,0
NG31 0,0.0,0.0,0.0,0.0,0.0,0.0,0.0,0.0,0.0,0.0,0
NG31 6,0.0,0.0,0.0,0.0,0.0,0.0,0.0,0.0,0.0,0.0,0
NG31 7,0.0,0.0,0.0,0.0,0.0,0.0,0.0,0.0,0.0,0.0,0
NG31 8,0.0,0.0,0.0,0.0,0.0,0.0,0.0,0.0,0.0,0.0,0
NG31 9,0.0,0.0,0.0,0.0,0.0,0.0,0.0,0.0,0.0,0.0,0
NG32 1,0.0,0.0,0.0,0.0,0.0,0.0,0.0,0.0,0.0,0.0,0
NG32 2,0.0,0.0,0.0,0.0,0.0,0.0,0.0,0.0,0.0,0.0,0
NG32 3,0.0,0.0,0.0,0.0,0.0,0.0,0.0,0.0,0.0,0.0,0
NG33 4,0.0,0.0,0.0,0.0,0.0,0.0,0.0,0.0,0.0,0.0,0
NG33 5,0.0,0.0,0.0,0.0,0.0,0.0,0.0,0.0,0.0,0.0,0
NG34 0,0.0,0.0,0.0,0.0,0.0,0.0,0.0,0.0,0.0,0.0,0
NG34 4,0.0,0.0,0.0,0.0,0.0,0.0,0.0,0.0,0.0,0.0,0
NG34 6,0.0,0.0,0.0,0.0,0.0,0.0,0.0,0.0,0.0,0.0,0
NG34 7,0.0,0.0,0.0,0.0,0.0,0.0,0.0,0.0,0.0,0.0,0
NG34 8,0.0,0.0,0.0,0.0,0.0,0.0,0.0,0.0,0.0,0.0,0
NG34 9,0.0,0.0,0.0,0.0,0.0,0.0,0.0,0.0,0.0,0.0,0
NG4 1,0.0,0.0,0.0,0.0,0.0,0.0,0.0,0.0,0.0,0.0,0
NG4 2,0.0,0.0,0.0,0.0,0.0,0.0,0.0,0.0,0.0,0.0,0
NG4 3,0.0,0.0,0.0,0.0,0.0,0.0,0.0,0.0,0.0,0.0,0
NG4 4,0.0,0.0,0.0,0.0,0.0,0.0,0.0,0.0,0.0,0.0,0
NG4 9,0.0,0.0,0.0,0.0,0.0,0.0,0.0,0.0,0.0,0.0,0
NG5 0,0.0,0.0,0.0,0.0,0.0,0.0,0.0,0.0,0.0,0.0,0
NG5 1,0.0,0.0,0.0,0.0,0.0,0.0,0.0,0.0,0.0,0.0,0
NG5 2,0.0,0.0,0.0,0.0,0.0,0.0,0.0,0.0,0.0,0.0,0
NG5 3,0.0,0.0,0.0,0.0,0.0,0.0,0.0,0.0,0.0,0.0,0
NG5 4,0.0,0.0,0.0,0.0,0.0,0.0,0.0,0.0,0.0,0.0,0
NG5 5,0.0,0.0,0.0,0.0,0.0,0.0,0.0,0.0,0.0,0.0,0
NG5 6,0.0,0.0,0.0,0.0,0.0,0.0,0.0,0.0,0.0,0.0,0
NG5 7,0.0,0.0,0.0,0.0,0.0,0.0,0.0,0.0,0.0,0.0,0
NG5 8,0.0,0.0,0.0,0.0,0.0,0.0,0.0,0.0,0.0,0.0,0
NG5 9,0.0,0.0,0.0,0.0,0.0,0.0,0.0,0.0,0.0,0.0,0
NG6 0,0.0,0.0,0.0,0.0,0.0,0.0,0.0,0.0,0.0,0.0,0
NG6 6,0.0,0.0,0.0,0.0,0.0,0.0,0.0,0.0,0.0,0.0,0
NG6 7,0.0,0.0,0.0,0.0,0.0,0.0,0.0,0.0,0.0,0.0,0
NG6 8,0.0,0.0,0.0,0.0,0.0,0.0,0.0,0.0,0.0,0.0,0
NG6 9,0.0,0.0,0.0,0.0,0.0,0.0,0.0,0.0,0.0,0.0,0
NG7 1,0.0,0.0,0.0,0.0,0.0,0.0,0.0,0.0,0.0,0.0,0
NG7 2,0.0,0.0,0.0,0.0,0.0,0.0,0.0,0.0,0.0,0.0,0
NG7 3,0.0,0.0,0.0,0.0,0.0,0.0,0.0,0.0,0.0,0.0,0
NG7 4,0.0,0.0,0.0,0.0,0.0,0.0,0.0,0.0,0.0,0.0,0
NG7 5,0.0,0.0,0.0,0.0,0.0,0.0,0.0,0.0,0.0,0.0,0
NG7 6,0.0,0.0,0.0,0.0,0.0,0.0,0.0,0.0,0.0,0.0,0
NG7 7,0.0,0.0,0.0,0.0,0.0,0.0,0.0,0.0,0.0,0.0,0
NG8 1,0.0,0.0,0.0,0.0,0.0,0.0,0.0,0.0,0.0,0.0,0
NG8 2,0.0,0.0,0.0,0.0,0.0,0.0,0.0,0.0,0.0,0.0,0
NG8 3,0.0,0.0,0.0,0.0,0.0,0.0,0.0,0.0,0.0,0.0,0
NG8 4,0.0,0.0,0.0,0.0,0.0,0.0,0.0,0.0,0.0,0.0,0
NG8 5,0.0,0.0,0.0,0.0,0.0,0.0,0.0,0.0,0.0,0.0,0
NG8 6,0.0,0.0,0.0,0.0,0.0,0.0,0.0,0.0,0.0,0.0,0
NG8 9,0.0,0.0,0.0,0.0,0.0,0.0,0.0,0.0,0.0,0.0,0
NG9 1,0.0,0.0,0.0,0.0,0.0,0.0,0.0,0.0,0.0,0.0,0
NG9 2,0.0,0.0,0.0,0.0,0.0,0.0,0.0,0.0,0.0,0.0,0
NG9 3,0.0,0.0,0.0,0.0,0.0,0.0,0.0,0.0,0.0,0.0,0
NG9 4,0.0,0.0,0.0,0.0,0.0,0.0,0.0,0.0,0.0,0.0,0
NG9 5,0.0,0.0,0.0,0.0,0.0,0.0,0.0,0.0,0.0,0.0,0
NG9 6,0.0,0.0,0.0,0.0,0.0,0.0,0.0,0.0,0.0,0.0,0
NG9 7,0.0,0.0,0.0,0.0,0.0,0.0,0.0,0.0,0.0,0.0,0
NG9 8,0.0,0.0,0.0,0.0,0.0,0.0,0.0,0.0,0.0,0.0,0
NG9 9,0.0,0.0,0.0,0.0,0.0,0.0,0.0,0.0,0.0,0.0,0
NG90 1,0.0,0.0,0.0,0.0,0.0,0.0,0.0,0.0,0.0,0.0,0
NG90 2,0.0,0.0,0.0,0.0,0.0,0.0,0.0,0.0,0.0,0.0,0
NG90 4,0.0,0.0,0.0,0.0,0.0,0.0,0.0,0.0,0.0,0.0,0
NG90 5,0.0,0.0,0.0,0.0,0.0,0.0,0.0,0.0,0.0,0.0,0
NG90 6,0.0,0.0,0.0,0.0,0.0,0.0,0.0,0.0,0.0,0.0,0
NG90 7,0.0,0.0,0.0,0.0,0.0,0.0,0.0,0.0,0.0,0.0,0
NN1 1,0.0,0.0,0.0,0.0,0.0,0.0,0.0,0.0,0.0,0.0,0
NN1 2,0.0,0.0,0.0,0.0,0.0,0.0,0.0,0.0,0.0,0.0,0
NN1 3,0.0,0.0,0.0,0.0,0.0,0.0,0.0,0.0,0.0,0.0,0
NN1 4,0.0,0.0,0.0,0.0,0.0,0.0,0.0,0.0,0.0,0.0,0
NN1 5,0.0,0.0,0.0,0.0,0.0,0.0,0.0,0.0,0.0,0.0,0
NN1 9,0.0,0.0,0.0,0.0,0.0,0.0,0.0,0.0,0.0,0.0,0
NN10 0,0.0,0.0,0.0,0.0,0.0,0.0,0.0,0.0,0.0,0.0,0
NN10 1,0.0,0.0,0.0,0.0,0.0,0.0,0.0,0.0,0.0,0.0,0
NN10 6,0.0,0.0,0.0,0.0,0.0,0.0,0.0,0.0,0.0,0.0,0
NN10 8,0.0,0.0,0.0,0.0,0.0,0.0,0.0,0.0,0.0,0.0,0
NN10 9,0.0,0.0,0.0,0.0,0.0,0.0,0.0,0.0,0.0,0.0,0
NN11 0,0.0,0.0,0.0,0.0,0.0,0.0,0.0,0.0,0.0,0.0,0
NN11 1,0.0,0.0,0.0,0.0,0.0,0.0,0.0,0.0,0.0,0.0,0
NN11 2,0.0,0.0,0.0,0.0,0.0,0.0,0.0,0.0,0.0,0.0,0
NN11 3,0.0,0.0,0.0,0.0,0.0,0.0,0.0,0.0,0.0,0.0,0
NN11 4,0.0,0.0,0.0,0.0,0.0,0.0,0.0,0.0,0.0,0.0,0
NN11 6,0.0,0.0,0.0,0.0,0.0,0.0,0.0,0.0,0.0,0.0,0
NN11 7,0.0,0.0,0.0,0.0,0.0,0.0,0.0,0.0,0.0,0.0,0
NN11 8,0.0,0.0,0.0,0.0,0.0,0.0,0.0,0.0,0.0,0.0,0
NN11 9,0.0,0.0,0.0,0.0,0.0,0.0,0.0,0.0,0.0,0.0,0
NN12 6,0.0,0.0,0.0,0.0,0.0,0.0,0.0,0.0,0.0,0.0,0
NN12 7,0.0,0.0,0.0,0.0,0.0,0.0,0.0,0.0,0.0,0.0,0
NN12 8,0.0,0.0,0.0,0.0,0.0,0.0,0.0,0.0,0.0,0.0,0
NN12 9,0.0,0.0,0.0,0.0,0.0,0.0,0.0,0.0,0.0,0.0,0
NN13 5,0.0,0.0,0.0,0.0,0.0,0.0,0.0,0.0,0.0,0.0,0
NN13 6,0.0,0.0,0.0,0.0,0.0,0.0,0.0,0.0,0.0,0.0,0
NN13 7,0.0,0.0,0.0,0.0,0.0,0.0,0.0,0.0,0.0,0.0,0
NN13 9,0.0,0.0,0.0,0.0,0.0,0.0,0.0,0.0,0.0,0.0,0
NN14 1,0.0,0.0,0.0,0.0,0.0,0.0,0.0,0.0,0.0,0.0,0
NN14 2,0.0,0.0,0.0,0.0,0.0,0.0,0.0,0.0,0.0,0.0,0
NN14 3,0.0,0.0,0.0,0.0,0.0,0.0,0.0,0.0,0.0,0.0,0
NN14 4,0.0,0.0,0.0,0.0,0.0,0.0,0.0,0.0,0.0,0.0,0
NN14 6,0.0,0.0,0.0,0.0,0.0,0.0,0.0,0.0,0.0,0.0,0
NN15 4,0.0,0.0,0.0,0.0,0.0,0.0,0.0,0.0,0.0,0.0,0
NN15 5,0.0,0.0,0.0,0.0,0.0,0.0,0.0,0.0,0.0,0.0,0
NN15 6,0.0,0.0,0.0,0.0,0.0,0.0,0.0,0.0,0.0,0.0,0
NN15 7,0.0,0.0,0.0,0.0,0.0,0.0,0.0,0.0,0.0,0.0,0
NN16 0,0.0,0.0,0.0,0.0,0.0,0.0,0.0,0.0,0.0,0.0,0
NN16 6,0.0,0.0,0.0,0.0,0.0,0.0,0.0,0.0,0.0,0.0,0
NN16 8,0.0,0.0,0.0,0.0,0.0,0.0,0.0,0.0,0.0,0.0,0
NN16 9,0.0,0.0,0.0,0.0,0.0,0.0,0.0,0.0,0.0,0.0,0
NN17 1,0.0,0.0,0.0,0.0,0.0,0.0,0.0,0.0,0.0,0.0,0
NN17 2,0.0,0.0,0.0,0.0,0.0,0.0,0.0,0.0,0.0,0.0,0
NN17 3,0.0,0.0,0.0,0.0,0.0,0.0,0.0,0.0,0.0,0.0,0
NN17 4,0.0,0.0,0.0,0.0,0.0,0.0,0.0,0.0,0.0,0.0,0
NN17 5,0.0,0.0,0.0,0.0,0.0,0.0,0.0,0.0,0.0,0.0,0
NN17 9,0.0,0.0,0.0,0.0,0.0,0.0,0.0,0.0,0.0,0.0,0
NN18 0,0.0,0.0,0.0,0.0,0.0,0.0,0.0,0.0,0.0,0.0,0
NN18 8,0.0,0.0,0.0,0.0,0.0,0.0,0.0,0.0,0.0,0.0,0
NN18 9,0.0,0.0,0.0,0.0,0.0,0.0,0.0,0.0,0.0,0.0,0
NN2 6,0.0,0.0,0.0,0.0,0.0,0.0,0.0,0.0,0.0,0.0,0
NN2 7,0.0,0.0,0.0,0.0,0.0,0.0,0.0,0.0,0.0,0.0,0
NN2 8,0.0,0.0,0.0,0.0,0.0,0.0,0.0,0.0,0.0,0.0,0
NN29 7,0.0,0.0,0.0,0.0,0.0,0.0,0.0,0.0,0.0,0.0,0
NN3 0,0.0,0.0,0.0,0.0,0.0,0.0,0.0,0.0,0.0,0.0,0
NN3 2,0.0,0.0,0.0,0.0,0.0,0.0,0.0,0.0,0.0,0.0,0
NN3 3,0.0,0.0,0.0,0.0,0.0,0.0,0.0,0.0,0.0,0.0,0
NN3 5,0.0,0.0,0.0,0.0,0.0,0.0,0.0,0.0,0.0,0.0,0
NN3 6,0.0,0.0,0.0,0.0,0.0,0.0,0.0,0.0,0.0,0.0,0
NN3 7,0.0,0.0,0.0,0.0,0.0,0.0,0.0,0.0,0.0,0.0,0
NN3 8,0.0,0.0,0.0,0.0,0.0,0.0,0.0,0.0,0.0,0.0,0
NN3 9,0.0,0.0,0.0,0.0,0.0,0.0,0.0,0.0,0.0,0.0,0
NN4 0,0.0,0.0,0.0,0.0,0.0,0.0,0.0,0.0,0.0,0.0,0
NN4 5,0.0,0.0,0.0,0.0,0.0,0.0,0.0,0.0,0.0,0.0,0
NN4 6,0.0,0.0,0.0,0.0,0.0,0.0,0.0,0.0,0.0,0.0,0
NN4 7,0.0,0.0,0.0,0.0,0.0,0.0,0.0,0.0,0.0,0.0,0
NN4 8,0.0,0.0,0.0,0.0,0.0,0.0,0.0,0.0,0.0,0.0,0
NN4 9,0.0,0.0,0.0,0.0,0.0,0.0,0.0,0.0,0.0,0.0,0
NN5 4,0.0,0.0,0.0,0.0,0.0,0.0,0.0,0.0,0.0,0.0,0
NN5 5,0.0,0.0,0.0,0.0,0.0,0.0,0.0,0.0,0.0,0.0,0
NN5 6,0.0,0.0,0.0,0.0,0.0,0.0,0.0,0.0,0.0,0.0,0
NN5 7,0.0,0.0,0.0,0.0,0.0,0.0,0.0,0.0,0.0,0.0,0
NN6 0,0.0,0.0,0.0,0.0,0.0,0.0,0.0,0.0,0.0,0.0,0
NN6 6,0.0,0.0,0.0,0.0,0.0,0.0,0.0,0.0,0.0,0.0,0
NN6 7,0.0,0.0,0.0,0.0,0.0,0.0,0.0,0.0,0.0,0.0,0
NN6 8,0.0,0.0,0.0,0.0,0.0,0.0,0.0,0.0,0.0,0.0,0
NN6 9,0.0,0.0,0.0,0.0,0.0,0.0,0.0,0.0,0.0,0.0,0
NN7 1,0.0,0.0,0.0,0.0,0.0,0.0,0.0,0.0,0.0,0.0,0
NN7 2,0.0,0.0,0.0,0.0,0.0,0.0,0.0,0.0,0.0,0.0,0
NN7 3,0.0,0.0,0.0,0.0,0.0,0.0,0.0,0.0,0.0,0.0,0
NN7 4,0.0,0.0,0.0,0.0,0.0,0.0,0.0,0.0,0.0,0.0,0
NN8 1,0.0,0.0,0.0,0.0,0.0,0.0,0.0,0.0,0.0,0.0,0
NN8 2,0.0,0.0,0.0,0.0,0.0,0.0,0.0,0.0,0.0,0.0,0
NN8 3,0.0,0.0,0.0,0.0,0.0,0.0,0.0,0.0,0.0,0.0,0
NN8 4,0.0,0.0,0.0,0.0,0.0,0.0,0.0,0.0,0.0,0.0,0
NN8 5,0.0,0.0,0.0,0.0,0.0,0.0,0.0,0.0,0.0,0.0,0
NN8 6,0.0,0.0,0.0,0.0,0.0,0.0,0.0,0.0,0.0,0.0,0
NN8 9,0.0,0.0,0.0,0.0,0.0,0.0,0.0,0.0,0.0,0.0,0
NN9 5,0.0,0.0,0.0,0.0,0.0,0.0,0.0,0.0,0.0,0.0,0
NN9 6,0.0,0.0,0.0,0.0,0.0,0.0,0.0,0.0,0.0,0.0,0
NP10 0,0.0,0.0,0.0,0.0,0.0,0.0,0.0,0.0,0.0,0.0,0
NP10 8,0.0,0.0,0.0,0.0,0.0,0.0,0.0,0.0,0.0,0.0,0
NP10 9,0.0,0.0,0.0,0.0,0.0,0.0,0.0,0.0,0.0,0.0,0
NP11 3,0.0,0.0,0.0,0.0,0.0,0.0,0.0,0.0,0.0,0.0,0
NP11 4,0.0,0.0,0.0,0.0,0.0,0.0,0.0,0.0,0.0,0.0,0
NP11 5,0.0,0.0,0.0,0.0,0.0,0.0,0.0,0.0,0.0,0.0,0
NP11 6,0.0,0.0,0.0,0.0,0.0,0.0,0.0,0.0,0.0,0.0,0
NP11 7,0.0,0.0,0.0,0.0,0.0,0.0,0.0,0.0,0.0,0.0,0
NP11 9,0.0,0.0,0.0,0.0,0.0,0.0,0.0,0.0,0.0,0.0,0
NP12 0,0.0,0.0,0.0,0.0,0.0,0.0,0.0,0.0,0.0,0.0,0
NP12 1,0.0,0.0,0.0,0.0,0.0,0.0,0.0,0.0,0.0,0.0,0
NP12 2,0.0,0.0,0.0,0.0,0.0,0.0,0.0,0.0,0.0,0.0,0
NP12 3,0.0,0.0,0.0,0.0,0.0,0.0,0.0,0.0,0.0,0.0,0
NP12 4,0.0,0.0,0.0,0.0,0.0,0.0,0.0,0.0,0.0,0.0,0
NP13 1,0.0,0.0,0.0,0.0,0.0,0.0,0.0,0.0,0.0,0.0,0
NP13 2,0.0,0.0,0.0,0.0,0.0,0.0,0.0,0.0,0.0,0.0,0
NP13 3,0.0,0.0,0.0,0.0,0.0,0.0,0.0,0.0,0.0,0.0,0
NP15 1,0.0,0.0,0.0,0.0,0.0,0.0,0.0,0.0,0.0,0.0,0
NP15 2,0.0,0.0,0.0,0.0,0.0,0.0,0.0,0.0,0.0,0.0,0
NP15 9,0.0,0.0,0.0,0.0,0.0,0.0,0.0,0.0,0.0,0.0,0
NP16 5,0.0,0.0,0.0,0.0,0.0,0.0,0.0,0.0,0.0,0.0,0
NP16 6,0.0,0.00023901,0.0,0.00023901,0.00012174,0.00023812,0.00012174,0.00023812,0.0,27883.1,1
NP16 7,0.00078641,0.00290385,0.00078641,0.00290385,0.00144231,0.00327192,0.00144231,0.00327192,0.0,131098.8,1
NP16 9,0.0,0.0,0.0,0.0,0.0,0.0,0.0,0.0,0.0,0.0,0
NP18 1,0.0,0.0,0.0,0.0,0.0,0.0,0.0,0.0,0.0,0.0,0
NP18 2,0.0,0.0,0.0,0.0,0.0,0.0,0.0,0.0,0.0,0.0,0
NP18 3,0.0,0.0,0.0,0.0,0.0,0.0,0.0,0.0,0.0,0.0,0
NP19 0,0.0,0.0,0.0,0.0,0.0,0.0,0.0,0.0,0.0,0.0,0
NP19 1,0.0,0.0,0.0,0.0,0.0,0.0,0.0,0.0,0.0,0.0,0
NP19 4,0.0,0.0,0.0,0.0,0.0,0.0,0.0,0.0,0.0,0.0,0
NP19 7,0.0,0.0,0.0,0.0,0.0,0.0,0.0,0.0,0.0,0.0,0
NP19 8,0.0,0.0,0.0,0.0,0.0,0.0,0.0,0.0,0.0,0.0,0
NP19 9,0.0,0.0,0.0,0.0,0.0,0.0,0.0,0.0,0.0,0.0,0
NP20 1,0.0,0.0,0.0,0.0,0.0,0.0,0.0,0.0,0.0,0.0,0
NP20 2,0.0,0.0,0.0,0.0,0.0,0.0,0.0,0.0,0.0,0.0,0
NP20 3,0.0,0.0,0.0,0.0,0.0,0.0,0.0,0.0,0.0,0.0,0
NP20 4,0.0,0.0,0.0,0.0,0.0,0.0,0.0,0.0,0.0,0.0,0
NP20 5,0.0,0.0,0.0,0.0,0.0,0.0,0.0,0.0,0.0,0.0,0
NP20 6,0.0,0.0,0.0,0.0,0.0,0.0,0.0,0.0,0.0,0.0,0
NP20 7,0.0,0.0,0.0,0.0,0.0,0.0,0.0,0.0,0.0,0.0,0
NP20 9,0.0,0.0,0.0,0.0,0.0,0.0,0.0,0.0,0.0,0.0,0
NP22 3,0.0,0.0,0.0,0.0,0.0,0.0,0.0,0.0,0.0,0.0,0
NP22 4,0.0,0.0,0.0,0.0,0.0,0.0,0.0,0.0,0.0,0.0,0
NP22 5,0.0,0.0,0.0,0.0,0.0,0.0,0.0,0.0,0.0,0.0,0
NP23 4,0.0,0.0,0.0,0.0,0.0,0.0,0.0,0.0,0.0,0.0,0
NP23 5,0.0,0.0,0.0,0.0,0.0,0.0,0.0,0.0,0.0,0.0,0
NP23 6,0.0,0.0,0.0,0.0,0.0,0.0,0.0,0.0,0.0,0.0,0
NP23 7,0.0,0.0,0.0,0.0,0.0,0.0,0.0,0.0,0.0,0.0,0
NP23 8,0.0,0.0,0.0,0.0,0.0,0.0,0.0,0.0,0.0,0.0,0
NP23 9,0.0,0.0,0.0,0.0,0.0,0.0,0.0,0.0,0.0,0.0,0
NP24 6,0.0,0.0,0.0,0.0,0.0,0.0,0.0,0.0,0.0,0.0,0
NP25 3,0.0,0.0,0.0,0.0,0.0,0.0,0.0,0.0,0.0,0.0,0
NP25 4,0.0,8.054e-05,0.0,8.054e-05,4.045e-05,8.046e-05,4.045e-05,8.046e-05,0.0,7166.1,1
NP25 5,0.0,0.0,0.0,0.0,0.0,0.0,0.0,0.0,0.0,0.0,0
NP25 9,0.0,0.0,0.0,0.0,0.0,0.0,0.0,0.0,0.0,0.0,0
NP26 3,0.0,0.0,0.0,0.0,0.0,0.0,0.0,0.0,0.0,0.0,0
NP26 4,0.0,0.0,0.0,0.0,0.0,0.0,0.0,0.0,0.0,0.0,0
NP26 5,0.0,0.0,0.0,0.0,0.0,0.0,0.0,0.0,0.0,0.0,0
NP26 9,0.0,0.0,0.0,0.0,0.0,0.0,0.0,0.0,0.0,0.0,0
NP4 0,0.0,0.0,0.0,0.0,0.0,0.0,0.0,0.0,0.0,0.0,0
NP4 4,0.0,0.0,0.0,0.0,0.0,0.0,0.0,0.0,0.0,0.0,0
NP4 5,0.0,0.0,0.0,0.0,0.0,0.0,0.0,0.0,0.0,0.0,0
NP4 6,0.0,0.0,0.0,0.0,0.0,0.0,0.0,0.0,0.0,0.0,0
NP4 7,0.0,0.0,0.0,0.0,0.0,0.0,0.0,0.0,0.0,0.0,0
NP4 8,0.0,0.0,0.0,0.0,0.0,0.0,0.0,0.0,0.0,0.0,0
NP4 9,0.0,0.0,0.0,0.0,0.0,0.0,0.0,0.0,0.0,0.0,0
NP44 1,0.0,0.0,0.0,0.0,0.0,0.0,0.0,0.0,0.0,0.0,0
NP44 2,0.0,0.0,0.0,0.0,0.0,0.0,0.0,0.0,0.0,0.0,0
NP44 3,0.0,0.0,0.0,0.0,0.0,0.0,0.0,0.0,0.0,0.0,0
NP44 4,0.0,0.0,0.0,0.0,0.0,0.0,0.0,0.0,0.0,0.0,0
NP44 5,0.0,0.0,0.0,0.0,0.0,0.0,0.0,0.0,0.0,0.0,0
NP44 6,0.0,0.0,0.0,0.0,0.0,0.0,0.0,0.0,0.0,0.0,0
NP44 7,0.0,0.0,0.0,0.0,0.0,0.0,0.0,0.0,0.0,0.0,0
NP44 8,0.0,0.0,0.0,0.0,0.0,0.0,0.0,0.0,0.0,0.0,0
NP44 9,0.0,0.0,0.0,0.0,0.0,0.0,0.0,0.0,0.0,0.0,0
NP7 0,0.0,0.0,0.0,0.0,0.0,0.0,0.0,0.0,0.0,0.0,0
NP7 1,0.0,0.0,0.0,0.0,0.0,0.0,0.0,0.0,0.0,0.0,0
NP7 5,0.0,0.0,0.0,0.0,0.0,0.0,0.0,0.0,0.0,0.0,0
NP7 6,0.0,0.0,0.0,0.0,0.0,0.0,0.0,0.0,0.0,0.0,0
NP7 7,0.0,0.0,0.0,0.0,0.0,0.0,0.0,0.0,0.0,0.0,0
NP7 8,0.0,0.0,0.0,0.0,0.0,0.0,0.0,0.0,0.0,0.0,0
NP7 9,0.0,0.0,0.0,0.0,0.0,0.0,0.0,0.0,0.0,0.0,0
NP8 1,0.0,0.0,0.0,0.0,0.0,0.0,0.0,0.0,0.0,0.0,0
NR1 1,0.0,0.0,0.0,0.0,0.0,0.0,0.0,0.0,0.0,0.0,0
NR1 2,0.0,0.0,0.0,0.0,0.0,0.0,0.0,0.0,0.0,0.0,0
NR1 3,0.0,0.0,0.0,0.0,0.0,0.0,0.0,0.0,0.0,0.0,0
NR1 4,0.0,0.0,0.0,0.0,0.0,0.0,0.0,0.0,0.0,0.0,0
NR10 3,0.0,0.0,0.0,0.0,0.0,0.0,0.0,0.0,0.0,0.0,0
NR10 4,0.0,0.0,0.0,0.0,0.0,0.0,0.0,0.0,0.0,0.0,0
NR10 5,0.0,0.0,0.0,0.0,0.0,0.0,0.0,0.0,0.0,0.0,0
NR11 6,0.0,0.0,0.0,0.0,0.0,0.0,0.0,0.0,0.0,0.0,0
NR11 7,0.0,0.0,0.0,0.0,0.0,0.0,0.0,0.0,0.0,0.0,0
NR11 8,0.02051896,0.070583,0.02831551,0.07073508,0.03918418,0.08026721,0.03953312,0.08037717,0.0,5381448.9,1
NR12 0,0.00768211,0.03799256,0.01771107,0.0468816,0.02012703,0.04352108,0.02508805,0.05366418,0.0,3284720.5,1
NR12 7,0.0,0.0,0.0,0.0,0.0,0.0,0.0,0.0,0.0,0.0,0
NR12 8,0.0,0.0,0.0,0.0,0.0,0.0,0.0,0.0,0.0,0.0,0
NR12 9,0.0,0.0,0.0,0.0,0.0,0.0,0.0,0.0,0.0,0.0,0
NR13 3,0.0,0.0,0.0,0.0,0.0,0.0,0.0,0.0,0.0,0.0,0
NR13 4,0.0,0.0,0.0,0.0,0.0,0.0,0.0,0.0,0.0,0.0,0
NR13 5,0.0,0.0,0.0,0.0,0.0,0.0,0.0,0.0,0.0,0.0,0
NR13 6,0.0,0.0,0.0,0.0,0.0,0.0,0.0,0.0,0.0,0.0,0
NR14 6,0.0,0.0,0.0,0.0,0.0,0.0,0.0,0.0,0.0,0.0,0
NR14 7,0.0,0.0,0.0,0.0,0.0,0.0,0.0,0.0,0.0,0.0,0
NR14 8,0.0,0.0,0.0,0.0,0.0,0.0,0.0,0.0,0.0,0.0,0
NR15 1,0.0,0.0,0.0,0.0,0.0,0.0,0.0,0.0,0.0,0.0,0
NR15 2,0.0,0.0,0.0,0.0,0.0,0.0,0.0,0.0,0.0,0.0,0
NR16 1,0.0,0.0,0.0,0.0,0.0,0.0,0.0,0.0,0.0,0.0,0
NR16 2,0.0,0.0,0.0,0.0,0.0,0.0,0.0,0.0,0.0,0.0,0
NR17 1,0.0,0.0,0.0,0.0,0.0,0.0,0.0,0.0,0.0,0.0,0
NR17 2,0.0,0.0,0.0,0.0,0.0,0.0,0.0,0.0,0.0,0.0,0
NR18 0,0.0,0.0,0.0,0.0,0.0,0.0,0.0,0.0,0.0,0.0,0
NR18 8,0.0,0.0,0.0,0.0,0.0,0.0,0.0,0.0,0.0,0.0,0
NR18 9,0.0,0.0,0.0,0.0,0.0,0.0,0.0,0.0,0.0,0.0,0
NR19 1,0.0,0.0,0.0,0.0,0.0,0.0,0.0,0.0,0.0,0.0,0
NR19 2,0.0,0.0,0.0,0.0,0.0,0.0,0.0,0.0,0.0,0.0,0
NR19 9,0.0,0.0,0.0,0.0,0.0,0.0,0.0,0.0,0.0,0.0,0
NR2 1,0.0,0.0,0.0,0.0,0.0,0.0,0.0,0.0,0.0,0.0,0
NR2 2,0.0,0.0,0.0,0.0,0.0,0.0,0.0,0.0,0.0,0.0,0
NR2 3,0.0,0.0,0.0,0.0,0.0,0.0,0.0,0.0,0.0,0.0,0
NR2 4,0.0,0.0,0.0,0.0,0.0,0.0,0.0,0.0,0.0,0.0,0
NR20 3,0.0,0.0,0.0,0.0,0.0,0.0,0.0,0.0,0.0,0.0,0
NR20 4,0.0,0.0,0.0,0.0,0.0,0.0,0.0,0.0,0.0,0.0,0
NR20 5,0.0,0.0,0.0,0.0,0.0,0.0,0.0,0.0,0.0,0.0,0
NR21 0,0.0,0.0,0.0,0.0,0.0,0.0,0.0,0.0,0.0,0.0,0
NR21 1,0.0,0.0,0.0,0.0,0.0,0.0,0.0,0.0,0.0,0.0,0
NR21 7,0.0,0.0,0.0,0.0,0.0,0.0,0.0,0.0,0.0,0.0,0
NR21 8,0.0,0.0,0.0,0.0,0.0,0.0,0.0,0.0,0.0,0.0,0
NR21 9,0.0,0.0,0.0,0.0,0.0,0.0,0.0,0.0,0.0,0.0,0
NR22 6,0.0,0.0,0.0,0.0,0.0,0.0,0.0,0.0,0.0,0.0,0
NR23 1,0.00447328,0.01379276,0.00447328,0.01379276,0.00087927,0.01920399,0.00087927,0.01920399,0.0,1708632.8,1
NR24 2,0.0,0.0,0.0,0.0,0.0,0.0,0.0,0.0,0.0,0.0,0
NR25 6,0.0,0.0,0.0,0.0,0.0,0.0,0.0,0.0,0.0,0.0,0
NR25 7,0.00116734,0.00402302,0.00116734,0.00402302,0.00192755,0.00472778,0.00192755,0.00472778,0.0,458198.8,1
NR25 9,0.0,0.0,0.0,0.0,0.0,0.0,0.0,0.0,0.0,0.0,0
NR26 8,0.00520774,0.01560856,0.01945978,0.04910953,0.00796417,0.01800595,0.02820324,0.05600423,0.0,344030.7,1
NR26 9,0.0,0.0,0.0,0.0,0.0,0.0,0.0,0.0,0.0,0.0,0
NR27 0,0.03754394,0.12239215,0.04661035,0.13025157,0.06320187,0.14101814,0.06823468,0.14973228,0.0,2890373.4,1
NR27 7,0.0,0.0,0.0,0.0,0.0,0.0,0.0,0.0,0.0,0.0,0
NR27 9,0.01216468,0.0334249,0.01659383,0.04236322,0.01815475,0.03872066,0.02386418,0.04859126,0.0,844692.0,1
NR28 0,0.0,0.0,0.0,0.0,0.0,0.0,0.0,0.0,0.0,0.0,0
NR28 8,0.0,0.0,0.0,0.0,0.0,0.0,0.0,0.0,0.0,0.0,0
NR28 9,0.00040888,0.00141398,0.00041917,0.001474,0.00065439,0.00167348,0.00065672,0.00176618,0.0,69279.8,1
NR29 3,0.0029071,0.00756964,0.00291415,0.00756964,0.00391307,0.00871655,0.00391307,0.00871655,0.0,472979.6,1
NR29 4,0.0047489,0.01226267,0.00611925,0.01590581,0.01065508,0.01283236,0.01349274,0.01676089,0.0,797323.7,1
NR29 5,0.0,0.0,0.0,0.0,0.0,0.0,0.0,0.0,0.0,0.0,0
NR3 1,0.0,0.0,0.0,0.0,0.0,0.0,0.0,0.0,0.0,0.0,0
NR3 2,0.0,0.0,0.0,0.0,0.0,0.0,0.0,0.0,0.0,0.0,0
NR3 3,0.0,0.0,0.0,0.0,0.0,0.0,0.0,0.0,0.0,0.0,0
NR3 4,0.0,0.0,0.0,0.0,0.0,0.0,0.0,0.0,0.0,0.0,0
NR30 1,0.0,0.0,0.0,0.0,0.0,0.0,0.0,0.0,0.0,0.0,0
NR30 2,0.0,0.0,0.00088935,0.00219855,0.0,0.0,0.00035137,0.00297232,0.0,0.0,1
NR30 3,0.0,0.0,0.02256063,0.04432766,0.0,0.0,0.03919083,0.04596058,0.0,0.0,1
NR30 4,0.0,0.0,0.00028262,0.00155304,0.0,0.0,0.0,0.00240012,0.0,0.0,1
NR30 5,0.00012916,0.01468148,0.0064158,0.01620166,0.00802237,0.0174638,0.00838957,0.01970195,0.0,296844.0,1
NR30 9,0.0,0.0,0.0,0.0,0.0,0.0,0.0,0.0,0.0,0.0,0
NR31 0,0.0,0.0,0.0,0.0,0.0,0.0,0.0,0.0,0.0,0.0,0
NR31 6,0.00838902,0.02047277,0.03573987,0.08299999,0.01103105,0.02312555,0.04643643,0.09380299,0.0,180181.5,1
NR31 7,0.0,0.0,0.0,0.0,0.0,0.0,0.0,0.0,0.0,0.0,0
NR31 8,0.0,0.0,0.0,0.0,0.0,0.0,0.0,0.0,0.0,0.0,0
NR31 9,0.00091158,0.00213062,0.0044124,0.01135645,0.00118511,0.00238788,0.00603862,0.01289963,0.0,99172.9,1
NR32 1,0.0,0.0,0.0,0.0,0.0,0.0,0.0,0.0,0.0,0.0,0
NR32 2,0.0,0.0,0.0,0.0,0.0,0.0,0.0,0.0,0.0,0.0,0
NR32 3,0.0,0.0,0.0,0.0,0.0,0.0,0.0,0.0,0.0,0.0,0
NR32 4,0.00102998,0.00308433,0.00238093,0.00709453,0.00026093,0.00414722,0.00055759,0.00946731,0.0,20189.3,1
NR32 5,0.00356882,0.00906873,0.00931381,0.02449095,0.0046101,0.01040909,0.01212018,0.02841751,0.0,388885.3,1
NR32 9,0.0,0.0,0.0,0.0,0.0,0.0,0.0,0.0,0.0,0.0,0
NR33 0,0.0,0.0,0.10779264,0.31465008,0.0,0.0,0.16889681,0.359376,0.0,0.0,1
NR33 7,0.00684918,0.02780996,0.02085784,0.07620447,0.01011658,0.03353388,0.04329694,0.08705134,0.0,646081.7,1
NR33 8,0.0,0.0,0.0,0.0,0.0,0.0,0.0,0.0,0.0,0.0,0
NR33 9,0.0,0.0,0.0,0.0,0.0,0.0,0.0,0.0,0.0,0.0,0
NR34 0,0.0,0.0,0.0,0.0,0.0,0.0,0.0,0.0,0.0,0.0,0
NR34 4,0.0,0.0,0.0,0.0,0.0,0.0,0.0,0.0,0.0,0.0,0
NR34 7,0.01631259,0.07214255,0.01631259,0.07214255,0.02759284,0.08685722,0.02759284,0.08685722,0.0,5872251.6,1
NR34 8,0.0,0.0,0.0,0.0,0.0,0.0,0.0,0.0,0.0,0.0,0
NR34 9,0.0,0.0,0.0,0.0,0.0,0.0,0.0,0.0,0.0,0.0,0
NR35 1,0.0,0.0,0.0,0.0,0.0,0.0,0.0,0.0,0.0,0.0,0
NR35 2,0.0,0.0,0.0,0.0,0.0,0.0,0.0,0.0,0.0,0.0,0
NR35 9,0.0,0.0,0.0,0.0,0.0,0.0,0.0,0.0,0.0,0.0,0
NR4 6,0.0,0.0,0.0,0.0,0.0,0.0,0.0,0.0,0.0,0.0,0
NR4 7,0.0,0.0,0.0,0.0,0.0,0.0,0.0,0.0,0.0,0.0,0
NR5 0,0.0,0.0,0.0,0.0,0.0,0.0,0.0,0.0,0.0,0.0,0
NR5 8,0.0,0.0,0.0,0.0,0.0,0.0,0.0,0.0,0.0,0.0,0
NR5 9,0.0,0.0,0.0,0.0,0.0,0.0,0.0,0.0,0.0,0.0,0
NR6 5,0.0,0.0,0.0,0.0,0.0,0.0,0.0,0.0,0.0,0.0,0
NR6 6,0.0,0.0,0.0,0.0,0.0,0.0,0.0,0.0,0.0,0.0,0
NR6 7,0.0,0.0,0.0,0.0,0.0,0.0,0.0,0.0,0.0,0.0,0
NR7 0,0.0,0.0,0.0,0.0,0.0,0.0,0.0,0.0,0.0,0.0,0
NR7 7,0.0,0.0,0.0,0.0,0.0,0.0,0.0,0.0,0.0,0.0,0
NR7 8,0.0,0.0,0.0,0.0,0.0,0.0,0.0,0.0,0.0,0.0,0
NR7 9,0.0,0.0,0.0,0.0,0.0,0.0,0.0,0.0,0.0,0.0,0
NR8 5,0.0,0.0,0.0,0.0,0.0,0.0,0.0,0.0,0.0,0.0,0
NR8 6,0.0,0.0,0.0,0.0,0.0,0.0,0.0,0.0,0.0,0.0,0
NR8 7,0.0,0.0,0.0,0.0,0.0,0.0,0.0,0.0,0.0,0.0,0
NR9 3,0.0,0.0,0.0,0.0,0.0,0.0,0.0,0.0,0.0,0.0,0
NR9 4,0.0,0.0,0.0,0.0,0.0,0.0,0.0,0.0,0.0,0.0,0
NR9 5,0.0,0.0,0.0,0.0,0.0,0.0,0.0,0.0,0.0,0.0,0
NW1 0,0.0,0.0,0.0,0.0,0.0,0.0,0.0,0.0,0.0,0.0,0
NW1 1,0.0,0.0,0.0,0.0,0.0,0.0,0.0,0.0,0.0,0.0,0
NW1 2,0.0,0.0,0.0,0.0,0.0,0.0,0.0,0.0,0.0,0.0,0
NW1 3,0.0,0.0,0.0,0.0,0.0,0.0,0.0,0.0,0.0,0.0,0
NW1 4,0.0,0.0,0.0,0.0,0.0,0.0,0.0,0.0,0.0,0.0,0
NW1 5,0.0,0.0,0.0,0.0,0.0,0.0,0.0,0.0,0.0,0.0,0
NW1 6,0.0,0.0,0.0,0.0,0.0,0.0,0.0,0.0,0.0,0.0,0
NW1 7,0.0,0.0,0.0,0.0,0.0,0.0,0.0,0.0,0.0,0.0,0
NW1 8,0.0,0.0,0.0,0.0,0.0,0.0,0.0,0.0,0.0,0.0,0
NW1 9,0.0,0.0,0.0,0.0,0.0,0.0,0.0,0.0,0.0,0.0,0
NW10 0,0.0,0.0,0.0,0.0,0.0,0.0,0.0,0.0,0.0,0.0,0
NW10 1,0.0,0.0,0.0,0.0,0.0,0.0,0.0,0.0,0.0,0.0,0
NW10 2,0.0,0.0,0.0,0.0,0.0,0.0,0.0,0.0,0.0,0.0,0
NW10 3,0.0,0.0,0.0,0.0,0.0,0.0,0.0,0.0,0.0,0.0,0
NW10 4,0.0,0.0,0.0,0.0,0.0,0.0,0.0,0.0,0.0,0.0,0
NW10 5,0.0,0.0,0.0,0.0,0.0,0.0,0.0,0.0,0.0,0.0,0
NW10 6,0.0,0.0,0.0,0.0,0.0,0.0,0.0,0.0,0.0,0.0,0
NW10 7,0.0,0.0,0.0,0.0,0.0,0.0,0.0,0.0,0.0,0.0,0
NW10 8,0.0,0.0,0.0,0.0,0.0,0.0,0.0,0.0,0.0,0.0,0
NW10 9,0.0,0.0,0.0,0.0,0.0,0.0,0.0,0.0,0.0,0.0,0
NW11 0,0.0,0.0,0.0,0.0,0.0,0.0,0.0,0.0,0.0,0.0,0
NW11 1,0.0,0.0,0.0,0.0,0.0,0.0,0.0,0.0,0.0,0.0,0
NW11 6,0.0,0.0,0.0,0.0,0.0,0.0,0.0,0.0,0.0,0.0,0
NW11 7,0.0,0.0,0.0,0.0,0.0,0.0,0.0,0.0,0.0,0.0,0
NW11 8,0.0,0.0,0.0,0.0,0.0,0.0,0.0,0.0,0.0,0.0,0
NW11 9,0.0,0.0,0.0,0.0,0.0,0.0,0.0,0.0,0.0,0.0,0
NW2 1,0.0,0.0,0.0,0.0,0.0,0.0,0.0,0.0,0.0,0.0,0
NW2 2,0.0,0.0,0.0,0.0,0.0,0.0,0.0,0.0,0.0,0.0,0
NW2 3,0.0,0.0,0.0,0.0,0.0,0.0,0.0,0.0,0.0,0.0,0
NW2 4,0.0,0.0,0.0,0.0,0.0,0.0,0.0,0.0,0.0,0.0,0
NW2 5,0.0,0.0,0.0,0.0,0.0,0.0,0.0,0.0,0.0,0.0,0
NW2 6,0.0,0.0,0.0,0.0,0.0,0.0,0.0,0.0,0.0,0.0,0
NW2 7,0.0,0.0,0.0,0.0,0.0,0.0,0.0,0.0,0.0,0.0,0
NW2 8,0.0,0.0,0.0,0.0,0.0,0.0,0.0,0.0,0.0,0.0,0
NW2 9,0.0,0.0,0.0,0.0,0.0,0.0,0.0,0.0,0.0,0.0,0
NW3 1,0.0,0.0,0.0,0.0,0.0,0.0,0.0,0.0,0.0,0.0,0
NW3 2,0.0,0.0,0.0,0.0,0.0,0.0,0.0,0.0,0.0,0.0,0
NW3 3,0.0,0.0,0.0,0.0,0.0,0.0,0.0,0.0,0.0,0.0,0
NW3 4,0.0,0.0,0.0,0.0,0.0,0.0,0.0,0.0,0.0,0.0,0
NW3 5,0.0,0.0,0.0,0.0,0.0,0.0,0.0,0.0,0.0,0.0,0
NW3 6,0.0,0.0,0.0,0.0,0.0,0.0,0.0,0.0,0.0,0.0,0
NW3 7,0.0,0.0,0.0,0.0,0.0,0.0,0.0,0.0,0.0,0.0,0
NW3 9,0.0,0.0,0.0,0.0,0.0,0.0,0.0,0.0,0.0,0.0,0
NW4 1,0.0,0.0,0.0,0.0,0.0,0.0,0.0,0.0,0.0,0.0,0
NW4 2,0.0,0.0,0.0,0.0,0.0,0.0,0.0,0.0,0.0,0.0,0
NW4 3,0.0,0.0,0.0,0.0,0.0,0.0,0.0,0.0,0.0,0.0,0
NW4 4,0.0,0.0,0.0,0.0,0.0,0.0,0.0,0.0,0.0,0.0,0
NW4 9,0.0,0.0,0.0,0.0,0.0,0.0,0.0,0.0,0.0,0.0,0
NW5 1,0.0,0.0,0.0,0.0,0.0,0.0,0.0,0.0,0.0,0.0,0
NW5 2,0.0,0.0,0.0,0.0,0.0,0.0,0.0,0.0,0.0,0.0,0
NW5 3,0.0,0.0,0.0,0.0,0.0,0.0,0.0,0.0,0.0,0.0,0
NW5 4,0.0,0.0,0.0,0.0,0.0,0.0,0.0,0.0,0.0,0.0,0
NW5 9,0.0,0.0,0.0,0.0,0.0,0.0,0.0,0.0,0.0,0.0,0
NW6 1,0.0,0.0,0.0,0.0,0.0,0.0,0.0,0.0,0.0,0.0,0
NW6 2,0.0,0.0,0.0,0.0,0.0,0.0,0.0,0.0,0.0,0.0,0
NW6 3,0.0,0.0,0.0,0.0,0.0,0.0,0.0,0.0,0.0,0.0,0
NW6 4,0.0,0.0,0.0,0.0,0.0,0.0,0.0,0.0,0.0,0.0,0
NW6 5,0.0,0.0,0.0,0.0,0.0,0.0,0.0,0.0,0.0,0.0,0
NW6 6,0.0,0.0,0.0,0.0,0.0,0.0,0.0,0.0,0.0,0.0,0
NW6 7,0.0,0.0,0.0,0.0,0.0,0.0,0.0,0.0,0.0,0.0,0
NW6 9,0.0,0.0,0.0,0.0,0.0,0.0,0.0,0.0,0.0,0.0,0
NW7 0,0.0,0.0,0.0,0.0,0.0,0.0,0.0,0.0,0.0,0.0,0
NW7 1,0.0,0.0,0.0,0.0,0.0,0.0,0.0,0.0,0.0,0.0,0
NW7 2,0.0,0.0,0.0,0.0,0.0,0.0,0.0,0.0,0.0,0.0,0
NW7 3,0.0,0.0,0.0,0.0,0.0,0.0,0.0,0.0,0.0,0.0,0
NW7 4,0.0,0.0,0.0,0.0,0.0,0.0,0.0,0.0,0.0,0.0,0
NW8 0,0.0,0.0,0.0,0.0,0.0,0.0,0.0,0.0,0.0,0.0,0
NW8 6,0.0,0.0,0.0,0.0,0.0,0.0,0.0,0.0,0.0,0.0,0
NW8 7,0.0,0.0,0.0,0.0,0.0,0.0,0.0,0.0,0.0,0.0,0
NW8 8,0.0,0.0,0.0,0.0,0.0,0.0,0.0,0.0,0.0,0.0,0
NW8 9,0.0,0.0,0.0,0.0,0.0,0.0,0.0,0.0,0.0,0.0,0
NW9 0,0.0,0.0,0.0,0.0,0.0,0.0,0.0,0.0,0.0,0.0,0
NW9 1,0.0,0.0,0.0,0.0,0.0,0.0,0.0,0.0,0.0,0.0,0
NW9 4,0.0,0.0,0.0,0.0,0.0,0.0,0.0,0.0,0.0,0.0,0
NW9 5,0.0,0.0,0.0,0.0,0.0,0.0,0.0,0.0,0.0,0.0,0
NW9 6,0.0,0.0,0.0,0.0,0.0,0.0,0.0,0.0,0.0,0.0,0
NW9 7,0.0,0.0,0.0,0.0,0.0,0.0,0.0,0.0,0.0,0.0,0
NW9 8,0.0,0.0,0.0,0.0,0.0,0.0,0.0,0.0,0.0,0.0,0
NW9 9,0.0,0.0,0.0,0.0,0.0,0.0,0.0,0.0,0.0,0.0,0
OL1 1,0.0,0.0,0.0,0.0,0.0,0.0,0.0,0.0,0.0,0.0,0
OL1 2,0.0,0.0,0.0,0.0,0.0,0.0,0.0,0.0,0.0,0.0,0
OL1 3,0.0,0.0,0.0,0.0,0.0,0.0,0.0,0.0,0.0,0.0,0
OL1 4,0.0,0.0,0.0,0.0,0.0,0.0,0.0,0.0,0.0,0.0,0
OL1 9,0.0,0.0,0.0,0.0,0.0,0.0,0.0,0.0,0.0,0.0,0
OL10 1,0.0,0.0,0.0,0.0,0.0,0.0,0.0,0.0,0.0,0.0,0
OL10 2,0.0,0.0,0.0,0.0,0.0,0.0,0.0,0.0,0.0,0.0,0
OL10 3,0.0,0.0,0.0,0.0,0.0,0.0,0.0,0.0,0.0,0.0,0
OL10 4,0.0,0.0,0.0,0.0,0.0,0.0,0.0,0.0,0.0,0.0,0
OL10 9,0.0,0.0,0.0,0.0,0.0,0.0,0.0,0.0,0.0,0.0,0
OL11 1,0.0,0.0,0.0,0.0,0.0,0.0,0.0,0.0,0.0,0.0,0
OL11 2,0.0,0.0,0.0,0.0,0.0,0.0,0.0,0.0,0.0,0.0,0
OL11 3,0.0,0.0,0.0,0.0,0.0,0.0,0.0,0.0,0.0,0.0,0
OL11 4,0.0,0.0,0.0,0.0,0.0,0.0,0.0,0.0,0.0,0.0,0
OL11 5,0.0,0.0,0.0,0.0,0.0,0.0,0.0,0.0,0.0,0.0,0
OL12 0,0.0,0.0,0.0,0.0,0.0,0.0,0.0,0.0,0.0,0.0,0
OL12 6,0.0,0.0,0.0,0.0,0.0,0.0,0.0,0.0,0.0,0.0,0
OL12 7,0.0,0.0,0.0,0.0,0.0,0.0,0.0,0.0,0.0,0.0,0
OL12 8,0.0,0.0,0.0,0.0,0.0,0.0,0.0,0.0,0.0,0.0,0
OL12 9,0.0,0.0,0.0,0.0,0.0,0.0,0.0,0.0,0.0,0.0,0
OL13 0,0.0,0.0,0.0,0.0,0.0,0.0,0.0,0.0,0.0,0.0,0
OL13 3,0.0,0.0,0.0,0.0,0.0,0.0,0.0,0.0,0.0,0.0,0
OL13 8,0.0,0.0,0.0,0.0,0.0,0.0,0.0,0.0,0.0,0.0,0
OL13 9,0.0,0.0,0.0,0.0,0.0,0.0,0.0,0.0,0.0,0.0,0
OL14 5,0.0,0.0,0.0,0.0,0.0,0.0,0.0,0.0,0.0,0.0,0
OL14 6,0.0,0.0,0.0,0.0,0.0,0.0,0.0,0.0,0.0,0.0,0
OL14 7,0.0,0.0,0.0,0.0,0.0,0.0,0.0,0.0,0.0,0.0,0
OL14 8,0.0,0.0,0.0,0.0,0.0,0.0,0.0,0.0,0.0,0.0,0
OL14 9,0.0,0.0,0.0,0.0,0.0,0.0,0.0,0.0,0.0,0.0,0
OL15 0,0.0,0.0,0.0,0.0,0.0,0.0,0.0,0.0,0.0,0.0,0
OL15 8,0.0,0.0,0.0,0.0,0.0,0.0,0.0,0.0,0.0,0.0,0
OL15 9,0.0,0.0,0.0,0.0,0.0,0.0,0.0,0.0,0.0,0.0,0
OL16 1,0.0,0.0,0.0,0.0,0.0,0.0,0.0,0.0,0.0,0.0,0
OL16 2,0.0,0.0,0.0,0.0,0.0,0.0,0.0,0.0,0.0,0.0,0
OL16 3,0.0,0.0,0.0,0.0,0.0,0.0,0.0,0.0,0.0,0.0,0
OL16 4,0.0,0.0,0.0,0.0,0.0,0.0,0.0,0.0,0.0,0.0,0
OL16 5,0.0,0.0,0.0,0.0,0.0,0.0,0.0,0.0,0.0,0.0,0
OL16 9,0.0,0.0,0.0,0.0,0.0,0.0,0.0,0.0,0.0,0.0,0
OL2 5,0.0,0.0,0.0,0.0,0.0,0.0,0.0,0.0,0.0,0.0,0
OL2 6,0.0,0.0,0.0,0.0,0.0,0.0,0.0,0.0,0.0,0.0,0
OL2 7,0.0,0.0,0.0,0.0,0.0,0.0,0.0,0.0,0.0,0.0,0
OL2 8,0.0,0.0,0.0,0.0,0.0,0.0,0.0,0.0,0.0,0.0,0
OL3 5,0.0,0.0,0.0,0.0,0.0,0.0,0.0,0.0,0.0,0.0,0
OL3 6,0.0,0.0,0.0,0.0,0.0,0.0,0.0,0.0,0.0,0.0,0
OL3 7,0.0,0.0,0.0,0.0,0.0,0.0,0.0,0.0,0.0,0.0,0
OL4 1,0.0,0.0,0.0,0.0,0.0,0.0,0.0,0.0,0.0,0.0,0
OL4 2,0.0,0.0,0.0,0.0,0.0,0.0,0.0,0.0,0.0,0.0,0
OL4 3,0.0,0.0,0.0,0.0,0.0,0.0,0.0,0.0,0.0,0.0,0
OL4 4,0.0,0.0,0.0,0.0,0.0,0.0,0.0,0.0,0.0,0.0,0
OL4 5,0.0,0.0,0.0,0.0,0.0,0.0,0.0,0.0,0.0,0.0,0
OL5 0,0.0,0.0,0.0,0.0,0.0,0.0,0.0,0.0,0.0,0.0,0
OL5 9,0.0,0.0,0.0,0.0,0.0,0.0,0.0,0.0,0.0,0.0,0
OL6 0,0.0,0.0,0.0,0.0,0.0,0.0,0.0,0.0,0.0,0.0,0
OL6 6,0.0,0.0,0.0,0.0,0.0,0.0,0.0,0.0,0.0,0.0,0
OL6 7,0.0,0.0,0.0,0.0,0.0,0.0,0.0,0.0,0.0,0.0,0
OL6 8,0.0,0.0,0.0,0.0,0.0,0.0,0.0,0.0,0.0,0.0,0
OL6 9,0.0,0.0,0.0,0.0,0.0,0.0,0.0,0.0,0.0,0.0,0
OL7 0,0.0,0.0,0.0,0.0,0.0,0.0,0.0,0.0,0.0,0.0,0
OL7 9,0.0,0.0,0.0,0.0,0.0,0.0,0.0,0.0,0.0,0.0,0
OL8 1,0.0,0.0,0.0,0.0,0.0,0.0,0.0,0.0,0.0,0.0,0
OL8 2,0.0,0.0,0.0,0.0,0.0,0.0,0.0,0.0,0.0,0.0,0
OL8 3,0.0,0.0,0.0,0.0,0.0,0.0,0.0,0.0,0.0,0.0,0
OL8 4,0.0,0.0,0.0,0.0,0.0,0.0,0.0,0.0,0.0,0.0,0
OL9 0,0.0,0.0,0.0,0.0,0.0,0.0,0.0,0.0,0.0,0.0,0
OL9 6,0.0,0.0,0.0,0.0,0.0,0.0,0.0,0.0,0.0,0.0,0
OL9 7,0.0,0.0,0.0,0.0,0.0,0.0,0.0,0.0,0.0,0.0,0
OL9 8,0.0,0.0,0.0,0.0,0.0,0.0,0.0,0.0,0.0,0.0,0
OL9 9,0.0,0.0,0.0,0.0,0.0,0.0,0.0,0.0,0.0,0.0,0
OX1 1,0.0,0.0,0.0,0.0,0.0,0.0,0.0,0.0,0.0,0.0,0
OX1 2,0.0,0.0,0.0,0.0,0.0,0.0,0.0,0.0,0.0,0.0,0
OX1 3,0.0,0.0,0.0,0.0,0.0,0.0,0.0,0.0,0.0,0.0,0
OX1 4,0.0,0.0,0.0,0.0,0.0,0.0,0.0,0.0,0.0,0.0,0
OX1 5,0.0,0.0,0.0,0.0,0.0,0.0,0.0,0.0,0.0,0.0,0
OX1 9,0.0,0.0,0.0,0.0,0.0,0.0,0.0,0.0,0.0,0.0,0
OX10 0,0.0,0.0,0.0,0.0,0.0,0.0,0.0,0.0,0.0,0.0,0
OX10 1,0.0,0.0,0.0,0.0,0.0,0.0,0.0,0.0,0.0,0.0,0
OX10 6,0.0,0.0,0.0,0.0,0.0,0.0,0.0,0.0,0.0,0.0,0
OX10 7,0.0,0.0,0.0,0.0,0.0,0.0,0.0,0.0,0.0,0.0,0
OX10 8,0.0,0.0,0.0,0.0,0.0,0.0,0.0,0.0,0.0,0.0,0
OX10 9,0.0,0.0,0.0,0.0,0.0,0.0,0.0,0.0,0.0,0.0,0
OX11 0,0.0,0.0,0.0,0.0,0.0,0.0,0.0,0.0,0.0,0.0,0
OX11 1,0.0,0.0,0.0,0.0,0.0,0.0,0.0,0.0,0.0,0.0,0
OX11 6,0.0,0.0,0.0,0.0,0.0,0.0,0.0,0.0,0.0,0.0,0
OX11 7,0.0,0.0,0.0,0.0,0.0,0.0,0.0,0.0,0.0,0.0,0
OX11 8,0.0,0.0,0.0,0.0,0.0,0.0,0.0,0.0,0.0,0.0,0
OX11 9,0.0,0.0,0.0,0.0,0.0,0.0,0.0,0.0,0.0,0.0,0
OX12 0,0.0,0.0,0.0,0.0,0.0,0.0,0.0,0.0,0.0,0.0,0
OX12 2,0.0,0.0,0.0,0.0,0.0,0.0,0.0,0.0,0.0,0.0,0
OX12 7,0.0,0.0,0.0,0.0,0.0,0.0,0.0,0.0,0.0,0.0,0
OX12 8,0.0,0.0,0.0,0.0,0.0,0.0,0.0,0.0,0.0,0.0,0
OX12 9,0.0,0.0,0.0,0.0,0.0,0.0,0.0,0.0,0.0,0.0,0
OX13 5,0.0,0.0,0.0,0.0,0.0,0.0,0.0,0.0,0.0,0.0,0
OX13 6,0.0,0.0,0.0,0.0,0.0,0.0,0.0,0.0,0.0,0.0,0
OX14 1,0.0,0.0,0.0,0.0,0.0,0.0,0.0,0.0,0.0,0.0,0
OX14 2,0.0,0.0,0.0,0.0,0.0,0.0,0.0,0.0,0.0,0.0,0
OX14 3,0.0,0.0,0.0,0.0,0.0,0.0,0.0,0.0,0.0,0.0,0
OX14 4,0.0,0.0,0.0,0.0,0.0,0.0,0.0,0.0,0.0,0.0,0
OX14 5,0.0,0.0,0.0,0.0,0.0,0.0,0.0,0.0,0.0,0.0,0
OX14 9,0.0,0.0,0.0,0.0,0.0,0.0,0.0,0.0,0.0,0.0,0
OX15 0,0.0,0.0,0.0,0.0,0.0,0.0,0.0,0.0,0.0,0.0,0
OX15 4,0.0,0.0,0.0,0.0,0.0,0.0,0.0,0.0,0.0,0.0,0
OX15 5,0.0,0.0,0.0,0.0,0.0,0.0,0.0,0.0,0.0,0.0,0
OX15 6,0.0,0.0,0.0,0.0,0.0,0.0,0.0,0.0,0.0,0.0,0
OX16 0,0.0,0.0,0.0,0.0,0.0,0.0,0.0,0.0,0.0,0.0,0
OX16 1,0.0,0.0,0.0,0.0,0.0,0.0,0.0,0.0,0.0,0.0,0
OX16 2,0.0,0.0,0.0,0.0,0.0,0.0,0.0,0.0,0.0,0.0,0
OX16 3,0.0,0.0,0.0,0.0,0.0,0.0,0.0,0.0,0.0,0.0,0
OX16 4,0.0,0.0,0.0,0.0,0.0,0.0,0.0,0.0,0.0,0.0,0
OX16 5,0.0,0.0,0.0,0.0,0.0,0.0,0.0,0.0,0.0,0.0,0
OX16 6,0.0,0.0,0.0,0.0,0.0,0.0,0.0,0.0,0.0,0.0,0
OX16 9,0.0,0.0,0.0,0.0,0.0,0.0,0.0,0.0,0.0,0.0,0
OX17 1,0.0,0.0,0.0,0.0,0.0,0.0,0.0,0.0,0.0,0.0,0
OX17 2,0.0,0.0,0.0,0.0,0.0,0.0,0.0,0.0,0.0,0.0,0
OX17 3,0.0,0.0,0.0,0.0,0.0,0.0,0.0,0.0,0.0,0.0,0
OX18 1,0.0,0.0,0.0,0.0,0.0,0.0,0.0,0.0,0.0,0.0,0
OX18 2,0.0,0.0,0.0,0.0,0.0,0.0,0.0,0.0,0.0,0.0,0
OX18 3,0.0,0.0,0.0,0.0,0.0,0.0,0.0,0.0,0.0,0.0,0
OX18 4,0.0,0.0,0.0,0.0,0.0,0.0,0.0,0.0,0.0,0.0,0
OX18 9,0.0,0.0,0.0,0.0,0.0,0.0,0.0,0.0,0.0,0.0,0
OX2 0,0.0,0.0,0.0,0.0,0.0,0.0,0.0,0.0,0.0,0.0,0
OX2 6,0.0,0.0,0.0,0.0,0.0,0.0,0.0,0.0,0.0,0.0,0
OX2 7,0.0,0.0,0.0,0.0,0.0,0.0,0.0,0.0,0.0,0.0,0
OX2 8,0.0,0.0,0.0,0.0,0.0,0.0,0.0,0.0,0.0,0.0,0
OX2 9,0.0,0.0,0.0,0.0,0.0,0.0,0.0,0.0,0.0,0.0,0
OX20 1,0.0,0.0,0.0,0.0,0.0,0.0,0.0,0.0,0.0,0.0,0
OX25 1,0.0,0.0,0.0,0.0,0.0,0.0,0.0,0.0,0.0,0.0,0
OX25 2,0.0,0.0,0.0,0.0,0.0,0.0,0.0,0.0,0.0,0.0,0
OX25 3,0.0,0.0,0.0,0.0,0.0,0.0,0.0,0.0,0.0,0.0,0
OX25 4,0.0,0.0,0.0,0.0,0.0,0.0,0.0,0.0,0.0,0.0,0
OX25 5,0.0,0.0,0.0,0.0,0.0,0.0,0.0,0.0,0.0,0.0,0
OX25 6,0.0,0.0,0.0,0.0,0.0,0.0,0.0,0.0,0.0,0.0,0
OX26 1,0.0,0.0,0.0,0.0,0.0,0.0,0.0,0.0,0.0,0.0,0
OX26 2,0.0,0.0,0.0,0.0,0.0,0.0,0.0,0.0,0.0,0.0,0
OX26 3,0.0,0.0,0.0,0.0,0.0,0.0,0.0,0.0,0.0,0.0,0
OX26 4,0.0,0.0,0.0,0.0,0.0,0.0,0.0,0.0,0.0,0.0,0
OX26 5,0.0,0.0,0.0,0.0,0.0,0.0,0.0,0.0,0.0,0.0,0
OX26 6,0.0,0.0,0.0,0.0,0.0,0.0,0.0,0.0,0.0,0.0,0
OX26 9,0.0,0.0,0.0,0.0,0.0,0.0,0.0,0.0,0.0,0.0,0
OX27 0,0.0,0.0,0.0,0.0,0.0,0.0,0.0,0.0,0.0,0.0,0
OX27 7,0.0,0.0,0.0,0.0,0.0,0.0,0.0,0.0,0.0,0.0,0
OX27 8,0.0,0.0,0.0,0.0,0.0,0.0,0.0,0.0,0.0,0.0,0
OX27 9,0.0,0.0,0.0,0.0,0.0,0.0,0.0,0.0,0.0,0.0,0
OX28 1,0.0,0.0,0.0,0.0,0.0,0.0,0.0,0.0,0.0,0.0,0
OX28 2,0.0,0.0,0.0,0.0,0.0,0.0,0.0,0.0,0.0,0.0,0
OX28 3,0.0,0.0,0.0,0.0,0.0,0.0,0.0,0.0,0.0,0.0,0
OX28 4,0.0,0.0,0.0,0.0,0.0,0.0,0.0,0.0,0.0,0.0,0
OX28 5,0.0,0.0,0.0,0.0,0.0,0.0,0.0,0.0,0.0,0.0,0
OX28 6,0.0,0.0,0.0,0.0,0.0,0.0,0.0,0.0,0.0,0.0,0
OX28 9,0.0,0.0,0.0,0.0,0.0,0.0,0.0,0.0,0.0,0.0,0
OX29 0,0.0,0.0,0.0,0.0,0.0,0.0,0.0,0.0,0.0,0.0,0
OX29 4,0.0,0.0,0.0,0.0,0.0,0.0,0.0,0.0,0.0,0.0,0
OX29 5,0.0,0.0,0.0,0.0,0.0,0.0,0.0,0.0,0.0,0.0,0
OX29 6,0.0,0.0,0.0,0.0,0.0,0.0,0.0,0.0,0.0,0.0,0
OX29 7,0.0,0.0,0.0,0.0,0.0,0.0,0.0,0.0,0.0,0.0,0
OX29 8,0.0,0.0,0.0,0.0,0.0,0.0,0.0,0.0,0.0,0.0,0
OX29 9,0.0,0.0,0.0,0.0,0.0,0.0,0.0,0.0,0.0,0.0,0
OX3 0,0.0,0.0,0.0,0.0,0.0,0.0,0.0,0.0,0.0,0.0,0
OX3 7,0.0,0.0,0.0,0.0,0.0,0.0,0.0,0.0,0.0,0.0,0
OX3 8,0.0,0.0,0.0,0.0,0.0,0.0,0.0,0.0,0.0,0.0,0
OX3 9,0.0,0.0,0.0,0.0,0.0,0.0,0.0,0.0,0.0,0.0,0
OX33 1,0.0,0.0,0.0,0.0,0.0,0.0,0.0,0.0,0.0,0.0,0
OX39 4,0.0,0.0,0.0,0.0,0.0,0.0,0.0,0.0,0.0,0.0,0
OX4 1,0.0,0.0,0.0,0.0,0.0,0.0,0.0,0.0,0.0,0.0,0
OX4 2,0.0,0.0,0.0,0.0,0.0,0.0,0.0,0.0,0.0,0.0,0
OX4 3,0.0,0.0,0.0,0.0,0.0,0.0,0.0,0.0,0.0,0.0,0
OX4 4,0.0,0.0,0.0,0.0,0.0,0.0,0.0,0.0,0.0,0.0,0
OX4 6,0.0,0.0,0.0,0.0,0.0,0.0,0.0,0.0,0.0,0.0,0
OX4 7,0.0,0.0,0.0,0.0,0.0,0.0,0.0,0.0,0.0,0.0,0
OX4 9,0.0,0.0,0.0,0.0,0.0,0.0,0.0,0.0,0.0,0.0,0
OX44 7,0.0,0.0,0.0,0.0,0.0,0.0,0.0,0.0,0.0,0.0,0
OX44 9,0.0,0.0,0.0,0.0,0.0,0.0,0.0,0.0,0.0,0.0,0
OX49 5,0.0,0.0,0.0,0.0,0.0,0.0,0.0,0.0,0.0,0.0,0
OX5 1,0.0,0.0,0.0,0.0,0.0,0.0,0.0,0.0,0.0,0.0,0
OX5 2,0.0,0.0,0.0,0.0,0.0,0.0,0.0,0.0,0.0,0.0,0
OX5 3,0.0,0.0,0.0,0.0,0.0,0.0,0.0,0.0,0.0,0.0,0
OX5 9,0.0,0.0,0.0,0.0,0.0,0.0,0.0,0.0,0.0,0.0,0
OX7 3,0.0,0.0,0.0,0.0,0.0,0.0,0.0,0.0,0.0,0.0,0
OX7 4,0.0,0.0,0.0,0.0,0.0,0.0,0.0,0.0,0.0,0.0,0
OX7 5,0.0,0.0,0.0,0.0,0.0,0.0,0.0,0.0,0.0,0.0,0
OX7 6,0.0,0.0,0.0,0.0,0.0,0.0,0.0,0.0,0.0,0.0,0
OX7 7,0.0,0.0,0.0,0.0,0.0,0.0,0.0,0.0,0.0,0.0,0
OX7 9,0.0,0.0,0.0,0.0,0.0,0.0,0.0,0.0,0.0,0.0,0
OX9 0,0.0,0.0,0.0,0.0,0.0,0.0,0.0,0.0,0.0,0.0,0
OX9 2,0.0,0.0,0.0,0.0,0.0,0.0,0.0,0.0,0.0,0.0,0
OX9 3,0.0,0.0,0.0,0.0,0.0,0.0,0.0,0.0,0.0,0.0,0
OX9 7,0.0,0.0,0.0,0.0,0.0,0.0,0.0,0.0,0.0,0.0,0
PA1 1,0.0,0.0,0.0,0.0,0.0,0.0,0.0,0.0,0.0,0.0,0
PA1 2,0.0,0.0,0.0,0.0,0.0,0.0,0.0,0.0,0.0,0.0,0
PA1 3,0.0,0.0,0.0,0.0,0.0,0.0,0.0,0.0,0.0,0.0,0
PA10 2,0.0,0.0,0.0,0.0,0.0,0.0,0.0,0.0,0.0,0.0,0
PA11 3,0.0,0.0,0.0,0.0,0.0,0.0,0.0,0.0,0.0,0.0,0
PA12 4,0.0,0.0,0.0,0.0,0.0,0.0,0.0,0.0,0.0,0.0,0
PA13 4,0.0,0.0,0.0,0.0,0.0,0.0,0.0,0.0,0.0,0.0,0
PA14 5,0.0,0.0,0.0,0.0,0.0,0.0,0.0,0.0,0.0,0.0,0
PA14 6,0.0,0.0,0.0,0.0,0.0,0.0,0.0,0.0,0.0,0.0,0
PA15 1,0.0,0.0,0.0,0.0,0.0,0.0,0.0,0.0,0.0,0.0,0
PA15 2,0.0,0.0,0.0,0.0,0.0,0.0,0.0,0.0,0.0,0.0,0
PA15 3,0.0,0.0,0.0,0.0,0.0,0.0,0.0,0.0,0.0,0.0,0
PA15 4,0.0,0.0,0.0,0.0,0.0,0.0,0.0,0.0,0.0,0.0,0
PA15 9,0.0,0.0,0.0,0.0,0.0,0.0,0.0,0.0,0.0,0.0,0
PA16 0,0.0,0.0,0.0,0.0,0.0,0.0,0.0,0.0,0.0,0.0,0
PA16 7,0.0,0.0,0.0,0.0,0.0,0.0,0.0,0.0,0.0,0.0,0
PA16 8,0.0,0.0,0.0,0.0,0.0,0.0,0.0,0.0,0.0,0.0,0
PA16 9,0.0,0.0,0.0,0.0,0.0,0.0,0.0,0.0,0.0,0.0,0
PA17 5,0.0,0.0,0.0,0.0,0.0,0.0,0.0,0.0,0.0,0.0,0
PA18 6,0.0,0.0,0.0,0.0,0.0,0.0,0.0,0.0,0.0,0.0,0
PA19 1,0.0,0.0,0.0,0.0,0.0,0.0,0.0,0.0,0.0,0.0,0
PA2 0,0.0,0.0,0.0,0.0,0.0,0.0,0.0,0.0,0.0,0.0,0
PA2 6,0.0,0.0,0.0,0.0,0.0,0.0,0.0,0.0,0.0,0.0,0
PA2 7,0.0,0.0,0.0,0.0,0.0,0.0,0.0,0.0,0.0,0.0,0
PA2 8,0.0,0.0,0.0,0.0,0.0,0.0,0.0,0.0,0.0,0.0,0
PA2 9,0.0,0.0,0.0,0.0,0.0,0.0,0.0,0.0,0.0,0.0,0
PA20 0,0.0,0.0,0.0,0.0,0.0,0.0,0.0,0.0,0.0,0.0,0
PA20 9,0.0,0.0,0.0,0.0,0.0,0.0,0.0,0.0,0.0,0.0,0
PA21 2,0.0,0.0,0.0,0.0,0.0,0.0,0.0,0.0,0.0,0.0,0
PA22 3,0.0,0.0,0.0,0.0,0.0,0.0,0.0,0.0,0.0,0.0,0
PA23 7,0.0,0.0,0.0,0.0,0.0,0.0,0.0,0.0,0.0,0.0,0
PA23 8,0.0,0.0,0.0,0.0,0.0,0.0,0.0,0.0,0.0,0.0,0
PA23 9,0.0,0.0,0.0,0.0,0.0,0.0,0.0,0.0,0.0,0.0,0
PA24 8,0.0,0.0,0.0,0.0,0.0,0.0,0.0,0.0,0.0,0.0,0
PA25 8,0.0,0.0,0.0,0.0,0.0,0.0,0.0,0.0,0.0,0.0,0
PA26 8,0.0,0.0,0.0,0.0,0.0,0.0,0.0,0.0,0.0,0.0,0
PA27 8,0.0,0.0,0.0,0.0,0.0,0.0,0.0,0.0,0.0,0.0,0
PA28 6,0.0,0.0,0.0,0.0,0.0,0.0,0.0,0.0,0.0,0.0,0
PA29 6,0.0,0.0,0.0,0.0,0.0,0.0,0.0,0.0,0.0,0.0,0
PA3 1,0.0,0.0,0.0,0.0,0.0,0.0,0.0,0.0,0.0,0.0,0
PA3 2,0.0,0.0,0.0,0.0,0.0,0.0,0.0,0.0,0.0,0.0,0
PA3 3,0.0,0.0,0.0,0.0,0.0,0.0,0.0,0.0,0.0,0.0,0
PA3 4,0.0,0.0,0.0,0.0,0.0,0.0,0.0,0.0,0.0,0.0,0
PA3 9,0.0,0.0,0.0,0.0,0.0,0.0,0.0,0.0,0.0,0.0,0
PA30 8,0.0,0.0,0.0,0.0,0.0,0.0,0.0,0.0,0.0,0.0,0
PA31 8,0.0,0.0,0.0,0.0,0.0,0.0,0.0,0.0,0.0,0.0,0
PA31 9,0.0,0.0,0.0,0.0,0.0,0.0,0.0,0.0,0.0,0.0,0
PA32 8,0.0,0.0,0.0,0.0,0.0,0.0,0.0,0.0,0.0,0.0,0
PA33 1,0.0,0.0,0.0,0.0,0.0,0.0,0.0,0.0,0.0,0.0,0
PA34 4,0.0,0.0,0.0,0.0,0.0,0.0,0.0,0.0,0.0,0.0,0
PA34 5,0.0,0.0,0.0,0.0,0.0,0.0,0.0,0.0,0.0,0.0,0
PA34 9,0.0,0.0,0.0,0.0,0.0,0.0,0.0,0.0,0.0,0.0,0
PA35 1,0.0,0.0,0.0,0.0,0.0,0.0,0.0,0.0,0.0,0.0,0
PA36 4,0.0,0.0,0.0,0.0,0.0,0.0,0.0,0.0,0.0,0.0,0
PA37 1,0.0,0.0,0.0,0.0,0.0,0.0,0.0,0.0,0.0,0.0,0
PA38 4,0.0,0.0,0.0,0.0,0.0,0.0,0.0,0.0,0.0,0.0,0
PA4 0,0.0,0.0,0.0,0.0,0.0,0.0,0.0,0.0,0.0,0.0,0
PA4 8,0.0,0.0,0.0,0.0,0.0,0.0,0.0,0.0,0.0,0.0,0
PA4 9,0.0,0.0,0.0,0.0,0.0,0.0,0.0,0.0,0.0,0.0,0
PA41 7,0.0,0.0,0.0,0.0,0.0,0.0,0.0,0.0,0.0,0.0,0
PA42 7,0.0,0.0,0.0,0.0,0.0,0.0,0.0,0.0,0.0,0.0,0
PA43 7,0.0,0.0,0.0,0.0,0.0,0.0,0.0,0.0,0.0,0.0,0
PA44 7,0.0,0.0,0.0,0.0,0.0,0.0,0.0,0.0,0.0,0.0,0
PA45 7,0.0,0.0,0.0,0.0,0.0,0.0,0.0,0.0,0.0,0.0,0
PA46 7,0.0,0.0,0.0,0.0,0.0,0.0,0.0,0.0,0.0,0.0,0
PA47 7,0.0,0.0,0.0,0.0,0.0,0.0,0.0,0.0,0.0,0.0,0
PA48 7,0.0,0.0,0.0,0.0,0.0,0.0,0.0,0.0,0.0,0.0,0
PA49 7,0.0,0.0,0.0,0.0,0.0,0.0,0.0,0.0,0.0,0.0,0
PA5 0,0.0,0.0,0.0,0.0,0.0,0.0,0.0,0.0,0.0,0.0,0
PA5 5,0.0,0.0,0.0,0.0,0.0,0.0,0.0,0.0,0.0,0.0,0
PA5 8,0.0,0.0,0.0,0.0,0.0,0.0,0.0,0.0,0.0,0.0,0
PA5 9,0.0,0.0,0.0,0.0,0.0,0.0,0.0,0.0,0.0,0.0,0
PA6 7,0.0,0.0,0.0,0.0,0.0,0.0,0.0,0.0,0.0,0.0,0
PA60 7,0.0,0.0,0.0,0.0,0.0,0.0,0.0,0.0,0.0,0.0,0
PA61 7,0.0,0.0,0.0,0.0,0.0,0.0,0.0,0.0,0.0,0.0,0
PA62 6,0.0,0.0,0.0,0.0,0.0,0.0,0.0,0.0,0.0,0.0,0
PA63 6,0.0,0.0,0.0,0.0,0.0,0.0,0.0,0.0,0.0,0.0,0
PA64 6,0.0,0.0,0.0,0.0,0.0,0.0,0.0,0.0,0.0,0.0,0
PA65 6,0.0,0.0,0.0,0.0,0.0,0.0,0.0,0.0,0.0,0.0,0
PA66 6,0.0,0.0,0.0,0.0,0.0,0.0,0.0,0.0,0.0,0.0,0
PA67 6,0.0,0.0,0.0,0.0,0.0,0.0,0.0,0.0,0.0,0.0,0
PA68 6,0.0,0.0,0.0,0.0,0.0,0.0,0.0,0.0,0.0,0.0,0
PA69 6,0.0,0.0,0.0,0.0,0.0,0.0,0.0,0.0,0.0,0.0,0
PA7 5,0.0,0.0,0.0,0.0,0.0,0.0,0.0,0.0,0.0,0.0,0
PA70 6,0.0,0.0,0.0,0.0,0.0,0.0,0.0,0.0,0.0,0.0,0
PA71 6,0.0,0.0,0.0,0.0,0.0,0.0,0.0,0.0,0.0,0.0,0
PA72 6,0.0,0.0,0.0,0.0,0.0,0.0,0.0,0.0,0.0,0.0,0
PA73 6,0.0,0.0,0.0,0.0,0.0,0.0,0.0,0.0,0.0,0.0,0
PA74 6,0.0,0.0,0.0,0.0,0.0,0.0,0.0,0.0,0.0,0.0,0
PA75 6,0.0,0.0,0.0,0.0,0.0,0.0,0.0,0.0,0.0,0.0,0
PA76 6,0.0,0.0,0.0,0.0,0.0,0.0,0.0,0.0,0.0,0.0,0
PA77 6,0.0,0.0,0.0,0.0,0.0,0.0,0.0,0.0,0.0,0.0,0
PA78 6,0.0,0.0,0.0,0.0,0.0,0.0,0.0,0.0,0.0,0.0,0
PA8 6,0.0,0.0,0.0,0.0,0.0,0.0,0.0,0.0,0.0,0.0,0
PA8 7,0.0,0.0,0.0,0.0,0.0,0.0,0.0,0.0,0.0,0.0,0
PA80 5,0.0,0.0,0.0,0.0,0.0,0.0,0.0,0.0,0.0,0.0,0
PA9 1,0.0,0.0,0.0,0.0,0.0,0.0,0.0,0.0,0.0,0.0,0
PE1 1,0.0,0.0,0.0,0.0,0.0,0.0,0.0,0.0,0.0,0.0,0
PE1 2,0.0,0.0,0.0,0.0,0.0,0.0,0.0,0.0,0.0,0.0,0
PE1 3,0.0,0.0,0.0,0.0,0.0,0.0,0.0,0.0,0.0,0.0,0
PE1 4,0.0,0.0,0.0,0.0,0.0,0.0,0.0,0.0,0.0,0.0,0
PE1 5,0.0,0.0,0.0,0.0,0.0,0.0,0.0,0.0,0.0,0.0,0
PE1 9,0.0,0.0,0.0,0.0,0.0,0.0,0.0,0.0,0.0,0.0,0
PE10 0,0.0,0.0,0.0,0.0,0.0,0.0,0.0,0.0,0.0,0.0,0
PE10 1,0.0,0.0,0.0,0.0,0.0,0.0,0.0,0.0,0.0,0.0,0
PE10 2,0.0,0.0,0.0,0.0,0.0,0.0,0.0,0.0,0.0,0.0,0
PE10 9,0.0,0.0,0.0,0.0,0.0,0.0,0.0,0.0,0.0,0.0,0
PE11 1,0.0,0.0,0.0,0.0,0.0,0.0,0.0,0.0,0.0,0.0,0
PE11 2,0.0,0.0,0.0,0.0,0.0,0.0,0.0,0.0,0.0,0.0,0
PE11 3,0.0,0.0,0.0,0.0,0.0,0.0,0.0,0.0,0.0,0.0,0
PE11 4,0.0,0.0,0.0,0.0,0.0,0.0,0.0,0.0,0.0,0.0,0
PE11 5,0.0,0.0,0.0,0.0,0.0,0.0,0.0,0.0,0.0,0.0,0
PE11 6,0.0,0.0,0.0,0.0,0.0,0.0,0.0,0.0,0.0,0.0,0
PE11 7,0.0,0.0,0.0,0.0,0.0,0.0,0.0,0.0,0.0,0.0,0
PE11 9,0.0,0.0,0.0,0.0,0.0,0.0,0.0,0.0,0.0,0.0,0
PE12 0,0.0,0.0,0.0,0.0,0.0,0.0,0.0,0.0,0.0,0.0,0
PE12 6,0.0,0.0,0.0,0.0,0.0,0.0,0.0,0.0,0.0,0.0,0
PE12 7,0.0,0.0,0.0,0.0,0.0,0.0,0.0,0.0,0.0,0.0,0
PE12 8,0.0,0.0,0.0,0.0,0.0,0.0,0.0,0.0,0.0,0.0,0
PE12 9,0.0,0.0,0.0,0.0,0.0,0.0,0.0,0.0,0.0,0.0,0
PE13 1,0.0,0.0,0.0,0.0,0.0,0.0,0.0,0.0,0.0,0.0,0
PE13 2,0.0,0.0,0.0,0.0,0.0,0.0,0.0,0.0,0.0,0.0,0
PE13 3,0.0,0.0,0.0,0.0,0.0,0.0,0.0,0.0,0.0,0.0,0
PE13 4,0.0,0.0,0.0,0.0,0.0,0.0,0.0,0.0,0.0,0.0,0
PE13 5,0.0,0.0,0.0,0.0,0.0,0.0,0.0,0.0,0.0,0.0,0
PE14 0,0.0,0.0,0.0,0.0,0.0,0.0,0.0,0.0,0.0,0.0,0
PE14 4,0.0,0.0,0.0,0.0,0.0,0.0,0.0,0.0,0.0,0.0,0
PE14 7,0.0,0.0,0.0,0.0,0.0,0.0,0.0,0.0,0.0,0.0,0
PE14 8,0.0,0.0,0.0,0.0,0.0,0.0,0.0,0.0,0.0,0.0,0
PE14 9,0.0,0.0,0.0,0.0,0.0,0.0,0.0,0.0,0.0,0.0,0
PE15 0,0.0,0.0,0.0,0.0,0.0,0.0,0.0,0.0,0.0,0.0,0
PE15 5,0.0,0.0,0.0,0.0,0.0,0.0,0.0,0.0,0.0,0.0,0
PE15 8,0.0,0.0,0.0,0.0,0.0,0.0,0.0,0.0,0.0,0.0,0
PE15 9,0.0,0.0,0.0,0.0,0.0,0.0,0.0,0.0,0.0,0.0,0
PE16 6,0.0,0.0,0.0,0.0,0.0,0.0,0.0,0.0,0.0,0.0,0
PE16 9,0.0,0.0,0.0,0.0,0.0,0.0,0.0,0.0,0.0,0.0,0
PE19 0,0.0,0.0,0.0,0.0,0.0,0.0,0.0,0.0,0.0,0.0,0
PE19 1,0.0,0.0,0.0,0.0,0.0,0.0,0.0,0.0,0.0,0.0,0
PE19 2,0.0,0.0,0.0,0.0,0.0,0.0,0.0,0.0,0.0,0.0,0
PE19 5,0.0,0.0,0.0,0.0,0.0,0.0,0.0,0.0,0.0,0.0,0
PE19 6,0.0,0.0,0.0,0.0,0.0,0.0,0.0,0.0,0.0,0.0,0
PE19 7,0.0,0.0,0.0,0.0,0.0,0.0,0.0,0.0,0.0,0.0,0
PE19 8,0.0,0.0,0.0,0.0,0.0,0.0,0.0,0.0,0.0,0.0,0
PE19 9,0.0,0.0,0.0,0.0,0.0,0.0,0.0,0.0,0.0,0.0,0
PE2 5,0.0,0.0,0.0,0.0,0.0,0.0,0.0,0.0,0.0,0.0,0
PE2 6,0.0,0.0,0.0,0.0,0.0,0.0,0.0,0.0,0.0,0.0,0
PE2 7,0.0,0.0,0.0,0.0,0.0,0.0,0.0,0.0,0.0,0.0,0
PE2 8,0.0,0.0,0.0,0.0,0.0,0.0,0.0,0.0,0.0,0.0,0
PE2 9,0.0,0.0,0.0,0.0,0.0,0.0,0.0,0.0,0.0,0.0,0
PE20 1,0.0,0.0,0.0,0.0,0.0,0.0,0.0,0.0,0.0,0.0,0
PE20 2,0.0,0.0,0.0,0.0,0.0,0.0,0.0,0.0,0.0,0.0,0
PE20 3,0.0,0.0,0.0,0.0,0.0,0.0,0.0,0.0,0.0,0.0,0
PE21 0,0.0,0.0,0.0,0.0,0.0,0.0,0.0,0.0,0.0,0.0,0
PE21 1,0.0,0.0,0.0,0.0,0.0,0.0,0.0,0.0,0.0,0.0,0
PE21 6,0.0,0.0,0.0,0.0,0.0,0.0,0.0,0.0,0.0,0.0,0
PE21 7,0.0,0.0,0.0,0.0,0.0,0.0,0.0,0.0,0.0,0.0,0
PE21 8,0.0,0.0,0.0,0.0,0.0,0.0,0.0,0.0,0.0,0.0,0
PE21 9,0.0,0.0,0.0,0.0,0.0,0.0,0.0,0.0,0.0,0.0,0
PE22 0,0.0,0.0,0.0,0.0,0.0,0.0,0.0,0.0,0.0,0.0,0
PE22 7,0.0,0.0,0.0,0.0,0.0,0.0,0.0,0.0,0.0,0.0,0
PE22 8,0.0,0.0,0.0,0.0,0.0,0.0,0.0,0.0,0.0,0.0,0
PE22 9,0.0,0.0,0.0,0.0,0.0,0.0,0.0,0.0,0.0,0.0,0
PE23 4,0.0,0.0,0.0,0.0,0.0,0.0,0.0,0.0,0.0,0.0,0
PE23 5,0.0,0.0,0.0,0.0,0.0,0.0,0.0,0.0,0.0,0.0,0
PE23 9,0.0,0.0,0.0,0.0,0.0,0.0,0.0,0.0,0.0,0.0,0
PE24 4,0.0017455,0.00544707,0.0017455,0.00544707,0.0009585,0.00705187,0.0009585,0.00705187,0.0,713529.8,1
PE24 5,0.0,0.0,0.0,0.0,0.0,0.0,0.0,0.0,0.0,0.0,0
PE25 1,0.0,0.0,0.0,0.0,0.0,0.0,0.0,0.0,0.0,0.0,0
PE25 2,0.0,0.0,0.0,0.0,0.0,0.0,0.0,0.0,0.0,0.0,0
PE25 3,0.01044366,0.03158075,0.01207981,0.03694997,0.01126745,0.0387529,0.01348323,0.0452922,0.0,450727.5,1
PE25 9,0.0,0.0,0.0,0.0,0.0,0.0,0.0,0.0,0.0,0.0,0
PE26 1,0.0,0.0,0.0,0.0,0.0,0.0,0.0,0.0,0.0,0.0,0
PE26 2,0.0,0.0,0.0,0.0,0.0,0.0,0.0,0.0,0.0,0.0,0
PE27 3,0.0,0.0,0.0,0.0,0.0,0.0,0.0,0.0,0.0,0.0,0
PE27 4,0.0,0.0,0.0,0.0,0.0,0.0,0.0,0.0,0.0,0.0,0
PE27 5,0.0,0.0,0.0,0.0,0.0,0.0,0.0,0.0,0.0,0.0,0
PE27 6,0.0,0.0,0.0,0.0,0.0,0.0,0.0,0.0,0.0,0.0,0
PE27 9,0.0,0.0,0.0,0.0,0.0,0.0,0.0,0.0,0.0,0.0,0
PE28 0,0.0,0.0,0.0,0.0,0.0,0.0,0.0,0.0,0.0,0.0,0
PE28 2,0.0,0.0,0.0,0.0,0.0,0.0,0.0,0.0,0.0,0.0,0
PE28 3,0.0,0.0,0.0,0.0,0.0,0.0,0.0,0.0,0.0,0.0,0
PE28 4,0.0,0.0,0.0,0.0,0.0,0.0,0.0,0.0,0.0,0.0,0
PE28 5,0.0,0.0,0.0,0.0,0.0,0.0,0.0,0.0,0.0,0.0,0
PE28 9,0.0,0.0,0.0,0.0,0.0,0.0,0.0,0.0,0.0,0.0,0
PE29 1,0.0,0.0,0.0,0.0,0.0,0.0,0.0,0.0,0.0,0.0,0
PE29 2,0.0,0.0,0.0,0.0,0.0,0.0,0.0,0.0,0.0,0.0,0
PE29 3,0.0,0.0,0.0,0.0,0.0,0.0,0.0,0.0,0.0,0.0,0
PE29 6,0.0,0.0,0.0,0.0,0.0,0.0,0.0,0.0,0.0,0.0,0
PE29 7,0.0,0.0,0.0,0.0,0.0,0.0,0.0,0.0,0.0,0.0,0
PE29 9,0.0,0.0,0.0,0.0,0.0,0.0,0.0,0.0,0.0,0.0,0
PE3 6,0.0,0.0,0.0,0.0,0.0,0.0,0.0,0.0,0.0,0.0,0
PE3 7,0.0,0.0,0.0,0.0,0.0,0.0,0.0,0.0,0.0,0.0,0
PE3 8,0.0,0.0,0.0,0.0,0.0,0.0,0.0,0.0,0.0,0.0,0
PE3 9,0.0,0.0,0.0,0.0,0.0,0.0,0.0,0.0,0.0,0.0,0
PE30 1,0.0,0.0,0.0,0.0,0.0,0.0,0.0,0.0,0.0,0.0,0
PE30 2,0.0,0.0,0.0,0.0,0.0,0.0,0.0,0.0,0.0,0.0,0
PE30 3,0.0,0.0,0.0,0.0,0.0,0.0,0.0,0.0,0.0,0.0,0
PE30 4,0.0,0.0,0.0,0.0,0.0,0.0,0.0,0.0,0.0,0.0,0
PE30 5,0.0,0.0,0.0,0.0,0.0,0.0,0.0,0.0,0.0,0.0,0
PE30 9,0.0,0.0,0.0,0.0,0.0,0.0,0.0,0.0,0.0,0.0,0
PE31 6,0.0,0.0,0.0,0.0,0.0,0.0,0.0,0.0,0.0,0.0,0
PE31 7,0.0,0.0,0.0,0.0,0.0,0.0,0.0,0.0,0.0,0.0,0
PE31 8,0.00044569,0.00127836,0.00044569,0.00127836,0.00046809,0.00155045,0.00046809,0.00155045,0.0,222949.7,1
PE32 1,0.0,0.0,0.0,0.0,0.0,0.0,0.0,0.0,0.0,0.0,0
PE32 2,0.0,0.0,0.0,0.0,0.0,0.0,0.0,0.0,0.0,0.0,0
PE33 0,0.0,0.0,0.0,0.0,0.0,0.0,0.0,0.0,0.0,0.0,0
PE33 9,0.0,0.0,0.0,0.0,0.0,0.0,0.0,0.0,0.0,0.0,0
PE34 3,0.0,0.0,0.0,0.0,0.0,0.0,0.0,0.0,0.0,0.0,0
PE34 4,0.0,0.0,0.0,0.0,0.0,0.0,0.0,0.0,0.0,0.0,0
PE35 6,0.0,0.0,0.0,0.0,0.0,0.0,0.0,0.0,0.0,0.0,0
PE36 5,0.0,0.0,0.0,0.0,0.0,0.0,0.0,0.0,0.0,0.0,0
PE36 6,0.00368593,0.01207989,0.00399247,0.01273931,0.00104576,0.01768967,0.00143444,0.01842386,0.0,551550.3,1
PE36 9,0.0,0.0,0.0,0.0,0.0,0.0,0.0,0.0,0.0,0.0,0
PE37 7,0.0,0.0,0.0,0.0,0.0,0.0,0.0,0.0,0.0,0.0,0
PE37 8,0.0,0.0,0.0,0.0,0.0,0.0,0.0,0.0,0.0,0.0,0
PE38 0,0.0,0.0,0.0,0.0,0.0,0.0,0.0,0.0,0.0,0.0,0
PE38 8,0.0,0.0,0.0,0.0,0.0,0.0,0.0,0.0,0.0,0.0,0
PE38 9,0.0,0.0,0.0,0.0,0.0,0.0,0.0,0.0,0.0,0.0,0
PE4 5,0.0,0.0,0.0,0.0,0.0,0.0,0.0,0.0,0.0,0.0,0
PE4 6,0.0,0.0,0.0,0.0,0.0,0.0,0.0,0.0,0.0,0.0,0
PE4 7,0.0,0.0,0.0,0.0,0.0,0.0,0.0,0.0,0.0,0.0,0
PE5 7,0.0,0.0,0.0,0.0,0.0,0.0,0.0,0.0,0.0,0.0,0
PE6 0,0.0,0.0,0.0,0.0,0.0,0.0,0.0,0.0,0.0,0.0,0
PE6 7,0.0,0.0,0.0,0.0,0.0,0.0,0.0,0.0,0.0,0.0,0
PE6 8,0.0,0.0,0.0,0.0,0.0,0.0,0.0,0.0,0.0,0.0,0
PE6 9,0.0,0.0,0.0,0.0,0.0,0.0,0.0,0.0,0.0,0.0,0
PE7 0,0.0,0.0,0.0,0.0,0.0,0.0,0.0,0.0,0.0,0.0,0
PE7 1,0.0,0.0,0.0,0.0,0.0,0.0,0.0,0.0,0.0,0.0,0
PE7 2,0.0,0.0,0.0,0.0,0.0,0.0,0.0,0.0,0.0,0.0,0
PE7 3,0.0,0.0,0.0,0.0,0.0,0.0,0.0,0.0,0.0,0.0,0
PE7 4,0.0,0.0,0.0,0.0,0.0,0.0,0.0,0.0,0.0,0.0,0
PE7 5,0.0,0.0,0.0,0.0,0.0,0.0,0.0,0.0,0.0,0.0,0
PE7 7,0.0,0.0,0.0,0.0,0.0,0.0,0.0,0.0,0.0,0.0,0
PE7 8,0.0,0.0,0.0,0.0,0.0,0.0,0.0,0.0,0.0,0.0,0
PE8 4,0.0,0.0,0.0,0.0,0.0,0.0,0.0,0.0,0.0,0.0,0
PE8 5,0.0,0.0,0.0,0.0,0.0,0.0,0.0,0.0,0.0,0.0,0
PE8 6,0.0,0.0,0.0,0.0,0.0,0.0,0.0,0.0,0.0,0.0,0
PE9 1,0.0,0.0,0.0,0.0,0.0,0.0,0.0,0.0,0.0,0.0,0
PE9 2,0.0,0.0,0.0,0.0,0.0,0.0,0.0,0.0,0.0,0.0,0
PE9 3,0.0,0.0,0.0,0.0,0.0,0.0,0.0,0.0,0.0,0.0,0
PE9 4,0.0,0.0,0.0,0.0,0.0,0.0,0.0,0.0,0.0,0.0,0
PH1 0,0.0,0.0,0.0,0.0,0.0,0.0,0.0,0.0,0.0,0.0,0
PH1 1,0.0,0.0,0.0,0.0,0.0,0.0,0.0,0.0,0.0,0.0,0
PH1 2,0.0,0.0,0.0,0.0,0.0,0.0,0.0,0.0,0.0,0.0,0
PH1 3,0.0,0.0,0.0,0.0,0.0,0.0,0.0,0.0,0.0,0.0,0
PH1 4,0.0,0.0,0.0,0.0,0.0,0.0,0.0,0.0,0.0,0.0,0
PH1 5,0.0,0.0,0.0,0.0,0.0,0.0,0.0,0.0,0.0,0.0,0
PH10 6,0.0,0.0,0.0,0.0,0.0,0.0,0.0,0.0,0.0,0.0,0
PH10 7,0.0,0.0,0.0,0.0,0.0,0.0,0.0,0.0,0.0,0.0,0
PH10 9,0.0,0.0,0.0,0.0,0.0,0.0,0.0,0.0,0.0,0.0,0
PH11 8,0.0,0.0,0.0,0.0,0.0,0.0,0.0,0.0,0.0,0.0,0
PH12 8,0.0,0.0,0.0,0.0,0.0,0.0,0.0,0.0,0.0,0.0,0
PH13 9,0.0,0.0,0.0,0.0,0.0,0.0,0.0,0.0,0.0,0.0,0
PH14 9,0.0,0.0,0.0,0.0,0.0,0.0,0.0,0.0,0.0,0.0,0
PH15 2,0.0,0.0,0.0,0.0,0.0,0.0,0.0,0.0,0.0,0.0,0
PH16 5,0.0,0.0,0.0,0.0,0.0,0.0,0.0,0.0,0.0,0.0,0
PH16 9,0.0,0.0,0.0,0.0,0.0,0.0,0.0,0.0,0.0,0.0,0
PH17 2,0.0,0.0,0.0,0.0,0.0,0.0,0.0,0.0,0.0,0.0,0
PH18 5,0.0,0.0,0.0,0.0,0.0,0.0,0.0,0.0,0.0,0.0,0
PH19 1,0.0,0.0,0.0,0.0,0.0,0.0,0.0,0.0,0.0,0.0,0
PH2 0,0.0,0.0,0.0,0.0,0.0,0.0,0.0,0.0,0.0,0.0,0
PH2 1,0.0,0.0,0.0,0.0,0.0,0.0,0.0,0.0,0.0,0.0,0
PH2 6,0.0,0.0,0.0,0.0,0.0,0.0,0.0,0.0,0.0,0.0,0
PH2 7,0.0,0.0,0.0,0.0,0.0,0.0,0.0,0.0,0.0,0.0,0
PH2 8,0.0,0.0,0.0,0.0,0.0,0.0,0.0,0.0,0.0,0.0,0
PH2 9,0.0,0.0,0.0,0.0,0.0,0.0,0.0,0.0,0.0,0.0,0
PH20 1,0.0,0.0,0.0,0.0,0.0,0.0,0.0,0.0,0.0,0.0,0
PH21 1,0.0,0.0,0.0,0.0,0.0,0.0,0.0,0.0,0.0,0.0,0
PH22 1,0.0,0.0,0.0,0.0,0.0,0.0,0.0,0.0,0.0,0.0,0
PH23 3,0.0,0.0,0.0,0.0,0.0,0.0,0.0,0.0,0.0,0.0,0
PH24 3,0.0,0.0,0.0,0.0,0.0,0.0,0.0,0.0,0.0,0.0,0
PH25 3,0.0,0.0,0.0,0.0,0.0,0.0,0.0,0.0,0.0,0.0,0
PH26 3,0.0,0.0,0.0,0.0,0.0,0.0,0.0,0.0,0.0,0.0,0
PH26 9,0.0,0.0,0.0,0.0,0.0,0.0,0.0,0.0,0.0,0.0,0
PH3 1,0.0,0.0,0.0,0.0,0.0,0.0,0.0,0.0,0.0,0.0,0
PH30 4,0.0,0.0,0.0,0.0,0.0,0.0,0.0,0.0,0.0,0.0,0
PH31 4,0.0,0.0,0.0,0.0,0.0,0.0,0.0,0.0,0.0,0.0,0
PH32 4,0.0,0.0,0.0,0.0,0.0,0.0,0.0,0.0,0.0,0.0,0
PH33 6,0.0,0.0,0.0,0.0,0.0,0.0,0.0,0.0,0.0,0.0,0
PH33 7,0.0,0.0,0.0,0.0,0.0,0.0,0.0,0.0,0.0,0.0,0
PH34 4,0.0,0.0,0.0,0.0,0.0,0.0,0.0,0.0,0.0,0.0,0
PH35 4,0.0,0.0,0.0,0.0,0.0,0.0,0.0,0.0,0.0,0.0,0
PH36 4,0.0,0.0,0.0,0.0,0.0,0.0,0.0,0.0,0.0,0.0,0
PH37 4,0.0,0.0,0.0,0.0,0.0,0.0,0.0,0.0,0.0,0.0,0
PH38 4,0.0,0.0,0.0,0.0,0.0,0.0,0.0,0.0,0.0,0.0,0
PH39 4,0.0,0.0,0.0,0.0,0.0,0.0,0.0,0.0,0.0,0.0,0
PH4 1,0.0,0.0,0.0,0.0,0.0,0.0,0.0,0.0,0.0,0.0,0
PH40 4,0.0,0.0,0.0,0.0,0.0,0.0,0.0,0.0,0.0,0.0,0
PH41 2,0.0,0.0,0.0,0.0,0.0,0.0,0.0,0.0,0.0,0.0,0
PH41 4,0.0,0.0,0.0,0.0,0.0,0.0,0.0,0.0,0.0,0.0,0
PH42 4,0.0,0.0,0.0,0.0,0.0,0.0,0.0,0.0,0.0,0.0,0
PH43 4,0.0,0.0,0.0,0.0,0.0,0.0,0.0,0.0,0.0,0.0,0
PH44 4,0.0,0.0,0.0,0.0,0.0,0.0,0.0,0.0,0.0,0.0,0
PH49 4,0.0,0.0,0.0,0.0,0.0,0.0,0.0,0.0,0.0,0.0,0
PH5 2,0.0,0.0,0.0,0.0,0.0,0.0,0.0,0.0,0.0,0.0,0
PH50 4,0.0,0.0,0.0,0.0,0.0,0.0,0.0,0.0,0.0,0.0,0
PH6 2,0.0,0.0,0.0,0.0,0.0,0.0,0.0,0.0,0.0,0.0,0
PH7 3,0.0,0.0,0.0,0.0,0.0,0.0,0.0,0.0,0.0,0.0,0
PH7 4,0.0,0.0,0.0,0.0,0.0,0.0,0.0,0.0,0.0,0.0,0
PH7 9,0.0,0.0,0.0,0.0,0.0,0.0,0.0,0.0,0.0,0.0,0
PH8 0,0.0,0.0,0.0,0.0,0.0,0.0,0.0,0.0,0.0,0.0,0
PH9 0,0.0,0.0,0.0,0.0,0.0,0.0,0.0,0.0,0.0,0.0,0
PL1 1,0.0,0.0,0.0,0.0,0.0,0.0,0.0,0.0,0.0,0.0,0
PL1 2,0.0,0.0,0.01576296,0.03772465,0.0,0.0,0.02648472,0.04140988,0.0,0.0,1
PL1 3,0.0,0.0,0.00695414,0.02944321,0.0,0.0,0.01907389,0.03290545,0.0,0.0,1
PL1 4,0.0,0.0,0.0,0.03232698,0.0,0.0,0.00893391,0.04043769,0.0,0.0,1
PL1 5,0.0,0.0,0.0,0.0,0.0,0.0,0.0,0.0,0.0,0.0,0
PL1 9,0.0,0.0,0.0,0.0,0.0,0.0,0.0,0.0,0.0,0.0,0
PL10 1,0.00430071,0.01339191,0.00506609,0.01506658,0.0055773,0.01586266,0.00656403,0.01776082,0.0,675786.2,1
PL11 2,0.00061998,0.00265453,0.00398356,0.01577401,0.0,0.00371627,0.0010232,0.02205055,0.0,28944.8,1
PL11 3,0.0029137,0.01120448,0.00481802,0.01602145,0.00475615,0.01323655,0.00533356,0.01953012,0.00085748,643410.4,1
PL12 4,0.00252949,0.0111303,0.00364368,0.01489762,0.0,0.01590469,0.00036299,0.02083558,0.0,218949.8,1
PL12 5,0.00196141,0.00739499,0.00231091,0.00857721,0.0,0.00989883,0.0,0.01141748,0.0,368932.0,1
PL12 6,0.00373238,0.012132,0.00382189,0.01245309,0.00257643,0.0152921,0.00260371,0.01571551,0.0,622547.1,1
PL12 9,0.0,0.0,0.0,0.0,0.0,0.0,0.0,0.0,0.0,0.0,0
PL13 1,0.00211239,0.00706586,0.00256074,0.008459,0.0029662,0.00876725,0.00342418,0.01056221,0.01778607,220357.5,1
PL13 2,0.00255412,0.00882465,0.0029669,0.0092462,0.00417575,0.01040781,0.00447392,0.01086339,0.0,743502.2,1
PL13 9,0.0,0.0,0.0,0.0,0.0,0.0,0.0,0.0,0.0,0.0,0
PL14 3,0.0,0.0,0.0,0.0,0.0,0.0,0.0,0.0,0.0,0.0,0
PL14 4,0.0,0.0,0.0,0.0,0.0,0.0,0.0,0.0,0.0,0.0,0
PL14 5,0.0,0.0,0.0,0.0,0.0,0.0,0.0,0.0,0.0,0.0,0
PL14 6,0.0,0.0,0.0,0.0,0.0,0.0,0.0,0.0,0.0,0.0,0
PL14 9,0.0,0.0,0.0,0.0,0.0,0.0,0.0,0.0,0.0,0.0,0
PL15 0,0.0,0.0,0.0,0.0,0.0,0.0,0.0,0.0,0.0,0.0,0
PL15 7,0.0,0.0,0.0,0.0,0.0,0.0,0.0,0.0,0.0,0.0,0
PL15 8,0.0,0.0,0.0,0.0,0.0,0.0,0.0,0.0,0.0,0.0,0
PL15 9,0.0,0.0,0.0,0.0,0.0,0.0,0.0,0.0,0.0,0.0,0
PL16 0,0.0,0.0,0.0,0.0,0.0,0.0,0.0,0.0,0.0,0.0,0
PL17 0,0.0,0.0,0.0,0.0,0.0,0.0,0.0,0.0,0.0,0.0,0
PL17 7,0.0,0.0,0.0,0.0,0.0,0.0,0.0,0.0,0.0,0.0,0
PL17 8,0.0,0.0,0.0,0.0,0.0,0.0,0.0,0.0,0.0,0.0,0
PL18 9,1.032e-05,4.177e-05,1.032e-05,4.177e-05,3.19e-06,5.858e-05,3.19e-06,5.858e-05,0.0,691.5,1
PL19 0,0.0,0.0,0.0,0.0,0.0,0.0,0.0,0.0,0.0,0.0,0
PL19 1,0.0,0.0,0.0,0.0,0.0,0.0,0.0,0.0,0.0,0.0,0
PL19 8,0.0,0.0,0.0,0.0,0.0,0.0,0.0,0.0,0.0,0.0,0
PL19 9,0.0,0.0,0.0,0.0,0.0,0.0,0.0,0.0,0.0,0.0,0
PL2 1,0.0,0.0,0.0,0.0563592,0.0,0.0,0.02943142,0.06377074,0.0,0.0,1
PL2 2,0.0,0.0,0.0,0.0357504,0.0,0.0,0.02002436,0.03982261,0.0,0.0,1
PL2 3,0.0,0.0,0.0,0.0,0.0,0.0,0.0,0.0,0.0,0.0,0
PL20 6,3.119e-05,9.997e-05,3.119e-05,9.997e-05,1.054e-05,0.0001279,1.054e-05,0.0001279,0.0,23519.2,1
PL20 7,0.0024995,0.00824639,0.0024995,0.00824639,0.00083827,0.01069546,0.00083827,0.01069546,0.0,364904.7,1
PL21 0,2.13e-06,1.044e-05,2.13e-06,1.044e-05,0.0,1.443e-05,0.0,1.443e-05,0.0,757.1,1
PL21 1,0.0,0.0,0.0,0.0,0.0,0.0,0.0,0.0,0.0,0.0,0
PL21 9,0.0,0.0,0.0,0.0,0.0,0.0,0.0,0.0,0.0,0.0,0
PL22 0,0.000318,0.00063477,0.00116766,0.0031947,0.00031782,0.00063455,0.00057509,0.00402393,0.0,41782.3,1
PL23 1,0.00431246,0.01271694,0.00572479,0.01650623,0.0061627,0.01449811,0.00822042,0.01886056,0.0,482056.6,1
PL24 2,0.00598001,0.01939321,0.00741765,0.0225799,0.0090816,0.02293084,0.01072057,0.02669084,0.0,864154.7,1
PL25 3,0.00280775,0.00838556,0.00372525,0.00995223,0.00408578,0.00958949,0.00527228,0.01122899,0.0,113656.2,1
PL25 4,0.0,0.0,0.0,0.0,0.0,0.0,0.0,0.0,0.0,0.0,0
PL25 5,0.0,0.0,0.0,0.0,0.0,0.0,0.0,0.0,0.0,0.0,0
PL25 9,0.0,0.0,0.0,0.0,0.0,0.0,0.0,0.0,0.0,0.0,0
PL26 6,0.0032997,0.0098066,0.00401545,0.01130656,0.00490763,0.01136481,0.00575618,0.01310019,0.0,918596.8,1
PL26 7,0.0,0.0,0.0,0.0,0.0,0.0,0.0,0.0,0.0,0.0,0
PL26 8,0.0,0.0,0.0,0.0,0.0,0.0,0.0,0.0,0.0,0.0,0
PL27 6,0.00192902,0.00658537,0.00205454,0.00690246,0.00364936,0.00776315,0.00386035,0.00813333,0.0,481733.6,1
PL27 7,0.00094587,0.00282908,0.00094587,0.00282908,0.00172605,0.00340949,0.00172605,0.00340949,0.0,220557.0,1
PL27 9,0.0,0.0,0.0,0.0,0.0,0.0,0.0,0.0,0.0,0.0,0
PL28 8,0.00351726,0.01126338,0.00367881,0.01161502,0.00598585,0.01304596,0.00621519,0.01344768,0.0,834048.9,1
PL29 3,0.00199593,0.0069857,0.00217058,0.00745858,0.00368332,0.00780314,0.00393039,0.00834499,0.0,231205.2,1
PL3 4,0.0,0.0,0.0,0.0,0.0,0.0,0.0,0.0,0.0,0.0,0
PL3 5,0.0,0.0,0.0,0.0,0.0,0.0,0.0,0.0,0.0,0.0,0
PL3 6,0.0,0.0,0.01173355,0.03173975,0.0,0.0,0.00691594,0.03968901,0.0,0.0,1
PL30 3,0.00021587,0.00073314,0.00021587,0.00073314,0.0003854,0.00084081,0.0003854,0.00084081,0.0,57936.1,1
PL30 4,0.0,0.0,0.0,0.0,0.0,0.0,0.0,0.0,0.0,0.0,0
PL30 5,0.0,0.0,0.0,0.0,0.0,0.0,0.0,0.0,0.0,0.0,0
PL31 1,0.0,0.0,0.0,0.0,0.0,0.0,0.0,0.0,0.0,0.0,0
PL31 2,0.0,0.0,0.0,0.0,0.0,0.0,0.0,0.0,0.0,0.0,0
PL31 9,0.0,0.0,0.0,0.0,0.0,0.0,0.0,0.0,0.0,0.0,0
PL32 9,0.0,0.0,0.0,0.0,0.0,0.0,0.0,0.0,0.0,0.0,0
PL33 9,0.00140872,0.00416348,0.00140872,0.00416348,0.00233459,0.00506917,0.00233459,0.00506917,0.0,95385.7,1
PL34 0,0.00259876,0.0079035,0.00259876,0.0079035,0.0043533,0.00961911,0.0043533,0.00961911,0.0,257044.6,1
PL35 0,0.00237434,0.00833176,0.00237434,0.00833176,0.00438328,0.00915461,0.00438328,0.00915461,0.0,341275.5,1
PL4 0,0.0,0.0,0.0,0.00901553,0.0,0.0,0.0,0.01302555,0.0,0.0,1
PL4 6,0.0,0.0,0.0,0.0,0.0,0.0,0.0,0.0,0.0,0.0,0
PL4 7,0.0,0.0,0.0,0.0,0.0,0.0,0.0,0.0,0.0,0.0,0
PL4 8,0.0,0.0,0.0,0.0,0.0,0.0,0.0,0.0,0.0,0.0,0
PL4 9,0.0,0.0,0.0,0.0,0.0,0.0,0.0,0.0,0.0,0.0,0
PL5 1,0.0,0.0,0.01083834,0.04568913,0.0,0.0,0.02301714,0.05295912,0.0,0.0,1
PL5 2,0.00278876,0.01060531,0.00278876,0.01060531,0.00047958,0.01616342,0.00047958,0.01616342,0.0,66654.2,1
PL5 3,0.0,0.0,0.0,0.0,0.0,0.0,0.0,0.0,0.0,0.0,0
PL5 4,0.00582104,0.01875179,0.00582104,0.01875179,0.00187481,0.02464175,0.00187481,0.02464175,0.0,183737.5,1
PL5 9,0.0,0.0,0.0,0.0,0.0,0.0,0.0,0.0,0.0,0.0,0
PL6 5,0.0,0.0,0.0,0.0,0.0,0.0,0.0,0.0,0.0,0.0,0
PL6 6,0.0,0.0,0.0,0.0,0.0,0.0,0.0,0.0,0.0,0.0,0
PL6 7,0.00069379,0.00244084,0.00069379,0.00244084,0.00022547,0.00322992,0.00022547,0.00322992,0.0,55054.2,1
PL6 8,0.0,0.0,0.0,0.0,0.0,0.0,0.0,0.0,0.0,0.0,0
PL7 1,0.0,0.0,0.00159037,0.00406598,0.0,0.0,0.00095383,0.00502189,0.0,0.0,1
PL7 2,0.0,0.0,0.0,0.00010576,0.0,0.0,0.0,0.00022029,0.0,0.0,1
PL7 4,0.0,0.0,0.0,0.0,0.0,0.0,0.0,0.0,0.0,0.0,0
PL7 5,0.0,0.0,0.0,0.0,0.0,0.0,0.0,0.0,0.0,0.0,0
PL7 9,0.0,0.0,0.0,0.0,0.0,0.0,0.0,0.0,0.0,0.0,0
PL8 1,0.00805653,0.02519023,0.00847265,0.02616182,0.01300231,0.02915306,0.01327978,0.03040252,0.0,1264696.0,1
PL8 2,0.00129054,0.00324222,0.00129059,0.00324236,0.00090972,0.0038957,0.00090975,0.0038959,0.0,106073.7,1
PL9 0,0.00146891,0.00449983,0.00150598,0.00463353,0.00212577,0.0056624,0.00217798,0.00583427,0.0,158475.1,1
PL9 7,0.0,0.0,0.00314913,0.01443816,0.0,0.0,0.00146615,0.02001818,0.0,0.0,1
PL9 8,0.0,0.0,0.0,0.0,0.0,0.0,0.0,0.0,0.0,0.0,0
PL9 9,0.00281789,0.00890356,0.00544644,0.01706169,0.00462304,0.01030435,0.00702777,0.02046423,0.0,76907.6,1
PO1 1,0.0,0.0,0.0,0.0,0.0,0.0,0.0,0.0,0.0,0.0,0
PO1 2,0.0,0.0,0.01913328,0.04251794,0.0,0.0,0.03866562,0.04348735,0.0,0.0,1
PO1 3,0.0,0.0,0.00138311,0.08685283,0.0,0.0,0.00973472,0.11562894,0.0,0.0,1
PO1 4,0.0,0.0,0.0,0.0,0.0,0.0,0.0,0.0,0.0,0.0,0
PO1 5,0.0,0.0,0.0,0.0,0.0,0.0,0.0,0.0,0.0,0.0,0
PO1 9,0.0,0.0,0.0,0.0,0.0,0.0,0.0,0.0,0.0,0.0,0
PO10 7,0.0,0.0,0.01181032,0.03258171,0.0,0.0,0.02033983,0.03689943,0.0,0.0,1
PO10 8,0.0,0.0,0.01093549,0.02116908,0.0,0.0,0.01140547,0.02487474,0.0,0.0,1
PO10 9,0.0,0.0,0.0,0.0,0.0,0.0,0.0,0.0,0.0,0.0,0
PO11 0,0.00096728,0.00291523,0.01193799,0.02954768,0.00145564,0.00338315,0.02004319,0.03251603,0.0,99542.0,1
PO11 1,0.0,0.0,0.0,0.0,0.0,0.0,0.0,0.0,0.0,0.0,0
PO11 9,0.0,0.0,0.10503575,0.19633931,0.0,0.0,0.17914508,0.20225094,0.0,0.0,1
PO12 1,0.0,0.0,0.04331639,0.09911103,0.0,0.0,0.05643021,0.11285525,0.0,0.0,1
PO12 2,0.0,0.0,0.02820294,0.05417527,0.0,0.0,0.04398762,0.05731537,0.0,0.0,1
PO12 3,0.0,0.0,0.0,0.0,0.0,0.0,0.0,0.0,0.0,0.0,0
PO12 4,0.0,0.0,0.02310222,0.05153372,0.0,0.0,0.02553751,0.06084042,0.0,0.0,1
PO12 9,0.0,0.0,0.0,0.0,0.0,0.0,0.0,0.0,0.0,0.0,0
PO13 0,0.0,0.0,0.00764995,0.02500326,0.0,0.0,0.00640231,0.03322741,0.0,0.0,1
PO13 8,0.0,0.0,0.0,0.0,0.0,0.0,0.0,0.0,0.0,0.0,0
PO13 9,0.0,0.0,0.03225282,0.07377157,0.0,0.0,0.04957401,0.08226214,0.0,0.0,1
PO14 1,0.0,0.0,0.0,0.0,0.0,0.0,0.0,0.0,0.0,0.0,0
PO14 2,0.0,0.0,0.0,0.005462,0.0,0.0,0.0026523,0.00687193,0.0,0.0,1
PO14 3,0.0,0.0,0.07172152,0.15864508,0.0,0.0,0.12291314,0.17154614,0.0,0.0,1
PO14 4,0.00286681,0.00989506,0.00286882,0.00989506,0.00436416,0.01182298,0.00436685,0.01182298,0.0,185317.8,1
PO14 9,0.0,0.0,0.0,0.0,0.0,0.0,0.0,0.0,0.0,0.0,0
PO15 5,0.0,0.0,0.0,0.0,0.0,0.0,0.0,0.0,0.0,0.0,0
PO15 6,0.0,0.0,0.0,0.0,0.0,0.0,0.0,0.0,0.0,0.0,0
PO15 7,0.0,0.0,0.0,0.0,0.0,0.0,0.0,0.0,0.0,0.0,0
PO16 0,0.0,0.0,0.01814097,0.05204792,0.0,0.0,0.01781703,0.06672027,0.0,0.0,1
PO16 7,0.0,0.0,0.0,0.0,0.0,0.0,0.0,0.0,0.0,0.0,0
PO16 8,0.0,0.0,0.00290288,0.01042785,0.0,0.0,0.00010685,0.01530945,0.0,0.0,1
PO16 9,0.0,0.0,0.0125327,0.0335463,0.0,0.0,0.01464159,0.04090642,0.0,0.0,1
PO17 4,0.0,0.0,0.0,0.0,0.0,0.0,0.0,0.0,0.0,0.0,0
PO17 5,0.0,0.0,0.0,0.0,0.0,0.0,0.0,0.0,0.0,0.0,0
PO17 6,0.0,0.0,0.0,0.0,0.0,0.0,0.0,0.0,0.0,0.0,0
PO18 0,0.0,0.0,0.0,0.0,0.0,0.0,0.0,0.0,0.0,0.0,0
PO18 8,0.00155186,0.00471636,0.00836045,0.01922816,0.00090853,0.00619112,0.00778435,0.02371798,0.0,155793.1,1
PO18 9,0.0,0.0,0.0,0.0,0.0,0.0,0.0,0.0,0.0,0.0,0
PO19 1,0.0,0.0,0.0,0.0,0.0,0.0,0.0,0.0,0.0,0.0,0
PO19 3,0.0,0.0,0.0,0.0,0.0,0.0,0.0,0.0,0.0,0.0,0
PO19 5,0.0,0.0,0.0,0.0,0.0,0.0,0.0,0.0,0.0,0.0,0
PO19 6,0.0,0.0,0.0,0.0,0.0,0.0,0.0,0.0,0.0,0.0,0
PO19 7,0.0,0.0,0.0,0.0,0.0,0.0,0.0,0.0,0.0,0.0,0
PO19 8,0.0,0.0,0.0,0.0,0.0,0.0,0.0,0.0,0.0,0.0,0
PO19 9,0.0,0.0,0.0,0.0,0.0,0.0,0.0,0.0,0.0,0.0,0
PO2 0,0.0,0.0,0.0,0.0,0.0,0.0,0.0,0.0,0.0,0.0,0
PO2 7,0.0,0.0,0.00396714,0.03121961,0.0,0.0,0.00317456,0.04185868,0.0,0.0,1
PO2 8,0.0,0.0,0.00613304,0.02619896,0.0,0.0,0.00662583,0.03408024,0.0,0.0,1
PO2 9,0.0,0.0,0.0001321,0.02960661,0.0,0.0,0.02954684,0.02966337,0.0,0.0,1
PO20 0,0.0,0.0,0.20627983,0.41265016,0.0,0.0,0.37565406,0.42774676,0.0,0.0,1
PO20 1,0.0,0.0,0.0,0.0,0.0,0.0,0.0,0.0,0.0,0.0,0
PO20 2,0.0,0.0,0.0,0.0,0.0,0.0,0.0,0.0,0.0,0.0,0
PO20 3,0.0,0.0,0.0,0.0,0.0,0.0,0.0,0.0,0.0,0.0,0
PO20 7,0.00020366,0.00049754,0.00524742,0.01362439,7.458e-05,0.00061957,0.00519175,0.01676709,0.0,22723.4,1
PO20 8,0.00730115,0.02062265,0.03899132,0.0966915,0.00728007,0.02542102,0.05040492,0.11399365,0.0,587250.1,1
PO20 9,0.0,0.0,0.04213345,0.14454334,0.0,0.0,0.06640079,0.173259,0.0,0.0,1
PO21 1,0.0,0.0,0.05571673,0.13970983,0.0,0.0,0.09692418,0.15452353,0.0,0.0,1
PO21 2,0.0,0.0,0.11577598,0.23807901,0.0,0.0,0.17898919,0.26046902,0.0,0.0,1
PO21 3,0.0,0.0,0.0291345,0.06805318,0.0,0.0,0.05106558,0.0743745,0.0,0.0,1
PO21 4,0.0,0.0,0.04779618,0.12888609,0.0,0.0,0.10971289,0.13524689,0.0,0.0,1
PO21 5,0.0,0.0,0.0,0.0,0.0,0.0,0.0,0.0,0.0,0.0,0
PO21 9,0.0,0.0,0.0,0.0,0.0,0.0,0.0,0.0,0.0,0.0,0
PO22 0,0.0,0.0,0.0,0.0,0.0,0.0,0.0,0.0,0.0,0.0,0
PO22 6,0.0,0.0,0.03663432,0.08547811,0.0,0.0,0.0665631,0.09294472,0.0,0.0,1
PO22 7,0.0,0.0,0.24719126,0.5762383,0.0,0.0,0.4414185,0.62461968,0.0,0.0,1
PO22 8,0.0,0.0,0.0,0.0,0.0,0.0,0.0,0.0,0.0,0.0,0
PO22 9,0.0,0.0,0.0,0.0,0.0,0.0,0.0,0.0,0.0,0.0,0
PO3 5,0.0,0.0,0.0,0.00112955,0.0,0.0,0.00087442,0.00120614,0.0,0.0,1
PO3 6,0.0,0.0,0.00135029,0.00355296,0.0,0.0,0.00120119,0.00439443,0.0,0.0,1
PO30 1,0.0,0.0,0.0,0.0,0.0,0.0,0.0,0.0,0.0,0.0,0
PO30 2,5.549e-05,0.0001611,5.549e-05,0.0001611,1.878e-05,0.00021701,1.878e-05,0.00021701,0.0,2582.4,1
PO30 3,0.0,0.0,0.0,0.0,0.0,0.0,0.0,0.0,0.0,0.0,0
PO30 4,0.00895061,0.03003606,0.00895061,0.03003606,0.01413565,0.03508049,0.01413565,0.03508049,0.00284968,2421360.4,1
PO30 5,0.00093653,0.00317596,0.00095659,0.00326614,0.00013748,0.00444692,0.00014225,0.00459466,0.0,55142.8,1
PO30 9,0.0,0.0,0.0,0.0,0.0,0.0,0.0,0.0,0.0,0.0,0
PO31 7,0.0,0.0,0.00563254,0.01530972,0.0,0.0,0.00701532,0.01829587,0.00189968,0.0,1
PO31 8,0.0076269,0.02602733,0.01725778,0.05236985,0.01115278,0.03106851,0.02504947,0.06188516,0.01729021,850487.3,1
PO32 6,0.01217936,0.03924318,0.01247358,0.04000723,0.0175484,0.04710942,0.01784321,0.04806116,0.0,972933.9,1
PO33 1,0.004661,0.02136294,0.01162592,0.03242617,0.00890231,0.02547686,0.01093781,0.04053918,0.0,326514.4,1
PO33 2,0.0,0.0,0.0086153,0.02628373,0.0,0.0,0.00635106,0.03494918,0.0,0.0,1
PO33 3,0.00806917,0.03049994,0.01316415,0.04763114,0.01134342,0.03749528,0.01506722,0.06081462,0.0,234154.5,1
PO33 4,0.00354874,0.01319766,0.00658955,0.02012413,0.00495544,0.01645813,0.00824283,0.02480093,0.0,528456.0,1
PO33 9,0.0,0.0,0.0,0.0,0.0,0.0,0.0,0.0,0.0,0.0,0
PO34 5,0.00296174,0.00771989,0.01081879,0.02582237,0.00430176,0.00905056,0.01332356,0.03088752,0.0,118191.8,1
PO35 5,0.01385171,0.06172194,0.01693821,0.06257964,0.02590557,0.07258174,0.02671106,0.07341087,0.00364946,1517885.7,1
PO36 0,0.0,0.0,0.0,0.0,0.0,0.0,0.0,0.0,0.0,0.0,0
PO36 6,0.0,0.0,0.0,0.0,0.0,0.0,0.0,0.0,0.0,0.0,0
PO36 8,0.00614458,0.01984394,0.02433509,0.05579356,0.00976772,0.02361304,0.03354775,0.06358066,0.00288635,278290.0,1
PO36 9,0.0,0.0,0.00482114,0.01177551,0.0,0.0,0.00654197,0.01342961,0.0,0.0,1
PO37 6,0.00517039,0.01792897,0.02106824,0.05073168,0.00854941,0.02095681,0.0290043,0.05749001,0.03485491,264780.5,1
PO37 7,0.0,0.0,0.0,0.0,0.0,0.0,0.0,0.0,0.0,0.0,0
PO38 1,0.0051398,0.01798522,0.01663493,0.04803976,0.00848578,0.02072549,0.02542789,0.05471794,0.14937684,473872.7,1
PO38 2,0.0174167,0.07036026,0.01837924,0.07036031,0.03040658,0.08382428,0.03048732,0.08382428,0.03604416,3699734.1,1
PO38 3,0.0,0.0,0.0,0.0,0.0,0.0,0.0,0.0,0.0,0.0,0
PO38 9,0.0,0.0,0.0,0.0,0.0,0.0,0.0,0.0,1.0,0.0,0
PO39 0,0.00996324,0.05700727,0.01832854,0.05700727,0.02647478,0.06714982,0.0264748,0.06714982,0.0152288,1586422.3,1
PO4 0,0.0,0.0,0.0,0.0,0.0,0.0,0.0,0.0,0.0,0.0,0
PO4 8,0.0,0.0,0.01152972,0.03165146,0.0,0.0,0.00993489,0.03958574,0.0,0.0,1
PO4 9,0.0,0.0,0.03260808,0.05780204,0.0,0.0,0.04427342,0.06278494,0.0,0.0,1
PO40 0,0.0,0.0,0.0,0.0,0.0,0.0,0.0,0.0,0.0,0.0,0
PO40 9,0.00771655,0.05882226,0.02065374,0.06011097,0.02959525,0.06792963,0.03055261,0.07078235,0.00551737,1259017.1,1
PO41 0,0.00799487,0.02621919,0.01092828,0.03222615,0.01289223,0.03304275,0.01700577,0.03973451,0.01536986,1274464.1,1
PO5 1,0.0,0.0,0.0,0.0,0.0,0.0,0.0,0.0,0.0,0.0,0
PO5 2,0.0,0.0,0.0,0.0,0.0,0.0,0.0,0.0,0.0,0.0,0
PO5 3,0.0,0.0,0.0,0.0,0.0,0.0,0.0,0.0,0.0,0.0,0
PO5 4,0.0,0.0,0.0,0.0,0.0,0.0,0.0,0.0,0.0,0.0,0
PO6 1,0.0,0.0,0.00185547,0.01940342,0.0,0.0,0.00956817,0.02315129,0.0,0.0,1
PO6 2,0.0,0.0,0.00285429,0.02143542,0.0,0.0,0.02017665,0.02194503,0.0,0.0,1
PO6 3,0.0,0.0,0.0,0.0045096,0.0,0.0,0.0045096,0.0045096,0.0,0.0,1
PO6 4,0.0,0.0,0.01591706,0.04427664,0.0,0.0,0.02668634,0.0501259,0.0,0.0,1
PO6 9,0.0,0.0,0.0,0.0,0.0,0.0,0.0,0.0,0.0,0.0,0
PO7 3,0.0,0.0,0.0,0.0,0.0,0.0,0.0,0.0,0.0,0.0,0
PO7 4,0.0,0.0,0.0,0.0,0.0,0.0,0.0,0.0,0.0,0.0,0
PO7 5,0.0,0.0,0.0,0.0,0.0,0.0,0.0,0.0,0.0,0.0,0
PO7 6,0.0,0.0,0.0,0.0,0.0,0.0,0.0,0.0,0.0,0.0,0
PO7 7,0.0,0.0,0.0,0.0,0.0,0.0,0.0,0.0,0.0,0.0,0
PO7 8,0.0,0.0,0.0,0.0,0.0,0.0,0.0,0.0,0.0,0.0,0
PO7 9,0.0,0.0,0.0,0.0,0.0,0.0,0.0,0.0,0.0,0.0,0
PO8 0,0.0,0.0,0.0,0.0,0.0,0.0,0.0,0.0,0.0,0.0,0
PO8 8,0.0,0.0,0.0,0.0,0.0,0.0,0.0,0.0,0.0,0.0,0
PO8 9,0.0,0.0,0.0,0.0,0.0,0.0,0.0,0.0,0.0,0.0,0
PO9 1,0.0,0.0,0.01072033,0.02986575,0.0,0.0,0.01626516,0.03471539,0.0,0.0,1
PO9 2,0.0,0.0,0.00975683,0.02243177,0.0,0.0,0.01389474,0.02565593,0.0,0.0,1
PO9 3,0.0,0.0,0.00280923,0.00787965,0.0,0.0,0.00085577,0.01053463,0.0,0.0,1
PO9 4,0.0,0.0,0.0,0.0,0.0,0.0,0.0,0.0,0.0,0.0,0
PO9 5,0.0,0.0,0.0,0.0,0.0,0.0,0.0,0.0,0.0,0.0,0
PO9 6,0.0,0.0,0.0,0.0,0.0,0.0,0.0,0.0,0.0,0.0,0
PO9 9,0.0,0.0,0.0,0.0,0.0,0.0,0.0,0.0,0.0,0.0,0
PR1 0,0.0,0.0,0.0,0.0,0.0,0.0,0.0,0.0,0.0,0.0,0
PR1 1,0.0,0.0,0.0,0.0,0.0,0.0,0.0,0.0,0.0,0.0,0
PR1 2,0.0,0.0,0.0,0.0,0.0,0.0,0.0,0.0,0.0,0.0,0
PR1 3,0.0,0.0,0.0,0.0,0.0,0.0,0.0,0.0,0.0,0.0,0
PR1 4,0.0,0.0,0.0,0.0,0.0,0.0,0.0,0.0,0.0,0.0,0
PR1 5,0.0,0.0,0.0,0.0,0.0,0.0,0.0,0.0,0.0,0.0,0
PR1 6,0.0,0.0,0.0,0.0,0.0,0.0,0.0,0.0,0.0,0.0,0
PR1 7,0.0,0.0,0.0,0.0,0.0,0.0,0.0,0.0,0.0,0.0,0
PR1 8,0.0,0.0,0.0,0.0,0.0,0.0,0.0,0.0,0.0,0.0,0
PR1 9,0.0,0.0,0.0,0.0,0.0,0.0,0.0,0.0,0.0,0.0,0
PR2 1,0.0,0.0,0.0,0.0,0.0,0.0,0.0,0.0,0.0,0.0,0
PR2 2,0.0,0.0,0.0014292,0.00477514,0.0,0.0,0.00044835,0.00655727,0.0,0.0,1
PR2 3,0.0,0.0,0.0,0.0,0.0,0.0,0.0,0.0,0.0,0.0,0
PR2 5,0.0,0.0,0.0,0.0,0.0,0.0,0.0,0.0,0.0,0.0,0
PR2 6,0.0,0.0,0.0,0.0,0.0,0.0,0.0,0.0,0.0,0.0,0
PR2 7,0.0,0.0,0.0,0.0,0.0,0.0,0.0,0.0,0.0,0.0,0
PR2 8,0.0,0.0,0.0,0.0,0.0,0.0,0.0,0.0,0.0,0.0,0
PR2 9,0.0,0.0,0.0,0.0,0.0,0.0,0.0,0.0,0.0,0.0,0
PR25 1,0.0,0.0,0.0,0.0,0.0,0.0,0.0,0.0,0.0,0.0,0
PR25 2,0.0,0.0,0.0,0.0,0.0,0.0,0.0,0.0,0.0,0.0,0
PR25 3,0.0,0.0,0.0,0.0,0.0,0.0,0.0,0.0,0.0,0.0,0
PR25 4,0.0,0.0,0.0,0.0,0.0,0.0,0.0,0.0,0.0,0.0,0
PR25 5,0.0,0.0,0.0,0.0,0.0,0.0,0.0,0.0,0.0,0.0,0
PR25 9,0.0,0.0,0.0,0.0,0.0,0.0,0.0,0.0,0.0,0.0,0
PR26 6,0.0,0.0,0.0,0.0,0.0,0.0,0.0,0.0,0.0,0.0,0
PR26 7,0.0,0.0,0.0,0.0,0.0,0.0,0.0,0.0,0.0,0.0,0
PR26 8,0.0,0.0,0.0,0.0,0.0,0.0,0.0,0.0,0.0,0.0,0
PR26 9,0.0,0.0,0.0,0.0,0.0,0.0,0.0,0.0,0.0,0.0,0
PR3 0,2.028e-05,6.016e-05,2.028e-05,6.016e-05,4.036e-05,6.004e-05,4.036e-05,6.004e-05,0.0,5111.8,1
PR3 1,0.0,0.0,0.0,0.0,0.0,0.0,0.0,0.0,0.0,0.0,0
PR3 2,0.0,0.0,0.0,0.0,0.0,0.0,0.0,0.0,0.0,0.0,0
PR3 3,0.0,0.0,0.0,0.0,0.0,0.0,0.0,0.0,0.0,0.0,0
PR3 5,0.0,0.0,0.0,0.0,0.0,0.0,0.0,0.0,0.0,0.0,0
PR3 6,0.0,0.0,0.0,0.0,0.0,0.0,0.0,0.0,0.0,0.0,0
PR3 8,0.0,0.0,0.0,0.0,0.0,0.0,0.0,0.0,0.0,0.0,0
PR3 9,0.0,0.0,0.0,0.0,0.0,0.0,0.0,0.0,0.0,0.0,0
PR4 0,0.0,0.0,0.00039557,0.00122677,0.0,0.0,0.00013394,0.00159843,0.0,0.0,1
PR4 1,0.00334787,0.01134807,0.00334787,0.01134807,0.00076135,0.01574186,0.00076135,0.01574186,0.0,329906.9,1
PR4 2,0.0,0.0,0.0,0.0,0.0,0.0,0.0,0.0,0.0,0.0,0
PR4 3,0.0,0.0,0.0,0.0,0.0,0.0,0.0,0.0,0.0,0.0,0
PR4 4,0.0,0.0,0.0,0.0,0.0,0.0,0.0,0.0,0.0,0.0,0
PR4 5,0.0,0.0,0.0,0.0,0.0,0.0,0.0,0.0,0.0,0.0,0
PR4 6,0.0,0.0,0.0,0.0,0.0,0.0,0.0,0.0,0.0,0.0,0
PR4 9,0.0,0.0,0.0,0.0,0.0,0.0,0.0,0.0,0.0,0.0,0
PR5 0,0.0,0.0,0.0,0.0,0.0,0.0,0.0,0.0,0.0,0.0,0
PR5 4,0.0,0.0,0.0,0.0,0.0,0.0,0.0,0.0,0.0,0.0,0
PR5 5,0.0,0.0,0.0,0.0,0.0,0.0,0.0,0.0,0.0,0.0,0
PR5 6,0.0,0.0,0.0,0.0,0.0,0.0,0.0,0.0,0.0,0.0,0
PR5 8,0.0,0.0,0.0,0.0,0.0,0.0,0.0,0.0,0.0,0.0,0
PR5 9,0.0,0.0,0.0,0.0,0.0,0.0,0.0,0.0,0.0,0.0,0
PR6 0,0.0,0.0,0.0,0.0,0.0,0.0,0.0,0.0,0.0,0.0,0
PR6 6,0.0,0.0,0.0,0.0,0.0,0.0,0.0,0.0,0.0,0.0,0
PR6 7,0.0,0.0,0.0,0.0,0.0,0.0,0.0,0.0,0.0,0.0,0
PR6 8,0.0,0.0,0.0,0.0,0.0,0.0,0.0,0.0,0.0,0.0,0
PR6 9,0.0,0.0,0.0,0.0,0.0,0.0,0.0,0.0,0.0,0.0,0
PR7 1,0.0,0.0,0.0,0.0,0.0,0.0,0.0,0.0,0.0,0.0,0
PR7 2,0.0,0.0,0.0,0.0,0.0,0.0,0.0,0.0,0.0,0.0,0
PR7 3,0.0,0.0,0.0,0.0,0.0,0.0,0.0,0.0,0.0,0.0,0
PR7 4,0.0,0.0,0.0,0.0,0.0,0.0,0.0,0.0,0.0,0.0,0
PR7 5,0.0,0.0,0.0,0.0,0.0,0.0,0.0,0.0,0.0,0.0,0
PR7 6,0.0,0.0,0.0,0.0,0.0,0.0,0.0,0.0,0.0,0.0,0
PR7 7,0.0,0.0,0.0,0.0,0.0,0.0,0.0,0.0,0.0,0.0,0
PR8 1,0.0,0.0,0.0,0.0,0.0,0.0,0.0,0.0,0.0,0.0,0
PR8 2,0.0,0.0,0.0,0.0,0.0,0.00017605,0.0,0.00017605,0.0,0.0,0
PR8 3,0.0,0.0,0.0,0.0,0.0,0.0,0.0,0.0,0.0,0.0,0
PR8 4,0.0,0.0,0.0,0.0,0.0,0.0,0.0,0.0,0.0,0.0,0
PR8 5,0.0,0.0,0.0,0.0,0.0,0.0,0.0,0.0,0.0,0.0,0
PR8 6,0.0,0.0,0.0,0.0,0.0,0.0,0.0,0.0,0.0,0.0,0
PR8 9,0.0,0.0,0.0,0.0,0.0,0.0,0.0,0.0,0.0,0.0,0
PR9 0,0.0,0.0,0.0,0.0,0.0,0.0,0.0,0.0,0.0,0.0,0
PR9 7,0.0,0.0,0.0,0.0,0.0,0.0,0.0,0.0,0.0,0.0,0
PR9 8,0.0,0.0,0.0,0.0,0.0,0.0,0.0,0.0,0.0,0.0,0
PR9 9,0.0,0.0,0.0,0.0,0.0,0.0,0.0,0.0,0.0,0.0,0
RG1 1,0.0,0.0,0.0,0.0,0.0,0.0,0.0,0.0,0.0,0.0,0
RG1 2,0.0,0.0,0.0,0.0,0.0,0.0,0.0,0.0,0.0,0.0,0
RG1 3,0.0,0.0,0.0,0.0,0.0,0.0,0.0,0.0,0.0,0.0,0
RG1 4,0.0,0.0,0.0,0.0,0.0,0.0,0.0,0.0,0.0,0.0,0
RG1 5,0.0,0.0,0.0,0.0,0.0,0.0,0.0,0.0,0.0,0.0,0
RG1 6,0.0,0.0,0.0,0.0,0.0,0.0,0.0,0.0,0.0,0.0,0
RG1 7,0.0,0.0,0.0,0.0,0.0,0.0,0.0,0.0,0.0,0.0,0
RG1 8,0.0,0.0,0.0,0.0,0.0,0.0,0.0,0.0,0.0,0.0,0
RG1 9,0.0,0.0,0.0,0.0,0.0,0.0,0.0,0.0,0.0,0.0,0
RG10 0,0.0,0.0,0.0,0.0,0.0,0.0,0.0,0.0,0.0,0.0,0
RG10 8,0.0,0.0,0.0,0.0,0.0,0.0,0.0,0.0,0.0,0.0,0
RG10 9,0.0,0.0,0.0,0.0,0.0,0.0,0.0,0.0,0.0,0.0,0
RG12 0,0.0,0.0,0.0,0.0,0.0,0.0,0.0,0.0,0.0,0.0,0
RG12 1,0.0,0.0,0.0,0.0,0.0,0.0,0.0,0.0,0.0,0.0,0
RG12 2,0.0,0.0,0.0,0.0,0.0,0.0,0.0,0.0,0.0,0.0,0
RG12 7,0.0,0.0,0.0,0.0,0.0,0.0,0.0,0.0,0.0,0.0,0
RG12 8,0.0,0.0,0.0,0.0,0.0,0.0,0.0,0.0,0.0,0.0,0
RG12 9,0.0,0.0,0.0,0.0,0.0,0.0,0.0,0.0,0.0,0.0,0
RG14 1,0.0,0.0,0.0,0.0,0.0,0.0,0.0,0.0,0.0,0.0,0
RG14 2,0.0,0.0,0.0,0.0,0.0,0.0,0.0,0.0,0.0,0.0,0
RG14 3,0.0,0.0,0.0,0.0,0.0,0.0,0.0,0.0,0.0,0.0,0
RG14 5,0.0,0.0,0.0,0.0,0.0,0.0,0.0,0.0,0.0,0.0,0
RG14 6,0.0,0.0,0.0,0.0,0.0,0.0,0.0,0.0,0.0,0.0,0
RG14 7,0.0,0.0,0.0,0.0,0.0,0.0,0.0,0.0,0.0,0.0,0
RG14 9,0.0,0.0,0.0,0.0,0.0,0.0,0.0,0.0,0.0,0.0,0
RG17 0,0.0,0.0,0.0,0.0,0.0,0.0,0.0,0.0,0.0,0.0,0
RG17 1,0.0,0.0,0.0,0.0,0.0,0.0,0.0,0.0,0.0,0.0,0
RG17 7,0.0,0.0,0.0,0.0,0.0,0.0,0.0,0.0,0.0,0.0,0
RG17 8,0.0,0.0,0.0,0.0,0.0,0.0,0.0,0.0,0.0,0.0,0
RG17 9,0.0,0.0,0.0,0.0,0.0,0.0,0.0,0.0,0.0,0.0,0
RG18 0,0.0,0.0,0.0,0.0,0.0,0.0,0.0,0.0,0.0,0.0,0
RG18 3,0.0,0.0,0.0,0.0,0.0,0.0,0.0,0.0,0.0,0.0,0
RG18 4,0.0,0.0,0.0,0.0,0.0,0.0,0.0,0.0,0.0,0.0,0
RG18 9,0.0,0.0,0.0,0.0,0.0,0.0,0.0,0.0,0.0,0.0,0
RG19 3,0.0,0.0,0.0,0.0,0.0,0.0,0.0,0.0,0.0,0.0,0
RG19 4,0.0,0.0,0.0,0.0,0.0,0.0,0.0,0.0,0.0,0.0,0
RG19 6,0.0,0.0,0.0,0.0,0.0,0.0,0.0,0.0,0.0,0.0,0
RG19 8,0.0,0.0,0.0,0.0,0.0,0.0,0.0,0.0,0.0,0.0,0
RG2 0,0.0,0.0,0.0,0.0,0.0,0.0,0.0,0.0,0.0,0.0,0
RG2 1,0.0,0.0,0.0,0.0,0.0,0.0,0.0,0.0,0.0,0.0,0
RG2 6,0.0,0.0,0.0,0.0,0.0,0.0,0.0,0.0,0.0,0.0,0
RG2 7,0.0,0.0,0.0,0.0,0.0,0.0,0.0,0.0,0.0,0.0,0
RG2 8,0.0,0.0,0.0,0.0,0.0,0.0,0.0,0.0,0.0,0.0,0
RG2 9,0.0,0.0,0.0,0.0,0.0,0.0,0.0,0.0,0.0,0.0,0
RG20 0,0.0,0.0,0.0,0.0,0.0,0.0,0.0,0.0,0.0,0.0,0
RG20 4,0.0,0.0,0.0,0.0,0.0,0.0,0.0,0.0,0.0,0.0,0
RG20 5,0.0,0.0,0.0,0.0,0.0,0.0,0.0,0.0,0.0,0.0,0
RG20 6,0.0,0.0,0.0,0.0,0.0,0.0,0.0,0.0,0.0,0.0,0
RG20 7,0.0,0.0,0.0,0.0,0.0,0.0,0.0,0.0,0.0,0.0,0
RG20 8,0.0,0.0,0.0,0.0,0.0,0.0,0.0,0.0,0.0,0.0,0
RG20 9,0.0,0.0,0.0,0.0,0.0,0.0,0.0,0.0,0.0,0.0,0
RG21 3,0.0,0.0,0.0,0.0,0.0,0.0,0.0,0.0,0.0,0.0,0
RG21 4,0.0,0.0,0.0,0.0,0.0,0.0,0.0,0.0,0.0,0.0,0
RG21 5,0.0,0.0,0.0,0.0,0.0,0.0,0.0,0.0,0.0,0.0,0
RG21 6,0.0,0.0,0.0,0.0,0.0,0.0,0.0,0.0,0.0,0.0,0
RG21 7,0.0,0.0,0.0,0.0,0.0,0.0,0.0,0.0,0.0,0.0,0
RG21 8,0.0,0.0,0.0,0.0,0.0,0.0,0.0,0.0,0.0,0.0,0
RG22 4,0.0,0.0,0.0,0.0,0.0,0.0,0.0,0.0,0.0,0.0,0
RG22 5,0.0,0.0,0.0,0.0,0.0,0.0,0.0,0.0,0.0,0.0,0
RG22 6,0.0,0.0,0.0,0.0,0.0,0.0,0.0,0.0,0.0,0.0,0
RG23 7,0.0,0.0,0.0,0.0,0.0,0.0,0.0,0.0,0.0,0.0,0
RG23 8,0.0,0.0,0.0,0.0,0.0,0.0,0.0,0.0,0.0,0.0,0
RG24 4,0.0,0.0,0.0,0.0,0.0,0.0,0.0,0.0,0.0,0.0,0
RG24 7,0.0,0.0,0.0,0.0,0.0,0.0,0.0,0.0,0.0,0.0,0
RG24 8,0.0,0.0,0.0,0.0,0.0,0.0,0.0,0.0,0.0,0.0,0
RG24 9,0.0,0.0,0.0,0.0,0.0,0.0,0.0,0.0,0.0,0.0,0
RG25 2,0.0,0.0,0.0,0.0,0.0,0.0,0.0,0.0,0.0,0.0,0
RG25 3,0.0,0.0,0.0,0.0,0.0,0.0,0.0,0.0,0.0,0.0,0
RG26 3,0.0,0.0,0.0,0.0,0.0,0.0,0.0,0.0,0.0,0.0,0
RG26 4,0.0,0.0,0.0,0.0,0.0,0.0,0.0,0.0,0.0,0.0,0
RG26 5,0.0,0.0,0.0,0.0,0.0,0.0,0.0,0.0,0.0,0.0,0
RG27 0,0.0,0.0,0.0,0.0,0.0,0.0,0.0,0.0,0.0,0.0,0
RG27 8,0.0,0.0,0.0,0.0,0.0,0.0,0.0,0.0,0.0,0.0,0
RG27 9,0.0,0.0,0.0,0.0,0.0,0.0,0.0,0.0,0.0,0.0,0
RG28 7,0.0,0.0,0.0,0.0,0.0,0.0,0.0,0.0,0.0,0.0,0
RG29 1,0.0,0.0,0.0,0.0,0.0,0.0,0.0,0.0,0.0,0.0,0
RG30 1,0.0,0.0,0.0,0.0,0.0,0.0,0.0,0.0,0.0,0.0,0
RG30 2,0.0,0.0,0.0,0.0,0.0,0.0,0.0,0.0,0.0,0.0,0
RG30 3,0.0,0.0,0.0,0.0,0.0,0.0,0.0,0.0,0.0,0.0,0
RG30 4,0.0,0.0,0.0,0.0,0.0,0.0,0.0,0.0,0.0,0.0,0
RG30 6,0.0,0.0,0.0,0.0,0.0,0.0,0.0,0.0,0.0,0.0,0
RG30 9,0.0,0.0,0.0,0.0,0.0,0.0,0.0,0.0,0.0,0.0,0
RG31 4,0.0,0.0,0.0,0.0,0.0,0.0,0.0,0.0,0.0,0.0,0
RG31 5,0.0,0.0,0.0,0.0,0.0,0.0,0.0,0.0,0.0,0.0,0
RG31 6,0.0,0.0,0.0,0.0,0.0,0.0,0.0,0.0,0.0,0.0,0
RG31 7,0.0,0.0,0.0,0.0,0.0,0.0,0.0,0.0,0.0,0.0,0
RG4 5,0.0,0.0,0.0,0.0,0.0,0.0,0.0,0.0,0.0,0.0,0
RG4 6,0.0,0.0,0.0,0.0,0.0,0.0,0.0,0.0,0.0,0.0,0
RG4 7,0.0,0.0,0.0,0.0,0.0,0.0,0.0,0.0,0.0,0.0,0
RG4 8,0.0,0.0,0.0,0.0,0.0,0.0,0.0,0.0,0.0,0.0,0
RG4 9,0.0,0.0,0.0,0.0,0.0,0.0,0.0,0.0,0.0,0.0,0
RG40 1,0.0,0.0,0.0,0.0,0.0,0.0,0.0,0.0,0.0,0.0,0
RG40 2,0.0,0.0,0.0,0.0,0.0,0.0,0.0,0.0,0.0,0.0,0
RG40 3,0.0,0.0,0.0,0.0,0.0,0.0,0.0,0.0,0.0,0.0,0
RG40 4,0.0,0.0,0.0,0.0,0.0,0.0,0.0,0.0,0.0,0.0,0
RG40 5,0.0,0.0,0.0,0.0,0.0,0.0,0.0,0.0,0.0,0.0,0
RG40 9,0.0,0.0,0.0,0.0,0.0,0.0,0.0,0.0,0.0,0.0,0
RG41 1,0.0,0.0,0.0,0.0,0.0,0.0,0.0,0.0,0.0,0.0,0
RG41 2,0.0,0.0,0.0,0.0,0.0,0.0,0.0,0.0,0.0,0.0,0
RG41 3,0.0,0.0,0.0,0.0,0.0,0.0,0.0,0.0,0.0,0.0,0
RG41 4,0.0,0.0,0.0,0.0,0.0,0.0,0.0,0.0,0.0,0.0,0
RG41 5,0.0,0.0,0.0,0.0,0.0,0.0,0.0,0.0,0.0,0.0,0
RG42 1,0.0,0.0,0.0,0.0,0.0,0.0,0.0,0.0,0.0,0.0,0
RG42 2,0.0,0.0,0.0,0.0,0.0,0.0,0.0,0.0,0.0,0.0,0
RG42 3,0.0,0.0,0.0,0.0,0.0,0.0,0.0,0.0,0.0,0.0,0
RG42 4,0.0,0.0,0.0,0.0,0.0,0.0,0.0,0.0,0.0,0.0,0
RG42 5,0.0,0.0,0.0,0.0,0.0,0.0,0.0,0.0,0.0,0.0,0
RG42 6,0.0,0.0,0.0,0.0,0.0,0.0,0.0,0.0,0.0,0.0,0
RG42 7,0.0,0.0,0.0,0.0,0.0,0.0,0.0,0.0,0.0,0.0,0
RG45 6,0.0,0.0,0.0,0.0,0.0,0.0,0.0,0.0,0.0,0.0,0
RG45 7,0.0,0.0,0.0,0.0,0.0,0.0,0.0,0.0,0.0,0.0,0
RG5 3,0.0,0.0,0.0,0.0,0.0,0.0,0.0,0.0,0.0,0.0,0
RG5 4,0.0,0.0,0.0,0.0,0.0,0.0,0.0,0.0,0.0,0.0,0
RG6 1,0.0,0.0,0.0,0.0,0.0,0.0,0.0,0.0,0.0,0.0,0
RG6 3,0.0,0.0,0.0,0.0,0.0,0.0,0.0,0.0,0.0,0.0,0
RG6 4,0.0,0.0,0.0,0.0,0.0,0.0,0.0,0.0,0.0,0.0,0
RG6 5,0.0,0.0,0.0,0.0,0.0,0.0,0.0,0.0,0.0,0.0,0
RG6 6,0.0,0.0,0.0,0.0,0.0,0.0,0.0,0.0,0.0,0.0,0
RG6 7,0.0,0.0,0.0,0.0,0.0,0.0,0.0,0.0,0.0,0.0,0
RG6 9,0.0,0.0,0.0,0.0,0.0,0.0,0.0,0.0,0.0,0.0,0
RG7 1,0.0,0.0,0.0,0.0,0.0,0.0,0.0,0.0,0.0,0.0,0
RG7 2,0.0,0.0,0.0,0.0,0.0,0.0,0.0,0.0,0.0,0.0,0
RG7 3,0.0,0.0,0.0,0.0,0.0,0.0,0.0,0.0,0.0,0.0,0
RG7 4,0.0,0.0,0.0,0.0,0.0,0.0,0.0,0.0,0.0,0.0,0
RG7 5,0.0,0.0,0.0,0.0,0.0,0.0,0.0,0.0,0.0,0.0,0
RG7 6,0.0,0.0,0.0,0.0,0.0,0.0,0.0,0.0,0.0,0.0,0
RG7 8,0.0,0.0,0.0,0.0,0.0,0.0,0.0,0.0,0.0,0.0,0
RG8 0,0.0,0.0,0.0,0.0,0.0,0.0,0.0,0.0,0.0,0.0,0
RG8 1,0.0,0.0,0.0,0.0,0.0,0.0,0.0,0.0,0.0,0.0,0
RG8 6,0.0,0.0,0.0,0.0,0.0,0.0,0.0,0.0,0.0,0.0,0
RG8 7,0.0,0.0,0.0,0.0,0.0,0.0,0.0,0.0,0.0,0.0,0
RG8 8,0.0,0.0,0.0,0.0,0.0,0.0,0.0,0.0,0.0,0.0,0
RG8 9,0.0,0.0,0.0,0.0,0.0,0.0,0.0,0.0,0.0,0.0,0
RG9 1,0.0,0.0,0.0,0.0,0.0,0.0,0.0,0.0,0.0,0.0,0
RG9 2,0.0,0.0,0.0,0.0,0.0,0.0,0.0,0.0,0.0,0.0,0
RG9 3,0.0,0.0,0.0,0.0,0.0,0.0,0.0,0.0,0.0,0.0,0
RG9 4,0.0,0.0,0.0,0.0,0.0,0.0,0.0,0.0,0.0,0.0,0
RG9 5,0.0,0.0,0.0,0.0,0.0,0.0,0.0,0.0,0.0,0.0,0
RG9 6,0.0,0.0,0.0,0.0,0.0,0.0,0.0,0.0,0.0,0.0,0
RG9 9,0.0,0.0,0.0,0.0,0.0,0.0,0.0,0.0,0.0,0.0,0
RH1 1,0.0,0.0,0.0,0.0,0.0,0.0,0.0,0.0,0.0,0.0,0
RH1 2,0.0,0.0,0.0,0.0,0.0,0.0,0.0,0.0,0.0,0.0,0
RH1 3,0.0,0.0,0.0,0.0,0.0,0.0,0.0,0.0,0.0,0.0,0
RH1 4,0.0,0.0,0.0,0.0,0.0,0.0,0.0,0.0,0.0,0.0,0
RH1 5,0.0,0.0,0.0,0.0,0.0,0.0,0.0,0.0,0.0,0.0,0
RH1 6,0.0,0.0,0.0,0.0,0.0,0.0,0.0,0.0,0.0,0.0,0
RH1 9,0.0,0.0,0.0,0.0,0.0,0.0,0.0,0.0,0.0,0.0,0
RH10 0,0.0,0.0,0.0,0.0,0.0,0.0,0.0,0.0,0.0,0.0,0
RH10 1,0.0,0.0,0.0,0.0,0.0,0.0,0.0,0.0,0.0,0.0,0
RH10 2,0.0,0.0,0.0,0.0,0.0,0.0,0.0,0.0,0.0,0.0,0
RH10 3,0.0,0.0,0.0,0.0,0.0,0.0,0.0,0.0,0.0,0.0,0
RH10 4,0.0,0.0,0.0,0.0,0.0,0.0,0.0,0.0,0.0,0.0,0
RH10 5,0.0,0.0,0.0,0.0,0.0,0.0,0.0,0.0,0.0,0.0,0
RH10 6,0.0,0.0,0.0,0.0,0.0,0.0,0.0,0.0,0.0,0.0,0
RH10 7,0.0,0.0,0.0,0.0,0.0,0.0,0.0,0.0,0.0,0.0,0
RH10 8,0.0,0.0,0.0,0.0,0.0,0.0,0.0,0.0,0.0,0.0,0
RH10 9,0.0,0.0,0.0,0.0,0.0,0.0,0.0,0.0,0.0,0.0,0
RH11 0,0.0,0.0,0.0,0.0,0.0,0.0,0.0,0.0,0.0,0.0,0
RH11 6,0.0,0.0,0.0,0.0,0.0,0.0,0.0,0.0,0.0,0.0,0
RH11 7,0.0,0.0,0.0,0.0,0.0,0.0,0.0,0.0,0.0,0.0,0
RH11 8,0.0,0.0,0.0,0.0,0.0,0.0,0.0,0.0,0.0,0.0,0
RH11 9,0.0,0.0,0.0,0.0,0.0,0.0,0.0,0.0,0.0,0.0,0
RH12 0,0.0,0.0,0.0,0.0,0.0,0.0,0.0,0.0,0.0,0.0,0
RH12 1,0.0,0.0,0.0,0.0,0.0,0.0,0.0,0.0,0.0,0.0,0
RH12 2,0.0,0.0,0.0,0.0,0.0,0.0,0.0,0.0,0.0,0.0,0
RH12 3,0.0,0.0,0.0,0.0,0.0,0.0,0.0,0.0,0.0,0.0,0
RH12 4,0.0,0.0,0.0,0.0,0.0,0.0,0.0,0.0,0.0,0.0,0
RH12 5,0.0,0.0,0.0,0.0,0.0,0.0,0.0,0.0,0.0,0.0,0
RH12 6,0.0,0.0,0.0,0.0,0.0,0.0,0.0,0.0,0.0,0.0,0
RH12 9,0.0,0.0,0.0,0.0,0.0,0.0,0.0,0.0,0.0,0.0,0
RH13 0,0.0,0.0,0.0,0.0,0.0,0.0,0.0,0.0,0.0,0.0,0
RH13 5,0.0,0.0,0.0,0.0,0.0,0.0,0.0,0.0,0.0,0.0,0
RH13 6,0.0,0.0,0.0,0.0,0.0,0.0,0.0,0.0,0.0,0.0,0
RH13 8,0.0,0.0,0.0,0.0,0.0,0.0,0.0,0.0,0.0,0.0,0
RH13 9,0.0,0.0,0.0,0.0,0.0,0.0,0.0,0.0,0.0,0.0,0
RH14 0,0.0,0.0,0.0,0.0,0.0,0.0,0.0,0.0,0.0,0.0,0
RH14 4,0.0,0.0,0.0,0.0,0.0,0.0,0.0,0.0,0.0,0.0,0
RH14 9,0.0,0.0,0.0,0.0,0.0,0.0,0.0,0.0,0.0,0.0,0
RH15 0,0.0,0.0,0.0,0.0,0.0,0.0,0.0,0.0,0.0,0.0,0
RH15 5,0.0,0.0,0.0,0.0,0.0,0.0,0.0,0.0,0.0,0.0,0
RH15 8,0.0,0.0,0.0,0.0,0.0,0.0,0.0,0.0,0.0,0.0,0
RH15 9,0.0,0.0,0.0,0.0,0.0,0.0,0.0,0.0,0.0,0.0,0
RH16 1,0.0,0.0,0.0,0.0,0.0,0.0,0.0,0.0,0.0,0.0,0
RH16 2,0.0,0.0,0.0,0.0,0.0,0.0,0.0,0.0,0.0,0.0,0
RH16 3,0.0,0.0,0.0,0.0,0.0,0.0,0.0,0.0,0.0,0.0,0
RH16 4,0.0,0.0,0.0,0.0,0.0,0.0,0.0,0.0,0.0,0.0,0
RH16 9,0.0,0.0,0.0,0.0,0.0,0.0,0.0,0.0,0.0,0.0,0
RH17 5,0.0,0.0,0.0,0.0,0.0,0.0,0.0,0.0,0.0,0.0,0
RH17 6,0.0,0.0,0.0,0.0,0.0,0.0,0.0,0.0,0.0,0.0,0
RH17 7,0.0,0.0,0.0,0.0,0.0,0.0,0.0,0.0,0.0,0.0,0
RH18 5,0.0,0.0,0.0,0.0,0.0,0.0,0.0,0.0,0.0,0.0,0
RH19 1,0.0,0.0,0.0,0.0,0.0,0.0,0.0,0.0,0.0,0.0,0
RH19 2,0.0,0.0,0.0,0.0,0.0,0.0,0.0,0.0,0.0,0.0,0
RH19 3,0.0,0.0,0.0,0.0,0.0,0.0,0.0,0.0,0.0,0.0,0
RH19 4,0.0,0.0,0.0,0.0,0.0,0.0,0.0,0.0,0.0,0.0,0
RH19 9,0.0,0.0,0.0,0.0,0.0,0.0,0.0,0.0,0.0,0.0,0
RH2 0,0.0,0.0,0.0,0.0,0.0,0.0,0.0,0.0,0.0,0.0,0
RH2 2,0.0,0.0,0.0,0.0,0.0,0.0,0.0,0.0,0.0,0.0,0
RH2 7,0.0,0.0,0.0,0.0,0.0,0.0,0.0,0.0,0.0,0.0,0
RH2 8,0.0,0.0,0.0,0.0,0.0,0.0,0.0,0.0,0.0,0.0,0
RH2 9,0.0,0.0,0.0,0.0,0.0,0.0,0.0,0.0,0.0,0.0,0
RH20 1,0.0,0.0,0.0,0.0,0.0,0.0,0.0,0.0,0.0,0.0,0
RH20 2,0.0,0.0,0.0,0.0,0.0,0.0,0.0,0.0,0.0,0.0,0
RH20 3,0.0,0.0,0.0,0.0,0.0,0.0,0.0,0.0,0.0,0.0,0
RH20 4,0.0,0.0,0.0,0.0,0.0,0.0,0.0,0.0,0.0,0.0,0
RH20 6,0.0,0.0,0.0,0.0,0.0,0.0,0.0,0.0,0.0,0.0,0
RH20 9,0.0,0.0,0.0,0.0,0.0,0.0,0.0,0.0,0.0,0.0,0
RH3 7,0.0,0.0,0.0,0.0,0.0,0.0,0.0,0.0,0.0,0.0,0
RH4 1,0.0,0.0,0.0,0.0,0.0,0.0,0.0,0.0,0.0,0.0,0
RH4 2,0.0,0.0,0.0,0.0,0.0,0.0,0.0,0.0,0.0,0.0,0
RH4 3,0.0,0.0,0.0,0.0,0.0,0.0,0.0,0.0,0.0,0.0,0
RH4 9,0.0,0.0,0.0,0.0,0.0,0.0,0.0,0.0,0.0,0.0,0
RH5 4,0.0,0.0,0.0,0.0,0.0,0.0,0.0,0.0,0.0,0.0,0
RH5 5,0.0,0.0,0.0,0.0,0.0,0.0,0.0,0.0,0.0,0.0,0
RH5 6,0.0,0.0,0.0,0.0,0.0,0.0,0.0,0.0,0.0,0.0,0
RH6 0,0.0,0.0,0.0,0.0,0.0,0.0,0.0,0.0,0.0,0.0,0
RH6 6,0.0,0.0,0.0,0.0,0.0,0.0,0.0,0.0,0.0,0.0,0
RH6 7,0.0,0.0,0.0,0.0,0.0,0.0,0.0,0.0,0.0,0.0,0
RH6 8,0.0,0.0,0.0,0.0,0.0,0.0,0.0,0.0,0.0,0.0,0
RH6 9,0.0,0.0,0.0,0.0,0.0,0.0,0.0,0.0,0.0,0.0,0
RH7 6,0.0,0.0,0.0,0.0,0.0,0.0,0.0,0.0,0.0,0.0,0
RH8 0,0.0,0.0,0.0,0.0,0.0,0.0,0.0,0.0,0.0,0.0,0
RH8 8,0.0,0.0,0.0,0.0,0.0,0.0,0.0,0.0,0.0,0.0,0
RH8 9,0.0,0.0,0.0,0.0,0.0,0.0,0.0,0.0,0.0,0.0,0
RH9 8,0.0,0.0,0.0,0.0,0.0,0.0,0.0,0.0,0.0,0.0,0
RM1 1,0.0,0.0,0.0,0.0,0.0,0.0,0.0,0.0,0.0,0.0,0
RM1 2,0.0,0.0,0.0,0.0,0.0,0.0,0.0,0.0,0.0,0.0,0
RM1 3,0.0,0.0,0.0,0.0,0.0,0.0,0.0,0.0,0.0,0.0,0
RM1 4,0.0,0.0,0.0,0.0,0.0,0.0,0.0,0.0,0.0,0.0,0
RM10 7,0.0,0.0,0.0,0.0,0.0,0.0,0.0,0.0,0.0,0.0,0
RM10 8,0.0,0.0,0.0,0.0,0.0,0.0,0.0,0.0,0.0,0.0,0
RM10 9,0.0,0.0,0.0,0.0,0.0,0.0,0.0,0.0,0.0,0.0,0
RM11 1,0.0,0.0,0.0,0.0,0.0,0.0,0.0,0.0,0.0,0.0,0
RM11 2,0.0,0.0,0.0,0.0,0.0,0.0,0.0,0.0,0.0,0.0,0
RM11 3,0.0,0.0,0.0,0.0,0.0,0.0,0.0,0.0,0.0,0.0,0
RM12 4,0.0,0.0,0.0,0.0,0.0,0.0,0.0,0.0,0.0,0.0,0
RM12 5,0.0,0.0,0.0,0.0,0.0,0.0,0.0,0.0,0.0,0.0,0
RM12 6,0.0,0.0,0.0,0.0,0.0,0.0,0.0,0.0,0.0,0.0,0
RM12 9,0.0,0.0,0.0,0.0,0.0,0.0,0.0,0.0,0.0,0.0,0
RM13 0,0.0,0.0,0.0,0.0,0.0,0.0,0.0,0.0,0.0,0.0,0
RM13 7,0.0,0.0,0.0,0.0,0.0,0.0,0.0,0.0,0.0,0.0,0
RM13 8,0.0,0.0,0.0,0.0,0.0,0.0,0.0,0.0,0.0,0.0,0
RM13 9,0.0,0.0,0.0,0.0,0.0,0.0,0.0,0.0,0.0,0.0,0
RM14 1,0.0,0.0,0.0,0.0,0.0,0.0,0.0,0.0,0.0,0.0,0
RM14 2,0.0,0.0,0.0,0.0,0.0,0.0,0.0,0.0,0.0,0.0,0
RM14 3,0.0,0.0,0.0,0.0,0.0,0.0,0.0,0.0,0.0,0.0,0
RM14 9,0.0,0.0,0.0,0.0,0.0,0.0,0.0,0.0,0.0,0.0,0
RM15 4,0.0,0.0,0.0,0.0,0.0,0.0,0.0,0.0,0.0,0.0,0
RM15 5,0.0,0.0,0.0,0.0,0.0,0.0,0.0,0.0,0.0,0.0,0
RM15 6,0.0,0.0,0.0,0.0,0.0,0.0,0.0,0.0,0.0,0.0,0
RM15 9,0.0,0.0,0.0,0.0,0.0,0.0,0.0,0.0,0.0,0.0,0
RM16 2,0.0,0.0,0.0,0.0,0.0,0.0,0.0,0.0,0.0,0.0,0
RM16 3,0.0,0.0,0.0,0.0,0.0,0.0,0.0,0.0,0.0,0.0,0
RM16 4,0.0,0.0,0.0,0.0,0.0,0.0,0.0,0.0,0.0,0.0,0
RM16 5,0.0,0.0,0.0,0.0,0.0,0.0,0.0,0.0,0.0,0.0,0
RM16 6,0.0,0.0,0.0,0.0,0.0,0.0,0.0,0.0,0.0,0.0,0
RM17 5,0.0,0.0,0.0,0.0,0.0,0.0,0.0,0.0,0.0,0.0,0
RM17 6,0.0,0.0,0.0,0.0,0.0,0.0,0.0,0.0,0.0,0.0,0
RM17 9,0.0,0.0,0.0,0.0,0.0,0.0,0.0,0.0,0.0,0.0,0
RM18 7,0.0,0.0,0.0,0.0,0.0,0.0,0.0,0.0,0.0,0.0,0
RM18 8,0.0,0.0,0.00288544,0.00760617,0.0,0.0,0.00023038,0.01055591,0.0,0.0,1
RM19 1,0.0,0.0,0.0,0.0,0.0,0.0,0.0,0.0,0.0,0.0,0
RM2 5,0.0,0.0,0.0,0.0,0.0,0.0,0.0,0.0,0.0,0.0,0
RM2 6,0.0,0.0,0.0,0.0,0.0,0.0,0.0,0.0,0.0,0.0,0
RM20 1,0.0,0.0,0.0,0.0,0.0,0.0,0.0,0.0,0.0,0.0,0
RM20 2,0.0,0.0,0.0,0.0,0.0,0.0,0.0,0.0,0.0,0.0,0
RM20 3,0.0,0.0,0.0,0.0,0.0,0.0,0.0,0.0,0.0,0.0,0
RM20 4,0.0,0.0,0.0,0.0,0.0,0.0,0.0,0.0,0.0,0.0,0
RM3 0,0.0,0.0,0.0,0.0,0.0,0.0,0.0,0.0,0.0,0.0,0
RM3 3,0.0,0.0,0.0,0.0,0.0,0.0,0.0,0.0,0.0,0.0,0
RM3 7,0.0,0.0,0.0,0.0,0.0,0.0,0.0,0.0,0.0,0.0,0
RM3 8,0.0,0.0,0.0,0.0,0.0,0.0,0.0,0.0,0.0,0.0,0
RM3 9,0.0,0.0,0.0,0.0,0.0,0.0,0.0,0.0,0.0,0.0,0
RM4 1,0.0,0.0,0.0,0.0,0.0,0.0,0.0,0.0,0.0,0.0,0
RM5 2,0.0,0.0,0.0,0.0,0.0,0.0,0.0,0.0,0.0,0.0,0
RM5 3,0.0,0.0,0.0,0.0,0.0,0.0,0.0,0.0,0.0,0.0,0
RM6 4,0.0,0.0,0.0,0.0,0.0,0.0,0.0,0.0,0.0,0.0,0
RM6 5,0.0,0.0,0.0,0.0,0.0,0.0,0.0,0.0,0.0,0.0,0
RM6 6,0.0,0.0,0.0,0.0,0.0,0.0,0.0,0.0,0.0,0.0,0
RM7 0,0.0,0.0,0.0,0.0,0.0,0.0,0.0,0.0,0.0,0.0,0
RM7 1,0.0,0.0,0.0,0.0,0.0,0.0,0.0,0.0,0.0,0.0,0
RM7 7,0.0,0.0,0.0,0.0,0.0,0.0,0.0,0.0,0.0,0.0,0
RM7 8,0.0,0.0,0.0,0.0,0.0,0.0,0.0,0.0,0.0,0.0,0
RM7 9,0.0,0.0,0.0,0.0,0.0,0.0,0.0,0.0,0.0,0.0,0
RM8 1,0.0,0.0,0.0,0.0,0.0,0.0,0.0,0.0,0.0,0.0,0
RM8 2,0.0,0.0,0.0,0.0,0.0,0.0,0.0,0.0,0.0,0.0,0
RM8 3,0.0,0.0,0.0,0.0,0.0,0.0,0.0,0.0,0.0,0.0,0
RM9 4,0.0,0.0,0.0,0.0,0.0,0.0,0.0,0.0,0.0,0.0,0
RM9 5,0.0,0.0,0.0,0.0,0.0,0.0,0.0,0.0,0.0,0.0,0
RM9 6,0.0,0.0,0.0,0.0,0.0,0.0,0.0,0.0,0.0,0.0,0
RM9 9,0.0,0.0,0.0,0.0,0.0,0.0,0.0,0.0,0.0,0.0,0
S1 1,0.0,0.0,0.0,0.0,0.0,0.0,0.0,0.0,0.0,0.0,0
S1 2,0.0,0.0,0.0,0.0,0.0,0.0,0.0,0.0,0.0,0.0,0
S1 3,0.0,0.0,0.0,0.0,0.0,0.0,0.0,0.0,0.0,0.0,0
S1 4,0.0,0.0,0.0,0.0,0.0,0.0,0.0,0.0,0.0,0.0,0
S1 9,0.0,0.0,0.0,0.0,0.0,0.0,0.0,0.0,0.0,0.0,0
S10 1,0.0,0.0,0.0,0.0,0.0,0.0,0.0,0.0,0.0,0.0,0
S10 2,0.0,0.0,0.0,0.0,0.0,0.0,0.0,0.0,0.0,0.0,0
S10 3,0.0,0.0,0.0,0.0,0.0,0.0,0.0,0.0,0.0,0.0,0
S10 4,0.0,0.0,0.0,0.0,0.0,0.0,0.0,0.0,0.0,0.0,0
S10 5,0.0,0.0,0.0,0.0,0.0,0.0,0.0,0.0,0.0,0.0,0
S10 9,0.0,0.0,0.0,0.0,0.0,0.0,0.0,0.0,0.0,0.0,0
S11 7,0.0,0.0,0.0,0.0,0.0,0.0,0.0,0.0,0.0,0.0,0
S11 8,0.0,0.0,0.0,0.0,0.0,0.0,0.0,0.0,0.0,0.0,0
S11 9,0.0,0.0,0.0,0.0,0.0,0.0,0.0,0.0,0.0,0.0,0
S12 2,0.0,0.0,0.0,0.0,0.0,0.0,0.0,0.0,0.0,0.0,0
S12 3,0.0,0.0,0.0,0.0,0.0,0.0,0.0,0.0,0.0,0.0,0
S12 4,0.0,0.0,0.0,0.0,0.0,0.0,0.0,0.0,0.0,0.0,0
S12 9,0.0,0.0,0.0,0.0,0.0,0.0,0.0,0.0,0.0,0.0,0
S13 7,0.0,0.0,0.0,0.0,0.0,0.0,0.0,0.0,0.0,0.0,0
S13 8,0.0,0.0,0.0,0.0,0.0,0.0,0.0,0.0,0.0,0.0,0
S13 9,0.0,0.0,0.0,0.0,0.0,0.0,0.0,0.0,0.0,0.0,0
S14 1,0.0,0.0,0.0,0.0,0.0,0.0,0.0,0.0,0.0,0.0,0
S17 3,0.0,0.0,0.0,0.0,0.0,0.0,0.0,0.0,0.0,0.0,0
S17 4,0.0,0.0,0.0,0.0,0.0,0.0,0.0,0.0,0.0,0.0,0
S17 9,0.0,0.0,0.0,0.0,0.0,0.0,0.0,0.0,0.0,0.0,0
S18 1,0.0,0.0,0.0,0.0,0.0,0.0,0.0,0.0,0.0,0.0,0
S18 2,0.0,0.0,0.0,0.0,0.0,0.0,0.0,0.0,0.0,0.0,0
S18 3,0.0,0.0,0.0,0.0,0.0,0.0,0.0,0.0,0.0,0.0,0
S18 4,0.0,0.0,0.0,0.0,0.0,0.0,0.0,0.0,0.0,0.0,0
S18 7,0.0,0.0,0.0,0.0,0.0,0.0,0.0,0.0,0.0,0.0,0
S18 8,0.0,0.0,0.0,0.0,0.0,0.0,0.0,0.0,0.0,0.0,0
S18 9,0.0,0.0,0.0,0.0,0.0,0.0,0.0,0.0,0.0,0.0,0
S2 1,0.0,0.0,0.0,0.0,0.0,0.0,0.0,0.0,0.0,0.0,0
S2 2,0.0,0.0,0.0,0.0,0.0,0.0,0.0,0.0,0.0,0.0,0
S2 3,0.0,0.0,0.0,0.0,0.0,0.0,0.0,0.0,0.0,0.0,0
S2 4,0.0,0.0,0.0,0.0,0.0,0.0,0.0,0.0,0.0,0.0,0
S2 5,0.0,0.0,0.0,0.0,0.0,0.0,0.0,0.0,0.0,0.0,0
S20 1,0.0,0.0,0.0,0.0,0.0,0.0,0.0,0.0,0.0,0.0,0
S20 2,0.0,0.0,0.0,0.0,0.0,0.0,0.0,0.0,0.0,0.0,0
S20 3,0.0,0.0,0.0,0.0,0.0,0.0,0.0,0.0,0.0,0.0,0
S20 4,0.0,0.0,0.0,0.0,0.0,0.0,0.0,0.0,0.0,0.0,0
S20 5,0.0,0.0,0.0,0.0,0.0,0.0,0.0,0.0,0.0,0.0,0
S20 6,0.0,0.0,0.0,0.0,0.0,0.0,0.0,0.0,0.0,0.0,0
S20 7,0.0,0.0,0.0,0.0,0.0,0.0,0.0,0.0,0.0,0.0,0
S20 8,0.0,0.0,0.0,0.0,0.0,0.0,0.0,0.0,0.0,0.0,0
S20 9,0.0,0.0,0.0,0.0,0.0,0.0,0.0,0.0,0.0,0.0,0
S21 1,0.0,0.0,0.0,0.0,0.0,0.0,0.0,0.0,0.0,0.0,0
S21 2,0.0,0.0,0.0,0.0,0.0,0.0,0.0,0.0,0.0,0.0,0
S21 3,0.0,0.0,0.0,0.0,0.0,0.0,0.0,0.0,0.0,0.0,0
S21 4,0.0,0.0,0.0,0.0,0.0,0.0,0.0,0.0,0.0,0.0,0
S21 5,0.0,0.0,0.0,0.0,0.0,0.0,0.0,0.0,0.0,0.0,0
S25 1,0.0,0.0,0.0,0.0,0.0,0.0,0.0,0.0,0.0,0.0,0
S25 2,0.0,0.0,0.0,0.0,0.0,0.0,0.0,0.0,0.0,0.0,0
S25 3,0.0,0.0,0.0,0.0,0.0,0.0,0.0,0.0,0.0,0.0,0
S25 4,0.0,0.0,0.0,0.0,0.0,0.0,0.0,0.0,0.0,0.0,0
S25 5,0.0,0.0,0.0,0.0,0.0,0.0,0.0,0.0,0.0,0.0,0
S25 9,0.0,0.0,0.0,0.0,0.0,0.0,0.0,0.0,0.0,0.0,0
S26 1,0.0,0.0,0.0,0.0,0.0,0.0,0.0,0.0,0.0,0.0,0
S26 2,0.0,0.0,0.0,0.0,0.0,0.0,0.0,0.0,0.0,0.0,0
S26 3,0.0,0.0,0.0,0.0,0.0,0.0,0.0,0.0,0.0,0.0,0
S26 4,0.0,0.0,0.0,0.0,0.0,0.0,0.0,0.0,0.0,0.0,0
S26 5,0.0,0.0,0.0,0.0,0.0,0.0,0.0,0.0,0.0,0.0,0
S26 6,0.0,0.0,0.0,0.0,0.0,0.0,0.0,0.0,0.0,0.0,0
S26 7,0.0,0.0,0.0,0.0,0.0,0.0,0.0,0.0,0.0,0.0,0
S3 7,0.0,0.0,0.0,0.0,0.0,0.0,0.0,0.0,0.0,0.0,0
S3 8,0.0,0.0,0.0,0.0,0.0,0.0,0.0,0.0,0.0,0.0,0
S3 9,0.0,0.0,0.0,0.0,0.0,0.0,0.0,0.0,0.0,0.0,0
S32 1,0.0,0.0,0.0,0.0,0.0,0.0,0.0,0.0,0.0,0.0,0
S32 2,0.0,0.0,0.0,0.0,0.0,0.0,0.0,0.0,0.0,0.0,0
S32 3,0.0,0.0,0.0,0.0,0.0,0.0,0.0,0.0,0.0,0.0,0
S32 4,0.0,0.0,0.0,0.0,0.0,0.0,0.0,0.0,0.0,0.0,0
S32 5,0.0,0.0,0.0,0.0,0.0,0.0,0.0,0.0,0.0,0.0,0
S33 0,0.0,0.0,0.0,0.0,0.0,0.0,0.0,0.0,0.0,0.0,0
S33 6,0.0,0.0,0.0,0.0,0.0,0.0,0.0,0.0,0.0,0.0,0
S33 7,0.0,0.0,0.0,0.0,0.0,0.0,0.0,0.0,0.0,0.0,0
S33 8,0.0,0.0,0.0,0.0,0.0,0.0,0.0,0.0,0.0,0.0,0
S33 9,0.0,0.0,0.0,0.0,0.0,0.0,0.0,0.0,0.0,0.0,0
S35 0,0.0,0.0,0.0,0.0,0.0,0.0,0.0,0.0,0.0,0.0,0
S35 1,0.0,0.0,0.0,0.0,0.0,0.0,0.0,0.0,0.0,0.0,0
S35 2,0.0,0.0,0.0,0.0,0.0,0.0,0.0,0.0,0.0,0.0,0
S35 3,0.0,0.0,0.0,0.0,0.0,0.0,0.0,0.0,0.0,0.0,0
S35 4,0.0,0.0,0.0,0.0,0.0,0.0,0.0,0.0,0.0,0.0,0
S35 5,0.0,0.0,0.0,0.0,0.0,0.0,0.0,0.0,0.0,0.0,0
S35 7,0.0,0.0,0.0,0.0,0.0,0.0,0.0,0.0,0.0,0.0,0
S35 8,0.0,0.0,0.0,0.0,0.0,0.0,0.0,0.0,0.0,0.0,0
S35 9,0.0,0.0,0.0,0.0,0.0,0.0,0.0,0.0,0.0,0.0,0
S36 0,0.0,0.0,0.0,0.0,0.0,0.0,0.0,0.0,0.0,0.0,0
S36 1,0.0,0.0,0.0,0.0,0.0,0.0,0.0,0.0,0.0,0.0,0
S36 2,0.0,0.0,0.0,0.0,0.0,0.0,0.0,0.0,0.0,0.0,0
S36 3,0.0,0.0,0.0,0.0,0.0,0.0,0.0,0.0,0.0,0.0,0
S36 4,0.0,0.0,0.0,0.0,0.0,0.0,0.0,0.0,0.0,0.0,0
S36 6,0.0,0.0,0.0,0.0,0.0,0.0,0.0,0.0,0.0,0.0,0
S36 7,0.0,0.0,0.0,0.0,0.0,0.0,0.0,0.0,0.0,0.0,0
S36 8,0.0,0.0,0.0,0.0,0.0,0.0,0.0,0.0,0.0,0.0,0
S36 9,0.0,0.0,0.0,0.0,0.0,0.0,0.0,0.0,0.0,0.0,0
S4 7,0.0,0.0,0.0,0.0,0.0,0.0,0.0,0.0,0.0,0.0,0
S4 8,0.0,0.0,0.0,0.0,0.0,0.0,0.0,0.0,0.0,0.0,0
S40 1,0.0,0.0,0.0,0.0,0.0,0.0,0.0,0.0,0.0,0.0,0
S40 2,0.0,0.0,0.0,0.0,0.0,0.0,0.0,0.0,0.0,0.0,0
S40 3,0.0,0.0,0.0,0.0,0.0,0.0,0.0,0.0,0.0,0.0,0
S40 4,0.0,0.0,0.0,0.0,0.0,0.0,0.0,0.0,0.0,0.0,0
S40 9,0.0,0.0,0.0,0.0,0.0,0.0,0.0,0.0,0.0,0.0,0
S41 0,0.0,0.0,0.0,0.0,0.0,0.0,0.0,0.0,0.0,0.0,0
S41 7,0.0,0.0,0.0,0.0,0.0,0.0,0.0,0.0,0.0,0.0,0
S41 8,0.0,0.0,0.0,0.0,0.0,0.0,0.0,0.0,0.0,0.0,0
S41 9,0.0,0.0,0.0,0.0,0.0,0.0,0.0,0.0,0.0,0.0,0
S42 5,0.0,0.0,0.0,0.0,0.0,0.0,0.0,0.0,0.0,0.0,0
S42 6,0.0,0.0,0.0,0.0,0.0,0.0,0.0,0.0,0.0,0.0,0
S42 7,0.0,0.0,0.0,0.0,0.0,0.0,0.0,0.0,0.0,0.0,0
S43 1,0.0,0.0,0.0,0.0,0.0,0.0,0.0,0.0,0.0,0.0,0
S43 2,0.0,0.0,0.0,0.0,0.0,0.0,0.0,0.0,0.0,0.0,0
S43 3,0.0,0.0,0.0,0.0,0.0,0.0,0.0,0.0,0.0,0.0,0
S43 4,0.0,0.0,0.0,0.0,0.0,0.0,0.0,0.0,0.0,0.0,0
S43 9,0.0,0.0,0.0,0.0,0.0,0.0,0.0,0.0,0.0,0.0,0
S44 5,0.0,0.0,0.0,0.0,0.0,0.0,0.0,0.0,0.0,0.0,0
S44 6,0.0,0.0,0.0,0.0,0.0,0.0,0.0,0.0,0.0,0.0,0
S45 0,0.0,0.0,0.0,0.0,0.0,0.0,0.0,0.0,0.0,0.0,0
S45 8,0.0,0.0,0.0,0.0,0.0,0.0,0.0,0.0,0.0,0.0,0
S45 9,0.0,0.0,0.0,0.0,0.0,0.0,0.0,0.0,0.0,0.0,0
S5 0,0.0,0.0,0.0,0.0,0.0,0.0,0.0,0.0,0.0,0.0,0
S5 5,0.0,0.0,0.0,0.0,0.0,0.0,0.0,0.0,0.0,0.0,0
S5 6,0.0,0.0,0.0,0.0,0.0,0.0,0.0,0.0,0.0,0.0,0
S5 7,0.0,0.0,0.0,0.0,0.0,0.0,0.0,0.0,0.0,0.0,0
S5 8,0.0,0.0,0.0,0.0,0.0,0.0,0.0,0.0,0.0,0.0,0
S5 9,0.0,0.0,0.0,0.0,0.0,0.0,0.0,0.0,0.0,0.0,0
S6 1,0.0,0.0,0.0,0.0,0.0,0.0,0.0,0.0,0.0,0.0,0
S6 2,0.0,0.0,0.0,0.0,0.0,0.0,0.0,0.0,0.0,0.0,0
S6 3,0.0,0.0,0.0,0.0,0.0,0.0,0.0,0.0,0.0,0.0,0
S6 4,0.0,0.0,0.0,0.0,0.0,0.0,0.0,0.0,0.0,0.0,0
S6 5,0.0,0.0,0.0,0.0,0.0,0.0,0.0,0.0,0.0,0.0,0
S6 6,0.0,0.0,0.0,0.0,0.0,0.0,0.0,0.0,0.0,0.0,0
S6 9,0.0,0.0,0.0,0.0,0.0,0.0,0.0,0.0,0.0,0.0,0
S60 1,0.0,0.0,0.0,0.0,0.0,0.0,0.0,0.0,0.0,0.0,0
S60 2,0.0,0.0,0.0,0.0,0.0,0.0,0.0,0.0,0.0,0.0,0
S60 3,0.0,0.0,0.0,0.0,0.0,0.0,0.0,0.0,0.0,0.0,0
S60 4,0.0,0.0,0.0,0.0,0.0,0.0,0.0,0.0,0.0,0.0,0
S60 5,0.0,0.0,0.0,0.0,0.0,0.0,0.0,0.0,0.0,0.0,0
S60 8,0.0,0.0,0.0,0.0,0.0,0.0,0.0,0.0,0.0,0.0,0
S60 9,0.0,0.0,0.0,0.0,0.0,0.0,0.0,0.0,0.0,0.0,0
S61 1,0.0,0.0,0.0,0.0,0.0,0.0,0.0,0.0,0.0,0.0,0
S61 2,0.0,0.0,0.0,0.0,0.0,0.0,0.0,0.0,0.0,0.0,0
S61 3,0.0,0.0,0.0,0.0,0.0,0.0,0.0,0.0,0.0,0.0,0
S61 4,0.0,0.0,0.0,0.0,0.0,0.0,0.0,0.0,0.0,0.0,0
S62 5,0.0,0.0,0.0,0.0,0.0,0.0,0.0,0.0,0.0,0.0,0
S62 6,0.0,0.0,0.0,0.0,0.0,0.0,0.0,0.0,0.0,0.0,0
S62 7,0.0,0.0,0.0,0.0,0.0,0.0,0.0,0.0,0.0,0.0,0
S63 0,0.0,0.0,0.0,0.0,0.0,0.0,0.0,0.0,0.0,0.0,0
S63 3,0.0,0.0,0.0,0.0,0.0,0.0,0.0,0.0,0.0,0.0,0
S63 5,0.0,0.0,0.0,0.0,0.0,0.0,0.0,0.0,0.0,0.0,0
S63 6,0.0,0.0,0.0,0.0,0.0,0.0,0.0,0.0,0.0,0.0,0
S63 7,0.0,0.0,0.0,0.0,0.0,0.0,0.0,0.0,0.0,0.0,0
S63 8,0.0,0.0,0.0,0.0,0.0,0.0,0.0,0.0,0.0,0.0,0
S63 9,0.0,0.0,0.0,0.0,0.0,0.0,0.0,0.0,0.0,0.0,0
S64 0,0.0,0.0,0.0,0.0,0.0,0.0,0.0,0.0,0.0,0.0,0
S64 5,0.0,0.0,0.0,0.0,0.0,0.0,0.0,0.0,0.0,0.0,0
S64 8,0.0,0.0,0.0,0.0,0.0,0.0,0.0,0.0,0.0,0.0,0
S64 9,0.0,0.0,0.0,0.0,0.0,0.0,0.0,0.0,0.0,0.0,0
S65 1,0.0,0.0,0.0,0.0,0.0,0.0,0.0,0.0,0.0,0.0,0
S65 2,0.0,0.0,0.0,0.0,0.0,0.0,0.0,0.0,0.0,0.0,0
S65 3,0.0,0.0,0.0,0.0,0.0,0.0,0.0,0.0,0.0,0.0,0
S65 4,0.0,0.0,0.0,0.0,0.0,0.0,0.0,0.0,0.0,0.0,0
S66 1,0.0,0.0,0.0,0.0,0.0,0.0,0.0,0.0,0.0,0.0,0
S66 2,0.0,0.0,0.0,0.0,0.0,0.0,0.0,0.0,0.0,0.0,0
S66 3,0.0,0.0,0.0,0.0,0.0,0.0,0.0,0.0,0.0,0.0,0
S66 6,0.0,0.0,0.0,0.0,0.0,0.0,0.0,0.0,0.0,0.0,0
S66 7,0.0,0.0,0.0,0.0,0.0,0.0,0.0,0.0,0.0,0.0,0
S66 8,0.0,0.0,0.0,0.0,0.0,0.0,0.0,0.0,0.0,0.0,0
S66 9,0.0,0.0,0.0,0.0,0.0,0.0,0.0,0.0,0.0,0.0,0
S7 1,0.0,0.0,0.0,0.0,0.0,0.0,0.0,0.0,0.0,0.0,0
S7 2,0.0,0.0,0.0,0.0,0.0,0.0,0.0,0.0,0.0,0.0,0
S70 1,0.0,0.0,0.0,0.0,0.0,0.0,0.0,0.0,0.0,0.0,0
S70 2,0.0,0.0,0.0,0.0,0.0,0.0,0.0,0.0,0.0,0.0,0
S70 3,0.0,0.0,0.0,0.0,0.0,0.0,0.0,0.0,0.0,0.0,0
S70 4,0.0,0.0,0.0,0.0,0.0,0.0,0.0,0.0,0.0,0.0,0
S70 5,0.0,0.0,0.0,0.0,0.0,0.0,0.0,0.0,0.0,0.0,0
S70 6,0.0,0.0,0.0,0.0,0.0,0.0,0.0,0.0,0.0,0.0,0
S70 9,0.0,0.0,0.0,0.0,0.0,0.0,0.0,0.0,0.0,0.0,0
S71 1,0.0,0.0,0.0,0.0,0.0,0.0,0.0,0.0,0.0,0.0,0
S71 2,0.0,0.0,0.0,0.0,0.0,0.0,0.0,0.0,0.0,0.0,0
S71 3,0.0,0.0,0.0,0.0,0.0,0.0,0.0,0.0,0.0,0.0,0
S71 4,0.0,0.0,0.0,0.0,0.0,0.0,0.0,0.0,0.0,0.0,0
S71 5,0.0,0.0,0.0,0.0,0.0,0.0,0.0,0.0,0.0,0.0,0
S72 0,0.0,0.0,0.0,0.0,0.0,0.0,0.0,0.0,0.0,0.0,0
S72 7,0.0,0.0,0.0,0.0,0.0,0.0,0.0,0.0,0.0,0.0,0
S72 8,0.0,0.0,0.0,0.0,0.0,0.0,0.0,0.0,0.0,0.0,0
S72 9,0.0,0.0,0.0,0.0,0.0,0.0,0.0,0.0,0.0,0.0,0
S73 0,0.0,0.0,0.0,0.0,0.0,0.0,0.0,0.0,0.0,0.0,0
S73 3,0.0,0.0,0.0,0.0,0.0,0.0,0.0,0.0,0.0,0.0,0
S73 8,0.0,0.0,0.0,0.0,0.0,0.0,0.0,0.0,0.0,0.0,0
S73 9,0.0,0.0,0.0,0.0,0.0,0.0,0.0,0.0,0.0,0.0,0
S74 0,0.0,0.0,0.0,0.0,0.0,0.0,0.0,0.0,0.0,0.0,0
S74 8,0.0,0.0,0.0,0.0,0.0,0.0,0.0,0.0,0.0,0.0,0
S74 9,0.0,0.0,0.0,0.0,0.0,0.0,0.0,0.0,0.0,0.0,0
S75 1,0.0,0.0,0.0,0.0,0.0,0.0,0.0,0.0,0.0,0.0,0
S75 2,0.0,0.0,0.0,0.0,0.0,0.0,0.0,0.0,0.0,0.0,0
S75 3,0.0,0.0,0.0,0.0,0.0,0.0,0.0,0.0,0.0,0.0,0
S75 4,0.0,0.0,0.0,0.0,0.0,0.0,0.0,0.0,0.0,0.0,0
S75 5,0.0,0.0,0.0,0.0,0.0,0.0,0.0,0.0,0.0,0.0,0
S75 6,0.0,0.0,0.0,0.0,0.0,0.0,0.0,0.0,0.0,0.0,0
S8 0,0.0,0.0,0.0,0.0,0.0,0.0,0.0,0.0,0.0,0.0,0
S8 2,0.0,0.0,0.0,0.0,0.0,0.0,0.0,0.0,0.0,0.0,0
S8 7,0.0,0.0,0.0,0.0,0.0,0.0,0.0,0.0,0.0,0.0,0
S8 8,0.0,0.0,0.0,0.0,0.0,0.0,0.0,0.0,0.0,0.0,0
S8 9,0.0,0.0,0.0,0.0,0.0,0.0,0.0,0.0,0.0,0.0,0
S80 1,0.0,0.0,0.0,0.0,0.0,0.0,0.0,0.0,0.0,0.0,0
S80 2,0.0,0.0,0.0,0.0,0.0,0.0,0.0,0.0,0.0,0.0,0
S80 3,0.0,0.0,0.0,0.0,0.0,0.0,0.0,0.0,0.0,0.0,0
S80 4,0.0,0.0,0.0,0.0,0.0,0.0,0.0,0.0,0.0,0.0,0
S80 9,0.0,0.0,0.0,0.0,0.0,0.0,0.0,0.0,0.0,0.0,0
S81 0,0.0,0.0,0.0,0.0,0.0,0.0,0.0,0.0,0.0,0.0,0
S81 7,0.0,0.0,0.0,0.0,0.0,0.0,0.0,0.0,0.0,0.0,0
S81 8,0.0,0.0,0.0,0.0,0.0,0.0,0.0,0.0,0.0,0.0,0
S81 9,0.0,0.0,0.0,0.0,0.0,0.0,0.0,0.0,0.0,0.0,0
S9 1,0.0,0.0,0.0,0.0,0.0,0.0,0.0,0.0,0.0,0.0,0
S9 2,0.0,0.0,0.0,0.0,0.0,0.0,0.0,0.0,0.0,0.0,0
S9 3,0.0,0.0,0.0,0.0,0.0,0.0,0.0,0.0,0.0,0.0,0
S9 4,0.0,0.0,0.0,0.0,0.0,0.0,0.0,0.0,0.0,0.0,0
S9 5,0.0,0.0,0.0,0.0,0.0,0.0,0.0,0.0,0.0,0.0,0
SA1 1,0.0,0.0,0.0,0.0,0.0,0.0,0.0,0.0,0.0,0.0,0
SA1 2,0.0,0.0,0.0,0.0,0.0,0.0,0.0,0.0,0.0,0.0,0
SA1 3,0.0,0.0,0.0,0.0,0.0,0.0,0.0,0.0,0.0,0.0,0
SA1 4,0.0,0.0,0.0,0.0,0.0,0.0,0.0,0.0,0.0,0.0,0
SA1 5,0.0,0.0,0.0,0.0,0.0,0.0,0.0,0.0,0.0,0.0,0
SA1 6,0.0,0.0,0.0,0.0,0.0,0.0,0.0,0.0,0.0,0.0,0
SA1 7,0.0,0.0,0.0,0.0,0.0,0.0,0.0,0.0,0.0,0.0,0
SA1 8,0.0,0.0,0.0,0.0,0.0,0.0,0.0,0.0,0.0,0.0,0
SA1 9,0.0,0.0,0.0,0.0,0.0,0.0,0.0,0.0,0.0,0.0,0
SA10 6,0.0,0.0,0.0,0.0,0.0,0.0,0.0,0.0,0.0,0.0,0
SA10 7,0.0,0.0,0.0,0.0,0.0,0.0,0.0,0.0,0.0,0.0,0
SA10 8,0.0,0.0,0.0,0.0,0.0,0.0,0.0,0.0,0.0,0.0,0
SA10 9,0.0,0.0,0.0,0.0,0.0,0.0,0.0,0.0,0.0,0.0,0
SA11 1,0.0,0.0,0.0,0.0,0.0,0.0,0.0,0.0,0.0,0.0,0
SA11 2,0.0,0.0,0.0,0.0,0.0,0.0,0.0,0.0,0.0,0.0,0
SA11 3,0.0,0.0,0.0,0.0,0.0,0.0,0.0,0.0,0.0,0.0,0
SA11 4,0.0,0.0,0.0,0.0,0.0,0.0,0.0,0.0,0.0,0.0,0
SA11 5,0.0,0.0,0.0,0.0,0.0,0.0,0.0,0.0,0.0,0.0,0
SA11 9,0.0,0.0,0.0,0.0,0.0,0.0,0.0,0.0,0.0,0.0,0
SA12 6,0.0,0.0,0.0,0.0,0.0,0.0,0.0,0.0,0.0,0.0,0
SA12 7,0.0,0.0,0.0,0.0,0.0,0.0,0.0,0.0,0.0,0.0,0
SA12 8,0.0,0.0,0.0,0.0,0.0,0.0,0.0,0.0,0.0,0.0,0
SA12 9,0.0,0.0,0.0,0.0,0.0,0.0,0.0,0.0,0.0,0.0,0
SA13 1,0.0,0.0,0.0,0.0,0.0,0.0,0.0,0.0,0.0,0.0,0
SA13 2,0.0,0.0,0.0,0.0,0.0,0.0,0.0,0.0,0.0,0.0,0
SA13 3,0.0,0.0,0.0,0.0,0.0,0.0,0.0,0.0,0.0,0.0,0
SA13 9,0.0,0.0,0.0,0.0,0.0,0.0,0.0,0.0,0.0,0.0,0
SA14 6,0.0,0.0,0.0,0.0,0.0,0.0,0.0,0.0,0.0,0.0,0
SA14 7,0.0,0.0,0.0,0.0,0.0,0.0,0.0,0.0,0.0,0.0,0
SA14 8,0.0,0.0,0.0,0.0,0.0,0.0,0.0,0.0,0.0,0.0,0
SA14 9,0.0,0.0,0.0,0.0,0.0,0.0,0.0,0.0,0.0,0.0,0
SA15 1,0.0,0.0,0.0,0.0,0.0,0.0,0.0,0.0,0.0,0.0,0
SA15 2,0.0,0.0,0.0,0.0,0.0,0.0,0.0,0.0,0.0,0.0,0
SA15 3,0.0,0.0,0.0,0.0,0.0,0.0,0.0,0.0,0.0,0.0,0
SA15 4,0.0,0.0,0.0,0.0,0.0,0.0,0.0,0.0,0.0,0.0,0
SA15 5,0.0,0.0,0.0,0.0,0.0,0.0,0.0,0.0,0.0,0.0,0
SA15 9,0.0,0.0,0.0,0.0,0.0,0.0,0.0,0.0,0.0,0.0,0
SA16 0,0.0,0.0,0.0,0.0,0.0,0.0,0.0,0.0,0.0,0.0,0
SA17 4,0.0,0.0,0.0,0.0,0.0,0.0,0.0,0.0,0.0,0.0,0
SA17 5,0.0,0.0,0.0,0.0,0.0,0.0,0.0,0.0,0.0,0.0,0
SA18 1,0.0,0.0,0.0,0.0,0.0,0.0,0.0,0.0,0.0,0.0,0
SA18 2,0.0,0.0,0.0,0.0,0.0,0.0,0.0,0.0,0.0,0.0,0
SA18 3,0.0,0.0,0.0,0.0,0.0,0.0,0.0,0.0,0.0,0.0,0
SA18 9,0.0,0.0,0.0,0.0,0.0,0.0,0.0,0.0,0.0,0.0,0
SA19 0,0.0,0.0,0.0,0.0,0.0,0.0,0.0,0.0,0.0,0.0,0
SA19 6,0.0,0.0,0.0,0.0,0.0,0.0,0.0,0.0,0.0,0.0,0
SA19 7,0.0,0.0,0.0,0.0,0.0,0.0,0.0,0.0,0.0,0.0,0
SA19 8,0.0,0.0,0.0,0.0,0.0,0.0,0.0,0.0,0.0,0.0,0
SA19 9,0.0,0.0,0.0,0.0,0.0,0.0,0.0,0.0,0.0,0.0,0
SA2 0,0.0,0.0,0.0,0.0,0.0,0.0,0.0,0.0,0.0,0.0,0
SA2 7,0.0,0.0,0.0,0.0,0.0,0.0,0.0,0.0,0.0,0.0,0
SA2 8,0.0,0.0,0.0,0.0,0.0,0.0,0.0,0.0,0.0,0.0,0
SA2 9,0.0,0.0,0.0,0.0,0.0,0.0,0.0,0.0,0.0,0.0,0
SA20 0,0.0,0.0,0.0,0.0,0.0,0.0,0.0,0.0,0.0,0.0,0
SA3 1,0.0,0.0,0.0,0.0,0.0,0.0,0.0,0.0,0.0,0.0,0
SA3 2,0.0,0.0,0.0,0.0,0.0,0.0,0.0,0.0,0.0,0.0,0
SA3 3,0.0,0.0,0.0,0.0,0.0,0.0,0.0,0.0,0.0,0.0,0
SA3 4,0.0,0.0,0.0,0.0,0.0,0.0,0.0,0.0,0.0,0.0,0
SA3 5,0.0,0.0,0.0,0.0,0.0,0.0,0.0,0.0,0.0,0.0,0
SA31 1,0.0,0.0,0.0,0.0,0.0,0.0,0.0,0.0,0.0,0.0,0
SA31 2,0.0,0.0,0.0,0.0,0.0,0.0,0.0,0.0,0.0,0.0,0
SA31 3,0.0,0.0,0.0,0.0,0.0,0.0,0.0,0.0,0.0,0.0,0
SA31 9,0.0,0.0,0.0,0.0,0.0,0.0,0.0,0.0,0.0,0.0,0
SA32 7,0.0,0.0,0.0,0.0,0.0,0.0,0.0,0.0,0.0,0.0,0
SA32 8,0.0,0.0,0.0,0.0,0.0,0.0,0.0,0.0,0.0,0.0,0
SA33 4,0.0,0.0,0.0,0.0,0.0,0.0,0.0,0.0,0.0,0.0,0
SA33 5,0.0,0.0,0.0,0.0,0.0,0.0,0.0,0.0,0.0,0.0,0
SA33 6,0.0,0.0,0.0,0.0,0.0,0.0,0.0,0.0,0.0,0.0,0
SA34 0,0.0,0.0,0.0,0.0,0.0,0.0,0.0,0.0,0.0,0.0,0
SA35 0,0.0,0.0,0.0,0.0,0.0,0.0,0.0,0.0,0.0,0.0,0
SA36 0,0.0,0.0,0.0,0.0,0.0,0.0,0.0,0.0,0.0,0.0,0
SA37 0,0.0,0.0,0.0,0.0,0.0,0.0,0.0,0.0,0.0,0.0,0
SA38 9,0.0,0.0,0.0,0.0,0.0,0.0,0.0,0.0,0.0,0.0,0
SA39 9,0.0,0.0,0.0,0.0,0.0,0.0,0.0,0.0,0.0,0.0,0
SA4 0,0.0,0.0,0.0,0.0,0.0,0.0,0.0,0.0,0.0,0.0,0
SA4 3,0.0,0.0,0.0,0.0,0.0,0.0,0.0,0.0,0.0,0.0,0
SA4 4,0.0,0.0,0.0,0.0,0.0,0.0,0.0,0.0,0.0,0.0,0
SA4 5,0.0,0.0,0.0,0.0,0.0,0.0,0.0,0.0,0.0,0.0,0
SA4 6,0.0,0.0,0.0,0.0,0.0,0.0,0.0,0.0,0.0,0.0,0
SA4 8,0.0,0.0,0.0,0.0,0.0,0.0,0.0,0.0,0.0,0.0,0
SA4 9,0.0,0.0,0.0,0.0,0.0,0.0,0.0,0.0,0.0,0.0,0
SA40 9,0.0,0.0,0.0,0.0,0.0,0.0,0.0,0.0,0.0,0.0,0
SA41 3,0.0,0.0,0.0,0.0,0.0,0.0,0.0,0.0,0.0,0.0,0
SA42 0,0.0,0.0,0.0,0.0,0.0,0.0,0.0,0.0,0.0,0.0,0
SA43 1,0.0,0.0,0.0,0.0,0.0,0.0,0.0,0.0,0.0,0.0,0
SA43 2,0.0,0.0,0.0,0.0,0.0,0.0,0.0,0.0,0.0,0.0,0
SA43 3,0.0,0.0,0.0,0.0,0.0,0.0,0.0,0.0,0.0,0.0,0
SA44 4,0.0,0.0,0.0,0.0,0.0,0.0,0.0,0.0,0.0,0.0,0
SA44 5,0.0,0.0,0.0,0.0,0.0,0.0,0.0,0.0,0.0,0.0,0
SA44 6,0.0,0.0,0.0,0.0,0.0,0.0,0.0,0.0,0.0,0.0,0
SA44 9,0.0,0.0,0.0,0.0,0.0,0.0,0.0,0.0,0.0,0.0,0
SA45 9,0.0,0.0,0.0,0.0,0.0,0.0,0.0,0.0,0.0,0.0,0
SA46 0,0.0,0.0,0.0,0.0,0.0,0.0,0.0,0.0,0.0,0.0,0
SA47 0,0.0,0.0,0.0,0.0,0.0,0.0,0.0,0.0,0.0,0.0,0
SA48 7,0.0,0.0,0.0,0.0,0.0,0.0,0.0,0.0,0.0,0.0,0
SA48 8,0.0,0.0,0.0,0.0,0.0,0.0,0.0,0.0,0.0,0.0,0
SA48 9,0.0,0.0,0.0,0.0,0.0,0.0,0.0,0.0,0.0,0.0,0
SA5 4,0.0,0.0,0.0,0.0,0.0,0.0,0.0,0.0,0.0,0.0,0
SA5 5,0.0,0.0,0.0,0.0,0.0,0.0,0.0,0.0,0.0,0.0,0
SA5 7,0.0,0.0,0.0,0.0,0.0,0.0,0.0,0.0,0.0,0.0,0
SA5 8,0.0,0.0,0.0,0.0,0.0,0.0,0.0,0.0,0.0,0.0,0
SA5 9,0.0,0.0,0.0,0.0,0.0,0.0,0.0,0.0,0.0,0.0,0
SA6 5,0.0,0.0,0.0,0.0,0.0,0.0,0.0,0.0,0.0,0.0,0
SA6 6,0.0,0.0,0.0,0.0,0.0,0.0,0.0,0.0,0.0,0.0,0
SA6 7,0.0,0.0,0.0,0.0,0.0,0.0,0.0,0.0,0.0,0.0,0
SA6 8,0.0,0.0,0.0,0.0,0.0,0.0,0.0,0.0,0.0,0.0,0
SA61 1,0.0,0.0,0.0,0.0,0.0,0.0,0.0,0.0,0.0,0.0,0
SA61 2,0.0,0.0,0.0,0.0,0.0,0.0,0.0,0.0,0.0,0.0,0
SA61 9,0.0,0.0,0.0,0.0,0.0,0.0,0.0,0.0,0.0,0.0,0
SA62 3,0.0,0.0,0.0,0.0,0.0,0.0,0.0,0.0,0.0,0.0,0
SA62 4,0.0,0.0,0.0,0.0,0.0,0.0,0.0,0.0,0.0,0.0,0
SA62 5,0.0,0.0,0.0,0.0,0.0,0.0,0.0,0.0,0.0,0.0,0
SA62 6,0.0,0.0,0.0,0.0,0.0,0.0,0.0,0.0,0.0,0.0,0
SA63 4,0.0,0.0,0.0,0.0,0.0,0.0,0.0,0.0,0.0,0.0,0
SA64 0,0.0,0.0,0.0,0.0,0.0,0.0,0.0,0.0,0.0,0.0,0
SA65 0,0.0,0.0,0.0,0.0,0.0,0.0,0.0,0.0,0.0,0.0,0
SA65 9,0.0,0.0,0.0,0.0,0.0,0.0,0.0,0.0,0.0,0.0,0
SA66 7,0.0,0.0,0.0,0.0,0.0,0.0,0.0,0.0,0.0,0.0,0
SA67 7,0.0,0.0,0.0,0.0,0.0,0.0,0.0,0.0,0.0,0.0,0
SA67 8,0.0,0.0,0.0,0.0,0.0,0.0,0.0,0.0,0.0,0.0,0
SA67 9,0.0,0.0,0.0,0.0,0.0,0.0,0.0,0.0,0.0,0.0,0
SA68 0,0.0,0.0,0.0,0.0,0.0,0.0,0.0,0.0,0.0,0.0,0
SA69 9,0.0,0.0,0.0,0.0,0.0,0.0,0.0,0.0,0.0,0.0,0
SA7 0,0.0,0.0,0.0,0.0,0.0,0.0,0.0,0.0,0.0,0.0,0
SA7 9,0.0,0.0,0.0,0.0,0.0,0.0,0.0,0.0,0.0,0.0,0
SA70 7,0.0,0.0,0.0,0.0,0.0,0.0,0.0,0.0,0.0,0.0,0
SA70 8,0.0,0.0,0.0,0.0,0.0,0.0,0.0,0.0,0.0,0.0,0
SA70 9,0.0,0.0,0.0,0.0,0.0,0.0,0.0,0.0,0.0,0.0,0
SA71 4,0.0,0.0,0.0,0.0,0.0,0.0,0.0,0.0,0.0,0.0,0
SA71 5,0.0,0.0,0.0,0.0,0.0,0.0,0.0,0.0,0.0,0.0,0
SA72 4,0.0,0.0,0.0,0.0,0.0,0.0,0.0,0.0,0.0,0.0,0
SA72 6,0.0,0.0,0.0,0.0,0.0,0.0,0.0,0.0,0.0,0.0,0
SA72 9,0.0,0.0,0.0,0.0,0.0,0.0,0.0,0.0,0.0,0.0,0
SA73 1,0.0,0.0,0.0,0.0,0.0,0.0,0.0,0.0,0.0,0.0,0
SA73 2,0.0,0.0,0.0,0.0,0.0,0.0,0.0,0.0,0.0,0.0,0
SA73 3,0.0,0.0,0.0,0.0,0.0,0.0,0.0,0.0,0.0,0.0,0
SA8 3,0.0,0.0,0.0,0.0,0.0,0.0,0.0,0.0,0.0,0.0,0
SA8 4,0.0,0.0,0.0,0.0,0.0,0.0,0.0,0.0,0.0,0.0,0
SA8 9,0.0,0.0,0.0,0.0,0.0,0.0,0.0,0.0,0.0,0.0,0
SA9 1,0.0,0.0,0.0,0.0,0.0,0.0,0.0,0.0,0.0,0.0,0
SA9 2,0.0,0.0,0.0,0.0,0.0,0.0,0.0,0.0,0.0,0.0,0
SE1 0,0.0,0.0,0.0,0.0,0.0,0.0,0.0,0.0,0.0,0.0,0
SE1 1,0.0,0.0,0.0,0.0,0.0,0.0,0.0,0.0,0.0,0.0,0
SE1 2,0.0,0.0,0.0,0.0,0.0,0.0,0.0,0.0,0.0,0.0,0
SE1 3,0.0,0.0,0.0,0.0,0.0,0.0,0.0,0.0,0.0,0.0,0
SE1 4,0.0,0.0,0.0,0.0,0.0,0.0,0.0,0.0,0.0,0.0,0
SE1 5,0.0,0.0,0.0,0.0,0.0,0.0,0.0,0.0,0.0,0.0,0
SE1 6,0.0,0.0,0.0,0.0,0.0,0.0,0.0,0.0,0.0,0.0,0
SE1 7,0.0,0.0,0.0,0.0,0.0,0.0,0.0,0.0,0.0,0.0,0
SE1 8,0.0,0.0,0.0,0.0,0.0,0.0,0.0,0.0,0.0,0.0,0
SE1 9,0.0,0.0,0.0,0.0,0.0,0.0,0.0,0.0,0.0,0.0,0
SE10 0,0.0,0.0,0.0,0.0,0.0,0.0,0.0,0.0,0.0,0.0,0
SE10 1,0.0,0.0,0.0,0.0,0.0,0.0,0.0,0.0,0.0,0.0,0
SE10 8,0.0,0.0,0.0,0.0,0.0,0.0,0.0,0.0,0.0,0.0,0
SE10 9,0.0,0.0,0.0,0.0,0.0,0.0,0.0,0.0,0.0,0.0,0
SE11 4,0.0,0.0,0.0,0.0,0.0,0.0,0.0,0.0,0.0,0.0,0
SE11 5,0.0,0.0,0.0,0.0,0.0,0.0,0.0,0.0,0.0,0.0,0
SE11 6,0.0,0.0,0.0,0.0,0.0,0.0,0.0,0.0,0.0,0.0,0
SE12 0,0.0,0.0,0.0,0.0,0.0,0.0,0.0,0.0,0.0,0.0,0
SE12 8,0.0,0.0,0.0,0.0,0.0,0.0,0.0,0.0,0.0,0.0,0
SE12 9,0.0,0.0,0.0,0.0,0.0,0.0,0.0,0.0,0.0,0.0,0
SE13 5,0.0,0.0,0.0,0.0,0.0,0.0,0.0,0.0,0.0,0.0,0
SE13 6,0.0,0.0,0.0,0.0,0.0,0.0,0.0,0.0,0.0,0.0,0
SE13 7,0.0,0.0,0.0,0.0,0.0,0.0,0.0,0.0,0.0,0.0,0
SE13 9,0.0,0.0,0.0,0.0,0.0,0.0,0.0,0.0,0.0,0.0,0
SE14 5,0.0,0.0,0.0,0.0,0.0,0.0,0.0,0.0,0.0,0.0,0
SE14 6,0.0,0.0,0.0,0.0,0.0,0.0,0.0,0.0,0.0,0.0,0
SE14 9,0.0,0.0,0.0,0.0,0.0,0.0,0.0,0.0,0.0,0.0,0
SE15 1,0.0,0.0,0.0,0.0,0.0,0.0,0.0,0.0,0.0,0.0,0
SE15 2,0.0,0.0,0.0,0.0,0.0,0.0,0.0,0.0,0.0,0.0,0
SE15 3,0.0,0.0,0.0,0.0,0.0,0.0,0.0,0.0,0.0,0.0,0
SE15 4,0.0,0.0,0.0,0.0,0.0,0.0,0.0,0.0,0.0,0.0,0
SE15 5,0.0,0.0,0.0,0.0,0.0,0.0,0.0,0.0,0.0,0.0,0
SE15 6,0.0,0.0,0.0,0.0,0.0,0.0,0.0,0.0,0.0,0.0,0
SE15 9,0.0,0.0,0.0,0.0,0.0,0.0,0.0,0.0,0.0,0.0,0
SE16 2,0.0,0.0,0.0,0.0,0.0,0.0,0.0,0.0,0.0,0.0,0
SE16 3,0.0,0.0,0.0,0.0,0.0,0.0,0.0,0.0,0.0,0.0,0
SE16 4,0.0,0.0,0.0,0.0,0.0,0.0,0.0,0.0,0.0,0.0,0
SE16 5,0.0,0.0,0.0,0.0,0.0,0.0,0.0,0.0,0.0,0.0,0
SE16 6,0.0,0.0,0.0,0.0,0.0,0.0,0.0,0.0,0.0,0.0,0
SE16 7,0.0,0.0,0.0,0.0,0.0,0.0,0.0,0.0,0.0,0.0,0
SE17 1,0.0,0.0,0.0,0.0,0.0,0.0,0.0,0.0,0.0,0.0,0
SE17 2,0.0,0.0,0.0,0.0,0.0,0.0,0.0,0.0,0.0,0.0,0
SE17 3,0.0,0.0,0.0,0.0,0.0,0.0,0.0,0.0,0.0,0.0,0
SE17 9,0.0,0.0,0.0,0.0,0.0,0.0,0.0,0.0,0.0,0.0,0
SE18 1,0.0,0.0,0.0,0.0,0.0,0.0,0.0,0.0,0.0,0.0,0
SE18 2,0.0,0.0,0.0,0.0,0.0,0.0,0.0,0.0,0.0,0.0,0
SE18 3,0.0,0.0,0.0,0.0,0.0,0.0,0.0,0.0,0.0,0.0,0
SE18 4,0.0,0.0,0.0,0.0,0.0,0.0,0.0,0.0,0.0,0.0,0
SE18 5,0.0,0.0,0.0,0.0,0.0,0.0,0.0,0.0,0.0,0.0,0
SE18 6,0.0,0.0,0.0,0.0,0.0,0.0,0.0,0.0,0.0,0.0,0
SE18 7,0.0,0.0,0.0,0.0,0.0,0.0,0.0,0.0,0.0,0.0,0
SE18 9,0.0,0.0,0.0,0.0,0.0,0.0,0.0,0.0,0.0,0.0,0
SE19 1,0.0,0.0,0.0,0.0,0.0,0.0,0.0,0.0,0.0,0.0,0
SE19 2,0.0,0.0,0.0,0.0,0.0,0.0,0.0,0.0,0.0,0.0,0
SE19 3,0.0,0.0,0.0,0.0,0.0,0.0,0.0,0.0,0.0,0.0,0
SE19 9,0.0,0.0,0.0,0.0,0.0,0.0,0.0,0.0,0.0,0.0,0
SE2 0,0.0,0.0,0.0,0.0,0.0,0.0,0.0,0.0,0.0,0.0,0
SE2 9,0.0,0.0,0.0,0.0,0.0,0.0,0.0,0.0,0.0,0.0,0
SE20 7,0.0,0.0,0.0,0.0,0.0,0.0,0.0,0.0,0.0,0.0,0
SE20 8,0.0,0.0,0.0,0.0,0.0,0.0,0.0,0.0,0.0,0.0,0
SE20 9,0.0,0.0,0.0,0.0,0.0,0.0,0.0,0.0,0.0,0.0,0
SE21 7,0.0,0.0,0.0,0.0,0.0,0.0,0.0,0.0,0.0,0.0,0
SE21 8,0.0,0.0,0.0,0.0,0.0,0.0,0.0,0.0,0.0,0.0,0
SE21 9,0.0,0.0,0.0,0.0,0.0,0.0,0.0,0.0,0.0,0.0,0
SE22 0,0.0,0.0,0.0,0.0,0.0,0.0,0.0,0.0,0.0,0.0,0
SE22 2,0.0,0.0,0.0,0.0,0.0,0.0,0.0,0.0,0.0,0.0,0
SE22 8,0.0,0.0,0.0,0.0,0.0,0.0,0.0,0.0,0.0,0.0,0
SE22 9,0.0,0.0,0.0,0.0,0.0,0.0,0.0,0.0,0.0,0.0,0
SE23 1,0.0,0.0,0.0,0.0,0.0,0.0,0.0,0.0,0.0,0.0,0
SE23 2,0.0,0.0,0.0,0.0,0.0,0.0,0.0,0.0,0.0,0.0,0
SE23 3,0.0,0.0,0.0,0.0,0.0,0.0,0.0,0.0,0.0,0.0,0
SE23 9,0.0,0.0,0.0,0.0,0.0,0.0,0.0,0.0,0.0,0.0,0
SE24 0,0.0,0.0,0.0,0.0,0.0,0.0,0.0,0.0,0.0,0.0,0
SE24 9,0.0,0.0,0.0,0.0,0.0,0.0,0.0,0.0,0.0,0.0,0
SE25 4,0.0,0.0,0.0,0.0,0.0,0.0,0.0,0.0,0.0,0.0,0
SE25 5,0.0,0.0,0.0,0.0,0.0,0.0,0.0,0.0,0.0,0.0,0
SE25 6,0.0,0.0,0.0,0.0,0.0,0.0,0.0,0.0,0.0,0.0,0
SE25 9,0.0,0.0,0.0,0.0,0.0,0.0,0.0,0.0,0.0,0.0,0
SE26 4,0.0,0.0,0.0,0.0,0.0,0.0,0.0,0.0,0.0,0.0,0
SE26 5,0.0,0.0,0.0,0.0,0.0,0.0,0.0,0.0,0.0,0.0,0
SE26 6,0.0,0.0,0.0,0.0,0.0,0.0,0.0,0.0,0.0,0.0,0
SE27 0,0.0,0.0,0.0,0.0,0.0,0.0,0.0,0.0,0.0,0.0,0
SE27 7,0.0,0.0,0.0,0.0,0.0,0.0,0.0,0.0,0.0,0.0,0
SE27 9,0.0,0.0,0.0,0.0,0.0,0.0,0.0,0.0,0.0,0.0,0
SE28 0,0.0,0.0,0.0,0.0,0.0,0.0,0.0,0.0,0.0,0.0,0
SE28 8,0.0,0.0,0.0,0.0,0.0,0.0,0.0,0.0,0.0,0.0,0
SE28 9,0.0,0.0,0.0,0.0,0.0,0.0,0.0,0.0,0.0,0.0,0
SE3 0,0.0,0.0,0.0,0.0,0.0,0.0,0.0,0.0,0.0,0.0,0
SE3 3,0.0,0.0,0.0,0.0,0.0,0.0,0.0,0.0,0.0,0.0,0
SE3 7,0.0,0.0,0.0,0.0,0.0,0.0,0.0,0.0,0.0,0.0,0
SE3 8,0.0,0.0,0.0,0.0,0.0,0.0,0.0,0.0,0.0,0.0,0
SE3 9,0.0,0.0,0.0,0.0,0.0,0.0,0.0,0.0,0.0,0.0,0
SE4 1,0.0,0.0,0.0,0.0,0.0,0.0,0.0,0.0,0.0,0.0,0
SE4 2,0.0,0.0,0.0,0.0,0.0,0.0,0.0,0.0,0.0,0.0,0
SE4 9,0.0,0.0,0.0,0.0,0.0,0.0,0.0,0.0,0.0,0.0,0
SE5 0,0.0,0.0,0.0,0.0,0.0,0.0,0.0,0.0,0.0,0.0,0
SE5 5,0.0,0.0,0.0,0.0,0.0,0.0,0.0,0.0,0.0,0.0,0
SE5 7,0.0,0.0,0.0,0.0,0.0,0.0,0.0,0.0,0.0,0.0,0
SE5 8,0.0,0.0,0.0,0.0,0.0,0.0,0.0,0.0,0.0,0.0,0
SE5 9,0.0,0.0,0.0,0.0,0.0,0.0,0.0,0.0,0.0,0.0,0
SE6 1,0.0,0.0,0.0,0.0,0.0,0.0,0.0,0.0,0.0,0.0,0
SE6 2,0.0,0.0,0.0,0.0,0.0,0.0,0.0,0.0,0.0,0.0,0
SE6 3,0.0,0.0,0.0,0.0,0.0,0.0,0.0,0.0,0.0,0.0,0
SE6 4,0.0,0.0,0.0,0.0,0.0,0.0,0.0,0.0,0.0,0.0,0
SE6 9,0.0,0.0,0.0,0.0,0.0,0.0,0.0,0.0,0.0,0.0,0
SE7 7,0.0,0.0,0.0,0.0,0.0,0.0,0.0,0.0,0.0,0.0,0
SE7 8,0.0,0.0,0.0,0.0,0.0,0.0,0.0,0.0,0.0,0.0,0
SE7 9,0.0,0.0,0.0,0.0,0.0,0.0,0.0,0.0,0.0,0.0,0
SE8 3,0.0,0.0,0.0,0.0,0.0,0.0,0.0,0.0,0.0,0.0,0
SE8 4,0.0,0.0,0.0,0.0,0.0,0.0,0.0,0.0,0.0,0.0,0
SE8 5,0.0,0.0,0.0,0.0,0.0,0.0,0.0,0.0,0.0,0.0,0
SE8 9,0.0,0.0,0.0,0.0,0.0,0.0,0.0,0.0,0.0,0.0,0
SE9 1,0.0,0.0,0.0,0.0,0.0,0.0,0.0,0.0,0.0,0.0,0
SE9 2,0.0,0.0,0.0,0.0,0.0,0.0,0.0,0.0,0.0,0.0,0
SE9 3,0.0,0.0,0.0,0.0,0.0,0.0,0.0,0.0,0.0,0.0,0
SE9 4,0.0,0.0,0.0,0.0,0.0,0.0,0.0,0.0,0.0,0.0,0
SE9 5,0.0,0.0,0.0,0.0,0.0,0.0,0.0,0.0,0.0,0.0,0
SE9 6,0.0,0.0,0.0,0.0,0.0,0.0,0.0,0.0,0.0,0.0,0
SE9 9,0.0,0.0,0.0,0.0,0.0,0.0,0.0,0.0,0.0,0.0,0
SG1 1,0.0,0.0,0.0,0.0,0.0,0.0,0.0,0.0,0.0,0.0,0
SG1 2,0.0,0.0,0.0,0.0,0.0,0.0,0.0,0.0,0.0,0.0,0
SG1 3,0.0,0.0,0.0,0.0,0.0,0.0,0.0,0.0,0.0,0.0,0
SG1 4,0.0,0.0,0.0,0.0,0.0,0.0,0.0,0.0,0.0,0.0,0
SG1 5,0.0,0.0,0.0,0.0,0.0,0.0,0.0,0.0,0.0,0.0,0
SG1 6,0.0,0.0,0.0,0.0,0.0,0.0,0.0,0.0,0.0,0.0,0
SG1 9,0.0,0.0,0.0,0.0,0.0,0.0,0.0,0.0,0.0,0.0,0
SG10 6,0.0,0.0,0.0,0.0,0.0,0.0,0.0,0.0,0.0,0.0,0
SG11 1,0.0,0.0,0.0,0.0,0.0,0.0,0.0,0.0,0.0,0.0,0
SG11 2,0.0,0.0,0.0,0.0,0.0,0.0,0.0,0.0,0.0,0.0,0
SG12 0,0.0,0.0,0.0,0.0,0.0,0.0,0.0,0.0,0.0,0.0,0
SG12 4,0.0,0.0,0.0,0.0,0.0,0.0,0.0,0.0,0.0,0.0,0
SG12 7,0.0,0.0,0.0,0.0,0.0,0.0,0.0,0.0,0.0,0.0,0
SG12 8,0.0,0.0,0.0,0.0,0.0,0.0,0.0,0.0,0.0,0.0,0
SG12 9,0.0,0.0,0.0,0.0,0.0,0.0,0.0,0.0,0.0,0.0,0
SG13 7,0.0,0.0,0.0,0.0,0.0,0.0,0.0,0.0,0.0,0.0,0
SG13 8,0.0,0.0,0.0,0.0,0.0,0.0,0.0,0.0,0.0,0.0,0
SG13 9,0.0,0.0,0.0,0.0,0.0,0.0,0.0,0.0,0.0,0.0,0
SG14 1,0.0,0.0,0.0,0.0,0.0,0.0,0.0,0.0,0.0,0.0,0
SG14 2,0.0,0.0,0.0,0.0,0.0,0.0,0.0,0.0,0.0,0.0,0
SG14 3,0.0,0.0,0.0,0.0,0.0,0.0,0.0,0.0,0.0,0.0,0
SG15 6,0.0,0.0,0.0,0.0,0.0,0.0,0.0,0.0,0.0,0.0,0
SG16 6,0.0,0.0,0.0,0.0,0.0,0.0,0.0,0.0,0.0,0.0,0
SG17 5,0.0,0.0,0.0,0.0,0.0,0.0,0.0,0.0,0.0,0.0,0
SG17 9,0.0,0.0,0.0,0.0,0.0,0.0,0.0,0.0,0.0,0.0,0
SG18 0,0.0,0.0,0.0,0.0,0.0,0.0,0.0,0.0,0.0,0.0,0
SG18 1,0.0,0.0,0.0,0.0,0.0,0.0,0.0,0.0,0.0,0.0,0
SG18 8,0.0,0.0,0.0,0.0,0.0,0.0,0.0,0.0,0.0,0.0,0
SG18 9,0.0,0.0,0.0,0.0,0.0,0.0,0.0,0.0,0.0,0.0,0
SG19 1,0.0,0.0,0.0,0.0,0.0,0.0,0.0,0.0,0.0,0.0,0
SG19 2,0.0,0.0,0.0,0.0,0.0,0.0,0.0,0.0,0.0,0.0,0
SG19 3,0.0,0.0,0.0,0.0,0.0,0.0,0.0,0.0,0.0,0.0,0
SG19 9,0.0,0.0,0.0,0.0,0.0,0.0,0.0,0.0,0.0,0.0,0
SG2 0,0.0,0.0,0.0,0.0,0.0,0.0,0.0,0.0,0.0,0.0,0
SG2 7,0.0,0.0,0.0,0.0,0.0,0.0,0.0,0.0,0.0,0.0,0
SG2 8,0.0,0.0,0.0,0.0,0.0,0.0,0.0,0.0,0.0,0.0,0
SG2 9,0.0,0.0,0.0,0.0,0.0,0.0,0.0,0.0,0.0,0.0,0
SG3 6,0.0,0.0,0.0,0.0,0.0,0.0,0.0,0.0,0.0,0.0,0
SG4 0,0.0,0.0,0.0,0.0,0.0,0.0,0.0,0.0,0.0,0.0,0
SG4 7,0.0,0.0,0.0,0.0,0.0,0.0,0.0,0.0,0.0,0.0,0
SG4 8,0.0,0.0,0.0,0.0,0.0,0.0,0.0,0.0,0.0,0.0,0
SG4 9,0.0,0.0,0.0,0.0,0.0,0.0,0.0,0.0,0.0,0.0,0
SG5 1,0.0,0.0,0.0,0.0,0.0,0.0,0.0,0.0,0.0,0.0,0
SG5 2,0.0,0.0,0.0,0.0,0.0,0.0,0.0,0.0,0.0,0.0,0
SG5 3,0.0,0.0,0.0,0.0,0.0,0.0,0.0,0.0,0.0,0.0,0
SG5 4,0.0,0.0,0.0,0.0,0.0,0.0,0.0,0.0,0.0,0.0,0
SG6 1,0.0,0.0,0.0,0.0,0.0,0.0,0.0,0.0,0.0,0.0,0
SG6 2,0.0,0.0,0.0,0.0,0.0,0.0,0.0,0.0,0.0,0.0,0
SG6 3,0.0,0.0,0.0,0.0,0.0,0.0,0.0,0.0,0.0,0.0,0
SG6 4,0.0,0.0,0.0,0.0,0.0,0.0,0.0,0.0,0.0,0.0,0
SG6 9,0.0,0.0,0.0,0.0,0.0,0.0,0.0,0.0,0.0,0.0,0
SG7 5,0.0,0.0,0.0,0.0,0.0,0.0,0.0,0.0,0.0,0.0,0
SG7 6,0.0,0.0,0.0,0.0,0.0,0.0,0.0,0.0,0.0,0.0,0
SG8 0,0.0,0.0,0.0,0.0,0.0,0.0,0.0,0.0,0.0,0.0,0
SG8 1,0.0,0.0,0.0,0.0,0.0,0.0,0.0,0.0,0.0,0.0,0
SG8 5,0.0,0.0,0.0,0.0,0.0,0.0,0.0,0.0,0.0,0.0,0
SG8 6,0.0,0.0,0.0,0.0,0.0,0.0,0.0,0.0,0.0,0.0,0
SG8 7,0.0,0.0,0.0,0.0,0.0,0.0,0.0,0.0,0.0,0.0,0
SG8 8,0.0,0.0,0.0,0.0,0.0,0.0,0.0,0.0,0.0,0.0,0
SG8 9,0.0,0.0,0.0,0.0,0.0,0.0,0.0,0.0,0.0,0.0,0
SG9 0,0.0,0.0,0.0,0.0,0.0,0.0,0.0,0.0,0.0,0.0,0
SG9 9,0.0,0.0,0.0,0.0,0.0,0.0,0.0,0.0,0.0,0.0,0
SK1 1,0.0,0.0,0.0,0.0,0.0,0.0,0.0,0.0,0.0,0.0,0
SK1 2,0.0,0.0,0.0,0.0,0.0,0.0,0.0,0.0,0.0,0.0,0
SK1 3,0.0,0.0,0.0,0.0,0.0,0.0,0.0,0.0,0.0,0.0,0
SK1 4,0.0,0.0,0.0,0.0,0.0,0.0,0.0,0.0,0.0,0.0,0
SK1 9,0.0,0.0,0.0,0.0,0.0,0.0,0.0,0.0,0.0,0.0,0
SK10 1,0.0,0.0,0.0,0.0,0.0,0.0,0.0,0.0,0.0,0.0,0
SK10 2,0.0,0.0,0.0,0.0,0.0,0.0,0.0,0.0,0.0,0.0,0
SK10 3,0.0,0.0,0.0,0.0,0.0,0.0,0.0,0.0,0.0,0.0,0
SK10 4,0.0,0.0,0.0,0.0,0.0,0.0,0.0,0.0,0.0,0.0,0
SK10 5,0.0,0.0,0.0,0.0,0.0,0.0,0.0,0.0,0.0,0.0,0
SK10 9,0.0,0.0,0.0,0.0,0.0,0.0,0.0,0.0,0.0,0.0,0
SK11 0,0.0,0.0,0.0,0.0,0.0,0.0,0.0,0.0,0.0,0.0,0
SK11 6,0.0,0.0,0.0,0.0,0.0,0.0,0.0,0.0,0.0,0.0,0
SK11 7,0.0,0.0,0.0,0.0,0.0,0.0,0.0,0.0,0.0,0.0,0
SK11 8,0.0,0.0,0.0,0.0,0.0,0.0,0.0,0.0,0.0,0.0,0
SK11 9,0.0,0.0,0.0,0.0,0.0,0.0,0.0,0.0,0.0,0.0,0
SK12 1,0.0,0.0,0.0,0.0,0.0,0.0,0.0,0.0,0.0,0.0,0
SK12 2,0.0,0.0,0.0,0.0,0.0,0.0,0.0,0.0,0.0,0.0,0
SK13 0,0.0,0.0,0.0,0.0,0.0,0.0,0.0,0.0,0.0,0.0,0
SK13 1,0.0,0.0,0.0,0.0,0.0,0.0,0.0,0.0,0.0,0.0,0
SK13 2,0.0,0.0,0.0,0.0,0.0,0.0,0.0,0.0,0.0,0.0,0
SK13 5,0.0,0.0,0.0,0.0,0.0,0.0,0.0,0.0,0.0,0.0,0
SK13 6,0.0,0.0,0.0,0.0,0.0,0.0,0.0,0.0,0.0,0.0,0
SK13 7,0.0,0.0,0.0,0.0,0.0,0.0,0.0,0.0,0.0,0.0,0
SK13 8,0.0,0.0,0.0,0.0,0.0,0.0,0.0,0.0,0.0,0.0,0
SK14 1,0.0,0.0,0.0,0.0,0.0,0.0,0.0,0.0,0.0,0.0,0
SK14 2,0.0,0.0,0.0,0.0,0.0,0.0,0.0,0.0,0.0,0.0,0
SK14 3,0.0,0.0,0.0,0.0,0.0,0.0,0.0,0.0,0.0,0.0,0
SK14 4,0.0,0.0,0.0,0.0,0.0,0.0,0.0,0.0,0.0,0.0,0
SK14 5,0.0,0.0,0.0,0.0,0.0,0.0,0.0,0.0,0.0,0.0,0
SK14 6,0.0,0.0,0.0,0.0,0.0,0.0,0.0,0.0,0.0,0.0,0
SK14 8,0.0,0.0,0.0,0.0,0.0,0.0,0.0,0.0,0.0,0.0,0
SK14 9,0.0,0.0,0.0,0.0,0.0,0.0,0.0,0.0,0.0,0.0,0
SK15 1,0.0,0.0,0.0,0.0,0.0,0.0,0.0,0.0,0.0,0.0,0
SK15 2,0.0,0.0,0.0,0.0,0.0,0.0,0.0,0.0,0.0,0.0,0
SK15 3,0.0,0.0,0.0,0.0,0.0,0.0,0.0,0.0,0.0,0.0,0
SK16 4,0.0,0.0,0.0,0.0,0.0,0.0,0.0,0.0,0.0,0.0,0
SK16 5,0.0,0.0,0.0,0.0,0.0,0.0,0.0,0.0,0.0,0.0,0
SK17 0,0.0,0.0,0.0,0.0,0.0,0.0,0.0,0.0,0.0,0.0,0
SK17 1,0.0,0.0,0.0,0.0,0.0,0.0,0.0,0.0,0.0,0.0,0
SK17 6,0.0,0.0,0.0,0.0,0.0,0.0,0.0,0.0,0.0,0.0,0
SK17 7,0.0,0.0,0.0,0.0,0.0,0.0,0.0,0.0,0.0,0.0,0
SK17 8,0.0,0.0,0.0,0.0,0.0,0.0,0.0,0.0,0.0,0.0,0
SK17 9,0.0,0.0,0.0,0.0,0.0,0.0,0.0,0.0,0.0,0.0,0
SK2 5,0.0,0.0,0.0,0.0,0.0,0.0,0.0,0.0,0.0,0.0,0
SK2 6,0.0,0.0,0.0,0.0,0.0,0.0,0.0,0.0,0.0,0.0,0
SK2 7,0.0,0.0,0.0,0.0,0.0,0.0,0.0,0.0,0.0,0.0,0
SK22 1,0.0,0.0,0.0,0.0,0.0,0.0,0.0,0.0,0.0,0.0,0
SK22 2,0.0,0.0,0.0,0.0,0.0,0.0,0.0,0.0,0.0,0.0,0
SK22 3,0.0,0.0,0.0,0.0,0.0,0.0,0.0,0.0,0.0,0.0,0
SK22 4,0.0,0.0,0.0,0.0,0.0,0.0,0.0,0.0,0.0,0.0,0
SK23 0,0.0,0.0,0.0,0.0,0.0,0.0,0.0,0.0,0.0,0.0,0
SK23 6,0.0,0.0,0.0,0.0,0.0,0.0,0.0,0.0,0.0,0.0,0
SK23 7,0.0,0.0,0.0,0.0,0.0,0.0,0.0,0.0,0.0,0.0,0
SK23 9,0.0,0.0,0.0,0.0,0.0,0.0,0.0,0.0,0.0,0.0,0
SK3 0,0.0,0.0,0.0,0.0,0.0,0.0,0.0,0.0,0.0,0.0,0
SK3 3,0.0,0.0,0.0,0.0,0.0,0.0,0.0,0.0,0.0,0.0,0
SK3 8,0.0,0.0,0.0,0.0,0.0,0.0,0.0,0.0,0.0,0.0,0
SK3 9,0.0,0.0,0.0,0.0,0.0,0.0,0.0,0.0,0.0,0.0,0
SK4 1,0.0,0.0,0.0,0.0,0.0,0.0,0.0,0.0,0.0,0.0,0
SK4 2,0.0,0.0,0.0,0.0,0.0,0.0,0.0,0.0,0.0,0.0,0
SK4 3,0.0,0.0,0.0,0.0,0.0,0.0,0.0,0.0,0.0,0.0,0
SK4 4,0.0,0.0,0.0,0.0,0.0,0.0,0.0,0.0,0.0,0.0,0
SK4 5,0.0,0.0,0.0,0.0,0.0,0.0,0.0,0.0,0.0,0.0,0
SK5 6,0.0,0.0,0.0,0.0,0.0,0.0,0.0,0.0,0.0,0.0,0
SK5 7,0.0,0.0,0.0,0.0,0.0,0.0,0.0,0.0,0.0,0.0,0
SK5 8,0.0,0.0,0.0,0.0,0.0,0.0,0.0,0.0,0.0,0.0,0
SK6 1,0.0,0.0,0.0,0.0,0.0,0.0,0.0,0.0,0.0,0.0,0
SK6 2,0.0,0.0,0.0,0.0,0.0,0.0,0.0,0.0,0.0,0.0,0
SK6 3,0.0,0.0,0.0,0.0,0.0,0.0,0.0,0.0,0.0,0.0,0
SK6 4,0.0,0.0,0.0,0.0,0.0,0.0,0.0,0.0,0.0,0.0,0
SK6 5,0.0,0.0,0.0,0.0,0.0,0.0,0.0,0.0,0.0,0.0,0
SK6 6,0.0,0.0,0.0,0.0,0.0,0.0,0.0,0.0,0.0,0.0,0
SK6 7,0.0,0.0,0.0,0.0,0.0,0.0,0.0,0.0,0.0,0.0,0
SK6 8,0.0,0.0,0.0,0.0,0.0,0.0,0.0,0.0,0.0,0.0,0
SK6 9,0.0,0.0,0.0,0.0,0.0,0.0,0.0,0.0,0.0,0.0,0
SK7 0,0.0,0.0,0.0,0.0,0.0,0.0,0.0,0.0,0.0,0.0,0
SK7 1,0.0,0.0,0.0,0.0,0.0,0.0,0.0,0.0,0.0,0.0,0
SK7 2,0.0,0.0,0.0,0.0,0.0,0.0,0.0,0.0,0.0,0.0,0
SK7 3,0.0,0.0,0.0,0.0,0.0,0.0,0.0,0.0,0.0,0.0,0
SK7 4,0.0,0.0,0.0,0.0,0.0,0.0,0.0,0.0,0.0,0.0,0
SK7 5,0.0,0.0,0.0,0.0,0.0,0.0,0.0,0.0,0.0,0.0,0
SK7 6,0.0,0.0,0.0,0.0,0.0,0.0,0.0,0.0,0.0,0.0,0
SK8 1,0.0,0.0,0.0,0.0,0.0,0.0,0.0,0.0,0.0,0.0,0
SK8 2,0.0,0.0,0.0,0.0,0.0,0.0,0.0,0.0,0.0,0.0,0
SK8 3,0.0,0.0,0.0,0.0,0.0,0.0,0.0,0.0,0.0,0.0,0
SK8 4,0.0,0.0,0.0,0.0,0.0,0.0,0.0,0.0,0.0,0.0,0
SK8 5,0.0,0.0,0.0,0.0,0.0,0.0,0.0,0.0,0.0,0.0,0
SK8 6,0.0,0.0,0.0,0.0,0.0,0.0,0.0,0.0,0.0,0.0,0
SK8 7,0.0,0.0,0.0,0.0,0.0,0.0,0.0,0.0,0.0,0.0,0
SK8 9,0.0,0.0,0.0,0.0,0.0,0.0,0.0,0.0,0.0,0.0,0
SK9 0,0.0,0.0,0.0,0.0,0.0,0.0,0.0,0.0,0.0,0.0,0
SK9 1,0.0,0.0,0.0,0.0,0.0,0.0,0.0,0.0,0.0,0.0,0
SK9 2,0.0,0.0,0.0,0.0,0.0,0.0,0.0,0.0,0.0,0.0,0
SK9 3,0.0,0.0,0.0,0.0,0.0,0.0,0.0,0.0,0.0,0.0,0
SK9 4,0.0,0.0,0.0,0.0,0.0,0.0,0.0,0.0,0.0,0.0,0
SK9 5,0.0,0.0,0.0,0.0,0.0,0.0,0.0,0.0,0.0,0.0,0
SK9 6,0.0,0.0,0.0,0.0,0.0,0.0,0.0,0.0,0.0,0.0,0
SK9 7,0.0,0.0,0.0,0.0,0.0,0.0,0.0,0.0,0.0,0.0,0
SL0 0,0.0,0.0,0.0,0.0,0.0,0.0,0.0,0.0,0.0,0.0,0
SL0 9,0.0,0.0,0.0,0.0,0.0,0.0,0.0,0.0,0.0,0.0,0
SL1 0,0.0,0.0,0.0,0.0,0.0,0.0,0.0,0.0,0.0,0.0,0
SL1 1,0.0,0.0,0.0,0.0,0.0,0.0,0.0,0.0,0.0,0.0,0
SL1 2,0.0,0.0,0.0,0.0,0.0,0.0,0.0,0.0,0.0,0.0,0
SL1 3,0.0,0.0,0.0,0.0,0.0,0.0,0.0,0.0,0.0,0.0,0
SL1 4,0.0,0.0,0.0,0.0,0.0,0.0,0.0,0.0,0.0,0.0,0
SL1 5,0.0,0.0,0.0,0.0,0.0,0.0,0.0,0.0,0.0,0.0,0
SL1 6,0.0,0.0,0.0,0.0,0.0,0.0,0.0,0.0,0.0,0.0,0
SL1 7,0.0,0.0,0.0,0.0,0.0,0.0,0.0,0.0,0.0,0.0,0
SL1 8,0.0,0.0,0.0,0.0,0.0,0.0,0.0,0.0,0.0,0.0,0
SL1 9,0.0,0.0,0.0,0.0,0.0,0.0,0.0,0.0,0.0,0.0,0
SL2 1,0.0,0.0,0.0,0.0,0.0,0.0,0.0,0.0,0.0,0.0,0
SL2 2,0.0,0.0,0.0,0.0,0.0,0.0,0.0,0.0,0.0,0.0,0
SL2 3,0.0,0.0,0.0,0.0,0.0,0.0,0.0,0.0,0.0,0.0,0
SL2 4,0.0,0.0,0.0,0.0,0.0,0.0,0.0,0.0,0.0,0.0,0
SL2 5,0.0,0.0,0.0,0.0,0.0,0.0,0.0,0.0,0.0,0.0,0
SL3 0,0.0,0.0,0.0,0.0,0.0,0.0,0.0,0.0,0.0,0.0,0
SL3 6,0.0,0.0,0.0,0.0,0.0,0.0,0.0,0.0,0.0,0.0,0
SL3 7,0.0,0.0,0.0,0.0,0.0,0.0,0.0,0.0,0.0,0.0,0
SL3 8,0.0,0.0,0.0,0.0,0.0,0.0,0.0,0.0,0.0,0.0,0
SL3 9,0.0,0.0,0.0,0.0,0.0,0.0,0.0,0.0,0.0,0.0,0
SL4 1,0.0,0.0,0.0,0.0,0.0,0.0,0.0,0.0,0.0,0.0,0
SL4 2,0.0,0.0,0.0,0.0,0.0,0.0,0.0,0.0,0.0,0.0,0
SL4 3,0.0,0.0,0.0,0.0,0.0,0.0,0.0,0.0,0.0,0.0,0
SL4 4,0.0,0.0,0.0,0.0,0.0,0.0,0.0,0.0,0.0,0.0,0
SL4 5,0.0,0.0,0.0,0.0,0.0,0.0,0.0,0.0,0.0,0.0,0
SL4 6,0.0,0.0,0.0,0.0,0.0,0.0,0.0,0.0,0.0,0.0,0
SL4 9,0.0,0.0,0.0,0.0,0.0,0.0,0.0,0.0,0.0,0.0,0
SL5 0,0.0,0.0,0.0,0.0,0.0,0.0,0.0,0.0,0.0,0.0,0
SL5 5,0.0,0.0,0.0,0.0,0.0,0.0,0.0,0.0,0.0,0.0,0
SL5 7,0.0,0.0,0.0,0.0,0.0,0.0,0.0,0.0,0.0,0.0,0
SL5 8,0.0,0.0,0.0,0.0,0.0,0.0,0.0,0.0,0.0,0.0,0
SL5 9,0.0,0.0,0.0,0.0,0.0,0.0,0.0,0.0,0.0,0.0,0
SL6 0,0.0,0.0,0.0,0.0,0.0,0.0,0.0,0.0,0.0,0.0,0
SL6 1,0.0,0.0,0.0,0.0,0.0,0.0,0.0,0.0,0.0,0.0,0
SL6 2,0.0,0.0,0.0,0.0,0.0,0.0,0.0,0.0,0.0,0.0,0
SL6 3,0.0,0.0,0.0,0.0,0.0,0.0,0.0,0.0,0.0,0.0,0
SL6 4,0.0,0.0,0.0,0.0,0.0,0.0,0.0,0.0,0.0,0.0,0
SL6 5,0.0,0.0,0.0,0.0,0.0,0.0,0.0,0.0,0.0,0.0,0
SL6 6,0.0,0.0,0.0,0.0,0.0,0.0,0.0,0.0,0.0,0.0,0
SL6 7,0.0,0.0,0.0,0.0,0.0,0.0,0.0,0.0,0.0,0.0,0
SL6 8,0.0,0.0,0.0,0.0,0.0,0.0,0.0,0.0,0.0,0.0,0
SL6 9,0.0,0.0,0.0,0.0,0.0,0.0,0.0,0.0,0.0,0.0,0
SL7 1,0.0,0.0,0.0,0.0,0.0,0.0,0.0,0.0,0.0,0.0,0
SL7 2,0.0,0.0,0.0,0.0,0.0,0.0,0.0,0.0,0.0,0.0,0
SL7 3,0.0,0.0,0.0,0.0,0.0,0.0,0.0,0.0,0.0,0.0,0
SL7 9,0.0,0.0,0.0,0.0,0.0,0.0,0.0,0.0,0.0,0.0,0
SL8 5,0.0,0.0,0.0,0.0,0.0,0.0,0.0,0.0,0.0,0.0,0
SL9 0,0.0,0.0,0.0,0.0,0.0,0.0,0.0,0.0,0.0,0.0,0
SL9 1,0.0,0.0,0.0,0.0,0.0,0.0,0.0,0.0,0.0,0.0,0
SL9 7,0.0,0.0,0.0,0.0,0.0,0.0,0.0,0.0,0.0,0.0,0
SL9 8,0.0,0.0,0.0,0.0,0.0,0.0,0.0,0.0,0.0,0.0,0
SL9 9,0.0,0.0,0.0,0.0,0.0,0.0,0.0,0.0,0.0,0.0,0
SM1 1,0.0,0.0,0.0,0.0,0.0,0.0,0.0,0.0,0.0,0.0,0
SM1 2,0.0,0.0,0.0,0.0,0.0,0.0,0.0,0.0,0.0,0.0,0
SM1 3,0.0,0.0,0.0,0.0,0.0,0.0,0.0,0.0,0.0,0.0,0
SM1 4,0.0,0.0,0.0,0.0,0.0,0.0,0.0,0.0,0.0,0.0,0
SM1 9,0.0,0.0,0.0,0.0,0.0,0.0,0.0,0.0,0.0,0.0,0
SM2 5,0.0,0.0,0.0,0.0,0.0,0.0,0.0,0.0,0.0,0.0,0
SM2 6,0.0,0.0,0.0,0.0,0.0,0.0,0.0,0.0,0.0,0.0,0
SM2 7,0.0,0.0,0.0,0.0,0.0,0.0,0.0,0.0,0.0,0.0,0
SM3 8,0.0,0.0,0.0,0.0,0.0,0.0,0.0,0.0,0.0,0.0,0
SM3 9,0.0,0.0,0.0,0.0,0.0,0.0,0.0,0.0,0.0,0.0,0
SM4 4,0.0,0.0,0.0,0.0,0.0,0.0,0.0,0.0,0.0,0.0,0
SM4 5,0.0,0.0,0.0,0.0,0.0,0.0,0.0,0.0,0.0,0.0,0
SM4 6,0.0,0.0,0.0,0.0,0.0,0.0,0.0,0.0,0.0,0.0,0
SM4 9,0.0,0.0,0.0,0.0,0.0,0.0,0.0,0.0,0.0,0.0,0
SM5 1,0.0,0.0,0.0,0.0,0.0,0.0,0.0,0.0,0.0,0.0,0
SM5 2,0.0,0.0,0.0,0.0,0.0,0.0,0.0,0.0,0.0,0.0,0
SM5 3,0.0,0.0,0.0,0.0,0.0,0.0,0.0,0.0,0.0,0.0,0
SM5 4,0.0,0.0,0.0,0.0,0.0,0.0,0.0,0.0,0.0,0.0,0
SM6 0,0.0,0.0,0.0,0.0,0.0,0.0,0.0,0.0,0.0,0.0,0
SM6 6,0.0,0.0,0.0,0.0,0.0,0.0,0.0,0.0,0.0,0.0,0
SM6 7,0.0,0.0,0.0,0.0,0.0,0.0,0.0,0.0,0.0,0.0,0
SM6 8,0.0,0.0,0.0,0.0,0.0,0.0,0.0,0.0,0.0,0.0,0
SM6 9,0.0,0.0,0.0,0.0,0.0,0.0,0.0,0.0,0.0,0.0,0
SM7 1,0.0,0.0,0.0,0.0,0.0,0.0,0.0,0.0,0.0,0.0,0
SM7 2,0.0,0.0,0.0,0.0,0.0,0.0,0.0,0.0,0.0,0.0,0
SM7 3,0.0,0.0,0.0,0.0,0.0,0.0,0.0,0.0,0.0,0.0,0
SM7 9,0.0,0.0,0.0,0.0,0.0,0.0,0.0,0.0,0.0,0.0,0
SN1 1,0.0,0.0,0.0,0.0,0.0,0.0,0.0,0.0,0.0,0.0,0
SN1 2,0.0,0.0,0.0,0.0,0.0,0.0,0.0,0.0,0.0,0.0,0
SN1 3,0.0,0.0,0.0,0.0,0.0,0.0,0.0,0.0,0.0,0.0,0
SN1 4,0.0,0.0,0.0,0.0,0.0,0.0,0.0,0.0,0.0,0.0,0
SN1 5,0.0,0.0,0.0,0.0,0.0,0.0,0.0,0.0,0.0,0.0,0
SN1 7,0.0,0.0,0.0,0.0,0.0,0.0,0.0,0.0,0.0,0.0,0
SN10 1,0.0,0.0,0.0,0.0,0.0,0.0,0.0,0.0,0.0,0.0,0
SN10 2,0.0,0.0,0.0,0.0,0.0,0.0,0.0,0.0,0.0,0.0,0
SN10 3,0.0,0.0,0.0,0.0,0.0,0.0,0.0,0.0,0.0,0.0,0
SN10 4,0.0,0.0,0.0,0.0,0.0,0.0,0.0,0.0,0.0,0.0,0
SN10 5,0.0,0.0,0.0,0.0,0.0,0.0,0.0,0.0,0.0,0.0,0
SN10 9,0.0,0.0,0.0,0.0,0.0,0.0,0.0,0.0,0.0,0.0,0
SN11 0,0.0,0.0,0.0,0.0,0.0,0.0,0.0,0.0,0.0,0.0,0
SN11 7,0.0,0.0,0.0,0.0,0.0,0.0,0.0,0.0,0.0,0.0,0
SN11 8,0.0,0.0,0.0,0.0,0.0,0.0,0.0,0.0,0.0,0.0,0
SN11 9,0.0,0.0,0.0,0.0,0.0,0.0,0.0,0.0,0.0,0.0,0
SN12 6,0.0,0.0,0.0,0.0,0.0,0.0,0.0,0.0,0.0,0.0,0
SN12 7,0.0,0.0,0.0,0.0,0.0,0.0,0.0,0.0,0.0,0.0,0
SN12 8,0.0,0.0,0.0,0.0,0.0,0.0,0.0,0.0,0.0,0.0,0
SN12 9,0.0,0.0,0.0,0.0,0.0,0.0,0.0,0.0,0.0,0.0,0
SN13 0,0.0,0.0,0.0,0.0,0.0,0.0,0.0,0.0,0.0,0.0,0
SN13 8,0.0,0.0,0.0,0.0,0.0,0.0,0.0,0.0,0.0,0.0,0
SN13 9,0.0,0.0,0.0,0.0,0.0,0.0,0.0,0.0,0.0,0.0,0
SN14 0,0.0,0.0,0.0,0.0,0.0,0.0,0.0,0.0,0.0,0.0,0
SN14 6,0.0,0.0,0.0,0.0,0.0,0.0,0.0,0.0,0.0,0.0,0
SN14 7,0.0,0.0,0.0,0.0,0.0,0.0,0.0,0.0,0.0,0.0,0
SN14 8,0.0,0.0,0.0,0.0,0.0,0.0,0.0,0.0,0.0,0.0,0
SN15 1,0.0,0.0,0.0,0.0,0.0,0.0,0.0,0.0,0.0,0.0,0
SN15 2,0.0,0.0,0.0,0.0,0.0,0.0,0.0,0.0,0.0,0.0,0
SN15 3,0.0,0.0,0.0,0.0,0.0,0.0,0.0,0.0,0.0,0.0,0
SN15 4,0.0,0.0,0.0,0.0,0.0,0.0,0.0,0.0,0.0,0.0,0
SN15 5,0.0,0.0,0.0,0.0,0.0,0.0,0.0,0.0,0.0,0.0,0
SN15 9,0.0,0.0,0.0,0.0,0.0,0.0,0.0,0.0,0.0,0.0,0
SN16 0,0.0,0.0,0.0,0.0,0.0,0.0,0.0,0.0,0.0,0.0,0
SN16 9,0.0,0.0,0.0,0.0,0.0,0.0,0.0,0.0,0.0,0.0,0
SN2 1,0.0,0.0,0.0,0.0,0.0,0.0,0.0,0.0,0.0,0.0,0
SN2 2,0.0,0.0,0.0,0.0,0.0,0.0,0.0,0.0,0.0,0.0,0
SN2 5,0.0,0.0,0.0,0.0,0.0,0.0,0.0,0.0,0.0,0.0,0
SN2 7,0.0,0.0,0.0,0.0,0.0,0.0,0.0,0.0,0.0,0.0,0
SN2 8,0.0,0.0,0.0,0.0,0.0,0.0,0.0,0.0,0.0,0.0,0
SN25 1,0.0,0.0,0.0,0.0,0.0,0.0,0.0,0.0,0.0,0.0,0
SN25 2,0.0,0.0,0.0,0.0,0.0,0.0,0.0,0.0,0.0,0.0,0
SN25 3,0.0,0.0,0.0,0.0,0.0,0.0,0.0,0.0,0.0,0.0,0
SN25 4,0.0,0.0,0.0,0.0,0.0,0.0,0.0,0.0,0.0,0.0,0
SN25 5,0.0,0.0,0.0,0.0,0.0,0.0,0.0,0.0,0.0,0.0,0
SN25 6,0.0,0.0,0.0,0.0,0.0,0.0,0.0,0.0,0.0,0.0,0
SN26 7,0.0,0.0,0.0,0.0,0.0,0.0,0.0,0.0,0.0,0.0,0
SN26 8,0.0,0.0,0.0,0.0,0.0,0.0,0.0,0.0,0.0,0.0,0
SN3 0,0.0,0.0,0.0,0.0,0.0,0.0,0.0,0.0,0.0,0.0,0
SN3 1,0.0,0.0,0.0,0.0,0.0,0.0,0.0,0.0,0.0,0.0,0
SN3 2,0.0,0.0,0.0,0.0,0.0,0.0,0.0,0.0,0.0,0.0,0
SN3 3,0.0,0.0,0.0,0.0,0.0,0.0,0.0,0.0,0.0,0.0,0
SN3 4,0.0,0.0,0.0,0.0,0.0,0.0,0.0,0.0,0.0,0.0,0
SN3 5,0.0,0.0,0.0,0.0,0.0,0.0,0.0,0.0,0.0,0.0,0
SN3 6,0.0,0.0,0.0,0.0,0.0,0.0,0.0,0.0,0.0,0.0,0
SN3 9,0.0,0.0,0.0,0.0,0.0,0.0,0.0,0.0,0.0,0.0,0
SN4 0,0.0,0.0,0.0,0.0,0.0,0.0,0.0,0.0,0.0,0.0,0
SN4 4,0.0,0.0,0.0,0.0,0.0,0.0,0.0,0.0,0.0,0.0,0
SN4 7,0.0,0.0,0.0,0.0,0.0,0.0,0.0,0.0,0.0,0.0,0
SN4 8,0.0,0.0,0.0,0.0,0.0,0.0,0.0,0.0,0.0,0.0,0
SN4 9,0.0,0.0,0.0,0.0,0.0,0.0,0.0,0.0,0.0,0.0,0
SN5 0,0.0,0.0,0.0,0.0,0.0,0.0,0.0,0.0,0.0,0.0,0
SN5 1,0.0,0.0,0.0,0.0,0.0,0.0,0.0,0.0,0.0,0.0,0
SN5 3,0.0,0.0,0.0,0.0,0.0,0.0,0.0,0.0,0.0,0.0,0
SN5 4,0.0,0.0,0.0,0.0,0.0,0.0,0.0,0.0,0.0,0.0,0
SN5 5,0.0,0.0,0.0,0.0,0.0,0.0,0.0,0.0,0.0,0.0,0
SN5 6,0.0,0.0,0.0,0.0,0.0,0.0,0.0,0.0,0.0,0.0,0
SN5 7,0.0,0.0,0.0,0.0,0.0,0.0,0.0,0.0,0.0,0.0,0
SN5 8,0.0,0.0,0.0,0.0,0.0,0.0,0.0,0.0,0.0,0.0,0
SN6 6,0.0,0.0,0.0,0.0,0.0,0.0,0.0,0.0,0.0,0.0,0
SN6 7,0.0,0.0,0.0,0.0,0.0,0.0,0.0,0.0,0.0,0.0,0
SN6 8,0.0,0.0,0.0,0.0,0.0,0.0,0.0,0.0,0.0,0.0,0
SN7 7,0.0,0.0,0.0,0.0,0.0,0.0,0.0,0.0,0.0,0.0,0
SN7 8,0.0,0.0,0.0,0.0,0.0,0.0,0.0,0.0,0.0,0.0,0
SN8 1,0.0,0.0,0.0,0.0,0.0,0.0,0.0,0.0,0.0,0.0,0
SN8 2,0.0,0.0,0.0,0.0,0.0,0.0,0.0,0.0,0.0,0.0,0
SN8 3,0.0,0.0,0.0,0.0,0.0,0.0,0.0,0.0,0.0,0.0,0
SN8 4,0.0,0.0,0.0,0.0,0.0,0.0,0.0,0.0,0.0,0.0,0
SN8 9,0.0,0.0,0.0,0.0,0.0,0.0,0.0,0.0,0.0,0.0,0
SN9 5,0.0,0.0,0.0,0.0,0.0,0.0,0.0,0.0,0.0,0.0,0
SN9 6,0.0,0.0,0.0,0.0,0.0,0.0,0.0,0.0,0.0,0.0,0
SO14 0,0.0,0.0,0.0,0.0,0.0,0.0,0.0,0.0,0.0,0.0,0
SO14 1,0.0,0.0,0.0,0.0,0.0,0.0,0.0,0.0,0.0,0.0,0
SO14 2,0.0,5.337e-05,0.01044792,0.02208855,8e-08,9.445e-05,0.01217373,0.02496388,0.0,60.8,1
SO14 3,0.00089498,0.0029442,0.00572991,0.01303358,0.00108964,0.00357055,0.01047755,0.01385682,0.0,8557.9,1
SO14 5,0.0,0.0,0.0,0.0,0.0,0.0,0.0,0.0,0.0,0.0,0
SO14 6,0.0,0.0,0.0,0.0,0.0,0.0,0.0,0.0,0.0,0.0,0
SO14 7,0.0,0.0,0.0,0.0,0.0,0.0,0.0,0.0,0.0,0.0,0
SO15 0,0.00425872,0.01079741,0.00642732,0.01750387,0.00502662,0.0122633,0.00827198,0.02038224,0.0,29473.2,1
SO15 1,0.0,0.0,9.313e-05,0.00414635,0.0,0.0,0.00414662,0.00414582,0.0,0.0,1
SO15 2,0.0,0.0,0.0,0.0,0.0,0.0,0.0,0.0,0.0,0.0,0
SO15 3,0.0,0.0,0.0,0.0,0.0,0.0,0.0,0.0,0.0,0.0,0
SO15 4,0.0,0.0,0.0,0.0,0.0,0.0,0.0,0.0,0.0,0.0,0
SO15 5,0.0,0.0,0.0,0.0,0.0,0.0,0.0,0.0,0.0,0.0,0
SO15 7,0.0,0.0,0.0,0.0,0.0,0.0,0.0,0.0,0.0,0.0,0
SO15 8,0.0,0.0,0.0,0.0,0.0,0.0,0.0,0.0,0.0,0.0,0
SO15 9,0.0,0.0,0.0,0.0,0.0,0.0,0.0,0.0,0.0,0.0,0
SO16 0,0.0,0.0,0.0,0.0,0.0,0.0,0.0,0.0,0.0,0.0,0
SO16 2,0.0,0.0,0.0,0.0,0.0,0.0,0.0,0.0,0.0,0.0,0
SO16 3,0.0,0.0,0.0,0.0,0.0,0.0,0.0,0.0,0.0,0.0,0
SO16 4,0.0,0.0,0.0,0.0,0.0,0.0,0.0,0.0,0.0,0.0,0
SO16 5,0.0,0.0,0.0,0.0,0.0,0.0,0.0,0.0,0.0,0.0,0
SO16 6,0.0,0.0,0.0,0.0,0.0,0.0,0.0,0.0,0.0,0.0,0
SO16 7,0.0,0.0,0.0,0.0,0.0,0.0,0.0,0.0,0.0,0.0,0
SO16 8,0.0,0.0,0.0,0.0,0.0,0.0,0.0,0.0,0.0,0.0,0
SO16 9,0.00013423,0.0008607,0.00013487,0.00086454,0.00018444,0.00114345,0.00018536,0.00114731,0.0,2871.8,1
SO17 1,0.0,0.0,0.0,0.0,0.0,0.0,0.0,0.0,0.0,0.0,0
SO17 2,0.0,0.0,0.02799945,0.06931759,0.0,0.0,0.02492075,0.08744858,0.0,0.0,1
SO17 3,0.0,0.0,0.0,0.0,0.0,0.0,0.0,0.0,0.0,0.0,0
SO18 1,0.00122212,0.05836763,0.02448788,0.06026725,0.02578012,0.07091695,0.02676643,0.072786,0.0,106499.1,1
SO18 2,0.0,0.0,0.0,0.0,0.0,0.0,0.0,0.0,0.0,0.0,0
SO18 3,0.0,0.0,0.0,0.0,0.0,0.0,0.0,0.0,0.0,0.0,0
SO18 4,0.0,0.0,0.0,0.0,0.0,0.0,0.0,0.0,0.0,0.0,0
SO18 5,0.0,0.0,0.0,0.0,0.0,0.0,0.0,0.0,0.0,0.0,0
SO18 6,0.0,0.0,0.0,0.0,0.0,0.0,0.0,0.0,0.0,0.0,0
SO18 9,0.0,0.27513868,0.12282175,0.27513869,0.10063421,0.3388836,0.10068692,0.33889073,0.0,10144.5,1
SO19 0,0.0,0.0,0.0,0.0,0.0,0.0,0.0,0.0,0.0,0.0,0
SO19 1,0.0,0.0,0.0,0.0,0.0,0.0,0.0,0.0,0.0,0.0,0
SO19 2,0.0,0.0,0.0,0.0,0.0,0.0,0.0,0.0,0.0,0.0,0
SO19 4,0.01906601,0.06076002,0.01936292,0.0608848,0.01401989,0.07538155,0.01410633,0.07543858,0.0,22277.5,1
SO19 5,0.0,0.0,0.0,0.0,0.0,0.0,0.0,0.0,0.0,0.0,0
SO19 6,0.0,0.0,0.0,0.0,0.0,0.0,0.0,0.0,0.0,0.0,0
SO19 7,1.68e-06,0.07931512,0.03382286,0.08154352,0.03357041,0.09600648,0.03641434,0.09720274,0.0,149601.0,1
SO19 8,0.0,0.0,0.0,0.0,0.0,0.0,0.0,0.0,0.0,0.0,0
SO19 9,0.00158199,0.01733226,0.00696063,0.02781599,0.00787591,0.02112308,0.01587509,0.03239439,0.0,97295.7,1
SO20 6,0.0,0.0,0.0,0.0,0.0,0.0,0.0,0.0,0.0,0.0,0
SO20 8,0.0,0.0,0.0,0.0,0.0,0.0,0.0,0.0,0.0,0.0,0
SO21 1,0.0,0.0,0.0,0.0,0.0,0.0,0.0,0.0,0.0,0.0,0
SO21 2,0.0,0.0,0.0,0.0,0.0,0.0,0.0,0.0,0.0,0.0,0
SO21 3,0.0,0.0,0.0,0.0,0.0,0.0,0.0,0.0,0.0,0.0,0
SO22 4,0.0,0.0,0.0,0.0,0.0,0.0,0.0,0.0,0.0,0.0,0
SO22 5,0.0,0.0,0.0,0.0,0.0,0.0,0.0,0.0,0.0,0.0,0
SO22 6,0.0,0.0,0.0,0.0,0.0,0.0,0.0,0.0,0.0,0.0,0
SO23 0,0.0,0.0,0.0,0.0,0.0,0.0,0.0,0.0,0.0,0.0,0
SO23 3,0.0,0.0,0.0,0.0,0.0,0.0,0.0,0.0,0.0,0.0,0
SO23 7,0.0,0.0,0.0,0.0,0.0,0.0,0.0,0.0,0.0,0.0,0
SO23 8,0.0,0.0,0.0,0.0,0.0,0.0,0.0,0.0,0.0,0.0,0
SO23 9,0.0,0.0,0.0,0.0,0.0,0.0,0.0,0.0,0.0,0.0,0
SO24 0,0.0,0.0,0.0,0.0,0.0,0.0,0.0,0.0,0.0,0.0,0
SO24 4,0.0,0.0,0.0,0.0,0.0,0.0,0.0,0.0,0.0,0.0,0
SO24 9,0.0,0.0,0.0,0.0,0.0,0.0,0.0,0.0,0.0,0.0,0
SO30 0,0.0,0.0,0.0,0.0,0.0,0.0,0.0,0.0,0.0,0.0,0
SO30 2,0.0038794,0.01367874,0.00387841,0.01367819,0.00283001,0.0170599,0.00282612,0.01706023,0.0,219517.7,1
SO30 3,0.0,0.0,0.0,0.0,0.0,0.0,0.0,0.0,0.0,0.0,0
SO30 4,0.0,0.0,0.0,0.0,0.0,0.0,0.0,0.0,0.0,0.0,0
SO30 9,0.0,0.0,0.0,0.0,0.0,0.0,0.0,0.0,0.0,0.0,0
SO31 0,0.0,0.0,0.0,0.0,0.0,0.0,0.0,0.0,0.0,0.0,0
SO31 1,0.00713231,0.02669359,0.01017207,0.02720182,0.01024633,0.03142135,0.01055456,0.03195975,0.0,120649.0,1
SO31 4,0.01277888,0.04700152,0.01907667,0.06133137,0.0148042,0.05930968,0.02356254,0.07556319,0.0,504085.4,1
SO31 5,0.00168211,0.01876419,0.00523849,0.01876618,0.00058185,0.02681903,0.00058227,0.02682178,0.0,122827.7,1
SO31 6,0.0,0.0,0.0,0.0,0.0,0.0,0.0,0.0,0.0,0.0,0
SO31 7,0.00665899,0.02096959,0.01500045,0.04728578,0.0053316,0.02536546,0.0189656,0.05628244,0.0,139453.6,1
SO31 8,0.0104944,0.02879425,0.01310399,0.03480403,0.00924976,0.03553829,0.01204644,0.04263361,0.0,156389.8,1
SO31 9,0.00472343,0.01638474,0.01004017,0.03159874,0.00661543,0.01979047,0.0142107,0.03791961,0.0,212670.8,1
SO32 1,0.0,0.0,0.0,0.0,0.0,0.0,0.0,0.0,0.0,0.0,0
SO32 2,0.0,0.0,0.0,0.0,0.0,0.0,0.0,0.0,0.0,0.0,0
SO32 3,0.0,0.0,0.0,0.0,0.0,0.0,0.0,0.0,0.0,0.0,0
SO40 0,0.0,0.0,0.0,0.0,0.0,0.0,0.0,0.0,0.0,0.0,0
SO40 2,0.0,0.0,0.0,0.0,0.0,0.0,0.0,0.0,0.0,0.0,0
SO40 3,0.00071353,0.00371726,0.00071691,0.00373385,0.00092844,0.00490861,0.00093309,0.0049252,0.0,13356.4,1
SO40 4,0.0023424,0.0076399,0.01334944,0.03123,0.0012845,0.0101412,0.01974249,0.03549427,0.0,191268.2,1
SO40 7,0.0,0.0,0.0,0.0,0.0,0.0,0.0,0.0,0.0,0.0,0
SO40 8,0.0,0.0,0.0,0.0,0.0,0.0,0.0,0.0,0.0,0.0,0
SO40 9,0.00613557,0.02058971,0.00885905,0.0297802,0.00688714,0.02580418,0.01205032,0.0365228,0.0,69618.1,1
SO41 0,0.00774583,0.03169455,0.02738382,0.09760946,0.01117905,0.03827172,0.03679072,0.11785071,0.0,1083974.9,1
SO41 1,0.0,0.0,0.0,0.0,0.0,0.0,0.0,0.0,0.0,0.0,0
SO41 3,0.0,0.0,0.0,0.0,0.0,0.0,0.0,0.0,0.0,0.0,0
SO41 5,0.00556363,0.01876545,0.0064063,0.02161284,0.00167608,0.02600699,0.00206315,0.02993621,0.0,618673.2,1
SO41 6,0.0,0.0,0.0,0.0,0.0,0.0,0.0,0.0,0.0,0.0,0
SO41 8,0.0,0.0,0.0,0.0,0.0,0.0,0.0,0.0,0.0,0.0,0
SO41 9,0.0,0.0,0.0,0.0,0.0,0.0,0.0,0.0,0.0,0.0,0
SO42 7,0.00040996,0.00185398,0.00053574,0.00230138,1.691e-05,0.00323911,5.714e-05,0.00387176,0.0,225398.1,1
SO43 7,0.0,0.0,0.0,0.0,0.0,0.0,0.0,0.0,0.0,0.0,0
SO45 1,0.00687756,0.02344587,0.01180761,0.03597297,0.0030288,0.0312992,0.00986105,0.04581752,0.0,1169500.2,1
SO45 2,0.0,0.0,0.0,0.0,0.0,0.0,0.0,0.0,0.0,0.0,0
SO45 3,0.0768489,0.24984445,0.0768489,0.24984445,0.00222866,0.34565675,0.00222866,0.34565675,0.0,2037975.6,1
SO45 4,0.0,0.0,0.0,0.0,0.0,0.0,0.0,0.0,0.0,0.0,0
SO45 5,0.0,0.0,0.0,0.0,0.0,0.0,0.0,0.0,0.0,0.0,0
SO45 6,0.00747078,0.02416384,0.02741891,0.0724724,0.0,0.03336057,0.02704033,0.09028934,0.0,128355.8,1
SO45 9,0.0,0.0,0.0,0.0,0.0,0.0,0.0,0.0,0.0,0.0,0
SO50 0,0.0,0.0,0.0,0.0,0.0,0.0,0.0,0.0,0.0,0.0,0
SO50 4,0.0,0.0,0.0,0.0,0.0,0.0,0.0,0.0,0.0,0.0,0
SO50 5,0.0,0.0,0.0,0.0,0.0,0.0,0.0,0.0,0.0,0.0,0
SO50 6,0.0,0.0,0.0,0.0,0.0,0.0,0.0,0.0,0.0,0.0,0
SO50 7,0.0,0.0,0.0,0.0,0.0,0.0,0.0,0.0,0.0,0.0,0
SO50 8,0.0,0.0,0.0,0.0,0.0,0.0,0.0,0.0,0.0,0.0,0
SO50 9,0.0,0.0,0.0,0.0,0.0,0.0,0.0,0.0,0.0,0.0,0
SO51 0,0.0,0.0,0.0,0.0,0.0,0.0,0.0,0.0,0.0,0.0,0
SO51 1,0.0,0.0,0.0,0.0,0.0,0.0,0.0,0.0,0.0,0.0,0
SO51 5,0.0,0.0,0.0,0.0,0.0,0.0,0.0,0.0,0.0,0.0,0
SO51 6,0.0,0.0,0.0,0.0,0.0,0.0,0.0,0.0,0.0,0.0,0
SO51 7,0.0,0.0,0.0,0.0,0.0,0.0,0.0,0.0,0.0,0.0,0
SO51 8,0.0,0.0,0.0,0.0,0.0,0.0,0.0,0.0,0.0,0.0,0
SO51 9,0.0,0.0,0.0,0.0,0.0,0.0,0.0,0.0,0.0,0.0,0
SO52 9,0.0,0.0,0.0,0.0,0.0,0.0,0.0,0.0,0.0,0.0,0
SO53 1,0.0,0.0,0.0,0.0,0.0,0.0,0.0,0.0,0.0,0.0,0
SO53 2,0.0,0.0,0.0,0.0,0.0,0.0,0.0,0.0,0.0,0.0,0
SO53 3,0.0,0.0,0.0,0.0,0.0,0.0,0.0,0.0,0.0,0.0,0
SO53 4,0.0,0.0,0.0,0.0,0.0,0.0,0.0,0.0,0.0,0.0,0
SO53 5,0.0,0.0,0.0,0.0,0.0,0.0,0.0,0.0,0.0,0.0,0
SP1 1,0.0,0.0,0.0,0.0,0.0,0.0,0.0,0.0,0.0,0.0,0
SP1 2,0.0,0.0,0.0,0.0,0.0,0.0,0.0,0.0,0.0,0.0,0
SP1 3,0.0,0.0,0.0,0.0,0.0,0.0,0.0,0.0,0.0,0.0,0
SP10 1,0.0,0.0,0.0,0.0,0.0,0.0,0.0,0.0,0.0,0.0,0
SP10 2,0.0,0.0,0.0,0.0,0.0,0.0,0.0,0.0,0.0,0.0,0
SP10 3,0.0,0.0,0.0,0.0,0.0,0.0,0.0,0.0,0.0,0.0,0
SP10 4,0.0,0.0,0.0,0.0,0.0,0.0,0.0,0.0,0.0,0.0,0
SP10 5,0.0,0.0,0.0,0.0,0.0,0.0,0.0,0.0,0.0,0.0,0
SP10 9,0.0,0.0,0.0,0.0,0.0,0.0,0.0,0.0,0.0,0.0,0
SP11 0,0.0,0.0,0.0,0.0,0.0,0.0,0.0,0.0,0.0,0.0,0
SP11 6,0.0,0.0,0.0,0.0,0.0,0.0,0.0,0.0,0.0,0.0,0
SP11 7,0.0,0.0,0.0,0.0,0.0,0.0,0.0,0.0,0.0,0.0,0
SP11 8,0.0,0.0,0.0,0.0,0.0,0.0,0.0,0.0,0.0,0.0,0
SP11 9,0.0,0.0,0.0,0.0,0.0,0.0,0.0,0.0,0.0,0.0,0
SP2 0,0.0,0.0,0.0,0.0,0.0,0.0,0.0,0.0,0.0,0.0,0
SP2 2,0.0,0.0,0.0,0.0,0.0,0.0,0.0,0.0,0.0,0.0,0
SP2 7,0.0,0.0,0.0,0.0,0.0,0.0,0.0,0.0,0.0,0.0,0
SP2 8,0.0,0.0,0.0,0.0,0.0,0.0,0.0,0.0,0.0,0.0,0
SP2 9,0.0,0.0,0.0,0.0,0.0,0.0,0.0,0.0,0.0,0.0,0
SP3 4,0.0,0.0,0.0,0.0,0.0,0.0,0.0,0.0,0.0,0.0,0
SP3 5,0.0,0.0,0.0,0.0,0.0,0.0,0.0,0.0,0.0,0.0,0
SP3 6,0.0,0.0,0.0,0.0,0.0,0.0,0.0,0.0,0.0,0.0,0
SP4 0,0.0,0.0,0.0,0.0,0.0,0.0,0.0,0.0,0.0,0.0,0
SP4 5,0.0,0.0,0.0,0.0,0.0,0.0,0.0,0.0,0.0,0.0,0
SP4 6,0.0,0.0,0.0,0.0,0.0,0.0,0.0,0.0,0.0,0.0,0
SP4 7,0.0,0.0,0.0,0.0,0.0,0.0,0.0,0.0,0.0,0.0,0
SP4 8,0.0,0.0,0.0,0.0,0.0,0.0,0.0,0.0,0.0,0.0,0
SP4 9,0.0,0.0,0.0,0.0,0.0,0.0,0.0,0.0,0.0,0.0,0
SP5 1,0.0,0.0,0.0,0.0,0.0,0.0,0.0,0.0,0.0,0.0,0
SP5 2,0.0,0.0,0.0,0.0,0.0,0.0,0.0,0.0,0.0,0.0,0
SP5 3,0.0,0.0,0.0,0.0,0.0,0.0,0.0,0.0,0.0,0.0,0
SP5 4,0.0,0.0,0.0,0.0,0.0,0.0,0.0,0.0,0.0,0.0,0
SP5 5,0.0,0.0,0.0,0.0,0.0,0.0,0.0,0.0,0.0,0.0,0
SP6 1,0.0,0.0,0.0,0.0,0.0,0.0,0.0,0.0,0.0,0.0,0
SP6 2,0.0,0.0,0.0,0.0,0.0,0.0,0.0,0.0,0.0,0.0,0
SP6 3,0.0,0.0,0.0,0.0,0.0,0.0,0.0,0.0,0.0,0.0,0
SP7 0,0.0,0.0,0.0,0.0,0.0,0.0,0.0,0.0,0.0,0.0,0
SP7 7,0.0,0.0,0.0,0.0,0.0,0.0,0.0,0.0,0.0,0.0,0
SP7 8,0.0,0.0,0.0,0.0,0.0,0.0,0.0,0.0,0.0,0.0,0
SP7 9,0.0,0.0,0.0,0.0,0.0,0.0,0.0,0.0,0.0,0.0,0
SP8 4,0.0,0.0,0.0,0.0,0.0,0.0,0.0,0.0,0.0,0.0,0
SP8 5,0.0,0.0,0.0,0.0,0.0,0.0,0.0,0.0,0.0,0.0,0
SP8 9,0.0,0.0,0.0,0.0,0.0,0.0,0.0,0.0,0.0,0.0,0
SP9 7,0.0,0.0,0.0,0.0,0.0,0.0,0.0,0.0,0.0,0.0,0
SR1 1,0.0,0.0,0.0,0.0,0.0,0.0,0.0,0.0,0.0,0.0,0
SR1 2,0.0,0.0,0.00056364,0.00123345,0.0,0.0,0.00078177,0.00138765,0.0,0.0,1
SR1 3,0.0,0.0,0.0,0.0,0.0,0.0,0.0,0.0,0.0,0.0,0
SR2 0,0.0223154,0.08185154,0.0223154,0.08185154,0.03526458,0.09592325,0.03526458,0.09592325,0.0,886393.1,1
SR2 7,0.00977059,0.04074043,0.00977059,0.04074043,0.01630092,0.0483039,0.01630092,0.04830389,0.0,119407.0,1
SR2 8,0.0,0.0,0.05105961,0.14948156,0.0,0.0,0.07244861,0.17394098,0.0,0.0,1
SR2 9,0.00975441,0.03728412,0.02355316,0.07446862,0.01557124,0.04383847,0.03428424,0.08698347,0.0,168615.3,1
SR3 1,0.0,0.0,0.0,0.0,0.0,0.0,0.0,0.0,0.0,0.0,0
SR3 2,0.0,0.0,0.0,0.0,0.0,0.0,0.0,0.0,0.0,0.0,0
SR3 3,0.0,0.0,0.0,0.0,0.0,0.0,0.0,0.0,0.0,0.0,0
SR3 4,0.0,0.0,0.0,0.0,0.0,0.0,0.0,0.0,0.0,0.0,0
SR4 0,0.0,0.0,0.0,0.0,0.0,0.0,0.0,0.0,0.0,0.0,0
SR4 6,0.0,0.0,0.0,0.0,0.0,0.0,0.0,0.0,0.0,0.0,0
SR4 7,0.0,0.0,0.0,0.0,0.0,0.0,0.0,0.0,0.0,0.0,0
SR4 8,0.0,0.0,0.0,0.0,0.0,0.0,0.0,0.0,0.0,0.0,0
SR4 9,0.0,0.0,0.0,0.0,0.0,0.0,0.0,0.0,0.0,0.0,0
SR5 1,0.0,0.0,0.0,0.0,0.0,0.0,0.0,0.0,0.0,0.0,0
SR5 2,0.0,0.0,0.0,0.0,0.0,0.0,0.0,0.0,0.0,0.0,0
SR5 3,0.0,0.0,0.0,0.0,0.0,0.0,0.0,0.0,0.0,0.0,0
SR5 4,0.0,0.0,0.0,0.0,0.0,0.0,0.0,0.0,0.0,0.0,0
SR5 5,0.0,0.0,0.0,0.0,0.0,0.0,0.0,0.0,0.0,0.0,0
SR5 9,0.0,0.0,0.0,0.0,0.0,0.0,0.0,0.0,0.0,0.0,0
SR6 0,0.0,0.0,0.00236042,0.00508913,0.0,0.0,0.00332889,0.00549251,0.0,0.0,1
SR6 7,0.00237249,0.00715399,0.00237301,0.00728912,0.00375537,0.0085935,0.00381633,0.00874645,0.0,154037.7,1
SR6 8,4.263e-05,4.263e-05,0.01606719,0.03337051,4.242e-05,4.268e-05,0.02096928,0.03724236,0.0,225.9,1
SR6 9,0.0,0.0,0.03189412,0.08929947,0.0,0.0,0.04514358,0.10383293,0.0,0.0,1
SR7 0,0.0,0.0,0.0,0.0,0.0,0.0,0.0,0.0,0.0,0.0,0
SR7 1,0.0,0.0,0.0,0.0,0.0,0.0,0.0,0.0,0.0,0.0,0
SR7 7,0.00444897,0.01524584,0.02112753,0.05800562,0.00695097,0.0176026,0.0316835,0.06541962,0.0,269715.1,1
SR7 8,0.00178961,0.00605038,0.00178961,0.00605038,0.00281719,0.00695819,0.00281719,0.00695819,0.0,69522.0,1
SR7 9,0.0,0.0,0.0,0.0,0.0,0.0,0.0,0.0,0.0,0.0,0
SR8 1,0.0,0.0,0.0,0.0,0.0,0.0,0.0,0.0,0.0,0.0,0
SR8 2,0.0,0.0,0.0,0.0,0.0,0.0,0.0,0.0,0.0,0.0,0
SR8 3,0.00690825,0.02417532,0.00690825,0.02417532,0.01091907,0.02813528,0.01091907,0.02813528,0.0,513612.8,1
SR8 4,0.00252778,0.00877219,0.00252778,0.00877219,0.00442162,0.01002792,0.00442162,0.01002792,0.0,74251.0,1
SR8 5,0.0,0.0,0.0,0.0,0.0,0.0,0.0,0.0,0.0,0.0,0
SR8 9,0.0,0.0,0.0,0.0,0.0,0.0,0.0,0.0,0.0,0.0,0
SS0 0,0.0,0.0,0.0,0.0,0.0,0.0,0.0,0.0,0.0,0.0,0
SS0 7,0.0,0.0,0.0115245,0.03297086,0.0,0.0,0.00716965,0.04348541,0.0,0.0,1
SS0 8,0.0,0.0,0.00409815,0.01024529,0.0,0.0,0.00273315,0.01263379,0.0,0.0,1
SS0 9,0.0,0.0,0.0,0.0,0.0,0.0,0.0,0.0,0.0,0.0,0
SS1 1,0.0,0.0,0.01443535,0.03990744,0.0,0.0,0.00881599,0.0519826,0.0,0.0,1
SS1 2,0.0,0.0,0.0,0.0,0.0,0.0,0.0,0.0,0.0,0.0,0
SS1 3,0.0,0.0,0.00942402,0.02949469,0.0,0.0,0.00513248,0.03889433,0.0,0.0,1
SS11 7,0.0,0.0,2.206e-05,4.626e-05,0.0,0.0,3.9e-05,4.772e-05,0.0,0.0,1
SS11 8,0.0,0.0,0.00028178,0.00074775,0.0,0.0,0.0005883,0.00078939,0.0,0.0,1
SS11 9,0.0,0.0,0.0,0.0,0.0,0.0,0.0,0.0,0.0,0.0,0
SS12 0,0.0,0.0,0.0,0.0,0.0,0.0,0.0,0.0,0.0,0.0,0
SS12 9,0.0,0.0,0.0,0.0,0.0,0.0,0.0,0.0,0.0,0.0,0
SS13 1,0.0,0.0,0.0,0.0,0.0,0.0,0.0,0.0,0.0,0.0,0
SS13 2,0.0,0.0,0.0,0.0,0.0,0.0,0.0,0.0,0.0,0.0,0
SS13 3,0.0,0.0,0.0,0.0,0.0,0.0,0.0,0.0,0.0,0.0,0
SS14 0,0.0,0.0,0.0,0.0,0.0,0.0,0.0,0.0,0.0,0.0,0
SS14 1,0.0,0.0,0.0,0.0,0.0,0.0,0.0,0.0,0.0,0.0,0
SS14 2,0.0,0.0,0.0,0.0,0.0,0.0,0.0,0.0,0.0,0.0,0
SS14 3,0.0,0.0,0.0,0.0,0.0,0.0,0.0,0.0,0.0,0.0,0
SS15 4,0.0,0.0,0.0,0.0,0.0,0.0,0.0,0.0,0.0,0.0,0
SS15 5,0.0,0.0,0.0,0.0,0.0,0.0,0.0,0.0,0.0,0.0,0
SS15 6,0.0,0.0,0.0,0.0,0.0,0.0,0.0,0.0,0.0,0.0,0
SS16 4,0.0,0.0,0.0,0.0,0.0,0.0,0.0,0.0,0.0,0.0,0
SS16 5,0.0,0.0,0.0,0.0,0.0,0.0,0.0,0.0,0.0,0.0,0
SS16 6,0.0,0.0,0.0,0.0,0.0,0.0,0.0,0.0,0.0,0.0,0
SS17 0,0.0,0.0,0.00218441,0.00712834,0.0,0.0,0.00021168,0.0097838,0.0,0.0,1
SS17 1,0.0,0.0,0.0,0.0,0.0,0.0,0.0,0.0,0.0,0.0,0
SS17 7,0.0,0.0,0.0,0.0,0.0,0.0,0.0,0.0,0.0,0.0,0
SS17 8,0.0,0.0,0.0,0.0,0.0,0.0,0.0,0.0,0.0,0.0,0
SS17 9,0.0,0.0,0.0,0.0,0.0,0.0,0.0,0.0,0.0,0.0,0
SS2 4,0.0,0.0,0.0,0.0,0.0,0.0,0.0,0.0,0.0,0.0,0
SS2 5,0.0,0.0,0.0,0.0,0.0,0.0,0.0,0.0,0.0,0.0,0
SS2 6,0.0,0.0,0.0,0.0,0.0,0.0,0.0,0.0,0.0,0.0,0
SS3 0,0.0,0.0,0.0003086,0.00089095,0.0,0.0,0.00040226,0.00109643,0.0,0.0,1
SS3 8,0.0,0.0,0.0,0.0,0.0,0.0,0.0,0.0,0.0,0.0,0
SS3 9,0.0,0.0,0.00034649,0.00074664,0.0,0.0,0.00052973,0.00081811,0.0,0.0,1
SS4 1,0.0,0.0,0.0,0.0,0.0,0.0,0.0,0.0,0.0,0.0,0
SS4 2,0.0,0.0,0.0,0.0,0.0,0.0,0.0,0.0,0.0,0.0,0
SS4 3,0.0,0.0,0.0,0.0,0.0,0.0,0.0,0.0,0.0,0.0,0
SS4 9,0.0,0.0,0.0,0.0,0.0,0.0,0.0,0.0,0.0,0.0,0
SS5 4,0.0,0.0,0.0,0.0,0.0,0.0,0.0,0.0,0.0,0.0,0
SS5 5,0.0,0.0,0.0,0.0,0.0,0.0,0.0,0.0,0.0,0.0,0
SS5 6,0.0,0.0,5.057e-05,0.0001303,0.0,0.0,7.718e-05,0.00013085,0.0,0.0,1
SS5 9,0.0,0.0,0.0,0.0,0.0,0.0,0.0,0.0,0.0,0.0,0
SS6 0,0.0,0.0,0.0,0.0,0.0,0.0,0.0,0.0,0.0,0.0,0
SS6 7,0.0,0.0,0.0,0.0,0.0,0.0,0.0,0.0,0.0,0.0,0
SS6 8,0.0,0.0,0.0,0.0,0.0,0.0,0.0,0.0,0.0,0.0,0
SS6 9,0.0,0.0,0.0,0.0,0.0,0.0,0.0,0.0,0.0,0.0,0
SS7 1,0.0,0.0,0.0,0.0,0.0,0.0,0.0,0.0,0.0,0.0,0
SS7 2,0.0,0.0,0.0,0.0,0.0,0.0,0.0,0.0,0.0,0.0,0
SS7 3,0.0,0.0,0.0,0.0,0.0,0.0,0.0,0.0,0.0,0.0,0
SS7 4,0.0,0.0,0.0,0.0,0.0,0.0,0.0,0.0,0.0,0.0,0
SS7 5,0.0,0.0,0.0,0.0,0.0,0.0,0.0,0.0,0.0,0.0,0
SS7 9,0.0,0.0,0.0,0.0,0.0,0.0,0.0,0.0,0.0,0.0,0
SS8 0,0.0,0.0,0.0,0.0,0.0,0.0,0.0,0.0,0.0,0.0,0
SS8 1,0.0,0.0,0.0,0.0,0.0,0.0,0.0,0.0,0.0,0.0,0
SS8 7,0.0,0.0,0.0,0.0,0.0,0.0,0.0,0.0,0.0,0.0,0
SS8 8,0.00055906,0.00110092,0.00055906,0.00110092,0.00055517,0.00109763,0.00055517,0.00109763,0.0,3846.4,1
SS8 9,0.0,0.0,0.0,0.0,0.0,0.0,0.0,0.0,0.0,0.0,0
SS9 1,0.0,0.0,0.01932761,0.05348296,0.0,0.0,0.01207476,0.07076037,0.0,0.0,1
SS9 2,0.00136704,0.00430446,0.00540952,0.01631769,0.0006249,0.00534414,0.00469121,0.02061247,0.0,26092.5,1
SS9 3,0.0,0.0,0.0,0.0,0.0,0.0,0.0,0.0,0.0,0.0,0
SS9 4,0.0,0.0,0.0,0.0,0.0,0.0,0.0,0.0,0.0,0.0,0
SS9 5,0.0,0.0,0.0,0.0,0.0,0.0,0.0,0.0,0.0,0.0,0
ST1 1,0.0,0.0,0.0,0.0,0.0,0.0,0.0,0.0,0.0,0.0,0
ST1 2,0.0,0.0,0.0,0.0,0.0,0.0,0.0,0.0,0.0,0.0,0
ST1 3,0.0,0.0,0.0,0.0,0.0,0.0,0.0,0.0,0.0,0.0,0
ST1 4,0.0,0.0,0.0,0.0,0.0,0.0,0.0,0.0,0.0,0.0,0
ST1 5,0.0,0.0,0.0,0.0,0.0,0.0,0.0,0.0,0.0,0.0,0
ST1 6,0.0,0.0,0.0,0.0,0.0,0.0,0.0,0.0,0.0,0.0,0
ST10 1,0.0,0.0,0.0,0.0,0.0,0.0,0.0,0.0,0.0,0.0,0
ST10 2,0.0,0.0,0.0,0.0,0.0,0.0,0.0,0.0,0.0,0.0,0
ST10 3,0.0,0.0,0.0,0.0,0.0,0.0,0.0,0.0,0.0,0.0,0
ST10 4,0.0,0.0,0.0,0.0,0.0,0.0,0.0,0.0,0.0,0.0,0
ST10 9,0.0,0.0,0.0,0.0,0.0,0.0,0.0,0.0,0.0,0.0,0
ST11 9,0.0,0.0,0.0,0.0,0.0,0.0,0.0,0.0,0.0,0.0,0
ST12 9,0.0,0.0,0.0,0.0,0.0,0.0,0.0,0.0,0.0,0.0,0
ST13 5,0.0,0.0,0.0,0.0,0.0,0.0,0.0,0.0,0.0,0.0,0
ST13 6,0.0,0.0,0.0,0.0,0.0,0.0,0.0,0.0,0.0,0.0,0
ST13 7,0.0,0.0,0.0,0.0,0.0,0.0,0.0,0.0,0.0,0.0,0
ST13 8,0.0,0.0,0.0,0.0,0.0,0.0,0.0,0.0,0.0,0.0,0
ST13 9,0.0,0.0,0.0,0.0,0.0,0.0,0.0,0.0,0.0,0.0,0
ST14 5,0.0,0.0,0.0,0.0,0.0,0.0,0.0,0.0,0.0,0.0,0
ST14 7,0.0,0.0,0.0,0.0,0.0,0.0,0.0,0.0,0.0,0.0,0
ST14 8,0.0,0.0,0.0,0.0,0.0,0.0,0.0,0.0,0.0,0.0,0
ST14 9,0.0,0.0,0.0,0.0,0.0,0.0,0.0,0.0,0.0,0.0,0
ST15 0,0.0,0.0,0.0,0.0,0.0,0.0,0.0,0.0,0.0,0.0,0
ST15 8,0.0,0.0,0.0,0.0,0.0,0.0,0.0,0.0,0.0,0.0,0
ST15 9,0.0,0.0,0.0,0.0,0.0,0.0,0.0,0.0,0.0,0.0,0
ST16 1,0.0,0.0,0.0,0.0,0.0,0.0,0.0,0.0,0.0,0.0,0
ST16 2,0.0,0.0,0.0,0.0,0.0,0.0,0.0,0.0,0.0,0.0,0
ST16 3,0.0,0.0,0.0,0.0,0.0,0.0,0.0,0.0,0.0,0.0,0
ST16 9,0.0,0.0,0.0,0.0,0.0,0.0,0.0,0.0,0.0,0.0,0
ST17 0,0.0,0.0,0.0,0.0,0.0,0.0,0.0,0.0,0.0,0.0,0
ST17 4,0.0,0.0,0.0,0.0,0.0,0.0,0.0,0.0,0.0,0.0,0
ST17 9,0.0,0.0,0.0,0.0,0.0,0.0,0.0,0.0,0.0,0.0,0
ST18 0,0.0,0.0,0.0,0.0,0.0,0.0,0.0,0.0,0.0,0.0,0
ST18 9,0.0,0.0,0.0,0.0,0.0,0.0,0.0,0.0,0.0,0.0,0
ST19 5,0.0,0.0,0.0,0.0,0.0,0.0,0.0,0.0,0.0,0.0,0
ST19 9,0.0,0.0,0.0,0.0,0.0,0.0,0.0,0.0,0.0,0.0,0
ST2 0,0.0,0.0,0.0,0.0,0.0,0.0,0.0,0.0,0.0,0.0,0
ST2 7,0.0,0.0,0.0,0.0,0.0,0.0,0.0,0.0,0.0,0.0,0
ST2 8,0.0,0.0,0.0,0.0,0.0,0.0,0.0,0.0,0.0,0.0,0
ST2 9,0.0,0.0,0.0,0.0,0.0,0.0,0.0,0.0,0.0,0.0,0
ST20 0,0.0,0.0,0.0,0.0,0.0,0.0,0.0,0.0,0.0,0.0,0
ST21 6,0.0,0.0,0.0,0.0,0.0,0.0,0.0,0.0,0.0,0.0,0
ST3 1,0.0,0.0,0.0,0.0,0.0,0.0,0.0,0.0,0.0,0.0,0
ST3 2,0.0,0.0,0.0,0.0,0.0,0.0,0.0,0.0,0.0,0.0,0
ST3 3,0.0,0.0,0.0,0.0,0.0,0.0,0.0,0.0,0.0,0.0,0
ST3 4,0.0,0.0,0.0,0.0,0.0,0.0,0.0,0.0,0.0,0.0,0
ST3 5,0.0,0.0,0.0,0.0,0.0,0.0,0.0,0.0,0.0,0.0,0
ST3 6,0.0,0.0,0.0,0.0,0.0,0.0,0.0,0.0,0.0,0.0,0
ST3 7,0.0,0.0,0.0,0.0,0.0,0.0,0.0,0.0,0.0,0.0,0
ST3 9,0.0,0.0,0.0,0.0,0.0,0.0,0.0,0.0,0.0,0.0,0
ST4 1,0.0,0.0,0.0,0.0,0.0,0.0,0.0,0.0,0.0,0.0,0
ST4 2,0.0,0.0,0.0,0.0,0.0,0.0,0.0,0.0,0.0,0.0,0
ST4 3,0.0,0.0,0.0,0.0,0.0,0.0,0.0,0.0,0.0,0.0,0
ST4 4,0.0,0.0,0.0,0.0,0.0,0.0,0.0,0.0,0.0,0.0,0
ST4 5,0.0,0.0,0.0,0.0,0.0,0.0,0.0,0.0,0.0,0.0,0
ST4 6,0.0,0.0,0.0,0.0,0.0,0.0,0.0,0.0,0.0,0.0,0
ST4 7,0.0,0.0,0.0,0.0,0.0,0.0,0.0,0.0,0.0,0.0,0
ST4 8,0.0,0.0,0.0,0.0,0.0,0.0,0.0,0.0,0.0,0.0,0
ST4 9,0.0,0.0,0.0,0.0,0.0,0.0,0.0,0.0,0.0,0.0,0
ST5 0,0.0,0.0,0.0,0.0,0.0,0.0,0.0,0.0,0.0,0.0,0
ST5 1,0.0,0.0,0.0,0.0,0.0,0.0,0.0,0.0,0.0,0.0,0
ST5 2,0.0,0.0,0.0,0.0,0.0,0.0,0.0,0.0,0.0,0.0,0
ST5 3,0.0,0.0,0.0,0.0,0.0,0.0,0.0,0.0,0.0,0.0,0
ST5 4,0.0,0.0,0.0,0.0,0.0,0.0,0.0,0.0,0.0,0.0,0
ST5 5,0.0,0.0,0.0,0.0,0.0,0.0,0.0,0.0,0.0,0.0,0
ST5 6,0.0,0.0,0.0,0.0,0.0,0.0,0.0,0.0,0.0,0.0,0
ST5 7,0.0,0.0,0.0,0.0,0.0,0.0,0.0,0.0,0.0,0.0,0
ST5 8,0.0,0.0,0.0,0.0,0.0,0.0,0.0,0.0,0.0,0.0,0
ST5 9,0.0,0.0,0.0,0.0,0.0,0.0,0.0,0.0,0.0,0.0,0
ST6 1,0.0,0.0,0.0,0.0,0.0,0.0,0.0,0.0,0.0,0.0,0
ST6 2,0.0,0.0,0.0,0.0,0.0,0.0,0.0,0.0,0.0,0.0,0
ST6 3,0.0,0.0,0.0,0.0,0.0,0.0,0.0,0.0,0.0,0.0,0
ST6 4,0.0,0.0,0.0,0.0,0.0,0.0,0.0,0.0,0.0,0.0,0
ST6 5,0.0,0.0,0.0,0.0,0.0,0.0,0.0,0.0,0.0,0.0,0
ST6 6,0.0,0.0,0.0,0.0,0.0,0.0,0.0,0.0,0.0,0.0,0
ST6 7,0.0,0.0,0.0,0.0,0.0,0.0,0.0,0.0,0.0,0.0,0
ST6 8,0.0,0.0,0.0,0.0,0.0,0.0,0.0,0.0,0.0,0.0,0
ST6 9,0.0,0.0,0.0,0.0,0.0,0.0,0.0,0.0,0.0,0.0,0
ST7 1,0.0,0.0,0.0,0.0,0.0,0.0,0.0,0.0,0.0,0.0,0
ST7 2,0.0,0.0,0.0,0.0,0.0,0.0,0.0,0.0,0.0,0.0,0
ST7 3,0.0,0.0,0.0,0.0,0.0,0.0,0.0,0.0,0.0,0.0,0
ST7 4,0.0,0.0,0.0,0.0,0.0,0.0,0.0,0.0,0.0,0.0,0
ST7 8,0.0,0.0,0.0,0.0,0.0,0.0,0.0,0.0,0.0,0.0,0
ST7 9,0.0,0.0,0.0,0.0,0.0,0.0,0.0,0.0,0.0,0.0,0
ST8 6,0.0,0.0,0.0,0.0,0.0,0.0,0.0,0.0,0.0,0.0,0
ST8 7,0.0,0.0,0.0,0.0,0.0,0.0,0.0,0.0,0.0,0.0,0
ST8 9,0.0,0.0,0.0,0.0,0.0,0.0,0.0,0.0,0.0,0.0,0
ST9 0,0.0,0.0,0.0,0.0,0.0,0.0,0.0,0.0,0.0,0.0,0
ST9 9,0.0,0.0,0.0,0.0,0.0,0.0,0.0,0.0,0.0,0.0,0
SW10 0,0.0,0.0,0.0,0.0,0.0,0.0,0.0,0.0,0.0,0.0,0
SW10 1,0.0,0.0,0.0,0.0,0.0,0.0,0.0,0.0,0.0,0.0,0
SW10 9,0.0,0.0,0.0,0.0,0.0,0.0,0.0,0.0,0.0,0.0,0
SW11 1,0.0,0.0,0.0,0.0,0.0,0.0,0.0,0.0,0.0,0.0,0
SW11 2,0.0,0.0,0.0,0.0,0.0,0.0,0.0,0.0,0.0,0.0,0
SW11 3,0.0,0.0,0.0,0.0,0.0,0.0,0.0,0.0,0.0,0.0,0
SW11 4,0.0,0.0,0.0,0.0,0.0,0.0,0.0,0.0,0.0,0.0,0
SW11 5,0.0,0.0,0.0,0.0,0.0,0.0,0.0,0.0,0.0,0.0,0
SW11 6,0.0,0.0,0.0,0.0,0.0,0.0,0.0,0.0,0.0,0.0,0
SW11 8,0.0,0.0,0.0,0.0,0.0,0.0,0.0,0.0,0.0,0.0,0
SW11 9,0.0,0.0,0.0,0.0,0.0,0.0,0.0,0.0,0.0,0.0,0
SW12 0,0.0,0.0,0.0,0.0,0.0,0.0,0.0,0.0,0.0,0.0,0
SW12 2,0.0,0.0,0.0,0.0,0.0,0.0,0.0,0.0,0.0,0.0,0
SW12 8,0.0,0.0,0.0,0.0,0.0,0.0,0.0,0.0,0.0,0.0,0
SW12 9,0.0,0.0,0.0,0.0,0.0,0.0,0.0,0.0,0.0,0.0,0
SW13 0,0.0,0.0,0.0,0.0,0.0,0.0,0.0,0.0,0.0,0.0,0
SW13 8,0.0,0.0,0.0,0.0,0.0,0.0,0.0,0.0,0.0,0.0,0
SW13 9,0.0,0.0,0.0,0.0,0.0,0.0,0.0,0.0,0.0,0.0,0
SW14 7,0.0,0.0,0.0,0.0,0.0,0.0,0.0,0.0,0.0,0.0,0
SW14 8,0.0,0.0,0.0,0.0,0.0,0.0,0.0,0.0,0.0,0.0,0
SW14 9,0.0,0.0,0.0,0.0,0.0,0.0,0.0,0.0,0.0,0.0,0
SW15 1,0.0,0.0,0.0,0.0,0.0,0.0,0.0,0.0,0.0,0.0,0
SW15 2,0.0,0.0,0.0,0.0,0.0,0.0,0.0,0.0,0.0,0.0,0
SW15 3,0.0,0.0,0.0,0.0,0.0,0.0,0.0,0.0,0.0,0.0,0
SW15 4,0.0,0.0,0.0,0.0,0.0,0.0,0.0,0.0,0.0,0.0,0
SW15 5,0.0,0.0,0.0,0.0,0.0,0.0,0.0,0.0,0.0,0.0,0
SW15 6,0.0,0.0,0.0,0.0,0.0,0.0,0.0,0.0,0.0,0.0,0
SW15 9,0.0,0.0,0.0,0.0,0.0,0.0,0.0,0.0,0.0,0.0,0
SW16 1,0.0,0.0,0.0,0.0,0.0,0.0,0.0,0.0,0.0,0.0,0
SW16 2,0.0,0.0,0.0,0.0,0.0,0.0,0.0,0.0,0.0,0.0,0
SW16 3,0.0,0.0,0.0,0.0,0.0,0.0,0.0,0.0,0.0,0.0,0
SW16 4,0.0,0.0,0.0,0.0,0.0,0.0,0.0,0.0,0.0,0.0,0
SW16 5,0.0,0.0,0.0,0.0,0.0,0.0,0.0,0.0,0.0,0.0,0
SW16 6,0.0,0.0,0.0,0.0,0.0,0.0,0.0,0.0,0.0,0.0,0
SW16 9,0.0,0.0,0.0,0.0,0.0,0.0,0.0,0.0,0.0,0.0,0
SW17 0,0.0,0.0,0.0,0.0,0.0,0.0,0.0,0.0,0.0,0.0,0
SW17 1,0.0,0.0,0.0,0.0,0.0,0.0,0.0,0.0,0.0,0.0,0
SW17 6,0.0,0.0,0.0,0.0,0.0,0.0,0.0,0.0,0.0,0.0,0
SW17 7,0.0,0.0,0.0,0.0,0.0,0.0,0.0,0.0,0.0,0.0,0
SW17 8,0.0,0.0,0.0,0.0,0.0,0.0,0.0,0.0,0.0,0.0,0
SW17 9,0.0,0.0,0.0,0.0,0.0,0.0,0.0,0.0,0.0,0.0,0
SW18 1,0.0,0.0,0.0,0.0,0.0,0.0,0.0,0.0,0.0,0.0,0
SW18 2,0.0,0.0,0.0,0.0,0.0,0.0,0.0,0.0,0.0,0.0,0
SW18 3,0.0,0.0,0.0,0.0,0.0,0.0,0.0,0.0,0.0,0.0,0
SW18 4,0.0,0.0,0.0,0.0,0.0,0.0,0.0,0.0,0.0,0.0,0
SW18 5,0.0,0.0,0.0,0.0,0.0,0.0,0.0,0.0,0.0,0.0,0
SW18 9,0.0,0.0,0.0,0.0,0.0,0.0,0.0,0.0,0.0,0.0,0
SW19 1,0.0,0.0,0.0,0.0,0.0,0.0,0.0,0.0,0.0,0.0,0
SW19 2,0.0,0.0,0.0,0.0,0.0,0.0,0.0,0.0,0.0,0.0,0
SW19 3,0.0,0.0,0.0,0.0,0.0,0.0,0.0,0.0,0.0,0.0,0
SW19 4,0.0,0.0,0.0,0.0,0.0,0.0,0.0,0.0,0.0,0.0,0
SW19 5,0.0,0.0,0.0,0.0,0.0,0.0,0.0,0.0,0.0,0.0,0
SW19 6,0.0,0.0,0.0,0.0,0.0,0.0,0.0,0.0,0.0,0.0,0
SW19 7,0.0,0.0,0.0,0.0,0.0,0.0,0.0,0.0,0.0,0.0,0
SW19 8,0.0,0.0,0.0,0.0,0.0,0.0,0.0,0.0,0.0,0.0,0
SW19 9,0.0,0.0,0.0,0.0,0.0,0.0,0.0,0.0,0.0,0.0,0
SW1A 0,0.0,0.0,0.0,0.0,0.0,0.0,0.0,0.0,0.0,0.0,0
SW1A 1,0.0,0.0,0.0,0.0,0.0,0.0,0.0,0.0,0.0,0.0,0
SW1A 2,0.0,0.0,0.0,0.0,0.0,0.0,0.0,0.0,0.0,0.0,0
SW1E 5,0.0,0.0,0.0,0.0,0.0,0.0,0.0,0.0,0.0,0.0,0
SW1E 6,0.0,0.0,0.0,0.0,0.0,0.0,0.0,0.0,0.0,0.0,0
SW1H 0,0.0,0.0,0.0,0.0,0.0,0.0,0.0,0.0,0.0,0.0,0
SW1H 9,0.0,0.0,0.0,0.0,0.0,0.0,0.0,0.0,0.0,0.0,0
SW1P 1,0.0,0.0,0.0,0.0,0.0,0.0,0.0,0.0,0.0,0.0,0
SW1P 2,0.0,0.0,0.0,0.0,0.0,0.0,0.0,0.0,0.0,0.0,0
SW1P 3,0.0,0.0,0.0,0.0,0.0,0.0,0.0,0.0,0.0,0.0,0
SW1P 4,0.0,0.0,0.0,0.0,0.0,0.0,0.0,0.0,0.0,0.0,0
SW1V 1,0.0,0.0,0.0,0.0,0.0,0.0,0.0,0.0,0.0,0.0,0
SW1V 2,0.0,0.0,0.0,0.0,0.0,0.0,0.0,0.0,0.0,0.0,0
SW1V 3,0.0,0.0,0.0,0.0,0.0,0.0,0.0,0.0,0.0,0.0,0
SW1V 4,0.0,0.0,0.0,0.0,0.0,0.0,0.0,0.0,0.0,0.0,0
SW1W 0,0.0,0.0,0.0,0.0,0.0,0.0,0.0,0.0,0.0,0.0,0
SW1W 8,0.0,0.0,0.0,0.0,0.0,0.0,0.0,0.0,0.0,0.0,0
SW1W 9,0.0,0.0,0.0,0.0,0.0,0.0,0.0,0.0,0.0,0.0,0
SW1X 0,0.0,0.0,0.0,0.0,0.0,0.0,0.0,0.0,0.0,0.0,0
SW1X 7,0.0,0.0,0.0,0.0,0.0,0.0,0.0,0.0,0.0,0.0,0
SW1X 8,0.0,0.0,0.0,0.0,0.0,0.0,0.0,0.0,0.0,0.0,0
SW1X 9,0.0,0.0,0.0,0.0,0.0,0.0,0.0,0.0,0.0,0.0,0
SW1Y 4,0.0,0.0,0.0,0.0,0.0,0.0,0.0,0.0,0.0,0.0,0
SW1Y 5,0.0,0.0,0.0,0.0,0.0,0.0,0.0,0.0,0.0,0.0,0
SW1Y 6,0.0,0.0,0.0,0.0,0.0,0.0,0.0,0.0,0.0,0.0,0
SW2 1,0.0,0.0,0.0,0.0,0.0,0.0,0.0,0.0,0.0,0.0,0
SW2 2,0.0,0.0,0.0,0.0,0.0,0.0,0.0,0.0,0.0,0.0,0
SW2 3,0.0,0.0,0.0,0.0,0.0,0.0,0.0,0.0,0.0,0.0,0
SW2 4,0.0,0.0,0.0,0.0,0.0,0.0,0.0,0.0,0.0,0.0,0
SW2 5,0.0,0.0,0.0,0.0,0.0,0.0,0.0,0.0,0.0,0.0,0
SW2 9,0.0,0.0,0.0,0.0,0.0,0.0,0.0,0.0,0.0,0.0,0
SW20 0,0.0,0.0,0.0,0.0,0.0,0.0,0.0,0.0,0.0,0.0,0
SW20 8,0.0,0.0,0.0,0.0,0.0,0.0,0.0,0.0,0.0,0.0,0
SW20 9,0.0,0.0,0.0,0.0,0.0,0.0,0.0,0.0,0.0,0.0,0
SW3 1,0.0,0.0,0.0,0.0,0.0,0.0,0.0,0.0,0.0,0.0,0
SW3 2,0.0,0.0,0.0,0.0,0.0,0.0,0.0,0.0,0.0,0.0,0
SW3 3,0.0,0.0,0.0,0.0,0.0,0.0,0.0,0.0,0.0,0.0,0
SW3 4,0.0,0.0,0.0,0.0,0.0,0.0,0.0,0.0,0.0,0.0,0
SW3 5,0.0,0.0,0.0,0.0,0.0,0.0,0.0,0.0,0.0,0.0,0
SW3 6,0.0,0.0,0.0,0.0,0.0,0.0,0.0,0.0,0.0,0.0,0
SW4 0,0.0,0.0,0.0,0.0,0.0,0.0,0.0,0.0,0.0,0.0,0
SW4 4,0.0,0.0,0.0,0.0,0.0,0.0,0.0,0.0,0.0,0.0,0
SW4 6,0.0,0.0,0.0,0.0,0.0,0.0,0.0,0.0,0.0,0.0,0
SW4 7,0.0,0.0,0.0,0.0,0.0,0.0,0.0,0.0,0.0,0.0,0
SW4 8,0.0,0.0,0.0,0.0,0.0,0.0,0.0,0.0,0.0,0.0,0
SW4 9,0.0,0.0,0.0,0.0,0.0,0.0,0.0,0.0,0.0,0.0,0
SW5 0,0.0,0.0,0.0,0.0,0.0,0.0,0.0,0.0,0.0,0.0,0
SW5 9,0.0,0.0,0.0,0.0,0.0,0.0,0.0,0.0,0.0,0.0,0
SW6 1,0.0,0.0,0.0,0.0,0.0,0.0,0.0,0.0,0.0,0.0,0
SW6 2,0.0,0.0,0.0,0.0,0.0,0.0,0.0,0.0,0.0,0.0,0
SW6 3,0.0,0.0,0.0,0.0,0.0,0.0,0.0,0.0,0.0,0.0,0
SW6 4,0.0,0.0,0.0,0.0,0.0,0.0,0.0,0.0,0.0,0.0,0
SW6 5,0.0,0.0,0.0,0.0,0.0,0.0,0.0,0.0,0.0,0.0,0
SW6 6,0.0,0.0,0.0,0.0,0.0,0.0,0.0,0.0,0.0,0.0,0
SW6 7,0.0,0.0,0.0,0.0,0.0,0.0,0.0,0.0,0.0,0.0,0
SW6 9,0.0,0.0,0.0,0.0,0.0,0.0,0.0,0.0,0.0,0.0,0
SW7 1,0.0,0.0,0.0,0.0,0.0,0.0,0.0,0.0,0.0,0.0,0
SW7 2,0.0,0.0,0.0,0.0,0.0,0.0,0.0,0.0,0.0,0.0,0
SW7 3,0.0,0.0,0.0,0.0,0.0,0.0,0.0,0.0,0.0,0.0,0
SW7 4,0.0,0.0,0.0,0.0,0.0,0.0,0.0,0.0,0.0,0.0,0
SW7 5,0.0,0.0,0.0,0.0,0.0,0.0,0.0,0.0,0.0,0.0,0
SW7 9,0.0,0.0,0.0,0.0,0.0,0.0,0.0,0.0,0.0,0.0,0
SW8 1,0.0,0.0,0.0,0.0,0.0,0.0,0.0,0.0,0.0,0.0,0
SW8 2,0.0,0.0,0.0,0.0,0.0,0.0,0.0,0.0,0.0,0.0,0
SW8 3,0.0,0.0,0.0,0.0,0.0,0.0,0.0,0.0,0.0,0.0,0
SW8 4,0.0,0.0,0.0,0.0,0.0,0.0,0.0,0.0,0.0,0.0,0
SW8 5,0.0,0.0,0.0,0.0,0.0,0.0,0.0,0.0,0.0,0.0,0
SW8 9,0.0,0.0,0.0,0.0,0.0,0.0,0.0,0.0,0.0,0.0,0
SW9 0,0.0,0.0,0.0,0.0,0.0,0.0,0.0,0.0,0.0,0.0,0
SW9 1,0.0,0.0,0.0,0.0,0.0,0.0,0.0,0.0,0.0,0.0,0
SW9 6,0.0,0.0,0.0,0.0,0.0,0.0,0.0,0.0,0.0,0.0,0
SW9 7,0.0,0.0,0.0,0.0,0.0,0.0,0.0,0.0,0.0,0.0,0
SW9 8,0.0,0.0,0.0,0.0,0.0,0.0,0.0,0.0,0.0,0.0,0
SW9 9,0.0,0.0,0.0,0.0,0.0,0.0,0.0,0.0,0.0,0.0,0
SY1 1,0.0,0.0,0.0,0.0,0.0,0.0,0.0,0.0,0.0,0.0,0
SY1 2,0.0,0.0,0.0,0.0,0.0,0.0,0.0,0.0,0.0,0.0,0
SY1 3,0.0,0.0,0.0,0.0,0.0,0.0,0.0,0.0,0.0,0.0,0
SY1 4,0.0,0.0,0.0,0.0,0.0,0.0,0.0,0.0,0.0,0.0,0
SY1 9,0.0,0.0,0.0,0.0,0.0,0.0,0.0,0.0,0.0,0.0,0
SY10 0,0.0,0.0,0.0,0.0,0.0,0.0,0.0,0.0,0.0,0.0,0
SY10 1,0.0,0.0,0.0,0.0,0.0,0.0,0.0,0.0,0.0,0.0,0
SY10 7,0.0,0.0,0.0,0.0,0.0,0.0,0.0,0.0,0.0,0.0,0
SY10 8,0.0,0.0,0.0,0.0,0.0,0.0,0.0,0.0,0.0,0.0,0
SY10 9,0.0,0.0,0.0,0.0,0.0,0.0,0.0,0.0,0.0,0.0,0
SY11 1,0.0,0.0,0.0,0.0,0.0,0.0,0.0,0.0,0.0,0.0,0
SY11 2,0.0,0.0,0.0,0.0,0.0,0.0,0.0,0.0,0.0,0.0,0
SY11 3,0.0,0.0,0.0,0.0,0.0,0.0,0.0,0.0,0.0,0.0,0
SY11 4,0.0,0.0,0.0,0.0,0.0,0.0,0.0,0.0,0.0,0.0,0
SY12 0,0.0,0.0,0.0,0.0,0.0,0.0,0.0,0.0,0.0,0.0,0
SY12 9,0.0,0.0,0.0,0.0,0.0,0.0,0.0,0.0,0.0,0.0,0
SY13 1,0.0,0.0,0.0,0.0,0.0,0.0,0.0,0.0,0.0,0.0,0
SY13 2,0.0,0.0,0.0,0.0,0.0,0.0,0.0,0.0,0.0,0.0,0
SY13 3,0.0,0.0,0.0,0.0,0.0,0.0,0.0,0.0,0.0,0.0,0
SY13 4,0.0,0.0,0.0,0.0,0.0,0.0,0.0,0.0,0.0,0.0,0
SY13 9,0.0,0.0,0.0,0.0,0.0,0.0,0.0,0.0,0.0,0.0,0
SY14 7,0.0,0.0,0.0,0.0,0.0,0.0,0.0,0.0,0.0,0.0,0
SY14 8,0.0,0.0,0.0,0.0,0.0,0.0,0.0,0.0,0.0,0.0,0
SY15 6,0.0,0.0,0.0,0.0,0.0,0.0,0.0,0.0,0.0,0.0,0
SY16 1,0.0,0.0,0.0,0.0,0.0,0.0,0.0,0.0,0.0,0.0,0
SY16 2,0.0,0.0,0.0,0.0,0.0,0.0,0.0,0.0,0.0,0.0,0
SY16 3,0.0,0.0,0.0,0.0,0.0,0.0,0.0,0.0,0.0,0.0,0
SY16 4,0.0,0.0,0.0,0.0,0.0,0.0,0.0,0.0,0.0,0.0,0
SY16 9,0.0,0.0,0.0,0.0,0.0,0.0,0.0,0.0,0.0,0.0,0
SY17 5,0.0,0.0,0.0,0.0,0.0,0.0,0.0,0.0,0.0,0.0,0
SY18 6,0.0,0.0,0.0,0.0,0.0,0.0,0.0,0.0,0.0,0.0,0
SY19 7,0.0,0.0,0.0,0.0,0.0,0.0,0.0,0.0,0.0,0.0,0
SY2 5,0.0,0.0,0.0,0.0,0.0,0.0,0.0,0.0,0.0,0.0,0
SY2 6,0.0,0.0,0.0,0.0,0.0,0.0,0.0,0.0,0.0,0.0,0
SY20 8,0.0,0.0,0.0,0.0,0.0,0.0,0.0,0.0,0.0,0.0,0
SY20 9,0.0,0.0,0.0,0.0,0.0,0.0,0.0,0.0,0.0,0.0,0
SY21 0,0.0,0.0,0.0,0.0,0.0,0.0,0.0,0.0,0.0,0.0,0
SY21 7,0.0,0.0,0.0,0.0,0.0,0.0,0.0,0.0,0.0,0.0,0
SY21 8,0.0,0.0,0.0,0.0,0.0,0.0,0.0,0.0,0.0,0.0,0
SY21 9,0.0,0.0,0.0,0.0,0.0,0.0,0.0,0.0,0.0,0.0,0
SY22 5,0.0,0.0,0.0,0.0,0.0,0.0,0.0,0.0,0.0,0.0,0
SY22 6,0.0,0.0,0.0,0.0,0.0,0.0,0.0,0.0,0.0,0.0,0
SY23 1,0.0,0.0,0.0,0.0,0.0,0.0,0.0,0.0,0.0,0.0,0
SY23 2,0.0,0.0,0.0,0.0,0.0,0.0,0.0,0.0,0.0,0.0,0
SY23 3,0.0,0.0,0.0,0.0,0.0,0.0,0.0,0.0,0.0,0.0,0
SY23 4,0.0,0.0,0.0,0.0,0.0,0.0,0.0,0.0,0.0,0.0,0
SY23 5,0.0,0.0,0.0,0.0,0.0,0.0,0.0,0.0,0.0,0.0,0
SY23 9,0.0,0.0,0.0,0.0,0.0,0.0,0.0,0.0,0.0,0.0,0
SY24 5,0.0,0.0,0.0,0.0,0.0,0.0,0.0,0.0,0.0,0.0,0
SY25 6,0.0,0.0,0.0,0.0,0.0,0.0,0.0,0.0,0.0,0.0,0
SY3 0,0.0,0.0,0.0,0.0,0.0,0.0,0.0,0.0,0.0,0.0,0
SY3 5,0.0,0.0,0.0,0.0,0.0,0.0,0.0,0.0,0.0,0.0,0
SY3 6,0.0,0.0,0.0,0.0,0.0,0.0,0.0,0.0,0.0,0.0,0
SY3 7,0.0,0.0,0.0,0.0,0.0,0.0,0.0,0.0,0.0,0.0,0
SY3 8,0.0,0.0,0.0,0.0,0.0,0.0,0.0,0.0,0.0,0.0,0
SY3 9,0.0,0.0,0.0,0.0,0.0,0.0,0.0,0.0,0.0,0.0,0
SY4 1,0.0,0.0,0.0,0.0,0.0,0.0,0.0,0.0,0.0,0.0,0
SY4 2,0.0,0.0,0.0,0.0,0.0,0.0,0.0,0.0,0.0,0.0,0
SY4 3,0.0,0.0,0.0,0.0,0.0,0.0,0.0,0.0,0.0,0.0,0
SY4 4,0.0,0.0,0.0,0.0,0.0,0.0,0.0,0.0,0.0,0.0,0
SY4 5,0.0,0.0,0.0,0.0,0.0,0.0,0.0,0.0,0.0,0.0,0
SY5 0,0.0,0.0,0.0,0.0,0.0,0.0,0.0,0.0,0.0,0.0,0
SY5 6,0.0,0.0,0.0,0.0,0.0,0.0,0.0,0.0,0.0,0.0,0
SY5 7,0.0,0.0,0.0,0.0,0.0,0.0,0.0,0.0,0.0,0.0,0
SY5 8,0.0,0.0,0.0,0.0,0.0,0.0,0.0,0.0,0.0,0.0,0
SY5 9,0.0,0.0,0.0,0.0,0.0,0.0,0.0,0.0,0.0,0.0,0
SY6 6,0.0,0.0,0.0,0.0,0.0,0.0,0.0,0.0,0.0,0.0,0
SY6 7,0.0,0.0,0.0,0.0,0.0,0.0,0.0,0.0,0.0,0.0,0
SY7 0,0.0,0.0,0.0,0.0,0.0,0.0,0.0,0.0,0.0,0.0,0
SY7 7,0.0,0.0,0.0,0.0,0.0,0.0,0.0,0.0,0.0,0.0,0
SY7 8,0.0,0.0,0.0,0.0,0.0,0.0,0.0,0.0,0.0,0.0,0
SY7 9,0.0,0.0,0.0,0.0,0.0,0.0,0.0,0.0,0.0,0.0,0
SY8 1,0.0,0.0,0.0,0.0,0.0,0.0,0.0,0.0,0.0,0.0,0
SY8 2,0.0,0.0,0.0,0.0,0.0,0.0,0.0,0.0,0.0,0.0,0
SY8 3,0.0,0.0,0.0,0.0,0.0,0.0,0.0,0.0,0.0,0.0,0
SY8 4,0.0,0.0,0.0,0.0,0.0,0.0,0.0,0.0,0.0,0.0,0
SY8 9,0.0,0.0,0.0,0.0,0.0,0.0,0.0,0.0,0.0,0.0,0
SY9 5,0.0,0.0,0.0,0.0,0.0,0.0,0.0,0.0,0.0,0.0,0
TA1 1,0.0,0.0,0.0,0.0,0.0,0.0,0.0,0.0,0.0,0.0,0
TA1 2,0.0,0.0,0.0,0.0,0.0,0.0,0.0,0.0,0.0,0.0,0
TA1 3,0.0,0.0,0.0,0.0,0.0,0.0,0.0,0.0,0.0,0.0,0
TA1 4,0.0,0.0,0.0,0.0,0.0,0.0,0.0,0.0,0.0,0.0,0
TA1 5,0.0,0.0,0.0,0.0,0.0,0.0,0.0,0.0,0.0,0.0,0
TA1 9,0.0,0.0,0.0,0.0,0.0,0.0,0.0,0.0,0.0,0.0,0
TA10 0,0.0,0.0,0.0,0.0,0.0,0.0,0.0,0.0,0.0,0.0,0
TA10 1,0.0,0.0,0.0,0.0,0.0,0.0,0.0,0.0,0.0,0.0,0
TA10 9,0.0,0.0,0.0,0.0,0.0,0.0,0.0,0.0,0.0,0.0,0
TA11 6,0.0,0.0,0.0,0.0,0.0,0.0,0.0,0.0,0.0,0.0,0
TA11 7,0.0,0.0,0.0,0.0,0.0,0.0,0.0,0.0,0.0,0.0,0
TA11 9,0.0,0.0,0.0,0.0,0.0,0.0,0.0,0.0,0.0,0.0,0
TA12 6,0.0,0.0,0.0,0.0,0.0,0.0,0.0,0.0,0.0,0.0,0
TA13 5,0.0,0.0,0.0,0.0,0.0,0.0,0.0,0.0,0.0,0.0,0
TA14 6,0.0,0.0,0.0,0.0,0.0,0.0,0.0,0.0,0.0,0.0,0
TA15 6,0.0,0.0,0.0,0.0,0.0,0.0,0.0,0.0,0.0,0.0,0
TA16 5,0.0,0.0,0.0,0.0,0.0,0.0,0.0,0.0,0.0,0.0,0
TA17 8,0.0,0.0,0.0,0.0,0.0,0.0,0.0,0.0,0.0,0.0,0
TA18 7,0.0,0.0,0.0,0.0,0.0,0.0,0.0,0.0,0.0,0.0,0
TA18 8,0.0,0.0,0.0,0.0,0.0,0.0,0.0,0.0,0.0,0.0,0
TA18 9,0.0,0.0,0.0,0.0,0.0,0.0,0.0,0.0,0.0,0.0,0
TA19 0,0.0,0.0,0.0,0.0,0.0,0.0,0.0,0.0,0.0,0.0,0
TA19 9,0.0,0.0,0.0,0.0,0.0,0.0,0.0,0.0,0.0,0.0,0
TA2 6,0.0,0.0,0.0,0.0,0.0,0.0,0.0,0.0,0.0,0.0,0
TA2 7,0.0,0.0,0.0,0.0,0.0,0.0,0.0,0.0,0.0,0.0,0
TA2 8,0.0,0.0,0.0,0.0,0.0,0.0,0.0,0.0,0.0,0.0,0
TA20 1,0.0,0.0,0.0,0.0,0.0,0.0,0.0,0.0,0.0,0.0,0
TA20 2,0.0,0.0,0.0,0.0,0.0,0.0,0.0,0.0,0.0,0.0,0
TA20 3,0.0,0.0,0.0,0.0,0.0,0.0,0.0,0.0,0.0,0.0,0
TA20 4,0.0,0.0,0.0,0.0,0.0,0.0,0.0,0.0,0.0,0.0,0
TA20 9,0.0,0.0,0.0,0.0,0.0,0.0,0.0,0.0,0.0,0.0,0
TA21 0,0.0,0.0,0.0,0.0,0.0,0.0,0.0,0.0,0.0,0.0,0
TA21 1,0.0,0.0,0.0,0.0,0.0,0.0,0.0,0.0,0.0,0.0,0
TA21 8,0.0,0.0,0.0,0.0,0.0,0.0,0.0,0.0,0.0,0.0,0
TA21 9,0.0,0.0,0.0,0.0,0.0,0.0,0.0,0.0,0.0,0.0,0
TA22 9,0.0,0.0,0.0,0.0,0.0,0.0,0.0,0.0,0.0,0.0,0
TA23 0,0.00122862,0.00422443,0.00591292,0.0172835,0.00208092,0.00482194,0.00820903,0.02041137,0.00059548,310375.0,1
TA24 5,0.00153017,0.00472517,0.00203372,0.00620213,0.00178895,0.00571741,0.0021483,0.00770204,0.0,114334.2,1
TA24 6,0.00163951,0.01649081,0.00487042,0.01651466,0.00702099,0.01979421,0.00706892,0.01982948,0.00211015,911758.1,1
TA24 7,0.0,0.0,0.0,0.0,0.0,0.0,0.0,0.0,0.0,0.0,0
TA24 8,0.00113422,0.00341153,0.00160276,0.00436632,0.00159032,0.00402137,0.00214081,0.00512465,0.0,393592.8,1
TA24 9,0.0,0.0,0.0,0.0,0.0,0.0,0.0,0.0,0.0,0.0,0
TA3 5,0.0,0.0,0.0,0.0,0.0,0.0,0.0,0.0,0.0,0.0,0
TA3 6,0.0,0.0,0.0,0.0,0.0,0.0,0.0,0.0,0.0,0.0,0
TA3 7,0.0,0.0,0.0,0.0,0.0,0.0,0.0,0.0,0.0,0.0,0
TA4 1,0.0,0.0,0.0,0.0,0.0,0.0,0.0,0.0,0.0,0.0,0
TA4 2,0.0,0.0,0.0,0.0,0.0,0.0,0.0,0.0,0.0,0.0,0
TA4 3,0.0,0.0,0.0,0.0,0.0,0.0,0.0,0.0,0.0,0.0,0
TA4 4,0.00142841,0.00490144,0.00142847,0.00491097,0.00242335,0.00551188,0.00242498,0.00552494,0.0,322792.6,1
TA4 9,0.0,0.0,0.0,0.0,0.0,0.0,0.0,0.0,0.0,0.0,0
TA5 1,0.00137587,0.0045248,0.00148894,0.00600008,0.0023295,0.0051015,0.00283362,0.00695667,0.0,655533.8,1
TA5 2,0.0,0.0,0.0,0.0,0.0,0.0,0.0,0.0,0.0,0.0,0
TA6 3,0.0,0.0,0.0,0.0,0.0,0.0,0.0,0.0,0.0,0.0,0
TA6 4,0.0,0.0,0.0,0.0,0.0,0.0,0.0,0.0,0.0,0.0,0
TA6 5,0.0,0.0,0.0,0.0,0.0,0.0,0.0,0.0,0.0,0.0,0
TA6 6,0.0,0.0,0.0,0.0,0.0,0.0,0.0,0.0,0.0,0.0,0
TA6 7,0.0,0.0,0.0,0.0,0.0,0.0,0.0,0.0,0.0,0.0,0
TA6 9,0.0,0.0,0.0,0.0,0.0,0.0,0.0,0.0,0.0,0.0,0
TA7 0,0.0,0.0,0.0,0.0,0.0,0.0,0.0,0.0,0.0,0.0,0
TA7 8,0.0,0.0,0.0,0.0,0.0,0.0,0.0,0.0,0.0,0.0,0
TA7 9,0.0,0.0,0.0,0.0,0.0,0.0,0.0,0.0,0.0,0.0,0
TA8 1,0.0,0.0,0.0,0.0,0.0,0.0,0.0,0.0,0.0,0.0,0
TA8 2,0.00324445,0.01008851,0.00519722,0.01607138,0.00363973,0.01259748,0.0056664,0.0203201,0.0,853785.8,1
TA8 9,0.0,0.0,0.0,0.0,0.0,0.0,0.0,0.0,0.0,0.0,0
TA9 3,0.0,0.0,0.0,0.0,0.0,0.0,0.0,0.0,0.0,0.0,0
TA9 4,0.0,0.0,0.0,0.0,0.0,0.0,0.0,0.0,0.0,0.0,0
TD1 1,0.0,0.0,0.0,0.0,0.0,0.0,0.0,0.0,0.0,0.0,0
TD1 2,0.0,0.0,0.0,0.0,0.0,0.0,0.0,0.0,0.0,0.0,0
TD1 3,0.0,0.0,0.0,0.0,0.0,0.0,0.0,0.0,0.0,0.0,0
TD1 9,0.0,0.0,0.0,0.0,0.0,0.0,0.0,0.0,0.0,0.0,0
TD10 6,0.0,0.0,0.0,0.0,0.0,0.0,0.0,0.0,0.0,0.0,0
TD11 3,0.0,0.0,0.0,0.0,0.0,0.0,0.0,0.0,0.0,0.0,0
TD11 9,0.0,0.0,0.0,0.0,0.0,0.0,0.0,0.0,0.0,0.0,0
TD12 4,0.0,0.0,0.0,0.0,0.0,0.0,0.0,0.0,0.0,0.0,0
TD13 5,0.0,0.0,0.0,0.0,0.0,0.0,0.0,0.0,0.0,0.0,0
TD14 5,0.0,0.0,0.0,0.0,0.0,0.0,0.0,0.0,0.0,0.0,0
TD15 1,0.0009491,0.00276789,0.00149202,0.00422891,0.0013022,0.00311143,0.00208536,0.00475118,0.0,278705.8,1
TD15 2,0.00115141,0.00416915,0.0013377,0.00460598,0.00093251,0.0057271,0.00117439,0.00623001,0.0,1212128.1,1
TD2 6,0.0,0.0,0.0,0.0,0.0,0.0,0.0,0.0,0.0,0.0,0
TD3 6,0.0,0.0,0.0,0.0,0.0,0.0,0.0,0.0,0.0,0.0,0
TD4 6,0.0,0.0,0.0,0.0,0.0,0.0,0.0,0.0,0.0,0.0,0
TD5 7,0.0,0.0,0.0,0.0,0.0,0.0,0.0,0.0,0.0,0.0,0
TD5 8,0.0,0.0,0.0,0.0,0.0,0.0,0.0,0.0,0.0,0.0,0
TD6 0,0.0,0.0,0.0,0.0,0.0,0.0,0.0,0.0,0.0,0.0,0
TD6 6,0.0,0.0,0.0,0.0,0.0,0.0,0.0,0.0,0.0,0.0,0
TD6 9,0.0,0.0,0.0,0.0,0.0,0.0,0.0,0.0,0.0,0.0,0
TD7 4,0.0,0.0,0.0,0.0,0.0,0.0,0.0,0.0,0.0,0.0,0
TD7 5,0.0,0.0,0.0,0.0,0.0,0.0,0.0,0.0,0.0,0.0,0
TD7 9,0.0,0.0,0.0,0.0,0.0,0.0,0.0,0.0,0.0,0.0,0
TD8 6,0.0,0.0,0.0,0.0,0.0,0.0,0.0,0.0,0.0,0.0,0
TD8 9,0.0,0.0,0.0,0.0,0.0,0.0,0.0,0.0,0.0,0.0,0
TD9 0,0.0,0.0,0.0,0.0,0.0,0.0,0.0,0.0,0.0,0.0,0
TD9 1,0.0,0.0,0.0,0.0,0.0,0.0,0.0,0.0,0.0,0.0,0
TD9 7,0.0,0.0,0.0,0.0,0.0,0.0,0.0,0.0,0.0,0.0,0
TD9 8,0.0,0.0,0.0,0.0,0.0,0.0,0.0,0.0,0.0,0.0,0
TD9 9,0.0,0.0,0.0,0.0,0.0,0.0,0.0,0.0,0.0,0.0,0
TF1 1,0.0,0.0,0.0,0.0,0.0,0.0,0.0,0.0,0.0,0.0,0
TF1 2,0.0,0.0,0.0,0.0,0.0,0.0,0.0,0.0,0.0,0.0,0
TF1 3,0.0,0.0,0.0,0.0,0.0,0.0,0.0,0.0,0.0,0.0,0
TF1 5,0.0,0.0,0.0,0.0,0.0,0.0,0.0,0.0,0.0,0.0,0
TF1 6,0.0,0.0,0.0,0.0,0.0,0.0,0.0,0.0,0.0,0.0,0
TF1 7,0.0,0.0,0.0,0.0,0.0,0.0,0.0,0.0,0.0,0.0,0
TF1 9,0.0,0.0,0.0,0.0,0.0,0.0,0.0,0.0,0.0,0.0,0
TF10 7,0.0,0.0,0.0,0.0,0.0,0.0,0.0,0.0,0.0,0.0,0
TF10 8,0.0,0.0,0.0,0.0,0.0,0.0,0.0,0.0,0.0,0.0,0
TF10 9,0.0,0.0,0.0,0.0,0.0,0.0,0.0,0.0,0.0,0.0,0
TF11 8,0.0,0.0,0.0,0.0,0.0,0.0,0.0,0.0,0.0,0.0,0
TF11 9,0.0,0.0,0.0,0.0,0.0,0.0,0.0,0.0,0.0,0.0,0
TF12 5,0.0,0.0,0.0,0.0,0.0,0.0,0.0,0.0,0.0,0.0,0
TF13 6,0.0,0.0,0.0,0.0,0.0,0.0,0.0,0.0,0.0,0.0,0
TF2 0,0.0,0.0,0.0,0.0,0.0,0.0,0.0,0.0,0.0,0.0,0
TF2 2,0.0,0.0,0.0,0.0,0.0,0.0,0.0,0.0,0.0,0.0,0
TF2 5,0.0,0.0,0.0,0.0,0.0,0.0,0.0,0.0,0.0,0.0,0
TF2 6,0.0,0.0,0.0,0.0,0.0,0.0,0.0,0.0,0.0,0.0,0
TF2 7,0.0,0.0,0.0,0.0,0.0,0.0,0.0,0.0,0.0,0.0,0
TF2 8,0.0,0.0,0.0,0.0,0.0,0.0,0.0,0.0,0.0,0.0,0
TF2 9,0.0,0.0,0.0,0.0,0.0,0.0,0.0,0.0,0.0,0.0,0
TF3 1,0.0,0.0,0.0,0.0,0.0,0.0,0.0,0.0,0.0,0.0,0
TF3 2,0.0,0.0,0.0,0.0,0.0,0.0,0.0,0.0,0.0,0.0,0
TF3 3,0.0,0.0,0.0,0.0,0.0,0.0,0.0,0.0,0.0,0.0,0
TF3 4,0.0,0.0,0.0,0.0,0.0,0.0,0.0,0.0,0.0,0.0,0
TF3 5,0.0,0.0,0.0,0.0,0.0,0.0,0.0,0.0,0.0,0.0,0
TF4 2,0.0,0.0,0.0,0.0,0.0,0.0,0.0,0.0,0.0,0.0,0
TF4 3,0.0,0.0,0.0,0.0,0.0,0.0,0.0,0.0,0.0,0.0,0
TF5 0,0.0,0.0,0.0,0.0,0.0,0.0,0.0,0.0,0.0,0.0,0
TF6 5,0.0,0.0,0.0,0.0,0.0,0.0,0.0,0.0,0.0,0.0,0
TF6 6,0.0,0.0,0.0,0.0,0.0,0.0,0.0,0.0,0.0,0.0,0
TF7 4,0.0,0.0,0.0,0.0,0.0,0.0,0.0,0.0,0.0,0.0,0
TF7 5,0.0,0.0,0.0,0.0,0.0,0.0,0.0,0.0,0.0,0.0,0
TF7 9,0.0,0.0,0.0,0.0,0.0,0.0,0.0,0.0,0.0,0.0,0
TF8 7,0.0,0.0,0.0,0.0,0.0,0.0,0.0,0.0,0.0,0.0,0
TF9 1,0.0,0.0,0.0,0.0,0.0,0.0,0.0,0.0,0.0,0.0,0
TF9 2,0.0,0.0,0.0,0.0,0.0,0.0,0.0,0.0,0.0,0.0,0
TF9 3,0.0,0.0,0.0,0.0,0.0,0.0,0.0,0.0,0.0,0.0,0
TF9 4,0.0,0.0,0.0,0.0,0.0,0.0,0.0,0.0,0.0,0.0,0
TF9 9,0.0,0.0,0.0,0.0,0.0,0.0,0.0,0.0,0.0,0.0,0
TN1 1,0.0,0.0,0.0,0.0,0.0,0.0,0.0,0.0,0.0,0.0,0
TN1 2,0.0,0.0,0.0,0.0,0.0,0.0,0.0,0.0,0.0,0.0,0
TN10 3,0.0,0.0,0.0,0.0,0.0,0.0,0.0,0.0,0.0,0.0,0
TN10 4,0.0,0.0,0.0,0.0,0.0,0.0,0.0,0.0,0.0,0.0,0
TN11 0,0.0,0.0,0.0,0.0,0.0,0.0,0.0,0.0,0.0,0.0,0
TN11 8,0.0,0.0,0.0,0.0,0.0,0.0,0.0,0.0,0.0,0.0,0
TN11 9,0.0,0.0,0.0,0.0,0.0,0.0,0.0,0.0,0.0,0.0,0
TN12 0,0.0,0.0,0.0,0.0,0.0,0.0,0.0,0.0,0.0,0.0,0
TN12 5,0.0,0.0,0.0,0.0,0.0,0.0,0.0,0.0,0.0,0.0,0
TN12 6,0.0,0.0,0.0,0.0,0.0,0.0,0.0,0.0,0.0,0.0,0
TN12 7,0.0,0.0,0.0,0.0,0.0,0.0,0.0,0.0,0.0,0.0,0
TN12 8,0.0,0.0,0.0,0.0,0.0,0.0,0.0,0.0,0.0,0.0,0
TN12 9,0.0,0.0,0.0,0.0,0.0,0.0,0.0,0.0,0.0,0.0,0
TN13 1,0.0,0.0,0.0,0.0,0.0,0.0,0.0,0.0,0.0,0.0,0
TN13 2,0.0,0.0,0.0,0.0,0.0,0.0,0.0,0.0,0.0,0.0,0
TN13 3,0.0,0.0,0.0,0.0,0.0,0.0,0.0,0.0,0.0,0.0,0
TN13 9,0.0,0.0,0.0,0.0,0.0,0.0,0.0,0.0,0.0,0.0,0
TN14 5,0.0,0.0,0.0,0.0,0.0,0.0,0.0,0.0,0.0,0.0,0
TN14 6,0.0,0.0,0.0,0.0,0.0,0.0,0.0,0.0,0.0,0.0,0
TN14 7,0.0,0.0,0.0,0.0,0.0,0.0,0.0,0.0,0.0,0.0,0
TN15 0,0.0,0.0,0.0,0.0,0.0,0.0,0.0,0.0,0.0,0.0,0
TN15 6,0.0,0.0,0.0,0.0,0.0,0.0,0.0,0.0,0.0,0.0,0
TN15 7,0.0,0.0,0.0,0.0,0.0,0.0,0.0,0.0,0.0,0.0,0
TN15 8,0.0,0.0,0.0,0.0,0.0,0.0,0.0,0.0,0.0,0.0,0
TN15 9,0.0,0.0,0.0,0.0,0.0,0.0,0.0,0.0,0.0,0.0,0
TN16 1,0.0,0.0,0.0,0.0,0.0,0.0,0.0,0.0,0.0,0.0,0
TN16 2,0.0,0.0,0.0,0.0,0.0,0.0,0.0,0.0,0.0,0.0,0
TN16 3,0.0,0.0,0.0,0.0,0.0,0.0,0.0,0.0,0.0,0.0,0
TN16 9,0.0,0.0,0.0,0.0,0.0,0.0,0.0,0.0,0.0,0.0,0
TN17 1,0.0,0.0,0.0,0.0,0.0,0.0,0.0,0.0,0.0,0.0,0
TN17 2,0.0,0.0,0.0,0.0,0.0,0.0,0.0,0.0,0.0,0.0,0
TN17 3,0.0,0.0,0.0,0.0,0.0,0.0,0.0,0.0,0.0,0.0,0
TN17 4,0.0,0.0,0.0,0.0,0.0,0.0,0.0,0.0,0.0,0.0,0
TN17 9,0.0,0.0,0.0,0.0,0.0,0.0,0.0,0.0,0.0,0.0,0
TN18 4,0.0,0.0,0.0,0.0,0.0,0.0,0.0,0.0,0.0,0.0,0
TN18 5,0.0,0.0,0.0,0.0,0.0,0.0,0.0,0.0,0.0,0.0,0
TN19 7,0.0,0.0,0.0,0.0,0.0,0.0,0.0,0.0,0.0,0.0,0
TN2 3,0.0,0.0,0.0,0.0,0.0,0.0,0.0,0.0,0.0,0.0,0
TN2 4,0.0,0.0,0.0,0.0,0.0,0.0,0.0,0.0,0.0,0.0,0
TN2 5,0.0,0.0,0.0,0.0,0.0,0.0,0.0,0.0,0.0,0.0,0
TN20 6,0.0,0.0,0.0,0.0,0.0,0.0,0.0,0.0,0.0,0.0,0
TN21 0,0.0,0.0,0.0,0.0,0.0,0.0,0.0,0.0,0.0,0.0,0
TN21 1,0.0,0.0,0.0,0.0,0.0,0.0,0.0,0.0,0.0,0.0,0
TN21 8,0.0,0.0,0.0,0.0,0.0,0.0,0.0,0.0,0.0,0.0,0
TN21 9,0.0,0.0,0.0,0.0,0.0,0.0,0.0,0.0,0.0,0.0,0
TN22 1,0.0,0.0,0.0,0.0,0.0,0.0,0.0,0.0,0.0,0.0,0
TN22 2,0.0,0.0,0.0,0.0,0.0,0.0,0.0,0.0,0.0,0.0,0
TN22 3,0.0,0.0,0.0,0.0,0.0,0.0,0.0,0.0,0.0,0.0,0
TN22 4,0.0,0.0,0.0,0.0,0.0,0.0,0.0,0.0,0.0,0.0,0
TN22 5,0.0,0.0,0.0,0.0,0.0,0.0,0.0,0.0,0.0,0.0,0
TN22 9,0.0,0.0,0.0,0.0,0.0,0.0,0.0,0.0,0.0,0.0,0
TN23 1,0.0,0.0,0.0,0.0,0.0,0.0,0.0,0.0,0.0,0.0,0
TN23 3,0.0,0.0,0.0,0.0,0.0,0.0,0.0,0.0,0.0,0.0,0
TN23 4,0.0,0.0,0.0,0.0,0.0,0.0,0.0,0.0,0.0,0.0,0
TN23 5,0.0,0.0,0.0,0.0,0.0,0.0,0.0,0.0,0.0,0.0,0
TN23 6,0.0,0.0,0.0,0.0,0.0,0.0,0.0,0.0,0.0,0.0,0
TN23 7,0.0,0.0,0.0,0.0,0.0,0.0,0.0,0.0,0.0,0.0,0
TN23 8,0.0,0.0,0.0,0.0,0.0,0.0,0.0,0.0,0.0,0.0,0
TN23 9,0.0,0.0,0.0,0.0,0.0,0.0,0.0,0.0,0.0,0.0,0
TN24 0,0.0,0.0,0.0,0.0,0.0,0.0,0.0,0.0,0.0,0.0,0
TN24 8,0.0,0.0,0.0,0.0,0.0,0.0,0.0,0.0,0.0,0.0,0
TN24 9,0.0,0.0,0.0,0.0,0.0,0.0,0.0,0.0,0.0,0.0,0
TN25 4,0.0,0.0,0.0,0.0,0.0,0.0,0.0,0.0,0.0,0.0,0
TN25 5,0.0,0.0,0.0,0.0,0.0,0.0,0.0,0.0,0.0,0.0,0
TN25 6,0.0,0.0,0.0,0.0,0.0,0.0,0.0,0.0,0.0,0.0,0
TN25 7,0.0,0.0,0.0,0.0,0.0,0.0,0.0,0.0,0.0,0.0,0
TN26 1,0.0,0.0,0.0,0.0,0.0,0.0,0.0,0.0,0.0,0.0,0
TN26 2,0.0,0.0,0.0,0.0,0.0,0.0,0.0,0.0,0.0,0.0,0
TN26 3,0.0,0.0,0.0,0.0,0.0,0.0,0.0,0.0,0.0,0.0,0
TN27 0,0.0,0.0,0.0,0.0,0.0,0.0,0.0,0.0,0.0,0.0,0
TN27 8,0.0,0.0,0.0,0.0,0.0,0.0,0.0,0.0,0.0,0.0,0
TN27 9,0.0,0.0,0.0,0.0,0.0,0.0,0.0,0.0,0.0,0.0,0
TN28 8,0.00508967,0.01601441,0.00508967,0.01601441,0.00733655,0.01998116,0.00733655,0.01998116,0.0,403556.3,1
TN28 9,0.0,0.0,0.0,0.0,0.0,0.0,0.0,0.0,0.0,0.0,0
TN29 0,0.0,0.0,0.0,0.0,0.0,0.0,0.0,0.0,0.0,0.0,0
TN29 9,0.0160518,0.01688987,0.02113261,0.03764235,0.01501438,0.01758044,0.03395339,0.03928928,0.0,2008047.5,1
TN3 0,0.0,0.0,0.0,0.0,0.0,0.0,0.0,0.0,0.0,0.0,0
TN3 8,0.0,0.0,0.0,0.0,0.0,0.0,0.0,0.0,0.0,0.0,0
TN3 9,0.0,0.0,0.0,0.0,0.0,0.0,0.0,0.0,0.0,0.0,0
TN30 6,0.0,0.0,0.0,0.0,0.0,0.0,0.0,0.0,0.0,0.0,0
TN30 7,0.0,0.0,0.0,0.0,0.0,0.0,0.0,0.0,0.0,0.0,0
TN30 9,0.0,0.0,0.0,0.0,0.0,0.0,0.0,0.0,0.0,0.0,0
TN31 6,0.0,0.0,0.0,0.0,0.0,0.0,0.0,0.0,0.0,0.0,0
TN31 7,0.00633772,0.00965103,0.00782948,0.01867269,0.00398922,0.01203513,0.00817115,0.02300956,0.0,779402.7,1
TN31 9,0.0,0.0,0.0,0.0,0.0,0.0,0.0,0.0,0.0,0.0,0
TN32 5,0.0,0.0,0.0,0.0,0.0,0.0,0.0,0.0,0.0,0.0,0
TN33 0,0.0,0.0,0.0,0.0,0.0,0.0,0.0,0.0,0.0,0.0,0
TN33 3,0.0,0.0,0.0,0.0,0.0,0.0,0.0,0.0,0.0,0.0,0
TN33 9,0.0,0.0,0.0,0.0,0.0,0.0,0.0,0.0,0.0,0.0,0
TN34 1,0.0,0.0,0.01051326,0.02689781,0.0,0.0,0.01591599,0.03072882,0.0,0.0,1
TN34 2,0.0,0.0,0.0,0.0,0.0,0.0,0.0,0.0,0.0,0.0,0
TN34 3,0.00138104,0.00442157,0.00853887,0.02269205,0.00215045,0.00498396,0.01431178,0.02533803,0.0,26446.0,1
TN34 9,0.0,0.0,0.0,0.0,0.0,0.0,0.0,0.0,0.0,0.0,0
TN35 4,0.00370495,0.02124858,0.00745167,0.02357151,0.00979333,0.02495652,0.010988,0.02769286,0.00420395,1183823.9,1
TN35 5,0.00994049,0.0326161,0.00994049,0.0326161,0.01566902,0.03702227,0.01566902,0.03702227,0.02332643,277269.4,1
TN36 4,0.0020082,0.01257227,0.00506267,0.01257225,0.00373126,0.01562628,0.00373062,0.01562626,0.0,398362.1,1
TN37 6,0.0,0.0,0.03904023,0.0791229,0.0,0.0,0.06877235,0.08229331,0.0,0.0,1
TN37 7,0.0,0.0,0.0,0.0,0.0,0.0,0.0,0.0,0.0,0.0,0
TN38 0,0.0,0.0,0.02035623,0.04204805,0.0,0.0,0.03557631,0.0443045,0.0,0.0,1
TN38 1,0.0,0.0,0.0,0.0,0.0,0.0,0.0,0.0,0.0,0.0,0
TN38 8,0.0,0.0,0.01228308,0.03103285,0.0,0.0,0.01722999,0.03564012,0.0,0.0,1
TN38 9,0.0,0.0,0.0,0.0,0.0,0.0,0.0,0.0,0.0,0.0,0
TN39 3,0.0,0.0,0.02441362,0.0510333,0.0,0.0,0.03312589,0.0570232,0.0,0.0,1
TN39 4,0.0,0.0,0.00278529,0.00838624,0.0,0.0,0.00448424,0.00975177,0.0,0.0,1
TN39 5,0.0,0.0,0.0,0.0,0.0,0.0,0.0,0.0,0.0,0.0,0
TN4 0,0.0,0.0,0.0,0.0,0.0,0.0,0.0,0.0,0.0,0.0,0
TN4 8,0.0,0.0,0.0,0.0,0.0,0.0,0.0,0.0,0.0,0.0,0
TN4 9,0.0,0.0,0.0,0.0,0.0,0.0,0.0,0.0,0.0,0.0,0
TN40 1,0.0,0.0,0.02759945,0.05838876,0.0,0.0,0.04087826,0.06470492,0.0,0.0,1
TN40 2,0.0,0.0,0.00974687,0.0342617,0.0,0.0,0.01571467,0.04077332,0.0,0.0,1
TN40 9,0.0,0.0,0.0,0.0,0.0,0.0,0.0,0.0,0.0,0.0,0
TN5 6,0.0,0.0,0.0,0.0,0.0,0.0,0.0,0.0,0.0,0.0,0
TN5 7,0.0,0.0,0.0,0.0,0.0,0.0,0.0,0.0,0.0,0.0,0
TN6 1,0.0,0.0,0.0,0.0,0.0,0.0,0.0,0.0,0.0,0.0,0
TN6 2,0.0,0.0,0.0,0.0,0.0,0.0,0.0,0.0,0.0,0.0,0
TN6 3,0.0,0.0,0.0,0.0,0.0,0.0,0.0,0.0,0.0,0.0,0
TN6 9,0.0,0.0,0.0,0.0,0.0,0.0,0.0,0.0,0.0,0.0,0
TN7 4,0.0,0.0,0.0,0.0,0.0,0.0,0.0,0.0,0.0,0.0,0
TN8 5,0.0,0.0,0.0,0.0,0.0,0.0,0.0,0.0,0.0,0.0,0
TN8 6,0.0,0.0,0.0,0.0,0.0,0.0,0.0,0.0,0.0,0.0,0
TN8 7,0.0,0.0,0.0,0.0,0.0,0.0,0.0,0.0,0.0,0.0,0
TN8 9,0.0,0.0,0.0,0.0,0.0,0.0,0.0,0.0,0.0,0.0,0
TN9 1,0.0,0.0,0.0,0.0,0.0,0.0,0.0,0.0,0.0,0.0,0
TN9 2,0.0,0.0,0.0,0.0,0.0,0.0,0.0,0.0,0.0,0.0,0
TN9 9,0.0,0.0,0.0,0.0,0.0,0.0,0.0,0.0,0.0,0.0,0
TQ1 1,0.0,0.0,0.0,0.0,0.0,0.0,0.0,0.0,0.0,0.0,0
TQ1 2,0.00351995,0.01176491,0.00409345,0.01292327,0.00574427,0.01357748,0.0063755,0.01485708,0.00197112,396653.2,1
TQ1 3,0.0038592,0.01321931,0.01232239,0.03561103,0.00621802,0.01542739,0.01792001,0.04111003,0.02133639,91513.9,1
TQ1 4,0.00584439,0.01895076,0.00584711,0.01895076,0.00919541,0.02190652,0.00919762,0.02190652,0.0,310626.0,1
TQ1 9,0.0,0.0,0.0,0.0,0.0,0.0,0.0,0.0,0.0,0.0,0
TQ10 9,0.0,0.0,0.0,0.0,0.0,0.0,0.0,0.0,0.0,0.0,0
TQ11 0,0.0,0.0,0.0,0.0,0.0,0.0,0.0,0.0,0.0,0.0,0
TQ12 1,0.0,0.0,0.0,0.0,0.0,0.0,0.0,0.0,0.0,0.0,0
TQ12 2,0.0,0.0,0.0,0.0,0.0,0.0,0.0,0.0,0.0,0.0,0
TQ12 3,0.0,0.0,0.00282895,0.00821261,0.0,0.0,0.00097342,0.01069501,0.0,0.0,1
TQ12 4,0.00155821,0.00523139,0.00286062,0.00846906,0.00177636,0.0064982,0.00252195,0.01035582,0.0,108852.3,1
TQ12 5,0.0,0.0,0.0,0.0,0.0,0.0,0.0,0.0,0.0,0.0,0
TQ12 6,0.0,0.0,0.0,0.0,0.0,0.0,0.0,0.0,0.0,0.0,0
TQ12 9,0.0,0.0,0.0,0.0,0.0,0.0,0.0,0.0,0.0,0.0,0
TQ13 0,0.0,0.0,0.0,0.0,0.0,0.0,0.0,0.0,0.0,0.0,0
TQ13 7,0.0,0.0,0.0,0.0,0.0,0.0,0.0,0.0,0.0,0.0,0
TQ13 8,0.0,0.0,0.0,0.0,0.0,0.0,0.0,0.0,0.0,0.0,0
TQ13 9,0.0,0.0,0.0,0.0,0.0,0.0,0.0,0.0,0.0,0.0,0
TQ14 0,0.00451383,0.0148782,0.00695811,0.02032742,0.00736536,0.01724713,0.01133797,0.02321145,0.0,128674.0,1
TQ14 4,0.0,0.0,0.0,0.0,0.0,0.0,0.0,0.0,0.0,0.0,0
TQ14 8,0.0,0.0,0.02753169,0.05476833,0.0,0.0,0.03724262,0.05975478,0.0,0.0,1
TQ14 9,0.0,0.0,0.00503465,0.0156977,0.0,0.0,0.00314506,0.02134486,0.0,0.0,1
TQ2 5,0.0,0.0,0.0,0.0,0.0,0.0,0.0,0.0,0.0,0.0,0
TQ2 6,0.00035803,0.00107275,0.00223869,0.00577636,0.00071585,0.00142746,0.0026633,0.00719693,0.0,6890.0,1
TQ2 7,0.0,0.0,0.0,0.0,0.0,0.0,0.0,0.0,0.0,0.0,0
TQ2 8,0.0,0.0,0.0,0.0,0.0,0.0,0.0,0.0,0.0,0.0,0
TQ3 1,0.0,0.0,0.0,0.0,0.0,0.0,0.0,0.0,0.0,0.0,0
TQ3 2,0.00052031,0.00196717,0.00918811,0.02413045,0.00093139,0.00228348,0.00931384,0.03001319,0.0,5743.8,1
TQ3 3,0.0,0.0,0.0,0.0,0.0,0.0,0.0,0.0,0.0,0.0,0
TQ4 5,0.0,0.0,0.0,0.0,0.0,0.0,0.0,0.0,0.0,0.0,0
TQ4 6,0.00479668,0.01508708,0.00520868,0.01606173,0.00757436,0.01720291,0.00816369,0.01822534,0.0,163287.9,1
TQ4 7,0.0,0.0,0.0,0.0,0.0,0.0,0.0,0.0,0.0,0.0,0
TQ4 9,0.0,0.0,0.0,0.0,0.0,0.0,0.0,0.0,0.0,0.0,0
TQ5 0,0.0022402,0.00918522,0.0022402,0.00918448,0.00372018,0.01224848,0.00372018,0.01224679,0.0,178608.8,1
TQ5 5,0.0,0.0,0.0,0.0,0.0,0.0,0.0,0.0,0.0,0.0,0
TQ5 8,0.00445944,0.01482738,0.00533966,0.01743684,0.00690232,0.01719824,0.00829431,0.02010483,0.0,99730.3,1
TQ5 9,0.00289548,0.00954019,0.00360144,0.01141487,0.00456959,0.01111351,0.00552374,0.01324871,0.0,326998.5,1
TQ6 0,0.00383506,0.01289004,0.0040027,0.013487,0.0060846,0.0158039,0.0062581,0.01656874,0.0,1027138.2,1
TQ6 6,0.0,0.0,0.0,0.0,0.0,0.0,0.0,0.0,0.0,0.0,0
TQ6 9,0.00029449,0.00091253,0.00231125,0.01089705,0.00048405,0.00156194,0.00692619,0.01255365,0.0,3295.0,1
TQ7 1,0.01311758,0.03393022,0.01311758,0.03393022,0.00282043,0.04228168,0.00282043,0.04228168,0.0,120138.0,1
TQ7 2,0.00365235,0.01156003,0.00381606,0.01193093,0.00411055,0.0141508,0.00444263,0.01453688,0.0,1326544.6,1
TQ7 3,0.00470562,0.01578953,0.00481613,0.01638727,0.00685707,0.01899289,0.00702313,0.01982645,0.0,1204673.9,1
TQ7 4,0.00291995,0.00941212,0.00343314,0.01102361,0.0032724,0.01133639,0.00384525,0.01340315,0.0,741157.1,1
TQ7 9,0.0,0.0,0.0,0.0,0.0,0.0,0.0,0.0,0.0,0.0,0
TQ8 8,0.01065323,0.03314765,0.01104058,0.03503537,0.01218599,0.04026081,0.01286949,0.04264861,0.0,719282.2,1
TQ9 5,0.0,0.0016429,0.0,0.0016429,0.0,0.00396158,0.0,0.00396158,0.0,9399.4,1
TQ9 6,0.0,0.0003756,0.0,0.00037554,0.0,0.00105441,0.0,0.00105427,0.0,21977.5,1
TQ9 7,0.0,0.00067374,0.0,0.00067374,0.0,0.00160185,0.0,0.00160185,0.0,86666.8,1
TQ9 9,0.0,0.0,0.0,0.0,0.0,0.0,0.0,0.0,0.0,0.0,0
TR1 1,0.00415416,0.01230535,0.00415416,0.01230535,0.00274779,0.01553721,0.00274779,0.01553721,0.0,142640.2,1
TR1 2,0.00191865,0.00649704,0.00191865,0.00649704,0.00096709,0.00889708,0.00096709,0.00889708,0.0,17886.4,1
TR1 3,0.00016001,0.00046182,0.00016001,0.00046182,8.391e-05,0.00061421,8.391e-05,0.00061421,0.0,2548.6,1
TR1 9,0.0,0.0,0.0,0.0,0.0,0.0,0.0,0.0,0.0,0.0,0
TR10 8,0.00160586,0.00473074,0.00160586,0.00473074,0.00080537,0.00626425,0.00080537,0.00626425,0.0,13649.9,1
TR10 9,8.105e-05,0.00021845,8.105e-05,0.00021845,4.278e-05,0.00028471,4.278e-05,0.00028471,0.0,5411.2,1
TR11 2,0.00331349,0.0098138,0.00331349,0.0098138,0.00167411,0.01304635,0.00167411,0.01304635,0.0,22063.1,1
TR11 3,0.00032637,0.00100686,0.00254353,0.00942439,0.00015553,0.00133849,0.00181108,0.01190088,0.0,1112.9,1
TR11 4,0.00393237,0.01047618,0.00521049,0.01609694,0.00572393,0.01190271,0.00827659,0.01840934,0.0,121911.5,1
TR11 5,0.00347419,0.01107753,0.00351287,0.01118391,0.00415519,0.01359909,0.00421098,0.0137236,0.0,829794.3,1
TR11 9,0.0,0.0,0.0,0.0,0.0,0.0,0.0,0.0,0.0,0.0,0
TR12 6,0.00289988,0.00924627,0.00297565,0.00948829,0.00416812,0.01095333,0.00427961,0.0112469,0.0,1180295.9,1
TR12 7,0.00269031,0.00852984,0.0027201,0.00859391,0.00427091,0.00986649,0.00429275,0.00995304,0.0,1067926.9,1
TR13 0,0.0,0.0,0.0,0.0,0.0,0.0,0.0,0.0,0.0,0.0,0
TR13 3,0.0,0.0,0.0,0.0,0.0,0.0,0.0,0.0,0.0,0.0,0
TR13 8,0.0,0.0,0.0,0.0,0.0,0.0,0.0,0.0,0.0,0.0,0
TR13 9,0.00219866,0.00621427,0.00253343,0.00702044,0.00324527,0.00711451,0.00373561,0.00802131,0.0,234309.8,1
TR14 0,0.0036345,0.01174891,0.0036345,0.01174891,0.00590679,0.01355791,0.00590679,0.01355791,0.0,481994.2,1
TR14 4,0.0,0.0,0.0,0.0,0.0,0.0,0.0,0.0,0.0,0.0,0
TR14 7,0.0,0.0,0.0,0.0,0.0,0.0,0.0,0.0,0.0,0.0,0
TR14 8,0.0,0.0,0.0,0.0,0.0,0.0,0.0,0.0,0.0,0.0,0
TR14 9,0.0,0.0,0.0,0.0,0.0,0.0,0.0,0.0,0.0,0.0,0
TR15 1,0.0,0.0,0.0,0.0,0.0,0.0,0.0,0.0,0.0,0.0,0
TR15 2,0.0,0.0,0.0,0.0,0.0,0.0,0.0,0.0,0.0,0.0,0
TR15 3,0.0,0.0,0.0,0.0,0.0,0.0,0.0,0.0,0.0,0.0,0
TR15 9,0.0,0.0,0.0,0.0,0.0,0.0,0.0,0.0,0.0,0.0,0
TR16 4,0.00835461,0.02820657,0.00873246,0.02886455,0.01361733,0.03265878,0.01398822,0.03341774,0.0,775172.6,1
TR16 5,0.0,0.0,0.0,0.0,0.0,0.0,0.0,0.0,0.0,0.0,0
TR16 6,0.0,0.0,0.0,0.0,0.0,0.0,0.0,0.0,0.0,0.0,0
TR17 0,0.0025344,0.00728599,0.01641086,0.04294694,0.00388878,0.00840008,0.0230691,0.05019273,0.0,91109.1,1
TR18 2,0.0,0.0,0.05633542,0.16690491,0.0,0.0,0.10744688,0.19025386,0.0,0.0,1
TR18 3,0.02820708,0.08138846,0.04117795,0.11362143,0.03642421,0.09875852,0.05057444,0.13775384,0.0,367945.0,1
TR18 4,0.0,0.0,0.08956494,0.16709684,0.0,0.0,0.13336151,0.17863219,0.0,0.0,1
TR18 5,0.00101943,0.00334943,0.01481337,0.03583945,0.00135675,0.00399345,0.01658217,0.04244886,0.0,10420.1,1
TR18 9,0.0,0.0,0.0,0.0,0.0,0.0,0.0,0.0,0.0,0.0,0
TR19 6,0.00245179,0.00764994,0.00416473,0.01214012,0.0039777,0.00901443,0.00667353,0.01414139,0.0,731895.3,1
TR19 7,0.00310206,0.00974593,0.00317744,0.00993767,0.00501898,0.0110393,0.00513077,0.01125515,0.0,859114.2,1
TR2 4,0.00058555,0.00176009,0.00058555,0.0017601,0.00029423,0.00234286,0.00029423,0.00234286,0.0,163548.5,1
TR2 5,0.00323738,0.01060382,0.00369532,0.01183853,0.00412461,0.01272592,0.00458399,0.0142762,0.0,1467575.4,1
TR20 8,0.00182356,0.00535704,0.00185781,0.00535704,0.00253932,0.00634444,0.00253932,0.00634444,0.0,472993.9,1
TR20 9,0.00456257,0.01438329,0.00469896,0.01438367,0.00755753,0.0167178,0.0075651,0.01672575,0.0,655536.8,1
TR21 0,0.00363104,0.01253337,0.00765875,0.02138831,0.0061042,0.01384734,0.01140789,0.02380486,0.0,492982.1,1
TR22 0,0.00233637,0.00645163,0.00299723,0.00895638,0.00334242,0.0072873,0.00361272,0.01084959,0.0,327491.6,1
TR23 0,0.00505641,0.01501487,0.00622117,0.01863964,0.00804577,0.01733443,0.0099003,0.02138091,0.0,417898.4,1
TR24 0,0.0079393,0.02337075,0.0125341,0.03495929,0.01134048,0.02693344,0.01786223,0.03968719,0.0,384727.2,1
TR25 0,0.00148999,0.00541646,0.00149114,0.00542125,0.00155847,0.0066367,0.0015606,0.00664261,0.0,182912.4,1
TR26 1,0.00086552,0.00249885,0.01112898,0.0273763,0.00123388,0.00281042,0.01598835,0.03111021,0.0,21113.9,1
TR26 2,0.00537459,0.01489824,0.00650705,0.01683377,0.00824481,0.01663081,0.0094275,0.01877276,0.0,116002.9,1
TR26 3,0.00498473,0.01503624,0.0050009,0.01727737,0.0076437,0.0176975,0.00911463,0.02021398,0.0,820930.0,1
TR26 9,0.0,0.0,0.0,0.0,0.0,0.0,0.0,0.0,0.0,0.0,0
TR27 4,0.00089683,0.00410254,0.00546429,0.01877938,0.00169152,0.00495987,0.01190298,0.02110005,0.0,14544.3,1
TR27 5,0.00471368,0.01509516,0.00473051,0.0151322,0.00780469,0.01740994,0.0078283,0.01744848,0.0,868950.5,1
TR27 6,0.0,0.0,4.599e-05,0.00171633,0.0,0.0,0.00113028,0.00193351,0.0,0.0,1
TR3 6,0.00312711,0.00929866,0.00318989,0.00948731,0.00236268,0.01128525,0.00239406,0.01153708,0.0,349317.5,1
TR3 7,0.0002132,0.00063342,0.00050322,0.00150806,0.00010712,0.00084278,0.00025191,0.00201137,0.0,16512.5,1
TR4 8,0.00049139,0.00173479,0.00049139,0.00173479,0.00053893,0.00213629,0.00053893,0.00213629,0.0,74018.3,1
TR4 9,0.0,0.0,0.0,0.0,0.0,0.0,0.0,0.0,0.0,0.0,0
TR5 0,0.00145786,0.00488427,0.00145792,0.00488427,0.00216681,0.00553354,0.00216681,0.00553354,0.0,155315.0,1
TR6 0,0.00631871,0.01921438,0.00634213,0.01921438,0.00969597,0.02205487,0.00969597,0.02205487,0.0,394045.6,1
TR7 1,0.01025664,0.04795902,0.01664409,0.05380099,0.02420041,0.05571787,0.02760878,0.06231407,0.0,697892.7,1
TR7 2,0.00690808,0.02635754,0.009336,0.02663591,0.01574136,0.03105322,0.01622579,0.03133221,0.0,99581.0,1
TR7 3,0.0038362,0.01292099,0.00814692,0.02243172,0.00677473,0.01474023,0.01280341,0.02528809,0.0,90722.4,1
TR7 9,0.0,0.0,0.0,0.0,0.0,0.0,0.0,0.0,0.0,0.0,0
TR8 4,0.00112392,0.00362963,0.00130486,0.00406034,0.00191389,0.00409595,0.00216434,0.00458759,0.0,280549.5,1
TR8 5,0.00426186,0.0146393,0.00426186,0.0146393,0.0071212,0.01709368,0.0071212,0.01709368,0.0,1259153.4,1
TR9 6,0.0,0.0,0.0,0.0,0.0,0.0,0.0,0.0,0.0,0.0,0
TS1 1,0.0,0.0,0.0,0.0,0.0,0.0,0.0,0.0,0.0,0.0,0
TS1 2,0.0,0.0,0.0,0.0,0.0,0.0,0.0,0.0,0.0,0.0,0
TS1 3,0.0,0.0,0.0,0.0,0.0,0.0,0.0,0.0,0.0,0.0,0
TS1 4,0.0,0.0,0.0,0.0,0.0,0.0,0.0,0.0,0.0,0.0,0
TS1 5,0.0,0.0,0.0,0.0,0.0,0.0,0.0,0.0,0.0,0.0,0
TS1 9,0.0,0.0,0.0,0.0,0.0,0.0,0.0,0.0,0.0,0.0,0
TS10 1,0.0,0.0,0.00901322,0.02701087,0.0,0.0,0.01600067,0.03001744,0.0,0.0,1
TS10 2,0.0,0.0,0.0,0.0,0.0,0.0,0.0,0.0,0.0,0.0,0
TS10 3,0.00236355,0.00902498,0.00477319,0.01718281,0.00373467,0.01061366,0.00824676,0.01993655,0.0,100789.5,1
TS10 4,0.0,0.0,0.0,0.0,0.0,0.0,0.0,0.0,0.0,0.0,0
TS10 5,0.0,0.0,0.00064434,0.00120507,0.0,0.0,0.00079328,0.00130765,0.0,0.0,1
TS10 9,0.0,0.0,0.0,0.0,0.0,0.0,0.0,0.0,0.0,0.0,0
TS11 6,0.00315454,0.00975478,0.00309802,0.00917406,0.00423686,0.0109055,0.00409306,0.01019419,0.0,18433.0,1
TS11 7,0.00852338,0.0256506,0.02879414,0.07579945,0.01271973,0.0290442,0.04095513,0.085404,0.0,214881.7,1
TS11 8,0.0,0.0,0.0,0.0,0.0,0.0,0.0,0.0,0.0,0.0,0
TS12 1,0.00351633,0.01203986,0.01520846,0.04280116,0.00544733,0.01384369,0.02205425,0.0496673,0.0,117215.8,1
TS12 2,0.0031391,0.01041983,0.0031391,0.01043232,0.00477451,0.01195181,0.00477451,0.01197147,0.0,314634.9,1
TS12 3,0.0,0.0,0.0,0.0,0.0,0.0,0.0,0.0,0.0,0.0,0
TS12 9,0.0,0.0,0.0,0.0,0.0,0.0,0.0,0.0,0.0,0.0,0
TS13 4,0.00456352,0.0157341,0.00486738,0.0165502,0.00724207,0.01812036,0.00761693,0.01908624,0.0,966826.5,1
TS13 5,0.00551841,0.01975989,0.00593616,0.02085937,0.00877878,0.02266154,0.00937092,0.02389598,0.01557537,939760.2,1
TS14 6,0.0,0.0,0.0,0.0,0.0,0.0,0.0,0.0,0.0,0.0,0
TS14 7,0.0,0.0,0.0,0.0,0.0,0.0,0.0,0.0,0.0,0.0,0
TS14 8,0.0,0.0,0.0,0.0,0.0,0.0,0.0,0.0,0.0,0.0,0
TS15 0,0.0,0.0,0.0,0.0,0.0,0.0,0.0,0.0,0.0,0.0,0
TS15 9,0.0,0.0,0.0,0.0,0.0,0.0,0.0,0.0,0.0,0.0,0
TS16 0,0.0,0.0,0.0,0.0,0.0,0.0,0.0,0.0,0.0,0.0,0
TS16 9,0.0,0.0,0.0,0.0,0.0,0.0,0.0,0.0,0.0,0.0,0
TS17 0,0.0,0.0,0.0,0.0,0.0,0.0,0.0,0.0,0.0,0.0,0
TS17 5,0.0,0.0,0.0,0.0,0.0,0.0,0.0,0.0,0.0,0.0,0
TS17 6,0.0,0.0,0.0,0.0,0.0,0.0,0.0,0.0,0.0,0.0,0
TS17 7,0.0,0.0,0.0,0.0,0.0,0.0,0.0,0.0,0.0,0.0,0
TS17 8,0.0,0.0,0.0,0.0,0.0,0.0,0.0,0.0,0.0,0.0,0
TS17 9,0.0,0.0,0.0,0.0,0.0,0.0,0.0,0.0,0.0,0.0,0
TS18 1,0.0,0.0,0.0,0.0,0.0,0.0,0.0,0.0,0.0,0.0,0
TS18 2,0.0,0.0,0.0,0.0,0.0,0.0,0.0,0.0,0.0,0.0,0
TS18 3,0.0,0.0,0.0,0.0,0.0,0.0,0.0,0.0,0.0,0.0,0
TS18 4,0.0,0.0,0.0,0.0,0.0,0.0,0.0,0.0,0.0,0.0,0
TS18 5,0.0,0.0,0.0,0.0,0.0,0.0,0.0,0.0,0.0,0.0,0
TS19 0,0.0,0.0,0.0,0.0,0.0,0.0,0.0,0.0,0.0,0.0,0
TS19 1,0.0,0.0,0.0,0.0,0.0,0.0,0.0,0.0,0.0,0.0,0
TS19 7,0.0,0.0,0.0,0.0,0.0,0.0,0.0,0.0,0.0,0.0,0
TS19 8,0.0,0.0,0.0,0.0,0.0,0.0,0.0,0.0,0.0,0.0,0
TS19 9,0.0,0.0,0.0,0.0,0.0,0.0,0.0,0.0,0.0,0.0,0
TS2 1,0.0,0.0,0.0,0.0,0.0,0.0,0.0,0.0,0.0,0.0,0
TS20 1,0.0,0.0,0.0,0.0,0.0,0.0,0.0,0.0,0.0,0.0,0
TS20 2,0.0,0.0,0.0,0.0,0.0,0.0,0.0,0.0,0.0,0.0,0
TS21 1,0.0,0.0,0.0,0.0,0.0,0.0,0.0,0.0,0.0,0.0,0
TS21 2,0.0,0.0,0.0,0.0,0.0,0.0,0.0,0.0,0.0,0.0,0
TS21 3,0.0,0.0,0.0,0.0,0.0,0.0,0.0,0.0,0.0,0.0,0
TS21 4,0.0,0.0,0.0,0.0,0.0,0.0,0.0,0.0,0.0,0.0,0
TS22 5,0.0,0.0,0.0,0.0,0.0,0.0,0.0,0.0,0.0,0.0,0
TS23 1,0.0,0.0,0.0,0.0,0.0,0.0,0.0,0.0,0.0,0.0,0
TS23 2,0.0,0.0,0.0,0.0,0.0,0.0,0.0,0.0,0.0,0.0,0
TS23 3,0.0,0.0,0.0,0.0,0.0,0.0,0.0,0.0,0.0,0.0,0
TS23 4,0.0,0.0,0.0,0.0,0.0,0.0,0.0,0.0,0.0,0.0,0
TS24 0,0.00044848,0.00158191,0.0202541,0.05602075,0.00023074,0.00208653,0.02541564,0.06634678,0.0,32643.6,1
TS24 4,0.0,0.0,0.0,0.0,0.0,0.0,0.0,0.0,0.0,0.0,0
TS24 7,0.0,0.0,0.0,0.0,0.0,0.0,0.0,0.0,0.0,0.0,0
TS24 8,0.0,0.0,0.0,0.0,0.0,0.0,0.0,0.0,0.0,0.0,0
TS24 9,0.0382161,0.13039729,0.0382161,0.13039729,0.0703826,0.15313356,0.0703826,0.15313356,0.0,707758.1,1
TS25 1,0.0,0.0,0.0,0.0,0.0,0.0,0.0,0.0,0.0,0.0,0
TS25 2,0.0,0.0,0.0,0.0,0.0,0.0,0.0,0.0,0.0,0.0,0
TS25 3,0.0,0.0,0.0,0.0,0.0,0.0,0.0,0.0,0.0,0.0,0
TS25 4,0.0,0.0,0.0,0.0,0.0,0.0,0.0,0.0,0.0,0.0,0
TS25 5,0.0,0.0,0.0,0.0,0.0,0.0,0.0,0.0,0.0,0.0,0
TS26 0,0.0,0.0,0.0,0.0,0.0,0.0,0.0,0.0,0.0,0.0,0
TS26 8,0.0,0.0,0.0,0.0,0.0,0.0,0.0,0.0,0.0,0.0,0
TS26 9,0.0,0.0,0.0,0.0,0.0,0.0,0.0,0.0,0.0,0.0,0
TS27 3,0.00104897,0.00471609,0.00104897,0.00471609,0.00073727,0.00641059,0.00073727,0.00641059,0.0,167553.8,1
TS27 4,0.00308778,0.01041091,0.00308778,0.01041091,0.00447485,0.01222843,0.00447485,0.01222843,0.0,362206.7,1
TS28 5,0.0,0.0,0.0,0.0,0.0,0.0,0.0,0.0,0.0,0.0,0
TS29 6,0.0,0.0,0.0,0.0,0.0,0.0,0.0,0.0,0.0,0.0,0
TS3 0,0.0,0.0,0.0,0.0,0.0,0.0,0.0,0.0,0.0,0.0,0
TS3 6,0.0,0.0,0.0,0.0,0.0,0.0,0.0,0.0,0.0,0.0,0
TS3 7,0.0,0.0,0.0,0.0,0.0,0.0,0.0,0.0,0.0,0.0,0
TS3 8,0.0,0.0,0.0,0.0,0.0,0.0,0.0,0.0,0.0,0.0,0
TS3 9,0.0,0.0,0.0,0.0,0.0,0.0,0.0,0.0,0.0,0.0,0
TS4 2,0.0,0.0,0.0,0.0,0.0,0.0,0.0,0.0,0.0,0.0,0
TS4 3,0.0,0.0,0.0,0.0,0.0,0.0,0.0,0.0,0.0,0.0,0
TS5 4,0.0,0.0,0.0,0.0,0.0,0.0,0.0,0.0,0.0,0.0,0
TS5 5,0.0,0.0,0.0,0.0,0.0,0.0,0.0,0.0,0.0,0.0,0
TS5 6,0.0,0.0,0.0,0.0,0.0,0.0,0.0,0.0,0.0,0.0,0
TS5 7,0.0,0.0,0.0,0.0,0.0,0.0,0.0,0.0,0.0,0.0,0
TS5 8,0.0,0.0,0.0,0.0,0.0,0.0,0.0,0.0,0.0,0.0,0
TS6 0,0.0,0.0,0.0,0.0,0.0,0.0,0.0,0.0,0.0,0.0,0
TS6 6,0.0,0.0,0.0,0.0,0.0,0.0,0.0,0.0,0.0,0.0,0
TS6 7,0.0,0.0,0.0,0.0,0.0,0.0,0.0,0.0,0.0,0.0,0
TS6 8,0.0,0.0,0.0,0.0,0.0,0.0,0.0,0.0,0.0,0.0,0
TS6 9,0.0,0.0,0.0,0.0,0.0,0.0,0.0,0.0,0.0,0.0,0
TS7 0,0.0,0.0,0.0,0.0,0.0,0.0,0.0,0.0,0.0,0.0,0
TS7 8,0.0,0.0,0.0,0.0,0.0,0.0,0.0,0.0,0.0,0.0,0
TS7 9,0.0,0.0,0.0,0.0,0.0,0.0,0.0,0.0,0.0,0.0,0
TS8 0,0.0,0.0,0.0,0.0,0.0,0.0,0.0,0.0,0.0,0.0,0
TS8 8,0.0,0.0,0.0,0.0,0.0,0.0,0.0,0.0,0.0,0.0,0
TS8 9,0.0,0.0,0.0,0.0,0.0,0.0,0.0,0.0,0.0,0.0,0
TS9 5,0.0,0.0,0.0,0.0,0.0,0.0,0.0,0.0,0.0,0.0,0
TS9 6,0.0,0.0,0.0,0.0,0.0,0.0,0.0,0.0,0.0,0.0,0
TS9 7,0.0,0.0,0.0,0.0,0.0,0.0,0.0,0.0,0.0,0.0,0
TW1 1,0.0,0.0,0.0,0.0,0.0,0.0,0.0,0.0,0.0,0.0,0
TW1 2,0.0,0.0,0.0,0.0,0.0,0.0,0.0,0.0,0.0,0.0,0
TW1 3,0.0,0.0,0.0,0.0,0.0,0.0,0.0,0.0,0.0,0.0,0
TW1 4,0.0,0.0,0.0,0.0,0.0,0.0,0.0,0.0,0.0,0.0,0
TW1 9,0.0,0.0,0.0,0.0,0.0,0.0,0.0,0.0,0.0,0.0,0
TW10 5,0.0,0.0,0.0,0.0,0.0,0.0,0.0,0.0,0.0,0.0,0
TW10 6,0.0,0.0,0.0,0.0,0.0,0.0,0.0,0.0,0.0,0.0,0
TW10 7,0.0,0.0,0.0,0.0,0.0,0.0,0.0,0.0,0.0,0.0,0
TW11 0,0.0,0.0,0.0,0.0,0.0,0.0,0.0,0.0,0.0,0.0,0
TW11 1,0.0,0.0,0.0,0.0,0.0,0.0,0.0,0.0,0.0,0.0,0
TW11 8,0.0,0.0,0.0,0.0,0.0,0.0,0.0,0.0,0.0,0.0,0
TW11 9,0.0,0.0,0.0,0.0,0.0,0.0,0.0,0.0,0.0,0.0,0
TW12 1,0.0,0.0,0.0,0.0,0.0,0.0,0.0,0.0,0.0,0.0,0
TW12 2,0.0,0.0,0.0,0.0,0.0,0.0,0.0,0.0,0.0,0.0,0
TW12 3,0.0,0.0,0.0,0.0,0.0,0.0,0.0,0.0,0.0,0.0,0
TW12 9,0.0,0.0,0.0,0.0,0.0,0.0,0.0,0.0,0.0,0.0,0
TW13 4,0.0,0.0,0.0,0.0,0.0,0.0,0.0,0.0,0.0,0.0,0
TW13 5,0.0,0.0,0.0,0.0,0.0,0.0,0.0,0.0,0.0,0.0,0
TW13 6,0.0,0.0,0.0,0.0,0.0,0.0,0.0,0.0,0.0,0.0,0
TW13 7,0.0,0.0,0.0,0.0,0.0,0.0,0.0,0.0,0.0,0.0,0
TW13 9,0.0,0.0,0.0,0.0,0.0,0.0,0.0,0.0,0.0,0.0,0
TW14 0,0.0,0.0,0.0,0.0,0.0,0.0,0.0,0.0,0.0,0.0,0
TW14 8,0.0,0.0,0.0,0.0,0.0,0.0,0.0,0.0,0.0,0.0,0
TW14 9,0.0,0.0,0.0,0.0,0.0,0.0,0.0,0.0,0.0,0.0,0
TW15 1,0.0,0.0,0.0,0.0,0.0,0.0,0.0,0.0,0.0,0.0,0
TW15 2,0.0,0.0,0.0,0.0,0.0,0.0,0.0,0.0,0.0,0.0,0
TW15 3,0.0,0.0,0.0,0.0,0.0,0.0,0.0,0.0,0.0,0.0,0
TW16 5,0.0,0.0,0.0,0.0,0.0,0.0,0.0,0.0,0.0,0.0,0
TW16 6,0.0,0.0,0.0,0.0,0.0,0.0,0.0,0.0,0.0,0.0,0
TW16 7,0.0,0.0,0.0,0.0,0.0,0.0,0.0,0.0,0.0,0.0,0
TW17 0,0.0,0.0,0.0,0.0,0.0,0.0,0.0,0.0,0.0,0.0,0
TW17 7,0.0,0.0,0.0,0.0,0.0,0.0,0.0,0.0,0.0,0.0,0
TW17 8,0.0,0.0,0.0,0.0,0.0,0.0,0.0,0.0,0.0,0.0,0
TW17 9,0.0,0.0,0.0,0.0,0.0,0.0,0.0,0.0,0.0,0.0,0
TW18 1,0.0,0.0,0.0,0.0,0.0,0.0,0.0,0.0,0.0,0.0,0
TW18 2,0.0,0.0,0.0,0.0,0.0,0.0,0.0,0.0,0.0,0.0,0
TW18 3,0.0,0.0,0.0,0.0,0.0,0.0,0.0,0.0,0.0,0.0,0
TW18 4,0.0,0.0,0.0,0.0,0.0,0.0,0.0,0.0,0.0,0.0,0
TW18 9,0.0,0.0,0.0,0.0,0.0,0.0,0.0,0.0,0.0,0.0,0
TW19 5,0.0,0.0,0.0,0.0,0.0,0.0,0.0,0.0,0.0,0.0,0
TW19 6,0.0,0.0,0.0,0.0,0.0,0.0,0.0,0.0,0.0,0.0,0
TW19 7,0.0,0.0,0.0,0.0,0.0,0.0,0.0,0.0,0.0,0.0,0
TW2 5,0.0,0.0,0.0,0.0,0.0,0.0,0.0,0.0,0.0,0.0,0
TW2 6,0.0,0.0,0.0,0.0,0.0,0.0,0.0,0.0,0.0,0.0,0
TW2 7,0.0,0.0,0.0,0.0,0.0,0.0,0.0,0.0,0.0,0.0,0
TW20 0,0.0,0.0,0.0,0.0,0.0,0.0,0.0,0.0,0.0,0.0,0
TW20 8,0.0,0.0,0.0,0.0,0.0,0.0,0.0,0.0,0.0,0.0,0
TW20 9,0.0,0.0,0.0,0.0,0.0,0.0,0.0,0.0,0.0,0.0,0
TW3 1,0.0,0.0,0.0,0.0,0.0,0.0,0.0,0.0,0.0,0.0,0
TW3 2,0.0,0.0,0.0,0.0,0.0,0.0,0.0,0.0,0.0,0.0,0
TW3 3,0.0,0.0,0.0,0.0,0.0,0.0,0.0,0.0,0.0,0.0,0
TW3 4,0.0,0.0,0.0,0.0,0.0,0.0,0.0,0.0,0.0,0.0,0
TW3 9,0.0,0.0,0.0,0.0,0.0,0.0,0.0,0.0,0.0,0.0,0
TW4 5,0.0,0.0,0.0,0.0,0.0,0.0,0.0,0.0,0.0,0.0,0
TW4 6,0.0,0.0,0.0,0.0,0.0,0.0,0.0,0.0,0.0,0.0,0
TW4 7,0.0,0.0,0.0,0.0,0.0,0.0,0.0,0.0,0.0,0.0,0
TW5 0,0.0,0.0,0.0,0.0,0.0,0.0,0.0,0.0,0.0,0.0,0
TW5 9,0.0,0.0,0.0,0.0,0.0,0.0,0.0,0.0,0.0,0.0,0
TW6 1,0.0,0.0,0.0,0.0,0.0,0.0,0.0,0.0,0.0,0.0,0
TW6 2,0.0,0.0,0.0,0.0,0.0,0.0,0.0,0.0,0.0,0.0,0
TW6 3,0.0,0.0,0.0,0.0,0.0,0.0,0.0,0.0,0.0,0.0,0
TW7 4,0.0,0.0,0.0,0.0,0.0,0.0,0.0,0.0,0.0,0.0,0
TW7 5,0.0,0.0,0.0,0.0,0.0,0.0,0.0,0.0,0.0,0.0,0
TW7 6,0.0,0.0,0.0,0.0,0.0,0.0,0.0,0.0,0.0,0.0,0
TW7 7,0.0,0.0,0.0,0.0,0.0,0.0,0.0,0.0,0.0,0.0,0
TW8 0,0.0,0.0,0.0,0.0,0.0,0.0,0.0,0.0,0.0,0.0,0
TW8 1,0.0,0.0,0.0,0.0,0.0,0.0,0.0,0.0,0.0,0.0,0
TW8 8,0.0,0.0,0.0,0.0,0.0,0.0,0.0,0.0,0.0,0.0,0
TW8 9,0.0,0.0,0.0,0.0,0.0,0.0,0.0,0.0,0.0,0.0,0
TW9 1,0.0,0.0,0.0,0.0,0.0,0.0,0.0,0.0,0.0,0.0,0
TW9 2,0.0,0.0,0.0,0.0,0.0,0.0,0.0,0.0,0.0,0.0,0
TW9 3,0.0,0.0,0.0,0.0,0.0,0.0,0.0,0.0,0.0,0.0,0
TW9 4,0.0,0.0,0.0,0.0,0.0,0.0,0.0,0.0,0.0,0.0,0
TW9 9,0.0,0.0,0.0,0.0,0.0,0.0,0.0,0.0,0.0,0.0,0
UB1 1,0.0,0.0,0.0,0.0,0.0,0.0,0.0,0.0,0.0,0.0,0
UB1 2,0.0,0.0,0.0,0.0,0.0,0.0,0.0,0.0,0.0,0.0,0
UB1 3,0.0,0.0,0.0,0.0,0.0,0.0,0.0,0.0,0.0,0.0,0
UB10 0,0.0,0.0,0.0,0.0,0.0,0.0,0.0,0.0,0.0,0.0,0
UB10 8,0.0,0.0,0.0,0.0,0.0,0.0,0.0,0.0,0.0,0.0,0
UB10 9,0.0,0.0,0.0,0.0,0.0,0.0,0.0,0.0,0.0,0.0,0
UB11 1,0.0,0.0,0.0,0.0,0.0,0.0,0.0,0.0,0.0,0.0,0
UB2 4,0.0,0.0,0.0,0.0,0.0,0.0,0.0,0.0,0.0,0.0,0
UB2 5,0.0,0.0,0.0,0.0,0.0,0.0,0.0,0.0,0.0,0.0,0
UB3 1,0.0,0.0,0.0,0.0,0.0,0.0,0.0,0.0,0.0,0.0,0
UB3 2,0.0,0.0,0.0,0.0,0.0,0.0,0.0,0.0,0.0,0.0,0
UB3 3,0.0,0.0,0.0,0.0,0.0,0.0,0.0,0.0,0.0,0.0,0
UB3 4,0.0,0.0,0.0,0.0,0.0,0.0,0.0,0.0,0.0,0.0,0
UB3 5,0.0,0.0,0.0,0.0,0.0,0.0,0.0,0.0,0.0,0.0,0
UB3 9,0.0,0.0,0.0,0.0,0.0,0.0,0.0,0.0,0.0,0.0,0
UB4 0,0.0,0.0,0.0,0.0,0.0,0.0,0.0,0.0,0.0,0.0,0
UB4 8,0.0,0.0,0.0,0.0,0.0,0.0,0.0,0.0,0.0,0.0,0
UB4 9,0.0,0.0,0.0,0.0,0.0,0.0,0.0,0.0,0.0,0.0,0
UB5 4,0.0,0.0,0.0,0.0,0.0,0.0,0.0,0.0,0.0,0.0,0
UB5 5,0.0,0.0,0.0,0.0,0.0,0.0,0.0,0.0,0.0,0.0,0
UB5 6,0.0,0.0,0.0,0.0,0.0,0.0,0.0,0.0,0.0,0.0,0
UB5 9,0.0,0.0,0.0,0.0,0.0,0.0,0.0,0.0,0.0,0.0,0
UB6 0,0.0,0.0,0.0,0.0,0.0,0.0,0.0,0.0,0.0,0.0,0
UB6 7,0.0,0.0,0.0,0.0,0.0,0.0,0.0,0.0,0.0,0.0,0
UB6 8,0.0,0.0,0.0,0.0,0.0,0.0,0.0,0.0,0.0,0.0,0
UB6 9,0.0,0.0,0.0,0.0,0.0,0.0,0.0,0.0,0.0,0.0,0
UB7 0,0.0,0.0,0.0,0.0,0.0,0.0,0.0,0.0,0.0,0.0,0
UB7 7,0.0,0.0,0.0,0.0,0.0,0.0,0.0,0.0,0.0,0.0,0
UB7 8,0.0,0.0,0.0,0.0,0.0,0.0,0.0,0.0,0.0,0.0,0
UB7 9,0.0,0.0,0.0,0.0,0.0,0.0,0.0,0.0,0.0,0.0,0
UB8 1,0.0,0.0,0.0,0.0,0.0,0.0,0.0,0.0,0.0,0.0,0
UB8 2,0.0,0.0,0.0,0.0,0.0,0.0,0.0,0.0,0.0,0.0,0
UB8 3,0.0,0.0,0.0,0.0,0.0,0.0,0.0,0.0,0.0,0.0,0
UB8 9,0.0,0.0,0.0,0.0,0.0,0.0,0.0,0.0,0.0,0.0,0
UB9 4,0.0,0.0,0.0,0.0,0.0,0.0,0.0,0.0,0.0,0.0,0
UB9 5,0.0,0.0,0.0,0.0,0.0,0.0,0.0,0.0,0.0,0.0,0
UB9 6,0.0,0.0,0.0,0.0,0.0,0.0,0.0,0.0,0.0,0.0,0
W10 4,0.0,0.0,0.0,0.0,0.0,0.0,0.0,0.0,0.0,0.0,0
W10 5,0.0,0.0,0.0,0.0,0.0,0.0,0.0,0.0,0.0,0.0,0
W10 6,0.0,0.0,0.0,0.0,0.0,0.0,0.0,0.0,0.0,0.0,0
W11 1,0.0,0.0,0.0,0.0,0.0,0.0,0.0,0.0,0.0,0.0,0
W11 2,0.0,0.0,0.0,0.0,0.0,0.0,0.0,0.0,0.0,0.0,0
W11 3,0.0,0.0,0.0,0.0,0.0,0.0,0.0,0.0,0.0,0.0,0
W11 4,0.0,0.0,0.0,0.0,0.0,0.0,0.0,0.0,0.0,0.0,0
W12 0,0.0,0.0,0.0,0.0,0.0,0.0,0.0,0.0,0.0,0.0,0
W12 7,0.0,0.0,0.0,0.0,0.0,0.0,0.0,0.0,0.0,0.0,0
W12 8,0.0,0.0,0.0,0.0,0.0,0.0,0.0,0.0,0.0,0.0,0
W12 9,0.0,0.0,0.0,0.0,0.0,0.0,0.0,0.0,0.0,0.0,0
W13 0,0.0,0.0,0.0,0.0,0.0,0.0,0.0,0.0,0.0,0.0,0
W13 3,0.0,0.0,0.0,0.0,0.0,0.0,0.0,0.0,0.0,0.0,0
W13 8,0.0,0.0,0.0,0.0,0.0,0.0,0.0,0.0,0.0,0.0,0
W13 9,0.0,0.0,0.0,0.0,0.0,0.0,0.0,0.0,0.0,0.0,0
W14 0,0.0,0.0,0.0,0.0,0.0,0.0,0.0,0.0,0.0,0.0,0
W14 4,0.0,0.0,0.0,0.0,0.0,0.0,0.0,0.0,0.0,0.0,0
W14 8,0.0,0.0,0.0,0.0,0.0,0.0,0.0,0.0,0.0,0.0,0
W14 9,0.0,0.0,0.0,0.0,0.0,0.0,0.0,0.0,0.0,0.0,0
W1B 1,0.0,0.0,0.0,0.0,0.0,0.0,0.0,0.0,0.0,0.0,0
W1B 2,0.0,0.0,0.0,0.0,0.0,0.0,0.0,0.0,0.0,0.0,0
W1B 3,0.0,0.0,0.0,0.0,0.0,0.0,0.0,0.0,0.0,0.0,0
W1B 4,0.0,0.0,0.0,0.0,0.0,0.0,0.0,0.0,0.0,0.0,0
W1B 5,0.0,0.0,0.0,0.0,0.0,0.0,0.0,0.0,0.0,0.0,0
W1C 1,0.0,0.0,0.0,0.0,0.0,0.0,0.0,0.0,0.0,0.0,0
W1C 2,0.0,0.0,0.0,0.0,0.0,0.0,0.0,0.0,0.0,0.0,0
W1D 1,0.0,0.0,0.0,0.0,0.0,0.0,0.0,0.0,0.0,0.0,0
W1D 2,0.0,0.0,0.0,0.0,0.0,0.0,0.0,0.0,0.0,0.0,0
W1D 3,0.0,0.0,0.0,0.0,0.0,0.0,0.0,0.0,0.0,0.0,0
W1D 4,0.0,0.0,0.0,0.0,0.0,0.0,0.0,0.0,0.0,0.0,0
W1D 5,0.0,0.0,0.0,0.0,0.0,0.0,0.0,0.0,0.0,0.0,0
W1D 6,0.0,0.0,0.0,0.0,0.0,0.0,0.0,0.0,0.0,0.0,0
W1D 7,0.0,0.0,0.0,0.0,0.0,0.0,0.0,0.0,0.0,0.0,0
W1F 0,0.0,0.0,0.0,0.0,0.0,0.0,0.0,0.0,0.0,0.0,0
W1F 7,0.0,0.0,0.0,0.0,0.0,0.0,0.0,0.0,0.0,0.0,0
W1F 8,0.0,0.0,0.0,0.0,0.0,0.0,0.0,0.0,0.0,0.0,0
W1F 9,0.0,0.0,0.0,0.0,0.0,0.0,0.0,0.0,0.0,0.0,0
W1G 0,0.0,0.0,0.0,0.0,0.0,0.0,0.0,0.0,0.0,0.0,0
W1G 6,0.0,0.0,0.0,0.0,0.0,0.0,0.0,0.0,0.0,0.0,0
W1G 7,0.0,0.0,0.0,0.0,0.0,0.0,0.0,0.0,0.0,0.0,0
W1G 8,0.0,0.0,0.0,0.0,0.0,0.0,0.0,0.0,0.0,0.0,0
W1G 9,0.0,0.0,0.0,0.0,0.0,0.0,0.0,0.0,0.0,0.0,0
W1H 1,0.0,0.0,0.0,0.0,0.0,0.0,0.0,0.0,0.0,0.0,0
W1H 2,0.0,0.0,0.0,0.0,0.0,0.0,0.0,0.0,0.0,0.0,0
W1H 4,0.0,0.0,0.0,0.0,0.0,0.0,0.0,0.0,0.0,0.0,0
W1H 5,0.0,0.0,0.0,0.0,0.0,0.0,0.0,0.0,0.0,0.0,0
W1H 6,0.0,0.0,0.0,0.0,0.0,0.0,0.0,0.0,0.0,0.0,0
W1H 7,0.0,0.0,0.0,0.0,0.0,0.0,0.0,0.0,0.0,0.0,0
W1J 0,0.0,0.0,0.0,0.0,0.0,0.0,0.0,0.0,0.0,0.0,0
W1J 5,0.0,0.0,0.0,0.0,0.0,0.0,0.0,0.0,0.0,0.0,0
W1J 6,0.0,0.0,0.0,0.0,0.0,0.0,0.0,0.0,0.0,0.0,0
W1J 7,0.0,0.0,0.0,0.0,0.0,0.0,0.0,0.0,0.0,0.0,0
W1J 8,0.0,0.0,0.0,0.0,0.0,0.0,0.0,0.0,0.0,0.0,0
W1J 9,0.0,0.0,0.0,0.0,0.0,0.0,0.0,0.0,0.0,0.0,0
W1K 1,0.0,0.0,0.0,0.0,0.0,0.0,0.0,0.0,0.0,0.0,0
W1K 2,0.0,0.0,0.0,0.0,0.0,0.0,0.0,0.0,0.0,0.0,0
W1K 3,0.0,0.0,0.0,0.0,0.0,0.0,0.0,0.0,0.0,0.0,0
W1K 4,0.0,0.0,0.0,0.0,0.0,0.0,0.0,0.0,0.0,0.0,0
W1K 5,0.0,0.0,0.0,0.0,0.0,0.0,0.0,0.0,0.0,0.0,0
W1K 6,0.0,0.0,0.0,0.0,0.0,0.0,0.0,0.0,0.0,0.0,0
W1K 7,0.0,0.0,0.0,0.0,0.0,0.0,0.0,0.0,0.0,0.0,0
W1S 1,0.0,0.0,0.0,0.0,0.0,0.0,0.0,0.0,0.0,0.0,0
W1S 2,0.0,0.0,0.0,0.0,0.0,0.0,0.0,0.0,0.0,0.0,0
W1S 3,0.0,0.0,0.0,0.0,0.0,0.0,0.0,0.0,0.0,0.0,0
W1S 4,0.0,0.0,0.0,0.0,0.0,0.0,0.0,0.0,0.0,0.0,0
W1T 1,0.0,0.0,0.0,0.0,0.0,0.0,0.0,0.0,0.0,0.0,0
W1T 2,0.0,0.0,0.0,0.0,0.0,0.0,0.0,0.0,0.0,0.0,0
W1T 3,0.0,0.0,0.0,0.0,0.0,0.0,0.0,0.0,0.0,0.0,0
W1T 4,0.0,0.0,0.0,0.0,0.0,0.0,0.0,0.0,0.0,0.0,0
W1T 5,0.0,0.0,0.0,0.0,0.0,0.0,0.0,0.0,0.0,0.0,0
W1T 6,0.0,0.0,0.0,0.0,0.0,0.0,0.0,0.0,0.0,0.0,0
W1T 7,0.0,0.0,0.0,0.0,0.0,0.0,0.0,0.0,0.0,0.0,0
W1U 1,0.0,0.0,0.0,0.0,0.0,0.0,0.0,0.0,0.0,0.0,0
W1U 2,0.0,0.0,0.0,0.0,0.0,0.0,0.0,0.0,0.0,0.0,0
W1U 3,0.0,0.0,0.0,0.0,0.0,0.0,0.0,0.0,0.0,0.0,0
W1U 4,0.0,0.0,0.0,0.0,0.0,0.0,0.0,0.0,0.0,0.0,0
W1U 5,0.0,0.0,0.0,0.0,0.0,0.0,0.0,0.0,0.0,0.0,0
W1U 6,0.0,0.0,0.0,0.0,0.0,0.0,0.0,0.0,0.0,0.0,0
W1U 7,0.0,0.0,0.0,0.0,0.0,0.0,0.0,0.0,0.0,0.0,0
W1U 8,0.0,0.0,0.0,0.0,0.0,0.0,0.0,0.0,0.0,0.0,0
W1W 5,0.0,0.0,0.0,0.0,0.0,0.0,0.0,0.0,0.0,0.0,0
W1W 6,0.0,0.0,0.0,0.0,0.0,0.0,0.0,0.0,0.0,0.0,0
W1W 7,0.0,0.0,0.0,0.0,0.0,0.0,0.0,0.0,0.0,0.0,0
W1W 8,0.0,0.0,0.0,0.0,0.0,0.0,0.0,0.0,0.0,0.0,0
W2 1,0.0,0.0,0.0,0.0,0.0,0.0,0.0,0.0,0.0,0.0,0
W2 2,0.0,0.0,0.0,0.0,0.0,0.0,0.0,0.0,0.0,0.0,0
W2 3,0.0,0.0,0.0,0.0,0.0,0.0,0.0,0.0,0.0,0.0,0
W2 4,0.0,0.0,0.0,0.0,0.0,0.0,0.0,0.0,0.0,0.0,0
W2 5,0.0,0.0,0.0,0.0,0.0,0.0,0.0,0.0,0.0,0.0,0
W2 6,0.0,0.0,0.0,0.0,0.0,0.0,0.0,0.0,0.0,0.0,0
W3 0,0.0,0.0,0.0,0.0,0.0,0.0,0.0,0.0,0.0,0.0,0
W3 3,0.0,0.0,0.0,0.0,0.0,0.0,0.0,0.0,0.0,0.0,0
W3 6,0.0,0.0,0.0,0.0,0.0,0.0,0.0,0.0,0.0,0.0,0
W3 7,0.0,0.0,0.0,0.0,0.0,0.0,0.0,0.0,0.0,0.0,0
W3 8,0.0,0.0,0.0,0.0,0.0,0.0,0.0,0.0,0.0,0.0,0
W3 9,0.0,0.0,0.0,0.0,0.0,0.0,0.0,0.0,0.0,0.0,0
W4 1,0.0,0.0,0.0,0.0,0.0,0.0,0.0,0.0,0.0,0.0,0
W4 2,0.0,0.0,0.0,0.0,0.0,0.0,0.0,0.0,0.0,0.0,0
W4 3,0.0,0.0,0.0,0.0,0.0,0.0,0.0,0.0,0.0,0.0,0
W4 4,0.0,0.0,0.0,0.0,0.0,0.0,0.0,0.0,0.0,0.0,0
W4 5,0.0,0.0,0.0,0.0,0.0,0.0,0.0,0.0,0.0,0.0,0
W4 9,0.0,0.0,0.0,0.0,0.0,0.0,0.0,0.0,0.0,0.0,0
W5 1,0.0,0.0,0.0,0.0,0.0,0.0,0.0,0.0,0.0,0.0,0
W5 2,0.0,0.0,0.0,0.0,0.0,0.0,0.0,0.0,0.0,0.0,0
W5 3,0.0,0.0,0.0,0.0,0.0,0.0,0.0,0.0,0.0,0.0,0
W5 4,0.0,0.0,0.0,0.0,0.0,0.0,0.0,0.0,0.0,0.0,0
W5 5,0.0,0.0,0.0,0.0,0.0,0.0,0.0,0.0,0.0,0.0,0
W5 9,0.0,0.0,0.0,0.0,0.0,0.0,0.0,0.0,0.0,0.0,0
W6 0,0.0,0.0,0.0,0.0,0.0,0.0,0.0,0.0,0.0,0.0,0
W6 6,0.0,0.0,0.0,0.0,0.0,0.0,0.0,0.0,0.0,0.0,0
W6 7,0.0,0.0,0.0,0.0,0.0,0.0,0.0,0.0,0.0,0.0,0
W6 8,0.0,0.0,0.0,0.0,0.0,0.0,0.0,0.0,0.0,0.0,0
W6 9,0.0,0.0,0.0,0.0,0.0,0.0,0.0,0.0,0.0,0.0,0
W7 1,0.0,0.0,0.0,0.0,0.0,0.0,0.0,0.0,0.0,0.0,0
W7 2,0.0,0.0,0.0,0.0,0.0,0.0,0.0,0.0,0.0,0.0,0
W7 3,0.0,0.0,0.0,0.0,0.0,0.0,0.0,0.0,0.0,0.0,0
W7 9,0.0,0.0,0.0,0.0,0.0,0.0,0.0,0.0,0.0,0.0,0
W8 4,0.0,0.0,0.0,0.0,0.0,0.0,0.0,0.0,0.0,0.0,0
W8 5,0.0,0.0,0.0,0.0,0.0,0.0,0.0,0.0,0.0,0.0,0
W8 6,0.0,0.0,0.0,0.0,0.0,0.0,0.0,0.0,0.0,0.0,0
W8 7,0.0,0.0,0.0,0.0,0.0,0.0,0.0,0.0,0.0,0.0,0
W8 9,0.0,0.0,0.0,0.0,0.0,0.0,0.0,0.0,0.0,0.0,0
W9 1,0.0,0.0,0.0,0.0,0.0,0.0,0.0,0.0,0.0,0.0,0
W9 2,0.0,0.0,0.0,0.0,0.0,0.0,0.0,0.0,0.0,0.0,0
W9 3,0.0,0.0,0.0,0.0,0.0,0.0,0.0,0.0,0.0,0.0,0
WA1 1,0.0,0.0,0.0,0.0,0.0,0.0,0.0,0.0,0.0,0.0,0
WA1 2,0.0,0.0,0.0,0.0,0.0,0.0,0.0,0.0,0.0,0.0,0
WA1 3,0.0,0.0,0.0,0.0,0.0,0.0,0.0,0.0,0.0,0.0,0
WA1 4,0.0,0.0,0.0,0.0,0.0,0.0,0.0,0.0,0.0,0.0,0
WA1 9,0.0,0.0,0.0,0.0,0.0,0.0,0.0,0.0,0.0,0.0,0
WA10 1,0.0,0.0,0.0,0.0,0.0,0.0,0.0,0.0,0.0,0.0,0
WA10 2,0.0,0.0,0.0,0.0,0.0,0.0,0.0,0.0,0.0,0.0,0
WA10 3,0.0,0.0,0.0,0.0,0.0,0.0,0.0,0.0,0.0,0.0,0
WA10 4,0.0,0.0,0.0,0.0,0.0,0.0,0.0,0.0,0.0,0.0,0
WA10 5,0.0,0.0,0.0,0.0,0.0,0.0,0.0,0.0,0.0,0.0,0
WA10 6,0.0,0.0,0.0,0.0,0.0,0.0,0.0,0.0,0.0,0.0,0
WA10 9,0.0,0.0,0.0,0.0,0.0,0.0,0.0,0.0,0.0,0.0,0
WA11 0,0.0,0.0,0.0,0.0,0.0,0.0,0.0,0.0,0.0,0.0,0
WA11 7,0.0,0.0,0.0,0.0,0.0,0.0,0.0,0.0,0.0,0.0,0
WA11 8,0.0,0.0,0.0,0.0,0.0,0.0,0.0,0.0,0.0,0.0,0
WA11 9,0.0,0.0,0.0,0.0,0.0,0.0,0.0,0.0,0.0,0.0,0
WA12 0,0.0,0.0,0.0,0.0,0.0,0.0,0.0,0.0,0.0,0.0,0
WA12 2,0.0,0.0,0.0,0.0,0.0,0.0,0.0,0.0,0.0,0.0,0
WA12 8,0.0,0.0,0.0,0.0,0.0,0.0,0.0,0.0,0.0,0.0,0
WA12 9,0.0,0.0,0.0,0.0,0.0,0.0,0.0,0.0,0.0,0.0,0
WA13 0,0.0,0.0,0.0,0.0,0.0,0.0,0.0,0.0,0.0,0.0,0
WA13 9,0.0,0.0,0.0,0.0,0.0,0.0,0.0,0.0,0.0,0.0,0
WA14 1,0.0,0.0,0.0,0.0,0.0,0.0,0.0,0.0,0.0,0.0,0
WA14 2,0.0,0.0,0.0,0.0,0.0,0.0,0.0,0.0,0.0,0.0,0
WA14 3,0.0,0.0,0.0,0.0,0.0,0.0,0.0,0.0,0.0,0.0,0
WA14 4,0.0,0.0,0.0,0.0,0.0,0.0,0.0,0.0,0.0,0.0,0
WA14 5,0.0,0.0,0.0,0.0,0.0,0.0,0.0,0.0,0.0,0.0,0
WA15 0,0.0,0.0,0.0,0.0,0.0,0.0,0.0,0.0,0.0,0.0,0
WA15 5,0.0,0.0,0.0,0.0,0.0,0.0,0.0,0.0,0.0,0.0,0
WA15 6,0.0,0.0,0.0,0.0,0.0,0.0,0.0,0.0,0.0,0.0,0
WA15 7,0.0,0.0,0.0,0.0,0.0,0.0,0.0,0.0,0.0,0.0,0
WA15 8,0.0,0.0,0.0,0.0,0.0,0.0,0.0,0.0,0.0,0.0,0
WA15 9,0.0,0.0,0.0,0.0,0.0,0.0,0.0,0.0,0.0,0.0,0
WA16 0,0.0,0.0,0.0,0.0,0.0,0.0,0.0,0.0,0.0,0.0,0
WA16 1,0.0,0.0,0.0,0.0,0.0,0.0,0.0,0.0,0.0,0.0,0
WA16 6,0.0,0.0,0.0,0.0,0.0,0.0,0.0,0.0,0.0,0.0,0
WA16 7,0.0,0.0,0.0,0.0,0.0,0.0,0.0,0.0,0.0,0.0,0
WA16 8,0.0,0.0,0.0,0.0,0.0,0.0,0.0,0.0,0.0,0.0,0
WA16 9,0.0,0.0,0.0,0.0,0.0,0.0,0.0,0.0,0.0,0.0,0
WA2 0,0.0,0.0,0.0,0.0,0.0,0.0,0.0,0.0,0.0,0.0,0
WA2 7,0.0,0.0,0.0,0.0,0.0,0.0,0.0,0.0,0.0,0.0,0
WA2 8,0.0,0.0,0.0,0.0,0.0,0.0,0.0,0.0,0.0,0.0,0
WA2 9,0.0,0.0,0.0,0.0,0.0,0.0,0.0,0.0,0.0,0.0,0
WA3 1,0.0,0.0,0.0,0.0,0.0,0.0,0.0,0.0,0.0,0.0,0
WA3 2,0.0,0.0,0.0,0.0,0.0,0.0,0.0,0.0,0.0,0.0,0
WA3 3,0.0,0.0,0.0,0.0,0.0,0.0,0.0,0.0,0.0,0.0,0
WA3 4,0.0,0.0,0.0,0.0,0.0,0.0,0.0,0.0,0.0,0.0,0
WA3 5,0.0,0.0,0.0,0.0,0.0,0.0,0.0,0.0,0.0,0.0,0
WA3 6,0.0,0.0,0.0,0.0,0.0,0.0,0.0,0.0,0.0,0.0,0
WA3 7,0.0,0.0,0.0,0.0,0.0,0.0,0.0,0.0,0.0,0.0,0
WA3 9,0.0,0.0,0.0,0.0,0.0,0.0,0.0,0.0,0.0,0.0,0
WA4 1,0.0,0.0,0.0,0.0,0.0,0.0,0.0,0.0,0.0,0.0,0
WA4 2,0.0,0.0,0.0,0.0,0.0,0.0,0.0,0.0,0.0,0.0,0
WA4 3,0.0,0.0,0.0,0.0,0.0,0.0,0.0,0.0,0.0,0.0,0
WA4 4,0.0,0.0,0.0,0.0,0.0,0.0,0.0,0.0,0.0,0.0,0
WA4 5,0.0,0.0,0.0,0.0,0.0,0.0,0.0,0.0,0.0,0.0,0
WA4 6,0.0,0.0,0.0,0.0,0.0,0.0,0.0,0.0,0.0,0.0,0
WA5 0,0.0,0.0,0.0,0.0,0.0,0.0,0.0,0.0,0.0,0.0,0
WA5 1,0.0,0.0,0.0,0.0,0.0,0.0,0.0,0.0,0.0,0.0,0
WA5 2,0.00152923,0.0055614,0.00152923,0.0055614,0.00108263,0.00742147,0.00108263,0.00742147,0.0,51130.1,1
WA5 3,0.0,0.0,0.0,0.0,0.0,0.0,0.0,0.0,0.0,0.0,0
WA5 4,0.0,0.0,0.0,0.0,0.0,0.0,0.0,0.0,0.0,0.0,0
WA5 7,0.0,0.0,0.0,0.0,0.0,0.0,0.0,0.0,0.0,0.0,0
WA5 8,0.0,0.0,0.0,0.0,0.0,0.0,0.0,0.0,0.0,0.0,0
WA5 9,0.0,0.0,0.0,0.0,0.0,0.0,0.0,0.0,0.0,0.0,0
WA6 0,0.0,0.0,0.0,0.0,0.0,0.0,0.0,0.0,0.0,0.0,0
WA6 1,0.0,0.0,0.0,0.0,0.0,0.0,0.0,0.0,0.0,0.0,0
WA6 6,0.0,0.0,0.0,0.0,0.0,0.0,0.0,0.0,0.0,0.0,0
WA6 7,0.0,0.0,0.0,0.0,0.0,0.0,0.0,0.0,0.0,0.0,0
WA6 8,0.0,0.0,0.0,0.0,0.0,0.0,0.0,0.0,0.0,0.0,0
WA6 9,0.0,0.0,0.0,0.0,0.0,0.0,0.0,0.0,0.0,0.0,0
WA7 1,0.00461378,0.0136145,0.00461378,0.03553085,0.00339184,0.01712872,0.01666798,0.04231181,0.0,155945.1,1
WA7 2,0.0,0.0,0.0,0.0,0.0,0.0,0.0,0.0,0.0,0.0,0
WA7 3,0.0,0.0,0.0,0.0,0.0,0.0,0.0,0.0,0.0,0.0,0
WA7 4,0.0,0.0,0.0001987,0.00079025,0.0,0.0,0.00079024,0.00079025,0.0,0.0,1
WA7 5,0.0,0.0,0.0,0.0,0.0,0.0,0.0,0.0,0.0,0.0,0
WA7 6,0.0,0.0,0.0,0.0,0.0,0.0,0.0,0.0,0.0,0.0,0
WA7 9,0.0,0.0,0.0,0.0,0.0,0.0,0.0,0.0,0.0,0.0,0
WA8 0,0.02210344,0.06436033,0.02210344,0.06554604,0.01799875,0.08020633,0.01877057,0.08153428,0.0,513238.8,1
WA8 2,0.0,0.0,0.0,0.0,0.0,0.0,0.0,0.0,0.0,0.0,0
WA8 3,0.0,0.0,0.0,0.0,0.0,0.0,0.0,0.0,0.0,0.0,0
WA8 4,0.0,0.0,0.0,0.0,0.0,0.0,0.0,0.0,0.0,0.0,0
WA8 5,0.0,0.0,0.0,0.0,0.0,0.0,0.0,0.0,0.0,0.0,0
WA8 6,0.0,0.0,0.0,0.0,0.0,0.0,0.0,0.0,0.0,0.0,0
WA8 7,0.0,8.45e-06,0.0,8.45e-06,0.0,6.632e-05,0.0,6.632e-05,0.0,26.2,1
WA8 8,0.00267858,0.00795853,0.00267858,0.00795853,0.00297624,0.0094463,0.00297624,0.0094463,0.0,92769.0,1
WA8 9,0.0,0.0,0.0,0.0,0.0,0.0,0.0,0.0,0.0,0.0,0
WA9 1,0.0,0.0,0.0,0.0,0.0,0.0,0.0,0.0,0.0,0.0,0
WA9 2,0.0,0.0,0.0,0.0,0.0,0.0,0.0,0.0,0.0,0.0,0
WA9 3,0.0,0.0,0.0,0.0,0.0,0.0,0.0,0.0,0.0,0.0,0
WA9 4,0.0,0.0,0.0,0.0,0.0,0.0,0.0,0.0,0.0,0.0,0
WA9 5,0.0,0.0,0.0,0.0,0.0,0.0,0.0,0.0,0.0,0.0,0
WC1A 1,0.0,0.0,0.0,0.0,0.0,0.0,0.0,0.0,0.0,0.0,0
WC1A 2,0.0,0.0,0.0,0.0,0.0,0.0,0.0,0.0,0.0,0.0,0
WC1B 3,0.0,0.0,0.0,0.0,0.0,0.0,0.0,0.0,0.0,0.0,0
WC1B 4,0.0,0.0,0.0,0.0,0.0,0.0,0.0,0.0,0.0,0.0,0
WC1B 5,0.0,0.0,0.0,0.0,0.0,0.0,0.0,0.0,0.0,0.0,0
WC1E 6,0.0,0.0,0.0,0.0,0.0,0.0,0.0,0.0,0.0,0.0,0
WC1E 7,0.0,0.0,0.0,0.0,0.0,0.0,0.0,0.0,0.0,0.0,0
WC1H 0,0.0,0.0,0.0,0.0,0.0,0.0,0.0,0.0,0.0,0.0,0
WC1H 8,0.0,0.0,0.0,0.0,0.0,0.0,0.0,0.0,0.0,0.0,0
WC1H 9,0.0,0.0,0.0,0.0,0.0,0.0,0.0,0.0,0.0,0.0,0
WC1N 1,0.0,0.0,0.0,0.0,0.0,0.0,0.0,0.0,0.0,0.0,0
WC1N 2,0.0,0.0,0.0,0.0,0.0,0.0,0.0,0.0,0.0,0.0,0
WC1N 3,0.0,0.0,0.0,0.0,0.0,0.0,0.0,0.0,0.0,0.0,0
WC1R 4,0.0,0.0,0.0,0.0,0.0,0.0,0.0,0.0,0.0,0.0,0
WC1R 5,0.0,0.0,0.0,0.0,0.0,0.0,0.0,0.0,0.0,0.0,0
WC1V 6,0.0,0.0,0.0,0.0,0.0,0.0,0.0,0.0,0.0,0.0,0
WC1V 7,0.0,0.0,0.0,0.0,0.0,0.0,0.0,0.0,0.0,0.0,0
WC1X 0,0.0,0.0,0.0,0.0,0.0,0.0,0.0,0.0,0.0,0.0,0
WC1X 8,0.0,0.0,0.0,0.0,0.0,0.0,0.0,0.0,0.0,0.0,0
WC1X 9,0.0,0.0,0.0,0.0,0.0,0.0,0.0,0.0,0.0,0.0,0
WC2A 1,0.0,0.0,0.0,0.0,0.0,0.0,0.0,0.0,0.0,0.0,0
WC2A 2,0.0,0.0,0.0,0.0,0.0,0.0,0.0,0.0,0.0,0.0,0
WC2A 3,0.0,0.0,0.0,0.0,0.0,0.0,0.0,0.0,0.0,0.0,0
WC2B 4,0.0,0.0,0.0,0.0,0.0,0.0,0.0,0.0,0.0,0.0,0
WC2B 5,0.0,0.0,0.0,0.0,0.0,0.0,0.0,0.0,0.0,0.0,0
WC2B 6,0.0,0.0,0.0,0.0,0.0,0.0,0.0,0.0,0.0,0.0,0
WC2E 7,0.0,0.0,0.0,0.0,0.0,0.0,0.0,0.0,0.0,0.0,0
WC2E 8,0.0,0.0,0.0,0.0,0.0,0.0,0.0,0.0,0.0,0.0,0
WC2E 9,0.0,0.0,0.0,0.0,0.0,0.0,0.0,0.0,0.0,0.0,0
WC2H 0,0.0,0.0,0.0,0.0,0.0,0.0,0.0,0.0,0.0,0.0,0
WC2H 7,0.0,0.0,0.0,0.0,0.0,0.0,0.0,0.0,0.0,0.0,0
WC2H 8,0.0,0.0,0.0,0.0,0.0,0.0,0.0,0.0,0.0,0.0,0
WC2H 9,0.0,0.0,0.0,0.0,0.0,0.0,0.0,0.0,0.0,0.0,0
WC2N 4,0.0,0.0,0.0,0.0,0.0,0.0,0.0,0.0,0.0,0.0,0
WC2N 5,0.0,0.0,0.0,0.0,0.0,0.0,0.0,0.0,0.0,0.0,0
WC2N 6,0.0,0.0,0.0,0.0,0.0,0.0,0.0,0.0,0.0,0.0,0
WC2R 0,0.0,0.0,0.0,0.0,0.0,0.0,0.0,0.0,0.0,0.0,0
WC2R 1,0.0,0.0,0.0,0.0,0.0,0.0,0.0,0.0,0.0,0.0,0
WC2R 2,0.0,0.0,0.0,0.0,0.0,0.0,0.0,0.0,0.0,0.0,0
WC2R 3,0.0,0.0,0.0,0.0,0.0,0.0,0.0,0.0,0.0,0.0,0
WD17 1,0.0,0.0,0.0,0.0,0.0,0.0,0.0,0.0,0.0,0.0,0
WD17 2,0.0,0.0,0.0,0.0,0.0,0.0,0.0,0.0,0.0,0.0,0
WD17 3,0.0,0.0,0.0,0.0,0.0,0.0,0.0,0.0,0.0,0.0,0
WD17 4,0.0,0.0,0.0,0.0,0.0,0.0,0.0,0.0,0.0,0.0,0
WD18 0,0.0,0.0,0.0,0.0,0.0,0.0,0.0,0.0,0.0,0.0,0
WD18 1,0.0,0.0,0.0,0.0,0.0,0.0,0.0,0.0,0.0,0.0,0
WD18 6,0.0,0.0,0.0,0.0,0.0,0.0,0.0,0.0,0.0,0.0,0
WD18 7,0.0,0.0,0.0,0.0,0.0,0.0,0.0,0.0,0.0,0.0,0
WD18 8,0.0,0.0,0.0,0.0,0.0,0.0,0.0,0.0,0.0,0.0,0
WD18 9,0.0,0.0,0.0,0.0,0.0,0.0,0.0,0.0,0.0,0.0,0
WD19 4,0.0,0.0,0.0,0.0,0.0,0.0,0.0,0.0,0.0,0.0,0
WD19 5,0.0,0.0,0.0,0.0,0.0,0.0,0.0,0.0,0.0,0.0,0
WD19 6,0.0,0.0,0.0,0.0,0.0,0.0,0.0,0.0,0.0,0.0,0
WD19 7,0.0,0.0,0.0,0.0,0.0,0.0,0.0,0.0,0.0,0.0,0
WD23 1,0.0,0.0,0.0,0.0,0.0,0.0,0.0,0.0,0.0,0.0,0
WD23 2,0.0,0.0,0.0,0.0,0.0,0.0,0.0,0.0,0.0,0.0,0
WD23 3,0.0,0.0,0.0,0.0,0.0,0.0,0.0,0.0,0.0,0.0,0
WD23 4,0.0,0.0,0.0,0.0,0.0,0.0,0.0,0.0,0.0,0.0,0
WD23 9,0.0,0.0,0.0,0.0,0.0,0.0,0.0,0.0,0.0,0.0,0
WD24 4,0.0,0.0,0.0,0.0,0.0,0.0,0.0,0.0,0.0,0.0,0
WD24 5,0.0,0.0,0.0,0.0,0.0,0.0,0.0,0.0,0.0,0.0,0
WD24 6,0.0,0.0,0.0,0.0,0.0,0.0,0.0,0.0,0.0,0.0,0
WD24 7,0.0,0.0,0.0,0.0,0.0,0.0,0.0,0.0,0.0,0.0,0
WD25 0,0.0,0.0,0.0,0.0,0.0,0.0,0.0,0.0,0.0,0.0,0
WD25 7,0.0,0.0,0.0,0.0,0.0,0.0,0.0,0.0,0.0,0.0,0
WD25 8,0.0,0.0,0.0,0.0,0.0,0.0,0.0,0.0,0.0,0.0,0
WD25 9,0.0,0.0,0.0,0.0,0.0,0.0,0.0,0.0,0.0,0.0,0
WD3 0,0.0,0.0,0.0,0.0,0.0,0.0,0.0,0.0,0.0,0.0,0
WD3 1,0.0,0.0,0.0,0.0,0.0,0.0,0.0,0.0,0.0,0.0,0
WD3 3,0.0,0.0,0.0,0.0,0.0,0.0,0.0,0.0,0.0,0.0,0
WD3 4,0.0,0.0,0.0,0.0,0.0,0.0,0.0,0.0,0.0,0.0,0
WD3 5,0.0,0.0,0.0,0.0,0.0,0.0,0.0,0.0,0.0,0.0,0
WD3 6,0.0,0.0,0.0,0.0,0.0,0.0,0.0,0.0,0.0,0.0,0
WD3 7,0.0,0.0,0.0,0.0,0.0,0.0,0.0,0.0,0.0,0.0,0
WD3 8,0.0,0.0,0.0,0.0,0.0,0.0,0.0,0.0,0.0,0.0,0
WD3 9,0.0,0.0,0.0,0.0,0.0,0.0,0.0,0.0,0.0,0.0,0
WD4 8,0.0,0.0,0.0,0.0,0.0,0.0,0.0,0.0,0.0,0.0,0
WD4 9,0.0,0.0,0.0,0.0,0.0,0.0,0.0,0.0,0.0,0.0,0
WD5 0,0.0,0.0,0.0,0.0,0.0,0.0,0.0,0.0,0.0,0.0,0
WD6 1,0.0,0.0,0.0,0.0,0.0,0.0,0.0,0.0,0.0,0.0,0
WD6 2,0.0,0.0,0.0,0.0,0.0,0.0,0.0,0.0,0.0,0.0,0
WD6 3,0.0,0.0,0.0,0.0,0.0,0.0,0.0,0.0,0.0,0.0,0
WD6 4,0.0,0.0,0.0,0.0,0.0,0.0,0.0,0.0,0.0,0.0,0
WD6 5,0.0,0.0,0.0,0.0,0.0,0.0,0.0,0.0,0.0,0.0,0
WD6 9,0.0,0.0,0.0,0.0,0.0,0.0,0.0,0.0,0.0,0.0,0
WD7 0,0.0,0.0,0.0,0.0,0.0,0.0,0.0,0.0,0.0,0.0,0
WD7 7,0.0,0.0,0.0,0.0,0.0,0.0,0.0,0.0,0.0,0.0,0
WD7 8,0.0,0.0,0.0,0.0,0.0,0.0,0.0,0.0,0.0,0.0,0
WD7 9,0.0,0.0,0.0,0.0,0.0,0.0,0.0,0.0,0.0,0.0,0
WF1 1,0.0,0.0,0.0,0.0,0.0,0.0,0.0,0.0,0.0,0.0,0
WF1 2,0.0,0.0,0.0,0.0,0.0,0.0,0.0,0.0,0.0,0.0,0
WF1 3,0.0,0.0,0.0,0.0,0.0,0.0,0.0,0.0,0.0,0.0,0
WF1 4,0.0,0.0,0.0,0.0,0.0,0.0,0.0,0.0,0.0,0.0,0
WF1 5,0.0,0.0,0.0,0.0,0.0,0.0,0.0,0.0,0.0,0.0,0
WF1 9,0.0,0.0,0.0,0.0,0.0,0.0,0.0,0.0,0.0,0.0,0
WF10 1,0.0,0.0,0.0,0.0,0.0,0.0,0.0,0.0,0.0,0.0,0
WF10 2,0.0,0.0,0.0,0.0,0.0,0.0,0.0,0.0,0.0,0.0,0
WF10 3,0.0,0.0,0.0,0.0,0.0,0.0,0.0,0.0,0.0,0.0,0
WF10 4,0.0,0.0,0.0,0.0,0.0,0.0,0.0,0.0,0.0,0.0,0
WF10 5,0.0,0.0,0.0,0.0,0.0,0.0,0.0,0.0,0.0,0.0,0
WF10 9,0.0,0.0,0.0,0.0,0.0,0.0,0.0,0.0,0.0,0.0,0
WF11 0,0.0,0.0,0.0,0.0,0.0,0.0,0.0,0.0,0.0,0.0,0
WF11 8,0.0,0.0,0.0,0.0,0.0,0.0,0.0,0.0,0.0,0.0,0
WF11 9,0.0,0.0,0.0,0.0,0.0,0.0,0.0,0.0,0.0,0.0,0
WF12 0,0.0,0.0,0.0,0.0,0.0,0.0,0.0,0.0,0.0,0.0,0
WF12 7,0.0,0.0,0.0,0.0,0.0,0.0,0.0,0.0,0.0,0.0,0
WF12 8,0.0,0.0,0.0,0.0,0.0,0.0,0.0,0.0,0.0,0.0,0
WF12 9,0.0,0.0,0.0,0.0,0.0,0.0,0.0,0.0,0.0,0.0,0
WF13 1,0.0,0.0,0.0,0.0,0.0,0.0,0.0,0.0,0.0,0.0,0
WF13 2,0.0,0.0,0.0,0.0,0.0,0.0,0.0,0.0,0.0,0.0,0
WF13 3,0.0,0.0,0.0,0.0,0.0,0.0,0.0,0.0,0.0,0.0,0
WF13 4,0.0,0.0,0.0,0.0,0.0,0.0,0.0,0.0,0.0,0.0,0
WF13 9,0.0,0.0,0.0,0.0,0.0,0.0,0.0,0.0,0.0,0.0,0
WF14 0,0.0,0.0,0.0,0.0,0.0,0.0,0.0,0.0,0.0,0.0,0
WF14 8,0.0,0.0,0.0,0.0,0.0,0.0,0.0,0.0,0.0,0.0,0
WF14 9,0.0,0.0,0.0,0.0,0.0,0.0,0.0,0.0,0.0,0.0,0
WF15 6,0.0,0.0,0.0,0.0,0.0,0.0,0.0,0.0,0.0,0.0,0
WF15 7,0.0,0.0,0.0,0.0,0.0,0.0,0.0,0.0,0.0,0.0,0
WF15 8,0.0,0.0,0.0,0.0,0.0,0.0,0.0,0.0,0.0,0.0,0
WF16 0,0.0,0.0,0.0,0.0,0.0,0.0,0.0,0.0,0.0,0.0,0
WF16 9,0.0,0.0,0.0,0.0,0.0,0.0,0.0,0.0,0.0,0.0,0
WF17 0,0.0,0.0,0.0,0.0,0.0,0.0,0.0,0.0,0.0,0.0,0
WF17 1,0.0,0.0,0.0,0.0,0.0,0.0,0.0,0.0,0.0,0.0,0
WF17 5,0.0,0.0,0.0,0.0,0.0,0.0,0.0,0.0,0.0,0.0,0
WF17 6,0.0,0.0,0.0,0.0,0.0,0.0,0.0,0.0,0.0,0.0,0
WF17 7,0.0,0.0,0.0,0.0,0.0,0.0,0.0,0.0,0.0,0.0,0
WF17 8,0.0,0.0,0.0,0.0,0.0,0.0,0.0,0.0,0.0,0.0,0
WF17 9,0.0,0.0,0.0,0.0,0.0,0.0,0.0,0.0,0.0,0.0,0
WF2 0,0.0,0.0,0.0,0.0,0.0,0.0,0.0,0.0,0.0,0.0,0
WF2 6,0.0,0.0,0.0,0.0,0.0,0.0,0.0,0.0,0.0,0.0,0
WF2 7,0.0,0.0,0.0,0.0,0.0,0.0,0.0,0.0,0.0,0.0,0
WF2 8,0.0,0.0,0.0,0.0,0.0,0.0,0.0,0.0,0.0,0.0,0
WF2 9,0.0,0.0,0.0,0.0,0.0,0.0,0.0,0.0,0.0,0.0,0
WF3 1,0.0,0.0,0.0,0.0,0.0,0.0,0.0,0.0,0.0,0.0,0
WF3 2,0.0,0.0,0.0,0.0,0.0,0.0,0.0,0.0,0.0,0.0,0
WF3 3,0.0,0.0,0.0,0.0,0.0,0.0,0.0,0.0,0.0,0.0,0
WF3 4,0.0,0.0,0.0,0.0,0.0,0.0,0.0,0.0,0.0,0.0,0
WF4 1,0.0,0.0,0.0,0.0,0.0,0.0,0.0,0.0,0.0,0.0,0
WF4 2,0.0,0.0,0.0,0.0,0.0,0.0,0.0,0.0,0.0,0.0,0
WF4 3,0.0,0.0,0.0,0.0,0.0,0.0,0.0,0.0,0.0,0.0,0
WF4 4,0.0,0.0,0.0,0.0,0.0,0.0,0.0,0.0,0.0,0.0,0
WF4 5,0.0,0.0,0.0,0.0,0.0,0.0,0.0,0.0,0.0,0.0,0
WF4 6,0.0,0.0,0.0,0.0,0.0,0.0,0.0,0.0,0.0,0.0,0
WF5 0,0.0,0.0,0.0,0.0,0.0,0.0,0.0,0.0,0.0,0.0,0
WF5 5,0.0,0.0,0.0,0.0,0.0,0.0,0.0,0.0,0.0,0.0,0
WF5 8,0.0,0.0,0.0,0.0,0.0,0.0,0.0,0.0,0.0,0.0,0
WF5 9,0.0,0.0,0.0,0.0,0.0,0.0,0.0,0.0,0.0,0.0,0
WF6 1,0.0,0.0,0.0,0.0,0.0,0.0,0.0,0.0,0.0,0.0,0
WF6 2,0.0,0.0,0.0,0.0,0.0,0.0,0.0,0.0,0.0,0.0,0
WF7 5,0.0,0.0,0.0,0.0,0.0,0.0,0.0,0.0,0.0,0.0,0
WF7 6,0.0,0.0,0.0,0.0,0.0,0.0,0.0,0.0,0.0,0.0,0
WF7 7,0.0,0.0,0.0,0.0,0.0,0.0,0.0,0.0,0.0,0.0,0
WF8 1,0.0,0.0,0.0,0.0,0.0,0.0,0.0,0.0,0.0,0.0,0
WF8 2,0.0,0.0,0.0,0.0,0.0,0.0,0.0,0.0,0.0,0.0,0
WF8 3,0.0,0.0,0.0,0.0,0.0,0.0,0.0,0.0,0.0,0.0,0
WF8 4,0.0,0.0,0.0,0.0,0.0,0.0,0.0,0.0,0.0,0.0,0
WF8 9,0.0,0.0,0.0,0.0,0.0,0.0,0.0,0.0,0.0,0.0,0
WF9 1,0.0,0.0,0.0,0.0,0.0,0.0,0.0,0.0,0.0,0.0,0
WF9 2,0.0,0.0,0.0,0.0,0.0,0.0,0.0,0.0,0.0,0.0,0
WF9 3,0.0,0.0,0.0,0.0,0.0,0.0,0.0,0.0,0.0,0.0,0
WF9 4,0.0,0.0,0.0,0.0,0.0,0.0,0.0,0.0,0.0,0.0,0
WF9 5,0.0,0.0,0.0,0.0,0.0,0.0,0.0,0.0,0.0,0.0,0
WN1 1,0.0,0.0,0.0,0.0,0.0,0.0,0.0,0.0,0.0,0.0,0
WN1 2,0.0,0.0,0.0,0.0,0.0,0.0,0.0,0.0,0.0,0.0,0
WN1 3,0.0,0.0,0.0,0.0,0.0,0.0,0.0,0.0,0.0,0.0,0
WN1 9,0.0,0.0,0.0,0.0,0.0,0.0,0.0,0.0,0.0,0.0,0
WN2 1,0.0,0.0,0.0,0.0,0.0,0.0,0.0,0.0,0.0,0.0,0
WN2 2,0.0,0.0,0.0,0.0,0.0,0.0,0.0,0.0,0.0,0.0,0
WN2 3,0.0,0.0,0.0,0.0,0.0,0.0,0.0,0.0,0.0,0.0,0
WN2 4,0.0,0.0,0.0,0.0,0.0,0.0,0.0,0.0,0.0,0.0,0
WN2 5,0.0,0.0,0.0,0.0,0.0,0.0,0.0,0.0,0.0,0.0,0
WN3 4,0.0,0.0,0.0,0.0,0.0,0.0,0.0,0.0,0.0,0.0,0
WN3 5,0.0,0.0,0.0,0.0,0.0,0.0,0.0,0.0,0.0,0.0,0
WN3 6,0.0,0.0,0.0,0.0,0.0,0.0,0.0,0.0,0.0,0.0,0
WN4 0,0.0,0.0,0.0,0.0,0.0,0.0,0.0,0.0,0.0,0.0,0
WN4 8,0.0,0.0,0.0,0.0,0.0,0.0,0.0,0.0,0.0,0.0,0
WN4 9,0.0,0.0,0.0,0.0,0.0,0.0,0.0,0.0,0.0,0.0,0
WN5 0,0.0,0.0,0.0,0.0,0.0,0.0,0.0,0.0,0.0,0.0,0
WN5 7,0.0,0.0,0.0,0.0,0.0,0.0,0.0,0.0,0.0,0.0,0
WN5 8,0.0,0.0,0.0,0.0,0.0,0.0,0.0,0.0,0.0,0.0,0
WN5 9,0.0,0.0,0.0,0.0,0.0,0.0,0.0,0.0,0.0,0.0,0
WN6 0,0.0,0.0,0.0,0.0,0.0,0.0,0.0,0.0,0.0,0.0,0
WN6 7,0.0,0.0,0.0,0.0,0.0,0.0,0.0,0.0,0.0,0.0,0
WN6 8,0.0,0.0,0.0,0.0,0.0,0.0,0.0,0.0,0.0,0.0,0
WN6 9,0.0,0.0,0.0,0.0,0.0,0.0,0.0,0.0,0.0,0.0,0
WN7 1,0.0,0.0,0.0,0.0,0.0,0.0,0.0,0.0,0.0,0.0,0
WN7 2,0.0,0.0,0.0,0.0,0.0,0.0,0.0,0.0,0.0,0.0,0
WN7 3,0.0,0.0,0.0,0.0,0.0,0.0,0.0,0.0,0.0,0.0,0
WN7 4,0.0,0.0,0.0,0.0,0.0,0.0,0.0,0.0,0.0,0.0,0
WN7 5,0.0,0.0,0.0,0.0,0.0,0.0,0.0,0.0,0.0,0.0,0
WN7 9,0.0,0.0,0.0,0.0,0.0,0.0,0.0,0.0,0.0,0.0,0
WN8 0,0.0,0.0,0.0,0.0,0.0,0.0,0.0,0.0,0.0,0.0,0
WN8 1,0.0,0.0,0.0,0.0,0.0,0.0,0.0,0.0,0.0,0.0,0
WN8 6,0.0,0.0,0.0,0.0,0.0,0.0,0.0,0.0,0.0,0.0,0
WN8 7,0.0,0.0,0.0,0.0,0.0,0.0,0.0,0.0,0.0,0.0,0
WN8 8,0.0,0.0,0.0,0.0,0.0,0.0,0.0,0.0,0.0,0.0,0
WN8 9,0.0,0.0,0.0,0.0,0.0,0.0,0.0,0.0,0.0,0.0,0
WR1 1,0.0,0.0,0.0,0.0,0.0,0.0,0.0,0.0,0.0,0.0,0
WR1 2,0.0,0.0,0.0,0.0,0.0,0.0,0.0,0.0,0.0,0.0,0
WR1 3,0.0,0.0,0.0,0.0,0.0,0.0,0.0,0.0,0.0,0.0,0
WR1 9,0.0,0.0,0.0,0.0,0.0,0.0,0.0,0.0,0.0,0.0,0
WR10 1,0.0,0.0,0.0,0.0,0.0,0.0,0.0,0.0,0.0,0.0,0
WR10 2,0.0,0.0,0.0,0.0,0.0,0.0,0.0,0.0,0.0,0.0,0
WR10 3,0.0,0.0,0.0,0.0,0.0,0.0,0.0,0.0,0.0,0.0,0
WR10 9,0.0,0.0,0.0,0.0,0.0,0.0,0.0,0.0,0.0,0.0,0
WR11 1,0.0,0.0,0.0,0.0,0.0,0.0,0.0,0.0,0.0,0.0,0
WR11 2,0.0,0.0,0.0,0.0,0.0,0.0,0.0,0.0,0.0,0.0,0
WR11 3,0.0,0.0,0.0,0.0,0.0,0.0,0.0,0.0,0.0,0.0,0
WR11 4,0.0,0.0,0.0,0.0,0.0,0.0,0.0,0.0,0.0,0.0,0
WR11 7,0.0,0.0,0.0,0.0,0.0,0.0,0.0,0.0,0.0,0.0,0
WR11 8,0.0,0.0,0.0,0.0,0.0,0.0,0.0,0.0,0.0,0.0,0
WR11 9,0.0,0.0,0.0,0.0,0.0,0.0,0.0,0.0,0.0,0.0,0
WR12 7,0.0,0.0,0.0,0.0,0.0,0.0,0.0,0.0,0.0,0.0,0
WR13 5,0.0,0.0,0.0,0.0,0.0,0.0,0.0,0.0,0.0,0.0,0
WR13 6,0.0,0.0,0.0,0.0,0.0,0.0,0.0,0.0,0.0,0.0,0
WR14 1,0.0,0.0,0.0,0.0,0.0,0.0,0.0,0.0,0.0,0.0,0
WR14 2,0.0,0.0,0.0,0.0,0.0,0.0,0.0,0.0,0.0,0.0,0
WR14 3,0.0,0.0,0.0,0.0,0.0,0.0,0.0,0.0,0.0,0.0,0
WR14 4,0.0,0.0,0.0,0.0,0.0,0.0,0.0,0.0,0.0,0.0,0
WR14 9,0.0,0.0,0.0,0.0,0.0,0.0,0.0,0.0,0.0,0.0,0
WR15 8,0.0,0.0,0.0,0.0,0.0,0.0,0.0,0.0,0.0,0.0,0
WR2 4,0.0,0.0,0.0,0.0,0.0,0.0,0.0,0.0,0.0,0.0,0
WR2 5,0.0,0.0,0.0,0.0,0.0,0.0,0.0,0.0,0.0,0.0,0
WR2 6,0.0,0.0,0.0,0.0,0.0,0.0,0.0,0.0,0.0,0.0,0
WR3 7,0.0,0.0,0.0,0.0,0.0,0.0,0.0,0.0,0.0,0.0,0
WR3 8,0.0,0.0,0.0,0.0,0.0,0.0,0.0,0.0,0.0,0.0,0
WR4 0,0.0,0.0,0.0,0.0,0.0,0.0,0.0,0.0,0.0,0.0,0
WR4 9,0.0,0.0,0.0,0.0,0.0,0.0,0.0,0.0,0.0,0.0,0
WR5 1,0.0,0.0,0.0,0.0,0.0,0.0,0.0,0.0,0.0,0.0,0
WR5 2,0.0,0.0,0.0,0.0,0.0,0.0,0.0,0.0,0.0,0.0,0
WR5 3,0.0,0.0,0.0,0.0,0.0,0.0,0.0,0.0,0.0,0.0,0
WR6 5,0.0,0.0,0.0,0.0,0.0,0.0,0.0,0.0,0.0,0.0,0
WR6 6,0.0,0.0,0.0,0.0,0.0,0.0,0.0,0.0,0.0,0.0,0
WR7 4,0.0,0.0,0.0,0.0,0.0,0.0,0.0,0.0,0.0,0.0,0
WR8 0,0.0,0.0,0.0,0.0,0.0,0.0,0.0,0.0,0.0,0.0,0
WR8 9,0.0,0.0,0.0,0.0,0.0,0.0,0.0,0.0,0.0,0.0,0
WR9 0,0.0,0.0,0.0,0.0,0.0,0.0,0.0,0.0,0.0,0.0,0
WR9 1,0.0,0.0,0.0,0.0,0.0,0.0,0.0,0.0,0.0,0.0,0
WR9 7,0.0,0.0,0.0,0.0,0.0,0.0,0.0,0.0,0.0,0.0,0
WR9 8,0.0,0.0,0.0,0.0,0.0,0.0,0.0,0.0,0.0,0.0,0
WR9 9,0.0,0.0,0.0,0.0,0.0,0.0,0.0,0.0,0.0,0.0,0
WS1 1,0.0,0.0,0.0,0.0,0.0,0.0,0.0,0.0,0.0,0.0,0
WS1 2,0.0,0.0,0.0,0.0,0.0,0.0,0.0,0.0,0.0,0.0,0
WS1 3,0.0,0.0,0.0,0.0,0.0,0.0,0.0,0.0,0.0,0.0,0
WS1 4,0.0,0.0,0.0,0.0,0.0,0.0,0.0,0.0,0.0,0.0,0
WS1 9,0.0,0.0,0.0,0.0,0.0,0.0,0.0,0.0,0.0,0.0,0
WS10 0,0.0,0.0,0.0,0.0,0.0,0.0,0.0,0.0,0.0,0.0,0
WS10 1,0.0,0.0,0.0,0.0,0.0,0.0,0.0,0.0,0.0,0.0,0
WS10 7,0.0,0.0,0.0,0.0,0.0,0.0,0.0,0.0,0.0,0.0,0
WS10 8,0.0,0.0,0.0,0.0,0.0,0.0,0.0,0.0,0.0,0.0,0
WS10 9,0.0,0.0,0.0,0.0,0.0,0.0,0.0,0.0,0.0,0.0,0
WS11 0,0.0,0.0,0.0,0.0,0.0,0.0,0.0,0.0,0.0,0.0,0
WS11 1,0.0,0.0,0.0,0.0,0.0,0.0,0.0,0.0,0.0,0.0,0
WS11 4,0.0,0.0,0.0,0.0,0.0,0.0,0.0,0.0,0.0,0.0,0
WS11 5,0.0,0.0,0.0,0.0,0.0,0.0,0.0,0.0,0.0,0.0,0
WS11 6,0.0,0.0,0.0,0.0,0.0,0.0,0.0,0.0,0.0,0.0,0
WS11 7,0.0,0.0,0.0,0.0,0.0,0.0,0.0,0.0,0.0,0.0,0
WS11 8,0.0,0.0,0.0,0.0,0.0,0.0,0.0,0.0,0.0,0.0,0
WS11 9,0.0,0.0,0.0,0.0,0.0,0.0,0.0,0.0,0.0,0.0,0
WS12 0,0.0,0.0,0.0,0.0,0.0,0.0,0.0,0.0,0.0,0.0,0
WS12 1,0.0,0.0,0.0,0.0,0.0,0.0,0.0,0.0,0.0,0.0,0
WS12 2,0.0,0.0,0.0,0.0,0.0,0.0,0.0,0.0,0.0,0.0,0
WS12 3,0.0,0.0,0.0,0.0,0.0,0.0,0.0,0.0,0.0,0.0,0
WS12 4,0.0,0.0,0.0,0.0,0.0,0.0,0.0,0.0,0.0,0.0,0
WS13 2,0.0,0.0,0.0,0.0,0.0,0.0,0.0,0.0,0.0,0.0,0
WS13 6,0.0,0.0,0.0,0.0,0.0,0.0,0.0,0.0,0.0,0.0,0
WS13 7,0.0,0.0,0.0,0.0,0.0,0.0,0.0,0.0,0.0,0.0,0
WS13 8,0.0,0.0,0.0,0.0,0.0,0.0,0.0,0.0,0.0,0.0,0
WS14 0,0.0,0.0,0.0,0.0,0.0,0.0,0.0,0.0,0.0,0.0,0
WS14 4,0.0,0.0,0.0,0.0,0.0,0.0,0.0,0.0,0.0,0.0,0
WS14 9,0.0,0.0,0.0,0.0,0.0,0.0,0.0,0.0,0.0,0.0,0
WS15 1,0.0,0.0,0.0,0.0,0.0,0.0,0.0,0.0,0.0,0.0,0
WS15 2,0.0,0.0,0.0,0.0,0.0,0.0,0.0,0.0,0.0,0.0,0
WS15 3,0.0,0.0,0.0,0.0,0.0,0.0,0.0,0.0,0.0,0.0,0
WS15 4,0.0,0.0,0.0,0.0,0.0,0.0,0.0,0.0,0.0,0.0,0
WS15 9,0.0,0.0,0.0,0.0,0.0,0.0,0.0,0.0,0.0,0.0,0
WS2 0,0.0,0.0,0.0,0.0,0.0,0.0,0.0,0.0,0.0,0.0,0
WS2 7,0.0,0.0,0.0,0.0,0.0,0.0,0.0,0.0,0.0,0.0,0
WS2 8,0.0,0.0,0.0,0.0,0.0,0.0,0.0,0.0,0.0,0.0,0
WS2 9,0.0,0.0,0.0,0.0,0.0,0.0,0.0,0.0,0.0,0.0,0
WS3 1,0.0,0.0,0.0,0.0,0.0,0.0,0.0,0.0,0.0,0.0,0
WS3 2,0.0,0.0,0.0,0.0,0.0,0.0,0.0,0.0,0.0,0.0,0
WS3 3,0.0,0.0,0.0,0.0,0.0,0.0,0.0,0.0,0.0,0.0,0
WS3 4,0.0,0.0,0.0,0.0,0.0,0.0,0.0,0.0,0.0,0.0,0
WS3 5,0.0,0.0,0.0,0.0,0.0,0.0,0.0,0.0,0.0,0.0,0
WS4 1,0.0,0.0,0.0,0.0,0.0,0.0,0.0,0.0,0.0,0.0,0
WS4 2,0.0,0.0,0.0,0.0,0.0,0.0,0.0,0.0,0.0,0.0,0
WS5 3,0.0,0.0,0.0,0.0,0.0,0.0,0.0,0.0,0.0,0.0,0
WS5 4,0.0,0.0,0.0,0.0,0.0,0.0,0.0,0.0,0.0,0.0,0
WS6 6,0.0,0.0,0.0,0.0,0.0,0.0,0.0,0.0,0.0,0.0,0
WS6 7,0.0,0.0,0.0,0.0,0.0,0.0,0.0,0.0,0.0,0.0,0
WS6 9,0.0,0.0,0.0,0.0,0.0,0.0,0.0,0.0,0.0,0.0,0
WS7 0,0.0,0.0,0.0,0.0,0.0,0.0,0.0,0.0,0.0,0.0,0
WS7 1,0.0,0.0,0.0,0.0,0.0,0.0,0.0,0.0,0.0,0.0,0
WS7 2,0.0,0.0,0.0,0.0,0.0,0.0,0.0,0.0,0.0,0.0,0
WS7 3,0.0,0.0,0.0,0.0,0.0,0.0,0.0,0.0,0.0,0.0,0
WS7 4,0.0,0.0,0.0,0.0,0.0,0.0,0.0,0.0,0.0,0.0,0
WS7 9,0.0,0.0,0.0,0.0,0.0,0.0,0.0,0.0,0.0,0.0,0
WS8 6,0.0,0.0,0.0,0.0,0.0,0.0,0.0,0.0,0.0,0.0,0
WS8 7,0.0,0.0,0.0,0.0,0.0,0.0,0.0,0.0,0.0,0.0,0
WS9 0,0.0,0.0,0.0,0.0,0.0,0.0,0.0,0.0,0.0,0.0,0
WS9 1,0.0,0.0,0.0,0.0,0.0,0.0,0.0,0.0,0.0,0.0,0
WS9 8,0.0,0.0,0.0,0.0,0.0,0.0,0.0,0.0,0.0,0.0,0
WS9 9,0.0,0.0,0.0,0.0,0.0,0.0,0.0,0.0,0.0,0.0,0
WV1 1,0.0,0.0,0.0,0.0,0.0,0.0,0.0,0.0,0.0,0.0,0
WV1 2,0.0,0.0,0.0,0.0,0.0,0.0,0.0,0.0,0.0,0.0,0
WV1 3,0.0,0.0,0.0,0.0,0.0,0.0,0.0,0.0,0.0,0.0,0
WV1 4,0.0,0.0,0.0,0.0,0.0,0.0,0.0,0.0,0.0,0.0,0
WV1 9,0.0,0.0,0.0,0.0,0.0,0.0,0.0,0.0,0.0,0.0,0
WV10 0,0.0,0.0,0.0,0.0,0.0,0.0,0.0,0.0,0.0,0.0,0
WV10 6,0.0,0.0,0.0,0.0,0.0,0.0,0.0,0.0,0.0,0.0,0
WV10 7,0.0,0.0,0.0,0.0,0.0,0.0,0.0,0.0,0.0,0.0,0
WV10 8,0.0,0.0,0.0,0.0,0.0,0.0,0.0,0.0,0.0,0.0,0
WV10 9,0.0,0.0,0.0,0.0,0.0,0.0,0.0,0.0,0.0,0.0,0
WV11 1,0.0,0.0,0.0,0.0,0.0,0.0,0.0,0.0,0.0,0.0,0
WV11 2,0.0,0.0,0.0,0.0,0.0,0.0,0.0,0.0,0.0,0.0,0
WV11 3,0.0,0.0,0.0,0.0,0.0,0.0,0.0,0.0,0.0,0.0,0
WV11 9,0.0,0.0,0.0,0.0,0.0,0.0,0.0,0.0,0.0,0.0,0
WV12 4,0.0,0.0,0.0,0.0,0.0,0.0,0.0,0.0,0.0,0.0,0
WV12 5,0.0,0.0,0.0,0.0,0.0,0.0,0.0,0.0,0.0,0.0,0
WV13 1,0.0,0.0,0.0,0.0,0.0,0.0,0.0,0.0,0.0,0.0,0
WV13 2,0.0,0.0,0.0,0.0,0.0,0.0,0.0,0.0,0.0,0.0,0
WV13 3,0.0,0.0,0.0,0.0,0.0,0.0,0.0,0.0,0.0,0.0,0
WV14 0,0.0,0.0,0.0,0.0,0.0,0.0,0.0,0.0,0.0,0.0,0
WV14 4,0.0,0.0,0.0,0.0,0.0,0.0,0.0,0.0,0.0,0.0,0
WV14 6,0.0,0.0,0.0,0.0,0.0,0.0,0.0,0.0,0.0,0.0,0
WV14 7,0.0,0.0,0.0,0.0,0.0,0.0,0.0,0.0,0.0,0.0,0
WV14 8,0.0,0.0,0.0,0.0,0.0,0.0,0.0,0.0,0.0,0.0,0
WV14 9,0.0,0.0,0.0,0.0,0.0,0.0,0.0,0.0,0.0,0.0,0
WV15 5,0.0,0.0,0.0,0.0,0.0,0.0,0.0,0.0,0.0,0.0,0
WV15 6,0.0,0.0,0.0,0.0,0.0,0.0,0.0,0.0,0.0,0.0,0
WV16 4,0.0,0.0,0.0,0.0,0.0,0.0,0.0,0.0,0.0,0.0,0
WV16 5,0.0,0.0,0.0,0.0,0.0,0.0,0.0,0.0,0.0,0.0,0
WV16 6,0.0,0.0,0.0,0.0,0.0,0.0,0.0,0.0,0.0,0.0,0
WV16 9,0.0,0.0,0.0,0.0,0.0,0.0,0.0,0.0,0.0,0.0,0
WV2 1,0.0,0.0,0.0,0.0,0.0,0.0,0.0,0.0,0.0,0.0,0
WV2 2,0.0,0.0,0.0,0.0,0.0,0.0,0.0,0.0,0.0,0.0,0
WV2 3,0.0,0.0,0.0,0.0,0.0,0.0,0.0,0.0,0.0,0.0,0
WV2 4,0.0,0.0,0.0,0.0,0.0,0.0,0.0,0.0,0.0,0.0,0
WV3 0,0.0,0.0,0.0,0.0,0.0,0.0,0.0,0.0,0.0,0.0,0
WV3 7,0.0,0.0,0.0,0.0,0.0,0.0,0.0,0.0,0.0,0.0,0
WV3 8,0.0,0.0,0.0,0.0,0.0,0.0,0.0,0.0,0.0,0.0,0
WV3 9,0.0,0.0,0.0,0.0,0.0,0.0,0.0,0.0,0.0,0.0,0
WV4 4,0.0,0.0,0.0,0.0,0.0,0.0,0.0,0.0,0.0,0.0,0
WV4 5,0.0,0.0,0.0,0.0,0.0,0.0,0.0,0.0,0.0,0.0,0
WV4 6,0.0,0.0,0.0,0.0,0.0,0.0,0.0,0.0,0.0,0.0,0
WV5 0,0.0,0.0,0.0,0.0,0.0,0.0,0.0,0.0,0.0,0.0,0
WV5 5,0.0,0.0,0.0,0.0,0.0,0.0,0.0,0.0,0.0,0.0,0
WV5 7,0.0,0.0,0.0,0.0,0.0,0.0,0.0,0.0,0.0,0.0,0
WV5 8,0.0,0.0,0.0,0.0,0.0,0.0,0.0,0.0,0.0,0.0,0
WV5 9,0.0,0.0,0.0,0.0,0.0,0.0,0.0,0.0,0.0,0.0,0
WV6 0,0.0,0.0,0.0,0.0,0.0,0.0,0.0,0.0,0.0,0.0,0
WV6 6,0.0,0.0,0.0,0.0,0.0,0.0,0.0,0.0,0.0,0.0,0
WV6 7,0.0,0.0,0.0,0.0,0.0,0.0,0.0,0.0,0.0,0.0,0
WV6 8,0.0,0.0,0.0,0.0,0.0,0.0,0.0,0.0,0.0,0.0,0
WV6 9,0.0,0.0,0.0,0.0,0.0,0.0,0.0,0.0,0.0,0.0,0
WV7 3,0.0,0.0,0.0,0.0,0.0,0.0,0.0,0.0,0.0,0.0,0
WV8 1,0.0,0.0,0.0,0.0,0.0,0.0,0.0,0.0,0.0,0.0,0
WV8 2,0.0,0.0,0.0,0.0,0.0,0.0,0.0,0.0,0.0,0.0,0
WV9 5,0.0,0.0,0.0,0.0,0.0,0.0,0.0,0.0,0.0,0.0,0
YO1 0,0.0,0.0,0.0,0.0,0.0,0.0,0.0,0.0,0.0,0.0,0
YO1 6,0.0,0.0,0.0,0.0,0.0,0.0,0.0,0.0,0.0,0.0,0
YO1 7,0.0,0.0,0.0,0.0,0.0,0.0,0.0,0.0,0.0,0.0,0
YO1 8,0.0,0.0,0.0,0.0,0.0,0.0,0.0,0.0,0.0,0.0,0
YO1 9,0.0,0.0,0.0,0.0,0.0,0.0,0.0,0.0,0.0,0.0,0
YO10 3,0.0,0.0,0.0,0.0,0.0,0.0,0.0,0.0,0.0,0.0,0
YO10 4,0.0,0.0,0.0,0.0,0.0,0.0,0.0,0.0,0.0,0.0,0
YO10 5,0.0,0.0,0.0,0.0,0.0,0.0,0.0,0.0,0.0,0.0,0
YO11 1,0.0,0.0,0.00695234,0.01398059,0.0,0.0,0.00896384,0.01523551,0.02463552,0.0,1
YO11 2,0.0,0.0,0.00536529,0.01205482,0.0,0.0,0.00709088,0.01312783,0.05128109,0.0,1
YO11 3,0.00365983,0.01300602,0.00381286,0.01301952,0.00579069,0.01498977,0.00580269,0.01500391,0.01219093,604134.0,1
YO11 9,0.0,0.0,0.0,0.0005026,0.0,0.0,0.0,0.00106957,0.43768093,0.0,1
YO12 4,0.0,0.0,0.0,0.0,0.0,0.0,0.0,0.0,0.0,0.0,0
YO12 5,0.0,0.0,0.0,0.0,0.0,0.0,0.0,0.0,0.0,0.0,0
YO12 6,0.00084378,0.00300714,0.0022398,0.00645131,0.00136005,0.00352744,0.00323787,0.00736433,0.0,29956.8,1
YO12 7,0.0,0.0,0.00897028,0.02040159,0.0,0.0,0.01201245,0.02224244,0.04465919,0.0,1
YO13 0,0.00283963,0.00918242,0.00283963,0.00918242,0.00423136,0.01059563,0.00423136,0.01059563,0.00891361,1603045.4,1
YO13 9,0.0,0.0,0.0,0.0,0.0,0.0,0.0,0.0,0.0,0.0,0
YO14 0,0.0,0.0,0.0,0.0,0.0,0.0,0.0,0.0,0.0,0.0,0
YO14 9,0.01025114,0.03807159,0.01178471,0.04157629,0.01585812,0.04507374,0.01780935,0.04904818,0.0068608,2271236.9,1
YO15 1,0.00392667,0.0127008,0.00393568,0.01272912,0.00594876,0.01458399,0.00596699,0.01461259,0.0,883081.0,1
YO15 2,0.00151465,0.00524266,0.03584667,0.07266989,0.00241586,0.00615137,0.04764541,0.08013547,0.0,34891.3,1
YO15 3,0.01111155,0.04490175,0.01817521,0.05983907,0.01904316,0.05343927,0.02833582,0.07016148,0.0,1290546.1,1
YO15 9,0.0,0.0,0.0,0.0,0.0,0.0,0.0,0.0,0.0,0.0,0
YO16 4,0.0,0.0,0.0,0.0,0.0,0.0,0.0,0.0,0.0,0.0,0
YO16 6,0.00056692,0.00191506,0.00056692,0.00191506,0.00089885,0.00223483,0.00089885,0.00223483,0.0,25842.1,1
YO16 7,0.0,0.0,0.0,0.0,0.0,0.0,0.0,0.0,0.0,0.0,0
YO17 1,0.0,0.0,0.0,0.0,0.0,0.0,0.0,0.0,0.0,0.0,0
YO17 6,0.0,0.0,0.0,0.0,0.0,0.0,0.0,0.0,0.0,0.0,0
YO17 7,0.0,0.0,0.0,0.0,0.0,0.0,0.0,0.0,0.0,0.0,0
YO17 8,0.0,0.0,0.0,0.0,0.0,0.0,0.0,0.0,0.0,0.0,0
YO17 9,0.0,0.0,0.0,0.0,0.0,0.0,0.0,0.0,0.0,0.0,0
YO18 7,0.0,0.0,0.0,0.0,0.0,0.0,0.0,0.0,0.0,0.0,0
YO18 8,0.0,0.0,0.0,0.0,0.0,0.0,0.0,0.0,0.0,0.0,0
YO18 9,0.0,0.0,0.0,0.0,0.0,0.0,0.0,0.0,0.0,0.0,0
YO19 4,0.0,0.0,0.0,0.0,0.0,0.0,0.0,0.0,0.0,0.0,0
YO19 5,0.0,0.0,0.0,0.0,0.0,0.0,0.0,0.0,0.0,0.0,0
YO19 6,0.0,0.0,0.0,0.0,0.0,0.0,0.0,0.0,0.0,0.0,0
YO21 1,0.0,0.0,0.0,0.0,0.0,0.0,0.0,0.0,0.0,0.0,0
YO21 2,0.0,0.0,0.0,0.0,0.0,0.0,0.0,0.0,0.0,0.0,0
YO21 3,0.00436932,0.01550684,0.01337214,0.04121067,0.00686791,0.01790261,0.01964507,0.0475623,0.0048089,843923.4,1
YO21 9,0.0,0.0,0.0,0.0,0.0,0.0,0.0,0.0,0.0,0.0,0
YO22 4,0.0030864,0.00999395,0.0049023,0.01525919,0.00459613,0.0113986,0.00709724,0.01759543,0.00044276,840848.8,1
YO22 5,0.0,0.0,0.0,0.0,0.0,0.0,0.0,0.0,0.0,0.0,0
YO23 1,0.0,0.0,0.0,0.0,0.0,0.0,0.0,0.0,0.0,0.0,0
YO23 2,0.0,0.0,0.0,0.0,0.0,0.0,0.0,0.0,0.0,0.0,0
YO23 3,0.0,0.0,0.0,0.0,0.0,0.0,0.0,0.0,0.0,0.0,0
YO23 7,0.0,0.0,0.0,0.0,0.0,0.0,0.0,0.0,0.0,0.0,0
YO24 1,0.0,0.0,0.0,0.0,0.0,0.0,0.0,0.0,0.0,0.0,0
YO24 2,0.0,0.0,0.0,0.0,0.0,0.0,0.0,0.0,0.0,0.0,0
YO24 3,0.0,0.0,0.0,0.0,0.0,0.0,0.0,0.0,0.0,0.0,0
YO24 4,0.0,0.0,0.0,0.0,0.0,0.0,0.0,0.0,0.0,0.0,0
YO25 1,0.0,0.0,0.0,0.0,0.0,0.0,0.0,0.0,0.0,0.0,0
YO25 3,0.0,0.0,0.0,0.0,0.0,0.0,0.0,0.0,0.0,0.0,0
YO25 4,0.0,0.0,0.0,0.0,0.0,0.0,0.0,0.0,0.0,0.0,0
YO25 5,0.0,0.0,0.0,0.0,0.0,0.0,0.0,0.0,0.0,0.0,0
YO25 6,0.0,0.0,0.0,0.0,0.0,0.0,0.0,0.0,0.0,0.0,0
YO25 8,0.01110964,0.04676475,0.01225728,0.05202331,0.01976751,0.05594149,0.0218275,0.06226606,0.0,8171915.8,1
YO25 9,0.0,0.0,0.0,0.0,0.0,0.0,0.0,0.0,0.0,0.0,0
YO26 0,0.0,0.0,0.0,0.0,0.0,0.0,0.0,0.0,0.0,0.0,0
YO26 4,0.0,0.0,0.0,0.0,0.0,0.0,0.0,0.0,0.0,0.0,0
YO26 5,0.0,0.0,0.0,0.0,0.0,0.0,0.0,0.0,0.0,0.0,0
YO26 6,0.0,0.0,0.0,0.0,0.0,0.0,0.0,0.0,0.0,0.0,0
YO26 7,0.0,0.0,0.0,0.0,0.0,0.0,0.0,0.0,0.0,0.0,0
YO26 8,0.0,0.0,0.0,0.0,0.0,0.0,0.0,0.0,0.0,0.0,0
YO26 9,0.0,0.0,0.0,0.0,0.0,0.0,0.0,0.0,0.0,0.0,0
YO30 1,0.0,0.0,0.0,0.0,0.0,0.0,0.0,0.0,0.0,0.0,0
YO30 2,0.0,0.0,0.0,0.0,0.0,0.0,0.0,0.0,0.0,0.0,0
YO30 4,0.0,0.0,0.0,0.0,0.0,0.0,0.0,0.0,0.0,0.0,0
YO30 5,0.0,0.0,0.0,0.0,0.0,0.0,0.0,0.0,0.0,0.0,0
YO30 6,0.0,0.0,0.0,0.0,0.0,0.0,0.0,0.0,0.0,0.0,0
YO30 7,0.0,0.0,0.0,0.0,0.0,0.0,0.0,0.0,0.0,0.0,0
YO31 0,0.0,0.0,0.0,0.0,0.0,0.0,0.0,0.0,0.0,0.0,0
YO31 1,0.0,0.0,0.0,0.0,0.0,0.0,0.0,0.0,0.0,0.0,0
YO31 6,0.0,0.0,0.0,0.0,0.0,0.0,0.0,0.0,0.0,0.0,0
YO31 7,0.0,0.0,0.0,0.0,0.0,0.0,0.0,0.0,0.0,0.0,0
YO31 8,0.0,0.0,0.0,0.0,0.0,0.0,0.0,0.0,0.0,0.0,0
YO31 9,0.0,0.0,0.0,0.0,0.0,0.0,0.0,0.0,0.0,0.0,0
YO32 2,0.0,0.0,0.0,0.0,0.0,0.0,0.0,0.0,0.0,0.0,0
YO32 3,0.0,0.0,0.0,0.0,0.0,0.0,0.0,0.0,0.0,0.0,0
YO32 4,0.0,0.0,0.0,0.0,0.0,0.0,0.0,0.0,0.0,0.0,0
YO32 5,0.0,0.0,0.0,0.0,0.0,0.0,0.0,0.0,0.0,0.0,0
YO32 9,0.0,0.0,0.0,0.0,0.0,0.0,0.0,0.0,0.0,0.0,0
YO41 1,0.0,0.0,0.0,0.0,0.0,0.0,0.0,0.0,0.0,0.0,0
YO41 4,0.0,0.0,0.0,0.0,0.0,0.0,0.0,0.0,0.0,0.0,0
YO41 5,0.0,0.0,0.0,0.0,0.0,0.0,0.0,0.0,0.0,0.0,0
YO42 1,0.0,0.0,0.0,0.0,0.0,0.0,0.0,0.0,0.0,0.0,0
YO42 2,0.0,0.0,0.0,0.0,0.0,0.0,0.0,0.0,0.0,0.0,0
YO42 4,0.0,0.0,0.0,0.0,0.0,0.0,0.0,0.0,0.0,0.0,0
YO42 9,0.0,0.0,0.0,0.0,0.0,0.0,0.0,0.0,0.0,0.0,0
YO43 3,0.0,0.0,0.0,0.0,0.0,0.0,0.0,0.0,0.0,0.0,0
YO43 4,0.0,0.0,0.0,0.0,0.0,0.0,0.0,0.0,0.0,0.0,0
YO51 9,0.0,0.0,0.0,0.0,0.0,0.0,0.0,0.0,0.0,0.0,0
YO60 6,0.0,0.0,0.0,0.0,0.0,0.0,0.0,0.0,0.0,0.0,0
YO60 7,0.0,0.0,0.0,0.0,0.0,0.0,0.0,0.0,0.0,0.0,0
YO61 1,0.0,0.0,0.0,0.0,0.0,0.0,0.0,0.0,0.0,0.0,0
YO61 2,0.0,0.0,0.0,0.0,0.0,0.0,0.0,0.0,0.0,0.0,0
YO61 3,0.0,0.0,0.0,0.0,0.0,0.0,0.0,0.0,0.0,0.0,0
YO61 4,0.0,0.0,0.0,0.0,0.0,0.0,0.0,0.0,0.0,0.0,0
YO62 4,0.0,0.0,0.0,0.0,0.0,0.0,0.0,0.0,0.0,0.0,0
YO62 5,0.0,0.0,0.0,0.0,0.0,0.0,0.0,0.0,0.0,0.0,0
YO62 6,0.0,0.0,0.0,0.0,0.0,0.0,0.0,0.0,0.0,0.0,0
YO62 7,0.0,0.0,0.0,0.0,0.0,0.0,0.0,0.0,0.0,0.0,0
YO7 1,0.0,0.0,0.0,0.0,0.0,0.0,0.0,0.0,0.0,0.0,0
YO7 2,0.0,0.0,0.0,0.0,0.0,0.0,0.0,0.0,0.0,0.0,0
YO7 3,0.0,0.0,0.0,0.0,0.0,0.0,0.0,0.0,0.0,0.0,0
YO7 4,0.0,0.0,0.0,0.0,0.0,0.0,0.0,0.0,0.0,0.0,0
YO7 9,0.0,0.0,0.0,0.0,0.0,0.0,0.0,0.0,0.0,0.0,0
YO8 1,0.0,0.0,0.0,0.0,0.0,0.0,0.0,0.0,0.0,0.0,0
YO8 3,0.0,0.0,0.0,0.0,0.0,0.0,0.0,0.0,0.0,0.0,0
YO8 4,0.0,0.0,0.0,0.0,0.0,0.0,0.0,0.0,0.0,0.0,0
YO8 5,0.0,0.0,0.0,0.0,0.0,0.0,0.0,0.0,0.0,0.0,0
YO8 6,0.0,0.0,0.0,0.0,0.0,0.0,0.0,0.0,0.0,0.0,0
YO8 8,0.0,0.0,0.0,0.0,0.0,0.0,0.0,0.0,0.0,0.0,0
YO8 9,0.0,0.0,0.0,0.0,0.0,0.0,0.0,0.0,0.0,0.0,0
ZE1 0,0.0,0.0,0.0,0.0,0.0,0.0,0.0,0.0,0.0,0.0,0
ZE1 9,0.0,0.0,0.0,0.0,0.0,0.0,0.0,0.0,0.0,0.0,0
ZE2 9,0.0,0.0,0.0,0.0,0.0,0.0,0.0,0.0,0.0,0.0,0
ZE3 9,0.0,0.0,0.0,0.0,0.0,0.0,0.0,0.0,0.0,0.0,0
