name,fires_yr
AB10 1,8.4029
AB10 6,10.0015
AB10 7,9.1407
AB11 5,5.4106
AB11 6,8.5668
AB11 7,2.3774
AB11 8,5.9025
AB11 9,3.812
AB12 3,11.8738
AB12 4,3.0891
AB12 5,9.0278
AB12 9,3.1972
AB13 0,3.7878
AB14 0,5.8373
AB15 4,5.1237
AB15 5,4.3859
AB15 6,7.6651
AB15 7,6.1075
AB15 8,12.1105
AB15 9,9.7145
AB16 5,10.2064
AB16 6,8.2799
AB16 7,9.7965
AB16 9,3.4431
AB21 0,7.0118
AB21 1,0.041
AB21 7,6.7628
AB21 9,12.7478
AB22 8,12.2149
AB22 9,0.9428
AB23 8,9.8908
AB23 9,0.2049
AB24 1,3.853
AB24 2,6.8863
AB24 3,7.4601
AB24 4,6.9682
AB24 5,8.1569
AB25 1,6.0255
AB25 2,7.4191
AB25 3,6.1075
AB25 9,0.3689
AB30 1,5.3942
AB30 9,0.0167
AB31 4,4.254
AB31 5,4.7547
AB31 6,1.8255
AB31 9,0.1005
AB32 6,5.1826
AB32 7,0.8876
AB32 9,0.067
AB33 8,4.5555
AB34 4,1.1891
AB34 5,3.3664
AB35 5,2.7634
AB36 8,0.7872
AB37 9,1.5521
AB38 7,1.1105
AB38 9,1.7451
AB39 2,5.0412
AB39 3,3.4333
AB39 8,0.5527
AB39 9,0.0837
AB41 1,0.067
AB41 6,2.2777
AB41 7,3.4501
AB41 8,4.589
AB41 9,3.3999
AB42 0,2.5792
AB42 1,4.6225
AB42 2,2.6294
AB42 3,3.7683
AB42 4,3.6176
AB42 5,3.5003
AB42 9,0.1172
AB43 6,2.529
AB43 7,2.9477
AB43 8,2.7467
AB43 9,4.5387
AB44 1,2.4452
AB45 1,2.395
AB45 2,4.3228
AB45 3,3.5506
AB51 0,5.9121
AB51 1,0.1675
AB51 3,2.5792
AB51 4,2.6964
AB51 5,4.4382
AB51 6,0.7369
AB51 7,1.926
AB51 8,1.5911
AB52 6,4.1703
AB53 4,4.12
AB53 5,2.462
AB53 6,1.5743
AB53 8,3.2994
AB53 9,0.0335
AB54 4,3.8494
AB54 6,1.792
AB54 7,3.0375
AB54 8,2.3447
AB54 9,0.0502
AB55 4,1.5688
AB55 5,3.4162
AB55 6,2.556
AB56 1,5.1648
AB56 4,3.7846
AB56 5,2.3444
AB56 9,0.0176
AB99 8,0.123
AL1 1,2.4133
AL1 2,2.9797
AL1 3,4.5996
AL1 4,1.646
AL1 5,4.2442
AL1 9,0.4584
AL10 0,6.0994
AL10 1,0.4018
AL10 8,6.2351
AL10 9,7.312
AL2 1,2.677
AL2 2,2.1292
AL2 3,1.3412
AL3 4,1.0075
AL3 5,3.1617
AL3 6,1.6638
AL3 7,2.0265
AL3 8,1.9863
AL4 0,2.7796
AL4 8,2.5868
AL4 9,3.5006
AL5 1,1.3303
AL5 2,0.9614
AL5 3,0.86
AL5 4,1.5394
AL5 5,2.3411
AL5 9,0.0268
AL6 0,1.5655
AL6 9,2.0906
AL7 1,2.9786
AL7 2,4.3585
AL7 3,5.4746
AL7 4,4.8565
AL7 9,0.1173
AL8 6,2.4354
AL8 7,2.686
AL9 5,1.4305
AL9 6,1.3803
AL9 7,2.1454
B1 1,3.8337
B1 2,3.9105
B1 3,2.3821
B10 0,7.8766
B10 9,11.2386
B11 1,8.2897
B11 2,3.6506
B11 3,8.3908
B11 4,8.8527
B11 9,0.1019
B12 0,7.0804
B12 8,6.7114
B12 9,7.3129
B13 0,8.0525
B13 3,0.3231
B13 8,7.5347
B13 9,13.3984
B14 4,7.6999
B14 5,11.2241
B14 6,5.5315
B14 7,3.5468
B15 1,4.8483
B15 2,8.0003
B15 3,2.3025
B16 0,7.9501
B16 6,1.0389
B16 8,10.2181
B16 9,7.3087
B17 0,6.9773
B17 8,7.0617
B17 9,3.0463
B18 4,6.2133
B18 5,6.1523
B18 6,1.3955
B18 7,3.4997
B18 9,0.1157
B19 1,10.2376
B19 2,9.3293
B19 3,5.6885
B2 2,1.305
B2 4,0.3416
B2 5,0.1465
B20 1,3.0638
B20 2,11.453
B20 3,14.0498
B21 0,7.8147
B21 1,0.25
B21 8,5.7666
B21 9,10.9652
B23 3,0.5639
B23 5,13.4277
B23 6,11.6957
B23 7,14.8693
B24 0,7.2993
B24 8,7.078
B24 9,6.8565
B25 8,10.5399
B25 9,0.3495
B26 1,6.6023
B26 2,6.7482
B26 3,6.9506
B27 6,6.6618
B27 7,8.8121
B28 0,7.3682
B28 1,0.1221
B28 8,6.8665
B28 9,3.291
B29 4,5.993
B29 5,7.6695
B29 6,9.8635
B29 7,5.9285
B29 9,0.1329
B3 1,3.4179
B3 2,0.311
B3 3,0.2124
B30 1,6.4985
B30 2,6.2311
B30 3,3.9683
B30 9,0.0957
B31 1,8.9972
B31 2,12.4573
B31 3,7.7314
B31 4,6.4546
B31 5,5.4313
B31 9,0.2161
B32 1,4.7758
B32 2,9.5092
B32 3,10.8641
B32 4,4.9688
B32 9,0.3305
B33 0,8.7384
B33 3,0.3693
B33 8,13.986
B33 9,9.282
B34 6,7.0007
B34 7,5.1161
B35 6,3.4541
B35 7,3.9355
B35 9,0.1824
B36 0,8.6279
B36 8,9.4379
B36 9,4.0789
B37 5,6.8981
B37 6,8.3365
B37 7,7.4604
B37 9,0.6161
B38 0,0.9521
B38 8,5.0611
B38 9,11.1221
B4 6,1.8124
B4 7,1.3462
B40 1,0.2102
B42 1,5.3695
B42 2,7.6044
B42 9,0.3137
B43 5,4.8799
B43 6,1.7872
B43 7,3.7914
B44 0,9.9935
B44 8,4.5381
B44 9,4.5219
B45 0,5.927
B45 5,0.1489
B45 8,3.947
B45 9,6.3974
B46 1,1.8993
B46 2,1.0844
B46 3,0.9904
B46 9,0.175
B47 5,3.3716
B47 6,1.4589
B48 7,1.6148
B49 5,1.7879
B49 6,2.6378
B49 9,0.0634
B5 4,1.0483
B5 5,0.7452
B5 6,1.6428
B5 7,14.6787
B50 4,2.1102
B6 4,1.6608
B6 5,3.4234
B6 6,9.1437
B6 7,3.0903
B6 9,0.0509
B60 1,2.6159
B60 2,2.563
B60 3,4.0171
B60 4,1.3369
B60 9,1.5692
B61 0,4.0904
B61 7,2.2154
B61 8,3.584
B61 9,1.6285
B62 0,2.6821
B62 2,0.2377
B62 8,2.813
B62 9,4.112
B63 1,1.6683
B63 2,7.0374
B63 3,3.6929
B63 4,5.6235
B64 5,2.9263
B64 6,4.8655
B64 7,3.4535
B65 0,4.3803
B65 8,3.1734
B65 9,4.4918
B66 1,3.0526
B66 2,2.4823
B66 3,4.6355
B66 4,6.2171
B67 5,4.1717
B67 6,5.5089
B67 7,3.9923
B67 9,0.1585
B68 0,3.6538
B68 8,6.1109
B68 9,4.5879
B69 1,8.8731
B69 2,2.6127
B69 3,2.1836
B69 4,2.8384
B69 9,0.5986
B7 4,4.6144
B7 5,4.2837
B70 0,5.3495
B70 1,0.2878
B70 6,4.5325
B70 7,2.2288
B70 8,3.6463
B70 9,5.734
B71 1,5.7309
B71 2,4.9517
B71 3,3.3746
B71 4,2.2124
B72 1,2.9352
B73 5,6.3017
B73 6,2.9783
B73 9,0.4379
B74 2,2.934
B74 3,2.3299
B74 4,2.516
B75 5,3.577
B75 6,2.5617
B75 7,3.7021
B76 0,0.2126
B76 1,3.4898
B76 2,2.7094
B76 9,1.8234
B77 1,3.4129
B77 2,6.3784
B77 3,4.1865
B77 4,6.3403
B77 5,2.7484
B77 9,0.4367
B78 1,2.4161
B78 2,1.2868
B78 3,4.5257
B79 0,1.1368
B79 7,3.7154
B79 8,5.2069
B79 9,1.0496
B8 1,7.1364
B8 2,11.7633
B8 3,10.0071
B80 7,2.4499
B9 4,1.9603
B9 5,11.2429
B9 9,0.65
B90 1,4.538
B90 2,2.6809
B90 3,3.3611
B90 4,2.2141
B90 8,0.0961
B90 9,0.2143
B91 1,3.627
B91 2,4.725
B91 3,3.1565
B91 9,0.556
B92 0,2.3072
B92 7,5.7221
B92 8,5.1964
B92 9,2.9439
B93 0,0.6716
B93 3,0.0885
B93 8,1.1836
B93 9,0.5744
B94 5,1.1713
B94 6,0.9105
B95 5,1.3637
B95 6,0.6326
B95 8,0.0493
B96 6,2.0154
B97 4,2.9186
B97 5,5.5803
B97 6,4.7263
B97 9,1.108
B98 0,5.6679
B98 7,9.836
B98 8,4.2504
B98 9,2.8766
B99 1,0.2222
BA1 0,1.0122
BA1 1,2.2388
BA1 2,4.98
BA1 3,3.515
BA1 4,2.9679
BA1 5,2.6196
BA1 6,5.0075
BA1 7,1.6501
BA1 8,0.3878
BA1 9,0.2337
BA10 0,0.9122
BA11 1,3.7169
BA11 2,3.017
BA11 3,1.1827
BA11 4,1.5682
BA11 5,1.4397
BA11 6,0.8616
BA11 9,0.0842
BA12 0,2.1514
BA12 2,0.1067
BA12 6,1.2062
BA12 7,1.3432
BA12 8,3.2681
BA12 9,2.582
BA13 2,0.1179
BA13 3,5.5043
BA13 4,2.3535
BA13 9,0.03
BA14 0,3.3796
BA14 4,1.3281
BA14 6,2.0754
BA14 7,5.0636
BA14 8,4.0449
BA14 9,4.3562
BA15 1,3.7268
BA15 2,1.4973
BA15 5,0.0583
BA16 0,4.4968
BA16 9,1.7991
BA2 0,1.5016
BA2 1,6.894
BA2 2,4.3966
BA2 3,5.3434
BA2 4,1.4591
BA2 5,3.427
BA2 6,2.5433
BA2 7,1.4058
BA2 8,1.8916
BA2 9,0.948
BA20 1,2.9312
BA20 2,2.8878
BA20 9,0.1855
BA21 3,7.3304
BA21 4,4.7727
BA21 5,5.1251
BA22 7,1.3186
BA22 8,2.3242
BA22 9,2.6064
BA3 2,3.3945
BA3 3,3.6679
BA3 4,1.1296
BA3 5,1.8412
BA3 9,0.0165
BA4 4,1.3794
BA4 5,2.6178
BA4 6,1.3968
BA4 9,0.3116
BA5 1,2.0666
BA5 2,3.4381
BA5 3,1.2703
BA5 9,0.1953
BA6 0,0.3007
BA6 8,3.0787
BA6 9,6.0337
BA7 7,1.2049
BA8 0,1.8473
BA9 0,0.0784
BA9 8,0.9386
BA9 9,2.3316
BB1 1,5.7711
BB1 2,5.0668
BB1 3,3.3265
BB1 4,4.391
BB1 5,4.6215
BB1 6,1.9948
BB1 7,0.9994
BB1 8,4.6475
BB1 9,3.5824
BB10 1,8.7748
BB10 2,6.009
BB10 3,6.3979
BB10 4,7.9719
BB11 1,1.9195
BB11 2,3.9811
BB11 3,4.6813
BB11 4,5.8222
BB11 5,4.8217
BB11 9,0.621
BB12 0,3.484
BB12 6,5.2817
BB12 7,3.572
BB12 8,7.0699
BB12 9,1.4437
BB18 5,3.6072
BB18 6,3.6953
BB18 9,0.0397
BB2 1,5.9151
BB2 2,7.7997
BB2 3,8.4966
BB2 4,9.9125
BB2 5,1.7292
BB2 6,6.0412
BB2 7,2.5211
BB2 9,1.6161
BB3 0,5.9767
BB3 1,3.218
BB3 2,4.3667
BB3 3,6.3209
BB3 9,0.1776
BB4 0,0.1367
BB4 4,2.8355
BB4 5,3.826
BB4 6,3.7065
BB4 7,4.2237
BB4 8,2.9362
BB4 9,2.3153
BB5 0,8.7221
BB5 1,5.969
BB5 2,4.167
BB5 3,4.9268
BB5 4,6.0559
BB5 5,6.8287
BB5 6,8.2043
BB5 9,0.9351
BB6 7,7.2613
BB6 8,0.8855
BB7 0,0.523
BB7 1,3.8445
BB7 2,4.5177
BB7 3,0.8992
BB7 4,1.4619
BB7 9,4.0083
BB8 0,6.4575
BB8 7,2.59
BB8 8,2.1566
BB8 9,5.6057
BB9 0,6.5343
BB9 4,0.8444
BB9 5,4.423
BB9 6,2.0252
BB9 7,4.3905
BB9 8,4.7935
BB9 9,6.3203
BB94 0,0.0167
BD1 1,1.4553
BD1 2,2.7188
BD1 3,1.516
BD1 4,1.7569
BD1 5,2.7479
BD1 9,1.0003
BD10 0,5.1106
BD10 8,4.3863
BD10 9,4.2031
BD11 1,1.4032
BD11 2,1.4153
BD12 0,2.1499
BD12 7,0.5417
BD12 8,2.6819
BD12 9,2.7913
BD13 1,1.4202
BD13 2,2.432
BD13 3,2.5393
BD13 4,1.8509
BD13 5,0.9109
BD13 9,0.0909
BD14 6,4.8332
BD15 0,1.2169
BD15 7,3.9242
BD15 8,0.32
BD15 9,1.317
BD16 1,3.222
BD16 2,1.8585
BD16 3,1.8133
BD16 4,2.5596
BD16 9,0.0636
BD17 5,2.6832
BD17 6,2.1236
BD17 7,3.1586
BD18 1,3.0505
BD18 2,5.9159
BD18 3,3.9524
BD18 4,3.3846
BD18 9,0.1818
BD19 3,3.1164
BD19 4,2.7516
BD19 5,1.415
BD19 6,1.843
BD19 9,0.0384
BD2 1,3.387
BD2 2,2.447
BD2 3,4.7495
BD2 4,4.6193
BD20 0,1.2184
BD20 5,1.532
BD20 6,3.1399
BD20 7,1.4104
BD20 8,1.6234
BD20 9,1.3711
BD21 1,5.4746
BD21 2,4.5882
BD21 3,2.8746
BD21 4,4.5002
BD21 5,4.6069
BD21 9,0.2865
BD22 0,1.4229
BD22 6,4.9925
BD22 7,2.7596
BD22 8,1.264
BD22 9,1.3023
BD23 0,0.0071
BD23 1,2.4857
BD23 2,3.1165
BD23 3,1.6519
BD23 4,1.5763
BD23 5,0.7547
BD23 6,0.9458
BD23 9,0.1663
BD24 0,0.4793
BD24 9,1.9095
BD3 0,7.986
BD3 7,5.2549
BD3 8,8.4767
BD3 9,4.7755
BD4 0,6.4676
BD4 6,3.4863
BD4 7,4.2268
BD4 8,4.9151
BD4 9,5.821
BD5 0,6.2884
BD5 5,0.5208
BD5 7,3.6145
BD5 8,7.2976
BD5 9,7.8646
BD6 1,4.8157
BD6 2,3.546
BD6 3,5.3131
BD7 1,4.0649
BD7 2,6.0513
BD7 3,4.1344
BD7 4,4.1515
BD8 0,4.0538
BD8 7,3.8238
BD8 8,5.6415
BD8 9,6.8334
BD9 4,5.603
BD9 5,4.9059
BD9 6,5.3432
BD97 1,0.0318
BD98 8,0.075
BD99 2,0.0363
BD99 4,0.0508
BD99 9,0.0238
BH1 1,3.2105
BH1 2,2.0639
BH1 3,7.5326
BH1 4,10.1728
BH1 9,2.2975
BH10 4,3.1788
BH10 5,3.0245
BH10 6,1.903
BH10 7,2.0407
BH11 0,0.1573
BH11 8,7.2798
BH11 9,5.0514
BH12 1,3.0159
BH12 2,2.2795
BH12 3,3.8477
BH12 4,4.6531
BH12 5,1.2087
BH12 9,0.3
BH13 6,1.9158
BH13 7,2.1869
BH14 0,3.6168
BH14 4,0.3492
BH14 8,4.3951
BH14 9,3.5487
BH15 1,8.0263
BH15 2,4.9048
BH15 3,4.207
BH15 4,5.8414
BH15 9,0.5259
BH16 5,5.8377
BH16 6,1.5972
BH17 0,0.2219
BH17 7,3.2657
BH17 8,1.8803
BH17 9,1.2428
BH18 0,0.0132
BH18 8,1.3715
BH18 9,1.9472
BH19 1,2.504
BH19 2,2.9651
BH19 3,0.5596
BH19 9,0.0682
BH2 5,5.1054
BH2 6,5.5741
BH20 4,2.069
BH20 5,1.2658
BH20 6,2.158
BH20 7,1.7702
BH20 9,0.024
BH21 1,4.7579
BH21 2,2.9377
BH21 3,3.5017
BH21 4,0.7151
BH21 5,0.8113
BH21 6,1.1759
BH21 7,1.2423
BH21 8,0.1765
BH21 9,0.1402
BH22 0,1.9177
BH22 2,0.0726
BH22 8,2.9377
BH22 9,4.5607
BH23 1,3.7375
BH23 2,4.5502
BH23 3,5.1235
BH23 4,3.7779
BH23 5,2.3228
BH23 6,0.5223
BH23 7,1.1895
BH23 8,1.0399
BH23 9,0.4274
BH24 1,3.5606
BH24 2,1.6417
BH24 3,1.7308
BH24 4,0.6066
BH24 9,0.0166
BH25 5,2.4614
BH25 6,1.7848
BH25 7,1.745
BH25 9,0.1562
BH3 7,2.9746
BH31 6,2.5779
BH31 7,0.9026
BH31 9,0.0133
BH4 0,0.5742
BH4 8,1.8098
BH4 9,3.6212
BH5 1,5.2354
BH5 2,2.1426
BH6 3,5.8733
BH6 4,2.0675
BH6 5,3.741
BH7 6,3.1152
BH7 7,0.8125
BH8 0,5.1884
BH8 8,11.0637
BH8 9,5.235
BH9 1,6.6635
BH9 2,5.6495
BH9 3,2.0098
BL0 0,1.8674
BL0 9,3.3938
BL1 1,3.2101
BL1 2,7.8606
BL1 3,11.7911
BL1 4,8.0911
BL1 5,7.0405
BL1 6,4.9583
BL1 7,3.0976
BL1 8,9.3925
BL1 9,1.6892
BL11 1,0.3835
BL2 1,3.8811
BL2 2,11.3141
BL2 3,3.9327
BL2 4,1.4446
BL2 5,9.2105
BL2 6,6.9804
BL3 1,5.0347
BL3 2,7.1825
BL3 3,10.0751
BL3 4,8.1336
BL3 5,5.9814
BL3 6,5.0075
BL4 0,7.5688
BL4 4,0.0074
BL4 7,7.9921
BL4 8,5.7118
BL4 9,7.3751
BL5 1,0.7628
BL5 2,4.4238
BL5 3,5.0169
BL6 4,1.3512
BL6 5,4.9203
BL6 6,4.0431
BL6 7,5.4079
BL6 9,0.0891
BL7 0,0.4952
BL7 8,0.1197
BL7 9,5.3272
BL78 1,0.2573
BL78 7,0.0288
BL8 1,4.7701
BL8 2,3.921
BL8 3,2.7139
BL8 4,1.7984
BL8 9,0.7316
BL9 0,3.0524
BL9 5,3.3836
BL9 6,8.7521
BL9 7,7.2105
BL9 8,2.8712
BL9 9,7.412
BN1 1,2.2119
BN1 2,4.7878
BN1 3,8.113
BN1 4,8.3678
BN1 5,3.4288
BN1 6,7.7499
BN1 7,4.9067
BN1 8,7.742
BN1 9,3.0087
BN10 7,4.3901
BN10 8,4.8153
BN10 9,0.0833
BN11 1,4.5865
BN11 2,6.3309
BN11 3,6.1588
BN11 4,7.9662
BN11 5,3.4744
BN11 9,1.0343
BN12 4,3.8328
BN12 5,2.0457
BN12 6,2.6831
BN12 9,0.1591
BN13 1,5.9066
BN13 2,5.4634
BN13 3,3.9886
BN14 0,2.7958
BN14 7,6.8169
BN14 8,3.4159
BN14 9,3.5073
BN15 0,4.6227
BN15 5,0.09
BN15 8,5.7662
BN15 9,5.5893
BN16 1,2.7706
BN16 2,2.5962
BN16 3,3.4192
BN16 4,1.3586
BN16 9,0.7588
BN17 5,6.1368
BN17 6,5.49
BN17 7,6.5082
BN18 0,2.7485
BN18 8,0.1287
BN18 9,2.2998
BN2 0,6.7395
BN2 1,15.2443
BN2 3,6.9415
BN2 4,10.4048
BN2 5,12.7102
BN2 6,3.6667
BN2 7,2.1215
BN2 8,4.2259
BN2 9,9.5525
BN20 0,0.6243
BN20 7,3.3996
BN20 8,4.154
BN20 9,1.3511
BN21 1,4.7294
BN21 2,7.1063
BN21 3,5.9129
BN21 4,4.079
BN21 9,0.4843
BN22 0,4.7739
BN22 7,6.1786
BN22 8,5.6159
BN22 9,4.1688
BN23 5,1.7858
BN23 6,3.5995
BN23 7,6.1247
BN23 8,4.6633
BN24 5,3.1802
BN24 6,1.302
BN24 9,0.1372
BN25 1,3.667
BN25 2,1.9697
BN25 3,3.9362
BN25 4,1.0868
BN25 9,0.1765
BN26 5,2.4105
BN26 6,2.6767
BN26 9,0.1167
BN27 1,2.2261
BN27 2,4.347
BN27 3,4.2814
BN27 4,3.0349
BN27 9,0.633
BN3 1,7.0557
BN3 2,5.3407
BN3 3,7.5864
BN3 4,3.6747
BN3 5,5.1002
BN3 6,4.6021
BN3 7,4.8592
BN3 8,3.1745
BN41 1,3.845
BN41 2,4.4053
BN41 9,0.4694
BN42 4,3.8214
BN43 5,5.5655
BN43 6,5.084
BN43 9,0.4907
BN44 3,4.152
BN45 7,0.2333
BN5 0,0.1023
BN5 9,3.2338
BN50 8,0.9083
BN50 9,0.2523
BN51 9,0.2188
BN52 9,1.25
BN6 0,0.0706
BN6 8,2.5037
BN6 9,4.1704
BN7 1,6.3002
BN7 2,5.0839
BN7 3,1.8722
BN7 9,1.1061
BN8 4,2.5857
BN8 5,2.2983
BN8 6,2.0484
BN88 1,0.1699
BN9 0,1.8641
BN9 1,0.1132
BN9 9,6.4645
BN95 1,0.0137
BN99 3,0.0586
BN99 4,0.0366
BN99 6,0.525
BN99 8,1.0197
BN99 9,0.4919
BR1 1,1.4133
BR1 2,4.8027
BR1 3,5.2082
BR1 4,7.364
BR1 5,8.8727
BR1 9,0.8583
BR2 0,4.3912
BR2 6,0.6457
BR2 7,1.8337
BR2 8,4.8826
BR2 9,6.4973
BR3 1,4.7106
BR3 3,4.9962
BR3 4,5.8884
BR3 5,2.5756
BR3 6,1.8545
BR3 9,0.4795
BR4 0,2.0604
BR4 4,0.1114
BR4 9,2.7486
BR5 1,2.5178
BR5 2,6.6024
BR5 3,6.6286
BR5 4,7.4598
BR6 0,3.2973
BR6 1,0.3496
BR6 6,2.5165
BR6 7,3.6635
BR6 8,1.5966
BR6 9,5.0841
BR7 5,2.0045
BR7 6,4.2265
BR7 9,0.0495
BR8 7,4.9116
BR8 8,1.9506
BR8 9,0.0956
BS1 1,1.2043
BS1 2,1.1508
BS1 3,3.6726
BS1 4,2.4581
BS1 5,3.3307
BS1 6,8.5408
BS1 9,1.3616
BS10 5,5.0393
BS10 6,6.8396
BS10 7,6.0385
BS11 0,8.3971
BS11 1,0.0769
BS11 8,0.4794
BS11 9,3.6426
BS13 0,8.0912
BS13 7,2.8548
BS13 8,6.0692
BS13 9,5.5624
BS14 0,3.2979
BS14 8,3.928
BS14 9,4.7457
BS15 0,0.201
BS15 1,3.8077
BS15 3,2.3163
BS15 4,4.5944
BS15 8,2.7549
BS15 9,2.1464
BS16 0,0.4731
BS16 1,6.5878
BS16 2,5.0877
BS16 3,3.8162
BS16 4,5.231
BS16 5,5.5398
BS16 6,3.4681
BS16 7,2.5152
BS16 9,2.349
BS2 0,6.7878
BS2 2,0.5115
BS2 8,7.2908
BS2 9,5.5012
BS20 0,3.2731
BS20 1,0.1024
BS20 6,3.4389
BS20 7,4.8309
BS20 8,1.8021
BS21 5,1.6112
BS21 6,4.1315
BS21 7,2.5454
BS21 9,0.097
BS22 6,3.1796
BS22 7,3.6378
BS22 8,4.6126
BS22 9,2.0802
BS23 1,5.9942
BS23 2,7.4845
BS23 3,10.7952
BS23 4,3.9936
BS23 9,1.3457
BS24 0,1.2025
BS24 6,0.2716
BS24 7,2.2128
BS24 8,1.323
BS24 9,3.335
BS25 1,1.5362
BS25 5,1.0734
BS25 9,0.0391
BS26 2,1.6808
BS27 3,3.5366
BS27 9,0.0771
BS28 4,1.0506
BS29 6,0.637
BS3 1,4.9709
BS3 2,2.8306
BS3 3,3.2183
BS3 4,5.1667
BS3 5,4.6162
BS3 9,0.2155
BS30 5,1.8892
BS30 6,0.5302
BS30 7,0.9158
BS30 8,2.3518
BS30 9,0.8098
BS31 1,4.2384
BS31 2,4.9766
BS31 3,2.0967
BS31 9,0.0814
BS32 0,1.0208
BS32 4,2.3278
BS32 8,1.9895
BS32 9,0.6761
BS34 4,0.1544
BS34 5,6.5843
BS34 6,2.6803
BS34 7,4.085
BS34 8,2.8096
BS34 9,0.3964
BS35 1,2.075
BS35 2,3.4752
BS35 3,2.1856
BS35 4,2.0742
BS35 5,0.2895
BS35 9,0.0625
BS36 1,1.6093
BS36 2,1.7671
BS36 9,0.0144
BS37 0,0.362
BS37 4,4.1286
BS37 5,2.8986
BS37 6,3.2908
BS37 7,2.2872
BS37 8,1.9728
BS37 9,0.3696
BS39 4,1.2867
BS39 5,1.336
BS39 6,0.5294
BS39 7,2.4637
BS4 1,9.9506
BS4 2,4.8536
BS4 3,4.7259
BS4 4,4.4384
BS4 5,2.5917
BS4 9,0.5919
BS40 5,2.2976
BS40 6,0.5662
BS40 7,0.7441
BS40 8,0.957
BS40 9,0.2841
BS41 8,0.1581
BS41 9,1.316
BS48 1,1.3921
BS48 2,2.1433
BS48 3,2.0744
BS48 4,1.5613
BS48 9,0.1389
BS49 4,2.6396
BS49 5,0.3567
BS5 0,12.6371
BS5 5,0.4118
BS5 6,11.929
BS5 7,7.0996
BS5 8,5.0397
BS5 9,10.3414
BS6 5,6.8528
BS6 6,5.9795
BS6 7,4.6547
BS6 9,0.6579
BS7 0,6.4363
BS7 8,4.8138
BS7 9,8.4724
BS8 1,5.9723
BS8 2,4.3368
BS8 3,3.1265
BS8 4,4.6373
BS8 9,0.1186
BS9 0,0.1397
BS9 1,1.4311
BS9 2,3.395
BS9 3,2.3559
BS9 4,1.8884
BS98 1,0.0278
BS99 1,0.2923
BS99 2,0.0731
BS99 3,0.1462
BS99 5,0.2923
BS99 6,0.0244
BS99 7,0.5359
CA1 1,1.9939
CA1 2,8.3458
CA1 3,5.2482
CA1 9,0.5388
CA10 1,1.9797
CA10 2,1.6497
CA10 3,1.9056
CA11 0,2.3336
CA11 1,0.2499
CA11 7,3.0797
CA11 8,4.4263
CA11 9,2.1007
CA12 4,1.2221
CA12 5,2.3029
CA12 9,0.0231
CA13 0,2.0079
CA13 3,0.0921
CA13 9,3.2855
CA14 1,2.4864
CA14 2,3.4209
CA14 3,7.0895
CA14 4,2.3437
CA14 5,3.4223
CA14 9,0.2801
CA15 6,2.9006
CA15 7,3.051
CA15 8,2.7153
CA15 9,0.0525
CA16 6,1.8619
CA17 4,2.5795
CA18 1,0.0679
CA19 1,0.344
CA2 4,6.3278
CA2 5,4.9275
CA2 6,6.0713
CA2 7,7.6207
CA20 1,0.9062
CA21 2,0.2867
CA22 2,3.4135
CA22 9,0.0479
CA23 3,0.7041
CA24 3,0.3988
CA25 5,3.8699
CA26 3,2.2819
CA27 0,0.5371
CA28 0,0.1575
CA28 6,1.7177
CA28 7,2.7881
CA28 8,4.1101
CA28 9,2.2068
CA3 0,1.5833
CA3 8,1.2039
CA3 9,2.8094
CA4 0,1.513
CA4 8,1.5381
CA4 9,0.5708
CA5 6,1.2631
CA5 7,1.3522
CA6 4,1.4296
CA6 5,1.7146
CA6 6,0.5966
CA7 0,0.7587
CA7 1,0.5831
CA7 2,0.8878
CA7 3,1.7614
CA7 4,1.8369
CA7 5,0.5114
CA7 7,0.0298
CA7 8,1.0944
CA7 9,3.2218
CA8 0,0.0132
CA8 1,2.0435
CA8 2,1.1285
CA8 7,0.524
CA8 9,0.9919
CA9 3,0.3855
CA95 1,0.0329
CB1 0,1.0323
CB1 1,1.5168
CB1 2,4.4241
CB1 3,6.9919
CB1 7,1.5719
CB1 8,2.0199
CB1 9,1.667
CB10 1,3.8986
CB10 2,4.286
CB10 9,0.6371
CB11 3,5.195
CB11 4,2.2036
CB2 0,1.0425
CB2 1,1.3757
CB2 3,0.363
CB2 7,0.2221
CB2 8,1.1308
CB2 9,2.9018
CB21 4,2.1413
CB21 5,1.3936
CB21 6,0.3149
CB22 3,3.7193
CB22 4,0.6705
CB22 5,1.9672
CB22 6,0.3633
CB22 7,1.2159
CB23 1,0.7821
CB23 2,0.6164
CB23 3,1.5859
CB23 4,0.2287
CB23 5,0.3638
CB23 6,1.5215
CB23 7,1.9637
CB23 8,1.2755
CB24 1,0.4055
CB24 3,0.5812
CB24 4,0.1686
CB24 5,1.8543
CB24 6,0.7394
CB24 8,1.4906
CB24 9,1.4103
CB25 0,1.8184
CB25 9,2.0284
CB3 0,2.0091
CB3 1,0.1139
CB3 9,0.7266
CB4 0,0.2869
CB4 1,5.9354
CB4 2,5.417
CB4 3,3.1312
CB5 8,4.2441
CB6 1,3.7114
CB6 2,3.4152
CB6 3,3.3858
CB7 4,1.7176
CB7 5,5.0508
CB7 6,0.256
CB7 7,0.0465
CB7 9,0.3515
CB8 0,5.2523
CB8 1,0.2222
CB8 7,2.5836
CB8 8,2.8059
CB8 9,1.7577
CB9 0,2.4423
CB9 1,0.061
CB9 7,2.381
CB9 8,2.3637
CB9 9,3.1241
CF10 1,2.12
CF10 2,1.6631
CF10 3,1.9738
CF10 4,2.5221
CF10 5,3.1617
CF11 0,1.1514
CF11 1,1.3524
CF11 6,3.9659
CF11 7,2.7597
CF11 8,3.0886
CF11 9,3.71
CF14 0,2.8145
CF14 1,4.2948
CF14 2,4.039
CF14 3,2.9607
CF14 4,3.5638
CF14 5,3.6734
CF14 6,4.0024
CF14 7,2.1748
CF14 8,0.4752
CF14 9,2.3576
CF15 5,0.1462
CF15 7,3.3445
CF15 8,2.9972
CF15 9,2.8328
CF23 0,0.4386
CF23 5,3.9476
CF23 6,4.1486
CF23 7,1.8093
CF23 8,2.7048
CF23 9,3.5638
CF24 0,1.9555
CF24 1,2.321
CF24 2,4.569
CF24 3,4.3131
CF24 4,4.7152
CF24 5,1.3524
CF3 0,3.9476
CF3 1,1.6083
CF3 2,1.8824
CF3 3,2.7414
CF3 4,2.12
CF3 5,3.2897
CF3 6,0.9869
CF30 0,0.2376
CF31 1,3.6552
CF31 2,3.2714
CF31 3,3.1983
CF31 4,4.8797
CF31 5,1.7728
CF31 9,1.3524
CF32 0,3.0521
CF32 7,2.65
CF32 8,3.71
CF32 9,5.1721
CF33 4,2.851
CF33 6,2.7992
CF34 0,3.8928
CF34 4,0.0183
CF34 9,3.6734
CF35 5,3.0338
CF35 6,5.7021
CF36 3,4.4045
CF36 5,3.0521
CF36 9,0.1645
CF37 1,4.039
CF37 2,2.7597
CF37 3,2.5403
CF37 4,3.1617
CF37 5,3.509
CF37 9,0.2741
CF38 1,3.8197
CF38 2,4.3679
CF39 0,2.0469
CF39 8,4.7334
CF39 9,3.3079
CF40 1,4.0207
CF40 2,4.5141
CF40 9,0.1645
CF41 7,4.5324
CF42 5,2.6683
CF42 6,2.979
CF42 9,0.0183
CF43 3,1.8459
CF43 4,2.8145
CF43 9,0.0366
CF44 0,4.3131
CF44 4,0.0914
CF44 6,4.0938
CF44 7,1.9555
CF44 8,3.5272
CF44 9,4.4827
CF45 3,3.7283
CF45 4,4.2583
CF46 5,2.7414
CF46 6,3.6186
CF47 0,4.1669
CF47 7,0.0731
CF47 8,3.3993
CF47 9,3.8379
CF48 1,4.2034
CF48 2,3.1003
CF48 3,2.0652
CF48 4,4.2948
CF5 1,4.4228
CF5 2,4.2765
CF5 3,4.5324
CF5 4,5.0076
CF5 5,4.1486
CF5 6,3.6186
CF5 9,0.2193
CF61 1,2.6134
CF61 2,1.5352
CF62 3,2.7048
CF62 4,2.1383
CF62 5,1.919
CF62 6,2.2114
CF62 7,2.6134
CF62 8,2.5769
CF62 9,2.321
CF63 1,3.3445
CF63 2,2.0652
CF63 3,0.53
CF63 4,2.5221
CF63 9,0.2559
CF64 1,2.9424
CF64 2,3.6917
CF64 3,3.5272
CF64 4,3.5272
CF64 5,2.8145
CF64 9,0.2924
CF71 7,5.0259
CF71 9,0.1279
CF72 0,0.201
CF72 4,0.3107
CF72 8,5.3914
CF72 9,6.3965
CF81 8,3.1983
CF81 9,3.911
CF82 6,0.4934
CF82 7,5.5376
CF82 8,2.3393
CF82 9,0.7676
CF83 1,4.9893
CF83 2,4.1669
CF83 3,5.1903
CF83 4,2.2662
CF83 8,5.1721
CF83 9,0.2741
CF91 1,0.0183
CF91 5,0.2559
CF95 1,0.1097
CF99 1,0.0183
CH1 1,0.4604
CH1 2,0.3238
CH1 3,2.6638
CH1 4,3.0039
CH1 5,6.9886
CH1 6,1.7718
CH1 9,0.472
CH2 1,2.312
CH2 2,2.0641
CH2 3,2.9278
CH2 4,1.5769
CH25 9,0.5504
CH26 9,0.0168
CH27 9,0.3681
CH28 9,0.0433
CH29 9,0.1056
CH3 5,3.2529
CH3 6,1.304
CH3 7,0.8338
CH3 8,1.0959
CH3 9,1.1183
CH30 9,0.0181
CH31 9,0.0769
CH32 9,0.1909
CH33 9,0.1687
CH34 9,0.3879
CH4 0,4.5093
CH4 7,2.0689
CH4 8,4.9771
CH4 9,1.2373
CH41 0,2.3484
CH41 1,1.9365
CH41 2,3.9931
CH41 3,2.2669
CH41 4,4.4515
CH41 5,1.2194
CH41 6,1.4833
CH41 7,2.6306
CH41 8,2.8961
CH41 9,3.2892
CH42 0,3.6118
CH42 1,5.2336
CH42 2,2.8178
CH42 3,2.8923
CH42 4,3.5325
CH42 5,2.593
CH42 6,1.4515
CH42 7,1.9643
CH42 8,0.7651
CH42 9,3.0452
CH43 0,1.2788
CH43 1,1.5108
CH43 2,1.5924
CH43 3,0.7402
CH43 4,3.1496
CH43 5,1.317
CH43 6,0.8211
CH43 7,6.3488
CH43 8,0.7431
CH43 9,5.1145
CH44 0,3.1984
CH44 1,1.6224
CH44 2,0.7148
CH44 3,1.0454
CH44 4,4.0206
CH44 5,2.7539
CH44 6,4.0577
CH44 7,4.0212
CH44 8,2.8747
CH44 9,2.9775
CH45 0,0.5737
CH45 1,2.3987
CH45 2,2.2355
CH45 3,1.3436
CH45 4,1.6216
CH45 5,1.5479
CH45 6,0.8269
CH45 7,2.3384
CH45 8,1.5959
CH45 9,0.9018
CH46 0,1.752
CH46 1,1.8514
CH46 2,1.5229
CH46 3,0.6629
CH46 4,0.238
CH46 5,0.3997
CH46 6,1.9687
CH46 7,1.1786
CH46 8,1.4364
CH46 9,1.9822
CH47 0,0.3345
CH47 1,0.1389
CH47 2,0.8311
CH47 3,0.621
CH47 4,0.2965
CH47 5,0.2835
CH47 6,0.0729
CH47 7,0.0556
CH47 8,0.0907
CH47 9,0.2778
CH48 0,0.6377
CH48 1,0.6884
CH48 2,0.6361
CH48 3,0.9522
CH48 4,0.7687
CH48 5,1.1815
CH48 6,0.8982
CH48 7,0.5546
CH48 8,0.2613
CH48 9,0.0988
CH49 0,0.6537
CH49 1,0.6825
CH49 2,0.8113
CH49 3,1.8833
CH49 4,2.6325
CH49 5,0.8726
CH49 6,1.1822
CH49 7,1.4194
CH49 8,2.7753
CH49 9,2.5479
CH5 1,3.2542
CH5 2,3.7345
CH5 3,4.7263
CH5 4,5.6715
CH5 9,0.186
CH6 5,5.0207
CH6 6,1.7975
CH6 9,0.124
CH60 0,0.4391
CH60 1,0.4253
CH60 2,0.2891
CH60 3,0.366
CH60 4,0.2619
CH60 5,0.3083
CH60 6,0.3044
CH60 7,0.651
CH60 8,0.419
CH60 9,0.149
CH61 0,0.1109
CH61 1,0.3548
CH61 2,0.2823
CH61 3,0.54
CH61 4,0.7091
CH61 5,0.8126
CH61 6,0.532
CH61 7,0.6047
CH61 8,0.9312
CH61 9,0.5587
CH62 0,1.3945
CH62 1,2.0171
CH62 2,1.2193
CH62 3,0.8901
CH62 4,0.9381
CH62 5,1.5483
CH62 6,1.2759
CH62 7,2.7213
CH62 8,1.7609
CH62 9,1.9371
CH63 0,0.9726
CH63 1,0.0643
CH63 2,1.4311
CH63 3,1.8482
CH63 4,0.0848
CH63 5,1.6528
CH63 6,0.1495
CH63 7,1.2111
CH63 8,1.3217
CH63 9,0.6346
CH64 0,0.7749
CH64 1,0.4161
CH64 2,0.2925
CH64 3,0.6972
CH64 4,0.6234
CH64 5,0.274
CH64 6,0.65
CH64 7,0.1516
CH64 8,0.0899
CH64 9,1.8449
CH65 0,0.7072
CH65 1,0.254
CH65 2,2.0454
CH65 3,0.9845
CH65 4,1.3442
CH65 5,1.5847
CH65 6,1.1797
CH65 7,2.5783
CH65 8,3.1395
CH65 9,2.7328
CH66 0,0.0594
CH66 1,3.189
CH66 2,2.4139
CH66 3,3.9124
CH66 4,1.9172
CH66 5,0.1
CH66 6,0.0071
CH66 8,0.0449
CH66 9,0.0251
CH7 1,4.7418
CH7 2,3.1302
CH7 3,3.2387
CH7 4,3.812
CH7 5,3.843
CH7 6,5.5011
CH7 9,0.2634
CH70 8,0.2688
CH8 7,4.3234
CH8 8,3.0992
CH8 9,3.0527
CH88 3,0.0242
CH99 9,0.0602
CM0 7,3.6042
CM0 8,2.6458
CM1 1,3.7629
CM1 2,8.2718
CM1 3,4.0787
CM1 4,5.6355
CM1 6,3.894
CM1 7,3.2944
CM1 9,0.7529
CM11 1,1.7829
CM11 2,2.3399
CM12 0,5.0817
CM12 2,0.0854
CM12 9,1.6166
CM13 1,2.5679
CM13 2,3.3545
CM13 3,2.1854
CM14 4,5.6403
CM14 5,3.8509
CM14 9,0.3271
CM15 0,2.1904
CM15 8,1.4489
CM15 9,4.7415
CM16 4,1.9725
CM16 5,1.4614
CM16 6,4.7713
CM16 7,2.0676
CM16 9,0.401
CM17 0,3.7768
CM17 9,4.8098
CM18 6,7.0262
CM18 7,5.0017
CM19 4,6.0753
CM19 5,5.3097
CM2 0,3.235
CM2 5,0.1871
CM2 6,5.039
CM2 7,2.7634
CM2 8,4.7247
CM2 9,3.5133
CM20 1,3.7208
CM20 2,3.8861
CM20 3,6.1326
CM20 9,1.0675
CM21 0,1.0871
CM21 1,0.1154
CM21 9,2.5843
CM22 6,3.051
CM22 7,2.0275
CM23 1,0.8047
CM23 2,2.5872
CM23 3,3.1692
CM23 4,2.3356
CM23 5,2.8979
CM23 9,0.1908
CM24 1,0.3394
CM24 8,2.6719
CM3 1,1.5112
CM3 2,0.7289
CM3 3,1.8323
CM3 4,2.1935
CM3 5,4.3475
CM3 6,1.6082
CM3 7,0.2708
CM3 8,0.8924
CM3 9,0.0992
CM4 0,2.0451
CM4 9,1.8434
CM5 0,2.2681
CM5 5,0.2397
CM5 9,2.9533
CM6 1,2.8564
CM6 2,2.2753
CM6 3,2.5189
CM6 4,0.1207
CM6 9,0.15
CM7 0,0.8873
CM7 1,4.1245
CM7 2,2.9186
CM7 3,4.9177
CM7 4,0.9617
CM7 5,3.1657
CM7 9,2.7123
CM77 6,0.5054
CM77 7,1.3199
CM77 8,2.0734
CM8 1,5.7893
CM8 2,5.4618
CM8 3,2.8217
CM8 9,0.0409
CM9 4,4.1751
CM9 5,2.7276
CM9 6,4.6603
CM9 8,2.9398
CM9 9,0.5141
CM92 1,0.2045
CM98 1,0.1759
CM99 2,0.3803
CO1 1,4.3322
CO1 2,6.6393
CO1 9,0.4547
CO10 0,4.1647
CO10 1,4.7417
CO10 2,3.4579
CO10 3,0.0916
CO10 5,0.6916
CO10 7,1.8876
CO10 8,1.4713
CO10 9,2.4256
CO11 1,2.4053
CO11 2,2.5331
CO11 9,0.085
CO12 3,5.8354
CO12 4,5.5816
CO12 5,0.7512
CO12 9,0.1266
CO13 0,3.156
CO13 3,0.2428
CO13 9,2.236
CO14 8,4.5349
CO15 1,6.2884
CO15 2,7.6848
CO15 3,8.0539
CO15 4,4.2594
CO15 5,3.1531
CO15 6,4.6174
CO15 9,1.8508
CO16 0,1.1147
CO16 7,4.6024
CO16 8,9.4708
CO16 9,2.5956
CO2 0,1.3148
CO2 7,5.2983
CO2 8,8.3007
CO2 9,4.0868
CO3 0,3.5852
CO3 3,2.9572
CO3 4,2.3905
CO3 8,1.0163
CO3 9,1.655
CO4 0,1.9128
CO4 3,10.285
CO4 5,5.0219
CO4 6,0.4957
CO4 9,3.6957
CO5 0,3.1854
CO5 1,0.015
CO5 7,1.5446
CO5 8,3.0127
CO5 9,2.0319
CO6 1,2.5322
CO6 2,2.0165
CO6 3,1.0932
CO6 4,1.3139
CO6 5,0.0383
CO7 0,3.4886
CO7 5,0.1136
CO7 6,1.5186
CO7 7,2.242
CO7 8,1.3363
CO7 9,3.3569
CO8 5,1.1108
CO9 1,1.7031
CO9 2,2.1895
CO9 3,3.1219
CO9 4,0.9037
CO9 9,0.1732
CR0 0,14.8372
CR0 1,10.7732
CR0 2,21.8237
CR0 3,11.191
CR0 4,10.7956
CR0 5,5.2628
CR0 6,13.3886
CR0 7,8.4679
CR0 8,4.6583
CR0 9,6.3374
CR2 0,3.0354
CR2 1,0.1316
CR2 6,9.1514
CR2 7,4.6461
CR2 8,4.7818
CR2 9,2.5051
CR3 0,3.1411
CR3 4,0.1053
CR3 5,5.7417
CR3 6,4.0631
CR3 7,0.1768
CR4 1,11.6821
CR4 2,8.3095
CR4 3,10.3278
CR4 4,7.4185
CR4 9,0.1961
CR44 1,0.0515
CR5 1,4.4763
CR5 2,3.8047
CR5 3,1.9316
CR6 0,0.0461
CR6 9,4.5284
CR7 6,5.4745
CR7 7,10.6245
CR7 8,15.1404
CR7 9,0.0592
CR8 1,2.1162
CR8 2,5.0702
CR8 3,2.1911
CR8 4,3.2675
CR8 5,3.4498
CR8 9,0.1607
CR9 0,0.3051
CR9 1,0.9941
CR9 2,0.6381
CR9 3,0.3928
CR9 4,0.2201
CR9 5,0.2381
CR9 6,0.3364
CR9 7,0.0831
CR9 8,0.021
CR9 9,0.0066
CR90 9,0.4013
CT1 1,5.2564
CT1 2,2.3363
CT1 3,4.1064
CT1 9,0.6333
CT10 1,2.4631
CT10 2,2.6975
CT10 3,2.1952
CT10 9,0.0603
CT11 0,2.5019
CT11 1,0.1967
CT11 7,3.2223
CT11 8,8.1036
CT11 9,5.1076
CT12 4,1.1142
CT12 5,1.513
CT12 6,5.8817
CT13 0,1.1868
CT13 3,0.0103
CT13 9,0.5923
CT14 0,1.4176
CT14 4,0.0409
CT14 6,1.944
CT14 7,3.3765
CT14 8,0.7397
CT14 9,5.6441
CT15 4,1.0253
CT15 5,0.7206
CT15 6,0.576
CT15 7,1.1103
CT16 1,2.2839
CT16 2,4.6222
CT16 3,1.6339
CT16 9,0.493
CT17 0,5.1299
CT17 9,3.425
CT18 7,1.9896
CT18 8,1.2572
CT19 4,2.8126
CT19 5,3.3297
CT19 6,3.5707
CT2 0,2.0708
CT2 7,4.0804
CT2 8,2.0037
CT2 9,1.1246
CT20 1,5.4292
CT20 2,2.7949
CT20 3,2.5448
CT20 9,0.8094
CT21 4,1.4093
CT21 5,1.8317
CT21 6,1.884
CT21 9,0.05
CT3 1,1.7794
CT3 2,1.0005
CT3 3,1.5293
CT3 4,1.3115
CT4 5,1.0001
CT4 6,2.0536
CT4 7,1.4953
CT4 8,0.6625
CT5 1,1.9996
CT5 2,2.3751
CT5 3,1.0512
CT5 4,2.6455
CT5 9,0.0978
CT50 1,0.0541
CT6 5,2.7844
CT6 6,2.5377
CT6 7,1.9858
CT6 8,1.9661
CT6 9,0.0103
CT7 0,0.7961
CT7 9,2.5991
CT8 8,1.6963
CT9 1,5.5859
CT9 2,5.9816
CT9 3,6.6458
CT9 4,1.2837
CT9 5,4.8903
CT9 9,0.8407
CV1 1,1.0217
CV1 2,4.7965
CV1 3,4.4579
CV1 4,9.5724
CV1 5,7.4114
CV1 9,0.1372
CV10 0,4.2081
CV10 7,5.2592
CV10 8,5.1992
CV10 9,6.7653
CV11 4,5.642
CV11 5,6.1781
CV11 6,3.3971
CV11 7,0.1818
CV11 8,0.0262
CV11 9,0.405
CV12 0,3.9543
CV12 2,0.1154
CV12 8,4.3399
CV12 9,4.5817
CV13 0,1.1005
CV13 6,1.0746
CV2 1,16.5577
CV2 2,5.8293
CV2 3,5.2005
CV2 4,11.2372
CV2 5,7.2782
CV21 1,3.2498
CV21 2,3.3835
CV21 3,2.9427
CV21 4,1.6463
CV21 9,0.3577
CV22 5,2.4328
CV22 6,4.2189
CV22 7,4.0322
CV23 0,2.0655
CV23 1,0.3916
CV23 8,1.1449
CV23 9,1.1229
CV3 1,8.6155
CV3 2,7.2491
CV3 3,8.8403
CV3 4,2.8971
CV3 5,5.2679
CV3 6,3.549
CV3 9,1.4181
CV31 1,3.072
CV31 2,3.7955
CV31 3,4.5154
CV31 9,0.3243
CV32 4,2.259
CV32 5,3.137
CV32 6,1.6138
CV32 7,3.8757
CV33 8,0.0573
CV33 9,1.8695
CV34 0,0.0234
CV34 4,1.6481
CV34 5,3.9632
CV34 6,3.709
CV34 7,0.3403
CV34 8,0.4752
CV34 9,0.3447
CV35 0,1.7833
CV35 7,0.6398
CV35 8,1.2948
CV35 9,1.8007
CV36 4,1.7624
CV36 5,0.9253
CV37 0,1.9944
CV37 1,0.8742
CV37 5,0.0382
CV37 6,2.1517
CV37 7,2.3291
CV37 8,1.9668
CV37 9,3.0575
CV4 0,0.1748
CV4 7,1.3211
CV4 8,5.7659
CV4 9,17.268
CV47 0,1.253
CV47 1,1.6719
CV47 2,1.3638
CV47 4,0.049
CV47 8,0.9862
CV47 9,0.2417
CV5 6,7.807
CV5 7,2.8025
CV5 8,4.3969
CV5 9,3.3361
CV6 1,4.7649
CV6 2,4.1144
CV6 3,6.276
CV6 4,8.5306
CV6 5,12.8713
CV6 6,5.972
CV6 7,6.8867
CV6 9,0.5428
CV7 7,3.1663
CV7 8,4.3966
CV7 9,2.8373
CV8 1,2.0339
CV8 2,2.9602
CV8 3,0.7945
CV8 9,0.1597
CV9 1,2.1334
CV9 2,2.587
CV9 3,0.7858
CV9 9,0.4583
CW1 2,1.3567
CW1 3,8.4544
CW1 4,3.319
CW1 5,2.7833
CW1 6,0.5468
CW1 9,0.2778
CW10 0,2.7467
CW10 9,2.2764
CW11 1,2.2323
CW11 2,0.7729
CW11 3,2.6599
CW11 4,1.5004
CW11 5,0.0625
CW12 1,3.2699
CW12 2,2.9495
CW12 3,2.8586
CW12 4,3.0987
CW12 9,0.1326
CW2 5,2.3734
CW2 6,4.0244
CW2 7,4.6138
CW2 8,4.4436
CW3 0,0.6381
CW3 9,1.8891
CW4 7,1.8505
CW4 8,1.275
CW5 5,3.4837
CW5 6,2.1836
CW5 7,2.1291
CW5 8,0.5627
CW5 9,0.2813
CW6 0,2.1863
CW6 6,0.0211
CW6 9,1.3297
CW7 1,4.463
CW7 2,4.5769
CW7 3,4.0135
CW7 4,0.8071
CW7 9,0.195
CW8 1,1.5446
CW8 2,1.591
CW8 3,1.6021
CW8 4,3.7567
CW9 5,2.1131
CW9 6,2.0031
CW9 7,2.8049
CW9 8,2.8822
CW9 9,0.5833
CW98 1,0.0104
DA1 1,3.5656
DA1 2,4.9068
DA1 3,2.3738
DA1 4,5.0631
DA1 5,5.7676
DA1 9,0.461
DA10 0,3.6208
DA10 1,1.1771
DA10 9,0.0339
DA11 0,4.0222
DA11 7,3.837
DA11 8,3.6143
DA11 9,7.7064
DA12 1,3.9398
DA12 2,5.0945
DA12 3,0.5774
DA12 4,4.197
DA12 5,4.4061
DA12 9,0.426
DA13 0,1.8152
DA13 9,0.5846
DA14 4,3.9324
DA14 5,3.2165
DA14 6,4.5215
DA15 0,0.1948
DA15 7,1.8475
DA15 8,4.8162
DA15 9,1.7967
DA16 1,4.0136
DA16 2,4.0704
DA16 3,4.4554
DA17 5,4.8999
DA17 6,4.426
DA17 9,0.0291
DA18 4,3.9603
DA2 6,3.6755
DA2 7,2.8158
DA2 8,0.5474
DA3 7,1.847
DA3 8,1.9543
DA4 0,0.588
DA4 9,1.1916
DA5 1,2.3223
DA5 2,0.9518
DA5 3,1.8668
DA5 9,0.0484
DA6 7,1.5118
DA6 8,2.1007
DA7 4,3.1618
DA7 5,2.7494
DA7 6,3.5926
DA7 9,0.3381
DA8 1,10.175
DA8 2,8.3677
DA8 3,6.0583
DA8 9,0.4831
DA9 9,4.7747
DD1 1,5.2326
DD1 2,3.8255
DD1 3,3.7376
DD1 4,5.0128
DD1 5,5.5404
DD1 9,3.122
DD10 0,3.6678
DD10 1,0.1019
DD10 8,4.6038
DD10 9,4.726
DD11 1,4.4001
DD11 2,3.3001
DD11 3,2.9538
DD11 4,4.4816
DD11 5,3.626
DD11 9,0.2241
DD2 1,11.8723
DD2 2,9.9816
DD2 3,10.5092
DD2 4,11.2128
DD2 5,6.5558
DD2 9,0.3518
DD3 0,8.8219
DD3 6,10.4213
DD3 7,8.8383
DD3 8,9.1461
DD3 9,10.3333
DD4 0,7.2454
DD4 6,8.3546
DD4 7,11.3007
DD4 8,11.5645
DD4 9,10.817
DD5 1,7.6511
DD5 2,10.0255
DD5 3,12.1722
DD5 4,5.2996
DD5 9,0.1759
DD6 8,4.9485
DD6 9,3.5967
DD7 6,2.9334
DD7 7,4.6038
DD8 0,0.7945
DD8 1,5.3983
DD8 2,5.7242
DD8 3,5.3779
DD8 4,4.0538
DD8 5,3.4427
DD8 9,0.0407
DD9 6,4.1964
DD9 7,4.4164
DD9 9,0.0611
DE1 0,0.3068
DE1 1,6.5018
DE1 2,5.0084
DE1 3,5.0815
DE1 9,1.9224
DE11 0,5.8493
DE11 1,0.5089
DE11 7,3.0249
DE11 8,1.8984
DE11 9,5.3355
DE12 6,2.2316
DE12 7,2.5161
DE12 8,1.2116
DE13 0,6.4853
DE13 7,1.4318
DE13 8,2.826
DE13 9,3.7118
DE14 1,2.1441
DE14 2,6.2042
DE14 3,5.0541
DE14 9,1.0848
DE15 0,4.5349
DE15 9,7.8646
DE21 2,1.6185
DE21 4,4.6907
DE21 5,0.8476
DE21 6,7.6528
DE21 7,3.6493
DE22 1,2.0437
DE22 2,2.0478
DE22 3,12.1408
DE22 4,4.1054
DE22 5,0.4268
DE23 1,3.8608
DE23 2,1.4022
DE23 3,1.9305
DE23 4,1.0999
DE23 6,10.263
DE23 8,13.5886
DE24 0,9.168
DE24 1,0.3165
DE24 3,2.2297
DE24 5,0.3124
DE24 8,13.104
DE24 9,8.0569
DE3 0,1.8907
DE3 9,1.5299
DE4 2,2.743
DE4 3,4.1014
DE4 4,2.7024
DE4 5,2.1826
DE4 9,0.9076
DE45 1,2.4104
DE45 9,0.0149
DE5 3,5.6698
DE5 4,0.3882
DE5 8,1.471
DE5 9,1.5833
DE55 1,1.5272
DE55 2,2.4607
DE55 3,0.817
DE55 4,3.7796
DE55 5,3.3272
DE55 6,1.6155
DE55 7,4.5668
DE55 9,0.3194
DE56 0,2.5595
DE56 1,3.7395
DE56 2,1.7219
DE56 4,1.8361
DE56 9,0.2854
DE6 1,3.6479
DE6 2,2.2544
DE6 3,0.7868
DE6 4,0.7087
DE6 5,1.878
DE65 5,2.9044
DE65 6,2.4295
DE65 9,0.0882
DE7 0,0.3861
DE7 4,4.501
DE7 5,5.109
DE7 6,2.1628
DE7 8,8.8177
DE7 9,0.511
DE72 2,1.6734
DE72 3,4.9938
DE73 5,0.8397
DE73 6,1.947
DE73 7,1.0963
DE73 8,1.2372
DE74 0,0.0439
DE74 2,4.1108
DE75 7,7.1386
DE75 9,0.0297
DE99 3,0.0256
DG1 1,2.8915
DG1 2,2.0579
DG1 3,3.673
DG1 4,4.2722
DG1 9,0.9248
DG10 9,2.8655
DG11 1,3.3214
DG11 2,2.9567
DG11 3,2.097
DG11 9,0.026
DG12 5,2.6571
DG12 6,3.4907
DG13 0,1.8365
DG14 0,1.0101
DG16 5,1.8725
DG2 0,3.4256
DG2 7,2.4878
DG2 8,2.6571
DG2 9,2.9827
DG3 4,1.4979
DG3 5,1.9407
DG4 6,2.2273
DG5 4,2.7873
DG6 4,3.4777
DG7 1,3.0999
DG7 2,2.1752
DG7 3,3.4646
DG7 9,0.026
DG8 0,2.0449
DG8 6,2.9179
DG8 7,1.2113
DG8 8,2.084
DG8 9,2.605
DG9 0,2.4096
DG9 1,0.026
DG9 7,3.0088
DG9 8,2.8394
DG9 9,2.2403
DH1 1,2.8029
DH1 2,2.5595
DH1 3,2.096
DH1 4,2.3848
DH1 5,2.7803
DH1 9,0.4763
DH2 1,2.5755
DH2 2,4.838
DH2 3,3.2315
DH3 1,4.0993
DH3 2,2.8772
DH3 3,2.0351
DH3 4,2.1303
DH3 9,0.1477
DH4 4,4.4297
DH4 5,1.5952
DH4 6,3.5212
DH4 7,4.1094
DH4 9,0.0962
DH5 0,5.4209
DH5 8,2.478
DH5 9,3.9895
DH6 1,1.8749
DH6 2,3.9546
DH6 3,3.178
DH6 4,3.5028
DH6 5,2.4447
DH7 0,0.9867
DH7 6,2.9707
DH7 7,3.2202
DH7 8,3.9809
DH7 9,2.1227
DH8 0,2.4535
DH8 1,0.0946
DH8 5,3.4972
DH8 6,2.6974
DH8 7,3.3921
DH8 8,2.6411
DH8 9,1.0438
DH9 0,1.9805
DH9 6,4.9055
DH9 7,5.5775
DH9 8,3.153
DH9 9,2.4175
DH97 1,0.0067
DH98 1,0.024
DH99 1,0.0202
DL1 1,2.4984
DL1 2,7.312
DL1 3,1.8626
DL1 4,6.9899
DL1 5,4.3658
DL1 9,1.275
DL10 4,3.2447
DL10 5,0.7992
DL10 6,0.9042
DL10 7,2.3056
DL10 9,0.0978
DL11 6,0.9492
DL11 7,0.6453
DL12 0,0.8526
DL12 2,0.0025
DL12 8,2.1568
DL12 9,1.2172
DL13 1,0.8786
DL13 2,1.6219
DL13 3,1.1287
DL13 4,1.3284
DL13 5,1.5134
DL14 0,1.8779
DL14 4,0.2288
DL14 6,6.2906
DL14 7,2.2744
DL14 8,4.834
DL14 9,3.5993
DL15 0,3.5291
DL15 8,3.0746
DL15 9,2.3826
DL16 6,3.1193
DL16 7,3.924
DL16 9,0.075
DL17 0,4.5402
DL17 8,5.6534
DL17 9,2.1398
DL2 1,1.1803
DL2 2,1.285
DL2 3,1.1003
DL3 0,5.9747
DL3 6,4.9384
DL3 7,2.1198
DL3 8,2.225
DL3 9,3.7311
DL4 1,3.7857
DL4 2,2.8955
DL5 4,3.7318
DL5 5,1.9003
DL5 6,0.9409
DL5 7,5.5371
DL5 9,0.0299
DL6 1,3.8162
DL6 2,1.4187
DL6 3,1.1904
DL7 0,0.8635
DL7 7,0.3037
DL7 8,2.8272
DL7 9,1.0619
DL8 1,2.0643
DL8 2,2.4795
DL8 3,0.6589
DL8 4,1.3729
DL8 5,1.0247
DL8 9,0.0208
DL9 3,0.9112
DL9 4,3.4552
DL98 1,0.175
DN1 1,1.8148
DN1 2,5.924
DN1 3,4.0816
DN1 9,1.0011
DN10 4,3.1048
DN10 5,1.1484
DN10 6,1.6455
DN11 0,5.7782
DN11 8,5.9079
DN11 9,1.9427
DN12 1,6.6925
DN12 2,3.5232
DN12 3,3.0062
DN12 4,3.791
DN14 0,2.1681
DN14 4,0.0608
DN14 5,4.7084
DN14 6,5.1018
DN14 7,2.3783
DN14 8,2.1395
DN14 9,2.0549
DN15 0,0.4963
DN15 5,0.543
DN15 6,4.8721
DN15 7,4.1191
DN15 8,5.6014
DN15 9,2.8371
DN16 1,5.8793
DN16 2,6.0438
DN16 3,4.3974
DN17 1,7.5532
DN17 2,4.1935
DN17 3,1.7276
DN17 4,2.2488
DN18 5,2.3341
DN18 6,0.6464
DN18 9,0.0316
DN19 7,2.2918
DN19 9,0.0422
DN2 4,4.0913
DN2 5,4.2283
DN2 6,4.1521
DN20 0,0.5767
DN20 2,0.0429
DN20 8,1.7767
DN20 9,1.2552
DN21 1,11.9358
DN21 2,6.2099
DN21 3,2.6402
DN21 4,1.9783
DN21 5,2.6614
DN21 9,0.2041
DN22 0,1.7662
DN22 1,0.4539
DN22 5,0.0192
DN22 6,4.9952
DN22 7,8.9345
DN22 8,2.5391
DN22 9,1.0671
DN3 1,2.1945
DN3 2,3.6406
DN3 3,4.0486
DN31 1,3.3151
DN31 2,6.6274
DN31 3,2.4472
DN31 9,0.6144
DN32 0,3.9594
DN32 7,11.4149
DN32 8,4.6176
DN32 9,7.7707
DN33 1,5.0948
DN33 2,2.035
DN33 3,2.2747
DN34 4,2.5767
DN34 5,5.1382
DN35 0,1.6238
DN35 7,7.6799
DN35 8,4.9247
DN35 9,2.6887
DN36 4,3.4909
DN36 5,2.0909
DN37 0,2.5852
DN37 7,1.303
DN37 8,0.3775
DN37 9,4.3614
DN38 6,0.6735
DN39 6,0.2326
DN4 0,8.7958
DN4 5,2.739
DN4 6,5.7532
DN4 7,2.5675
DN4 8,5.546
DN4 9,3.882
DN40 1,2.7933
DN40 2,1.7219
DN40 3,0.6368
DN40 9,0.0649
DN41 7,0.471
DN41 8,1.249
DN5 0,8.5595
DN5 7,2.0826
DN5 8,2.7872
DN5 9,5.2223
DN6 0,3.9849
DN6 7,4.2945
DN6 8,4.0103
DN6 9,1.4429
DN7 4,2.9541
DN7 5,5.5964
DN7 6,1.5023
DN8 4,3.5323
DN8 5,3.2325
DN9 1,2.8457
DN9 2,0.7509
DN9 3,1.4998
DT1 1,5.8022
DT1 2,3.5656
DT1 3,2.2171
DT1 9,0.1643
DT10 1,2.9802
DT10 2,1.632
DT10 9,0.1698
DT11 0,2.4234
DT11 1,0.2066
DT11 7,4.2403
DT11 8,2.0699
DT11 9,2.0782
DT2 0,1.894
DT2 7,1.3971
DT2 8,2.8269
DT2 9,2.4794
DT3 4,2.4767
DT3 5,3.3602
DT3 6,2.9953
DT4 0,7.2295
DT4 4,0.2783
DT4 7,6.9467
DT4 8,3.6184
DT4 9,4.5522
DT5 1,3.6597
DT5 2,1.6697
DT5 9,0.0296
DT6 3,2.485
DT6 4,1.0201
DT6 5,3.207
DT6 6,0.5624
DT6 9,0.1141
DT7 3,1.795
DT8 3,3.2399
DT9 3,2.0709
DT9 4,2.245
DT9 5,1.1454
DT9 6,2.2917
DT9 9,0.0632
DY1 1,2.8944
DY1 2,9.4697
DY1 3,5.5813
DY1 4,3.6507
DY1 9,1.4616
DY10 1,5.4465
DY10 2,6.8448
DY10 3,7.2111
DY10 4,1.9227
DY11 5,3.5161
DY11 6,10.9741
DY11 7,6.239
DY11 9,0.2639
DY12 1,2.13
DY12 2,2.7946
DY12 3,0.7527
DY12 9,0.0208
DY13 0,3.2609
DY13 3,0.0602
DY13 8,3.773
DY13 9,2.7686
DY14 0,0.8783
DY14 8,1.8566
DY14 9,1.3631
DY2 0,7.7822
DY2 7,3.7699
DY2 8,4.7061
DY2 9,4.597
DY3 1,5.0773
DY3 2,6.6554
DY3 3,3.7633
DY3 4,0.8862
DY4 0,8.5208
DY4 4,0.1385
DY4 7,5.5558
DY4 8,5.5251
DY4 9,6.6223
DY5 1,5.7543
DY5 2,7.5231
DY5 3,7.7577
DY5 4,4.2314
DY5 9,0.1551
DY6 0,1.8906
DY6 6,0.0808
DY6 7,1.5953
DY6 8,3.9129
DY6 9,2.2636
DY7 5,1.1845
DY7 6,1.8348
DY8 1,5.348
DY8 2,2.7541
DY8 3,4.716
DY8 4,7.4838
DY8 5,4.3157
DY8 9,0.9078
DY9 0,3.4274
DY9 7,4.1126
DY9 8,4.7029
DY9 9,2.0542
E1 0,9.6044
E1 1,5.3532
E1 2,7.3749
E1 3,5.9912
E1 4,9.9961
E1 5,7.8639
E1 6,3.6898
E1 7,2.3329
E1 8,4.5052
E10 5,10.5024
E10 6,7.9609
E10 7,9.027
E10 9,0.2074
E11 1,7.6004
E11 2,4.2833
E11 3,10.2608
E11 4,8.2774
E11 9,0.2669
E12 5,9.1166
E12 6,12.8848
E12 9,0.5574
E13 0,10.1005
E13 3,0.2222
E13 8,12.0087
E13 9,9.8964
E14 0,11.6185
E14 1,0.5011
E14 2,1.5635
E14 3,10.5884
E14 4,0.5804
E14 5,1.1642
E14 6,12.512
E14 7,10.0522
E14 8,6.5265
E14 9,12.9722
E15 1,10.5337
E15 2,7.4868
E15 3,11.0225
E15 4,9.3335
E15 9,0.3783
E16 1,11.3195
E16 2,11.845
E16 3,10.1426
E16 4,6.398
E16 9,0.5228
E17 0,0.8458
E17 3,9.981
E17 4,7.1665
E17 5,11.0203
E17 6,8.7401
E17 7,7.541
E17 8,6.8928
E17 9,6.7933
E18 1,2.5393
E18 2,4.0672
E18 9,0.0879
E1W 1,1.3216
E1W 2,2.7965
E1W 3,4.2216
E1W 9,0.6099
E2 0,8.8755
E2 2,0.2356
E2 6,8.0003
E2 7,8.8865
E2 8,8.4627
E2 9,5.5754
E20 1,3.6589
E20 2,0.2286
E20 3,0.4956
E3 2,10.5313
E3 3,14.5096
E3 4,14.5036
E3 5,8.408
E3 9,0.6611
E4 0,0.25
E4 6,8.6068
E4 7,5.5918
E4 8,6.3462
E4 9,7.5861
E5 0,12.2728
E5 5,0.5128
E5 8,12.7938
E5 9,14.6509
E6 1,9.2242
E6 2,7.7708
E6 3,9.9926
E6 5,5.0403
E6 6,6.7384
E6 7,0.2812
E6 9,1.3935
E7 0,8.3179
E7 7,0.4276
E7 8,10.4142
E7 9,10.5284
E8 1,8.0822
E8 2,11.2805
E8 3,9.9117
E8 4,9.0494
E8 9,0.1969
E9 5,12.2332
E9 6,12.2598
E9 7,10.3912
E9 9,0.1346
E98 1,0.5359
EC1A 1,0.1517
EC1A 2,0.0297
EC1A 4,0.1478
EC1A 7,0.0745
EC1A 9,0.0836
EC1M 3,0.1346
EC1M 4,0.3897
EC1M 5,0.4579
EC1M 6,0.5227
EC1M 7,0.1004
EC1N 2,0.2131
EC1N 6,0.1074
EC1N 7,1.0539
EC1N 8,1.0738
EC1P 1,0.6754
EC1R 0,0.9369
EC1R 1,0.9904
EC1R 3,0.259
EC1R 4,1.0014
EC1R 5,0.6321
EC1V 0,2.0112
EC1V 1,0.8237
EC1V 2,1.5274
EC1V 3,1.8878
EC1V 4,1.2829
EC1V 7,2.6152
EC1V 8,1.395
EC1V 9,2.1079
EC1Y 0,1.0322
EC1Y 1,0.1901
EC1Y 2,0.1783
EC1Y 4,0.1865
EC1Y 8,1.1422
EC2A 1,0.3657
EC2A 2,0.2368
EC2A 3,0.5044
EC2A 4,0.7074
EC2M 1,0.0264
EC2M 2,0.1212
EC2M 3,0.0325
EC2M 4,0.1733
EC2M 5,0.0347
EC2M 6,0.0089
EC2M 7,0.0319
EC2N 1,0.0274
EC2N 2,0.0281
EC2N 3,0.0051
EC2N 4,0.0115
EC2P 2,0.208
EC2R 5,0.0156
EC2R 6,0.022
EC2R 7,0.0363
EC2R 8,0.0391
EC2V 5,0.0356
EC2V 6,0.0356
EC2V 7,0.2131
EC2V 8,0.0265
EC2Y 5,0.0722
EC2Y 8,0.4974
EC2Y 9,0.1717
EC3A 1,0.0013
EC3A 2,0.0038
EC3A 3,0.0067
EC3A 4,0.0026
EC3A 5,0.0179
EC3A 6,0.0089
EC3A 7,0.1859
EC3A 8,0.043
EC3M 1,0.0217
EC3M 2,0.0013
EC3M 3,0.0102
EC3M 4,0.014
EC3M 5,0.0191
EC3M 6,0.0077
EC3M 7,0.0204
EC3M 8,0.0077
EC3N 1,0.2983
EC3N 2,0.1689
EC3N 3,0.0102
EC3N 4,0.1125
EC3P 3,0.0524
EC3R 5,0.0179
EC3R 6,0.0327
EC3R 7,0.0293
EC3R 8,0.0357
EC3V 0,0.0281
EC3V 1,0.0102
EC3V 3,0.0281
EC3V 4,0.0051
EC3V 9,0.0322
EC4A 1,0.0793
EC4A 2,0.0605
EC4A 3,0.0772
EC4A 4,0.0388
EC4M 5,0.0054
EC4M 6,0.0026
EC4M 7,0.0945
EC4M 8,0.0128
EC4M 9,0.0332
EC4N 1,0.0077
EC4N 4,0.014
EC4N 5,0.0128
EC4N 6,0.0207
EC4N 7,0.0248
EC4N 8,0.0181
EC4P 4,0.139
EC4R 0,0.0179
EC4R 1,0.0128
EC4R 2,0.014
EC4R 3,0.0191
EC4R 9,0.013
EC4V 2,0.0115
EC4V 3,0.0293
EC4V 4,0.0334
EC4V 5,0.0462
EC4V 6,0.0416
EC4Y 0,0.0531
EC4Y 1,0.0432
EC4Y 7,0.0956
EC4Y 8,0.0446
EC4Y 9,0.0603
EH1 1,4.5808
EH1 2,3.7066
EH1 3,3.0072
EH1 9,0.1748
EH10 4,7.8328
EH10 5,9.0567
EH10 6,9.5113
EH10 7,3.4976
EH10 9,0.3497
EH11 1,9.0917
EH11 2,7.5881
EH11 3,9.6512
EH11 4,6.6789
EH12 0,0.6294
EH12 1,1.6435
EH12 5,7.8328
EH12 6,6.2942
EH12 7,9.1966
EH12 8,10.7352
EH12 9,4.8256
EH13 0,6.7488
EH13 9,6.4341
EH14 1,9.0217
EH14 2,7.7279
EH14 3,2.9723
EH14 4,0.6644
EH14 5,8.742
EH14 6,0.6294
EH14 7,5.42
EH14 9,0.3147
EH15 1,7.7629
EH15 2,6.8887
EH15 3,7.1335
EH15 9,0.2098
EH16 4,9.6214
EH16 5,9.6512
EH16 6,11.1198
EH16 9,0.7693
EH17 7,7.5881
EH17 8,12.8035
EH18 1,2.1449
EH19 2,2.9941
EH19 3,5.3854
EH19 9,0.0201
EH2 1,1.6785
EH2 2,1.9232
EH2 3,1.1889
EH2 4,2.168
EH2 9,0.1748
EH20 0,0.0402
EH20 9,4.6821
EH21 6,4.9337
EH21 7,4.8317
EH21 8,5.825
EH21 9,0.1019
EH22 1,4.3956
EH22 2,4.623
EH22 3,3.0142
EH22 4,5.084
EH22 5,4.5013
EH22 9,0.5627
EH23 4,6.0486
EH24 9,1.5272
EH25 9,2.8133
EH26 0,4.7424
EH26 6,0.0402
EH26 8,3.7377
EH26 9,2.5123
EH27 8,2.4757
EH28 8,4.685
EH28 9,0.0343
EH29 9,4.3354
EH3 1,1.6785
EH3 5,5.8047
EH3 6,6.0145
EH3 7,2.7275
EH3 8,3.252
EH3 9,7.0635
EH30 9,8.5295
EH31 2,2.0183
EH32 0,5.5045
EH32 2,0.0408
EH32 9,5.4841
EH33 1,3.7104
EH33 2,4.1793
EH33 9,0.0204
EH34 5,1.7941
EH35 5,1.4883
EH36 5,0.2243
EH37 5,1.8896
EH38 5,0.2218
EH39 4,4.5055
EH39 5,3.8939
EH39 9,0.1019
EH4 1,6.3642
EH4 2,8.9518
EH4 3,8.0077
EH4 4,8.3224
EH4 5,6.0145
EH4 6,6.9936
EH4 7,8.3224
EH4 8,4.1962
EH4 9,0.8043
EH40 3,1.3863
EH41 3,4.791
EH41 4,4.1182
EH41 9,0.4689
EH42 1,7.1762
EH43 6,0.5443
EH44 6,2.1772
EH45 6,0.0806
EH45 8,4.294
EH45 9,2.8022
EH46 7,2.2836
EH47 0,7.6124
EH47 7,6.7895
EH47 8,6.0008
EH47 9,4.7379
EH48 1,7.201
EH48 2,10.5614
EH48 3,8.4697
EH48 4,5.2121
EH48 9,0.2057
EH49 6,6.7505
EH49 7,7.3699
EH49 9,0.1372
EH5 1,7.9727
EH5 2,6.8887
EH5 3,7.2034
EH51 0,4.8251
EH51 1,0.1129
EH51 9,6.772
EH52 5,7.8189
EH52 6,11.0764
EH52 9,0.0686
EH53 0,9.9112
EH54 0,1.1316
EH54 5,5.7265
EH54 6,9.9785
EH54 7,3.3262
EH54 8,7.7496
EH54 9,4.6978
EH55 8,9.581
EH6 4,8.3573
EH6 5,6.539
EH6 6,6.574
EH6 7,6.2942
EH6 8,7.1684
EH6 9,0.0699
EH7 4,6.8887
EH7 5,8.4622
EH7 6,9.5812
EH7 9,2.168
EH8 7,8.1126
EH8 8,4.0213
EH8 9,7.4831
EH9 1,7.8328
EH9 2,6.0495
EH9 3,3.8465
EH9 8,0.1399
EH91 5,0.6994
EH95 1,0.2098
EH99 1,0.0699
EN1 1,5.8944
EN1 2,3.0136
EN1 3,3.4187
EN1 4,8.4109
EN1 9,0.4332
EN10 6,6.0103
EN10 7,2.8358
EN11 0,2.5019
EN11 1,0.2297
EN11 8,3.5567
EN11 9,1.5203
EN2 0,3.9273
EN2 6,2.2997
EN2 7,2.9546
EN2 8,2.4564
EN2 9,0.8204
EN3 4,6.0391
EN3 5,10.0705
EN3 6,13.4927
EN3 7,6.8038
EN4 0,2.7475
EN4 8,4.2734
EN4 9,3.1641
EN5 1,3.5223
EN5 2,6.1394
EN5 3,1.6821
EN5 4,2.1742
EN5 5,3.4572
EN5 9,0.2688
EN6 1,1.5133
EN6 2,1.648
EN6 3,1.1806
EN6 4,1.8007
EN6 5,2.5051
EN6 9,0.2119
EN7 5,2.6025
EN7 6,4.1497
EN8 0,5.0976
EN8 1,0.5197
EN8 7,3.9037
EN8 8,5.6059
EN8 9,4.1238
EN9 1,4.0464
EN9 2,2.3656
EN9 3,4.3269
EX1 1,3.4226
EX1 2,6.0912
EX1 3,5.6017
EX1 4,0.2523
EX1 9,1.5882
EX10 0,1.1509
EX10 1,0.2272
EX10 8,1.1217
EX10 9,3.4139
EX11 1,3.2638
EX12 2,3.0438
EX12 3,0.2718
EX12 4,0.2536
EX12 9,0.065
EX13 5,3.1013
EX13 7,0.978
EX13 8,0.1639
EX13 9,0.0438
EX14 0,0.0364
EX14 1,2.6514
EX14 2,1.3807
EX14 3,1.2496
EX14 4,0.8502
EX14 9,1.2322
EX15 1,2.925
EX15 2,1.7072
EX15 3,1.998
EX15 9,0.0375
EX16 0,0.4577
EX16 4,1.9098
EX16 5,2.5044
EX16 6,3.3872
EX16 7,1.3933
EX16 8,1.0617
EX16 9,1.6204
EX17 1,0.5005
EX17 2,1.1026
EX17 3,3.6341
EX17 4,1.1706
EX17 5,0.9102
EX17 6,1.5234
EX17 9,0.0281
EX18 7,1.6737
EX19 8,1.1015
EX2 0,0.0968
EX2 4,3.1237
EX2 5,3.88
EX2 6,2.1657
EX2 7,1.9522
EX2 8,3.8678
EX2 9,2.0736
EX20 1,2.7852
EX20 2,1.8304
EX20 3,1.9962
EX20 4,1.1614
EX20 9,0.0716
EX21 5,1.3881
EX22 6,3.4084
EX22 7,1.9428
EX22 9,0.1324
EX23 0,1.6862
EX23 3,0.0298
EX23 8,3.4907
EX23 9,1.458
EX24 6,1.9603
EX3 0,2.6818
EX3 9,0.0159
EX31 1,2.4661
EX31 2,1.7444
EX31 3,2.7294
EX31 4,1.9702
EX32 0,1.2248
EX32 2,0.6004
EX32 7,3.2617
EX32 8,3.3543
EX32 9,3.2885
EX33 1,1.6446
EX33 2,1.6962
EX34 0,0.8651
EX34 4,0.0948
EX34 7,1.0208
EX34 8,3.6893
EX34 9,4.3432
EX35 6,0.2703
EX36 3,1.2701
EX36 4,1.7764
EX36 9,0.0184
EX37 9,1.2644
EX38 7,1.2397
EX38 8,1.202
EX38 9,0.0179
EX39 1,4.609
EX39 2,3.5746
EX39 3,3.7328
EX39 4,4.7171
EX39 5,1.5923
EX39 6,0.8769
EX39 9,0.7117
EX4 0,0.2241
EX4 1,4.0812
EX4 2,3.339
EX4 3,3.7564
EX4 4,5.5323
EX4 5,1.1428
EX4 6,5.1429
EX4 7,1.8655
EX4 8,2.8214
EX4 9,1.4605
EX5 1,1.1542
EX5 2,0.9827
EX5 3,0.8475
EX5 4,3.1698
EX5 5,1.0958
EX5 7,1.7761
EX6 6,1.078
EX6 7,1.1154
EX6 8,1.634
EX7 0,3.1399
EX7 7,0.1891
EX7 9,4.1122
EX8 1,4.8174
EX8 2,5.5757
EX8 3,2.3544
EX8 4,3.5084
EX8 5,1.834
EX8 9,0.3445
EX9 6,1.7826
EX9 7,0.5842
EX9 9,0.025
FK1 1,4.9097
FK1 2,5.3916
FK1 3,2.6588
FK1 4,4.4865
FK1 5,6.5181
FK1 9,1.693
FK10 1,6.0335
FK10 2,8.9659
FK10 3,7.3384
FK10 4,5.3997
FK10 9,1.2808
FK11 7,2.528
FK12 5,5.0897
FK13 6,6.2357
FK14 7,5.2648
FK15 0,3.7318
FK15 5,0.1364
FK15 9,4.1186
FK16 6,1.6828
FK17 8,3.0017
FK18 8,0.1819
FK19 8,0.6367
FK2 0,10.3556
FK2 7,8.8319
FK2 8,7.0104
FK2 9,8.0982
FK20 8,0.5241
FK21 8,1.2208
FK3 0,2.9063
FK3 3,0.0564
FK3 8,6.3206
FK3 9,3.7528
FK4 1,6.8002
FK4 2,2.7357
FK5 3,3.4707
FK5 4,9.5036
FK6 5,5.0434
FK6 6,4.724
FK6 9,0.0847
FK7 0,3.7067
FK7 1,0.9778
FK7 7,6.1045
FK7 8,4.1387
FK7 9,4.1842
FK8 1,5.4577
FK8 2,3.4565
FK8 3,5.6168
FK9 4,5.3667
FK9 5,4.036
FY1 1,3.1689
FY1 2,14.8965
FY1 3,9.3604
FY1 4,9.1246
FY1 5,12.325
FY1 6,11.0291
FY1 9,1.3923
FY2 0,9.2371
FY2 9,6.9286
FY3 0,0.9059
FY3 7,14.7279
FY3 8,5.1975
FY3 9,6.2257
FY4 1,10.0628
FY4 2,4.7676
FY4 3,5.5707
FY4 4,6.8462
FY4 5,3.3827
FY4 9,0.0193
FY5 1,4.0414
FY5 2,6.2298
FY5 3,5.1922
FY5 4,3.2083
FY5 5,1.839
FY5 9,0.1154
FY6 0,3.9957
FY6 6,0.4881
FY6 7,7.0497
FY6 8,2.9318
FY6 9,1.2336
FY7 6,14.7219
FY7 7,6.6755
FY7 8,5.6773
FY7 9,0.2065
FY8 1,4.7831
FY8 2,3.81
FY8 3,6.7982
FY8 4,3.4827
FY8 5,2.8744
FY8 9,0.6058
G1 1,5.8307
G1 2,2.8614
G1 3,3.0233
G1 4,3.0773
G1 5,5.0209
G1 9,0.5399
G11 5,7.0184
G11 6,7.5583
G11 7,11.4454
G11 9,0.7018
G12 0,13.6049
G12 8,9.3939
G12 9,12.5791
G13 1,12.9031
G13 2,11.2295
G13 3,13.011
G13 4,9.3908
G13 9,0.3239
G14 0,10.1482
G14 9,12.4712
G15 6,9.016
G15 7,6.7485
G15 8,6.1006
G2 1,2.1055
G2 2,2.5374
G2 3,2.3755
G2 4,4.1031
G2 5,2.4834
G2 6,2.2135
G2 7,1.8356
G2 8,2.5914
G2 9,8.4221
G20 0,8.854
G20 2,0.5939
G20 6,7.8822
G20 7,6.9104
G20 8,8.746
G20 9,6.8025
G21 1,5.9387
G21 2,7.0724
G21 3,11.6614
G21 4,8.8
G22 5,5.9926
G22 6,8.5841
G22 7,7.5043
G22 9,0.054
G23 5,7.9362
G3 6,7.3963
G3 7,6.2626
G3 8,10.7436
G3 9,0.5399
G31 1,5.1828
G31 2,9.016
G31 3,7.5043
G31 4,8.638
G31 5,3.9411
G31 9,0.2699
G32 0,9.9337
G32 2,0.3239
G32 6,11.0135
G32 7,9.9337
G32 8,13.173
G32 9,8.908
G33 1,11.7023
G33 2,10.4736
G33 3,9.5018
G33 4,9.5018
G33 5,5.9926
G33 6,8.3184
G33 9,0.7558
G34 0,4.8049
G34 9,6.4245
G4 0,10.4736
G4 7,1.2417
G4 9,6.8025
G40 1,4.1031
G40 2,6.3166
G40 3,5.8847
G40 4,5.5068
G40 9,0.5939
G41 1,5.0748
G41 2,8.0442
G41 3,12.4172
G41 4,9.016
G41 5,9.5018
G42 0,5.6147
G42 2,0.5399
G42 7,7.0184
G42 8,11.0675
G42 9,10.2037
G43 1,9.7718
G43 2,13.011
G44 3,9.1297
G44 4,10.4549
G44 5,10.2577
G44 9,0.108
G45 0,5.5068
G45 9,11.0135
G46 6,5.6149
G46 7,6.0359
G46 8,10.217
G46 9,0.8905
G5 0,9.8258
G5 8,4.6429
G5 9,4.427
G51 1,7.0724
G51 2,7.3963
G51 3,8.0982
G51 4,13.1333
G51 9,0.3779
G52 1,10.4736
G52 2,11.486
G52 3,10.2577
G52 4,7.66
G52 9,0.3248
G53 5,12.1472
G53 6,9.5558
G53 7,17.9149
G53 9,0.3779
G58 1,0.4859
G58 2,0.216
G60 5,6.9786
G60 9,0.2624
G61 1,4.009
G61 2,4.1922
G61 3,4.2536
G61 4,3.9059
G61 9,0.1431
G62 6,2.9374
G62 7,3.8855
G62 8,2.1382
G62 9,0.3067
G63 0,4.9437
G63 9,4.1387
G64 1,7.0392
G64 2,3.8503
G64 3,3.1288
G64 4,1.8405
G64 9,0.184
G65 0,7.2363
G65 5,0.0372
G65 9,6.7301
G66 1,3.8037
G66 2,3.9264
G66 3,5.3988
G66 4,3.7219
G66 5,3.3895
G66 7,3.0266
G66 8,2.3202
G66 9,0.7362
G67 1,4.2774
G67 2,7.811
G67 3,4.3428
G67 4,6.1372
G67 9,0.8183
G68 0,5.4215
G68 9,6.7565
G69 0,6.7119
G69 1,0.162
G69 6,12.9943
G69 7,13.1266
G69 8,5.1172
G69 9,5.6741
G70 5,0.1488
G70 6,0.2232
G71 5,6.9927
G71 6,7.6398
G71 7,9.7685
G71 8,7.2642
G71 9,0.2677
G72 0,8.6545
G72 6,1.6952
G72 7,9.8684
G72 8,9.4575
G72 9,8.1192
G73 1,3.5689
G73 2,5.5317
G73 3,6.3347
G73 4,5.8831
G73 5,4.8477
G73 9,0.9718
G74 1,4.015
G74 2,3.5986
G74 3,7.8218
G74 4,8.9817
G74 5,2.9443
G74 9,0.5651
G75 0,7.108
G75 7,0.4758
G75 8,11.3906
G75 9,6.2753
G76 0,3.4135
G76 6,0.0495
G76 7,5.6644
G76 8,4.69
G76 9,3.248
G77 5,7.5443
G77 6,9.1519
G77 9,0.47
G78 1,6.1885
G78 2,5.4958
G78 3,4.5761
G78 4,1.1116
G78 9,0.0495
G79 1,0.0595
G81 1,9.2348
G81 2,9.707
G81 3,9.1823
G81 4,8.028
G81 5,6.3374
G81 6,9.0774
G82 1,6.8736
G82 2,10.8614
G82 3,6.4539
G82 4,8.3428
G82 5,5.7328
G82 9,1.3118
G83 0,10.6515
G83 3,0.1049
G83 7,0.997
G83 8,11.0926
G83 9,7.9755
G84 0,4.5674
G84 4,0.4044
G84 7,5.4238
G84 8,5.6617
G84 9,4.6864
G9 2,0.108
G90 8,1.8356
GL1 1,6.642
GL1 2,4.0101
GL1 3,6.3635
GL1 4,8.5308
GL1 5,7.1235
GL1 9,0.862
GL10 2,3.1484
GL10 3,3.4278
GL11 4,4.2911
GL11 5,2.928
GL11 6,1.483
GL11 9,0.0991
GL12 7,1.9653
GL12 8,2.8628
GL12 9,0.0076
GL13 9,1.9872
GL14 1,1.2554
GL14 2,3.5058
GL14 3,1.307
GL14 9,0.0784
GL15 4,2.2479
GL15 5,2.6497
GL15 6,2.4391
GL15 9,0.0893
GL16 7,2.5111
GL16 8,2.8224
GL16 9,0.176
GL17 0,1.4554
GL17 1,0.0924
GL17 9,3.3161
GL18 1,2.4225
GL18 2,0.3649
GL19 3,3.0216
GL19 4,1.2552
GL2 0,2.6918
GL2 2,3.1802
GL2 3,0.4218
GL2 4,5.8108
GL2 5,3.2075
GL2 7,1.8226
GL2 8,1.3487
GL2 9,1.8257
GL20 5,3.7989
GL20 6,1.1529
GL20 7,2.3058
GL20 8,3.5022
GL20 9,0.0699
GL3 1,2.9969
GL3 2,2.167
GL3 3,3.0151
GL3 4,5.4627
GL3 5,0.0417
GL3 9,0.2538
GL4 0,4.2867
GL4 3,1.4304
GL4 4,4.1326
GL4 5,2.3998
GL4 6,6.7087
GL4 8,1.1904
GL5 1,6.3312
GL5 2,2.7899
GL5 3,2.1773
GL5 4,6.476
GL5 5,1.5287
GL50 1,2.258
GL50 2,4.3522
GL50 3,3.4428
GL50 4,4.9017
GL50 9,1.1417
GL51 0,6.1953
GL51 3,4.0153
GL51 4,1.0164
GL51 6,2.7414
GL51 7,7.2187
GL51 8,4.1761
GL51 9,3.6011
GL52 2,4.6052
GL52 3,2.4894
GL52 5,4.4274
GL52 6,3.3259
GL52 7,0.6502
GL52 8,3.6727
GL52 9,0.9973
GL53 0,2.0344
GL53 7,3.0492
GL53 8,2.6538
GL53 9,1.2957
GL54 1,1.2517
GL54 2,1.3616
GL54 3,1.2756
GL54 4,1.2434
GL54 5,2.0865
GL55 6,2.0638
GL55 9,0.0271
GL56 0,3.4004
GL56 9,2.1143
GL6 0,4.3666
GL6 1,1.069
GL6 6,1.886
GL6 7,1.2248
GL6 8,2.4765
GL6 9,2.0283
GL7 0,0.0268
GL7 1,6.8127
GL7 2,2.0381
GL7 3,1.7947
GL7 4,1.6243
GL7 5,3.7043
GL7 6,2.3522
GL7 7,0.354
GL7 9,0.5345
GL8 0,0.0508
GL8 8,2.5921
GL9 1,0.6979
GU1 1,5.172
GU1 2,4.2825
GU1 3,2.5751
GU1 4,4.1925
GU1 9,1.482
GU10 1,1.0192
GU10 2,1.223
GU10 3,1.2988
GU10 4,2.215
GU10 5,1.0691
GU11 1,3.8475
GU11 2,1.9609
GU11 3,5.1669
GU11 4,0.449
GU11 9,0.2522
GU12 4,3.7984
GU12 5,1.8503
GU12 6,3.9929
GU14 0,1.5138
GU14 4,0.3746
GU14 6,2.8263
GU14 7,2.3401
GU14 8,5.8194
GU14 9,4.2911
GU15 1,2.0463
GU15 2,3.84
GU15 3,4.3273
GU15 4,4.3412
GU15 9,0.7823
GU16 6,3.0021
GU16 7,0.6895
GU16 8,2.9815
GU16 9,1.3213
GU17 0,1.7676
GU17 9,1.0412
GU18 5,2.3049
GU19 5,2.5281
GU2 4,1.6476
GU2 7,3.428
GU2 8,4.2849
GU2 9,3.6433
GU20 5,0.084
GU20 6,0.8679
GU21 2,3.9062
GU21 3,3.1021
GU21 4,3.6811
GU21 5,5.6791
GU21 6,0.9662
GU21 7,0.5315
GU21 8,1.9773
GU21 9,0.0156
GU22 0,1.9588
GU22 2,0.437
GU22 7,5.5299
GU22 8,2.8757
GU22 9,4.7632
GU23 6,1.142
GU23 7,0.9819
GU24 0,1.822
GU24 8,1.4969
GU24 9,1.8966
GU25 4,2.1724
GU25 9,0.2386
GU26 6,1.0073
GU27 1,1.1761
GU27 2,1.4854
GU27 3,2.8349
GU27 9,0.1807
GU28 0,0.8986
GU28 8,0.0571
GU28 9,0.876
GU29 0,2.1381
GU29 1,0.137
GU29 9,5.3208
GU3 1,0.3903
GU3 2,1.1996
GU3 3,1.7346
GU30 7,2.136
GU30 9,0.0134
GU31 4,1.6429
GU31 5,1.9038
GU32 1,1.2052
GU32 2,1.1996
GU32 3,2.6932
GU32 9,0.3278
GU33 6,0.5676
GU33 7,1.9944
GU34 1,1.9255
GU34 2,1.898
GU34 3,1.0061
GU34 4,1.4237
GU34 5,1.7913
GU34 9,0.7644
GU35 0,2.3956
GU35 5,0.0429
GU35 8,0.816
GU35 9,1.6867
GU4 7,4.8035
GU4 8,2.8417
GU46 6,2.5803
GU46 7,1.1429
GU47 0,1.2
GU47 7,0.0926
GU47 8,1.0999
GU47 9,1.3538
GU5 0,2.1123
GU5 9,1.785
GU51 1,0.897
GU51 2,0.2874
GU51 3,1.5138
GU51 4,1.5974
GU51 5,0.6073
GU51 9,0.012
GU52 0,0.7582
GU52 6,1.5982
GU52 7,0.7055
GU52 8,0.965
GU52 9,0.006
GU6 7,2.4666
GU6 8,2.4653
GU6 9,0.0538
GU7 1,2.7245
GU7 2,2.045
GU7 3,2.9979
GU7 9,0.2649
GU8 4,2.2286
GU8 5,3.0522
GU8 6,0.9048
GU9 0,2.465
GU9 1,0.2861
GU9 7,2.2233
GU9 8,2.9165
GU9 9,2.559
HA0 1,5.3771
HA0 2,5.2786
HA0 3,4.6668
HA0 4,6.8608
HA0 9,0.1943
HA1 1,3.7345
HA1 2,3.8058
HA1 3,6.0208
HA1 4,5.9858
HA1 9,0.3468
HA2 0,6.3905
HA2 2,0.1853
HA2 6,2.0494
HA2 7,2.3835
HA2 8,6.2205
HA2 9,6.9989
HA3 0,3.7137
HA3 3,0.383
HA3 5,3.8864
HA3 6,4.5487
HA3 7,6.7483
HA3 8,2.3237
HA3 9,5.4677
HA4 0,3.9083
HA4 4,0.2588
HA4 6,3.2495
HA4 7,4.9974
HA4 8,2.8389
HA4 9,2.6212
HA5 1,2.4456
HA5 2,4.3728
HA5 3,4.9596
HA5 4,2.8197
HA5 5,2.5066
HA5 9,0.1769
HA6 1,3.6248
HA6 2,3.8155
HA6 3,1.7889
HA6 9,0.2893
HA7 1,2.5368
HA7 2,2.6538
HA7 3,5.0384
HA7 4,4.8356
HA7 9,0.1193
HA8 0,7.4195
HA8 4,0.2411
HA8 5,3.4927
HA8 6,4.7598
HA8 7,2.7428
HA8 8,5.9298
HA8 9,7.272
HA9 0,4.3372
HA9 1,0.2402
HA9 6,3.6499
HA9 7,7.3318
HA9 8,7.4239
HA9 9,6.2566
HD1 1,0.7189
HD1 2,0.7549
HD1 3,4.7741
HD1 4,5.7194
HD1 5,2.2729
HD1 6,1.5921
HD1 9,0.4255
HD2 1,10.5701
HD2 2,5.267
HD3 2,0.026
HD3 3,4.2097
HD3 4,6.1724
HD4 5,5.9308
HD4 6,5.1769
HD4 7,3.1694
HD5 0,1.6074
HD5 8,5.9894
HD5 9,5.2935
HD6 1,1.5312
HD6 2,2.2351
HD6 3,3.8134
HD6 4,1.2181
HD6 9,0.0463
HD7 4,1.7017
HD7 5,4.5043
HD7 6,1.859
HD7 9,0.0459
HD8 0,2.2453
HD8 1,0.0256
HD8 8,2.0702
HD8 9,2.0568
HD9 1,1.3078
HD9 2,1.2303
HD9 3,0.5201
HD9 4,0.7973
HD9 5,2.0537
HD9 6,1.6972
HD9 7,1.4592
HD9 9,0.0398
HG1 1,1.5579
HG1 2,4.1898
HG1 3,1.9274
HG1 4,7.3234
HG1 5,4.4623
HG1 9,0.5781
HG2 0,4.1374
HG2 7,5.9248
HG2 8,2.4407
HG2 9,1.4088
HG3 1,2.0728
HG3 2,4.6246
HG3 3,1.4
HG3 4,0.2735
HG3 5,0.8721
HG4 1,3.9715
HG4 2,2.3163
HG4 3,1.3892
HG4 4,0.6834
HG4 5,0.4519
HG4 9,0.0926
HG5 0,3.1305
HG5 5,0.05
HG5 8,1.5587
HG5 9,1.1276
HP1 1,4.8253
HP1 2,3.0536
HP1 3,5.0491
HP1 9,0.5293
HP10 0,2.0862
HP10 8,1.1849
HP10 9,3.6354
HP11 1,3.5796
HP11 2,2.3639
HP11 9,0.1963
HP12 3,5.806
HP12 4,4.0147
HP12 9,0.1667
HP13 5,6.4675
HP13 6,4.0135
HP13 7,6.3723
HP14 3,2.0153
HP14 4,2.8461
HP15 6,1.2428
HP15 7,2.1772
HP15 9,0.004
HP16 0,1.5456
HP16 6,0.0319
HP16 9,0.8617
HP17 0,0.65
HP17 8,3.3246
HP17 9,0.1376
HP18 0,4.6067
HP18 1,0.2914
HP18 9,2.1088
HP19 0,0.7548
HP19 7,2.4087
HP19 8,2.5564
HP19 9,4.8758
HP2 4,6.4126
HP2 5,6.3142
HP2 6,3.0923
HP2 7,4.4329
HP20 1,5.6363
HP20 2,3.3964
HP20 9,0.5238
HP21 7,3.1406
HP21 8,6.51
HP21 9,3.6368
HP22 0,0.1609
HP22 3,0.4133
HP22 4,1.2704
HP22 5,3.6377
HP22 6,1.8941
HP22 7,0.8532
HP22 9,0.5278
HP23 4,2.0637
HP23 5,2.0748
HP23 6,1.3079
HP23 9,0.0465
HP27 0,3.4442
HP27 7,0.0185
HP27 9,2.2801
HP3 0,1.6807
HP3 8,2.9281
HP3 9,5.8979
HP4 1,1.3698
HP4 2,2.1718
HP4 3,2.4135
HP4 9,0.0421
HP5 1,2.7258
HP5 2,2.8378
HP5 3,1.6929
HP5 9,0.1754
HP6 5,1.61
HP6 6,3.0404
HP6 9,0.322
HP7 0,1.573
HP7 9,1.5067
HP8 4,1.4393
HP9 1,2.5158
HP9 2,2.3499
HP9 9,0.0739
HR1 1,5.2941
HR1 2,3.0494
HR1 3,3.1257
HR1 4,2.0693
HR1 9,0.3462
HR2 0,2.1092
HR2 6,5.9883
HR2 7,7.35
HR2 8,2.374
HR2 9,2.304
HR3 5,3.6667
HR3 6,1.1753
HR4 0,5.2555
HR4 7,1.5104
HR4 8,2.0332
HR4 9,4.1421
HR5 3,2.8748
HR6 0,1.9924
HR6 6,0.1031
HR6 8,6.3419
HR6 9,2.9279
HR7 4,2.8928
HR8 1,1.4763
HR8 2,3.1176
HR8 9,0.028
HR9 5,2.298
HR9 6,2.089
HR9 7,3.7105
HR9 9,0.0573
HS1 2,5.4014
HS1 9,0.146
HS2 0,4.588
HS2 9,2.9614
HS3 3,1.585
HS4 3,0.1877
HS5 3,0.2711
HS6 5,1.6475
HS7 5,0.9385
HS8 5,1.585
HS9 5,1.0219
HU1 1,0.8417
HU1 2,2.4967
HU1 3,1.0531
HU1 4,0.0103
HU10 6,2.1172
HU10 7,2.783
HU10 9,0.024
HU11 4,2.0689
HU11 5,0.8622
HU12 0,2.4112
HU12 8,3.6719
HU12 9,2.2607
HU13 0,1.7519
HU13 3,0.0337
HU13 9,2.2088
HU14 3,2.2826
HU14 9,0.0385
HU15 1,3.2952
HU15 2,2.93
HU16 4,1.6766
HU16 5,2.5108
HU16 9,0.0135
HU17 0,3.9742
HU17 5,0.2743
HU17 6,0.2216
HU17 7,1.9737
HU17 8,1.9804
HU17 9,3.5739
HU18 1,3.7441
HU19 2,5.7035
HU2 0,2.1185
HU2 8,4.6129
HU2 9,1.6507
HU20 3,0.2535
HU3 1,9.4965
HU3 2,11.9265
HU3 3,4.8936
HU3 4,0.7734
HU3 5,2.5844
HU3 6,7.0333
HU4 6,7.482
HU4 7,6.9067
HU4 9,0.0048
HU5 1,5.4703
HU5 2,5.4344
HU5 3,5.5831
HU5 4,2.6752
HU5 5,7.4392
HU6 0,0.1883
HU6 7,4.3781
HU6 8,4.9783
HU6 9,7.798
HU7 0,0.6283
HU7 3,1.5987
HU7 4,14.4953
HU7 5,2.7981
HU7 6,2.9726
HU7 9,0.0872
HU8 0,2.4064
HU8 7,2.3405
HU8 8,4.8097
HU8 9,6.1361
HU9 1,2.199
HU9 2,5.4642
HU9 3,5.2732
HU9 4,7.6509
HU9 5,4.7656
HU9 9,0.3897
HX1 1,1.4784
HX1 2,4.0992
HX1 3,4.9756
HX1 4,5.014
HX1 5,3.4484
HX1 9,0.792
HX2 0,3.9565
HX2 6,1.5023
HX2 7,2.8241
HX2 8,6.2741
HX2 9,3.982
HX3 0,1.8577
HX3 5,6.8151
HX3 6,5.6259
HX3 7,2.4893
HX3 8,2.4899
HX3 9,3.8062
HX4 0,0.6099
HX4 8,2.6013
HX4 9,1.419
HX5 0,3.0774
HX5 9,2.1919
HX6 1,1.251
HX6 2,3.1563
HX6 3,1.9999
HX6 4,1.6614
HX7 5,2.1141
HX7 6,1.2358
HX7 7,0.7702
HX7 8,1.3189
HX7 9,0.0187
IG1 1,7.1943
IG1 2,13.0343
IG1 3,7.6581
IG1 4,7.411
IG1 8,0.4974
IG1 9,0.7224
IG10 1,3.5285
IG10 2,2.5013
IG10 3,5.0551
IG10 4,2.0835
IG10 9,0.1844
IG11 0,9.0863
IG11 1,0.2005
IG11 7,11.1011
IG11 8,6.7374
IG11 9,8.4742
IG2 6,3.9602
IG2 7,5.7998
IG3 8,7.4679
IG3 9,9.3861
IG4 5,2.952
IG5 0,7.2075
IG6 1,2.8269
IG6 2,5.1297
IG6 3,2.7735
IG7 4,4.9406
IG7 5,2.739
IG7 6,1.5664
IG8 0,3.9471
IG8 1,0.627
IG8 7,5.0371
IG8 8,5.5683
IG8 9,3.5566
IG9 5,2.1636
IG9 6,1.9667
IP1 1,1.7617
IP1 2,7.3279
IP1 3,3.7232
IP1 4,3.9216
IP1 5,4.5229
IP1 6,5.2205
IP1 9,1.1193
IP10 0,1.5868
IP11 0,0.9934
IP11 1,0.0843
IP11 2,5.2174
IP11 3,0.7091
IP11 4,0.0487
IP11 6,0.1132
IP11 7,3.1037
IP11 9,2.7302
IP12 1,3.3613
IP12 2,1.62
IP12 3,1.3524
IP12 4,2.0521
IP12 9,0.5471
IP13 0,1.4896
IP13 6,1.772
IP13 7,0.7951
IP13 8,0.6614
IP13 9,1.2171
IP14 1,4.978
IP14 2,1.3231
IP14 3,1.3462
IP14 4,1.5801
IP14 5,2.7612
IP14 6,1.286
IP14 9,0.0806
IP15 5,0.5909
IP16 4,4.0849
IP17 1,3.2365
IP17 2,0.9708
IP17 3,1.3179
IP17 9,0.0517
IP18 6,1.8139
IP19 0,0.7694
IP19 1,0.0667
IP19 8,2.3514
IP19 9,0.6879
IP2 0,5.1629
IP2 8,6.5154
IP2 9,9.0282
IP20 0,0.4263
IP20 9,1.8789
IP21 4,2.8769
IP21 5,0.7556
IP22 1,1.4091
IP22 2,2.5203
IP22 4,3.87
IP22 5,1.0278
IP22 9,0.1725
IP23 7,1.18
IP23 8,1.0578
IP23 9,0.0739
IP24 1,4.7449
IP24 2,4.0317
IP24 3,5.9376
IP24 9,0.0574
IP25 5,0.0142
IP25 6,4.7706
IP25 7,2.9232
IP26 4,3.1338
IP26 5,1.7057
IP27 0,3.7733
IP27 1,0.121
IP27 9,1.6462
IP28 1,0.0431
IP28 3,0.0231
IP28 6,2.0343
IP28 7,3.1667
IP28 8,3.5206
IP28 9,0.3739
IP29 4,1.0889
IP29 5,1.069
IP3 0,4.4193
IP3 8,4.8709
IP3 9,5.8878
IP30 0,1.4741
IP30 9,3.0139
IP31 1,1.1269
IP31 2,2.3652
IP31 3,1.6138
IP32 6,6.0573
IP32 7,1.862
IP33 1,4.7764
IP33 2,3.1538
IP33 3,3.8387
IP33 9,0.4727
IP4 1,2.3795
IP4 2,4.515
IP4 3,2.3453
IP4 4,2.2988
IP4 5,3.4771
IP5 1,1.0275
IP5 2,1.8359
IP5 3,0.8735
IP6 0,2.2069
IP6 8,2.177
IP6 9,0.8299
IP7 5,1.8896
IP7 6,1.4476
IP7 7,1.2564
IP7 9,0.0595
IP8 3,2.0137
IP8 4,0.8546
IP9 1,1.6171
IP9 2,2.2355
IP98 1,0.0739
IP98 6,0.011
IP98 9,0.0123
IV1 1,2.4971
IV1 3,0.9619
IV1 9,1.9237
IV10 8,1.5723
IV11 8,0.8139
IV12 4,3.7365
IV12 5,4.2544
IV12 9,0.0185
IV13 7,0.3515
IV14 9,1.3873
IV15 0,0.0555
IV15 9,3.9214
IV16 9,1.0359
IV17 0,3.348
IV18 0,3.644
IV19 1,3.6255
IV19 9,0.0185
IV2 3,5.1793
IV2 4,5.4567
IV2 5,3.644
IV2 6,3.8105
IV2 7,4.3284
IV2 8,0.5179
IV20 1,2.1827
IV21 2,0.9064
IV22 2,1.4243
IV23 2,0.9434
IV24 3,0.8324
IV25 3,2.6266
IV26 2,1.3503
IV27 4,3.4775
IV27 9,0.0185
IV28 3,0.4069
IV3 5,3.792
IV3 8,4.8093
IV30 1,3.9838
IV30 4,3.3844
IV30 5,3.1553
IV30 6,3.9133
IV30 8,3.878
IV30 9,0.8109
IV31 6,4.636
IV32 7,3.0319
IV36 1,3.6312
IV36 2,2.9438
IV36 3,1.7275
IV36 9,0.0529
IV4 7,2.3677
IV40 8,2.2937
IV41 8,0.2405
IV42 8,0.1295
IV43 8,0.185
IV44 8,0.185
IV45 8,0.222
IV46 8,0.0555
IV47 8,0.3515
IV48 8,0.037
IV49 9,0.8139
IV5 7,0.7769
IV51 9,4.3284
IV52 8,0.3515
IV53 8,0.2035
IV54 8,1.1098
IV55 8,1.0359
IV56 8,0.259
IV6 7,2.3492
IV63 6,0.9989
IV63 7,0.222
IV7 8,2.8486
IV8 8,0.5919
IV9 8,0.8509
IV99 1,0.0925
KA1 1,3.3112
KA1 2,4.9423
KA1 3,5.2733
KA1 4,4.6601
KA1 5,5.4374
KA1 9,1.4961
KA10 6,6.5563
KA10 7,4.7132
KA10 9,0.2106
KA11 1,7.7456
KA11 2,4.1186
KA11 3,1.3647
KA11 4,4.9425
KA11 5,1.3278
KA12 0,8.5202
KA12 2,1.6598
KA12 8,5.8645
KA12 9,5.6432
KA13 6,9.3316
KA13 7,7.4258
KA13 9,0.0369
KA14 3,1.2909
KA15 1,4.6843
KA15 2,4.0572
KA16 9,2.747
KA17 0,3.4338
KA18 1,5.3469
KA18 2,4.6847
KA18 3,4.6356
KA18 4,3.3602
KA18 9,0.0736
KA19 7,4.922
KA19 8,3.3966
KA19 9,0.0263
KA2 0,3.0908
KA2 9,2.7084
KA20 3,5.7908
KA20 4,3.9466
KA20 9,0.0738
KA21 5,7.1924
KA21 6,6.2334
KA21 9,0.1844
KA22 7,5.8277
KA22 8,5.9752
KA23 9,6.8235
KA24 4,4.3892
KA24 5,3.9835
KA24 9,0.0738
KA25 6,4.0941
KA25 7,4.0941
KA26 0,5.2924
KA26 9,5.2661
KA27 8,7.5612
KA28 0,2.6925
KA29 0,2.3975
KA3 1,4.9299
KA3 2,6.1574
KA3 3,2.6244
KA3 4,1.7783
KA3 5,3.9979
KA3 6,4.047
KA3 7,5.5676
KA30 0,0.1107
KA30 8,7.9669
KA30 9,5.4219
KA4 8,4.1696
KA5 5,5.1258
KA5 6,5.2243
KA6 5,2.9753
KA6 6,4.9664
KA6 7,5.3804
KA7 1,3.2913
KA7 2,5.3977
KA7 3,6.4246
KA7 4,7.7148
KA7 9,1.4482
KA8 0,5.1081
KA8 8,3.028
KA8 9,5.9507
KA9 1,5.2924
KA9 2,6.2666
KA9 9,0.1317
KT1 1,1.0897
KT1 2,2.9478
KT1 3,6.2395
KT1 4,1.1853
KT1 9,0.6822
KT10 0,3.5449
KT10 1,0.7027
KT10 8,2.7836
KT10 9,2.5204
KT11 1,2.0869
KT11 2,3.2159
KT11 3,1.1229
KT11 9,0.1321
KT12 1,2.4755
KT12 2,4.252
KT12 3,2.4567
KT12 4,2.1925
KT12 5,2.5829
KT12 9,0.0417
KT13 0,2.6874
KT13 3,0.3654
KT13 8,2.9355
KT13 9,2.5181
KT14 6,2.7741
KT14 7,2.6036
KT14 9,0.1013
KT15 1,5.4314
KT15 2,4.6305
KT15 3,3.0728
KT15 9,0.4545
KT16 0,3.5574
KT16 6,0.137
KT16 8,3.1788
KT16 9,3.3147
KT17 1,4.7963
KT17 2,2.9156
KT17 3,1.4488
KT17 4,2.7311
KT17 9,0.798
KT18 5,4.2995
KT18 6,1.2022
KT18 7,2.4933
KT19 0,3.7009
KT19 7,0.7784
KT19 8,5.7027
KT19 9,8.3543
KT2 5,5.0842
KT2 6,3.592
KT2 7,5.1158
KT20 5,3.7617
KT20 6,1.7154
KT20 7,1.8664
KT20 9,0.1435
KT21 1,2.633
KT21 2,3.7991
KT21 9,0.0765
KT22 0,0.9106
KT22 2,0.4608
KT22 7,4.4303
KT22 8,2.3709
KT22 9,3.3646
KT23 3,1.8615
KT23 4,2.1038
KT24 5,2.278
KT24 6,2.2009
KT3 3,5.1441
KT3 4,3.8386
KT3 5,4.3523
KT3 6,3.6978
KT3 9,0.2576
KT4 7,3.9525
KT4 8,5.7933
KT4 9,0.2163
KT5 8,6.636
KT5 9,2.7046
KT6 4,2.3899
KT6 5,2.7712
KT6 6,4.3566
KT6 7,4.6884
KT7 0,3.1782
KT8 0,0.9778
KT8 1,1.895
KT8 2,3.2016
KT8 8,0.142
KT8 9,1.5383
KT9 1,3.395
KT9 2,4.1543
KT9 9,0.061
KW1 4,3.1816
KW1 5,3.4035
KW10 6,1.1653
KW11 6,0.111
KW12 6,0.8879
KW13 6,0.0555
KW14 7,5.0128
KW14 8,3.459
KW14 9,0.0185
KW15 1,4.5652
KW15 9,0.0634
KW16 3,1.7627
KW16 9,0.0127
KW17 2,2.9293
KW2 6,0.037
KW3 6,0.6844
KW5 6,0.222
KW6 6,0.333
KW7 6,0.0925
KW8 6,0.7029
KW9 6,1.3318
KY1 1,5.4313
KY1 2,6.1555
KY1 3,3.5967
KY1 4,4.3692
KY10 2,3.5967
KY10 3,5.721
KY10 9,0.0241
KY11 1,4.1761
KY11 2,6.6141
KY11 3,2.776
KY11 4,6.5417
KY11 7,0.4586
KY11 8,8.2797
KY11 9,4.514
KY12 0,6.5658
KY12 2,0.3379
KY12 7,5.214
KY12 8,7.3865
KY12 9,7.6521
KY13 0,2.1268
KY13 3,0.0575
KY13 8,3.0837
KY13 9,2.4808
KY14 6,2.6112
KY14 7,3.9389
KY15 4,5.1175
KY15 5,6.5658
KY15 7,6.3244
KY15 9,0.1448
KY16 0,3.8622
KY16 6,0.1931
KY16 8,6.3968
KY16 9,6.5417
KY2 5,6.6865
KY2 6,8.2556
KY2 9,0.4104
KY3 0,3.9829
KY3 9,4.4416
KY4 0,3.5411
KY4 8,3.9105
KY4 9,4.8519
KY5 0,4.2144
KY5 8,3.3553
KY5 9,4.0554
KY6 1,2.7277
KY6 2,4.2726
KY6 3,4.1944
KY7 4,4.9726
KY7 5,3.7174
KY7 6,8.4969
KY7 9,2.7519
KY8 1,2.8243
KY8 2,2.776
KY8 3,3.8864
KY8 4,5.6485
KY8 5,6.421
KY8 6,2.2691
KY8 9,0.0724
KY9 1,2.8967
KY99 0,0.0241
KY99 1,0.0483
KY99 2,0.0241
KY99 3,0.0241
KY99 4,0.0966
KY99 5,0.0241
KY99 6,0.0241
KY99 7,0.0241
KY99 8,0.0241
KY99 9,0.0241
L1 0,1.1079
L1 1,0.6446
L1 2,0.27
L1 3,0.5414
L1 4,2.2524
L1 5,2.1269
L1 6,0.4701
L1 7,0.5037
L1 8,1.1994
L1 9,1.0838
L10 0,0.7361
L10 1,1.3438
L10 2,0.4613
L10 3,0.5818
L10 4,2.5077
L10 5,0.037
L10 6,0.6496
L10 7,1.9671
L10 8,0.6102
L10 9,1.1324
L11 0,1.8953
L11 1,2.3608
L11 2,4.0745
L11 3,3.4811
L11 4,2.9673
L11 5,0.7908
L11 6,1.8134
L11 7,2.0487
L11 8,1.2459
L11 9,1.9299
L12 0,3.246
L12 1,0.3158
L12 2,0.4419
L12 3,0.5312
L12 4,1.4014
L12 5,1.4053
L12 6,2.548
L12 7,1.4241
L12 8,1.1336
L12 9,1.4789
L13 0,1.101
L13 1,1.48
L13 2,2.3683
L13 3,2.3127
L13 4,2.1197
L13 5,3.8599
L13 6,1.7428
L13 7,3.685
L13 8,3.2389
L13 9,1.6241
L14 0,5.3047
L14 1,1.1062
L14 2,2.1088
L14 3,0.7341
L14 4,1.2234
L14 5,0.7761
L14 6,1.4347
L14 7,1.7919
L14 8,2.802
L14 9,2.6124
L15 0,2.6808
L15 1,2.7921
L15 2,1.8576
L15 3,2.2815
L15 4,3.5574
L15 5,1.0055
L15 6,1.0312
L15 7,1.1205
L15 8,2.4803
L15 9,0.6995
L16 0,0.2339
L16 1,0.4465
L16 2,0.3783
L16 3,0.6297
L16 4,0.0608
L16 5,0.3568
L16 6,0.2419
L16 7,0.419
L16 8,0.218
L16 9,0.3203
L17 0,1.5769
L17 1,1.1932
L17 2,1.2865
L17 3,2.963
L17 4,2.2058
L17 5,0.9174
L17 6,0.9174
L17 7,2.371
L17 8,4.4979
L17 9,1.0083
L18 0,0.2797
L18 1,2.5547
L18 2,0.6826
L18 3,1.2753
L18 4,0.883
L18 5,1.2434
L18 6,0.4504
L18 7,0.5335
L18 8,0.7064
L18 9,1.5011
L19 0,1.3423
L19 1,1.4179
L19 2,2.3649
L19 3,0.6026
L19 4,1.2594
L19 5,0.7554
L19 6,0.8508
L19 7,0.4193
L19 8,3.4095
L19 9,0.9833
L2 0,0.2082
L2 1,0.109
L2 2,0.7222
L2 3,0.1062
L2 4,0.1456
L2 5,0.2031
L2 6,0.1325
L2 7,0.2191
L2 8,0.1191
L2 9,0.3143
L20 0,2.3943
L20 1,0.9678
L20 2,3.2299
L20 3,4.7004
L20 4,9.8908
L20 5,3.5099
L20 6,4.0432
L20 7,3.1079
L20 8,2.5745
L20 9,5.1114
L21 0,3.3429
L21 1,3.6344
L21 2,1.0655
L21 3,1.1287
L21 4,1.7674
L21 5,0.4005
L21 6,0.9024
L21 7,2.3032
L21 8,3.6395
L21 9,2.8871
L22 0,0.7932
L22 1,0.5157
L22 2,0.5391
L22 3,0.5096
L22 4,0.3247
L22 5,1.5426
L22 6,0.684
L22 7,1.0176
L22 8,1.2543
L22 9,0.4526
L23 0,2.3451
L23 1,1.2871
L23 2,2.1636
L23 3,0.6064
L23 4,0.7436
L23 5,1.1577
L23 6,1.8742
L23 7,0.9577
L23 8,1.3202
L23 9,2.9705
L24 0,2.0714
L24 1,1.5876
L24 2,2.7818
L24 3,1.8592
L24 4,0.7005
L24 5,0.4195
L24 6,1.5944
L24 7,1.8514
L24 8,0.4138
L24 9,1.4652
L25 0,1.7439
L25 1,2.4358
L25 2,2.763
L25 3,2.5392
L25 4,1.2469
L25 5,2.128
L25 6,1.4736
L25 7,3.6264
L25 8,1.062
L25 9,4.092
L26 0,1.3893
L26 1,1.6472
L26 2,0.0756
L26 3,0.0511
L26 4,0.1026
L26 5,0.0769
L26 6,0.5114
L26 7,1.2678
L26 8,0.0256
L26 9,1.8271
L27 0,0.1217
L27 1,1.6251
L27 2,0.07
L27 3,0.0183
L27 4,0.4857
L27 5,0.559
L27 6,0.7457
L27 7,0.8965
L27 8,0.9063
L28 0,0.9954
L28 1,1.6398
L28 3,0.3553
L28 4,0.4569
L28 5,1.4314
L28 6,0.3462
L28 7,0.5867
L28 8,0.3218
L29 1,0.016
L29 3,0.0127
L29 5,0.0223
L29 6,0.0479
L29 7,0.1277
L29 8,0.0479
L29 9,0.0479
L3 0,0.5728
L3 1,0.9419
L3 2,1.209
L3 3,0.7784
L3 4,1.2869
L3 5,1.6294
L3 6,2.2276
L3 7,0.6204
L3 8,2.726
L3 9,0.9062
L30 0,1.4653
L30 1,1.4607
L30 2,3.9538
L30 3,1.8904
L30 4,0.548
L30 5,2.9655
L30 6,0.5268
L30 7,0.9632
L30 8,0.4058
L30 9,1.0568
L31 0,0.6416
L31 1,2.158
L31 2,1.336
L31 3,0.921
L31 4,1.9743
L31 5,1.3393
L31 6,1.1894
L31 7,1.0907
L31 8,0.9462
L31 9,1.713
L32 0,2.9187
L32 1,1.1611
L32 2,1.5565
L32 3,1.5211
L32 4,2.0759
L32 5,0.9974
L32 6,1.8639
L32 7,2.6048
L32 8,1.7933
L32 9,2.3914
L33 0,0.8273
L33 1,3.097
L33 2,0.8083
L33 3,0.2479
L33 4,1.2772
L33 5,0.6402
L33 6,2.7508
L33 7,1.8376
L33 8,1.7517
L33 9,2.3771
L34 0,0.5685
L34 1,1.5243
L34 2,0.7761
L34 3,0.4489
L34 4,0.3805
L34 5,1.695
L34 6,0.7901
L34 7,0.1079
L34 8,0.1432
L34 9,0.4682
L35 0,0.7635
L35 1,0.5897
L35 2,2.7169
L35 3,3.6229
L35 4,1.5721
L35 5,3.3522
L35 6,0.8746
L35 7,0.7582
L35 8,0.7967
L35 9,0.3143
L36 0,1.1441
L36 1,1.2977
L36 2,3.9044
L36 3,5.5408
L36 4,2.5957
L36 5,1.9585
L36 6,2.2176
L36 7,4.487
L36 8,3.1679
L36 9,1.3217
L37 0,0.1375
L37 1,1.2691
L37 2,1.4384
L37 3,1.5027
L37 4,1.3199
L37 5,0.1422
L37 6,1.3265
L37 7,0.8653
L37 8,0.5498
L37 9,0.0647
L38 0,0.0821
L38 1,0.057
L38 3,0.1511
L38 4,0.0063
L38 5,0.0316
L38 6,0.0633
L38 7,0.0127
L38 8,0.0063
L38 9,0.1051
L39 0,0.3664
L39 1,1.6039
L39 2,2.2125
L39 3,1.1111
L39 4,2.0799
L39 5,1.3854
L39 6,0.5254
L39 7,0.626
L39 8,0.5157
L39 9,0.161
L4 0,3.3874
L4 1,4.4436
L4 2,4.9686
L4 3,4.122
L4 4,7.8418
L4 5,7.9081
L4 6,2.0333
L4 7,2.573
L4 8,1.6858
L4 9,3.6301
L40 0,0.2277
L40 1,0.6603
L40 2,0.5774
L40 3,0.4411
L40 4,0.5326
L40 5,1.4672
L40 6,0.474
L40 7,1.2442
L40 8,0.4961
L40 9,0.6133
L5 0,2.3399
L5 1,1.44
L5 2,2.476
L5 3,1.7234
L5 4,1.2467
L5 5,1.3274
L5 6,2.3148
L5 7,1.4931
L5 8,1.5554
L5 9,1.5282
L6 0,4.5684
L6 1,2.0214
L6 2,2.3436
L6 3,3.4778
L6 4,7.8759
L6 5,4.5141
L6 6,3.4891
L6 7,1.4605
L6 8,3.2236
L6 9,1.6517
L67 1,0.0743
L68 0,0.0099
L69 1,0.0466
L69 2,0.1086
L69 3,0.9317
L69 4,0.0321
L69 5,0.0092
L69 7,0.669
L69 8,0.023
L69 9,0.1639
L7 0,4.2592
L7 1,1.5211
L7 2,1.6267
L7 3,2.8107
L7 4,0.8859
L7 5,1.5138
L7 6,2.505
L7 7,2.1984
L7 8,2.1501
L7 9,1.9548
L70 1,0.1582
L70 2,0.0618
L70 8,0.0046
L70 9,0.0046
L71 2,0.3533
L72 0,0.0493
L72 1,0.1579
L72 8,0.1345
L74 4,0.5682
L75 1,0.3166
L75 2,0.1667
L8 0,8.4755
L8 1,2.1498
L8 2,2.4566
L8 3,4.2907
L8 4,4.0937
L8 5,2.0952
L8 6,1.2659
L8 7,4.448
L8 8,4.5504
L8 9,2.6811
L80 4,0.0308
L9 0,2.4584
L9 1,7.1679
L9 2,1.3234
L9 3,1.228
L9 4,0.6819
L9 5,0.0372
L9 6,3.3317
L9 7,1.7872
L9 8,1.8444
L9 9,2.1974
LA1 1,5.2202
LA1 2,12.1654
LA1 3,7.1799
LA1 4,7.6168
LA1 5,7.4724
LA1 9,0.4769
LA10 5,1.5303
LA11 6,1.0186
LA11 7,1.168
LA11 9,0.0467
LA12 0,1.5248
LA12 2,0.0332
LA12 7,2.7254
LA12 8,0.8523
LA12 9,1.7777
LA13 0,2.3039
LA13 9,5.5788
LA14 1,6.0838
LA14 2,8.6767
LA14 3,3.625
LA14 4,4.1537
LA14 5,6.2941
LA14 9,0.5461
LA15 8,2.9223
LA16 7,0.5845
LA17 7,0.1186
LA18 4,2.8196
LA18 5,1.9295
LA18 9,0.0714
LA19 5,0.2407
LA2 0,1.9501
LA2 6,2.9888
LA2 7,1.3202
LA2 8,1.4467
LA2 9,1.7971
LA20 6,0.5002
LA21 8,0.231
LA22 0,0.9479
LA22 9,1.0129
LA23 1,1.3175
LA23 2,1.4008
LA23 3,0.9309
LA23 9,0.0562
LA3 1,8.1187
LA3 2,6.1421
LA3 3,4.2733
LA4 4,8.4829
LA4 5,8.5379
LA4 6,3.3406
LA4 9,0.2059
LA5 0,0.842
LA5 5,0.0724
LA5 8,2.1135
LA5 9,2.8691
LA6 1,1.9402
LA6 2,2.1712
LA6 3,0.823
LA7 7,1.2797
LA8 0,0.7595
LA8 8,1.1093
LA8 9,1.2247
LA9 4,2.2752
LA9 5,3.2899
LA9 6,2.4849
LA9 7,2.4551
LA9 9,0.6548
LD1 5,3.1048
LD1 6,3.4748
LD1 9,0.2252
LD2 3,4.5687
LD2 9,0.0161
LD3 0,3.6678
LD3 3,0.0804
LD3 7,4.1182
LD3 8,3.2335
LD3 9,2.9761
LD4 4,0.933
LD5 4,1.1422
LD6 5,1.8661
LD7 1,2.8979
LD7 9,0.0161
LD8 2,2.948
LE1 1,3.3524
LE1 2,2.6952
LE1 3,2.2507
LE1 4,1.3421
LE1 5,2.6745
LE1 6,5.3182
LE1 7,2.124
LE1 8,0.106
LE1 9,0.3492
LE10 0,4.7516
LE10 1,1.9075
LE10 2,4.7683
LE10 3,1.1232
LE10 9,0.4924
LE11 1,8.9761
LE11 2,5.9468
LE11 3,3.9335
LE11 4,4.1889
LE11 5,3.9779
LE11 9,0.3969
LE12 5,2.5083
LE12 6,2.5788
LE12 7,4.1671
LE12 8,4.2623
LE12 9,4.152
LE13 0,4.524
LE13 1,4.7985
LE13 9,0.3331
LE14 2,1.9688
LE14 3,1.7175
LE14 4,3.0465
LE15 0,0.2758
LE15 6,3.9209
LE15 7,2.4066
LE15 8,1.8914
LE15 9,1.8165
LE16 0,0.5168
LE16 7,3.6604
LE16 8,2.8689
LE16 9,4.6037
LE17 4,2.8543
LE17 5,1.1993
LE17 6,1.3628
LE18 1,2.086
LE18 2,1.7797
LE18 3,1.7116
LE18 4,3.1533
LE18 9,0.9199
LE19 0,0.0255
LE19 1,0.3208
LE19 2,1.2489
LE19 3,1.1813
LE19 4,1.0879
LE19 9,0.1521
LE2 0,5.3647
LE2 1,7.8797
LE2 2,3.689
LE2 3,4.2623
LE2 4,2.8741
LE2 5,2.4336
LE2 6,7.6899
LE2 7,8.4663
LE2 8,5.0628
LE2 9,6.9377
LE21 3,0.0511
LE21 4,0.3575
LE21 9,0.0169
LE3 0,7.0578
LE3 1,9.6545
LE3 2,5.1525
LE3 3,4.1441
LE3 4,0.1057
LE3 5,6.3435
LE3 6,9.3536
LE3 7,0.0254
LE3 8,3.801
LE3 9,8.7559
LE4 0,10.5117
LE4 1,2.4113
LE4 2,4.9321
LE4 3,1.1304
LE4 4,1.7598
LE4 5,5.27
LE4 6,6.2331
LE4 7,3.6755
LE4 8,4.3433
LE4 9,4.188
LE41 9,0.0972
LE5 0,5.821
LE5 1,5.1699
LE5 2,4.0337
LE5 3,4.6576
LE5 4,8.429
LE5 5,7.7115
LE5 6,3.1949
LE5 9,0.1014
LE6 0,2.5829
LE65 1,1.4457
LE65 2,3.0423
LE65 9,0.0493
LE67 0,0.5354
LE67 1,1.5144
LE67 2,2.8796
LE67 3,4.041
LE67 4,3.9549
LE67 5,1.8863
LE67 6,2.1844
LE67 8,1.8417
LE67 9,1.4573
LE7 1,1.3149
LE7 2,1.8697
LE7 3,1.5238
LE7 4,0.955
LE7 7,3.6889
LE7 9,3.8761
LE8 0,2.522
LE8 4,2.9289
LE8 5,1.7587
LE8 6,1.6044
LE8 8,0.5513
LE8 9,0.6472
LE87 2,0.0987
LE87 4,0.3782
LE9 0,0.0476
LE9 1,0.4088
LE9 2,1.2243
LE9 3,1.0326
LE9 4,1.126
LE9 6,3.3685
LE9 7,3.8966
LE9 8,3.2164
LE9 9,2.8553
LE94 0,0.0375
LE95 2,0.0127
LL11 0,0.5579
LL11 1,1.1467
LL11 2,3.0992
LL11 3,3.6261
LL11 4,4.1374
LL11 5,3.6571
LL11 6,3.7655
LL12 0,3.7035
LL12 7,3.0682
LL12 8,3.812
LL12 9,3.1147
LL13 0,4.5403
LL13 7,3.4091
LL13 8,3.0527
LL13 9,5.0982
LL14 1,3.0217
LL14 2,2.8203
LL14 3,3.6106
LL14 4,1.9525
LL14 5,2.0715
LL14 6,2.3399
LL15 1,3.6416
LL15 2,3.3316
LL15 9,0.062
LL16 3,3.3006
LL16 4,3.2387
LL16 5,3.3781
LL16 9,0.0465
LL17 0,3.4866
LL18 1,2.3089
LL18 2,3.4246
LL18 3,2.6343
LL18 4,4.3544
LL18 5,4.3079
LL18 6,1.6581
LL18 9,0.2634
LL19 0,0.031
LL19 7,3.3161
LL19 8,3.0837
LL19 9,2.8358
LL20 7,3.3316
LL20 8,2.5413
LL20 9,0.062
LL21 0,2.6343
LL21 1,0.0155
LL21 9,3.0682
LL22 7,3.3161
LL22 8,4.1839
LL22 9,2.5723
LL23 7,3.0837
LL23 9,0.0155
LL24 0,2.9907
LL25 0,0.7283
LL26 0,3.2077
LL26 9,0.0465
LL27 0,0.7283
LL28 4,3.5486
LL28 5,3.3626
LL29 0,0.2944
LL29 6,0.6818
LL29 7,2.4794
LL29 8,3.3316
LL29 9,2.8978
LL30 1,3.8275
LL30 2,3.9825
LL30 3,2.3709
LL30 9,0.3409
LL31 9,4.3854
LL32 8,4.3234
LL33 0,2.5878
LL34 6,2.8358
LL35 0,1.5341
LL36 0,0.8988
LL36 9,2.9132
LL37 2,0.6198
LL38 2,0.7283
LL39 1,0.2944
LL40 1,2.6188
LL40 2,2.9287
LL41 3,3.1302
LL41 4,2.6188
LL41 9,0.031
LL42 1,2.3399
LL43 2,0.4339
LL44 2,0.8058
LL45 2,0.8368
LL46 2,1.4411
LL47 6,0.7283
LL48 6,2.4639
LL49 0,0.031
LL49 9,3.0217
LL51 9,0.6973
LL52 0,2.4484
LL53 5,2.6343
LL53 6,3.7965
LL53 7,3.0372
LL53 8,3.0682
LL53 9,0.062
LL54 5,2.5878
LL54 6,2.4484
LL54 7,3.0372
LL55 1,2.6808
LL55 2,3.0372
LL55 3,1.906
LL55 4,3.688
LL55 9,0.1705
LL56 4,1.1312
LL57 1,2.6963
LL57 2,4.1374
LL57 3,3.5176
LL57 4,3.4866
LL57 9,0.1395
LL58 8,2.9907
LL59 5,3.0992
LL60 6,1.7201
LL61 5,1.4566
LL61 6,2.3864
LL62 5,1.844
LL63 5,1.6271
LL64 5,0.8988
LL65 1,3.1612
LL65 2,4.3699
LL65 3,3.6726
LL65 4,2.9907
LL66 0,0.3099
LL66 9,0.031
LL67 0,0.9453
LL68 0,1.0382
LL68 9,2.5568
LL69 9,0.5424
LL70 9,0.3099
LL71 7,0.4959
LL71 8,0.8213
LL72 8,0.6818
LL73 8,0.186
LL74 8,1.2397
LL75 7,0.0155
LL75 8,0.9143
LL76 8,0.1395
LL77 7,3.6571
LL77 8,0.1395
LL77 9,0.1395
LL78 7,0.093
LL78 8,0.2479
LN1 1,5.0557
LN1 2,4.1322
LN1 3,7.3779
LN1 4,0.1556
LN1 5,0.0368
LN1 6,0.0151
LN10 5,0.225
LN10 6,1.5805
LN11 0,6.0732
LN11 1,0.2714
LN11 7,2.6901
LN11 8,3.1058
LN11 9,2.5529
LN12 1,4.1659
LN12 2,5.2325
LN12 9,0.0219
LN13 0,1.141
LN13 3,0.0877
LN13 9,3.277
LN2 1,1.6623
LN2 2,7.3365
LN2 3,2.1299
LN2 4,7.5244
LN2 5,6.5898
LN3 4,2.5551
LN3 5,1.7521
LN4 1,3.6222
LN4 2,3.5981
LN4 3,3.0038
LN4 4,4.3688
LN5 0,1.2265
LN5 5,0.4582
LN5 7,4.9234
LN5 8,6.453
LN5 9,3.4431
LN6 0,8.4697
LN6 3,1.5463
LN6 4,0.1839
LN6 5,1.392
LN6 7,7.4544
LN6 8,3.3654
LN6 9,3.7041
LN7 6,2.2034
LN8 2,0.5195
LN8 3,3.1191
LN8 5,1.9324
LN8 6,1.1633
LN8 9,0.1705
LN9 5,1.935
LN9 6,2.0554
LN9 9,0.0618
LS1 1,0.2156
LS1 2,0.5655
LS1 3,0.2764
LS1 4,2.0002
LS1 5,0.377
LS1 6,0.5399
LS1 7,0.1309
LS1 8,0.0448
LS1 9,1.2535
LS10 1,3.3606
LS10 2,3.0352
LS10 3,7.977
LS10 4,8.6731
LS10 9,0.2292
LS11 0,4.9497
LS11 1,0.9744
LS11 5,5.6714
LS11 6,8.7479
LS11 7,5.5976
LS11 8,6.1351
LS11 9,3.3387
LS12 1,5.566
LS12 2,4.5219
LS12 3,8.6613
LS12 4,4.6251
LS12 5,3.9184
LS12 6,2.0651
LS12 9,0.4963
LS13 1,2.4724
LS13 2,8.2337
LS13 3,3.9503
LS13 4,9.5812
LS13 9,0.1048
LS14 1,5.5033
LS14 2,1.7568
LS14 3,0.8157
LS14 5,5.082
LS14 6,9.2673
LS14 9,0.5602
LS15 0,5.6287
LS15 4,0.6329
LS15 5,0.0213
LS15 7,4.1606
LS15 8,1.9476
LS15 9,0.3651
LS16 0,0.3438
LS16 5,3.0009
LS16 6,4.818
LS16 7,3.2219
LS16 8,1.5463
LS16 9,1.0866
LS17 0,0.1651
LS17 1,0.2119
LS17 5,5.1053
LS17 6,3.1822
LS17 7,1.9364
LS17 8,3.2817
LS17 9,1.1719
LS18 4,3.1852
LS18 5,2.5817
LS19 6,1.1714
LS19 7,4.7059
LS19 9,0.3333
LS2 3,0.1356
LS2 7,2.095
LS2 8,0.8406
LS2 9,3.6248
LS20 8,1.8912
LS20 9,1.3212
LS21 1,1.8174
LS21 2,2.0734
LS21 3,1.5707
LS21 9,0.1929
LS22 4,0.3989
LS22 5,1.3077
LS22 6,2.2731
LS22 7,0.4489
LS22 9,0.2188
LS23 6,1.7137
LS23 7,0.7284
LS24 0,0.1201
LS24 8,1.8711
LS24 9,3.7249
LS25 1,2.0102
LS25 2,1.7256
LS25 3,0.2965
LS25 4,1.2664
LS25 5,0.9901
LS25 6,2.9275
LS25 7,2.2135
LS25 9,0.0533
LS26 0,4.2754
LS26 1,0.0313
LS26 8,2.4755
LS26 9,0.7436
LS27 0,2.6246
LS27 1,0.15
LS27 7,2.3649
LS27 8,2.8203
LS27 9,2.3858
LS28 0,0.1094
LS28 5,3.5589
LS28 6,1.4178
LS28 7,4.2944
LS28 8,1.7827
LS28 9,2.7526
LS29 0,1.1227
LS29 1,0.0644
LS29 6,1.9996
LS29 7,1.5685
LS29 8,2.6523
LS29 9,1.4547
LS3 1,4.6269
LS4 2,5.0048
LS5 2,0.0246
LS5 3,4.4572
LS6 1,6.1852
LS6 2,5.1399
LS6 3,4.3704
LS6 4,2.7536
LS6 9,0.0682
LS7 1,2.7847
LS7 2,4.1796
LS7 3,6.1693
LS7 4,5.7554
LS7 9,0.0682
LS8 1,3.8718
LS8 2,2.3457
LS8 3,9.3508
LS8 4,4.5162
LS8 5,9.7408
LS8 9,0.148
LS88 8,0.3951
LS9 0,5.3716
LS9 1,0.0679
LS9 6,13.2849
LS9 7,11.362
LS9 8,4.9152
LS9 9,4.0569
LS98 1,0.0262
LS98 3,0.0089
LS98 4,0.0089
LS99 2,0.0247
LS99 8,0.0123
LU1 1,10.3919
LU1 2,4.9879
LU1 3,17.7725
LU1 4,2.7009
LU1 5,12.4364
LU1 9,0.7959
LU2 0,10.2993
LU2 7,11.8371
LU2 8,7.0731
LU2 9,5.2964
LU3 1,13.1897
LU3 2,7.7339
LU3 3,10.8035
LU3 4,2.558
LU3 9,0.4412
LU4 0,8.7546
LU4 8,9.1167
LU4 9,12.6888
LU5 4,6.8665
LU5 5,8.5809
LU5 6,3.9059
LU5 7,0.1628
LU6 1,6.5022
LU6 2,2.7682
LU6 3,5.8298
LU6 9,0.5709
LU7 0,2.7416
LU7 1,6.5237
LU7 2,4.6233
LU7 3,5.555
LU7 4,3.0813
LU7 6,0.137
LU7 9,3.6003
M1 1,1.5898
M1 2,2.928
M1 3,2.213
M1 4,1.5187
M1 5,2.3199
M1 6,1.7963
M1 7,2.2576
M11 1,4.5838
M11 2,5.173
M11 3,4.1669
M11 4,8.5754
M12 0,0.2105
M12 4,7.0594
M12 5,7.6334
M12 6,1.5683
M13 0,12.6128
M13 9,4.7522
M14 0,1.0227
M14 4,10.5635
M14 5,11.3791
M14 6,13.1839
M14 7,9.7493
M15 4,12.3005
M15 5,5.59
M15 6,5.5777
M16 0,6.9784
M16 6,0.2838
M16 7,8.0691
M16 8,10.0347
M16 9,8.1585
M17 1,1.0192
M17 8,0.0762
M18 7,15.501
M18 8,11.2451
M19 1,9.3217
M19 2,9.5853
M19 3,8.0092
M2 1,0.181
M2 2,0.1657
M2 3,0.3161
M2 4,0.2966
M2 5,0.1891
M2 6,0.2317
M2 7,0.2679
M20 1,5.5212
M20 2,7.7544
M20 3,3.7326
M20 4,6.1342
M20 5,2.0296
M20 6,5.0754
M21 0,4.4269
M21 3,0.15
M21 7,6.3885
M21 8,3.0184
M21 9,6.6869
M22 0,3.2437
M22 1,5.5012
M22 2,0.1657
M22 4,7.5674
M22 5,4.4598
M22 8,5.5884
M22 9,11.2473
M23 0,6.6302
M23 1,6.2306
M23 2,4.3596
M23 9,8.1302
M24 0,0.3444
M24 1,5.1703
M24 2,9.7802
M24 4,7.9298
M24 5,7.2172
M24 6,5.048
M25 0,7.9662
M25 1,7.1216
M25 2,1.6709
M25 3,1.433
M25 9,4.1136
M26 1,5.5032
M26 2,4.6831
M26 3,7.5448
M26 4,4.0546
M26 6,0.0615
M27 0,2.3508
M27 4,3.1721
M27 5,3.9021
M27 6,5.0124
M27 8,7.1288
M27 9,2.8067
M28 0,4.2106
M28 1,4.5539
M28 2,2.5648
M28 3,9.8633
M28 7,3.4045
M28 8,0.5705
M29 2,0.0972
M29 7,5.7829
M29 8,6.4718
M3 1,1.0086
M3 2,0.3838
M3 3,0.7282
M3 4,2.2119
M3 5,4.064
M3 6,3.7599
M3 7,3.719
M30 0,12.0385
M30 3,0.2398
M30 7,7.9604
M30 8,9.0249
M30 9,5.9474
M31 4,5.7058
M32 0,6.7607
M32 2,0.3338
M32 8,4.3152
M32 9,6.1293
M33 0,0.3474
M33 2,5.6039
M33 3,5.2189
M33 4,7.2902
M33 5,5.037
M33 6,3.6154
M33 7,3.5949
M34 0,0.3472
M34 2,4.0883
M34 3,3.3257
M34 5,6.468
M34 6,2.2847
M34 7,5.9099
M35 0,8.2194
M35 9,4.8655
M38 0,2.679
M38 9,11.1028
M4 1,1.8943
M4 2,0.22
M4 3,0.0796
M4 4,3.1871
M4 5,1.6315
M4 6,2.8615
M4 7,3.0987
M40 0,5.1469
M40 1,6.2321
M40 2,6.7154
M40 3,4.4428
M40 4,0.2804
M40 5,5.3679
M40 7,8.066
M40 8,8.5834
M40 9,5.9131
M41 0,2.735
M41 4,0.2575
M41 5,2.7817
M41 6,3.0161
M41 7,1.5646
M41 8,2.7776
M41 9,5.2414
M43 0,0.2997
M43 6,8.2792
M43 7,6.6361
M44 0,0.0556
M44 5,4.866
M44 6,6.7452
M45 0,0.1211
M45 6,2.9674
M45 7,3.6169
M45 8,5.6595
M46 0,9.6247
M46 6,0.0898
M46 9,8.2339
M5 0,0.951
M5 3,4.986
M5 4,6.2152
M5 5,4.8522
M50 1,0.9298
M50 2,1.9592
M50 3,2.016
M6 5,9.9283
M6 6,6.6241
M6 7,5.6701
M6 8,6.4977
M60 0,0.2757
M60 1,0.2331
M60 2,0.2246
M60 3,0.2219
M60 4,0.0077
M60 6,0.0189
M60 7,0.1294
M60 9,0.2276
M61 0,0.7757
M7 1,5.3887
M7 2,10.2779
M7 3,5.607
M7 4,20.4949
M8 0,6.6919
M8 2,0.4748
M8 4,6.4984
M8 5,7.7698
M8 8,3.5965
M8 9,3.0004
M9 0,2.6552
M9 4,10.7551
M9 5,5.594
M9 6,7.5508
M9 7,5.6885
M9 8,8.5028
M9 9,0.1524
M90 1,0.0822
M90 2,0.0706
M90 3,0.2702
M90 4,0.2539
M90 5,0.2823
M99 1,0.1394
M99 2,0.0566
ME1 1,3.3813
ME1 2,4.0371
ME1 3,3.0945
ME1 9,0.0855
ME10 1,4.5204
ME10 2,4.1201
ME10 3,3.1993
ME10 4,4.0674
ME10 5,0.8256
ME10 9,0.2877
ME11 5,1.2991
ME12 1,6.5686
ME12 2,5.0328
ME12 3,4.472
ME12 4,4.0367
ME12 9,0.3409
ME13 0,0.8849
ME13 3,0.1026
ME13 7,2.9516
ME13 8,3.9629
ME13 9,1.1364
ME14 1,3.0882
ME14 2,2.8083
ME14 3,0.8791
ME14 4,1.6488
ME14 5,1.7387
ME14 9,0.5548
ME15 0,1.0956
ME15 6,4.4912
ME15 7,3.2539
ME15 8,3.6643
ME15 9,5.4388
ME16 0,2.1484
ME16 8,4.1659
ME16 9,1.8862
ME17 1,2.0625
ME17 2,1.4257
ME17 3,2.1136
ME17 4,2.5355
ME18 5,1.0441
ME18 6,0.5689
ME19 4,1.6225
ME19 5,1.5475
ME19 6,1.741
ME2 1,1.0125
ME2 2,5.6446
ME2 3,3.3989
ME2 4,3.782
ME20 6,2.8568
ME20 7,1.7785
ME3 0,0.25
ME3 7,1.7732
ME3 8,1.835
ME3 9,4.238
ME4 3,0.8833
ME4 4,3.2712
ME4 5,7.7523
ME4 6,3.8099
ME4 9,0.159
ME5 0,4.9105
ME5 7,6.137
ME5 8,3.2152
ME5 9,2.3494
ME6 5,3.4859
ME6 9,0.3991
ME7 1,9.1395
ME7 2,4.4113
ME7 3,1.4495
ME7 4,3.9539
ME7 5,4.8178
ME7 9,0.3
ME8 0,1.1612
ME8 6,2.8728
ME8 7,1.8398
ME8 8,2.3575
ME8 9,2.4231
ME9 0,1.0138
ME9 7,2.0248
ME9 8,1.7871
ME9 9,1.7481
MK1 1,1.6696
MK1 9,0.2148
MK10 0,0.3695
MK10 1,1.0173
MK10 7,2.8214
MK10 9,6.013
MK11 1,2.9271
MK11 2,1.5729
MK11 3,0.7032
MK11 4,0.4167
MK11 9,0.1571
MK12 5,3.5369
MK12 6,3.9279
MK13 0,3.5777
MK13 7,4.6135
MK13 8,1.1219
MK13 9,1.8913
MK14 5,2.8932
MK14 6,2.9578
MK14 7,4.5121
MK15 0,0.7811
MK15 8,1.2067
MK15 9,1.738
MK16 0,2.226
MK16 6,0.087
MK16 8,2.2688
MK16 9,1.5701
MK17 0,1.3211
MK17 7,0.5893
MK17 8,3.1328
MK17 9,2.241
MK18 1,4.6005
MK18 2,1.7797
MK18 3,2.6365
MK18 4,1.2593
MK18 5,0.8491
MK18 6,0.1119
MK18 7,1.0319
MK18 8,0.0458
MK18 9,0.1222
MK19 6,2.3409
MK19 7,2.0282
MK2 2,4.3006
MK2 3,7.3185
MK3 5,2.9741
MK3 6,3.0604
MK3 7,4.216
MK4 1,2.7034
MK4 2,1.7883
MK4 3,1.0066
MK4 4,2.4721
MK40 1,5.1614
MK40 2,10.1595
MK40 3,6.6248
MK40 4,7.275
MK40 9,0.2429
MK41 0,4.7207
MK41 5,0.0714
MK41 6,1.7932
MK41 7,6.8958
MK41 8,3.3317
MK41 9,3.1645
MK42 0,7.3589
MK42 5,0.8929
MK42 6,1.282
MK42 7,3.7972
MK42 8,4.2874
MK42 9,8.3877
MK43 0,4.4889
MK43 1,0.075
MK43 2,0.2998
MK43 6,0.0857
MK43 7,1.8781
MK43 8,2.0523
MK43 9,3.2449
MK44 1,0.8522
MK44 2,1.4029
MK44 3,1.9374
MK44 5,0.0857
MK45 1,3.1165
MK45 2,3.5326
MK45 3,2.8663
MK45 4,2.5294
MK45 5,1.5009
MK45 6,0.0143
MK45 9,0.1667
MK46 4,0.6254
MK46 5,2.2672
MK5 6,2.156
MK5 7,2.4955
MK5 8,1.8206
MK6 1,0.4846
MK6 2,7.9663
MK6 3,3.823
MK6 4,4.1349
MK6 5,2.8445
MK7 6,1.283
MK7 7,4.0877
MK7 8,1.3362
MK77 1,0.2231
MK8 0,1.4939
MK8 1,0.6331
MK8 8,1.5657
MK8 9,2.1792
MK9 1,0.9149
MK9 2,1.6167
MK9 3,2.3403
MK9 4,0.7386
ML1 1,6.4348
ML1 2,9.0756
ML1 3,11.7537
ML1 4,12.8695
ML1 5,11.6049
ML1 9,1.6738
ML10 6,10.1415
ML11 0,7.1377
ML11 1,0.1487
ML11 7,6.8106
ML11 8,7.6479
ML11 9,10.4092
ML12 6,9.6016
ML12 9,0.0892
ML2 0,7.6622
ML2 2,0.2976
ML2 7,8.778
ML2 8,9.7079
ML2 9,6.2413
ML3 0,5.6804
ML3 3,1.3086
ML3 6,5.4128
ML3 7,9.7846
ML3 8,8.03
ML3 9,8.4166
ML4 1,6.7695
ML4 2,8.7037
ML4 3,5.8024
ML4 9,0.2232
ML5 1,5.914
ML5 2,8.4061
ML5 3,4.9469
ML5 4,9.7451
ML5 5,7.9226
ML5 9,0.2232
ML6 0,5.8768
ML6 1,0.2604
ML6 6,8.0341
ML6 7,10.2658
ML6 8,11.4561
ML6 9,8.9268
ML7 4,5.728
ML7 5,9.501
ML8 4,6.5429
ML8 5,8.9817
ML9 1,5.7994
ML9 2,8.0002
ML9 3,6.6321
ML9 9,0.0297
N1 0,4.8862
N1 1,6.4636
N1 2,7.4622
N1 3,7.1119
N1 4,6.3253
N1 5,8.7607
N1 6,5.7221
N1 7,8.1063
N1 8,6.9896
N1 9,4.4348
N10 1,4.3656
N10 2,4.3548
N10 3,4.7548
N10 9,0.3873
N11 1,5.8712
N11 2,5.662
N11 3,4.4467
N11 9,0.1324
N12 0,5.1172
N12 2,0.28
N12 7,1.584
N12 8,3.4967
N12 9,5.1656
N13 4,6.9493
N13 5,5.513
N13 6,4.2275
N14 4,4.5734
N14 5,1.6412
N14 6,3.5306
N14 7,2.8631
N14 9,0.1365
N15 3,5.493
N15 4,13.3186
N15 5,7.7829
N15 6,10.0839
N15 9,0.2099
N16 0,6.968
N16 1,0.4426
N16 5,13.7085
N16 6,13.7686
N16 7,8.4207
N16 8,10.0655
N16 9,5.7345
N17 0,12.7073
N17 1,1.1566
N17 6,18.3561
N17 7,7.4971
N17 8,7.6965
N17 9,10.7814
N18 1,10.2735
N18 2,11.2612
N18 3,1.2164
N18 9,0.2683
N19 3,9.9344
N19 4,7.5405
N19 5,9.4593
N19 9,0.5844
N1C 4,1.4682
N1P 1,0.3389
N1P 2,0.3504
N2 0,5.1782
N2 2,0.3832
N2 8,3.428
N2 9,3.5575
N20 0,3.7195
N20 2,0.0741
N20 8,1.4977
N20 9,1.6313
N21 1,3.0377
N21 2,2.5989
N21 3,2.7848
N22 5,9.0809
N22 6,9.4392
N22 7,3.9855
N22 8,6.7442
N22 9,0.557
N3 1,4.1364
N3 2,3.8494
N3 3,4.8679
N3 9,0.6618
N4 1,8.2782
N4 2,9.6896
N4 3,9.2058
N4 4,5.0531
N4 9,0.8395
N5 1,6.7331
N5 2,10.2455
N5 9,0.3125
N6 4,2.1401
N6 5,5.1098
N6 6,2.2711
N6 9,0.0649
N7 0,7.0735
N7 1,0.3247
N7 6,5.7979
N7 7,6.8542
N7 8,7.865
N7 9,7.5975
N8 0,8.4665
N8 1,0.0464
N8 7,6.9438
N8 8,4.4344
N8 9,5.6045
N81 1,0.1629
N9 0,9.6243
N9 1,0.27
N9 7,6.2722
N9 8,7.7809
N9 9,11.0559
NE1 1,0.4971
NE1 2,2.4938
NE1 3,1.0481
NE1 4,1.7027
NE1 5,1.043
NE1 6,0.7082
NE1 7,0.3927
NE1 8,0.3287
NE10 0,5.3818
NE10 8,7.2111
NE10 9,4.2345
NE11 0,2.891
NE11 9,5.1259
NE12 2,0.1695
NE12 5,0.5497
NE12 6,2.8485
NE12 7,1.7631
NE12 8,6.7099
NE12 9,1.8034
NE13 6,1.1694
NE13 7,1.4969
NE13 8,0.5055
NE13 9,0.7203
NE15 0,0.6735
NE15 6,4.8666
NE15 7,2.3691
NE15 8,4.7501
NE15 9,3.1168
NE16 3,0.6359
NE16 4,2.5317
NE16 5,2.4698
NE16 6,1.0473
NE16 9,0.0294
NE17 7,3.4178
NE17 9,0.0086
NE18 0,0.3228
NE19 1,0.3075
NE19 2,0.4856
NE2 1,5.999
NE2 2,3.5533
NE2 3,2.4061
NE2 4,3.9806
NE20 0,0.7641
NE20 2,0.1348
NE20 9,2.5349
NE21 4,1.8288
NE21 5,1.8315
NE21 6,1.842
NE22 5,5.4346
NE22 6,1.934
NE22 7,2.1608
NE23 0,0.0959
NE23 1,1.2592
NE23 2,2.7139
NE23 3,0.805
NE23 6,4.6996
NE23 7,3.8772
NE23 8,1.3106
NE24 1,5.0331
NE24 2,5.0454
NE24 3,4.4837
NE24 4,4.6618
NE24 5,7.6169
NE24 9,0.3621
NE25 0,4.3428
NE25 8,3.2325
NE25 9,3.9112
NE26 1,1.6736
NE26 2,1.7426
NE26 3,2.0725
NE26 4,1.2389
NE26 9,0.1112
NE27 0,5.396
NE27 9,0.3757
NE28 0,4.5508
NE28 5,0.1557
NE28 6,5.6926
NE28 7,5.1247
NE28 8,5.8135
NE28 9,7.4903
NE29 0,3.4361
NE29 1,0.1483
NE29 6,7.3465
NE29 7,4.6085
NE29 8,4.2267
NE29 9,1.3149
NE3 1,2.1516
NE3 2,3.9172
NE3 3,4.7701
NE3 4,2.837
NE3 5,1.2076
NE3 9,0.3246
NE30 1,1.4921
NE30 2,2.8975
NE30 3,1.95
NE30 4,2.6589
NE31 1,4.8593
NE31 2,5.0053
NE31 9,0.0256
NE32 3,3.617
NE32 4,4.5081
NE32 5,4.7975
NE32 9,0.1151
NE33 1,1.3179
NE33 2,2.95
NE33 3,2.5586
NE33 4,7.1223
NE33 5,5.353
NE33 9,0.3572
NE34 0,6.7442
NE34 6,2.8834
NE34 7,5.2278
NE34 8,5.8094
NE34 9,7.7162
NE35 0,0.0128
NE35 9,2.8147
NE36 0,1.7846
NE36 9,0.0256
NE37 1,3.1376
NE37 2,4.308
NE37 3,3.3112
NE37 9,0.2031
NE38 0,3.2619
NE38 7,2.9017
NE38 8,2.5348
NE38 9,1.5232
NE39 1,2.0451
NE39 2,2.123
NE39 9,0.0074
NE4 5,7.4803
NE4 6,8.8463
NE4 7,7.4275
NE4 8,8.6226
NE4 9,6.868
NE40 3,2.6504
NE40 4,2.1064
NE40 9,0.0178
NE41 8,0.3094
NE42 5,2.2556
NE42 6,1.5294
NE42 9,0.0171
NE43 7,1.2061
NE44 6,0.1074
NE45 5,1.2714
NE46 1,1.7745
NE46 2,1.5971
NE46 3,1.5497
NE46 4,0.9214
NE46 9,0.0206
NE47 5,0.4087
NE47 6,0.9509
NE47 7,0.3091
NE47 8,0.1169
NE47 9,1.1736
NE48 1,0.2185
NE48 2,0.6657
NE48 3,0.1888
NE48 4,0.1103
NE49 0,0.8184
NE49 9,2.2982
NE5 1,1.2889
NE5 2,8.6038
NE5 3,5.2195
NE5 4,5.337
NE5 5,2.454
NE5 9,0.0804
NE6 1,7.7015
NE6 2,17.9089
NE6 3,10.1531
NE6 4,13.4227
NE6 5,8.7112
NE6 9,0.5211
NE61 1,1.3614
NE61 2,2.9751
NE61 3,1.5539
NE61 4,0.6451
NE61 5,3.3996
NE61 6,3.0492
NE61 9,0.4145
NE62 5,3.2194
NE63 0,4.6896
NE63 3,0.0246
NE63 8,3.2783
NE63 9,8.9959
NE64 6,3.1919
NE65 0,3.9347
NE65 7,0.9206
NE65 8,0.8259
NE65 9,1.8199
NE66 1,3.913
NE66 2,1.6249
NE66 3,0.8683
NE66 4,0.7518
NE66 5,0.1251
NE66 9,0.0848
NE67 5,0.4506
NE68 7,0.7549
NE69 7,0.2578
NE7 7,5.1198
NE70 7,0.8706
NE71 6,1.7859
NE8 1,4.5027
NE8 2,5.2001
NE8 3,6.1196
NE8 4,8.811
NE8 9,0.9103
NE85 1,0.0037
NE85 2,0.0519
NE88 1,0.1183
NE9 5,4.4232
NE9 6,6.2965
NE9 7,8.8112
NE9 9,0.1731
NE92 1,0.6923
NE98 1,0.1587
NE99 1,0.4818
NE99 2,0.0892
NE99 4,0.0991
NE99 5,0.1982
NG1 1,4.2163
NG1 2,1.8902
NG1 3,4.1693
NG1 4,4.5714
NG1 5,3.6747
NG1 6,1.6617
NG1 7,1.1774
NG1 9,0.6522
NG10 1,5.9186
NG10 2,1.5611
NG10 3,4.8141
NG10 4,4.3153
NG10 5,2.7818
NG10 9,0.15
NG11 0,0.9656
NG11 1,0.3265
NG11 2,0.0115
NG11 6,2.7076
NG11 7,1.3083
NG11 8,11.1386
NG11 9,5.424
NG12 1,0.3472
NG12 2,1.8888
NG12 3,3.9324
NG12 4,1.2724
NG12 5,2.8435
NG13 0,1.3378
NG13 7,0.2852
NG13 8,2.4887
NG13 9,0.7443
NG14 5,1.002
NG14 6,2.9477
NG14 7,1.8779
NG15 0,0.4647
NG15 5,0.4509
NG15 6,4.4769
NG15 7,6.9711
NG15 8,2.0431
NG15 9,0.7263
NG16 1,3.8213
NG16 2,4.4207
NG16 3,6.3296
NG16 4,3.9056
NG16 5,4.1526
NG16 6,5.1064
NG16 9,0.1316
NG17 0,0.0964
NG17 1,4.0078
NG17 2,5.1995
NG17 3,4.4509
NG17 4,5.4343
NG17 5,3.3187
NG17 6,0.0433
NG17 7,5.1905
NG17 8,4.0502
NG17 9,1.5723
NG18 1,2.5368
NG18 2,7.7174
NG18 3,6.9332
NG18 4,6.1682
NG18 5,3.2434
NG18 6,0.2196
NG18 9,0.8687
NG19 0,4.0602
NG19 6,5.8065
NG19 7,5.6627
NG19 8,4.9781
NG19 9,2.5202
NG2 1,2.7559
NG2 2,3.1773
NG2 3,2.439
NG2 4,10.4368
NG2 5,2.9997
NG2 6,4.1649
NG2 7,6.522
NG2 9,1.7809
NG20 0,5.7994
NG20 8,5.2214
NG20 9,2.6229
NG21 0,4.5662
NG21 9,3.116
NG22 0,2.9602
NG22 8,2.3218
NG22 9,5.2212
NG23 5,2.2402
NG23 6,1.8846
NG23 7,2.6577
NG24 1,6.4685
NG24 2,4.7899
NG24 3,4.2043
NG24 4,7.7158
NG24 5,0.2679
NG24 9,1.1126
NG25 0,1.7305
NG3 1,4.2335
NG3 2,5.1687
NG3 3,8.5623
NG3 4,5.4136
NG3 5,8.0284
NG3 6,4.3133
NG3 7,2.8919
NG31 0,1.0584
NG31 6,4.7506
NG31 7,9.2578
NG31 8,3.6762
NG31 9,6.411
NG32 1,1.8306
NG32 2,1.6646
NG32 3,1.9319
NG33 4,0.9303
NG33 5,2.3967
NG34 0,2.2612
NG34 4,0.6738
NG34 6,0.1395
NG34 7,5.0634
NG34 8,4.0357
NG34 9,2.6307
NG4 1,5.0269
NG4 2,5.4051
NG4 3,4.6396
NG4 4,2.6219
NG4 9,0.0652
NG5 0,0.8846
NG5 1,5.8599
NG5 2,3.1162
NG5 3,2.334
NG5 4,5.0709
NG5 5,9.7051
NG5 6,5.0067
NG5 7,3.0831
NG5 8,5.2321
NG5 9,7.0522
NG6 0,7.5808
NG6 6,0.6829
NG6 7,2.9757
NG6 8,14.35
NG6 9,5.719
NG7 1,6.1286
NG7 2,6.1581
NG7 3,11.721
NG7 4,5.6311
NG7 5,9.3131
NG7 6,6.9231
NG7 7,7.8443
NG8 1,3.902
NG8 2,5.1063
NG8 3,5.9638
NG8 4,5.1185
NG8 5,9.5799
NG8 6,11.2263
NG8 9,0.2406
NG80 1,0.0896
NG80 7,0.076
NG80 8,0.1824
NG9 1,4.3208
NG9 2,8.7767
NG9 3,5.336
NG9 4,3.8186
NG9 5,2.1759
NG9 6,2.137
NG9 7,1.8201
NG9 8,7.8401
NG9 9,0.6479
NG90 1,0.12
NG90 2,0.0377
NG90 4,0.0517
NG90 5,0.0502
NG90 6,0.0227
NG90 7,0.0129
NN1 1,3.7455
NN1 2,6.2376
NN1 3,4.2497
NN1 4,9.3599
NN1 5,5.1425
NN1 9,1.4404
NN10 0,6.6613
NN10 1,0.1673
NN10 6,2.0854
NN10 8,2.6427
NN10 9,6.0248
NN11 0,1.1425
NN11 1,0.9047
NN11 2,0.7867
NN11 3,1.6813
NN11 4,7.4487
NN11 6,0.7056
NN11 7,0.3663
NN11 8,2.3202
NN11 9,3.1918
NN12 6,2.6019
NN12 7,1.8713
NN12 8,2.8143
NN12 9,0.2915
NN13 5,1.563
NN13 6,3.6852
NN13 7,1.4418
NN13 9,0.0141
NN14 1,2.1628
NN14 2,4.3034
NN14 3,1.7909
NN14 4,1.8018
NN14 6,2.3966
NN15 4,0.2145
NN15 5,5.6563
NN15 6,7.5868
NN15 7,3.5153
NN16 0,6.8969
NN16 6,0.9998
NN16 8,6.505
NN16 9,7.4092
NN17 1,6.0207
NN17 2,6.9402
NN17 3,1.4507
NN17 4,0.7395
NN17 5,1.0697
NN17 9,1.0286
NN18 0,6.9202
NN18 8,5.1347
NN18 9,6.2704
NN2 1,1.072
NN2 6,6.7932
NN2 7,11.5267
NN2 8,6.6979
NN29 7,3.987
NN3 0,0.1155
NN3 2,7.5824
NN3 3,4.3563
NN3 5,4.1331
NN3 6,2.9558
NN3 7,3.6193
NN3 8,9.7869
NN3 9,3.5325
NN4 0,1.6922
NN4 1,0.0521
NN4 4,0.434
NN4 5,0.6303
NN4 6,2.3723
NN4 7,0.9891
NN4 8,10.663
NN4 9,2.1327
NN5 4,2.5205
NN5 5,4.8154
NN5 6,6.4051
NN5 7,9.8642
NN5 9,0.0868
NN6 0,2.4679
NN6 6,0.6589
NN6 7,3.1471
NN6 8,1.4376
NN6 9,3.3676
NN7 1,2.0996
NN7 2,2.4445
NN7 3,3.1646
NN7 4,3.1072
NN7 9,0.1649
NN8 1,6.002
NN8 2,7.7521
NN8 3,7.7116
NN8 4,10.4661
NN8 5,2.1991
NN8 6,0.7809
NN8 9,0.6611
NN9 5,5.7948
NN9 6,5.0643
NP10 0,0.8041
NP10 8,5.7203
NP10 9,4.2583
NP11 3,2.321
NP11 4,3.2165
NP11 5,2.9241
NP11 6,4.0938
NP11 7,4.0572
NP11 9,0.0914
NP12 0,4.4228
NP12 1,3.7465
NP12 2,4.6603
NP12 3,3.4724
NP12 4,0.0731
NP12 9,0.0366
NP13 1,4.24
NP13 2,3.2348
NP13 3,2.5403
NP13 9,0.0548
NP15 1,4.9162
NP15 2,2.3576
NP15 9,0.0914
NP16 5,5.6655
NP16 6,4.971
NP16 7,2.451
NP16 9,0.0914
NP18 1,3.0521
NP18 2,3.1252
NP18 3,2.6134
NP19 0,4.3131
NP19 1,0.1828
NP19 4,3.8745
NP19 7,4.6969
NP19 8,3.3262
NP19 9,4.6238
NP20 1,2.2662
NP20 2,4.8248
NP20 3,4.0572
NP20 4,3.2348
NP20 5,3.7648
NP20 6,3.0338
NP20 7,3.0703
NP20 9,0.6762
NP22 3,3.7648
NP22 4,3.7648
NP22 5,3.4176
NP22 9,0.0183
NP23 4,4.9528
NP23 5,4.9162
NP23 6,4.3862
NP23 7,1.0052
NP23 8,0.4203
NP23 9,0.3838
NP24 6,2.6865
NP25 3,3.5688
NP25 4,3.0877
NP25 5,3.5173
NP25 9,0.1645
NP26 3,4.8248
NP26 4,3.0703
NP26 5,3.2897
NP26 9,0.0731
NP4 0,3.6552
NP4 4,0.3472
NP4 5,3.6552
NP4 6,5.2086
NP4 7,4.3497
NP4 8,4.24
NP4 9,3.8197
NP44 1,4.7334
NP44 2,2.9059
NP44 3,4.0207
NP44 4,3.1252
NP44 5,2.321
NP44 6,1.4621
NP44 7,2.1017
NP44 8,1.8276
NP44 9,0.2741
NP7 0,2.7231
NP7 1,0.2559
NP7 5,3.71
NP7 6,2.7414
NP7 7,2.4402
NP7 8,3.1768
NP7 9,4.5141
NP8 1,3.0265
NR1 1,5.9151
NR1 2,6.6605
NR1 3,6.6283
NR1 4,4.8115
NR10 3,2.2374
NR10 4,1.8845
NR10 5,2.0818
NR11 6,3.5969
NR11 7,1.4406
NR11 8,2.8917
NR12 0,1.4265
NR12 7,0.8861
NR12 8,3.1622
NR12 9,3.4644
NR13 3,3.5213
NR13 4,2.6903
NR13 5,2.1654
NR13 6,1.2961
NR14 6,3.1267
NR14 7,2.5438
NR14 8,2.5951
NR15 1,2.1231
NR15 2,3.1882
NR16 1,1.598
NR16 2,2.6173
NR17 1,3.0056
NR17 2,2.1928
NR18 0,5.2954
NR18 8,0.4456
NR18 9,2.3531
NR19 1,4.8167
NR19 2,4.044
NR19 9,0.6016
NR2 1,2.9133
NR2 2,5.503
NR2 3,5.4906
NR2 4,8.9787
NR20 3,3.126
NR20 4,1.951
NR20 5,1.9168
NR21 0,0.9152
NR21 1,0.0864
NR21 7,1.0577
NR21 8,3.1346
NR21 9,1.9211
NR22 6,0.4591
NR23 1,2.2096
NR24 2,1.3842
NR25 6,2.0835
NR25 7,1.6876
NR25 9,0.009
NR26 8,2.9427
NR26 9,0.0272
NR27 0,2.215
NR27 7,0.4171
NR27 9,4.076
NR28 0,4.4985
NR28 8,0.4154
NR28 9,5.6284
NR29 3,2.7956
NR29 4,3.2634
NR29 5,1.3437
NR3 1,7.6319
NR3 2,9.2036
NR3 3,8.0918
NR3 4,5.7463
NR30 1,5.3222
NR30 2,9.219
NR30 3,7.6989
NR30 4,5.4024
NR30 5,3.8873
NR30 9,0.751
NR31 0,5.5866
NR31 6,4.8203
NR31 7,5.8368
NR31 8,6.5915
NR31 9,4.0371
NR32 1,5.4508
NR32 2,6.2372
NR32 3,3.2185
NR32 4,7.6241
NR32 5,0.9808
NR32 9,0.2477
NR33 0,6.8753
NR33 7,2.7942
NR33 8,2.3005
NR33 9,3.5638
NR34 0,0.3246
NR34 4,0.0108
NR34 7,1.4484
NR34 8,0.6462
NR34 9,1.5879
NR35 1,2.5165
NR35 2,1.6867
NR35 9,0.0529
NR4 6,4.9214
NR4 7,6.9284
NR5 0,2.9299
NR5 5,0.004
NR5 8,8.2571
NR5 9,8.2128
NR6 5,3.0574
NR6 6,3.1679
NR6 7,2.4425
NR7 0,5.4406
NR7 7,0.4198
NR7 8,3.6982
NR7 9,5.9892
NR8 5,1.937
NR8 6,2.9395
NR8 7,0.0845
NR9 3,3.3871
NR9 4,1.8755
NR9 5,1.0194
NR99 1,0.1739
NW1 0,5.6293
NW1 1,7.5072
NW1 2,1.5821
NW1 3,3.3626
NW1 4,2.3167
NW1 5,1.9246
NW1 6,3.3168
NW1 7,4.9303
NW1 8,7.116
NW1 9,8.4883
NW10 0,10.2007
NW10 1,7.0415
NW10 2,6.6736
NW10 3,6.8792
NW10 4,9.4741
NW10 5,7.5489
NW10 6,2.2596
NW10 7,2.7916
NW10 8,11.8689
NW10 9,8.787
NW11 0,4.1572
NW11 1,0.5283
NW11 6,2.2798
NW11 7,3.8252
NW11 8,3.4223
NW11 9,7.7891
NW1W 7,0.7427
NW1W 8,0.7307
NW1W 9,0.5878
NW2 1,6.2192
NW2 2,4.3342
NW2 3,7.4091
NW2 4,6.3625
NW2 5,5.6679
NW2 6,8.7274
NW2 7,8.3852
NW2 9,0.2346
NW26 9,0.8627
NW3 1,2.1418
NW3 2,8.2493
NW3 3,5.8926
NW3 4,6.1701
NW3 5,4.2633
NW3 6,3.2312
NW3 7,3.1329
NW3 9,0.313
NW4 1,5.3552
NW4 2,5.6545
NW4 3,3.6412
NW4 4,4.8142
NW4 9,0.4802
NW5 1,7.4788
NW5 2,9.2966
NW5 3,2.5937
NW5 4,6.2725
NW5 9,1.0216
NW6 1,7.0717
NW6 2,4.7623
NW6 3,4.1627
NW6 4,6.4706
NW6 5,9.5814
NW6 6,3.4838
NW6 7,8.4944
NW6 9,0.7419
NW7 0,0.2347
NW7 1,4.925
NW7 2,3.716
NW7 3,3.3318
NW7 4,2.5907
NW8 0,4.6714
NW8 1,0.371
NW8 6,2.0245
NW8 7,3.2726
NW8 8,18.6646
NW8 9,3.4468
NW9 0,3.9693
NW9 1,0.7325
NW9 4,2.2561
NW9 5,15.8417
NW9 6,4.4001
NW9 7,3.729
NW9 8,4.086
NW9 9,2.9228
OL1 1,3.961
OL1 2,5.2313
OL1 3,6.1527
OL1 4,4.9774
OL1 9,1.514
OL10 1,3.9305
OL10 2,3.9307
OL10 3,7.2126
OL10 4,6.7837
OL10 9,0.1552
OL11 1,4.4126
OL11 2,9.3975
OL11 3,6.6664
OL11 4,6.1579
OL11 5,4.5499
OL12 0,6.5178
OL12 6,7.503
OL12 7,4.3978
OL12 8,3.2428
OL12 9,8.946
OL13 0,2.3508
OL13 3,0.1491
OL13 8,2.3632
OL13 9,4.2987
OL14 5,2.0357
OL14 6,2.1336
OL14 7,1.9839
OL14 8,2.2731
OL14 9,0.0381
OL15 0,1.9717
OL15 8,2.8418
OL15 9,2.2495
OL16 1,4.1431
OL16 2,10.0252
OL16 3,4.264
OL16 4,5.5007
OL16 5,6.0168
OL16 9,1.5213
OL2 5,3.9622
OL2 6,6.6869
OL2 7,4.4878
OL2 8,3.6706
OL3 5,3.6478
OL3 6,1.78
OL3 7,2.412
OL4 1,7.1857
OL4 2,9.4747
OL4 3,5.1446
OL4 4,3.1577
OL4 5,7.1529
OL5 0,3.7291
OL5 9,2.8903
OL6 0,0.2872
OL6 6,4.324
OL6 7,4.5349
OL6 8,9.1588
OL6 9,7.7988
OL7 0,5.633
OL7 9,7.1823
OL8 1,7.7556
OL8 2,9.9849
OL8 3,7.8527
OL8 4,6.834
OL9 0,5.6914
OL9 6,5.1357
OL9 7,6.5703
OL9 8,5.8576
OL9 9,5.454
OX1 1,1.4053
OX1 2,0.5076
OX1 3,0.3761
OX1 4,2.9296
OX1 5,2.5553
OX1 9,0.8016
OX10 0,1.9498
OX10 1,0.1549
OX10 6,2.6949
OX10 7,1.8832
OX10 8,0.8867
OX10 9,1.8727
OX11 0,2.2103
OX11 1,0.173
OX11 6,2.0669
OX11 7,3.1964
OX11 8,5.41
OX11 9,1.639
OX12 0,2.3736
OX12 2,0.2894
OX12 7,2.456
OX12 8,3.8944
OX12 9,2.7775
OX13 5,2.3169
OX13 6,3.2529
OX14 1,3.0364
OX14 2,2.6836
OX14 3,3.3741
OX14 4,2.4319
OX14 5,2.9841
OX14 9,0.8803
OX15 0,0.6245
OX15 4,2.0256
OX15 5,2.1751
OX15 6,1.0062
OX16 0,6.9063
OX16 1,3.6217
OX16 2,2.2809
OX16 3,2.3444
OX16 4,2.3729
OX16 5,2.588
OX16 6,0.5581
OX16 9,4.0929
OX17 1,1.9306
OX17 2,1.9493
OX17 3,1.5715
OX18 1,1.4099
OX18 2,3.2049
OX18 3,1.9761
OX18 4,1.9089
OX18 9,0.0833
OX2 0,2.1995
OX2 6,3.9218
OX2 7,3.4875
OX2 8,1.9008
OX2 9,2.6969
OX20 1,2.0358
OX25 1,0.6287
OX25 2,1.0554
OX25 3,0.1309
OX25 4,0.5014
OX25 5,0.951
OX25 6,0.3038
OX26 1,1.5619
OX26 2,3.2135
OX26 3,2.0
OX26 4,1.3673
OX26 5,0.1959
OX26 6,4.6705
OX26 9,0.1094
OX27 0,0.1552
OX27 7,0.5512
OX27 8,0.9277
OX27 9,0.1927
OX28 1,2.6292
OX28 2,0.1682
OX28 3,0.8762
OX28 4,1.304
OX28 5,2.3635
OX28 6,2.0283
OX28 9,0.4255
OX29 0,0.8142
OX29 4,2.866
OX29 5,0.8071
OX29 6,0.9895
OX29 7,1.4339
OX29 8,1.4529
OX29 9,0.4142
OX3 0,2.0166
OX3 3,0.0127
OX3 7,4.1555
OX3 8,8.1966
OX3 9,4.5862
OX33 1,2.3953
OX39 4,2.148
OX4 1,5.7326
OX4 2,5.627
OX4 3,4.9015
OX4 4,8.0347
OX4 6,7.1848
OX4 7,4.2902
OX4 9,0.2595
OX44 7,2.2826
OX44 9,1.4984
OX49 5,1.8034
OX5 1,2.7698
OX5 2,2.7282
OX5 3,0.4794
OX5 9,0.1316
OX7 3,1.9416
OX7 4,0.9777
OX7 5,3.649
OX7 6,2.4808
OX7 7,0.4302
OX7 9,0.0865
OX9 0,0.25
OX9 2,1.7055
OX9 3,4.0145
OX9 7,0.3988
PA1 1,8.2423
PA1 2,8.8107
PA1 3,7.2678
PA10 2,5.3189
PA11 3,8.4186
PA12 4,4.6287
PA13 4,8.4906
PA13 9,0.0812
PA14 5,9.1893
PA14 6,7.8195
PA15 1,5.8664
PA15 2,6.1125
PA15 3,3.3639
PA15 4,7.2611
PA15 9,1.764
PA16 0,11.5686
PA16 7,8.5329
PA16 8,7.8765
PA16 9,3.9793
PA17 5,2.6556
PA18 6,2.5845
PA19 1,11.5686
PA2 0,6.7806
PA2 6,9.2573
PA2 7,8.0799
PA2 8,9.0543
PA2 9,7.146
PA20 0,3.4731
PA20 2,0.0476
PA20 9,2.9022
PA21 2,1.0943
PA22 3,0.3806
PA23 7,4.5198
PA23 8,5.519
PA23 9,0.0238
PA24 8,0.3568
PA25 8,0.0714
PA26 8,0.2141
PA27 8,0.5471
PA28 6,5.3287
PA28 9,0.0238
PA29 6,1.8555
PA3 1,4.5069
PA3 2,6.131
PA3 3,7.8769
PA3 4,7.0648
PA3 9,3.0452
PA30 8,1.0229
PA31 8,4.3295
PA31 9,0.9753
PA32 8,1.356
PA33 1,0.785
PA34 4,5.5665
PA34 5,3.0687
PA34 9,0.0714
PA35 1,0.9278
PA36 4,0.1665
PA37 1,2.3789
PA38 4,0.6792
PA4 0,9.0137
PA4 4,0.0812
PA4 8,10.922
PA4 9,4.5881
PA41 7,0.1189
PA42 7,1.356
PA43 7,0.9278
PA44 7,0.4758
PA45 7,0.1427
PA46 7,0.3093
PA47 7,0.3568
PA48 7,0.3806
PA49 7,0.1427
PA5 0,7.1054
PA5 5,0.1218
PA5 8,9.5822
PA5 9,7.349
PA6 7,6.8212
PA60 7,0.4758
PA61 7,0.1903
PA62 6,0.0238
PA63 6,0.0238
PA64 6,0.0476
PA65 6,0.1903
PA66 6,0.1903
PA67 6,0.3568
PA68 6,0.0714
PA69 6,0.0952
PA7 5,9.9882
PA7 9,0.0406
PA70 6,0.1427
PA71 6,0.0952
PA72 6,0.4758
PA73 6,0.1427
PA74 6,0.0238
PA75 6,1.4511
PA76 6,0.1665
PA77 6,0.904
PA78 6,0.1189
PA8 6,4.1008
PA8 7,4.8317
PA8 9,0.0406
PA80 5,0.3515
PA9 1,2.3955
PE1 1,2.3134
PE1 2,7.1194
PE1 3,8.6953
PE1 4,7.573
PE1 5,4.9153
PE1 9,0.7885
PE10 0,3.9872
PE10 1,0.0647
PE10 2,0.1009
PE10 9,4.2298
PE11 1,4.0184
PE11 2,7.4825
PE11 3,3.5381
PE11 4,4.3649
PE11 5,0.0333
PE11 6,0.0142
PE11 7,0.004
PE11 9,0.3429
PE12 0,3.0152
PE12 2,0.0042
PE12 6,4.178
PE12 7,4.3341
PE12 8,2.096
PE12 9,4.3175
PE13 1,2.1047
PE13 2,5.0362
PE13 3,5.823
PE13 4,2.978
PE13 5,2.421
PE14 0,2.5111
PE14 4,0.1646
PE14 7,3.4109
PE14 8,3.2486
PE14 9,1.9807
PE15 0,3.0454
PE15 5,0.7821
PE15 8,2.5134
PE15 9,3.2459
PE16 6,4.5647
PE16 9,0.0122
PE19 0,0.0965
PE19 1,2.5921
PE19 2,2.761
PE19 5,2.5366
PE19 6,2.7333
PE19 7,1.4583
PE19 8,2.5822
PE19 9,0.1014
PE2 2,0.1221
PE2 5,8.0584
PE2 6,1.9741
PE2 7,1.1115
PE2 8,8.6095
PE2 9,5.0181
PE20 1,3.027
PE20 2,1.1566
PE20 3,1.4816
PE21 0,4.1236
PE21 1,0.573
PE21 6,2.7973
PE21 7,2.7052
PE21 8,7.1106
PE21 9,4.3451
PE22 0,1.782
PE22 7,1.1983
PE22 8,1.2788
PE22 9,2.1484
PE23 4,0.9778
PE23 5,2.6206
PE24 4,2.5643
PE24 5,5.6898
PE25 1,4.4639
PE25 2,8.0054
PE25 3,5.5862
PE25 9,0.2012
PE26 1,2.8336
PE26 2,1.317
PE27 3,1.8186
PE27 4,0.5165
PE27 5,1.8428
PE27 6,0.9586
PE27 9,0.1259
PE28 0,1.8337
PE28 2,1.4441
PE28 3,2.4253
PE28 4,2.9868
PE28 5,1.5282
PE28 9,1.3916
PE29 1,4.2216
PE29 2,2.7688
PE29 3,1.7637
PE29 6,1.1073
PE29 7,0.816
PE29 9,0.6984
PE3 6,2.2033
PE3 7,3.1721
PE3 8,4.0591
PE3 9,5.8367
PE30 1,3.9208
PE30 2,5.6363
PE30 3,3.8379
PE30 4,11.514
PE30 5,5.8519
PE30 9,0.1975
PE31 6,2.963
PE31 7,4.7593
PE31 8,2.5651
PE32 1,4.4323
PE32 2,2.5448
PE33 0,3.6946
PE33 9,2.9062
PE34 3,1.5782
PE34 4,3.694
PE35 6,0.1037
PE36 5,1.7699
PE36 6,1.5769
PE36 9,0.0182
PE37 7,3.7764
PE37 8,2.2725
PE38 0,1.7137
PE38 8,0.0652
PE38 9,3.8068
PE4 5,1.7999
PE4 6,3.9068
PE4 7,6.9395
PE5 7,0.3264
PE6 0,3.365
PE6 6,0.0017
PE6 7,2.838
PE6 8,4.1964
PE6 9,1.2427
PE7 0,0.3383
PE7 1,4.7897
PE7 2,1.3986
PE7 3,4.4194
PE7 4,0.0402
PE7 7,0.0254
PE7 8,3.7037
PE8 4,1.9303
PE8 5,1.9406
PE8 6,2.5493
PE8 9,0.0155
PE9 1,4.8229
PE9 2,4.3117
PE9 3,2.6026
PE9 4,1.4168
PE9 9,0.0052
PH1 0,0.5555
PH1 1,4.5202
PH1 2,4.5969
PH1 3,6.1866
PH1 4,3.6009
PH1 5,4.2904
PH10 6,5.5928
PH10 7,3.4285
PH10 9,0.0575
PH11 8,3.5465
PH12 8,1.8348
PH13 9,3.5063
PH14 9,1.3408
PH15 2,3.4093
PH16 5,4.3479
PH16 9,0.0766
PH17 2,0.249
PH18 5,0.8811
PH19 1,0.1295
PH2 0,4.6735
PH2 1,1.5514
PH2 6,5.1715
PH2 7,5.4205
PH2 8,2.8539
PH2 9,4.6018
PH20 1,0.9804
PH21 1,1.9237
PH22 1,2.2567
PH23 3,0.5919
PH24 3,0.4439
PH25 3,0.6474
PH26 3,2.5526
PH26 9,0.0555
PH3 1,4.7501
PH30 4,0.0185
PH31 4,0.222
PH32 4,0.7214
PH33 6,4.8463
PH33 7,3.0706
PH33 9,0.074
PH34 4,0.4809
PH35 4,0.296
PH36 4,0.6289
PH37 4,0.0925
PH38 4,0.0925
PH39 4,0.2405
PH4 1,0.6321
PH40 4,0.185
PH41 2,0.0185
PH41 4,0.7214
PH42 4,0.0185
PH43 4,0.0185
PH44 4,0.0185
PH49 4,0.7584
PH5 2,0.8236
PH50 4,0.8509
PH6 2,2.1835
PH7 3,4.4245
PH7 4,2.4325
PH7 9,0.0766
PH8 0,2.2218
PH9 0,0.8428
PL1 1,3.0647
PL1 2,2.0299
PL1 3,7.5605
PL1 4,9.0194
PL1 5,6.3635
PL1 9,0.3442
PL10 1,1.97
PL11 2,3.68
PL11 3,1.0571
PL12 4,3.3163
PL12 5,0.2881
PL12 6,2.05
PL12 9,0.0236
PL13 1,1.8516
PL13 2,2.4808
PL13 9,0.1806
PL14 3,4.3791
PL14 4,2.0116
PL14 5,2.2017
PL14 6,2.7963
PL14 9,0.0916
PL15 0,0.0607
PL15 7,2.0734
PL15 8,2.4387
PL15 9,2.2058
PL16 0,0.3552
PL17 0,0.0027
PL17 7,1.3635
PL17 8,0.7865
PL18 9,1.1064
PL19 0,2.5189
PL19 1,0.797
PL19 8,2.6498
PL19 9,3.7592
PL2 1,7.0893
PL2 2,5.745
PL2 3,4.4343
PL2 9,0.0065
PL20 6,2.168
PL20 7,2.2083
PL21 0,3.4596
PL21 1,0.0931
PL21 9,2.5275
PL22 0,2.4313
PL23 1,1.094
PL24 2,4.0422
PL25 3,3.4049
PL25 4,7.4195
PL25 5,5.0614
PL25 9,1.5224
PL26 6,1.6971
PL26 7,3.5972
PL26 8,5.3492
PL27 6,3.1083
PL27 7,2.9648
PL27 9,0.1432
PL28 8,2.0035
PL29 3,0.1889
PL3 4,4.8162
PL3 5,2.4036
PL3 6,4.8825
PL30 3,0.9387
PL30 4,1.4344
PL30 5,2.0034
PL31 1,3.4804
PL31 2,5.2806
PL31 9,0.0211
PL32 9,1.932
PL33 9,0.7602
PL34 0,0.4596
PL35 0,0.6993
PL4 0,2.3892
PL4 6,4.6041
PL4 7,4.038
PL4 8,7.4121
PL4 9,3.9908
PL5 1,8.9171
PL5 2,5.6996
PL5 3,5.4196
PL5 4,6.3394
PL5 9,0.1928
PL6 5,2.829
PL6 6,4.6708
PL6 7,2.1523
PL6 8,4.3699
PL7 1,3.2277
PL7 2,2.8123
PL7 4,2.0154
PL7 5,0.7267
PL7 9,0.0445
PL8 1,0.3958
PL8 2,2.0974
PL9 0,0.2049
PL9 7,1.0028
PL9 8,3.2675
PL9 9,3.1532
PL95 8,0.0467
PO1 1,5.3167
PO1 2,2.9478
PO1 3,5.155
PO1 4,13.2045
PO1 5,6.3771
PO1 9,0.9137
PO10 7,4.2038
PO10 8,2.7705
PO10 9,0.1657
PO11 0,3.4372
PO11 1,0.0368
PO11 9,3.401
PO12 1,5.6734
PO12 2,3.2016
PO12 3,4.6013
PO12 4,5.9642
PO12 9,0.4741
PO13 0,4.6094
PO13 8,2.6668
PO13 9,4.0831
PO14 1,3.7184
PO14 2,2.1646
PO14 3,1.5128
PO14 4,2.582
PO14 9,0.4105
PO15 5,1.4837
PO15 6,5.1975
PO15 7,1.4766
PO16 0,1.5914
PO16 7,2.0448
PO16 8,2.5517
PO16 9,3.5493
PO17 5,1.4136
PO17 6,0.4419
PO18 0,2.609
PO18 8,2.4082
PO18 9,0.7646
PO19 1,1.3842
PO19 3,3.8211
PO19 5,0.9649
PO19 6,3.6746
PO19 7,5.9718
PO19 8,3.1552
PO19 9,0.2256
PO2 0,4.4683
PO2 7,7.5863
PO2 8,4.5424
PO2 9,5.2379
PO20 0,3.973
PO20 1,1.4196
PO20 2,1.4863
PO20 3,1.5706
PO20 4,0.0127
PO20 7,2.8368
PO20 8,3.2071
PO20 9,0.8893
PO21 1,6.5454
PO21 2,6.7917
PO21 3,2.5368
PO21 4,1.813
PO21 5,4.4506
PO21 9,0.172
PO22 0,1.9814
PO22 6,2.7193
PO22 7,1.9533
PO22 8,3.2198
PO22 9,4.1419
PO3 5,2.6829
PO3 6,3.2883
PO30 1,3.7625
PO30 2,3.6643
PO30 3,1.2897
PO30 4,2.0572
PO30 5,4.3074
PO30 9,0.1913
PO31 7,2.7512
PO31 8,2.3279
PO32 6,3.0688
PO33 1,3.963
PO33 2,5.8066
PO33 3,3.6613
PO33 4,2.2114
PO33 9,0.3559
PO34 5,0.6621
PO35 5,1.4552
PO36 0,2.1113
PO36 6,0.101
PO36 8,2.2942
PO36 9,3.616
PO37 6,1.9719
PO37 7,1.5539
PO38 1,2.2325
PO38 2,1.7498
PO38 3,0.9144
PO38 9,0.0181
PO39 0,1.0511
PO4 0,5.3705
PO4 8,5.1252
PO4 9,6.1485
PO40 0,0.0357
PO40 9,2.9945
PO41 0,0.57
PO5 1,5.2384
PO5 2,4.6167
PO5 3,4.2452
PO5 4,8.7846
PO6 1,1.3938
PO6 2,3.6432
PO6 3,5.5085
PO6 4,4.8229
PO6 9,0.0505
PO7 3,0.1378
PO7 4,0.6968
PO7 5,3.5253
PO7 6,3.6472
PO7 7,5.1131
PO7 8,3.6194
PO7 9,0.175
PO8 0,2.4454
PO8 8,2.34
PO8 9,3.752
PO9 1,2.0987
PO9 2,5.0971
PO9 3,3.4628
PO9 4,5.305
PO9 5,5.0025
PO9 6,0.5694
PO9 9,0.3286
PR0 2,0.3617
PR1 0,2.5212
PR1 1,5.7768
PR1 2,3.0202
PR1 3,3.8135
PR1 4,6.639
PR1 5,8.7372
PR1 6,6.0825
PR1 7,5.3733
PR1 8,4.0304
PR1 9,7.4122
PR11 1,0.1023
PR11 2,0.5814
PR2 0,1.2229
PR2 1,9.0758
PR2 2,6.7687
PR2 3,6.938
PR2 5,1.9137
PR2 6,10.8041
PR2 7,2.1216
PR2 8,4.9144
PR2 9,4.2267
PR25 1,4.8007
PR25 2,3.2422
PR25 3,2.9946
PR25 4,1.2911
PR25 5,2.0946
PR25 9,0.2616
PR26 6,0.8429
PR26 7,2.4494
PR26 8,0.672
PR26 9,1.356
PR3 0,2.9554
PR3 1,3.417
PR3 2,2.5843
PR3 3,3.9978
PR3 5,1.1463
PR3 6,1.0003
PR3 8,0.1047
PR3 9,0.0387
PR4 0,3.6614
PR4 1,2.466
PR4 2,3.4184
PR4 3,4.488
PR4 4,2.5503
PR4 5,3.1874
PR4 6,2.9226
PR4 9,0.1961
PR5 0,1.4382
PR5 4,2.212
PR5 5,4.3543
PR5 6,4.4302
PR5 8,2.8389
PR5 9,0.2245
PR6 0,5.4534
PR6 6,0.4426
PR6 7,2.8757
PR6 8,2.1616
PR6 9,2.7293
PR7 1,4.5276
PR7 2,5.3932
PR7 3,4.8574
PR7 4,2.2798
PR7 5,3.7955
PR7 6,2.3387
PR7 7,1.2927
PR8 1,3.7114
PR8 2,4.5262
PR8 3,5.9557
PR8 4,4.1008
PR8 5,3.1969
PR8 6,5.8348
PR8 9,0.3749
PR9 0,7.7051
PR9 7,6.3196
PR9 8,2.9153
PR9 9,10.1928
RG1 1,0.78
RG1 2,2.0773
RG1 3,7.5638
RG1 4,2.6187
RG1 5,3.69
RG1 6,4.8993
RG1 7,6.5011
RG1 8,0.7333
RG1 9,0.4242
RG10 0,1.7972
RG10 8,1.5528
RG10 9,2.8525
RG12 0,3.7126
RG12 1,1.3993
RG12 2,2.7417
RG12 7,8.5668
RG12 8,3.7169
RG12 9,3.9058
RG14 1,3.5805
RG14 2,3.6989
RG14 3,0.335
RG14 5,2.0991
RG14 6,2.5012
RG14 7,3.5898
RG14 9,0.5248
RG17 0,2.6838
RG17 1,0.0441
RG17 7,0.6728
RG17 8,1.2123
RG17 9,1.178
RG18 0,0.4614
RG18 3,2.4204
RG18 4,1.1591
RG18 9,1.2178
RG19 3,2.0817
RG19 4,1.5952
RG19 6,0.0335
RG19 8,0.6773
RG19 9,0.0582
RG2 0,4.1094
RG2 6,0.3556
RG2 7,5.8152
RG2 8,6.8602
RG2 9,3.8709
RG20 0,0.6215
RG20 4,0.1656
RG20 5,0.7908
RG20 6,0.1885
RG20 7,0.576
RG20 8,1.5291
RG20 9,1.592
RG21 3,1.9521
RG21 4,1.3793
RG21 5,3.1226
RG21 6,0.9181
RG21 7,1.9662
RG21 8,1.4711
RG22 4,4.6933
RG22 5,2.1758
RG22 6,4.4184
RG23 7,1.8733
RG23 8,2.5522
RG24 4,0.84
RG24 7,0.7022
RG24 8,3.6006
RG24 9,7.6559
RG25 2,1.4972
RG25 3,1.9173
RG26 3,1.523
RG26 4,1.8099
RG26 5,2.2874
RG26 9,0.0177
RG27 0,1.3314
RG27 7,0.0613
RG27 8,2.0531
RG27 9,1.777
RG28 7,2.0244
RG28 9,0.0059
RG29 1,1.5017
RG30 1,4.0106
RG30 2,7.0383
RG30 3,4.3921
RG30 4,6.6691
RG30 6,3.1809
RG30 9,0.375
RG31 4,1.6708
RG31 5,2.2725
RG31 6,2.6777
RG31 7,2.3767
RG4 5,2.948
RG4 6,2.3501
RG4 7,1.2916
RG4 8,3.9458
RG4 9,1.8486
RG40 1,3.6123
RG40 2,0.8297
RG40 3,1.4382
RG40 4,1.8165
RG40 5,1.2139
RG40 9,0.6655
RG41 1,1.9453
RG41 2,1.5694
RG41 3,1.5921
RG41 4,0.7894
RG41 5,2.7239
RG42 1,1.8334
RG42 2,1.8299
RG42 3,1.5803
RG42 4,1.3804
RG42 5,0.6211
RG42 6,0.6393
RG42 7,0.5765
RG42 9,0.796
RG45 6,2.6077
RG45 7,1.8755
RG5 3,2.4182
RG5 4,4.305
RG6 1,2.6744
RG6 3,1.5978
RG6 4,1.8832
RG6 5,1.7508
RG6 6,0.286
RG6 7,2.5843
RG6 9,0.1266
RG7 1,2.3849
RG7 2,0.703
RG7 3,3.9156
RG7 4,1.3014
RG7 5,1.3847
RG7 6,0.8574
RG7 8,0.0357
RG8 0,2.3347
RG8 1,0.0469
RG8 6,0.0805
RG8 7,1.8627
RG8 8,2.0647
RG8 9,1.0541
RG9 1,3.2652
RG9 2,1.9132
RG9 3,1.0805
RG9 4,1.4506
RG9 5,1.1211
RG9 6,1.2852
RG9 9,0.1645
RH1 1,2.6058
RH1 2,3.3873
RH1 3,3.6181
RH1 4,1.8872
RH1 5,4.098
RH1 6,3.9844
RH1 9,0.1208
RH10 0,0.488
RH10 1,4.7395
RH10 2,0.2091
RH10 3,5.6146
RH10 4,1.8529
RH10 5,2.5772
RH10 6,5.6007
RH10 7,4.2095
RH10 8,1.5128
RH10 9,0.8905
RH11 0,3.4734
RH11 6,1.948
RH11 7,8.0305
RH11 8,8.066
RH11 9,7.9378
RH12 0,0.2739
RH12 1,7.2148
RH12 2,4.3792
RH12 3,3.9119
RH12 4,5.0808
RH12 5,3.3488
RH12 6,0.101
RH12 9,0.593
RH13 0,2.5094
RH13 5,4.664
RH13 6,4.5468
RH13 8,2.2921
RH13 9,3.5427
RH14 0,2.1225
RH14 4,0.0923
RH14 9,6.0166
RH15 0,5.0474
RH15 5,0.1656
RH15 8,4.2071
RH15 9,3.8409
RH16 1,1.6522
RH16 2,3.61
RH16 3,5.5548
RH16 4,4.2177
RH16 9,0.2875
RH17 5,2.3671
RH17 6,2.0929
RH17 7,1.8742
RH18 5,1.4824
RH19 1,2.5178
RH19 2,1.5977
RH19 3,3.8976
RH19 4,2.3106
RH19 9,0.8129
RH2 0,3.3161
RH2 2,0.3284
RH2 7,2.7541
RH2 8,1.9264
RH2 9,1.395
RH20 1,1.9427
RH20 2,2.5799
RH20 3,1.7744
RH20 4,2.0181
RH20 6,0.0694
RH20 9,0.0592
RH3 7,1.3638
RH4 1,2.4716
RH4 2,3.2432
RH4 3,2.7626
RH4 9,0.4679
RH5 4,3.0622
RH5 5,2.161
RH5 6,0.7725
RH6 0,2.2615
RH6 6,0.463
RH6 7,3.2013
RH6 8,3.9928
RH6 9,4.5286
RH7 6,2.6221
RH7 9,0.037
RH77 1,0.109
RH8 0,2.4914
RH8 8,0.2187
RH8 9,2.2752
RH9 8,1.469
RM1 1,2.7715
RM1 2,3.1502
RM1 3,1.7391
RM1 4,2.8695
RM10 7,8.4481
RM10 8,10.0799
RM10 9,7.1361
RM11 1,3.1092
RM11 2,3.6361
RM11 3,3.3258
RM12 4,4.287
RM12 5,2.8307
RM12 6,2.061
RM12 9,0.6351
RM13 0,0.275
RM13 7,3.9435
RM13 8,4.3686
RM13 9,5.5149
RM14 1,3.0982
RM14 2,1.8254
RM14 3,2.1971
RM14 9,0.0461
RM15 4,4.0826
RM15 5,5.9296
RM15 6,4.0289
RM15 9,0.0811
RM16 2,5.5244
RM16 3,1.809
RM16 4,5.627
RM16 5,0.5045
RM16 6,3.6562
RM17 5,5.2421
RM17 6,8.7374
RM17 9,1.4482
RM18 7,4.5824
RM18 8,6.893
RM19 1,4.5906
RM2 5,2.0956
RM2 6,2.6156
RM20 1,0.0297
RM20 2,0.3028
RM20 3,1.9293
RM20 4,1.6797
RM3 0,5.1976
RM3 3,0.1855
RM3 7,5.8089
RM3 8,9.9979
RM3 9,6.1138
RM4 1,2.0784
RM5 2,4.9679
RM5 3,5.5175
RM6 4,6.7585
RM6 5,7.5071
RM6 6,3.849
RM7 0,6.8955
RM7 1,1.2847
RM7 7,3.3846
RM7 8,2.9522
RM7 9,3.4088
RM8 1,7.3461
RM8 2,8.6451
RM8 3,6.0046
RM9 4,6.7556
RM9 5,5.4903
RM9 6,5.8323
RM9 9,0.7904
S1 1,0.4483
S1 2,1.9396
S1 3,0.4332
S1 4,7.138
S1 9,0.4336
S10 1,5.4365
S10 2,4.0507
S10 3,3.1738
S10 4,1.5653
S10 5,3.3478
S10 9,0.0417
S11 0,0.0425
S11 7,2.1118
S11 8,7.3234
S11 9,2.8063
S12 2,5.7193
S12 3,3.6616
S12 4,5.0364
S12 9,0.1442
S13 7,8.7427
S13 8,6.4635
S13 9,2.4794
S14 1,12.7707
S17 3,1.9097
S17 4,1.9594
S17 9,0.1833
S18 1,2.1952
S18 2,2.3553
S18 3,0.8684
S18 4,0.5933
S18 7,0.7356
S18 8,1.7779
S18 9,0.178
S2 1,7.8124
S2 2,7.2496
S2 3,5.7241
S2 4,4.5584
S2 5,4.2362
S2 9,0.2404
S20 1,3.47
S20 2,0.8723
S20 3,0.3785
S20 4,1.3439
S20 5,1.3529
S20 6,0.2741
S20 7,1.3786
S20 8,3.4303
S20 9,0.0312
S21 1,2.5003
S21 2,0.1247
S21 3,0.6346
S21 4,2.8813
S21 5,0.3613
S25 1,0.3365
S25 2,4.0732
S25 3,1.0167
S25 4,1.682
S25 5,0.4868
S25 9,0.0398
S26 1,0.6947
S26 2,2.53
S26 3,1.4751
S26 4,2.319
S26 5,1.4152
S26 6,1.1223
S26 7,0.5989
S3 7,8.3835
S3 8,3.4035
S3 9,4.677
S32 1,0.6052
S32 2,0.3386
S32 3,0.3747
S32 4,0.1367
S32 5,0.3031
S33 0,0.3936
S33 6,0.533
S33 7,0.0938
S33 8,0.2218
S33 9,0.1137
S35 0,2.3267
S35 1,2.7568
S35 2,1.2625
S35 3,1.3386
S35 4,3.2904
S35 5,0.2917
S35 7,0.7296
S35 8,1.8097
S35 9,1.6069
S36 0,0.0103
S36 1,3.7918
S36 2,1.3457
S36 3,0.0719
S36 4,0.1418
S36 6,1.1759
S36 7,0.3203
S36 8,0.2483
S36 9,0.2067
S4 7,5.6345
S4 8,4.8646
S40 1,1.3604
S40 2,7.6777
S40 3,1.9049
S40 4,5.5966
S40 9,0.6714
S41 0,3.3059
S41 7,4.6199
S41 8,7.5348
S41 9,3.9547
S42 5,5.6811
S42 6,2.86
S42 7,1.2502
S43 1,4.0696
S43 2,2.1853
S43 3,7.6816
S43 4,3.9306
S43 9,0.5205
S44 5,3.7118
S44 6,7.2447
S44 9,0.0517
S45 0,0.1151
S45 8,1.0669
S45 9,5.9742
S49 1,0.0978
S5 0,7.7753
S5 5,0.1667
S5 6,9.4189
S5 7,10.2976
S5 8,11.5072
S5 9,6.056
S6 1,4.6617
S6 2,4.0313
S6 3,5.8849
S6 4,3.8754
S6 5,5.4327
S6 6,2.5777
S6 9,0.1723
S60 1,3.1224
S60 2,5.7413
S60 3,1.5473
S60 4,1.3144
S60 5,4.0656
S60 8,1.0256
S60 9,1.1107
S61 1,4.6164
S61 2,3.6649
S61 3,3.8085
S61 4,6.7673
S62 5,2.2873
S62 6,3.6873
S62 7,3.9525
S63 0,5.6752
S63 3,0.2344
S63 5,0.1833
S63 6,3.9058
S63 7,2.6926
S63 8,2.7206
S63 9,6.8256
S64 0,3.4241
S64 5,0.5254
S64 8,4.1545
S64 9,3.8767
S65 1,5.8138
S65 2,6.883
S65 3,4.9229
S65 4,3.6284
S66 1,1.7582
S66 2,2.7882
S66 3,1.4391
S66 6,0.0283
S66 7,5.1019
S66 8,2.8261
S66 9,1.8854
S7 1,5.5709
S7 2,2.928
S70 1,4.6568
S70 2,1.57
S70 3,3.5837
S70 4,6.9703
S70 5,3.6381
S70 6,4.5933
S70 9,0.3511
S71 1,5.6926
S71 2,3.2545
S71 3,5.0157
S71 4,4.3385
S71 5,2.5704
S72 0,1.2245
S72 7,1.5253
S72 8,4.7044
S72 9,1.3814
S73 0,3.9871
S73 3,0.1304
S73 8,5.86
S73 9,2.8925
S74 0,2.878
S74 8,1.6767
S74 9,3.2046
S75 1,2.5432
S75 2,2.068
S75 3,3.0965
S75 4,1.3263
S75 5,2.6714
S75 6,1.9134
S8 0,3.9884
S8 2,0.1198
S8 7,7.8819
S8 8,10.4891
S8 9,2.6533
S80 1,3.1153
S80 2,10.8956
S80 3,1.9234
S80 4,4.1575
S80 9,0.443
S81 0,9.5291
S81 7,3.259
S81 8,1.7541
S81 9,3.9209
S9 1,5.9986
S9 2,1.2968
S9 3,2.025
S9 4,4.2885
S9 5,2.8047
S9 9,0.0481
S95 1,0.2733
S96 5,0.2402
S97 3,0.4183
S98 1,0.5531
S98 6,0.0174
S99 1,0.0621
S99 2,0.027
S99 3,0.0081
SA1 1,2.6543
SA1 2,2.6382
SA1 3,2.2843
SA1 4,1.7535
SA1 5,1.5604
SA1 6,4.3595
SA1 7,2.3004
SA1 8,2.7187
SA1 9,1.1261
SA10 6,4.1182
SA10 7,3.8608
SA10 8,2.6704
SA10 9,1.85
SA11 1,3.4426
SA11 2,3.6195
SA11 3,4.3756
SA11 4,1.6087
SA11 5,2.7048
SA11 9,0.177
SA12 6,4.0217
SA12 7,3.1208
SA12 8,2.4613
SA12 9,2.9761
SA13 1,3.0565
SA13 2,3.3943
SA13 3,2.5256
SA13 9,0.1448
SA14 6,2.8474
SA14 7,2.9921
SA14 8,4.8904
SA14 9,3.3139
SA15 1,3.7161
SA15 2,3.0082
SA15 3,3.5069
SA15 4,2.4935
SA15 5,3.3621
SA15 9,0.177
SA16 0,4.1665
SA17 4,3.1852
SA17 5,3.6356
SA18 1,3.6356
SA18 2,4.3917
SA18 3,4.2308
SA18 9,0.1609
SA19 0,0.1287
SA19 6,2.6704
SA19 7,3.9252
SA19 8,3.8126
SA19 9,2.8313
SA2 0,4.0217
SA2 7,3.7643
SA2 8,2.3809
SA2 9,2.2522
SA20 0,3.8126
SA3 1,1.9143
SA3 2,0.9813
SA3 3,1.4156
SA3 4,3.9252
SA3 5,3.3782
SA3 9,0.177
SA31 1,3.3461
SA31 2,2.413
SA31 3,3.2495
SA31 9,0.37
SA32 7,3.4908
SA32 8,2.9278
SA33 4,3.7804
SA33 5,3.0082
SA33 6,3.4587
SA34 0,3.7161
SA35 0,0.6756
SA36 0,0.177
SA37 0,0.9491
SA38 9,3.0565
SA39 9,1.8822
SA4 0,1.4478
SA4 3,4.9065
SA4 4,4.1504
SA4 5,0.2413
SA4 6,2.3165
SA4 8,2.783
SA4 9,2.413
SA40 9,1.7052
SA41 3,1.7696
SA42 0,2.4935
SA43 1,3.1691
SA43 2,3.7
SA43 3,2.1395
SA43 9,0.0161
SA44 4,3.5069
SA44 5,3.893
SA44 6,3.2013
SA44 9,0.0804
SA45 9,1.5122
SA46 0,2.0752
SA47 0,1.1422
SA48 7,2.9921
SA48 8,3.0565
SA48 9,0.0643
SA5 4,2.5739
SA5 5,2.3487
SA5 7,2.5256
SA5 8,2.3004
SA5 9,2.3165
SA6 5,3.2656
SA6 6,4.1504
SA6 7,2.22
SA6 8,2.6865
SA61 1,3.8448
SA61 2,3.4104
SA61 9,0.1448
SA62 3,4.2308
SA62 4,2.8474
SA62 5,4.3274
SA62 6,4.7456
SA63 4,1.4156
SA64 0,1.6891
SA65 0,0.0161
SA65 9,3.2174
SA66 7,2.6222
SA67 7,1.5122
SA67 8,4.1665
SA67 9,0.2091
SA68 0,2.4452
SA69 9,2.4935
SA7 0,0.7078
SA7 9,4.826
SA70 7,3.3139
SA70 8,3.4908
SA71 4,3.153
SA71 5,3.3782
SA72 4,0.6917
SA72 6,4.1826
SA72 9,0.0483
SA73 1,4.1504
SA73 2,2.8474
SA73 3,3.0726
SA73 9,0.0161
SA8 3,1.7374
SA8 4,3.1048
SA8 9,0.0965
SA80 8,0.0965
SA9 1,4.6813
SA9 2,4.1665
SA9 5,0.0322
SA99 1,1.0456
SE1 0,4.6617
SE1 1,3.3764
SE1 2,4.9986
SE1 3,7.2842
SE1 4,6.4428
SE1 5,13.1108
SE1 6,6.5802
SE1 7,4.5887
SE1 8,5.9814
SE1 9,2.9574
SE10 0,8.872
SE10 1,0.3902
SE10 8,5.8734
SE10 9,6.9703
SE11 4,5.887
SE11 5,5.1129
SE11 6,6.4747
SE11 9,0.1
SE12 0,6.1248
SE12 2,0.08
SE12 8,4.3617
SE12 9,5.5056
SE13 5,6.7425
SE13 6,11.8769
SE13 7,12.7557
SE13 9,0.2183
SE14 5,11.9843
SE14 6,9.701
SE14 9,0.4062
SE15 1,7.646
SE15 2,11.6813
SE15 3,13.2102
SE15 4,5.8356
SE15 5,7.8016
SE15 6,8.7213
SE15 9,0.6923
SE16 2,11.005
SE16 3,11.7304
SE16 4,5.9666
SE16 5,2.2513
SE16 6,2.1561
SE16 7,5.0856
SE16 9,0.0695
SE17 1,8.4967
SE17 2,22.703
SE17 3,7.4333
SE17 9,0.225
SE18 1,10.2169
SE18 2,8.4217
SE18 3,9.1886
SE18 4,5.752
SE18 5,10.1988
SE18 6,8.8324
SE18 7,9.8578
SE18 9,0.9905
SE19 1,6.5465
SE19 2,5.3309
SE19 3,6.7031
SE19 9,0.1934
SE1P 4,1.0028
SE1P 5,0.9963
SE2 0,7.0986
SE2 8,0.0938
SE2 9,11.5022
SE20 7,8.2509
SE20 8,11.0503
SE20 9,0.1103
SE21 7,1.5515
SE21 8,5.0731
SE21 9,0.11
SE22 0,4.4918
SE22 2,0.1213
SE22 8,6.0902
SE22 9,4.1493
SE23 1,5.5853
SE23 2,10.1381
SE23 3,10.3011
SE23 9,0.3043
SE24 0,5.3747
SE24 4,0.1829
SE24 9,4.3247
SE25 4,10.7576
SE25 5,11.6254
SE25 6,10.7897
SE25 9,0.4219
SE26 4,7.2455
SE26 5,7.2661
SE26 6,9.1898
SE26 9,0.2826
SE27 0,8.0654
SE27 7,0.225
SE27 9,6.0293
SE28 0,8.6601
SE28 8,15.2344
SE28 9,0.0781
SE3 0,2.9963
SE3 3,0.0759
SE3 7,5.2097
SE3 8,5.9012
SE3 9,5.3096
SE4 1,10.5515
SE4 2,7.0735
SE4 9,0.3673
SE5 0,10.6366
SE5 5,1.4475
SE5 7,9.0422
SE5 8,11.1122
SE5 9,7.3953
SE6 1,12.0962
SE6 2,8.5882
SE6 3,7.9607
SE6 4,9.8207
SE6 9,1.5814
SE7 7,7.8431
SE7 8,7.632
SE7 9,0.0929
SE8 3,8.7629
SE8 4,9.774
SE8 5,8.742
SE8 9,0.6169
SE9 1,3.1069
SE9 2,6.1189
SE9 3,6.3283
SE9 4,8.9846
SE9 5,4.0127
SE9 6,4.8054
SE9 9,0.27
SG1 1,4.9827
SG1 2,4.3745
SG1 3,3.9233
SG1 4,5.9963
SG1 5,6.0989
SG1 6,0.7902
SG1 9,0.1984
SG10 6,0.6571
SG11 1,2.5474
SG11 2,1.218
SG12 0,2.9377
SG12 4,0.2556
SG12 7,3.2055
SG12 8,2.0612
SG12 9,2.265
SG13 7,3.1114
SG13 8,2.4175
SG13 9,0.6534
SG14 1,2.692
SG14 2,3.2896
SG14 3,2.9776
SG15 6,1.5
SG16 6,1.4556
SG17 5,3.9235
SG17 9,0.3114
SG18 0,3.2947
SG18 1,0.1174
SG18 8,2.7546
SG18 9,1.6032
SG19 1,4.2197
SG19 2,3.5917
SG19 3,1.5023
SG19 9,0.2409
SG2 0,3.833
SG2 7,1.6485
SG2 8,5.9434
SG2 9,6.0226
SG3 6,1.562
SG4 0,1.8213
SG4 7,1.1629
SG4 8,2.7433
SG4 9,2.3943
SG5 1,2.2878
SG5 2,2.1088
SG5 3,1.9308
SG5 4,3.86
SG5 9,0.0927
SG6 1,3.6438
SG6 2,4.0945
SG6 3,2.5075
SG6 4,8.4339
SG6 9,0.6579
SG7 5,2.323
SG7 6,4.678
SG8 0,2.1056
SG8 1,0.1484
SG8 5,3.1897
SG8 6,2.1003
SG8 7,2.4556
SG8 8,0.9453
SG8 9,1.6983
SG9 0,1.8154
SG9 9,2.2045
SK1 1,2.3908
SK1 2,1.1466
SK1 3,6.9111
SK1 4,4.0168
SK1 9,1.4046
SK10 1,1.6501
SK10 2,4.1087
SK10 3,2.0719
SK10 4,2.4458
SK10 5,2.0324
SK10 9,0.4345
SK11 0,2.3874
SK11 6,0.8831
SK11 7,4.639
SK11 8,3.0015
SK11 9,0.9397
SK12 1,5.2442
SK12 2,1.3946
SK13 0,2.0537
SK13 1,2.5056
SK13 2,1.4697
SK13 5,0.4167
SK13 6,1.9762
SK13 7,1.9044
SK13 8,3.005
SK13 9,0.0602
SK14 1,4.2349
SK14 2,3.3692
SK14 3,4.6874
SK14 4,8.2996
SK14 5,4.3195
SK14 6,2.632
SK14 8,1.6472
SK14 9,0.7584
SK15 1,6.6854
SK15 2,3.6713
SK15 3,4.7859
SK15 9,0.0202
SK16 4,5.6706
SK16 5,4.9693
SK17 0,1.135
SK17 1,0.1178
SK17 6,5.0408
SK17 7,5.234
SK17 8,1.3188
SK17 9,4.322
SK2 5,6.7463
SK2 6,5.706
SK2 7,2.7302
SK2 9,0.1329
SK22 1,0.183
SK22 2,0.7758
SK22 3,0.5797
SK22 4,3.0109
SK22 9,0.0164
SK23 0,1.3513
SK23 6,0.4124
SK23 7,2.1801
SK23 9,0.6681
SK3 0,4.9733
SK3 3,0.1551
SK3 8,9.0751
SK3 9,5.3854
SK4 1,4.5706
SK4 2,6.4981
SK4 3,3.0406
SK4 4,4.3254
SK4 5,3.7019
SK4 9,0.3766
SK5 6,9.5877
SK5 7,6.6055
SK5 8,11.4891
SK5 9,0.1108
SK6 0,0.0116
SK6 1,2.9492
SK6 2,4.506
SK6 3,3.2886
SK6 4,4.1027
SK6 5,2.4749
SK6 6,4.2471
SK6 7,5.0541
SK6 8,1.4377
SK6 9,0.3136
SK7 0,0.1175
SK7 1,2.0989
SK7 2,2.3359
SK7 3,1.3537
SK7 4,3.9495
SK7 5,2.3611
SK7 6,2.9388
SK7 9,0.0443
SK8 1,4.0091
SK8 2,3.4482
SK8 3,5.1384
SK8 4,3.7036
SK8 5,4.0582
SK8 6,3.6567
SK8 7,2.4558
SK8 9,0.2216
SK9 0,0.1011
SK9 1,0.5124
SK9 2,2.1086
SK9 3,3.7421
SK9 4,2.6615
SK9 5,1.4311
SK9 6,1.6401
SK9 7,2.4978
SL0 0,2.2359
SL0 1,0.0079
SL0 9,1.5911
SL1 0,0.7218
SL1 1,3.5894
SL1 2,10.3649
SL1 3,9.361
SL1 4,1.9154
SL1 5,5.3598
SL1 6,2.367
SL1 7,2.5929
SL1 8,1.2267
SL1 9,1.1299
SL2 1,5.6283
SL2 2,3.8177
SL2 3,3.2997
SL2 4,1.7777
SL2 5,10.3254
SL3 0,2.1626
SL3 3,0.0792
SL3 6,1.7625
SL3 7,8.3331
SL3 8,10.3353
SL3 9,2.1552
SL4 1,1.1351
SL4 2,2.056
SL4 3,3.9313
SL4 4,4.3815
SL4 5,3.967
SL4 6,2.292
SL4 9,0.0455
SL5 0,0.9454
SL5 5,0.1486
SL5 7,2.1791
SL5 8,2.012
SL5 9,3.3944
SL6 0,1.8189
SL6 1,3.6928
SL6 2,3.4906
SL6 3,5.0332
SL6 4,3.6473
SL6 5,2.084
SL6 6,3.5293
SL6 7,5.3207
SL6 8,4.8343
SL6 9,1.6905
SL60 1,0.3221
SL7 1,2.4973
SL7 2,1.4155
SL7 3,2.4788
SL7 9,0.0723
SL8 5,2.5171
SL9 0,1.1233
SL9 1,0.2455
SL9 7,2.0686
SL9 8,2.0433
SL9 9,2.153
SL95 1,0.2561
SM1 1,4.5643
SM1 2,5.5812
SM1 3,4.8956
SM1 4,5.7366
SM1 9,0.4906
SM2 5,8.8093
SM2 6,5.8306
SM2 7,2.1298
SM3 8,4.1157
SM3 9,5.0453
SM4 4,4.488
SM4 5,4.2928
SM4 6,7.4445
SM4 9,0.5312
SM5 1,8.5041
SM5 2,6.1552
SM5 3,2.5485
SM5 4,1.3604
SM5 9,0.2308
SM6 0,4.0868
SM6 6,0.2115
SM6 7,3.5099
SM6 8,5.6493
SM6 9,5.2332
SM7 1,2.062
SM7 2,2.4298
SM7 3,1.3792
SM7 9,0.0946
SN1 1,2.1602
SN1 2,3.2428
SN1 3,3.7378
SN1 4,3.2373
SN1 5,4.7797
SN1 7,0.2591
SN10 1,2.8212
SN10 2,2.9005
SN10 3,3.5783
SN10 4,1.0155
SN10 5,2.7765
SN10 9,0.1125
SN11 0,2.2987
SN11 7,0.0545
SN11 8,2.6214
SN11 9,1.9363
SN12 6,2.5612
SN12 7,2.0387
SN12 8,1.9612
SN12 9,0.0363
SN13 0,1.9775
SN13 8,0.4415
SN13 9,3.9068
SN14 0,4.8917
SN14 6,1.3445
SN14 7,0.6123
SN14 8,1.6657
SN15 1,2.5068
SN15 2,1.3631
SN15 3,4.7621
SN15 4,1.5703
SN15 5,1.0884
SN15 9,0.9421
SN16 0,1.8848
SN16 1,0.0487
SN16 9,1.7664
SN2 1,6.4186
SN2 2,3.9792
SN2 5,4.2419
SN2 7,3.6288
SN2 8,1.7153
SN2 9,1.1307
SN25 1,2.6409
SN25 2,3.708
SN25 3,3.3185
SN25 4,0.6603
SN25 5,0.0396
SN25 6,0.0437
SN26 7,0.3619
SN26 8,0.0794
SN3 0,0.0062
SN3 1,3.6102
SN3 2,9.4573
SN3 3,7.5688
SN3 4,5.9558
SN3 5,1.8954
SN3 6,2.0856
SN3 9,0.1807
SN38 0,0.0341
SN38 1,0.1552
SN38 2,0.0856
SN38 3,0.0683
SN38 4,0.0761
SN38 5,0.0358
SN38 6,0.0358
SN38 7,0.028
SN38 8,0.0437
SN38 9,0.0061
SN4 0,1.6197
SN4 4,0.7605
SN4 7,2.0794
SN4 8,1.1907
SN4 9,2.1018
SN5 0,0.0099
SN5 1,0.0972
SN5 3,0.4471
SN5 4,1.2286
SN5 5,1.7325
SN5 6,1.7669
SN5 7,1.9978
SN5 8,3.8664
SN6 6,2.1388
SN6 7,4.4026
SN6 8,1.9418
SN7 7,4.2566
SN7 8,2.8693
SN7 9,0.0176
SN8 1,1.9759
SN8 2,1.9002
SN8 3,1.9727
SN8 4,1.8664
SN8 9,0.0293
SN9 5,1.8512
SN9 6,1.1833
SN99 8,0.1414
SO14 0,8.2734
SO14 1,4.1163
SO14 2,1.589
SO14 3,5.7342
SO14 5,3.0548
SO14 6,3.3505
SO14 7,1.1568
SO15 0,1.1271
SO15 1,1.7994
SO15 2,6.8413
SO15 3,4.988
SO15 4,1.3604
SO15 5,7.3863
SO15 7,1.0158
SO15 8,1.0161
SO15 9,0.3608
SO16 0,0.4747
SO16 2,1.0584
SO16 3,3.2728
SO16 4,6.657
SO16 5,4.1226
SO16 6,3.2703
SO16 7,1.4165
SO16 8,3.7446
SO16 9,8.856
SO17 1,3.3562
SO17 2,4.3192
SO17 3,2.8966
SO18 1,3.1432
SO18 2,4.3982
SO18 3,1.3593
SO18 4,1.8589
SO18 5,4.0549
SO18 6,1.3614
SO18 9,0.6977
SO19 0,2.2882
SO19 1,1.0082
SO19 2,2.0056
SO19 4,0.3509
SO19 5,0.8003
SO19 6,8.0564
SO19 7,2.6233
SO19 8,4.0398
SO19 9,9.0713
SO20 6,1.2642
SO20 8,0.6259
SO21 1,1.2812
SO21 2,1.494
SO21 3,1.992
SO22 4,4.0782
SO22 5,2.0199
SO22 6,3.2415
SO23 0,2.162
SO23 3,0.8499
SO23 5,0.4704
SO23 7,3.9207
SO23 8,3.2591
SO23 9,2.6303
SO24 0,1.3414
SO24 4,0.1154
SO24 9,1.6
SO25 1,0.0162
SO30 0,1.5626
SO30 2,2.9618
SO30 3,2.1822
SO30 4,1.4032
SO30 9,0.1471
SO31 0,0.1902
SO31 1,1.1196
SO31 4,1.0175
SO31 5,2.1875
SO31 6,3.8665
SO31 7,2.4742
SO31 8,1.973
SO31 9,1.4381
SO32 1,2.6695
SO32 2,1.7851
SO32 3,1.0714
SO40 0,0.3067
SO40 2,2.3912
SO40 3,2.8167
SO40 4,1.6227
SO40 7,0.9319
SO40 8,1.5657
SO40 9,1.5853
SO41 0,3.4465
SO41 1,0.4336
SO41 3,0.5022
SO41 5,0.4389
SO41 6,0.5155
SO41 8,2.4078
SO41 9,2.6132
SO42 7,1.3358
SO43 7,2.0246
SO45 1,2.44
SO45 2,2.2901
SO45 3,1.4585
SO45 4,0.617
SO45 5,1.9184
SO45 6,1.4029
SO45 9,0.1379
SO50 0,0.0758
SO50 4,2.0633
SO50 5,3.8426
SO50 6,2.4004
SO50 7,1.5606
SO50 8,0.9596
SO50 9,2.7464
SO51 0,1.8211
SO51 1,0.0857
SO51 5,1.2215
SO51 6,2.0346
SO51 7,3.1094
SO51 8,2.8115
SO51 9,0.501
SO52 9,1.3867
SO53 1,1.3845
SO53 2,2.1747
SO53 3,2.278
SO53 4,1.2099
SO53 5,0.9914
SO97 4,0.1953
SP1 1,2.1286
SP1 2,3.6166
SP1 3,5.94
SP10 1,3.07
SP10 2,4.2319
SP10 3,4.9382
SP10 4,2.0004
SP10 5,2.3709
SP10 9,0.7006
SP11 0,0.9357
SP11 6,3.879
SP11 7,1.1698
SP11 8,1.3745
SP11 9,3.0591
SP2 0,1.3557
SP2 2,0.2917
SP2 7,3.0837
SP2 8,3.1561
SP2 9,3.6218
SP3 4,0.5277
SP3 5,1.4783
SP3 6,2.2268
SP4 0,0.8423
SP4 4,0.0133
SP4 5,0.0435
SP4 6,1.4918
SP4 7,3.807
SP4 8,2.151
SP4 9,1.8429
SP5 1,1.5719
SP5 2,0.8765
SP5 3,1.4882
SP5 4,1.1914
SP5 5,0.7412
SP6 1,4.2658
SP6 2,1.3944
SP6 3,1.6517
SP6 9,0.1037
SP7 0,0.4958
SP7 7,0.1122
SP7 8,2.438
SP7 9,1.6512
SP8 4,4.9111
SP8 5,1.3958
SP8 9,0.0459
SP9 7,2.6267
SP9 9,0.0064
SR1 1,2.5807
SR1 2,4.6797
SR1 3,2.4146
SR2 0,4.0668
SR2 7,5.3048
SR2 8,11.685
SR2 9,2.7257
SR3 1,5.2931
SR3 2,2.6615
SR3 3,5.3507
SR3 4,4.3409
SR4 0,4.0479
SR4 6,8.0866
SR4 7,7.7716
SR4 8,4.5415
SR4 9,3.6466
SR5 1,3.1934
SR5 2,2.5684
SR5 3,4.9187
SR5 4,3.8837
SR5 5,5.6828
SR5 9,1.3578
SR6 0,3.0648
SR6 7,2.2617
SR6 8,1.0257
SR6 9,2.0175
SR7 0,2.052
SR7 1,0.1753
SR7 7,5.0902
SR7 8,3.3174
SR7 9,4.2448
SR8 1,1.712
SR8 2,4.1109
SR8 3,8.1157
SR8 4,9.1474
SR8 5,4.0638
SS0 0,4.6732
SS0 7,8.9814
SS0 8,3.6362
SS0 9,7.687
SS1 1,3.153
SS1 2,15.5856
SS1 3,3.611
SS1 9,1.2202
SS11 7,3.6373
SS11 8,2.3426
SS11 9,0.0922
SS12 0,2.1373
SS12 9,3.6499
SS13 1,9.4343
SS13 2,2.5811
SS13 3,9.455
SS14 0,1.3408
SS14 1,8.4142
SS14 2,6.8373
SS14 3,6.8227
SS15 4,1.7662
SS15 5,11.15
SS15 6,6.0055
SS16 4,9.5582
SS16 5,5.2274
SS16 6,2.6626
SS17 0,2.1697
SS17 1,0.0765
SS17 7,5.9401
SS17 8,1.772
SS17 9,1.7323
SS2 4,10.4481
SS2 5,7.9759
SS2 6,9.3013
SS22 8,0.0298
SS3 0,2.6739
SS3 3,0.0135
SS3 8,3.2758
SS3 9,9.3543
SS4 1,4.3326
SS4 2,0.5156
SS4 3,1.9365
SS4 9,0.3977
SS5 4,3.0908
SS5 5,2.2754
SS5 6,1.3996
SS5 9,0.0479
SS6 0,0.0459
SS6 7,2.2187
SS6 8,2.8216
SS6 9,3.1844
SS7 1,2.2352
SS7 2,2.8898
SS7 3,3.2124
SS7 4,2.6451
SS7 5,4.0975
SS7 9,0.2674
SS8 0,3.4552
SS8 1,0.1059
SS8 7,4.0016
SS8 8,2.5915
SS8 9,6.0957
SS9 0,0.0269
SS9 1,3.6933
SS9 2,2.5465
SS9 3,4.9542
SS9 4,4.5341
SS9 5,4.1331
SS99 1,0.1776
SS99 3,0.0099
SS99 5,0.0522
SS99 6,0.348
SS99 9,1.2901
ST1 1,1.6155
ST1 2,6.6609
ST1 3,8.5636
ST1 4,4.0707
ST1 5,4.6884
ST1 6,8.614
ST10 1,3.3928
ST10 2,2.1851
ST10 3,0.8816
ST10 4,2.6457
ST10 9,0.0481
ST11 9,3.6502
ST12 9,2.0975
ST13 5,4.261
ST13 6,3.3601
ST13 7,2.1183
ST13 8,4.4874
ST13 9,0.4814
ST14 5,1.5699
ST14 7,2.8458
ST14 8,3.1448
ST14 9,0.0859
ST15 0,5.4505
ST15 8,7.6705
ST15 9,0.0697
ST16 1,6.6056
ST16 2,5.2946
ST16 3,10.4341
ST16 9,1.1696
ST17 0,2.9316
ST17 4,9.1129
ST17 9,10.6119
ST18 0,4.2846
ST18 9,1.2725
ST19 5,4.1144
ST19 9,2.9231
ST2 0,10.1634
ST2 7,2.641
ST2 8,6.8436
ST2 9,5.1599
ST20 0,2.3514
ST21 6,2.689
ST3 1,3.2361
ST3 2,4.1279
ST3 3,7.8787
ST3 4,4.3641
ST3 5,5.4216
ST3 6,7.0212
ST3 7,7.3109
ST3 9,0.2653
ST4 1,2.0745
ST4 2,5.9631
ST4 3,6.528
ST4 4,5.3371
ST4 5,4.7678
ST4 6,3.9656
ST4 7,3.9829
ST4 8,3.7969
ST4 9,0.7518
ST5 0,5.4976
ST5 1,3.371
ST5 2,5.0031
ST5 3,3.0576
ST5 4,2.1061
ST5 5,0.9137
ST5 6,4.8567
ST5 7,5.3511
ST5 8,2.911
ST5 9,5.6185
ST55 9,0.6793
ST6 1,6.2103
ST6 2,4.7438
ST6 3,4.2799
ST6 4,5.0997
ST6 5,10.1189
ST6 6,8.0991
ST6 7,5.4477
ST6 8,6.843
ST6 9,0.1067
ST7 1,4.8014
ST7 2,3.4768
ST7 3,1.4885
ST7 4,5.6197
ST7 8,2.625
ST7 9,0.0333
ST8 6,5.1542
ST8 7,3.436
ST8 9,0.1184
ST9 0,1.4274
ST9 9,0.8493
SW10 0,8.5603
SW10 1,0.1678
SW10 9,6.3424
SW11 1,4.7904
SW11 2,10.6444
SW11 3,9.0916
SW11 4,5.1364
SW11 5,10.8101
SW11 6,4.7917
SW11 7,0.9574
SW11 8,1.3939
SW11 9,0.7792
SW12 0,4.192
SW12 2,0.1594
SW12 8,6.3845
SW12 9,5.1395
SW13 0,3.4233
SW13 3,0.1169
SW13 8,0.5565
SW13 9,3.6471
SW14 7,2.9016
SW14 8,3.1362
SW14 9,0.1461
SW15 1,3.0846
SW15 2,5.5684
SW15 3,5.8915
SW15 4,10.673
SW15 5,8.099
SW15 6,3.258
SW15 9,0.2083
SW16 1,7.2836
SW16 2,8.8845
SW16 3,5.7646
SW16 4,9.4006
SW16 5,10.8188
SW16 6,7.2391
SW16 9,0.7175
SW17 0,9.6609
SW17 1,0.27
SW17 6,1.2557
SW17 7,6.6504
SW17 8,7.3328
SW17 9,8.719
SW18 1,5.8739
SW18 2,5.4617
SW18 3,4.6143
SW18 4,6.6084
SW18 5,3.3854
SW18 9,0.2164
SW19 1,5.3861
SW19 2,4.7885
SW19 3,3.9997
SW19 4,3.2566
SW19 5,2.0049
SW19 6,6.8054
SW19 7,2.6589
SW19 8,4.492
SW19 9,0.0827
SW1A 0,0.0144
SW1A 1,0.209
SW1A 2,0.2797
SW1E 5,0.3703
SW1E 6,0.3894
SW1H 0,0.5035
SW1H 9,0.3347
SW1P 1,2.0641
SW1P 2,2.769
SW1P 3,0.7392
SW1P 4,5.0024
SW1P 9,0.6106
SW1V 1,1.8998
SW1V 2,6.4014
SW1V 3,8.068
SW1V 4,4.9196
SW1W 0,0.7646
SW1W 8,3.3891
SW1W 9,1.4624
SW1X 0,1.1622
SW1X 7,1.063
SW1X 8,1.4605
SW1X 9,1.4452
SW1Y 4,0.2382
SW1Y 5,0.1408
SW1Y 6,0.2078
SW2 1,7.1587
SW2 2,7.0638
SW2 3,9.0586
SW2 4,6.4886
SW2 5,5.2645
SW2 9,0.378
SW20 0,5.9705
SW20 2,0.0709
SW20 8,4.8809
SW20 9,2.9851
SW3 1,0.9939
SW3 2,2.1105
SW3 3,2.6277
SW3 4,1.9605
SW3 5,4.6906
SW3 6,3.112
SW3 9,0.1131
SW4 0,3.6988
SW4 4,0.1012
SW4 6,7.0628
SW4 7,7.8439
SW4 8,7.0811
SW4 9,5.3424
SW5 0,5.1382
SW5 5,0.0599
SW5 9,5.895
SW6 1,6.9451
SW6 2,9.7122
SW6 3,4.4435
SW6 4,4.949
SW6 5,3.6792
SW6 6,4.8701
SW6 7,5.5167
SW6 9,0.25
SW7 1,2.7354
SW7 2,2.1925
SW7 3,1.7073
SW7 4,4.1603
SW7 5,2.5283
SW7 9,0.3023
SW8 1,7.6409
SW8 2,6.8673
SW8 3,4.7082
SW8 4,7.2874
SW8 5,0.5705
SW8 9,0.2652
SW9 0,6.5979
SW9 1,0.6274
SW9 6,7.2543
SW9 7,7.5394
SW9 8,5.8171
SW9 9,9.0152
SW95 9,0.0818
SY1 1,1.8035
SY1 2,5.1016
SY1 3,3.6847
SY1 4,4.332
SY1 9,0.1998
SY10 0,2.3648
SY10 1,0.191
SY10 7,2.473
SY10 8,1.2289
SY10 9,2.1415
SY11 1,2.8579
SY11 2,4.8074
SY11 3,1.8587
SY11 4,2.1313
SY12 0,0.9393
SY12 2,0.0112
SY12 9,0.4421
SY13 1,5.1464
SY13 2,2.4398
SY13 3,2.0113
SY13 4,1.3835
SY13 9,0.1264
SY14 7,1.3504
SY14 8,1.7432
SY15 6,3.3963
SY16 1,2.8152
SY16 2,2.8956
SY16 3,2.7669
SY16 4,2.4452
SY16 9,0.0965
SY17 5,2.8635
SY18 6,3.5874
SY19 7,0.8848
SY2 5,5.6809
SY2 6,2.148
SY20 8,3.7959
SY20 9,2.8928
SY21 0,3.2013
SY21 1,0.0161
SY21 7,4.1182
SY21 8,3.6426
SY21 9,2.7669
SY22 5,1.8178
SY22 6,4.7232
SY23 1,3.1048
SY23 2,1.7696
SY23 3,4.826
SY23 4,3.8126
SY23 5,2.2361
SY23 9,0.2413
SY24 5,2.3326
SY25 6,3.4908
SY3 0,1.5601
SY3 5,1.4502
SY3 6,1.067
SY3 7,3.7547
SY3 8,3.5843
SY3 9,1.4037
SY4 1,1.2806
SY4 2,0.9852
SY4 3,1.8578
SY4 4,2.0417
SY4 5,5.2247
SY4 9,0.0035
SY5 0,2.1193
SY5 6,1.1514
SY5 7,1.3155
SY5 8,1.4471
SY5 9,1.6928
SY6 6,2.2262
SY6 7,1.1587
SY6 9,0.0047
SY7 0,2.1244
SY7 7,0.0421
SY7 8,1.9349
SY7 9,2.676
SY8 1,2.814
SY8 2,1.8391
SY8 3,0.9339
SY8 4,1.3877
SY8 9,0.0476
SY9 5,1.2871
SY99 8,0.0284
TA1 1,4.4162
TA1 2,6.6684
TA1 3,4.3894
TA1 4,2.9683
TA1 5,2.2768
TA1 9,0.8212
TA10 0,1.6652
TA10 1,0.0136
TA10 9,1.6321
TA11 6,1.9272
TA11 7,1.5032
TA11 9,0.0404
TA12 6,1.638
TA13 5,1.5259
TA14 6,1.2397
TA15 6,0.0979
TA16 5,0.3099
TA17 8,0.1146
TA18 7,1.2845
TA18 8,2.3748
TA18 9,0.1222
TA19 0,2.025
TA19 9,2.3197
TA2 6,3.5967
TA2 7,6.6988
TA2 8,3.6416
TA20 1,3.1691
TA20 2,4.1313
TA20 3,0.742
TA20 4,1.2098
TA20 9,0.3355
TA21 0,1.7631
TA21 1,0.1333
TA21 8,2.4743
TA21 9,2.691
TA22 9,1.0668
TA23 0,3.4024
TA24 5,3.04
TA24 6,2.8394
TA24 7,1.1341
TA24 8,2.6109
TA24 9,0.05
TA3 5,1.1433
TA3 6,2.5068
TA3 7,1.7714
TA4 1,2.3405
TA4 2,0.9777
TA4 3,1.4093
TA4 4,2.3669
TA4 9,0.2586
TA5 1,2.3575
TA5 2,1.7447
TA6 3,5.0752
TA6 4,6.5274
TA6 5,5.1772
TA6 6,5.7758
TA6 7,3.4668
TA6 9,0.7917
TA7 0,1.5951
TA7 8,2.713
TA7 9,1.8484
TA8 1,2.7016
TA8 2,2.1517
TA8 9,0.0804
TA9 3,4.0956
TA9 4,1.4623
TD1 1,3.9109
TD1 2,4.7173
TD1 3,4.0722
TD1 9,0.0806
TD10 6,0.8467
TD11 3,5.9276
TD11 9,0.0605
TD12 4,3.2451
TD13 5,0.8286
TD14 5,5.181
TD15 1,4.5459
TD15 2,3.9681
TD15 9,0.1004
TD2 6,2.1772
TD3 6,0.9072
TD4 6,2.1571
TD5 7,5.1004
TD5 8,3.9546
TD5 9,0.121
TD6 0,3.165
TD6 6,0.7257
TD6 9,4.5359
TD7 4,3.3666
TD7 5,2.5401
TD7 9,0.0202
TD8 6,5.3624
TD9 0,4.2808
TD9 1,0.0605
TD9 7,2.7215
TD9 8,4.3343
TD9 9,3.7295
TF1 1,3.0112
TF1 2,3.5399
TF1 3,3.181
TF1 5,4.687
TF1 6,3.8711
TF1 7,0.432
TF1 9,0.1562
TF10 7,5.4512
TF10 8,0.9373
TF10 9,0.8515
TF11 8,3.064
TF11 9,1.7926
TF12 5,2.1125
TF13 6,2.129
TF2 0,0.6736
TF2 2,0.7039
TF2 5,0.0882
TF2 6,3.0845
TF2 7,3.1009
TF2 8,2.5688
TF2 9,5.1945
TF3 1,7.3763
TF3 2,2.2138
TF3 3,0.1149
TF3 4,0.5167
TF3 5,2.0693
TF4 2,5.432
TF4 3,5.7078
TF5 0,1.9837
TF6 5,1.0305
TF6 6,1.7009
TF7 4,5.789
TF7 5,8.4604
TF7 9,1.1914
TF8 7,0.8002
TF9 1,2.0755
TF9 2,1.3412
TF9 3,2.921
TF9 4,1.5638
TF9 9,0.125
TN1 1,1.8152
TN1 2,2.5325
TN10 3,3.8658
TN10 4,2.805
TN11 0,2.215
TN11 8,0.7754
TN11 9,1.6966
TN12 0,1.5815
TN12 5,0.9724
TN12 6,2.5633
TN12 7,1.1314
TN12 8,0.6094
TN12 9,1.759
TN13 1,1.7225
TN13 2,2.532
TN13 3,2.6364
TN13 9,0.221
TN14 5,1.7107
TN14 6,1.0077
TN14 7,1.6966
TN15 0,1.061
TN15 6,2.0404
TN15 7,1.7612
TN15 8,0.9898
TN15 9,0.0979
TN16 1,1.2046
TN16 2,0.7523
TN16 3,4.5149
TN16 9,0.1301
TN17 1,0.7054
TN17 2,1.2089
TN17 3,1.0318
TN17 4,1.0993
TN17 9,0.0686
TN18 4,1.2966
TN18 5,0.6192
TN19 7,2.3846
TN2 3,3.8066
TN2 4,1.7588
TN2 5,1.816
TN2 9,0.1799
TN20 6,1.7734
TN21 0,3.6563
TN21 1,0.1283
TN21 8,2.6712
TN21 9,1.0729
TN22 1,2.1273
TN22 2,0.6565
TN22 3,1.8982
TN22 4,1.3447
TN22 5,3.4061
TN22 9,0.115
TN23 1,0.7136
TN23 3,2.5812
TN23 4,1.9647
TN23 5,4.7022
TN23 6,0.597
TN23 7,0.6751
TN23 8,0.1955
TN23 9,0.1332
TN24 0,5.0681
TN24 8,1.4825
TN24 9,2.8378
TN25 4,1.4866
TN25 5,0.6052
TN25 6,1.2277
TN25 7,0.5297
TN26 1,1.2288
TN26 2,0.8456
TN26 3,1.1284
TN27 0,2.1151
TN27 8,1.2987
TN27 9,1.186
TN28 8,1.5854
TN28 9,0.0045
TN29 0,3.1891
TN29 9,2.4562
TN3 0,1.4243
TN3 8,0.7691
TN3 9,1.4253
TN30 6,1.4697
TN30 7,0.6872
TN30 9,0.0149
TN31 6,3.2404
TN31 7,6.163
TN31 9,0.0608
TN32 5,1.9026
TN33 0,4.2015
TN33 3,0.122
TN33 9,1.9915
TN34 1,6.2408
TN34 2,5.079
TN34 3,12.5647
TN34 9,1.2012
TN35 4,4.6866
TN35 5,5.9262
TN36 4,1.3235
TN37 6,15.527
TN37 7,5.6948
TN38 0,13.7448
TN38 1,0.2961
TN38 8,1.6223
TN38 9,10.3876
TN39 3,4.8405
TN39 4,2.6657
TN39 5,5.2579
TN4 0,2.2932
TN4 8,2.6076
TN4 9,2.64
TN40 1,5.0567
TN40 2,6.0179
TN40 9,1.2681
TN5 6,2.9012
TN5 7,1.6602
TN6 1,3.8063
TN6 2,5.6982
TN6 3,2.1153
TN6 9,0.1809
TN7 4,0.8097
TN8 5,2.3458
TN8 6,2.1394
TN8 7,0.7533
TN8 9,0.1172
TN9 1,1.9744
TN9 2,2.119
TN9 9,0.1453
TQ1 1,7.3267
TQ1 2,3.6567
TQ1 3,8.1502
TQ1 4,6.8406
TQ1 9,0.7995
TQ10 9,1.4152
TQ11 0,1.7605
TQ12 1,5.5401
TQ12 2,3.1206
TQ12 3,4.9692
TQ12 4,4.5809
TQ12 5,3.2214
TQ12 6,2.811
TQ12 9,0.5337
TQ13 0,2.2667
TQ13 7,3.4114
TQ13 8,1.6266
TQ13 9,2.4237
TQ14 0,0.625
TQ14 4,0.1552
TQ14 8,3.8559
TQ14 9,4.6674
TQ2 5,6.3517
TQ2 6,3.5938
TQ2 7,7.0198
TQ2 8,5.1491
TQ3 1,1.9035
TQ3 2,5.233
TQ3 3,10.0397
TQ4 5,5.4276
TQ4 6,2.5076
TQ4 7,5.0764
TQ4 9,0.4596
TQ5 0,1.2973
TQ5 5,0.0814
TQ5 8,3.2949
TQ5 9,4.3038
TQ6 0,1.6506
TQ6 6,0.0477
TQ6 9,4.0457
TQ7 1,2.9823
TQ7 2,2.1395
TQ7 3,1.9427
TQ7 4,1.5687
TQ7 9,0.0504
TQ8 8,1.2879
TQ9 5,5.6338
TQ9 6,1.9145
TQ9 7,2.5388
TQ9 9,0.4492
TR1 1,3.3019
TR1 2,2.4937
TR1 3,5.3691
TR1 9,0.674
TR10 8,2.7126
TR10 9,0.8534
TR11 2,4.1651
TR11 3,2.4547
TR11 4,4.0845
TR11 5,2.6372
TR11 9,0.0966
TR12 6,2.7253
TR12 7,3.1459
TR13 0,1.5959
TR13 3,0.0225
TR13 8,4.6116
TR13 9,2.7803
TR14 0,2.6292
TR14 4,0.0568
TR14 7,4.486
TR14 8,5.5269
TR14 9,1.5873
TR15 1,4.6783
TR15 2,2.5712
TR15 3,3.1736
TR15 9,0.0921
TR16 4,3.0788
TR16 5,3.1502
TR16 6,2.3328
TR17 0,1.1148
TR18 2,5.7413
TR18 3,3.7161
TR18 4,2.3779
TR18 5,1.471
TR18 9,0.2336
TR19 6,1.5328
TR19 7,2.5676
TR2 4,2.0925
TR2 5,1.8314
TR20 8,1.4651
TR20 9,1.8237
TR21 0,0.8721
TR22 0,0.0118
TR23 0,0.0118
TR24 0,0.2132
TR25 0,0.0355
TR26 1,1.7405
TR26 2,2.5051
TR26 3,1.0256
TR26 9,0.029
TR27 4,2.9465
TR27 5,2.3027
TR27 6,0.7917
TR27 9,0.165
TR3 6,2.5817
TR3 7,1.2227
TR4 8,3.7556
TR4 9,2.2012
TR5 0,0.8764
TR6 0,2.5265
TR7 1,4.9861
TR7 2,5.2387
TR7 3,2.4162
TR7 9,0.1261
TR8 4,1.9565
TR8 5,1.8863
TR9 6,4.0158
TS1 1,0.8277
TS1 2,1.763
TS1 3,5.4504
TS1 4,9.8466
TS1 5,1.3856
TS1 9,1.1481
TS10 1,2.252
TS10 2,1.4546
TS10 3,2.0396
TS10 4,4.6128
TS10 5,1.8708
TS10 9,0.29
TS11 6,1.0266
TS11 7,1.4339
TS11 8,0.6811
TS12 1,1.7917
TS12 2,5.5558
TS12 3,1.5483
TS12 9,0.0298
TS13 4,3.1699
TS13 5,1.1716
TS14 6,2.3871
TS14 7,0.9143
TS14 8,1.126
TS14 9,0.0216
TS15 0,0.5136
TS15 9,2.0521
TS16 0,1.8936
TS16 9,0.6938
TS17 0,2.1103
TS17 5,0.977
TS17 6,3.726
TS17 7,2.1047
TS17 8,2.3111
TS17 9,2.8994
TS18 1,4.435
TS18 2,2.3851
TS18 3,5.531
TS18 4,1.9683
TS18 5,1.3074
TS19 0,5.7753
TS19 1,1.7597
TS19 7,1.5653
TS19 8,4.7763
TS19 9,2.5085
TS2 1,1.0041
TS20 1,3.1664
TS20 2,5.1497
TS21 1,1.2074
TS21 2,0.6352
TS21 3,0.8092
TS21 4,0.5063
TS22 5,1.2436
TS23 1,1.8633
TS23 2,2.8988
TS23 3,3.4691
TS23 4,0.8238
TS24 0,3.6462
TS24 4,0.648
TS24 7,2.5563
TS24 8,4.3898
TS24 9,3.8518
TS25 1,3.7191
TS25 2,1.5521
TS25 3,2.6752
TS25 4,3.8716
TS25 5,6.1783
TS26 0,2.6366
TS26 8,5.4618
TS26 9,3.6913
TS27 3,0.6615
TS27 4,5.4743
TS28 5,3.8171
TS29 6,2.4384
TS3 0,4.776
TS3 6,4.388
TS3 7,4.1064
TS3 8,3.0723
TS3 9,4.9967
TS4 2,5.8026
TS4 3,5.8723
TS5 4,2.7255
TS5 5,1.8847
TS5 6,2.8373
TS5 7,1.3515
TS5 8,1.2294
TS6 0,4.0127
TS6 6,2.6401
TS6 7,4.1755
TS6 8,1.8016
TS6 9,4.1188
TS7 0,0.8132
TS7 8,2.2446
TS7 9,3.0175
TS8 0,1.6024
TS8 8,0.1286
TS8 9,5.968
TS9 5,1.0971
TS9 6,1.3689
TS9 7,0.4841
TW1 1,3.2897
TW1 2,2.5354
TW1 3,1.7536
TW1 4,2.058
TW1 9,0.9004
TW10 5,1.748
TW10 6,3.453
TW10 7,3.3211
TW11 0,2.9137
TW11 1,0.1835
TW11 8,2.6368
TW11 9,3.3861
TW12 1,2.6616
TW12 2,3.0547
TW12 3,3.9121
TW12 9,0.3354
TW13 4,8.4132
TW13 5,5.0107
TW13 6,5.5361
TW13 7,2.3559
TW13 9,0.6071
TW14 0,3.8866
TW14 8,6.055
TW14 9,7.2067
TW15 1,4.2703
TW15 2,3.5963
TW15 3,3.9791
TW16 5,1.339
TW16 6,1.9479
TW16 7,5.0963
TW16 9,0.0972
TW17 0,4.7039
TW17 7,0.0373
TW17 8,2.0896
TW17 9,1.1891
TW18 1,3.1941
TW18 2,2.6295
TW18 3,1.6413
TW18 4,3.8863
TW18 9,0.2479
TW19 5,1.0084
TW19 6,0.5765
TW19 7,6.523
TW2 5,3.7393
TW2 6,3.6701
TW2 7,3.0356
TW20 0,4.5128
TW20 2,0.0444
TW20 8,2.1881
TW20 9,3.5231
TW3 1,6.7105
TW3 2,4.2584
TW3 3,8.3393
TW3 4,3.928
TW3 9,1.1819
TW4 5,6.9961
TW4 6,2.3402
TW4 7,4.978
TW5 0,5.8963
TW5 9,8.4207
TW6 1,0.2565
TW6 2,0.8465
TW6 3,0.2608
TW7 4,6.417
TW7 5,3.9933
TW7 6,5.2119
TW7 7,5.0471
TW7 9,0.2258
TW8 0,6.2426
TW8 1,0.1613
TW8 8,2.1161
TW8 9,3.8343
TW9 1,2.3394
TW9 2,3.3581
TW9 3,1.8985
TW9 4,2.8964
TW9 9,0.1576
UB1 1,5.3633
UB1 2,8.2432
UB1 3,6.6617
UB1 9,0.0769
UB10 0,6.9914
UB10 8,3.6347
UB10 9,4.5128
UB11 1,0.5508
UB18 7,0.6838
UB18 9,0.6176
UB2 4,9.7171
UB2 5,8.4255
UB3 1,6.1813
UB3 2,9.5035
UB3 3,3.7747
UB3 4,5.7873
UB3 5,4.686
UB3 9,0.8654
UB4 0,7.4907
UB4 8,7.4274
UB4 9,6.5738
UB5 4,7.7791
UB5 5,7.775
UB5 6,10.8255
UB5 9,0.3549
UB6 0,6.4858
UB6 7,4.8869
UB6 8,5.0816
UB6 9,6.0703
UB7 0,1.4454
UB7 7,6.4015
UB7 8,4.5343
UB7 9,6.4904
UB8 1,3.1176
UB8 2,5.2202
UB8 3,7.9084
UB8 9,0.6308
UB9 4,1.1811
UB9 5,1.9367
UB9 6,3.1252
W10 4,8.1119
W10 5,13.025
W10 6,10.9282
W10 9,0.0191
W11 1,7.5712
W11 2,7.3708
W11 3,3.7345
W11 4,12.8632
W11 9,0.0691
W12 0,8.5764
W12 2,0.0485
W12 6,0.0059
W12 7,11.4873
W12 8,7.575
W12 9,9.7454
W13 0,6.8953
W13 3,0.0221
W13 8,4.2598
W13 9,5.3438
W14 0,7.2437
W14 4,0.1988
W14 8,6.0797
W14 9,8.519
W1A 0,0.0114
W1A 1,0.0447
W1A 2,0.0539
W1A 3,0.0597
W1A 4,0.0539
W1A 5,0.0397
W1A 6,0.088
W1A 7,0.0511
W1A 8,0.0454
W1A 9,0.0268
W1B 1,0.3235
W1B 2,0.1476
W1B 3,0.0755
W1B 4,0.1175
W1B 5,0.1702
W1C 1,0.2373
W1C 2,0.1633
W1D 1,0.1675
W1D 2,0.1952
W1D 3,0.47
W1D 4,0.5101
W1D 5,0.5872
W1D 6,0.861
W1D 7,0.1995
W1F 0,0.3292
W1F 7,0.3228
W1F 8,0.6192
W1F 9,0.3228
W1G 0,0.2734
W1G 6,0.6761
W1G 7,0.3549
W1G 8,0.6159
W1G 9,0.6834
W1H 1,1.1172
W1H 2,0.9634
W1H 4,0.675
W1H 5,1.2958
W1H 6,0.1136
W1H 7,1.3713
W1J 0,0.224
W1J 5,0.4908
W1J 6,0.2001
W1J 7,0.6928
W1J 8,0.2768
W1J 9,0.107
W1K 1,0.2745
W1K 2,0.7048
W1K 3,0.3587
W1K 4,0.2305
W1K 5,0.2884
W1K 6,0.3963
W1K 7,0.4183
W1S 1,0.2558
W1S 2,0.2578
W1S 3,0.2152
W1S 4,0.5062
W1T 1,0.7648
W1T 2,0.6125
W1T 3,0.4987
W1T 4,0.5351
W1T 5,0.9531
W1T 6,0.4905
W1T 7,0.4092
W1U 1,0.279
W1U 2,0.3141
W1U 3,0.3165
W1U 4,0.6838
W1U 5,0.6138
W1U 6,1.1404
W1U 7,0.3437
W1U 8,0.2852
W1W 5,0.9567
W1W 6,1.1605
W1W 7,1.0398
W1W 8,0.751
W2 1,6.0734
W2 2,4.9244
W2 3,4.8595
W2 4,5.1243
W2 5,9.5109
W2 6,7.6534
W2 7,0.3997
W3 0,2.0265
W3 3,0.1531
W3 6,9.4133
W3 7,8.3753
W3 8,9.4178
W3 9,4.8188
W4 1,3.137
W4 2,4.6571
W4 3,6.6271
W4 4,3.5395
W4 5,4.8647
W4 9,0.2018
W5 1,3.6433
W5 2,6.7139
W5 3,4.9508
W5 4,5.0281
W5 5,2.1722
W5 9,0.5118
W6 0,7.2559
W6 6,0.5986
W6 7,4.2074
W6 8,4.4449
W6 9,4.3583
W7 1,5.7114
W7 2,2.4866
W7 3,5.3064
W7 9,0.0625
W8 4,2.3107
W8 5,3.0491
W8 6,3.3697
W8 7,2.9001
W8 9,0.3115
W9 1,6.6298
W9 2,8.1916
W9 3,11.0894
W9 4,0.1159
WA1 1,0.7936
WA1 2,2.9042
WA1 3,3.8776
WA1 4,1.9742
WA1 9,0.1572
WA10 1,3.4603
WA10 2,5.1114
WA10 3,6.3313
WA10 4,3.7478
WA10 5,1.8133
WA10 6,2.3781
WA10 9,0.757
WA11 0,7.6773
WA11 7,4.2021
WA11 8,2.4974
WA11 9,6.5045
WA12 0,3.1683
WA12 2,0.1134
WA12 8,3.4862
WA12 9,5.5519
WA13 0,2.1125
WA13 9,1.4264
WA14 1,3.0691
WA14 2,3.6626
WA14 3,1.1555
WA14 4,3.1124
WA14 5,3.757
WA15 0,2.0677
WA15 5,0.6919
WA15 6,3.5559
WA15 7,8.4022
WA15 8,3.1302
WA15 9,1.8903
WA16 0,1.8138
WA16 1,0.1424
WA16 6,0.8682
WA16 7,1.6783
WA16 8,2.6005
WA16 9,0.8748
WA2 0,6.7398
WA2 7,6.9246
WA2 8,3.419
WA2 9,5.2758
WA3 1,1.6283
WA3 2,1.9429
WA3 3,4.6747
WA3 4,0.7027
WA3 5,1.8402
WA3 6,3.5269
WA3 7,1.2535
WA3 9,0.1411
WA4 1,6.0094
WA4 2,3.0062
WA4 3,0.8714
WA4 4,1.0366
WA4 5,0.99
WA4 6,2.9327
WA4 9,0.1269
WA5 0,2.9317
WA5 1,4.4815
WA5 2,2.655
WA5 3,3.1843
WA5 4,1.588
WA5 7,0.6295
WA5 8,1.8358
WA5 9,1.1319
WA55 1,0.0355
WA6 0,0.8621
WA6 1,0.1892
WA6 6,1.0912
WA6 7,1.7675
WA6 8,0.4173
WA6 9,0.5804
WA7 1,3.9532
WA7 2,5.9564
WA7 3,0.8639
WA7 4,3.0734
WA7 5,6.6978
WA7 6,5.4835
WA7 9,0.3732
WA8 0,2.8224
WA8 2,0.5688
WA8 3,2.6584
WA8 4,2.7482
WA8 5,0.8836
WA8 6,3.564
WA8 7,3.6645
WA8 8,5.7126
WA8 9,1.6851
WA88 1,0.2993
WA9 1,5.55
WA9 2,6.0042
WA9 3,6.6029
WA9 4,8.312
WA9 5,6.806
WC1A 1,0.2725
WC1A 2,0.2898
WC1A 9,0.1674
WC1B 3,0.3747
WC1B 4,0.0682
WC1B 5,0.1436
WC1E 6,0.3883
WC1E 7,0.3513
WC1H 0,0.608
WC1H 8,1.6729
WC1H 9,1.9453
WC1N 1,1.8788
WC1N 2,0.6654
WC1N 3,1.0516
WC1R 4,0.134
WC1R 5,0.0948
WC1V 6,0.1377
WC1V 7,0.1697
WC1X 0,1.5046
WC1X 8,1.6758
WC1X 9,3.062
WC2A 1,0.0857
WC2A 2,0.116
WC2A 3,0.1946
WC2B 4,0.3085
WC2B 5,0.7061
WC2B 6,0.1829
WC2E 7,0.3968
WC2E 8,0.2565
WC2E 9,0.5039
WC2H 0,0.3408
WC2H 7,0.5521
WC2H 8,0.3044
WC2H 9,0.8381
WC2N 4,0.3619
WC2N 5,0.1666
WC2N 6,0.3054
WC2R 0,0.3738
WC2R 1,0.1589
WC2R 2,0.06
WC2R 3,0.1028
WD17 1,2.2441
WD17 2,2.8303
WD17 3,1.1846
WD17 4,2.8135
WD18 0,5.0339
WD18 1,0.5685
WD18 6,2.647
WD18 7,4.5508
WD18 8,0.372
WD18 9,0.2984
WD19 4,4.5634
WD19 5,2.2307
WD19 6,2.8757
WD19 7,3.1023
WD23 1,2.6859
WD23 2,2.2888
WD23 3,3.1784
WD23 4,1.9436
WD23 9,0.1512
WD24 4,1.0314
WD24 5,2.7696
WD24 6,1.9779
WD24 7,1.5717
WD25 0,2.4877
WD25 7,2.8325
WD25 8,0.6447
WD25 9,6.24
WD3 0,0.037
WD3 1,1.5062
WD3 3,2.8879
WD3 4,1.3179
WD3 5,1.2917
WD3 6,0.4486
WD3 7,0.8843
WD3 8,2.0495
WD3 9,0.6591
WD4 4,0.0578
WD4 8,3.0725
WD4 9,0.6997
WD5 0,4.3503
WD5 5,0.0222
WD6 1,4.6991
WD6 2,4.236
WD6 3,2.1202
WD6 4,5.1022
WD6 5,4.3246
WD6 9,0.932
WD7 0,0.108
WD7 7,1.3896
WD7 8,2.6189
WD7 9,1.3306
WD99 1,0.0933
WF1 1,1.4768
WF1 2,2.6199
WF1 3,3.9096
WF1 4,4.9973
WF1 5,4.9763
WF1 9,0.6506
WF10 1,2.7106
WF10 2,3.4662
WF10 3,5.5504
WF10 4,4.7178
WF10 5,4.9458
WF10 9,0.0549
WF11 0,1.5457
WF11 8,2.565
WF11 9,1.7954
WF12 0,4.4832
WF12 7,3.2742
WF12 8,2.4046
WF12 9,3.376
WF13 1,1.941
WF13 2,5.7599
WF13 3,7.694
WF13 4,4.9195
WF13 9,0.0759
WF14 0,2.1538
WF14 8,1.9783
WF14 9,2.7946
WF15 6,3.0198
WF15 7,3.2788
WF15 8,2.3099
WF16 0,1.4674
WF16 6,0.0147
WF16 9,3.8588
WF17 0,3.8012
WF17 1,0.0662
WF17 5,2.5975
WF17 6,2.6352
WF17 7,4.2829
WF17 8,4.0998
WF17 9,3.344
WF2 0,3.3558
WF2 6,1.4769
WF2 7,2.3928
WF2 8,4.9363
WF2 9,3.6216
WF3 1,2.4735
WF3 2,1.4943
WF3 3,1.832
WF3 4,1.7418
WF4 1,3.5379
WF4 2,1.847
WF4 3,1.7323
WF4 4,1.1276
WF4 5,1.2081
WF4 6,1.6128
WF5 0,2.2873
WF5 5,0.0312
WF5 8,2.3131
WF5 9,1.5489
WF6 1,4.154
WF6 2,2.8591
WF7 5,3.511
WF7 6,2.147
WF7 7,1.6312
WF8 1,2.9964
WF8 2,5.0179
WF8 3,1.5304
WF8 4,2.7708
WF8 9,0.3337
WF9 1,3.4607
WF9 2,6.3244
WF9 3,3.6246
WF9 4,3.1833
WF9 5,2.0935
WF90 8,0.0192
WN1 1,1.7297
WN1 2,2.9502
WN1 3,10.8996
WN1 9,0.8662
WN2 1,3.1805
WN2 2,4.3984
WN2 3,8.12
WN2 4,7.519
WN2 5,8.2748
WN3 4,5.9396
WN3 5,7.8158
WN3 6,3.0257
WN4 0,4.8215
WN4 8,3.1227
WN4 9,3.5035
WN5 0,6.805
WN5 7,3.4139
WN5 8,4.7987
WN5 9,11.4042
WN6 0,4.4954
WN6 7,4.6605
WN6 8,5.0401
WN6 9,1.2833
WN7 1,4.8474
WN7 2,7.8866
WN7 3,6.5881
WN7 4,6.2203
WN7 5,9.1988
WN7 9,0.4
WN8 0,2.524
WN8 1,0.2807
WN8 6,8.7599
WN8 7,1.0224
WN8 8,6.3815
WN8 9,11.8055
WR1 1,4.1653
WR1 2,1.7638
WR1 3,3.393
WR1 9,0.0625
WR10 1,2.7787
WR10 2,2.2236
WR10 3,1.9222
WR10 9,0.4774
WR11 1,3.3108
WR11 2,3.6236
WR11 3,2.295
WR11 4,5.6009
WR11 7,2.9137
WR11 8,3.2076
WR11 9,0.55
WR12 7,1.6783
WR13 5,1.4216
WR13 6,1.4985
WR14 1,5.6817
WR14 2,6.344
WR14 3,3.5769
WR14 4,1.4963
WR14 9,0.1056
WR15 8,2.7433
WR2 4,3.688
WR2 5,7.8337
WR2 6,3.3665
WR3 7,4.4297
WR3 8,4.4333
WR4 0,2.4029
WR4 4,0.3312
WR4 9,11.47
WR5 1,4.6667
WR5 2,3.2969
WR5 3,3.8744
WR6 5,2.2078
WR6 6,2.558
WR7 4,1.8137
WR8 0,2.6144
WR8 9,0.9669
WR9 0,5.2555
WR9 1,0.1591
WR9 7,3.3449
WR9 8,5.678
WR9 9,2.0045
WR99 1,0.0338
WR99 2,0.0409
WS1 1,2.8887
WS1 2,5.6041
WS1 3,6.552
WS1 4,5.856
WS1 9,1.1447
WS10 0,7.2053
WS10 1,0.0874
WS10 7,4.8074
WS10 8,8.231
WS10 9,5.8394
WS11 0,2.9246
WS11 1,4.1537
WS11 4,1.3703
WS11 5,3.9244
WS11 6,1.6392
WS11 7,1.0579
WS11 8,0.9189
WS11 9,2.1576
WS12 0,0.9524
WS12 1,0.8953
WS12 2,2.3142
WS12 3,1.1987
WS12 4,6.2727
WS12 9,0.5073
WS13 6,6.7549
WS13 7,5.5243
WS13 8,3.4478
WS14 0,2.2423
WS14 4,0.3484
WS14 9,3.6683
WS15 1,4.1655
WS15 2,6.6998
WS15 3,1.7209
WS15 4,2.4655
WS15 9,0.5443
WS2 0,3.9278
WS2 7,5.956
WS2 8,7.5237
WS2 9,7.3596
WS3 1,10.0021
WS3 2,9.1586
WS3 3,6.2202
WS3 4,2.683
WS3 5,1.014
WS4 1,5.2768
WS4 2,2.8388
WS5 3,3.8984
WS5 4,4.9438
WS6 6,3.6938
WS6 7,2.4033
WS6 9,0.1136
WS7 0,2.424
WS7 1,2.4391
WS7 2,1.793
WS7 3,1.2797
WS7 4,3.0649
WS7 9,1.3637
WS8 6,3.3907
WS8 7,3.4515
WS9 0,3.2699
WS9 1,0.1522
WS9 8,3.6622
WS9 9,2.5267
WV1 1,1.4879
WV1 2,5.7502
WV1 3,1.5249
WV1 4,5.8214
WV1 9,1.6741
WV10 0,8.5137
WV10 6,7.7626
WV10 7,2.7459
WV10 8,6.4873
WV10 9,8.9786
WV11 1,6.0011
WV11 2,4.9681
WV11 3,6.0691
WV11 9,0.0758
WV12 4,3.2274
WV12 5,7.0821
WV12 9,0.0189
WV13 1,4.928
WV13 2,3.3821
WV13 3,5.3185
WV14 0,4.8108
WV14 4,0.5357
WV14 6,7.3732
WV14 7,5.1179
WV14 8,9.0744
WV14 9,7.5162
WV15 5,1.1365
WV15 6,1.5182
WV16 4,2.7691
WV16 5,1.3792
WV16 6,2.6442
WV16 9,0.1179
WV2 1,2.3655
WV2 2,4.9786
WV2 3,3.2868
WV2 4,1.4981
WV3 0,7.9881
WV3 7,4.8169
WV3 8,3.1861
WV3 9,6.5166
WV4 4,7.3581
WV4 5,4.9914
WV4 6,7.0982
WV5 0,1.7921
WV5 5,0.02
WV5 7,0.6654
WV5 8,0.7582
WV5 9,1.032
WV6 0,10.6805
WV6 6,0.2064
WV6 7,3.8216
WV6 8,3.6023
WV6 9,1.994
WV7 3,1.5978
WV8 1,6.1326
WV8 2,0.8215
WV9 5,2.7886
WV98 1,1.2566
WV99 1,0.172
WV99 2,0.054
YO1 0,0.409
YO1 6,0.773
YO1 7,1.0204
YO1 8,0.5242
YO1 9,1.2853
YO10 3,5.5423
YO10 4,3.5481
YO10 5,1.7714
YO11 1,4.6356
YO11 2,6.2459
YO11 3,5.4194
YO11 9,0.75
YO12 4,3.4422
YO12 5,3.4469
YO12 6,4.5811
YO12 7,5.2257
YO13 0,1.9391
YO13 9,0.8687
YO14 0,2.2502
YO14 9,3.2968
YO15 1,0.95
YO15 2,4.0496
YO15 3,2.49
YO15 9,0.0431
YO16 4,6.3629
YO16 6,2.0055
YO16 7,4.201
YO17 1,0.6988
YO17 6,1.2658
YO17 7,2.7705
YO17 8,2.1737
YO17 9,2.2934
YO18 7,1.4958
YO18 8,1.7152
YO18 9,0.0682
YO19 4,0.4821
YO19 5,1.0819
YO19 6,1.3994
YO21 1,3.063
YO21 2,1.011
YO21 3,2.5954
YO21 9,0.092
YO22 4,2.574
YO22 5,1.364
YO23 1,3.7211
YO23 2,0.4122
YO23 3,0.7965
YO23 7,0.3689
YO24 1,1.4973
YO24 2,2.1041
YO24 3,5.9
YO24 4,5.1843
YO25 1,0.1172
YO25 3,0.8669
YO25 4,1.5944
YO25 5,2.5476
YO25 6,2.5582
YO25 8,1.6355
YO25 9,1.8442
YO26 0,0.0492
YO26 4,4.262
YO26 5,5.0837
YO26 6,1.7041
YO26 7,0.4201
YO26 8,1.3002
YO26 9,0.4985
YO30 1,0.5969
YO30 2,0.1504
YO30 4,0.9556
YO30 5,2.352
YO30 6,3.8294
YO30 7,0.9948
YO31 0,2.9296
YO31 1,1.2312
YO31 6,0.2468
YO31 7,2.7963
YO31 8,2.8708
YO31 9,2.368
YO32 2,2.0099
YO32 3,2.3602
YO32 4,1.159
YO32 5,0.9053
YO32 9,2.5507
YO41 1,1.8981
YO41 4,0.5407
YO41 5,0.9088
YO42 1,0.4922
YO42 2,1.3905
YO42 4,1.7812
YO42 9,0.0312
YO43 3,2.0881
YO43 4,1.3096
YO51 9,2.3686
YO60 6,0.3971
YO60 7,0.7023
YO61 1,1.5452
YO61 2,0.3776
YO61 3,2.0514
YO61 4,0.5739
YO62 4,0.8636
YO62 5,1.1648
YO62 6,2.0361
YO62 7,0.7948
YO7 1,3.7856
YO7 2,0.8367
YO7 3,1.0826
YO7 4,1.1533
YO7 9,0.0496
YO8 1,0.3627
YO8 3,2.2897
YO8 4,3.7264
YO8 5,1.4256
YO8 6,1.0115
YO8 8,3.0628
YO8 9,4.2089
YO90 1,0.0547
YO91 1,0.0224
ZE1 0,6.5176
ZE1 9,0.4931
ZE2 9,6.732
ZE3 9,0.2573
