name,premises
AL1 1,299.6
AL1 2,90.8
AL1 3,499.7
AL1 4,146.7
AL1 5,210.6
AL1 9,95.0
AL10 0,387.3
AL10 1,34.3
AL10 8,100.2
AL10 9,236.3
AL2 1,231.5
AL2 2,179.6
AL2 3,211.6
AL3 4,199.8
AL3 5,214.6
AL3 6,185.1
AL3 7,140.7
AL3 8,150.7
AL4 0,226.4
AL4 8,137.5
AL4 9,197.0
AL5 1,110.4
AL5 2,262.8
AL5 3,60.7
AL5 4,198.4
AL5 5,95.1
AL5 9,1.4
AL6 0,140.8
AL6 9,171.9
AL7 1,462.6
AL7 2,66.2
AL7 3,217.7
AL7 4,131.0
AL7 9,127.3
AL8 6,314.2
AL8 7,73.0
AL9 5,170.1
AL9 6,70.4
AL9 7,187.8
B1 1,1264.1
B1 2,820.1
B1 3,580.8
B10 0,854.9
B10 9,374.7
B11 1,715.8
B11 2,465.6
B11 3,484.1
B11 4,571.2
B11 9,30.6
B12 0,719.6
B12 8,513.0
B12 9,306.0
B13 0,139.6
B13 3,9.7
B13 8,215.6
B13 9,228.5
B14 4,132.7
B14 5,154.7
B14 6,121.8
B14 7,413.6
B15 1,1048.4
B15 2,468.1
B15 3,1389.3
B16 0,169.9
B16 6,177.6
B16 8,1046.6
B16 9,319.3
B17 0,185.2
B17 8,85.5
B17 9,274.6
B18 4,215.3
B18 5,339.2
B18 6,979.8
B18 7,304.7
B18 9,145.8
B19 1,308.0
B19 2,251.8
B19 3,741.5
B2 2,897.5
B2 4,1065.3
B2 5,486.3
B20 1,65.4
B20 2,179.1
B20 3,215.8
B21 0,546.0
B21 1,12.0
B21 8,158.7
B21 9,419.7
B23 3,148.2
B23 5,170.1
B23 6,398.1
B23 7,245.5
B24 0,213.8
B24 8,248.2
B24 9,557.5
B25 8,775.1
B25 9,104.9
B26 1,179.3
B26 2,141.9
B26 3,663.9
B27 6,363.5
B27 7,292.2
B28 0,199.5
B28 1,13.0
B28 8,234.6
B28 9,180.0
B29 4,29.2
B29 5,136.1
B29 6,330.7
B29 7,122.3
B29 9,5.6
B3 1,915.3
B3 2,668.0
B3 3,567.3
B30 1,150.3
B30 2,424.0
B30 3,317.2
B30 9,24.9
B31 1,121.4
B31 2,502.7
B31 3,120.3
B31 4,142.5
B31 5,210.0
B31 9,20.2
B32 1,92.4
B32 2,115.1
B32 3,110.8
B32 4,50.8
B32 9,4.4
B33 0,336.0
B33 3,5.9
B33 8,172.5
B33 9,237.6
B34 6,84.7
B34 7,73.0
B35 6,74.7
B35 7,169.7
B35 9,13.4
B36 0,178.2
B36 8,100.5
B36 9,67.8
B37 5,101.9
B37 6,112.8
B37 7,830.8
B37 9,30.0
B38 0,48.2
B38 8,205.9
B38 9,153.5
B4 6,805.7
B4 7,814.7
B40 1,98.5
B42 1,385.3
B42 2,621.0
B42 9,28.2
B43 5,96.7
B43 6,77.5
B43 7,137.5
B44 0,139.3
B44 8,249.0
B44 9,260.9
B45 0,60.1
B45 5,3.0
B45 8,238.0
B45 9,425.7
B46 1,404.2
B46 2,254.6
B46 3,153.0
B46 9,31.5
B47 5,92.9
B47 6,99.4
B48 7,255.9
B49 5,334.8
B49 6,398.8
B49 9,17.2
B5 4,842.5
B5 5,568.1
B5 6,461.6
B5 7,268.6
B50 4,275.8
B6 4,194.5
B6 5,308.0
B6 6,314.2
B6 7,533.7
B6 9,6.5
B60 1,125.4
B60 2,145.1
B60 3,460.8
B60 4,549.8
B60 9,153.9
B61 0,206.4
B61 7,202.6
B61 8,223.6
B61 9,174.1
B62 0,102.7
B62 2,22.8
B62 8,414.5
B62 9,253.0
B63 1,27.6
B63 2,373.9
B63 3,585.2
B63 4,274.1
B64 5,402.0
B64 6,328.3
B64 7,240.2
B65 0,354.6
B65 8,250.5
B65 9,66.5
B66 1,349.1
B66 2,437.2
B66 3,499.1
B66 4,498.0
B67 5,219.6
B67 6,84.3
B67 7,139.8
B67 9,10.1
B68 0,166.9
B68 8,225.9
B68 9,148.2
B69 1,146.3
B69 2,461.7
B69 3,283.6
B69 4,394.0
B69 9,110.7
B7 4,887.8
B7 5,530.8
B70 0,503.1
B70 1,31.9
B70 6,589.8
B70 7,400.6
B70 8,313.4
B70 9,390.6
B71 1,125.0
B71 2,82.4
B71 3,121.8
B71 4,99.5
B72 1,380.8
B73 5,479.8
B73 6,325.2
B73 9,109.5
B74 2,151.9
B74 3,132.0
B74 4,107.3
B75 5,177.0
B75 6,87.9
B75 7,176.2
B76 0,55.9
B76 1,312.5
B76 2,42.1
B76 9,179.6
B77 1,143.4
B77 2,126.6
B77 3,65.4
B77 4,335.0
B77 5,280.3
B77 9,98.8
B78 1,252.4
B78 2,159.8
B78 3,423.2
B79 0,99.6
B79 7,717.9
B79 8,255.3
B79 9,49.5
B8 1,559.1
B8 2,375.2
B8 3,398.1
B80 7,309.1
B9 4,838.6
B9 5,467.0
B9 9,116.0
B90 1,169.7
B90 2,186.8
B90 3,311.2
B90 4,458.0
B90 8,112.1
B90 9,14.3
B91 1,148.5
B91 2,265.1
B91 3,321.7
B91 9,209.7
B92 0,236.9
B92 7,185.5
B92 8,147.0
B92 9,66.0
B93 0,205.3
B93 3,51.9
B93 8,122.2
B93 9,87.6
B94 5,172.5
B94 6,206.2
B95 5,312.5
B95 6,123.8
B95 8,18.2
B96 6,268.5
B97 4,371.8
B97 5,216.6
B97 6,172.8
B97 9,257.9
B98 0,435.8
B98 7,488.2
B98 8,326.5
B98 9,327.0
B99 1,28.4
BA1 0,297.7
BA1 1,757.1
BA1 2,652.3
BA1 3,233.3
BA1 4,75.0
BA1 5,343.5
BA1 6,112.0
BA1 7,121.0
BA1 8,74.4
BA1 9,42.5
BA10 0,205.2
BA11 1,459.4
BA11 2,201.0
BA11 3,186.5
BA11 4,256.8
BA11 5,158.7
BA11 6,121.1
BA11 9,2.2
BA12 0,169.6
BA12 2,29.3
BA12 6,148.6
BA12 7,155.4
BA12 8,227.9
BA12 9,261.7
BA13 2,7.5
BA13 3,336.0
BA13 4,450.8
BA13 9,12.0
BA14 0,168.5
BA14 4,246.0
BA14 6,324.5
BA14 7,208.1
BA14 8,345.9
BA14 9,177.2
BA15 1,318.9
BA15 2,117.5
BA15 5,7.0
BA16 0,397.9
BA16 9,76.4
BA2 0,137.8
BA2 1,132.6
BA2 2,126.2
BA2 3,404.6
BA2 4,337.6
BA2 5,80.6
BA2 6,213.4
BA2 7,130.6
BA2 8,132.9
BA2 9,67.0
BA20 1,594.7
BA20 2,319.0
BA20 9,13.0
BA21 3,190.3
BA21 4,141.5
BA21 5,259.4
BA22 7,180.8
BA22 8,486.2
BA22 9,163.5
BA3 2,315.0
BA3 3,367.5
BA3 4,301.5
BA3 5,232.6
BA3 9,15.9
BA4 4,210.2
BA4 5,356.4
BA4 6,173.5
BA4 9,70.2
BA5 1,365.2
BA5 2,383.6
BA5 3,138.7
BA5 9,3.1
BA6 0,25.8
BA6 8,149.0
BA6 9,538.4
BA7 7,178.0
BA8 0,178.9
BA9 0,14.1
BA9 8,84.8
BA9 9,346.7
BB1 1,646.2
BB1 2,551.7
BB1 3,339.8
BB1 4,235.3
BB1 5,698.0
BB1 6,333.4
BB1 7,349.1
BB1 8,255.1
BB1 9,264.2
BB10 1,454.1
BB10 2,195.6
BB10 3,227.3
BB10 4,134.0
BB11 1,467.0
BB11 2,273.2
BB11 3,255.1
BB11 4,257.6
BB11 5,375.3
BB11 9,210.0
BB12 0,323.8
BB12 6,1666.8
BB12 7,371.4
BB12 8,380.2
BB12 9,109.2
BB18 5,275.0
BB18 6,385.0
BB18 9,7.6
BB2 1,479.5
BB2 2,391.5
BB2 3,1405.3
BB2 4,382.2
BB2 5,121.7
BB2 6,193.7
BB2 7,112.1
BB2 9,378.3
BB3 0,567.2
BB3 1,370.3
BB3 2,390.9
BB3 3,245.2
BB3 9,35.1
BB4 0,35.0
BB4 4,157.0
BB4 5,425.6
BB4 6,304.6
BB4 7,463.0
BB4 8,292.7
BB4 9,195.6
BB5 0,437.4
BB5 1,491.8
BB5 2,343.4
BB5 3,286.2
BB5 4,253.0
BB5 5,560.8
BB5 6,251.1
BB5 9,68.8
BB6 7,523.3
BB6 8,77.7
BB7 0,37.7
BB7 1,558.2
BB7 2,262.5
BB7 3,128.9
BB7 4,270.4
BB7 9,510.9
BB8 0,313.8
BB8 7,114.5
BB8 8,256.6
BB8 9,331.6
BB9 0,186.2
BB9 4,153.6
BB9 5,367.7
BB9 6,176.6
BB9 7,627.4
BB9 8,297.6
BB9 9,286.8
BB94 0,0.3
BD1 1,428.2
BD1 2,549.3
BD1 3,444.4
BD1 4,370.7
BD1 5,299.1
BD1 9,311.9
BD10 0,273.6
BD10 8,169.9
BD10 9,193.1
BD11 1,121.5
BD11 2,95.1
BD12 0,242.1
BD12 7,122.0
BD12 8,123.9
BD12 9,87.9
BD13 1,173.4
BD13 2,155.7
BD13 3,172.2
BD13 4,91.8
BD13 5,71.8
BD13 9,25.0
BD14 6,170.7
BD15 0,97.8
BD15 7,150.1
BD15 8,9.2
BD15 9,23.3
BD16 1,279.2
BD16 2,218.0
BD16 3,65.9
BD16 4,146.4
BD16 9,17.5
BD17 5,216.9
BD17 6,146.3
BD17 7,366.0
BD18 1,105.3
BD18 2,203.6
BD18 3,473.1
BD18 4,155.5
BD18 9,50.0
BD19 3,462.9
BD19 4,323.6
BD19 5,187.6
BD19 6,113.7
BD19 9,6.1
BD2 1,131.1
BD2 2,117.5
BD2 3,140.1
BD2 4,153.5
BD20 0,185.5
BD20 5,129.4
BD20 6,145.9
BD20 7,173.9
BD20 8,173.4
BD20 9,150.7
BD21 1,319.6
BD21 2,366.5
BD21 3,462.7
BD21 4,462.8
BD21 5,249.6
BD21 9,81.2
BD22 0,104.4
BD22 6,75.2
BD22 7,70.7
BD22 8,243.8
BD22 9,109.5
BD23 0,3.0
BD23 1,571.4
BD23 2,408.8
BD23 3,288.4
BD23 4,188.4
BD23 5,344.1
BD23 6,196.2
BD23 9,70.9
BD24 0,123.3
BD24 9,365.2
BD3 0,198.9
BD3 7,188.7
BD3 8,441.8
BD3 9,412.5
BD4 0,136.7
BD4 6,290.0
BD4 7,590.2
BD4 8,552.9
BD4 9,281.5
BD5 0,389.1
BD5 5,26.8
BD5 7,180.6
BD5 8,273.1
BD5 9,199.5
BD6 1,212.5
BD6 2,141.6
BD6 3,181.8
BD7 1,474.0
BD7 2,391.4
BD7 3,285.9
BD7 4,194.4
BD8 0,171.1
BD8 7,440.1
BD8 8,447.0
BD8 9,485.1
BD9 4,209.3
BD9 5,198.9
BD9 6,80.1
BD97 1,10.4
BD98 8,23.5
BD99 2,8.2
BD99 4,17.0
BD99 9,0.7
BH1 1,542.4
BH1 2,427.7
BH1 3,327.4
BH1 4,346.0
BH1 9,68.3
BH10 4,53.2
BH10 5,73.9
BH10 6,26.2
BH10 7,67.7
BH11 0,29.4
BH11 8,209.1
BH11 9,97.5
BH12 1,221.0
BH12 2,121.9
BH12 3,307.8
BH12 4,355.9
BH12 5,73.0
BH12 9,19.2
BH13 6,536.0
BH13 7,520.1
BH14 0,302.6
BH14 4,15.2
BH14 8,369.5
BH14 9,376.0
BH15 1,734.2
BH15 2,311.1
BH15 3,317.2
BH15 4,377.1
BH15 9,74.6
BH16 5,230.0
BH16 6,315.2
BH17 0,191.6
BH17 7,306.1
BH17 8,69.5
BH17 9,118.3
BH18 0,11.6
BH18 8,189.0
BH18 9,18.5
BH19 1,485.0
BH19 2,339.2
BH19 3,251.0
BH19 9,15.7
BH2 5,494.8
BH2 6,268.9
BH20 4,309.8
BH20 5,487.4
BH20 6,153.3
BH20 7,319.6
BH20 9,4.6
BH21 1,395.6
BH21 2,257.7
BH21 3,168.4
BH21 4,186.6
BH21 5,110.2
BH21 6,218.6
BH21 7,542.5
BH21 8,24.2
BH21 9,62.5
BH22 0,127.9
BH22 2,5.8
BH22 8,170.3
BH22 9,329.6
BH23 1,454.5
BH23 2,314.7
BH23 3,479.7
BH23 4,324.9
BH23 5,183.7
BH23 6,190.6
BH23 7,45.8
BH23 8,97.4
BH23 9,17.8
BH24 1,532.0
BH24 2,108.1
BH24 3,372.6
BH24 4,97.1
BH24 9,14.6
BH25 5,252.7
BH25 6,391.1
BH25 7,163.2
BH25 9,32.1
BH3 7,93.8
BH31 6,268.8
BH31 7,99.9
BH31 9,3.0
BH4 0,91.9
BH4 8,124.9
BH4 9,160.2
BH5 1,216.9
BH5 2,193.0
BH6 3,209.6
BH6 4,1700.9
BH6 5,192.9
BH7 6,336.5
BH7 7,78.2
BH8 0,73.3
BH8 8,444.3
BH8 9,198.9
BH9 1,279.8
BH9 2,304.4
BH9 3,107.2
BL0 0,178.1
BL0 9,330.7
BL1 1,724.5
BL1 2,643.8
BL1 3,543.8
BL1 4,682.6
BL1 5,153.7
BL1 6,222.4
BL1 7,76.9
BL1 8,482.9
BL1 9,285.0
BL11 1,82.9
BL2 1,350.4
BL2 2,344.5
BL2 3,116.0
BL2 4,43.9
BL2 5,133.9
BL2 6,274.6
BL3 1,224.6
BL3 2,551.8
BL3 3,305.1
BL3 4,243.3
BL3 5,382.2
BL3 6,594.5
BL4 0,98.8
BL4 4,4.4
BL4 7,504.0
BL4 8,301.2
BL4 9,347.4
BL5 1,73.7
BL5 2,150.7
BL5 3,525.7
BL6 4,209.2
BL6 5,324.9
BL6 6,246.0
BL6 7,400.6
BL6 9,52.3
BL7 0,59.2
BL7 8,23.9
BL7 9,229.3
BL78 1,16.5
BL78 7,6.5
BL8 1,257.1
BL8 2,179.2
BL8 3,127.6
BL8 4,107.3
BL8 9,141.2
BL9 0,796.4
BL9 5,342.7
BL9 6,538.7
BL9 7,518.7
BL9 8,175.3
BL9 9,376.1
BN1 1,986.9
BN1 2,770.2
BN1 3,602.0
BN1 4,1322.6
BN1 5,173.1
BN1 6,327.4
BN1 7,103.6
BN1 8,220.8
BN1 9,121.2
BN10 7,128.4
BN10 8,193.3
BN10 9,8.3
BN11 1,497.4
BN11 2,226.1
BN11 3,533.5
BN11 4,249.0
BN11 5,183.4
BN11 9,98.0
BN12 4,483.4
BN12 5,166.5
BN12 6,68.3
BN12 9,2.5
BN13 1,110.6
BN13 2,64.3
BN13 3,150.2
BN14 0,143.2
BN14 7,207.6
BN14 8,262.6
BN14 9,166.5
BN15 0,82.8
BN15 5,14.4
BN15 8,607.3
BN15 9,265.7
BN16 1,187.0
BN16 2,178.7
BN16 3,276.8
BN16 4,205.8
BN16 9,30.8
BN17 5,636.8
BN17 6,228.8
BN17 7,363.2
BN18 0,347.8
BN18 8,19.0
BN18 9,351.3
BN2 0,258.1
BN2 1,815.3
BN2 3,289.4
BN2 4,221.8
BN2 5,315.8
BN2 6,140.8
BN2 7,146.3
BN2 8,90.5
BN2 9,317.4
BN20 0,63.4
BN20 7,204.4
BN20 8,67.5
BN20 9,55.8
BN21 1,169.8
BN21 2,88.3
BN21 3,645.8
BN21 4,536.4
BN21 9,64.6
BN22 0,55.1
BN22 7,312.0
BN22 8,322.1
BN22 9,236.8
BN23 5,71.4
BN23 6,228.4
BN23 7,70.5
BN23 8,63.5
BN24 5,342.7
BN24 6,124.7
BN24 9,19.5
BN25 1,326.2
BN25 2,100.5
BN25 3,76.3
BN25 4,38.2
BN25 9,18.0
BN26 5,159.4
BN26 6,317.1
BN26 9,9.3
BN27 1,217.7
BN27 2,214.4
BN27 3,431.8
BN27 4,418.7
BN27 9,56.5
BN3 1,387.6
BN3 2,932.3
BN3 3,655.6
BN3 4,195.5
BN3 5,359.7
BN3 6,218.4
BN3 7,335.3
BN3 8,77.3
BN41 1,474.7
BN41 2,119.4
BN41 9,56.3
BN42 4,300.0
BN43 5,518.0
BN43 6,245.0
BN43 9,107.9
BN44 3,333.6
BN45 7,79.3
BN5 0,23.2
BN5 9,436.6
BN50 8,264.2
BN50 9,73.4
BN51 9,29.2
BN52 9,93.7
BN6 0,7.9
BN6 8,298.2
BN6 9,350.4
BN7 1,296.8
BN7 2,515.0
BN7 3,172.9
BN7 9,109.5
BN8 4,194.1
BN8 5,312.2
BN8 6,456.0
BN88 1,33.9
BN9 0,352.9
BN9 1,11.3
BN9 9,453.8
BN95 1,6.7
BN99 3,3.8
BN99 4,2.2
BN99 6,17.7
BN99 8,53.1
BN99 9,23.0
BR1 1,549.1
BR1 2,145.6
BR1 3,410.4
BR1 4,216.3
BR1 5,159.8
BR1 9,343.7
BR2 0,150.1
BR2 6,85.8
BR2 7,171.9
BR2 8,175.1
BR2 9,368.6
BR3 1,359.5
BR3 3,229.6
BR3 4,209.7
BR3 5,124.8
BR3 6,23.5
BR3 9,24.6
BR4 0,197.9
BR4 4,22.9
BR4 9,157.3
BR5 1,251.4
BR5 2,266.1
BR5 3,318.0
BR5 4,60.7
BR6 0,384.6
BR6 1,106.3
BR6 6,104.9
BR6 7,213.3
BR6 8,105.8
BR6 9,108.8
BR7 5,177.1
BR7 6,244.4
BR7 9,17.3
BR8 7,288.3
BR8 8,251.7
BR8 9,12.7
BS1 1,431.7
BS1 2,328.9
BS1 3,600.0
BS1 4,564.5
BS1 5,658.4
BS1 6,1035.9
BS1 9,112.6
BS10 5,112.9
BS10 6,91.7
BS10 7,275.3
BS11 0,297.7
BS11 1,26.2
BS11 8,87.4
BS11 9,538.4
BS13 0,84.6
BS13 7,210.1
BS13 8,68.1
BS13 9,103.1
BS14 0,153.7
BS14 8,79.1
BS14 9,186.5
BS15 0,18.4
BS15 1,324.6
BS15 3,228.4
BS15 4,245.1
BS15 8,331.0
BS15 9,77.8
BS16 0,22.8
BS16 1,236.6
BS16 2,225.9
BS16 3,270.5
BS16 4,230.3
BS16 5,295.9
BS16 6,109.7
BS16 7,217.2
BS16 9,164.4
BS2 0,877.3
BS2 2,28.0
BS2 8,644.7
BS2 9,266.0
BS20 0,213.0
BS20 1,36.9
BS20 6,221.2
BS20 7,418.7
BS20 8,41.3
BS21 5,45.4
BS21 6,432.7
BS21 7,280.4
BS21 9,12.4
BS22 6,204.8
BS22 7,152.2
BS22 8,155.5
BS22 9,138.7
BS23 1,608.6
BS23 2,197.8
BS23 3,450.2
BS23 4,169.8
BS23 9,218.8
BS24 0,131.5
BS24 6,72.4
BS24 7,110.1
BS24 8,175.0
BS24 9,257.0
BS25 1,158.4
BS25 5,44.1
BS25 9,1.6
BS26 2,218.5
BS27 3,366.7
BS27 9,8.2
BS28 4,170.0
BS29 6,120.5
BS3 1,303.0
BS3 2,408.6
BS3 3,132.2
BS3 4,271.0
BS3 5,125.9
BS3 9,34.5
BS30 5,243.1
BS30 6,134.0
BS30 7,59.2
BS30 8,130.5
BS30 9,46.2
BS31 1,321.2
BS31 2,270.2
BS31 3,127.9
BS31 9,14.0
BS32 0,176.5
BS32 4,654.7
BS32 8,75.9
BS32 9,33.1
BS34 4,2.1
BS34 5,295.2
BS34 6,65.4
BS34 7,238.2
BS34 8,166.7
BS34 9,19.8
BS35 1,136.1
BS35 2,237.5
BS35 3,131.9
BS35 4,174.3
BS35 5,88.4
BS35 9,8.0
BS36 1,162.3
BS36 2,229.4
BS36 9,1.7
BS37 0,104.6
BS37 4,125.8
BS37 5,246.0
BS37 6,361.3
BS37 7,226.7
BS37 8,68.0
BS37 9,168.4
BS39 4,96.4
BS39 5,179.5
BS39 6,74.7
BS39 7,175.4
BS4 1,242.0
BS4 2,193.4
BS4 3,331.8
BS4 4,351.4
BS4 5,221.3
BS4 9,65.4
BS40 5,215.9
BS40 6,46.5
BS40 7,68.3
BS40 8,182.0
BS40 9,29.1
BS41 8,45.4
BS41 9,99.8
BS48 1,262.2
BS48 2,58.9
BS48 3,181.4
BS48 4,79.5
BS48 9,25.0
BS49 4,193.5
BS49 5,114.2
BS5 0,543.5
BS5 5,11.0
BS5 6,350.1
BS5 7,279.9
BS5 8,180.5
BS5 9,377.5
BS6 5,300.3
BS6 6,361.4
BS6 7,153.4
BS6 9,21.9
BS7 0,190.9
BS7 8,394.9
BS7 9,207.7
BS8 1,502.1
BS8 2,419.0
BS8 3,242.2
BS8 4,268.1
BS8 9,49.8
BS9 0,35.8
BS9 1,39.2
BS9 2,56.7
BS9 3,194.3
BS9 4,167.8
BS98 1,2.7
BS99 1,16.0
BS99 2,4.0
BS99 3,8.0
BS99 5,16.0
BS99 6,9.9
BS99 7,29.3
CA1 1,465.7
CA1 2,407.9
CA1 3,117.3
CA1 9,152.0
CA10 1,246.9
CA10 2,281.4
CA10 3,246.0
CA11 0,633.9
CA11 1,27.9
CA11 7,447.4
CA11 8,209.5
CA11 9,390.6
CA12 4,632.2
CA12 5,905.8
CA12 9,11.3
CA13 0,406.0
CA13 3,15.3
CA13 9,390.7
CA14 1,123.3
CA14 2,305.4
CA14 3,429.6
CA14 4,318.7
CA14 5,183.2
CA14 9,42.3
CA15 6,249.6
CA15 7,88.4
CA15 8,163.6
CA15 9,4.0
CA16 6,437.1
CA17 4,405.2
CA18 1,24.5
CA19 1,128.6
CA2 4,236.3
CA2 5,567.5
CA2 6,84.3
CA2 7,223.2
CA20 1,190.1
CA21 2,35.1
CA22 2,278.5
CA22 9,2.7
CA23 3,41.5
CA24 3,74.5
CA25 5,247.0
CA26 3,80.8
CA27 0,43.0
CA28 0,25.2
CA28 6,95.5
CA28 7,439.6
CA28 8,162.9
CA28 9,167.8
CA3 0,308.9
CA3 8,470.8
CA3 9,120.8
CA4 0,117.1
CA4 8,144.2
CA4 9,56.1
CA5 6,118.3
CA5 7,177.9
CA6 4,400.1
CA6 5,233.9
CA6 6,83.6
CA7 0,77.7
CA7 1,111.4
CA7 2,71.2
CA7 3,121.9
CA7 4,240.0
CA7 5,58.7
CA7 7,3.3
CA7 8,132.1
CA7 9,256.5
CA8 0,2.5
CA8 1,231.6
CA8 2,114.2
CA8 7,79.8
CA8 9,124.4
CA9 3,192.6
CA95 1,5.8
CB1 0,170.9
CB1 1,380.0
CB1 2,479.8
CB1 3,344.5
CB1 7,71.2
CB1 8,53.8
CB1 9,92.0
CB10 1,561.5
CB10 2,200.6
CB10 9,67.5
CB11 3,391.7
CB11 4,239.4
CB2 0,31.2
CB2 1,514.6
CB2 3,278.1
CB2 7,19.3
CB2 8,109.7
CB2 9,99.4
CB21 4,184.2
CB21 5,179.9
CB21 6,127.8
CB22 3,489.8
CB22 4,150.0
CB22 5,267.7
CB22 6,38.8
CB22 7,110.2
CB23 1,39.5
CB23 2,69.8
CB23 3,96.1
CB23 4,98.5
CB23 5,84.9
CB23 6,196.6
CB23 7,196.0
CB23 8,150.1
CB24 1,37.0
CB24 3,110.8
CB24 4,132.3
CB24 5,188.8
CB24 6,330.7
CB24 8,178.7
CB24 9,268.5
CB25 0,210.9
CB25 9,465.2
CB3 0,237.2
CB3 1,19.1
CB3 9,149.7
CB4 0,288.2
CB4 1,416.6
CB4 2,161.0
CB4 3,251.9
CB5 8,593.0
CB6 1,398.8
CB6 2,323.2
CB6 3,293.8
CB7 4,477.2
CB7 5,508.7
CB7 6,25.0
CB7 7,6.1
CB7 9,86.9
CB8 0,451.1
CB8 1,32.0
CB8 7,513.3
CB8 8,410.8
CB8 9,255.7
CB9 0,180.2
CB9 1,35.1
CB9 7,280.9
CB9 8,443.1
CB9 9,77.5
CF10 1,947.7
CF10 2,747.1
CF10 3,661.1
CF10 4,608.3
CF10 5,802.5
CF11 0,127.5
CF11 1,213.6
CF11 6,426.2
CF11 7,168.6
CF11 8,292.2
CF11 9,905.9
CF14 0,138.9
CF14 1,228.9
CF14 2,155.6
CF14 3,352.0
CF14 4,182.3
CF14 5,226.6
CF14 6,138.5
CF14 7,67.5
CF14 8,54.9
CF14 9,20.1
CF15 5,26.7
CF15 7,434.2
CF15 8,80.3
CF15 9,204.4
CF23 0,50.7
CF23 5,131.9
CF23 6,77.5
CF23 7,72.6
CF23 8,332.2
CF23 9,183.4
CF24 0,412.7
CF24 1,292.2
CF24 2,723.1
CF24 3,648.0
CF24 4,505.0
CF24 5,442.9
CF3 0,257.7
CF3 1,44.3
CF3 2,106.8
CF3 3,281.1
CF3 4,76.3
CF3 5,88.6
CF3 6,19.0
CF30 0,20.9
CF31 1,667.5
CF31 2,100.1
CF31 3,989.9
CF31 4,92.9
CF31 5,23.0
CF31 9,121.5
CF32 0,156.0
CF32 7,148.6
CF32 8,153.3
CF32 9,521.1
CF33 4,104.3
CF33 6,388.6
CF34 0,213.9
CF34 4,1.9
CF34 9,284.2
CF35 5,919.3
CF35 6,311.7
CF36 3,292.2
CF36 5,184.4
CF36 9,33.4
CF37 1,287.4
CF37 2,314.6
CF37 3,89.9
CF37 4,304.5
CF37 5,464.8
CF37 9,25.0
CF38 1,186.4
CF38 2,149.2
CF39 0,150.3
CF39 8,264.1
CF39 9,370.5
CF40 1,371.9
CF40 2,274.9
CF40 9,6.8
CF41 7,292.7
CF42 5,118.2
CF42 6,298.9
CF42 9,1.0
CF43 3,80.0
CF43 4,220.0
CF43 9,1.9
CF44 0,201.1
CF44 4,10.0
CF44 6,235.6
CF44 7,278.0
CF44 8,257.9
CF44 9,291.0
CF45 3,230.0
CF45 4,837.1
CF46 5,118.5
CF46 6,169.9
CF47 0,302.4
CF47 7,17.0
CF47 8,437.6
CF47 9,104.8
CF48 1,211.9
CF48 2,275.0
CF48 3,184.1
CF48 4,265.8
CF5 1,368.8
CF5 2,159.9
CF5 3,164.1
CF5 4,131.3
CF5 5,201.9
CF5 6,161.9
CF5 9,7.8
CF61 1,165.8
CF61 2,49.7
CF62 3,137.6
CF62 4,63.3
CF62 5,191.3
CF62 6,87.7
CF62 7,237.1
CF62 8,143.2
CF62 9,48.7
CF63 1,104.5
CF63 2,230.5
CF63 3,76.4
CF63 4,485.2
CF63 9,31.7
CF64 1,271.5
CF64 2,254.7
CF64 3,158.1
CF64 4,120.4
CF64 5,116.9
CF64 9,41.8
CF71 7,550.5
CF71 9,18.0
CF72 0,19.8
CF72 4,10.2
CF72 8,556.2
CF72 9,553.8
CF81 8,257.8
CF81 9,263.4
CF82 6,4.2
CF82 7,436.1
CF82 8,148.0
CF82 9,14.4
CF83 1,553.6
CF83 2,126.0
CF83 3,461.2
CF83 4,99.6
CF83 8,440.5
CF83 9,16.7
CF91 1,2.0
CF91 5,28.0
CF95 1,52.1
CF99 1,4.1
CH1 1,584.4
CH1 2,527.6
CH1 3,359.1
CH1 4,312.9
CH1 5,117.2
CH1 6,264.1
CH1 9,381.4
CH2 1,149.7
CH2 2,75.1
CH2 3,246.0
CH2 4,395.3
CH25 9,88.1
CH26 9,14.8
CH27 9,35.0
CH28 9,1.2
CH29 9,31.7
CH3 5,319.5
CH3 6,162.5
CH3 7,163.8
CH3 8,119.3
CH3 9,218.1
CH30 9,9.7
CH31 9,18.5
CH32 9,10.2
CH33 9,13.5
CH34 9,68.5
CH4 0,459.0
CH4 7,150.0
CH4 8,378.7
CH4 9,229.5
CH41 0,45.4
CH41 1,207.8
CH41 2,257.9
CH41 3,255.6
CH41 4,279.8
CH41 5,289.9
CH41 6,288.3
CH41 7,66.9
CH41 8,184.7
CH41 9,154.3
CH42 0,50.4
CH42 1,69.2
CH42 2,62.1
CH42 3,76.2
CH42 4,40.5
CH42 5,51.1
CH42 6,35.9
CH42 7,42.0
CH42 8,29.2
CH42 9,97.3
CH43 0,44.8
CH43 1,39.3
CH43 2,48.1
CH43 3,89.9
CH43 4,129.7
CH43 5,62.5
CH43 6,29.8
CH43 7,86.0
CH43 8,27.8
CH43 9,50.4
CH44 0,40.2
CH44 1,39.6
CH44 2,39.2
CH44 3,41.9
CH44 4,150.3
CH44 5,253.4
CH44 6,112.4
CH44 7,107.0
CH44 8,59.1
CH44 9,77.1
CH45 0,14.4
CH45 1,65.0
CH45 2,76.6
CH45 3,69.6
CH45 4,154.7
CH45 5,87.5
CH45 6,27.5
CH45 7,47.0
CH45 8,61.6
CH45 9,27.7
CH46 0,54.0
CH46 1,20.0
CH46 2,12.9
CH46 3,9.1
CH46 4,21.5
CH46 5,10.6
CH46 6,107.6
CH46 7,91.4
CH46 8,34.7
CH46 9,61.2
CH47 0,18.8
CH47 1,41.7
CH47 2,56.4
CH47 3,125.7
CH47 4,72.8
CH47 5,18.7
CH47 6,9.9
CH47 7,13.3
CH47 8,6.6
CH47 9,16.7
CH48 0,75.2
CH48 1,18.2
CH48 2,18.4
CH48 3,37.2
CH48 4,108.3
CH48 5,45.8
CH48 6,7.7
CH48 7,7.8
CH48 8,6.2
CH48 9,10.6
CH49 0,140.1
CH49 1,25.0
CH49 2,16.7
CH49 3,54.4
CH49 4,33.6
CH49 5,32.7
CH49 6,27.1
CH49 7,11.1
CH49 8,23.3
CH49 9,26.7
CH5 1,371.6
CH5 2,767.9
CH5 3,260.1
CH5 4,272.5
CH5 9,59.3
CH6 5,432.3
CH6 6,103.7
CH6 9,22.0
CH60 0,60.3
CH60 1,13.4
CH60 2,3.8
CH60 3,21.8
CH60 4,32.6
CH60 5,75.6
CH60 6,54.6
CH60 7,59.5
CH60 8,18.6
CH60 9,9.6
CH61 0,8.3
CH61 1,12.6
CH61 2,18.9
CH61 3,13.5
CH61 4,22.9
CH61 5,21.7
CH61 6,16.6
CH61 7,17.4
CH61 8,39.1
CH61 9,19.3
CH62 0,76.9
CH62 1,38.8
CH62 2,146.4
CH62 3,254.3
CH62 4,102.4
CH62 5,117.3
CH62 6,31.7
CH62 7,156.3
CH62 8,36.4
CH62 9,33.9
CH63 0,9.3
CH63 1,25.7
CH63 2,32.4
CH63 3,23.4
CH63 4,31.4
CH63 5,59.7
CH63 6,16.3
CH63 7,98.1
CH63 8,51.6
CH63 9,21.8
CH64 0,7.3
CH64 1,19.7
CH64 2,24.8
CH64 3,74.3
CH64 4,44.8
CH64 5,31.1
CH64 6,68.8
CH64 7,35.3
CH64 8,11.8
CH64 9,141.4
CH65 0,97.9
CH65 1,73.5
CH65 2,135.8
CH65 3,182.2
CH65 4,304.1
CH65 5,477.3
CH65 6,66.6
CH65 7,36.9
CH65 8,161.9
CH65 9,743.9
CH66 0,11.9
CH66 1,170.8
CH66 2,28.1
CH66 3,77.4
CH66 4,68.4
CH66 5,48.6
CH66 6,8.7
CH66 7,36.3
CH66 8,11.1
CH66 9,4.7
CH7 1,595.9
CH7 2,175.9
CH7 3,226.2
CH7 4,156.9
CH7 5,162.6
CH7 6,199.3
CH7 9,52.2
CH70 8,116.1
CH8 7,444.4
CH8 8,109.3
CH8 9,268.7
CH88 3,3.1
CH99 9,19.7
CM0 7,237.3
CM0 8,342.7
CM1 1,705.7
CM1 2,231.5
CM1 3,464.2
CM1 4,200.7
CM1 6,81.7
CM1 7,125.6
CM1 9,119.9
CM11 1,118.2
CM11 2,367.1
CM12 0,206.6
CM12 2,44.4
CM12 9,250.4
CM13 1,203.3
CM13 2,60.7
CM13 3,577.1
CM14 4,509.3
CM14 5,298.6
CM14 9,130.9
CM15 0,170.7
CM15 8,180.1
CM15 9,230.1
CM16 4,194.2
CM16 5,82.7
CM16 6,457.7
CM16 7,152.4
CM16 9,89.7
CM17 0,228.6
CM17 9,183.5
CM18 6,140.6
CM18 7,215.6
CM19 4,114.0
CM19 5,304.0
CM2 0,521.8
CM2 5,19.5
CM2 6,423.8
CM2 7,214.5
CM2 8,289.0
CM2 9,252.7
CM20 1,378.2
CM20 2,636.8
CM20 3,179.5
CM20 9,199.3
CM21 0,120.8
CM21 1,29.2
CM21 9,311.2
CM22 6,412.7
CM22 7,288.4
CM23 1,33.0
CM23 2,422.0
CM23 3,458.1
CM23 4,80.9
CM23 5,224.3
CM23 9,30.5
CM24 1,128.0
CM24 8,334.7
CM3 1,200.8
CM3 2,161.8
CM3 3,167.6
CM3 4,182.6
CM3 5,362.7
CM3 6,378.9
CM3 7,4.4
CM3 8,231.4
CM3 9,44.4
CM4 0,183.2
CM4 9,197.6
CM5 0,248.8
CM5 5,26.8
CM5 9,222.6
CM6 1,592.5
CM6 2,186.2
CM6 3,178.5
CM6 4,57.8
CM6 9,20.7
CM7 0,62.7
CM7 1,234.1
CM7 2,360.7
CM7 3,389.9
CM7 4,188.8
CM7 5,206.6
CM7 9,83.6
CM77 6,125.0
CM77 7,163.3
CM77 8,251.0
CM8 1,235.4
CM8 2,391.6
CM8 3,326.4
CM8 9,75.3
CM9 4,350.8
CM9 5,362.6
CM9 6,354.7
CM9 8,362.4
CM9 9,105.1
CM92 1,61.8
CM98 1,14.1
CM99 2,64.6
CO1 1,725.4
CO1 2,548.3
CO1 9,183.2
CO10 0,308.3
CO10 1,289.8
CO10 2,518.5
CO10 3,19.5
CO10 5,61.9
CO10 7,246.8
CO10 8,202.5
CO10 9,350.9
CO11 1,220.6
CO11 2,300.3
CO11 9,8.2
CO12 3,678.4
CO12 4,303.4
CO12 5,93.2
CO12 9,17.9
CO13 0,169.5
CO13 3,142.0
CO13 9,1106.2
CO14 8,1346.7
CO15 1,425.6
CO15 2,111.4
CO15 3,287.9
CO15 4,420.0
CO15 5,448.3
CO15 6,239.4
CO15 9,132.8
CO16 0,200.2
CO16 7,7.2
CO16 8,215.5
CO16 9,254.7
CO2 0,86.4
CO2 7,302.4
CO2 8,428.2
CO2 9,122.5
CO3 0,233.9
CO3 3,207.4
CO3 4,77.6
CO3 8,130.6
CO3 9,83.6
CO4 0,49.0
CO4 3,189.1
CO4 5,377.9
CO4 6,39.6
CO4 9,428.3
CO5 0,213.4
CO5 1,2.0
CO5 7,130.2
CO5 8,879.3
CO5 9,281.8
CO6 1,394.0
CO6 2,312.6
CO6 3,169.8
CO6 4,209.3
CO6 5,39.9
CO7 0,703.6
CO7 5,22.0
CO7 6,281.8
CO7 7,475.0
CO7 8,332.6
CO7 9,224.4
CO8 5,106.1
CO9 1,322.6
CO9 2,278.8
CO9 3,203.7
CO9 4,134.7
CO9 9,47.5
CR0 0,259.9
CR0 1,1143.2
CR0 2,1018.2
CR0 3,557.6
CR0 4,769.5
CR0 5,239.1
CR0 6,335.3
CR0 7,124.8
CR0 8,131.5
CR0 9,141.5
CR2 0,209.3
CR2 1,16.4
CR2 6,289.3
CR2 7,90.5
CR2 8,124.8
CR2 9,75.9
CR3 0,146.8
CR3 4,5.6
CR3 5,261.4
CR3 6,340.0
CR3 7,39.8
CR4 1,97.1
CR4 2,301.8
CR4 3,340.7
CR4 4,461.6
CR4 9,12.5
CR44 1,12.4
CR5 1,85.4
CR5 2,256.1
CR5 3,153.3
CR5 9,3.2
CR6 0,2.5
CR6 9,200.2
CR7 6,163.5
CR7 7,222.5
CR7 8,310.3
CR7 9,7.4
CR8 1,41.7
CR8 2,244.8
CR8 3,56.9
CR8 4,40.0
CR8 5,72.4
CR8 9,12.9
CR9 0,4.7
CR9 1,258.6
CR9 2,93.2
CR9 3,87.2
CR9 4,38.0
CR9 5,34.7
CR9 6,22.6
CR9 7,4.2
CR9 8,1.7
CR9 9,0.8
CR90 9,49.9
CT1 1,387.3
CT1 2,836.6
CT1 3,424.1
CT1 9,5.6
CT10 1,464.9
CT10 2,385.5
CT10 3,169.7
CT10 9,11.2
CT11 0,87.8
CT11 1,5.2
CT11 7,213.6
CT11 8,478.2
CT11 9,475.4
CT12 4,200.4
CT12 5,279.6
CT12 6,354.4
CT13 0,133.1
CT13 3,27.3
CT13 9,668.9
CT14 0,107.5
CT14 4,19.1
CT14 6,371.2
CT14 7,303.0
CT14 8,145.8
CT14 9,230.0
CT15 4,101.7
CT15 5,112.6
CT15 6,80.9
CT15 7,122.1
CT16 1,445.8
CT16 2,169.6
CT16 3,129.4
CT16 9,63.1
CT17 0,292.6
CT17 9,351.8
CT18 7,169.9
CT18 8,120.8
CT19 4,338.5
CT19 5,258.0
CT19 6,155.9
CT2 0,172.7
CT2 7,242.8
CT2 8,136.8
CT2 9,133.4
CT20 1,603.7
CT20 2,398.9
CT20 3,243.3
CT20 9,164.5
CT21 4,245.2
CT21 5,271.9
CT21 6,214.8
CT21 9,19.3
CT3 1,213.6
CT3 2,82.6
CT3 3,182.1
CT3 4,293.2
CT4 5,139.4
CT4 6,234.6
CT4 7,153.5
CT4 8,102.6
CT5 1,823.4
CT5 2,603.2
CT5 3,358.5
CT5 4,202.9
CT5 9,10.4
CT50 1,11.4
CT6 5,537.8
CT6 6,178.3
CT6 7,156.8
CT6 8,406.6
CT6 9,0.8
CT7 0,350.2
CT7 9,223.0
CT8 8,213.6
CT9 1,653.2
CT9 2,365.3
CT9 3,126.8
CT9 4,238.8
CT9 5,252.5
CT9 9,94.1
CV1 1,538.9
CV1 2,675.1
CV1 3,322.0
CV1 4,538.0
CV1 5,532.4
CV1 9,21.1
CV10 0,251.6
CV10 7,394.9
CV10 8,150.2
CV10 9,120.1
CV11 4,445.7
CV11 5,393.1
CV11 6,543.0
CV11 7,2.8
CV11 8,21.6
CV11 9,165.3
CV12 0,65.2
CV12 2,12.3
CV12 8,248.3
CV12 9,257.5
CV13 0,225.6
CV13 6,191.5
CV2 1,175.5
CV2 2,234.3
CV2 3,145.6
CV2 4,444.9
CV2 5,164.6
CV21 1,254.0
CV21 2,466.3
CV21 3,490.5
CV21 4,99.5
CV21 9,116.3
CV22 5,174.8
CV22 6,137.4
CV22 7,269.4
CV23 0,325.2
CV23 1,41.4
CV23 8,127.1
CV23 9,217.5
CV3 1,213.2
CV3 2,427.7
CV3 3,65.5
CV3 4,159.8
CV3 5,157.1
CV3 6,193.2
CV3 9,19.7
CV31 1,255.7
CV31 2,172.7
CV31 3,292.5
CV31 9,52.8
CV32 4,580.6
CV32 5,547.4
CV32 6,105.7
CV32 7,128.8
CV33 8,7.8
CV33 9,170.0
CV34 0,1.9
CV34 4,411.9
CV34 5,459.2
CV34 6,676.7
CV34 7,15.3
CV34 8,197.0
CV34 9,31.5
CV35 0,225.8
CV35 7,212.9
CV35 8,166.4
CV35 9,228.7
CV36 4,297.9
CV36 5,133.5
CV37 0,264.0
CV37 1,194.5
CV37 5,22.9
CV37 6,806.2
CV37 7,170.9
CV37 8,398.9
CV37 9,458.3
CV4 0,2.4
CV4 7,161.4
CV4 8,351.2
CV4 9,362.1
CV47 0,108.8
CV47 1,169.1
CV47 2,218.8
CV47 4,12.7
CV47 7,15.7
CV47 8,111.4
CV47 9,53.0
CV5 6,401.3
CV5 7,103.0
CV5 8,171.4
CV5 9,173.0
CV6 1,172.8
CV6 2,99.8
CV6 3,146.4
CV6 4,277.4
CV6 5,862.1
CV6 6,438.9
CV6 7,293.6
CV6 9,130.3
CV7 7,335.4
CV7 8,213.4
CV7 9,387.5
CV8 1,337.9
CV8 2,297.8
CV8 3,337.1
CV8 9,60.7
CV9 1,254.9
CV9 2,210.9
CV9 3,227.7
CV9 9,56.7
CW1 2,301.8
CW1 3,262.3
CW1 4,274.5
CW1 5,295.0
CW1 6,267.2
CW1 9,168.8
CW10 0,247.5
CW10 9,269.3
CW11 1,281.9
CW11 2,106.9
CW11 3,331.9
CW11 4,192.7
CW11 5,21.2
CW12 1,585.0
CW12 2,222.9
CW12 3,219.2
CW12 4,391.4
CW12 9,13.6
CW2 5,250.3
CW2 6,291.6
CW2 7,240.4
CW2 8,135.0
CW3 0,91.8
CW3 9,137.9
CW4 7,181.0
CW4 8,149.2
CW5 5,447.1
CW5 6,296.2
CW5 7,330.0
CW5 8,168.3
CW5 9,17.5
CW6 0,220.4
CW6 6,5.6
CW6 9,282.1
CW7 1,138.0
CW7 2,284.6
CW7 3,428.8
CW7 4,94.3
CW7 9,26.0
CW8 1,190.2
CW8 2,222.5
CW8 3,89.5
CW8 4,302.7
CW9 5,397.6
CW9 6,200.4
CW9 7,373.4
CW9 8,130.8
CW9 9,121.3
CW98 1,3.8
DA1 1,544.7
DA1 2,515.2
DA1 3,130.9
DA1 4,492.9
DA1 5,387.3
DA1 9,33.2
DA10 0,203.6
DA10 1,44.0
DA10 9,2.2
DA11 0,431.4
DA11 7,112.3
DA11 8,222.8
DA11 9,324.3
DA12 1,284.1
DA12 2,426.9
DA12 3,61.6
DA12 4,78.9
DA12 5,112.9
DA12 9,56.3
DA13 0,174.8
DA13 9,140.8
DA14 4,217.7
DA14 5,439.3
DA14 6,199.9
DA15 0,31.2
DA15 7,121.8
DA15 8,188.6
DA15 9,135.7
DA16 1,179.5
DA16 2,176.7
DA16 3,270.3
DA17 5,174.7
DA17 6,267.5
DA17 9,1.9
DA18 4,190.7
DA2 6,382.9
DA2 7,245.3
DA2 8,60.5
DA3 7,133.3
DA3 8,329.0
DA3 9,1.2
DA4 0,122.6
DA4 9,221.7
DA5 1,272.1
DA5 2,93.3
DA5 3,113.8
DA5 9,3.1
DA6 7,214.9
DA6 8,154.5
DA7 4,279.8
DA7 5,64.1
DA7 6,119.9
DA7 9,56.4
DA8 1,383.9
DA8 2,236.2
DA8 3,207.4
DA8 9,58.0
DA9 9,634.0
DE1 0,13.6
DE1 1,955.0
DE1 2,703.9
DE1 3,800.4
DE1 9,231.8
DE11 0,279.3
DE11 1,107.3
DE11 7,146.9
DE11 8,172.1
DE11 9,344.3
DE12 6,170.8
DE12 7,266.8
DE12 8,163.1
DE13 0,229.3
DE13 7,154.5
DE13 8,284.5
DE13 9,308.0
DE14 1,877.7
DE14 2,567.1
DE14 3,576.9
DE14 9,199.5
DE15 0,116.9
DE15 9,204.6
DE21 2,37.6
DE21 4,327.2
DE21 5,103.3
DE21 6,492.4
DE21 7,324.2
DE22 1,186.0
DE22 2,159.1
DE22 3,409.0
DE22 4,66.6
DE22 5,18.4
DE23 1,65.4
DE23 2,17.5
DE23 3,24.7
DE23 4,16.1
DE23 6,355.3
DE23 8,599.5
DE24 0,111.7
DE24 1,150.7
DE24 3,80.9
DE24 8,1986.5
DE24 9,211.7
DE3 0,138.5
DE3 9,37.3
DE4 2,526.5
DE4 3,597.1
DE4 4,412.5
DE4 5,348.3
DE4 9,111.0
DE45 1,844.0
DE45 9,26.8
DE5 3,577.6
DE5 4,31.1
DE5 8,110.5
DE5 9,97.9
DE55 1,155.5
DE55 2,208.6
DE55 3,76.6
DE55 4,307.3
DE55 5,151.6
DE55 6,201.1
DE55 7,546.0
DE55 9,60.7
DE56 0,135.0
DE56 1,597.7
DE56 2,201.2
DE56 4,107.1
DE56 9,10.4
DE6 1,670.9
DE6 2,200.1
DE6 3,261.7
DE6 4,31.8
DE6 5,176.0
DE6 9,11.5
DE65 5,280.4
DE65 6,212.7
DE65 9,9.4
DE7 0,85.0
DE7 4,394.3
DE7 5,472.9
DE7 6,287.9
DE7 8,442.2
DE7 9,112.7
DE72 2,98.1
DE72 3,393.2
DE73 5,37.4
DE73 6,55.2
DE73 7,70.0
DE73 8,313.5
DE74 0,3.5
DE74 2,702.1
DE75 7,496.6
DE75 9,6.5
DE99 3,1.1
DG16 5,8.7
DH1 1,364.1
DH1 2,260.3
DH1 3,446.5
DH1 4,285.5
DH1 5,345.2
DH1 9,149.9
DH2 1,196.4
DH2 2,138.5
DH2 3,86.4
DH3 1,274.2
DH3 2,185.2
DH3 3,452.1
DH3 4,132.3
DH3 9,30.4
DH4 4,255.6
DH4 5,170.4
DH4 6,217.5
DH4 7,101.8
DH4 9,23.1
DH5 0,194.7
DH5 8,82.2
DH5 9,320.6
DH6 1,97.8
DH6 2,362.6
DH6 3,119.2
DH6 4,178.4
DH6 5,233.9
DH7 0,134.2
DH7 6,223.7
DH7 7,109.1
DH7 8,415.4
DH7 9,346.1
DH8 0,77.1
DH8 1,5.7
DH8 5,519.5
DH8 6,315.9
DH8 7,159.8
DH8 8,91.7
DH8 9,141.7
DH9 0,218.2
DH9 6,115.3
DH9 7,264.5
DH9 8,258.0
DH9 9,196.3
DH97 1,2.2
DH98 1,6.5
DH99 1,5.5
DL1 1,704.2
DL1 2,470.0
DL1 3,122.4
DL1 4,337.9
DL1 5,273.1
DL1 9,578.0
DL10 4,515.7
DL10 5,123.9
DL10 6,121.0
DL10 7,188.7
DL10 9,31.4
DL11 6,289.5
DL11 7,191.9
DL12 0,179.6
DL12 2,1.8
DL12 8,401.4
DL12 9,205.4
DL13 1,90.7
DL13 2,204.1
DL13 3,115.4
DL13 4,128.8
DL13 5,90.0
DL14 0,101.9
DL14 4,7.8
DL14 6,246.4
DL14 7,519.2
DL14 8,239.7
DL14 9,292.6
DL15 0,224.0
DL15 8,165.8
DL15 9,224.4
DL16 6,320.7
DL16 7,232.0
DL16 9,17.7
DL17 0,177.8
DL17 8,220.2
DL17 9,67.2
DL2 1,195.7
DL2 2,189.2
DL2 3,155.1
DL3 0,324.6
DL3 6,223.9
DL3 7,337.3
DL3 8,65.5
DL3 9,119.8
DL4 1,167.6
DL4 2,201.6
DL5 4,171.2
DL5 5,152.0
DL5 6,516.5
DL5 7,61.1
DL5 9,35.8
DL6 1,304.7
DL6 2,274.7
DL6 3,165.1
DL7 0,146.5
DL7 7,85.3
DL7 8,339.1
DL7 9,184.1
DL8 1,259.1
DL8 2,252.0
DL8 3,421.6
DL8 4,319.2
DL8 5,288.4
DL8 9,8.3
DL9 3,75.6
DL9 4,177.7
DL98 1,15.4
DN1 1,573.1
DN1 2,632.7
DN1 3,356.9
DN1 9,216.4
DN10 4,198.7
DN10 5,92.7
DN10 6,339.4
DN11 0,283.6
DN11 8,240.2
DN11 9,215.6
DN12 1,166.2
DN12 2,81.4
DN12 3,152.2
DN12 4,122.5
DN14 0,273.0
DN14 4,19.4
DN14 5,363.6
DN14 6,418.6
DN14 7,306.8
DN14 8,186.1
DN14 9,191.9
DN15 0,34.4
DN15 5,104.7
DN15 6,658.1
DN15 7,354.9
DN15 8,581.0
DN15 9,246.8
DN16 1,419.9
DN16 2,203.2
DN16 3,172.3
DN17 1,78.0
DN17 2,319.1
DN17 3,190.8
DN17 4,181.5
DN18 5,353.0
DN18 6,37.5
DN18 9,6.5
DN19 7,178.2
DN19 9,8.7
DN2 4,429.7
DN2 5,214.5
DN2 6,73.9
DN20 0,109.8
DN20 2,18.6
DN20 8,432.8
DN20 9,111.9
DN21 1,404.6
DN21 2,453.9
DN21 3,144.5
DN21 4,199.5
DN21 5,232.7
DN21 9,13.9
DN22 0,204.4
DN22 1,33.2
DN22 5,0.8
DN22 6,476.5
DN22 7,521.7
DN22 8,233.3
DN22 9,94.0
DN3 1,465.6
DN3 2,148.3
DN3 3,281.4
DN31 1,577.6
DN31 2,447.3
DN31 3,328.6
DN31 9,154.5
DN32 0,174.2
DN32 7,542.3
DN32 8,140.0
DN32 9,312.0
DN33 1,63.2
DN33 2,75.6
DN33 3,75.2
DN34 4,148.8
DN34 5,96.2
DN35 0,160.1
DN35 7,271.3
DN35 8,565.9
DN35 9,49.2
DN36 4,336.4
DN36 5,225.1
DN37 0,139.4
DN37 7,92.2
DN37 8,27.4
DN37 9,275.2
DN38 6,77.2
DN39 6,114.0
DN4 0,380.2
DN4 5,249.0
DN4 6,75.2
DN4 7,55.2
DN4 8,645.9
DN4 9,114.2
DN40 1,209.0
DN40 2,127.4
DN40 3,180.7
DN40 9,9.9
DN41 7,120.3
DN41 8,208.0
DN5 0,317.1
DN5 7,117.7
DN5 8,209.1
DN5 9,259.5
DN6 0,175.5
DN6 7,368.5
DN6 8,262.9
DN6 9,93.4
DN7 4,125.2
DN7 5,173.9
DN7 6,192.4
DN8 4,233.4
DN8 5,300.0
DN9 1,378.5
DN9 2,115.0
DN9 3,360.4
DT1 1,794.3
DT1 2,170.7
DT1 3,256.4
DT1 9,47.8
DT10 1,237.1
DT10 2,263.4
DT10 9,15.7
DT11 0,265.4
DT11 1,23.9
DT11 7,470.1
DT11 8,306.6
DT11 9,157.8
DT2 0,188.7
DT2 7,346.7
DT2 8,364.8
DT2 9,353.9
DT3 4,310.9
DT3 5,187.5
DT3 6,189.8
DT4 0,218.0
DT4 4,67.7
DT4 7,538.8
DT4 8,706.1
DT4 9,532.2
DT5 1,551.4
DT5 2,567.0
DT5 9,3.2
DT6 3,524.5
DT6 4,375.9
DT6 5,288.4
DT6 6,315.1
DT6 9,24.3
DT7 3,807.8
DT8 3,256.7
DT9 3,341.0
DT9 4,193.1
DT9 5,137.0
DT9 6,124.1
DT9 9,21.5
DY1 1,347.0
DY1 2,179.8
DY1 3,118.8
DY1 4,213.7
DY1 9,153.1
DY10 1,751.2
DY10 2,323.6
DY10 3,110.5
DY10 4,199.9
DY11 5,110.6
DY11 6,200.6
DY11 7,405.2
DY11 9,56.5
DY12 1,131.1
DY12 2,245.4
DY12 3,40.5
DY12 9,3.3
DY13 0,162.0
DY13 3,16.7
DY13 8,296.8
DY13 9,500.5
DY14 0,85.1
DY14 8,161.2
DY14 9,131.4
DY2 0,373.6
DY2 7,316.5
DY2 8,395.8
DY2 9,393.2
DY3 1,229.6
DY3 2,226.7
DY3 3,107.5
DY3 4,85.8
DY4 0,245.6
DY4 4,8.3
DY4 7,523.1
DY4 8,285.8
DY4 9,341.5
DY5 1,581.3
DY5 2,562.0
DY5 3,649.1
DY5 4,107.3
DY5 9,26.6
DY6 0,82.7
DY6 6,12.9
DY6 7,478.5
DY6 8,313.4
DY6 9,157.1
DY7 5,191.0
DY7 6,144.5
DY8 1,482.0
DY8 2,121.9
DY8 3,189.4
DY8 4,313.5
DY8 5,171.4
DY8 9,94.1
DY9 0,184.1
DY9 7,205.3
DY9 8,627.8
DY9 9,138.5
E1 0,290.9
E1 1,943.5
E1 2,587.3
E1 3,165.0
E1 4,435.2
E1 5,909.2
E1 6,1281.1
E1 7,996.2
E1 8,1011.9
E10 5,516.0
E10 6,460.8
E10 7,970.1
E10 9,24.9
E11 1,300.2
E11 2,227.4
E11 3,301.5
E11 4,303.1
E11 9,28.5
E12 5,263.4
E12 6,447.0
E12 9,65.4
E13 0,229.1
E13 3,11.1
E13 8,325.8
E13 9,349.4
E14 0,531.0
E14 1,44.5
E14 2,182.3
E14 3,506.0
E14 4,529.3
E14 5,1032.7
E14 6,349.5
E14 7,346.4
E14 8,708.3
E14 9,2166.8
E15 1,838.4
E15 2,449.9
E15 3,180.0
E15 4,335.8
E15 9,24.2
E16 1,421.5
E16 2,510.1
E16 3,146.0
E16 4,339.6
E16 9,30.9
E17 0,42.3
E17 3,316.3
E17 4,289.4
E17 5,280.8
E17 6,562.9
E17 7,451.1
E17 8,278.5
E17 9,334.2
E18 1,300.5
E18 2,333.8
E18 9,19.7
E1W 1,418.7
E1W 2,142.3
E1W 3,395.5
E1W 9,67.1
E2 0,441.5
E2 2,83.5
E2 6,479.3
E2 7,528.2
E2 8,660.6
E2 9,625.3
E20 1,380.9
E20 2,40.7
E20 3,96.9
E3 2,987.2
E3 3,481.3
E3 4,348.8
E3 5,317.6
E3 9,4.8
E4 0,85.0
E4 6,198.1
E4 7,232.2
E4 8,311.5
E4 9,362.1
E5 0,312.2
E5 5,5.1
E5 8,348.2
E5 9,409.4
E6 1,556.6
E6 2,308.8
E6 3,166.5
E6 5,193.6
E6 6,169.4
E6 7,15.0
E6 9,8.1
E7 0,254.9
E7 7,6.8
E7 8,668.6
E7 9,614.2
E8 1,342.8
E8 2,934.6
E8 3,1010.1
E8 4,588.6
E8 9,41.2
E9 5,705.9
E9 6,500.7
E9 7,213.7
E9 9,47.7
E98 1,44.0
EC1A 1,62.6
EC1A 2,104.3
EC1A 4,149.0
EC1A 7,299.3
EC1A 9,282.2
EC1M 3,103.3
EC1M 4,243.5
EC1M 5,277.9
EC1M 6,338.4
EC1M 7,39.1
EC1N 2,182.5
EC1N 6,82.7
EC1N 7,476.5
EC1N 8,826.8
EC1P 1,221.5
EC1R 0,318.7
EC1R 1,40.6
EC1R 3,186.2
EC1R 4,192.1
EC1R 5,378.8
EC1V 0,264.6
EC1V 1,172.0
EC1V 2,106.2
EC1V 3,217.6
EC1V 4,238.8
EC1V 7,269.8
EC1V 8,108.4
EC1V 9,339.7
EC1Y 0,216.2
EC1Y 1,107.2
EC1Y 2,99.9
EC1Y 4,114.7
EC1Y 8,521.7
EC2A 1,185.5
EC2A 2,591.1
EC2A 3,876.4
EC2A 4,1115.4
EC2M 1,188.6
EC2M 2,263.1
EC2M 3,280.6
EC2M 4,521.2
EC2M 5,332.8
EC2M 6,92.9
EC2M 7,331.9
EC2N 1,227.5
EC2N 2,292.1
EC2N 3,53.1
EC2N 4,119.5
EC2P 2,112.9
EC2R 5,133.7
EC2R 6,200.1
EC2R 7,320.5
EC2R 8,321.4
EC2V 5,242.4
EC2V 6,301.2
EC2V 7,383.8
EC2V 8,191.7
EC2Y 5,131.5
EC2Y 8,304.4
EC2Y 9,189.5
EC3A 1,13.3
EC3A 2,39.8
EC3A 3,40.8
EC3A 4,26.6
EC3A 5,185.9
EC3A 6,92.9
EC3A 7,298.9
EC3A 8,237.7
EC3M 1,225.7
EC3M 2,13.3
EC3M 3,106.2
EC3M 4,146.0
EC3M 5,199.1
EC3M 6,79.7
EC3M 7,212.4
EC3M 8,79.7
EC3N 1,378.6
EC3N 2,395.1
EC3N 3,106.2
EC3N 4,147.1
EC3P 3,30.0
EC3R 5,185.9
EC3R 6,255.0
EC3R 7,305.3
EC3R 8,371.7
EC3V 0,292.1
EC3V 1,106.2
EC3V 3,292.1
EC3V 4,53.1
EC3V 9,306.3
EC4A 1,269.2
EC4A 2,185.4
EC4A 3,261.7
EC4A 4,116.9
EC4M 5,27.5
EC4M 6,26.6
EC4M 7,515.8
EC4M 8,132.8
EC4M 9,345.2
EC4N 1,79.7
EC4N 4,146.0
EC4N 5,132.8
EC4N 6,186.8
EC4N 7,201.0
EC4N 8,160.2
EC4P 4,45.6
EC4R 0,185.9
EC4R 1,132.8
EC4R 2,146.0
EC4R 3,199.1
EC4R 9,107.1
EC4V 2,119.5
EC4V 3,305.3
EC4V 4,319.5
EC4V 5,452.3
EC4V 6,286.9
EC4Y 0,186.3
EC4Y 1,142.5
EC4Y 7,335.3
EC4Y 8,156.5
EC4Y 9,158.6
EN1 1,296.3
EN1 2,160.1
EN1 3,220.7
EN1 4,150.7
EN1 9,30.5
EN10 6,208.5
EN10 7,115.5
EN11 0,476.8
EN11 1,25.7
EN11 8,348.6
EN11 9,69.5
EN2 0,211.5
EN2 6,234.3
EN2 7,67.5
EN2 8,77.1
EN2 9,123.6
EN3 4,467.2
EN3 5,272.1
EN3 6,301.2
EN3 7,558.1
EN4 0,128.8
EN4 8,315.0
EN4 9,136.7
EN5 1,134.3
EN5 2,102.9
EN5 3,30.9
EN5 4,276.2
EN5 5,395.4
EN5 9,5.4
EN6 1,251.9
EN6 2,180.4
EN6 3,368.4
EN6 4,179.7
EN6 5,149.7
EN6 9,67.8
EN7 5,94.2
EN7 6,84.1
EN8 0,213.3
EN8 1,63.8
EN8 7,263.0
EN8 8,246.3
EN8 9,244.3
EN9 1,390.5
EN9 2,291.1
EN9 3,281.1
EX1 1,651.0
EX1 2,210.8
EX1 3,199.8
EX1 4,30.3
EX1 9,163.2
EX10 0,227.0
EX10 1,40.9
EX10 8,387.5
EX10 9,252.6
EX11 1,332.4
EX12 2,546.0
EX12 3,255.0
EX12 4,33.9
EX12 9,19.2
EX13 5,451.0
EX13 7,206.4
EX13 8,57.5
EX13 9,11.0
EX14 0,9.8
EX14 1,388.7
EX14 2,126.9
EX14 3,171.3
EX14 4,266.7
EX14 9,171.1
EX15 1,449.4
EX15 2,293.3
EX15 3,239.6
EX15 9,4.0
EX16 0,63.0
EX16 4,161.9
EX16 5,183.4
EX16 6,443.6
EX16 7,297.8
EX16 8,168.6
EX16 9,196.7
EX17 1,132.1
EX17 2,119.7
EX17 3,166.0
EX17 4,133.0
EX17 5,119.6
EX17 6,195.5
EX17 9,10.5
EX18 7,206.8
EX19 8,159.6
EX2 0,21.9
EX2 4,222.1
EX2 5,216.6
EX2 6,170.8
EX2 7,361.9
EX2 8,1038.9
EX2 9,178.4
EX20 1,476.5
EX20 2,198.9
EX20 3,180.4
EX20 4,162.9
EX20 9,25.2
EX21 5,247.4
EX22 6,424.0
EX22 7,378.6
EX22 9,10.6
EX23 0,309.5
EX23 3,10.9
EX23 8,643.7
EX23 9,408.1
EX24 6,190.7
EX3 0,364.8
EX3 9,45.9
EX31 1,540.4
EX31 2,130.0
EX31 3,367.5
EX31 4,439.1
EX32 0,269.0
EX32 2,202.6
EX32 7,232.4
EX32 8,261.2
EX32 9,151.3
EX33 1,481.9
EX33 2,274.1
EX34 0,178.7
EX34 4,9.0
EX34 7,416.2
EX34 8,382.8
EX34 9,582.7
EX35 6,330.5
EX36 3,325.2
EX36 4,310.1
EX36 9,9.8
EX37 9,209.6
EX38 7,112.0
EX38 8,224.0
EX38 9,9.3
EX39 1,701.6
EX39 2,351.0
EX39 3,416.8
EX39 4,281.1
EX39 5,392.8
EX39 6,167.3
EX39 9,47.4
EX4 0,19.0
EX4 1,188.5
EX4 2,79.5
EX4 3,545.6
EX4 4,299.7
EX4 5,26.8
EX4 6,154.8
EX4 7,54.9
EX4 8,186.5
EX4 9,20.3
EX5 1,384.7
EX5 2,487.0
EX5 3,134.3
EX5 4,207.3
EX5 5,146.6
EX5 7,44.8
EX6 6,129.0
EX6 7,222.7
EX6 8,281.5
EX7 0,275.7
EX7 7,8.6
EX7 9,186.9
EX8 1,542.7
EX8 2,359.7
EX8 3,63.0
EX8 4,144.7
EX8 5,127.9
EX8 9,47.4
EX9 6,337.0
EX9 7,138.9
EX9 9,4.5
FY1 1,348.4
FY1 2,486.2
FY1 3,359.0
FY1 4,782.9
FY1 5,549.3
FY1 6,601.7
FY1 9,242.7
FY2 0,399.8
FY2 9,300.1
FY3 0,58.4
FY3 7,299.9
FY3 8,182.3
FY3 9,252.4
FY4 1,576.1
FY4 2,249.3
FY4 3,248.2
FY4 4,433.4
FY4 5,470.4
FY4 9,3.4
FY5 1,293.1
FY5 2,195.8
FY5 3,185.1
FY5 4,292.5
FY5 5,106.9
FY5 9,17.7
FY6 0,228.9
FY6 6,78.1
FY6 7,565.6
FY6 8,114.5
FY6 9,109.9
FY7 6,775.7
FY7 7,167.6
FY7 8,104.6
FY7 9,13.9
FY8 1,548.8
FY8 2,266.6
FY8 3,170.3
FY8 4,211.4
FY8 5,494.7
FY8 9,53.8
GL1 1,672.2
GL1 2,635.4
GL1 3,233.9
GL1 4,317.6
GL1 5,427.9
GL1 9,65.7
GL10 2,350.3
GL10 3,316.0
GL11 4,203.1
GL11 5,167.4
GL11 6,89.0
GL11 9,11.1
GL12 7,228.9
GL12 8,374.9
GL12 9,0.9
GL13 9,237.4
GL14 1,134.9
GL14 2,382.6
GL14 3,113.3
GL14 9,20.9
GL15 4,199.6
GL15 5,413.2
GL15 6,226.3
GL15 9,34.3
GL16 7,152.5
GL16 8,339.9
GL16 9,47.9
GL17 0,263.8
GL17 1,24.6
GL17 9,180.0
GL18 1,374.3
GL18 2,49.9
GL19 3,232.4
GL19 4,140.4
GL2 0,105.2
GL2 2,244.5
GL2 3,15.2
GL2 4,357.9
GL2 5,500.2
GL2 7,247.0
GL2 8,167.3
GL2 9,199.8
GL20 5,381.7
GL20 6,122.6
GL20 7,186.9
GL20 8,530.0
GL20 9,67.7
GL3 1,181.8
GL3 2,110.2
GL3 3,130.0
GL3 4,201.9
GL3 5,5.3
GL3 9,17.4
GL4 0,142.7
GL4 3,269.0
GL4 4,88.6
GL4 5,34.4
GL4 6,93.2
GL4 8,72.3
GL5 1,282.2
GL5 2,304.4
GL5 3,417.9
GL5 4,235.6
GL5 5,207.9
GL50 1,595.8
GL50 2,396.1
GL50 3,516.3
GL50 4,276.7
GL50 9,135.3
GL51 0,125.2
GL51 3,47.2
GL51 4,54.0
GL51 6,271.1
GL51 7,113.5
GL51 8,250.7
GL51 9,357.9
GL52 2,295.7
GL52 3,103.6
GL52 5,114.4
GL52 6,200.2
GL52 7,41.9
GL52 8,194.4
GL52 9,73.6
GL53 0,113.4
GL53 7,251.6
GL53 8,86.9
GL53 9,74.4
GL54 1,335.9
GL54 2,432.2
GL54 3,181.7
GL54 4,131.0
GL54 5,408.6
GL55 6,359.1
GL55 9,5.8
GL56 0,350.3
GL56 9,279.6
GL6 0,320.8
GL6 1,37.5
GL6 6,119.8
GL6 7,123.3
GL6 8,152.4
GL6 9,107.9
GL7 0,10.7
GL7 1,728.7
GL7 2,432.7
GL7 3,170.2
GL7 4,149.4
GL7 5,602.8
GL7 6,306.4
GL7 7,134.3
GL7 9,38.1
GL8 0,12.2
GL8 8,482.4
GL9 1,110.0
GU1 1,311.5
GU1 2,137.5
GU1 3,601.6
GU1 4,513.7
GU1 9,185.6
GU10 1,122.6
GU10 2,115.3
GU10 3,58.9
GU10 4,117.5
GU10 5,233.5
GU11 1,380.5
GU11 2,255.4
GU11 3,165.9
GU11 4,52.6
GU11 9,62.8
GU12 4,356.7
GU12 5,161.7
GU12 6,90.6
GU14 0,226.7
GU14 4,82.3
GU14 6,461.6
GU14 7,410.6
GU14 8,157.2
GU14 9,59.4
GU15 1,51.0
GU15 2,437.4
GU15 3,532.7
GU15 4,74.0
GU15 9,157.2
GU16 6,197.6
GU16 7,446.9
GU16 8,50.7
GU16 9,28.4
GU17 0,68.0
GU17 9,121.1
GU18 5,111.0
GU19 5,252.4
GU2 4,92.7
GU2 7,345.4
GU2 8,115.4
GU2 9,178.8
GU20 5,3.8
GU20 6,81.2
GU21 2,201.5
GU21 3,52.7
GU21 4,146.6
GU21 5,354.0
GU21 6,684.1
GU21 7,67.9
GU21 8,103.7
GU21 9,0.8
GU22 0,110.1
GU22 2,169.4
GU22 7,135.1
GU22 8,99.8
GU22 9,149.2
GU23 6,167.6
GU23 7,87.0
GU24 0,151.5
GU24 8,353.1
GU24 9,190.8
GU25 4,156.1
GU25 9,8.2
GU26 6,221.1
GU27 1,158.5
GU27 2,201.6
GU27 3,141.7
GU27 9,22.7
GU28 0,205.2
GU28 8,8.0
GU28 9,142.1
GU29 0,96.9
GU29 1,13.3
GU29 9,289.7
GU3 1,190.0
GU3 2,105.2
GU3 3,147.0
GU30 7,311.6
GU30 9,3.2
GU31 4,134.7
GU31 5,167.2
GU32 1,217.4
GU32 2,127.9
GU32 3,348.9
GU32 9,101.7
GU33 6,100.7
GU33 7,189.6
GU34 1,282.4
GU34 2,278.5
GU34 3,240.0
GU34 4,152.8
GU34 5,303.0
GU34 9,95.1
GU35 0,275.2
GU35 5,8.6
GU35 8,87.1
GU35 9,280.1
GU4 7,249.2
GU4 8,126.3
GU46 6,141.7
GU46 7,58.3
GU47 0,80.1
GU47 7,11.1
GU47 8,51.3
GU47 9,106.5
GU5 0,158.0
GU5 9,183.8
GU51 1,34.6
GU51 2,162.0
GU51 3,343.7
GU51 4,138.7
GU51 5,76.3
GU51 9,33.2
GU52 0,24.6
GU52 6,53.1
GU52 7,37.2
GU52 8,70.8
GU52 9,0.5
GU6 7,84.1
GU6 8,427.0
GU6 9,9.1
GU7 1,423.8
GU7 2,142.9
GU7 3,193.9
GU7 9,121.1
GU8 4,244.0
GU8 5,162.2
GU8 6,150.2
GU9 0,74.8
GU9 1,106.8
GU9 7,598.5
GU9 8,183.3
GU9 9,218.9
HA0 1,443.8
HA0 2,170.4
HA0 3,112.6
HA0 4,591.4
HA0 9,9.3
HA1 1,525.0
HA1 2,333.2
HA1 3,485.1
HA1 4,358.0
HA1 9,57.4
HA2 0,150.4
HA2 2,37.5
HA2 6,148.8
HA2 7,164.6
HA2 8,253.6
HA2 9,182.3
HA3 0,175.4
HA3 3,77.5
HA3 5,267.7
HA3 6,122.9
HA3 7,185.7
HA3 8,227.4
HA3 9,156.5
HA4 0,169.0
HA4 4,50.3
HA4 6,213.1
HA4 7,192.7
HA4 8,319.2
HA4 9,104.7
HA5 1,109.9
HA5 2,91.7
HA5 3,212.8
HA5 4,157.6
HA5 5,230.6
HA5 9,62.3
HA6 1,265.7
HA6 2,273.2
HA6 3,36.9
HA6 9,28.3
HA7 1,271.1
HA7 2,79.9
HA7 3,105.5
HA7 4,153.6
HA7 9,70.0
HA8 0,180.1
HA8 4,25.7
HA8 5,333.2
HA8 6,217.0
HA8 7,197.2
HA8 8,191.6
HA8 9,228.3
HA9 0,565.7
HA9 1,6.0
HA9 6,200.7
HA9 7,651.9
HA9 8,344.1
HA9 9,120.1
HD1 1,358.0
HD1 2,448.8
HD1 3,449.5
HD1 4,412.5
HD1 5,299.4
HD1 6,580.4
HD1 9,207.6
HD2 1,483.8
HD2 2,226.7
HD3 3,350.4
HD3 4,577.5
HD4 5,292.5
HD4 6,296.3
HD4 7,192.7
HD5 0,113.7
HD5 8,178.0
HD5 9,222.9
HD6 1,569.9
HD6 2,267.9
HD6 3,169.0
HD6 4,206.5
HD6 9,34.8
HD7 4,182.7
HD7 5,460.5
HD7 6,148.5
HD7 9,13.5
HD8 0,239.5
HD8 1,28.7
HD8 8,374.1
HD8 9,405.6
HD9 1,166.7
HD9 2,271.2
HD9 3,165.6
HD9 4,159.1
HD9 5,113.2
HD9 6,287.7
HD9 7,146.3
HD9 9,30.8
HG1 1,751.1
HG1 2,550.7
HG1 3,90.3
HG1 4,263.7
HG1 5,577.5
HG1 9,60.8
HG2 0,272.3
HG2 7,248.9
HG2 8,353.3
HG2 9,94.7
HG3 1,245.4
HG3 2,287.2
HG3 3,209.7
HG3 4,127.1
HG3 5,249.9
HG4 1,490.9
HG4 2,204.7
HG4 3,188.7
HG4 4,182.4
HG4 5,231.2
HG4 9,22.2
HG5 0,254.0
HG5 5,12.0
HG5 8,397.2
HG5 9,194.9
HP1 1,420.4
HP1 2,125.4
HP1 3,167.0
HP1 9,105.4
HP10 0,164.5
HP10 8,59.1
HP10 9,255.1
HP11 1,341.1
HP11 2,693.0
HP11 9,119.4
HP12 3,476.4
HP12 4,239.8
HP12 9,43.3
HP13 5,207.4
HP13 6,237.0
HP13 7,125.2
HP14 3,305.0
HP14 4,153.9
HP15 6,166.0
HP15 7,122.1
HP15 9,2.4
HP16 0,177.4
HP16 6,15.3
HP16 9,106.1
HP17 0,28.3
HP17 8,268.5
HP17 9,7.9
HP18 0,388.8
HP18 1,6.5
HP18 9,377.6
HP19 0,15.2
HP19 7,29.7
HP19 8,477.1
HP19 9,269.5
HP2 4,564.5
HP2 5,263.1
HP2 6,98.3
HP2 7,358.3
HP20 1,389.6
HP20 2,375.3
HP20 9,68.3
HP21 7,177.0
HP21 8,56.1
HP21 9,47.7
HP22 0,17.8
HP22 3,19.9
HP22 4,178.3
HP22 5,212.1
HP22 6,174.1
HP22 7,36.6
HP22 9,29.6
HP23 4,216.7
HP23 5,225.4
HP23 6,207.4
HP23 9,5.6
HP27 0,172.4
HP27 7,1.0
HP27 9,168.8
HP3 0,190.1
HP3 8,119.7
HP3 9,302.8
HP4 1,249.0
HP4 2,301.1
HP4 3,212.8
HP4 9,28.1
HP5 1,377.1
HP5 2,218.7
HP5 3,183.3
HP5 9,7.0
HP6 5,196.0
HP6 6,169.5
HP6 9,74.1
HP7 0,265.6
HP7 9,179.1
HP8 4,113.9
HP9 1,333.6
HP9 2,235.8
HP9 9,21.3
HR1 1,194.9
HR1 2,779.4
HR1 3,225.0
HR1 4,201.1
HR1 9,50.5
HR2 0,223.9
HR2 6,515.4
HR2 7,87.3
HR2 8,252.5
HR2 9,257.4
HR3 5,403.4
HR3 6,161.1
HR4 0,334.2
HR4 7,149.4
HR4 8,197.6
HR4 9,699.0
HR5 3,344.7
HR6 0,285.3
HR6 6,22.2
HR6 8,519.7
HR6 9,252.2
HR7 4,381.9
HR8 1,291.7
HR8 2,407.5
HR8 9,5.2
HR9 5,371.7
HR9 6,309.9
HR9 7,410.8
HR9 9,17.2
HU1 1,443.5
HU1 2,488.3
HU1 3,511.2
HU1 4,1.9
HU10 6,273.1
HU10 7,152.1
HU10 9,11.5
HU11 4,167.0
HU11 5,112.3
HU12 0,226.5
HU12 8,364.0
HU12 9,199.2
HU13 0,412.6
HU13 3,16.2
HU13 9,156.0
HU14 3,252.5
HU14 9,18.5
HU15 1,256.4
HU15 2,328.9
HU16 4,175.4
HU16 5,176.6
HU16 9,2.0
HU17 0,585.4
HU17 5,45.0
HU17 6,181.2
HU17 7,130.8
HU17 8,360.6
HU17 9,301.0
HU18 1,366.9
HU19 2,516.2
HU2 0,290.2
HU2 8,453.3
HU2 9,116.8
HU20 3,28.6
HU3 1,350.8
HU3 2,291.9
HU3 3,332.3
HU3 4,433.1
HU3 5,120.2
HU3 6,267.8
HU4 6,286.2
HU4 7,180.2
HU4 9,2.3
HU5 1,312.2
HU5 2,284.7
HU5 3,237.9
HU5 4,168.2
HU5 5,157.6
HU6 0,18.8
HU6 7,261.3
HU6 8,120.8
HU6 9,95.5
HU7 0,249.1
HU7 3,75.0
HU7 4,246.0
HU7 5,55.4
HU7 6,23.7
HU7 9,54.4
HU8 0,98.2
HU8 7,289.9
HU8 8,447.6
HU8 9,126.2
HU9 1,442.9
HU9 2,181.8
HU9 3,169.9
HU9 4,138.9
HU9 5,367.4
HU9 9,175.8
HX1 1,506.6
HX1 2,595.4
HX1 3,298.5
HX1 4,386.6
HX1 5,424.0
HX1 9,294.8
HX2 0,133.3
HX2 6,168.4
HX2 7,112.7
HX2 8,145.4
HX2 9,324.2
HX3 0,132.9
HX3 5,181.3
HX3 6,556.6
HX3 7,203.7
HX3 8,228.3
HX3 9,229.5
HX4 0,70.3
HX4 8,212.9
HX4 9,78.7
HX5 0,389.3
HX5 9,314.7
HX6 1,101.6
HX6 2,373.8
HX6 3,222.4
HX6 4,156.7
HX7 5,325.3
HX7 6,192.7
HX7 7,153.1
HX7 8,306.2
HX7 9,8.6
IG1 1,561.3
IG1 2,544.6
IG1 3,198.8
IG1 4,556.6
IG1 8,229.9
IG1 9,134.2
IG10 1,261.3
IG10 2,71.9
IG10 3,292.3
IG10 4,256.9
IG10 9,35.7
IG11 0,710.2
IG11 1,6.4
IG11 7,409.8
IG11 8,791.5
IG11 9,270.1
IG2 6,414.1
IG2 7,194.1
IG3 8,395.1
IG3 9,271.9
IG4 5,452.5
IG5 0,120.0
IG6 1,125.3
IG6 2,237.0
IG6 3,276.0
IG7 4,183.5
IG7 5,67.3
IG7 6,111.8
IG8 0,150.5
IG8 1,121.2
IG8 7,124.5
IG8 8,191.6
IG8 9,138.9
IG9 5,179.2
IG9 6,58.7
IP1 1,446.1
IP1 2,363.4
IP1 3,405.8
IP1 4,141.9
IP1 5,307.4
IP1 6,141.1
IP1 9,205.9
IP10 0,257.5
IP11 0,73.7
IP11 1,29.2
IP11 2,710.7
IP11 3,219.4
IP11 4,43.3
IP11 6,4.5
IP11 7,951.1
IP11 9,437.9
IP12 1,378.6
IP12 2,408.0
IP12 3,98.0
IP12 4,344.6
IP12 9,96.8
IP13 0,207.9
IP13 6,192.4
IP13 7,153.9
IP13 8,63.0
IP13 9,289.0
IP14 1,352.6
IP14 2,151.4
IP14 3,149.3
IP14 4,193.2
IP14 5,341.3
IP14 6,201.9
IP14 9,30.6
IP15 5,381.8
IP16 4,421.4
IP17 1,285.3
IP17 2,166.1
IP17 3,177.0
IP17 9,4.8
IP18 6,1075.3
IP19 0,124.6
IP19 1,10.7
IP19 8,344.7
IP19 9,163.5
IP2 0,221.3
IP2 8,317.3
IP2 9,101.0
IP20 0,117.4
IP20 9,245.0
IP21 4,247.8
IP21 5,182.3
IP22 1,199.0
IP22 2,194.8
IP22 4,567.8
IP22 5,63.1
IP22 9,7.9
IP23 7,190.9
IP23 8,113.0
IP23 9,3.4
IP24 1,427.8
IP24 2,351.1
IP24 3,365.0
IP24 9,8.3
IP25 5,0.5
IP25 6,385.2
IP25 7,148.8
IP26 4,136.8
IP26 5,89.5
IP27 0,282.9
IP27 1,11.6
IP27 9,127.6
IP28 1,3.4
IP28 3,0.4
IP28 6,266.5
IP28 7,348.8
IP28 8,176.1
IP28 9,19.0
IP29 4,126.5
IP29 5,144.0
IP3 0,279.4
IP3 8,238.7
IP3 9,593.5
IP30 0,161.6
IP30 9,277.4
IP31 1,181.3
IP31 2,241.6
IP31 3,174.8
IP32 6,216.7
IP32 7,298.7
IP33 1,704.8
IP33 2,137.1
IP33 3,370.9
IP33 9,119.4
IP4 1,469.3
IP4 2,280.5
IP4 3,51.8
IP4 4,120.0
IP4 5,141.1
IP5 1,93.2
IP5 2,63.9
IP5 3,155.2
IP6 0,336.7
IP6 8,323.2
IP6 9,194.9
IP7 5,279.1
IP7 6,312.2
IP7 7,156.5
IP7 9,9.5
IP8 3,339.1
IP8 4,202.0
IP9 1,102.2
IP9 2,217.1
IP98 1,3.4
IP98 6,3.8
IP98 9,0.6
KT1 1,464.4
KT1 2,382.2
KT1 3,229.6
KT1 4,197.2
KT1 9,101.5
KT10 0,126.2
KT10 1,42.9
KT10 8,144.0
KT10 9,221.0
KT11 1,184.2
KT11 2,136.8
KT11 3,184.7
KT11 9,30.7
KT12 1,249.5
KT12 2,300.0
KT12 3,197.7
KT12 4,211.5
KT12 5,103.2
KT12 9,1.7
KT13 0,326.9
KT13 3,24.4
KT13 8,400.0
KT13 9,254.8
KT14 6,206.8
KT14 7,208.2
KT14 9,30.4
KT15 1,93.4
KT15 2,382.1
KT15 3,141.9
KT15 9,40.0
KT16 0,283.7
KT16 6,15.1
KT16 8,247.0
KT16 9,227.8
KT17 1,310.0
KT17 2,148.9
KT17 3,66.4
KT17 4,115.8
KT17 9,88.3
KT18 5,263.4
KT18 6,51.6
KT18 7,179.2
KT19 0,140.9
KT19 7,11.6
KT19 8,297.5
KT19 9,178.7
KT2 5,230.7
KT2 6,282.3
KT2 7,110.2
KT20 5,118.6
KT20 6,110.7
KT20 7,123.3
KT20 9,9.6
KT21 1,84.8
KT21 2,108.7
KT21 9,6.1
KT22 0,114.5
KT22 2,51.6
KT22 7,521.1
KT22 8,242.7
KT22 9,166.6
KT23 3,92.0
KT23 4,160.7
KT24 5,105.1
KT24 6,134.3
KT3 3,321.0
KT3 4,246.6
KT3 5,252.9
KT3 6,142.5
KT3 9,24.2
KT4 7,157.3
KT4 8,233.5
KT4 9,28.8
KT5 8,128.6
KT5 9,126.4
KT6 4,356.7
KT6 5,168.9
KT6 6,99.7
KT6 7,500.0
KT7 0,223.9
KT8 0,138.1
KT8 1,21.6
KT8 2,170.1
KT8 8,2.3
KT8 9,178.9
KT9 1,344.0
KT9 2,144.4
KT9 9,6.1
L1 0,226.9
L1 1,484.3
L1 2,106.8
L1 3,259.4
L1 4,540.2
L1 5,440.9
L1 6,195.7
L1 7,53.5
L1 8,239.9
L1 9,254.0
L10 0,9.0
L10 1,48.5
L10 2,48.8
L10 3,50.0
L10 4,28.0
L10 5,0.7
L10 6,12.3
L10 7,33.1
L10 8,11.0
L10 9,28.9
L11 0,47.1
L11 1,115.7
L11 2,59.1
L11 3,28.5
L11 4,40.7
L11 5,11.8
L11 6,6.1
L11 7,20.0
L11 8,24.7
L11 9,38.2
L12 0,30.1
L12 1,12.6
L12 2,20.5
L12 3,42.5
L12 4,27.3
L12 5,66.9
L12 6,13.9
L12 7,57.8
L12 8,42.9
L12 9,44.4
L13 0,22.8
L13 1,100.8
L13 2,120.5
L13 3,198.2
L13 4,43.7
L13 5,150.1
L13 6,66.2
L13 7,149.2
L13 8,67.6
L13 9,55.3
L14 0,52.3
L14 1,20.8
L14 2,27.7
L14 3,20.3
L14 4,21.0
L14 5,31.1
L14 6,13.2
L14 7,49.1
L14 8,11.6
L14 9,22.7
L15 0,61.3
L15 1,25.9
L15 2,62.5
L15 3,96.8
L15 4,109.9
L15 5,63.0
L15 6,66.0
L15 7,33.6
L15 8,62.5
L15 9,49.5
L16 0,8.3
L16 1,18.1
L16 2,14.8
L16 3,9.1
L16 4,10.5
L16 5,15.7
L16 6,13.1
L16 7,32.3
L16 8,29.7
L16 9,11.5
L17 0,64.7
L17 1,6.3
L17 2,29.7
L17 3,23.1
L17 4,29.8
L17 5,25.1
L17 6,35.0
L17 7,104.5
L17 8,60.3
L17 9,31.1
L18 0,40.2
L18 1,182.9
L18 2,34.4
L18 3,17.2
L18 4,30.8
L18 5,97.9
L18 6,15.4
L18 7,33.1
L18 8,23.5
L18 9,36.5
L19 0,36.3
L19 1,43.9
L19 2,658.4
L19 3,25.0
L19 4,29.7
L19 5,325.4
L19 6,85.7
L19 7,14.4
L19 8,249.0
L19 9,40.5
L2 0,221.8
L2 1,53.8
L2 2,433.8
L2 3,213.5
L2 4,205.3
L2 5,106.9
L2 6,102.8
L2 7,199.9
L2 8,151.9
L2 9,150.9
L20 0,32.6
L20 1,85.3
L20 2,137.0
L20 3,243.7
L20 4,351.8
L20 5,119.8
L20 6,118.0
L20 7,261.8
L20 8,304.7
L20 9,119.4
L21 0,35.3
L21 1,75.0
L21 2,22.4
L21 3,40.9
L21 4,22.0
L21 5,12.6
L21 6,35.5
L21 7,47.1
L21 8,125.1
L21 9,51.0
L22 0,71.7
L22 1,41.2
L22 2,26.2
L22 3,54.3
L22 4,45.2
L22 5,95.0
L22 6,26.9
L22 7,19.0
L22 8,52.2
L22 9,75.0
L23 0,86.4
L23 1,12.5
L23 2,67.7
L23 3,85.9
L23 4,13.8
L23 5,109.3
L23 6,47.2
L23 7,38.5
L23 8,27.4
L23 9,23.3
L24 0,15.2
L24 1,202.8
L24 2,44.0
L24 3,106.6
L24 4,15.0
L24 5,15.5
L24 6,13.1
L24 7,14.2
L24 8,217.7
L24 9,277.0
L25 0,211.9
L25 1,14.2
L25 2,51.2
L25 3,16.4
L25 4,11.7
L25 5,35.2
L25 6,53.6
L25 7,110.5
L25 8,32.5
L25 9,20.4
L26 0,43.9
L26 1,12.9
L26 2,3.1
L26 3,2.3
L26 4,1.0
L26 5,0.8
L26 6,22.7
L26 7,15.0
L26 8,0.3
L26 9,25.1
L27 0,3.2
L27 1,54.4
L27 2,1.9
L27 3,0.5
L27 4,5.0
L27 5,6.4
L27 6,1.9
L27 7,20.3
L27 8,23.4
L28 0,2.2
L28 1,12.3
L28 4,0.7
L28 5,6.8
L28 6,9.2
L28 7,1.0
L28 8,1.6
L29 1,0.2
L29 3,0.8
L29 5,0.6
L29 6,0.6
L29 7,1.7
L29 8,0.6
L29 9,0.6
L3 0,52.7
L3 1,550.9
L3 2,138.8
L3 3,41.9
L3 4,206.6
L3 5,362.1
L3 6,278.6
L3 7,90.7
L3 8,209.0
L3 9,731.7
L30 0,12.2
L30 1,118.2
L30 2,25.7
L30 3,46.0
L30 4,23.7
L30 5,23.4
L30 6,50.2
L30 7,21.2
L30 8,83.3
L30 9,5.5
L31 0,68.2
L31 1,81.9
L31 2,55.6
L31 3,33.6
L31 4,35.0
L31 5,47.1
L31 6,32.4
L31 7,136.5
L31 8,72.5
L31 9,19.0
L32 0,26.5
L32 1,11.5
L32 2,27.6
L32 3,8.0
L32 4,17.9
L32 5,12.1
L32 6,57.1
L32 7,46.5
L32 8,80.7
L32 9,28.3
L33 0,38.2
L33 1,18.7
L33 3,59.1
L33 4,35.9
L33 5,185.8
L33 6,68.5
L33 7,473.6
L33 8,13.1
L33 9,27.4
L34 0,99.9
L34 1,89.3
L34 2,35.6
L34 3,33.8
L34 4,33.4
L34 5,172.3
L34 6,65.9
L34 7,11.5
L34 8,39.3
L34 9,76.3
L35 0,73.2
L35 1,48.1
L35 2,35.7
L35 3,83.0
L35 4,55.8
L35 5,45.5
L35 6,15.2
L35 7,21.9
L35 8,42.6
L35 9,33.7
L36 0,109.7
L36 1,37.9
L36 2,94.0
L36 3,59.2
L36 4,50.0
L36 5,103.7
L36 6,138.1
L36 7,32.0
L36 8,52.4
L36 9,83.6
L37 0,9.5
L37 1,21.5
L37 2,22.4
L37 3,146.0
L37 4,130.9
L37 5,5.7
L37 6,88.8
L37 7,47.9
L37 8,60.3
L37 9,2.6
L38 0,3.4
L38 1,3.4
L38 3,4.4
L38 4,0.4
L38 5,1.9
L38 6,3.8
L38 7,0.8
L38 8,0.4
L38 9,4.2
L39 0,48.1
L39 1,139.0
L39 2,222.9
L39 3,108.9
L39 4,109.4
L39 5,37.1
L39 6,34.1
L39 7,29.5
L39 8,36.9
L39 9,18.3
L4 0,62.0
L4 1,64.8
L4 2,154.5
L4 3,161.1
L4 4,182.1
L4 5,173.3
L4 6,76.1
L4 7,40.0
L4 8,79.3
L4 9,41.3
L40 0,93.7
L40 1,53.3
L40 2,130.6
L40 3,101.1
L40 4,47.1
L40 5,89.0
L40 6,26.3
L40 7,291.1
L40 8,131.4
L40 9,48.7
L5 0,32.5
L5 1,20.6
L5 2,45.5
L5 3,58.8
L5 4,31.1
L5 5,43.2
L5 6,120.5
L5 7,105.2
L5 8,73.0
L5 9,183.9
L6 0,69.0
L6 1,89.5
L6 2,56.7
L6 3,41.3
L6 4,87.8
L6 5,96.9
L6 6,59.1
L6 7,31.6
L6 8,31.1
L6 9,47.4
L67 1,4.9
L68 0,1.7
L69 1,8.2
L69 2,34.4
L69 3,141.1
L69 4,5.7
L69 5,1.6
L69 7,70.2
L69 8,4.1
L69 9,23.3
L7 0,190.0
L7 1,22.5
L7 2,74.2
L7 3,49.4
L7 4,17.8
L7 5,22.8
L7 6,51.8
L7 7,111.8
L7 8,69.6
L7 9,95.3
L70 1,61.2
L70 2,5.5
L70 8,0.8
L70 9,0.8
L71 2,10.2
L72 0,8.6
L72 1,27.4
L72 8,15.9
L74 4,34.1
L75 1,36.0
L75 2,20.2
L8 0,162.8
L8 1,85.4
L8 2,72.0
L8 3,54.7
L8 4,124.6
L8 5,188.9
L8 6,83.2
L8 7,77.4
L8 8,68.6
L8 9,43.7
L80 4,0.8
L9 0,103.6
L9 1,263.2
L9 2,103.8
L9 3,92.8
L9 4,54.2
L9 5,53.6
L9 6,179.8
L9 7,182.4
L9 8,111.4
L9 9,138.8
LA1 1,757.9
LA1 2,142.6
LA1 3,229.7
LA1 4,180.0
LA1 5,264.9
LA1 9,248.0
LA10 5,306.7
LA11 6,343.2
LA11 7,311.0
LA11 9,16.8
LA12 0,263.0
LA12 2,6.7
LA12 7,450.6
LA12 8,425.4
LA12 9,229.7
LA13 0,121.7
LA13 9,153.8
LA14 1,649.6
LA14 2,537.6
LA14 3,140.0
LA14 4,175.7
LA14 5,324.9
LA14 9,77.1
LA15 8,213.8
LA16 7,61.9
LA17 7,46.8
LA18 4,276.3
LA18 5,107.9
LA18 9,7.8
LA19 5,70.0
LA2 0,235.0
LA2 6,129.5
LA2 7,177.7
LA2 8,167.8
LA2 9,164.0
LA20 6,115.4
LA21 8,218.3
LA22 0,589.9
LA22 9,930.2
LA23 1,493.0
LA23 2,332.2
LA23 3,579.4
LA23 9,19.0
LA3 1,260.3
LA3 2,153.1
LA3 3,582.0
LA4 4,353.1
LA4 5,615.6
LA4 6,127.0
LA4 9,32.9
LA5 0,133.5
LA5 5,11.6
LA5 8,99.6
LA5 9,417.1
LA6 1,335.6
LA6 2,440.4
LA6 3,263.1
LA7 7,294.6
LA8 0,211.0
LA8 8,211.3
LA8 9,301.5
LA9 4,563.9
LA9 5,195.9
LA9 6,460.0
LA9 7,305.0
LA9 9,199.0
LD1 5,261.7
LD1 6,264.0
LD1 9,32.9
LD2 3,415.3
LD2 9,3.5
LD3 0,231.4
LD3 3,8.9
LD3 7,462.9
LD3 8,255.5
LD3 9,191.5
LD4 4,46.1
LD5 4,56.6
LD6 5,231.7
LD7 1,280.3
LD7 9,3.5
LD8 2,264.7
LE1 1,551.6
LE1 2,262.5
LE1 3,567.7
LE1 4,358.5
LE1 5,576.2
LE1 6,455.5
LE1 7,258.7
LE1 8,18.1
LE1 9,153.8
LE10 0,472.6
LE10 1,512.1
LE10 2,271.6
LE10 3,296.1
LE10 9,263.0
LE11 1,723.2
LE11 2,241.6
LE11 3,487.0
LE11 4,55.0
LE11 5,482.8
LE11 9,63.5
LE12 5,318.4
LE12 6,265.7
LE12 7,357.4
LE12 8,301.6
LE12 9,334.8
LE13 0,334.6
LE13 1,405.7
LE13 9,59.7
LE14 2,222.9
LE14 3,246.6
LE14 4,181.5
LE15 0,33.2
LE15 6,437.7
LE15 7,397.6
LE15 8,315.2
LE15 9,351.0
LE16 0,142.7
LE16 7,658.8
LE16 8,395.1
LE16 9,442.7
LE17 4,608.0
LE17 5,316.6
LE17 6,204.2
LE17 9,18.0
LE18 1,167.8
LE18 2,195.1
LE18 3,108.7
LE18 4,321.7
LE18 9,98.3
LE19 0,1.9
LE19 1,85.8
LE19 2,195.0
LE19 3,54.6
LE19 4,320.3
LE19 9,36.5
LE2 0,517.3
LE2 1,467.6
LE2 2,153.0
LE2 3,156.9
LE2 4,88.7
LE2 5,447.7
LE2 6,368.3
LE2 7,547.7
LE2 8,366.9
LE2 9,116.4
LE21 3,4.9
LE21 4,34.6
LE21 9,4.1
LE3 0,531.2
LE3 1,244.7
LE3 2,239.5
LE3 3,159.8
LE3 4,25.4
LE3 5,421.9
LE3 6,156.1
LE3 7,6.1
LE3 8,170.0
LE3 9,239.9
LE4 0,304.6
LE4 1,110.9
LE4 2,118.2
LE4 3,84.8
LE4 4,160.9
LE4 5,715.8
LE4 6,604.1
LE4 7,227.3
LE4 8,359.0
LE4 9,575.7
LE41 9,23.3
LE5 0,420.0
LE5 1,140.6
LE5 2,72.7
LE5 3,563.3
LE5 4,664.6
LE5 5,392.2
LE5 6,79.7
LE5 9,24.3
LE6 0,160.1
LE65 1,286.6
LE65 2,308.5
LE65 9,29.6
LE67 0,136.9
LE67 1,281.6
LE67 2,230.6
LE67 3,564.7
LE67 4,113.2
LE67 5,116.6
LE67 6,166.9
LE67 8,136.2
LE67 9,164.1
LE7 1,240.5
LE7 2,183.0
LE7 3,211.5
LE7 4,148.3
LE7 7,302.4
LE7 9,235.3
LE8 0,230.3
LE8 4,298.2
LE8 5,121.6
LE8 6,227.1
LE8 8,85.8
LE8 9,69.0
LE87 2,10.9
LE87 4,190.2
LE9 0,7.6
LE9 1,76.0
LE9 2,86.9
LE9 3,82.2
LE9 4,141.2
LE9 6,179.7
LE9 7,339.9
LE9 8,299.3
LE9 9,188.0
LE94 0,10.5
LE95 2,3.0
LL11 0,101.0
LL11 1,221.8
LL11 2,206.4
LL11 3,156.9
LL11 4,189.6
LL11 5,128.8
LL11 6,97.5
LL12 0,386.8
LL12 7,71.6
LL12 8,119.7
LL12 9,178.5
LL13 0,323.7
LL13 7,350.9
LL13 8,361.4
LL13 9,632.9
LL14 1,170.9
LL14 2,119.8
LL14 3,210.8
LL14 4,96.2
LL14 5,174.6
LL14 6,100.6
LL15 1,455.0
LL15 2,163.5
LL15 9,10.5
LL16 3,346.0
LL16 4,144.9
LL16 5,215.9
LL16 9,5.5
LL17 0,301.9
LL18 1,555.0
LL18 2,290.4
LL18 3,217.5
LL18 4,143.0
LL18 5,508.9
LL18 6,120.5
LL18 9,30.0
LL19 0,3.5
LL19 7,200.6
LL19 8,132.2
LL19 9,240.0
LL20 7,153.1
LL20 8,282.5
LL20 9,9.5
LL21 0,214.1
LL21 1,1.7
LL21 9,178.5
LL22 7,268.4
LL22 8,200.9
LL22 9,214.8
LL23 7,343.3
LL23 9,2.7
LL24 0,281.6
LL25 0,109.9
LL26 0,327.5
LL26 9,4.4
LL27 0,43.6
LL28 4,343.1
LL28 5,289.6
LL29 0,57.4
LL29 6,18.2
LL29 7,343.6
LL29 8,354.6
LL29 9,139.1
LL30 1,423.6
LL30 2,886.5
LL30 3,68.3
LL30 9,39.7
LL31 9,367.7
LL32 8,477.4
LL33 0,195.0
LL34 6,160.1
LL35 0,150.8
LL36 0,90.3
LL36 9,301.9
LL37 2,33.3
LL38 2,39.2
LL39 1,15.8
LL40 1,254.2
LL40 2,214.9
LL41 3,242.5
LL41 4,185.4
LL41 9,2.4
LL42 1,350.9
LL43 2,40.7
LL44 2,75.6
LL45 2,78.5
LL46 2,140.9
LL47 6,72.6
LL48 6,163.2
LL49 0,7.5
LL49 9,626.4
LL51 9,58.1
LL52 0,285.3
LL53 5,466.0
LL53 6,409.5
LL53 7,514.5
LL53 8,336.3
LL53 9,5.5
LL54 5,179.2
LL54 6,207.2
LL54 7,170.2
LL55 1,335.4
LL55 2,411.1
LL55 3,94.2
LL55 4,405.9
LL55 9,27.2
LL56 4,154.2
LL57 1,443.6
LL57 2,276.5
LL57 3,246.5
LL57 4,306.5
LL57 9,4.7
LL58 8,308.4
LL59 5,283.6
LL60 6,244.0
LL61 5,81.2
LL61 6,150.1
LL62 5,63.3
LL63 5,134.2
LL64 5,76.4
LL65 1,290.4
LL65 2,449.2
LL65 3,203.5
LL65 4,161.0
LL66 0,15.3
LL66 9,1.5
LL67 0,98.5
LL68 0,41.0
LL68 9,249.5
LL69 9,26.2
LL70 9,21.8
LL71 7,25.7
LL71 8,44.2
LL72 8,57.7
LL73 8,16.8
LL74 8,159.8
LL75 7,1.2
LL75 8,89.8
LL76 8,19.2
LL77 7,383.1
LL77 8,14.3
LL77 9,20.7
LL78 7,9.4
LL78 8,29.5
LN1 1,370.5
LN1 2,407.4
LN1 3,263.9
LN1 4,15.2
LN1 5,4.3
LN1 6,1.0
LN10 5,30.0
LN10 6,196.8
LN11 0,575.4
LN11 1,63.5
LN11 7,217.3
LN11 8,266.8
LN11 9,422.4
LN12 1,401.8
LN12 2,712.8
LN12 9,1.1
LN13 0,125.0
LN13 3,4.2
LN13 9,283.3
LN2 1,290.0
LN2 2,181.4
LN2 3,127.6
LN2 4,459.8
LN2 5,392.6
LN3 4,171.8
LN3 5,108.7
LN4 1,184.5
LN4 2,153.2
LN4 3,219.4
LN4 4,332.0
LN5 0,180.5
LN5 5,85.9
LN5 7,519.2
LN5 8,300.3
LN5 9,271.3
LN6 0,110.1
LN6 3,429.6
LN6 4,21.8
LN6 5,63.4
LN6 6,2.1
LN6 7,377.9
LN6 8,333.9
LN6 9,503.0
LN7 6,213.6
LN8 2,47.5
LN8 3,384.6
LN8 5,138.5
LN8 6,115.5
LN8 9,13.6
LN9 5,225.0
LN9 6,317.4
LN9 9,11.0
LS1 1,74.9
LS1 2,697.4
LS1 3,430.0
LS1 4,1192.1
LS1 5,675.6
LS1 6,882.5
LS1 7,62.9
LS1 8,36.1
LS1 9,570.2
LS10 1,1283.0
LS10 2,1137.6
LS10 3,186.0
LS10 4,140.1
LS10 9,1.7
LS11 0,179.0
LS11 1,68.2
LS11 5,947.2
LS11 6,284.4
LS11 7,190.4
LS11 8,374.6
LS11 9,473.9
LS12 1,482.4
LS12 2,339.1
LS12 3,264.3
LS12 4,309.8
LS12 5,139.6
LS12 6,335.4
LS12 9,25.5
LS13 1,199.3
LS13 2,209.3
LS13 3,234.8
LS13 4,158.5
LS13 9,6.5
LS14 1,169.3
LS14 2,48.1
LS14 3,29.4
LS14 5,43.3
LS14 6,192.9
LS14 9,24.4
LS15 0,106.8
LS15 4,113.2
LS15 7,192.1
LS15 8,481.9
LS15 9,122.2
LS16 0,5.0
LS16 5,147.9
LS16 6,163.4
LS16 7,76.3
LS16 8,65.6
LS16 9,98.1
LS17 0,58.1
LS17 1,6.8
LS17 5,58.1
LS17 6,145.9
LS17 7,76.6
LS17 8,74.1
LS17 9,118.0
LS18 4,308.5
LS18 5,301.2
LS19 6,153.1
LS19 7,393.5
LS19 9,46.7
LS2 3,84.1
LS2 7,787.0
LS2 8,889.3
LS2 9,295.7
LS20 8,150.8
LS20 9,193.4
LS21 1,292.6
LS21 2,129.8
LS21 3,440.1
LS21 9,20.6
LS22 4,72.6
LS22 5,172.5
LS22 6,264.1
LS22 7,192.0
LS22 9,51.3
LS23 6,266.3
LS23 7,310.5
LS24 0,27.5
LS24 8,75.5
LS24 9,354.8
LS25 1,330.9
LS25 2,175.4
LS25 3,38.6
LS25 4,50.0
LS25 5,119.9
LS25 6,313.6
LS25 7,142.9
LS25 9,23.5
LS26 0,231.8
LS26 1,52.5
LS26 8,210.5
LS26 9,37.0
LS27 0,367.0
LS27 1,43.6
LS27 7,426.1
LS27 8,526.6
LS27 9,385.2
LS28 0,23.8
LS28 5,437.6
LS28 6,462.2
LS28 7,369.1
LS28 8,122.0
LS28 9,119.6
LS29 0,143.4
LS29 1,7.7
LS29 6,98.3
LS29 7,127.7
LS29 8,391.1
LS29 9,307.2
LS3 1,249.7
LS4 2,396.8
LS5 2,1.8
LS5 3,158.7
LS6 1,296.5
LS6 2,299.8
LS6 3,297.9
LS6 4,158.1
LS6 9,26.4
LS7 1,324.0
LS7 2,224.9
LS7 3,344.5
LS7 4,221.0
LS7 9,26.4
LS8 1,138.6
LS8 2,190.0
LS8 3,175.3
LS8 4,226.3
LS8 5,395.4
LS8 9,46.2
LS88 8,67.2
LS9 0,266.0
LS9 1,3.0
LS9 6,365.4
LS9 7,453.2
LS9 8,295.3
LS9 9,197.7
LS98 1,20.5
LS98 3,11.6
LS98 4,11.6
LS99 2,4.2
LS99 8,2.1
LU1 1,615.7
LU1 2,916.1
LU1 3,634.8
LU1 4,151.6
LU1 5,182.0
LU1 9,54.5
LU2 0,423.2
LU2 7,315.2
LU2 8,230.5
LU2 9,222.6
LU3 1,731.4
LU3 2,231.8
LU3 3,314.5
LU3 4,41.7
LU3 9,21.2
LU4 0,138.9
LU4 8,509.5
LU4 9,225.5
LU5 4,320.0
LU5 5,268.8
LU5 6,211.5
LU5 7,6.5
LU6 1,393.2
LU6 2,223.8
LU6 3,215.8
LU6 9,108.9
LU7 0,305.4
LU7 1,450.0
LU7 2,107.3
LU7 3,136.7
LU7 4,276.5
LU7 6,43.8
LU7 9,336.6
M1 1,742.8
M1 2,670.6
M1 3,622.5
M1 4,591.1
M1 5,460.4
M1 6,336.3
M1 7,280.0
M11 1,268.9
M11 2,294.7
M11 3,153.3
M11 4,158.6
M12 0,29.5
M12 4,329.4
M12 5,357.1
M12 6,347.5
M13 0,474.2
M13 9,532.7
M14 0,12.3
M14 4,247.6
M14 5,357.5
M14 6,215.9
M14 7,281.2
M15 4,685.9
M15 5,249.4
M15 6,335.9
M16 0,407.9
M16 6,18.9
M16 7,151.1
M16 8,140.9
M16 9,467.2
M17 1,974.7
M17 8,162.5
M18 7,221.8
M18 8,297.9
M19 1,247.5
M19 2,294.0
M19 3,377.9
M2 1,280.5
M2 2,167.3
M2 3,316.7
M2 4,473.6
M2 5,314.3
M2 6,359.0
M2 7,415.1
M20 1,139.8
M20 2,426.4
M20 3,167.2
M20 4,88.9
M20 5,126.3
M20 6,257.1
M21 0,116.5
M21 3,21.0
M21 7,132.2
M21 8,103.9
M21 9,287.9
M22 0,550.1
M22 1,214.8
M22 2,12.0
M22 4,473.9
M22 5,678.2
M22 8,35.9
M22 9,110.1
M23 0,89.6
M23 1,88.0
M23 2,111.3
M23 9,159.4
M24 0,37.8
M24 1,263.4
M24 2,473.3
M24 4,282.4
M24 5,128.2
M24 6,222.8
M25 0,209.7
M25 1,284.8
M25 2,35.6
M25 3,83.6
M25 9,238.4
M26 1,304.7
M26 2,300.4
M26 3,260.4
M26 4,211.8
M26 6,20.7
M27 0,99.6
M27 4,276.5
M27 5,145.3
M27 6,337.4
M27 8,319.6
M27 9,142.9
M28 0,89.9
M28 1,176.0
M28 2,130.6
M28 3,544.7
M28 7,66.4
M28 8,56.2
M29 2,11.7
M29 7,233.2
M29 8,307.8
M3 1,653.1
M3 2,594.6
M3 3,490.8
M3 4,485.5
M3 5,407.3
M3 6,176.7
M3 7,409.9
M30 0,718.7
M30 3,14.8
M30 7,215.3
M30 8,177.5
M30 9,337.8
M31 4,169.3
M32 0,865.2
M32 2,25.2
M32 8,199.9
M32 9,1102.4
M33 0,41.7
M33 2,229.7
M33 3,416.2
M33 4,79.5
M33 5,122.1
M33 6,268.3
M33 7,675.0
M34 0,70.5
M34 2,217.0
M34 3,729.4
M34 5,296.3
M34 6,95.9
M34 7,67.5
M35 0,335.8
M35 9,404.6
M38 0,31.7
M38 9,214.3
M4 1,473.8
M4 2,76.0
M4 3,123.4
M4 4,514.3
M4 5,332.1
M4 6,286.1
M4 7,236.3
M40 0,81.7
M40 1,89.2
M40 2,289.0
M40 3,69.9
M40 4,32.5
M40 5,86.6
M40 7,363.7
M40 8,250.3
M40 9,124.8
M41 0,156.9
M41 4,44.6
M41 5,176.3
M41 6,87.6
M41 7,355.7
M41 8,58.3
M41 9,205.3
M43 0,16.3
M43 6,263.4
M43 7,249.3
M44 0,5.1
M44 5,327.9
M44 6,297.0
M45 0,16.1
M45 6,165.0
M45 7,214.9
M45 8,103.9
M46 0,400.8
M46 6,10.1
M46 9,278.3
M5 0,61.8
M5 3,1728.0
M5 4,851.5
M5 5,310.7
M50 1,149.0
M50 2,417.6
M50 3,554.8
M6 5,310.2
M6 6,514.0
M6 7,395.7
M6 8,166.9
M60 0,32.1
M60 1,54.3
M60 2,326.9
M60 3,29.6
M60 4,1.0
M60 6,4.7
M60 7,18.6
M60 9,102.6
M61 0,181.6
M7 1,256.8
M7 2,225.2
M7 3,54.5
M7 4,305.3
M8 0,370.4
M8 2,35.9
M8 4,112.2
M8 5,163.4
M8 8,862.9
M8 9,297.0
M9 0,68.5
M9 4,263.0
M9 5,177.5
M9 6,106.7
M9 7,44.5
M9 8,182.5
M9 9,2.4
M90 1,19.4
M90 2,23.1
M90 3,76.9
M90 4,44.0
M90 5,92.6
M99 1,29.7
M99 2,14.2
ME1 1,375.0
ME1 2,188.3
ME1 3,174.9
ME1 9,61.5
ME10 1,290.2
ME10 2,300.1
ME10 3,655.7
ME10 4,276.7
ME10 5,64.0
ME10 9,80.6
ME11 5,210.0
ME12 1,495.8
ME12 2,206.0
ME12 3,178.2
ME12 4,207.2
ME12 9,32.7
ME13 0,162.7
ME13 3,43.8
ME13 7,365.4
ME13 8,326.6
ME13 9,208.7
ME14 1,857.0
ME14 2,199.6
ME14 3,146.4
ME14 4,98.4
ME14 5,243.4
ME14 9,238.0
ME15 0,118.0
ME15 6,544.8
ME15 7,276.7
ME15 8,115.4
ME15 9,158.0
ME16 0,295.9
ME16 8,249.7
ME16 9,112.9
ME17 1,196.5
ME17 2,162.3
ME17 3,241.4
ME17 4,160.7
ME18 5,195.4
ME18 6,95.9
ME19 4,506.3
ME19 5,158.7
ME19 6,270.8
ME2 1,70.3
ME2 2,408.8
ME2 3,145.6
ME2 4,954.0
ME20 6,272.7
ME20 7,380.9
ME3 0,50.0
ME3 7,128.9
ME3 8,154.0
ME3 9,253.7
ME4 3,20.0
ME4 4,815.3
ME4 5,153.7
ME4 6,183.8
ME4 9,78.6
ME5 0,93.0
ME5 7,168.6
ME5 8,212.0
ME5 9,177.1
ME6 5,145.2
ME6 9,49.5
ME7 1,296.4
ME7 2,139.6
ME7 3,170.6
ME7 4,218.8
ME7 5,291.6
ME7 9,30.0
ME8 0,160.2
ME8 1,44.5
ME8 6,137.7
ME8 7,211.6
ME8 8,185.7
ME8 9,76.8
ME9 0,107.5
ME9 7,226.6
ME9 8,286.6
ME9 9,117.9
MK1 1,308.9
MK1 9,39.3
MK10 0,48.2
MK10 1,136.4
MK10 7,104.7
MK10 9,458.1
MK11 1,298.6
MK11 2,11.4
MK11 3,37.7
MK11 4,16.7
MK11 9,25.1
MK12 5,392.8
MK12 6,238.1
MK13 0,115.1
MK13 7,59.4
MK13 8,70.3
MK13 9,39.3
MK14 5,173.4
MK14 6,373.7
MK14 7,56.8
MK15 0,29.5
MK15 8,48.8
MK15 9,37.3
MK16 0,179.4
MK16 6,30.6
MK16 8,159.0
MK16 9,356.1
MK17 0,217.7
MK17 7,26.9
MK17 8,330.7
MK17 9,258.7
MK18 1,442.6
MK18 2,100.7
MK18 3,194.8
MK18 4,164.0
MK18 5,114.0
MK18 6,5.4
MK18 7,75.4
MK18 8,7.3
MK18 9,19.6
MK19 6,148.4
MK19 7,193.8
MK2 2,513.6
MK2 3,276.3
MK3 5,101.1
MK3 6,127.1
MK3 7,80.6
MK4 1,40.4
MK4 2,34.8
MK4 3,15.8
MK4 4,74.9
MK40 1,494.6
MK40 2,532.1
MK40 3,494.5
MK40 4,156.0
MK40 9,36.4
MK41 0,241.3
MK41 5,10.7
MK41 6,74.3
MK41 7,247.0
MK41 8,34.5
MK41 9,142.4
MK42 0,423.1
MK42 5,72.9
MK42 6,65.9
MK42 7,324.7
MK42 8,235.3
MK42 9,366.3
MK43 0,376.2
MK43 1,21.0
MK43 2,6.5
MK43 6,12.9
MK43 7,144.4
MK43 8,166.0
MK43 9,203.8
MK44 1,320.8
MK44 2,253.7
MK44 3,353.7
MK44 5,12.9
MK45 1,229.1
MK45 2,422.1
MK45 3,150.2
MK45 4,436.0
MK45 5,122.2
MK45 6,2.1
MK45 9,31.1
MK46 4,190.3
MK46 5,218.1
MK5 6,137.4
MK5 7,56.4
MK5 8,123.1
MK6 1,31.3
MK6 2,124.6
MK6 3,128.4
MK6 4,164.3
MK6 5,51.9
MK7 6,32.9
MK7 7,74.2
MK7 8,68.0
MK77 1,35.9
MK8 0,86.1
MK8 1,20.4
MK8 8,184.3
MK8 9,22.0
MK9 1,464.1
MK9 2,525.3
MK9 3,424.1
MK9 4,18.2
N1 0,487.2
N1 1,363.7
N1 2,301.3
N1 3,157.1
N1 4,234.1
N1 5,398.9
N1 6,782.4
N1 7,575.0
N1 8,488.8
N1 9,670.0
N10 1,129.3
N10 2,85.8
N10 3,300.9
N10 9,31.0
N11 1,346.4
N11 2,234.6
N11 3,104.9
N11 9,21.2
N12 0,242.2
N12 7,43.4
N12 8,286.4
N12 9,218.9
N13 4,256.2
N13 5,266.5
N13 6,109.1
N13 9,0.4
N14 4,146.2
N14 5,186.1
N14 6,197.6
N14 7,67.2
N14 9,69.9
N15 3,217.8
N15 4,1029.4
N15 5,268.5
N15 6,222.2
N15 9,2.0
N16 0,271.3
N16 1,8.9
N16 5,248.1
N16 6,354.7
N16 7,389.6
N16 8,419.4
N16 9,186.3
N17 0,605.2
N17 1,46.3
N17 6,275.1
N17 7,107.9
N17 8,226.6
N17 9,574.1
N18 1,256.8
N18 2,633.5
N18 3,180.8
N18 9,27.3
N19 3,229.9
N19 4,227.1
N19 5,334.3
N19 9,23.4
N1C 4,398.9
N1P 1,166.5
N1P 2,172.2
N2 0,94.1
N2 2,2.8
N2 8,102.4
N2 9,149.0
N20 0,191.0
N20 2,16.3
N20 8,35.4
N20 9,128.6
N21 1,99.1
N21 2,124.1
N21 3,139.1
N21 9,3.3
N22 5,211.9
N22 6,656.8
N22 7,199.2
N22 8,196.2
N22 9,25.2
N3 1,325.4
N3 2,266.7
N3 3,201.5
N3 9,21.2
N4 1,362.1
N4 2,342.0
N4 3,619.9
N4 4,87.2
N4 9,7.9
N5 1,293.9
N5 2,314.7
N5 9,5.0
N6 4,81.0
N6 5,252.9
N6 6,94.8
N6 9,2.6
N7 0,162.4
N7 1,13.0
N7 6,445.9
N7 7,294.3
N7 8,465.5
N7 9,527.6
N8 0,339.1
N8 1,0.5
N8 7,190.1
N8 8,213.0
N8 9,253.0
N81 1,4.3
N9 0,404.6
N9 1,2.4
N9 7,181.5
N9 8,157.3
N9 9,152.7
NE1 1,463.3
NE1 2,461.3
NE1 3,403.9
NE1 4,513.2
NE1 5,745.3
NE1 6,618.6
NE1 7,343.9
NE1 8,300.2
NE10 0,536.6
NE10 8,183.1
NE10 9,224.1
NE11 0,605.0
NE11 9,900.5
NE12 5,96.8
NE12 6,495.5
NE12 7,110.3
NE12 8,245.8
NE12 9,361.9
NE13 6,171.4
NE13 7,402.1
NE13 8,50.5
NE13 9,53.7
NE15 0,66.8
NE15 6,234.9
NE15 7,207.1
NE15 8,293.7
NE15 9,157.2
NE16 3,385.8
NE16 4,133.4
NE16 5,94.5
NE16 6,138.3
NE16 9,16.5
NE17 7,83.5
NE17 9,1.5
NE18 0,32.6
NE19 1,109.4
NE19 2,72.3
NE2 1,463.9
NE2 2,160.1
NE2 3,116.4
NE2 4,236.7
NE20 0,96.1
NE20 2,21.6
NE20 9,220.7
NE21 4,167.1
NE21 5,354.2
NE21 6,98.5
NE22 5,131.8
NE22 6,65.4
NE22 7,188.6
NE23 0,1.1
NE23 1,229.8
NE23 2,14.8
NE23 3,24.0
NE23 6,368.2
NE23 7,195.0
NE23 8,268.1
NE24 1,288.7
NE24 2,205.7
NE24 3,214.5
NE24 4,150.4
NE24 5,201.0
NE24 9,66.6
NE25 0,177.9
NE25 8,206.4
NE25 9,92.4
NE26 1,203.6
NE26 2,279.9
NE26 3,181.6
NE26 4,65.5
NE26 9,33.1
NE27 0,334.3
NE27 9,52.5
NE28 0,109.1
NE28 5,46.3
NE28 6,389.1
NE28 7,252.8
NE28 8,188.0
NE28 9,128.0
NE29 0,232.8
NE29 1,44.1
NE29 6,450.1
NE29 7,345.3
NE29 8,330.5
NE29 9,45.8
NE3 1,375.0
NE3 2,152.1
NE3 3,227.6
NE3 4,248.9
NE3 5,135.7
NE3 9,17.3
NE30 1,333.5
NE30 2,127.3
NE30 3,70.4
NE30 4,235.8
NE31 1,255.7
NE31 2,112.1
NE31 9,6.8
NE32 3,507.7
NE32 4,87.1
NE32 5,131.5
NE32 9,30.7
NE33 1,466.1
NE33 2,280.2
NE33 3,140.0
NE33 4,327.5
NE33 5,296.8
NE33 9,82.6
NE34 0,174.7
NE34 6,127.5
NE34 7,70.0
NE34 8,47.4
NE34 9,164.8
NE35 0,3.4
NE35 9,158.1
NE36 0,241.0
NE36 9,6.8
NE37 1,220.0
NE37 2,264.8
NE37 3,213.5
NE38 0,97.2
NE38 7,355.0
NE38 8,249.2
NE38 9,64.5
NE39 1,55.4
NE39 2,75.2
NE39 9,4.1
NE4 5,265.9
NE4 6,378.9
NE4 7,284.8
NE4 8,276.7
NE4 9,250.6
NE40 3,133.3
NE40 4,133.5
NE40 9,9.6
NE41 8,44.0
NE42 5,205.5
NE42 6,122.6
NE42 9,3.0
NE43 7,168.0
NE44 6,73.1
NE45 5,168.6
NE46 1,290.9
NE46 2,134.5
NE46 3,184.6
NE46 4,219.0
NE46 9,24.7
NE47 0,36.2
NE47 5,50.9
NE47 6,54.1
NE47 7,59.3
NE47 8,31.4
NE47 9,125.7
NE48 1,117.1
NE48 2,121.9
NE48 3,57.9
NE48 4,17.9
NE49 0,124.7
NE49 9,198.3
NE5 1,113.9
NE5 2,164.3
NE5 3,103.6
NE5 4,174.2
NE5 5,67.9
NE5 9,4.3
NE6 1,475.4
NE6 2,568.6
NE6 3,138.8
NE6 4,223.7
NE6 5,413.5
NE6 9,24.3
NE61 1,514.5
NE61 2,97.3
NE61 3,153.6
NE61 4,81.2
NE61 5,175.5
NE61 6,211.8
NE61 9,87.0
NE62 5,188.5
NE63 0,360.9
NE63 3,12.8
NE63 8,341.4
NE63 9,282.6
NE64 6,212.5
NE65 0,584.9
NE65 7,234.9
NE65 8,153.4
NE65 9,224.1
NE66 1,538.0
NE66 2,319.8
NE66 3,491.0
NE66 4,118.5
NE66 5,33.2
NE66 9,13.0
NE67 5,314.2
NE68 7,445.2
NE69 7,95.8
NE7 7,208.7
NE70 7,296.8
NE71 6,255.4
NE8 1,468.0
NE8 2,364.8
NE8 3,313.1
NE8 4,301.8
NE8 9,134.0
NE85 1,1.8
NE85 2,12.9
NE88 1,25.8
NE9 5,175.8
NE9 6,227.6
NE9 7,171.2
NE9 9,43.1
NE92 1,172.3
NE98 1,21.5
NE99 1,303.7
NE99 2,40.6
NE99 4,45.1
NE99 5,90.2
NG1 1,611.6
NG1 2,512.8
NG1 3,595.3
NG1 4,148.8
NG1 5,632.0
NG1 6,484.5
NG1 7,266.0
NG1 9,118.8
NG10 1,594.2
NG10 2,195.8
NG10 3,256.2
NG10 4,319.2
NG10 5,210.7
NG10 9,25.7
NG11 0,113.0
NG11 1,8.2
NG11 2,1.2
NG11 6,284.7
NG11 7,35.7
NG11 8,90.2
NG11 9,69.8
NG12 1,52.2
NG12 2,134.1
NG12 3,277.8
NG12 4,115.4
NG12 5,200.6
NG13 0,177.3
NG13 7,22.6
NG13 8,435.0
NG13 9,194.2
NG14 5,105.8
NG14 6,260.8
NG14 7,120.0
NG15 0,135.7
NG15 5,45.7
NG15 6,176.4
NG15 7,490.0
NG15 8,123.6
NG15 9,59.2
NG16 1,141.5
NG16 2,388.2
NG16 3,441.0
NG16 4,267.4
NG16 5,159.2
NG16 6,334.2
NG16 9,17.5
NG17 0,13.7
NG17 1,297.3
NG17 2,395.3
NG17 3,186.5
NG17 4,343.9
NG17 5,272.0
NG17 6,8.1
NG17 7,918.9
NG17 8,318.4
NG17 9,186.6
NG18 1,541.5
NG18 2,480.8
NG18 3,121.1
NG18 4,393.7
NG18 5,607.8
NG18 6,7.0
NG18 9,79.9
NG19 0,137.3
NG19 6,115.4
NG19 7,422.3
NG19 8,311.0
NG19 9,197.6
NG2 1,208.8
NG2 2,170.9
NG2 3,336.4
NG2 4,472.0
NG2 5,197.6
NG2 6,331.6
NG2 7,301.0
NG2 9,193.4
NG20 0,185.4
NG20 8,430.9
NG20 9,186.4
NG21 0,265.9
NG21 9,290.8
NG22 0,301.2
NG22 8,283.9
NG22 9,503.8
NG23 5,350.7
NG23 6,263.5
NG23 7,158.2
NG24 1,765.9
NG24 2,418.7
NG24 3,346.0
NG24 4,370.7
NG24 5,11.4
NG24 9,93.9
NG25 0,361.6
NG3 1,220.9
NG3 2,165.2
NG3 3,80.1
NG3 4,117.0
NG3 5,194.3
NG3 6,137.3
NG3 7,85.6
NG31 0,209.8
NG31 6,474.4
NG31 7,556.6
NG31 8,197.8
NG31 9,247.3
NG32 1,97.6
NG32 2,121.6
NG32 3,134.1
NG33 4,149.9
NG33 5,198.6
NG34 0,168.9
NG34 4,105.2
NG34 6,6.4
NG34 7,556.4
NG34 8,257.0
NG34 9,286.9
NG4 1,182.5
NG4 2,563.2
NG4 3,196.0
NG4 4,108.9
NG4 9,7.0
NG5 0,81.7
NG5 1,358.9
NG5 2,235.7
NG5 3,28.0
NG5 4,161.1
NG5 5,98.7
NG5 6,235.6
NG5 7,342.1
NG5 8,137.2
NG5 9,118.0
NG6 0,369.3
NG6 6,10.2
NG6 7,91.0
NG6 8,633.4
NG6 9,192.7
NG7 1,496.5
NG7 2,577.4
NG7 3,472.3
NG7 4,416.7
NG7 5,339.9
NG7 6,300.3
NG7 7,357.3
NG8 1,142.9
NG8 2,105.0
NG8 3,166.5
NG8 4,137.4
NG8 5,240.1
NG8 6,161.9
NG8 9,24.8
NG80 1,7.0
NG80 7,0.7
NG80 8,1.6
NG9 1,296.4
NG9 2,391.1
NG9 3,105.0
NG9 4,84.7
NG9 5,104.3
NG9 6,197.8
NG9 7,241.3
NG9 8,217.0
NG9 9,65.4
NG90 1,11.3
NG90 2,1.8
NG90 4,14.5
NG90 5,11.3
NG90 6,0.9
NG90 7,3.6
NN1 1,610.3
NN1 2,464.8
NN1 3,285.9
NN1 4,488.1
NN1 5,447.7
NN1 9,144.5
NN10 0,328.5
NN10 1,16.5
NN10 6,1555.6
NN10 8,259.9
NN10 9,465.0
NN11 0,88.9
NN11 1,80.8
NN11 2,76.8
NN11 3,224.6
NN11 4,460.0
NN11 6,94.8
NN11 7,58.6
NN11 8,217.9
NN11 9,218.0
NN12 6,274.0
NN12 7,292.9
NN12 8,480.9
NN12 9,34.6
NN13 5,229.8
NN13 6,157.5
NN13 7,274.3
NN13 9,31.5
NN14 1,312.7
NN14 2,194.9
NN14 3,164.6
NN14 4,312.2
NN14 6,155.5
NN15 4,6.6
NN15 5,279.7
NN15 6,366.7
NN15 7,132.5
NN16 0,368.0
NN16 6,78.7
NN16 8,704.5
NN16 9,217.7
NN17 1,586.3
NN17 2,211.3
NN17 3,158.7
NN17 4,147.6
NN17 5,271.0
NN17 9,218.6
NN18 0,59.7
NN18 8,160.2
NN18 9,121.5
NN2 1,63.2
NN2 6,350.0
NN2 7,234.4
NN2 8,128.8
NN29 7,340.3
NN3 0,6.8
NN3 2,98.5
NN3 3,58.4
NN3 5,76.1
NN3 6,645.1
NN3 7,148.9
NN3 8,197.8
NN3 9,27.2
NN4 0,64.6
NN4 1,3.5
NN4 4,28.9
NN4 5,78.9
NN4 6,187.0
NN4 7,231.8
NN4 8,315.3
NN4 9,71.4
NN5 4,75.4
NN5 5,389.0
NN5 6,201.5
NN5 7,484.2
NN5 9,5.8
NN6 0,339.3
NN6 6,106.4
NN6 7,290.2
NN6 8,194.4
NN6 9,287.7
NN7 1,177.0
NN7 2,196.3
NN7 3,252.4
NN7 4,359.5
NN7 9,9.7
NN8 1,512.1
NN8 2,271.5
NN8 3,129.3
NN8 4,790.6
NN8 5,103.6
NN8 6,126.7
NN8 9,96.1
NN9 5,351.0
NN9 6,319.4
NP10 0,6.9
NP10 8,245.5
NP10 9,100.6
NP11 3,117.8
NP11 4,178.1
NP11 5,118.4
NP11 6,323.4
NP11 7,230.9
NP11 9,6.5
NP12 0,116.6
NP12 1,365.1
NP12 2,315.2
NP12 3,409.1
NP12 4,4.1
NP12 9,8.6
NP13 1,267.2
NP13 2,195.9
NP13 3,168.1
NP13 9,1.6
NP15 1,286.2
NP15 2,94.9
NP15 9,8.0
NP16 5,545.4
NP16 6,187.3
NP16 7,119.8
NP16 9,15.3
NP18 1,159.0
NP18 2,242.6
NP18 3,123.5
NP19 0,559.2
NP19 1,31.4
NP19 4,407.4
NP19 7,347.6
NP19 8,289.1
NP19 9,87.1
NP20 1,571.6
NP20 2,737.9
NP20 3,115.7
NP20 4,507.0
NP20 5,292.3
NP20 6,82.7
NP20 7,89.4
NP20 9,25.7
NP22 3,325.9
NP22 4,195.2
NP22 5,228.0
NP22 9,3.7
NP23 4,428.2
NP23 5,213.6
NP23 6,409.7
NP23 7,69.2
NP23 8,56.8
NP23 9,29.5
NP24 6,107.4
NP25 3,349.2
NP25 4,108.4
NP25 5,254.2
NP25 9,29.4
NP26 3,174.4
NP26 4,124.9
NP26 5,193.5
NP26 9,1.9
NP4 0,520.3
NP4 4,24.6
NP4 5,218.1
NP4 6,344.3
NP4 7,127.0
NP4 8,323.4
NP4 9,261.1
NP44 1,340.8
NP44 2,70.5
NP44 3,701.8
NP44 4,107.3
NP44 5,73.9
NP44 6,16.2
NP44 7,95.1
NP44 8,35.5
NP44 9,59.2
NP7 0,60.1
NP7 1,37.8
NP7 5,454.0
NP7 6,53.8
NP7 7,105.8
NP7 8,102.9
NP7 9,192.8
NP8 1,312.7
NR1 1,699.5
NR1 2,271.4
NR1 3,588.0
NR1 4,243.2
NR10 3,288.1
NR10 4,275.7
NR10 5,404.8
NR11 6,387.6
NR11 7,167.8
NR11 8,462.7
NR12 0,396.7
NR12 7,141.3
NR12 8,744.8
NR12 9,335.6
NR13 3,221.1
NR13 4,202.9
NR13 5,280.2
NR13 6,378.8
NR14 6,397.2
NR14 7,210.3
NR14 8,310.4
NR15 1,220.6
NR15 2,394.3
NR16 1,196.9
NR16 2,384.1
NR17 1,273.8
NR17 2,328.6
NR18 0,310.0
NR18 8,61.6
NR18 9,360.5
NR19 1,351.7
NR19 2,239.4
NR19 9,118.5
NR2 1,868.9
NR2 2,134.9
NR2 3,174.8
NR2 4,590.2
NR20 3,247.8
NR20 4,159.6
NR20 5,159.9
NR21 0,210.0
NR21 1,18.8
NR21 7,200.7
NR21 8,247.3
NR21 9,350.0
NR22 6,97.5
NR23 1,742.6
NR24 2,204.4
NR25 6,560.0
NR25 7,465.2
NR25 9,3.4
NR26 8,646.6
NR26 9,11.5
NR27 0,270.8
NR27 7,60.4
NR27 9,735.8
NR28 0,374.2
NR28 8,9.7
NR28 9,383.4
NR29 3,349.1
NR29 4,791.8
NR29 5,344.4
NR3 1,962.3
NR3 2,359.1
NR3 3,504.0
NR3 4,166.8
NR30 1,596.4
NR30 2,599.3
NR30 3,547.4
NR30 4,129.5
NR30 5,210.4
NR30 9,91.2
NR31 0,578.8
NR31 6,490.8
NR31 7,148.0
NR31 8,149.1
NR31 9,297.2
NR32 1,629.0
NR32 2,372.9
NR32 3,225.9
NR32 4,99.7
NR32 5,111.0
NR32 9,13.2
NR33 0,940.4
NR33 7,381.7
NR33 8,128.6
NR33 9,308.6
NR34 0,120.8
NR34 4,6.0
NR34 7,357.9
NR34 8,161.7
NR34 9,431.1
NR35 1,243.5
NR35 2,220.1
NR35 9,8.9
NR4 6,212.4
NR4 7,247.0
NR5 0,187.1
NR5 5,1.7
NR5 8,170.7
NR5 9,164.5
NR6 5,320.3
NR6 6,656.2
NR6 7,75.7
NR7 0,219.2
NR7 7,62.6
NR7 8,184.5
NR7 9,101.6
NR8 5,77.4
NR8 6,270.3
NR8 7,2.7
NR9 3,232.8
NR9 4,185.3
NR9 5,270.0
NR99 1,27.8
NW1 0,480.7
NW1 1,349.1
NW1 2,174.9
NW1 3,220.7
NW1 4,257.8
NW1 5,278.8
NW1 6,332.5
NW1 7,712.1
NW1 8,667.7
NW1 9,369.4
NW10 0,238.4
NW10 1,151.3
NW10 2,397.3
NW10 3,139.8
NW10 4,433.7
NW10 5,280.4
NW10 6,899.8
NW10 7,1338.2
NW10 8,226.6
NW10 9,223.6
NW11 0,152.1
NW11 1,60.8
NW11 6,133.2
NW11 7,157.1
NW11 8,337.2
NW11 9,112.1
NW1W 7,71.3
NW1W 8,70.2
NW1W 9,56.4
NW2 1,125.9
NW2 2,140.4
NW2 3,201.2
NW2 4,93.1
NW2 5,249.4
NW2 6,319.1
NW2 7,594.8
NW2 9,9.4
NW26 9,15.9
NW3 1,245.7
NW3 2,236.7
NW3 3,127.2
NW3 4,187.5
NW3 5,267.4
NW3 6,244.5
NW3 7,66.1
NW3 9,25.0
NW4 1,131.4
NW4 2,204.6
NW4 3,353.8
NW4 4,216.8
NW4 9,41.0
NW5 1,321.2
NW5 2,258.1
NW5 3,108.7
NW5 4,175.4
NW5 9,106.2
NW6 1,326.6
NW6 2,264.3
NW6 3,107.6
NW6 4,234.3
NW6 5,166.8
NW6 6,242.5
NW6 7,277.9
NW6 9,7.7
NW7 0,21.1
NW7 1,95.1
NW7 2,103.4
NW7 3,209.4
NW7 4,116.1
NW8 0,91.6
NW8 1,3.9
NW8 6,120.6
NW8 7,157.0
NW8 8,248.9
NW8 9,110.4
NW9 0,342.7
NW9 1,5.1
NW9 4,46.9
NW9 5,153.3
NW9 6,225.5
NW9 7,143.5
NW9 8,186.2
NW9 9,238.8
OL1 1,381.6
OL1 2,300.7
OL1 3,514.9
OL1 4,338.9
OL1 9,124.2
OL10 1,290.9
OL10 2,254.1
OL10 3,252.8
OL10 4,352.7
OL10 9,8.3
OL11 1,281.5
OL11 2,2028.1
OL11 3,239.6
OL11 4,220.0
OL11 5,193.5
OL12 0,433.2
OL12 6,405.7
OL12 7,227.3
OL12 8,214.6
OL12 9,170.3
OL13 0,203.6
OL13 3,19.0
OL13 8,185.7
OL13 9,169.1
OL14 5,254.3
OL14 6,171.3
OL14 7,193.5
OL14 8,131.3
OL14 9,12.2
OL15 0,84.7
OL15 8,171.1
OL15 9,186.9
OL16 1,660.3
OL16 2,431.6
OL16 3,206.2
OL16 4,265.1
OL16 5,320.5
OL16 9,120.0
OL2 5,315.2
OL2 6,372.2
OL2 7,169.8
OL2 8,267.8
OL3 5,412.2
OL3 6,108.8
OL3 7,191.6
OL4 1,334.2
OL4 2,145.7
OL4 3,134.5
OL4 4,115.0
OL4 5,193.4
OL5 0,232.8
OL5 9,375.2
OL6 0,57.7
OL6 6,559.8
OL6 7,614.3
OL6 8,216.1
OL6 9,178.2
OL7 0,367.5
OL7 9,149.8
OL8 1,572.6
OL8 2,200.7
OL8 3,240.7
OL8 4,317.6
OL9 0,205.7
OL9 6,435.9
OL9 7,221.4
OL9 8,203.9
OL9 9,430.5
OX1 1,301.7
OX1 2,252.4
OX1 3,407.0
OX1 4,235.3
OX1 5,65.7
OX1 9,214.0
OX10 0,301.2
OX10 1,19.5
OX10 6,136.8
OX10 7,107.8
OX10 8,170.8
OX10 9,202.5
OX11 0,396.9
OX11 1,43.5
OX11 6,67.3
OX11 7,310.8
OX11 8,129.0
OX11 9,157.8
OX12 0,96.6
OX12 2,41.0
OX12 7,127.4
OX12 8,299.4
OX12 9,314.7
OX13 5,158.7
OX13 6,246.1
OX14 1,329.6
OX14 2,99.7
OX14 3,324.4
OX14 4,395.2
OX14 5,197.9
OX14 9,67.0
OX15 0,89.1
OX15 4,196.1
OX15 5,144.8
OX15 6,187.4
OX16 0,100.4
OX16 1,304.6
OX16 2,182.1
OX16 3,136.6
OX16 4,189.5
OX16 5,642.4
OX16 6,48.1
OX16 9,257.7
OX17 1,194.3
OX17 2,196.1
OX17 3,197.1
OX18 1,80.1
OX18 2,226.1
OX18 3,192.5
OX18 4,265.1
OX18 9,8.9
OX2 0,271.4
OX2 6,304.4
OX2 7,368.0
OX2 8,87.5
OX2 9,164.4
OX20 1,208.2
OX25 1,57.5
OX25 2,91.1
OX25 3,49.2
OX25 4,105.0
OX25 5,162.3
OX25 6,32.4
OX26 1,190.9
OX26 2,65.1
OX26 3,40.0
OX26 4,267.2
OX26 5,72.2
OX26 6,505.3
OX26 9,48.1
OX27 0,33.1
OX27 7,78.6
OX27 8,83.7
OX27 9,28.8
OX28 1,90.4
OX28 2,6.0
OX28 3,34.1
OX28 4,254.4
OX28 5,111.7
OX28 6,370.7
OX28 9,105.8
OX29 0,138.1
OX29 4,303.5
OX29 5,90.7
OX29 6,147.2
OX29 7,337.2
OX29 8,195.5
OX29 9,114.8
OX3 0,130.1
OX3 3,0.5
OX3 7,176.8
OX3 8,107.4
OX3 9,169.5
OX33 1,259.1
OX39 4,172.7
OX4 1,468.7
OX4 2,358.4
OX4 3,318.4
OX4 4,341.5
OX4 6,154.7
OX4 7,19.3
OX4 9,10.4
OX44 7,277.3
OX44 9,105.6
OX49 5,178.2
OX5 1,441.7
OX5 2,175.9
OX5 3,111.3
OX5 9,13.2
OX7 3,201.5
OX7 4,139.1
OX7 5,442.9
OX7 6,257.8
OX7 7,34.4
OX7 9,13.8
OX9 0,47.5
OX9 2,182.4
OX9 3,358.0
OX9 7,38.8
PE1 1,550.6
PE1 2,649.5
PE1 3,307.0
PE1 4,206.3
PE1 5,976.0
PE1 9,208.1
PE10 0,238.2
PE10 1,20.7
PE10 2,31.0
PE10 9,391.9
PE11 1,365.0
PE11 2,368.9
PE11 3,399.9
PE11 4,244.1
PE11 5,15.7
PE11 6,1.3
PE11 7,1.0
PE11 9,108.8
PE12 0,204.5
PE12 2,2.2
PE12 6,300.3
PE12 7,269.3
PE12 8,148.1
PE12 9,354.5
PE13 1,369.9
PE13 2,357.8
PE13 3,172.9
PE13 4,215.5
PE13 5,110.1
PE14 0,176.2
PE14 4,62.1
PE14 7,205.4
PE14 8,131.7
PE14 9,98.9
PE15 0,318.6
PE15 5,86.2
PE15 8,308.2
PE15 9,202.9
PE16 6,334.9
PE16 9,1.6
PE19 0,11.6
PE19 1,291.1
PE19 2,233.1
PE19 5,343.9
PE19 6,196.0
PE19 7,77.5
PE19 8,259.6
PE19 9,10.1
PE2 2,48.9
PE2 5,231.8
PE2 6,412.2
PE2 7,269.7
PE2 8,259.9
PE2 9,211.3
PE20 1,229.8
PE20 2,110.6
PE20 3,167.3
PE21 0,70.3
PE21 1,115.5
PE21 6,501.2
PE21 7,449.0
PE21 8,449.3
PE21 9,150.2
PE22 0,172.7
PE22 7,165.4
PE22 8,136.0
PE22 9,92.2
PE23 4,142.8
PE23 5,253.9
PE24 4,239.3
PE24 5,508.4
PE25 1,399.7
PE25 2,464.7
PE25 3,503.6
PE25 9,30.7
PE26 1,179.5
PE26 2,169.6
PE27 3,277.5
PE27 4,144.5
PE27 5,337.9
PE27 6,17.6
PE27 9,39.2
PE28 0,239.3
PE28 2,298.7
PE28 3,302.8
PE28 4,324.1
PE28 5,209.9
PE28 9,137.8
PE29 1,87.7
PE29 2,147.7
PE29 3,201.8
PE29 6,238.5
PE29 7,147.1
PE29 9,241.4
PE3 6,158.9
PE3 7,167.3
PE3 8,185.1
PE3 9,100.6
PE30 1,467.0
PE30 2,348.2
PE30 3,81.6
PE30 4,275.2
PE30 5,549.0
PE30 9,134.3
PE31 6,316.1
PE31 7,514.8
PE31 8,610.4
PE32 1,457.4
PE32 2,248.1
PE33 0,220.5
PE33 9,182.4
PE34 3,217.4
PE34 4,187.5
PE35 6,12.3
PE36 5,402.7
PE36 6,491.2
PE36 9,1.1
PE37 7,324.9
PE37 8,140.1
PE38 0,146.0
PE38 8,7.8
PE38 9,312.9
PE4 5,29.8
PE4 6,302.3
PE4 7,54.4
PE5 7,20.2
PE6 0,247.8
PE6 6,0.7
PE6 7,256.5
PE6 8,405.9
PE6 9,150.9
PE7 0,38.7
PE7 1,311.9
PE7 2,182.3
PE7 3,556.9
PE7 4,24.9
PE7 7,6.4
PE7 8,295.3
PE8 4,222.6
PE8 5,245.1
PE8 6,299.7
PE8 9,6.2
PE9 1,227.8
PE9 2,587.8
PE9 3,239.4
PE9 4,203.8
PE9 9,2.1
PL1 1,512.6
PL1 2,442.3
PL1 3,819.1
PL1 4,287.6
PL1 5,311.8
PL1 9,116.2
PL10 1,240.3
PL11 2,294.8
PL11 3,193.9
PL12 4,226.0
PL12 5,120.2
PL12 6,444.1
PL12 9,16.1
PL13 1,424.2
PL13 2,569.2
PL13 9,70.8
PL14 3,417.4
PL14 4,330.4
PL14 5,184.9
PL14 6,203.1
PL14 9,23.6
PL15 0,30.4
PL15 7,334.8
PL15 8,345.5
PL15 9,360.1
PL16 0,88.2
PL17 0,4.0
PL17 7,254.6
PL17 8,246.1
PL18 9,201.5
PL19 0,310.1
PL19 1,87.7
PL19 8,263.4
PL19 9,173.5
PL2 1,217.0
PL2 2,225.0
PL2 3,166.6
PL2 9,6.7
PL20 6,203.7
PL20 7,140.0
PL21 0,359.0
PL21 1,13.3
PL21 9,399.3
PL22 0,319.3
PL23 1,450.8
PL24 2,366.9
PL25 3,300.1
PL25 4,252.8
PL25 5,286.3
PL25 9,120.5
PL26 6,517.0
PL26 7,281.5
PL26 8,523.0
PL27 6,900.7
PL27 7,677.4
PL27 9,28.1
PL28 8,922.1
PL29 3,162.6
PL3 4,330.8
PL3 5,94.2
PL3 6,104.9
PL30 3,382.8
PL30 4,189.6
PL30 5,207.8
PL31 1,203.0
PL31 2,447.4
PL31 9,5.9
PL32 9,297.3
PL33 9,109.6
PL34 0,212.4
PL35 0,139.9
PL4 0,672.9
PL4 6,206.8
PL4 7,152.1
PL4 8,231.9
PL4 9,340.1
PL5 1,127.4
PL5 2,107.3
PL5 3,134.4
PL5 4,77.5
PL5 9,6.6
PL6 5,297.7
PL6 6,86.2
PL6 7,349.6
PL6 8,465.6
PL7 1,198.8
PL7 2,215.0
PL7 4,238.6
PL7 5,290.1
PL7 9,26.1
PL8 1,172.8
PL8 2,128.8
PL9 0,72.1
PL9 7,163.6
PL9 8,83.8
PL9 9,187.7
PL95 8,44.8
PO1 1,404.9
PO1 2,324.8
PO1 3,352.2
PO1 4,219.3
PO1 5,226.7
PO1 9,121.8
PO10 7,278.2
PO10 8,189.6
PO10 9,20.5
PO11 0,577.2
PO11 1,5.9
PO11 9,336.9
PO12 1,539.9
PO12 2,139.0
PO12 3,280.2
PO12 4,341.4
PO12 9,52.1
PO13 0,315.1
PO13 8,23.8
PO13 9,320.7
PO14 1,136.8
PO14 2,237.6
PO14 3,235.9
PO14 4,171.9
PO14 9,117.6
PO15 5,382.9
PO15 6,155.8
PO15 7,532.2
PO16 0,456.9
PO16 7,303.3
PO16 8,274.0
PO16 9,167.3
PO17 5,239.4
PO17 6,118.2
PO18 0,220.9
PO18 8,269.7
PO18 9,170.1
PO19 1,555.0
PO19 3,118.9
PO19 5,48.5
PO19 6,156.4
PO19 7,340.1
PO19 8,316.8
PO19 9,206.3
PO2 0,224.7
PO2 7,338.0
PO2 8,180.7
PO2 9,218.0
PO20 0,256.3
PO20 1,132.7
PO20 2,256.7
PO20 3,101.5
PO20 4,1.9
PO20 7,362.1
PO20 8,456.1
PO20 9,171.8
PO21 1,446.7
PO21 2,157.8
PO21 3,82.2
PO21 4,88.2
PO21 5,109.1
PO21 9,27.5
PO22 0,120.0
PO22 6,103.0
PO22 7,257.7
PO22 8,54.6
PO22 9,317.6
PO3 5,731.0
PO3 6,175.4
PO30 1,472.1
PO30 2,228.3
PO30 3,239.5
PO30 4,245.4
PO30 5,553.4
PO30 9,58.0
PO31 7,516.2
PO31 8,380.2
PO32 6,218.2
PO33 1,358.2
PO33 2,517.4
PO33 3,111.6
PO33 4,234.2
PO33 9,9.5
PO34 5,188.2
PO35 5,300.5
PO36 0,218.7
PO36 6,27.3
PO36 8,394.8
PO36 9,276.1
PO37 6,387.4
PO37 7,185.8
PO38 1,475.3
PO38 2,149.8
PO38 3,261.1
PO38 9,3.0
PO39 0,76.2
PO4 0,290.2
PO4 8,327.7
PO4 9,192.6
PO40 0,3.1
PO40 9,330.7
PO41 0,179.8
PO5 1,148.3
PO5 2,406.8
PO5 3,244.4
PO5 4,202.5
PO6 1,220.3
PO6 2,245.0
PO6 3,401.0
PO6 4,406.6
PO6 9,25.6
PO7 3,14.7
PO7 4,79.8
PO7 5,138.0
PO7 6,265.0
PO7 7,514.5
PO7 8,38.2
PO7 9,48.0
PO8 0,260.5
PO8 8,85.6
PO8 9,124.6
PO9 1,550.6
PO9 2,246.7
PO9 3,109.7
PO9 4,56.4
PO9 5,153.6
PO9 6,72.9
PO9 9,107.0
PR0 2,25.3
PR1 0,141.5
PR1 1,448.3
PR1 2,564.1
PR1 3,496.4
PR1 4,228.7
PR1 5,459.7
PR1 6,285.6
PR1 7,309.6
PR1 8,282.1
PR1 9,200.6
PR11 1,5.5
PR11 2,110.5
PR2 0,95.5
PR2 1,239.8
PR2 2,707.7
PR2 3,209.3
PR2 5,437.6
PR2 6,704.5
PR2 7,16.9
PR2 8,124.5
PR2 9,196.1
PR25 1,132.5
PR25 2,250.8
PR25 3,321.6
PR25 4,240.6
PR25 5,73.1
PR25 9,47.9
PR26 6,130.6
PR26 7,116.1
PR26 8,26.9
PR26 9,98.6
PR3 0,453.7
PR3 1,421.6
PR3 2,288.9
PR3 3,396.1
PR3 5,99.0
PR3 6,162.2
PR3 8,1.4
PR3 9,37.1
PR4 0,314.8
PR4 1,207.7
PR4 2,409.0
PR4 3,276.7
PR4 4,199.2
PR4 5,261.6
PR4 6,256.0
PR4 9,34.5
PR5 0,136.4
PR5 4,222.5
PR5 5,269.7
PR5 6,556.2
PR5 8,90.2
PR5 9,11.2
PR6 0,366.8
PR6 6,43.6
PR6 7,238.7
PR6 8,302.1
PR6 9,212.0
PR7 1,406.7
PR7 2,458.0
PR7 3,266.7
PR7 4,278.6
PR7 5,367.7
PR7 6,293.0
PR7 7,249.8
PR8 1,723.1
PR8 2,122.4
PR8 3,191.9
PR8 4,263.2
PR8 5,273.8
PR8 6,352.6
PR8 9,18.2
PR9 0,724.7
PR9 7,234.7
PR9 8,226.5
PR9 9,213.4
RG1 1,568.4
RG1 2,392.6
RG1 3,375.7
RG1 4,198.2
RG1 5,193.8
RG1 6,236.2
RG1 7,624.0
RG1 8,450.5
RG1 9,264.7
RG10 0,245.0
RG10 8,103.1
RG10 9,345.1
RG12 0,40.5
RG12 1,388.2
RG12 2,73.7
RG12 7,169.3
RG12 8,217.9
RG12 9,222.2
RG14 1,512.4
RG14 2,258.6
RG14 3,20.4
RG14 5,459.4
RG14 6,92.8
RG14 7,352.0
RG14 9,154.0
RG17 0,438.2
RG17 1,12.4
RG17 7,184.2
RG17 8,116.1
RG17 9,72.3
RG18 0,50.2
RG18 3,92.9
RG18 4,54.9
RG18 9,157.0
RG19 3,157.0
RG19 4,207.7
RG19 6,47.6
RG19 8,214.5
RG19 9,32.6
RG2 0,426.5
RG2 6,97.0
RG2 7,159.6
RG2 8,241.0
RG2 9,239.7
RG20 0,63.1
RG20 4,45.6
RG20 5,95.1
RG20 6,22.6
RG20 7,80.8
RG20 8,154.6
RG20 9,108.7
RG21 3,236.8
RG21 4,343.8
RG21 5,207.7
RG21 6,93.5
RG21 7,482.7
RG21 8,113.9
RG22 4,149.6
RG22 5,62.6
RG22 6,149.7
RG23 7,115.0
RG23 8,123.9
RG24 4,333.1
RG24 7,77.9
RG24 8,512.7
RG24 9,173.1
RG25 2,179.6
RG25 3,144.4
RG26 3,127.6
RG26 4,92.9
RG26 5,183.1
RG26 9,0.5
RG27 0,160.6
RG27 7,34.3
RG27 8,321.2
RG27 9,321.0
RG28 7,191.3
RG28 9,0.2
RG29 1,228.2
RG30 1,269.8
RG30 2,131.6
RG30 3,184.6
RG30 4,173.1
RG30 6,88.1
RG30 9,40.0
RG31 4,57.3
RG31 5,99.6
RG31 6,61.6
RG31 7,15.5
RG4 5,74.8
RG4 6,130.5
RG4 7,117.2
RG4 8,206.3
RG4 9,117.1
RG40 1,208.9
RG40 2,162.6
RG40 3,174.8
RG40 4,215.8
RG40 5,94.9
RG40 9,126.6
RG41 1,108.5
RG41 2,335.7
RG41 3,20.8
RG41 4,127.3
RG41 5,529.5
RG42 1,236.8
RG42 2,35.2
RG42 3,17.0
RG42 4,150.2
RG42 5,82.9
RG42 6,78.3
RG42 7,11.5
RG42 9,231.6
RG45 6,179.2
RG45 7,154.0
RG5 3,131.4
RG5 4,197.7
RG6 1,193.1
RG6 3,19.8
RG6 4,61.2
RG6 5,86.8
RG6 6,56.0
RG6 7,85.0
RG6 9,111.4
RG7 1,432.9
RG7 2,96.0
RG7 3,195.9
RG7 4,423.2
RG7 5,694.5
RG7 6,105.0
RG7 8,111.4
RG8 0,146.4
RG8 1,2.5
RG8 6,16.1
RG8 7,197.3
RG8 8,106.6
RG8 9,85.9
RG9 1,347.9
RG9 2,307.5
RG9 3,76.7
RG9 4,100.5
RG9 5,124.3
RG9 6,130.3
RG9 9,36.8
RH1 1,405.7
RH1 2,231.4
RH1 3,123.8
RH1 4,268.3
RH1 5,352.4
RH1 6,230.7
RH1 9,19.3
RH10 0,157.4
RH10 1,628.1
RH10 2,4.5
RH10 3,369.1
RH10 4,239.6
RH10 5,97.1
RH10 6,187.6
RH10 7,141.7
RH10 8,441.6
RH10 9,651.5
RH11 0,290.4
RH11 6,9.6
RH11 7,500.8
RH11 8,79.0
RH11 9,164.1
RH12 0,58.6
RH12 1,706.2
RH12 2,127.1
RH12 3,357.8
RH12 4,216.3
RH12 5,77.1
RH12 6,18.8
RH12 9,60.4
RH13 0,174.9
RH13 5,303.2
RH13 6,248.4
RH13 8,454.4
RH13 9,171.0
RH14 0,163.4
RH14 4,3.7
RH14 9,355.7
RH15 0,194.0
RH15 5,30.9
RH15 8,301.0
RH15 9,426.5
RH16 1,313.3
RH16 2,152.6
RH16 3,279.7
RH16 4,310.1
RH16 9,47.5
RH17 5,338.1
RH17 6,200.7
RH17 7,261.0
RH18 5,229.7
RH19 1,220.0
RH19 2,321.9
RH19 3,336.0
RH19 4,240.7
RH19 9,54.2
RH2 0,203.5
RH2 2,289.0
RH2 7,203.6
RH2 8,166.9
RH2 9,195.0
RH20 1,189.8
RH20 2,161.6
RH20 3,218.8
RH20 4,228.5
RH20 6,7.8
RH20 9,8.3
RH3 7,156.0
RH4 1,380.1
RH4 2,156.9
RH4 3,226.7
RH4 9,71.6
RH5 4,143.3
RH5 5,203.6
RH5 6,128.1
RH6 0,485.9
RH6 6,58.6
RH6 7,180.1
RH6 8,111.7
RH6 9,401.0
RH7 6,340.6
RH7 9,5.9
RH77 1,97.0
RH8 0,199.9
RH8 8,49.5
RH8 9,143.4
RH9 8,247.6
RM1 1,324.3
RM1 2,268.8
RM1 3,449.6
RM1 4,152.6
RM10 7,240.9
RM10 8,247.9
RM10 9,203.9
RM11 1,271.4
RM11 2,124.9
RM11 3,119.4
RM12 4,335.4
RM12 5,97.4
RM12 6,139.2
RM12 9,80.7
RM13 0,20.2
RM13 7,114.7
RM13 8,544.8
RM13 9,459.7
RM14 1,146.2
RM14 2,327.4
RM14 3,282.0
RM14 9,7.4
RM15 4,189.9
RM15 5,176.8
RM15 6,146.9
RM15 9,2.2
RM16 2,87.2
RM16 3,159.3
RM16 4,104.0
RM16 5,16.0
RM16 6,45.0
RM17 5,458.5
RM17 6,387.3
RM17 9,122.6
RM18 7,266.4
RM18 8,287.8
RM19 1,294.7
RM2 5,114.5
RM2 6,105.3
RM20 1,13.7
RM20 2,98.2
RM20 3,336.8
RM20 4,291.1
RM3 0,345.7
RM3 7,67.0
RM3 8,228.7
RM3 9,101.3
RM4 1,183.2
RM5 2,116.1
RM5 3,117.0
RM6 4,168.9
RM6 5,113.7
RM6 6,308.7
RM7 0,260.5
RM7 1,15.9
RM7 7,104.1
RM7 8,111.9
RM7 9,195.4
RM8 1,357.1
RM8 2,241.5
RM8 3,179.0
RM9 4,150.1
RM9 5,95.0
RM9 6,197.9
RM9 9,9.1
S1 1,166.0
S1 2,820.1
S1 3,67.6
S1 4,1083.8
S1 9,241.7
S10 1,297.5
S10 2,328.0
S10 3,141.3
S10 4,44.8
S10 5,149.4
S10 9,3.3
S11 0,13.6
S11 7,168.7
S11 8,562.5
S11 9,111.2
S12 2,141.4
S12 3,96.0
S12 4,167.6
S12 9,11.5
S13 7,115.9
S13 8,154.4
S13 9,306.8
S14 1,42.8
S17 3,106.6
S17 4,78.5
S17 9,2.4
S18 1,205.8
S18 2,239.3
S18 3,23.4
S18 4,41.0
S18 7,84.8
S18 8,70.2
S18 9,61.7
S2 1,263.2
S2 2,199.9
S2 3,167.1
S2 4,692.5
S2 5,448.1
S2 9,82.1
S20 1,140.5
S20 2,98.6
S20 3,91.8
S20 4,16.3
S20 5,79.4
S20 6,11.3
S20 7,194.4
S20 8,76.3
S20 9,55.0
S21 1,226.4
S21 2,73.6
S21 3,80.4
S21 4,227.4
S21 5,28.0
S25 1,54.5
S25 2,389.6
S25 3,181.3
S25 4,88.5
S25 5,26.3
S25 9,14.3
S26 1,26.6
S26 2,70.6
S26 3,22.7
S26 4,136.0
S26 5,157.9
S26 6,83.8
S26 7,53.2
S3 7,546.6
S3 8,1111.2
S3 9,343.4
S32 1,93.8
S32 2,49.7
S32 3,60.3
S32 4,23.7
S32 5,84.2
S33 0,112.7
S33 6,92.2
S33 7,45.0
S33 8,70.1
S33 9,104.8
S35 0,99.7
S35 1,99.4
S35 2,236.8
S35 3,52.1
S35 4,85.9
S35 5,4.2
S35 7,49.0
S35 8,105.4
S35 9,250.8
S36 0,5.5
S36 1,118.7
S36 2,232.2
S36 3,3.4
S36 4,25.6
S36 6,191.7
S36 7,55.1
S36 8,52.8
S36 9,187.7
S4 7,386.3
S4 8,342.7
S40 1,608.0
S40 2,445.8
S40 3,95.4
S40 4,105.4
S40 9,101.7
S41 0,449.1
S41 7,498.2
S41 8,556.1
S41 9,687.0
S42 5,273.7
S42 6,184.6
S42 7,125.5
S43 1,120.4
S43 2,229.3
S43 3,374.3
S43 4,333.2
S43 9,60.0
S44 5,310.8
S44 6,426.4
S44 9,10.9
S45 0,76.7
S45 8,94.2
S45 9,526.8
S49 1,6.2
S5 0,102.6
S5 5,1.3
S5 6,219.6
S5 7,134.4
S5 8,144.2
S5 9,127.6
S6 1,393.8
S6 2,381.9
S6 3,313.3
S6 4,260.8
S6 5,96.2
S6 6,79.3
S6 9,36.8
S60 1,589.5
S60 2,403.4
S60 3,73.7
S60 4,77.7
S60 5,355.3
S60 8,72.3
S60 9,247.3
S61 1,247.6
S61 2,189.8
S61 3,44.4
S61 4,205.3
S62 5,122.6
S62 6,492.9
S62 7,114.6
S63 0,253.3
S63 3,50.6
S63 5,35.3
S63 6,332.7
S63 7,260.1
S63 8,59.6
S63 9,266.2
S64 0,178.3
S64 5,67.4
S64 8,334.4
S64 9,388.4
S65 1,467.7
S65 2,197.6
S65 3,119.3
S65 4,108.1
S66 1,160.1
S66 2,148.7
S66 3,25.8
S66 6,6.0
S66 7,278.8
S66 8,309.7
S66 9,156.9
S7 1,317.8
S7 2,208.2
S70 1,475.7
S70 2,538.9
S70 3,226.4
S70 4,118.7
S70 5,165.1
S70 6,235.1
S70 9,174.2
S71 1,415.1
S71 2,173.5
S71 3,339.2
S71 4,203.0
S71 5,225.7
S72 0,43.5
S72 7,177.3
S72 8,235.8
S72 9,38.6
S73 0,279.3
S73 3,13.9
S73 8,227.1
S73 9,125.0
S74 0,1139.8
S74 8,102.2
S74 9,1091.5
S75 1,303.2
S75 2,301.3
S75 3,287.7
S75 4,95.9
S75 5,159.6
S75 6,190.4
S8 0,495.7
S8 2,33.5
S8 7,127.4
S8 8,147.4
S8 9,269.0
S80 1,518.5
S80 2,379.8
S80 3,160.7
S80 4,215.9
S80 9,113.9
S81 0,151.4
S81 7,156.4
S81 8,382.0
S81 9,180.0
S9 1,879.1
S9 2,350.2
S9 3,474.2
S9 4,310.6
S9 5,381.5
S9 9,16.4
S95 1,84.2
S96 5,68.3
S97 3,94.8
S98 1,570.3
S98 6,9.7
S99 1,64.0
S99 2,27.8
S99 3,8.3
SA1 1,457.5
SA1 2,392.7
SA1 3,599.8
SA1 4,323.6
SA1 5,451.6
SA1 6,380.0
SA1 7,111.7
SA1 8,373.5
SA1 9,87.0
SA10 6,423.2
SA10 7,210.1
SA10 8,130.0
SA10 9,103.5
SA11 1,417.4
SA11 2,314.3
SA11 3,265.4
SA11 4,104.4
SA11 5,168.2
SA11 9,53.5
SA12 6,361.0
SA12 7,200.6
SA12 8,235.6
SA12 9,141.1
SA13 1,372.8
SA13 2,233.8
SA13 3,148.8
SA13 9,25.8
SA14 6,343.7
SA14 7,131.6
SA14 8,294.7
SA14 9,226.5
SA15 1,384.7
SA15 2,347.6
SA15 3,401.0
SA15 4,106.1
SA15 5,129.7
SA15 9,37.1
SA16 0,264.7
SA17 4,118.0
SA17 5,172.8
SA18 1,248.7
SA18 2,316.1
SA18 3,422.0
SA18 9,42.4
SA19 0,3.4
SA19 6,272.0
SA19 7,102.6
SA19 8,93.7
SA19 9,66.9
SA2 0,225.6
SA2 7,135.8
SA2 8,100.0
SA2 9,92.2
SA20 0,252.8
SA3 1,258.1
SA3 2,55.7
SA3 3,58.0
SA3 4,428.0
SA3 5,109.3
SA3 9,11.5
SA31 1,622.5
SA31 2,127.9
SA31 3,452.8
SA31 9,37.9
SA32 7,104.7
SA32 8,124.6
SA33 4,336.9
SA33 5,130.2
SA33 6,131.1
SA34 0,317.7
SA35 0,35.0
SA36 0,20.1
SA37 0,43.0
SA38 9,269.9
SA39 9,104.6
SA4 0,63.9
SA4 3,224.2
SA4 4,394.3
SA4 5,35.5
SA4 6,97.6
SA4 8,227.3
SA4 9,149.1
SA40 9,92.3
SA41 3,108.2
SA42 0,262.2
SA43 1,471.2
SA43 2,221.3
SA43 3,234.1
SA43 9,5.0
SA44 4,201.6
SA44 5,172.0
SA44 6,209.8
SA44 9,2.7
SA45 9,104.8
SA46 0,235.0
SA47 0,77.8
SA48 7,316.7
SA48 8,128.9
SA48 9,11.4
SA5 4,388.7
SA5 5,170.5
SA5 7,76.1
SA5 8,203.8
SA5 9,130.1
SA6 5,239.3
SA6 6,127.7
SA6 7,97.6
SA6 8,497.4
SA61 1,355.3
SA61 2,363.4
SA61 9,13.9
SA62 3,367.0
SA62 4,217.3
SA62 5,294.3
SA62 6,575.1
SA63 4,48.4
SA64 0,97.8
SA65 0,0.8
SA65 9,278.8
SA66 7,89.2
SA67 7,168.0
SA67 8,350.1
SA67 9,25.7
SA68 0,132.1
SA69 9,391.9
SA7 0,180.1
SA7 9,530.9
SA70 7,675.7
SA70 8,405.4
SA71 4,221.5
SA71 5,185.8
SA72 4,73.7
SA72 6,575.9
SA72 9,12.1
SA73 1,291.4
SA73 2,373.7
SA73 3,233.2
SA73 9,0.8
SA8 3,51.3
SA8 4,330.6
SA8 9,4.2
SA80 8,6.3
SA9 1,343.2
SA9 2,197.1
SA9 5,1.4
SA99 1,7.1
SE1 0,1170.7
SE1 1,989.1
SE1 2,884.0
SE1 3,1012.3
SE1 4,461.4
SE1 5,215.4
SE1 6,346.3
SE1 7,868.5
SE1 8,696.1
SE1 9,1052.3
SE10 0,606.0
SE10 1,19.9
SE10 8,296.4
SE10 9,486.9
SE11 4,304.9
SE11 5,558.5
SE11 6,245.0
SE11 9,14.7
SE12 0,130.9
SE12 2,12.8
SE12 8,185.6
SE12 9,70.4
SE13 5,358.7
SE13 6,476.0
SE13 7,325.3
SE13 9,62.9
SE14 5,309.9
SE14 6,324.1
SE14 9,15.0
SE15 1,364.3
SE15 2,223.8
SE15 3,246.4
SE15 4,653.6
SE15 5,278.7
SE15 6,238.9
SE15 9,64.6
SE16 2,643.0
SE16 3,338.2
SE16 4,226.8
SE16 5,17.6
SE16 6,8.1
SE16 7,208.8
SE16 9,4.7
SE17 1,333.9
SE17 2,375.6
SE17 3,313.5
SE17 9,33.0
SE18 1,312.4
SE18 2,83.6
SE18 3,135.4
SE18 4,56.0
SE18 5,568.0
SE18 6,731.0
SE18 7,128.8
SE18 9,23.2
SE19 1,140.8
SE19 2,104.7
SE19 3,179.0
SE19 9,34.4
SE1P 4,74.2
SE1P 5,67.1
SE2 0,114.6
SE2 8,1.5
SE2 9,189.3
SE20 7,313.3
SE20 8,248.1
SE20 9,26.5
SE21 7,62.8
SE21 8,324.1
SE21 9,4.4
SE22 0,101.2
SE22 2,3.2
SE22 8,285.7
SE22 9,152.7
SE23 1,265.3
SE23 2,95.7
SE23 3,220.9
SE23 9,12.2
SE24 0,243.1
SE24 4,5.5
SE24 9,199.6
SE25 4,157.0
SE25 5,239.2
SE25 6,171.4
SE26 4,225.8
SE26 5,285.0
SE26 6,83.1
SE26 9,11.3
SE27 0,240.2
SE27 7,20.0
SE27 9,220.4
SE28 0,187.6
SE28 8,69.8
SE28 9,1.2
SE3 0,177.6
SE3 3,21.3
SE3 7,106.2
SE3 8,98.1
SE3 9,155.9
SE4 1,185.3
SE4 2,274.6
SE4 9,9.2
SE5 0,414.9
SE5 5,32.1
SE5 7,210.1
SE5 8,328.6
SE5 9,291.9
SE6 1,142.7
SE6 2,248.7
SE6 3,154.0
SE6 4,260.4
SE6 9,97.3
SE7 7,348.0
SE7 8,457.2
SE7 9,4.7
SE8 3,363.0
SE8 4,455.1
SE8 5,345.6
SE8 9,32.9
SE9 1,267.4
SE9 2,164.9
SE9 3,160.2
SE9 4,109.5
SE9 5,146.8
SE9 6,110.2
SE9 9,43.2
SG1 1,549.8
SG1 2,597.9
SG1 3,364.0
SG1 4,165.6
SG1 5,81.6
SG1 6,39.4
SG1 9,103.8
SG10 6,69.3
SG11 1,189.8
SG11 2,128.5
SG12 0,196.6
SG12 4,30.7
SG12 7,167.6
SG12 8,188.3
SG12 9,357.1
SG13 7,309.3
SG13 8,235.6
SG13 9,67.8
SG14 1,534.0
SG14 2,127.4
SG14 3,164.6
SG15 6,140.0
SG16 6,144.0
SG17 5,311.4
SG17 9,36.8
SG18 0,220.8
SG18 1,23.9
SG18 8,290.7
SG18 9,250.9
SG19 1,248.9
SG19 2,220.4
SG19 3,171.4
SG19 9,27.5
SG2 0,82.0
SG2 7,164.1
SG2 8,162.3
SG2 9,89.4
SG3 6,234.5
SG4 0,350.8
SG4 7,255.5
SG4 8,204.2
SG4 9,107.3
SG5 1,646.5
SG5 2,306.2
SG5 3,255.2
SG5 4,188.5
SG5 9,54.9
SG6 1,672.2
SG6 2,132.5
SG6 3,253.9
SG6 4,123.4
SG6 9,138.7
SG7 5,172.2
SG7 6,288.0
SG8 0,189.6
SG8 1,30.9
SG8 5,315.8
SG8 6,252.1
SG8 7,221.1
SG8 8,158.4
SG8 9,204.6
SG9 0,258.7
SG9 9,277.5
SK1 1,640.3
SK1 2,353.9
SK1 3,595.5
SK1 4,334.5
SK1 9,82.4
SK10 1,393.2
SK10 2,348.7
SK10 3,106.8
SK10 4,572.7
SK10 5,472.2
SK10 9,491.6
SK11 0,218.8
SK11 6,339.0
SK11 7,440.5
SK11 8,184.7
SK11 9,224.6
SK12 1,328.0
SK12 2,119.2
SK13 0,14.0
SK13 1,230.9
SK13 2,72.5
SK13 5,33.3
SK13 6,109.3
SK13 7,180.0
SK13 8,420.1
SK13 9,21.7
SK14 1,424.8
SK14 2,260.4
SK14 3,78.1
SK14 4,438.8
SK14 5,129.4
SK14 6,89.4
SK14 8,37.3
SK14 9,79.8
SK15 1,357.2
SK15 2,430.3
SK15 3,121.7
SK15 9,4.7
SK16 4,481.5
SK16 5,140.5
SK17 0,249.7
SK17 1,23.6
SK17 6,692.2
SK17 7,155.8
SK17 8,379.0
SK17 9,307.6
SK2 5,100.9
SK2 6,361.6
SK2 7,174.5
SK2 9,12.9
SK22 1,36.3
SK22 2,87.7
SK22 3,179.8
SK22 4,195.5
SK22 9,2.4
SK23 0,204.4
SK23 6,82.5
SK23 7,390.5
SK23 9,81.0
SK3 0,303.9
SK3 3,15.1
SK3 8,275.1
SK3 9,221.8
SK4 1,436.1
SK4 2,208.3
SK4 3,187.6
SK4 4,199.8
SK4 5,342.9
SK4 9,36.6
SK5 6,391.5
SK5 7,465.4
SK5 8,92.0
SK5 9,10.8
SK6 0,2.8
SK6 1,174.2
SK6 2,428.2
SK6 3,196.1
SK6 4,192.5
SK6 5,118.6
SK6 6,246.9
SK6 7,323.4
SK6 8,109.1
SK6 9,13.7
SK7 0,56.4
SK7 1,227.0
SK7 2,96.7
SK7 3,45.9
SK7 4,437.7
SK7 5,300.2
SK7 6,121.6
SK7 9,4.3
SK8 1,271.3
SK8 2,544.2
SK8 3,525.6
SK8 4,153.6
SK8 5,439.3
SK8 6,215.0
SK8 7,294.9
SK8 9,23.6
SK9 0,199.4
SK9 1,366.1
SK9 2,146.2
SK9 3,395.9
SK9 4,152.5
SK9 5,328.3
SK9 6,109.9
SK9 7,437.3
SL0 0,165.6
SL0 1,4.1
SL0 9,220.6
SL1 0,189.2
SL1 1,460.7
SL1 2,350.3
SL1 3,365.5
SL1 4,364.4
SL1 5,146.8
SL1 6,187.5
SL1 7,127.4
SL1 8,125.4
SL1 9,11.8
SL2 1,208.1
SL2 2,67.0
SL2 3,169.4
SL2 4,77.7
SL2 5,289.1
SL3 0,335.8
SL3 3,40.7
SL3 6,118.8
SL3 7,149.3
SL3 8,303.6
SL3 9,179.3
SL4 1,474.6
SL4 2,172.8
SL4 3,216.2
SL4 4,179.5
SL4 5,257.4
SL4 6,256.3
SL4 9,89.1
SL5 0,153.8
SL5 5,27.7
SL5 7,294.5
SL5 8,70.6
SL5 9,186.0
SL6 0,108.7
SL6 1,494.8
SL6 2,272.1
SL6 3,270.7
SL6 4,176.2
SL6 5,66.4
SL6 6,130.1
SL6 7,195.6
SL6 8,230.3
SL6 9,205.0
SL60 1,116.0
SL7 1,521.1
SL7 2,156.8
SL7 3,242.5
SL7 9,14.5
SL8 5,245.5
SL9 0,44.2
SL9 1,37.5
SL9 7,85.7
SL9 8,262.9
SL9 9,222.3
SL95 1,11.0
SM1 1,286.7
SM1 2,160.0
SM1 3,119.0
SM1 4,246.2
SM1 9,191.9
SM2 5,84.4
SM2 6,130.8
SM2 7,65.5
SM3 8,281.6
SM3 9,343.7
SM4 4,197.6
SM4 5,311.2
SM4 6,129.8
SM4 9,94.4
SM5 1,121.9
SM5 2,199.0
SM5 3,185.8
SM5 4,72.6
SM5 9,13.8
SM6 0,149.7
SM6 6,12.7
SM6 7,212.9
SM6 8,265.9
SM6 9,173.6
SM7 1,92.6
SM7 2,169.3
SM7 3,74.2
SM7 9,17.3
SN1 1,345.6
SN1 2,327.3
SN1 3,383.4
SN1 4,161.3
SN1 5,340.2
SN1 7,34.3
SN10 1,368.3
SN10 2,323.5
SN10 3,133.9
SN10 4,130.0
SN10 5,116.0
SN10 9,7.5
SN11 0,136.2
SN11 7,2.9
SN11 8,222.6
SN11 9,284.0
SN12 6,483.9
SN12 7,229.2
SN12 8,215.9
SN12 9,5.8
SN13 0,252.1
SN13 8,157.4
SN13 9,308.5
SN14 0,256.5
SN14 6,196.8
SN14 7,122.9
SN14 8,147.0
SN15 1,216.3
SN15 2,202.8
SN15 3,230.7
SN15 4,239.0
SN15 5,202.9
SN15 9,257.1
SN16 0,265.8
SN16 1,3.2
SN16 9,406.1
SN2 1,351.2
SN2 2,656.7
SN2 5,30.0
SN2 7,109.9
SN2 8,406.0
SN2 9,18.6
SN25 1,35.4
SN25 2,37.3
SN25 3,54.6
SN25 4,58.3
SN25 5,25.3
SN25 6,5.2
SN26 7,90.2
SN26 8,10.5
SN3 0,1.0
SN3 1,163.8
SN3 2,43.1
SN3 3,180.9
SN3 4,481.8
SN3 5,48.7
SN3 6,48.2
SN3 9,2.6
SN38 0,3.9
SN38 1,23.2
SN38 2,8.9
SN38 3,5.0
SN38 4,5.1
SN38 5,4.0
SN38 6,4.0
SN38 7,3.9
SN38 8,4.1
SN38 9,0.2
SN4 0,183.8
SN4 4,49.8
SN4 7,459.1
SN4 8,188.2
SN4 9,144.5
SN5 0,20.6
SN5 1,21.4
SN5 3,25.5
SN5 4,124.9
SN5 5,142.2
SN5 6,33.8
SN5 7,269.5
SN5 8,226.0
SN6 6,351.9
SN6 7,259.2
SN6 8,165.8
SN7 7,337.4
SN7 8,172.2
SN7 9,1.5
SN8 1,312.1
SN8 2,227.0
SN8 3,189.3
SN8 4,195.2
SN8 9,49.1
SN9 5,211.2
SN9 6,82.2
SN99 8,2.1
SO14 0,435.8
SO14 1,223.3
SO14 2,262.9
SO14 3,711.0
SO14 5,377.6
SO14 6,231.0
SO14 7,235.9
SO15 0,142.4
SO15 1,350.8
SO15 2,712.9
SO15 3,340.6
SO15 4,106.2
SO15 5,275.1
SO15 7,21.0
SO15 8,133.3
SO15 9,12.4
SO16 0,167.4
SO16 2,25.5
SO16 3,59.7
SO16 4,102.9
SO16 5,65.3
SO16 6,118.6
SO16 7,208.2
SO16 8,136.0
SO16 9,129.0
SO17 1,130.9
SO17 2,199.3
SO17 3,91.8
SO18 1,159.5
SO18 2,128.1
SO18 3,23.3
SO18 4,15.2
SO18 5,61.9
SO18 6,45.0
SO18 9,102.4
SO19 0,27.2
SO19 1,20.2
SO19 2,90.4
SO19 4,15.1
SO19 5,5.1
SO19 6,73.1
SO19 7,215.4
SO19 8,51.7
SO19 9,234.0
SO20 6,332.4
SO20 8,138.4
SO21 1,401.4
SO21 2,210.8
SO21 3,212.8
SO22 4,61.7
SO22 5,97.9
SO22 6,156.8
SO23 0,150.5
SO23 3,141.6
SO23 5,39.8
SO23 7,260.6
SO23 8,425.2
SO23 9,370.0
SO24 0,195.6
SO24 4,17.3
SO24 9,309.6
SO25 1,1.4
SO30 0,62.3
SO30 2,317.0
SO30 3,212.3
SO30 4,168.3
SO30 9,61.8
SO31 0,6.1
SO31 1,147.4
SO31 4,284.2
SO31 5,95.0
SO31 6,83.2
SO31 7,299.3
SO31 8,118.3
SO31 9,119.9
SO32 1,341.9
SO32 2,444.4
SO32 3,126.1
SO40 0,73.0
SO40 2,223.1
SO40 3,280.9
SO40 4,153.4
SO40 7,182.7
SO40 8,55.1
SO40 9,230.7
SO41 0,837.6
SO41 1,104.1
SO41 3,142.7
SO41 5,57.9
SO41 6,276.5
SO41 8,282.6
SO41 9,440.4
SO42 7,302.1
SO43 7,235.8
SO45 1,383.4
SO45 2,132.1
SO45 3,82.7
SO45 4,55.5
SO45 5,50.9
SO45 6,206.4
SO45 9,30.3
SO50 0,33.3
SO50 4,179.7
SO50 5,307.8
SO50 6,68.7
SO50 7,170.8
SO50 8,69.4
SO50 9,329.4
SO51 0,344.0
SO51 1,43.4
SO51 5,60.6
SO51 6,268.1
SO51 7,210.3
SO51 8,369.1
SO51 9,154.7
SO52 9,101.7
SO53 1,75.0
SO53 2,191.3
SO53 3,154.1
SO53 4,125.5
SO53 5,66.8
SO97 4,37.5
SP1 1,281.4
SP1 2,527.7
SP1 3,290.9
SP10 1,422.1
SP10 2,225.6
SP10 3,478.4
SP10 4,34.0
SP10 5,145.2
SP10 9,34.2
SP11 0,125.7
SP11 6,307.3
SP11 7,181.3
SP11 8,211.5
SP11 9,206.4
SP2 0,285.7
SP2 2,16.7
SP2 7,587.5
SP2 8,65.4
SP2 9,46.4
SP3 4,117.4
SP3 5,191.2
SP3 6,204.9
SP4 0,83.1
SP4 4,0.8
SP4 5,1.2
SP4 6,267.8
SP4 7,380.9
SP4 8,112.1
SP4 9,49.2
SP5 1,172.3
SP5 2,218.1
SP5 3,192.4
SP5 4,124.2
SP5 5,134.0
SP6 1,286.4
SP6 2,138.6
SP6 3,133.4
SP6 9,9.3
SP7 0,108.8
SP7 7,20.4
SP7 8,346.8
SP7 9,161.1
SP8 4,350.5
SP8 5,127.4
SP8 9,5.0
SP9 7,141.4
SP9 9,0.3
SR1 1,546.7
SR1 2,430.8
SR1 3,411.8
SR2 0,143.9
SR2 7,189.0
SR2 8,279.5
SR2 9,246.1
SR3 1,132.4
SR3 2,79.0
SR3 3,193.7
SR3 4,55.6
SR4 0,289.3
SR4 6,377.3
SR4 7,259.6
SR4 8,100.6
SR4 9,61.1
SR5 1,190.7
SR5 2,377.5
SR5 3,282.7
SR5 4,40.0
SR5 5,59.7
SR5 9,176.9
SR6 0,319.6
SR6 7,124.2
SR6 8,168.0
SR6 9,144.9
SR7 0,177.3
SR7 1,28.1
SR7 7,408.0
SR7 8,103.0
SR7 9,214.0
SR8 1,100.5
SR8 2,238.6
SR8 3,178.9
SR8 4,200.4
SR8 5,163.0
SR8 9,25.3
SS0 0,116.0
SS0 7,496.0
SS0 8,154.5
SS0 9,303.4
SS1 1,485.2
SS1 2,557.2
SS1 3,441.1
SS1 9,85.6
SS11 7,234.9
SS11 8,566.8
SS11 9,14.8
SS12 0,153.1
SS12 9,260.8
SS13 1,470.5
SS13 2,147.1
SS13 3,140.0
SS14 0,164.5
SS14 1,272.3
SS14 2,399.3
SS14 3,670.5
SS15 4,80.0
SS15 5,129.0
SS15 6,380.7
SS16 4,91.9
SS16 5,125.9
SS16 6,73.8
SS17 0,313.9
SS17 1,16.3
SS17 7,118.2
SS17 8,119.8
SS17 9,193.2
SS2 4,179.5
SS2 5,598.8
SS2 6,304.6
SS3 0,181.4
SS3 3,1.1
SS3 8,22.8
SS3 9,553.8
SS4 1,588.0
SS4 2,123.8
SS4 3,122.4
SS4 9,60.5
SS5 4,338.1
SS5 5,107.8
SS5 6,106.6
SS5 9,10.2
SS6 0,7.3
SS6 7,428.5
SS6 8,198.5
SS6 9,473.9
SS7 1,134.9
SS7 2,259.5
SS7 3,324.0
SS7 4,136.1
SS7 5,226.4
SS7 9,7.9
SS8 0,470.8
SS8 1,30.5
SS8 7,227.5
SS8 8,79.6
SS8 9,191.6
SS9 0,2.2
SS9 1,476.3
SS9 2,293.5
SS9 3,211.7
SS9 4,113.8
SS9 5,330.5
SS99 1,7.5
SS99 5,1.3
SS99 9,32.5
ST1 1,467.5
ST1 2,182.7
ST1 3,650.5
ST1 4,422.9
ST1 5,477.9
ST1 6,174.6
ST10 1,412.4
ST10 2,160.9
ST10 3,126.1
ST10 4,180.4
ST10 9,3.1
ST11 9,254.3
ST12 9,85.2
ST13 5,456.9
ST13 6,290.5
ST13 7,278.7
ST13 8,230.9
ST13 9,54.7
ST14 5,134.6
ST14 7,226.0
ST14 8,370.7
ST14 9,13.1
ST15 0,309.9
ST15 8,482.1
ST15 9,53.0
ST16 1,132.6
ST16 2,676.6
ST16 3,663.9
ST16 9,94.6
ST17 0,234.5
ST17 4,242.0
ST17 9,90.6
ST18 0,715.3
ST18 9,256.3
ST19 5,330.5
ST19 9,120.8
ST2 0,64.1
ST2 7,113.4
ST2 8,100.9
ST2 9,126.4
ST20 0,107.9
ST21 6,324.7
ST3 1,653.0
ST3 2,211.9
ST3 3,74.8
ST3 4,204.6
ST3 5,225.8
ST3 6,136.3
ST3 7,119.2
ST3 9,10.6
ST4 1,198.4
ST4 2,469.6
ST4 3,540.6
ST4 4,374.4
ST4 5,180.1
ST4 6,248.4
ST4 7,313.8
ST4 8,224.7
ST4 9,112.6
ST5 0,234.2
ST5 1,529.0
ST5 2,369.1
ST5 3,49.3
ST5 4,80.2
ST5 5,160.8
ST5 6,267.5
ST5 7,397.1
ST5 8,262.5
ST5 9,244.6
ST55 9,161.8
ST6 1,252.5
ST6 2,457.6
ST6 3,336.3
ST6 4,392.2
ST6 5,539.4
ST6 6,236.3
ST6 7,73.7
ST6 8,159.9
ST6 9,17.1
ST7 1,273.5
ST7 2,306.0
ST7 3,148.2
ST7 4,179.0
ST7 8,160.0
ST7 9,8.9
ST8 6,298.3
ST8 7,103.1
ST8 9,2.4
ST9 0,78.0
ST9 9,113.4
SW10 0,636.6
SW10 1,17.3
SW10 9,251.8
SW11 1,406.4
SW11 2,236.8
SW11 3,541.4
SW11 4,246.8
SW11 5,619.7
SW11 6,150.9
SW11 7,104.8
SW11 8,168.6
SW11 9,51.0
SW12 0,113.7
SW12 2,31.9
SW12 8,229.0
SW12 9,245.8
SW13 0,153.9
SW13 3,11.4
SW13 8,11.3
SW13 9,141.4
SW14 7,314.0
SW14 8,398.6
SW14 9,14.3
SW15 1,490.6
SW15 2,321.7
SW15 3,86.0
SW15 4,139.1
SW15 5,57.4
SW15 6,119.5
SW15 9,30.0
SW16 1,274.7
SW16 2,293.0
SW16 3,112.6
SW16 4,216.3
SW16 5,290.0
SW16 6,282.6
SW16 9,26.5
SW17 0,600.8
SW17 1,50.4
SW17 6,9.2
SW17 7,335.4
SW17 8,269.2
SW17 9,339.5
SW18 1,598.8
SW18 2,143.1
SW18 3,186.8
SW18 4,601.0
SW18 5,243.4
SW18 9,37.6
SW19 1,604.8
SW19 2,423.4
SW19 3,436.0
SW19 4,322.2
SW19 5,98.2
SW19 6,61.0
SW19 7,263.7
SW19 8,489.9
SW19 9,14.9
SW1A 0,8.8
SW1A 1,412.5
SW1A 2,403.5
SW1E 5,259.9
SW1E 6,335.7
SW1H 0,390.6
SW1H 9,291.5
SW1P 1,223.4
SW1P 2,309.5
SW1P 3,267.8
SW1P 4,268.7
SW1P 9,42.7
SW1V 1,544.2
SW1V 2,234.9
SW1V 3,91.2
SW1V 4,449.0
SW1W 0,461.9
SW1W 8,325.1
SW1W 9,458.4
SW1X 0,152.5
SW1X 7,287.8
SW1X 8,381.7
SW1X 9,250.7
SW1Y 4,454.7
SW1Y 5,287.4
SW1Y 6,433.9
SW2 1,307.6
SW2 2,106.8
SW2 3,181.1
SW2 4,151.2
SW2 5,175.2
SW2 9,11.9
SW20 0,181.9
SW20 2,12.8
SW20 8,219.5
SW20 9,90.8
SW3 1,227.1
SW3 2,347.8
SW3 3,274.1
SW3 4,176.5
SW3 5,229.0
SW3 6,193.2
SW3 9,34.4
SW4 0,189.5
SW4 4,30.8
SW4 6,285.6
SW4 7,240.1
SW4 8,42.6
SW4 9,131.5
SW5 0,211.3
SW5 5,6.2
SW5 9,231.5
SW6 1,369.8
SW6 2,545.3
SW6 3,541.9
SW6 4,544.7
SW6 5,298.3
SW6 6,329.4
SW6 7,348.0
SW6 9,46.7
SW7 1,264.6
SW7 2,298.0
SW7 3,224.3
SW7 4,205.6
SW7 5,207.0
SW7 9,52.4
SW8 1,397.6
SW8 2,224.0
SW8 3,395.4
SW8 4,272.6
SW8 5,88.7
SW8 9,9.1
SW9 0,257.7
SW9 1,14.3
SW9 6,286.9
SW9 7,442.3
SW9 8,535.8
SW9 9,347.2
SW95 9,120.3
SY1 1,820.1
SY1 2,215.5
SY1 3,579.6
SY1 4,266.9
SY1 9,119.9
SY10 0,129.4
SY10 1,19.1
SY10 7,139.5
SY10 8,167.8
SY10 9,163.9
SY11 1,360.9
SY11 2,433.3
SY11 3,111.1
SY11 4,172.6
SY12 0,189.5
SY12 2,1.1
SY12 9,108.0
SY13 1,417.7
SY13 2,196.5
SY13 3,100.3
SY13 4,164.0
SY13 9,27.8
SY14 7,79.3
SY14 8,139.4
SY15 6,197.2
SY16 1,406.9
SY16 2,232.2
SY16 3,126.3
SY16 4,108.6
SY16 9,23.9
SY17 5,145.2
SY18 6,313.3
SY19 7,49.9
SY2 5,224.6
SY2 6,288.4
SY20 8,375.9
SY20 9,200.5
SY21 0,147.3
SY21 1,2.0
SY21 7,411.3
SY21 8,212.5
SY21 9,92.8
SY22 5,129.2
SY22 6,198.1
SY23 1,446.1
SY23 2,278.8
SY23 3,293.3
SY23 4,260.4
SY23 5,104.5
SY23 9,31.7
SY24 5,234.1
SY25 6,197.4
SY3 0,68.9
SY3 5,78.9
SY3 6,24.4
SY3 7,167.7
SY3 8,208.1
SY3 9,90.5
SY4 1,103.1
SY4 2,74.1
SY4 3,254.3
SY4 4,224.6
SY4 5,400.3
SY4 9,2.7
SY5 0,196.3
SY5 6,142.2
SY5 7,129.4
SY5 8,121.8
SY5 9,177.8
SY6 6,201.0
SY6 7,96.5
SY6 9,1.1
SY7 0,166.8
SY7 7,10.1
SY7 8,159.9
SY7 9,208.5
SY8 1,593.7
SY8 2,140.3
SY8 3,93.9
SY8 4,140.9
SY8 9,12.7
SY9 5,217.4
SY99 8,21.6
TA1 1,637.1
TA1 2,155.2
TA1 3,604.0
TA1 4,194.5
TA1 5,149.8
TA1 9,74.4
TA10 0,135.8
TA10 1,2.2
TA10 9,295.7
TA11 6,287.2
TA11 7,136.5
TA11 9,12.9
TA12 6,213.2
TA13 5,160.7
TA14 6,80.4
TA15 6,15.7
TA16 5,29.2
TA17 8,23.0
TA18 7,205.5
TA18 8,207.1
TA18 9,7.1
TA19 0,218.8
TA19 9,270.1
TA2 6,297.8
TA2 7,141.3
TA2 8,331.2
TA20 1,295.0
TA20 2,194.0
TA20 3,81.9
TA20 4,153.5
TA20 9,23.7
TA21 0,295.8
TA21 1,9.3
TA21 8,271.8
TA21 9,643.1
TA22 9,202.5
TA23 0,261.3
TA24 5,454.8
TA24 6,253.8
TA24 7,219.4
TA24 8,287.2
TA24 9,8.0
TA3 5,243.3
TA3 6,211.2
TA3 7,131.8
TA4 1,171.3
TA4 2,216.5
TA4 3,180.1
TA4 4,197.0
TA4 9,29.0
TA5 1,183.7
TA5 2,147.1
TA6 3,335.8
TA6 4,679.8
TA6 5,526.8
TA6 6,300.4
TA6 7,51.7
TA6 9,143.3
TA7 0,181.0
TA7 8,190.4
TA7 9,155.5
TA8 1,225.0
TA8 2,241.0
TA8 9,21.9
TA9 3,377.6
TA9 4,252.7
TD12 4,105.4
TD15 1,640.9
TD15 2,467.5
TD15 9,22.0
TD5 8,0.9
TD9 0,3.0
TF1 1,395.5
TF1 2,157.5
TF1 3,90.3
TF1 5,214.7
TF1 6,212.6
TF1 7,163.0
TF1 9,42.5
TF10 7,422.2
TF10 8,94.5
TF10 9,108.8
TF11 8,281.9
TF11 9,183.3
TF12 5,156.9
TF13 6,181.7
TF2 0,102.8
TF2 2,84.8
TF2 5,2.4
TF2 6,347.5
TF2 7,145.7
TF2 8,154.7
TF2 9,259.0
TF3 1,41.7
TF3 2,98.8
TF3 3,21.7
TF3 4,262.4
TF3 5,173.0
TF4 2,256.6
TF4 3,119.5
TF5 0,43.6
TF6 5,65.6
TF6 6,167.8
TF7 4,528.8
TF7 5,176.9
TF7 9,106.2
TF8 7,251.4
TF9 1,297.0
TF9 2,237.0
TF9 3,243.3
TF9 4,137.8
TF9 9,25.0
TN1 1,667.7
TN1 2,441.5
TN10 3,93.6
TN10 4,62.2
TN11 0,169.7
TN11 8,138.7
TN11 9,110.3
TN12 0,210.6
TN12 5,132.9
TN12 6,391.8
TN12 7,124.9
TN12 8,77.3
TN12 9,233.4
TN13 1,392.1
TN13 2,198.8
TN13 3,264.6
TN13 9,124.3
TN14 5,218.7
TN14 6,153.7
TN14 7,217.9
TN15 0,137.6
TN15 6,354.9
TN15 7,268.1
TN15 8,222.9
TN15 9,31.3
TN16 1,333.2
TN16 2,127.7
TN16 3,273.2
TN16 9,10.4
TN17 1,105.4
TN17 2,180.6
TN17 3,172.0
TN17 4,160.8
TN17 9,27.4
TN18 4,142.0
TN18 5,89.6
TN19 7,139.3
TN2 3,349.1
TN2 4,130.5
TN2 5,176.7
TN2 9,58.7
TN20 6,145.2
TN21 0,411.4
TN21 1,23.9
TN21 8,257.7
TN21 9,111.4
TN22 1,269.4
TN22 2,81.9
TN22 3,215.0
TN22 4,136.8
TN22 5,460.4
TN22 9,34.5
TN23 1,386.7
TN23 3,266.5
TN23 4,112.0
TN23 5,108.2
TN23 6,304.2
TN23 7,135.3
TN23 8,29.0
TN23 9,330.3
TN24 0,464.9
TN24 8,524.0
TN24 9,240.1
TN25 4,189.2
TN25 5,198.7
TN25 6,254.4
TN25 7,192.9
TN26 1,143.6
TN26 2,169.6
TN26 3,338.3
TN27 0,189.7
TN27 8,191.2
TN27 9,198.9
TN28 8,343.5
TN28 9,8.0
TN29 0,245.7
TN29 9,225.1
TN3 0,89.9
TN3 8,105.7
TN3 9,279.1
TN30 6,318.7
TN30 7,188.2
TN30 9,9.5
TN31 6,220.8
TN31 7,1113.7
TN31 9,51.1
TN32 5,263.2
TN33 0,397.0
TN33 3,24.9
TN33 9,216.8
TN34 1,597.9
TN34 2,105.8
TN34 3,617.8
TN34 9,157.9
TN35 4,203.2
TN35 5,256.0
TN36 4,299.1
TN37 6,339.9
TN37 7,177.2
TN38 0,452.2
TN38 1,23.7
TN38 8,428.3
TN38 9,436.4
TN39 3,543.2
TN39 4,162.0
TN39 5,122.6
TN4 0,186.5
TN4 8,213.6
TN4 9,312.6
TN40 1,437.6
TN40 2,192.7
TN40 9,105.5
TN5 6,169.2
TN5 7,182.3
TN6 1,267.7
TN6 2,329.5
TN6 3,199.3
TN6 9,24.6
TN7 4,118.2
TN8 5,265.1
TN8 6,195.5
TN8 7,120.6
TN8 9,10.9
TN9 1,558.5
TN9 2,221.5
TN9 9,11.6
TQ1 1,335.5
TQ1 2,347.2
TQ1 3,466.7
TQ1 4,379.2
TQ1 9,74.6
TQ10 9,172.5
TQ11 0,225.0
TQ12 1,295.1
TQ12 2,510.4
TQ12 3,282.6
TQ12 4,268.9
TQ12 5,372.5
TQ12 6,377.9
TQ12 9,170.8
TQ13 0,184.6
TQ13 7,367.0
TQ13 8,263.6
TQ13 9,450.4
TQ14 0,155.0
TQ14 4,31.0
TQ14 8,425.3
TQ14 9,174.8
TQ2 5,756.2
TQ2 6,259.2
TQ2 7,186.2
TQ2 8,86.5
TQ3 1,114.3
TQ3 2,371.1
TQ3 3,304.3
TQ4 5,234.7
TQ4 6,315.8
TQ4 7,369.6
TQ4 9,44.6
TQ5 0,156.0
TQ5 5,30.1
TQ5 8,358.8
TQ5 9,450.3
TQ6 0,338.9
TQ6 6,9.3
TQ6 9,713.3
TQ7 1,386.9
TQ7 2,320.1
TQ7 3,456.7
TQ7 4,271.0
TQ7 9,20.2
TQ8 8,512.0
TQ9 5,635.6
TQ9 6,419.2
TQ9 7,293.4
TQ9 9,35.4
TR1 1,327.9
TR1 2,600.2
TR1 3,387.2
TR1 9,143.8
TR10 8,448.8
TR10 9,205.9
TR11 2,295.6
TR11 3,490.1
TR11 4,394.3
TR11 5,415.8
TR11 9,26.3
TR12 6,329.9
TR12 7,420.4
TR13 0,216.8
TR13 3,3.0
TR13 8,398.2
TR13 9,384.2
TR14 0,176.1
TR14 4,8.2
TR14 7,150.1
TR14 8,322.9
TR14 9,79.0
TR15 1,343.3
TR15 2,273.9
TR15 3,546.3
TR15 9,13.8
TR16 4,247.8
TR16 5,249.1
TR16 6,156.8
TR17 0,184.4
TR18 2,539.0
TR18 3,138.7
TR18 4,333.3
TR18 5,295.5
TR18 9,23.6
TR19 6,439.1
TR19 7,381.8
TR2 4,214.4
TR2 5,535.8
TR20 8,536.4
TR20 9,266.9
TR21 0,396.1
TR22 0,5.5
TR23 0,5.5
TR24 0,98.5
TR25 0,16.4
TR26 1,1103.4
TR26 2,758.5
TR26 3,169.5
TR26 9,3.5
TR27 4,510.0
TR27 5,308.7
TR27 6,229.8
TR27 9,7.2
TR3 6,349.7
TR3 7,206.1
TR4 8,469.9
TR4 9,271.0
TR5 0,348.7
TR6 0,370.8
TR7 1,899.0
TR7 2,463.2
TR7 3,307.0
TR7 9,51.5
TR8 4,522.3
TR8 5,370.4
TR9 6,493.1
TS1 1,506.0
TS1 2,354.0
TS1 3,325.8
TS1 4,334.7
TS1 5,384.1
TS1 9,151.9
TS10 1,439.0
TS10 2,182.0
TS10 3,268.5
TS10 4,120.9
TS10 5,451.6
TS10 9,64.8
TS11 6,76.8
TS11 7,106.9
TS11 8,62.5
TS12 1,284.3
TS12 2,294.4
TS12 3,115.2
TS12 9,5.7
TS13 4,309.4
TS13 5,309.9
TS14 6,307.8
TS14 7,125.6
TS14 8,26.6
TS14 9,10.3
TS15 0,57.9
TS15 9,334.1
TS16 0,164.7
TS16 9,33.2
TS17 0,84.6
TS17 5,54.8
TS17 6,344.5
TS17 7,172.5
TS17 8,72.5
TS17 9,268.7
TS18 1,653.4
TS18 2,520.9
TS18 3,736.3
TS18 4,109.9
TS18 5,58.0
TS19 0,122.6
TS19 1,162.8
TS19 7,62.9
TS19 8,92.5
TS19 9,39.2
TS2 1,879.3
TS20 1,128.0
TS20 2,305.9
TS21 1,156.4
TS21 2,129.6
TS21 3,174.1
TS21 4,96.9
TS22 5,186.5
TS23 1,251.2
TS23 2,200.7
TS23 3,121.0
TS23 4,222.3
TS24 0,254.0
TS24 4,133.4
TS24 7,524.2
TS24 8,163.5
TS24 9,87.7
TS25 1,578.7
TS25 2,238.9
TS25 3,119.4
TS25 4,54.2
TS25 5,118.4
TS26 0,76.0
TS26 8,196.4
TS26 9,350.4
TS27 3,53.4
TS27 4,231.1
TS28 5,127.5
TS29 6,127.4
TS3 0,44.4
TS3 6,209.2
TS3 7,98.3
TS3 8,159.9
TS3 9,181.9
TS4 2,220.4
TS4 3,95.4
TS5 4,82.5
TS5 5,122.6
TS5 6,219.9
TS5 7,91.5
TS5 8,62.3
TS6 0,178.0
TS6 6,477.9
TS6 7,123.6
TS6 8,48.1
TS6 9,162.0
TS7 0,59.3
TS7 8,87.3
TS7 9,50.0
TS8 0,92.5
TS8 8,30.9
TS8 9,111.8
TS9 5,286.2
TS9 6,209.6
TS9 7,243.5
TW1 1,121.4
TW1 2,171.1
TW1 3,384.5
TW1 4,284.1
TW1 9,82.5
TW10 5,70.7
TW10 6,284.1
TW10 7,95.6
TW11 0,198.3
TW11 1,31.5
TW11 8,302.5
TW11 9,151.8
TW12 1,211.7
TW12 2,234.8
TW12 3,40.3
TW12 9,48.3
TW13 4,241.0
TW13 5,127.1
TW13 6,120.4
TW13 7,128.2
TW13 9,13.5
TW14 0,254.5
TW14 8,210.6
TW14 9,140.2
TW15 1,173.6
TW15 2,301.8
TW15 3,80.4
TW15 9,0.4
TW16 5,94.5
TW16 6,131.7
TW16 7,250.1
TW16 9,5.6
TW17 0,65.3
TW17 7,7.2
TW17 8,159.5
TW17 9,171.6
TW18 1,116.4
TW18 2,133.4
TW18 3,255.4
TW18 4,593.8
TW18 9,22.2
TW19 5,65.0
TW19 6,86.3
TW19 7,117.8
TW2 5,189.2
TW2 6,138.8
TW2 7,215.6
TW20 0,157.4
TW20 2,8.3
TW20 8,333.6
TW20 9,343.3
TW3 1,463.8
TW3 2,156.6
TW3 3,330.5
TW3 4,173.2
TW3 9,137.4
TW4 5,134.4
TW4 6,282.3
TW4 7,486.5
TW5 0,184.5
TW5 9,230.2
TW6 1,240.0
TW6 2,243.7
TW6 3,242.4
TW7 4,124.0
TW7 5,551.4
TW7 6,256.5
TW7 7,79.1
TW7 9,9.0
TW8 0,398.6
TW8 1,6.5
TW8 8,252.1
TW8 9,351.2
TW9 1,508.8
TW9 2,242.4
TW9 3,146.9
TW9 4,107.6
TW9 9,121.4
UB1 1,567.6
UB1 2,245.9
UB1 3,552.5
UB1 9,12.6
UB10 0,311.3
UB10 8,213.9
UB10 9,102.7
UB11 1,106.6
UB18 7,43.8
UB18 9,39.5
UB2 4,581.7
UB2 5,578.0
UB3 1,535.6
UB3 2,172.0
UB3 3,364.9
UB3 4,229.2
UB3 5,241.1
UB3 9,142.3
UB4 0,365.6
UB4 8,180.0
UB4 9,94.5
UB5 4,127.5
UB5 5,157.1
UB5 6,125.8
UB5 9,19.9
UB6 0,268.4
UB6 7,402.3
UB6 8,639.8
UB6 9,317.6
UB7 0,530.7
UB7 7,325.3
UB7 8,198.1
UB7 9,142.4
UB8 1,694.7
UB8 2,549.5
UB8 3,215.2
UB8 9,205.6
UB9 4,75.4
UB9 5,119.3
UB9 6,291.9
W10 4,247.4
W10 5,945.7
W10 6,486.8
W10 9,1.5
W11 1,323.1
W11 2,576.6
W11 3,318.7
W11 4,339.5
W11 9,5.5
W12 0,262.0
W12 2,3.9
W12 6,0.5
W12 7,747.3
W12 8,922.0
W12 9,296.9
W13 0,152.9
W13 3,1.8
W13 8,132.4
W13 9,595.3
W14 0,538.7
W14 4,79.5
W14 8,347.8
W14 9,338.8
W1A 0,3.7
W1A 1,18.4
W1A 2,17.7
W1A 3,21.6
W1A 4,17.7
W1A 5,13.0
W1A 6,28.9
W1A 7,16.8
W1A 8,14.9
W1A 9,10.0
W1B 1,149.1
W1B 2,169.9
W1B 3,65.2
W1B 4,213.1
W1B 5,308.6
W1C 1,163.8
W1C 2,217.5
W1D 1,136.9
W1D 2,169.5
W1D 3,313.3
W1D 4,327.9
W1D 5,335.2
W1D 6,476.6
W1D 7,269.8
W1F 0,572.6
W1F 7,585.4
W1F 8,598.4
W1F 9,585.4
W1G 0,202.1
W1G 6,233.2
W1G 7,190.6
W1G 8,436.2
W1G 9,513.4
W1H 1,242.8
W1H 2,176.9
W1H 4,175.2
W1H 5,197.1
W1H 6,127.1
W1H 7,246.9
W1J 0,292.9
W1J 5,429.9
W1J 6,307.3
W1J 7,607.9
W1J 8,244.6
W1J 9,223.3
W1K 1,169.2
W1K 2,464.6
W1K 3,346.3
W1K 4,261.6
W1K 5,374.0
W1K 6,228.4
W1K 7,231.7
W1S 1,460.9
W1S 2,452.9
W1S 3,328.8
W1S 4,473.3
W1T 1,475.0
W1T 2,389.7
W1T 3,325.4
W1T 4,294.1
W1T 5,287.7
W1T 6,296.5
W1T 7,144.4
W1U 1,308.5
W1U 2,324.4
W1U 3,293.8
W1U 4,171.9
W1U 5,163.6
W1U 6,322.2
W1U 7,304.0
W1U 8,135.6
W1W 5,266.8
W1W 6,651.1
W1W 7,699.1
W1W 8,527.3
W2 1,1036.6
W2 2,390.8
W2 3,557.4
W2 4,506.2
W2 5,238.1
W2 6,870.0
W2 7,51.2
W3 0,542.0
W3 3,19.6
W3 6,411.3
W3 7,414.0
W3 8,634.4
W3 9,232.0
W4 1,299.9
W4 2,320.6
W4 3,140.1
W4 4,286.7
W4 5,526.1
W4 9,77.5
W5 1,252.7
W5 2,378.5
W5 3,276.6
W5 4,316.2
W5 5,391.6
W5 9,154.0
W6 0,942.6
W6 6,107.6
W6 7,602.6
W6 8,334.0
W6 9,1090.3
W7 1,93.0
W7 2,177.1
W7 3,272.4
W7 9,10.0
W8 4,514.7
W8 5,297.8
W8 6,253.4
W8 7,249.1
W8 9,61.6
W9 1,179.2
W9 2,243.2
W9 3,336.1
W9 4,44.1
WA1 1,623.4
WA1 2,549.9
WA1 3,227.1
WA1 4,365.4
WA1 9,91.2
WA10 1,460.6
WA10 2,373.7
WA10 3,253.9
WA10 4,101.1
WA10 5,60.4
WA10 6,134.3
WA10 9,159.6
WA11 0,301.8
WA11 7,164.5
WA11 8,201.2
WA11 9,202.4
WA12 0,73.2
WA12 2,14.7
WA12 8,93.0
WA12 9,385.1
WA13 0,216.1
WA13 9,145.9
WA14 1,714.7
WA14 2,542.3
WA14 3,85.2
WA14 4,641.1
WA14 5,561.9
WA15 0,73.5
WA15 5,43.5
WA15 6,140.9
WA15 7,181.3
WA15 8,154.0
WA15 9,159.8
WA16 0,340.1
WA16 1,4.6
WA16 6,392.6
WA16 7,246.4
WA16 8,331.6
WA16 9,143.6
WA2 0,255.7
WA2 7,493.6
WA2 8,276.0
WA2 9,181.3
WA3 1,185.5
WA3 2,113.7
WA3 3,304.7
WA3 4,131.7
WA3 5,155.6
WA3 6,628.6
WA3 7,229.6
WA3 9,36.1
WA4 1,377.2
WA4 2,197.0
WA4 3,43.2
WA4 4,311.1
WA4 5,76.6
WA4 6,438.6
WA4 9,73.6
WA5 0,279.7
WA5 1,228.3
WA5 2,180.6
WA5 3,108.1
WA5 4,85.6
WA5 7,80.7
WA5 8,56.3
WA5 9,88.8
WA55 1,13.5
WA6 0,93.6
WA6 1,1.9
WA6 6,167.3
WA6 7,185.4
WA6 8,53.7
WA6 9,37.5
WA7 1,611.8
WA7 2,312.6
WA7 3,168.5
WA7 4,273.3
WA7 5,175.6
WA7 6,67.3
WA7 9,12.8
WA8 0,456.5
WA8 2,20.2
WA8 3,97.8
WA8 4,16.4
WA8 5,43.3
WA8 6,542.8
WA8 7,295.1
WA8 8,520.9
WA8 9,143.0
WA88 1,3.4
WA9 1,375.1
WA9 2,69.2
WA9 3,430.3
WA9 4,279.5
WA9 5,315.7
WC1A 1,245.4
WC1A 2,308.5
WC1A 9,54.9
WC1B 3,316.0
WC1B 4,141.5
WC1B 5,201.2
WC1E 6,121.6
WC1E 7,150.1
WC1H 0,195.9
WC1H 8,162.9
WC1H 9,473.1
WC1N 1,261.9
WC1N 2,285.2
WC1N 3,461.1
WC1R 4,428.8
WC1R 5,219.8
WC1V 6,340.7
WC1V 7,360.5
WC1X 0,254.6
WC1X 8,495.1
WC1X 9,300.6
WC2A 1,241.2
WC2A 2,120.9
WC2A 3,434.5
WC2B 4,250.1
WC2B 5,618.1
WC2B 6,225.8
WC2E 7,286.9
WC2E 8,174.0
WC2E 9,371.4
WC2H 0,205.2
WC2H 7,294.7
WC2H 8,282.8
WC2H 9,741.9
WC2N 4,190.4
WC2N 5,236.3
WC2N 6,216.1
WC2R 0,248.0
WC2R 1,132.4
WC2R 2,51.1
WC2R 3,86.0
WD17 1,378.7
WD17 2,456.2
WD17 3,50.5
WD17 4,81.2
WD18 0,466.2
WD18 1,51.9
WD18 6,38.6
WD18 7,105.7
WD18 8,104.3
WD18 9,132.7
WD19 4,108.7
WD19 5,80.9
WD19 6,61.8
WD19 7,48.4
WD23 1,138.9
WD23 2,146.1
WD23 3,121.0
WD23 4,44.4
WD23 9,6.0
WD24 4,387.8
WD24 5,146.4
WD24 6,99.8
WD24 7,320.8
WD25 0,48.3
WD25 7,99.3
WD25 8,152.5
WD25 9,86.3
WD3 0,44.4
WD3 1,332.2
WD3 3,301.4
WD3 4,76.0
WD3 5,148.1
WD3 6,56.0
WD3 7,59.4
WD3 8,62.8
WD3 9,42.4
WD4 4,8.1
WD4 8,313.1
WD4 9,85.0
WD5 0,158.9
WD5 5,3.1
WD6 1,437.7
WD6 2,263.3
WD6 3,217.4
WD6 4,172.4
WD6 5,111.5
WD6 9,54.8
WD7 0,25.9
WD7 7,93.2
WD7 8,132.5
WD7 9,99.6
WD99 1,13.1
WF1 1,602.0
WF1 2,389.7
WF1 3,312.8
WF1 4,239.6
WF1 5,472.3
WF1 9,222.0
WF10 1,556.9
WF10 2,209.7
WF10 3,101.2
WF10 4,419.6
WF10 5,601.7
WF10 9,139.0
WF11 0,131.6
WF11 8,262.7
WF11 9,107.8
WF12 0,195.9
WF12 7,217.4
WF12 8,171.2
WF12 9,461.6
WF13 1,566.0
WF13 2,480.9
WF13 3,478.1
WF13 4,138.1
WF13 9,56.7
WF14 0,82.7
WF14 8,298.9
WF14 9,198.2
WF15 6,203.9
WF15 7,216.2
WF15 8,76.0
WF16 0,235.8
WF16 6,2.4
WF16 9,185.0
WF17 0,324.2
WF17 1,10.6
WF17 5,456.0
WF17 6,351.1
WF17 7,214.2
WF17 8,260.0
WF17 9,366.7
WF2 0,255.1
WF2 6,94.5
WF2 7,320.2
WF2 8,397.1
WF2 9,370.0
WF3 1,149.4
WF3 2,99.3
WF3 3,128.7
WF3 4,102.5
WF4 1,193.9
WF4 2,122.6
WF4 3,251.9
WF4 4,163.7
WF4 5,379.5
WF4 6,238.1
WF5 0,171.0
WF5 5,5.6
WF5 8,240.6
WF5 9,448.9
WF6 1,518.0
WF6 2,458.2
WF7 5,262.1
WF7 6,146.2
WF7 7,98.3
WF8 1,422.1
WF8 2,282.8
WF8 3,108.6
WF8 4,182.8
WF8 9,22.0
WF9 1,111.4
WF9 2,290.8
WF9 3,286.6
WF9 4,212.9
WF9 5,172.7
WF90 8,9.6
WN1 1,412.6
WN1 2,290.5
WN1 3,213.3
WN1 9,284.9
WN2 1,178.1
WN2 2,467.0
WN2 3,286.9
WN2 4,205.2
WN2 5,178.8
WN3 4,412.5
WN3 5,260.3
WN3 6,264.7
WN4 0,193.3
WN4 8,209.2
WN4 9,328.8
WN5 0,262.3
WN5 7,194.7
WN5 8,373.6
WN5 9,299.2
WN6 0,439.7
WN6 7,278.7
WN6 8,148.3
WN6 9,176.2
WN7 1,617.4
WN7 2,344.4
WN7 3,328.6
WN7 4,419.0
WN7 5,181.6
WN7 9,4.0
WN8 0,156.9
WN8 1,47.7
WN8 6,266.5
WN8 7,105.0
WN8 8,354.3
WN8 9,338.5
WR1 1,330.8
WR1 2,398.0
WR1 3,447.3
WR1 9,27.0
WR10 1,377.3
WR10 2,310.7
WR10 3,197.0
WR10 9,91.7
WR11 1,317.7
WR11 2,112.6
WR11 3,104.1
WR11 4,546.1
WR11 7,290.1
WR11 8,298.4
WR11 9,48.0
WR12 7,438.3
WR13 5,147.0
WR13 6,180.3
WR14 1,422.8
WR14 2,347.0
WR14 3,258.9
WR14 4,155.9
WR14 9,25.3
WR15 8,316.5
WR2 4,278.2
WR2 5,193.6
WR2 6,136.2
WR3 7,252.4
WR3 8,202.9
WR4 0,159.4
WR4 4,143.1
WR4 9,333.5
WR5 1,343.2
WR5 2,165.9
WR5 3,198.1
WR6 5,276.6
WR6 6,315.5
WR7 4,235.4
WR8 0,391.7
WR8 9,141.4
WR9 0,335.8
WR9 1,38.2
WR9 7,304.4
WR9 8,398.2
WR9 9,141.8
WR99 1,6.7
WR99 2,2.7
WS1 1,507.6
WS1 2,329.7
WS1 3,481.2
WS1 4,237.5
WS1 9,252.5
WS10 0,271.1
WS10 1,11.5
WS10 7,492.5
WS10 8,455.8
WS10 9,356.0
WS11 0,712.2
WS11 1,375.0
WS11 4,31.2
WS11 5,106.5
WS11 6,180.2
WS11 7,214.5
WS11 8,82.8
WS11 9,292.8
WS12 0,57.1
WS12 1,266.0
WS12 2,254.1
WS12 3,111.7
WS12 4,274.1
WS12 9,18.4
WS13 6,699.0
WS13 7,158.0
WS13 8,216.7
WS14 0,177.2
WS14 4,72.3
WS14 9,239.7
WS15 1,358.2
WS15 2,381.0
WS15 3,230.4
WS15 4,102.0
WS15 9,75.2
WS2 0,127.0
WS2 7,289.4
WS2 8,602.9
WS2 9,629.8
WS3 1,162.9
WS3 2,355.7
WS3 3,266.2
WS3 4,92.7
WS3 5,38.8
WS4 1,201.9
WS4 2,64.3
WS5 3,57.7
WS5 4,111.9
WS6 6,169.8
WS6 7,129.1
WS6 9,7.6
WS7 0,108.0
WS7 1,115.2
WS7 2,59.2
WS7 3,176.9
WS7 4,100.2
WS7 9,45.5
WS8 6,271.5
WS8 7,234.0
WS9 0,234.8
WS9 1,9.1
WS9 8,581.5
WS9 9,202.9
WV1 1,529.0
WV1 2,421.0
WV1 3,470.1
WV1 4,472.2
WV1 9,183.6
WV10 0,352.7
WV10 6,308.7
WV10 7,336.5
WV10 8,136.5
WV10 9,395.1
WV11 1,264.4
WV11 2,133.5
WV11 3,347.2
WV11 9,3.6
WV12 4,209.3
WV12 5,151.4
WV12 9,0.9
WV13 1,432.2
WV13 2,529.0
WV13 3,250.8
WV14 0,476.9
WV14 4,62.9
WV14 6,146.3
WV14 7,246.8
WV14 8,337.2
WV14 9,228.3
WV15 5,206.9
WV15 6,233.0
WV16 4,401.2
WV16 5,110.3
WV16 6,206.7
WV16 9,22.0
WV2 1,186.5
WV2 2,380.9
WV2 3,358.9
WV2 4,542.6
WV3 0,355.7
WV3 7,106.7
WV3 8,42.3
WV3 9,146.9
WV4 4,143.6
WV4 5,158.5
WV4 6,393.4
WV5 0,156.0
WV5 5,3.2
WV5 7,123.3
WV5 8,57.6
WV5 9,103.6
WV6 0,322.9
WV6 6,81.3
WV6 7,140.4
WV6 8,168.5
WV6 9,110.1
WV7 3,213.5
WV8 1,221.8
WV8 2,38.0
WV9 5,289.8
WV98 1,340.0
WV99 1,192.7
WV99 2,60.5
YO1 0,212.3
YO1 6,211.5
YO1 7,391.3
YO1 8,312.6
YO1 9,645.2
YO10 3,266.0
YO10 4,354.6
YO10 5,336.4
YO11 1,839.6
YO11 2,607.2
YO11 3,331.3
YO11 9,221.2
YO12 4,356.9
YO12 5,271.7
YO12 6,308.1
YO12 7,640.7
YO13 0,265.4
YO13 9,246.7
YO14 0,285.4
YO14 9,819.2
YO15 1,214.6
YO15 2,556.3
YO15 3,518.7
YO15 9,19.0
YO16 4,389.1
YO16 6,78.9
YO16 7,145.9
YO17 1,72.1
YO17 6,177.3
YO17 7,487.6
YO17 8,189.2
YO17 9,270.8
YO18 7,473.3
YO18 8,250.4
YO18 9,15.3
YO19 4,108.1
YO19 5,163.3
YO19 6,276.0
YO21 1,793.3
YO21 2,217.1
YO21 3,781.0
YO21 9,33.9
YO22 4,915.8
YO22 5,222.8
YO23 1,242.2
YO23 2,156.8
YO23 3,121.0
YO23 7,35.4
YO24 1,145.1
YO24 2,46.8
YO24 3,118.6
YO24 4,175.2
YO25 1,13.1
YO25 3,106.5
YO25 4,176.7
YO25 5,110.5
YO25 6,394.8
YO25 8,328.1
YO25 9,298.9
YO26 0,18.0
YO26 4,112.8
YO26 5,113.5
YO26 6,299.6
YO26 7,238.6
YO26 8,121.3
YO26 9,43.0
YO30 1,56.8
YO30 2,46.5
YO30 4,345.5
YO30 5,107.6
YO30 6,219.1
YO30 7,205.2
YO31 0,138.4
YO31 1,54.2
YO31 6,8.5
YO31 7,417.5
YO31 8,110.2
YO31 9,51.2
YO32 2,124.3
YO32 3,76.9
YO32 4,38.3
YO32 5,84.4
YO32 9,360.0
YO41 1,163.5
YO41 4,152.8
YO41 5,98.4
YO42 1,106.5
YO42 2,272.4
YO42 4,282.2
YO42 9,6.0
YO43 3,263.1
YO43 4,225.1
YO51 9,278.5
YO60 6,92.9
YO60 7,209.3
YO61 1,217.6
YO61 2,63.6
YO61 3,337.7
YO61 4,130.1
YO62 4,101.9
YO62 5,259.5
YO62 6,257.0
YO62 7,145.2
YO7 1,400.8
YO7 2,184.1
YO7 3,315.2
YO7 4,219.5
YO7 9,22.8
YO8 1,67.4
YO8 3,94.7
YO8 4,420.5
YO8 5,147.3
YO8 6,174.7
YO8 8,278.7
YO8 9,174.4
YO90 1,20.0
YO91 1,0.8
