name,e_high,e_low,d02_high,d02_low,d03_high,d03_low,d06_high,d06_low,d09_high,d09_low,d12_high,d12_low,basis
AB10,0.000000,0.000000,0.000000,0.000000,0.000000,0.000000,0.000000,0.000000,0.000000,0.000000,0.000000,0.000000,households
AB11,0.000000,0.000000,0.000000,0.000000,0.000000,0.000000,0.000000,0.000000,0.000000,0.000000,0.000000,0.000000,households
AB12,0.000000,0.000000,0.000000,0.000000,0.000000,0.000000,0.000000,0.000000,0.000000,0.000000,0.000000,0.000000,households
AB13,0.000000,0.000000,0.000000,0.000000,0.000000,0.000000,0.000000,0.000000,0.000000,0.000000,0.000000,0.000000,households
AB14,0.000000,0.000000,0.000000,0.000000,0.000000,0.000000,0.000000,0.000000,0.000000,0.000000,0.000000,0.000000,households
AB15,0.000000,0.000000,0.000000,0.000000,0.000000,0.000000,0.000000,0.000000,0.000000,0.000000,0.000000,0.000000,households
AB16,0.000000,0.000000,0.000000,0.000000,0.000000,0.000000,0.000000,0.000000,0.000000,0.000000,0.000000,0.000000,households
AB21,0.000000,0.000000,0.000000,0.000000,0.000000,0.000000,0.000000,0.000000,0.000000,0.000000,0.000000,0.000000,households
AB22,0.000000,0.000000,0.000000,0.000000,0.000000,0.000000,0.000000,0.000000,0.000000,0.000000,0.000000,0.000000,households
AB23,0.000000,0.000000,0.000000,0.000000,0.000000,0.000000,0.000000,0.000000,0.000000,0.000000,0.000000,0.000000,households
AB24,0.000000,0.000000,0.000000,0.000000,0.000000,0.000000,0.000000,0.000000,0.000000,0.000000,0.000000,0.000000,households
AB25,0.000000,0.000000,0.000000,0.000000,0.000000,0.000000,0.000000,0.000000,0.000000,0.000000,0.000000,0.000000,households
AB30,0.000000,0.000000,0.000000,0.000000,0.000000,0.000000,0.000000,0.000000,0.000000,0.000000,0.000000,0.000000,households
AB31,0.000000,0.000000,0.000000,0.000000,0.000000,0.000000,0.000000,0.000000,0.000000,0.000000,0.000000,0.000000,households
AB32,0.000000,0.000000,0.000000,0.000000,0.000000,0.000000,0.000000,0.000000,0.000000,0.000000,0.000000,0.000000,households
AB33,0.000000,0.000000,0.000000,0.000000,0.000000,0.000000,0.000000,0.000000,0.000000,0.000000,0.000000,0.000000,households
AB34,0.000000,0.000000,0.000000,0.000000,0.000000,0.000000,0.000000,0.000000,0.000000,0.000000,0.000000,0.000000,households
AB35,0.000000,0.000000,0.000000,0.000000,0.000000,0.000000,0.000000,0.000000,0.000000,0.000000,0.000000,0.000000,households
AB36,0.000000,0.000000,0.000000,0.000000,0.000000,0.000000,0.000000,0.000000,0.000000,0.000000,0.000000,0.000000,households
AB37,0.000000,0.000000,0.000000,0.000000,0.000000,0.000000,0.000000,0.000000,0.000000,0.000000,0.000000,0.000000,households
AB38,0.000000,0.000000,0.000000,0.000000,0.000000,0.000000,0.000000,0.000000,0.000000,0.000000,0.000000,0.000000,households
AB39,0.000000,0.000000,0.000000,0.000000,0.000000,0.000000,0.000000,0.000000,0.000000,0.000000,0.000000,0.000000,households
AB41,0.000000,0.000000,0.000000,0.000000,0.000000,0.000000,0.000000,0.000000,0.000000,0.000000,0.000000,0.000000,households
AB42,0.000000,0.000000,0.000000,0.000000,0.000000,0.000000,0.000000,0.000000,0.000000,0.000000,0.000000,0.000000,households
AB43,0.000000,0.000000,0.000000,0.000000,0.000000,0.000000,0.000000,0.000000,0.000000,0.000000,0.000000,0.000000,households
AB44,0.000000,0.000000,0.000000,0.000000,0.000000,0.000000,0.000000,0.000000,0.000000,0.000000,0.000000,0.000000,households
AB45,0.000000,0.000000,0.000000,0.000000,0.000000,0.000000,0.000000,0.000000,0.000000,0.000000,0.000000,0.000000,households
AB51,0.000000,0.000000,0.000000,0.000000,0.000000,0.000000,0.000000,0.000000,0.000000,0.000000,0.000000,0.000000,households
AB52,0.000000,0.000000,0.000000,0.000000,0.000000,0.000000,0.000000,0.000000,0.000000,0.000000,0.000000,0.000000,households
AB53,0.000000,0.000000,0.000000,0.000000,0.000000,0.000000,0.000000,0.000000,0.000000,0.000000,0.000000,0.000000,households
AB54,0.000000,0.000000,0.000000,0.000000,0.000000,0.000000,0.000000,0.000000,0.000000,0.000000,0.000000,0.000000,households
AB55,0.000000,0.000000,0.000000,0.000000,0.000000,0.000000,0.000000,0.000000,0.000000,0.000000,0.000000,0.000000,households
AB56,0.000000,0.000000,0.000000,0.000000,0.000000,0.000000,0.000000,0.000000,0.000000,0.000000,0.000000,0.000000,households
AL1,0.000149,0.002240,0.000012,0.000030,0.000007,0.000022,0.000000,0.000006,0.000000,0.000000,0.000000,0.000000,households
AL2,0.010237,0.017176,0.003517,0.007940,0.000710,0.003731,0.000000,0.000008,0.000000,0.000000,0.000000,0.000000,households
AL3,0.001525,0.001557,0.000014,0.001444,0.000008,0.001435,0.000000,0.000006,0.000000,0.000000,0.000000,0.000000,households
AL4,0.002759,0.003588,0.002737,0.003551,0.002730,0.003540,0.000000,0.000359,0.000000,0.000000,0.000000,0.000000,households
AL5,0.000029,0.000058,0.000013,0.000031,0.000007,0.000023,0.000000,0.000006,0.000000,0.000000,0.000000,0.000000,households
AL6,0.000058,0.003828,0.000025,0.000062,0.000014,0.000045,0.000000,0.000011,0.000000,0.000000,0.000000,0.000000,households
AL7,0.000036,0.000072,0.000016,0.000038,0.000009,0.000028,0.000000,0.000007,0.000000,0.000000,0.000000,0.000000,households
AL8,0.000072,0.000145,0.000031,0.000076,0.000018,0.000056,0.000000,0.000014,0.000000,0.000000,0.000000,0.000000,households
AL9,0.001090,0.007289,0.000643,0.006405,0.000221,0.005978,0.000205,0.005529,0.000000,0.000000,0.000000,0.000000,households
AL10,0.000039,0.000079,0.000017,0.000041,0.000010,0.000030,0.000000,0.000008,0.000000,0.000000,0.000000,0.000000,households
B1,0.000411,0.000931,0.000238,0.000636,0.000192,0.000546,0.000092,0.000333,0.000036,0.000221,0.000007,0.000120,households
B2,0.000860,0.001950,0.000499,0.001332,0.000402,0.001144,0.000192,0.000696,0.000076,0.000462,0.000015,0.000250,households
B3,0.000708,0.001606,0.000411,0.001096,0.000331,0.000942,0.000158,0.000573,0.000062,0.000381,0.000012,0.000206,households
B4,0.000704,0.001597,0.000408,0.001090,0.000329,0.000937,0.000157,0.000570,0.000062,0.000379,0.000012,0.000205,households
B5,0.015303,0.027893,0.013783,0.023318,0.013575,0.023079,0.011408,0.013676,0.007181,0.011327,0.003670,0.007764,households
B6,0.069796,0.077352,0.069663,0.077124,0.066925,0.067198,0.022966,0.052883,0.003049,0.028789,0.000006,0.002636,households
B7,0.002326,0.002902,0.000264,0.000971,0.000213,0.000872,0.000101,0.000368,0.000040,0.000244,0.000008,0.000132,households
B8,0.000217,0.000492,0.000126,0.000336,0.000101,0.000288,0.000048,0.000176,0.000019,0.000117,0.000004,0.000063,households
B9,0.000324,0.000736,0.000188,0.000502,0.000152,0.000432,0.000072,0.000263,0.000029,0.000174,0.000006,0.000094,households
B10,0.000389,0.000883,0.000226,0.000603,0.000182,0.000518,0.000087,0.000315,0.000034,0.000209,0.000007,0.000113,households
B11,0.000213,0.021859,0.000123,0.015440,0.000100,0.011782,0.000047,0.000909,0.000019,0.000114,0.000004,0.000062,households
B12,0.010857,0.042285,0.004005,0.035353,0.002325,0.033645,0.002260,0.002415,0.002087,0.002206,0.000005,0.002141,households
B13,0.000194,0.000886,0.000113,0.000747,0.000091,0.000704,0.000043,0.000157,0.000017,0.000105,0.000003,0.000057,households
B14,0.000655,0.004571,0.000095,0.002762,0.000077,0.002727,0.000037,0.000405,0.000014,0.000361,0.000003,0.000320,households
B15,0.000274,0.000621,0.000159,0.000424,0.000128,0.000364,0.000061,0.000222,0.000024,0.000147,0.000005,0.000080,households
B16,0.000271,0.000616,0.000157,0.000420,0.000127,0.000361,0.000061,0.000220,0.000024,0.000146,0.000005,0.000079,households
B17,0.003490,0.008242,0.000131,0.001896,0.000106,0.001847,0.000051,0.000183,0.000020,0.000122,0.000004,0.000066,households
B18,0.004832,0.008567,0.003979,0.008362,0.003947,0.008300,0.003878,0.008152,0.000025,0.007341,0.000005,0.000083,households
B19,0.010051,0.058515,0.004046,0.040524,0.000131,0.036955,0.000062,0.018768,0.000025,0.016688,0.000005,0.015491,households
B20,0.004327,0.004623,0.004229,0.004455,0.004203,0.004404,0.000052,0.004283,0.000021,0.000125,0.000004,0.000068,households
B21,0.007519,0.018529,0.003682,0.013602,0.000134,0.013539,0.000064,0.013390,0.000025,0.006482,0.000005,0.000084,households
B23,0.001390,0.004795,0.000535,0.000688,0.000074,0.000209,0.000035,0.000127,0.000014,0.000085,0.000003,0.000046,households
B24,0.000220,0.000498,0.000127,0.000340,0.000103,0.000292,0.000049,0.000178,0.000019,0.000118,0.000004,0.000064,households
B25,0.000475,0.001076,0.000275,0.000735,0.000222,0.000631,0.000106,0.000384,0.000042,0.000255,0.000008,0.000138,households
B26,0.005663,0.023809,0.000127,0.006551,0.000102,0.003362,0.000049,0.000177,0.000019,0.000118,0.000004,0.000064,households
B27,0.005405,0.007447,0.005191,0.005565,0.005158,0.005408,0.000065,0.005257,0.000026,0.005178,0.000005,0.005107,households
B28,0.000208,0.000471,0.000120,0.000322,0.000097,0.000276,0.000046,0.000168,0.000018,0.000112,0.000004,0.000060,households
B29,0.002021,0.007622,0.000092,0.004405,0.000074,0.001267,0.000036,0.000625,0.000014,0.000582,0.000003,0.000543,households
B30,0.007547,0.013744,0.001531,0.006923,0.001507,0.006877,0.001455,0.001580,0.000019,0.000115,0.000004,0.000062,households
B31,0.004746,0.005685,0.000544,0.000651,0.000052,0.000148,0.000025,0.000090,0.000010,0.000060,0.000002,0.000032,households
B32,0.000171,0.000388,0.000099,0.000265,0.000080,0.000228,0.000038,0.000139,0.000015,0.000092,0.000003,0.000050,households
B33,0.003132,0.003369,0.003054,0.003235,0.002752,0.002913,0.000042,0.000151,0.000017,0.000101,0.000003,0.000054,households
B34,0.000370,0.000840,0.000215,0.000574,0.000173,0.000493,0.000083,0.000300,0.000033,0.000199,0.000007,0.000108,households
B35,0.199265,0.457047,0.165649,0.425309,0.133501,0.410281,0.017928,0.266057,0.000038,0.193940,0.000008,0.091964,households
B36,0.048798,0.057793,0.042169,0.055175,0.037715,0.053721,0.031475,0.044047,0.013447,0.033090,0.004714,0.021506,households
B37,0.000175,0.000396,0.000101,0.000270,0.000082,0.000232,0.000039,0.000141,0.000015,0.000094,0.000003,0.000051,households
B38,0.000264,0.000599,0.000153,0.000409,0.000124,0.000351,0.000059,0.000214,0.000023,0.000142,0.000005,0.000077,households
B40,0.004133,0.009374,0.002397,0.006402,0.001934,0.005499,0.000922,0.003347,0.000365,0.002222,0.000073,0.001204,households
B42,0.000399,0.032824,0.000273,0.026396,0.000239,0.024162,0.000067,0.012765,0.000026,0.010120,0.000005,0.000087,households
B43,0.000227,0.004649,0.000132,0.002816,0.000106,0.002767,0.000051,0.000184,0.000020,0.000122,0.000004,0.000066,households
B44,0.000198,0.000450,0.000115,0.000307,0.000093,0.000264,0.000044,0.000161,0.000017,0.000107,0.000003,0.000058,households
B45,0.000892,0.001120,0.000816,0.000991,0.000796,0.000952,0.000040,0.000858,0.000016,0.000809,0.000003,0.000764,households
B46,0.003221,0.015023,0.002414,0.014829,0.002383,0.008693,0.002317,0.002476,0.000024,0.002055,0.000005,0.001988,households
B47,0.003245,0.014639,0.000291,0.000778,0.000235,0.000669,0.000112,0.000407,0.000044,0.000270,0.000009,0.000146,households
B48,0.001300,0.002016,0.000327,0.000874,0.000264,0.000751,0.000126,0.000457,0.000050,0.000304,0.000010,0.000164,households
B49,0.040156,0.074964,0.025536,0.038319,0.024091,0.036841,0.012344,0.028426,0.000028,0.013853,0.000006,0.008543,households
B50,0.003025,0.020080,0.002791,0.003331,0.000261,0.003209,0.000124,0.000451,0.000049,0.000300,0.000010,0.000162,households
B60,0.010207,0.010496,0.001891,0.005642,0.000566,0.004218,0.000036,0.000132,0.000014,0.000088,0.000003,0.000047,households
B61,0.017084,0.021859,0.004218,0.004386,0.003410,0.003559,0.000039,0.000140,0.000015,0.000093,0.000003,0.000050,households
B62,0.000228,0.000516,0.000132,0.000352,0.000106,0.000303,0.000051,0.000184,0.000020,0.000122,0.000004,0.000066,households
B63,0.002522,0.005633,0.000095,0.000254,0.000077,0.000218,0.000037,0.000133,0.000014,0.000088,0.000003,0.000048,households
B64,0.003250,0.003590,0.000156,0.003397,0.000126,0.003339,0.000060,0.000218,0.000024,0.000144,0.000005,0.000078,households
B65,0.000242,0.000549,0.000140,0.000375,0.000113,0.000322,0.000054,0.000196,0.000021,0.000130,0.000004,0.000071,households
B66,0.000229,0.000519,0.000133,0.000354,0.000107,0.000304,0.000051,0.000185,0.000020,0.000123,0.000004,0.000067,households
B67,0.000244,0.000552,0.000141,0.000377,0.000114,0.000324,0.000054,0.000197,0.000021,0.000131,0.000004,0.000071,households
B68,0.014575,0.014843,0.004514,0.004719,0.000099,0.004672,0.000047,0.000171,0.000019,0.000114,0.000004,0.000062,households
B69,0.005545,0.037018,0.001051,0.021108,0.000873,0.019412,0.000040,0.013243,0.000016,0.013194,0.000003,0.013150,households
B70,0.000395,0.000598,0.000328,0.000483,0.000310,0.000448,0.000036,0.000365,0.000014,0.000086,0.000003,0.000047,households
B71,0.006082,0.029388,0.000106,0.011858,0.000086,0.008831,0.000041,0.006869,0.000016,0.000099,0.000003,0.000053,households
B72,0.000515,0.001167,0.000298,0.000797,0.000241,0.000685,0.000115,0.000417,0.000045,0.000277,0.000009,0.000150,households
B73,0.014430,0.018425,0.012240,0.017942,0.010130,0.015408,0.004517,0.015273,0.003491,0.015203,0.000005,0.015139,households
B74,0.000166,0.000377,0.000096,0.000257,0.000078,0.000221,0.000037,0.000135,0.000015,0.000089,0.000003,0.000048,households
B75,0.000194,0.000440,0.000112,0.000300,0.000091,0.000258,0.000043,0.000157,0.000017,0.000104,0.000003,0.000056,households
B76,0.001076,0.003474,0.000138,0.001731,0.000112,0.000422,0.000053,0.000193,0.000021,0.000128,0.000004,0.000069,households
B77,0.000128,0.000501,0.000074,0.000199,0.000060,0.000171,0.000029,0.000104,0.000011,0.000069,0.000002,0.000037,households
B78,0.002425,0.018371,0.002343,0.014514,0.002321,0.011685,0.002273,0.007125,0.000946,0.001777,0.000003,0.000707,households
B79,0.008579,0.094519,0.005399,0.077137,0.000359,0.045059,0.000040,0.025066,0.000016,0.006487,0.000003,0.000053,households
B80,0.000545,0.001237,0.000316,0.000844,0.000255,0.000725,0.000122,0.000442,0.000048,0.000293,0.000010,0.000159,households
B90,0.000453,0.004172,0.000069,0.000185,0.000056,0.000159,0.000027,0.000097,0.000011,0.000064,0.000002,0.000035,households
B91,0.000166,0.004060,0.000097,0.003161,0.000078,0.000221,0.000037,0.000135,0.000015,0.000089,0.000003,0.000048,households
B92,0.022431,0.030598,0.002007,0.012921,0.001988,0.010595,0.001946,0.003192,0.001923,0.003145,0.000003,0.003103,households
B93,0.000251,0.004177,0.000146,0.003996,0.000118,0.002545,0.000056,0.000203,0.000022,0.000135,0.000004,0.000073,households
B94,0.023046,0.029853,0.000208,0.023243,0.000167,0.023164,0.000080,0.012088,0.000032,0.011990,0.000006,0.011902,households
B95,0.085401,0.128241,0.062484,0.068863,0.047587,0.047921,0.046544,0.046771,0.031954,0.032128,0.000007,0.000113,households
B96,0.007854,0.013022,0.001540,0.002082,0.001478,0.001960,0.000530,0.001669,0.000049,0.001111,0.000010,0.000973,households
B97,0.001823,0.010092,0.000100,0.003699,0.000081,0.003661,0.000039,0.003571,0.000015,0.000093,0.000003,0.000050,households
B98,0.005592,0.006408,0.000565,0.000719,0.000074,0.000212,0.000036,0.000129,0.000014,0.000086,0.000003,0.000046,households
BA1,0.010718,0.044521,0.008148,0.036406,0.008080,0.029812,0.003120,0.014014,0.000592,0.012155,0.000582,0.010145,households
BA2,0.012898,0.026486,0.009906,0.020672,0.004676,0.019220,0.003388,0.018523,0.003065,0.016822,0.001403,0.014458,households
BA3,0.001917,0.008602,0.001797,0.006208,0.000819,0.004063,0.000217,0.000559,0.000016,0.000279,0.000005,0.000263,households
BA4,0.014199,0.015674,0.001458,0.002510,0.000079,0.000860,0.000038,0.000169,0.000025,0.000133,0.000008,0.000108,households
BA5,0.004437,0.004702,0.000560,0.000767,0.000530,0.000710,0.000375,0.000517,0.000361,0.000478,0.000342,0.000450,households
BA6,0.002819,0.005245,0.002532,0.003612,0.002490,0.003375,0.000848,0.001679,0.000196,0.000992,0.000170,0.000637,households
BA7,0.000725,0.017915,0.000402,0.017388,0.000298,0.017189,0.000143,0.016900,0.000094,0.000504,0.000030,0.000407,households
BA8,0.002124,0.003022,0.000388,0.001089,0.000287,0.000898,0.000138,0.000619,0.000091,0.000486,0.000029,0.000393,households
BA9,0.000422,0.001711,0.000234,0.000657,0.000173,0.000541,0.000083,0.000373,0.000055,0.000293,0.000017,0.000237,households
BA10,0.003828,0.009090,0.000455,0.006689,0.000337,0.005262,0.000162,0.004934,0.000107,0.004779,0.000034,0.001664,households
BA11,0.007340,0.010281,0.005156,0.005744,0.004879,0.005320,0.002214,0.003208,0.001433,0.002925,0.000391,0.002778,households
BA12,0.011593,0.028090,0.003296,0.018333,0.001180,0.008039,0.000028,0.004241,0.000018,0.000097,0.000006,0.000079,households
BA13,0.012875,0.027270,0.001172,0.001730,0.001136,0.001352,0.000049,0.001253,0.000032,0.000172,0.000010,0.000139,households
BA14,0.001211,0.005821,0.001158,0.005735,0.001141,0.004960,0.001116,0.003863,0.000758,0.001175,0.000005,0.000504,households
BA15,0.014892,0.045346,0.014288,0.044648,0.013937,0.037126,0.003099,0.022890,0.002621,0.022827,0.000014,0.011409,households
BA16,0.000582,0.003263,0.000396,0.002959,0.000336,0.002845,0.000247,0.001359,0.000219,0.000455,0.000017,0.000234,households
BA20,0.024430,0.030893,0.015599,0.016121,0.015549,0.016027,0.008215,0.014472,0.006952,0.012991,0.000014,0.012945,households
BA21,0.000957,0.001658,0.000866,0.001510,0.000837,0.001454,0.000793,0.000933,0.000027,0.000142,0.000008,0.000115,households
BA22,0.015639,0.022798,0.001239,0.010225,0.000834,0.009669,0.000039,0.006954,0.000026,0.004908,0.000008,0.004882,households
BB1,0.000248,0.011145,0.000102,0.003089,0.000073,0.003017,0.000041,0.001063,0.000014,0.000911,0.000007,0.000833,households
BB2,0.011831,0.029767,0.001809,0.016997,0.001464,0.013462,0.000955,0.008499,0.000850,0.003409,0.000844,0.002895,households
BB3,0.021917,0.037374,0.010669,0.018197,0.008433,0.017063,0.007937,0.008130,0.003571,0.004930,0.002593,0.004877,households
BB4,0.023063,0.070014,0.009988,0.037896,0.009200,0.031686,0.004930,0.023105,0.001535,0.011190,0.000441,0.006588,households
BB5,0.008978,0.023928,0.001749,0.003630,0.000213,0.000961,0.000035,0.000720,0.000012,0.000621,0.000006,0.000324,households
BB6,0.000822,0.012421,0.000337,0.001190,0.000243,0.000951,0.000137,0.000597,0.000046,0.000357,0.000023,0.000232,households
BB7,0.042058,0.075844,0.017480,0.054262,0.013548,0.041030,0.007219,0.027194,0.000707,0.020886,0.000700,0.015873,households
BB8,0.017631,0.026657,0.008261,0.020448,0.006050,0.018165,0.002421,0.010554,0.001246,0.006012,0.001235,0.001903,households
BB9,0.029121,0.051919,0.013470,0.037833,0.008237,0.032009,0.005246,0.021109,0.001877,0.020327,0.000007,0.012946,households
BB10,0.000356,0.048783,0.000146,0.039092,0.000105,0.025004,0.000059,0.008732,0.000020,0.000747,0.000010,0.000100,households
BB11,0.008953,0.025259,0.000251,0.017238,0.000206,0.017124,0.000065,0.016954,0.000022,0.011163,0.000011,0.006418,households
BB12,0.021670,0.036614,0.014509,0.034200,0.011858,0.029500,0.005531,0.019901,0.001512,0.008356,0.000009,0.004821,households
BB18,0.033066,0.043558,0.013004,0.022935,0.004970,0.017588,0.000091,0.009634,0.000030,0.004540,0.000015,0.000154,households
BD1,0.088019,0.089653,0.070880,0.072479,0.070800,0.072436,0.030959,0.055879,0.000032,0.038669,0.000024,0.015232,households
BD2,0.000341,0.003071,0.000130,0.002841,0.000086,0.000263,0.000040,0.000193,0.000018,0.000124,0.000014,0.000065,households
BD3,0.000434,0.000660,0.000165,0.000366,0.000109,0.000336,0.000051,0.000246,0.000022,0.000159,0.000017,0.000083,households
BD4,0.000262,0.000398,0.000100,0.000221,0.000066,0.000202,0.000031,0.000148,0.000014,0.000096,0.000010,0.000050,households
BD5,0.000416,0.000633,0.000158,0.000351,0.000105,0.000322,0.000049,0.000236,0.000021,0.000152,0.000017,0.000079,households
BD6,0.000337,0.000975,0.000128,0.000284,0.000085,0.000260,0.000040,0.000191,0.000017,0.000123,0.000013,0.000064,households
BD7,0.000395,0.000600,0.000150,0.000333,0.000099,0.000305,0.000047,0.000223,0.000020,0.000144,0.000016,0.000075,households
BD8,0.001355,0.002710,0.000152,0.000336,0.000100,0.000308,0.000047,0.000226,0.000021,0.000146,0.000016,0.000076,households
BD9,0.000463,0.000704,0.000176,0.000391,0.000116,0.000358,0.000055,0.000262,0.000024,0.000169,0.000018,0.000088,households
BD10,0.002060,0.006151,0.001029,0.003145,0.000984,0.003121,0.000937,0.001745,0.000018,0.001675,0.000014,0.000066,households
BD11,0.000773,0.001175,0.000294,0.000652,0.000194,0.000598,0.000091,0.000437,0.000040,0.000283,0.000031,0.000147,households
BD12,0.004121,0.007020,0.003738,0.003928,0.000999,0.003899,0.000048,0.000232,0.000021,0.000150,0.000016,0.000078,households
BD13,0.002608,0.008192,0.000099,0.000556,0.000066,0.000537,0.000031,0.000483,0.000013,0.000431,0.000010,0.000385,households
BD14,0.000982,0.001492,0.000374,0.000829,0.000247,0.000759,0.000116,0.000556,0.000051,0.000359,0.000039,0.000187,households
BD15,0.005291,0.007014,0.000209,0.000464,0.000138,0.000426,0.000065,0.000311,0.000028,0.000201,0.000022,0.000105,households
BD16,0.012071,0.017902,0.005618,0.007707,0.002278,0.007685,0.002237,0.005675,0.001032,0.001635,0.000012,0.000566,households
BD17,0.004198,0.039842,0.003952,0.039239,0.001777,0.039211,0.000494,0.039128,0.000468,0.033124,0.000016,0.015838,households
BD18,0.008472,0.008653,0.000458,0.007117,0.000332,0.007011,0.000041,0.003447,0.000018,0.000372,0.000014,0.000310,households
BD19,0.018963,0.028549,0.013120,0.014063,0.005613,0.007449,0.000043,0.006018,0.000019,0.003426,0.000014,0.000069,households
BD20,0.038310,0.062332,0.018982,0.040879,0.012433,0.038872,0.008541,0.025300,0.008046,0.016985,0.007198,0.011092,households
BD21,0.039884,0.056506,0.020728,0.045526,0.012886,0.042423,0.006007,0.032633,0.000014,0.015424,0.000011,0.012002,households
BD22,0.003077,0.004544,0.000089,0.000197,0.000059,0.000181,0.000028,0.000132,0.000012,0.000085,0.000009,0.000045,households
BD23,0.067611,0.080131,0.004658,0.022040,0.002164,0.019698,0.000727,0.012600,0.000009,0.011434,0.000007,0.004624,households
BD24,0.043773,0.088686,0.022359,0.037295,0.019644,0.032379,0.002332,0.023619,0.002283,0.002890,0.000029,0.000141,households
BH1,0.000322,0.000952,0.000110,0.000581,0.000072,0.000462,0.000051,0.000257,0.000008,0.000127,0.000006,0.000088,households
BH2,0.000661,0.001953,0.000225,0.001191,0.000149,0.000947,0.000104,0.000526,0.000016,0.000260,0.000013,0.000181,households
BH3,0.001131,0.003343,0.000385,0.002038,0.000254,0.001620,0.000178,0.000901,0.000027,0.000445,0.000022,0.000311,households
BH4,0.000711,0.002101,0.000242,0.001282,0.000160,0.001018,0.000112,0.000566,0.000017,0.000280,0.000014,0.000195,households
BH5,0.000641,0.001894,0.000218,0.001155,0.000144,0.000918,0.000101,0.000510,0.000015,0.000252,0.000012,0.000176,households
BH6,0.008742,0.015676,0.007895,0.013666,0.007858,0.013550,0.007379,0.011336,0.000007,0.007453,0.000006,0.007416,households
BH7,0.000560,0.001655,0.000191,0.001009,0.000126,0.000802,0.000088,0.000446,0.000013,0.000220,0.000011,0.000154,households
BH8,0.002109,0.002860,0.001776,0.002560,0.000059,0.002463,0.000041,0.002297,0.000006,0.002031,0.000005,0.000072,households
BH9,0.000249,0.000737,0.000085,0.000449,0.000056,0.000357,0.000039,0.000199,0.000006,0.000098,0.000005,0.000068,households
BH10,0.024066,0.033432,0.010147,0.016765,0.010110,0.013625,0.009657,0.010292,0.000008,0.010164,0.000006,0.009694,households
BH11,0.003390,0.004010,0.000218,0.000682,0.000181,0.000564,0.000160,0.000363,0.000008,0.000235,0.000006,0.000197,households
BH12,0.000236,0.006388,0.000080,0.000425,0.000053,0.000338,0.000037,0.000188,0.000006,0.000093,0.000005,0.000065,households
BH13,0.010971,0.012034,0.003893,0.005846,0.003830,0.004486,0.002403,0.002750,0.002330,0.002531,0.002328,0.002467,households
BH14,0.003169,0.005249,0.001030,0.003990,0.000997,0.003885,0.000978,0.001159,0.000941,0.001045,0.000939,0.001011,households
BH15,0.019694,0.052455,0.004711,0.033285,0.002398,0.021765,0.000033,0.000168,0.000005,0.000083,0.000004,0.000058,households
BH16,0.001808,0.002580,0.000134,0.000711,0.000089,0.000565,0.000062,0.000314,0.000009,0.000155,0.000008,0.000108,households
BH17,0.000381,0.001127,0.000130,0.000687,0.000086,0.000546,0.000060,0.000304,0.000009,0.000150,0.000007,0.000105,households
BH18,0.000545,0.001612,0.000186,0.000983,0.000123,0.000781,0.000086,0.000434,0.000013,0.000215,0.000011,0.000150,households
BH19,0.039945,0.040534,0.011612,0.012053,0.001164,0.001528,0.000047,0.000240,0.000007,0.000119,0.000006,0.000083,households
BH20,0.009009,0.014576,0.001968,0.002311,0.000275,0.002224,0.000037,0.000187,0.000006,0.000092,0.000005,0.000064,households
BH21,0.008550,0.082651,0.004421,0.049331,0.003476,0.037240,0.001223,0.017124,0.000058,0.011108,0.000057,0.009068,households
BH22,0.011496,0.022452,0.011341,0.021414,0.007790,0.013590,0.007774,0.007925,0.000772,0.000859,0.000005,0.000065,households
BH23,0.009628,0.073671,0.003789,0.060826,0.002434,0.055335,0.000768,0.040336,0.000753,0.016079,0.000753,0.009036,households
BH24,0.046984,0.067155,0.001794,0.011437,0.000047,0.006555,0.000033,0.000167,0.000005,0.000083,0.000004,0.000058,households
BH25,0.000707,0.001947,0.000155,0.001290,0.000130,0.001211,0.000116,0.000252,0.000005,0.000084,0.000004,0.000059,households
BH31,0.000528,0.001561,0.000180,0.000952,0.000119,0.000757,0.000083,0.000421,0.000013,0.000208,0.000010,0.000145,households
BL0,0.061163,0.061372,0.040414,0.059368,0.038118,0.059335,0.022418,0.051881,0.011469,0.036861,0.006001,0.023210,households
BL1,0.012037,0.016127,0.002173,0.002225,0.002097,0.002142,0.002071,0.002114,0.002061,0.002101,0.002058,0.002080,households
BL2,0.000172,0.000276,0.000083,0.000163,0.000077,0.000147,0.000036,0.000102,0.000021,0.000083,0.000017,0.000051,households
BL3,0.000341,0.000428,0.000266,0.000334,0.000261,0.000320,0.000030,0.000282,0.000018,0.000266,0.000014,0.000239,households
BL4,0.000237,0.000381,0.000114,0.000225,0.000106,0.000202,0.000049,0.000141,0.000029,0.000115,0.000023,0.000070,households
BL5,0.000281,0.000452,0.000135,0.000267,0.000126,0.000240,0.000059,0.000167,0.000034,0.000136,0.000027,0.000083,households
BL6,0.015967,0.035976,0.001516,0.010986,0.000870,0.004148,0.000042,0.001397,0.000024,0.001375,0.000019,0.001338,households
BL7,0.008356,0.031348,0.004822,0.025154,0.004810,0.024247,0.000080,0.003707,0.000047,0.003665,0.000037,0.000113,households
BL8,0.000588,0.003404,0.000097,0.002181,0.000091,0.002161,0.000042,0.000121,0.000025,0.000098,0.000020,0.000060,households
BL9,0.024755,0.043207,0.016213,0.030944,0.015052,0.028432,0.004980,0.021364,0.002470,0.018480,0.002466,0.010265,households
BN1,0.000147,0.000321,0.000084,0.000212,0.000066,0.000176,0.000050,0.000117,0.000043,0.000081,0.000041,0.000071,households
BN2,0.015480,0.015642,0.015421,0.015540,0.015405,0.015507,0.015389,0.015452,0.015383,0.015418,0.015381,0.015409,households
BN3,0.000154,0.000336,0.000088,0.000222,0.000069,0.000184,0.000052,0.000122,0.000045,0.000084,0.000043,0.000074,households
BN5,0.002310,0.003173,0.001997,0.002633,0.001909,0.002453,0.001828,0.002161,0.000215,0.001980,0.000203,0.000353,households
BN6,0.009129,0.012138,0.000199,0.002110,0.000157,0.002025,0.000118,0.000277,0.000103,0.000191,0.000097,0.000169,households
BN7,0.018662,0.121679,0.011167,0.119912,0.008821,0.100383,0.005050,0.092566,0.000860,0.079961,0.000086,0.072028,households
BN8,0.000600,0.004734,0.000467,0.003635,0.000430,0.003559,0.000395,0.000537,0.000381,0.000460,0.000086,0.000150,households
BN9,0.000841,0.001455,0.000618,0.001071,0.000555,0.000943,0.000497,0.000734,0.000153,0.000285,0.000145,0.000251,households
BN10,0.000399,0.000871,0.000228,0.000575,0.000180,0.000477,0.000135,0.000317,0.000118,0.000219,0.000111,0.000193,households
BN11,0.055580,0.073180,0.024512,0.051981,0.011831,0.026097,0.002388,0.003588,0.000066,0.000123,0.000063,0.000109,households
BN12,0.017516,0.018368,0.003143,0.006285,0.000142,0.005156,0.000107,0.000251,0.000093,0.000173,0.000088,0.000153,households
BN13,0.004650,0.012739,0.000161,0.000407,0.000127,0.000338,0.000096,0.000225,0.000083,0.000155,0.000079,0.000136,households
BN14,0.000290,0.000634,0.000166,0.000419,0.000131,0.000347,0.000098,0.000231,0.000086,0.000159,0.000081,0.000140,households
BN15,0.006316,0.157658,0.000564,0.101482,0.000528,0.092850,0.000496,0.064990,0.000483,0.003648,0.000478,0.000538,households
BN16,0.015976,0.017159,0.006229,0.006421,0.005067,0.005586,0.005043,0.005498,0.005033,0.005089,0.004107,0.004152,households
BN17,0.033002,0.039949,0.024565,0.035104,0.015465,0.028082,0.015229,0.023469,0.015216,0.023400,0.015212,0.022018,households
BN18,0.068580,0.080009,0.052743,0.064703,0.048819,0.059116,0.037464,0.047977,0.029527,0.043036,0.022409,0.033961,households
BN20,0.000294,0.000642,0.000168,0.000424,0.000132,0.000352,0.000100,0.000234,0.000087,0.000161,0.000082,0.000142,households
BN21,0.000254,0.000555,0.000145,0.000367,0.000115,0.000304,0.000086,0.000202,0.000075,0.000139,0.000071,0.000123,households
BN22,0.002919,0.007046,0.000285,0.000512,0.000254,0.000447,0.000088,0.000207,0.000077,0.000143,0.000072,0.000126,households
BN23,0.012207,0.012574,0.000178,0.000448,0.000140,0.000372,0.000105,0.000247,0.000092,0.000170,0.000087,0.000150,households
BN24,0.026857,0.135426,0.002824,0.003310,0.000460,0.000876,0.000189,0.000444,0.000165,0.000306,0.000155,0.000270,households
BN25,0.000246,0.000537,0.000141,0.000355,0.000111,0.000294,0.000083,0.000196,0.000073,0.000135,0.000068,0.000119,households
BN26,0.001372,0.010686,0.001197,0.004122,0.000345,0.003218,0.000299,0.000486,0.000281,0.000385,0.000114,0.000358,households
BN27,0.001133,0.001660,0.000831,0.001009,0.000163,0.000316,0.000069,0.000234,0.000060,0.000183,0.000057,0.000099,households
BN41,0.003506,0.004180,0.002392,0.002888,0.000257,0.000681,0.000193,0.000453,0.000168,0.000312,0.000159,0.000275,households
BN42,0.000936,0.002045,0.000535,0.001351,0.000422,0.001120,0.000318,0.000745,0.000276,0.000513,0.000261,0.000453,households
BN43,0.017268,0.062360,0.015807,0.044468,0.015756,0.039145,0.005636,0.007567,0.005618,0.007464,0.005611,0.005697,households
BN44,0.040409,0.076165,0.022555,0.056815,0.022460,0.056622,0.009234,0.009590,0.000231,0.007103,0.000218,0.000378,households
BN45,0.003519,0.007684,0.002012,0.005077,0.001585,0.004210,0.001194,0.002799,0.001038,0.001929,0.000980,0.001702,households
BR1,0.002548,0.006062,0.000125,0.000905,0.000112,0.000888,0.000014,0.000790,0.000004,0.000004,0.000004,0.000004,households
BR2,0.070572,0.071793,0.005752,0.005759,0.004916,0.004919,0.002239,0.002242,0.001309,0.001310,0.001309,0.001310,households
BR3,0.042940,0.054900,0.007920,0.007926,0.005389,0.005391,0.002441,0.002444,0.000004,0.000004,0.000004,0.000004,households
BR4,0.006440,0.006601,0.000128,0.000148,0.000092,0.000099,0.000040,0.000050,0.000011,0.000013,0.000011,0.000013,households
BR5,0.002757,0.003991,0.000967,0.002399,0.000037,0.000040,0.000016,0.000020,0.000004,0.000005,0.000004,0.000005,households
BR6,0.001017,0.001072,0.000044,0.000051,0.000031,0.000034,0.000014,0.000017,0.000004,0.000004,0.000004,0.000004,households
BR7,0.001362,0.001494,0.000613,0.000629,0.000583,0.000589,0.000033,0.000549,0.000009,0.000518,0.000009,0.000518,households
BR8,0.000805,0.000929,0.000099,0.000114,0.000071,0.000077,0.000031,0.000039,0.000009,0.000010,0.000009,0.000010,households
BS1,0.000385,0.000741,0.000069,0.000299,0.000049,0.000181,0.000027,0.000077,0.000010,0.000042,0.000008,0.000024,households
BS2,0.001151,0.001553,0.000078,0.000339,0.000055,0.000205,0.000030,0.000087,0.000011,0.000048,0.000009,0.000027,households
BS3,0.021042,0.037297,0.007389,0.021635,0.007375,0.017166,0.003306,0.010407,0.000007,0.003317,0.000006,0.000018,households
BS4,0.009550,0.011092,0.006493,0.007064,0.006480,0.006567,0.004736,0.004769,0.000754,0.000775,0.000473,0.000483,households
BS5,0.006935,0.012739,0.004904,0.011383,0.003656,0.009256,0.003232,0.007095,0.001531,0.006251,0.001531,0.004014,households
BS6,0.003919,0.004248,0.002998,0.003840,0.002979,0.003731,0.002959,0.003005,0.000009,0.002974,0.000008,0.002956,households
BS7,0.000342,0.000658,0.000061,0.000266,0.000043,0.000161,0.000024,0.000068,0.000009,0.000038,0.000007,0.000021,households
BS8,0.000771,0.001097,0.000063,0.000274,0.000045,0.000166,0.000024,0.000070,0.000009,0.000039,0.000008,0.000022,households
BS9,0.000312,0.000601,0.000056,0.000243,0.000040,0.000147,0.000022,0.000062,0.000008,0.000034,0.000007,0.000019,households
BS10,0.019133,0.024332,0.002061,0.002270,0.000444,0.000565,0.000024,0.000070,0.000009,0.000039,0.000007,0.000022,households
BS11,0.001099,0.001537,0.000709,0.000993,0.000684,0.000848,0.000657,0.000719,0.000636,0.000677,0.000010,0.000029,households
BS13,0.005020,0.010087,0.000062,0.001161,0.000044,0.000832,0.000024,0.000069,0.000009,0.000039,0.000007,0.000022,households
BS14,0.000372,0.002305,0.000066,0.000289,0.000047,0.000175,0.000026,0.000074,0.000009,0.000041,0.000008,0.000023,households
BS15,0.003191,0.004536,0.001027,0.001263,0.001015,0.001097,0.001001,0.001032,0.000990,0.001011,0.000989,0.000999,households
BS16,0.000921,0.002279,0.000361,0.001367,0.000354,0.001325,0.000234,0.000812,0.000003,0.000800,0.000003,0.000709,households
BS20,0.006932,0.010501,0.005030,0.008425,0.003446,0.008326,0.000023,0.002721,0.000008,0.000036,0.000007,0.000020,households
BS21,0.004701,0.006255,0.003095,0.003330,0.003075,0.003210,0.003052,0.003103,0.003035,0.003069,0.003034,0.003050,households
BS22,0.006857,0.015335,0.000051,0.003332,0.000036,0.003244,0.000020,0.000878,0.000007,0.000032,0.000006,0.000018,households
BS23,0.199851,0.388323,0.013347,0.142776,0.001119,0.061480,0.000019,0.018374,0.000007,0.009675,0.000006,0.004012,households
BS24,0.000677,0.001226,0.000069,0.000298,0.000049,0.000181,0.000027,0.000076,0.000010,0.000042,0.000008,0.000024,households
BS25,0.001913,0.014642,0.001155,0.001707,0.001107,0.001425,0.001054,0.001173,0.000023,0.001092,0.000020,0.000057,households
BS26,0.002467,0.029199,0.000203,0.001327,0.000144,0.000979,0.000079,0.000226,0.000029,0.000126,0.000024,0.000071,households
BS27,0.062783,0.133674,0.009209,0.069885,0.006244,0.031658,0.000061,0.000468,0.000023,0.000098,0.000019,0.000055,households
BS28,0.017039,0.022785,0.012735,0.018081,0.012671,0.017705,0.012600,0.012760,0.012546,0.012651,0.006613,0.006663,households
BS29,0.001770,0.003403,0.000316,0.001374,0.000225,0.000833,0.000123,0.000352,0.000045,0.000195,0.000038,0.000110,households
BS30,0.004430,0.024595,0.000986,0.014731,0.000968,0.013008,0.000178,0.003223,0.000009,0.002192,0.000008,0.000176,households
BS31,0.007441,0.013536,0.006176,0.011861,0.005968,0.010143,0.003033,0.007123,0.001701,0.005304,0.001323,0.004345,households
BS32,0.000629,0.001210,0.000112,0.000488,0.000080,0.000296,0.000044,0.000125,0.000016,0.000069,0.000013,0.000039,households
BS34,0.000320,0.000615,0.000057,0.000248,0.000041,0.000151,0.000022,0.000064,0.000008,0.000035,0.000007,0.000020,households
BS35,0.005381,0.025794,0.000064,0.005490,0.000046,0.005379,0.000025,0.002061,0.000009,0.000987,0.000008,0.000212,households
BS36,0.000530,0.001593,0.000094,0.000411,0.000067,0.000249,0.000037,0.000105,0.000013,0.000058,0.000011,0.000033,households
BS37,0.012590,0.032099,0.003923,0.010910,0.003909,0.009208,0.000019,0.001037,0.000007,0.000030,0.000006,0.000017,households
BS39,0.003065,0.003465,0.000908,0.002968,0.000471,0.002420,0.000307,0.002302,0.000011,0.000048,0.000009,0.000027,households
BS40,0.042111,0.042631,0.001464,0.001688,0.001445,0.001573,0.000026,0.001297,0.000010,0.000914,0.000008,0.000896,households
BS41,0.002693,0.003870,0.000228,0.000991,0.000162,0.000601,0.000088,0.000254,0.000032,0.000141,0.000027,0.000079,households
BS48,0.000942,0.001272,0.000064,0.000667,0.000045,0.000168,0.000025,0.000071,0.000009,0.000039,0.000008,0.000022,households
BS49,0.000760,0.005563,0.000136,0.004692,0.000096,0.004460,0.000053,0.000151,0.000019,0.000084,0.000016,0.000047,households
CA1,0.000795,0.207991,0.000302,0.170179,0.000243,0.159801,0.000091,0.143298,0.000040,0.135771,0.000015,0.119889,households
CA2,0.029951,0.117654,0.018190,0.106736,0.016509,0.098705,0.001599,0.067406,0.000335,0.041639,0.000318,0.023068,households
CA3,0.003789,0.018332,0.001113,0.017579,0.001039,0.017415,0.000851,0.017050,0.000788,0.016777,0.000019,0.015864,households
CA4,0.018321,0.026849,0.004385,0.013427,0.004306,0.011482,0.001671,0.007994,0.001382,0.002389,0.000463,0.001160,households
CA5,0.028927,0.059279,0.005977,0.037036,0.003755,0.029544,0.000161,0.010272,0.000071,0.002625,0.000026,0.001864,households
CA6,0.037841,0.048053,0.011936,0.020082,0.009936,0.017994,0.002280,0.005827,0.001254,0.004595,0.000018,0.001867,households
CA7,0.033970,0.080237,0.014042,0.061117,0.010926,0.052949,0.006507,0.044599,0.003010,0.040530,0.001454,0.021304,households
CA8,0.014062,0.019096,0.005071,0.007505,0.002734,0.003853,0.000095,0.001065,0.000042,0.000837,0.000016,0.000566,households
CA9,0.005352,0.016753,0.001010,0.011132,0.000811,0.010693,0.000305,0.003419,0.000135,0.002685,0.000050,0.001815,households
CA10,0.024335,0.033985,0.007683,0.020005,0.007320,0.017261,0.001010,0.003261,0.000037,0.002595,0.000014,0.001429,households
CA11,0.017805,0.036900,0.002485,0.005748,0.002449,0.003088,0.000239,0.002268,0.000208,0.002045,0.000193,0.000508,households
CA12,0.140264,0.170026,0.032901,0.073143,0.028898,0.068479,0.018327,0.045389,0.013776,0.030803,0.001421,0.008600,households
CA13,0.069890,0.091358,0.034297,0.072497,0.026562,0.071399,0.013112,0.070131,0.004427,0.055102,0.000701,0.023864,households
CA14,0.009573,0.015597,0.001869,0.003458,0.001839,0.002623,0.000165,0.002000,0.000139,0.001829,0.000126,0.001696,households
CA15,0.032917,0.065553,0.012697,0.055177,0.003061,0.043865,0.000101,0.037956,0.000045,0.021495,0.000017,0.009243,households
CA16,0.042322,0.048043,0.035539,0.039743,0.035089,0.039441,0.031602,0.036254,0.011080,0.035749,0.009452,0.034837,households
CA17,0.018899,0.030431,0.002030,0.014898,0.001872,0.014550,0.001471,0.011723,0.000107,0.002130,0.000040,0.001440,households
CA18,0.081010,0.099350,0.054552,0.071234,0.053687,0.069322,0.051484,0.065046,0.050743,0.061848,0.000219,0.007906,households
CA19,0.005914,0.020597,0.002249,0.014316,0.001806,0.009802,0.000680,0.007615,0.000301,0.005979,0.000112,0.004043,households
CA20,0.026383,0.046416,0.020679,0.024203,0.003140,0.023800,0.000281,0.007336,0.000124,0.006660,0.000046,0.001670,households
CA21,0.020387,0.034866,0.014728,0.027899,0.014045,0.026389,0.012306,0.023013,0.000465,0.009231,0.000173,0.006241,households
CA22,0.019973,0.035438,0.002790,0.011015,0.002653,0.010712,0.002304,0.010034,0.000791,0.003946,0.000035,0.001950,households
CA23,0.019890,0.059733,0.002128,0.024493,0.001709,0.023568,0.000643,0.007206,0.000285,0.005658,0.000106,0.003825,households
CA24,0.008973,0.023202,0.003412,0.016355,0.002741,0.014872,0.001031,0.011554,0.000457,0.009072,0.000170,0.006134,households
CA25,0.007450,0.034452,0.004469,0.009198,0.004310,0.008846,0.003906,0.006397,0.000108,0.002148,0.000040,0.001452,households
CA26,0.003827,0.009895,0.001455,0.006975,0.001169,0.006342,0.000440,0.004927,0.000195,0.003869,0.000072,0.002616,households
CA27,0.006939,0.017943,0.002638,0.012648,0.002120,0.011501,0.000798,0.008935,0.000353,0.007016,0.000131,0.004743,households
CA28,0.031444,0.040884,0.007643,0.017006,0.005993,0.013466,0.000675,0.006366,0.000411,0.004300,0.000394,0.000750,households
CB1,0.002489,0.004402,0.000151,0.000281,0.000118,0.000239,0.000047,0.000119,0.000016,0.000041,0.000001,0.000024,households
CB2,0.008613,0.009216,0.000282,0.000866,0.000219,0.000786,0.000087,0.000562,0.000030,0.000076,0.000002,0.000044,households
CB3,0.017550,0.042860,0.014415,0.041954,0.000290,0.015325,0.000115,0.005147,0.000039,0.000274,0.000003,0.000232,households
CB4,0.030005,0.052783,0.014336,0.038548,0.008844,0.038503,0.005345,0.025056,0.001943,0.008442,0.000215,0.003824,households
CB5,0.000995,0.036339,0.000505,0.028877,0.000394,0.028734,0.000156,0.020664,0.000053,0.007440,0.000004,0.007383,households
CB6,0.000307,0.000452,0.000156,0.000290,0.000121,0.000246,0.000048,0.000122,0.000016,0.000042,0.000001,0.000025,households
CB7,0.007957,0.009301,0.000587,0.003538,0.000542,0.003481,0.000293,0.001701,0.000253,0.000440,0.000001,0.000263,households
CB8,0.039962,0.043642,0.023153,0.028282,0.018494,0.023171,0.000423,0.002138,0.000015,0.000038,0.000001,0.000022,households
CB9,0.003072,0.003232,0.002906,0.003054,0.002868,0.003006,0.000053,0.000135,0.000018,0.000046,0.000001,0.000027,households
CB10,0.008717,0.014726,0.000729,0.004298,0.000669,0.001344,0.000085,0.000217,0.000029,0.000075,0.000002,0.000043,households
CB11,0.008020,0.011411,0.000259,0.000484,0.000202,0.000410,0.000080,0.000204,0.000027,0.000070,0.000002,0.000041,households
CB21,0.003770,0.004070,0.000323,0.003023,0.000251,0.000510,0.000100,0.000254,0.000034,0.000087,0.000002,0.000051,households
CB22,0.031809,0.032116,0.022638,0.031784,0.022586,0.031718,0.019642,0.020285,0.008083,0.010424,0.000002,0.005704,households
CB23,0.002258,0.005036,0.001615,0.001757,0.001372,0.001503,0.000051,0.000129,0.000017,0.000044,0.000001,0.000026,households
CB24,0.034507,0.041177,0.017604,0.019526,0.015165,0.016382,0.003023,0.005192,0.000145,0.000932,0.000001,0.000533,households
CB25,0.007053,0.028087,0.004953,0.018859,0.004879,0.011778,0.004721,0.010920,0.001219,0.003643,0.000713,0.003013,households
CF3,0.000000,0.000000,0.000000,0.000000,0.000000,0.000000,0.000000,0.000000,0.000000,0.000000,0.000000,0.000000,households
CF5,0.000000,0.000000,0.000000,0.000000,0.000000,0.000000,0.000000,0.000000,0.000000,0.000000,0.000000,0.000000,households
CF10,0.000000,0.000000,0.000000,0.000000,0.000000,0.000000,0.000000,0.000000,0.000000,0.000000,0.000000,0.000000,households
CF11,0.000000,0.000000,0.000000,0.000000,0.000000,0.000000,0.000000,0.000000,0.000000,0.000000,0.000000,0.000000,households
CF14,0.000000,0.000000,0.000000,0.000000,0.000000,0.000000,0.000000,0.000000,0.000000,0.000000,0.000000,0.000000,households
CF15,0.000000,0.000000,0.000000,0.000000,0.000000,0.000000,0.000000,0.000000,0.000000,0.000000,0.000000,0.000000,households
CF23,0.000000,0.000000,0.000000,0.000000,0.000000,0.000000,0.000000,0.000000,0.000000,0.000000,0.000000,0.000000,households
CF24,0.000000,0.000000,0.000000,0.000000,0.000000,0.000000,0.000000,0.000000,0.000000,0.000000,0.000000,0.000000,households
CF31,0.000000,0.000000,0.000000,0.000000,0.000000,0.000000,0.000000,0.000000,0.000000,0.000000,0.000000,0.000000,households
CF32,0.000000,0.000000,0.000000,0.000000,0.000000,0.000000,0.000000,0.000000,0.000000,0.000000,0.000000,0.000000,households
CF33,0.000000,0.000000,0.000000,0.000000,0.000000,0.000000,0.000000,0.000000,0.000000,0.000000,0.000000,0.000000,households
CF34,0.000000,0.000000,0.000000,0.000000,0.000000,0.000000,0.000000,0.000000,0.000000,0.000000,0.000000,0.000000,households
CF35,0.000000,0.000000,0.000000,0.000000,0.000000,0.000000,0.000000,0.000000,0.000000,0.000000,0.000000,0.000000,households
CF36,0.000000,0.000000,0.000000,0.000000,0.000000,0.000000,0.000000,0.000000,0.000000,0.000000,0.000000,0.000000,households
CF37,0.000000,0.000000,0.000000,0.000000,0.000000,0.000000,0.000000,0.000000,0.000000,0.000000,0.000000,0.000000,households
CF38,0.000000,0.000000,0.000000,0.000000,0.000000,0.000000,0.000000,0.000000,0.000000,0.000000,0.000000,0.000000,households
CF39,0.000000,0.000000,0.000000,0.000000,0.000000,0.000000,0.000000,0.000000,0.000000,0.000000,0.000000,0.000000,households
CF40,0.000000,0.000000,0.000000,0.000000,0.000000,0.000000,0.000000,0.000000,0.000000,0.000000,0.000000,0.000000,households
CF41,0.000000,0.000000,0.000000,0.000000,0.000000,0.000000,0.000000,0.000000,0.000000,0.000000,0.000000,0.000000,households
CF42,0.000000,0.000000,0.000000,0.000000,0.000000,0.000000,0.000000,0.000000,0.000000,0.000000,0.000000,0.000000,households
CF43,0.000000,0.000000,0.000000,0.000000,0.000000,0.000000,0.000000,0.000000,0.000000,0.000000,0.000000,0.000000,households
CF44,0.000000,0.000000,0.000000,0.000000,0.000000,0.000000,0.000000,0.000000,0.000000,0.000000,0.000000,0.000000,households
CF45,0.000000,0.000000,0.000000,0.000000,0.000000,0.000000,0.000000,0.000000,0.000000,0.000000,0.000000,0.000000,households
CF46,0.000000,0.000000,0.000000,0.000000,0.000000,0.000000,0.000000,0.000000,0.000000,0.000000,0.000000,0.000000,households
CF47,0.000000,0.000000,0.000000,0.000000,0.000000,0.000000,0.000000,0.000000,0.000000,0.000000,0.000000,0.000000,households
CF48,0.000000,0.000000,0.000000,0.000000,0.000000,0.000000,0.000000,0.000000,0.000000,0.000000,0.000000,0.000000,households
CF61,0.000000,0.000000,0.000000,0.000000,0.000000,0.000000,0.000000,0.000000,0.000000,0.000000,0.000000,0.000000,households
CF62,0.000000,0.000000,0.000000,0.000000,0.000000,0.000000,0.000000,0.000000,0.000000,0.000000,0.000000,0.000000,households
CF63,0.000000,0.000000,0.000000,0.000000,0.000000,0.000000,0.000000,0.000000,0.000000,0.000000,0.000000,0.000000,households
CF64,0.000000,0.000000,0.000000,0.000000,0.000000,0.000000,0.000000,0.000000,0.000000,0.000000,0.000000,0.000000,households
CF71,0.000000,0.000000,0.000000,0.000000,0.000000,0.000000,0.000000,0.000000,0.000000,0.000000,0.000000,0.000000,households
CF72,0.000000,0.000000,0.000000,0.000000,0.000000,0.000000,0.000000,0.000000,0.000000,0.000000,0.000000,0.000000,households
CF81,0.000000,0.000000,0.000000,0.000000,0.000000,0.000000,0.000000,0.000000,0.000000,0.000000,0.000000,0.000000,households
CF82,0.000000,0.000000,0.000000,0.000000,0.000000,0.000000,0.000000,0.000000,0.000000,0.000000,0.000000,0.000000,households
CF83,0.000000,0.000000,0.000000,0.000000,0.000000,0.000000,0.000000,0.000000,0.000000,0.000000,0.000000,0.000000,households
CH1,0.066439,0.082905,0.052247,0.067371,0.048131,0.063112,0.045723,0.059530,0.045723,0.059322,0.045723,0.059321,households
CH2,0.004259,0.013766,0.004231,0.004749,0.004219,0.004288,0.000084,0.000141,0.000084,0.000137,0.000084,0.000137,households
CH3,0.007229,0.010134,0.004270,0.007139,0.001199,0.005939,0.001001,0.001045,0.001001,0.001042,0.001001,0.001042,households
CH4,0.015710,0.050076,0.015660,0.044499,0.015639,0.044468,0.015615,0.044424,0.015615,0.044417,0.015615,0.044417,households
CH5,0.000000,0.000000,0.000000,0.000000,0.000000,0.000000,0.000000,0.000000,0.000000,0.000000,0.000000,0.000000,households
CH6,0.000000,0.000000,0.000000,0.000000,0.000000,0.000000,0.000000,0.000000,0.000000,0.000000,0.000000,0.000000,households
CH7,0.000000,0.000000,0.000000,0.000000,0.000000,0.000000,0.000000,0.000000,0.000000,0.000000,0.000000,0.000000,households
CH8,0.000000,0.000000,0.000000,0.000000,0.000000,0.000000,0.000000,0.000000,0.000000,0.000000,0.000000,0.000000,households
CH41,0.000151,0.000284,0.000120,0.000201,0.000107,0.000182,0.000092,0.000155,0.000092,0.000150,0.000092,0.000150,households
CH42,0.000166,0.000312,0.000132,0.000221,0.000118,0.000200,0.000101,0.000170,0.000101,0.000165,0.000101,0.000165,households
CH43,0.000124,0.002002,0.000099,0.000166,0.000088,0.000150,0.000076,0.000128,0.000076,0.000124,0.000076,0.000124,households
CH44,0.000150,0.000282,0.000119,0.000200,0.000106,0.000181,0.000091,0.000154,0.000091,0.000149,0.000091,0.000149,households
CH45,0.002201,0.002336,0.002170,0.002252,0.002157,0.002233,0.000093,0.000157,0.000093,0.000152,0.000093,0.000152,households
CH46,0.000194,0.011563,0.000154,0.004686,0.000137,0.000234,0.000118,0.000199,0.000118,0.000193,0.000118,0.000193,households
CH47,0.000329,0.024764,0.000262,0.005670,0.000234,0.000398,0.000201,0.000338,0.000201,0.000328,0.000201,0.000328,households
CH48,0.000228,0.000429,0.000181,0.000304,0.000162,0.000276,0.000139,0.000234,0.000139,0.000227,0.000139,0.000227,households
CH49,0.000170,0.000320,0.000135,0.000227,0.000121,0.000206,0.000104,0.000175,0.000104,0.000170,0.000104,0.000170,households
CH60,0.001072,0.001290,0.001022,0.001155,0.001001,0.001124,0.000976,0.001079,0.000976,0.001072,0.000976,0.001071,households
CH61,0.000269,0.000506,0.000214,0.000359,0.000191,0.000325,0.000164,0.000276,0.000164,0.000268,0.000164,0.000268,households
CH62,0.001598,0.005218,0.000113,0.001645,0.000100,0.001627,0.000086,0.000145,0.000086,0.000141,0.000086,0.000141,households
CH63,0.000141,0.000265,0.000112,0.000188,0.000100,0.000170,0.000086,0.000145,0.000086,0.000141,0.000086,0.000140,households
CH64,0.003965,0.015372,0.003929,0.015274,0.003357,0.014694,0.002782,0.014105,0.002782,0.014100,0.002782,0.014099,households
CH65,0.000143,0.003054,0.000114,0.002976,0.000102,0.002958,0.000087,0.002932,0.000087,0.000216,0.000087,0.000143,households
CH66,0.000742,0.003097,0.000280,0.000343,0.000082,0.000140,0.000071,0.000119,0.000071,0.000116,0.000071,0.000116,households
CM0,0.017100,0.019301,0.007919,0.009093,0.006577,0.006865,0.005121,0.005906,0.002820,0.003409,0.002181,0.002210,households
CM1,0.006190,0.016111,0.003865,0.015250,0.003699,0.015085,0.003368,0.008141,0.002848,0.004622,0.002778,0.002857,households
CM2,0.040426,0.065298,0.025052,0.057986,0.013777,0.051414,0.003655,0.028270,0.002308,0.012936,0.002115,0.005569,households
CM3,0.003156,0.012724,0.000240,0.008852,0.000084,0.006882,0.000061,0.004176,0.000011,0.003971,0.000010,0.002482,households
CM4,0.001110,0.006186,0.000453,0.005511,0.000357,0.005416,0.000278,0.000472,0.000253,0.000358,0.000034,0.000284,households
CM5,0.000463,0.000840,0.000236,0.000595,0.000142,0.000502,0.000064,0.000254,0.000039,0.000142,0.000033,0.000069,households
CM6,0.001118,0.001784,0.000437,0.000602,0.000147,0.000312,0.000029,0.000199,0.000018,0.000147,0.000015,0.000114,households
CM7,0.005804,0.011810,0.002580,0.008256,0.001298,0.006003,0.001271,0.004020,0.001263,0.001298,0.000011,0.000024,households
CM8,0.004923,0.009021,0.003571,0.007334,0.000072,0.006571,0.000032,0.000129,0.000020,0.000072,0.000017,0.000035,households
CM9,0.045827,0.077628,0.017947,0.037125,0.009278,0.027019,0.002708,0.010504,0.000213,0.009409,0.000211,0.004540,households
CM11,0.000448,0.001839,0.000228,0.001602,0.000137,0.001512,0.000062,0.001272,0.000038,0.000137,0.000032,0.000067,households
CM12,0.006591,0.007921,0.000211,0.001306,0.000127,0.000450,0.000057,0.000228,0.000035,0.000127,0.000030,0.000062,households
CM13,0.005603,0.005846,0.000989,0.001221,0.000929,0.001161,0.000041,0.000164,0.000025,0.000092,0.000021,0.000045,households
CM14,0.000352,0.001651,0.000179,0.000452,0.000108,0.000382,0.000048,0.000193,0.000030,0.000108,0.000025,0.000053,households
CM15,0.001447,0.010426,0.000177,0.010143,0.000107,0.010073,0.000048,0.009886,0.000029,0.008803,0.000025,0.002151,households
CM16,0.008356,0.017237,0.007116,0.011387,0.007049,0.011319,0.003568,0.004390,0.003550,0.003624,0.003546,0.003572,households
CM17,0.000384,0.000697,0.000195,0.000494,0.000118,0.000417,0.000053,0.000211,0.000033,0.000118,0.000028,0.000057,households
CM18,0.000470,0.001036,0.000239,0.000787,0.000144,0.000510,0.000065,0.000258,0.000040,0.000144,0.000034,0.000070,households
CM19,0.005494,0.007158,0.005240,0.006546,0.000498,0.000900,0.000071,0.000284,0.000044,0.000158,0.000037,0.000077,households
CM20,0.004669,0.006891,0.000189,0.000478,0.000114,0.000403,0.000051,0.000204,0.000032,0.000114,0.000027,0.000056,households
CM21,0.004678,0.006738,0.000326,0.001401,0.000197,0.000696,0.000088,0.000352,0.000054,0.000197,0.000046,0.000096,households
CM22,0.002366,0.003587,0.002185,0.002471,0.001496,0.002397,0.000204,0.002200,0.000031,0.000113,0.000026,0.000055,households
CM23,0.019909,0.039617,0.010706,0.027685,0.008669,0.022703,0.004471,0.008101,0.001516,0.003112,0.001513,0.001527,households
CM24,0.003960,0.009126,0.000375,0.006051,0.000226,0.005903,0.000101,0.002016,0.000062,0.000226,0.000053,0.000110,households
CM77,0.003706,0.004531,0.002402,0.003832,0.000446,0.001877,0.000060,0.001641,0.000037,0.000135,0.000031,0.000066,households
CO1,0.024844,0.071814,0.015385,0.058485,0.015356,0.045096,0.005437,0.030127,0.005405,0.023583,0.000021,0.018966,households
CO2,0.000241,0.002777,0.000119,0.000489,0.000102,0.000402,0.000042,0.000261,0.000024,0.000173,0.000012,0.000143,households
CO3,0.001837,0.013380,0.000416,0.013180,0.000398,0.002014,0.000047,0.001858,0.000026,0.000191,0.000013,0.000158,households
CO4,0.001224,0.004006,0.001127,0.002407,0.001114,0.002338,0.000972,0.001146,0.000019,0.000138,0.000009,0.000114,households
CO5,0.016454,0.025329,0.009340,0.020539,0.006403,0.017457,0.001117,0.004712,0.000023,0.003551,0.000012,0.003522,households
CO6,0.008004,0.010914,0.003757,0.007018,0.003337,0.006532,0.002552,0.002754,0.002535,0.002673,0.002524,0.002645,households
CO7,0.027675,0.033365,0.021296,0.029408,0.018689,0.027206,0.013198,0.023602,0.007801,0.014329,0.004873,0.010156,households
CO8,0.017374,0.020185,0.000777,0.018995,0.000669,0.018427,0.000276,0.001706,0.000157,0.001135,0.000078,0.000938,households
CO9,0.019474,0.020082,0.017698,0.018987,0.012730,0.017907,0.000043,0.013141,0.000025,0.005542,0.000012,0.000148,households
CO10,0.002922,0.014567,0.000289,0.002754,0.000279,0.001732,0.000068,0.000547,0.000014,0.000099,0.000007,0.000082,households
CO11,0.003388,0.004403,0.000981,0.003949,0.000955,0.003808,0.000069,0.002631,0.000039,0.002490,0.000019,0.000233,households
CO12,0.035087,0.112745,0.017354,0.100526,0.016583,0.099557,0.004637,0.076754,0.000035,0.061688,0.000018,0.052867,households
CO13,0.000986,0.001902,0.000725,0.001515,0.000690,0.001330,0.000562,0.001028,0.000523,0.000842,0.000497,0.000778,households
CO14,0.032218,0.049582,0.007542,0.018370,0.007483,0.017528,0.005157,0.011219,0.004828,0.005635,0.000043,0.005525,households
CO15,0.008140,0.083481,0.000176,0.051615,0.000165,0.032898,0.000030,0.011240,0.000017,0.000123,0.000008,0.000102,households
CO16,0.019303,0.044997,0.000219,0.035109,0.000200,0.035010,0.000132,0.030758,0.000111,0.028406,0.000014,0.028371,households
CR0,0.019796,0.027279,0.009299,0.010858,0.005039,0.008101,0.000457,0.002494,0.000006,0.000009,0.000001,0.000001,households
CR2,0.028488,0.029792,0.007232,0.016636,0.001947,0.006797,0.001694,0.001716,0.000016,0.000024,0.000004,0.000004,households
CR3,0.000484,0.000721,0.000217,0.000342,0.000124,0.000221,0.000048,0.000077,0.000021,0.000032,0.000005,0.000005,households
CR4,0.011816,0.044328,0.002940,0.021109,0.000105,0.009940,0.000041,0.001253,0.000018,0.000027,0.000004,0.000004,households
CR5,0.000524,0.000781,0.000235,0.000370,0.000134,0.000240,0.000052,0.000084,0.000023,0.000034,0.000006,0.000006,households
CR6,0.001367,0.002037,0.000612,0.000966,0.000349,0.000625,0.000135,0.000218,0.000059,0.000089,0.000015,0.000015,households
CR7,0.000604,0.008148,0.000271,0.000427,0.000154,0.000276,0.000060,0.000096,0.000026,0.000039,0.000007,0.000007,households
CR8,0.072314,0.081324,0.043043,0.049730,0.032187,0.039611,0.018676,0.020537,0.010328,0.015530,0.002601,0.002601,households
CT1,0.070072,0.116996,0.065586,0.083901,0.049589,0.072082,0.028944,0.038436,0.013896,0.017698,0.000039,0.000069,households
CT2,0.027433,0.028051,0.020750,0.021659,0.010553,0.016152,0.002327,0.002673,0.000097,0.000137,0.000045,0.000079,households
CT3,0.018907,0.019322,0.004957,0.008096,0.001195,0.004034,0.000272,0.000353,0.000091,0.000128,0.000042,0.000073,households
CT4,0.034090,0.040729,0.013053,0.025381,0.005779,0.012089,0.001258,0.002306,0.001197,0.001233,0.000041,0.000071,households
CT5,0.033166,0.095129,0.006201,0.055904,0.002774,0.041989,0.001512,0.008711,0.000074,0.000104,0.000034,0.000060,households
CT6,0.050437,0.052087,0.037068,0.037504,0.034391,0.034780,0.026790,0.027074,0.017926,0.017954,0.012811,0.012834,households
CT7,0.001084,0.005491,0.000590,0.001780,0.000455,0.001528,0.000287,0.001098,0.000170,0.000240,0.000079,0.000137,households
CT8,0.001995,0.003424,0.001086,0.002062,0.000838,0.001597,0.000528,0.000806,0.000312,0.000441,0.000145,0.000252,households
CT9,0.009334,0.015429,0.005148,0.014477,0.004709,0.012578,0.000104,0.011152,0.000061,0.010884,0.000029,0.010456,households
CT10,0.002129,0.002585,0.000786,0.001097,0.000707,0.000949,0.000169,0.000257,0.000100,0.000141,0.000046,0.000081,households
CT11,0.001261,0.001652,0.001012,0.001279,0.000944,0.001152,0.000859,0.000935,0.000800,0.000835,0.000754,0.000783,households
CT12,0.001256,0.001930,0.000420,0.001403,0.000324,0.000738,0.000204,0.000433,0.000121,0.000170,0.000056,0.000097,households
CT13,0.044668,0.218501,0.035533,0.123832,0.034404,0.077607,0.031518,0.035122,0.020825,0.020901,0.009914,0.013663,households
CT14,0.015363,0.044499,0.000214,0.011211,0.000165,0.006954,0.000104,0.004626,0.000061,0.001777,0.000029,0.000955,households
CT15,0.001126,0.001670,0.000414,0.000785,0.000319,0.000608,0.000201,0.000307,0.000119,0.000168,0.000055,0.000096,households
CT16,0.013574,0.053270,0.006608,0.032871,0.000305,0.027647,0.000192,0.002821,0.000113,0.000160,0.000053,0.000092,households
CT17,0.001373,0.005542,0.000978,0.003024,0.000871,0.002823,0.000736,0.000857,0.000338,0.000394,0.000266,0.000312,households
CT18,0.008887,0.009598,0.003172,0.003658,0.000417,0.000795,0.000263,0.000401,0.000155,0.000220,0.000072,0.000126,households
CT19,0.025639,0.028388,0.009332,0.009683,0.009244,0.009516,0.008139,0.008570,0.008061,0.008107,0.006842,0.006880,households
CT20,0.025011,0.028052,0.002415,0.016384,0.000262,0.008714,0.000165,0.003192,0.000097,0.000138,0.000045,0.000079,households
CT21,0.072952,0.096245,0.035861,0.058642,0.034834,0.044381,0.022037,0.030829,0.010213,0.013313,0.000051,0.003143,households
CV1,0.003807,0.069545,0.000049,0.058517,0.000033,0.053027,0.000016,0.038996,0.000006,0.030548,0.000004,0.011151,households
CV2,0.001968,0.002148,0.000028,0.000150,0.000019,0.000120,0.000009,0.000059,0.000004,0.000034,0.000002,0.000016,households
CV3,0.000101,0.000273,0.000027,0.000144,0.000018,0.000115,0.000009,0.000057,0.000004,0.000033,0.000002,0.000015,households
CV4,0.000192,0.002805,0.000052,0.000275,0.000035,0.000220,0.000017,0.000109,0.000007,0.000062,0.000004,0.000029,households
CV5,0.008187,0.015381,0.002419,0.011342,0.001454,0.009159,0.000013,0.000081,0.000005,0.000046,0.000003,0.000021,households
CV6,0.000700,0.002103,0.000023,0.001991,0.000016,0.001967,0.000008,0.001917,0.000003,0.001896,0.000002,0.001881,households
CV7,0.000323,0.000843,0.000044,0.000392,0.000030,0.000347,0.000015,0.000253,0.000006,0.000052,0.000004,0.000024,households
CV8,0.008409,0.012175,0.008289,0.008480,0.008274,0.008433,0.004350,0.006063,0.001996,0.003678,0.000004,0.001659,households
CV9,0.002778,0.007585,0.000251,0.000473,0.000035,0.000220,0.000017,0.000109,0.000007,0.000062,0.000004,0.000029,households
CV10,0.000124,0.003922,0.000034,0.000177,0.000023,0.000142,0.000011,0.000070,0.000004,0.000040,0.000003,0.000019,households
CV11,0.015767,0.046533,0.004071,0.017564,0.001594,0.015340,0.000573,0.006521,0.000005,0.001558,0.000003,0.000469,households
CV12,0.003912,0.024106,0.001105,0.007575,0.001088,0.007520,0.001070,0.001162,0.000007,0.000062,0.000004,0.000029,households
CV13,0.001330,0.001907,0.001085,0.001474,0.001055,0.001379,0.001024,0.001184,0.000012,0.000109,0.000007,0.000050,households
CV21,0.000138,0.005603,0.000037,0.003070,0.000025,0.003031,0.000012,0.000078,0.000005,0.000045,0.000003,0.000021,households
CV22,0.003143,0.004993,0.000835,0.001013,0.000028,0.000969,0.000014,0.000087,0.000005,0.000050,0.000003,0.000023,households
CV23,0.006220,0.010612,0.002156,0.006283,0.001775,0.006057,0.000013,0.002015,0.000005,0.001888,0.000003,0.001863,households
CV31,0.005087,0.055711,0.000322,0.040106,0.000307,0.028757,0.000015,0.019647,0.000006,0.008443,0.000004,0.001550,households
CV32,0.009674,0.013142,0.003193,0.003963,0.003181,0.003923,0.002094,0.003840,0.001415,0.002530,0.001346,0.002438,households
CV33,0.000361,0.010467,0.000098,0.010002,0.000066,0.002040,0.000032,0.000205,0.000013,0.000117,0.000008,0.000054,households
CV34,0.050088,0.097411,0.005382,0.034048,0.002761,0.023828,0.002748,0.009750,0.001532,0.002335,0.001530,0.001548,households
CV35,0.009510,0.013487,0.004725,0.005986,0.001303,0.004840,0.000097,0.000160,0.000005,0.000043,0.000003,0.000020,households
CV36,0.002098,0.008405,0.000082,0.000431,0.000055,0.000345,0.000027,0.000171,0.000011,0.000098,0.000007,0.000045,households
CV37,0.018218,0.030194,0.007053,0.021599,0.004912,0.013915,0.001656,0.003345,0.000536,0.002258,0.000438,0.001176,households
CV47,0.002343,0.008664,0.002197,0.004233,0.001728,0.004177,0.001710,0.001805,0.000007,0.000065,0.000004,0.000030,households
CW1,0.000443,0.004535,0.000004,0.003456,0.000003,0.003093,0.000001,0.001508,0.000001,0.000927,0.000000,0.000857,households
CW2,0.002116,0.002263,0.000161,0.000282,0.000159,0.000278,0.000157,0.000231,0.000157,0.000214,0.000000,0.000038,households
CW3,0.000098,0.001403,0.000013,0.000364,0.000009,0.000352,0.000002,0.000215,0.000002,0.000167,0.000000,0.000109,households
CW4,0.003370,0.003803,0.000013,0.000371,0.000009,0.000359,0.000002,0.000219,0.000002,0.000170,0.000000,0.000111,households
CW5,0.000103,0.002819,0.000005,0.001413,0.000003,0.001409,0.000001,0.000281,0.000001,0.000061,0.000000,0.000040,households
CW6,0.001236,0.002348,0.001181,0.001408,0.001179,0.001400,0.000001,0.000139,0.000001,0.000107,0.000000,0.000070,households
CW7,0.000042,0.000223,0.000005,0.000155,0.000004,0.000150,0.000001,0.000092,0.000001,0.000071,0.000000,0.000046,households
CW8,0.000933,0.011944,0.000004,0.008456,0.000003,0.008452,0.000001,0.006154,0.000001,0.006138,0.000000,0.006119,households
CW9,0.006933,0.047196,0.000196,0.032066,0.000195,0.031678,0.000001,0.020260,0.000001,0.015197,0.000000,0.009045,households
CW10,0.000781,0.001252,0.000432,0.001128,0.000429,0.000979,0.000424,0.000872,0.000424,0.000834,0.000000,0.000366,households
CW11,0.001184,0.002108,0.000169,0.001059,0.000167,0.001054,0.000001,0.000992,0.000001,0.000971,0.000000,0.000049,households
CW12,0.003200,0.015420,0.001060,0.014375,0.000333,0.013250,0.000001,0.006803,0.000001,0.004412,0.000000,0.001621,households
DA1,0.009400,0.066726,0.006952,0.060751,0.002346,0.056833,0.000015,0.032935,0.000000,0.023918,0.000000,0.013448,households
DA2,0.000373,0.000850,0.000327,0.000671,0.000077,0.000613,0.000034,0.000431,0.000000,0.000140,0.000000,0.000083,households
DA3,0.000243,0.000934,0.000175,0.000675,0.000111,0.000591,0.000050,0.000326,0.000000,0.000203,0.000000,0.000120,households
DA4,0.009842,0.065990,0.000239,0.035251,0.000152,0.011942,0.000068,0.009724,0.000000,0.002134,0.000000,0.002020,households
DA5,0.013604,0.021150,0.013206,0.014868,0.005705,0.007351,0.000040,0.000262,0.000000,0.000163,0.000000,0.000097,households
DA6,0.000339,0.001302,0.000244,0.000941,0.000155,0.000824,0.000069,0.000455,0.000000,0.000284,0.000000,0.000168,households
DA7,0.000132,0.000509,0.000095,0.000368,0.000061,0.000322,0.000027,0.000178,0.000000,0.000111,0.000000,0.000066,households
DA8,0.000136,0.003181,0.000098,0.000378,0.000062,0.000331,0.000028,0.000183,0.000000,0.000114,0.000000,0.000068,households
DA9,0.000248,0.000953,0.000178,0.000688,0.000113,0.000603,0.000051,0.000333,0.000000,0.000207,0.000000,0.000123,households
DA10,0.000293,0.001126,0.000211,0.000814,0.000134,0.000713,0.000060,0.000393,0.000000,0.000245,0.000000,0.000145,households
DA11,0.005924,0.006213,0.005896,0.006104,0.005869,0.006070,0.005844,0.005959,0.000000,0.000085,0.000000,0.000050,households
DA12,0.005193,0.015554,0.005116,0.005305,0.004735,0.004916,0.000019,0.000123,0.000000,0.000077,0.000000,0.000046,households
DA13,0.000219,0.000842,0.000158,0.000608,0.000100,0.000533,0.000045,0.000294,0.000000,0.000183,0.000000,0.000109,households
DA14,0.000169,0.000649,0.000121,0.000469,0.000077,0.000411,0.000034,0.000226,0.000000,0.000141,0.000000,0.000084,households
DA15,0.005691,0.025075,0.000127,0.003414,0.000081,0.003353,0.000036,0.000237,0.000000,0.000148,0.000000,0.000087,households
DA16,0.005448,0.005875,0.004709,0.005715,0.004669,0.005663,0.004631,0.005499,0.000000,0.002775,0.000000,0.002723,households
DA17,0.007026,0.009729,0.002185,0.007459,0.000111,0.007376,0.000050,0.000327,0.000000,0.000204,0.000000,0.000121,households
DA18,0.001044,0.004017,0.000752,0.002902,0.000477,0.002543,0.000213,0.001402,0.000000,0.000875,0.000000,0.000518,households
DD1,0.000000,0.000000,0.000000,0.000000,0.000000,0.000000,0.000000,0.000000,0.000000,0.000000,0.000000,0.000000,households
DD2,0.000000,0.000000,0.000000,0.000000,0.000000,0.000000,0.000000,0.000000,0.000000,0.000000,0.000000,0.000000,households
DD3,0.000000,0.000000,0.000000,0.000000,0.000000,0.000000,0.000000,0.000000,0.000000,0.000000,0.000000,0.000000,households
DD4,0.000000,0.000000,0.000000,0.000000,0.000000,0.000000,0.000000,0.000000,0.000000,0.000000,0.000000,0.000000,households
DD5,0.000000,0.000000,0.000000,0.000000,0.000000,0.000000,0.000000,0.000000,0.000000,0.000000,0.000000,0.000000,households
DD6,0.000000,0.000000,0.000000,0.000000,0.000000,0.000000,0.000000,0.000000,0.000000,0.000000,0.000000,0.000000,households
DD7,0.000000,0.000000,0.000000,0.000000,0.000000,0.000000,0.000000,0.000000,0.000000,0.000000,0.000000,0.000000,households
DD8,0.000000,0.000000,0.000000,0.000000,0.000000,0.000000,0.000000,0.000000,0.000000,0.000000,0.000000,0.000000,households
DD9,0.000000,0.000000,0.000000,0.000000,0.000000,0.000000,0.000000,0.000000,0.000000,0.000000,0.000000,0.000000,households
DD10,0.000000,0.000000,0.000000,0.000000,0.000000,0.000000,0.000000,0.000000,0.000000,0.000000,0.000000,0.000000,households
DD11,0.000000,0.000000,0.000000,0.000000,0.000000,0.000000,0.000000,0.000000,0.000000,0.000000,0.000000,0.000000,households
DE1,0.105262,0.216394,0.093672,0.168068,0.089357,0.159421,0.052552,0.130299,0.012011,0.099145,0.000041,0.048510,households
DE3,0.000565,0.001240,0.000370,0.000839,0.000318,0.000712,0.000182,0.000439,0.000091,0.000298,0.000052,0.000156,households
DE4,0.018922,0.024152,0.011306,0.017247,0.010411,0.015197,0.005993,0.013266,0.001846,0.010961,0.001082,0.005857,households
DE5,0.003460,0.004082,0.002522,0.002954,0.002473,0.002837,0.000168,0.000405,0.000084,0.000275,0.000048,0.000144,households
DE6,0.009901,0.018006,0.002844,0.003801,0.002051,0.002963,0.000193,0.000346,0.000054,0.000178,0.000031,0.000093,households
DE7,0.002707,0.003337,0.000156,0.001826,0.000133,0.001339,0.000076,0.000184,0.000038,0.000125,0.000022,0.000066,households
DE11,0.000253,0.001772,0.000166,0.000377,0.000143,0.000320,0.000082,0.000197,0.000041,0.000134,0.000024,0.000070,households
DE12,0.000459,0.003456,0.000301,0.000683,0.000258,0.000579,0.000148,0.000357,0.000074,0.000243,0.000043,0.000127,households
DE13,0.005507,0.015343,0.000337,0.006921,0.000152,0.006700,0.000087,0.005073,0.000043,0.000143,0.000025,0.000075,households
DE14,0.002168,0.040827,0.002041,0.019725,0.002007,0.006556,0.000118,0.000285,0.000059,0.000194,0.000034,0.000102,households
DE15,0.002927,0.003500,0.002762,0.003160,0.002718,0.003052,0.000336,0.000553,0.000258,0.000434,0.000226,0.000314,households
DE21,0.011968,0.060245,0.000140,0.045210,0.000120,0.041070,0.000069,0.024598,0.000034,0.011587,0.000020,0.003830,households
DE22,0.001995,0.006895,0.001589,0.003543,0.001566,0.003487,0.001507,0.001941,0.000915,0.001419,0.000898,0.001358,households
DE23,0.002115,0.003582,0.000160,0.001407,0.000137,0.000308,0.000079,0.000190,0.000039,0.000129,0.000023,0.000068,households
DE24,0.065652,0.072983,0.056089,0.059424,0.045130,0.054247,0.025500,0.038074,0.018401,0.031440,0.014995,0.021414,households
DE45,0.025680,0.031643,0.006509,0.019375,0.002952,0.015708,0.000267,0.007106,0.000133,0.006900,0.000077,0.005449,households
DE55,0.000223,0.001226,0.000146,0.000659,0.000125,0.000281,0.000072,0.000173,0.000036,0.000118,0.000021,0.000062,households
DE56,0.024748,0.035595,0.017333,0.025337,0.013676,0.018515,0.008190,0.011506,0.005798,0.008362,0.000027,0.002538,households
DE65,0.021107,0.141926,0.000312,0.082370,0.000268,0.056952,0.000153,0.000370,0.000076,0.000252,0.000044,0.000132,households
DE72,0.012225,0.049020,0.010453,0.034967,0.010400,0.032633,0.009947,0.028157,0.000092,0.010380,0.000053,0.002573,households
DE73,0.002153,0.008066,0.001097,0.002501,0.001051,0.002391,0.000157,0.000378,0.000078,0.000257,0.000045,0.000135,households
DE74,0.007698,0.017406,0.001174,0.004342,0.001103,0.004171,0.000921,0.001266,0.000629,0.001077,0.000070,0.000379,households
DE75,0.000762,0.001673,0.000500,0.001133,0.000429,0.000961,0.000245,0.000592,0.000122,0.000403,0.000071,0.000211,households
DG1,0.000000,0.000000,0.000000,0.000000,0.000000,0.000000,0.000000,0.000000,0.000000,0.000000,0.000000,0.000000,households
DG2,0.000000,0.000000,0.000000,0.000000,0.000000,0.000000,0.000000,0.000000,0.000000,0.000000,0.000000,0.000000,households
DG3,0.000000,0.000000,0.000000,0.000000,0.000000,0.000000,0.000000,0.000000,0.000000,0.000000,0.000000,0.000000,households
DG4,0.000000,0.000000,0.000000,0.000000,0.000000,0.000000,0.000000,0.000000,0.000000,0.000000,0.000000,0.000000,households
DG5,0.000000,0.000000,0.000000,0.000000,0.000000,0.000000,0.000000,0.000000,0.000000,0.000000,0.000000,0.000000,households
DG6,0.000000,0.000000,0.000000,0.000000,0.000000,0.000000,0.000000,0.000000,0.000000,0.000000,0.000000,0.000000,households
DG7,0.000000,0.000000,0.000000,0.000000,0.000000,0.000000,0.000000,0.000000,0.000000,0.000000,0.000000,0.000000,households
DG8,0.000000,0.000000,0.000000,0.000000,0.000000,0.000000,0.000000,0.000000,0.000000,0.000000,0.000000,0.000000,households
DG9,0.000000,0.000000,0.000000,0.000000,0.000000,0.000000,0.000000,0.000000,0.000000,0.000000,0.000000,0.000000,households
DG10,0.000000,0.000000,0.000000,0.000000,0.000000,0.000000,0.000000,0.000000,0.000000,0.000000,0.000000,0.000000,households
DG11,0.000000,0.000000,0.000000,0.000000,0.000000,0.000000,0.000000,0.000000,0.000000,0.000000,0.000000,0.000000,households
DG12,0.000000,0.000000,0.000000,0.000000,0.000000,0.000000,0.000000,0.000000,0.000000,0.000000,0.000000,0.000000,households
DG13,0.000000,0.000000,0.000000,0.000000,0.000000,0.000000,0.000000,0.000000,0.000000,0.000000,0.000000,0.000000,households
DG14,0.000000,0.000000,0.000000,0.000000,0.000000,0.000000,0.000000,0.000000,0.000000,0.000000,0.000000,0.000000,households
DG16,0.000000,0.000000,0.000000,0.000000,0.000000,0.000000,0.000000,0.000000,0.000000,0.000000,0.000000,0.000000,households
DH1,0.004114,0.006493,0.003951,0.006326,0.002533,0.005643,0.002524,0.005097,0.002253,0.003628,0.002196,0.003254,households
DH2,0.000421,0.000474,0.000064,0.000457,0.000049,0.000447,0.000033,0.000408,0.000016,0.000048,0.000008,0.000033,households
DH3,0.007921,0.009574,0.007109,0.009157,0.007015,0.009068,0.003075,0.007508,0.000817,0.005972,0.000008,0.005237,households
DH4,0.004836,0.015329,0.004828,0.013149,0.004817,0.011230,0.004231,0.006165,0.001988,0.004625,0.000006,0.002064,households
DH5,0.002720,0.002788,0.001394,0.001454,0.000063,0.001240,0.000042,0.001190,0.000021,0.001171,0.000010,0.001153,households
DH6,0.000235,0.001797,0.000227,0.001785,0.000217,0.001778,0.000023,0.000043,0.000011,0.000033,0.000006,0.000023,households
DH7,0.004990,0.005371,0.003735,0.003762,0.002027,0.003606,0.000969,0.000985,0.000009,0.000977,0.000005,0.000019,households
DH8,0.000150,0.000889,0.000035,0.000770,0.000027,0.000765,0.000018,0.000034,0.000009,0.000026,0.000005,0.000018,households
DH9,0.000045,0.000077,0.000038,0.000067,0.000030,0.000061,0.000020,0.000037,0.000010,0.000029,0.000005,0.000020,households
DL1,0.005830,0.011446,0.002362,0.007915,0.000897,0.003628,0.000027,0.001080,0.000023,0.000912,0.000021,0.000891,households
DL2,0.012684,0.043765,0.003085,0.026446,0.003057,0.025187,0.001959,0.014051,0.000033,0.010522,0.000031,0.004369,households
DL3,0.000247,0.003146,0.000160,0.002943,0.000140,0.002899,0.000127,0.001853,0.000123,0.001818,0.000121,0.001795,households
DL4,0.009174,0.010100,0.000223,0.000732,0.000149,0.000575,0.000103,0.000332,0.000088,0.000207,0.000082,0.000125,households
DL5,0.000882,0.034231,0.000757,0.026009,0.000727,0.019795,0.000042,0.006359,0.000036,0.003492,0.000033,0.000050,households
DL6,0.057133,0.128672,0.032610,0.035014,0.025126,0.032909,0.025105,0.030629,0.025098,0.025153,0.025095,0.025115,households
DL7,0.014568,0.024198,0.013299,0.015081,0.007163,0.009193,0.004303,0.004829,0.003303,0.003497,0.003301,0.003319,households
DL8,0.010498,0.021441,0.002762,0.003687,0.000716,0.002857,0.000028,0.002679,0.000024,0.000619,0.000022,0.000597,households
DL9,0.000413,0.001133,0.000173,0.000569,0.000116,0.000447,0.000080,0.000258,0.000069,0.000161,0.000064,0.000097,households
DL10,0.023772,0.067794,0.003195,0.036411,0.002210,0.033958,0.000517,0.016159,0.000033,0.003428,0.000031,0.000287,households
DL11,0.004569,0.022038,0.000993,0.005547,0.000943,0.004177,0.000069,0.000224,0.000059,0.000139,0.000056,0.000084,households
DL12,0.002784,0.003187,0.002479,0.002701,0.002447,0.002633,0.002427,0.002527,0.002421,0.002472,0.000376,0.000395,households
DL13,0.006643,0.028510,0.003153,0.012869,0.003129,0.011278,0.000033,0.009658,0.000029,0.000067,0.000027,0.000041,households
DL14,0.010356,0.022975,0.003918,0.014268,0.001799,0.010651,0.000709,0.006558,0.000081,0.005219,0.000079,0.000942,households
DL15,0.004330,0.007995,0.000470,0.001067,0.000438,0.000625,0.000045,0.000146,0.000039,0.000091,0.000036,0.000055,households
DL16,0.000839,0.007132,0.000679,0.006754,0.000640,0.000862,0.000616,0.000735,0.000608,0.000670,0.000324,0.000346,households
DL17,0.000307,0.001510,0.000129,0.000423,0.000086,0.000332,0.000059,0.000192,0.000051,0.000119,0.000048,0.000072,households
DN1,0.004303,0.006816,0.002870,0.005601,0.002580,0.005016,0.002140,0.003421,0.001506,0.002488,0.001099,0.001854,households
DN2,0.002979,0.004719,0.001987,0.003878,0.001786,0.003473,0.001482,0.002368,0.001043,0.001722,0.000761,0.001284,households
DN3,0.002396,0.003826,0.001550,0.003097,0.001393,0.002781,0.001156,0.001847,0.000813,0.001343,0.000593,0.001001,households
DN4,0.001315,0.008853,0.000877,0.003640,0.000789,0.001533,0.000654,0.001046,0.000460,0.000760,0.000336,0.000567,households
DN5,0.023820,0.047521,0.014466,0.046912,0.014348,0.045220,0.006629,0.039876,0.002125,0.023858,0.001958,0.015892,households
DN6,0.009091,0.072761,0.002884,0.045526,0.002528,0.036980,0.000994,0.018655,0.000699,0.011277,0.000510,0.002265,households
DN7,0.336141,0.367517,0.330878,0.357376,0.321091,0.337390,0.315508,0.316692,0.284245,0.287191,0.266719,0.269118,households
DN8,0.215730,0.333257,0.074355,0.281770,0.041623,0.259392,0.019482,0.161344,0.010698,0.063338,0.008912,0.027409,households
DN9,0.004296,0.027598,0.002935,0.017986,0.002025,0.016587,0.001452,0.007391,0.000873,0.005365,0.000637,0.003089,households
DN10,0.015544,0.069669,0.014198,0.032076,0.010905,0.028577,0.004931,0.016816,0.001397,0.010497,0.001112,0.008336,households
DN11,0.003316,0.005634,0.001359,0.002653,0.001222,0.002376,0.001014,0.001621,0.000713,0.001178,0.000521,0.000878,households
DN12,0.003878,0.006360,0.002978,0.004964,0.002796,0.004597,0.001344,0.003595,0.000946,0.003009,0.000690,0.002521,households
DN14,0.549249,0.598387,0.520273,0.565755,0.502320,0.548107,0.448942,0.498439,0.302396,0.442689,0.201526,0.358709,households
DN15,0.003199,0.008652,0.001899,0.007060,0.001779,0.006689,0.001467,0.003853,0.000756,0.001676,0.000586,0.001412,households
DN16,0.002296,0.003637,0.001531,0.002989,0.001377,0.002677,0.001142,0.001825,0.000804,0.001328,0.000586,0.000989,households
DN17,0.031438,0.095626,0.009428,0.067058,0.008755,0.063678,0.003527,0.034892,0.002158,0.029215,0.000452,0.021137,households
DN18,0.208015,0.237216,0.149489,0.224789,0.139190,0.221385,0.106780,0.144177,0.074328,0.105019,0.058663,0.086492,households
DN19,0.184109,0.221299,0.163390,0.202603,0.091569,0.187597,0.014481,0.165612,0.003751,0.161103,0.003099,0.142668,households
DN20,0.018980,0.070288,0.010374,0.053264,0.010202,0.046875,0.004924,0.020391,0.004204,0.007639,0.001795,0.002588,households
DN21,0.076854,0.165989,0.059684,0.144898,0.054643,0.131625,0.028714,0.093506,0.010870,0.044820,0.006022,0.012853,households
DN22,0.032449,0.099478,0.019935,0.087396,0.013909,0.070848,0.003339,0.042045,0.000854,0.024004,0.000421,0.012712,households
DN31,0.064818,0.232904,0.059226,0.200643,0.058952,0.188237,0.055359,0.143976,0.041637,0.058229,0.001042,0.001759,households
DN32,0.235071,0.551735,0.005813,0.376103,0.001586,0.263852,0.001315,0.020634,0.000925,0.001529,0.000675,0.001139,households
DN33,0.003041,0.004818,0.002028,0.003959,0.001824,0.003546,0.001513,0.002418,0.001064,0.001758,0.000777,0.001310,households
DN34,0.003586,0.070904,0.002392,0.069892,0.002150,0.069404,0.001783,0.034612,0.001255,0.016139,0.000916,0.001545,households
DN35,0.253377,0.365860,0.045106,0.252139,0.011608,0.205956,0.001049,0.070005,0.000738,0.007813,0.000539,0.000909,households
DN36,0.027147,0.029185,0.020281,0.022127,0.015600,0.017914,0.008791,0.012990,0.002617,0.003847,0.000657,0.001108,households
DN37,0.018478,0.092150,0.013569,0.067058,0.001523,0.065775,0.001263,0.045354,0.000889,0.023552,0.000649,0.004532,households
DN38,0.014168,0.022443,0.009450,0.018443,0.008497,0.016517,0.007046,0.011265,0.004958,0.008192,0.003619,0.006105,households
DN39,0.013103,0.020755,0.008739,0.017056,0.007858,0.015275,0.006516,0.010418,0.004586,0.007576,0.003347,0.005646,households
DN40,0.016473,0.114216,0.002566,0.025281,0.002307,0.008931,0.001913,0.003592,0.001346,0.002758,0.000983,0.002191,households
DN41,0.008366,0.013278,0.006125,0.011378,0.005672,0.009481,0.003346,0.005350,0.002355,0.003890,0.001719,0.002899,households
DT1,0.000380,0.013369,0.000102,0.009029,0.000077,0.004215,0.000033,0.000112,0.000033,0.000067,0.000033,0.000053,households
DT2,0.016438,0.016673,0.003698,0.004321,0.001607,0.001874,0.000022,0.001630,0.000022,0.001514,0.000022,0.000035,households
DT3,0.023600,0.038064,0.002291,0.014937,0.000083,0.012713,0.000035,0.004309,0.000035,0.000072,0.000035,0.000057,households
DT4,0.007117,0.008259,0.003865,0.006533,0.003563,0.006219,0.000761,0.001446,0.000761,0.000901,0.000761,0.000890,households
DT5,0.019489,0.020020,0.019060,0.019433,0.019003,0.019339,0.018407,0.018594,0.018407,0.018487,0.018407,0.018454,households
DT6,0.011712,0.027302,0.004283,0.014029,0.003050,0.012503,0.000026,0.005039,0.000026,0.000052,0.000026,0.000041,households
DT7,0.009591,0.010516,0.001677,0.003142,0.001615,0.002332,0.000083,0.000284,0.000083,0.000169,0.000083,0.000134,households
DT8,0.002157,0.016748,0.000310,0.005319,0.000235,0.000670,0.000100,0.000342,0.000100,0.000204,0.000100,0.000161,households
DT9,0.002775,0.014276,0.000086,0.006070,0.000065,0.006037,0.000028,0.003215,0.000028,0.002982,0.000028,0.002482,households
DT10,0.000448,0.000804,0.000161,0.000411,0.000122,0.000348,0.000052,0.000177,0.000052,0.000106,0.000052,0.000084,households
DT11,0.016036,0.033118,0.006903,0.017572,0.004867,0.016612,0.000023,0.010869,0.000023,0.006257,0.000023,0.003841,households
DY1,0.000132,0.000260,0.000090,0.000184,0.000072,0.000178,0.000023,0.000126,0.000012,0.000090,0.000008,0.000045,households
DY2,0.000132,0.001499,0.000090,0.000184,0.000072,0.000178,0.000023,0.000126,0.000012,0.000090,0.000008,0.000046,households
DY3,0.000120,0.000238,0.000083,0.000168,0.000066,0.000163,0.000021,0.000115,0.000011,0.000083,0.000007,0.000042,households
DY4,0.010057,0.024177,0.007732,0.012131,0.002454,0.011240,0.000018,0.009740,0.000009,0.008774,0.000006,0.000036,households
DY5,0.000160,0.000264,0.000073,0.000149,0.000058,0.000143,0.000019,0.000101,0.000010,0.000073,0.000006,0.000037,households
DY6,0.003591,0.003800,0.000091,0.003645,0.000073,0.003638,0.000023,0.000127,0.000012,0.000091,0.000008,0.000046,households
DY7,0.007921,0.025121,0.002100,0.024962,0.002063,0.021125,0.000048,0.004905,0.000025,0.000189,0.000016,0.000095,households
DY8,0.006243,0.010099,0.005783,0.008055,0.005468,0.007747,0.001966,0.006369,0.000008,0.003701,0.000005,0.000029,households
DY9,0.005162,0.005275,0.000682,0.000765,0.000215,0.000308,0.000171,0.000262,0.000011,0.000230,0.000007,0.000040,households
DY10,0.003112,0.007426,0.000069,0.002791,0.000055,0.002786,0.000017,0.002385,0.000009,0.000069,0.000006,0.000035,households
DY11,0.002684,0.002879,0.002643,0.002804,0.002625,0.002798,0.001886,0.002540,0.001531,0.002298,0.000146,0.002254,households
DY12,0.007246,0.040606,0.002980,0.036633,0.002957,0.036625,0.001040,0.011788,0.001026,0.009384,0.000010,0.003765,households
DY13,0.027604,0.044145,0.025122,0.038064,0.024259,0.038057,0.006960,0.034533,0.004793,0.025872,0.004788,0.024137,households
DY14,0.001471,0.001627,0.000897,0.001010,0.000875,0.001003,0.000815,0.000940,0.000801,0.000897,0.000009,0.000055,households
E1,0.000121,0.000638,0.000077,0.000566,0.000069,0.000525,0.000033,0.000423,0.000023,0.000337,0.000005,0.000293,households
E1W,0.006245,0.011201,0.006061,0.008100,0.006028,0.007929,0.005599,0.007222,0.005558,0.006866,0.005483,0.006682,households
E2,0.000190,0.001003,0.000121,0.000890,0.000108,0.000825,0.000052,0.000664,0.000037,0.000530,0.000008,0.000460,households
E3,0.009016,0.009865,0.008028,0.008842,0.008018,0.008789,0.007898,0.008397,0.004460,0.004863,0.000453,0.000822,households
E4,0.029596,0.049287,0.014182,0.037520,0.012383,0.032833,0.000130,0.013249,0.000114,0.001850,0.000086,0.000538,households
E5,0.001719,0.021541,0.001618,0.015147,0.001599,0.011913,0.001518,0.002413,0.001495,0.002216,0.001453,0.002115,households
E6,0.000200,0.343819,0.000127,0.333166,0.000114,0.328539,0.000055,0.305378,0.000038,0.272222,0.000009,0.253794,households
E7,0.000336,0.001772,0.000213,0.001571,0.000191,0.001458,0.000092,0.001173,0.000065,0.000936,0.000015,0.000813,households
E8,0.000252,0.001332,0.000160,0.001181,0.000144,0.001096,0.000069,0.000882,0.000049,0.000703,0.000011,0.000611,households
E9,0.071893,0.073557,0.065167,0.066535,0.062510,0.063629,0.042897,0.055837,0.030614,0.038519,0.004763,0.011144,households
E10,0.002151,0.079572,0.002038,0.052275,0.001039,0.022294,0.000085,0.005224,0.000059,0.000976,0.000013,0.000748,households
E11,0.000219,0.001158,0.000139,0.001027,0.000125,0.000952,0.000060,0.000767,0.000042,0.000611,0.000010,0.000531,households
E12,0.000450,0.194896,0.000286,0.171982,0.000256,0.171829,0.000124,0.169085,0.000087,0.155728,0.000020,0.154039,households
E13,0.000313,0.050643,0.000198,0.046723,0.000178,0.044751,0.000086,0.033638,0.000060,0.020002,0.000014,0.017321,households
E14,0.004787,0.005215,0.000610,0.001014,0.000057,0.000434,0.000027,0.000349,0.000019,0.000279,0.000004,0.000242,households
E15,0.000581,0.008477,0.000499,0.008031,0.000484,0.007955,0.000417,0.007764,0.000399,0.007604,0.000010,0.002324,households
E16,0.000175,0.026355,0.000111,0.025550,0.000099,0.023636,0.000048,0.016357,0.000034,0.002754,0.000008,0.000423,households
E17,0.025892,0.043513,0.010570,0.035872,0.008039,0.028875,0.000199,0.006892,0.000024,0.000345,0.000005,0.000300,households
E18,0.012424,0.033438,0.012244,0.031118,0.011536,0.030388,0.000135,0.013650,0.000095,0.007337,0.000021,0.001191,households
E20,0.000733,0.003867,0.000465,0.003429,0.000417,0.003181,0.000201,0.002560,0.000141,0.002042,0.000032,0.001775,households
EC1A,0.000000,0.000000,0.000000,0.000000,0.000000,0.000000,0.000000,0.000000,0.000000,0.000000,0.000000,0.000000,households
EC1M,0.000000,0.000000,0.000000,0.000000,0.000000,0.000000,0.000000,0.000000,0.000000,0.000000,0.000000,0.000000,households
EC1N,0.000000,0.000000,0.000000,0.000000,0.000000,0.000000,0.000000,0.000000,0.000000,0.000000,0.000000,0.000000,households
EC1R,0.000000,0.000000,0.000000,0.000000,0.000000,0.000000,0.000000,0.000000,0.000000,0.000000,0.000000,0.000000,households
EC1V,0.000000,0.000000,0.000000,0.000000,0.000000,0.000000,0.000000,0.000000,0.000000,0.000000,0.000000,0.000000,households
EC1Y,0.000000,0.000000,0.000000,0.000000,0.000000,0.000000,0.000000,0.000000,0.000000,0.000000,0.000000,0.000000,households
EC2A,0.000000,0.000000,0.000000,0.000000,0.000000,0.000000,0.000000,0.000000,0.000000,0.000000,0.000000,0.000000,households
EC2M,0.000000,0.000000,0.000000,0.000000,0.000000,0.000000,0.000000,0.000000,0.000000,0.000000,0.000000,0.000000,households
EC2N,0.000000,0.000000,0.000000,0.000000,0.000000,0.000000,0.000000,0.000000,0.000000,0.000000,0.000000,0.000000,households
EC2R,0.000000,0.000000,0.000000,0.000000,0.000000,0.000000,0.000000,0.000000,0.000000,0.000000,0.000000,0.000000,households
EC2V,0.000000,0.000000,0.000000,0.000000,0.000000,0.000000,0.000000,0.000000,0.000000,0.000000,0.000000,0.000000,households
EC2Y,0.000000,0.000000,0.000000,0.000000,0.000000,0.000000,0.000000,0.000000,0.000000,0.000000,0.000000,0.000000,households
EC3A,0.000000,0.000000,0.000000,0.000000,0.000000,0.000000,0.000000,0.000000,0.000000,0.000000,0.000000,0.000000,households
EC3M,0.000000,0.000000,0.000000,0.000000,0.000000,0.000000,0.000000,0.000000,0.000000,0.000000,0.000000,0.000000,households
EC3N,0.000000,0.000000,0.000000,0.000000,0.000000,0.000000,0.000000,0.000000,0.000000,0.000000,0.000000,0.000000,households
EC3R,0.000000,0.000000,0.000000,0.000000,0.000000,0.000000,0.000000,0.000000,0.000000,0.000000,0.000000,0.000000,households
EC3V,0.000000,0.000000,0.000000,0.000000,0.000000,0.000000,0.000000,0.000000,0.000000,0.000000,0.000000,0.000000,households
EC4A,0.000000,0.000000,0.000000,0.000000,0.000000,0.000000,0.000000,0.000000,0.000000,0.000000,0.000000,0.000000,households
EC4M,0.000000,0.000000,0.000000,0.000000,0.000000,0.000000,0.000000,0.000000,0.000000,0.000000,0.000000,0.000000,households
EC4N,0.000000,0.000000,0.000000,0.000000,0.000000,0.000000,0.000000,0.000000,0.000000,0.000000,0.000000,0.000000,households
EC4R,0.000000,0.000000,0.000000,0.000000,0.000000,0.000000,0.000000,0.000000,0.000000,0.000000,0.000000,0.000000,households
EC4V,0.000000,0.000000,0.000000,0.000000,0.000000,0.000000,0.000000,0.000000,0.000000,0.000000,0.000000,0.000000,households
EC4Y,0.000000,0.000000,0.000000,0.000000,0.000000,0.000000,0.000000,0.000000,0.000000,0.000000,0.000000,0.000000,households
EH1,0.000000,0.000000,0.000000,0.000000,0.000000,0.000000,0.000000,0.000000,0.000000,0.000000,0.000000,0.000000,households
EH2,0.000000,0.000000,0.000000,0.000000,0.000000,0.000000,0.000000,0.000000,0.000000,0.000000,0.000000,0.000000,households
EH3,0.000000,0.000000,0.000000,0.000000,0.000000,0.000000,0.000000,0.000000,0.000000,0.000000,0.000000,0.000000,households
EH4,0.000000,0.000000,0.000000,0.000000,0.000000,0.000000,0.000000,0.000000,0.000000,0.000000,0.000000,0.000000,households
EH5,0.000000,0.000000,0.000000,0.000000,0.000000,0.000000,0.000000,0.000000,0.000000,0.000000,0.000000,0.000000,households
EH6,0.000000,0.000000,0.000000,0.000000,0.000000,0.000000,0.000000,0.000000,0.000000,0.000000,0.000000,0.000000,households
EH7,0.000000,0.000000,0.000000,0.000000,0.000000,0.000000,0.000000,0.000000,0.000000,0.000000,0.000000,0.000000,households
EH8,0.000000,0.000000,0.000000,0.000000,0.000000,0.000000,0.000000,0.000000,0.000000,0.000000,0.000000,0.000000,households
EH9,0.000000,0.000000,0.000000,0.000000,0.000000,0.000000,0.000000,0.000000,0.000000,0.000000,0.000000,0.000000,households
EH10,0.000000,0.000000,0.000000,0.000000,0.000000,0.000000,0.000000,0.000000,0.000000,0.000000,0.000000,0.000000,households
EH11,0.000000,0.000000,0.000000,0.000000,0.000000,0.000000,0.000000,0.000000,0.000000,0.000000,0.000000,0.000000,households
EH12,0.000000,0.000000,0.000000,0.000000,0.000000,0.000000,0.000000,0.000000,0.000000,0.000000,0.000000,0.000000,households
EH13,0.000000,0.000000,0.000000,0.000000,0.000000,0.000000,0.000000,0.000000,0.000000,0.000000,0.000000,0.000000,households
EH14,0.000000,0.000000,0.000000,0.000000,0.000000,0.000000,0.000000,0.000000,0.000000,0.000000,0.000000,0.000000,households
EH15,0.000000,0.000000,0.000000,0.000000,0.000000,0.000000,0.000000,0.000000,0.000000,0.000000,0.000000,0.000000,households
EH16,0.000000,0.000000,0.000000,0.000000,0.000000,0.000000,0.000000,0.000000,0.000000,0.000000,0.000000,0.000000,households
EH17,0.000000,0.000000,0.000000,0.000000,0.000000,0.000000,0.000000,0.000000,0.000000,0.000000,0.000000,0.000000,households
EH18,0.000000,0.000000,0.000000,0.000000,0.000000,0.000000,0.000000,0.000000,0.000000,0.000000,0.000000,0.000000,households
EH19,0.000000,0.000000,0.000000,0.000000,0.000000,0.000000,0.000000,0.000000,0.000000,0.000000,0.000000,0.000000,households
EH20,0.000000,0.000000,0.000000,0.000000,0.000000,0.000000,0.000000,0.000000,0.000000,0.000000,0.000000,0.000000,households
EH21,0.000000,0.000000,0.000000,0.000000,0.000000,0.000000,0.000000,0.000000,0.000000,0.000000,0.000000,0.000000,households
EH22,0.000000,0.000000,0.000000,0.000000,0.000000,0.000000,0.000000,0.000000,0.000000,0.000000,0.000000,0.000000,households
EH23,0.000000,0.000000,0.000000,0.000000,0.000000,0.000000,0.000000,0.000000,0.000000,0.000000,0.000000,0.000000,households
EH24,0.000000,0.000000,0.000000,0.000000,0.000000,0.000000,0.000000,0.000000,0.000000,0.000000,0.000000,0.000000,households
EH25,0.000000,0.000000,0.000000,0.000000,0.000000,0.000000,0.000000,0.000000,0.000000,0.000000,0.000000,0.000000,households
EH26,0.000000,0.000000,0.000000,0.000000,0.000000,0.000000,0.000000,0.000000,0.000000,0.000000,0.000000,0.000000,households
EH27,0.000000,0.000000,0.000000,0.000000,0.000000,0.000000,0.000000,0.000000,0.000000,0.000000,0.000000,0.000000,households
EH28,0.000000,0.000000,0.000000,0.000000,0.000000,0.000000,0.000000,0.000000,0.000000,0.000000,0.000000,0.000000,households
EH29,0.000000,0.000000,0.000000,0.000000,0.000000,0.000000,0.000000,0.000000,0.000000,0.000000,0.000000,0.000000,households
EH30,0.000000,0.000000,0.000000,0.000000,0.000000,0.000000,0.000000,0.000000,0.000000,0.000000,0.000000,0.000000,households
EH31,0.000000,0.000000,0.000000,0.000000,0.000000,0.000000,0.000000,0.000000,0.000000,0.000000,0.000000,0.000000,households
EH32,0.000000,0.000000,0.000000,0.000000,0.000000,0.000000,0.000000,0.000000,0.000000,0.000000,0.000000,0.000000,households
EH33,0.000000,0.000000,0.000000,0.000000,0.000000,0.000000,0.000000,0.000000,0.000000,0.000000,0.000000,0.000000,households
EH34,0.000000,0.000000,0.000000,0.000000,0.000000,0.000000,0.000000,0.000000,0.000000,0.000000,0.000000,0.000000,households
EH35,0.000000,0.000000,0.000000,0.000000,0.000000,0.000000,0.000000,0.000000,0.000000,0.000000,0.000000,0.000000,households
EH36,0.000000,0.000000,0.000000,0.000000,0.000000,0.000000,0.000000,0.000000,0.000000,0.000000,0.000000,0.000000,households
EH37,0.000000,0.000000,0.000000,0.000000,0.000000,0.000000,0.000000,0.000000,0.000000,0.000000,0.000000,0.000000,households
EH38,0.000000,0.000000,0.000000,0.000000,0.000000,0.000000,0.000000,0.000000,0.000000,0.000000,0.000000,0.000000,households
EH39,0.000000,0.000000,0.000000,0.000000,0.000000,0.000000,0.000000,0.000000,0.000000,0.000000,0.000000,0.000000,households
EH40,0.000000,0.000000,0.000000,0.000000,0.000000,0.000000,0.000000,0.000000,0.000000,0.000000,0.000000,0.000000,households
EH41,0.000000,0.000000,0.000000,0.000000,0.000000,0.000000,0.000000,0.000000,0.000000,0.000000,0.000000,0.000000,households
EH42,0.000000,0.000000,0.000000,0.000000,0.000000,0.000000,0.000000,0.000000,0.000000,0.000000,0.000000,0.000000,households
EH43,0.000000,0.000000,0.000000,0.000000,0.000000,0.000000,0.000000,0.000000,0.000000,0.000000,0.000000,0.000000,households
EH44,0.000000,0.000000,0.000000,0.000000,0.000000,0.000000,0.000000,0.000000,0.000000,0.000000,0.000000,0.000000,households
EH45,0.000000,0.000000,0.000000,0.000000,0.000000,0.000000,0.000000,0.000000,0.000000,0.000000,0.000000,0.000000,households
EH46,0.000000,0.000000,0.000000,0.000000,0.000000,0.000000,0.000000,0.000000,0.000000,0.000000,0.000000,0.000000,households
EH47,0.000000,0.000000,0.000000,0.000000,0.000000,0.000000,0.000000,0.000000,0.000000,0.000000,0.000000,0.000000,households
EH48,0.000000,0.000000,0.000000,0.000000,0.000000,0.000000,0.000000,0.000000,0.000000,0.000000,0.000000,0.000000,households
EH49,0.000000,0.000000,0.000000,0.000000,0.000000,0.000000,0.000000,0.000000,0.000000,0.000000,0.000000,0.000000,households
EH51,0.000000,0.000000,0.000000,0.000000,0.000000,0.000000,0.000000,0.000000,0.000000,0.000000,0.000000,0.000000,households
EH52,0.000000,0.000000,0.000000,0.000000,0.000000,0.000000,0.000000,0.000000,0.000000,0.000000,0.000000,0.000000,households
EH53,0.000000,0.000000,0.000000,0.000000,0.000000,0.000000,0.000000,0.000000,0.000000,0.000000,0.000000,0.000000,households
EH54,0.000000,0.000000,0.000000,0.000000,0.000000,0.000000,0.000000,0.000000,0.000000,0.000000,0.000000,0.000000,households
EH55,0.000000,0.000000,0.000000,0.000000,0.000000,0.000000,0.000000,0.000000,0.000000,0.000000,0.000000,0.000000,households
EN1,0.000184,0.000835,0.000056,0.000417,0.000024,0.000242,0.000001,0.000059,0.000000,0.000011,0.000000,0.000000,households
EN2,0.000272,0.001042,0.000135,0.000595,0.000100,0.000334,0.000001,0.000063,0.000000,0.000011,0.000000,0.000000,households
EN3,0.008108,0.055642,0.000050,0.021475,0.000021,0.010556,0.000001,0.000193,0.000000,0.000150,0.000000,0.000000,households
EN4,0.013022,0.017757,0.008366,0.016566,0.004131,0.014477,0.000002,0.004458,0.000000,0.004384,0.000000,0.000000,households
EN5,0.003001,0.010035,0.000049,0.003265,0.000021,0.001601,0.000001,0.001441,0.000000,0.000009,0.000000,0.000000,households
EN6,0.006778,0.007453,0.000217,0.001861,0.000025,0.001521,0.000001,0.001331,0.000000,0.000011,0.000000,0.000000,households
EN7,0.000310,0.006642,0.000094,0.001270,0.000040,0.000976,0.000002,0.000098,0.000000,0.000018,0.000000,0.000000,households
EN8,0.012627,0.152064,0.001513,0.078641,0.000085,0.044179,0.000001,0.013895,0.000000,0.000982,0.000000,0.000000,households
EN9,0.019034,0.049208,0.006674,0.028134,0.006633,0.014064,0.000735,0.003926,0.000000,0.000013,0.000000,0.000000,households
EN10,0.006632,0.048991,0.000111,0.020294,0.000048,0.008347,0.000003,0.001449,0.000000,0.000021,0.000000,0.000000,households
EN11,0.028701,0.031218,0.017393,0.022533,0.003497,0.019447,0.000002,0.000190,0.000000,0.000015,0.000000,0.000000,households
EX1,0.004422,0.004681,0.000317,0.000577,0.000243,0.000536,0.000147,0.000402,0.000056,0.000284,0.000024,0.000193,households
EX2,0.002943,0.003248,0.002052,0.002357,0.002008,0.002232,0.001145,0.001346,0.001091,0.001277,0.001072,0.001223,households
EX3,0.040092,0.044798,0.026436,0.029253,0.023525,0.026465,0.017518,0.020318,0.017192,0.019898,0.010658,0.017684,households
EX4,0.001025,0.001441,0.000184,0.000600,0.000140,0.000576,0.000085,0.000232,0.000032,0.000164,0.000014,0.000112,households
EX5,0.019579,0.037152,0.008786,0.012124,0.008732,0.011645,0.007132,0.009296,0.007067,0.008582,0.006143,0.006264,households
EX6,0.062048,0.106751,0.032037,0.095094,0.006935,0.094012,0.005495,0.073876,0.002283,0.045914,0.000027,0.023311,households
EX7,0.043222,0.048498,0.031017,0.036007,0.019637,0.028531,0.019478,0.024318,0.012346,0.012725,0.012008,0.012289,households
EX8,0.097654,0.123048,0.076522,0.119737,0.062010,0.117558,0.036859,0.100387,0.005674,0.082069,0.000018,0.056922,households
EX9,0.025534,0.037272,0.000802,0.001457,0.000613,0.001354,0.000371,0.001014,0.000141,0.000718,0.000060,0.000488,households
EX10,0.031186,0.036807,0.020356,0.023181,0.018183,0.021043,0.013544,0.016248,0.005065,0.009839,0.000490,0.002758,households
EX11,0.012341,0.017658,0.006629,0.011945,0.006451,0.011848,0.006224,0.011529,0.000133,0.000675,0.000057,0.000459,households
EX12,0.050637,0.081461,0.022431,0.069242,0.015597,0.064636,0.002807,0.050203,0.000092,0.046852,0.000039,0.027556,households
EX13,0.036446,0.036801,0.015642,0.015997,0.015540,0.015941,0.001001,0.004071,0.000397,0.002310,0.000193,0.000744,households
EX14,0.004339,0.022027,0.002952,0.012999,0.002888,0.012964,0.000126,0.010169,0.000048,0.006297,0.000020,0.006219,households
EX15,0.001670,0.011692,0.000484,0.000817,0.000416,0.000683,0.000329,0.000560,0.000051,0.000258,0.000022,0.000175,households
EX16,0.030949,0.070822,0.013075,0.047689,0.008107,0.039573,0.006766,0.024522,0.002597,0.015414,0.000554,0.008211,households
EX17,0.003093,0.003307,0.001143,0.001356,0.001081,0.001323,0.000121,0.000331,0.000046,0.000234,0.000020,0.000159,households
EX18,0.008260,0.009258,0.003069,0.004067,0.002781,0.003911,0.002413,0.003393,0.002063,0.002942,0.000092,0.000743,households
EX19,0.002980,0.003886,0.001108,0.002014,0.000847,0.001872,0.000512,0.001402,0.000195,0.000993,0.000083,0.000674,households
EX20,0.015107,0.029683,0.006162,0.015845,0.003758,0.012857,0.003479,0.010611,0.000961,0.001141,0.000019,0.001069,households
EX21,0.001502,0.002216,0.000874,0.001587,0.000668,0.001475,0.000404,0.001105,0.000154,0.000782,0.000066,0.000531,households
EX22,0.003778,0.004125,0.002139,0.002486,0.001467,0.001860,0.000196,0.000536,0.000075,0.000380,0.000032,0.000258,households
EX23,0.014473,0.027024,0.004329,0.005165,0.004239,0.005117,0.002545,0.003376,0.002173,0.002709,0.000029,0.002600,households
EX24,0.008693,0.009623,0.002174,0.003102,0.001906,0.002957,0.000526,0.001438,0.000200,0.001018,0.000085,0.000692,households
EX31,0.014591,0.034745,0.004147,0.028254,0.000290,0.025476,0.000207,0.023101,0.000129,0.022999,0.000101,0.022921,households
EX32,0.034480,0.035850,0.009818,0.024924,0.004856,0.020458,0.001440,0.005940,0.001071,0.001948,0.000024,0.001211,households
EX33,0.048298,0.064919,0.035970,0.039283,0.031793,0.036237,0.018064,0.018621,0.006248,0.006747,0.000052,0.000422,households
EX34,0.025691,0.026017,0.017760,0.018086,0.014686,0.015055,0.004849,0.005169,0.003050,0.003337,0.000030,0.000243,households
EX35,0.014575,0.046108,0.002045,0.003715,0.001563,0.003454,0.000945,0.002587,0.000360,0.001831,0.000153,0.001244,households
EX36,0.019018,0.031205,0.004945,0.019079,0.003069,0.018999,0.002449,0.018088,0.000109,0.000771,0.000046,0.000377,households
EX37,0.007618,0.008599,0.006756,0.007735,0.006473,0.007582,0.003333,0.007073,0.002989,0.006631,0.000090,0.006286,households
EX38,0.001422,0.002098,0.000827,0.001502,0.000632,0.001397,0.000382,0.001046,0.000146,0.000741,0.000062,0.000503,households
EX39,0.016909,0.019083,0.014262,0.015728,0.014217,0.014994,0.009196,0.009350,0.004342,0.004480,0.002250,0.002843,households
FK1,0.000000,0.000000,0.000000,0.000000,0.000000,0.000000,0.000000,0.000000,0.000000,0.000000,0.000000,0.000000,households
FK2,0.000000,0.000000,0.000000,0.000000,0.000000,0.000000,0.000000,0.000000,0.000000,0.000000,0.000000,0.000000,households
FK3,0.000000,0.000000,0.000000,0.000000,0.000000,0.000000,0.000000,0.000000,0.000000,0.000000,0.000000,0.000000,households
FK4,0.000000,0.000000,0.000000,0.000000,0.000000,0.000000,0.000000,0.000000,0.000000,0.000000,0.000000,0.000000,households
FK5,0.000000,0.000000,0.000000,0.000000,0.000000,0.000000,0.000000,0.000000,0.000000,0.000000,0.000000,0.000000,households
FK6,0.000000,0.000000,0.000000,0.000000,0.000000,0.000000,0.000000,0.000000,0.000000,0.000000,0.000000,0.000000,households
FK7,0.000000,0.000000,0.000000,0.000000,0.000000,0.000000,0.000000,0.000000,0.000000,0.000000,0.000000,0.000000,households
FK8,0.000000,0.000000,0.000000,0.000000,0.000000,0.000000,0.000000,0.000000,0.000000,0.000000,0.000000,0.000000,households
FK9,0.000000,0.000000,0.000000,0.000000,0.000000,0.000000,0.000000,0.000000,0.000000,0.000000,0.000000,0.000000,households
FK10,0.000000,0.000000,0.000000,0.000000,0.000000,0.000000,0.000000,0.000000,0.000000,0.000000,0.000000,0.000000,households
FK11,0.000000,0.000000,0.000000,0.000000,0.000000,0.000000,0.000000,0.000000,0.000000,0.000000,0.000000,0.000000,households
FK12,0.000000,0.000000,0.000000,0.000000,0.000000,0.000000,0.000000,0.000000,0.000000,0.000000,0.000000,0.000000,households
FK13,0.000000,0.000000,0.000000,0.000000,0.000000,0.000000,0.000000,0.000000,0.000000,0.000000,0.000000,0.000000,households
FK14,0.000000,0.000000,0.000000,0.000000,0.000000,0.000000,0.000000,0.000000,0.000000,0.000000,0.000000,0.000000,households
FK15,0.000000,0.000000,0.000000,0.000000,0.000000,0.000000,0.000000,0.000000,0.000000,0.000000,0.000000,0.000000,households
FK16,0.000000,0.000000,0.000000,0.000000,0.000000,0.000000,0.000000,0.000000,0.000000,0.000000,0.000000,0.000000,households
FK17,0.000000,0.000000,0.000000,0.000000,0.000000,0.000000,0.000000,0.000000,0.000000,0.000000,0.000000,0.000000,households
FK18,0.000000,0.000000,0.000000,0.000000,0.000000,0.000000,0.000000,0.000000,0.000000,0.000000,0.000000,0.000000,households
FK19,0.000000,0.000000,0.000000,0.000000,0.000000,0.000000,0.000000,0.000000,0.000000,0.000000,0.000000,0.000000,households
FK20,0.000000,0.000000,0.000000,0.000000,0.000000,0.000000,0.000000,0.000000,0.000000,0.000000,0.000000,0.000000,households
FK21,0.000000,0.000000,0.000000,0.000000,0.000000,0.000000,0.000000,0.000000,0.000000,0.000000,0.000000,0.000000,households
FY1,0.004097,0.016499,0.003552,0.012310,0.001760,0.007896,0.001630,0.001817,0.000003,0.001200,0.000000,0.000011,households
FY2,0.006357,0.018836,0.004306,0.013470,0.000231,0.008975,0.000022,0.000323,0.000004,0.000131,0.000000,0.000019,households
FY3,0.004736,0.005998,0.000298,0.002318,0.000166,0.001885,0.000016,0.000233,0.000003,0.000094,0.000000,0.000013,households
FY4,0.001804,0.007316,0.000210,0.003850,0.000117,0.002004,0.000011,0.000164,0.000002,0.000066,0.000000,0.000009,households
FY5,0.092630,0.171494,0.027049,0.085437,0.016249,0.041318,0.001648,0.002820,0.000376,0.000437,0.000000,0.000009,households
FY6,0.096514,0.168858,0.060356,0.121293,0.033822,0.100650,0.001466,0.052170,0.000583,0.023162,0.000000,0.004947,households
FY7,0.003533,0.273903,0.001361,0.194338,0.001202,0.126499,0.000019,0.032479,0.000004,0.011458,0.000000,0.000016,households
FY8,0.005815,0.013716,0.000500,0.004706,0.000104,0.002467,0.000010,0.000236,0.000002,0.000059,0.000000,0.000008,households
G1,0.000000,0.000000,0.000000,0.000000,0.000000,0.000000,0.000000,0.000000,0.000000,0.000000,0.000000,0.000000,households
G2,0.000000,0.000000,0.000000,0.000000,0.000000,0.000000,0.000000,0.000000,0.000000,0.000000,0.000000,0.000000,households
G3,0.000000,0.000000,0.000000,0.000000,0.000000,0.000000,0.000000,0.000000,0.000000,0.000000,0.000000,0.000000,households
G4,0.000000,0.000000,0.000000,0.000000,0.000000,0.000000,0.000000,0.000000,0.000000,0.000000,0.000000,0.000000,households
G5,0.000000,0.000000,0.000000,0.000000,0.000000,0.000000,0.000000,0.000000,0.000000,0.000000,0.000000,0.000000,households
G11,0.000000,0.000000,0.000000,0.000000,0.000000,0.000000,0.000000,0.000000,0.000000,0.000000,0.000000,0.000000,households
G12,0.000000,0.000000,0.000000,0.000000,0.000000,0.000000,0.000000,0.000000,0.000000,0.000000,0.000000,0.000000,households
G13,0.000000,0.000000,0.000000,0.000000,0.000000,0.000000,0.000000,0.000000,0.000000,0.000000,0.000000,0.000000,households
G14,0.000000,0.000000,0.000000,0.000000,0.000000,0.000000,0.000000,0.000000,0.000000,0.000000,0.000000,0.000000,households
G15,0.000000,0.000000,0.000000,0.000000,0.000000,0.000000,0.000000,0.000000,0.000000,0.000000,0.000000,0.000000,households
G20,0.000000,0.000000,0.000000,0.000000,0.000000,0.000000,0.000000,0.000000,0.000000,0.000000,0.000000,0.000000,households
G21,0.000000,0.000000,0.000000,0.000000,0.000000,0.000000,0.000000,0.000000,0.000000,0.000000,0.000000,0.000000,households
G22,0.000000,0.000000,0.000000,0.000000,0.000000,0.000000,0.000000,0.000000,0.000000,0.000000,0.000000,0.000000,households
G23,0.000000,0.000000,0.000000,0.000000,0.000000,0.000000,0.000000,0.000000,0.000000,0.000000,0.000000,0.000000,households
G31,0.000000,0.000000,0.000000,0.000000,0.000000,0.000000,0.000000,0.000000,0.000000,0.000000,0.000000,0.000000,households
G32,0.000000,0.000000,0.000000,0.000000,0.000000,0.000000,0.000000,0.000000,0.000000,0.000000,0.000000,0.000000,households
G33,0.000000,0.000000,0.000000,0.000000,0.000000,0.000000,0.000000,0.000000,0.000000,0.000000,0.000000,0.000000,households
G34,0.000000,0.000000,0.000000,0.000000,0.000000,0.000000,0.000000,0.000000,0.000000,0.000000,0.000000,0.000000,households
G40,0.000000,0.000000,0.000000,0.000000,0.000000,0.000000,0.000000,0.000000,0.000000,0.000000,0.000000,0.000000,households
G41,0.000000,0.000000,0.000000,0.000000,0.000000,0.000000,0.000000,0.000000,0.000000,0.000000,0.000000,0.000000,households
G42,0.000000,0.000000,0.000000,0.000000,0.000000,0.000000,0.000000,0.000000,0.000000,0.000000,0.000000,0.000000,households
G43,0.000000,0.000000,0.000000,0.000000,0.000000,0.000000,0.000000,0.000000,0.000000,0.000000,0.000000,0.000000,households
G44,0.000000,0.000000,0.000000,0.000000,0.000000,0.000000,0.000000,0.000000,0.000000,0.000000,0.000000,0.000000,households
G45,0.000000,0.000000,0.000000,0.000000,0.000000,0.000000,0.000000,0.000000,0.000000,0.000000,0.000000,0.000000,households
G46,0.000000,0.000000,0.000000,0.000000,0.000000,0.000000,0.000000,0.000000,0.000000,0.000000,0.000000,0.000000,households
G51,0.000000,0.000000,0.000000,0.000000,0.000000,0.000000,0.000000,0.000000,0.000000,0.000000,0.000000,0.000000,households
G52,0.000000,0.000000,0.000000,0.000000,0.000000,0.000000,0.000000,0.000000,0.000000,0.000000,0.000000,0.000000,households
G53,0.000000,0.000000,0.000000,0.000000,0.000000,0.000000,0.000000,0.000000,0.000000,0.000000,0.000000,0.000000,households
G60,0.000000,0.000000,0.000000,0.000000,0.000000,0.000000,0.000000,0.000000,0.000000,0.000000,0.000000,0.000000,households
G61,0.000000,0.000000,0.000000,0.000000,0.000000,0.000000,0.000000,0.000000,0.000000,0.000000,0.000000,0.000000,households
G62,0.000000,0.000000,0.000000,0.000000,0.000000,0.000000,0.000000,0.000000,0.000000,0.000000,0.000000,0.000000,households
G63,0.000000,0.000000,0.000000,0.000000,0.000000,0.000000,0.000000,0.000000,0.000000,0.000000,0.000000,0.000000,households
G64,0.000000,0.000000,0.000000,0.000000,0.000000,0.000000,0.000000,0.000000,0.000000,0.000000,0.000000,0.000000,households
G65,0.000000,0.000000,0.000000,0.000000,0.000000,0.000000,0.000000,0.000000,0.000000,0.000000,0.000000,0.000000,households
G66,0.000000,0.000000,0.000000,0.000000,0.000000,0.000000,0.000000,0.000000,0.000000,0.000000,0.000000,0.000000,households
G67,0.000000,0.000000,0.000000,0.000000,0.000000,0.000000,0.000000,0.000000,0.000000,0.000000,0.000000,0.000000,households
G68,0.000000,0.000000,0.000000,0.000000,0.000000,0.000000,0.000000,0.000000,0.000000,0.000000,0.000000,0.000000,households
G69,0.000000,0.000000,0.000000,0.000000,0.000000,0.000000,0.000000,0.000000,0.000000,0.000000,0.000000,0.000000,households
G71,0.000000,0.000000,0.000000,0.000000,0.000000,0.000000,0.000000,0.000000,0.000000,0.000000,0.000000,0.000000,households
G72,0.000000,0.000000,0.000000,0.000000,0.000000,0.000000,0.000000,0.000000,0.000000,0.000000,0.000000,0.000000,households
G73,0.000000,0.000000,0.000000,0.000000,0.000000,0.000000,0.000000,0.000000,0.000000,0.000000,0.000000,0.000000,households
G74,0.000000,0.000000,0.000000,0.000000,0.000000,0.000000,0.000000,0.000000,0.000000,0.000000,0.000000,0.000000,households
G75,0.000000,0.000000,0.000000,0.000000,0.000000,0.000000,0.000000,0.000000,0.000000,0.000000,0.000000,0.000000,households
G76,0.000000,0.000000,0.000000,0.000000,0.000000,0.000000,0.000000,0.000000,0.000000,0.000000,0.000000,0.000000,households
G77,0.000000,0.000000,0.000000,0.000000,0.000000,0.000000,0.000000,0.000000,0.000000,0.000000,0.000000,0.000000,households
G78,0.000000,0.000000,0.000000,0.000000,0.000000,0.000000,0.000000,0.000000,0.000000,0.000000,0.000000,0.000000,households
G81,0.000000,0.000000,0.000000,0.000000,0.000000,0.000000,0.000000,0.000000,0.000000,0.000000,0.000000,0.000000,households
G82,0.000000,0.000000,0.000000,0.000000,0.000000,0.000000,0.000000,0.000000,0.000000,0.000000,0.000000,0.000000,households
G83,0.000000,0.000000,0.000000,0.000000,0.000000,0.000000,0.000000,0.000000,0.000000,0.000000,0.000000,0.000000,households
G84,0.000000,0.000000,0.000000,0.000000,0.000000,0.000000,0.000000,0.000000,0.000000,0.000000,0.000000,0.000000,households
GL1,0.020875,0.039821,0.016355,0.027516,0.014182,0.023361,0.002596,0.016833,0.001149,0.007503,0.000014,0.000023,households
GL2,0.022120,0.039614,0.016176,0.024866,0.013417,0.021268,0.007995,0.013723,0.003880,0.006121,0.002585,0.002629,households
GL3,0.002245,0.004868,0.000136,0.000228,0.000097,0.000162,0.000048,0.000089,0.000023,0.000046,0.000012,0.000020,households
GL4,0.001835,0.003061,0.000124,0.000208,0.000089,0.000147,0.000043,0.000081,0.000021,0.000042,0.000011,0.000018,households
GL5,0.018799,0.018970,0.015400,0.015488,0.010064,0.010125,0.004159,0.004199,0.000649,0.000672,0.000012,0.000019,households
GL6,0.002535,0.005438,0.001227,0.001411,0.000915,0.001071,0.000048,0.000091,0.000023,0.000047,0.000013,0.000020,households
GL7,0.043949,0.078881,0.017225,0.033437,0.004199,0.017044,0.000424,0.003406,0.000211,0.000374,0.000156,0.000357,households
GL8,0.002325,0.002864,0.001943,0.002220,0.001827,0.002020,0.000143,0.000268,0.000068,0.000140,0.000037,0.000060,households
GL9,0.002098,0.003524,0.001086,0.001818,0.000777,0.001288,0.000379,0.000710,0.000181,0.000371,0.000098,0.000158,households
GL10,0.004431,0.004797,0.003739,0.003927,0.002939,0.003070,0.000097,0.000182,0.000046,0.000095,0.000025,0.000041,households
GL11,0.001828,0.003052,0.000230,0.002229,0.000165,0.002117,0.000080,0.001879,0.000038,0.000424,0.000021,0.000379,households
GL12,0.009519,0.011574,0.004542,0.006712,0.004458,0.004597,0.001164,0.002164,0.000049,0.001011,0.000027,0.000043,households
GL13,0.002798,0.005598,0.002282,0.004729,0.002124,0.004113,0.001921,0.002090,0.000092,0.000189,0.000050,0.000081,households
GL14,0.006266,0.009203,0.006049,0.006206,0.005983,0.006092,0.001881,0.001953,0.001839,0.001880,0.001821,0.001834,households
GL15,0.025719,0.036081,0.019637,0.027479,0.016276,0.025488,0.006983,0.016466,0.001333,0.011396,0.001320,0.004239,households
GL16,0.008316,0.008686,0.002263,0.002453,0.000201,0.000334,0.000098,0.000184,0.000047,0.000096,0.000026,0.000041,households
GL17,0.014141,0.016857,0.004367,0.006894,0.004283,0.006748,0.003980,0.004458,0.001019,0.004171,0.000996,0.004113,households
GL18,0.005455,0.006007,0.001887,0.002171,0.000301,0.000499,0.000147,0.000275,0.000070,0.000144,0.000038,0.000061,households
GL19,0.028503,0.033950,0.014788,0.028938,0.014689,0.027979,0.014036,0.023593,0.008459,0.016921,0.007382,0.015277,households
GL20,0.017470,0.044200,0.014169,0.038318,0.012393,0.017815,0.009852,0.010726,0.005453,0.006232,0.003104,0.003112,households
GL50,0.010326,0.018203,0.002068,0.007134,0.000129,0.004169,0.000063,0.000118,0.000030,0.000062,0.000016,0.000026,households
GL51,0.005808,0.010749,0.000688,0.000878,0.000663,0.000833,0.000629,0.000657,0.000015,0.000628,0.000008,0.000611,households
GL52,0.010892,0.014089,0.000104,0.000174,0.000074,0.000123,0.000036,0.000068,0.000017,0.000035,0.000009,0.000015,households
GL53,0.005090,0.026981,0.003375,0.007458,0.000905,0.004949,0.000835,0.000893,0.000032,0.000065,0.000017,0.000028,households
GL54,0.023813,0.028947,0.008989,0.009964,0.008951,0.009013,0.006157,0.006197,0.006132,0.006156,0.001163,0.002145,households
GL55,0.012416,0.013033,0.000469,0.000786,0.000336,0.000557,0.000164,0.000307,0.000078,0.000160,0.000043,0.000068,households
GL56,0.007282,0.014808,0.000266,0.004342,0.000191,0.000931,0.000093,0.000789,0.000044,0.000706,0.000024,0.000654,households
GU1,0.017913,0.029361,0.009937,0.025365,0.009919,0.025310,0.000519,0.020044,0.000002,0.016648,0.000002,0.004621,households
GU2,0.002810,0.003154,0.000315,0.000484,0.000289,0.000405,0.000173,0.000313,0.000003,0.000111,0.000002,0.000091,households
GU3,0.010919,0.014340,0.000931,0.001196,0.000891,0.001073,0.000014,0.000928,0.000004,0.000868,0.000004,0.000014,households
GU4,0.003334,0.005632,0.000658,0.002018,0.000483,0.001631,0.000012,0.000656,0.000004,0.000606,0.000003,0.000438,households
GU5,0.006858,0.022840,0.000968,0.015596,0.000926,0.015468,0.000015,0.001822,0.000005,0.000046,0.000004,0.000014,households
GU6,0.025567,0.039024,0.004672,0.011039,0.001915,0.002049,0.000010,0.000077,0.000003,0.000033,0.000003,0.000010,households
GU7,0.015752,0.026269,0.007001,0.018043,0.004568,0.014986,0.001358,0.005939,0.000002,0.000025,0.000002,0.000008,households
GU8,0.004037,0.004372,0.003845,0.004011,0.002336,0.002989,0.000009,0.002899,0.000003,0.000028,0.000002,0.000009,households
GU9,0.006849,0.034708,0.001825,0.028230,0.000104,0.021585,0.000006,0.007081,0.000002,0.000908,0.000002,0.000006,households
GU10,0.005679,0.011306,0.004613,0.007426,0.004181,0.005608,0.001978,0.002432,0.000002,0.000019,0.000002,0.000006,households
GU11,0.004107,0.005944,0.002132,0.004081,0.002107,0.002220,0.002074,0.002130,0.002068,0.002093,0.002067,0.002074,households
GU12,0.020316,0.081699,0.009958,0.039878,0.005170,0.016708,0.000007,0.005703,0.000002,0.000023,0.000002,0.000007,households
GU14,0.000133,0.016195,0.000034,0.000119,0.000021,0.000080,0.000005,0.000033,0.000001,0.000014,0.000001,0.000004,households
GU15,0.002702,0.012815,0.000053,0.001433,0.000033,0.000124,0.000007,0.000052,0.000002,0.000022,0.000002,0.000007,households
GU16,0.006038,0.022862,0.000073,0.016307,0.000046,0.012083,0.000010,0.003504,0.000003,0.000030,0.000002,0.000009,households
GU17,0.019699,0.035772,0.000141,0.000492,0.000088,0.000329,0.000019,0.000138,0.000006,0.000059,0.000005,0.000018,households
GU18,0.001706,0.003105,0.000278,0.000970,0.000174,0.000648,0.000037,0.000272,0.000012,0.000116,0.000009,0.000036,households
GU19,0.038159,0.075548,0.000232,0.007364,0.000145,0.000541,0.000031,0.000227,0.000010,0.000097,0.000008,0.000030,households
GU20,0.001081,0.002480,0.000278,0.000970,0.000174,0.000648,0.000037,0.000272,0.000012,0.000116,0.000009,0.000036,households
GU21,0.000153,0.000399,0.000039,0.000137,0.000025,0.000092,0.000005,0.000038,0.000002,0.000016,0.000001,0.000005,households
GU22,0.005850,0.026909,0.003956,0.009871,0.003533,0.005705,0.001555,0.001597,0.000473,0.000492,0.000069,0.000074,households
GU23,0.026498,0.046619,0.010644,0.034629,0.002064,0.017734,0.000021,0.004413,0.000007,0.000065,0.000005,0.000020,households
GU24,0.008293,0.015856,0.002969,0.003175,0.000327,0.000468,0.000011,0.000081,0.000003,0.000035,0.000003,0.000011,households
GU25,0.000782,0.012522,0.000201,0.000701,0.000126,0.000469,0.000027,0.000196,0.000008,0.000084,0.000007,0.000026,households
GU26,0.000604,0.001385,0.000155,0.000542,0.000097,0.000362,0.000021,0.000152,0.000006,0.000065,0.000005,0.000020,households
GU27,0.000289,0.002227,0.000075,0.001823,0.000047,0.001737,0.000010,0.001636,0.000003,0.001594,0.000002,0.000010,households
GU28,0.000488,0.001119,0.000126,0.000438,0.000078,0.000293,0.000017,0.000123,0.000005,0.000052,0.000004,0.000016,households
GU29,0.009420,0.012405,0.001948,0.002618,0.001909,0.002088,0.000014,0.000102,0.000004,0.000044,0.000003,0.000014,households
GU30,0.000561,0.001288,0.000145,0.000503,0.000090,0.000337,0.000019,0.000141,0.000006,0.000060,0.000005,0.000019,households
GU31,0.003217,0.003725,0.000101,0.000352,0.000063,0.000236,0.000013,0.000099,0.000004,0.000042,0.000003,0.000013,households
GU32,0.004018,0.011637,0.000085,0.005644,0.000053,0.000197,0.000011,0.000083,0.000004,0.000035,0.000003,0.000011,households
GU33,0.003252,0.019103,0.000125,0.018427,0.000078,0.018283,0.000016,0.000122,0.000005,0.000052,0.000004,0.000016,households
GU34,0.005339,0.006982,0.004607,0.005947,0.000439,0.004657,0.000351,0.000383,0.000002,0.000016,0.000001,0.000005,households
GU35,0.001405,0.001702,0.000059,0.000206,0.000037,0.000138,0.000008,0.000058,0.000002,0.000025,0.000002,0.000008,households
GU46,0.066011,0.089316,0.000437,0.000752,0.000079,0.000295,0.000017,0.000124,0.000005,0.000053,0.000004,0.000016,households
GU47,0.034011,0.038831,0.000108,0.000376,0.000067,0.000251,0.000014,0.000105,0.000005,0.000045,0.000004,0.000014,households
GU51,0.010090,0.018741,0.000057,0.000199,0.000036,0.000133,0.000008,0.000056,0.000002,0.000024,0.000002,0.000007,households
GU52,0.002446,0.010814,0.000098,0.000341,0.000061,0.000228,0.000013,0.000096,0.000004,0.000041,0.000003,0.000013,households
HA0,0.009332,0.018087,0.006030,0.013967,0.003071,0.007204,0.002047,0.004114,0.000003,0.002341,0.000003,0.000263,households
HA1,0.001899,0.004032,0.001681,0.002075,0.001617,0.001969,0.000022,0.000168,0.000003,0.000079,0.000003,0.000029,households
HA2,0.005241,0.025604,0.003743,0.014413,0.003682,0.013358,0.000021,0.006504,0.000003,0.002795,0.000003,0.001077,households
HA3,0.000858,0.010468,0.000696,0.009656,0.000044,0.008206,0.000016,0.003028,0.000002,0.002358,0.000002,0.000021,households
HA4,0.036472,0.065604,0.019355,0.048099,0.008783,0.033295,0.001610,0.012442,0.000002,0.002526,0.000002,0.001133,households
HA5,0.030172,0.044363,0.008229,0.021311,0.004502,0.015768,0.003914,0.004038,0.000002,0.000067,0.000002,0.000024,households
HA6,0.000437,0.002218,0.000157,0.000585,0.000076,0.000450,0.000028,0.000215,0.000003,0.000102,0.000003,0.000037,households
HA7,0.041511,0.048681,0.002356,0.012254,0.000495,0.005545,0.000024,0.000184,0.000003,0.000087,0.000003,0.000031,households
HA8,0.018464,0.047579,0.005328,0.027762,0.000286,0.020684,0.000015,0.012488,0.000002,0.006159,0.000002,0.003666,households
HA9,0.011449,0.053026,0.004862,0.041951,0.003432,0.039901,0.002236,0.025642,0.001163,0.016010,0.001163,0.005251,households
HD1,0.000679,0.049764,0.000505,0.033934,0.000492,0.029081,0.000048,0.015037,0.000009,0.006899,0.000007,0.006784,households
HD2,0.006392,0.035983,0.006152,0.014707,0.006137,0.007843,0.003659,0.006194,0.001239,0.001727,0.001237,0.001308,households
HD3,0.000422,0.007476,0.000080,0.003765,0.000066,0.003708,0.000049,0.003626,0.000009,0.003587,0.000007,0.003579,households
HD4,0.002966,0.006012,0.001192,0.003445,0.001179,0.003388,0.000048,0.000931,0.000009,0.000299,0.000007,0.000291,households
HD5,0.002289,0.015453,0.000294,0.010826,0.000281,0.008197,0.000263,0.000331,0.000223,0.000292,0.000007,0.000070,households
HD6,0.017806,0.027429,0.015921,0.020126,0.013057,0.016190,0.012327,0.014688,0.001355,0.013463,0.001195,0.012822,households
HD7,0.008271,0.012063,0.000287,0.002881,0.000271,0.002811,0.000059,0.000331,0.000011,0.000094,0.000009,0.000084,households
HD8,0.008212,0.013358,0.001932,0.003110,0.000606,0.001749,0.000039,0.001131,0.000007,0.001100,0.000006,0.000056,households
HD9,0.002423,0.018232,0.000616,0.001481,0.000608,0.000752,0.000156,0.000639,0.000132,0.000174,0.000004,0.000043,households
HG1,0.000110,0.001628,0.000053,0.001243,0.000038,0.000362,0.000030,0.000221,0.000026,0.000126,0.000025,0.000054,households
HG2,0.000130,0.000658,0.000063,0.000485,0.000045,0.000427,0.000036,0.000261,0.000030,0.000148,0.000030,0.000063,households
HG3,0.008157,0.019819,0.001752,0.015063,0.001741,0.015028,0.001327,0.008318,0.000834,0.006863,0.000752,0.001834,households
HG4,0.008263,0.097305,0.003657,0.071553,0.003214,0.064546,0.002434,0.039316,0.002430,0.018854,0.002429,0.007355,households
HG5,0.012090,0.014916,0.009438,0.010386,0.005320,0.006106,0.004490,0.005097,0.003664,0.004618,0.003664,0.004521,households
HP1,0.000118,0.000366,0.000019,0.000058,0.000005,0.000040,0.000000,0.000008,0.000000,0.000007,0.000000,0.000007,households
HP2,0.000077,0.000239,0.000012,0.000038,0.000003,0.000026,0.000000,0.000005,0.000000,0.000005,0.000000,0.000005,households
HP3,0.000528,0.006814,0.000016,0.000049,0.000004,0.000034,0.000000,0.000007,0.000000,0.000006,0.000000,0.000006,households
HP4,0.005524,0.007427,0.000577,0.000612,0.000004,0.000036,0.000000,0.000007,0.000000,0.000006,0.000000,0.000006,households
HP5,0.021171,0.023880,0.002506,0.008495,0.002493,0.006169,0.000000,0.000007,0.000000,0.000006,0.000000,0.000006,households
HP6,0.000182,0.000565,0.000029,0.000089,0.000007,0.000062,0.000001,0.000012,0.000000,0.000011,0.000000,0.000011,households
HP7,0.000835,0.024331,0.000033,0.003036,0.000008,0.003006,0.000001,0.000013,0.000000,0.000013,0.000000,0.000013,households
HP8,0.004687,0.005370,0.000052,0.000159,0.000012,0.000111,0.000001,0.000021,0.000000,0.000020,0.000000,0.000020,households
HP9,0.000139,0.000430,0.000022,0.000068,0.000005,0.000047,0.000001,0.000009,0.000000,0.000009,0.000000,0.000009,households
HP10,0.000132,0.013635,0.000021,0.000065,0.000005,0.000045,0.000000,0.000009,0.000000,0.000008,0.000000,0.000008,households
HP11,0.010364,0.020907,0.000617,0.003923,0.000006,0.001682,0.000001,0.000011,0.000000,0.000010,0.000000,0.000010,households
HP12,0.000164,0.001080,0.000026,0.000080,0.000006,0.000056,0.000001,0.000011,0.000000,0.000010,0.000000,0.000010,households
HP13,0.009484,0.009669,0.000454,0.000483,0.000003,0.000030,0.000000,0.000006,0.000000,0.000005,0.000000,0.000005,households
HP14,0.000138,0.000427,0.000022,0.000067,0.000005,0.000047,0.000001,0.000009,0.000000,0.000009,0.000000,0.000009,households
HP15,0.000174,0.000540,0.000028,0.000085,0.000007,0.000059,0.000001,0.000011,0.000000,0.000011,0.000000,0.000011,households
HP16,0.000204,0.000633,0.000033,0.000100,0.000008,0.000070,0.000001,0.000013,0.000000,0.000013,0.000000,0.000013,households
HP17,0.000196,0.000607,0.000031,0.000096,0.000007,0.000067,0.000001,0.000013,0.000000,0.000012,0.000000,0.000012,households
HP18,0.007718,0.035544,0.003197,0.010616,0.000004,0.005375,0.000000,0.000007,0.000000,0.000007,0.000000,0.000007,households
HP19,0.004716,0.024953,0.000290,0.004650,0.000275,0.004631,0.000270,0.000278,0.000000,0.000008,0.000000,0.000008,households
HP20,0.000168,0.013379,0.000027,0.002511,0.000006,0.000057,0.000001,0.000011,0.000000,0.000010,0.000000,0.000010,households
HP21,0.004015,0.048059,0.000017,0.002383,0.000004,0.002368,0.000000,0.000007,0.000000,0.000007,0.000000,0.000007,households
HP22,0.001845,0.007867,0.000173,0.000200,0.000003,0.000028,0.000000,0.000005,0.000000,0.000005,0.000000,0.000005,households
HP23,0.006552,0.006833,0.006440,0.006484,0.000005,0.006464,0.000000,0.006427,0.000000,0.006427,0.000000,0.006427,households
HP27,0.001000,0.003185,0.000026,0.000081,0.000006,0.000057,0.000001,0.000011,0.000000,0.000010,0.000000,0.000010,households
HR1,0.013326,0.021859,0.008568,0.009156,0.006626,0.007572,0.004049,0.005061,0.001955,0.002846,0.001014,0.002093,households
HR2,0.018149,0.038408,0.004138,0.019914,0.000341,0.012099,0.000024,0.003471,0.000010,0.001690,0.000007,0.000310,households
HR3,0.015649,0.053561,0.005134,0.030291,0.004841,0.020724,0.004401,0.006869,0.004327,0.006552,0.004311,0.006479,households
HR4,0.053188,0.066857,0.028940,0.037213,0.017962,0.025542,0.003240,0.005036,0.001012,0.001748,0.001008,0.001159,households
HR5,0.029557,0.055768,0.020423,0.026628,0.020108,0.026099,0.000140,0.017724,0.000060,0.000157,0.000043,0.000078,households
HR6,0.032889,0.098806,0.016490,0.072960,0.013404,0.060200,0.000866,0.017195,0.000120,0.002732,0.000012,0.000022,households
HR7,0.001433,0.020243,0.000700,0.019123,0.000462,0.017357,0.000105,0.000375,0.000045,0.000118,0.000032,0.000059,households
HR8,0.001035,0.005302,0.000359,0.000830,0.000237,0.000626,0.000054,0.000192,0.000023,0.000061,0.000017,0.000030,households
HR9,0.001908,0.003671,0.000449,0.002174,0.000364,0.002032,0.000037,0.001731,0.000016,0.000442,0.000011,0.000421,households
HS1,0.000000,0.000000,0.000000,0.000000,0.000000,0.000000,0.000000,0.000000,0.000000,0.000000,0.000000,0.000000,households
HS2,0.000000,0.000000,0.000000,0.000000,0.000000,0.000000,0.000000,0.000000,0.000000,0.000000,0.000000,0.000000,households
HS3,0.000000,0.000000,0.000000,0.000000,0.000000,0.000000,0.000000,0.000000,0.000000,0.000000,0.000000,0.000000,households
HS4,0.000000,0.000000,0.000000,0.000000,0.000000,0.000000,0.000000,0.000000,0.000000,0.000000,0.000000,0.000000,households
HS5,0.000000,0.000000,0.000000,0.000000,0.000000,0.000000,0.000000,0.000000,0.000000,0.000000,0.000000,0.000000,households
HS6,0.000000,0.000000,0.000000,0.000000,0.000000,0.000000,0.000000,0.000000,0.000000,0.000000,0.000000,0.000000,households
HS7,0.000000,0.000000,0.000000,0.000000,0.000000,0.000000,0.000000,0.000000,0.000000,0.000000,0.000000,0.000000,households
HS8,0.000000,0.000000,0.000000,0.000000,0.000000,0.000000,0.000000,0.000000,0.000000,0.000000,0.000000,0.000000,households
HS9,0.000000,0.000000,0.000000,0.000000,0.000000,0.000000,0.000000,0.000000,0.000000,0.000000,0.000000,0.000000,households
HU1,0.163683,0.432897,0.099349,0.286871,0.091778,0.212196,0.001237,0.052764,0.000802,0.001177,0.000720,0.000765,households
HU2,0.005780,0.048373,0.003570,0.031086,0.002725,0.006326,0.001753,0.003256,0.001137,0.001669,0.001021,0.001085,households
HU3,0.004814,0.084636,0.000926,0.030988,0.000707,0.009506,0.000455,0.000845,0.000295,0.000433,0.000265,0.000281,households
HU4,0.111479,0.161441,0.081255,0.101981,0.055349,0.091170,0.054918,0.066449,0.038710,0.038947,0.031778,0.031806,households
HU5,0.076520,0.079127,0.071786,0.076228,0.071630,0.075796,0.071449,0.075302,0.071335,0.075007,0.068180,0.070443,households
HU6,0.172690,0.839234,0.126788,0.512673,0.073113,0.323956,0.007220,0.176113,0.003028,0.060557,0.002994,0.003013,households
HU7,0.012244,0.015932,0.000913,0.012874,0.000697,0.009501,0.000448,0.000832,0.000291,0.000427,0.000261,0.000277,households
HU8,0.037130,0.213294,0.001043,0.040151,0.000697,0.023474,0.000449,0.000963,0.000291,0.000427,0.000261,0.000278,households
HU9,0.029658,0.600247,0.027120,0.032516,0.026960,0.030227,0.009455,0.009741,0.000759,0.000860,0.000194,0.000206,households
HU10,0.036285,0.047857,0.011830,0.016834,0.003640,0.004781,0.000626,0.001163,0.000406,0.000596,0.000365,0.000388,households
HU11,0.002572,0.012997,0.001589,0.003669,0.001213,0.002634,0.000780,0.001449,0.000506,0.000743,0.000454,0.000483,households
HU12,0.103001,0.179663,0.004552,0.077411,0.002945,0.044608,0.000434,0.000980,0.000281,0.000588,0.000253,0.000268,households
HU13,0.127718,0.181935,0.068634,0.106905,0.015191,0.073740,0.000789,0.001466,0.000512,0.000751,0.000460,0.000488,households
HU14,0.012400,0.023167,0.005051,0.008636,0.004403,0.006852,0.001344,0.002497,0.000872,0.001280,0.000783,0.000832,households
HU15,0.125390,0.133355,0.098669,0.100730,0.094129,0.095774,0.074865,0.076035,0.005371,0.005520,0.002064,0.002082,households
HU16,0.003383,0.037354,0.001503,0.003302,0.001178,0.002407,0.000675,0.001382,0.000437,0.000642,0.000393,0.000418,households
HU17,0.014107,0.030606,0.008030,0.014728,0.005955,0.014328,0.004610,0.007933,0.002818,0.004997,0.001253,0.003710,households
HU18,0.009445,0.054118,0.007962,0.022926,0.006699,0.021365,0.006046,0.019577,0.000763,0.017816,0.000685,0.006062,households
HU19,0.005886,0.052249,0.003283,0.029025,0.002506,0.014591,0.001612,0.005567,0.001045,0.001535,0.000939,0.000997,households
HU20,0.021155,0.072556,0.013068,0.030181,0.009975,0.021664,0.006417,0.011919,0.004160,0.006109,0.003737,0.003970,households
HX1,0.000406,0.000590,0.000199,0.000462,0.000168,0.000387,0.000127,0.000184,0.000095,0.000157,0.000057,0.000137,households
HX2,0.001342,0.001845,0.001193,0.001382,0.000738,0.000896,0.000708,0.000750,0.000686,0.000730,0.000658,0.000716,households
HX3,0.011770,0.014259,0.011318,0.011468,0.011300,0.011425,0.011277,0.011309,0.006968,0.011294,0.005086,0.011283,households
HX4,0.012395,0.012726,0.007103,0.007575,0.007046,0.007440,0.000410,0.000513,0.000354,0.000464,0.000284,0.000428,households
HX5,0.013847,0.014344,0.013290,0.013999,0.013205,0.013796,0.001338,0.013247,0.001254,0.001420,0.001149,0.001365,households
HX6,0.016883,0.037657,0.013241,0.025404,0.012866,0.022582,0.010537,0.020316,0.010390,0.018687,0.004861,0.013863,households
HX7,0.101757,0.148634,0.017865,0.121018,0.005031,0.091746,0.004203,0.007702,0.004167,0.006891,0.000221,0.004214,households
IG1,0.041279,0.046784,0.025473,0.033746,0.013168,0.030469,0.005744,0.011650,0.004637,0.007472,0.001611,0.001957,households
IG2,0.000935,0.004101,0.000434,0.003553,0.000256,0.003126,0.000141,0.002086,0.000123,0.001134,0.000018,0.000718,households
IG3,0.020593,0.082025,0.001761,0.039270,0.000219,0.020993,0.000120,0.001782,0.000105,0.000969,0.000016,0.000613,households
IG4,0.005961,0.014543,0.002888,0.013057,0.000694,0.011901,0.000382,0.009079,0.000334,0.006498,0.000049,0.001946,households
IG5,0.001540,0.006749,0.000714,0.005847,0.000421,0.005145,0.000232,0.003433,0.000203,0.001866,0.000030,0.001181,households
IG6,0.000689,0.003022,0.000320,0.002618,0.000189,0.002304,0.000104,0.001537,0.000091,0.000835,0.000013,0.000529,households
IG7,0.000784,0.003435,0.000363,0.002976,0.000214,0.002618,0.000118,0.001747,0.000103,0.000950,0.000015,0.000601,households
IG8,0.029264,0.093619,0.020523,0.073301,0.014850,0.057752,0.010958,0.032391,0.009403,0.020175,0.000010,0.009332,households
IG9,0.001302,0.005706,0.000603,0.004943,0.000356,0.004350,0.000196,0.002902,0.000172,0.001577,0.000025,0.000998,households
IG10,0.005172,0.024739,0.000824,0.020363,0.000719,0.020112,0.000652,0.018860,0.000641,0.018300,0.000580,0.018056,households
IG11,0.040356,0.340090,0.012968,0.325195,0.008127,0.296097,0.003909,0.213578,0.003901,0.107766,0.000283,0.069506,households
IP1,0.000107,0.000221,0.000047,0.000126,0.000026,0.000094,0.000017,0.000039,0.000013,0.000020,0.000009,0.000011,households
IP2,0.000146,0.007800,0.000064,0.006004,0.000035,0.005961,0.000023,0.001720,0.000017,0.000027,0.000012,0.000015,households
IP3,0.000136,0.000282,0.000060,0.000161,0.000033,0.000121,0.000022,0.000050,0.000016,0.000026,0.000012,0.000014,households
IP4,0.000111,0.000231,0.000049,0.000132,0.000027,0.000099,0.000018,0.000041,0.000013,0.000021,0.000010,0.000012,households
IP5,0.000224,0.000464,0.000098,0.000264,0.000054,0.000198,0.000035,0.000082,0.000027,0.000042,0.000019,0.000023,households
IP6,0.028524,0.031875,0.001786,0.011636,0.001390,0.004067,0.001379,0.001653,0.000016,0.000272,0.000011,0.000014,households
IP7,0.002343,0.002912,0.000339,0.000722,0.000310,0.000679,0.000298,0.000329,0.000017,0.000027,0.000012,0.000015,households
IP8,0.004948,0.005176,0.001988,0.003092,0.000051,0.001893,0.000034,0.000078,0.000025,0.000040,0.000018,0.000022,households
IP9,0.007383,0.007604,0.005715,0.005868,0.005480,0.005807,0.005269,0.005507,0.003322,0.004694,0.002539,0.003319,households
IP10,0.000505,0.001045,0.000222,0.000596,0.000121,0.000447,0.000080,0.000186,0.000060,0.000094,0.000043,0.000053,households
IP11,0.002959,0.029555,0.002133,0.023759,0.000165,0.018723,0.000156,0.005600,0.000013,0.002105,0.000009,0.000150,households
IP12,0.033955,0.039970,0.022349,0.029036,0.016422,0.026185,0.012623,0.020314,0.011297,0.012626,0.007767,0.009267,households
IP13,0.008170,0.012716,0.002967,0.006313,0.000958,0.004764,0.000014,0.001321,0.000011,0.001305,0.000008,0.000009,households
IP14,0.007439,0.014168,0.005531,0.011248,0.000346,0.006441,0.000010,0.000629,0.000008,0.000012,0.000006,0.000007,households
IP15,0.007948,0.026978,0.000259,0.022774,0.000142,0.013033,0.000093,0.003897,0.000070,0.003790,0.000050,0.000062,households
IP16,0.001190,0.003277,0.000138,0.000371,0.000076,0.000278,0.000050,0.000116,0.000037,0.000059,0.000027,0.000033,households
IP17,0.011693,0.016432,0.006857,0.006963,0.005640,0.006411,0.002061,0.002091,0.002055,0.002065,0.001201,0.001204,households
IP18,0.005647,0.010354,0.004492,0.009569,0.004425,0.009469,0.001984,0.009294,0.001488,0.006337,0.001477,0.003896,households
IP19,0.004165,0.013130,0.000077,0.005195,0.000042,0.005143,0.000028,0.000065,0.000021,0.000033,0.000015,0.000018,households
IP20,0.005445,0.007245,0.003804,0.005012,0.003742,0.004187,0.003716,0.003782,0.002971,0.002992,0.002960,0.002966,households
IP21,0.008443,0.013447,0.000277,0.006176,0.000238,0.006119,0.000222,0.000263,0.000023,0.000036,0.000017,0.000020,households
IP22,0.001743,0.002828,0.000912,0.001003,0.000601,0.000681,0.000591,0.000617,0.000015,0.000023,0.000011,0.000013,households
IP23,0.009045,0.010534,0.005087,0.005893,0.000073,0.000850,0.000048,0.000694,0.000036,0.000056,0.000026,0.000032,households
IP24,0.001693,0.006842,0.001618,0.005492,0.000443,0.004304,0.000432,0.000460,0.000016,0.000025,0.000011,0.000014,households
IP25,0.000164,0.001096,0.000072,0.000194,0.000039,0.000145,0.000026,0.000060,0.000020,0.000031,0.000014,0.000017,households
IP26,0.004972,0.005521,0.000130,0.000582,0.000071,0.000495,0.000047,0.000342,0.000035,0.000055,0.000025,0.000031,households
IP27,0.000200,0.007205,0.000088,0.000236,0.000048,0.000177,0.000032,0.000074,0.000024,0.000037,0.000017,0.000021,households
IP28,0.001576,0.026594,0.000513,0.008796,0.000259,0.006233,0.000019,0.003108,0.000014,0.000023,0.000010,0.000013,households
IP29,0.003426,0.003935,0.000842,0.001025,0.000793,0.000952,0.000039,0.000091,0.000029,0.000046,0.000021,0.000026,households
IP30,0.000784,0.001274,0.000075,0.000202,0.000041,0.000151,0.000027,0.000063,0.000020,0.000032,0.000015,0.000018,households
IP31,0.005024,0.006034,0.000058,0.001025,0.000032,0.000116,0.000021,0.000048,0.000016,0.000025,0.000011,0.000014,households
IP32,0.000228,0.000473,0.000100,0.000270,0.000055,0.000202,0.000036,0.000084,0.000027,0.000043,0.000019,0.000024,households
IP33,0.013535,0.028311,0.004336,0.014301,0.002418,0.009248,0.000024,0.002191,0.000018,0.001506,0.000013,0.000016,households
IV1,0.000000,0.000000,0.000000,0.000000,0.000000,0.000000,0.000000,0.000000,0.000000,0.000000,0.000000,0.000000,households
IV2,0.000000,0.000000,0.000000,0.000000,0.000000,0.000000,0.000000,0.000000,0.000000,0.000000,0.000000,0.000000,households
IV3,0.000000,0.000000,0.000000,0.000000,0.000000,0.000000,0.000000,0.000000,0.000000,0.000000,0.000000,0.000000,households
IV4,0.000000,0.000000,0.000000,0.000000,0.000000,0.000000,0.000000,0.000000,0.000000,0.000000,0.000000,0.000000,households
IV5,0.000000,0.000000,0.000000,0.000000,0.000000,0.000000,0.000000,0.000000,0.000000,0.000000,0.000000,0.000000,households
IV6,0.000000,0.000000,0.000000,0.000000,0.000000,0.000000,0.000000,0.000000,0.000000,0.000000,0.000000,0.000000,households
IV7,0.000000,0.000000,0.000000,0.000000,0.000000,0.000000,0.000000,0.000000,0.000000,0.000000,0.000000,0.000000,households
IV8,0.000000,0.000000,0.000000,0.000000,0.000000,0.000000,0.000000,0.000000,0.000000,0.000000,0.000000,0.000000,households
IV9,0.000000,0.000000,0.000000,0.000000,0.000000,0.000000,0.000000,0.000000,0.000000,0.000000,0.000000,0.000000,households
IV10,0.000000,0.000000,0.000000,0.000000,0.000000,0.000000,0.000000,0.000000,0.000000,0.000000,0.000000,0.000000,households
IV11,0.000000,0.000000,0.000000,0.000000,0.000000,0.000000,0.000000,0.000000,0.000000,0.000000,0.000000,0.000000,households
IV12,0.000000,0.000000,0.000000,0.000000,0.000000,0.000000,0.000000,0.000000,0.000000,0.000000,0.000000,0.000000,households
IV13,0.000000,0.000000,0.000000,0.000000,0.000000,0.000000,0.000000,0.000000,0.000000,0.000000,0.000000,0.000000,households
IV14,0.000000,0.000000,0.000000,0.000000,0.000000,0.000000,0.000000,0.000000,0.000000,0.000000,0.000000,0.000000,households
IV15,0.000000,0.000000,0.000000,0.000000,0.000000,0.000000,0.000000,0.000000,0.000000,0.000000,0.000000,0.000000,households
IV16,0.000000,0.000000,0.000000,0.000000,0.000000,0.000000,0.000000,0.000000,0.000000,0.000000,0.000000,0.000000,households
IV17,0.000000,0.000000,0.000000,0.000000,0.000000,0.000000,0.000000,0.000000,0.000000,0.000000,0.000000,0.000000,households
IV18,0.000000,0.000000,0.000000,0.000000,0.000000,0.000000,0.000000,0.000000,0.000000,0.000000,0.000000,0.000000,households
IV19,0.000000,0.000000,0.000000,0.000000,0.000000,0.000000,0.000000,0.000000,0.000000,0.000000,0.000000,0.000000,households
IV20,0.000000,0.000000,0.000000,0.000000,0.000000,0.000000,0.000000,0.000000,0.000000,0.000000,0.000000,0.000000,households
IV21,0.000000,0.000000,0.000000,0.000000,0.000000,0.000000,0.000000,0.000000,0.000000,0.000000,0.000000,0.000000,households
IV22,0.000000,0.000000,0.000000,0.000000,0.000000,0.000000,0.000000,0.000000,0.000000,0.000000,0.000000,0.000000,households
IV23,0.000000,0.000000,0.000000,0.000000,0.000000,0.000000,0.000000,0.000000,0.000000,0.000000,0.000000,0.000000,households
IV24,0.000000,0.000000,0.000000,0.000000,0.000000,0.000000,0.000000,0.000000,0.000000,0.000000,0.000000,0.000000,households
IV25,0.000000,0.000000,0.000000,0.000000,0.000000,0.000000,0.000000,0.000000,0.000000,0.000000,0.000000,0.000000,households
IV26,0.000000,0.000000,0.000000,0.000000,0.000000,0.000000,0.000000,0.000000,0.000000,0.000000,0.000000,0.000000,households
IV27,0.000000,0.000000,0.000000,0.000000,0.000000,0.000000,0.000000,0.000000,0.000000,0.000000,0.000000,0.000000,households
IV28,0.000000,0.000000,0.000000,0.000000,0.000000,0.000000,0.000000,0.000000,0.000000,0.000000,0.000000,0.000000,households
IV30,0.000000,0.000000,0.000000,0.000000,0.000000,0.000000,0.000000,0.000000,0.000000,0.000000,0.000000,0.000000,households
IV31,0.000000,0.000000,0.000000,0.000000,0.000000,0.000000,0.000000,0.000000,0.000000,0.000000,0.000000,0.000000,households
IV32,0.000000,0.000000,0.000000,0.000000,0.000000,0.000000,0.000000,0.000000,0.000000,0.000000,0.000000,0.000000,households
IV36,0.000000,0.000000,0.000000,0.000000,0.000000,0.000000,0.000000,0.000000,0.000000,0.000000,0.000000,0.000000,households
IV40,0.000000,0.000000,0.000000,0.000000,0.000000,0.000000,0.000000,0.000000,0.000000,0.000000,0.000000,0.000000,households
IV41,0.000000,0.000000,0.000000,0.000000,0.000000,0.000000,0.000000,0.000000,0.000000,0.000000,0.000000,0.000000,households
IV42,0.000000,0.000000,0.000000,0.000000,0.000000,0.000000,0.000000,0.000000,0.000000,0.000000,0.000000,0.000000,households
IV43,0.000000,0.000000,0.000000,0.000000,0.000000,0.000000,0.000000,0.000000,0.000000,0.000000,0.000000,0.000000,households
IV44,0.000000,0.000000,0.000000,0.000000,0.000000,0.000000,0.000000,0.000000,0.000000,0.000000,0.000000,0.000000,households
IV45,0.000000,0.000000,0.000000,0.000000,0.000000,0.000000,0.000000,0.000000,0.000000,0.000000,0.000000,0.000000,households
IV46,0.000000,0.000000,0.000000,0.000000,0.000000,0.000000,0.000000,0.000000,0.000000,0.000000,0.000000,0.000000,households
IV47,0.000000,0.000000,0.000000,0.000000,0.000000,0.000000,0.000000,0.000000,0.000000,0.000000,0.000000,0.000000,households
IV48,0.000000,0.000000,0.000000,0.000000,0.000000,0.000000,0.000000,0.000000,0.000000,0.000000,0.000000,0.000000,households
IV49,0.000000,0.000000,0.000000,0.000000,0.000000,0.000000,0.000000,0.000000,0.000000,0.000000,0.000000,0.000000,households
IV51,0.000000,0.000000,0.000000,0.000000,0.000000,0.000000,0.000000,0.000000,0.000000,0.000000,0.000000,0.000000,households
IV52,0.000000,0.000000,0.000000,0.000000,0.000000,0.000000,0.000000,0.000000,0.000000,0.000000,0.000000,0.000000,households
IV53,0.000000,0.000000,0.000000,0.000000,0.000000,0.000000,0.000000,0.000000,0.000000,0.000000,0.000000,0.000000,households
IV54,0.000000,0.000000,0.000000,0.000000,0.000000,0.000000,0.000000,0.000000,0.000000,0.000000,0.000000,0.000000,households
IV55,0.000000,0.000000,0.000000,0.000000,0.000000,0.000000,0.000000,0.000000,0.000000,0.000000,0.000000,0.000000,households
IV56,0.000000,0.000000,0.000000,0.000000,0.000000,0.000000,0.000000,0.000000,0.000000,0.000000,0.000000,0.000000,households
IV63,0.000000,0.000000,0.000000,0.000000,0.000000,0.000000,0.000000,0.000000,0.000000,0.000000,0.000000,0.000000,households
KA1,0.000000,0.000000,0.000000,0.000000,0.000000,0.000000,0.000000,0.000000,0.000000,0.000000,0.000000,0.000000,households
KA2,0.000000,0.000000,0.000000,0.000000,0.000000,0.000000,0.000000,0.000000,0.000000,0.000000,0.000000,0.000000,households
KA3,0.000000,0.000000,0.000000,0.000000,0.000000,0.000000,0.000000,0.000000,0.000000,0.000000,0.000000,0.000000,households
KA4,0.000000,0.000000,0.000000,0.000000,0.000000,0.000000,0.000000,0.000000,0.000000,0.000000,0.000000,0.000000,households
KA5,0.000000,0.000000,0.000000,0.000000,0.000000,0.000000,0.000000,0.000000,0.000000,0.000000,0.000000,0.000000,households
KA6,0.000000,0.000000,0.000000,0.000000,0.000000,0.000000,0.000000,0.000000,0.000000,0.000000,0.000000,0.000000,households
KA7,0.000000,0.000000,0.000000,0.000000,0.000000,0.000000,0.000000,0.000000,0.000000,0.000000,0.000000,0.000000,households
KA8,0.000000,0.000000,0.000000,0.000000,0.000000,0.000000,0.000000,0.000000,0.000000,0.000000,0.000000,0.000000,households
KA9,0.000000,0.000000,0.000000,0.000000,0.000000,0.000000,0.000000,0.000000,0.000000,0.000000,0.000000,0.000000,households
KA10,0.000000,0.000000,0.000000,0.000000,0.000000,0.000000,0.000000,0.000000,0.000000,0.000000,0.000000,0.000000,households
KA11,0.000000,0.000000,0.000000,0.000000,0.000000,0.000000,0.000000,0.000000,0.000000,0.000000,0.000000,0.000000,households
KA12,0.000000,0.000000,0.000000,0.000000,0.000000,0.000000,0.000000,0.000000,0.000000,0.000000,0.000000,0.000000,households
KA13,0.000000,0.000000,0.000000,0.000000,0.000000,0.000000,0.000000,0.000000,0.000000,0.000000,0.000000,0.000000,households
KA14,0.000000,0.000000,0.000000,0.000000,0.000000,0.000000,0.000000,0.000000,0.000000,0.000000,0.000000,0.000000,households
KA15,0.000000,0.000000,0.000000,0.000000,0.000000,0.000000,0.000000,0.000000,0.000000,0.000000,0.000000,0.000000,households
KA16,0.000000,0.000000,0.000000,0.000000,0.000000,0.000000,0.000000,0.000000,0.000000,0.000000,0.000000,0.000000,households
KA17,0.000000,0.000000,0.000000,0.000000,0.000000,0.000000,0.000000,0.000000,0.000000,0.000000,0.000000,0.000000,households
KA18,0.000000,0.000000,0.000000,0.000000,0.000000,0.000000,0.000000,0.000000,0.000000,0.000000,0.000000,0.000000,households
KA19,0.000000,0.000000,0.000000,0.000000,0.000000,0.000000,0.000000,0.000000,0.000000,0.000000,0.000000,0.000000,households
KA20,0.000000,0.000000,0.000000,0.000000,0.000000,0.000000,0.000000,0.000000,0.000000,0.000000,0.000000,0.000000,households
KA21,0.000000,0.000000,0.000000,0.000000,0.000000,0.000000,0.000000,0.000000,0.000000,0.000000,0.000000,0.000000,households
KA22,0.000000,0.000000,0.000000,0.000000,0.000000,0.000000,0.000000,0.000000,0.000000,0.000000,0.000000,0.000000,households
KA23,0.000000,0.000000,0.000000,0.000000,0.000000,0.000000,0.000000,0.000000,0.000000,0.000000,0.000000,0.000000,households
KA24,0.000000,0.000000,0.000000,0.000000,0.000000,0.000000,0.000000,0.000000,0.000000,0.000000,0.000000,0.000000,households
KA25,0.000000,0.000000,0.000000,0.000000,0.000000,0.000000,0.000000,0.000000,0.000000,0.000000,0.000000,0.000000,households
KA26,0.000000,0.000000,0.000000,0.000000,0.000000,0.000000,0.000000,0.000000,0.000000,0.000000,0.000000,0.000000,households
KA27,0.000000,0.000000,0.000000,0.000000,0.000000,0.000000,0.000000,0.000000,0.000000,0.000000,0.000000,0.000000,households
KA28,0.000000,0.000000,0.000000,0.000000,0.000000,0.000000,0.000000,0.000000,0.000000,0.000000,0.000000,0.000000,households
KA29,0.000000,0.000000,0.000000,0.000000,0.000000,0.000000,0.000000,0.000000,0.000000,0.000000,0.000000,0.000000,households
KA30,0.000000,0.000000,0.000000,0.000000,0.000000,0.000000,0.000000,0.000000,0.000000,0.000000,0.000000,0.000000,households
KT1,0.158128,0.296571,0.078224,0.185993,0.052792,0.158961,0.024475,0.104665,0.019361,0.062104,0.010252,0.044167,households
KT2,0.079459,0.128717,0.070307,0.109760,0.068928,0.106490,0.057418,0.096679,0.037102,0.089008,0.024428,0.073289,households
KT3,0.013059,0.091153,0.003065,0.039113,0.000433,0.008755,0.000226,0.000689,0.000116,0.000394,0.000068,0.000277,households
KT4,0.011903,0.024619,0.007103,0.013478,0.001868,0.006407,0.000326,0.000992,0.000167,0.000567,0.000099,0.000399,households
KT5,0.023803,0.036897,0.009561,0.029666,0.009223,0.028872,0.000435,0.014366,0.000223,0.013798,0.000132,0.008925,households
KT6,0.012398,0.029290,0.001522,0.019963,0.001346,0.015061,0.001139,0.001603,0.001028,0.001307,0.000980,0.001190,households
KT7,0.141265,0.413367,0.096326,0.326863,0.082805,0.257379,0.070101,0.149165,0.025276,0.104737,0.013678,0.077885,households
KT8,0.050808,0.418264,0.022937,0.242523,0.019972,0.186987,0.011282,0.076134,0.001863,0.027026,0.001784,0.018710,households
KT9,0.005610,0.008859,0.001137,0.003484,0.000809,0.002712,0.000423,0.001287,0.000217,0.000735,0.000128,0.000518,households
KT10,0.026317,0.178569,0.007955,0.134661,0.004084,0.089454,0.000291,0.017934,0.000149,0.000507,0.000088,0.000357,households
KT11,0.028560,0.031015,0.002442,0.004374,0.002194,0.003632,0.000320,0.000973,0.000164,0.000556,0.000097,0.000392,households
KT12,0.046671,0.142174,0.013873,0.049517,0.003665,0.021604,0.000231,0.000700,0.000088,0.000297,0.000052,0.000210,households
KT13,0.029113,0.074485,0.026543,0.069120,0.019682,0.062234,0.014819,0.036152,0.006905,0.015284,0.002398,0.007668,households
KT14,0.067002,0.263570,0.018463,0.195113,0.013425,0.168079,0.001761,0.059714,0.000380,0.014027,0.000125,0.005560,households
KT15,0.042521,0.111895,0.013156,0.072009,0.009922,0.047660,0.005481,0.028073,0.000113,0.005802,0.000067,0.000271,households
KT16,0.282652,0.360294,0.166360,0.273823,0.093033,0.235990,0.020230,0.056439,0.007539,0.017287,0.003221,0.005823,households
KT17,0.001227,0.003044,0.000636,0.001949,0.000452,0.001517,0.000237,0.000720,0.000121,0.000411,0.000072,0.000290,households
KT18,0.001703,0.004226,0.000883,0.002705,0.000628,0.002106,0.000328,0.001000,0.000168,0.000571,0.000099,0.000402,households
KT19,0.014802,0.037662,0.003816,0.006792,0.002481,0.006373,0.002271,0.002741,0.000118,0.002441,0.000069,0.002323,households
KT20,0.001318,0.003270,0.000683,0.002093,0.000486,0.001630,0.000254,0.000774,0.000130,0.000442,0.000077,0.000311,households
KT21,0.002228,0.010629,0.001154,0.003537,0.000821,0.002754,0.000429,0.001307,0.000220,0.000747,0.000130,0.000526,households
KT22,0.012843,0.018890,0.007886,0.013709,0.007270,0.012332,0.000192,0.010286,0.000098,0.004812,0.000058,0.000235,households
KT23,0.010123,0.013439,0.001160,0.005527,0.000825,0.002768,0.000432,0.001314,0.000221,0.000751,0.000131,0.000529,households
KT24,0.051237,0.061078,0.029086,0.044090,0.027176,0.040681,0.005433,0.031346,0.000217,0.030531,0.000128,0.028731,households
KW1,0.000000,0.000000,0.000000,0.000000,0.000000,0.000000,0.000000,0.000000,0.000000,0.000000,0.000000,0.000000,households
KW2,0.000000,0.000000,0.000000,0.000000,0.000000,0.000000,0.000000,0.000000,0.000000,0.000000,0.000000,0.000000,households
KW3,0.000000,0.000000,0.000000,0.000000,0.000000,0.000000,0.000000,0.000000,0.000000,0.000000,0.000000,0.000000,households
KW5,0.000000,0.000000,0.000000,0.000000,0.000000,0.000000,0.000000,0.000000,0.000000,0.000000,0.000000,0.000000,households
KW6,0.000000,0.000000,0.000000,0.000000,0.000000,0.000000,0.000000,0.000000,0.000000,0.000000,0.000000,0.000000,households
KW7,0.000000,0.000000,0.000000,0.000000,0.000000,0.000000,0.000000,0.000000,0.000000,0.000000,0.000000,0.000000,households
KW8,0.000000,0.000000,0.000000,0.000000,0.000000,0.000000,0.000000,0.000000,0.000000,0.000000,0.000000,0.000000,households
KW9,0.000000,0.000000,0.000000,0.000000,0.000000,0.000000,0.000000,0.000000,0.000000,0.000000,0.000000,0.000000,households
KW10,0.000000,0.000000,0.000000,0.000000,0.000000,0.000000,0.000000,0.000000,0.000000,0.000000,0.000000,0.000000,households
KW11,0.000000,0.000000,0.000000,0.000000,0.000000,0.000000,0.000000,0.000000,0.000000,0.000000,0.000000,0.000000,households
KW12,0.000000,0.000000,0.000000,0.000000,0.000000,0.000000,0.000000,0.000000,0.000000,0.000000,0.000000,0.000000,households
KW13,0.000000,0.000000,0.000000,0.000000,0.000000,0.000000,0.000000,0.000000,0.000000,0.000000,0.000000,0.000000,households
KW14,0.000000,0.000000,0.000000,0.000000,0.000000,0.000000,0.000000,0.000000,0.000000,0.000000,0.000000,0.000000,households
KW15,0.000000,0.000000,0.000000,0.000000,0.000000,0.000000,0.000000,0.000000,0.000000,0.000000,0.000000,0.000000,households
KW16,0.000000,0.000000,0.000000,0.000000,0.000000,0.000000,0.000000,0.000000,0.000000,0.000000,0.000000,0.000000,households
KW17,0.000000,0.000000,0.000000,0.000000,0.000000,0.000000,0.000000,0.000000,0.000000,0.000000,0.000000,0.000000,households
KY1,0.000000,0.000000,0.000000,0.000000,0.000000,0.000000,0.000000,0.000000,0.000000,0.000000,0.000000,0.000000,households
KY2,0.000000,0.000000,0.000000,0.000000,0.000000,0.000000,0.000000,0.000000,0.000000,0.000000,0.000000,0.000000,households
KY3,0.000000,0.000000,0.000000,0.000000,0.000000,0.000000,0.000000,0.000000,0.000000,0.000000,0.000000,0.000000,households
KY4,0.000000,0.000000,0.000000,0.000000,0.000000,0.000000,0.000000,0.000000,0.000000,0.000000,0.000000,0.000000,households
KY5,0.000000,0.000000,0.000000,0.000000,0.000000,0.000000,0.000000,0.000000,0.000000,0.000000,0.000000,0.000000,households
KY6,0.000000,0.000000,0.000000,0.000000,0.000000,0.000000,0.000000,0.000000,0.000000,0.000000,0.000000,0.000000,households
KY7,0.000000,0.000000,0.000000,0.000000,0.000000,0.000000,0.000000,0.000000,0.000000,0.000000,0.000000,0.000000,households
KY8,0.000000,0.000000,0.000000,0.000000,0.000000,0.000000,0.000000,0.000000,0.000000,0.000000,0.000000,0.000000,households
KY9,0.000000,0.000000,0.000000,0.000000,0.000000,0.000000,0.000000,0.000000,0.000000,0.000000,0.000000,0.000000,households
KY10,0.000000,0.000000,0.000000,0.000000,0.000000,0.000000,0.000000,0.000000,0.000000,0.000000,0.000000,0.000000,households
KY11,0.000000,0.000000,0.000000,0.000000,0.000000,0.000000,0.000000,0.000000,0.000000,0.000000,0.000000,0.000000,households
KY12,0.000000,0.000000,0.000000,0.000000,0.000000,0.000000,0.000000,0.000000,0.000000,0.000000,0.000000,0.000000,households
KY13,0.000000,0.000000,0.000000,0.000000,0.000000,0.000000,0.000000,0.000000,0.000000,0.000000,0.000000,0.000000,households
KY14,0.000000,0.000000,0.000000,0.000000,0.000000,0.000000,0.000000,0.000000,0.000000,0.000000,0.000000,0.000000,households
KY15,0.000000,0.000000,0.000000,0.000000,0.000000,0.000000,0.000000,0.000000,0.000000,0.000000,0.000000,0.000000,households
KY16,0.000000,0.000000,0.000000,0.000000,0.000000,0.000000,0.000000,0.000000,0.000000,0.000000,0.000000,0.000000,households
L1,0.000192,0.021650,0.000136,0.000227,0.000124,0.000175,0.000068,0.000098,0.000057,0.000078,0.000023,0.000034,households
L2,0.000511,0.001219,0.000362,0.000603,0.000329,0.000466,0.000181,0.000260,0.000151,0.000206,0.000062,0.000091,households
L3,0.138447,0.187896,0.138400,0.162619,0.130744,0.130922,0.069133,0.083107,0.056515,0.070482,0.026979,0.026988,households
L4,0.000109,0.004671,0.000077,0.003158,0.000070,0.003129,0.000038,0.000055,0.000032,0.000044,0.000013,0.000019,households
L5,0.000196,0.000468,0.000139,0.000231,0.000126,0.000179,0.000069,0.000100,0.000058,0.000079,0.000024,0.000035,households
L6,0.000170,0.000405,0.000120,0.000200,0.000109,0.000155,0.000060,0.000086,0.000050,0.000068,0.000021,0.000030,households
L7,0.000189,0.000450,0.000134,0.000222,0.000121,0.000172,0.000067,0.000096,0.000056,0.000076,0.000023,0.000034,households
L8,0.000125,0.000298,0.000088,0.000147,0.000080,0.000114,0.000044,0.000064,0.000037,0.000050,0.000015,0.000022,households
L9,0.005001,0.005196,0.004960,0.005026,0.004951,0.004989,0.004910,0.004932,0.004902,0.004917,0.000017,0.004028,households
L10,0.006404,0.006803,0.000204,0.000340,0.000186,0.000263,0.000102,0.000147,0.000085,0.000116,0.000035,0.000051,households
L11,0.000158,0.000377,0.000112,0.000186,0.000102,0.000144,0.000056,0.000080,0.000047,0.000064,0.000019,0.000028,households
L12,0.006587,0.012557,0.000105,0.002122,0.000096,0.002082,0.000053,0.000899,0.000044,0.000060,0.000018,0.000026,households
L13,0.000155,0.000370,0.000110,0.000183,0.000100,0.000142,0.000055,0.000079,0.000046,0.000063,0.000019,0.000028,households
L14,0.000179,0.000427,0.000127,0.000211,0.000115,0.000163,0.000063,0.000091,0.000053,0.000072,0.000022,0.000032,households
L15,0.000183,0.000437,0.000130,0.000216,0.000118,0.000167,0.000065,0.000093,0.000054,0.000074,0.000022,0.000033,households
L16,0.002315,0.030637,0.000239,0.000397,0.000217,0.000307,0.000119,0.000171,0.000099,0.000136,0.000041,0.000060,households
L17,0.000189,0.000452,0.000134,0.000223,0.000122,0.000173,0.000067,0.000096,0.000056,0.000076,0.000023,0.000034,households
L18,0.000161,0.000384,0.000114,0.000190,0.000104,0.000147,0.000057,0.000082,0.000047,0.000065,0.000020,0.000029,households
L19,0.000177,0.000424,0.000126,0.000209,0.000114,0.000162,0.000063,0.000090,0.000052,0.000072,0.000022,0.000032,households
L20,0.000094,0.000224,0.000067,0.000111,0.000060,0.000086,0.000033,0.000048,0.000028,0.000038,0.000011,0.000017,households
L21,0.000149,0.000357,0.000106,0.000176,0.000096,0.000136,0.000053,0.000076,0.000044,0.000060,0.000018,0.000027,households
L22,0.000305,0.000728,0.000216,0.000360,0.000196,0.000278,0.000108,0.000155,0.000090,0.000123,0.000037,0.000054,households
L23,0.000126,0.000301,0.000089,0.000149,0.000081,0.000115,0.000045,0.000064,0.000037,0.000051,0.000015,0.000022,households
L24,0.000599,0.000901,0.000536,0.000638,0.000522,0.000580,0.000458,0.000492,0.000445,0.000469,0.000408,0.000420,households
L25,0.000103,0.009402,0.000073,0.000753,0.000066,0.000726,0.000037,0.000684,0.000030,0.000042,0.000013,0.000018,households
L26,0.023007,0.030575,0.001495,0.010921,0.000149,0.004057,0.000082,0.000118,0.000068,0.000094,0.000028,0.000041,households
L27,0.000502,0.001198,0.000356,0.000592,0.000323,0.000458,0.000178,0.000256,0.000148,0.000203,0.000061,0.000090,households
L28,0.000651,0.001553,0.000461,0.000768,0.000419,0.000594,0.000230,0.000331,0.000192,0.000263,0.000079,0.000116,households
L29,0.002092,0.157661,0.001482,0.002467,0.001347,0.001909,0.000740,0.001065,0.000617,0.000844,0.000255,0.000373,households
L30,0.000193,0.000462,0.000137,0.000228,0.000125,0.000177,0.000069,0.000099,0.000057,0.000078,0.000024,0.000035,households
L31,0.010660,0.029144,0.002846,0.015319,0.000744,0.011847,0.000039,0.006865,0.000033,0.005506,0.000013,0.002788,households
L32,0.000162,0.001770,0.000115,0.000191,0.000104,0.000148,0.000057,0.000083,0.000048,0.000065,0.000020,0.000029,households
L33,0.000161,0.000385,0.000114,0.000190,0.000104,0.000147,0.000057,0.000082,0.000048,0.000065,0.000020,0.000029,households
L34,0.002018,0.002274,0.000131,0.000218,0.000119,0.000168,0.000065,0.000094,0.000054,0.000074,0.000022,0.000033,households
L35,0.000116,0.000502,0.000082,0.000137,0.000075,0.000106,0.000041,0.000059,0.000034,0.000047,0.000014,0.000021,households
L36,0.000091,0.000818,0.000064,0.000107,0.000059,0.000083,0.000032,0.000046,0.000027,0.000037,0.000011,0.000016,households
L37,0.001486,0.046418,0.000284,0.005587,0.000276,0.004485,0.000045,0.000065,0.000038,0.000051,0.000016,0.000023,households
L38,0.000738,0.004017,0.000523,0.000871,0.000476,0.000674,0.000261,0.000376,0.000218,0.000298,0.000090,0.000132,households
L39,0.001841,0.025735,0.001232,0.005311,0.001225,0.003227,0.000616,0.000634,0.000199,0.000622,0.000014,0.000185,households
L40,0.010721,0.038765,0.002808,0.024489,0.001154,0.014701,0.000053,0.005244,0.000045,0.000061,0.000018,0.000027,households
LA1,0.013011,0.041494,0.009548,0.038312,0.008014,0.036687,0.000486,0.026625,0.000471,0.018931,0.000010,0.007648,households
LA2,0.032899,0.078920,0.016488,0.047528,0.012352,0.033114,0.003579,0.019378,0.000779,0.013128,0.000655,0.012176,households
LA3,0.003355,0.023070,0.002519,0.006618,0.002425,0.003711,0.001128,0.002662,0.001102,0.002460,0.000195,0.000298,households
LA4,0.059053,0.220833,0.004200,0.097630,0.000216,0.062538,0.000067,0.005642,0.000040,0.003006,0.000018,0.002878,households
LA5,0.007009,0.013804,0.005732,0.010198,0.005611,0.009874,0.000085,0.007220,0.000051,0.006959,0.000023,0.000156,households
LA6,0.067449,0.072029,0.008537,0.010006,0.000234,0.001530,0.000072,0.000496,0.000044,0.000273,0.000020,0.000134,households
LA7,0.006778,0.023012,0.001440,0.014631,0.001124,0.013787,0.000220,0.012637,0.000133,0.001243,0.000061,0.000407,households
LA8,0.039827,0.067284,0.004611,0.031881,0.003494,0.021968,0.002544,0.012164,0.001771,0.010886,0.001740,0.002136,households
LA9,0.046632,0.118221,0.015981,0.086054,0.010014,0.065034,0.001326,0.042465,0.000100,0.021285,0.000082,0.005053,households
LA10,0.016016,0.029280,0.000980,0.007446,0.000679,0.005468,0.000210,0.001441,0.000127,0.000792,0.000058,0.000388,households
LA11,0.027657,0.034243,0.021002,0.025280,0.008193,0.023844,0.006336,0.020446,0.001473,0.007451,0.000031,0.000208,households
LA12,0.014065,0.024776,0.008889,0.015098,0.004023,0.008544,0.002136,0.002960,0.000031,0.002696,0.000014,0.002596,households
LA13,0.051455,0.091709,0.042223,0.079947,0.034967,0.068609,0.006281,0.047802,0.003442,0.007832,0.003411,0.005779,households
LA14,0.002221,0.015734,0.001411,0.007236,0.001295,0.005254,0.000153,0.002607,0.000081,0.000711,0.000012,0.000078,households
LA15,0.051889,0.080059,0.044563,0.066972,0.044311,0.059226,0.043656,0.058046,0.038348,0.053049,0.014717,0.046163,households
LA16,0.041775,0.126873,0.012986,0.017228,0.012446,0.015783,0.000377,0.013814,0.000227,0.001422,0.000104,0.000697,households
LA17,0.123901,0.133797,0.046376,0.060470,0.017451,0.058056,0.000630,0.046359,0.000380,0.037406,0.000174,0.036194,households
LA18,0.048481,0.078955,0.018807,0.054433,0.010182,0.042630,0.000158,0.011262,0.000095,0.000594,0.000044,0.000291,households
LA19,0.062714,0.076495,0.036544,0.046162,0.035753,0.044043,0.010743,0.013984,0.000334,0.012275,0.000153,0.001022,households
LA20,0.045693,0.085398,0.002191,0.007473,0.001519,0.005674,0.000470,0.003222,0.000283,0.001771,0.000130,0.000868,households
LA21,0.216298,0.279014,0.033441,0.153478,0.008399,0.012297,0.000441,0.003022,0.000266,0.001661,0.000122,0.000814,households
LA22,0.114443,0.152031,0.015270,0.030949,0.004863,0.018898,0.001463,0.006667,0.000078,0.001822,0.000036,0.001128,households
LA23,0.018157,0.033647,0.000471,0.001607,0.000327,0.001220,0.000101,0.000693,0.000061,0.000381,0.000028,0.000187,households
LD1,0.000000,0.000000,0.000000,0.000000,0.000000,0.000000,0.000000,0.000000,0.000000,0.000000,0.000000,0.000000,households
LD2,0.000000,0.000000,0.000000,0.000000,0.000000,0.000000,0.000000,0.000000,0.000000,0.000000,0.000000,0.000000,households
LD3,0.000000,0.000000,0.000000,0.000000,0.000000,0.000000,0.000000,0.000000,0.000000,0.000000,0.000000,0.000000,households
LD4,0.000000,0.000000,0.000000,0.000000,0.000000,0.000000,0.000000,0.000000,0.000000,0.000000,0.000000,0.000000,households
LD5,0.000000,0.000000,0.000000,0.000000,0.000000,0.000000,0.000000,0.000000,0.000000,0.000000,0.000000,0.000000,households
LD6,0.000000,0.000000,0.000000,0.000000,0.000000,0.000000,0.000000,0.000000,0.000000,0.000000,0.000000,0.000000,households
LD7,0.000000,0.000000,0.000000,0.000000,0.000000,0.000000,0.000000,0.000000,0.000000,0.000000,0.000000,0.000000,households
LD8,0.000000,0.000000,0.000000,0.000000,0.000000,0.000000,0.000000,0.000000,0.000000,0.000000,0.000000,0.000000,households
LE1,0.000427,0.001124,0.000142,0.000626,0.000081,0.000470,0.000022,0.000221,0.000014,0.000075,0.000002,0.000026,households
LE2,0.012303,0.019898,0.005019,0.012945,0.002979,0.012029,0.000007,0.003357,0.000004,0.000024,0.000001,0.000008,households
LE3,0.024390,0.043869,0.011439,0.032604,0.006476,0.025159,0.001020,0.013939,0.000005,0.006709,0.000001,0.003891,households
LE4,0.022214,0.111330,0.009436,0.070679,0.006431,0.053729,0.001911,0.015147,0.001625,0.004912,0.000001,0.000241,households
LE5,0.014961,0.056307,0.000066,0.010377,0.000037,0.003964,0.000010,0.000102,0.000006,0.000034,0.000001,0.000012,households
LE6,0.001037,0.002731,0.000345,0.001520,0.000196,0.001142,0.000055,0.000537,0.000034,0.000181,0.000006,0.000063,households
LE7,0.041670,0.070286,0.018489,0.044914,0.008211,0.028864,0.002504,0.012532,0.000007,0.001840,0.000001,0.000014,households
LE8,0.001747,0.017086,0.000391,0.009563,0.000060,0.006243,0.000017,0.002854,0.000010,0.000055,0.000002,0.000019,households
LE9,0.003743,0.006079,0.002357,0.003150,0.000932,0.001831,0.000012,0.000270,0.000007,0.000039,0.000001,0.000013,households
LE10,0.001301,0.001712,0.000084,0.000369,0.000047,0.000277,0.000013,0.000130,0.000008,0.000044,0.000001,0.000015,households
LE11,0.041960,0.096771,0.004409,0.048321,0.001067,0.036149,0.000013,0.025678,0.000008,0.004859,0.000001,0.000056,households
LE12,0.015294,0.040118,0.006662,0.033073,0.006402,0.032136,0.004869,0.024324,0.004430,0.013840,0.001141,0.006245,households
LE13,0.007061,0.042202,0.000150,0.004323,0.000085,0.001371,0.000024,0.000233,0.000015,0.000079,0.000003,0.000027,households
LE14,0.007774,0.010308,0.003382,0.006838,0.003324,0.004817,0.000021,0.000209,0.000013,0.000071,0.000002,0.000025,households
LE15,0.000998,0.007621,0.000220,0.002669,0.000048,0.002440,0.000014,0.002291,0.000008,0.000045,0.000001,0.000016,households
LE16,0.000329,0.013827,0.000089,0.008919,0.000051,0.005495,0.000014,0.004915,0.000009,0.000410,0.000002,0.000198,households
LE17,0.000347,0.000912,0.000115,0.000508,0.000065,0.000381,0.000018,0.000179,0.000011,0.000061,0.000002,0.000021,households
LE18,0.000407,0.002360,0.000135,0.000596,0.000077,0.000447,0.000021,0.000210,0.000013,0.000071,0.000002,0.000025,households
LE19,0.002094,0.003043,0.000193,0.000853,0.000110,0.000640,0.000031,0.000301,0.000019,0.000102,0.000003,0.000035,households
LE65,0.002174,0.014953,0.000200,0.005600,0.000113,0.002103,0.000032,0.000311,0.000020,0.000105,0.000003,0.000036,households
LE67,0.014996,0.017363,0.004654,0.004935,0.001281,0.001521,0.000010,0.000167,0.000006,0.000032,0.000001,0.000011,households
LL11,0.000000,0.000000,0.000000,0.000000,0.000000,0.000000,0.000000,0.000000,0.000000,0.000000,0.000000,0.000000,households
LL12,0.000000,0.000000,0.000000,0.000000,0.000000,0.000000,0.000000,0.000000,0.000000,0.000000,0.000000,0.000000,households
LL13,0.000000,0.000000,0.000000,0.000000,0.000000,0.000000,0.000000,0.000000,0.000000,0.000000,0.000000,0.000000,households
LL14,0.000000,0.000000,0.000000,0.000000,0.000000,0.000000,0.000000,0.000000,0.000000,0.000000,0.000000,0.000000,households
LL15,0.000000,0.000000,0.000000,0.000000,0.000000,0.000000,0.000000,0.000000,0.000000,0.000000,0.000000,0.000000,households
LL16,0.000000,0.000000,0.000000,0.000000,0.000000,0.000000,0.000000,0.000000,0.000000,0.000000,0.000000,0.000000,households
LL17,0.000000,0.000000,0.000000,0.000000,0.000000,0.000000,0.000000,0.000000,0.000000,0.000000,0.000000,0.000000,households
LL18,0.000000,0.000000,0.000000,0.000000,0.000000,0.000000,0.000000,0.000000,0.000000,0.000000,0.000000,0.000000,households
LL19,0.000000,0.000000,0.000000,0.000000,0.000000,0.000000,0.000000,0.000000,0.000000,0.000000,0.000000,0.000000,households
LL20,0.000000,0.000000,0.000000,0.000000,0.000000,0.000000,0.000000,0.000000,0.000000,0.000000,0.000000,0.000000,households
LL21,0.000000,0.000000,0.000000,0.000000,0.000000,0.000000,0.000000,0.000000,0.000000,0.000000,0.000000,0.000000,households
LL22,0.000000,0.000000,0.000000,0.000000,0.000000,0.000000,0.000000,0.000000,0.000000,0.000000,0.000000,0.000000,households
LL23,0.000000,0.000000,0.000000,0.000000,0.000000,0.000000,0.000000,0.000000,0.000000,0.000000,0.000000,0.000000,households
LL24,0.000000,0.000000,0.000000,0.000000,0.000000,0.000000,0.000000,0.000000,0.000000,0.000000,0.000000,0.000000,households
LL25,0.000000,0.000000,0.000000,0.000000,0.000000,0.000000,0.000000,0.000000,0.000000,0.000000,0.000000,0.000000,households
LL26,0.000000,0.000000,0.000000,0.000000,0.000000,0.000000,0.000000,0.000000,0.000000,0.000000,0.000000,0.000000,households
LL27,0.000000,0.000000,0.000000,0.000000,0.000000,0.000000,0.000000,0.000000,0.000000,0.000000,0.000000,0.000000,households
LL28,0.000000,0.000000,0.000000,0.000000,0.000000,0.000000,0.000000,0.000000,0.000000,0.000000,0.000000,0.000000,households
LL29,0.000000,0.000000,0.000000,0.000000,0.000000,0.000000,0.000000,0.000000,0.000000,0.000000,0.000000,0.000000,households
LL30,0.000000,0.000000,0.000000,0.000000,0.000000,0.000000,0.000000,0.000000,0.000000,0.000000,0.000000,0.000000,households
LL31,0.000000,0.000000,0.000000,0.000000,0.000000,0.000000,0.000000,0.000000,0.000000,0.000000,0.000000,0.000000,households
LL32,0.000000,0.000000,0.000000,0.000000,0.000000,0.000000,0.000000,0.000000,0.000000,0.000000,0.000000,0.000000,households
LL33,0.000000,0.000000,0.000000,0.000000,0.000000,0.000000,0.000000,0.000000,0.000000,0.000000,0.000000,0.000000,households
LL34,0.000000,0.000000,0.000000,0.000000,0.000000,0.000000,0.000000,0.000000,0.000000,0.000000,0.000000,0.000000,households
LL35,0.000000,0.000000,0.000000,0.000000,0.000000,0.000000,0.000000,0.000000,0.000000,0.000000,0.000000,0.000000,households
LL36,0.000000,0.000000,0.000000,0.000000,0.000000,0.000000,0.000000,0.000000,0.000000,0.000000,0.000000,0.000000,households
LL37,0.000000,0.000000,0.000000,0.000000,0.000000,0.000000,0.000000,0.000000,0.000000,0.000000,0.000000,0.000000,households
LL38,0.000000,0.000000,0.000000,0.000000,0.000000,0.000000,0.000000,0.000000,0.000000,0.000000,0.000000,0.000000,households
LL39,0.000000,0.000000,0.000000,0.000000,0.000000,0.000000,0.000000,0.000000,0.000000,0.000000,0.000000,0.000000,households
LL40,0.000000,0.000000,0.000000,0.000000,0.000000,0.000000,0.000000,0.000000,0.000000,0.000000,0.000000,0.000000,households
LL41,0.000000,0.000000,0.000000,0.000000,0.000000,0.000000,0.000000,0.000000,0.000000,0.000000,0.000000,0.000000,households
LL42,0.000000,0.000000,0.000000,0.000000,0.000000,0.000000,0.000000,0.000000,0.000000,0.000000,0.000000,0.000000,households
LL43,0.000000,0.000000,0.000000,0.000000,0.000000,0.000000,0.000000,0.000000,0.000000,0.000000,0.000000,0.000000,households
LL44,0.000000,0.000000,0.000000,0.000000,0.000000,0.000000,0.000000,0.000000,0.000000,0.000000,0.000000,0.000000,households
LL45,0.000000,0.000000,0.000000,0.000000,0.000000,0.000000,0.000000,0.000000,0.000000,0.000000,0.000000,0.000000,households
LL46,0.000000,0.000000,0.000000,0.000000,0.000000,0.000000,0.000000,0.000000,0.000000,0.000000,0.000000,0.000000,households
LL47,0.000000,0.000000,0.000000,0.000000,0.000000,0.000000,0.000000,0.000000,0.000000,0.000000,0.000000,0.000000,households
LL48,0.000000,0.000000,0.000000,0.000000,0.000000,0.000000,0.000000,0.000000,0.000000,0.000000,0.000000,0.000000,households
LL49,0.000000,0.000000,0.000000,0.000000,0.000000,0.000000,0.000000,0.000000,0.000000,0.000000,0.000000,0.000000,households
LL51,0.000000,0.000000,0.000000,0.000000,0.000000,0.000000,0.000000,0.000000,0.000000,0.000000,0.000000,0.000000,households
LL52,0.000000,0.000000,0.000000,0.000000,0.000000,0.000000,0.000000,0.000000,0.000000,0.000000,0.000000,0.000000,households
LL53,0.000000,0.000000,0.000000,0.000000,0.000000,0.000000,0.000000,0.000000,0.000000,0.000000,0.000000,0.000000,households
LL54,0.000000,0.000000,0.000000,0.000000,0.000000,0.000000,0.000000,0.000000,0.000000,0.000000,0.000000,0.000000,households
LL55,0.000000,0.000000,0.000000,0.000000,0.000000,0.000000,0.000000,0.000000,0.000000,0.000000,0.000000,0.000000,households
LL56,0.000000,0.000000,0.000000,0.000000,0.000000,0.000000,0.000000,0.000000,0.000000,0.000000,0.000000,0.000000,households
LL57,0.000000,0.000000,0.000000,0.000000,0.000000,0.000000,0.000000,0.000000,0.000000,0.000000,0.000000,0.000000,households
LL58,0.000000,0.000000,0.000000,0.000000,0.000000,0.000000,0.000000,0.000000,0.000000,0.000000,0.000000,0.000000,households
LL59,0.000000,0.000000,0.000000,0.000000,0.000000,0.000000,0.000000,0.000000,0.000000,0.000000,0.000000,0.000000,households
LL60,0.000000,0.000000,0.000000,0.000000,0.000000,0.000000,0.000000,0.000000,0.000000,0.000000,0.000000,0.000000,households
LL61,0.000000,0.000000,0.000000,0.000000,0.000000,0.000000,0.000000,0.000000,0.000000,0.000000,0.000000,0.000000,households
LL62,0.000000,0.000000,0.000000,0.000000,0.000000,0.000000,0.000000,0.000000,0.000000,0.000000,0.000000,0.000000,households
LL63,0.000000,0.000000,0.000000,0.000000,0.000000,0.000000,0.000000,0.000000,0.000000,0.000000,0.000000,0.000000,households
LL64,0.000000,0.000000,0.000000,0.000000,0.000000,0.000000,0.000000,0.000000,0.000000,0.000000,0.000000,0.000000,households
LL65,0.000000,0.000000,0.000000,0.000000,0.000000,0.000000,0.000000,0.000000,0.000000,0.000000,0.000000,0.000000,households
LL66,0.000000,0.000000,0.000000,0.000000,0.000000,0.000000,0.000000,0.000000,0.000000,0.000000,0.000000,0.000000,households
LL67,0.000000,0.000000,0.000000,0.000000,0.000000,0.000000,0.000000,0.000000,0.000000,0.000000,0.000000,0.000000,households
LL68,0.000000,0.000000,0.000000,0.000000,0.000000,0.000000,0.000000,0.000000,0.000000,0.000000,0.000000,0.000000,households
LL69,0.000000,0.000000,0.000000,0.000000,0.000000,0.000000,0.000000,0.000000,0.000000,0.000000,0.000000,0.000000,households
LL70,0.000000,0.000000,0.000000,0.000000,0.000000,0.000000,0.000000,0.000000,0.000000,0.000000,0.000000,0.000000,households
LL71,0.000000,0.000000,0.000000,0.000000,0.000000,0.000000,0.000000,0.000000,0.000000,0.000000,0.000000,0.000000,households
LL72,0.000000,0.000000,0.000000,0.000000,0.000000,0.000000,0.000000,0.000000,0.000000,0.000000,0.000000,0.000000,households
LL73,0.000000,0.000000,0.000000,0.000000,0.000000,0.000000,0.000000,0.000000,0.000000,0.000000,0.000000,0.000000,households
LL74,0.000000,0.000000,0.000000,0.000000,0.000000,0.000000,0.000000,0.000000,0.000000,0.000000,0.000000,0.000000,households
LL75,0.000000,0.000000,0.000000,0.000000,0.000000,0.000000,0.000000,0.000000,0.000000,0.000000,0.000000,0.000000,households
LL76,0.000000,0.000000,0.000000,0.000000,0.000000,0.000000,0.000000,0.000000,0.000000,0.000000,0.000000,0.000000,households
LL77,0.000000,0.000000,0.000000,0.000000,0.000000,0.000000,0.000000,0.000000,0.000000,0.000000,0.000000,0.000000,households
LL78,0.000000,0.000000,0.000000,0.000000,0.000000,0.000000,0.000000,0.000000,0.000000,0.000000,0.000000,0.000000,households
LN1,0.051104,0.110224,0.035326,0.089722,0.034957,0.074670,0.016879,0.059540,0.015312,0.048690,0.015276,0.035470,households
LN2,0.029518,0.036928,0.019913,0.025109,0.016579,0.021551,0.010401,0.011173,0.000105,0.010696,0.000076,0.010546,households
LN3,0.039741,0.043647,0.029611,0.033106,0.028110,0.031594,0.009580,0.017287,0.009391,0.010261,0.003631,0.004054,households
LN4,0.015944,0.018888,0.012446,0.014253,0.012323,0.014183,0.010870,0.011259,0.010819,0.011113,0.010448,0.010620,households
LN5,0.104000,0.132204,0.076967,0.107657,0.050401,0.103819,0.000184,0.083412,0.000124,0.047584,0.000090,0.000925,households
LN6,0.008231,0.017677,0.000991,0.013948,0.000829,0.011309,0.000121,0.006841,0.000081,0.004365,0.000059,0.003842,households
LN7,0.007357,0.008663,0.001708,0.003022,0.001439,0.002740,0.000634,0.001974,0.000426,0.001386,0.000309,0.000776,households
LN8,0.026844,0.049001,0.002739,0.022257,0.002029,0.017817,0.001700,0.002247,0.001615,0.002007,0.000126,0.000317,households
LN9,0.004358,0.050585,0.001598,0.050046,0.001007,0.049849,0.000444,0.043472,0.000298,0.043061,0.000216,0.042634,households
LN10,0.061433,0.066259,0.050626,0.055462,0.050284,0.055105,0.049262,0.054131,0.048998,0.050217,0.048849,0.049442,households
LN11,0.037303,0.066805,0.026389,0.058811,0.025375,0.051374,0.013579,0.029153,0.009370,0.013396,0.002410,0.008360,households
LN12,0.053306,0.057339,0.052820,0.054226,0.050897,0.053758,0.034167,0.044068,0.013423,0.028204,0.000632,0.006333,households
LN13,0.009422,0.010480,0.007769,0.008834,0.007552,0.008606,0.000514,0.001599,0.000345,0.001123,0.000250,0.000629,households
LS1,0.039217,0.279808,0.000279,0.273593,0.000232,0.258806,0.000131,0.186750,0.000045,0.084775,0.000024,0.084682,households
LS2,0.057381,0.090563,0.026922,0.035600,0.018638,0.027292,0.000966,0.011212,0.000598,0.000826,0.000026,0.000176,households
LS3,0.001569,0.002997,0.000824,0.002031,0.000685,0.001825,0.000386,0.001380,0.000134,0.000749,0.000070,0.000474,households
LS4,0.001154,0.012519,0.000712,0.011946,0.000630,0.011824,0.000453,0.011560,0.000080,0.003130,0.000042,0.000505,households
LS5,0.008259,0.009091,0.001240,0.008528,0.001159,0.008408,0.000478,0.001564,0.000331,0.001196,0.000041,0.000276,households
LS6,0.000893,0.007373,0.000126,0.006626,0.000104,0.003491,0.000059,0.003423,0.000020,0.002238,0.000011,0.002196,households
LS7,0.021189,0.021466,0.020398,0.020632,0.020371,0.020592,0.020313,0.020506,0.005696,0.014283,0.000014,0.003680,households
LS8,0.003315,0.012226,0.002488,0.002660,0.002468,0.002631,0.000055,0.000197,0.000019,0.000107,0.000010,0.000068,households
LS9,0.016312,0.024195,0.005482,0.013963,0.003097,0.011568,0.002632,0.007771,0.000230,0.001950,0.000010,0.000070,households
LS10,0.000348,0.000561,0.000237,0.000417,0.000217,0.000386,0.000172,0.000320,0.000135,0.000226,0.000125,0.000185,households
LS11,0.000938,0.001146,0.000120,0.001005,0.000100,0.000975,0.000056,0.000910,0.000020,0.000818,0.000010,0.000069,households
LS12,0.001974,0.002133,0.000091,0.000225,0.000076,0.000202,0.000043,0.000153,0.000015,0.000083,0.000008,0.000053,households
LS13,0.008799,0.015982,0.003135,0.015366,0.001815,0.015336,0.000707,0.012552,0.000433,0.008323,0.000010,0.007810,households
LS14,0.000214,0.001118,0.000112,0.000631,0.000093,0.000603,0.000053,0.000188,0.000018,0.000102,0.000010,0.000065,households
LS15,0.000207,0.000395,0.000109,0.000268,0.000090,0.000241,0.000051,0.000182,0.000018,0.000099,0.000009,0.000063,households
LS16,0.000206,0.000394,0.000108,0.000267,0.000090,0.000240,0.000051,0.000182,0.000018,0.000099,0.000009,0.000062,households
LS17,0.001700,0.002646,0.000088,0.000218,0.000073,0.000196,0.000041,0.000148,0.000014,0.000080,0.000008,0.000051,households
LS18,0.018986,0.019442,0.016491,0.016787,0.016456,0.016737,0.008186,0.008536,0.000033,0.000289,0.000017,0.000222,households
LS19,0.011070,0.024439,0.000193,0.000476,0.000161,0.000427,0.000090,0.000323,0.000031,0.000176,0.000016,0.000111,households
LS20,0.018805,0.019323,0.000299,0.000735,0.000248,0.000661,0.000140,0.000500,0.000049,0.000271,0.000025,0.000172,households
LS21,0.039999,0.073261,0.014398,0.050968,0.014369,0.050462,0.009680,0.041001,0.003729,0.029650,0.003600,0.011202,households
LS22,0.008057,0.048525,0.007751,0.038786,0.007719,0.037043,0.005042,0.029121,0.004983,0.014770,0.004968,0.010666,households
LS23,0.006231,0.006746,0.001950,0.006397,0.001427,0.005851,0.000847,0.005218,0.000756,0.004990,0.000733,0.004891,households
LS24,0.143052,0.205995,0.101274,0.197166,0.080460,0.174023,0.050362,0.135003,0.024364,0.060064,0.014757,0.034236,households
LS25,0.014456,0.035537,0.010790,0.020251,0.007296,0.017646,0.001729,0.012748,0.000120,0.006249,0.000008,0.004954,households
LS26,0.001562,0.018248,0.000211,0.015272,0.000187,0.010261,0.000137,0.007517,0.000023,0.004309,0.000012,0.000368,households
LS27,0.000190,0.000420,0.000100,0.000302,0.000083,0.000278,0.000047,0.000167,0.000016,0.000091,0.000009,0.000058,households
LS28,0.004039,0.004533,0.003951,0.004093,0.002198,0.002332,0.000046,0.000163,0.000016,0.000088,0.000008,0.000056,households
LS29,0.034456,0.058793,0.011877,0.019485,0.010919,0.018115,0.003073,0.016922,0.000688,0.015372,0.000614,0.014130,households
LU1,0.005691,0.007905,0.000952,0.005723,0.000004,0.005671,0.000002,0.000011,0.000000,0.000000,0.000000,0.000000,households
LU2,0.000066,0.000261,0.000006,0.000094,0.000004,0.000048,0.000002,0.000010,0.000000,0.000000,0.000000,0.000000,households
LU3,0.002218,0.020046,0.000619,0.011115,0.000615,0.002765,0.000614,0.001059,0.000000,0.000000,0.000000,0.000000,households
LU4,0.004171,0.008729,0.000008,0.004209,0.000005,0.001603,0.000003,0.000013,0.000000,0.000000,0.000000,0.000000,households
LU5,0.002544,0.006885,0.000007,0.000113,0.000004,0.000058,0.000002,0.000012,0.000000,0.000000,0.000000,0.000000,households
LU6,0.000098,0.000388,0.000009,0.000140,0.000005,0.000072,0.000003,0.000014,0.000000,0.000000,0.000000,0.000000,households
LU7,0.007291,0.037253,0.000428,0.008738,0.000426,0.005468,0.000001,0.001702,0.000000,0.000000,0.000000,0.000000,households
M1,0.000375,0.001899,0.000118,0.001234,0.000086,0.001057,0.000040,0.000773,0.000031,0.000586,0.000022,0.000498,households
M2,0.000940,0.004760,0.000295,0.003094,0.000215,0.002649,0.000100,0.001937,0.000077,0.001470,0.000055,0.001248,households
M3,0.026040,0.314890,0.018189,0.285438,0.018161,0.285283,0.018121,0.254420,0.018113,0.220918,0.018105,0.198397,households
M4,0.000566,0.044138,0.000118,0.043474,0.000086,0.043296,0.000040,0.043013,0.000031,0.042826,0.000022,0.042737,households
M5,0.008377,0.135362,0.008145,0.133598,0.008115,0.128692,0.000036,0.061129,0.000028,0.015445,0.000020,0.000451,households
M6,0.002574,0.082001,0.000075,0.075546,0.000055,0.062530,0.000026,0.047565,0.000020,0.031561,0.000014,0.018019,households
M7,0.036413,0.335433,0.034158,0.329300,0.030296,0.325499,0.022346,0.320905,0.014740,0.301659,0.009134,0.284080,households
M8,0.000343,0.005682,0.000167,0.003251,0.000145,0.001841,0.000113,0.000788,0.000107,0.000660,0.000101,0.000599,households
M9,0.000296,0.001876,0.000168,0.000941,0.000042,0.000853,0.000020,0.000493,0.000015,0.000290,0.000011,0.000246,households
M11,0.001295,0.003092,0.001113,0.001902,0.000061,0.001776,0.000028,0.000546,0.000022,0.000414,0.000016,0.000352,households
M12,0.000399,0.014086,0.000125,0.001460,0.000091,0.001126,0.000043,0.000823,0.000033,0.000625,0.000023,0.000530,households
M13,0.000413,0.020484,0.000130,0.002184,0.000094,0.001165,0.000044,0.000852,0.000034,0.000646,0.000024,0.000549,households
M14,0.097291,0.161959,0.011563,0.054858,0.007080,0.024950,0.001473,0.003473,0.001468,0.001757,0.000011,0.000259,households
M15,0.000320,0.024704,0.000100,0.009606,0.000073,0.000901,0.000034,0.000659,0.000026,0.000500,0.000019,0.000424,households
M16,0.045048,0.156306,0.008410,0.064197,0.007656,0.023875,0.000025,0.011425,0.000020,0.000371,0.000014,0.000315,households
M17,0.001365,0.006914,0.000429,0.004495,0.000312,0.003848,0.000146,0.002814,0.000113,0.002135,0.000080,0.001812,households
M18,0.000329,0.002235,0.000103,0.001083,0.000075,0.000928,0.000035,0.000678,0.000027,0.000515,0.000019,0.000437,households
M19,0.000671,0.028743,0.000077,0.001236,0.000056,0.000694,0.000026,0.000507,0.000020,0.000385,0.000014,0.000327,households
M20,0.017092,0.112572,0.005632,0.062251,0.002114,0.054977,0.000019,0.028479,0.000015,0.017192,0.000010,0.015030,households
M21,0.020090,0.107580,0.006798,0.071377,0.003739,0.059102,0.000030,0.017753,0.000023,0.001718,0.000016,0.001651,households
M22,0.003204,0.006034,0.000210,0.002857,0.000195,0.000631,0.000175,0.000504,0.000014,0.000263,0.000010,0.000223,households
M23,0.006579,0.022469,0.000077,0.003102,0.000056,0.000689,0.000026,0.000504,0.000020,0.000382,0.000014,0.000324,households
M24,0.000159,0.002765,0.000050,0.000980,0.000036,0.000905,0.000017,0.000784,0.000013,0.000705,0.000009,0.000667,households
M25,0.003685,0.007772,0.000080,0.006938,0.000058,0.004150,0.000027,0.003956,0.000021,0.000400,0.000015,0.000339,households
M26,0.019963,0.074761,0.015430,0.050913,0.009765,0.047281,0.002574,0.033506,0.001658,0.015908,0.001653,0.010754,households
M27,0.000184,0.000930,0.000058,0.000605,0.000042,0.000518,0.000020,0.000379,0.000015,0.000287,0.000011,0.000244,households
M28,0.002882,0.011674,0.002331,0.004262,0.002315,0.002905,0.000760,0.001125,0.000015,0.000293,0.000011,0.000248,households
M29,0.000351,0.010047,0.000110,0.008015,0.000080,0.006439,0.000037,0.006173,0.000029,0.000550,0.000021,0.000466,households
M30,0.005831,0.050546,0.001649,0.016193,0.001630,0.013092,0.001604,0.004532,0.001599,0.001917,0.000013,0.000285,households
M31,0.000716,0.003629,0.000225,0.002359,0.000164,0.002020,0.000076,0.001477,0.000059,0.001121,0.000042,0.000951,households
M32,0.002313,0.051196,0.000098,0.024636,0.000071,0.020326,0.000033,0.010567,0.000026,0.006891,0.000018,0.000815,households
M33,0.016302,0.030785,0.000195,0.011354,0.000030,0.009031,0.000014,0.007169,0.000011,0.005647,0.000008,0.001899,households
M34,0.000160,0.000810,0.000050,0.000527,0.000037,0.000451,0.000017,0.000330,0.000013,0.000250,0.000009,0.000212,households
M35,0.000372,0.001885,0.000117,0.001225,0.000085,0.001049,0.000040,0.000767,0.000031,0.000582,0.000022,0.000494,households
M38,0.000582,0.002949,0.000183,0.001917,0.000133,0.001641,0.000062,0.001200,0.000048,0.000911,0.000034,0.000773,households
M40,0.007020,0.008707,0.000254,0.000689,0.000242,0.000620,0.000016,0.000301,0.000012,0.000228,0.000009,0.000194,households
M41,0.003099,0.017406,0.001736,0.015434,0.000157,0.013667,0.000021,0.007717,0.000017,0.004272,0.000012,0.000377,households
M43,0.000320,0.001622,0.000101,0.001054,0.000073,0.000903,0.000034,0.000660,0.000026,0.000501,0.000019,0.000425,households
M44,0.010874,0.067359,0.006952,0.063102,0.000094,0.054947,0.000044,0.039398,0.000034,0.035554,0.000024,0.032158,households
M45,0.000320,0.007770,0.000101,0.001054,0.000073,0.000903,0.000034,0.000660,0.000026,0.000501,0.000019,0.000425,households
M46,0.000343,0.016470,0.000108,0.007152,0.000078,0.006990,0.000037,0.006730,0.000028,0.004335,0.000020,0.004254,households
M50,0.000981,0.249038,0.000308,0.114035,0.000224,0.074638,0.000105,0.017744,0.000081,0.001534,0.000058,0.001302,households
M90,0.002658,0.013465,0.000835,0.008753,0.000608,0.007494,0.000284,0.005480,0.000219,0.004158,0.000156,0.003529,households
ME1,0.008378,0.020627,0.008133,0.017691,0.007832,0.011312,0.001888,0.007986,0.001845,0.002000,0.000333,0.000455,households
ME2,0.034009,0.038636,0.031689,0.033132,0.028099,0.031607,0.024127,0.029408,0.019229,0.026746,0.011758,0.017488,households
ME3,0.003166,0.014252,0.002572,0.013796,0.002552,0.005658,0.000134,0.003927,0.000092,0.001060,0.000053,0.000337,households
ME4,0.012395,0.095560,0.011021,0.080050,0.010997,0.065866,0.006209,0.037243,0.006161,0.009807,0.006116,0.007657,households
ME5,0.000268,0.000548,0.000179,0.000437,0.000161,0.000378,0.000115,0.000292,0.000079,0.000210,0.000045,0.000149,households
ME6,0.000937,0.001914,0.000624,0.001524,0.000563,0.001321,0.000401,0.001020,0.000274,0.000734,0.000158,0.000520,households
ME7,0.015132,0.033967,0.014948,0.033619,0.014930,0.025230,0.014553,0.025144,0.008978,0.013843,0.000045,0.006255,households
ME8,0.000240,0.000726,0.000160,0.000391,0.000144,0.000339,0.000103,0.000262,0.000070,0.000188,0.000040,0.000133,households
ME9,0.011906,0.013286,0.005737,0.007092,0.005291,0.006920,0.005239,0.006078,0.000089,0.005986,0.000051,0.000168,households
ME10,0.001415,0.013865,0.000535,0.013107,0.000519,0.011077,0.000102,0.004075,0.000069,0.000846,0.000040,0.000132,households
ME11,0.002219,0.015846,0.001478,0.003610,0.001333,0.003129,0.000951,0.002416,0.000650,0.001739,0.000374,0.001232,households
ME12,0.012394,0.028031,0.008948,0.009403,0.008929,0.009164,0.006940,0.008365,0.005255,0.005398,0.003280,0.003393,households
ME13,0.016942,0.021954,0.010530,0.021531,0.009090,0.021159,0.002087,0.017281,0.002052,0.013091,0.000597,0.004175,households
ME14,0.002027,0.003995,0.001937,0.003884,0.001709,0.003825,0.000115,0.003740,0.000078,0.003095,0.000045,0.000148,households
ME15,0.007529,0.017618,0.003426,0.010019,0.003413,0.008862,0.003008,0.007778,0.000058,0.006744,0.000033,0.003033,households
ME16,0.035730,0.072984,0.014287,0.070098,0.014265,0.068377,0.013589,0.043647,0.009222,0.043543,0.005613,0.040172,households
ME17,0.001340,0.002599,0.000346,0.001039,0.000148,0.000803,0.000106,0.000268,0.000072,0.000193,0.000041,0.000137,households
ME18,0.161943,0.203464,0.113860,0.192880,0.095180,0.189288,0.067408,0.185611,0.056432,0.179153,0.053536,0.177725,households
ME19,0.007684,0.011079,0.000231,0.000565,0.000209,0.000490,0.000149,0.000378,0.000102,0.000272,0.000059,0.000193,households
ME20,0.058879,0.091926,0.027462,0.051168,0.018454,0.041440,0.006258,0.035124,0.000678,0.022866,0.000620,0.015728,households
MK1,0.000747,0.004271,0.000270,0.002013,0.000164,0.000972,0.000037,0.000095,0.000017,0.000018,0.000014,0.000015,households
MK2,0.001038,0.001787,0.000937,0.001307,0.000914,0.001086,0.000008,0.000020,0.000004,0.000004,0.000003,0.000003,households
MK3,0.002850,0.003282,0.000033,0.000247,0.000020,0.000119,0.000005,0.000012,0.000002,0.000002,0.000002,0.000002,households
MK4,0.001381,0.001834,0.000035,0.000259,0.000021,0.000125,0.000005,0.000012,0.000002,0.000002,0.000002,0.000002,households
MK5,0.000144,0.000822,0.000052,0.000387,0.000032,0.000187,0.000007,0.000018,0.000003,0.000003,0.000003,0.000003,households
MK6,0.000101,0.000575,0.000036,0.000271,0.000022,0.000131,0.000005,0.000013,0.000002,0.000002,0.000002,0.000002,households
MK7,0.015965,0.036274,0.010074,0.021241,0.000035,0.003492,0.000008,0.000020,0.000003,0.000004,0.000003,0.000003,households
MK8,0.000120,0.000687,0.000043,0.000324,0.000026,0.000156,0.000006,0.000015,0.000003,0.000003,0.000002,0.000002,households
MK9,0.000249,0.001424,0.000090,0.000671,0.000055,0.000324,0.000012,0.000032,0.000006,0.000006,0.000005,0.000005,households
MK10,0.000107,0.029785,0.000039,0.014819,0.000023,0.010423,0.000005,0.000014,0.000002,0.000003,0.000002,0.000002,households
MK11,0.005051,0.010971,0.003645,0.009008,0.003612,0.003865,0.000012,0.000030,0.000005,0.000005,0.000005,0.000005,households
MK12,0.000202,0.001156,0.000073,0.000545,0.000044,0.000263,0.000010,0.000026,0.000004,0.000005,0.000004,0.000004,households
MK13,0.000122,0.000695,0.000044,0.000327,0.000027,0.000158,0.000006,0.000015,0.000003,0.000003,0.000002,0.000003,households
MK14,0.000129,0.000737,0.000047,0.000347,0.000028,0.000168,0.000006,0.000016,0.000003,0.000003,0.000002,0.000003,households
MK15,0.000573,0.001875,0.000100,0.000743,0.000061,0.000359,0.000014,0.000035,0.000006,0.000006,0.000005,0.000006,households
MK16,0.015745,0.068817,0.004850,0.012076,0.000384,0.002785,0.000005,0.000014,0.000002,0.000002,0.000002,0.000002,households
MK17,0.001100,0.001760,0.000369,0.000525,0.000359,0.000431,0.000003,0.000009,0.000001,0.000002,0.000001,0.000001,households
MK18,0.005909,0.007256,0.000855,0.003411,0.000848,0.002087,0.000072,0.000076,0.000071,0.000071,0.000001,0.000071,households
MK19,0.000168,0.001143,0.000061,0.000635,0.000037,0.000402,0.000008,0.000021,0.000004,0.000004,0.000003,0.000003,households
MK40,0.000069,0.019822,0.000025,0.008316,0.000015,0.003258,0.000003,0.000009,0.000002,0.000002,0.000001,0.000001,households
MK41,0.000113,0.008199,0.000076,0.005510,0.000067,0.001332,0.000058,0.000062,0.000056,0.000056,0.000001,0.000001,households
MK42,0.005888,0.093697,0.000871,0.050478,0.000864,0.025753,0.000002,0.002476,0.000001,0.000001,0.000001,0.000001,households
MK43,0.002831,0.007756,0.002797,0.002924,0.002789,0.002848,0.001657,0.001661,0.000828,0.000828,0.000828,0.000828,households
MK44,0.003020,0.006099,0.001009,0.001640,0.000996,0.001513,0.000841,0.000988,0.000002,0.000142,0.000002,0.000002,households
MK45,0.006186,0.007945,0.002223,0.003964,0.002120,0.002268,0.000002,0.000006,0.000001,0.000001,0.000001,0.000001,households
MK46,0.000190,0.001088,0.000069,0.000513,0.000042,0.000248,0.000009,0.000024,0.000004,0.000004,0.000004,0.000004,households
ML1,0.000000,0.000000,0.000000,0.000000,0.000000,0.000000,0.000000,0.000000,0.000000,0.000000,0.000000,0.000000,households
ML2,0.000000,0.000000,0.000000,0.000000,0.000000,0.000000,0.000000,0.000000,0.000000,0.000000,0.000000,0.000000,households
ML3,0.000000,0.000000,0.000000,0.000000,0.000000,0.000000,0.000000,0.000000,0.000000,0.000000,0.000000,0.000000,households
ML4,0.000000,0.000000,0.000000,0.000000,0.000000,0.000000,0.000000,0.000000,0.000000,0.000000,0.000000,0.000000,households
ML5,0.000000,0.000000,0.000000,0.000000,0.000000,0.000000,0.000000,0.000000,0.000000,0.000000,0.000000,0.000000,households
ML6,0.000000,0.000000,0.000000,0.000000,0.000000,0.000000,0.000000,0.000000,0.000000,0.000000,0.000000,0.000000,households
ML7,0.000000,0.000000,0.000000,0.000000,0.000000,0.000000,0.000000,0.000000,0.000000,0.000000,0.000000,0.000000,households
ML8,0.000000,0.000000,0.000000,0.000000,0.000000,0.000000,0.000000,0.000000,0.000000,0.000000,0.000000,0.000000,households
ML9,0.000000,0.000000,0.000000,0.000000,0.000000,0.000000,0.000000,0.000000,0.000000,0.000000,0.000000,0.000000,households
ML10,0.000000,0.000000,0.000000,0.000000,0.000000,0.000000,0.000000,0.000000,0.000000,0.000000,0.000000,0.000000,households
ML11,0.000000,0.000000,0.000000,0.000000,0.000000,0.000000,0.000000,0.000000,0.000000,0.000000,0.000000,0.000000,households
ML12,0.000000,0.000000,0.000000,0.000000,0.000000,0.000000,0.000000,0.000000,0.000000,0.000000,0.000000,0.000000,households
N1,0.000066,0.000325,0.000024,0.000204,0.000020,0.000174,0.000007,0.000095,0.000004,0.000059,0.000002,0.000024,households
N1C,0.001410,0.006890,0.000511,0.004334,0.000415,0.003695,0.000143,0.002016,0.000095,0.001254,0.000050,0.000504,households
N2,0.000270,0.018729,0.000098,0.000831,0.000080,0.000708,0.000027,0.000386,0.000018,0.000240,0.000010,0.000097,households
N3,0.003503,0.004412,0.003354,0.003988,0.003338,0.003882,0.003293,0.003604,0.003285,0.003478,0.000008,0.000084,households
N4,0.000167,0.000814,0.000060,0.000512,0.000049,0.000436,0.000017,0.000238,0.000011,0.000148,0.000006,0.000060,households
N5,0.000343,0.001677,0.000124,0.001055,0.000101,0.000899,0.000035,0.000491,0.000023,0.000305,0.000012,0.000123,households
N6,0.000285,0.001392,0.000103,0.000876,0.000084,0.000746,0.000029,0.000407,0.000019,0.000253,0.000010,0.000102,households
N7,0.000162,0.000793,0.000059,0.000499,0.000048,0.000425,0.000016,0.000232,0.000011,0.000144,0.000006,0.000058,households
N8,0.000207,0.001013,0.000075,0.000637,0.000061,0.000543,0.000021,0.000296,0.000014,0.000184,0.000007,0.000074,households
N9,0.033973,0.228005,0.019289,0.167301,0.016352,0.153588,0.003100,0.072921,0.000011,0.036829,0.000006,0.002776,households
N10,0.000290,0.001414,0.000105,0.000890,0.000085,0.000759,0.000029,0.000414,0.000019,0.000257,0.000010,0.000104,households
N11,0.000232,0.006052,0.000084,0.000714,0.000068,0.000609,0.000024,0.000332,0.000016,0.000207,0.000008,0.000083,households
N12,0.002057,0.002860,0.001925,0.002486,0.000061,0.001588,0.000021,0.000296,0.000014,0.000184,0.000007,0.000074,households
N13,0.012294,0.065754,0.007497,0.042451,0.005012,0.038552,0.000027,0.027286,0.000018,0.021514,0.000009,0.016746,households
N14,0.001301,0.005307,0.000076,0.004924,0.000062,0.004829,0.000021,0.003571,0.000014,0.002703,0.000007,0.002591,households
N15,0.000199,0.000975,0.000072,0.000613,0.000059,0.000523,0.000020,0.000285,0.000013,0.000177,0.000007,0.000071,households
N16,0.000131,0.000638,0.000047,0.000401,0.000038,0.000342,0.000013,0.000187,0.000009,0.000116,0.000005,0.000047,households
N17,0.033964,0.141987,0.006331,0.072666,0.006322,0.054905,0.000013,0.028005,0.000009,0.016324,0.000005,0.007404,households
N18,0.057018,0.252521,0.014592,0.163082,0.009550,0.132897,0.009500,0.082914,0.009491,0.062509,0.007341,0.032056,households
N19,0.000228,0.001115,0.000083,0.000702,0.000067,0.000598,0.000023,0.000326,0.000015,0.000203,0.000008,0.000082,households
N20,0.000267,0.001306,0.000097,0.000821,0.000079,0.000700,0.000027,0.000382,0.000018,0.000238,0.000009,0.000096,households
N21,0.008952,0.010375,0.005750,0.008964,0.005732,0.008847,0.004844,0.008120,0.002007,0.003058,0.000009,0.002920,households
N22,0.000213,0.001039,0.000077,0.000653,0.000063,0.000557,0.000022,0.000304,0.000014,0.000189,0.000007,0.000076,households
NE1,0.005475,0.005722,0.000057,0.002724,0.000049,0.000237,0.000035,0.000183,0.000025,0.000131,0.000009,0.000079,households
NE2,0.000108,0.000352,0.000056,0.000261,0.000049,0.000234,0.000035,0.000181,0.000024,0.000129,0.000008,0.000078,households
NE3,0.006399,0.017761,0.000366,0.007406,0.000363,0.007393,0.000015,0.006134,0.000011,0.003254,0.000004,0.000035,households
NE4,0.000068,0.000223,0.000036,0.000166,0.000031,0.000148,0.000022,0.000115,0.000015,0.000082,0.000005,0.000050,households
NE5,0.000048,0.000157,0.000025,0.000117,0.000022,0.000104,0.000015,0.000081,0.000011,0.000058,0.000004,0.000035,households
NE6,0.000560,0.000679,0.000534,0.000635,0.000531,0.000621,0.000524,0.000596,0.000519,0.000570,0.000511,0.000545,households
NE7,0.000189,0.000618,0.000099,0.000459,0.000085,0.000410,0.000061,0.000318,0.000043,0.000227,0.000015,0.000137,households
NE8,0.000077,0.000252,0.000040,0.000187,0.000035,0.000167,0.000025,0.000129,0.000017,0.000092,0.000006,0.000056,households
NE9,0.000065,0.000214,0.000034,0.000159,0.000030,0.000142,0.000021,0.000110,0.000015,0.000078,0.000005,0.000048,households
NE10,0.000073,0.000239,0.000038,0.000178,0.000033,0.000159,0.000023,0.000123,0.000016,0.000088,0.000006,0.000053,households
NE11,0.000254,0.008860,0.000196,0.007304,0.000187,0.001057,0.000039,0.000998,0.000027,0.000145,0.000009,0.000088,households
NE12,0.000067,0.000569,0.000035,0.000513,0.000030,0.000495,0.000022,0.000463,0.000015,0.000430,0.000005,0.000049,households
NE13,0.000654,0.006331,0.000058,0.005695,0.000050,0.000241,0.000036,0.000187,0.000025,0.000133,0.000009,0.000081,households
NE15,0.000060,0.000848,0.000031,0.000798,0.000027,0.000782,0.000019,0.000753,0.000013,0.000071,0.000005,0.000043,households
NE16,0.007780,0.007942,0.007312,0.007449,0.007307,0.007430,0.007298,0.007395,0.007291,0.007361,0.000006,0.007327,households
NE17,0.054628,0.067286,0.041702,0.042269,0.041682,0.042192,0.036849,0.037253,0.012052,0.036310,0.000023,0.010203,households
NE18,0.000613,0.002004,0.000320,0.001490,0.000277,0.001331,0.000197,0.001031,0.000138,0.000735,0.000048,0.000446,households
NE19,0.001197,0.005579,0.000123,0.000573,0.000107,0.000512,0.000076,0.000397,0.000053,0.000283,0.000018,0.000172,households
NE20,0.010086,0.012181,0.001695,0.003202,0.000057,0.001540,0.000040,0.001298,0.000028,0.000150,0.000010,0.000091,households
NE21,0.014387,0.065999,0.000052,0.065915,0.000045,0.055804,0.000032,0.016977,0.000023,0.000120,0.000008,0.000073,households
NE22,0.000101,0.000330,0.000053,0.000245,0.000046,0.000219,0.000032,0.000170,0.000023,0.000121,0.000008,0.000073,households
NE23,0.001691,0.008859,0.001667,0.002531,0.000023,0.000878,0.000017,0.000087,0.000012,0.000062,0.000004,0.000038,households
NE24,0.000051,0.001829,0.000026,0.001787,0.000023,0.000110,0.000016,0.000085,0.000011,0.000061,0.000004,0.000037,households
NE25,0.003941,0.010650,0.000042,0.002722,0.000036,0.002701,0.000026,0.002662,0.000018,0.002623,0.000006,0.000058,households
NE26,0.000103,0.000338,0.000054,0.000251,0.000047,0.000224,0.000033,0.000174,0.000023,0.000124,0.000008,0.000075,households
NE27,0.000159,0.000520,0.000083,0.000387,0.000072,0.000345,0.000051,0.000267,0.000036,0.000191,0.000012,0.000116,households
NE28,0.003789,0.012235,0.002593,0.003865,0.002139,0.002681,0.002132,0.002205,0.000012,0.000064,0.000004,0.000039,households
NE29,0.007787,0.007919,0.007759,0.007870,0.007755,0.007855,0.003998,0.006731,0.003993,0.006702,0.001331,0.001369,households
NE30,0.000086,0.000282,0.000045,0.000210,0.000039,0.000188,0.000028,0.000145,0.000019,0.000104,0.000007,0.000063,households
NE31,0.000107,0.000350,0.000056,0.000260,0.000048,0.000232,0.000034,0.000180,0.000024,0.000128,0.000008,0.000078,households
NE32,0.000081,0.000264,0.000042,0.000196,0.000036,0.000175,0.000026,0.000136,0.000018,0.000097,0.000006,0.000059,households
NE33,0.000296,0.000462,0.000038,0.000401,0.000033,0.000158,0.000023,0.000123,0.000016,0.000087,0.000006,0.000053,households
NE34,0.000052,0.000169,0.000027,0.000126,0.000023,0.000112,0.000017,0.000087,0.000012,0.000062,0.000004,0.000038,households
NE35,0.000370,0.001210,0.000193,0.000900,0.000167,0.000804,0.000119,0.000623,0.000083,0.000444,0.000029,0.000269,households
NE36,0.000239,0.002290,0.000125,0.000581,0.000108,0.000519,0.000077,0.000402,0.000054,0.000286,0.000019,0.000174,households
NE37,0.000103,0.000336,0.000054,0.000250,0.000046,0.000224,0.000033,0.000173,0.000023,0.000123,0.000008,0.000075,households
NE38,0.002395,0.002585,0.002075,0.002515,0.002069,0.002493,0.001848,0.002452,0.001840,0.002132,0.000007,0.002092,households
NE39,0.000410,0.000788,0.000330,0.000648,0.000075,0.000362,0.000054,0.000280,0.000038,0.000200,0.000013,0.000121,households
NE40,0.000104,0.000476,0.000055,0.000389,0.000047,0.000361,0.000034,0.000176,0.000024,0.000125,0.000008,0.000076,households
NE41,0.000476,0.001555,0.000248,0.001156,0.000215,0.001033,0.000153,0.000800,0.000107,0.000570,0.000037,0.000346,households
NE42,0.000145,0.002353,0.000076,0.001890,0.000066,0.001852,0.000047,0.001610,0.000033,0.000174,0.000011,0.000106,households
NE43,0.010099,0.015334,0.005759,0.010909,0.005742,0.010847,0.000076,0.005096,0.000054,0.000285,0.000019,0.000173,households
NE44,0.011528,0.012698,0.000269,0.012266,0.000233,0.012132,0.000166,0.011880,0.000116,0.011631,0.000040,0.000375,households
NE45,0.025344,0.025921,0.025222,0.025708,0.025204,0.025642,0.025171,0.025517,0.025147,0.025394,0.017941,0.018106,households
NE46,0.007006,0.024229,0.003782,0.005993,0.003361,0.005559,0.002797,0.004832,0.001403,0.004106,0.000699,0.003796,households
NE47,0.047712,0.164171,0.037585,0.152611,0.027494,0.139141,0.008713,0.130973,0.008704,0.077985,0.006450,0.038163,households
NE48,0.027809,0.030562,0.001548,0.023043,0.001539,0.023010,0.001523,0.017017,0.000028,0.016958,0.000010,0.014922,households
NE49,0.008472,0.011192,0.008384,0.010117,0.003767,0.004543,0.001440,0.003072,0.000041,0.001602,0.000014,0.001515,households
NE61,0.003271,0.066274,0.000970,0.062374,0.000968,0.061984,0.000519,0.055560,0.000262,0.045902,0.000257,0.032501,households
NE62,0.000184,0.000601,0.000096,0.000447,0.000083,0.000399,0.000059,0.000309,0.000041,0.000221,0.000014,0.000134,households
NE63,0.000145,0.000307,0.000111,0.000247,0.000106,0.000229,0.000097,0.000194,0.000090,0.000159,0.000006,0.000052,households
NE64,0.006269,0.073171,0.001720,0.072312,0.001070,0.072241,0.000087,0.046226,0.000061,0.041044,0.000021,0.030184,households
NE65,0.005005,0.020707,0.001058,0.015503,0.001055,0.014045,0.001048,0.008343,0.000837,0.005015,0.000830,0.004992,households
NE66,0.001830,0.003374,0.000265,0.000842,0.000025,0.000355,0.000017,0.000091,0.000012,0.000065,0.000004,0.000039,households
NE67,0.034901,0.035836,0.034705,0.035491,0.034676,0.035384,0.026958,0.027518,0.009673,0.010074,0.007697,0.007964,households
NE68,0.000421,0.001377,0.000220,0.001024,0.000190,0.000915,0.000135,0.000709,0.000095,0.000505,0.000033,0.000306,households
NE69,0.000968,0.003164,0.000505,0.002353,0.000437,0.002102,0.000311,0.001628,0.000218,0.001161,0.000076,0.000704,households
NE70,0.001408,0.002249,0.000193,0.000900,0.000167,0.000804,0.000119,0.000623,0.000083,0.000444,0.000029,0.000269,households
NE71,0.005130,0.049535,0.000137,0.000639,0.000119,0.000571,0.000084,0.000442,0.000059,0.000315,0.000020,0.000191,households
NG1,0.033149,0.055458,0.003926,0.054698,0.003803,0.052506,0.000084,0.047153,0.000034,0.039839,0.000012,0.000280,households
NG2,0.058105,0.398602,0.023823,0.333843,0.010642,0.296749,0.000624,0.117274,0.000367,0.043739,0.000357,0.021103,households
NG3,0.000367,0.001571,0.000189,0.001237,0.000119,0.001061,0.000047,0.000548,0.000019,0.000280,0.000007,0.000159,households
NG4,0.044153,0.118250,0.031508,0.070931,0.014394,0.042000,0.000054,0.003877,0.000022,0.000317,0.000008,0.000179,households
NG5,0.003938,0.005421,0.001495,0.003305,0.000735,0.002487,0.000026,0.001124,0.000011,0.000153,0.000004,0.000087,households
NG6,0.019555,0.028954,0.009843,0.019035,0.005821,0.008053,0.001970,0.003559,0.000777,0.001759,0.000760,0.000962,households
NG7,0.054099,0.101598,0.027105,0.091682,0.007457,0.083116,0.000143,0.056224,0.000118,0.019987,0.000107,0.007090,households
NG8,0.024325,0.038081,0.015216,0.033079,0.010678,0.031534,0.004557,0.014027,0.001329,0.005765,0.000006,0.001452,households
NG9,0.016630,0.184689,0.009789,0.152375,0.006709,0.121508,0.000500,0.040336,0.000106,0.008221,0.000098,0.005577,households
NG10,0.010536,0.392543,0.009247,0.326875,0.009174,0.291275,0.008272,0.217336,0.003098,0.148844,0.000972,0.086843,households
NG11,0.061732,0.111951,0.045147,0.090490,0.029287,0.080050,0.017822,0.051519,0.008936,0.039830,0.001634,0.034993,households
NG12,0.004996,0.014574,0.000761,0.013984,0.000691,0.012602,0.000618,0.006825,0.000590,0.000853,0.000197,0.000730,households
NG13,0.017659,0.087814,0.003880,0.055379,0.001675,0.041802,0.000069,0.030141,0.000028,0.013828,0.000010,0.004136,households
NG14,0.101372,0.208705,0.044378,0.142864,0.041475,0.120882,0.032193,0.063891,0.001888,0.023320,0.001866,0.014532,households
NG15,0.013235,0.017775,0.001841,0.004127,0.001768,0.002947,0.000049,0.002214,0.000020,0.001936,0.000007,0.001809,households
NG16,0.005041,0.006644,0.002054,0.003057,0.001271,0.002058,0.000592,0.001129,0.000014,0.000761,0.000005,0.000115,households
NG17,0.000235,0.001006,0.000121,0.000793,0.000076,0.000680,0.000030,0.000351,0.000012,0.000180,0.000004,0.000102,households
NG18,0.000477,0.003098,0.000318,0.002800,0.000256,0.002642,0.000192,0.002184,0.000167,0.001846,0.000156,0.001687,households
NG19,0.000309,0.001860,0.000159,0.001081,0.000100,0.000933,0.000040,0.000502,0.000016,0.000236,0.000006,0.000133,households
NG20,0.000842,0.002523,0.000594,0.002057,0.000496,0.001811,0.000066,0.001095,0.000027,0.000391,0.000009,0.000221,households
NG21,0.002022,0.004107,0.001714,0.003529,0.001593,0.003224,0.000082,0.002336,0.000034,0.001872,0.000012,0.001661,households
NG22,0.015342,0.022296,0.010889,0.018313,0.006877,0.017716,0.000615,0.017148,0.000022,0.015326,0.000007,0.012541,households
NG23,0.077257,0.224773,0.030590,0.168934,0.026936,0.162069,0.016031,0.105748,0.008624,0.057611,0.000377,0.030304,households
NG24,0.029995,0.105924,0.023856,0.070923,0.018995,0.058974,0.007634,0.019846,0.006697,0.012582,0.003620,0.010150,households
NG25,0.003873,0.081676,0.001596,0.051102,0.000642,0.046915,0.000160,0.016694,0.000066,0.014114,0.000023,0.000536,households
NG31,0.010676,0.042182,0.000223,0.035632,0.000158,0.031515,0.000044,0.015321,0.000018,0.001642,0.000006,0.000481,households
NG32,0.011311,0.013591,0.001143,0.004008,0.001030,0.002551,0.000914,0.001723,0.000031,0.000453,0.000011,0.000256,households
NG33,0.008767,0.012672,0.000626,0.007080,0.000477,0.004486,0.000102,0.003168,0.000042,0.000600,0.000014,0.000339,households
NG34,0.004136,0.027367,0.000144,0.017189,0.000091,0.013918,0.000036,0.001908,0.000015,0.000213,0.000005,0.000121,households
NG90,0.019035,0.081468,0.009807,0.064160,0.006184,0.055014,0.002462,0.028421,0.001009,0.014539,0.000347,0.008222,households
NN1,0.002388,0.005546,0.000810,0.001544,0.000808,0.000984,0.000804,0.000922,0.000802,0.000883,0.000000,0.000859,households
NN2,0.000052,0.000271,0.000010,0.000206,0.000007,0.000181,0.000003,0.000120,0.000002,0.000081,0.000000,0.000057,households
NN3,0.008340,0.009405,0.000006,0.009367,0.000004,0.009352,0.000002,0.001007,0.000001,0.000047,0.000000,0.000033,households
NN4,0.002386,0.037677,0.000008,0.021507,0.000006,0.010645,0.000003,0.003172,0.000002,0.000163,0.000000,0.000143,households
NN5,0.000045,0.069964,0.000008,0.063613,0.000006,0.062903,0.000003,0.054439,0.000002,0.039856,0.000000,0.028249,households
NN6,0.006544,0.007810,0.001697,0.003010,0.000693,0.002556,0.000127,0.001140,0.000126,0.000177,0.000000,0.000036,households
NN7,0.002867,0.018231,0.002601,0.017945,0.001684,0.017466,0.000841,0.013142,0.000535,0.010288,0.000000,0.007903,households
NN8,0.000209,0.000744,0.000050,0.000262,0.000049,0.000158,0.000046,0.000120,0.000001,0.000095,0.000000,0.000080,households
NN9,0.000057,0.004834,0.000011,0.002572,0.000008,0.000197,0.000003,0.000131,0.000002,0.000089,0.000000,0.000062,households
NN10,0.000046,0.002509,0.000009,0.002396,0.000006,0.002374,0.000003,0.000770,0.000002,0.000072,0.000000,0.000050,households
NN11,0.000034,0.001685,0.000006,0.000132,0.000005,0.000116,0.000002,0.000077,0.000001,0.000052,0.000000,0.000037,households
NN12,0.000048,0.000335,0.000009,0.000275,0.000007,0.000252,0.000003,0.000109,0.000002,0.000074,0.000000,0.000052,households
NN13,0.000070,0.000362,0.000013,0.000275,0.000010,0.000241,0.000004,0.000160,0.000003,0.000108,0.000000,0.000076,households
NN14,0.002470,0.002604,0.001648,0.001768,0.001646,0.001753,0.000450,0.001616,0.000001,0.001144,0.000000,0.000035,households
NN15,0.000041,0.001653,0.000008,0.000738,0.000006,0.000718,0.000002,0.000095,0.000002,0.000064,0.000000,0.000045,households
NN16,0.000048,0.000249,0.000009,0.000189,0.000007,0.000166,0.000003,0.000110,0.000002,0.000075,0.000000,0.000053,households
NN17,0.004108,0.004298,0.000008,0.000179,0.000006,0.000157,0.000003,0.000104,0.000002,0.000070,0.000000,0.000049,households
NN18,0.000059,0.000682,0.000011,0.000609,0.000008,0.000581,0.000004,0.000134,0.000002,0.000091,0.000000,0.000064,households
NN29,0.001043,0.001596,0.000754,0.001249,0.000747,0.001185,0.000190,0.000484,0.000187,0.000387,0.000000,0.000144,households
NP4,0.000000,0.000000,0.000000,0.000000,0.000000,0.000000,0.000000,0.000000,0.000000,0.000000,0.000000,0.000000,households
NP7,0.000000,0.000000,0.000000,0.000000,0.000000,0.000000,0.000000,0.000000,0.000000,0.000000,0.000000,0.000000,households
NP8,0.000000,0.000000,0.000000,0.000000,0.000000,0.000000,0.000000,0.000000,0.000000,0.000000,0.000000,0.000000,households
NP10,0.000000,0.000000,0.000000,0.000000,0.000000,0.000000,0.000000,0.000000,0.000000,0.000000,0.000000,0.000000,households
NP11,0.000000,0.000000,0.000000,0.000000,0.000000,0.000000,0.000000,0.000000,0.000000,0.000000,0.000000,0.000000,households
NP12,0.000000,0.000000,0.000000,0.000000,0.000000,0.000000,0.000000,0.000000,0.000000,0.000000,0.000000,0.000000,households
NP13,0.000000,0.000000,0.000000,0.000000,0.000000,0.000000,0.000000,0.000000,0.000000,0.000000,0.000000,0.000000,households
NP15,0.000000,0.000000,0.000000,0.000000,0.000000,0.000000,0.000000,0.000000,0.000000,0.000000,0.000000,0.000000,households
NP16,0.000000,0.000000,0.000000,0.000000,0.000000,0.000000,0.000000,0.000000,0.000000,0.000000,0.000000,0.000000,households
NP18,0.000000,0.000000,0.000000,0.000000,0.000000,0.000000,0.000000,0.000000,0.000000,0.000000,0.000000,0.000000,households
NP19,0.000000,0.000000,0.000000,0.000000,0.000000,0.000000,0.000000,0.000000,0.000000,0.000000,0.000000,0.000000,households
NP20,0.000000,0.000000,0.000000,0.000000,0.000000,0.000000,0.000000,0.000000,0.000000,0.000000,0.000000,0.000000,households
NP22,0.000000,0.000000,0.000000,0.000000,0.000000,0.000000,0.000000,0.000000,0.000000,0.000000,0.000000,0.000000,households
NP23,0.000000,0.000000,0.000000,0.000000,0.000000,0.000000,0.000000,0.000000,0.000000,0.000000,0.000000,0.000000,households
NP24,0.000000,0.000000,0.000000,0.000000,0.000000,0.000000,0.000000,0.000000,0.000000,0.000000,0.000000,0.000000,households
NP25,0.000000,0.000000,0.000000,0.000000,0.000000,0.000000,0.000000,0.000000,0.000000,0.000000,0.000000,0.000000,households
NP26,0.000000,0.000000,0.000000,0.000000,0.000000,0.000000,0.000000,0.000000,0.000000,0.000000,0.000000,0.000000,households
NP44,0.000000,0.000000,0.000000,0.000000,0.000000,0.000000,0.000000,0.000000,0.000000,0.000000,0.000000,0.000000,households
NR1,0.020226,0.068726,0.014722,0.054575,0.008663,0.044681,0.003754,0.021568,0.000009,0.011445,0.000004,0.008684,households
NR2,0.000222,0.069176,0.000124,0.061554,0.000080,0.060869,0.000037,0.041745,0.000009,0.025068,0.000004,0.010523,households
NR3,0.001730,0.043925,0.001643,0.036933,0.001605,0.029175,0.001567,0.007272,0.000008,0.001085,0.000003,0.000089,households
NR4,0.000276,0.001003,0.000153,0.000716,0.000099,0.000599,0.000046,0.000348,0.000011,0.000198,0.000005,0.000126,households
NR5,0.000248,0.000901,0.000138,0.000643,0.000089,0.000538,0.000041,0.000313,0.000010,0.000178,0.000004,0.000113,households
NR6,0.001912,0.003265,0.001802,0.003008,0.000965,0.002553,0.000917,0.001977,0.000886,0.001054,0.000881,0.000989,households
NR7,0.001631,0.002133,0.001547,0.001935,0.001008,0.001353,0.000909,0.001118,0.000321,0.000450,0.000003,0.000087,households
NR8,0.000820,0.006087,0.000176,0.001325,0.000114,0.001191,0.000053,0.000601,0.000013,0.000227,0.000006,0.000145,households
NR9,0.002684,0.007365,0.002590,0.006907,0.001724,0.006817,0.001683,0.003329,0.000009,0.002153,0.000004,0.000451,households
NR10,0.000211,0.000766,0.000117,0.000547,0.000076,0.000458,0.000035,0.000266,0.000009,0.000151,0.000004,0.000097,households
NR11,0.004404,0.006371,0.002656,0.003397,0.001621,0.002316,0.000255,0.000475,0.000008,0.000365,0.000003,0.000313,households
NR12,0.020900,0.045223,0.010017,0.013510,0.007036,0.007838,0.001404,0.001592,0.000007,0.000123,0.000003,0.000078,households
NR13,0.009109,0.009643,0.007776,0.008146,0.005209,0.008085,0.002483,0.005893,0.000641,0.000816,0.000637,0.000700,households
NR14,0.010430,0.011944,0.005390,0.005729,0.003205,0.003507,0.002593,0.002776,0.000586,0.002685,0.000334,0.002394,households
NR15,0.001670,0.002350,0.000991,0.001517,0.000940,0.001408,0.000608,0.000891,0.000575,0.000750,0.000569,0.000683,households
NR16,0.005165,0.006690,0.000170,0.001513,0.000110,0.000664,0.000051,0.000386,0.000012,0.000219,0.000005,0.000140,households
NR17,0.000766,0.001460,0.000649,0.001187,0.000095,0.000572,0.000044,0.000333,0.000011,0.000189,0.000005,0.000121,households
NR18,0.003370,0.005297,0.001213,0.001702,0.000086,0.000521,0.000040,0.000303,0.000010,0.000172,0.000004,0.000110,households
NR19,0.001100,0.002598,0.000993,0.001488,0.000623,0.001385,0.000040,0.000628,0.000010,0.000174,0.000004,0.000111,households
NR20,0.001428,0.002128,0.000100,0.000693,0.000064,0.000617,0.000030,0.000454,0.000007,0.000356,0.000003,0.000309,households
NR21,0.002396,0.006925,0.000110,0.004004,0.000071,0.003920,0.000033,0.001155,0.000008,0.001047,0.000003,0.000090,households
NR22,0.001908,0.006934,0.001061,0.004951,0.000685,0.004143,0.000317,0.002409,0.000078,0.001369,0.000033,0.000873,households
NR23,0.014759,0.027482,0.004651,0.017612,0.001456,0.004446,0.000105,0.003870,0.000026,0.002297,0.000011,0.000290,households
NR24,0.000694,0.002524,0.000386,0.001802,0.000249,0.001508,0.000115,0.000877,0.000028,0.000498,0.000012,0.000318,households
NR25,0.005241,0.020860,0.004890,0.015608,0.004834,0.014361,0.000498,0.008019,0.000462,0.004034,0.000456,0.002383,households
NR26,0.000511,0.001857,0.000284,0.001326,0.000184,0.001109,0.000085,0.000645,0.000021,0.000367,0.000009,0.000234,households
NR27,0.000405,0.001472,0.000225,0.001051,0.000145,0.000880,0.000067,0.000511,0.000016,0.000291,0.000007,0.000185,households
NR28,0.000261,0.002478,0.000145,0.002206,0.000094,0.002095,0.000043,0.000330,0.000011,0.000188,0.000005,0.000120,households
NR29,0.008552,0.015988,0.003558,0.009514,0.001848,0.006818,0.000244,0.000475,0.000009,0.000151,0.000004,0.000097,households
NR30,0.017740,0.236586,0.007850,0.153497,0.003012,0.117804,0.001538,0.074821,0.000350,0.045353,0.000003,0.030895,households
NR31,0.010373,0.020351,0.007307,0.017469,0.006061,0.015931,0.003377,0.015506,0.002576,0.014824,0.000743,0.012785,households
NR32,0.006976,0.018364,0.005447,0.013767,0.002004,0.012838,0.000024,0.009561,0.000006,0.003682,0.000003,0.000501,households
NR33,0.035600,0.059829,0.013882,0.052732,0.009783,0.051288,0.003818,0.025756,0.000062,0.013195,0.000003,0.008317,households
NR34,0.029433,0.037349,0.016319,0.018914,0.012229,0.013045,0.007270,0.009789,0.000876,0.001097,0.000196,0.000277,households
NR35,0.005705,0.021928,0.005169,0.014486,0.003761,0.008022,0.000057,0.000625,0.000014,0.000247,0.000006,0.000157,households
NW1,0.000128,0.000210,0.000063,0.000158,0.000048,0.000133,0.000016,0.000087,0.000008,0.000062,0.000005,0.000034,households
NW2,0.000144,0.000237,0.000071,0.000178,0.000054,0.000149,0.000018,0.000098,0.000009,0.000070,0.000006,0.000039,households
NW3,0.000151,0.000248,0.000075,0.000187,0.000057,0.000157,0.000018,0.000103,0.000010,0.000073,0.000006,0.000041,households
NW4,0.010217,0.016451,0.002383,0.014324,0.002353,0.012561,0.002288,0.008111,0.000016,0.008062,0.000010,0.005750,households
NW5,0.000297,0.000487,0.000146,0.000367,0.000112,0.000307,0.000036,0.000201,0.000019,0.000144,0.000012,0.000080,households
NW6,0.000150,0.000245,0.000074,0.000185,0.000057,0.000155,0.000018,0.000102,0.000010,0.000073,0.000006,0.000040,households
NW7,0.022266,0.025162,0.004780,0.009711,0.004752,0.007287,0.000029,0.001260,0.000015,0.000117,0.000010,0.000065,households
NW8,0.000228,0.000373,0.000112,0.000281,0.000086,0.000236,0.000028,0.000154,0.000015,0.000110,0.000009,0.000061,households
NW9,0.017193,0.029037,0.010742,0.021337,0.009392,0.021311,0.003623,0.017007,0.001415,0.014168,0.000005,0.005374,households
NW10,0.033126,0.058739,0.018807,0.049086,0.012991,0.038606,0.003627,0.024056,0.002717,0.015083,0.002332,0.009803,households
NW11,0.007949,0.008937,0.000114,0.000285,0.000087,0.000239,0.000028,0.000156,0.000015,0.000112,0.000009,0.000062,households
OL1,0.000408,0.003216,0.000221,0.002934,0.000187,0.000391,0.000132,0.000278,0.000073,0.000209,0.000043,0.000156,households
OL2,0.021659,0.028369,0.002724,0.002975,0.001627,0.001868,0.001107,0.001202,0.000048,0.000136,0.000028,0.000101,households
OL3,0.014199,0.057140,0.008180,0.032199,0.007574,0.026342,0.001146,0.010369,0.000087,0.008732,0.000051,0.008669,households
OL4,0.005182,0.005903,0.000149,0.003851,0.000126,0.002746,0.000089,0.002669,0.000050,0.002623,0.000029,0.002079,households
OL5,0.000752,0.016859,0.000407,0.005562,0.000344,0.005471,0.000244,0.004896,0.000135,0.001117,0.000079,0.001018,households
OL6,0.000328,0.000582,0.000177,0.000355,0.000150,0.000315,0.000106,0.000223,0.000059,0.000168,0.000035,0.000125,households
OL7,0.000677,0.001202,0.000366,0.000732,0.000310,0.000650,0.000219,0.000461,0.000122,0.000348,0.000071,0.000259,households
OL8,0.000343,0.000609,0.000186,0.000371,0.000157,0.000329,0.000111,0.000234,0.000062,0.000176,0.000036,0.000131,households
OL9,0.000300,0.000532,0.000162,0.000324,0.000137,0.000288,0.000097,0.000204,0.000054,0.000154,0.000032,0.000115,households
OL10,0.002181,0.002458,0.002017,0.002210,0.001987,0.002167,0.001940,0.002067,0.000064,0.000184,0.000038,0.000136,households
OL11,0.000269,0.012932,0.000146,0.001794,0.000123,0.001332,0.000087,0.001257,0.000048,0.001212,0.000028,0.001176,households
OL12,0.002695,0.024358,0.000848,0.009396,0.000827,0.008346,0.000794,0.005268,0.000758,0.005227,0.000383,0.001624,households
OL13,0.003295,0.012748,0.002686,0.007819,0.001017,0.007766,0.000958,0.004923,0.000895,0.004714,0.000862,0.004656,households
OL14,0.215276,0.233243,0.142066,0.191639,0.119456,0.178128,0.082138,0.155039,0.047128,0.129406,0.020169,0.093993,households
OL15,0.050932,0.053705,0.043890,0.045062,0.043846,0.044111,0.036533,0.038495,0.021528,0.025843,0.020306,0.020452,households
OL16,0.016779,0.068987,0.003006,0.045920,0.000643,0.038868,0.000347,0.013768,0.000178,0.005338,0.000158,0.005238,households
OX1,0.204034,0.374180,0.172038,0.287027,0.132089,0.234280,0.019403,0.078615,0.003355,0.008921,0.000000,0.000012,households
OX2,0.066361,0.126132,0.040470,0.085386,0.038643,0.064627,0.005002,0.015457,0.000005,0.000027,0.000000,0.000007,households
OX3,0.001163,0.007629,0.000253,0.000652,0.000207,0.000520,0.000030,0.000109,0.000005,0.000027,0.000000,0.000007,households
OX4,0.012221,0.028762,0.001958,0.008804,0.000770,0.001907,0.000146,0.000246,0.000127,0.000144,0.000000,0.000129,households
OX5,0.001862,0.015284,0.000666,0.002128,0.000218,0.001555,0.000043,0.000159,0.000007,0.000039,0.000000,0.000011,households
OX7,0.009530,0.014553,0.006158,0.012396,0.006116,0.011725,0.000119,0.003319,0.000004,0.001221,0.000000,0.000835,households
OX9,0.000649,0.001482,0.000350,0.000857,0.000267,0.000623,0.000053,0.000195,0.000008,0.000048,0.000000,0.000013,households
OX10,0.012930,0.046673,0.006982,0.026293,0.005343,0.024237,0.004473,0.016962,0.001346,0.010677,0.000168,0.003865,households
OX11,0.006401,0.029161,0.000600,0.005247,0.000561,0.000728,0.000025,0.000092,0.000004,0.000023,0.000000,0.000006,households
OX12,0.008080,0.011809,0.004405,0.004679,0.003892,0.004084,0.000575,0.002604,0.000004,0.000026,0.000000,0.000007,households
OX13,0.020072,0.021003,0.001010,0.007304,0.000298,0.001779,0.000059,0.000218,0.000009,0.000054,0.000000,0.000015,households
OX14,0.035583,0.111785,0.014039,0.060750,0.009221,0.040353,0.005110,0.011987,0.000919,0.004751,0.000000,0.000972,households
OX15,0.001390,0.002143,0.000225,0.000553,0.000172,0.000402,0.000034,0.000126,0.000005,0.000031,0.000000,0.000008,households
OX16,0.002900,0.005105,0.000327,0.004211,0.000292,0.001710,0.000022,0.000670,0.000003,0.000065,0.000000,0.000005,households
OX17,0.002340,0.011254,0.001127,0.009799,0.000694,0.007272,0.000287,0.006954,0.000006,0.006721,0.000000,0.002238,households
OX18,0.009412,0.013334,0.001741,0.005020,0.001512,0.003618,0.000663,0.002011,0.000005,0.000028,0.000000,0.000008,households
OX20,0.001233,0.002815,0.000664,0.001628,0.000507,0.001182,0.000101,0.000370,0.000016,0.000091,0.000001,0.000025,households
OX25,0.004859,0.014501,0.001556,0.002274,0.000672,0.001035,0.000054,0.000199,0.000008,0.000049,0.000000,0.000013,households
OX26,0.008826,0.009647,0.004364,0.008632,0.000672,0.008491,0.000032,0.000117,0.000005,0.000029,0.000000,0.000008,households
OX27,0.000924,0.002109,0.000497,0.001220,0.000380,0.000886,0.000075,0.000277,0.000012,0.000068,0.000000,0.000019,households
OX28,0.012435,0.066658,0.001930,0.039938,0.000523,0.027508,0.000041,0.003470,0.000006,0.000037,0.000000,0.000010,households
OX29,0.011827,0.018802,0.006970,0.007248,0.001015,0.001471,0.000116,0.000541,0.000005,0.000026,0.000000,0.000007,households
OX33,0.002334,0.006134,0.000653,0.001600,0.000498,0.001162,0.000099,0.000364,0.000015,0.000090,0.000001,0.000024,households
OX39,0.001286,0.002937,0.000693,0.001699,0.000529,0.001234,0.000105,0.000386,0.000016,0.000095,0.000001,0.000026,households
OX44,0.022527,0.023774,0.000803,0.001564,0.000679,0.001212,0.000359,0.000572,0.000292,0.000352,0.000000,0.000299,households
OX49,0.001432,0.008402,0.000771,0.001892,0.000589,0.001374,0.000117,0.000430,0.000018,0.000106,0.000001,0.000029,households
PA1,0.000000,0.000000,0.000000,0.000000,0.000000,0.000000,0.000000,0.000000,0.000000,0.000000,0.000000,0.000000,households
PA2,0.000000,0.000000,0.000000,0.000000,0.000000,0.000000,0.000000,0.000000,0.000000,0.000000,0.000000,0.000000,households
PA3,0.000000,0.000000,0.000000,0.000000,0.000000,0.000000,0.000000,0.000000,0.000000,0.000000,0.000000,0.000000,households
PA4,0.000000,0.000000,0.000000,0.000000,0.000000,0.000000,0.000000,0.000000,0.000000,0.000000,0.000000,0.000000,households
PA5,0.000000,0.000000,0.000000,0.000000,0.000000,0.000000,0.000000,0.000000,0.000000,0.000000,0.000000,0.000000,households
PA6,0.000000,0.000000,0.000000,0.000000,0.000000,0.000000,0.000000,0.000000,0.000000,0.000000,0.000000,0.000000,households
PA7,0.000000,0.000000,0.000000,0.000000,0.000000,0.000000,0.000000,0.000000,0.000000,0.000000,0.000000,0.000000,households
PA8,0.000000,0.000000,0.000000,0.000000,0.000000,0.000000,0.000000,0.000000,0.000000,0.000000,0.000000,0.000000,households
PA9,0.000000,0.000000,0.000000,0.000000,0.000000,0.000000,0.000000,0.000000,0.000000,0.000000,0.000000,0.000000,households
PA10,0.000000,0.000000,0.000000,0.000000,0.000000,0.000000,0.000000,0.000000,0.000000,0.000000,0.000000,0.000000,households
PA11,0.000000,0.000000,0.000000,0.000000,0.000000,0.000000,0.000000,0.000000,0.000000,0.000000,0.000000,0.000000,households
PA12,0.000000,0.000000,0.000000,0.000000,0.000000,0.000000,0.000000,0.000000,0.000000,0.000000,0.000000,0.000000,households
PA13,0.000000,0.000000,0.000000,0.000000,0.000000,0.000000,0.000000,0.000000,0.000000,0.000000,0.000000,0.000000,households
PA14,0.000000,0.000000,0.000000,0.000000,0.000000,0.000000,0.000000,0.000000,0.000000,0.000000,0.000000,0.000000,households
PA15,0.000000,0.000000,0.000000,0.000000,0.000000,0.000000,0.000000,0.000000,0.000000,0.000000,0.000000,0.000000,households
PA16,0.000000,0.000000,0.000000,0.000000,0.000000,0.000000,0.000000,0.000000,0.000000,0.000000,0.000000,0.000000,households
PA17,0.000000,0.000000,0.000000,0.000000,0.000000,0.000000,0.000000,0.000000,0.000000,0.000000,0.000000,0.000000,households
PA18,0.000000,0.000000,0.000000,0.000000,0.000000,0.000000,0.000000,0.000000,0.000000,0.000000,0.000000,0.000000,households
PA19,0.000000,0.000000,0.000000,0.000000,0.000000,0.000000,0.000000,0.000000,0.000000,0.000000,0.000000,0.000000,households
PA20,0.000000,0.000000,0.000000,0.000000,0.000000,0.000000,0.000000,0.000000,0.000000,0.000000,0.000000,0.000000,households
PA21,0.000000,0.000000,0.000000,0.000000,0.000000,0.000000,0.000000,0.000000,0.000000,0.000000,0.000000,0.000000,households
PA22,0.000000,0.000000,0.000000,0.000000,0.000000,0.000000,0.000000,0.000000,0.000000,0.000000,0.000000,0.000000,households
PA23,0.000000,0.000000,0.000000,0.000000,0.000000,0.000000,0.000000,0.000000,0.000000,0.000000,0.000000,0.000000,households
PA24,0.000000,0.000000,0.000000,0.000000,0.000000,0.000000,0.000000,0.000000,0.000000,0.000000,0.000000,0.000000,households
PA25,0.000000,0.000000,0.000000,0.000000,0.000000,0.000000,0.000000,0.000000,0.000000,0.000000,0.000000,0.000000,households
PA26,0.000000,0.000000,0.000000,0.000000,0.000000,0.000000,0.000000,0.000000,0.000000,0.000000,0.000000,0.000000,households
PA27,0.000000,0.000000,0.000000,0.000000,0.000000,0.000000,0.000000,0.000000,0.000000,0.000000,0.000000,0.000000,households
PA28,0.000000,0.000000,0.000000,0.000000,0.000000,0.000000,0.000000,0.000000,0.000000,0.000000,0.000000,0.000000,households
PA29,0.000000,0.000000,0.000000,0.000000,0.000000,0.000000,0.000000,0.000000,0.000000,0.000000,0.000000,0.000000,households
PA30,0.000000,0.000000,0.000000,0.000000,0.000000,0.000000,0.000000,0.000000,0.000000,0.000000,0.000000,0.000000,households
PA31,0.000000,0.000000,0.000000,0.000000,0.000000,0.000000,0.000000,0.000000,0.000000,0.000000,0.000000,0.000000,households
PA32,0.000000,0.000000,0.000000,0.000000,0.000000,0.000000,0.000000,0.000000,0.000000,0.000000,0.000000,0.000000,households
PA33,0.000000,0.000000,0.000000,0.000000,0.000000,0.000000,0.000000,0.000000,0.000000,0.000000,0.000000,0.000000,households
PA34,0.000000,0.000000,0.000000,0.000000,0.000000,0.000000,0.000000,0.000000,0.000000,0.000000,0.000000,0.000000,households
PA35,0.000000,0.000000,0.000000,0.000000,0.000000,0.000000,0.000000,0.000000,0.000000,0.000000,0.000000,0.000000,households
PA36,0.000000,0.000000,0.000000,0.000000,0.000000,0.000000,0.000000,0.000000,0.000000,0.000000,0.000000,0.000000,households
PA37,0.000000,0.000000,0.000000,0.000000,0.000000,0.000000,0.000000,0.000000,0.000000,0.000000,0.000000,0.000000,households
PA38,0.000000,0.000000,0.000000,0.000000,0.000000,0.000000,0.000000,0.000000,0.000000,0.000000,0.000000,0.000000,households
PA41,0.000000,0.000000,0.000000,0.000000,0.000000,0.000000,0.000000,0.000000,0.000000,0.000000,0.000000,0.000000,households
PA42,0.000000,0.000000,0.000000,0.000000,0.000000,0.000000,0.000000,0.000000,0.000000,0.000000,0.000000,0.000000,households
PA43,0.000000,0.000000,0.000000,0.000000,0.000000,0.000000,0.000000,0.000000,0.000000,0.000000,0.000000,0.000000,households
PA44,0.000000,0.000000,0.000000,0.000000,0.000000,0.000000,0.000000,0.000000,0.000000,0.000000,0.000000,0.000000,households
PA45,0.000000,0.000000,0.000000,0.000000,0.000000,0.000000,0.000000,0.000000,0.000000,0.000000,0.000000,0.000000,households
PA46,0.000000,0.000000,0.000000,0.000000,0.000000,0.000000,0.000000,0.000000,0.000000,0.000000,0.000000,0.000000,households
PA47,0.000000,0.000000,0.000000,0.000000,0.000000,0.000000,0.000000,0.000000,0.000000,0.000000,0.000000,0.000000,households
PA48,0.000000,0.000000,0.000000,0.000000,0.000000,0.000000,0.000000,0.000000,0.000000,0.000000,0.000000,0.000000,households
PA49,0.000000,0.000000,0.000000,0.000000,0.000000,0.000000,0.000000,0.000000,0.000000,0.000000,0.000000,0.000000,households
PA60,0.000000,0.000000,0.000000,0.000000,0.000000,0.000000,0.000000,0.000000,0.000000,0.000000,0.000000,0.000000,households
PA61,0.000000,0.000000,0.000000,0.000000,0.000000,0.000000,0.000000,0.000000,0.000000,0.000000,0.000000,0.000000,households
PA62,0.000000,0.000000,0.000000,0.000000,0.000000,0.000000,0.000000,0.000000,0.000000,0.000000,0.000000,0.000000,households
PA63,0.000000,0.000000,0.000000,0.000000,0.000000,0.000000,0.000000,0.000000,0.000000,0.000000,0.000000,0.000000,households
PA64,0.000000,0.000000,0.000000,0.000000,0.000000,0.000000,0.000000,0.000000,0.000000,0.000000,0.000000,0.000000,households
PA65,0.000000,0.000000,0.000000,0.000000,0.000000,0.000000,0.000000,0.000000,0.000000,0.000000,0.000000,0.000000,households
PA66,0.000000,0.000000,0.000000,0.000000,0.000000,0.000000,0.000000,0.000000,0.000000,0.000000,0.000000,0.000000,households
PA67,0.000000,0.000000,0.000000,0.000000,0.000000,0.000000,0.000000,0.000000,0.000000,0.000000,0.000000,0.000000,households
PA68,0.000000,0.000000,0.000000,0.000000,0.000000,0.000000,0.000000,0.000000,0.000000,0.000000,0.000000,0.000000,households
PA69,0.000000,0.000000,0.000000,0.000000,0.000000,0.000000,0.000000,0.000000,0.000000,0.000000,0.000000,0.000000,households
PA70,0.000000,0.000000,0.000000,0.000000,0.000000,0.000000,0.000000,0.000000,0.000000,0.000000,0.000000,0.000000,households
PA71,0.000000,0.000000,0.000000,0.000000,0.000000,0.000000,0.000000,0.000000,0.000000,0.000000,0.000000,0.000000,households
PA72,0.000000,0.000000,0.000000,0.000000,0.000000,0.000000,0.000000,0.000000,0.000000,0.000000,0.000000,0.000000,households
PA73,0.000000,0.000000,0.000000,0.000000,0.000000,0.000000,0.000000,0.000000,0.000000,0.000000,0.000000,0.000000,households
PA74,0.000000,0.000000,0.000000,0.000000,0.000000,0.000000,0.000000,0.000000,0.000000,0.000000,0.000000,0.000000,households
PA75,0.000000,0.000000,0.000000,0.000000,0.000000,0.000000,0.000000,0.000000,0.000000,0.000000,0.000000,0.000000,households
PA76,0.000000,0.000000,0.000000,0.000000,0.000000,0.000000,0.000000,0.000000,0.000000,0.000000,0.000000,0.000000,households
PA77,0.000000,0.000000,0.000000,0.000000,0.000000,0.000000,0.000000,0.000000,0.000000,0.000000,0.000000,0.000000,households
PA78,0.000000,0.000000,0.000000,0.000000,0.000000,0.000000,0.000000,0.000000,0.000000,0.000000,0.000000,0.000000,households
PA80,0.000000,0.000000,0.000000,0.000000,0.000000,0.000000,0.000000,0.000000,0.000000,0.000000,0.000000,0.000000,households
PE1,0.015700,0.023383,0.012114,0.016108,0.009069,0.013376,0.000981,0.012220,0.000013,0.000046,0.000006,0.000013,households
PE2,0.004145,0.009806,0.002595,0.006039,0.002567,0.005926,0.002528,0.005692,0.002517,0.005584,0.002509,0.003703,households
PE3,0.003426,0.017212,0.000140,0.005777,0.000098,0.005606,0.000040,0.000244,0.000024,0.000082,0.000011,0.000024,households
PE4,0.000354,0.001305,0.000168,0.000922,0.000118,0.000717,0.000048,0.000294,0.000029,0.000098,0.000013,0.000029,households
PE5,0.002497,0.009208,0.001189,0.006506,0.000831,0.005056,0.000339,0.002073,0.000202,0.000694,0.000092,0.000205,households
PE6,0.000402,0.000854,0.000080,0.000438,0.000056,0.000340,0.000023,0.000139,0.000014,0.000047,0.000006,0.000014,households
PE7,0.000326,0.000691,0.000065,0.000354,0.000045,0.000275,0.000018,0.000113,0.000011,0.000038,0.000005,0.000011,households
PE8,0.015006,0.023107,0.014862,0.022811,0.014823,0.021509,0.004736,0.018642,0.001927,0.012776,0.001407,0.009166,households
PE9,0.003779,0.011195,0.002311,0.003601,0.001631,0.002844,0.001138,0.001325,0.000014,0.000049,0.000006,0.000014,households
PE10,0.006953,0.007636,0.004498,0.005038,0.004461,0.004891,0.000034,0.000211,0.000021,0.000071,0.000009,0.000021,households
PE11,0.000136,0.000500,0.000065,0.000353,0.000045,0.000274,0.000018,0.000113,0.000011,0.000038,0.000005,0.000011,households
PE12,0.000137,0.000506,0.000065,0.000358,0.000046,0.000278,0.000019,0.000114,0.000011,0.000038,0.000005,0.000011,households
PE13,0.000163,0.000600,0.000077,0.000424,0.000054,0.000329,0.000022,0.000135,0.000013,0.000045,0.000006,0.000013,households
PE14,0.000247,0.000911,0.000118,0.000643,0.000082,0.000500,0.000034,0.000205,0.000020,0.000069,0.000009,0.000020,households
PE15,0.000196,0.000722,0.000093,0.000510,0.000065,0.000396,0.000027,0.000162,0.000016,0.000054,0.000007,0.000016,households
PE16,0.000563,0.002075,0.000268,0.001466,0.000187,0.001140,0.000076,0.000467,0.000046,0.000156,0.000021,0.000046,households
PE19,0.026857,0.143235,0.023918,0.120155,0.019574,0.088985,0.010560,0.029019,0.006083,0.010531,0.000151,0.001517,households
PE20,0.000279,0.001028,0.000133,0.000726,0.000093,0.000564,0.000038,0.000231,0.000023,0.000077,0.000010,0.000023,households
PE21,0.000163,0.000601,0.000078,0.000425,0.000054,0.000330,0.000022,0.000135,0.000013,0.000045,0.000006,0.000013,households
PE22,0.000226,0.000834,0.000108,0.000589,0.000075,0.000458,0.000031,0.000188,0.000018,0.000063,0.000008,0.000019,households
PE23,0.000440,0.003054,0.000209,0.001146,0.000146,0.000891,0.000060,0.000365,0.000036,0.000122,0.000016,0.000036,households
PE24,0.000318,0.001172,0.000151,0.000828,0.000106,0.000643,0.000043,0.000264,0.000026,0.000088,0.000012,0.000026,households
PE25,0.000250,0.000922,0.000119,0.000652,0.000083,0.000506,0.000034,0.000208,0.000020,0.000070,0.000009,0.000021,households
PE26,0.000464,0.001711,0.000221,0.001209,0.000154,0.000940,0.000063,0.000385,0.000038,0.000129,0.000017,0.000038,households
PE27,0.132757,0.275709,0.043741,0.180851,0.020644,0.159392,0.005912,0.058735,0.002960,0.011407,0.000222,0.002646,households
PE28,0.019152,0.082951,0.002513,0.063379,0.001814,0.040220,0.000106,0.006515,0.000009,0.001215,0.000004,0.000784,households
PE29,0.016182,0.051124,0.008981,0.027905,0.005227,0.021552,0.004398,0.008267,0.003742,0.003783,0.003733,0.003742,households
PE30,0.005646,0.162686,0.001936,0.119230,0.000049,0.095728,0.000020,0.047886,0.000012,0.016437,0.000005,0.000012,households
PE31,0.014387,0.018335,0.002372,0.006624,0.001930,0.005163,0.001063,0.002028,0.000016,0.001298,0.000007,0.000016,households
PE32,0.006653,0.007433,0.002440,0.003057,0.001180,0.001671,0.000039,0.000241,0.000023,0.000081,0.000011,0.000024,households
PE33,0.011189,0.012046,0.004023,0.005149,0.003978,0.004517,0.000043,0.003541,0.000026,0.000089,0.000012,0.000026,households
PE34,0.000391,0.055188,0.000186,0.029201,0.000130,0.013112,0.000053,0.006177,0.000032,0.002111,0.000014,0.000032,households
PE35,0.005718,0.021089,0.002723,0.014901,0.001903,0.011581,0.000777,0.004747,0.000463,0.001590,0.000210,0.000469,households
PE36,0.018126,0.019552,0.012387,0.015944,0.005637,0.015636,0.005533,0.008328,0.005503,0.008035,0.002750,0.005504,households
PE37,0.009863,0.010964,0.000195,0.001067,0.000136,0.000829,0.000056,0.000340,0.000033,0.000114,0.000015,0.000034,households
PE38,0.000369,0.001359,0.000175,0.000960,0.000123,0.000746,0.000050,0.000306,0.000030,0.000102,0.000014,0.000030,households
PH1,0.000000,0.000000,0.000000,0.000000,0.000000,0.000000,0.000000,0.000000,0.000000,0.000000,0.000000,0.000000,households
PH2,0.000000,0.000000,0.000000,0.000000,0.000000,0.000000,0.000000,0.000000,0.000000,0.000000,0.000000,0.000000,households
PH3,0.000000,0.000000,0.000000,0.000000,0.000000,0.000000,0.000000,0.000000,0.000000,0.000000,0.000000,0.000000,households
PH4,0.000000,0.000000,0.000000,0.000000,0.000000,0.000000,0.000000,0.000000,0.000000,0.000000,0.000000,0.000000,households
PH5,0.000000,0.000000,0.000000,0.000000,0.000000,0.000000,0.000000,0.000000,0.000000,0.000000,0.000000,0.000000,households
PH6,0.000000,0.000000,0.000000,0.000000,0.000000,0.000000,0.000000,0.000000,0.000000,0.000000,0.000000,0.000000,households
PH7,0.000000,0.000000,0.000000,0.000000,0.000000,0.000000,0.000000,0.000000,0.000000,0.000000,0.000000,0.000000,households
PH8,0.000000,0.000000,0.000000,0.000000,0.000000,0.000000,0.000000,0.000000,0.000000,0.000000,0.000000,0.000000,households
PH9,0.000000,0.000000,0.000000,0.000000,0.000000,0.000000,0.000000,0.000000,0.000000,0.000000,0.000000,0.000000,households
PH10,0.000000,0.000000,0.000000,0.000000,0.000000,0.000000,0.000000,0.000000,0.000000,0.000000,0.000000,0.000000,households
PH11,0.000000,0.000000,0.000000,0.000000,0.000000,0.000000,0.000000,0.000000,0.000000,0.000000,0.000000,0.000000,households
PH12,0.000000,0.000000,0.000000,0.000000,0.000000,0.000000,0.000000,0.000000,0.000000,0.000000,0.000000,0.000000,households
PH13,0.000000,0.000000,0.000000,0.000000,0.000000,0.000000,0.000000,0.000000,0.000000,0.000000,0.000000,0.000000,households
PH14,0.000000,0.000000,0.000000,0.000000,0.000000,0.000000,0.000000,0.000000,0.000000,0.000000,0.000000,0.000000,households
PH15,0.000000,0.000000,0.000000,0.000000,0.000000,0.000000,0.000000,0.000000,0.000000,0.000000,0.000000,0.000000,households
PH16,0.000000,0.000000,0.000000,0.000000,0.000000,0.000000,0.000000,0.000000,0.000000,0.000000,0.000000,0.000000,households
PH17,0.000000,0.000000,0.000000,0.000000,0.000000,0.000000,0.000000,0.000000,0.000000,0.000000,0.000000,0.000000,households
PH18,0.000000,0.000000,0.000000,0.000000,0.000000,0.000000,0.000000,0.000000,0.000000,0.000000,0.000000,0.000000,households
PH19,0.000000,0.000000,0.000000,0.000000,0.000000,0.000000,0.000000,0.000000,0.000000,0.000000,0.000000,0.000000,households
PH20,0.000000,0.000000,0.000000,0.000000,0.000000,0.000000,0.000000,0.000000,0.000000,0.000000,0.000000,0.000000,households
PH21,0.000000,0.000000,0.000000,0.000000,0.000000,0.000000,0.000000,0.000000,0.000000,0.000000,0.000000,0.000000,households
PH22,0.000000,0.000000,0.000000,0.000000,0.000000,0.000000,0.000000,0.000000,0.000000,0.000000,0.000000,0.000000,households
PH23,0.000000,0.000000,0.000000,0.000000,0.000000,0.000000,0.000000,0.000000,0.000000,0.000000,0.000000,0.000000,households
PH24,0.000000,0.000000,0.000000,0.000000,0.000000,0.000000,0.000000,0.000000,0.000000,0.000000,0.000000,0.000000,households
PH25,0.000000,0.000000,0.000000,0.000000,0.000000,0.000000,0.000000,0.000000,0.000000,0.000000,0.000000,0.000000,households
PH26,0.000000,0.000000,0.000000,0.000000,0.000000,0.000000,0.000000,0.000000,0.000000,0.000000,0.000000,0.000000,households
PH30,0.000000,0.000000,0.000000,0.000000,0.000000,0.000000,0.000000,0.000000,0.000000,0.000000,0.000000,0.000000,households
PH31,0.000000,0.000000,0.000000,0.000000,0.000000,0.000000,0.000000,0.000000,0.000000,0.000000,0.000000,0.000000,households
PH32,0.000000,0.000000,0.000000,0.000000,0.000000,0.000000,0.000000,0.000000,0.000000,0.000000,0.000000,0.000000,households
PH33,0.000000,0.000000,0.000000,0.000000,0.000000,0.000000,0.000000,0.000000,0.000000,0.000000,0.000000,0.000000,households
PH34,0.000000,0.000000,0.000000,0.000000,0.000000,0.000000,0.000000,0.000000,0.000000,0.000000,0.000000,0.000000,households
PH35,0.000000,0.000000,0.000000,0.000000,0.000000,0.000000,0.000000,0.000000,0.000000,0.000000,0.000000,0.000000,households
PH36,0.000000,0.000000,0.000000,0.000000,0.000000,0.000000,0.000000,0.000000,0.000000,0.000000,0.000000,0.000000,households
PH37,0.000000,0.000000,0.000000,0.000000,0.000000,0.000000,0.000000,0.000000,0.000000,0.000000,0.000000,0.000000,households
PH38,0.000000,0.000000,0.000000,0.000000,0.000000,0.000000,0.000000,0.000000,0.000000,0.000000,0.000000,0.000000,households
PH39,0.000000,0.000000,0.000000,0.000000,0.000000,0.000000,0.000000,0.000000,0.000000,0.000000,0.000000,0.000000,households
PH40,0.000000,0.000000,0.000000,0.000000,0.000000,0.000000,0.000000,0.000000,0.000000,0.000000,0.000000,0.000000,households
PH41,0.000000,0.000000,0.000000,0.000000,0.000000,0.000000,0.000000,0.000000,0.000000,0.000000,0.000000,0.000000,households
PH42,0.000000,0.000000,0.000000,0.000000,0.000000,0.000000,0.000000,0.000000,0.000000,0.000000,0.000000,0.000000,households
PH43,0.000000,0.000000,0.000000,0.000000,0.000000,0.000000,0.000000,0.000000,0.000000,0.000000,0.000000,0.000000,households
PH44,0.000000,0.000000,0.000000,0.000000,0.000000,0.000000,0.000000,0.000000,0.000000,0.000000,0.000000,0.000000,households
PH49,0.000000,0.000000,0.000000,0.000000,0.000000,0.000000,0.000000,0.000000,0.000000,0.000000,0.000000,0.000000,households
PH50,0.000000,0.000000,0.000000,0.000000,0.000000,0.000000,0.000000,0.000000,0.000000,0.000000,0.000000,0.000000,households
PL1,0.022293,0.022902,0.003278,0.009703,0.003268,0.003306,0.001146,0.001176,0.001130,0.001151,0.001114,0.001134,households
PL2,0.000345,0.000434,0.000166,0.000237,0.000154,0.000201,0.000090,0.000128,0.000070,0.000096,0.000050,0.000075,households
PL3,0.009145,0.009229,0.008978,0.009044,0.008966,0.009011,0.003760,0.003796,0.003227,0.003398,0.002987,0.003011,households
PL4,0.000546,0.007516,0.000268,0.007357,0.000258,0.007328,0.000207,0.004122,0.000190,0.003024,0.000174,0.001132,households
PL5,0.000249,0.000313,0.000120,0.000171,0.000111,0.000145,0.000065,0.000093,0.000051,0.000069,0.000036,0.000054,households
PL6,0.003392,0.004363,0.003277,0.003323,0.003269,0.003300,0.002798,0.003253,0.002785,0.003232,0.000086,0.002788,households
PL7,0.013884,0.020899,0.008616,0.012402,0.007948,0.009377,0.000079,0.003471,0.000062,0.002129,0.000044,0.001453,households
PL8,0.010535,0.012823,0.006312,0.008564,0.006288,0.008493,0.005106,0.008349,0.005066,0.008286,0.005027,0.008244,households
PL9,0.005198,0.005256,0.000253,0.000298,0.000245,0.000275,0.000058,0.000082,0.000045,0.000061,0.000032,0.000048,households
PL10,0.038998,0.039298,0.011854,0.022259,0.005036,0.019879,0.004821,0.012856,0.004753,0.006535,0.004686,0.004770,households
PL11,0.002657,0.004623,0.000320,0.000457,0.000297,0.000388,0.000174,0.000247,0.000135,0.000185,0.000096,0.000145,households
PL12,0.000703,0.000780,0.000143,0.000205,0.000133,0.000174,0.000078,0.000111,0.000060,0.000083,0.000043,0.000065,households
PL13,0.037402,0.037534,0.031226,0.031332,0.024075,0.024145,0.014197,0.014253,0.001938,0.001977,0.000278,0.001946,households
PL14,0.002434,0.002491,0.000638,0.000683,0.000630,0.000660,0.000058,0.000613,0.000045,0.000593,0.000032,0.000579,households
PL15,0.007151,0.011241,0.004046,0.004104,0.003296,0.003335,0.000601,0.003275,0.000585,0.003249,0.000040,0.002598,households
PL16,0.013137,0.026913,0.005586,0.005939,0.005526,0.005761,0.000447,0.000636,0.000347,0.000476,0.000248,0.000372,households
PL17,0.013251,0.013385,0.000250,0.000357,0.000232,0.000302,0.000135,0.000193,0.000105,0.000144,0.000075,0.000113,households
PL18,0.009729,0.009967,0.009254,0.009443,0.009222,0.009348,0.004071,0.004172,0.004017,0.004086,0.003964,0.004031,households
PL19,0.030051,0.070729,0.004713,0.028556,0.004069,0.021440,0.000720,0.007964,0.000700,0.006795,0.000049,0.002475,households
PL20,0.035844,0.038181,0.002990,0.011237,0.002974,0.006927,0.001225,0.005167,0.000088,0.000120,0.000063,0.000094,households
PL21,0.011903,0.011992,0.003055,0.003487,0.003043,0.003090,0.000812,0.000849,0.000792,0.000817,0.000772,0.000797,households
PL22,0.096025,0.119651,0.052410,0.078061,0.046662,0.070688,0.040248,0.062169,0.020974,0.034032,0.000143,0.025663,households
PL23,0.004748,0.005063,0.004120,0.004370,0.000543,0.001298,0.000317,0.001040,0.000246,0.000338,0.000176,0.000264,households
PL24,0.095885,0.096101,0.094238,0.094410,0.094208,0.094323,0.077435,0.077527,0.071509,0.071571,0.061935,0.061996,households
PL25,0.006921,0.009472,0.000144,0.000525,0.000134,0.000494,0.000078,0.000111,0.000061,0.000083,0.000043,0.000065,households
PL26,0.013174,0.014202,0.004857,0.005068,0.003804,0.003999,0.002473,0.002983,0.000613,0.001755,0.000357,0.000696,households
PL27,0.006300,0.007618,0.003492,0.007400,0.003478,0.006142,0.000274,0.000838,0.000077,0.000106,0.000055,0.000083,households
PL28,0.001795,0.002014,0.000408,0.000582,0.000378,0.000494,0.000221,0.000314,0.000172,0.000235,0.000123,0.000184,households
PL29,0.002857,0.003598,0.001378,0.001968,0.001278,0.001669,0.000747,0.001063,0.000580,0.000795,0.000415,0.000622,households
PL30,0.011157,0.011261,0.005044,0.005127,0.005030,0.005085,0.000105,0.002680,0.000082,0.000112,0.000058,0.000087,households
PL31,0.008896,0.009818,0.000220,0.000314,0.000204,0.000266,0.000119,0.000170,0.000093,0.000127,0.000066,0.000099,households
PL32,0.007650,0.007960,0.000576,0.000822,0.000534,0.000698,0.000312,0.000444,0.000242,0.000332,0.000173,0.000260,households
PL33,0.002327,0.002931,0.001123,0.001603,0.001041,0.001360,0.000608,0.000866,0.000472,0.000648,0.000338,0.000507,households
PL34,0.002280,0.002871,0.001100,0.001570,0.001020,0.001332,0.000596,0.000848,0.000463,0.000635,0.000331,0.000496,households
PL35,0.002257,0.002843,0.001089,0.001554,0.001010,0.001319,0.000590,0.000840,0.000458,0.000628,0.000328,0.000491,households
PO1,0.014011,0.020612,0.005076,0.011660,0.001363,0.006921,0.000078,0.000328,0.000039,0.000173,0.000018,0.000099,households
PO2,0.000908,0.076120,0.000624,0.061725,0.000529,0.049826,0.000084,0.017932,0.000042,0.000187,0.000020,0.000107,households
PO3,0.034531,0.146195,0.009876,0.138741,0.002373,0.128830,0.002179,0.104696,0.000413,0.053268,0.000374,0.021522,households
PO4,0.055648,0.077939,0.022677,0.051801,0.020739,0.045115,0.005776,0.016726,0.000042,0.008536,0.000020,0.002926,households
PO5,0.067794,0.143625,0.059683,0.134337,0.030163,0.120749,0.019301,0.085087,0.013204,0.056316,0.001686,0.042313,households
PO6,0.002036,0.003451,0.001049,0.001858,0.000162,0.001707,0.000070,0.001103,0.000035,0.000156,0.000017,0.000089,households
PO7,0.015306,0.017478,0.004189,0.006349,0.000848,0.001705,0.000051,0.000215,0.000026,0.000113,0.000012,0.000065,households
PO8,0.000489,0.001051,0.000247,0.000720,0.000166,0.000566,0.000072,0.000302,0.000036,0.000160,0.000017,0.000091,households
PO9,0.037209,0.046231,0.014605,0.022677,0.005194,0.010700,0.000053,0.002224,0.000027,0.000118,0.000013,0.000067,households
PO10,0.035048,0.043006,0.010085,0.018142,0.007733,0.013112,0.002004,0.005688,0.000946,0.001793,0.000807,0.000913,households
PO11,0.059915,0.118916,0.018455,0.061283,0.018186,0.041952,0.000836,0.012367,0.000535,0.005674,0.000149,0.000289,households
PO12,0.016154,0.037069,0.006787,0.024854,0.005074,0.010298,0.003491,0.003685,0.003461,0.003565,0.002505,0.002568,households
PO13,0.001124,0.001746,0.000273,0.001380,0.000184,0.001209,0.000079,0.000918,0.000040,0.000760,0.000019,0.000684,households
PO14,0.000712,0.001213,0.000427,0.000849,0.000148,0.000504,0.000064,0.000269,0.000032,0.000142,0.000015,0.000081,households
PO15,0.007005,0.015015,0.000307,0.001708,0.000206,0.001516,0.000089,0.001188,0.000045,0.000198,0.000021,0.000114,households
PO16,0.008505,0.036107,0.006564,0.030088,0.006216,0.015883,0.005098,0.005786,0.000653,0.004763,0.000636,0.000702,households
PO17,0.003456,0.008366,0.001258,0.002453,0.000419,0.002065,0.000181,0.001398,0.000091,0.000403,0.000043,0.000231,households
PO18,0.022994,0.046079,0.005215,0.011173,0.004500,0.010367,0.001929,0.002219,0.000352,0.000507,0.000328,0.000421,households
PO19,0.001087,0.098749,0.000185,0.041952,0.000124,0.025520,0.000054,0.012545,0.000027,0.008245,0.000013,0.003869,households
PO20,0.123901,0.213285,0.067631,0.170668,0.049205,0.149647,0.017985,0.075985,0.010948,0.039271,0.005473,0.021412,households
PO21,0.004129,0.013038,0.001911,0.002480,0.000829,0.001144,0.000253,0.000405,0.000024,0.000105,0.000011,0.000060,households
PO22,0.023152,0.049734,0.017819,0.033173,0.015224,0.024903,0.007847,0.017237,0.003398,0.011291,0.001418,0.008987,households
PO30,0.005644,0.006189,0.002751,0.003149,0.001884,0.002220,0.001659,0.001853,0.001629,0.001733,0.001613,0.001676,households
PO31,0.011447,0.012489,0.007865,0.008741,0.007573,0.008314,0.003124,0.003551,0.000067,0.002432,0.000032,0.000169,households
PO32,0.021808,0.024089,0.020795,0.022340,0.020309,0.021837,0.016447,0.017200,0.000118,0.002076,0.000056,0.001853,households
PO33,0.016409,0.020280,0.007970,0.009268,0.004192,0.006503,0.002490,0.002696,0.000976,0.001086,0.000352,0.000418,households
PO34,0.046083,0.049574,0.044578,0.047516,0.042320,0.044804,0.034706,0.036137,0.034484,0.035252,0.027339,0.027800,households
PO35,0.011553,0.014292,0.010373,0.012677,0.009979,0.011928,0.006972,0.008095,0.006798,0.007400,0.006706,0.007068,households
PO36,0.001031,0.004927,0.000394,0.001150,0.000265,0.000904,0.000114,0.000483,0.000058,0.000255,0.000027,0.000146,households
PO37,0.001280,0.002751,0.000646,0.001884,0.000434,0.001481,0.000187,0.000791,0.000094,0.000418,0.000045,0.000239,households
PO38,0.000709,0.001525,0.000358,0.001044,0.000241,0.000821,0.000104,0.000438,0.000052,0.000231,0.000025,0.000132,households
PO39,0.003148,0.006767,0.001589,0.004634,0.001069,0.003643,0.000461,0.001945,0.000232,0.001027,0.000110,0.000588,households
PO40,0.018577,0.020197,0.011276,0.012639,0.006421,0.007574,0.000206,0.006813,0.000104,0.000460,0.000049,0.000263,households
PO41,0.005109,0.008095,0.002985,0.005498,0.002556,0.004681,0.002054,0.003279,0.001865,0.002521,0.001764,0.002159,households
PR1,0.070442,0.088892,0.060452,0.085923,0.056078,0.085866,0.046989,0.083959,0.026807,0.081255,0.006967,0.075481,households
PR2,0.023694,0.029177,0.014856,0.025743,0.012239,0.025722,0.005683,0.023243,0.003789,0.022867,0.001163,0.014220,households
PR3,0.044582,0.075154,0.032697,0.051293,0.017920,0.040747,0.012232,0.026673,0.007522,0.018096,0.004788,0.006540,households
PR4,0.008847,0.017042,0.002449,0.005800,0.000348,0.004353,0.000099,0.000211,0.000056,0.000187,0.000017,0.000147,households
PR5,0.040744,0.067934,0.019250,0.035340,0.017342,0.033887,0.016188,0.030766,0.008216,0.025171,0.001392,0.017257,households
PR6,0.001257,0.007598,0.001045,0.002479,0.000615,0.001508,0.000178,0.001064,0.000102,0.000337,0.000030,0.000264,households
PR7,0.001333,0.002346,0.000200,0.000363,0.000162,0.000338,0.000120,0.000255,0.000068,0.000227,0.000020,0.000178,households
PR8,0.000497,0.000735,0.000250,0.000409,0.000203,0.000378,0.000150,0.000319,0.000086,0.000284,0.000025,0.000223,households
PR9,0.001102,0.003558,0.000702,0.002628,0.000642,0.002349,0.000287,0.001364,0.000205,0.001223,0.000032,0.000379,households
PR25,0.033523,0.049929,0.013311,0.018228,0.008233,0.013176,0.001320,0.008011,0.000136,0.002209,0.000040,0.000354,households
PR26,0.015952,0.079322,0.004706,0.048385,0.003418,0.035353,0.000495,0.008812,0.000283,0.000937,0.000084,0.000736,households
RG1,0.014384,0.080052,0.008582,0.064947,0.005088,0.048221,0.004910,0.007782,0.003511,0.003545,0.003503,0.003523,households
RG2,0.000562,0.001015,0.000408,0.000806,0.000241,0.000705,0.000041,0.000450,0.000018,0.000056,0.000010,0.000031,households
RG4,0.104374,0.151635,0.047635,0.122114,0.031227,0.105895,0.004400,0.033833,0.004137,0.004176,0.000786,0.000808,households
RG5,0.002067,0.003388,0.001235,0.001921,0.001128,0.001718,0.000083,0.000335,0.000037,0.000112,0.000019,0.000063,households
RG6,0.012043,0.044570,0.000265,0.012943,0.000186,0.006183,0.000060,0.000243,0.000027,0.000081,0.000014,0.000046,households
RG7,0.012037,0.028568,0.007141,0.019721,0.005485,0.015806,0.004009,0.012596,0.003993,0.008742,0.002705,0.006229,households
RG8,0.056846,0.086685,0.042044,0.071311,0.031397,0.063376,0.013026,0.053363,0.004935,0.029544,0.000516,0.015659,households
RG9,0.031189,0.067353,0.018754,0.047491,0.017033,0.043070,0.009479,0.027099,0.004344,0.015294,0.003352,0.009175,households
RG10,0.016314,0.068012,0.011276,0.052266,0.008161,0.023021,0.007146,0.011255,0.005340,0.008053,0.000647,0.007257,households
RG12,0.016396,0.023452,0.006002,0.014932,0.001651,0.008446,0.000040,0.002734,0.000018,0.000054,0.000009,0.000031,households
RG14,0.049141,0.121938,0.031908,0.083079,0.025736,0.074789,0.010478,0.036426,0.000335,0.013581,0.000274,0.006047,households
RG17,0.028070,0.040131,0.005650,0.015788,0.000199,0.009839,0.000064,0.000259,0.000029,0.000087,0.000015,0.000049,households
RG18,0.005615,0.006361,0.001108,0.001749,0.001007,0.001559,0.000078,0.000313,0.000035,0.000105,0.000018,0.000059,households
RG19,0.003007,0.046249,0.000658,0.016462,0.000543,0.013419,0.000089,0.000357,0.000040,0.000119,0.000021,0.000068,households
RG20,0.002702,0.003384,0.001305,0.001679,0.001246,0.001568,0.000045,0.000183,0.000020,0.000061,0.000011,0.000035,households
RG21,0.029995,0.047223,0.020231,0.040246,0.020157,0.035184,0.000058,0.004713,0.000026,0.000078,0.000013,0.000044,households
RG22,0.000443,0.000967,0.000239,0.000690,0.000169,0.000557,0.000055,0.000220,0.000024,0.000074,0.000013,0.000042,households
RG23,0.000786,0.001717,0.000425,0.001225,0.000300,0.000988,0.000097,0.000391,0.000043,0.000131,0.000023,0.000074,households
RG24,0.006295,0.016023,0.004750,0.012576,0.000169,0.006530,0.000055,0.000220,0.000024,0.000073,0.000013,0.000042,households
RG25,0.007365,0.008361,0.002964,0.003821,0.000321,0.001058,0.000104,0.000418,0.000046,0.000140,0.000024,0.000079,households
RG26,0.002821,0.008836,0.000283,0.002414,0.000199,0.002256,0.000065,0.000260,0.000029,0.000087,0.000015,0.000049,households
RG27,0.010928,0.012302,0.008969,0.010274,0.008903,0.009266,0.000051,0.000205,0.000023,0.000069,0.000012,0.000039,households
RG28,0.029939,0.041757,0.019107,0.020493,0.000519,0.001712,0.000168,0.000677,0.000075,0.000226,0.000039,0.000128,households
RG29,0.005913,0.017751,0.002000,0.009611,0.001806,0.009244,0.000151,0.001947,0.000067,0.000202,0.000035,0.000115,households
RG30,0.001281,0.025999,0.000859,0.022156,0.000699,0.019908,0.000452,0.012146,0.000020,0.000162,0.000010,0.000034,households
RG31,0.000529,0.001155,0.000286,0.000824,0.000202,0.000665,0.000065,0.000263,0.000029,0.000088,0.000015,0.000050,households
RG40,0.005439,0.009226,0.004302,0.004669,0.003349,0.003664,0.002883,0.003017,0.000020,0.000060,0.000010,0.000034,households
RG41,0.016674,0.031470,0.011687,0.026879,0.010047,0.026666,0.000996,0.015978,0.000025,0.001407,0.000013,0.000042,households
RG42,0.006907,0.018622,0.002814,0.014387,0.000467,0.010925,0.000045,0.000183,0.000020,0.000061,0.000011,0.000035,households
RG45,0.000738,0.001611,0.000399,0.001150,0.000281,0.000927,0.000091,0.000367,0.000041,0.000122,0.000021,0.000069,households
RH1,0.021234,0.029353,0.007570,0.015871,0.005108,0.013262,0.000005,0.007796,0.000004,0.006537,0.000002,0.002597,households
RH2,0.000214,0.000385,0.000066,0.000151,0.000040,0.000120,0.000008,0.000046,0.000006,0.000026,0.000004,0.000012,households
RH3,0.078251,0.079089,0.000321,0.000740,0.000194,0.000588,0.000038,0.000226,0.000028,0.000129,0.000017,0.000060,households
RH4,0.010968,0.011717,0.008510,0.009152,0.002725,0.009113,0.000010,0.000593,0.000007,0.000033,0.000004,0.000015,households
RH5,0.005043,0.013079,0.000514,0.000618,0.000483,0.000580,0.000009,0.000056,0.000007,0.000032,0.000004,0.000015,households
RH6,0.036703,0.068043,0.002341,0.024753,0.001903,0.018848,0.000007,0.006680,0.000005,0.001476,0.000003,0.000011,households
RH7,0.005056,0.023250,0.000475,0.004337,0.000388,0.002701,0.000026,0.002198,0.000019,0.000088,0.000012,0.000041,households
RH8,0.000428,0.000770,0.000131,0.000303,0.000079,0.000241,0.000015,0.000093,0.000011,0.000053,0.000007,0.000025,households
RH9,0.000996,0.001793,0.000306,0.000705,0.000185,0.000560,0.000036,0.000216,0.000027,0.000123,0.000017,0.000058,households
RH10,0.018098,0.040730,0.010866,0.018818,0.006506,0.014524,0.002415,0.004538,0.001769,0.002220,0.001089,0.001636,households
RH11,0.006343,0.011400,0.000260,0.000837,0.000243,0.000599,0.000005,0.000247,0.000004,0.000017,0.000002,0.000008,households
RH12,0.000129,0.000454,0.000040,0.000091,0.000024,0.000072,0.000005,0.000028,0.000003,0.000016,0.000002,0.000007,households
RH13,0.000209,0.000328,0.000046,0.000106,0.000028,0.000084,0.000005,0.000032,0.000004,0.000018,0.000002,0.000009,households
RH14,0.000967,0.001189,0.000085,0.000196,0.000051,0.000156,0.000010,0.000060,0.000007,0.000034,0.000005,0.000016,households
RH15,0.000189,0.000340,0.000058,0.000134,0.000035,0.000106,0.000007,0.000041,0.000005,0.000023,0.000003,0.000011,households
RH16,0.000157,0.000282,0.000048,0.000111,0.000029,0.000088,0.000006,0.000034,0.000004,0.000019,0.000003,0.000009,households
RH17,0.000350,0.000534,0.000190,0.000283,0.000162,0.000249,0.000008,0.000050,0.000006,0.000028,0.000004,0.000013,households
RH18,0.002488,0.014158,0.000332,0.005932,0.000201,0.005775,0.000039,0.000234,0.000029,0.000133,0.000018,0.000062,households
RH19,0.000166,0.000695,0.000051,0.000118,0.000031,0.000093,0.000006,0.000036,0.000004,0.000020,0.000003,0.000010,households
RH20,0.004717,0.008055,0.002574,0.005082,0.001377,0.003880,0.000091,0.001970,0.000089,0.001952,0.000087,0.001101,households
RM1,0.015866,0.063377,0.007256,0.036039,0.005593,0.033818,0.003728,0.003753,0.000000,0.001348,0.000000,0.000001,households
RM2,0.000110,0.003439,0.000046,0.000344,0.000028,0.000257,0.000017,0.000061,0.000000,0.000010,0.000000,0.000001,households
RM3,0.000035,0.000202,0.000014,0.000108,0.000009,0.000081,0.000005,0.000019,0.000000,0.000003,0.000000,0.000000,households
RM4,0.005050,0.005909,0.000073,0.000552,0.000045,0.000412,0.000027,0.000097,0.000000,0.000016,0.000000,0.000002,households
RM5,0.000079,0.003306,0.000033,0.000248,0.000020,0.000185,0.000012,0.000044,0.000000,0.000007,0.000000,0.000001,households
RM6,0.000058,0.000339,0.000024,0.000181,0.000015,0.000135,0.000009,0.000032,0.000000,0.000005,0.000000,0.000001,households
RM7,0.000059,0.036010,0.000024,0.007222,0.000015,0.006859,0.000009,0.003354,0.000000,0.000005,0.000000,0.000001,households
RM8,0.000052,0.000307,0.000022,0.000164,0.000013,0.000122,0.000008,0.000029,0.000000,0.000005,0.000000,0.000001,households
RM9,0.001684,0.006348,0.000024,0.006192,0.000015,0.004520,0.000009,0.000031,0.000000,0.000005,0.000000,0.000001,households
RM10,0.000053,0.003458,0.000022,0.003313,0.000014,0.001960,0.000008,0.000029,0.000000,0.000005,0.000000,0.000001,households
RM11,0.002962,0.003991,0.000022,0.003001,0.000014,0.000126,0.000008,0.000030,0.000000,0.000005,0.000000,0.000001,households
RM12,0.000051,0.000302,0.000021,0.000161,0.000013,0.000120,0.000008,0.000028,0.000000,0.000005,0.000000,0.000001,households
RM13,0.000048,0.032991,0.000020,0.026493,0.000012,0.016507,0.000007,0.003449,0.000000,0.000323,0.000000,0.000319,households
RM14,0.007121,0.010199,0.003291,0.004226,0.000013,0.000916,0.000008,0.000028,0.000000,0.000005,0.000000,0.000001,households
RM15,0.002275,0.002540,0.002243,0.002391,0.002235,0.002348,0.001198,0.002251,0.000000,0.001036,0.000000,0.000001,households
RM16,0.000285,0.000500,0.000259,0.000379,0.000252,0.000344,0.000007,0.000024,0.000000,0.000004,0.000000,0.000001,households
RM17,0.000062,0.000363,0.000026,0.000194,0.000016,0.000144,0.000009,0.000034,0.000000,0.000006,0.000000,0.000001,households
RM18,0.000092,0.012298,0.000038,0.000288,0.000024,0.000215,0.000014,0.000051,0.000000,0.000008,0.000000,0.000001,households
RM19,0.000199,0.012078,0.000082,0.011534,0.000051,0.011376,0.000030,0.011021,0.000000,0.000018,0.000000,0.000002,households
RM20,0.000184,0.001078,0.000076,0.000575,0.000047,0.000429,0.000028,0.000101,0.000000,0.000016,0.000000,0.000002,households
S1,0.018306,0.109194,0.000115,0.038397,0.000096,0.014172,0.000052,0.000509,0.000024,0.000415,0.000020,0.000053,households
S2,0.005525,0.026843,0.001402,0.010619,0.000252,0.008088,0.000232,0.002265,0.000011,0.000303,0.000009,0.000025,households
S3,0.005293,0.186817,0.004110,0.153674,0.004093,0.148161,0.004055,0.089299,0.000021,0.022332,0.000017,0.010007,households
S4,0.000422,0.001684,0.000170,0.001202,0.000141,0.001067,0.000076,0.000850,0.000036,0.000137,0.000029,0.000078,households
S5,0.000124,0.000325,0.000050,0.000184,0.000041,0.000145,0.000022,0.000081,0.000010,0.000040,0.000009,0.000023,households
S6,0.011210,0.046501,0.004654,0.026496,0.003761,0.016724,0.002638,0.005714,0.002407,0.002469,0.002405,0.002417,households
S7,0.010549,0.022708,0.008953,0.012506,0.008926,0.011159,0.007917,0.008110,0.001928,0.003783,0.001921,0.003726,households
S8,0.010499,0.014278,0.007679,0.011374,0.007669,0.010196,0.000028,0.004991,0.000013,0.000050,0.000011,0.000029,households
S9,0.000374,0.002315,0.000078,0.002004,0.000065,0.001943,0.000035,0.000668,0.000016,0.000605,0.000013,0.000397,households
S10,0.005527,0.006671,0.000058,0.000216,0.000049,0.000170,0.000026,0.000095,0.000012,0.000047,0.000010,0.000027,households
S11,0.055047,0.096063,0.009291,0.049235,0.005772,0.028140,0.000174,0.009685,0.000086,0.000134,0.000014,0.000037,households
S12,0.000197,0.000519,0.000079,0.000293,0.000066,0.000231,0.000036,0.000129,0.000017,0.000064,0.000014,0.000036,households
S13,0.000499,0.000924,0.000087,0.000394,0.000073,0.000325,0.000039,0.000142,0.000018,0.000070,0.000015,0.000040,households
S14,0.000646,0.001702,0.000260,0.000962,0.000216,0.000757,0.000117,0.000423,0.000055,0.000210,0.000045,0.000119,households
S17,0.001563,0.014689,0.001355,0.008485,0.000521,0.007564,0.000063,0.007384,0.000029,0.007269,0.000024,0.000469,households
S18,0.000222,0.000584,0.000089,0.000331,0.000074,0.000260,0.000040,0.000145,0.000019,0.000072,0.000015,0.000041,households
S20,0.000209,0.002562,0.000084,0.002323,0.000070,0.002257,0.000038,0.002149,0.000018,0.002080,0.000014,0.002051,households
S21,0.004483,0.006084,0.000109,0.001562,0.000091,0.001476,0.000049,0.001336,0.000023,0.001246,0.000019,0.000050,households
S25,0.000256,0.000675,0.000103,0.000382,0.000086,0.000300,0.000046,0.000168,0.000022,0.000083,0.000018,0.000047,households
S26,0.000233,0.000614,0.000094,0.000347,0.000078,0.000273,0.000042,0.000153,0.000020,0.000076,0.000016,0.000043,households
S32,0.004521,0.010485,0.002024,0.006238,0.000196,0.004263,0.000106,0.003960,0.000050,0.000190,0.000041,0.000108,households
S33,0.045163,0.046724,0.011197,0.011967,0.011148,0.011742,0.009423,0.009759,0.009355,0.009525,0.000049,0.000131,households
S35,0.010751,0.019681,0.002847,0.003005,0.000049,0.001865,0.000026,0.001790,0.000012,0.001742,0.000010,0.000027,households
S36,0.000247,0.013429,0.000145,0.008933,0.000134,0.004654,0.000108,0.004567,0.000014,0.003051,0.000012,0.003027,households
S40,0.017368,0.034288,0.004508,0.008399,0.004206,0.006834,0.003366,0.005185,0.000011,0.005143,0.000009,0.004480,households
S41,0.006915,0.027479,0.004556,0.021230,0.004547,0.020447,0.001905,0.008636,0.001379,0.007282,0.001377,0.001620,households
S42,0.000368,0.001550,0.000061,0.000227,0.000051,0.000179,0.000028,0.000100,0.000013,0.000049,0.000011,0.000028,households
S43,0.000122,0.001288,0.000049,0.001148,0.000041,0.000142,0.000022,0.000080,0.000010,0.000039,0.000008,0.000022,households
S44,0.000206,0.000542,0.000083,0.000307,0.000069,0.000241,0.000037,0.000135,0.000017,0.000067,0.000014,0.000038,households
S45,0.000248,0.018581,0.000100,0.005574,0.000083,0.005495,0.000045,0.000162,0.000021,0.000080,0.000017,0.000046,households
S60,0.011112,0.020069,0.007146,0.014434,0.006680,0.013937,0.006604,0.011699,0.002014,0.008739,0.000237,0.005746,households
S61,0.000148,0.000389,0.000060,0.000220,0.000049,0.000173,0.000027,0.000097,0.000013,0.000048,0.000010,0.000027,households
S62,0.001946,0.007829,0.000083,0.004331,0.000069,0.000242,0.000037,0.000135,0.000017,0.000067,0.000014,0.000038,households
S63,0.002030,0.005144,0.001590,0.002352,0.000943,0.002263,0.000021,0.001991,0.000010,0.000942,0.000008,0.000926,households
S64,0.001073,0.029809,0.000077,0.023757,0.000064,0.018472,0.000035,0.011454,0.000016,0.002436,0.000013,0.000103,households
S65,0.002275,0.011268,0.000791,0.007845,0.000317,0.003824,0.000293,0.002949,0.000278,0.002367,0.000276,0.001022,households
S66,0.000118,0.000311,0.000048,0.000176,0.000039,0.000138,0.000021,0.000077,0.000010,0.000038,0.000008,0.000022,households
S70,0.002908,0.007647,0.000042,0.003322,0.000035,0.003289,0.000019,0.003236,0.000009,0.003201,0.000007,0.003187,households
S71,0.016284,0.020703,0.009665,0.014120,0.009657,0.013756,0.009075,0.011767,0.004490,0.007723,0.004488,0.005066,households
S72,0.002822,0.003115,0.000337,0.000532,0.000060,0.000474,0.000033,0.000382,0.000015,0.000058,0.000012,0.000033,households
S73,0.022443,0.041270,0.018996,0.021311,0.013436,0.016011,0.006264,0.009690,0.005107,0.007961,0.005105,0.005885,households
S74,0.000244,0.002907,0.000098,0.000364,0.000082,0.000286,0.000044,0.000160,0.000021,0.000079,0.000017,0.000045,households
S75,0.007379,0.010145,0.002499,0.004769,0.002493,0.003902,0.000460,0.000506,0.000008,0.000031,0.000007,0.000018,households
S80,0.021213,0.022419,0.008855,0.014107,0.008704,0.009380,0.002224,0.002499,0.000366,0.002314,0.000009,0.000024,households
S81,0.000532,0.001020,0.000047,0.000175,0.000039,0.000138,0.000021,0.000077,0.000010,0.000038,0.000008,0.000022,households
SA1,0.000000,0.000000,0.000000,0.000000,0.000000,0.000000,0.000000,0.000000,0.000000,0.000000,0.000000,0.000000,households
SA2,0.000000,0.000000,0.000000,0.000000,0.000000,0.000000,0.000000,0.000000,0.000000,0.000000,0.000000,0.000000,households
SA3,0.000000,0.000000,0.000000,0.000000,0.000000,0.000000,0.000000,0.000000,0.000000,0.000000,0.000000,0.000000,households
SA4,0.000000,0.000000,0.000000,0.000000,0.000000,0.000000,0.000000,0.000000,0.000000,0.000000,0.000000,0.000000,households
SA5,0.000000,0.000000,0.000000,0.000000,0.000000,0.000000,0.000000,0.000000,0.000000,0.000000,0.000000,0.000000,households
SA6,0.000000,0.000000,0.000000,0.000000,0.000000,0.000000,0.000000,0.000000,0.000000,0.000000,0.000000,0.000000,households
SA7,0.000000,0.000000,0.000000,0.000000,0.000000,0.000000,0.000000,0.000000,0.000000,0.000000,0.000000,0.000000,households
SA8,0.000000,0.000000,0.000000,0.000000,0.000000,0.000000,0.000000,0.000000,0.000000,0.000000,0.000000,0.000000,households
SA9,0.000000,0.000000,0.000000,0.000000,0.000000,0.000000,0.000000,0.000000,0.000000,0.000000,0.000000,0.000000,households
SA10,0.000000,0.000000,0.000000,0.000000,0.000000,0.000000,0.000000,0.000000,0.000000,0.000000,0.000000,0.000000,households
SA11,0.000000,0.000000,0.000000,0.000000,0.000000,0.000000,0.000000,0.000000,0.000000,0.000000,0.000000,0.000000,households
SA12,0.000000,0.000000,0.000000,0.000000,0.000000,0.000000,0.000000,0.000000,0.000000,0.000000,0.000000,0.000000,households
SA13,0.000000,0.000000,0.000000,0.000000,0.000000,0.000000,0.000000,0.000000,0.000000,0.000000,0.000000,0.000000,households
SA14,0.000000,0.000000,0.000000,0.000000,0.000000,0.000000,0.000000,0.000000,0.000000,0.000000,0.000000,0.000000,households
SA15,0.000000,0.000000,0.000000,0.000000,0.000000,0.000000,0.000000,0.000000,0.000000,0.000000,0.000000,0.000000,households
SA16,0.000000,0.000000,0.000000,0.000000,0.000000,0.000000,0.000000,0.000000,0.000000,0.000000,0.000000,0.000000,households
SA17,0.000000,0.000000,0.000000,0.000000,0.000000,0.000000,0.000000,0.000000,0.000000,0.000000,0.000000,0.000000,households
SA18,0.000000,0.000000,0.000000,0.000000,0.000000,0.000000,0.000000,0.000000,0.000000,0.000000,0.000000,0.000000,households
SA19,0.000000,0.000000,0.000000,0.000000,0.000000,0.000000,0.000000,0.000000,0.000000,0.000000,0.000000,0.000000,households
SA20,0.000000,0.000000,0.000000,0.000000,0.000000,0.000000,0.000000,0.000000,0.000000,0.000000,0.000000,0.000000,households
SA31,0.000000,0.000000,0.000000,0.000000,0.000000,0.000000,0.000000,0.000000,0.000000,0.000000,0.000000,0.000000,households
SA32,0.000000,0.000000,0.000000,0.000000,0.000000,0.000000,0.000000,0.000000,0.000000,0.000000,0.000000,0.000000,households
SA33,0.000000,0.000000,0.000000,0.000000,0.000000,0.000000,0.000000,0.000000,0.000000,0.000000,0.000000,0.000000,households
SA34,0.000000,0.000000,0.000000,0.000000,0.000000,0.000000,0.000000,0.000000,0.000000,0.000000,0.000000,0.000000,households
SA35,0.000000,0.000000,0.000000,0.000000,0.000000,0.000000,0.000000,0.000000,0.000000,0.000000,0.000000,0.000000,households
SA36,0.000000,0.000000,0.000000,0.000000,0.000000,0.000000,0.000000,0.000000,0.000000,0.000000,0.000000,0.000000,households
SA37,0.000000,0.000000,0.000000,0.000000,0.000000,0.000000,0.000000,0.000000,0.000000,0.000000,0.000000,0.000000,households
SA38,0.000000,0.000000,0.000000,0.000000,0.000000,0.000000,0.000000,0.000000,0.000000,0.000000,0.000000,0.000000,households
SA39,0.000000,0.000000,0.000000,0.000000,0.000000,0.000000,0.000000,0.000000,0.000000,0.000000,0.000000,0.000000,households
SA40,0.000000,0.000000,0.000000,0.000000,0.000000,0.000000,0.000000,0.000000,0.000000,0.000000,0.000000,0.000000,households
SA41,0.000000,0.000000,0.000000,0.000000,0.000000,0.000000,0.000000,0.000000,0.000000,0.000000,0.000000,0.000000,households
SA42,0.000000,0.000000,0.000000,0.000000,0.000000,0.000000,0.000000,0.000000,0.000000,0.000000,0.000000,0.000000,households
SA43,0.000000,0.000000,0.000000,0.000000,0.000000,0.000000,0.000000,0.000000,0.000000,0.000000,0.000000,0.000000,households
SA44,0.000000,0.000000,0.000000,0.000000,0.000000,0.000000,0.000000,0.000000,0.000000,0.000000,0.000000,0.000000,households
SA45,0.000000,0.000000,0.000000,0.000000,0.000000,0.000000,0.000000,0.000000,0.000000,0.000000,0.000000,0.000000,households
SA46,0.000000,0.000000,0.000000,0.000000,0.000000,0.000000,0.000000,0.000000,0.000000,0.000000,0.000000,0.000000,households
SA47,0.000000,0.000000,0.000000,0.000000,0.000000,0.000000,0.000000,0.000000,0.000000,0.000000,0.000000,0.000000,households
SA48,0.000000,0.000000,0.000000,0.000000,0.000000,0.000000,0.000000,0.000000,0.000000,0.000000,0.000000,0.000000,households
SA61,0.000000,0.000000,0.000000,0.000000,0.000000,0.000000,0.000000,0.000000,0.000000,0.000000,0.000000,0.000000,households
SA62,0.000000,0.000000,0.000000,0.000000,0.000000,0.000000,0.000000,0.000000,0.000000,0.000000,0.000000,0.000000,households
SA63,0.000000,0.000000,0.000000,0.000000,0.000000,0.000000,0.000000,0.000000,0.000000,0.000000,0.000000,0.000000,households
SA64,0.000000,0.000000,0.000000,0.000000,0.000000,0.000000,0.000000,0.000000,0.000000,0.000000,0.000000,0.000000,households
SA65,0.000000,0.000000,0.000000,0.000000,0.000000,0.000000,0.000000,0.000000,0.000000,0.000000,0.000000,0.000000,households
SA66,0.000000,0.000000,0.000000,0.000000,0.000000,0.000000,0.000000,0.000000,0.000000,0.000000,0.000000,0.000000,households
SA67,0.000000,0.000000,0.000000,0.000000,0.000000,0.000000,0.000000,0.000000,0.000000,0.000000,0.000000,0.000000,households
SA68,0.000000,0.000000,0.000000,0.000000,0.000000,0.000000,0.000000,0.000000,0.000000,0.000000,0.000000,0.000000,households
SA69,0.000000,0.000000,0.000000,0.000000,0.000000,0.000000,0.000000,0.000000,0.000000,0.000000,0.000000,0.000000,households
SA70,0.000000,0.000000,0.000000,0.000000,0.000000,0.000000,0.000000,0.000000,0.000000,0.000000,0.000000,0.000000,households
SA71,0.000000,0.000000,0.000000,0.000000,0.000000,0.000000,0.000000,0.000000,0.000000,0.000000,0.000000,0.000000,households
SA72,0.000000,0.000000,0.000000,0.000000,0.000000,0.000000,0.000000,0.000000,0.000000,0.000000,0.000000,0.000000,households
SA73,0.000000,0.000000,0.000000,0.000000,0.000000,0.000000,0.000000,0.000000,0.000000,0.000000,0.000000,0.000000,households
SE1,0.002178,0.002232,0.002082,0.002119,0.002060,0.002099,0.002044,0.002067,0.002032,0.002046,0.002027,0.002028,households
SE2,0.035221,0.068702,0.029901,0.055208,0.020124,0.039380,0.014936,0.019500,0.005754,0.007673,0.002381,0.004247,households
SE3,0.014556,0.014686,0.001392,0.011179,0.001340,0.007381,0.000073,0.000128,0.000043,0.000077,0.000032,0.000033,households
SE4,0.000664,0.004678,0.000273,0.000423,0.000186,0.000342,0.000122,0.000215,0.000072,0.000128,0.000053,0.000055,households
SE5,0.000359,0.000477,0.000148,0.000229,0.000101,0.000185,0.000066,0.000116,0.000039,0.000069,0.000029,0.000030,households
SE6,0.011492,0.021643,0.000151,0.000234,0.000103,0.000189,0.000067,0.000119,0.000039,0.000071,0.000029,0.000030,households
SE7,0.000715,0.000950,0.000294,0.000456,0.000200,0.000368,0.000131,0.000231,0.000077,0.000138,0.000057,0.000059,households
SE8,0.031975,0.080684,0.025032,0.069176,0.018742,0.067197,0.017255,0.063609,0.015780,0.035376,0.014056,0.014057,households
SE9,0.004237,0.006123,0.002659,0.003280,0.002625,0.002685,0.000047,0.001547,0.000028,0.000050,0.000021,0.000021,households
SE10,0.079393,0.098975,0.021329,0.025648,0.009647,0.013969,0.008002,0.008054,0.001487,0.001519,0.001477,0.001478,households
SE11,0.000630,0.000837,0.000259,0.000402,0.000177,0.000324,0.000116,0.000204,0.000068,0.000122,0.000050,0.000052,households
SE12,0.061263,0.071779,0.011153,0.013049,0.006628,0.007606,0.000109,0.006653,0.000064,0.000115,0.000047,0.000049,households
SE13,0.131018,0.138746,0.057661,0.068040,0.037921,0.055746,0.018783,0.024375,0.005285,0.018787,0.000034,0.000035,households
SE14,0.000727,0.000966,0.000299,0.000463,0.000204,0.000374,0.000133,0.000235,0.000078,0.000140,0.000058,0.000060,households
SE15,0.000259,0.000344,0.000107,0.000165,0.000073,0.000133,0.000047,0.000084,0.000028,0.000050,0.000021,0.000021,households
SE16,0.004065,0.004157,0.003900,0.003963,0.003863,0.003929,0.003836,0.003875,0.003814,0.003838,0.003807,0.003807,households
SE17,0.000455,0.000605,0.000187,0.000290,0.000128,0.000234,0.000083,0.000147,0.000049,0.000088,0.000036,0.000038,households
SE18,0.004757,0.006016,0.004630,0.005866,0.003800,0.005840,0.003780,0.003810,0.003763,0.003782,0.003757,0.003758,households
SE19,0.000514,0.000683,0.000212,0.000328,0.000144,0.000264,0.000094,0.000166,0.000055,0.000099,0.000041,0.000042,households
SE20,0.001310,0.001514,0.000256,0.000396,0.000174,0.000320,0.000114,0.000201,0.000067,0.000120,0.000049,0.000051,households
SE21,0.001033,0.001372,0.000425,0.000658,0.000290,0.000532,0.000189,0.000334,0.000111,0.000199,0.000082,0.000085,households
SE22,0.000603,0.000801,0.000248,0.000384,0.000169,0.000310,0.000111,0.000195,0.000065,0.000116,0.000048,0.000050,households
SE23,0.000497,0.000659,0.000204,0.000316,0.000139,0.000255,0.000091,0.000161,0.000053,0.000096,0.000039,0.000041,households
SE24,0.001003,0.001332,0.000413,0.000639,0.000281,0.000516,0.000184,0.000324,0.000108,0.000194,0.000080,0.000083,households
SE25,0.000486,0.010750,0.000200,0.007067,0.000136,0.004797,0.000089,0.000157,0.000052,0.000094,0.000039,0.000040,households
SE26,0.008681,0.008841,0.000201,0.000311,0.000137,0.000251,0.000090,0.000158,0.000053,0.000094,0.000039,0.000040,households
SE27,0.000797,0.001058,0.000328,0.000508,0.000223,0.000410,0.000146,0.000258,0.000086,0.000154,0.000063,0.000066,households
SE28,0.010062,0.010289,0.002427,0.002583,0.002336,0.002498,0.002269,0.002366,0.002216,0.002275,0.000055,0.000057,households
SG1,0.000226,0.009487,0.000098,0.008659,0.000078,0.008597,0.000047,0.007354,0.000008,0.004478,0.000003,0.001786,households
SG2,0.001052,0.012166,0.000138,0.008185,0.000109,0.007420,0.000067,0.004434,0.000011,0.000047,0.000004,0.000024,households
SG3,0.001224,0.002538,0.000531,0.001327,0.000420,0.000990,0.000256,0.000569,0.000043,0.000180,0.000015,0.000091,households
SG4,0.014554,0.019913,0.008884,0.019149,0.004673,0.019066,0.000063,0.017103,0.000011,0.013367,0.000004,0.008000,households
SG5,0.011809,0.017882,0.000128,0.005041,0.000101,0.000497,0.000061,0.000137,0.000010,0.000043,0.000004,0.000022,households
SG6,0.000294,0.000610,0.000128,0.000319,0.000101,0.000238,0.000061,0.000137,0.000010,0.000043,0.000004,0.000022,households
SG7,0.001875,0.002521,0.000262,0.000653,0.000207,0.000487,0.000126,0.000280,0.000021,0.000089,0.000007,0.000045,households
SG8,0.014172,0.018958,0.001553,0.003386,0.000365,0.000465,0.000045,0.000099,0.000008,0.000032,0.000003,0.000016,households
SG9,0.007841,0.013793,0.005235,0.010389,0.004416,0.004659,0.004347,0.004480,0.004256,0.004315,0.000006,0.000039,households
SG10,0.004197,0.006514,0.000937,0.003359,0.000740,0.002765,0.000451,0.001003,0.000076,0.000318,0.000027,0.000161,households
SG11,0.010286,0.046391,0.001122,0.007876,0.000237,0.005767,0.000144,0.000321,0.000024,0.000102,0.000009,0.000051,households
SG12,0.063417,0.154675,0.028622,0.080044,0.026127,0.052217,0.018235,0.018536,0.003151,0.003409,0.002322,0.002789,households
SG13,0.053946,0.066224,0.028121,0.028521,0.028064,0.028351,0.025210,0.025367,0.002530,0.002599,0.000008,0.000046,households
SG14,0.029717,0.061383,0.017119,0.033694,0.016121,0.026227,0.006267,0.017771,0.000548,0.000597,0.000005,0.000565,households
SG15,0.001959,0.016749,0.000850,0.014811,0.000671,0.014273,0.000409,0.000910,0.000069,0.000289,0.000024,0.000146,households
SG16,0.016763,0.018132,0.006684,0.007513,0.006568,0.007162,0.000267,0.000592,0.000045,0.000188,0.000016,0.000095,households
SG17,0.002878,0.003702,0.002443,0.002942,0.002373,0.002731,0.000161,0.000357,0.000027,0.000113,0.000010,0.000057,households
SG18,0.013024,0.014093,0.008118,0.008353,0.000730,0.004159,0.000227,0.000774,0.000013,0.000205,0.000004,0.000027,households
SG19,0.004893,0.027486,0.002778,0.014883,0.002023,0.012349,0.000713,0.006109,0.000014,0.000060,0.000005,0.000030,households
SK1,0.000293,0.004963,0.000058,0.004633,0.000034,0.004580,0.000013,0.004517,0.000009,0.003718,0.000005,0.003211,households
SK2,0.005614,0.005973,0.000046,0.000330,0.000027,0.000288,0.000010,0.000239,0.000007,0.000207,0.000004,0.000017,households
SK3,0.000225,0.000429,0.000044,0.000176,0.000026,0.000135,0.000010,0.000087,0.000007,0.000056,0.000004,0.000017,households
SK4,0.000555,0.000839,0.000034,0.000262,0.000020,0.000103,0.000008,0.000066,0.000005,0.000043,0.000003,0.000013,households
SK5,0.000219,0.000418,0.000043,0.000171,0.000025,0.000131,0.000010,0.000085,0.000007,0.000055,0.000004,0.000016,households
SK6,0.003639,0.005830,0.000283,0.004879,0.000274,0.004467,0.000266,0.002221,0.000003,0.000027,0.000002,0.000008,households
SK7,0.003160,0.005020,0.000867,0.000945,0.000856,0.000921,0.000791,0.000892,0.000004,0.000874,0.000002,0.000010,households
SK8,0.015011,0.034328,0.000962,0.005613,0.000208,0.002103,0.000201,0.000590,0.000199,0.000262,0.000198,0.000243,households
SK9,0.000117,0.001816,0.000023,0.000091,0.000014,0.000070,0.000005,0.000045,0.000004,0.000029,0.000002,0.000009,households
SK10,0.004605,0.012937,0.002730,0.007019,0.002721,0.005915,0.002713,0.002750,0.002712,0.002736,0.001356,0.001362,households
SK11,0.003222,0.007335,0.000813,0.002632,0.000352,0.001595,0.000006,0.000329,0.000004,0.000087,0.000002,0.000009,households
SK12,0.000728,0.018558,0.000054,0.009004,0.000032,0.001305,0.000012,0.000105,0.000008,0.000068,0.000005,0.000020,households
SK13,0.024488,0.030303,0.006115,0.022738,0.003854,0.018941,0.000205,0.016860,0.000203,0.008173,0.000201,0.003319,households
SK14,0.000110,0.000714,0.000022,0.000590,0.000013,0.000570,0.000005,0.000042,0.000003,0.000027,0.000002,0.000008,households
SK15,0.037302,0.058540,0.000040,0.012602,0.000023,0.012566,0.000009,0.009392,0.000006,0.008425,0.000004,0.000015,households
SK16,0.000292,0.012010,0.000058,0.011681,0.000034,0.011628,0.000013,0.006673,0.000009,0.006633,0.000005,0.000022,households
SK17,0.006249,0.009422,0.001378,0.003229,0.001297,0.001711,0.000005,0.000046,0.000004,0.000029,0.000002,0.000009,households
SK22,0.005175,0.005830,0.003866,0.004410,0.003838,0.004348,0.000015,0.000131,0.000011,0.000085,0.000006,0.000025,households
SK23,0.020274,0.040406,0.014859,0.026261,0.004294,0.019818,0.000722,0.014314,0.000008,0.009067,0.000004,0.004284,households
SL0,0.002617,0.013009,0.001467,0.005588,0.001015,0.004771,0.000364,0.002942,0.000095,0.001280,0.000020,0.000316,households
SL1,0.049782,0.076318,0.018157,0.030204,0.006679,0.010176,0.000086,0.001502,0.000022,0.000301,0.000005,0.000074,households
SL2,0.028391,0.049784,0.011716,0.020645,0.003173,0.013409,0.000116,0.001627,0.000030,0.000409,0.000006,0.000101,households
SL3,0.083933,0.147900,0.061692,0.115346,0.051311,0.093776,0.016218,0.066385,0.000591,0.031619,0.000007,0.003349,households
SL4,0.040079,0.305692,0.017884,0.259152,0.010789,0.229595,0.003961,0.154499,0.003029,0.076125,0.000756,0.013493,households
SL5,0.031695,0.035170,0.001116,0.016831,0.000928,0.006624,0.000152,0.005860,0.000040,0.004360,0.000008,0.003957,households
SL6,0.053617,0.176941,0.036994,0.156553,0.027295,0.147566,0.011285,0.086342,0.003718,0.032551,0.000299,0.011662,households
SL7,0.058214,0.177327,0.047517,0.154584,0.037843,0.137586,0.017969,0.084393,0.004878,0.031726,0.001986,0.006311,households
SL8,0.111554,0.169869,0.052804,0.096047,0.046488,0.091479,0.027190,0.061415,0.007121,0.026165,0.003524,0.019813,households
SL9,0.001109,0.021921,0.000622,0.007333,0.000430,0.002253,0.000154,0.001247,0.000040,0.000543,0.000008,0.000134,households
SM1,0.000037,0.006374,0.000000,0.006030,0.000000,0.000840,0.000000,0.000016,0.000000,0.000000,0.000000,0.000000,households
SM2,0.000050,0.000542,0.000000,0.000153,0.000000,0.000079,0.000000,0.000022,0.000000,0.000000,0.000000,0.000000,households
SM3,0.007006,0.023896,0.000000,0.016932,0.000000,0.013865,0.000000,0.006962,0.000000,0.000000,0.000000,0.000000,households
SM4,0.004656,0.045250,0.000000,0.007268,0.000000,0.005024,0.000000,0.000023,0.000000,0.000000,0.000000,0.000000,households
SM5,0.000655,0.025955,0.000000,0.003990,0.000000,0.000679,0.000000,0.000019,0.000000,0.000000,0.000000,0.000000,households
SM6,0.000040,0.007357,0.000000,0.000242,0.000000,0.000063,0.000000,0.000018,0.000000,0.000000,0.000000,0.000000,households
SM7,0.000065,0.000697,0.000000,0.000196,0.000000,0.000101,0.000000,0.000028,0.000000,0.000000,0.000000,0.000000,households
SN1,0.000125,0.000327,0.000040,0.000150,0.000022,0.000083,0.000020,0.000032,0.000013,0.000026,0.000010,0.000010,households
SN2,0.000113,0.007229,0.000036,0.000713,0.000020,0.000074,0.000018,0.000029,0.000012,0.000023,0.000009,0.000009,households
SN3,0.009164,0.036850,0.000025,0.011953,0.000013,0.003634,0.000013,0.000020,0.000008,0.000016,0.000006,0.000006,households
SN4,0.001287,0.003971,0.000038,0.000142,0.000021,0.000078,0.000019,0.000030,0.000013,0.000025,0.000010,0.000010,households
SN5,0.000965,0.003246,0.000758,0.001184,0.000020,0.000205,0.000018,0.000028,0.000012,0.000023,0.000009,0.000009,households
SN6,0.002832,0.003855,0.000045,0.000965,0.000024,0.000890,0.000023,0.000634,0.000015,0.000029,0.000011,0.000011,households
SN7,0.004652,0.004924,0.001698,0.004088,0.000328,0.001456,0.000028,0.000043,0.000018,0.000035,0.000014,0.000014,households
SN8,0.006236,0.022630,0.000034,0.010219,0.000018,0.006201,0.000017,0.000027,0.000011,0.000022,0.000009,0.000009,households
SN9,0.020274,0.022273,0.011880,0.013668,0.002100,0.005570,0.000047,0.003148,0.000030,0.000059,0.000023,0.000023,households
SN10,0.000425,0.000557,0.000027,0.000099,0.000014,0.000054,0.000013,0.000021,0.000009,0.000017,0.000007,0.000007,households
SN11,0.001886,0.008762,0.000040,0.008309,0.000022,0.004162,0.000020,0.000032,0.000013,0.000026,0.000010,0.000010,households
SN12,0.000923,0.016243,0.000843,0.009718,0.000021,0.008689,0.000019,0.002364,0.000013,0.002358,0.000010,0.000010,households
SN13,0.001534,0.001765,0.000046,0.000172,0.000025,0.000095,0.000023,0.000037,0.000015,0.000030,0.000012,0.000012,households
SN14,0.001302,0.003524,0.000032,0.000892,0.000017,0.000065,0.000016,0.000025,0.000011,0.000021,0.000008,0.000008,households
SN15,0.006338,0.015241,0.004802,0.012616,0.003241,0.010509,0.003111,0.006088,0.000460,0.005245,0.000006,0.000006,households
SN16,0.001722,0.006637,0.000059,0.001913,0.000032,0.000120,0.000030,0.000047,0.000019,0.000038,0.000015,0.000015,households
SN25,0.022911,0.032093,0.009871,0.016788,0.006613,0.009463,0.006612,0.006622,0.005655,0.005667,0.004647,0.004647,households
SN26,0.001041,0.002721,0.000336,0.001248,0.000183,0.000687,0.000170,0.000266,0.000111,0.000216,0.000085,0.000085,households
SO14,0.071479,0.101827,0.054297,0.090508,0.050661,0.077775,0.009501,0.065503,0.000260,0.023399,0.000257,0.000257,households
SO15,0.012452,0.015731,0.004826,0.007214,0.004808,0.007172,0.002070,0.002605,0.001168,0.001193,0.000012,0.000012,households
SO16,0.004595,0.008340,0.003336,0.005590,0.003039,0.005277,0.000018,0.004138,0.000010,0.001906,0.000009,0.000009,households
SO17,0.022009,0.022332,0.020347,0.021898,0.004403,0.005897,0.001909,0.002063,0.001144,0.001205,0.000029,0.000029,households
SO18,0.005630,0.008839,0.004110,0.004206,0.004088,0.004156,0.001461,0.001537,0.000079,0.000109,0.000077,0.000077,households
SO19,0.007504,0.007625,0.003939,0.004091,0.003922,0.004052,0.003590,0.003648,0.003581,0.003604,0.003579,0.003579,households
SO20,0.043896,0.053159,0.001430,0.022992,0.001374,0.011791,0.000076,0.000268,0.000043,0.000120,0.000037,0.000037,households
SO21,0.004621,0.005054,0.000869,0.003484,0.000129,0.000213,0.000037,0.000130,0.000021,0.000058,0.000018,0.000018,households
SO22,0.000338,0.000531,0.000154,0.000271,0.000127,0.000210,0.000036,0.000128,0.000021,0.000057,0.000017,0.000017,households
SO23,0.005356,0.010558,0.001766,0.001890,0.000983,0.001071,0.000038,0.000135,0.000022,0.000060,0.000018,0.000018,households
SO24,0.011188,0.011509,0.000256,0.000450,0.000212,0.000349,0.000060,0.000213,0.000034,0.000095,0.000029,0.000029,households
SO30,0.003245,0.003426,0.002235,0.002346,0.000120,0.000198,0.000034,0.000121,0.000019,0.000054,0.000016,0.000016,households
SO31,0.002219,0.002343,0.002102,0.002176,0.001751,0.001804,0.000357,0.001465,0.000252,0.000275,0.000250,0.000250,households
SO32,0.001172,0.005287,0.000170,0.004201,0.000140,0.001932,0.000040,0.000141,0.000023,0.000063,0.000019,0.000019,households
SO40,0.035825,0.064609,0.002817,0.010965,0.001445,0.008327,0.000026,0.000994,0.000015,0.000041,0.000013,0.000013,households
SO41,0.011810,0.015272,0.003966,0.005779,0.003482,0.005270,0.000558,0.000956,0.000347,0.000373,0.000345,0.000345,households
SO42,0.035132,0.051307,0.009612,0.010109,0.004380,0.004732,0.003992,0.004383,0.001367,0.004081,0.000074,0.000074,households
SO43,0.001692,0.002658,0.000772,0.001357,0.000638,0.001052,0.000181,0.000641,0.000103,0.000286,0.000088,0.000088,households
SO45,0.003261,0.009339,0.000642,0.004902,0.000100,0.004333,0.000028,0.000556,0.000016,0.000045,0.000014,0.000014,households
SO50,0.001853,0.006792,0.000091,0.000435,0.000075,0.000399,0.000021,0.000075,0.000012,0.000034,0.000010,0.000010,households
SO51,0.027909,0.059549,0.008375,0.019463,0.007758,0.012952,0.000032,0.001227,0.000018,0.000051,0.000016,0.000016,households
SO52,0.001246,0.001958,0.000569,0.001000,0.000470,0.000775,0.000133,0.000472,0.000076,0.000211,0.000065,0.000065,households
SO53,0.023145,0.038274,0.013085,0.027850,0.012839,0.021619,0.006581,0.016263,0.006567,0.010767,0.006565,0.006565,households
SP1,0.035703,0.095040,0.016743,0.068728,0.006941,0.048668,0.000105,0.028100,0.000000,0.004008,0.000000,0.000019,households
SP2,0.047939,0.114756,0.028462,0.096035,0.018057,0.084728,0.001790,0.042803,0.000000,0.028364,0.000000,0.003224,households
SP3,0.027070,0.043520,0.002995,0.010411,0.001228,0.004464,0.001133,0.003651,0.000000,0.001648,0.000000,0.001142,households
SP4,0.001886,0.003544,0.000248,0.001348,0.000198,0.000930,0.000005,0.000640,0.000000,0.000560,0.000000,0.000011,households
SP5,0.006207,0.009246,0.000951,0.003654,0.000483,0.001388,0.000006,0.000703,0.000000,0.000100,0.000000,0.000012,households
SP6,0.017883,0.032237,0.002711,0.005291,0.001838,0.003728,0.000010,0.001410,0.000000,0.000795,0.000000,0.000020,households
SP7,0.004666,0.006239,0.000200,0.001731,0.000113,0.001582,0.000009,0.000303,0.000000,0.000163,0.000000,0.000020,households
SP8,0.023361,0.026969,0.002755,0.021969,0.002510,0.019121,0.000010,0.015242,0.000000,0.015087,0.000000,0.002407,households
SP9,0.013792,0.019822,0.004989,0.010928,0.000247,0.001258,0.000020,0.000662,0.000000,0.000355,0.000000,0.000043,households
SP10,0.000346,0.006078,0.000138,0.004980,0.000078,0.004475,0.000006,0.000899,0.000000,0.000112,0.000000,0.000014,households
SP11,0.007896,0.010698,0.002695,0.003160,0.001740,0.001965,0.000005,0.000147,0.000000,0.000079,0.000000,0.000010,households
SR1,0.000052,0.000209,0.000007,0.000081,0.000007,0.000056,0.000000,0.000014,0.000000,0.000000,0.000000,0.000000,households
SR2,0.000017,0.007247,0.000002,0.005548,0.000002,0.002779,0.000000,0.000005,0.000000,0.000000,0.000000,0.000000,households
SR3,0.004128,0.009432,0.000002,0.001053,0.000002,0.001045,0.000000,0.000290,0.000000,0.000000,0.000000,0.000000,households
SR4,0.000618,0.000665,0.000604,0.000627,0.000604,0.000619,0.000000,0.000004,0.000000,0.000000,0.000000,0.000000,households
SR5,0.000015,0.000063,0.000002,0.000024,0.000002,0.000017,0.000000,0.000004,0.000000,0.000000,0.000000,0.000000,households
SR6,0.000020,0.001600,0.000003,0.001550,0.000003,0.001540,0.000000,0.001307,0.000000,0.000000,0.000000,0.000000,households
SR7,0.000017,0.002574,0.000002,0.000027,0.000002,0.000019,0.000000,0.000005,0.000000,0.000000,0.000000,0.000000,households
SR8,0.000015,0.000062,0.000002,0.000024,0.000002,0.000017,0.000000,0.000004,0.000000,0.000000,0.000000,0.000000,households
SS0,0.000102,0.005283,0.000029,0.002916,0.000020,0.002869,0.000007,0.002044,0.000006,0.000030,0.000005,0.000012,households
SS1,0.022543,0.039358,0.000035,0.000260,0.000023,0.000206,0.000009,0.000105,0.000008,0.000035,0.000005,0.000014,households
SS2,0.000108,0.014044,0.000031,0.002861,0.000021,0.000183,0.000008,0.000093,0.000007,0.000032,0.000005,0.000013,households
SS3,0.011720,0.058635,0.010033,0.046255,0.005863,0.039960,0.000889,0.027781,0.000328,0.012914,0.000325,0.004814,households
SS4,0.008317,0.023183,0.002110,0.017793,0.001891,0.017322,0.001876,0.012551,0.001771,0.003666,0.001768,0.002089,households
SS5,0.000137,0.007058,0.000039,0.005994,0.000026,0.002823,0.000010,0.000118,0.000009,0.000040,0.000006,0.000016,households
SS6,0.001049,0.005788,0.000976,0.001165,0.000020,0.000172,0.000007,0.000088,0.000006,0.000030,0.000004,0.000012,households
SS7,0.000068,0.013568,0.000019,0.006491,0.000013,0.006460,0.000005,0.000858,0.000004,0.000819,0.000003,0.000008,households
SS8,0.000385,0.000686,0.000326,0.000481,0.000318,0.000443,0.000308,0.000374,0.000308,0.000327,0.000004,0.000010,households
SS9,0.003469,0.007663,0.000870,0.003507,0.000863,0.003474,0.000005,0.000241,0.000005,0.000200,0.000003,0.000187,households
SS11,0.006297,0.029498,0.005341,0.017432,0.003882,0.012064,0.001336,0.001581,0.001334,0.001491,0.000007,0.000019,households
SS12,0.002276,0.062934,0.000298,0.029466,0.000281,0.019528,0.000136,0.005331,0.000011,0.000176,0.000008,0.000145,households
SS13,0.000149,0.010682,0.000043,0.000321,0.000029,0.000254,0.000011,0.000129,0.000009,0.000044,0.000007,0.000018,households
SS14,0.000107,0.003889,0.000031,0.000231,0.000021,0.000182,0.000008,0.000093,0.000007,0.000031,0.000005,0.000013,households
SS15,0.000116,0.001171,0.000033,0.000884,0.000022,0.000832,0.000008,0.000100,0.000007,0.000034,0.000005,0.000014,households
SS16,0.000112,0.000518,0.000032,0.000241,0.000022,0.000190,0.000008,0.000097,0.000007,0.000033,0.000005,0.000013,households
SS17,0.013200,0.052425,0.001258,0.024604,0.001249,0.017828,0.001238,0.011739,0.001237,0.001259,0.001235,0.001242,households
ST1,0.000073,0.006024,0.000024,0.004655,0.000015,0.004620,0.000007,0.000041,0.000002,0.000027,0.000001,0.000023,households
ST2,0.000084,0.003663,0.000027,0.003531,0.000018,0.003490,0.000008,0.000047,0.000002,0.000031,0.000001,0.000027,households
ST3,0.000789,0.000880,0.000013,0.000068,0.000008,0.000049,0.000004,0.000023,0.000001,0.000015,0.000001,0.000013,households
ST4,0.005430,0.044826,0.001162,0.025981,0.001158,0.014630,0.000559,0.007630,0.000001,0.002234,0.000001,0.002232,households
ST5,0.007690,0.012168,0.000431,0.006198,0.000428,0.005565,0.000031,0.001982,0.000029,0.001947,0.000001,0.001497,households
ST6,0.000075,0.001478,0.000013,0.000103,0.000008,0.000084,0.000004,0.000057,0.000001,0.000049,0.000001,0.000013,households
ST7,0.003405,0.004487,0.000016,0.001458,0.000010,0.000059,0.000005,0.000027,0.000001,0.000018,0.000001,0.000016,households
ST8,0.000120,0.003653,0.000039,0.000204,0.000025,0.000146,0.000012,0.000067,0.000003,0.000044,0.000002,0.000038,households
ST9,0.000189,0.000616,0.000061,0.000320,0.000040,0.000229,0.000019,0.000105,0.000005,0.000069,0.000003,0.000060,households
ST10,0.008126,0.009277,0.005950,0.006058,0.004349,0.004429,0.004341,0.004377,0.001682,0.002682,0.001062,0.001440,households
ST11,0.011319,0.024909,0.000298,0.012145,0.000270,0.012024,0.000025,0.000141,0.000006,0.000092,0.000004,0.000080,households
ST12,0.000486,0.001588,0.000157,0.000825,0.000102,0.000591,0.000048,0.000272,0.000012,0.000179,0.000008,0.000155,households
ST13,0.011028,0.016591,0.009414,0.014991,0.007058,0.014956,0.002198,0.014909,0.000158,0.013643,0.000158,0.013639,households
ST14,0.004341,0.005005,0.002824,0.002956,0.000467,0.000563,0.000121,0.000165,0.000114,0.000147,0.000113,0.000142,households
ST15,0.000097,0.010700,0.000031,0.000356,0.000020,0.000310,0.000010,0.000246,0.000002,0.000228,0.000002,0.000031,households
ST16,0.002971,0.010380,0.000353,0.010263,0.000345,0.007133,0.000007,0.001161,0.000002,0.000817,0.000001,0.000024,households
ST17,0.002084,0.008630,0.002036,0.002306,0.000015,0.002272,0.000007,0.000212,0.000002,0.000026,0.000001,0.000023,households
ST18,0.002729,0.004221,0.000284,0.002555,0.000023,0.001379,0.000011,0.000060,0.000003,0.000040,0.000002,0.000034,households
ST19,0.000709,0.038480,0.000615,0.002943,0.000599,0.000740,0.000014,0.000078,0.000003,0.000051,0.000002,0.000045,households
ST20,0.000279,0.000912,0.000090,0.000474,0.000059,0.000340,0.000028,0.000156,0.000007,0.000103,0.000004,0.000089,households
ST21,0.000279,0.002204,0.000090,0.000474,0.000059,0.000340,0.000028,0.000156,0.000007,0.000103,0.000004,0.000089,households
SW1A,0.002125,0.006582,0.000972,0.003815,0.000483,0.002773,0.000070,0.001336,0.000039,0.000462,0.000024,0.000159,households
SW1E,0.002190,0.006784,0.001002,0.003931,0.000498,0.002858,0.000072,0.001377,0.000040,0.000477,0.000024,0.000163,households
SW1H,0.002308,0.007148,0.001056,0.004143,0.000525,0.003011,0.000075,0.001451,0.000042,0.000502,0.000026,0.000172,households
SW1P,0.000486,0.001504,0.000222,0.000872,0.000110,0.000634,0.000016,0.000305,0.000009,0.000106,0.000005,0.000036,households
SW1V,0.002399,0.003204,0.000176,0.000689,0.000087,0.000501,0.000013,0.000241,0.000007,0.000084,0.000004,0.000029,households
SW1W,0.000641,0.001985,0.000293,0.001150,0.000146,0.000836,0.000021,0.000403,0.000012,0.000139,0.000007,0.000048,households
SW1X,0.000571,0.001768,0.000261,0.001025,0.000130,0.000745,0.000019,0.000359,0.000010,0.000124,0.000006,0.000043,households
SW1Y,0.001325,0.004104,0.000606,0.002378,0.000301,0.001729,0.000043,0.000833,0.000024,0.000288,0.000015,0.000099,households
SW2,0.000212,0.000656,0.000097,0.000380,0.000048,0.000276,0.000007,0.000133,0.000004,0.000046,0.000002,0.000016,households
SW3,0.000468,0.001007,0.000328,0.000672,0.000269,0.000546,0.000219,0.000372,0.000216,0.000267,0.000214,0.000230,households
SW4,0.000234,0.000723,0.000107,0.000419,0.000053,0.000305,0.000008,0.000147,0.000004,0.000051,0.000003,0.000017,households
SW5,0.000713,0.002209,0.000326,0.001280,0.000162,0.000930,0.000023,0.000448,0.000013,0.000155,0.000008,0.000053,households
SW6,0.000149,0.000461,0.000068,0.000267,0.000034,0.000194,0.000005,0.000094,0.000003,0.000032,0.000002,0.000011,households
SW7,0.000384,0.001189,0.000176,0.000689,0.000087,0.000501,0.000013,0.000241,0.000007,0.000084,0.000004,0.000029,households
SW8,0.000252,0.000781,0.000115,0.000453,0.000057,0.000329,0.000008,0.000159,0.000005,0.000055,0.000003,0.000019,households
SW9,0.000225,0.000695,0.000103,0.000403,0.000051,0.000293,0.000007,0.000141,0.000004,0.000049,0.000003,0.000017,households
SW10,0.003473,0.004447,0.003221,0.003842,0.003114,0.003614,0.003023,0.003300,0.003017,0.003109,0.003013,0.003043,households
SW11,0.001784,0.066413,0.001705,0.033020,0.001671,0.020539,0.000504,0.002757,0.000502,0.002280,0.000501,0.000511,households
SW12,0.000366,0.001133,0.000167,0.000656,0.000083,0.000477,0.000012,0.000230,0.000007,0.000080,0.000004,0.000027,households
SW13,0.002455,0.093215,0.000258,0.011629,0.000128,0.000737,0.000018,0.000355,0.000010,0.000123,0.000006,0.000042,households
SW14,0.000579,0.099093,0.000265,0.069405,0.000131,0.046781,0.000019,0.012745,0.000011,0.000126,0.000006,0.000043,households
SW15,0.000181,0.005759,0.000083,0.002569,0.000041,0.001321,0.000006,0.000114,0.000003,0.000039,0.000002,0.000013,households
SW16,0.018388,0.030316,0.004549,0.009982,0.002793,0.006909,0.000005,0.004636,0.000003,0.000035,0.000002,0.000012,households
SW17,0.005513,0.040985,0.000100,0.016985,0.000049,0.011881,0.000007,0.008415,0.000004,0.004820,0.000002,0.000016,households
SW18,0.097524,0.180872,0.052934,0.134263,0.024973,0.105189,0.002638,0.062176,0.001035,0.021485,0.000002,0.009332,households
SW19,0.009828,0.039610,0.002150,0.025326,0.001283,0.020189,0.000004,0.007333,0.000002,0.001312,0.000002,0.000010,households
SW20,0.015234,0.032729,0.007680,0.015063,0.001285,0.008008,0.001210,0.001440,0.000007,0.001282,0.000004,0.000029,households
SY1,0.023858,0.108538,0.020458,0.072544,0.015976,0.064961,0.005189,0.044201,0.003320,0.035339,0.003309,0.027083,households
SY2,0.026144,0.054049,0.024216,0.052089,0.017903,0.052036,0.016445,0.048464,0.016380,0.046577,0.016363,0.039066,households
SY3,0.019962,0.029792,0.014257,0.029344,0.014231,0.028617,0.011325,0.024598,0.003353,0.024119,0.001312,0.016124,households
SY4,0.006952,0.007266,0.003809,0.004045,0.003605,0.004015,0.003554,0.003931,0.001652,0.003895,0.000932,0.003835,households
SY5,0.006884,0.010450,0.001034,0.001817,0.001007,0.001787,0.000199,0.000403,0.000054,0.000258,0.000044,0.000197,households
SY6,0.080449,0.081456,0.000529,0.001282,0.000443,0.001188,0.000281,0.000917,0.000168,0.000803,0.000138,0.000611,households
SY7,0.004648,0.007589,0.001486,0.001930,0.001435,0.001874,0.000166,0.000932,0.000099,0.000473,0.000081,0.000360,households
SY8,0.016348,0.024634,0.009230,0.017868,0.005544,0.015776,0.004565,0.008364,0.003149,0.006263,0.003137,0.003332,households
SY9,0.002008,0.004220,0.001162,0.002816,0.000973,0.002608,0.000618,0.002013,0.000369,0.001763,0.000303,0.001342,households
SY10,0.000000,0.000000,0.000000,0.000000,0.000000,0.000000,0.000000,0.000000,0.000000,0.000000,0.000000,0.000000,households
SY11,0.006181,0.015047,0.000180,0.001562,0.000151,0.000404,0.000096,0.000312,0.000057,0.000273,0.000047,0.000208,households
SY12,0.000780,0.001639,0.000451,0.001093,0.000378,0.001013,0.000240,0.000782,0.000143,0.000685,0.000118,0.000521,households
SY13,0.000406,0.010593,0.000235,0.010309,0.000197,0.006473,0.000125,0.006352,0.000075,0.002254,0.000061,0.000272,households
SY14,0.006722,0.007741,0.000535,0.001298,0.000448,0.001202,0.000285,0.000928,0.000170,0.000813,0.000139,0.000618,households
SY15,0.000000,0.000000,0.000000,0.000000,0.000000,0.000000,0.000000,0.000000,0.000000,0.000000,0.000000,0.000000,households
SY16,0.000000,0.000000,0.000000,0.000000,0.000000,0.000000,0.000000,0.000000,0.000000,0.000000,0.000000,0.000000,households
SY17,0.000000,0.000000,0.000000,0.000000,0.000000,0.000000,0.000000,0.000000,0.000000,0.000000,0.000000,0.000000,households
SY18,0.000000,0.000000,0.000000,0.000000,0.000000,0.000000,0.000000,0.000000,0.000000,0.000000,0.000000,0.000000,households
SY19,0.000000,0.000000,0.000000,0.000000,0.000000,0.000000,0.000000,0.000000,0.000000,0.000000,0.000000,0.000000,households
SY20,0.000000,0.000000,0.000000,0.000000,0.000000,0.000000,0.000000,0.000000,0.000000,0.000000,0.000000,0.000000,households
SY21,0.000000,0.000000,0.000000,0.000000,0.000000,0.000000,0.000000,0.000000,0.000000,0.000000,0.000000,0.000000,households
SY22,0.000000,0.000000,0.000000,0.000000,0.000000,0.000000,0.000000,0.000000,0.000000,0.000000,0.000000,0.000000,households
SY23,0.000000,0.000000,0.000000,0.000000,0.000000,0.000000,0.000000,0.000000,0.000000,0.000000,0.000000,0.000000,households
SY24,0.000000,0.000000,0.000000,0.000000,0.000000,0.000000,0.000000,0.000000,0.000000,0.000000,0.000000,0.000000,households
SY25,0.000000,0.000000,0.000000,0.000000,0.000000,0.000000,0.000000,0.000000,0.000000,0.000000,0.000000,0.000000,households
TA1,0.007984,0.083209,0.000157,0.058691,0.000121,0.050336,0.000019,0.026300,0.000007,0.010500,0.000000,0.006093,households
TA2,0.008624,0.023079,0.000733,0.009681,0.000103,0.004239,0.000028,0.002877,0.000010,0.000068,0.000001,0.000024,households
TA3,0.016373,0.022418,0.011675,0.014803,0.009109,0.011074,0.001653,0.005389,0.000159,0.001255,0.000001,0.001059,households
TA4,0.036848,0.038284,0.007864,0.008771,0.002927,0.005221,0.001388,0.001528,0.000008,0.000054,0.000000,0.000019,households
TA5,0.027257,0.088816,0.013837,0.050815,0.012269,0.039007,0.004515,0.017265,0.000015,0.001032,0.000001,0.000594,households
TA6,0.025962,0.063837,0.014219,0.035190,0.008642,0.016956,0.001292,0.010855,0.001150,0.005761,0.000000,0.000013,households
TA7,0.004194,0.009818,0.003313,0.006808,0.001687,0.005325,0.000033,0.000813,0.000012,0.000366,0.000001,0.000313,households
TA8,0.000927,0.002074,0.000270,0.001008,0.000178,0.000713,0.000048,0.000355,0.000017,0.000118,0.000001,0.000041,households
TA9,0.002811,0.090423,0.000407,0.062420,0.000325,0.049456,0.000043,0.014007,0.000015,0.000106,0.000001,0.000037,households
TA10,0.000907,0.002027,0.000264,0.000986,0.000174,0.000697,0.000047,0.000347,0.000017,0.000115,0.000001,0.000040,households
TA11,0.002860,0.004015,0.002198,0.002942,0.002106,0.002644,0.001333,0.002284,0.000017,0.000119,0.000001,0.000042,households
TA12,0.022848,0.025535,0.002859,0.004590,0.000418,0.001671,0.000113,0.000832,0.000040,0.000276,0.000002,0.000097,households
TA13,0.017793,0.020841,0.013417,0.015380,0.001350,0.002771,0.000128,0.000944,0.000046,0.000314,0.000002,0.000110,households
TA14,0.026141,0.030814,0.001099,0.004108,0.000726,0.002905,0.000196,0.001446,0.000070,0.000481,0.000004,0.000168,households
TA15,0.008985,0.020094,0.002613,0.009768,0.001727,0.006907,0.000466,0.003439,0.000167,0.001143,0.000009,0.000400,households
TA16,0.005320,0.011898,0.001547,0.005784,0.001022,0.004090,0.000276,0.002036,0.000099,0.000677,0.000005,0.000237,households
TA17,0.007352,0.016441,0.002138,0.007992,0.001413,0.005651,0.000381,0.002814,0.000137,0.000935,0.000007,0.000327,households
TA18,0.001362,0.005474,0.000283,0.003966,0.000187,0.003656,0.000051,0.000373,0.000018,0.000124,0.000001,0.000043,households
TA19,0.049512,0.061403,0.017722,0.036409,0.011642,0.022771,0.004840,0.006163,0.004810,0.005249,0.000001,0.000382,households
TA20,0.004152,0.004742,0.000547,0.001029,0.000500,0.000877,0.000433,0.000693,0.000009,0.000163,0.000000,0.000123,households
TA21,0.021765,0.025555,0.012602,0.013075,0.012543,0.012886,0.003717,0.011603,0.000011,0.000392,0.000001,0.000132,households
TA22,0.006271,0.023429,0.004078,0.020304,0.003869,0.015476,0.000110,0.000810,0.000039,0.000269,0.000002,0.000094,households
TA23,0.015803,0.041842,0.000432,0.003661,0.000286,0.001143,0.000077,0.000569,0.000028,0.000189,0.000001,0.000066,households
TA24,0.106776,0.133832,0.007035,0.008153,0.004095,0.005454,0.001471,0.002949,0.000342,0.001726,0.000335,0.000576,households
TD1,0.000000,0.000000,0.000000,0.000000,0.000000,0.000000,0.000000,0.000000,0.000000,0.000000,0.000000,0.000000,households
TD2,0.000000,0.000000,0.000000,0.000000,0.000000,0.000000,0.000000,0.000000,0.000000,0.000000,0.000000,0.000000,households
TD3,0.000000,0.000000,0.000000,0.000000,0.000000,0.000000,0.000000,0.000000,0.000000,0.000000,0.000000,0.000000,households
TD4,0.000000,0.000000,0.000000,0.000000,0.000000,0.000000,0.000000,0.000000,0.000000,0.000000,0.000000,0.000000,households
TD5,0.000000,0.000000,0.000000,0.000000,0.000000,0.000000,0.000000,0.000000,0.000000,0.000000,0.000000,0.000000,households
TD6,0.000000,0.000000,0.000000,0.000000,0.000000,0.000000,0.000000,0.000000,0.000000,0.000000,0.000000,0.000000,households
TD7,0.000000,0.000000,0.000000,0.000000,0.000000,0.000000,0.000000,0.000000,0.000000,0.000000,0.000000,0.000000,households
TD8,0.000000,0.000000,0.000000,0.000000,0.000000,0.000000,0.000000,0.000000,0.000000,0.000000,0.000000,0.000000,households
TD9,0.000000,0.000000,0.000000,0.000000,0.000000,0.000000,0.000000,0.000000,0.000000,0.000000,0.000000,0.000000,households
TD10,0.000000,0.000000,0.000000,0.000000,0.000000,0.000000,0.000000,0.000000,0.000000,0.000000,0.000000,0.000000,households
TD11,0.000000,0.000000,0.000000,0.000000,0.000000,0.000000,0.000000,0.000000,0.000000,0.000000,0.000000,0.000000,households
TD12,0.027806,0.028175,0.002828,0.003832,0.002828,0.003832,0.002684,0.002766,0.002684,0.002684,0.000000,0.002684,households
TD13,0.000000,0.000000,0.000000,0.000000,0.000000,0.000000,0.000000,0.000000,0.000000,0.000000,0.000000,0.000000,households
TD14,0.000000,0.000000,0.000000,0.000000,0.000000,0.000000,0.000000,0.000000,0.000000,0.000000,0.000000,0.000000,households
TD15,0.022803,0.025100,0.000903,0.007157,0.000903,0.007157,0.000009,0.000520,0.000009,0.000009,0.000000,0.000009,households
TF1,0.005242,0.005258,0.001694,0.001697,0.001694,0.001697,0.000003,0.000006,0.000003,0.000006,0.000003,0.000003,households
TF2,0.000034,0.003001,0.000014,0.000017,0.000014,0.000017,0.000003,0.000005,0.000003,0.000005,0.000003,0.000003,households
TF3,0.000060,0.000087,0.000024,0.000029,0.000024,0.000029,0.000005,0.000009,0.000005,0.000009,0.000005,0.000005,households
TF4,0.000060,0.000088,0.000025,0.000030,0.000025,0.000030,0.000005,0.000009,0.000005,0.000009,0.000005,0.000005,households
TF5,0.012978,0.013107,0.012813,0.012836,0.012813,0.012836,0.000021,0.000044,0.000021,0.000044,0.000021,0.000021,households
TF6,0.000886,0.000942,0.000815,0.000825,0.000815,0.000825,0.000009,0.000019,0.000009,0.000019,0.000009,0.000009,households
TF7,0.000081,0.002569,0.000033,0.000040,0.000033,0.000040,0.000006,0.000013,0.000006,0.000013,0.000006,0.000006,households
TF8,0.010224,0.019720,0.008858,0.018281,0.008858,0.018281,0.008795,0.018218,0.008795,0.018218,0.008795,0.008795,households
TF9,0.000665,0.000682,0.000015,0.000018,0.000015,0.000018,0.000003,0.000006,0.000003,0.000006,0.000003,0.000003,households
TF10,0.000057,0.000083,0.000023,0.000028,0.000023,0.000028,0.000004,0.000009,0.000004,0.000009,0.000004,0.000004,households
TF11,0.005739,0.005776,0.000033,0.000039,0.000033,0.000039,0.000006,0.000013,0.000006,0.000013,0.000006,0.000006,households
TF12,0.000148,0.000216,0.000061,0.000073,0.000061,0.000073,0.000011,0.000023,0.000011,0.000023,0.000011,0.000011,households
TF13,0.002822,0.002901,0.000070,0.000084,0.000070,0.000084,0.000013,0.000027,0.000013,0.000027,0.000013,0.000013,households
TN1,0.001208,0.001951,0.000746,0.001467,0.000584,0.001313,0.000166,0.000795,0.000078,0.000500,0.000034,0.000310,households
TN2,0.000589,0.007009,0.000363,0.006774,0.000285,0.006699,0.000081,0.006446,0.000038,0.001975,0.000017,0.000151,households
TN3,0.011551,0.012680,0.008925,0.009407,0.007974,0.008462,0.003060,0.003481,0.000052,0.000334,0.000023,0.000207,households
TN4,0.000599,0.003279,0.000370,0.003039,0.000290,0.002963,0.000082,0.000395,0.000039,0.000248,0.000017,0.000154,households
TN5,0.001095,0.001768,0.000676,0.001330,0.000529,0.001190,0.000151,0.000721,0.000071,0.000453,0.000031,0.000281,households
TN6,0.000547,0.000884,0.000338,0.000665,0.000265,0.000595,0.000075,0.000360,0.000035,0.000227,0.000015,0.000141,households
TN7,0.011680,0.014137,0.010151,0.012538,0.009616,0.012029,0.000550,0.002631,0.000258,0.001655,0.000113,0.001026,households
TN8,0.048415,0.113147,0.022836,0.106953,0.022727,0.103915,0.005655,0.063136,0.000868,0.039625,0.000023,0.020261,households
TN9,0.148001,0.181046,0.124266,0.178890,0.102778,0.176643,0.028454,0.172216,0.016937,0.153099,0.004275,0.117546,households
TN10,0.015930,0.029625,0.002221,0.012855,0.001931,0.012572,0.000156,0.007522,0.000073,0.005309,0.000032,0.000291,households
TN11,0.039742,0.104496,0.026456,0.087534,0.023521,0.080441,0.006601,0.070783,0.000550,0.051111,0.000521,0.032005,households
TN12,0.117064,0.194470,0.064750,0.143307,0.049728,0.118640,0.012245,0.060135,0.001336,0.029713,0.000551,0.012598,households
TN13,0.023431,0.027603,0.005047,0.010858,0.000306,0.009322,0.000087,0.004976,0.000041,0.003464,0.000018,0.003364,households
TN14,0.007522,0.009011,0.001634,0.005687,0.000382,0.004441,0.000109,0.001380,0.000051,0.000328,0.000022,0.000203,households
TN15,0.004199,0.006118,0.001539,0.001833,0.000713,0.001010,0.000068,0.000324,0.000032,0.000204,0.000014,0.000126,households
TN16,0.008203,0.021107,0.002546,0.007392,0.001224,0.004857,0.000106,0.001115,0.000050,0.000318,0.000022,0.000197,households
TN17,0.002255,0.002690,0.000437,0.000860,0.000342,0.000770,0.000097,0.000466,0.000046,0.000293,0.000020,0.000182,households
TN18,0.001957,0.002748,0.000795,0.001564,0.000622,0.001400,0.000177,0.000848,0.000083,0.000533,0.000036,0.000331,households
TN19,0.002349,0.003794,0.001450,0.002854,0.001135,0.002554,0.000323,0.001547,0.000152,0.000973,0.000066,0.000603,households
TN20,0.002435,0.003932,0.001503,0.002958,0.001177,0.002647,0.000335,0.001603,0.000157,0.001008,0.000069,0.000625,households
TN21,0.000664,0.001337,0.000410,0.001071,0.000321,0.000987,0.000091,0.000702,0.000043,0.000540,0.000019,0.000171,households
TN22,0.006814,0.008713,0.004688,0.008522,0.004117,0.008207,0.001502,0.005468,0.000031,0.004507,0.000013,0.003080,households
TN23,0.007479,0.043308,0.002552,0.030237,0.002489,0.027239,0.000065,0.006696,0.000031,0.004546,0.000013,0.000122,households
TN24,0.006426,0.027764,0.000795,0.012937,0.000714,0.005427,0.000224,0.001661,0.000039,0.000251,0.000017,0.000156,households
TN25,0.002602,0.005718,0.001622,0.002733,0.001540,0.002655,0.000084,0.000400,0.000039,0.000252,0.000017,0.000156,households
TN26,0.020464,0.024387,0.001286,0.008775,0.000794,0.001692,0.000119,0.000568,0.000056,0.000357,0.000024,0.000222,households
TN27,0.015169,0.016560,0.010289,0.014528,0.002410,0.011895,0.000416,0.003488,0.000046,0.000613,0.000020,0.000183,households
TN28,0.016833,0.021643,0.016265,0.017151,0.016066,0.016962,0.001179,0.015839,0.000096,0.000615,0.000042,0.000381,households
TN29,0.048610,0.128715,0.029083,0.102117,0.026341,0.097085,0.005697,0.049790,0.005634,0.015125,0.005275,0.014660,households
TN30,0.001407,0.002144,0.000948,0.001664,0.000788,0.001511,0.000373,0.000997,0.000286,0.000705,0.000034,0.000308,households
TN31,0.127553,0.134079,0.106405,0.124746,0.076939,0.112206,0.013597,0.054631,0.005148,0.021624,0.003918,0.012653,households
TN32,0.032464,0.040249,0.029542,0.035077,0.029297,0.032623,0.013126,0.014968,0.006777,0.007418,0.002715,0.003134,households
TN33,0.007548,0.008498,0.007184,0.008118,0.001742,0.002682,0.000314,0.001175,0.000061,0.000394,0.000027,0.000244,households
TN34,0.017947,0.019260,0.010821,0.011290,0.008164,0.008638,0.002590,0.002938,0.001639,0.001873,0.000019,0.000172,households
TN35,0.006231,0.006918,0.005803,0.006471,0.005653,0.006328,0.005266,0.005849,0.003523,0.005575,0.000032,0.000287,households
TN36,0.025250,0.198950,0.016899,0.146167,0.002617,0.145678,0.000527,0.077486,0.000248,0.002352,0.000108,0.001749,households
TN37,0.000997,0.001610,0.000615,0.001211,0.000482,0.001084,0.000137,0.000656,0.000064,0.000413,0.000028,0.000256,households
TN38,0.045413,0.048545,0.033446,0.033872,0.031581,0.032012,0.016178,0.016549,0.010509,0.010759,0.006406,0.006569,households
TN39,0.032668,0.038393,0.007449,0.011442,0.003918,0.009636,0.000090,0.002154,0.000042,0.000272,0.000019,0.000169,households
TN40,0.009141,0.009649,0.007827,0.008321,0.002173,0.008215,0.001887,0.002318,0.001827,0.002116,0.000578,0.000766,households
TQ1,0.000304,0.002797,0.000111,0.000999,0.000086,0.000955,0.000039,0.000878,0.000022,0.000070,0.000009,0.000036,households
TQ2,0.007471,0.007604,0.000109,0.000251,0.000084,0.000207,0.000038,0.000131,0.000022,0.000069,0.000008,0.000035,households
TQ3,0.003398,0.004732,0.000132,0.000304,0.000103,0.000251,0.000046,0.000159,0.000026,0.000084,0.000010,0.000043,households
TQ4,0.019385,0.050587,0.016171,0.044065,0.012711,0.034337,0.001569,0.028483,0.000034,0.010271,0.000013,0.006898,households
TQ5,0.008287,0.009767,0.000153,0.001644,0.000118,0.000506,0.000053,0.000400,0.000030,0.000097,0.000012,0.000050,households
TQ6,0.048736,0.054572,0.029104,0.043066,0.016891,0.033604,0.012746,0.026360,0.005364,0.012553,0.000017,0.012487,households
TQ7,0.022420,0.025587,0.009337,0.015419,0.008553,0.014617,0.004715,0.007716,0.002297,0.005252,0.001652,0.001679,households
TQ8,0.020243,0.020858,0.019364,0.020018,0.008773,0.009339,0.001223,0.001655,0.000100,0.000319,0.000039,0.000164,households
TQ9,0.019327,0.021549,0.012539,0.014769,0.010205,0.014066,0.003668,0.005850,0.003652,0.005349,0.002869,0.003555,households
TQ10,0.009650,0.027314,0.008771,0.026474,0.008140,0.026274,0.007926,0.008874,0.007850,0.008069,0.000039,0.000164,households
TQ11,0.044079,0.072171,0.011909,0.071215,0.009890,0.070987,0.009646,0.055948,0.000114,0.018782,0.000044,0.012938,households
TQ12,0.002833,0.006241,0.001551,0.004376,0.001027,0.003842,0.000374,0.003172,0.000247,0.003020,0.000240,0.000255,households
TQ13,0.035805,0.038593,0.005796,0.012779,0.004439,0.006772,0.000657,0.003143,0.000642,0.002109,0.000631,0.002080,households
TQ14,0.031232,0.049675,0.005745,0.021455,0.005711,0.019073,0.005013,0.005670,0.003513,0.003579,0.000012,0.000049,households
TR1,0.003481,0.006017,0.001889,0.002382,0.001291,0.002356,0.001246,0.002312,0.001242,0.001261,0.001235,0.001237,households
TR2,0.005250,0.005271,0.004560,0.004596,0.004505,0.004560,0.000045,0.000100,0.000039,0.000066,0.000030,0.000033,households
TR3,0.007944,0.007967,0.002170,0.003538,0.002111,0.002170,0.001709,0.001935,0.001371,0.001400,0.001361,0.001363,households
TR4,0.008109,0.008131,0.000169,0.000206,0.000112,0.000169,0.000046,0.000104,0.000041,0.000068,0.000031,0.000034,households
TR5,0.004634,0.004691,0.000448,0.000547,0.000298,0.000448,0.000123,0.000275,0.000108,0.000181,0.000082,0.000089,households
TR6,0.038303,0.038370,0.013492,0.022087,0.003840,0.021972,0.000143,0.000321,0.000126,0.000212,0.000096,0.000104,households
TR7,0.003192,0.003210,0.002966,0.002996,0.002921,0.002966,0.002867,0.002914,0.002863,0.002885,0.000025,0.000027,households
TR8,0.005572,0.005590,0.002738,0.002770,0.002689,0.002738,0.002200,0.002249,0.001331,0.002219,0.001323,0.001325,households
TR9,0.002898,0.004249,0.002400,0.003779,0.002300,0.002400,0.000082,0.000184,0.000072,0.000121,0.000055,0.000060,households
TR10,0.013597,0.013627,0.007332,0.007382,0.006646,0.007129,0.003512,0.003590,0.003505,0.003543,0.003492,0.003495,households
TR11,0.005346,0.005357,0.003373,0.003393,0.003344,0.003373,0.001484,0.003339,0.001481,0.001496,0.001476,0.001478,households
TR12,0.009763,0.009788,0.008012,0.008056,0.007946,0.008012,0.001475,0.001543,0.001232,0.001264,0.000036,0.000040,households
TR13,0.004672,0.004687,0.000988,0.001014,0.000950,0.000988,0.000905,0.000944,0.000901,0.000920,0.000894,0.000896,households
TR14,0.006408,0.007228,0.001960,0.002790,0.001844,0.002686,0.001803,0.002645,0.001799,0.002623,0.001793,0.002602,households
TR15,0.009390,0.009406,0.000126,0.000154,0.000084,0.000126,0.000035,0.000077,0.000030,0.000051,0.000023,0.000025,households
TR16,0.030790,0.030807,0.008731,0.012037,0.005138,0.005183,0.000036,0.001446,0.000032,0.000054,0.000024,0.000026,households
TR17,0.006324,0.006427,0.004982,0.005161,0.000538,0.000807,0.000221,0.000496,0.000194,0.000327,0.000148,0.000161,households
TR18,0.028848,0.032582,0.017808,0.018636,0.005905,0.013986,0.000029,0.007307,0.000026,0.007184,0.000020,0.000021,households
TR19,0.020044,0.020065,0.000635,0.000672,0.000579,0.000635,0.000513,0.000570,0.000507,0.000535,0.000031,0.000034,households
TR20,0.025860,0.025881,0.005341,0.011900,0.003710,0.008039,0.000046,0.004376,0.000041,0.004341,0.000031,0.000034,households
TR21,0.022614,0.022752,0.010431,0.010670,0.010072,0.010431,0.009650,0.010016,0.000259,0.000436,0.000198,0.000215,households
TR22,0.011461,0.012013,0.004306,0.005260,0.002869,0.004306,0.001179,0.002644,0.001036,0.001744,0.000790,0.000859,households
TR23,0.011461,0.012013,0.004306,0.005260,0.002869,0.004306,0.001179,0.002644,0.001036,0.001744,0.000790,0.000859,households
TR24,0.138818,0.139139,0.038548,0.039104,0.037709,0.038548,0.000688,0.001542,0.000604,0.001018,0.000461,0.000501,households
TR25,0.010464,0.010968,0.003932,0.004803,0.002619,0.003932,0.001076,0.002414,0.000946,0.001593,0.000722,0.000784,households
TR26,0.009125,0.009143,0.000519,0.000549,0.000473,0.000519,0.000419,0.000465,0.000033,0.000056,0.000025,0.000027,households
TR27,0.030901,0.031199,0.010688,0.015433,0.006894,0.014289,0.003507,0.012842,0.003086,0.003113,0.003077,0.003079,households
TS1,0.015328,0.024323,0.002826,0.010073,0.000072,0.007985,0.000017,0.000070,0.000004,0.000032,0.000004,0.000027,households
TS2,0.386951,0.466040,0.088210,0.152328,0.000297,0.000861,0.000071,0.000286,0.000018,0.000131,0.000018,0.000112,households
TS3,0.000677,0.023812,0.000056,0.014565,0.000045,0.013582,0.000011,0.010054,0.000003,0.009014,0.000003,0.007368,households
TS4,0.036289,0.056797,0.018129,0.042295,0.011811,0.036412,0.004341,0.018231,0.000005,0.004974,0.000005,0.003364,households
TS5,0.000286,0.015875,0.000048,0.011482,0.000039,0.007201,0.000009,0.000037,0.000002,0.000017,0.000002,0.000015,households
TS6,0.002229,0.019708,0.002158,0.002273,0.002147,0.002229,0.000010,0.000042,0.000003,0.000019,0.000003,0.000016,households
TS7,0.004936,0.005251,0.002697,0.002868,0.002003,0.002803,0.000015,0.000062,0.000004,0.000028,0.000004,0.000024,households
TS8,0.000288,0.009337,0.000124,0.000389,0.000100,0.000289,0.000024,0.000096,0.000006,0.000044,0.000006,0.000037,households
TS9,0.020974,0.144015,0.015904,0.065617,0.015887,0.037109,0.000976,0.001826,0.000004,0.000031,0.000004,0.000027,households
TS10,0.009329,0.009512,0.000394,0.001479,0.000269,0.000340,0.000125,0.000152,0.000002,0.000016,0.000002,0.000014,households
TS11,0.000307,0.000829,0.000132,0.000414,0.000106,0.000308,0.000025,0.000102,0.000007,0.000047,0.000007,0.000040,households
TS12,0.000357,0.000647,0.000073,0.000230,0.000059,0.000171,0.000014,0.000057,0.000004,0.000026,0.000004,0.000022,households
TS13,0.006803,0.021167,0.000121,0.011951,0.000097,0.011854,0.000023,0.001777,0.000006,0.000043,0.000006,0.000036,households
TS14,0.019334,0.020503,0.013292,0.014404,0.012364,0.012621,0.000018,0.001325,0.000005,0.000147,0.000005,0.000028,households
TS15,0.000243,0.001265,0.000104,0.000937,0.000084,0.000853,0.000020,0.000081,0.000005,0.000037,0.000005,0.000032,households
TS16,0.000317,0.000857,0.000136,0.000428,0.000110,0.000318,0.000026,0.000106,0.000007,0.000048,0.000007,0.000041,households
TS17,0.008741,0.016373,0.007592,0.014464,0.007583,0.012410,0.002645,0.005773,0.000002,0.000637,0.000002,0.000635,households
TS18,0.000397,0.003003,0.000321,0.002824,0.000310,0.002778,0.000187,0.000309,0.000091,0.000108,0.000091,0.000105,households
TS19,0.000545,0.008481,0.000050,0.005991,0.000040,0.005398,0.000010,0.003048,0.000002,0.002167,0.000002,0.002165,households
TS20,0.000214,0.005760,0.000092,0.001711,0.000074,0.001637,0.000018,0.001494,0.000005,0.000033,0.000005,0.000028,households
TS21,0.000209,0.000564,0.000090,0.000282,0.000072,0.000209,0.000017,0.000070,0.000004,0.000032,0.000004,0.000027,households
TS22,0.000326,0.000881,0.000140,0.000440,0.000113,0.000327,0.000027,0.000109,0.000007,0.000050,0.000007,0.000042,households
TS23,0.000150,0.000406,0.000065,0.000203,0.000052,0.000151,0.000012,0.000050,0.000003,0.000023,0.000003,0.000020,households
TS24,0.019359,0.042861,0.003141,0.011544,0.003127,0.007264,0.003085,0.003125,0.003075,0.003096,0.003075,0.003092,households
TS25,0.000108,0.002244,0.000047,0.000433,0.000037,0.000395,0.000009,0.000036,0.000002,0.000016,0.000002,0.000014,households
TS26,0.000873,0.001868,0.000074,0.000934,0.000060,0.000173,0.000014,0.000058,0.000004,0.000026,0.000004,0.000022,households
TS27,0.000286,0.000772,0.000123,0.000386,0.000099,0.000286,0.000024,0.000095,0.000006,0.000044,0.000006,0.000037,households
TS28,0.000631,0.006142,0.000271,0.005289,0.000218,0.002481,0.000052,0.000210,0.000013,0.000096,0.000013,0.000082,households
TS29,0.000542,0.001465,0.000233,0.000732,0.000188,0.000543,0.000045,0.000181,0.000012,0.000083,0.000012,0.000070,households
TW1,0.041580,0.142166,0.039035,0.103688,0.038591,0.093373,0.038164,0.071000,0.030958,0.056442,0.020247,0.038673,households
TW2,0.001781,0.009936,0.001300,0.006059,0.001085,0.002844,0.000602,0.001697,0.000313,0.000954,0.000181,0.000507,households
TW3,0.001355,0.003382,0.000989,0.002580,0.000826,0.002164,0.000458,0.001291,0.000238,0.000726,0.000138,0.000386,households
TW4,0.002267,0.005657,0.001654,0.004316,0.001381,0.003620,0.000766,0.002160,0.000399,0.001214,0.000231,0.000646,households
TW5,0.002439,0.006085,0.001779,0.004643,0.001486,0.003894,0.000824,0.002323,0.000429,0.001306,0.000248,0.000694,households
TW6,0.011736,0.029281,0.008562,0.022342,0.007148,0.018736,0.003967,0.011180,0.002063,0.006282,0.001195,0.003342,households
TW7,0.003180,0.011234,0.001955,0.008220,0.001796,0.007815,0.001439,0.006036,0.001225,0.002257,0.001127,0.001369,households
TW8,0.024365,0.099441,0.021264,0.075022,0.021042,0.065932,0.012736,0.027508,0.010104,0.026738,0.009071,0.010574,households
TW9,0.002070,0.010354,0.001587,0.008442,0.001372,0.006276,0.000889,0.002366,0.000314,0.001622,0.000182,0.000794,households
TW10,0.001956,0.127908,0.001427,0.079073,0.001191,0.053432,0.000661,0.022444,0.000344,0.001047,0.000199,0.000557,households
TW11,0.082438,0.180734,0.075257,0.164979,0.065378,0.146772,0.041480,0.102968,0.028089,0.069794,0.008637,0.061256,households
TW12,0.007459,0.016195,0.006972,0.015129,0.006754,0.014574,0.006265,0.013221,0.005973,0.006717,0.005839,0.006169,households
TW13,0.001465,0.003655,0.001069,0.002789,0.000892,0.002339,0.000495,0.001395,0.000258,0.000784,0.000149,0.000417,households
TW14,0.002065,0.005153,0.001507,0.003932,0.001258,0.003297,0.000698,0.001968,0.000363,0.001106,0.000210,0.000588,households
TW15,0.001509,0.137520,0.001101,0.095880,0.000919,0.030734,0.000510,0.007732,0.000265,0.000808,0.000154,0.000430,households
TW16,0.026331,0.087937,0.025495,0.052909,0.025266,0.027462,0.022277,0.025918,0.021323,0.024158,0.016770,0.023683,households
TW17,0.241502,0.600556,0.124177,0.505233,0.094303,0.443509,0.060432,0.207552,0.045330,0.087907,0.036809,0.050443,households
TW18,0.297931,0.670748,0.213640,0.439070,0.159821,0.370119,0.057300,0.202426,0.016665,0.079154,0.005213,0.010366,households
TW19,0.175481,0.206783,0.125669,0.202232,0.110774,0.198790,0.061094,0.155011,0.023467,0.097067,0.008555,0.039136,households
TW20,0.203331,0.398372,0.151336,0.341360,0.131243,0.316557,0.066578,0.206175,0.010324,0.130426,0.002569,0.068105,households
UB1,0.000275,0.000721,0.000166,0.000499,0.000102,0.000386,0.000020,0.000121,0.000010,0.000015,0.000000,0.000010,households
UB2,0.000310,0.000813,0.000188,0.000563,0.000115,0.000436,0.000022,0.000137,0.000011,0.000017,0.000000,0.000011,households
UB3,0.000176,0.000460,0.000106,0.000319,0.000065,0.000247,0.000012,0.000077,0.000006,0.000009,0.000000,0.000006,households
UB4,0.013621,0.068249,0.010482,0.051488,0.007453,0.044805,0.000017,0.012426,0.000009,0.000013,0.000000,0.000009,households
UB5,0.000204,0.001706,0.000124,0.000370,0.000076,0.000287,0.000015,0.000090,0.000008,0.000011,0.000000,0.000008,households
UB6,0.027714,0.035114,0.020875,0.024233,0.014280,0.017286,0.003183,0.005633,0.002278,0.003179,0.000000,0.002278,households
UB7,0.004665,0.020861,0.004487,0.011847,0.000098,0.005505,0.000019,0.003343,0.000010,0.000014,0.000000,0.000010,households
UB8,0.004908,0.047793,0.001271,0.025180,0.000367,0.019764,0.000087,0.003080,0.000008,0.000225,0.000000,0.000008,households
UB9,0.018618,0.022147,0.008546,0.017319,0.008458,0.011328,0.003237,0.007462,0.000014,0.000020,0.000000,0.000014,households
UB10,0.014152,0.023651,0.002506,0.022382,0.000086,0.018571,0.000017,0.006792,0.000009,0.000013,0.000000,0.000009,households
UB11,0.005070,0.013281,0.003067,0.009193,0.001885,0.007116,0.000361,0.002233,0.000187,0.000274,0.000000,0.000187,households
W1B,0.000043,0.000222,0.000042,0.000173,0.000021,0.000123,0.000020,0.000053,0.000010,0.000044,0.000005,0.000027,households
W1C,0.000083,0.000433,0.000082,0.000337,0.000041,0.000240,0.000039,0.000104,0.000020,0.000086,0.000010,0.000052,households
W1D,0.000019,0.000097,0.000018,0.000076,0.000009,0.000054,0.000009,0.000023,0.000005,0.000019,0.000002,0.000012,households
W1F,0.000017,0.000088,0.000017,0.000068,0.000008,0.000049,0.000008,0.000021,0.000004,0.000017,0.000002,0.000011,households
W1G,0.000019,0.000097,0.000018,0.000075,0.000009,0.000054,0.000009,0.000023,0.000005,0.000019,0.000002,0.000012,households
W1H,0.000019,0.000097,0.000018,0.000076,0.000009,0.000054,0.000009,0.000023,0.000005,0.000019,0.000002,0.000012,households
W1J,0.000020,0.000106,0.000020,0.000082,0.000010,0.000058,0.000010,0.000025,0.000005,0.000021,0.000002,0.000013,households
W1K,0.000015,0.000078,0.000015,0.000060,0.000007,0.000043,0.000007,0.000019,0.000004,0.000015,0.000002,0.000009,households
W1S,0.000023,0.000122,0.000023,0.000095,0.000012,0.000068,0.000011,0.000029,0.000006,0.000024,0.000003,0.000015,households
W1T,0.000014,0.000073,0.000014,0.000057,0.000007,0.000041,0.000007,0.000018,0.000003,0.000015,0.000002,0.000009,households
W1U,0.000012,0.000064,0.000012,0.000050,0.000006,0.000035,0.000006,0.000015,0.000003,0.000013,0.000001,0.000008,households
W1W,0.000021,0.000109,0.000020,0.000085,0.000010,0.000060,0.000010,0.000026,0.000005,0.000022,0.000003,0.000013,households
W2,0.000012,0.000065,0.000012,0.000051,0.000006,0.000036,0.000006,0.000016,0.000003,0.000013,0.000002,0.000008,households
W3,0.000011,0.000059,0.000011,0.000046,0.000006,0.000032,0.000005,0.000014,0.000003,0.000012,0.000001,0.000007,households
W4,0.001810,0.001864,0.001761,0.001800,0.000638,0.000668,0.000638,0.000647,0.000635,0.000645,0.000633,0.000640,households
W5,0.001554,0.001611,0.001554,0.001595,0.001547,0.001579,0.001547,0.001558,0.000003,0.001555,0.000002,0.001549,households
W6,0.000017,0.000090,0.000017,0.000070,0.000009,0.000050,0.000008,0.000022,0.000004,0.000018,0.000002,0.000011,households
W7,0.004077,0.025934,0.004077,0.017056,0.002163,0.014214,0.001914,0.010286,0.001908,0.008875,0.000417,0.003820,households
W8,0.000021,0.000108,0.000020,0.000084,0.000010,0.000060,0.000010,0.000026,0.000005,0.000022,0.000003,0.000013,households
W9,0.000023,0.000121,0.000023,0.000094,0.000011,0.000067,0.000011,0.000029,0.000006,0.000024,0.000003,0.000015,households
W10,0.000019,0.000098,0.000018,0.000076,0.000009,0.000054,0.000009,0.000023,0.000005,0.000020,0.000002,0.000012,households
W11,0.000019,0.000098,0.000018,0.000076,0.000009,0.000054,0.000009,0.000023,0.000005,0.000019,0.000002,0.000012,households
W12,0.000017,0.000086,0.000016,0.000067,0.000008,0.000048,0.000008,0.000021,0.000004,0.000017,0.000002,0.000010,households
W13,0.002005,0.027810,0.001934,0.023251,0.000011,0.014938,0.000010,0.001019,0.000005,0.000023,0.000003,0.000014,households
W14,0.000021,0.000109,0.000021,0.000085,0.000010,0.000060,0.000010,0.000026,0.000005,0.000022,0.000003,0.000013,households
WA1,0.051371,0.318012,0.030626,0.289273,0.030028,0.238914,0.013309,0.160726,0.000018,0.099399,0.000011,0.064167,households
WA2,0.007499,0.059966,0.000131,0.033203,0.000106,0.023340,0.000043,0.004151,0.000013,0.000257,0.000008,0.000194,households
WA3,0.013248,0.013878,0.001619,0.001974,0.001556,0.001847,0.001518,0.001718,0.000660,0.000811,0.000657,0.000773,households
WA4,0.003671,0.157338,0.002391,0.128642,0.002374,0.116439,0.002286,0.101142,0.002036,0.087938,0.002033,0.079558,households
WA5,0.045126,0.069534,0.027343,0.050241,0.020664,0.043032,0.006919,0.014988,0.001646,0.005015,0.000082,0.000214,households
WA6,0.000351,0.001476,0.000236,0.000774,0.000212,0.000653,0.000154,0.000457,0.000125,0.000354,0.000008,0.000183,households
WA7,0.004593,0.008059,0.002459,0.003777,0.001627,0.002561,0.001517,0.001791,0.000008,0.000232,0.000005,0.000122,households
WA8,0.007377,0.010236,0.000794,0.005320,0.000456,0.004098,0.000026,0.002400,0.000008,0.001333,0.000005,0.000509,households
WA9,0.005465,0.010737,0.003949,0.006737,0.003931,0.006125,0.000464,0.003855,0.000009,0.003691,0.000006,0.000571,households
WA10,0.004072,0.033363,0.000313,0.009409,0.000293,0.000756,0.000033,0.000279,0.000010,0.000195,0.000006,0.000148,households
WA11,0.002170,0.009476,0.001339,0.001848,0.001317,0.001733,0.001261,0.001548,0.001234,0.001451,0.001230,0.001395,households
WA12,0.000365,0.004756,0.000189,0.004374,0.000152,0.000827,0.000062,0.000527,0.000019,0.000370,0.000012,0.000280,households
WA13,0.005805,0.012277,0.005410,0.009037,0.002951,0.007595,0.000079,0.004458,0.000024,0.001673,0.000015,0.001560,households
WA14,0.022982,0.025468,0.020459,0.021995,0.013402,0.021811,0.005937,0.006205,0.003415,0.003618,0.001595,0.001750,households
WA15,0.008141,0.032528,0.003153,0.017531,0.003133,0.005690,0.000034,0.000289,0.000010,0.000203,0.000006,0.000153,households
WA16,0.000856,0.001609,0.000759,0.001399,0.000084,0.000642,0.000034,0.000477,0.000010,0.000390,0.000006,0.000341,households
WC1A,0.000000,0.000000,0.000000,0.000000,0.000000,0.000000,0.000000,0.000000,0.000000,0.000000,0.000000,0.000000,households
WC1B,0.000000,0.000000,0.000000,0.000000,0.000000,0.000000,0.000000,0.000000,0.000000,0.000000,0.000000,0.000000,households
WC1E,0.000000,0.000000,0.000000,0.000000,0.000000,0.000000,0.000000,0.000000,0.000000,0.000000,0.000000,0.000000,households
WC1H,0.000000,0.000000,0.000000,0.000000,0.000000,0.000000,0.000000,0.000000,0.000000,0.000000,0.000000,0.000000,households
WC1N,0.000000,0.000000,0.000000,0.000000,0.000000,0.000000,0.000000,0.000000,0.000000,0.000000,0.000000,0.000000,households
WC1R,0.000000,0.000000,0.000000,0.000000,0.000000,0.000000,0.000000,0.000000,0.000000,0.000000,0.000000,0.000000,households
WC1V,0.000000,0.000000,0.000000,0.000000,0.000000,0.000000,0.000000,0.000000,0.000000,0.000000,0.000000,0.000000,households
WC1X,0.000000,0.000000,0.000000,0.000000,0.000000,0.000000,0.000000,0.000000,0.000000,0.000000,0.000000,0.000000,households
WC2A,0.000000,0.000000,0.000000,0.000000,0.000000,0.000000,0.000000,0.000000,0.000000,0.000000,0.000000,0.000000,households
WC2B,0.000000,0.000000,0.000000,0.000000,0.000000,0.000000,0.000000,0.000000,0.000000,0.000000,0.000000,0.000000,households
WC2E,0.000000,0.000000,0.000000,0.000000,0.000000,0.000000,0.000000,0.000000,0.000000,0.000000,0.000000,0.000000,households
WC2H,0.000000,0.000000,0.000000,0.000000,0.000000,0.000000,0.000000,0.000000,0.000000,0.000000,0.000000,0.000000,households
WC2N,0.000000,0.000000,0.000000,0.000000,0.000000,0.000000,0.000000,0.000000,0.000000,0.000000,0.000000,0.000000,households
WC2R,0.000000,0.000000,0.000000,0.000000,0.000000,0.000000,0.000000,0.000000,0.000000,0.000000,0.000000,0.000000,households
WD3,0.027867,0.040674,0.013823,0.013837,0.005389,0.010108,0.000029,0.000047,0.000022,0.000028,0.000007,0.000009,households
WD4,0.000535,0.009251,0.000286,0.004402,0.000186,0.002012,0.000094,0.000155,0.000072,0.000092,0.000024,0.000030,households
WD5,0.000738,0.000991,0.000394,0.000455,0.000257,0.000368,0.000130,0.000213,0.000099,0.000127,0.000033,0.000042,households
WD6,0.000194,0.000261,0.000104,0.000120,0.000068,0.000097,0.000034,0.000056,0.000026,0.000033,0.000009,0.000011,households
WD7,0.007046,0.007210,0.002766,0.002805,0.000165,0.002363,0.000084,0.002263,0.000064,0.000082,0.000021,0.000027,households
WD17,0.010019,0.013839,0.007582,0.011184,0.007512,0.011140,0.000423,0.008204,0.000051,0.000422,0.000017,0.000021,households
WD18,0.002522,0.002639,0.002091,0.002119,0.002027,0.002079,0.000060,0.001553,0.000046,0.000059,0.000015,0.000019,households
WD19,0.012006,0.016708,0.004171,0.004278,0.000100,0.000226,0.000050,0.000166,0.000039,0.000133,0.000013,0.000016,households
WD23,0.025224,0.026426,0.015985,0.017881,0.015934,0.017849,0.014354,0.016003,0.012725,0.012735,0.004270,0.004273,households
WD24,0.006224,0.007712,0.002709,0.004095,0.002636,0.004049,0.002569,0.003967,0.000053,0.003921,0.000018,0.001376,households
WD25,0.000295,0.000724,0.000158,0.000509,0.000103,0.000147,0.000052,0.000085,0.000040,0.000051,0.000013,0.000017,households
WF1,0.005859,0.020886,0.001326,0.006163,0.000517,0.004543,0.000491,0.003831,0.000473,0.000664,0.000461,0.000602,households
WF2,0.023323,0.088757,0.005018,0.055971,0.003156,0.052933,0.001926,0.031878,0.000015,0.015513,0.000005,0.006196,households
WF3,0.000201,0.003933,0.000088,0.003141,0.000075,0.002772,0.000042,0.002667,0.000021,0.002556,0.000006,0.002480,households
WF4,0.008188,0.018152,0.005575,0.015385,0.005211,0.013997,0.002912,0.013513,0.001885,0.011104,0.000005,0.007206,households
WF5,0.000391,0.001380,0.000227,0.000721,0.000207,0.000677,0.000160,0.000525,0.000030,0.000364,0.000009,0.000255,households
WF6,0.002308,0.004762,0.000145,0.000706,0.000123,0.000656,0.000070,0.000484,0.000034,0.000301,0.000010,0.000177,households
WF7,0.004753,0.026834,0.004270,0.006115,0.004247,0.006063,0.000071,0.004613,0.000035,0.000305,0.000010,0.000179,households
WF8,0.007324,0.009394,0.000953,0.005685,0.000072,0.004973,0.000041,0.004686,0.000020,0.000177,0.000006,0.000104,households
WF9,0.000168,0.005209,0.000074,0.004615,0.000062,0.003650,0.000035,0.001517,0.000018,0.001424,0.000005,0.000090,households
WF10,0.010772,0.018053,0.009670,0.016369,0.009660,0.016345,0.006992,0.011110,0.002042,0.010494,0.000269,0.010434,households
WF11,0.012757,0.016760,0.011950,0.015225,0.010953,0.013225,0.003358,0.005260,0.002590,0.002875,0.002565,0.002743,households
WF12,0.002622,0.043707,0.000393,0.030922,0.000377,0.030885,0.000339,0.027077,0.000097,0.025067,0.000007,0.011902,households
WF13,0.022404,0.145903,0.007077,0.129615,0.005416,0.117105,0.000347,0.090481,0.000318,0.040455,0.000008,0.014546,households
WF14,0.034004,0.053630,0.007508,0.034924,0.006728,0.034115,0.002236,0.033942,0.002200,0.031051,0.000335,0.029085,households
WF15,0.038767,0.039526,0.023896,0.031486,0.018528,0.028074,0.014989,0.015455,0.008240,0.008540,0.000012,0.000945,households
WF16,0.006778,0.007869,0.006477,0.007385,0.006441,0.007303,0.006355,0.007026,0.006298,0.006730,0.006259,0.006529,households
WF17,0.000932,0.002512,0.000077,0.001074,0.000065,0.000641,0.000037,0.000549,0.000018,0.000393,0.000006,0.000094,households
WN1,0.010271,0.043975,0.010041,0.043516,0.010015,0.033007,0.009984,0.022187,0.009981,0.022113,0.000042,0.012054,households
WN2,0.014092,0.032286,0.001186,0.017385,0.000703,0.012631,0.000645,0.009665,0.000386,0.004409,0.000021,0.002487,households
WN3,0.044489,0.085944,0.014346,0.025657,0.010618,0.021792,0.003256,0.013906,0.003253,0.013841,0.003213,0.008024,households
WN4,0.002494,0.006716,0.002013,0.005999,0.001987,0.005899,0.001954,0.002298,0.001304,0.001575,0.000044,0.000190,households
WN5,0.000307,0.001556,0.000151,0.000538,0.000083,0.000472,0.000062,0.000338,0.000060,0.000237,0.000029,0.000124,households
WN6,0.002252,0.005274,0.000101,0.002968,0.000083,0.002525,0.000062,0.002391,0.000060,0.002340,0.000029,0.002227,households
WN7,0.022327,0.110420,0.014012,0.079464,0.011720,0.074155,0.009994,0.051968,0.009992,0.043428,0.006288,0.021434,households
WN8,0.004314,0.010582,0.000106,0.004750,0.000087,0.002927,0.000065,0.000301,0.000063,0.000248,0.000030,0.000130,households
WR1,0.063983,0.084453,0.061003,0.080978,0.056016,0.074905,0.039855,0.053543,0.025782,0.039926,0.013776,0.027525,households
WR2,0.009879,0.014963,0.009761,0.014853,0.009742,0.011571,0.005054,0.007945,0.005014,0.006778,0.004984,0.005032,households
WR3,0.010878,0.012866,0.005453,0.008173,0.005425,0.008102,0.002354,0.004972,0.000546,0.000655,0.000090,0.000160,households
WR4,0.001763,0.001986,0.000287,0.000521,0.000261,0.000454,0.000180,0.000318,0.000125,0.000227,0.000084,0.000149,households
WR5,0.015163,0.035038,0.004953,0.025303,0.003531,0.021179,0.002737,0.012460,0.000225,0.009052,0.000195,0.006791,households
WR6,0.015497,0.016976,0.003138,0.015043,0.003110,0.014970,0.003021,0.012703,0.002961,0.012604,0.002916,0.002988,households
WR7,0.002269,0.002819,0.001478,0.002055,0.001413,0.001890,0.001213,0.001554,0.000309,0.000561,0.000207,0.000369,households
WR8,0.053903,0.083968,0.043898,0.067243,0.038864,0.057650,0.032990,0.033717,0.026411,0.026579,0.021102,0.022707,households
WR9,0.007633,0.009418,0.005953,0.006107,0.005935,0.006063,0.005161,0.005777,0.002244,0.003686,0.002216,0.003111,households
WR10,0.005191,0.005387,0.004066,0.005252,0.002082,0.003232,0.000812,0.001370,0.000764,0.001289,0.000183,0.000785,households
WR11,0.014926,0.019238,0.009642,0.016345,0.008865,0.015596,0.005054,0.012091,0.004836,0.007941,0.001760,0.004561,households
WR12,0.019603,0.043817,0.004747,0.030524,0.004678,0.021450,0.004464,0.019250,0.004319,0.011952,0.004210,0.004383,households
WR13,0.001655,0.004936,0.000427,0.000774,0.000388,0.000675,0.000268,0.000473,0.000186,0.000338,0.000125,0.000222,households
WR14,0.004566,0.004693,0.000163,0.000296,0.000148,0.000258,0.000102,0.000180,0.000071,0.000129,0.000048,0.000085,households
WR15,0.015459,0.032124,0.002044,0.010784,0.001987,0.003826,0.001811,0.002111,0.000272,0.000494,0.000182,0.000325,households
WS1,0.009747,0.009858,0.004856,0.009645,0.004845,0.007111,0.000007,0.002234,0.000000,0.000011,0.000000,0.000007,households
WS2,0.000078,0.010088,0.000025,0.005531,0.000016,0.003465,0.000005,0.000012,0.000000,0.000009,0.000000,0.000005,households
WS3,0.000056,0.000118,0.000018,0.000053,0.000012,0.000039,0.000004,0.000009,0.000000,0.000006,0.000000,0.000004,households
WS4,0.014321,0.021642,0.007695,0.014311,0.004420,0.014271,0.004396,0.007669,0.000000,0.007662,0.000000,0.004396,households
WS5,0.000145,0.000306,0.000046,0.000137,0.000031,0.000100,0.000010,0.000023,0.000000,0.000016,0.000000,0.000010,households
WS6,0.000161,0.007702,0.000051,0.001421,0.000034,0.000111,0.000011,0.000025,0.000000,0.000018,0.000000,0.000011,households
WS7,0.000083,0.000176,0.000026,0.000078,0.000018,0.000057,0.000005,0.000013,0.000000,0.000009,0.000000,0.000005,households
WS8,0.000168,0.000353,0.000053,0.000158,0.000035,0.000115,0.000011,0.000026,0.000000,0.000019,0.000000,0.000011,households
WS9,0.001108,0.001210,0.000029,0.000087,0.000019,0.000063,0.000006,0.000014,0.000000,0.000010,0.000000,0.000006,households
WS10,0.003923,0.004895,0.001524,0.004521,0.001517,0.004505,0.000004,0.000010,0.000000,0.000007,0.000000,0.000004,households
WS11,0.000763,0.000826,0.000725,0.000760,0.000012,0.000039,0.000004,0.000009,0.000000,0.000006,0.000000,0.000004,households
WS12,0.000075,0.000159,0.000024,0.000071,0.000016,0.000052,0.000005,0.000012,0.000000,0.000009,0.000000,0.000005,households
WS13,0.000519,0.010357,0.000096,0.003013,0.000089,0.000499,0.000080,0.000086,0.000076,0.000083,0.000000,0.000080,households
WS14,0.000104,0.000748,0.000033,0.000626,0.000022,0.000071,0.000007,0.000016,0.000000,0.000012,0.000000,0.000007,households
WS15,0.013407,0.024160,0.001081,0.003536,0.000011,0.002459,0.000004,0.000008,0.000000,0.000006,0.000000,0.000004,households
WV1,0.005469,0.005566,0.000022,0.000067,0.000016,0.000045,0.000013,0.000028,0.000006,0.000013,0.000005,0.000005,households
WV2,0.000165,0.000278,0.000026,0.000077,0.000018,0.000052,0.000015,0.000033,0.000007,0.000016,0.000006,0.000006,households
WV3,0.000120,0.000202,0.000019,0.000056,0.000013,0.000038,0.000011,0.000024,0.000005,0.000011,0.000005,0.000005,households
WV4,0.000243,0.000311,0.000015,0.000047,0.000011,0.000032,0.000009,0.000020,0.000004,0.000009,0.000004,0.000004,households
WV5,0.000299,0.001842,0.000024,0.000073,0.000017,0.000049,0.000014,0.000031,0.000006,0.000015,0.000006,0.000006,households
WV6,0.000074,0.000176,0.000011,0.000087,0.000008,0.000023,0.000007,0.000015,0.000003,0.000007,0.000003,0.000003,households
WV7,0.000338,0.000569,0.000052,0.000158,0.000037,0.000107,0.000030,0.000067,0.000014,0.000032,0.000013,0.000013,households
WV8,0.000169,0.000284,0.000026,0.000079,0.000019,0.000054,0.000015,0.000034,0.000007,0.000016,0.000006,0.000006,households
WV9,0.003531,0.003789,0.000059,0.000177,0.000042,0.000120,0.000034,0.000075,0.000015,0.000036,0.000014,0.000014,households
WV10,0.004220,0.006783,0.000178,0.000198,0.000175,0.000188,0.000006,0.000181,0.000003,0.000006,0.000002,0.000002,households
WV11,0.000108,0.000181,0.000017,0.000050,0.000012,0.000034,0.000010,0.000021,0.000004,0.000010,0.000004,0.000004,households
WV12,0.000145,0.000243,0.000022,0.000068,0.000016,0.000046,0.000013,0.000029,0.000006,0.000014,0.000006,0.000006,households
WV13,0.020649,0.049560,0.001857,0.022298,0.000016,0.013103,0.000013,0.005101,0.000006,0.001848,0.000006,0.000006,households
WV14,0.009288,0.012045,0.000011,0.000034,0.000008,0.000023,0.000007,0.000014,0.000003,0.000007,0.000003,0.000003,households
WV15,0.012620,0.014300,0.011406,0.012997,0.008616,0.010687,0.006338,0.010659,0.006326,0.010634,0.006073,0.006073,households
WV16,0.005329,0.008441,0.003767,0.003809,0.003761,0.003789,0.003759,0.003773,0.000005,0.000012,0.000005,0.000005,households
YO1,0.371340,0.375615,0.364233,0.368201,0.360574,0.364742,0.242366,0.342787,0.054333,0.305354,0.047537,0.241395,households
YO7,0.016322,0.024943,0.009773,0.019634,0.009715,0.019111,0.007474,0.013421,0.006011,0.007693,0.003461,0.004892,households
YO8,0.110125,0.510414,0.098273,0.470852,0.089229,0.455457,0.061973,0.372624,0.048513,0.280694,0.039531,0.171177,households
YO10,0.014067,0.021045,0.013557,0.016697,0.010911,0.013981,0.005667,0.009076,0.002682,0.005185,0.000161,0.000734,households
YO11,0.004125,0.014372,0.000582,0.001964,0.000507,0.001827,0.000318,0.001377,0.000187,0.001013,0.000141,0.000639,households
YO12,0.007055,0.008785,0.006881,0.008478,0.006818,0.008363,0.003973,0.007982,0.003862,0.004990,0.002803,0.003654,households
YO13,0.032429,0.055301,0.018376,0.024618,0.010068,0.012320,0.000543,0.002349,0.000318,0.001728,0.000240,0.001091,households
YO14,0.001399,0.004131,0.001034,0.003486,0.000901,0.003244,0.000565,0.002444,0.000331,0.001798,0.000249,0.001135,households
YO15,0.001181,0.078034,0.000873,0.047047,0.000760,0.034518,0.000477,0.008449,0.000280,0.001518,0.000211,0.000958,households
YO16,0.026313,0.063540,0.012106,0.047224,0.007499,0.035597,0.000343,0.010456,0.000201,0.004405,0.000151,0.000689,households
YO17,0.019021,0.081126,0.008934,0.070242,0.008492,0.062460,0.001316,0.055981,0.000543,0.040613,0.000501,0.031308,households
YO18,0.028779,0.054751,0.007889,0.025803,0.002627,0.020437,0.001422,0.011177,0.000315,0.007021,0.000237,0.001964,households
YO19,0.104758,0.241646,0.073786,0.186191,0.055844,0.170834,0.029354,0.114895,0.006872,0.087257,0.001276,0.050154,households
YO21,0.004583,0.014006,0.004359,0.013610,0.004277,0.012716,0.001985,0.008203,0.000352,0.006019,0.000302,0.002633,households
YO22,0.019478,0.025597,0.014534,0.020885,0.006158,0.011682,0.001969,0.003916,0.001757,0.003330,0.000226,0.001029,households
YO23,0.058718,0.150123,0.034107,0.126945,0.033143,0.108727,0.018881,0.066850,0.007083,0.030842,0.005395,0.013305,households
YO24,0.008875,0.027230,0.007722,0.022897,0.006781,0.020170,0.000342,0.012877,0.000200,0.005819,0.000151,0.003626,households
YO25,0.008217,0.010324,0.002805,0.006296,0.002637,0.005137,0.001832,0.002403,0.001761,0.002207,0.001353,0.001622,households
YO26,0.018497,0.079537,0.004650,0.065707,0.004513,0.064032,0.003760,0.045075,0.003649,0.035332,0.001976,0.028330,households
YO30,0.013685,0.079336,0.013462,0.070444,0.013381,0.066388,0.013175,0.044318,0.013033,0.038825,0.010094,0.022955,households
YO31,0.028726,0.047097,0.024677,0.041162,0.018176,0.039599,0.012174,0.027832,0.007285,0.015691,0.003913,0.012244,households
YO32,0.015004,0.033293,0.007520,0.016096,0.001098,0.014009,0.000295,0.001906,0.000173,0.000941,0.000131,0.000594,households
YO41,0.011297,0.017038,0.005360,0.012240,0.003237,0.006818,0.002924,0.004674,0.000508,0.001874,0.000432,0.001256,households
YO42,0.016195,0.030725,0.000579,0.004365,0.000505,0.003694,0.000316,0.002576,0.000186,0.001007,0.000140,0.000636,households
YO43,0.001345,0.004310,0.000871,0.002938,0.000759,0.002734,0.000476,0.002060,0.000279,0.001515,0.000210,0.000956,households
YO51,0.003411,0.016594,0.001566,0.009802,0.001364,0.005882,0.000855,0.003702,0.000502,0.002723,0.000378,0.001719,households
YO60,0.002134,0.010296,0.001577,0.005318,0.001374,0.004948,0.000861,0.003729,0.000505,0.002743,0.000381,0.001731,households
YO61,0.002942,0.004602,0.000628,0.002118,0.000547,0.001971,0.000343,0.001485,0.000201,0.001092,0.000152,0.000690,households
YO62,0.032423,0.046906,0.010716,0.035041,0.006580,0.028019,0.001959,0.019922,0.000220,0.016326,0.000166,0.005329,households
ZE1,0.000000,0.000000,0.000000,0.000000,0.000000,0.000000,0.000000,0.000000,0.000000,0.000000,0.000000,0.000000,households
ZE2,0.000000,0.000000,0.000000,0.000000,0.000000,0.000000,0.000000,0.000000,0.000000,0.000000,0.000000,0.000000,households
ZE3,0.000000,0.000000,0.000000,0.000000,0.000000,0.000000,0.000000,0.000000,0.000000,0.000000,0.000000,0.000000,households
