district,cwd_yr_clim_mm,smd_jja_clim_mm
AB10 1,138.74,77.66
AB10 6,142.0,78.39
AB10 7,146.8,81.4
AB11 5,140.45,79.69
AB11 6,140.83,78.68
AB11 7,131.73,73.29
AB11 8,130.64,73.13
AB11 9,137.84,78.61
AB12 3,114.56,61.34
AB12 4,122.71,66.04
AB12 5,143.3,76.71
AB12 9,111.39,58.67
AB13 0,163.78,88.74
AB14 0,175.75,95.62
AB15 4,135.52,72.42
AB15 5,132.17,70.94
AB15 6,132.21,68.78
AB15 7,142.2,77.61
AB15 8,135.13,70.05
AB15 9,147.41,78.64
AB16 5,125.69,65.62
AB16 6,127.33,65.52
AB16 7,132.91,69.83
AB16 9,130.72,68.45
AB21 0,151.02,81.45
AB21 1,159.85,87.68
AB21 7,153.5,84.27
AB21 9,143.25,75.55
AB22 8,137.22,74.68
AB22 9,129.87,68.54
AB23 8,145.08,82.72
AB23 9,144.33,83.4
AB24 1,146.45,85.23
AB24 2,142.94,78.15
AB24 3,143.04,81.07
AB24 4,128.99,69.16
AB24 5,137.28,78.09
AB25 1,138.73,77.65
AB25 2,135.51,74.03
AB25 3,134.13,73.24
AB25 9,134.13,73.23
AB30 1,130.43,68.51
AB31 4,153.69,83.05
AB31 5,174.91,94.64
AB31 6,126.18,64.77
AB31 9,184.48,99.74
AB32 6,163.57,88.49
AB32 7,161.26,85.9
AB33 8,138.76,74.68
AB34 4,155.12,84.85
AB34 5,138.48,73.36
AB35 5,91.67,45.11
AB36 8,100.85,50.98
AB37 9,106.14,54.14
AB38 7,125.94,66.74
AB38 9,125.56,66.68
AB39 2,132.07,71.56
AB39 3,136.15,71.48
AB39 8,127.87,68.47
AB39 9,162.48,91.31
AB41 1,196.19,105.27
AB41 6,163.53,92.64
AB41 7,155.51,86.75
AB41 8,150.68,84.01
AB41 9,184.44,99.38
AB42 0,132.34,73.6
AB42 1,113.97,65.33
AB42 2,109.93,62.35
AB42 3,130.51,74.98
AB42 4,151.63,86.27
AB42 5,141.87,78.4
AB42 9,111.02,63.41
AB43 6,139.9,78.75
AB43 7,154.26,88.07
AB43 8,152.73,88.29
AB43 9,153.18,92.23
AB44 1,155.53,90.58
AB45 1,165.86,96.01
AB45 2,153.45,86.62
AB45 3,151.26,86.26
AB51 0,160.93,89.24
AB51 1,189.4,103.95
AB51 3,187.91,103.06
AB51 4,175.56,96.4
AB51 5,162.03,88.15
AB51 6,177.67,97.98
AB51 7,144.77,77.21
AB51 8,146.81,81.27
AB52 6,143.64,77.17
AB53 4,162.03,89.93
AB53 5,147.35,81.95
AB53 6,140.45,77.08
AB53 8,149.45,82.83
AB54 4,120.4,64.47
AB54 6,139.79,76.08
AB54 7,162.08,89.98
AB54 8,174.57,93.99
AB54 9,171.12,92.69
AB55 4,104.85,51.6
AB55 5,128.34,69.27
AB55 6,139.82,77.64
AB56 1,166.92,98.01
AB56 4,144.45,85.27
AB56 5,141.11,79.96
AB56 9,142.33,81.97
AL1 1,321.07,131.61
AL1 2,324.07,132.32
AL1 3,320.49,131.64
AL1 4,316.15,130.79
AL1 5,314.38,130.32
AL1 9,314.38,130.32
AL10 0,346.2,134.75
AL10 1,344.52,134.29
AL10 8,342.16,134.53
AL10 9,338.69,134.41
AL2 1,338.83,134.32
AL2 2,340.66,134.69
AL2 3,327.34,132.87
AL3 4,309.42,130.24
AL3 5,317.4,131.54
AL3 6,304.43,129.37
AL3 7,305.54,128.91
AL3 8,304.24,128.89
AL4 0,330.18,132.97
AL4 8,328.86,133.58
AL4 9,321.44,131.8
AL5 1,306.75,129.5
AL5 2,301.38,127.76
AL5 3,296.8,126.71
AL5 4,304.89,128.59
AL5 5,305.97,129.38
AL6 0,337.47,134.16
AL6 9,321.71,132.62
AL7 1,348.94,135.68
AL7 2,360.37,137.31
AL7 3,349.01,135.35
AL7 4,354.48,136.0
AL7 9,346.81,135.34
AL8 6,345.54,134.98
AL8 7,336.89,134.15
AL9 5,348.09,134.96
AL9 6,340.69,134.67
AL9 7,336.98,133.88
B1 1,238.36,110.6
B1 2,232.66,108.5
B1 3,243.76,113.0
B10 0,262.86,118.82
B10 9,262.65,119.03
B11 1,255.65,116.39
B11 2,270.17,120.93
B11 3,261.37,118.11
B11 4,259.1,117.24
B12 0,260.37,117.39
B12 8,256.41,116.28
B12 9,256.43,115.76
B13 0,248.3,113.48
B13 3,246.49,112.72
B13 8,244.02,111.39
B13 9,246.27,112.78
B14 4,249.3,113.95
B14 5,242.15,111.07
B14 6,239.6,109.71
B14 7,237.26,109.19
B15 1,226.21,105.01
B15 2,240.31,110.16
B15 3,220.31,103.24
B16 0,234.61,110.21
B16 6,226.12,106.57
B16 8,232.68,108.5
B16 9,219.74,104.09
B17 0,238.55,109.99
B17 8,217.52,103.57
B17 9,229.14,107.04
B18 4,241.03,113.01
B18 5,248.48,114.77
B18 6,244.65,113.35
B18 7,244.66,113.35
B18 9,248.5,114.77
B19 1,242.69,112.4
B19 2,242.7,112.4
B19 3,243.75,112.99
B2 4,257.82,117.1
B2 5,238.33,110.59
B20 1,261.59,118.48
B20 2,242.38,111.96
B20 3,256.02,116.37
B21 0,240.8,113.24
B21 8,243.53,113.27
B21 9,237.13,110.2
B23 3,259.56,118.36
B23 5,266.87,119.21
B23 6,261.0,118.63
B23 7,261.88,118.45
B24 0,272.44,121.24
B24 8,249.93,114.33
B24 9,274.47,121.79
B25 8,279.37,123.99
B26 1,275.41,123.26
B26 2,277.73,123.46
B26 3,278.81,123.28
B27 6,271.03,121.76
B27 7,260.62,118.32
B28 0,249.48,115.01
B28 1,252.83,115.68
B28 8,254.32,116.15
B28 9,243.64,113.37
B29 4,247.29,115.45
B29 5,240.94,112.23
B29 6,238.45,110.08
B29 7,241.81,110.61
B29 9,241.04,110.57
B3 1,243.76,113.0
B3 2,243.78,113.0
B3 3,238.33,110.59
B30 1,242.99,112.86
B30 2,251.12,113.73
B30 3,243.38,111.23
B30 9,239.83,111.24
B31 1,242.97,114.1
B31 2,239.6,113.11
B31 3,233.3,110.15
B31 4,223.18,106.42
B31 5,240.09,113.27
B31 9,244.11,114.48
B32 1,233.21,110.33
B32 2,233.51,109.74
B32 3,243.12,113.98
B32 4,241.9,114.05
B32 9,231.3,109.45
B33 0,279.27,123.98
B33 3,274.83,122.38
B33 8,269.98,121.44
B33 9,271.11,121.4
B34 6,263.17,117.84
B34 7,263.02,118.11
B35 6,286.93,125.12
B35 7,278.55,122.63
B35 9,279.82,122.96
B36 0,268.9,120.64
B36 8,263.27,118.54
B36 9,266.08,119.6
B37 5,279.01,123.72
B37 6,274.13,122.22
B37 7,275.88,122.48
B37 9,280.09,123.93
B38 0,230.11,106.59
B38 8,226.02,105.84
B38 9,217.95,102.38
B4 6,246.37,113.84
B4 7,246.37,113.84
B40 1,280.52,123.72
B42 1,259.83,117.5
B42 2,266.67,119.54
B43 5,263.82,119.72
B43 6,262.78,119.42
B43 7,254.9,115.58
B44 0,264.14,117.46
B44 8,261.1,115.98
B44 9,249.94,110.24
B45 0,231.6,110.77
B45 5,214.38,104.28
B45 8,229.95,108.09
B45 9,219.28,106.56
B46 1,286.07,124.47
B46 2,284.86,124.08
B46 3,279.51,123.17
B46 9,279.03,123.34
B47 5,246.0,112.02
B47 6,258.93,115.57
B48 7,260.12,116.74
B49 5,292.46,125.54
B49 6,301.3,127.16
B49 9,308.04,129.07
B5 4,257.84,117.11
B5 5,257.82,117.1
B5 6,257.84,117.11
B5 7,253.02,114.21
B50 4,331.04,134.32
B6 4,258.18,117.4
B6 5,252.45,115.6
B6 6,261.78,118.19
B6 7,266.04,119.34
B6 9,258.17,117.4
B60 1,251.61,115.0
B60 2,281.49,122.56
B60 3,279.44,121.91
B60 4,294.99,126.22
B60 9,267.41,119.08
B61 0,262.38,119.21
B61 7,298.07,126.8
B61 8,290.51,124.93
B61 9,283.51,124.35
B62 0,242.8,114.87
B62 2,262.36,119.02
B62 8,253.78,116.71
B62 9,241.05,113.2
B63 1,268.17,121.73
B63 2,283.14,124.46
B63 3,283.16,123.55
B63 4,279.88,123.52
B64 5,275.41,123.14
B64 6,257.37,118.17
B64 7,277.13,122.79
B65 0,250.6,116.25
B65 8,224.26,107.48
B65 9,228.55,109.11
B66 1,244.27,113.85
B66 2,237.21,111.65
B66 3,235.88,110.95
B66 4,222.74,105.97
B67 5,212.22,101.95
B67 6,221.03,105.49
B67 7,234.19,110.32
B67 9,235.88,110.95
B68 0,219.96,105.49
B68 8,242.15,113.39
B68 9,228.34,108.39
B69 1,208.68,101.03
B69 2,237.72,111.25
B69 3,241.82,112.26
B69 4,251.81,116.26
B69 9,250.48,115.75
B7 4,256.67,116.85
B7 5,249.01,113.76
B70 0,246.7,114.59
B70 1,247.57,115.15
B70 6,237.76,111.83
B70 7,247.59,115.15
B70 8,244.67,114.08
B70 9,244.22,113.6
B71 1,250.5,115.89
B71 2,247.96,114.85
B71 3,259.38,118.35
B71 4,245.08,114.16
B72 1,270.35,119.62
B73 5,259.76,116.95
B73 6,266.35,118.36
B73 9,269.42,118.05
B74 2,257.41,115.7
B74 3,262.94,117.56
B74 4,267.91,118.44
B75 5,264.38,117.76
B75 6,265.97,118.1
B75 7,270.46,119.32
B76 0,293.77,125.38
B76 1,271.44,120.59
B76 2,271.21,120.09
B76 9,286.99,124.05
B77 1,305.48,128.09
B77 2,299.82,127.23
B77 3,307.26,129.06
B77 4,290.09,125.7
B77 5,289.73,125.36
B77 9,305.17,128.03
B78 1,295.35,127.06
B78 2,293.72,125.02
B78 3,296.38,125.94
B79 0,300.94,128.26
B79 7,312.53,129.89
B79 8,298.14,127.22
B79 9,302.87,128.52
B8 1,255.46,116.12
B8 2,257.11,116.74
B8 3,250.25,114.67
B80 7,281.72,122.64
B9 4,254.9,116.37
B9 5,260.07,118.4
B9 9,255.22,116.78
B90 1,255.37,115.35
B90 2,247.94,114.12
B90 3,244.96,112.94
B90 4,252.78,115.1
B90 8,258.24,116.48
B90 9,248.46,114.26
B91 1,241.27,111.24
B91 2,249.32,114.02
B91 3,250.7,114.78
B91 9,238.6,110.08
B92 0,275.87,122.65
B92 7,262.46,118.66
B92 8,266.31,119.9
B92 9,263.53,118.74
B93 0,273.63,121.11
B93 3,263.96,118.54
B93 8,263.93,117.67
B93 9,258.5,116.93
B94 5,261.51,116.75
B94 6,263.11,117.16
B95 5,276.24,121.15
B95 6,298.87,126.56
B95 8,293.07,125.06
B96 6,301.11,128.69
B97 4,252.14,115.11
B97 5,267.93,119.66
B97 6,268.31,118.97
B97 9,264.29,118.6
B98 0,282.56,123.19
B98 7,266.82,119.27
B98 8,279.8,122.63
B98 9,262.32,117.55
BA1 0,308.12,131.58
BA1 1,304.93,131.02
BA1 2,277.51,125.39
BA1 3,278.73,125.52
BA1 4,236.03,114.43
BA1 5,214.15,106.88
BA1 6,242.19,115.56
BA1 7,254.13,118.62
BA1 8,225.11,110.41
BA1 9,214.01,107.05
BA10 0,235.67,110.48
BA11 1,267.1,119.84
BA11 2,270.88,121.07
BA11 3,239.44,112.88
BA11 4,219.22,106.73
BA11 5,259.49,118.1
BA11 6,294.61,126.97
BA11 9,257.48,117.38
BA12 0,283.05,123.04
BA12 2,277.17,123.65
BA12 6,230.13,109.3
BA12 7,237.43,112.05
BA12 8,256.08,117.92
BA12 9,277.28,123.55
BA13 2,320.16,132.74
BA13 3,288.66,126.48
BA13 4,294.03,126.73
BA13 9,330.87,134.33
BA14 0,329.78,133.91
BA14 4,324.57,133.11
BA14 6,324.0,132.33
BA14 7,329.71,133.72
BA14 8,328.49,133.81
BA14 9,318.4,131.9
BA15 1,291.48,126.37
BA15 2,265.63,121.38
BA15 5,298.94,127.55
BA16 0,290.56,125.57
BA16 9,306.45,129.88
BA2 0,236.55,112.8
BA2 1,267.45,122.82
BA2 2,241.5,115.91
BA2 3,299.58,129.89
BA2 4,308.14,131.58
BA2 5,216.54,107.51
BA2 6,259.84,121.22
BA2 7,265.48,121.27
BA2 8,256.44,119.29
BA2 9,257.12,119.57
BA20 1,313.13,130.56
BA20 2,298.27,127.32
BA20 9,313.13,130.56
BA21 3,287.8,124.84
BA21 4,286.52,125.1
BA21 5,301.93,127.67
BA22 7,293.49,125.84
BA22 8,306.56,128.55
BA22 9,284.37,123.72
BA3 2,227.0,108.33
BA3 3,241.78,113.81
BA3 4,182.43,93.75
BA3 5,207.86,103.26
BA3 9,244.36,114.09
BA4 4,203.07,101.39
BA4 5,194.89,98.19
BA4 6,240.32,113.0
BA4 9,200.52,100.06
BA5 1,239.81,113.85
BA5 2,241.81,115.2
BA5 3,165.92,87.09
BA5 9,253.92,118.86
BA6 0,243.44,113.94
BA6 8,281.09,123.48
BA6 9,287.83,126.67
BA7 7,268.14,120.43
BA8 0,284.25,123.99
BA9 0,255.94,115.63
BA9 8,246.13,113.77
BA9 9,268.16,119.65
BB1 1,141.16,75.67
BB1 2,109.74,51.97
BB1 3,144.39,78.7
BB1 4,140.62,75.49
BB1 5,138.66,74.24
BB1 6,144.89,78.09
BB1 7,144.89,78.09
BB1 8,121.72,60.63
BB1 9,135.82,70.01
BB10 1,154.41,84.18
BB10 2,145.93,79.14
BB10 3,120.34,60.71
BB10 4,128.73,67.3
BB11 1,158.5,87.23
BB11 2,136.43,73.14
BB11 3,126.64,65.33
BB11 4,136.42,73.13
BB11 5,121.75,61.7
BB11 9,167.29,92.62
BB12 0,154.69,83.94
BB12 6,145.14,78.14
BB12 7,152.17,82.31
BB12 8,156.6,84.9
BB12 9,124.47,62.44
BB18 5,138.13,71.72
BB18 6,157.09,85.46
BB18 9,156.96,83.65
BB2 1,148.84,81.41
BB2 2,146.82,80.1
BB2 3,129.52,67.21
BB2 4,138.89,74.09
BB2 5,140.12,73.67
BB2 6,136.03,71.97
BB2 7,145.19,77.06
BB2 9,144.56,78.09
BB3 0,112.58,54.11
BB3 1,111.85,53.43
BB3 2,99.27,44.4
BB3 3,104.75,47.67
BB3 9,120.33,59.48
BB4 0,122.53,60.33
BB4 4,107.5,49.28
BB4 5,106.91,49.42
BB4 6,120.96,59.06
BB4 7,95.38,41.44
BB4 8,109.28,51.8
BB4 9,108.94,50.54
BB5 0,143.15,78.52
BB5 1,150.85,83.58
BB5 2,118.99,59.57
BB5 3,114.66,55.33
BB5 4,141.66,76.61
BB5 5,147.16,79.92
BB5 6,141.36,76.65
BB5 9,150.86,83.58
BB6 7,139.53,73.24
BB6 8,145.34,75.94
BB7 0,146.76,75.71
BB7 1,124.29,61.28
BB7 2,150.84,78.79
BB7 3,101.33,44.08
BB7 4,133.17,67.54
BB7 9,131.98,66.44
BB8 0,145.88,78.69
BB8 7,138.18,73.34
BB8 8,129.02,68.08
BB8 9,143.47,76.05
BB9 0,133.11,69.4
BB9 4,148.93,80.46
BB9 5,157.47,85.86
BB9 6,109.07,51.45
BB9 7,149.96,80.89
BB9 8,139.43,72.79
BB9 9,139.81,73.91
BD1 1,222.55,111.29
BD1 2,222.53,111.29
BD1 3,222.52,111.29
BD1 4,222.51,111.29
BD1 5,222.55,111.29
BD1 9,222.52,111.29
BD10 0,226.56,113.7
BD10 8,192.6,101.32
BD10 9,227.34,113.87
BD11 1,211.83,108.89
BD11 2,210.58,108.83
BD12 0,211.35,110.23
BD12 7,223.84,113.54
BD12 8,202.93,107.08
BD12 9,204.15,107.34
BD13 1,137.39,71.43
BD13 2,143.41,75.29
BD13 3,159.15,84.31
BD13 4,137.97,70.0
BD13 5,161.25,85.08
BD14 6,163.92,87.49
BD15 0,175.81,92.56
BD15 7,169.58,90.04
BD15 8,156.15,81.99
BD15 9,164.54,86.85
BD16 1,194.72,102.6
BD16 2,237.87,117.09
BD16 3,175.82,94.64
BD16 4,202.74,105.11
BD17 5,198.07,103.69
BD17 6,214.54,110.18
BD17 7,220.7,112.28
BD18 1,196.82,102.54
BD18 2,220.94,110.95
BD18 3,219.21,110.48
BD18 4,221.84,112.01
BD19 3,224.72,113.47
BD19 4,226.43,113.86
BD19 5,255.3,121.59
BD19 6,209.08,108.79
BD19 9,224.73,113.47
BD2 1,202.75,103.88
BD2 2,180.0,94.65
BD2 3,183.76,97.16
BD2 4,183.25,95.94
BD20 0,176.09,97.61
BD20 5,160.37,86.39
BD20 6,175.89,96.98
BD20 7,153.24,83.43
BD20 8,162.25,89.31
BD20 9,156.47,86.27
BD21 1,193.78,103.31
BD21 2,182.81,98.56
BD21 3,212.21,109.35
BD21 4,196.76,103.91
BD21 5,163.7,87.73
BD21 9,193.77,103.3
BD22 0,133.28,69.06
BD22 6,168.41,91.58
BD22 7,164.06,88.32
BD22 8,174.3,93.01
BD22 9,122.7,60.07
BD23 1,185.7,101.19
BD23 2,173.92,95.76
BD23 3,164.59,89.07
BD23 4,136.89,70.48
BD23 5,95.8,42.77
BD23 6,134.74,70.86
BD23 9,215.89,111.69
BD24 0,113.47,53.21
BD24 9,96.26,42.6
BD3 0,216.73,109.13
BD3 7,191.14,100.95
BD3 8,186.28,98.43
BD3 9,205.04,105.67
BD4 0,205.27,106.44
BD4 6,196.03,103.06
BD4 7,183.15,96.32
BD4 8,192.45,101.01
BD4 9,177.84,94.41
BD5 0,184.45,96.73
BD5 5,199.12,103.35
BD5 7,199.13,103.35
BD5 8,178.56,94.59
BD5 9,179.86,95.9
BD6 1,187.86,101.13
BD6 2,174.95,94.81
BD6 3,148.93,78.92
BD7 1,201.89,104.39
BD7 2,188.36,98.3
BD7 3,172.89,90.65
BD7 4,169.47,90.0
BD8 0,192.4,100.5
BD8 7,214.91,108.27
BD8 8,206.17,105.0
BD8 9,206.93,105.57
BD9 4,193.04,100.33
BD9 5,184.03,96.13
BD9 6,180.44,94.75
BH1 1,271.64,121.47
BH1 2,271.68,121.48
BH1 3,276.78,122.72
BH1 4,300.56,127.85
BH10 4,295.47,125.49
BH10 5,306.78,127.55
BH10 6,303.42,127.13
BH10 7,328.41,131.22
BH11 0,305.4,127.14
BH11 8,301.0,126.27
BH11 9,321.61,129.76
BH12 1,280.6,122.36
BH12 2,280.85,122.18
BH12 3,277.65,121.15
BH12 4,287.92,123.55
BH12 5,287.03,123.69
BH12 9,288.09,123.86
BH13 6,269.6,120.53
BH13 7,282.19,124.13
BH14 0,293.07,124.81
BH14 4,293.07,124.81
BH14 8,291.1,125.32
BH14 9,277.2,121.73
BH15 1,310.2,128.72
BH15 2,308.62,128.59
BH15 3,308.09,127.94
BH15 4,322.46,131.13
BH15 9,304.88,127.47
BH16 5,328.5,131.67
BH16 6,321.87,130.76
BH17 0,328.56,131.48
BH17 7,319.48,129.71
BH17 8,309.47,127.91
BH17 9,304.78,126.42
BH18 8,302.16,125.78
BH18 9,297.93,124.55
BH19 1,245.18,117.12
BH19 2,213.41,107.01
BH19 3,222.52,109.56
BH19 9,229.18,112.37
BH2 5,269.91,121.15
BH2 6,281.21,123.89
BH20 4,343.2,134.57
BH20 5,255.93,118.04
BH20 6,311.05,128.63
BH20 7,321.5,130.72
BH20 9,347.84,135.13
BH21 1,318.13,128.21
BH21 2,324.92,129.38
BH21 3,314.91,128.56
BH21 4,332.95,131.82
BH21 5,308.79,126.74
BH21 6,324.78,126.86
BH21 7,327.16,129.87
BH21 8,314.13,126.99
BH21 9,322.79,128.51
BH22 0,338.03,131.11
BH22 2,333.22,130.52
BH22 8,329.14,130.7
BH22 9,332.0,130.53
BH23 1,306.76,129.18
BH23 2,311.18,128.71
BH23 3,299.08,127.23
BH23 4,310.89,129.72
BH23 5,313.93,130.39
BH23 6,327.1,130.72
BH23 7,313.67,128.8
BH23 8,315.79,127.91
BH23 9,296.62,125.95
BH24 1,342.8,130.05
BH24 2,337.73,130.85
BH24 3,328.32,127.9
BH24 4,319.42,127.21
BH24 9,345.21,130.53
BH25 5,298.99,125.35
BH25 6,294.83,126.35
BH25 7,296.19,126.85
BH25 9,290.01,125.43
BH3 7,287.24,124.37
BH31 6,315.43,124.23
BH31 7,307.93,123.36
BH4 0,278.07,122.83
BH4 8,269.92,121.15
BH4 9,277.67,122.49
BH5 1,288.1,125.62
BH5 2,290.26,126.2
BH6 3,291.12,126.41
BH6 4,300.31,128.86
BH6 5,310.77,129.97
BH7 6,311.8,129.84
BH7 7,314.89,130.19
BH8 0,325.84,131.43
BH8 8,283.29,123.99
BH8 9,312.33,129.45
BH9 1,295.36,126.15
BH9 2,291.35,125.09
BH9 3,322.28,130.62
BL0 0,105.84,48.92
BL0 9,121.68,58.61
BL1 1,154.2,82.8
BL1 2,144.29,75.16
BL1 3,138.19,70.78
BL1 4,142.44,74.08
BL1 5,131.46,65.57
BL1 6,127.71,62.7
BL1 7,110.2,50.96
BL1 8,141.85,73.07
BL1 9,144.29,75.16
BL2 1,159.91,86.49
BL2 2,153.38,81.74
BL2 3,140.25,72.58
BL2 4,126.47,63.05
BL2 5,136.75,71.11
BL2 6,148.93,79.35
BL3 1,158.93,85.63
BL3 2,152.49,81.73
BL3 3,135.21,69.35
BL3 4,137.35,70.03
BL3 5,145.24,75.88
BL3 6,154.21,82.81
BL4 0,144.94,76.51
BL4 7,153.76,82.26
BL4 8,153.01,81.4
BL4 9,147.55,77.92
BL5 1,143.32,74.82
BL5 2,152.84,80.84
BL5 3,140.22,71.81
BL6 4,138.64,70.1
BL6 5,141.89,72.68
BL6 6,107.79,49.37
BL6 7,118.91,57.29
BL6 9,137.39,69.61
BL7 0,101.7,45.24
BL7 8,93.13,40.4
BL7 9,106.93,48.58
BL8 1,148.4,78.52
BL8 2,161.74,87.94
BL8 3,119.36,58.25
BL8 4,109.9,50.97
BL8 9,174.96,94.99
BL9 0,163.22,87.76
BL9 5,128.91,64.52
BL9 6,121.06,59.08
BL9 7,153.65,80.69
BL9 8,162.84,86.74
BL9 9,172.92,93.0
BN1 1,243.98,118.7
BN1 2,239.48,116.67
BN1 3,243.93,118.69
BN1 4,245.89,117.61
BN1 5,247.18,115.39
BN1 6,259.03,119.95
BN1 7,239.0,114.38
BN1 8,250.24,115.68
BN1 9,242.44,112.53
BN10 7,253.56,117.89
BN10 8,266.58,120.78
BN10 9,264.5,120.42
BN11 1,271.7,124.98
BN11 2,272.36,125.54
BN11 3,264.33,124.01
BN11 4,271.88,124.67
BN11 5,263.91,122.93
BN11 9,271.7,124.98
BN12 4,268.85,123.66
BN12 5,279.22,124.7
BN12 6,288.49,126.54
BN12 9,268.81,123.64
BN13 1,273.55,124.74
BN13 2,285.07,126.42
BN13 3,276.34,121.29
BN14 0,253.19,115.75
BN14 7,275.32,125.41
BN14 8,286.22,127.72
BN14 9,282.1,125.93
BN15 0,264.83,120.41
BN15 5,280.84,125.8
BN15 8,277.9,125.3
BN15 9,283.69,126.15
BN16 1,287.38,125.67
BN16 2,288.5,125.98
BN16 3,311.49,129.78
BN16 4,293.85,125.23
BN16 9,311.49,129.78
BN17 5,297.49,127.72
BN17 6,305.59,128.6
BN17 7,317.68,130.32
BN18 0,299.84,125.43
BN18 8,305.77,126.03
BN18 9,308.81,126.36
BN2 0,274.13,125.93
BN2 1,278.37,127.0
BN2 3,257.13,119.85
BN2 4,253.79,117.42
BN2 5,255.71,120.31
BN2 6,234.65,112.54
BN2 7,250.63,117.83
BN2 8,248.32,116.58
BN2 9,243.93,118.69
BN20 0,241.18,116.85
BN20 7,217.27,110.8
BN20 8,214.42,108.46
BN20 9,271.81,122.88
BN21 1,256.9,121.7
BN21 2,276.12,125.81
BN21 3,279.38,127.22
BN21 4,250.7,120.9
BN21 9,252.1,121.11
BN22 0,298.0,128.44
BN22 7,297.64,129.61
BN22 8,306.53,131.81
BN22 9,307.55,131.07
BN23 5,293.23,129.19
BN23 6,299.29,129.96
BN23 7,305.99,131.48
BN23 8,311.15,131.96
BN24 5,303.11,129.8
BN24 6,289.26,128.44
BN24 9,302.04,130.21
BN25 1,280.82,126.53
BN25 2,279.83,124.75
BN25 3,278.05,124.46
BN25 4,275.61,125.01
BN25 9,280.78,126.53
BN26 5,290.45,126.27
BN26 6,325.81,132.21
BN26 9,315.33,130.73
BN27 1,310.53,131.21
BN27 2,318.87,131.76
BN27 3,320.82,130.87
BN27 4,296.32,128.74
BN27 9,308.35,130.09
BN3 1,239.43,116.66
BN3 2,242.1,117.32
BN3 3,249.94,118.6
BN3 4,250.0,119.33
BN3 5,251.55,119.04
BN3 6,237.64,114.09
BN3 7,246.78,116.86
BN3 8,245.0,115.49
BN41 1,259.17,121.06
BN41 2,248.25,116.9
BN41 9,259.14,121.06
BN42 4,260.88,121.05
BN43 5,261.04,119.55
BN43 6,262.78,120.64
BN43 9,269.63,122.55
BN44 3,297.43,125.04
BN45 7,259.76,116.43
BN5 0,315.17,127.23
BN5 9,316.21,127.76
BN6 0,315.42,125.23
BN6 8,279.51,120.6
BN6 9,320.7,126.84
BN7 1,283.03,121.14
BN7 2,309.54,126.61
BN7 3,270.05,119.37
BN7 9,313.86,127.31
BN8 4,307.45,125.93
BN8 5,322.18,128.65
BN8 6,328.61,131.48
BN9 0,291.64,126.41
BN9 1,290.1,126.68
BN9 9,279.09,123.71
BR1 1,348.75,135.15
BR1 2,346.82,134.99
BR1 3,356.58,136.96
BR1 4,349.79,135.68
BR1 5,355.33,136.89
BR1 9,348.75,135.15
BR2 0,349.66,135.47
BR2 6,315.57,128.36
BR2 7,347.13,135.03
BR2 8,351.66,135.61
BR2 9,356.86,136.57
BR3 1,358.2,137.09
BR3 3,353.19,135.74
BR3 4,361.9,137.34
BR3 5,346.29,134.93
BR3 6,348.45,135.13
BR3 9,361.43,137.42
BR4 0,347.84,135.12
BR4 4,330.57,132.0
BR4 9,339.46,133.7
BR5 1,344.85,134.37
BR5 2,357.54,136.48
BR5 3,379.48,139.56
BR5 4,352.01,134.42
BR6 0,350.03,134.8
BR6 1,354.37,135.4
BR6 6,329.55,130.77
BR6 7,322.73,129.38
BR6 8,337.74,132.78
BR6 9,341.44,132.74
BR7 5,339.41,133.9
BR7 6,346.46,135.08
BR8 7,375.28,138.55
BR8 8,374.49,137.75
BR8 9,368.8,137.47
BS1 1,266.95,123.86
BS1 2,237.2,115.41
BS1 3,237.18,115.41
BS1 4,266.95,123.86
BS1 5,266.95,123.86
BS1 6,266.53,123.37
BS1 9,256.78,121.36
BS10 5,237.82,117.48
BS10 6,237.2,117.89
BS10 7,240.59,118.75
BS11 0,237.1,116.87
BS11 1,285.67,129.74
BS11 8,239.13,117.12
BS11 9,268.11,125.68
BS13 0,229.08,111.72
BS13 7,242.04,116.22
BS13 8,227.36,111.2
BS13 9,224.76,110.42
BS14 0,227.36,111.22
BS14 8,251.79,118.44
BS14 9,250.98,118.41
BS15 0,232.84,113.37
BS15 1,233.49,113.64
BS15 3,270.06,122.83
BS15 4,251.94,119.93
BS15 8,232.85,113.38
BS15 9,255.15,120.97
BS16 0,248.04,118.41
BS16 1,251.94,120.5
BS16 2,255.42,120.88
BS16 3,248.05,118.41
BS16 4,240.26,115.94
BS16 5,245.23,117.86
BS16 6,263.14,122.32
BS16 7,259.59,121.41
BS16 9,242.23,116.81
BS2 0,272.67,124.13
BS2 2,264.98,122.82
BS2 8,237.18,115.41
BS2 9,268.18,124.17
BS20 0,244.91,118.75
BS20 1,194.37,103.39
BS20 6,194.2,102.92
BS20 7,222.68,112.72
BS20 8,182.52,97.45
BS21 5,228.55,112.9
BS21 6,237.14,115.45
BS21 7,212.78,108.75
BS21 9,207.38,106.0
BS22 6,238.67,113.86
BS22 7,244.1,116.63
BS22 8,235.7,114.15
BS22 9,217.02,109.47
BS23 1,223.56,111.41
BS23 2,173.7,92.19
BS23 3,227.86,112.31
BS23 4,233.58,113.47
BS23 9,222.0,110.94
BS24 0,258.37,120.13
BS24 6,259.61,119.82
BS24 7,248.85,116.49
BS24 8,246.42,116.57
BS24 9,227.32,110.65
BS25 1,201.94,101.47
BS25 5,251.15,116.89
BS25 9,232.99,111.03
BS26 2,252.63,117.57
BS27 3,220.45,108.91
BS28 4,268.77,122.56
BS29 6,245.34,113.99
BS3 1,263.75,122.74
BS3 2,257.67,121.14
BS3 3,251.43,119.26
BS3 4,263.07,122.37
BS3 5,259.3,121.15
BS3 9,263.76,122.75
BS30 5,243.7,116.62
BS30 6,271.2,124.01
BS30 7,249.93,119.05
BS30 8,274.05,125.2
BS30 9,278.47,125.72
BS31 1,286.64,126.93
BS31 2,276.67,124.55
BS31 3,281.95,125.86
BS31 9,296.29,128.98
BS32 0,259.24,122.11
BS32 4,260.34,123.27
BS32 8,263.08,123.17
BS32 9,253.36,121.35
BS34 4,238.72,118.2
BS34 5,238.57,118.25
BS34 6,257.44,122.23
BS34 7,245.45,119.92
BS34 8,255.69,121.64
BS34 9,250.5,121.18
BS35 1,264.33,120.47
BS35 2,241.92,114.17
BS35 3,248.72,117.74
BS35 4,262.82,123.62
BS35 5,249.44,121.55
BS35 9,240.65,113.57
BS36 1,261.77,121.9
BS36 2,263.5,121.9
BS37 0,266.34,122.75
BS37 4,266.52,123.24
BS37 5,267.9,123.3
BS37 6,252.49,119.15
BS37 7,266.84,122.43
BS37 8,252.49,119.57
BS37 9,264.68,122.24
BS39 4,248.35,116.92
BS39 5,221.9,108.45
BS39 6,227.78,109.18
BS39 7,234.57,110.81
BS4 1,241.1,115.83
BS4 2,244.1,116.31
BS4 3,255.27,118.94
BS4 4,247.1,115.93
BS4 5,262.11,120.7
BS40 5,231.14,112.51
BS40 6,187.29,96.82
BS40 7,176.58,92.84
BS40 8,225.83,109.91
BS40 9,193.33,100.27
BS41 8,192.56,99.27
BS41 9,224.33,109.82
BS48 1,199.94,102.19
BS48 2,229.68,112.87
BS48 3,203.49,103.75
BS48 4,239.93,115.69
BS48 9,222.4,110.54
BS49 4,249.21,118.16
BS49 5,258.86,119.28
BS5 0,264.98,122.82
BS5 5,258.54,120.52
BS5 6,260.64,121.95
BS5 7,244.81,117.37
BS5 8,242.64,115.36
BS5 9,258.55,120.52
BS6 5,253.35,120.43
BS6 6,245.67,118.28
BS6 7,223.22,111.5
BS6 9,253.35,120.43
BS7 0,234.87,116.46
BS7 8,240.37,116.79
BS7 9,243.26,118.22
BS8 1,233.76,114.44
BS8 2,230.86,113.58
BS8 3,197.7,101.57
BS8 4,256.77,121.36
BS8 9,233.77,114.44
BS9 0,245.09,119.67
BS9 1,239.12,116.88
BS9 2,250.95,120.93
BS9 3,249.84,120.8
BS9 4,236.81,116.86
CA1 1,189.41,102.25
CA1 2,190.91,104.65
CA1 3,192.2,106.82
CA1 9,188.71,101.48
CA10 1,129.2,69.41
CA10 2,121.14,58.13
CA10 3,121.52,59.74
CA11 0,98.2,41.68
CA11 1,219.69,114.92
CA11 7,219.67,114.92
CA11 8,202.34,107.49
CA11 9,183.96,100.58
CA12 4,77.23,26.43
CA12 5,70.58,20.23
CA13 0,120.22,59.43
CA13 3,171.24,94.07
CA13 9,92.22,36.67
CA14 1,148.61,83.75
CA14 2,161.13,93.93
CA14 3,153.9,88.72
CA14 4,112.04,54.56
CA14 5,127.69,70.94
CA14 9,161.14,93.93
CA15 6,145.16,81.49
CA15 7,136.73,73.34
CA15 8,131.36,72.27
CA15 9,134.21,74.11
CA16 6,121.01,62.07
CA17 4,109.57,54.44
CA18 1,95.16,39.34
CA19 1,84.56,30.22
CA2 4,191.14,104.66
CA2 5,194.67,104.82
CA2 6,188.42,103.13
CA2 7,186.23,100.9
CA20 1,72.11,21.26
CA21 2,121.7,65.95
CA22 2,89.54,37.2
CA22 9,106.1,50.62
CA23 3,71.49,20.82
CA24 3,114.52,59.76
CA25 5,107.74,51.51
CA26 3,92.7,39.23
CA27 0,111.52,61.59
CA28 0,122.71,68.19
CA28 6,108.34,55.51
CA28 7,120.69,66.63
CA28 8,100.75,48.14
CA28 9,102.33,53.19
CA3 0,177.26,95.7
CA3 8,192.5,103.26
CA3 9,183.74,98.88
CA4 0,187.5,104.31
CA4 8,187.71,105.68
CA4 9,137.58,73.65
CA5 6,189.29,103.9
CA5 7,167.87,92.34
CA6 4,176.83,96.34
CA6 5,153.65,81.36
CA6 6,131.38,66.03
CA7 0,187.13,102.46
CA7 1,118.16,57.32
CA7 2,134.85,70.12
CA7 3,163.75,88.36
CA7 4,161.48,90.74
CA7 5,170.06,91.05
CA7 7,178.19,96.99
CA7 8,124.63,62.79
CA7 9,178.22,97.15
CA8 0,160.27,86.74
CA8 1,135.28,72.06
CA8 2,137.44,72.87
CA8 7,112.7,55.63
CA8 9,125.72,65.37
CA9 3,89.53,39.97
CB1 0,372.33,139.76
CB1 1,375.12,140.02
CB1 2,372.33,139.76
CB1 3,376.29,140.81
CB1 7,374.18,139.85
CB1 8,374.72,141.02
CB1 9,382.79,142.43
CB10 1,356.9,137.7
CB10 2,343.4,135.85
CB10 9,356.05,136.25
CB11 3,344.06,135.83
CB11 4,340.25,134.92
CB2 0,379.58,141.54
CB2 1,378.25,140.5
CB2 3,375.12,140.02
CB2 7,379.38,140.78
CB2 8,376.39,140.28
CB2 9,375.89,140.69
CB21 4,347.14,136.1
CB21 5,360.79,139.31
CB21 6,363.06,138.45
CB22 3,365.85,139.57
CB22 4,373.84,140.72
CB22 5,378.05,141.61
CB22 6,388.96,143.65
CB22 7,386.44,143.15
CB23 1,371.99,140.12
CB23 2,355.34,137.61
CB23 3,357.99,138.41
CB23 4,373.17,139.93
CB23 5,356.14,137.97
CB23 6,353.1,137.43
CB23 7,360.17,138.25
CB23 8,368.96,139.35
CB24 1,380.94,140.66
CB24 3,375.54,140.27
CB24 4,385.01,141.94
CB24 5,374.18,140.42
CB24 6,366.98,140.39
CB24 8,373.94,141.19
CB24 9,369.12,140.4
CB25 0,371.89,142.11
CB25 9,373.21,141.78
CB3 0,371.46,140.13
CB3 1,366.83,139.3
CB3 9,371.04,139.53
CB4 0,368.63,139.86
CB4 1,375.87,140.74
CB4 2,368.14,140.03
CB4 3,369.78,139.37
CB5 8,373.46,140.76
CB6 1,361.29,140.02
CB6 2,367.53,140.64
CB6 3,364.87,140.6
CB7 4,359.21,139.97
CB7 5,367.88,141.73
CB7 6,373.87,142.46
CB7 7,370.56,142.1
CB7 9,370.59,142.25
CB8 0,355.07,139.1
CB8 1,363.36,140.62
CB8 7,360.64,140.89
CB8 8,332.99,135.31
CB8 9,330.41,134.5
CB9 0,353.27,136.43
CB9 1,366.99,138.3
CB9 7,350.02,136.77
CB9 8,355.04,136.92
CB9 9,350.63,136.68
CF10 1,180.59,90.44
CF10 2,180.58,90.43
CF10 3,190.25,94.03
CF10 4,177.69,91.75
CF10 5,182.63,92.57
CF11 0,182.09,92.64
CF11 1,184.52,93.39
CF11 6,186.33,93.42
CF11 7,184.53,93.39
CF11 8,178.82,90.21
CF11 9,189.99,93.92
CF14 0,180.38,88.86
CF14 1,194.94,94.66
CF14 2,200.72,97.46
CF14 3,187.51,91.72
CF14 4,190.26,92.81
CF14 5,192.73,93.95
CF14 6,179.08,86.97
CF14 7,197.02,94.96
CF14 8,192.75,93.95
CF14 9,172.65,84.25
CF15 5,181.41,87.84
CF15 7,150.21,71.4
CF15 8,185.89,90.6
CF15 9,155.46,73.46
CF23 5,182.24,90.05
CF23 6,182.24,90.09
CF23 7,189.38,93.85
CF23 8,187.12,92.77
CF23 9,181.3,90.66
CF24 0,181.03,91.13
CF24 1,180.86,90.28
CF24 2,179.68,91.71
CF24 3,180.86,90.28
CF24 4,183.36,91.08
CF24 5,178.1,90.98
CF3 0,197.69,98.93
CF3 1,192.57,97.74
CF3 2,197.63,99.46
CF3 3,186.88,94.68
CF3 4,182.09,91.99
CF3 5,193.07,96.18
CF3 6,197.66,96.26
CF31 1,159.28,79.14
CF31 2,158.6,79.14
CF31 3,169.4,85.98
CF31 4,148.8,73.02
CF31 5,156.58,79.96
CF31 9,163.81,82.31
CF32 0,140.0,68.37
CF32 7,90.74,29.49
CF32 8,92.97,31.22
CF32 9,138.47,64.31
CF33 4,154.55,80.81
CF33 6,139.98,66.16
CF34 0,92.01,30.85
CF34 4,107.75,39.47
CF34 9,102.7,38.19
CF35 5,156.14,78.0
CF35 6,121.36,52.01
CF36 3,155.2,83.86
CF36 5,158.57,83.96
CF36 9,156.4,84.95
CF37 1,124.56,53.02
CF37 2,121.52,50.3
CF37 3,115.37,46.14
CF37 4,133.15,59.44
CF37 5,145.8,68.26
CF37 9,148.37,69.21
CF38 1,150.76,69.98
CF38 2,147.36,66.91
CF39 0,112.39,44.1
CF39 8,110.0,42.5
CF39 9,115.55,45.78
CF40 1,109.32,42.19
CF40 2,104.15,38.54
CF40 9,97.12,34.36
CF41 7,98.56,34.61
CF42 5,85.52,26.88
CF42 6,93.8,31.19
CF42 9,113.31,42.95
CF43 3,105.27,39.67
CF43 4,98.83,34.61
CF44 0,122.41,53.62
CF44 4,140.68,63.22
CF44 6,115.53,46.34
CF44 7,121.99,51.4
CF44 8,100.55,35.57
CF44 9,99.05,36.7
CF45 3,109.58,42.09
CF45 4,117.7,48.55
CF46 5,139.25,63.84
CF46 6,127.4,55.88
CF47 0,150.27,75.22
CF47 7,164.11,82.82
CF47 8,141.6,69.47
CF47 9,137.29,67.02
CF48 1,129.16,59.89
CF48 2,101.69,39.92
CF48 3,140.86,70.42
CF48 4,127.43,57.95
CF5 1,191.16,94.54
CF5 2,201.28,98.16
CF5 3,202.91,98.35
CF5 4,199.84,97.71
CF5 5,194.21,96.35
CF5 6,193.02,96.83
CF5 7,194.28,94.44
CF5 9,208.43,101.88
CF61 1,152.87,83.41
CF61 2,168.88,91.27
CF62 3,184.69,98.88
CF62 4,165.93,89.22
CF62 5,194.55,104.25
CF62 6,192.07,103.57
CF62 7,181.84,97.59
CF62 8,191.34,100.34
CF62 9,181.87,95.03
CF63 1,181.82,94.17
CF63 2,188.76,98.21
CF63 3,183.72,97.43
CF63 4,185.95,98.49
CF63 9,198.88,105.81
CF64 1,180.03,92.96
CF64 2,175.76,90.03
CF64 3,173.12,90.33
CF64 4,178.36,91.45
CF64 5,172.23,90.69
CF64 9,165.12,86.46
CF71 7,169.62,86.93
CF72 0,151.67,69.01
CF72 4,148.09,69.76
CF72 8,155.38,72.39
CF72 9,141.07,64.07
CF81 8,146.56,71.44
CF81 9,122.77,52.88
CF82 6,155.16,77.36
CF82 7,149.12,72.51
CF82 8,132.05,60.33
CF82 9,142.77,67.48
CF83 1,152.17,73.29
CF83 2,144.81,69.26
CF83 3,154.46,75.38
CF83 4,117.54,48.77
CF83 8,161.44,78.44
CF83 9,161.56,79.43
CH1 1,247.14,120.24
CH1 2,247.14,120.24
CH1 3,247.13,120.23
CH1 4,259.64,123.42
CH1 5,249.69,121.25
CH1 6,241.74,119.87
CH1 9,246.23,119.54
CH2 1,241.34,118.77
CH2 2,243.3,119.11
CH2 3,254.39,122.05
CH2 4,250.33,121.75
CH3 5,262.12,124.49
CH3 6,266.64,125.0
CH3 7,269.03,126.26
CH3 8,273.5,126.8
CH3 9,254.43,122.25
CH4 0,234.44,116.9
CH4 7,258.46,123.4
CH4 8,256.97,122.77
CH4 9,246.97,120.25
CH41 0,189.77,109.77
CH41 1,186.68,108.18
CH41 2,184.75,106.35
CH41 3,188.43,108.89
CH41 4,188.43,108.89
CH41 5,184.75,106.35
CH41 6,184.74,106.34
CH41 7,195.32,112.62
CH41 8,189.77,109.77
CH41 9,186.93,106.43
CH42 0,179.21,103.43
CH42 1,186.14,104.83
CH42 2,188.15,106.2
CH42 3,186.95,106.44
CH42 4,188.16,106.2
CH42 5,186.95,106.44
CH42 6,182.68,104.2
CH42 7,179.21,103.43
CH42 8,173.04,101.55
CH42 9,179.22,103.43
CH43 0,184.31,107.88
CH43 1,179.24,104.91
CH43 2,167.82,100.12
CH43 3,186.46,107.61
CH43 4,179.24,104.91
CH43 5,162.32,96.05
CH43 6,170.06,100.76
CH43 7,179.97,106.31
CH43 8,189.79,109.78
CH43 9,182.15,107.18
CH44 0,171.36,100.77
CH44 1,163.23,96.73
CH44 2,186.97,109.17
CH44 3,170.79,101.04
CH44 4,171.39,100.78
CH44 5,170.79,101.04
CH44 6,181.61,105.48
CH44 7,181.62,105.49
CH44 8,171.36,100.77
CH44 9,171.38,100.78
CH45 0,168.34,100.27
CH45 1,179.65,104.99
CH45 2,154.36,91.34
CH45 3,168.3,100.26
CH45 4,163.23,96.73
CH45 5,154.39,91.37
CH45 6,163.23,96.72
CH45 7,179.68,105.0
CH45 8,175.34,104.7
CH45 9,154.39,91.36
CH46 0,171.81,103.95
CH46 1,181.28,107.93
CH46 2,187.51,109.9
CH46 3,171.2,103.74
CH46 4,166.91,101.76
CH46 5,177.65,106.17
CH46 6,169.38,102.77
CH46 7,167.63,102.08
CH46 8,173.49,104.85
CH46 9,180.47,107.23
CH47 0,187.19,109.04
CH47 1,197.81,111.9
CH47 2,189.84,109.8
CH47 3,189.78,109.78
CH47 4,199.54,112.69
CH47 5,189.75,109.77
CH47 6,170.09,102.72
CH47 7,170.1,102.73
CH47 8,170.11,102.74
CH47 9,184.42,108.48
CH48 0,211.91,116.19
CH48 1,208.81,115.65
CH48 2,195.12,109.46
CH48 3,217.35,117.52
CH48 4,217.29,117.5
CH48 5,210.55,115.8
CH48 6,209.83,115.73
CH48 7,194.54,109.61
CH48 8,194.54,109.62
CH48 9,212.87,116.6
CH49 0,177.77,105.69
CH49 1,177.79,105.69
CH49 2,184.55,108.17
CH49 3,188.11,109.19
CH49 4,178.96,106.62
CH49 5,181.64,106.81
CH49 6,175.51,105.01
CH49 7,184.97,108.36
CH49 8,185.09,108.43
CH49 9,178.21,105.98
CH5 1,256.97,123.05
CH5 2,259.9,124.57
CH5 3,232.82,116.06
CH5 4,252.46,123.0
CH5 9,259.45,123.78
CH6 5,235.91,120.57
CH6 6,206.34,110.07
CH6 9,237.06,121.52
CH60 0,228.78,120.61
CH60 1,209.34,114.81
CH60 2,211.44,115.21
CH60 3,210.55,114.32
CH60 4,241.49,124.25
CH60 5,195.13,109.69
CH60 6,195.12,109.69
CH60 7,195.13,109.69
CH60 8,257.77,127.93
CH60 9,240.9,124.3
CH61 0,213.56,116.36
CH61 1,198.78,112.25
CH61 2,196.51,110.74
CH61 3,187.1,108.4
CH61 4,189.01,108.91
CH61 5,194.34,109.99
CH61 6,194.35,109.99
CH61 7,180.78,106.12
CH61 8,194.33,109.98
CH61 9,199.38,112.17
CH62 0,214.77,114.45
CH62 1,192.98,107.75
CH62 2,192.35,107.43
CH62 3,192.36,107.25
CH62 4,190.71,107.31
CH62 5,184.49,104.09
CH62 6,214.58,114.55
CH62 7,199.66,109.67
CH62 8,212.18,113.72
CH62 9,231.79,119.39
CH63 0,209.56,113.09
CH63 1,201.01,111.04
CH63 2,181.65,101.79
CH63 3,184.74,104.52
CH63 4,199.79,110.0
CH63 5,177.57,101.47
CH63 6,196.07,109.75
CH63 7,188.24,106.75
CH63 8,177.75,100.6
CH63 9,193.77,107.57
CH64 0,243.22,121.48
CH64 1,218.79,115.51
CH64 2,215.5,113.91
CH64 3,216.82,115.38
CH64 4,212.19,112.58
CH64 5,236.61,119.09
CH64 6,240.06,121.69
CH64 7,202.21,109.88
CH64 8,210.04,111.81
CH64 9,220.87,115.5
CH65 0,238.74,118.88
CH65 1,226.7,117.19
CH65 2,239.49,119.58
CH65 3,232.49,117.99
CH65 4,250.22,121.88
CH65 5,238.75,118.88
CH65 6,231.73,117.22
CH65 7,233.47,117.71
CH65 8,229.82,116.92
CH65 9,238.38,118.51
CH66 0,227.64,115.81
CH66 1,229.69,117.35
CH66 2,232.6,117.41
CH66 3,228.91,116.54
CH66 4,229.04,116.39
CH66 5,235.38,119.71
CH66 6,236.65,120.54
CH66 7,240.74,121.3
CH66 8,228.02,116.92
CH66 9,226.06,115.87
CH7 1,222.94,115.54
CH7 2,208.72,110.12
CH7 3,208.77,110.01
CH7 4,176.66,97.29
CH7 5,166.14,93.84
CH7 6,202.38,109.49
CH7 9,228.18,117.03
CH8 7,210.8,113.79
CH8 8,166.8,96.16
CH8 9,188.74,106.65
CM0 7,362.47,140.98
CM0 8,382.18,142.85
CM1 1,393.95,141.75
CM1 2,393.21,141.16
CM1 3,377.43,139.11
CM1 4,379.24,139.72
CM1 6,380.77,140.51
CM1 7,386.76,141.19
CM1 9,393.96,141.76
CM11 1,358.0,138.6
CM11 2,362.06,138.97
CM12 0,367.69,139.48
CM12 2,332.43,133.59
CM12 9,352.27,137.14
CM13 1,362.12,138.53
CM13 2,352.01,136.46
CM13 3,375.29,139.93
CM14 4,349.64,135.62
CM14 5,362.87,137.56
CM14 9,340.18,134.29
CM15 0,358.87,136.91
CM15 8,352.18,136.52
CM15 9,356.3,137.26
CM16 4,338.47,133.8
CM16 5,344.58,134.98
CM16 6,352.87,136.54
CM16 7,358.57,137.11
CM16 9,331.62,132.47
CM17 0,362.61,138.13
CM17 9,339.9,134.45
CM18 6,361.01,138.61
CM18 7,339.2,134.51
CM19 4,365.69,138.99
CM19 5,370.48,138.86
CM2 0,405.2,143.05
CM2 5,393.52,142.69
CM2 6,397.23,142.54
CM2 7,380.43,140.85
CM2 8,372.58,139.61
CM2 9,390.39,141.0
CM20 1,369.8,140.03
CM20 2,393.2,142.03
CM20 3,362.05,138.94
CM20 9,363.55,139.06
CM21 0,369.7,139.16
CM21 1,360.8,137.62
CM21 9,360.78,137.91
CM22 6,337.08,136.03
CM22 7,356.28,138.21
CM23 0,349.29,137.8
CM23 1,334.36,134.76
CM23 2,353.06,138.25
CM23 3,357.8,139.34
CM23 4,360.28,138.85
CM23 5,338.53,136.03
CM23 9,357.77,139.34
CM24 1,337.74,136.47
CM24 8,330.42,134.84
CM3 1,364.41,137.84
CM3 2,368.5,139.18
CM3 3,374.39,139.58
CM3 4,363.1,138.98
CM3 5,365.5,139.95
CM3 6,370.02,140.75
CM3 7,357.56,138.65
CM3 8,356.05,138.77
CM3 9,373.78,141.12
CM4 0,364.61,137.17
CM4 9,368.58,139.74
CM5 0,369.84,137.84
CM5 5,384.58,139.74
CM5 9,369.56,137.68
CM6 1,353.6,137.39
CM6 2,342.31,136.53
CM6 3,339.68,135.2
CM6 4,336.79,136.01
CM7 0,347.63,136.05
CM7 1,365.59,138.54
CM7 2,352.77,136.85
CM7 3,352.44,136.93
CM7 4,348.43,136.43
CM7 5,341.85,135.33
CM7 9,356.85,137.27
CM77 6,345.08,135.85
CM77 7,354.03,137.22
CM77 8,359.0,137.49
CM8 1,368.28,138.58
CM8 2,369.11,138.52
CM8 3,365.18,138.34
CM8 9,373.01,139.16
CM9 4,381.12,141.8
CM9 5,378.81,141.73
CM9 6,371.98,140.42
CM9 8,368.58,140.54
CM9 9,382.31,141.68
CO1 1,371.38,138.6
CO1 2,378.09,139.64
CO1 9,371.41,138.6
CO10 0,355.63,137.57
CO10 1,365.84,138.3
CO10 2,353.57,136.0
CO10 3,346.76,136.16
CO10 5,367.1,139.45
CO10 7,370.04,139.28
CO10 8,359.44,138.21
CO10 9,350.68,137.08
CO11 1,388.65,140.9
CO11 2,378.21,140.23
CO11 9,392.39,141.34
CO12 3,310.13,135.1
CO12 4,320.87,136.41
CO12 5,340.56,137.48
CO12 9,302.05,133.4
CO13 0,302.48,133.0
CO13 3,274.88,128.86
CO13 9,277.14,129.08
CO14 8,282.41,131.1
CO15 1,275.14,126.75
CO15 2,285.11,129.67
CO15 3,273.81,128.05
CO15 4,295.11,131.76
CO15 5,278.73,128.56
CO15 6,272.34,127.26
CO15 9,272.51,127.67
CO16 0,356.46,138.81
CO16 7,283.65,129.17
CO16 8,318.0,135.96
CO16 9,335.32,137.09
CO2 0,384.25,141.19
CO2 7,360.71,137.77
CO2 8,385.77,140.89
CO2 9,369.49,139.06
CO3 0,387.62,141.42
CO3 3,366.18,138.28
CO3 4,370.92,138.81
CO3 8,383.48,140.53
CO3 9,380.37,140.14
CO4 0,368.26,137.6
CO4 3,380.92,139.67
CO4 5,386.23,140.65
CO4 6,358.77,137.01
CO4 7,370.2,138.5
CO4 9,363.65,136.81
CO5 0,356.4,138.13
CO5 7,371.08,140.58
CO5 8,357.1,139.72
CO5 9,370.9,139.29
CO6 1,374.35,139.25
CO6 2,370.62,138.94
CO6 3,374.87,139.65
CO6 4,381.11,140.78
CO6 5,368.58,138.71
CO7 0,357.43,139.9
CO7 5,355.74,140.18
CO7 6,382.82,140.2
CO7 7,379.61,139.4
CO7 8,369.55,139.82
CO7 9,373.72,139.36
CO8 5,370.02,139.47
CO9 1,348.46,136.01
CO9 2,349.69,136.54
CO9 3,355.83,137.52
CO9 4,360.12,138.08
CO9 9,368.02,139.16
CR0 0,302.86,126.36
CR0 1,352.03,134.85
CR0 2,355.54,136.19
CR0 3,363.29,136.86
CR0 4,357.28,135.46
CR0 5,322.07,130.16
CR0 6,356.65,136.46
CR0 7,353.68,136.17
CR0 8,336.26,133.1
CR0 9,301.2,126.03
CR2 0,311.89,127.06
CR2 6,349.41,133.48
CR2 7,317.52,128.84
CR2 8,293.64,123.81
CR2 9,281.92,121.21
CR3 0,275.18,119.31
CR3 4,269.45,118.71
CR3 5,263.29,117.79
CR3 6,269.17,119.54
CR3 7,264.04,118.32
CR4 1,374.48,139.29
CR4 2,375.83,139.66
CR4 3,378.12,139.87
CR4 4,370.86,138.73
CR4 9,378.15,139.87
CR5 1,274.98,119.89
CR5 2,300.53,125.93
CR5 3,297.46,124.98
CR5 9,319.23,129.29
CR6 9,274.33,120.43
CR7 6,366.34,137.37
CR7 7,362.06,137.4
CR7 8,358.7,137.48
CR8 1,301.1,124.96
CR8 2,316.5,127.71
CR8 3,323.27,129.4
CR8 4,316.97,128.18
CR8 5,283.45,121.58
CT1 1,361.47,136.84
CT1 2,369.47,138.08
CT1 3,355.48,136.09
CT1 9,375.85,138.84
CT10 1,268.01,125.65
CT10 2,286.94,129.18
CT10 3,301.74,131.64
CT10 9,270.64,126.75
CT11 0,247.62,118.88
CT11 1,232.97,114.85
CT11 7,234.67,115.85
CT11 8,234.58,115.78
CT11 9,235.89,115.67
CT12 4,340.01,135.33
CT12 5,306.04,130.51
CT12 6,250.3,119.83
CT13 0,348.09,137.19
CT13 9,331.89,136.11
CT14 0,306.95,130.46
CT14 4,265.36,122.26
CT14 6,273.41,124.27
CT14 7,262.74,122.32
CT14 8,249.35,118.8
CT14 9,283.14,126.5
CT15 4,311.77,129.08
CT15 5,251.47,118.26
CT15 6,214.41,108.78
CT15 7,257.16,118.26
CT16 1,209.18,105.85
CT16 2,222.84,109.03
CT16 3,243.31,115.52
CT16 9,214.4,106.15
CT17 0,232.71,111.66
CT17 9,219.0,108.38
CT18 7,236.38,112.7
CT18 8,262.24,120.1
CT19 4,274.97,123.86
CT19 5,266.64,122.56
CT19 6,250.71,118.04
CT2 0,355.37,136.75
CT2 7,353.81,135.97
CT2 8,356.13,136.17
CT2 9,324.04,131.99
CT20 1,264.33,123.09
CT20 2,253.8,120.04
CT20 3,267.77,122.41
CT20 9,264.28,123.08
CT21 4,296.69,128.96
CT21 5,277.32,125.21
CT21 6,299.17,130.26
CT21 9,291.27,128.88
CT3 1,365.37,137.93
CT3 2,369.75,139.47
CT3 3,336.75,134.03
CT3 4,356.61,137.69
CT4 5,304.54,128.58
CT4 6,283.52,124.89
CT4 7,305.34,128.22
CT4 8,312.06,129.16
CT5 1,326.4,136.1
CT5 2,326.17,136.45
CT5 3,328.3,135.01
CT5 4,337.35,137.8
CT5 9,323.69,135.77
CT6 5,342.19,137.18
CT6 6,317.49,133.16
CT6 7,333.38,134.72
CT6 8,341.75,138.12
CT6 9,343.54,137.45
CT7 0,324.0,133.47
CT7 9,309.34,131.55
CT8 8,296.39,129.51
CT9 1,276.79,127.1
CT9 2,269.45,125.53
CT9 3,301.28,131.09
CT9 4,286.48,127.99
CT9 5,290.51,129.19
CT9 9,276.84,127.12
CV1 1,285.8,122.33
CV1 2,292.64,125.04
CV1 3,283.7,121.53
CV1 4,280.31,120.81
CV1 5,289.75,123.9
CV1 9,290.72,124.28
CV10 0,271.42,121.14
CV10 3,298.46,127.33
CV10 7,272.88,121.76
CV10 8,269.36,120.92
CV10 9,262.65,119.35
CV11 4,296.79,126.99
CV11 5,297.12,127.42
CV11 6,296.57,126.87
CV11 7,292.73,126.27
CV11 8,299.6,127.45
CV11 9,302.14,128.39
CV12 0,269.55,120.34
CV12 8,280.64,123.35
CV12 9,286.06,124.6
CV13 0,271.1,122.68
CV13 6,286.88,125.56
CV2 1,266.18,118.22
CV2 2,281.12,122.92
CV2 3,280.19,121.45
CV2 4,289.36,124.32
CV2 5,293.4,125.35
CV21 1,318.84,132.53
CV21 2,321.94,132.7
CV21 3,309.72,131.48
CV21 4,310.21,131.3
CV21 9,310.5,131.76
CV22 5,315.65,132.29
CV22 6,326.72,133.59
CV22 7,315.45,130.93
CV23 0,293.22,127.28
CV23 1,312.81,131.61
CV23 8,326.35,133.03
CV23 9,318.55,131.65
CV3 1,302.04,128.27
CV3 2,307.82,129.69
CV3 3,314.94,131.11
CV3 4,314.07,130.37
CV3 5,310.7,129.77
CV3 6,309.15,129.08
CV3 9,308.95,129.83
CV31 1,320.65,132.51
CV31 2,312.77,130.54
CV31 3,314.44,131.14
CV31 9,320.2,132.53
CV32 4,324.14,133.49
CV32 5,309.96,130.3
CV32 6,313.64,130.81
CV32 7,306.84,129.56
CV33 8,316.67,130.77
CV33 9,316.38,131.16
CV34 0,299.83,126.64
CV34 4,301.9,126.99
CV34 5,300.51,127.39
CV34 6,302.62,127.83
CV34 7,305.22,128.12
CV34 8,307.2,129.09
CV34 9,296.96,126.38
CV35 0,316.51,129.89
CV35 7,281.71,122.92
CV35 8,299.63,126.59
CV35 9,318.33,130.03
CV36 4,309.42,127.35
CV36 5,319.14,128.42
CV37 0,309.42,129.09
CV37 1,326.12,131.11
CV37 5,340.24,135.59
CV37 6,319.62,130.22
CV37 7,314.26,129.0
CV37 8,332.54,133.95
CV37 9,316.36,129.41
CV4 7,296.82,127.03
CV4 8,280.38,123.18
CV4 9,274.5,120.88
CV47 0,312.92,129.2
CV47 1,307.06,128.03
CV47 2,307.29,128.5
CV47 4,314.89,129.24
CV47 7,290.94,124.94
CV47 8,308.32,128.95
CV47 9,324.31,132.59
CV5 6,283.37,122.21
CV5 7,267.4,118.98
CV5 8,281.65,121.38
CV5 9,263.28,117.74
CV6 1,280.58,122.36
CV6 2,268.27,118.97
CV6 3,277.35,121.63
CV6 4,269.0,118.6
CV6 5,275.98,120.08
CV6 6,274.8,120.08
CV6 7,270.12,118.45
CV6 9,273.41,119.41
CV7 7,266.23,120.05
CV7 8,255.14,116.81
CV7 9,279.97,123.34
CV8 1,278.5,122.77
CV8 2,304.9,128.21
CV8 3,316.79,131.38
CV8 9,298.33,127.33
CV9 1,292.19,125.43
CV9 2,276.19,122.52
CV9 3,293.3,126.6
CV9 9,284.03,124.1
CW1 2,255.36,122.63
CW1 3,266.13,125.19
CW1 4,270.35,126.62
CW1 5,250.46,120.94
CW1 6,255.01,122.64
CW1 9,255.56,122.79
CW10 0,255.26,123.14
CW10 9,232.49,116.62
CW11 1,240.34,119.47
CW11 2,236.83,119.15
CW11 3,258.44,123.31
CW11 4,244.64,120.13
CW11 5,244.21,119.96
CW12 1,216.67,112.76
CW12 2,209.3,110.3
CW12 3,184.14,98.89
CW12 4,226.27,116.2
CW12 9,214.15,111.34
CW2 5,249.97,121.09
CW2 6,257.15,122.73
CW2 7,260.43,123.64
CW2 8,266.22,124.89
CW3 0,249.33,122.29
CW3 9,222.81,114.21
CW4 7,244.79,120.52
CW4 8,232.03,117.41
CW5 5,260.36,121.84
CW5 6,277.74,127.08
CW5 7,253.75,122.82
CW5 8,254.46,121.28
CW5 9,262.49,122.4
CW6 0,238.54,117.3
CW6 6,243.14,117.81
CW6 9,249.23,120.09
CW7 1,244.43,119.29
CW7 2,237.3,117.19
CW7 3,237.19,117.28
CW7 4,262.45,124.22
CW7 9,247.23,119.72
CW8 1,223.9,112.45
CW8 2,230.85,115.32
CW8 3,240.7,118.87
CW8 4,237.67,118.3
CW9 5,234.89,117.06
CW9 6,216.1,111.17
CW9 7,236.78,118.02
CW9 8,221.64,112.5
CW9 9,229.89,115.43
DA1 1,388.96,139.94
DA1 2,382.85,139.54
DA1 3,384.88,140.03
DA1 4,394.77,141.48
DA1 5,403.75,142.6
DA1 9,385.29,140.06
DA10 0,393.41,141.93
DA10 1,388.37,141.39
DA11 0,392.56,142.25
DA11 7,379.22,140.58
DA11 8,387.96,141.42
DA11 9,400.15,142.73
DA12 1,387.91,141.86
DA12 2,389.3,142.35
DA12 3,357.87,137.73
DA12 4,362.44,138.53
DA12 5,366.6,138.89
DA12 9,387.1,141.7
DA13 0,329.1,130.8
DA13 9,378.09,139.85
DA14 4,383.22,140.09
DA14 5,384.28,140.01
DA14 6,363.65,137.7
DA15 0,382.84,140.27
DA15 7,377.47,139.92
DA15 8,381.46,140.11
DA15 9,383.92,140.15
DA16 1,372.24,138.4
DA16 2,367.45,137.78
DA16 3,359.11,136.8
DA17 5,364.81,138.01
DA17 6,394.62,142.08
DA18 4,403.05,143.31
DA2 6,386.31,139.05
DA2 7,376.04,138.68
DA2 8,372.82,138.89
DA3 7,367.68,138.05
DA3 8,358.97,135.35
DA3 9,359.77,136.19
DA4 0,378.08,136.64
DA4 9,381.76,138.91
DA5 1,391.88,140.94
DA5 2,382.9,139.68
DA5 3,388.33,140.32
DA6 7,385.94,140.17
DA6 8,372.8,138.44
DA7 4,369.22,138.03
DA7 5,367.01,138.15
DA7 6,376.06,139.39
DA7 9,372.77,138.43
DA8 1,383.18,140.7
DA8 2,401.94,142.86
DA8 3,383.1,140.69
DA8 9,399.03,142.74
DA9 9,392.72,141.28
DD1 1,212.1,112.53
DD1 2,212.08,112.53
DD1 3,216.21,114.02
DD1 4,213.4,113.35
DD1 5,204.73,109.7
DD1 9,204.73,109.7
DD10 0,132.02,73.67
DD10 1,159.38,91.72
DD10 8,159.73,92.68
DD10 9,165.62,92.43
DD11 1,164.26,94.09
DD11 2,172.62,94.14
DD11 3,177.23,97.18
DD11 4,185.75,100.99
DD11 5,153.24,86.84
DD11 9,166.85,96.0
DD2 1,196.53,105.38
DD2 2,185.69,100.06
DD2 3,171.99,92.91
DD2 4,182.14,97.89
DD2 5,168.32,88.83
DD2 9,174.09,93.96
DD3 0,161.19,85.6
DD3 6,170.28,91.61
DD3 7,186.04,99.72
DD3 8,172.2,92.64
DD3 9,172.91,93.52
DD4 0,153.52,80.94
DD4 6,216.19,114.02
DD4 7,191.95,102.48
DD4 8,193.91,103.73
DD4 9,182.25,97.75
DD5 1,185.18,99.73
DD5 2,187.51,101.04
DD5 3,169.37,90.39
DD5 4,198.99,106.21
DD6 8,193.81,103.56
DD6 9,188.78,102.02
DD7 6,191.77,103.53
DD7 7,196.69,105.97
DD8 0,206.89,107.16
DD8 1,179.76,94.63
DD8 2,183.89,98.0
DD8 3,153.63,81.66
DD8 4,82.55,36.04
DD8 5,152.3,81.75
DD8 9,159.88,85.2
DD9 6,177.36,93.53
DD9 7,106.34,52.93
DD9 9,164.5,85.39
DE1 0,284.45,126.54
DE1 1,280.59,125.76
DE1 2,275.53,124.91
DE1 3,279.43,125.6
DE1 9,278.8,125.65
DE11 0,283.58,126.11
DE11 1,306.79,131.62
DE11 7,266.77,122.08
DE11 8,275.74,124.47
DE11 9,285.05,126.7
DE12 6,280.19,124.61
DE12 7,279.89,124.23
DE12 8,290.99,126.8
DE13 0,296.08,127.77
DE13 7,296.0,126.32
DE13 8,272.38,121.95
DE13 9,270.35,122.06
DE14 1,303.43,128.67
DE14 2,294.65,127.01
DE14 3,296.68,127.66
DE14 9,303.23,128.98
DE15 0,280.83,124.35
DE15 9,288.54,126.5
DE21 2,265.18,121.85
DE21 4,273.21,123.51
DE21 5,266.07,121.11
DE21 6,282.55,125.97
DE21 7,280.08,125.31
DE22 1,279.83,125.11
DE22 2,269.98,122.59
DE22 3,274.87,124.28
DE22 4,263.3,121.84
DE22 5,254.81,119.34
DE23 1,284.03,126.24
DE23 2,285.22,126.45
DE23 3,283.72,126.06
DE23 4,279.49,125.11
DE23 6,265.59,122.23
DE23 8,280.55,125.65
DE24 0,301.63,129.39
DE24 1,290.56,127.39
DE24 3,301.5,129.37
DE24 5,302.71,129.63
DE24 8,291.52,127.66
DE24 9,300.55,129.18
DE3 0,275.98,124.48
DE3 9,262.55,121.4
DE4 2,185.51,94.29
DE4 3,244.08,115.2
DE4 4,181.77,92.02
DE4 5,194.46,97.66
DE4 9,263.79,120.71
DE45 1,183.31,93.54
DE5 3,251.19,117.89
DE5 4,239.16,114.3
DE5 8,257.23,119.33
DE5 9,253.03,118.59
DE55 1,247.56,116.53
DE55 2,241.82,116.64
DE55 3,238.67,114.84
DE55 4,249.07,117.63
DE55 5,242.86,116.87
DE55 6,239.03,112.97
DE55 7,246.91,115.69
DE55 9,237.61,113.69
DE56 0,251.43,117.97
DE56 1,250.74,117.91
DE56 2,229.6,111.94
DE56 4,251.2,118.32
DE56 9,252.85,118.21
DE6 1,190.89,97.26
DE6 2,183.67,94.21
DE6 3,233.49,113.11
DE6 4,248.62,117.86
DE6 5,256.85,119.84
DE6 9,211.54,104.84
DE65 5,278.01,125.0
DE65 6,290.66,126.76
DE65 9,287.25,126.0
DE7 0,277.25,124.89
DE7 4,271.06,124.05
DE7 5,276.48,124.77
DE7 6,264.84,122.09
DE7 8,277.15,124.62
DE7 9,269.39,122.93
DE72 2,297.01,128.24
DE72 3,287.74,127.2
DE73 5,302.69,129.42
DE73 6,291.12,127.38
DE73 7,286.17,125.73
DE73 8,287.53,125.44
DE74 0,286.69,126.33
DE74 2,290.95,126.73
DE75 7,269.74,123.0
DG1 1,114.38,55.89
DG1 2,168.56,91.56
DG1 3,125.65,64.23
DG1 4,145.05,75.3
DG1 9,161.03,86.72
DG10 9,90.94,39.71
DG11 1,134.33,69.64
DG11 2,109.96,51.56
DG11 3,121.37,58.77
DG11 9,141.37,74.16
DG12 5,148.6,78.29
DG12 6,159.15,84.92
DG13 0,93.91,39.2
DG14 0,132.77,65.35
DG16 5,173.32,94.07
DG2 0,128.52,66.57
DG2 7,167.01,89.49
DG2 8,116.59,57.01
DG2 9,115.61,56.71
DG3 4,99.74,46.29
DG3 5,94.49,40.62
DG3 9,155.62,82.9
DG4 6,100.52,47.71
DG5 4,127.33,64.67
DG6 4,116.73,59.75
DG7 1,126.89,65.23
DG7 2,103.1,47.36
DG7 3,92.03,40.15
DG7 9,146.19,77.97
DG8 0,102.07,53.45
DG8 6,86.99,35.35
DG8 7,78.5,27.82
DG8 8,138.78,80.02
DG8 9,142.98,80.34
DG9 0,92.49,50.37
DG9 7,143.15,83.49
DG9 8,107.1,59.14
DG9 9,118.22,68.36
DH1 1,247.47,122.06
DH1 2,243.77,121.36
DH1 3,252.2,123.05
DH1 4,237.22,119.75
DH1 5,231.11,117.95
DH1 9,250.55,122.73
DH2 1,217.96,114.92
DH2 2,227.55,117.25
DH2 3,221.75,115.05
DH3 1,206.75,111.16
DH3 2,219.34,115.31
DH3 3,252.71,123.86
DH3 4,241.51,121.12
DH3 9,251.41,123.58
DH4 4,209.24,111.52
DH4 5,239.36,121.02
DH4 6,236.31,119.7
DH4 7,216.71,113.07
DH4 9,222.86,116.49
DH5 0,207.67,111.02
DH5 8,197.1,107.43
DH5 9,215.57,114.0
DH6 1,228.38,117.81
DH6 2,199.15,108.14
DH6 3,203.34,109.01
DH6 4,224.3,116.51
DH6 5,239.99,120.7
DH7 0,196.68,105.77
DH7 6,196.18,105.11
DH7 7,209.76,111.46
DH7 8,226.88,116.98
DH7 9,191.75,104.02
DH8 0,228.37,115.01
DH8 1,186.11,102.74
DH8 5,179.49,98.67
DH8 6,184.89,99.92
DH8 7,189.92,104.13
DH8 8,208.48,110.4
DH8 9,162.64,91.8
DH9 0,190.28,101.89
DH9 6,193.02,103.65
DH9 7,181.61,99.15
DH9 8,181.18,99.29
DH9 9,186.86,101.69
DL1 1,261.71,124.3
DL1 2,264.62,125.19
DL1 3,255.49,124.28
DL1 4,267.67,125.61
DL1 5,258.59,123.88
DL1 9,261.32,124.3
DL10 4,204.07,106.91
DL10 5,239.48,118.92
DL10 6,261.87,125.68
DL10 7,253.02,123.16
DL10 9,209.76,108.89
DL11 6,114.33,57.76
DL11 7,197.38,104.94
DL12 0,103.24,50.47
DL12 8,221.04,115.08
DL12 9,171.86,94.18
DL13 1,109.41,55.52
DL13 2,142.07,80.45
DL13 3,188.19,101.79
DL13 4,174.3,96.57
DL13 5,176.3,97.26
DL14 0,222.11,116.07
DL14 4,232.86,119.91
DL14 6,238.27,121.13
DL14 7,238.04,121.28
DL14 8,220.07,115.67
DL14 9,233.9,119.02
DL15 0,212.54,112.67
DL15 8,227.89,117.13
DL15 9,179.8,98.58
DL16 6,229.62,118.06
DL16 7,224.77,116.94
DL16 9,225.59,116.88
DL17 0,239.57,120.35
DL17 8,216.63,113.42
DL17 9,229.81,117.35
DL2 1,273.36,128.45
DL2 2,252.52,123.84
DL2 3,251.21,123.27
DL2 4,276.63,127.55
DL3 0,250.69,123.29
DL3 6,261.73,125.14
DL3 7,260.36,125.0
DL3 8,271.5,126.76
DL3 9,263.54,125.24
DL4 1,211.85,112.87
DL4 2,211.9,112.1
DL5 4,239.14,120.9
DL5 5,236.69,120.07
DL5 6,238.7,120.64
DL5 7,227.98,117.37
DL5 9,235.84,119.81
DL6 1,258.2,123.64
DL6 2,248.67,123.03
DL6 3,195.2,104.87
DL7 0,259.08,125.43
DL7 7,264.42,125.14
DL7 8,264.39,125.16
DL7 9,262.15,123.84
DL8 1,250.19,121.14
DL8 2,267.16,124.58
DL8 3,109.37,52.13
DL8 4,136.46,73.57
DL8 5,204.68,106.42
DL8 9,211.57,107.29
DL9 3,196.83,104.93
DL9 4,232.18,117.83
DN1 1,299.92,129.65
DN1 2,305.53,130.56
DN1 3,303.34,130.35
DN1 9,303.33,130.35
DN10 4,311.2,130.08
DN10 5,332.71,132.25
DN10 6,322.09,131.91
DN11 0,309.84,130.5
DN11 8,304.35,128.87
DN11 9,304.92,129.35
DN12 1,281.77,125.39
DN12 2,280.19,125.2
DN12 3,297.57,129.06
DN12 4,307.66,130.9
DN14 0,301.5,130.98
DN14 4,294.64,128.66
DN14 5,294.62,128.78
DN14 6,287.57,127.56
DN14 7,299.62,131.17
DN14 8,294.74,129.5
DN14 9,301.31,131.22
DN15 0,282.55,125.01
DN15 5,267.62,121.54
DN15 6,271.41,121.84
DN15 7,264.24,121.38
DN15 8,290.18,127.24
DN15 9,278.49,125.73
DN16 1,278.94,123.54
DN16 2,271.67,123.34
DN16 3,286.96,126.63
DN17 1,286.18,126.4
DN17 2,289.12,126.9
DN17 3,295.93,128.02
DN17 4,297.2,129.31
DN18 5,268.14,123.47
DN18 6,267.62,122.87
DN18 9,279.99,126.84
DN19 7,276.81,126.35
DN2 4,315.95,132.52
DN2 5,307.13,130.69
DN2 6,312.73,131.48
DN20 0,290.96,127.11
DN20 8,301.74,128.95
DN20 9,299.14,128.67
DN21 1,303.07,128.37
DN21 2,305.34,129.59
DN21 3,301.23,128.53
DN21 4,292.37,127.9
DN21 5,301.1,128.82
DN21 9,302.87,129.01
DN22 0,309.5,129.53
DN22 1,313.34,131.54
DN22 4,322.96,134.72
DN22 5,320.83,131.85
DN22 6,325.53,132.94
DN22 7,310.74,130.48
DN22 8,310.95,130.48
DN22 9,314.18,129.9
DN3 1,316.11,132.67
DN3 2,311.97,131.54
DN3 3,315.17,131.99
DN31 1,280.09,128.64
DN31 2,278.47,128.82
DN31 3,283.9,131.0
DN31 9,290.21,132.15
DN32 0,286.49,130.2
DN32 7,292.0,133.58
DN32 8,280.33,129.27
DN32 9,289.56,131.68
DN33 1,284.21,128.79
DN33 2,291.75,130.31
DN33 3,295.24,130.28
DN34 4,284.9,128.93
DN34 5,288.45,128.99
DN35 0,263.26,124.6
DN35 7,284.84,132.3
DN35 8,269.21,127.37
DN35 9,277.91,128.62
DN36 4,280.95,128.33
DN36 5,279.59,127.19
DN37 0,279.5,126.55
DN37 7,282.78,126.21
DN37 8,288.25,128.48
DN37 9,285.88,128.85
DN38 6,299.43,130.23
DN39 6,286.62,127.59
DN4 0,313.95,132.12
DN4 5,312.01,131.69
DN4 6,309.07,130.81
DN4 7,311.86,131.15
DN4 8,304.16,130.19
DN4 9,301.07,129.29
DN40 1,283.11,129.92
DN40 2,275.2,128.74
DN40 3,279.22,127.44
DN40 9,273.09,128.74
DN41 7,283.09,128.53
DN41 8,285.31,129.07
DN5 0,309.6,131.83
DN5 7,278.5,125.45
DN5 8,302.53,130.5
DN5 9,305.48,130.84
DN6 0,308.62,131.66
DN6 7,290.38,127.16
DN6 8,288.66,127.19
DN6 9,298.69,129.87
DN7 4,305.14,130.48
DN7 5,308.82,131.41
DN7 6,310.86,131.1
DN8 4,298.23,129.89
DN8 5,305.21,130.16
DN9 1,310.43,130.19
DN9 2,314.44,130.65
DN9 3,318.83,132.01
DT1 1,286.14,123.05
DT1 2,278.44,121.19
DT1 3,267.13,117.4
DT1 9,281.0,121.58
DT10 1,322.89,130.57
DT10 2,307.49,127.42
DT10 9,329.7,131.24
DT11 0,276.59,121.19
DT11 1,293.11,124.62
DT11 7,319.67,128.51
DT11 8,296.49,124.79
DT11 9,313.19,128.77
DT2 0,237.58,109.86
DT2 7,257.94,116.31
DT2 8,267.71,119.43
DT2 9,244.63,111.82
DT3 4,252.96,118.34
DT3 5,274.94,123.84
DT3 6,264.11,120.54
DT4 0,278.29,126.31
DT4 4,272.0,124.33
DT4 7,284.38,127.91
DT4 8,263.47,122.83
DT4 9,251.48,120.52
DT5 1,168.31,92.33
DT5 2,159.05,89.12
DT5 9,139.48,77.22
DT6 3,258.78,117.06
DT6 4,262.78,119.6
DT6 5,237.51,109.85
DT6 6,245.73,113.48
DT6 9,283.94,124.02
DT7 3,215.82,104.04
DT8 3,217.81,102.42
DT9 3,291.58,124.18
DT9 4,275.55,121.88
DT9 5,290.29,124.87
DT9 6,295.87,126.16
DT9 9,302.33,127.03
DY1 1,226.48,108.67
DY1 2,257.77,119.99
DY1 3,231.25,111.03
DY1 4,232.67,109.96
DY1 9,226.47,108.67
DY10 1,315.66,131.68
DY10 2,307.35,130.18
DY10 3,299.28,128.38
DY10 4,306.77,130.17
DY11 5,287.11,125.63
DY11 6,308.02,131.45
DY11 7,322.21,133.33
DY11 9,317.95,133.25
DY12 1,273.19,122.24
DY12 2,292.41,127.2
DY12 3,278.63,123.47
DY13 0,320.21,132.18
DY13 3,337.43,135.39
DY13 8,324.31,133.81
DY13 9,318.95,131.81
DY14 0,205.88,103.19
DY14 8,250.7,116.82
DY14 9,265.27,120.62
DY2 0,269.83,122.09
DY2 7,217.17,104.8
DY2 8,240.38,113.72
DY2 9,267.48,121.41
DY3 1,221.12,107.63
DY3 2,274.4,124.26
DY3 3,238.54,113.81
DY3 4,280.27,124.98
DY4 0,250.17,115.81
DY4 4,246.2,114.72
DY4 7,246.4,114.64
DY4 8,241.43,113.46
DY4 9,241.24,113.44
DY5 1,278.84,124.1
DY5 2,279.43,123.57
DY5 3,278.95,124.31
DY5 4,273.19,123.75
DY5 9,271.6,122.5
DY6 0,301.89,129.63
DY6 6,291.71,127.36
DY6 7,294.43,128.43
DY6 8,279.37,125.37
DY6 9,288.48,126.56
DY7 5,282.09,124.19
DY7 6,293.12,127.36
DY8 1,293.27,126.79
DY8 2,286.32,125.23
DY8 3,285.49,125.36
DY8 4,295.46,128.47
DY8 5,290.57,127.14
DY8 9,298.79,128.09
DY9 0,286.58,125.84
DY9 7,290.55,125.87
DY9 8,295.56,126.77
DY9 9,261.61,120.58
E1 0,359.9,138.69
E1 1,358.38,138.55
E1 2,358.38,138.55
E1 3,359.88,138.69
E1 4,356.18,138.23
E1 5,358.7,138.68
E1 6,353.63,137.72
E1 7,353.64,137.72
E1 8,352.6,137.55
E10 5,369.36,140.59
E10 6,365.95,139.82
E10 7,374.19,141.11
E10 9,364.3,139.79
E11 1,362.27,139.33
E11 2,363.75,139.24
E11 3,368.87,140.21
E11 4,367.35,140.11
E11 9,367.34,140.11
E12 5,371.49,140.22
E12 6,373.57,140.39
E12 9,373.98,140.59
E13 0,374.63,140.69
E13 3,374.63,140.69
E13 8,376.2,140.75
E13 9,378.77,141.06
E14 0,374.01,140.21
E14 1,364.9,139.25
E14 2,367.24,138.69
E14 3,379.64,140.65
E14 4,367.31,138.92
E14 5,367.31,138.92
E14 6,370.62,139.87
E14 7,364.89,139.25
E14 8,368.66,139.46
E14 9,367.42,138.66
E15 1,371.82,140.63
E15 2,369.24,140.39
E15 3,374.25,140.57
E15 4,370.51,140.31
E15 9,373.18,140.49
E16 1,380.77,141.03
E16 2,387.29,141.8
E16 3,382.25,141.35
E16 4,376.8,140.79
E16 9,381.9,141.28
E17 0,355.09,138.25
E17 3,369.64,140.11
E17 4,363.42,139.27
E17 5,370.95,140.3
E17 6,369.66,140.23
E17 7,372.65,140.25
E17 8,367.02,139.93
E17 9,365.34,139.78
E18 1,360.52,137.97
E18 2,351.76,137.38
E18 9,360.52,137.97
E1W 1,352.62,137.55
E1W 2,352.62,137.55
E1W 3,361.71,138.71
E2 0,356.16,138.22
E2 2,356.89,138.51
E2 6,358.68,138.68
E2 7,358.67,138.68
E2 8,359.76,138.84
E2 9,356.9,138.51
E20 1,372.61,140.69
E3 2,368.39,140.17
E3 3,372.64,140.25
E3 4,361.12,138.94
E3 5,354.37,138.4
E3 9,354.38,138.4
E4 0,340.57,134.54
E4 6,342.55,135.04
E4 7,343.17,134.92
E4 8,365.35,139.48
E4 9,355.54,137.7
E5 0,363.07,139.88
E5 5,362.93,139.68
E5 8,362.8,139.73
E5 9,369.6,140.57
E6 1,375.37,140.7
E6 2,378.41,140.58
E6 3,377.42,140.72
E6 5,384.68,141.59
E6 6,383.45,141.21
E6 7,389.12,141.79
E6 9,374.31,140.33
E7 0,373.44,140.72
E7 7,373.46,140.72
E7 8,374.63,140.71
E7 9,373.25,140.65
E8 1,359.06,139.15
E8 2,358.6,139.13
E8 3,359.09,139.16
E8 4,356.86,138.51
E9 5,356.11,138.83
E9 6,353.56,138.38
E9 7,353.58,137.81
EC1A 1,349.01,136.45
EC1A 2,349.01,136.45
EC1A 4,349.0,136.45
EC1A 7,349.01,136.45
EC1A 9,349.0,136.45
EC1M 3,354.37,136.57
EC1M 4,354.37,136.57
EC1M 5,354.36,136.57
EC1M 6,354.37,136.57
EC1M 7,357.17,137.62
EC1N 2,341.4,134.56
EC1N 6,354.38,136.58
EC1N 7,354.37,136.57
EC1N 8,354.38,136.57
EC1R 0,354.34,136.57
EC1R 1,354.33,136.57
EC1R 3,354.35,136.57
EC1R 4,354.34,136.57
EC1R 5,354.36,136.57
EC1V 0,354.34,136.57
EC1V 1,345.84,135.56
EC1V 2,357.14,137.62
EC1V 3,357.14,137.62
EC1V 4,354.34,136.57
EC1V 7,354.33,136.57
EC1V 8,357.14,137.62
EC1V 9,357.15,137.62
EC1Y 0,357.17,137.62
EC1Y 1,357.15,137.62
EC1Y 2,357.17,137.62
EC1Y 4,349.0,136.45
EC1Y 8,357.17,137.62
EC2A 1,348.99,136.45
EC2A 2,353.63,137.72
EC2A 3,357.16,137.62
EC2A 4,357.16,137.62
EC2M 1,353.64,137.72
EC2M 2,353.63,137.72
EC2M 3,353.63,137.72
EC2M 4,353.64,137.72
EC2M 5,349.01,136.45
EC2M 6,349.0,136.45
EC2M 7,353.64,137.72
EC2N 1,353.65,137.72
EC2N 2,349.01,136.45
EC2N 3,353.65,137.72
EC2N 4,353.65,137.72
EC2R 5,349.01,136.45
EC2R 6,349.01,136.45
EC2R 7,349.01,136.45
EC2R 8,349.02,136.45
EC2V 5,349.01,136.45
EC2V 6,349.02,136.45
EC2V 7,349.01,136.45
EC2V 8,349.02,136.45
EC2Y 5,349.0,136.45
EC2Y 8,349.0,136.45
EC2Y 9,349.0,136.45
EC3A 1,353.65,137.72
EC3A 2,353.65,137.72
EC3A 3,353.65,137.72
EC3A 4,353.65,137.72
EC3A 5,353.65,137.72
EC3A 6,353.65,137.72
EC3A 7,353.65,137.72
EC3A 8,353.65,137.72
EC3M 1,361.43,138.94
EC3M 2,353.65,137.72
EC3M 3,361.43,138.94
EC3M 4,361.43,138.94
EC3M 5,353.66,137.72
EC3M 6,361.43,138.94
EC3M 7,353.65,137.72
EC3M 8,361.43,138.94
EC3N 1,353.66,137.72
EC3N 2,361.42,138.94
EC3N 3,361.42,138.94
EC3N 4,361.44,138.94
EC3R 5,361.44,138.94
EC3R 6,361.45,138.94
EC3R 7,361.43,138.94
EC3R 8,361.44,138.94
EC3V 0,349.02,136.45
EC3V 1,353.65,137.72
EC3V 3,349.02,136.45
EC3V 4,353.65,137.72
EC3V 9,349.02,136.45
EC4A 1,341.41,134.56
EC4A 2,357.32,137.9
EC4A 3,357.32,137.89
EC4A 4,357.32,137.89
EC4M 5,349.02,136.45
EC4M 6,349.02,136.45
EC4M 7,349.01,136.45
EC4M 8,349.02,136.45
EC4M 9,349.02,136.45
EC4N 1,349.02,136.45
EC4N 4,349.02,136.45
EC4N 5,349.03,136.45
EC4N 6,349.03,136.45
EC4N 7,349.03,136.45
EC4N 8,349.02,136.45
EC4R 0,349.03,136.45
EC4R 1,349.03,136.45
EC4R 2,349.03,136.45
EC4R 3,349.04,136.46
EC4R 9,361.43,138.94
EC4V 2,349.03,136.45
EC4V 3,357.34,137.9
EC4V 4,357.33,137.9
EC4V 5,349.02,136.45
EC4V 6,357.33,137.9
EC4Y 0,357.33,137.9
EC4Y 1,357.32,137.9
EC4Y 7,357.33,137.9
EC4Y 8,357.33,137.9
EC4Y 9,357.33,137.9
EH1 1,175.19,94.58
EH1 2,175.2,94.58
EH1 3,190.35,102.29
EH10 4,186.62,100.53
EH10 5,185.65,98.42
EH10 6,177.12,93.79
EH10 7,153.88,81.04
EH10 9,192.07,101.99
EH11 1,199.06,105.92
EH11 2,201.04,106.72
EH11 3,205.46,108.02
EH11 4,201.98,105.58
EH12 0,190.65,100.98
EH12 1,207.79,108.85
EH12 5,196.88,104.62
EH12 6,170.02,90.41
EH12 7,202.42,107.21
EH12 8,187.23,99.32
EH12 9,201.96,105.84
EH13 0,160.87,85.06
EH13 9,182.1,96.25
EH14 1,196.7,103.53
EH14 2,203.38,106.31
EH14 3,194.5,102.09
EH14 4,185.78,96.88
EH14 5,180.35,94.69
EH14 6,160.14,84.23
EH14 7,132.5,70.76
EH14 9,202.35,106.21
EH15 1,198.11,108.86
EH15 2,199.33,108.66
EH15 3,196.66,106.59
EH15 9,199.74,109.1
EH16 4,194.62,104.64
EH16 5,180.45,97.3
EH16 6,190.41,100.66
EH16 9,192.49,103.93
EH17 7,195.09,103.93
EH17 8,188.07,100.13
EH18 1,195.26,103.64
EH19 2,185.02,98.6
EH19 3,198.8,105.06
EH2 1,190.36,102.29
EH2 2,175.19,94.57
EH2 3,175.19,94.57
EH2 4,202.92,107.94
EH20 9,173.87,92.17
EH21 6,197.49,106.68
EH21 7,201.91,108.21
EH21 8,201.58,109.56
EH22 1,195.83,104.7
EH22 2,187.62,101.75
EH22 3,204.95,108.15
EH22 4,179.88,93.98
EH22 5,157.19,82.98
EH22 9,190.64,101.36
EH23 4,136.2,73.68
EH24 9,168.01,89.54
EH25 9,169.44,89.89
EH26 0,130.38,67.54
EH26 6,169.3,89.33
EH26 8,147.85,79.84
EH26 9,113.13,57.27
EH27 8,140.91,75.73
EH28 8,193.12,101.31
EH29 9,190.82,101.67
EH3 5,192.63,103.47
EH3 6,190.34,102.29
EH3 7,191.98,102.13
EH3 8,186.59,100.52
EH3 9,186.6,100.52
EH30 9,185.03,99.11
EH31 2,173.85,98.52
EH32 0,193.49,107.85
EH32 9,196.33,107.02
EH33 1,184.64,100.52
EH33 2,181.77,98.79
EH34 5,199.04,105.44
EH35 5,192.38,103.6
EH36 5,159.14,85.25
EH37 5,160.03,88.57
EH38 5,136.95,75.37
EH39 4,175.69,101.96
EH39 5,179.51,99.88
EH39 9,178.52,103.91
EH4 1,197.05,105.29
EH4 2,191.26,102.38
EH4 3,179.78,96.24
EH4 4,181.11,97.76
EH4 5,188.38,101.13
EH4 6,187.88,100.13
EH4 7,161.92,85.66
EH4 8,189.71,100.59
EH4 9,202.01,107.3
EH40 3,201.52,107.39
EH41 3,191.45,101.85
EH41 4,166.81,88.43
EH41 9,216.67,111.48
EH42 1,164.25,87.6
EH43 6,140.9,76.18
EH44 6,118.62,59.42
EH45 8,129.57,70.19
EH45 9,116.19,59.33
EH46 7,123.95,66.87
EH47 0,138.43,77.7
EH47 7,168.2,92.33
EH47 8,140.84,78.49
EH47 9,117.82,63.45
EH48 1,158.48,86.88
EH48 2,161.65,90.22
EH48 3,139.9,78.76
EH48 4,152.19,84.81
EH48 9,164.79,90.29
EH49 6,159.51,88.15
EH49 7,172.03,95.53
EH49 9,176.54,97.36
EH5 1,184.98,99.98
EH5 2,186.9,100.89
EH5 3,185.16,100.23
EH51 0,170.44,94.34
EH51 1,191.03,105.99
EH51 9,176.52,98.35
EH52 1,167.9,93.25
EH52 5,204.76,110.46
EH52 6,175.67,97.45
EH53 0,179.14,98.75
EH54 0,188.68,104.36
EH54 5,196.72,108.39
EH54 6,178.77,98.77
EH54 7,177.34,97.42
EH54 8,168.95,93.09
EH54 9,160.06,87.83
EH55 8,121.07,65.02
EH6 4,185.71,101.0
EH6 5,194.75,106.0
EH6 6,185.67,100.98
EH6 7,188.34,104.66
EH6 8,188.15,103.99
EH7 4,197.86,106.5
EH7 5,188.26,103.07
EH7 6,190.42,105.82
EH7 9,191.53,106.26
EH8 7,186.54,102.7
EH8 8,179.72,98.25
EH8 9,176.98,96.31
EH9 1,183.21,99.39
EH9 2,191.32,103.07
EH9 3,192.86,102.48
EH9 8,188.47,101.49
EN1 1,349.53,137.01
EN1 2,350.67,137.43
EN1 3,343.16,135.94
EN1 4,346.5,136.31
EN1 9,348.67,137.07
EN10 6,377.0,139.81
EN10 7,353.6,136.46
EN11 0,391.67,140.93
EN11 1,390.08,141.64
EN11 8,368.37,139.06
EN11 9,362.07,137.24
EN2 0,338.15,134.52
EN2 6,348.73,137.07
EN2 7,339.94,135.61
EN2 8,334.01,133.72
EN2 9,334.95,134.0
EN3 4,354.82,137.58
EN3 5,350.14,136.73
EN3 6,356.94,137.29
EN3 7,350.46,136.35
EN4 0,325.88,132.54
EN4 8,318.97,132.13
EN4 9,321.86,132.05
EN5 1,327.42,132.94
EN5 2,332.41,133.69
EN5 3,331.64,132.89
EN5 4,325.27,132.54
EN5 5,335.45,133.84
EN5 9,327.42,132.94
EN6 1,330.84,133.3
EN6 2,333.79,133.84
EN6 3,333.14,133.39
EN6 4,342.98,135.18
EN6 5,324.66,132.39
EN6 9,336.36,134.19
EN7 5,338.6,134.37
EN7 6,344.39,134.96
EN8 0,365.62,138.1
EN8 1,359.56,137.73
EN8 7,370.28,139.73
EN8 8,361.13,138.16
EN8 9,366.08,138.55
EN9 1,374.94,140.01
EN9 2,362.3,138.21
EN9 3,366.81,138.25
EX1 1,299.12,124.09
EX1 2,293.12,123.1
EX1 3,298.99,124.52
EX1 4,291.5,123.08
EX1 9,299.12,124.09
EX10 0,205.2,100.34
EX10 1,243.36,116.61
EX10 8,220.5,109.02
EX10 9,216.09,106.34
EX11 1,252.02,114.73
EX12 2,228.28,108.24
EX12 3,186.33,92.91
EX12 4,225.95,108.01
EX12 9,246.03,114.38
EX13 5,233.88,106.27
EX13 7,242.45,108.93
EX13 8,233.86,108.49
EX13 9,276.5,119.2
EX14 0,234.01,106.76
EX14 1,239.73,109.09
EX14 2,220.96,102.15
EX14 3,235.88,109.02
EX14 4,197.64,95.53
EX14 9,216.82,100.38
EX15 1,259.51,115.8
EX15 2,242.35,111.79
EX15 3,215.1,102.39
EX15 9,281.74,121.83
EX16 0,275.03,120.2
EX16 4,241.73,110.05
EX16 5,257.15,114.88
EX16 6,261.88,116.38
EX16 7,219.05,104.12
EX16 8,205.23,99.74
EX16 9,187.56,93.61
EX17 1,274.49,120.89
EX17 2,281.54,122.54
EX17 3,285.5,123.45
EX17 4,231.96,109.64
EX17 5,246.46,114.54
EX17 6,226.11,109.05
EX17 9,284.45,122.45
EX18 7,198.62,98.51
EX19 8,190.9,96.5
EX2 0,327.49,129.49
EX2 4,327.74,129.95
EX2 5,315.0,127.55
EX2 6,318.53,127.86
EX2 7,318.83,127.91
EX2 8,324.1,128.94
EX2 9,282.28,120.89
EX20 1,133.11,68.79
EX20 2,189.98,96.46
EX20 3,190.43,96.94
EX20 4,128.22,64.23
EX20 9,169.41,86.93
EX21 5,173.82,89.33
EX22 6,182.4,91.92
EX22 7,154.09,76.27
EX22 9,183.99,92.4
EX23 0,154.38,82.05
EX23 8,166.2,89.08
EX23 9,127.45,62.42
EX24 6,214.87,100.42
EX3 0,314.38,127.58
EX31 1,205.93,105.34
EX31 2,194.64,100.09
EX31 3,183.94,94.67
EX31 4,120.3,57.06
EX32 0,170.61,87.12
EX32 2,212.02,108.05
EX32 7,125.81,57.95
EX32 8,201.35,102.76
EX32 9,212.03,108.05
EX33 1,151.87,79.49
EX33 2,168.41,88.34
EX34 0,114.06,55.24
EX34 4,118.67,60.91
EX34 7,105.19,49.82
EX34 8,107.07,50.1
EX34 9,112.85,55.76
EX35 6,101.89,48.59
EX36 3,128.04,61.87
EX36 4,176.1,90.36
EX36 9,187.28,97.42
EX37 9,192.43,97.35
EX38 7,181.19,92.6
EX38 8,176.59,88.43
EX38 9,205.29,101.95
EX39 1,191.44,99.95
EX39 2,110.03,58.05
EX39 3,181.54,94.54
EX39 4,193.39,99.11
EX39 5,146.93,75.81
EX39 6,113.04,53.95
EX39 9,205.58,102.8
EX4 0,293.14,123.74
EX4 1,296.33,123.73
EX4 2,255.6,115.01
EX4 3,316.26,127.89
EX4 4,280.1,120.28
EX4 5,278.27,120.0
EX4 6,292.33,122.92
EX4 7,289.52,122.31
EX4 8,292.77,123.13
EX4 9,264.28,115.88
EX5 1,274.08,120.58
EX5 2,277.12,120.97
EX5 3,287.55,123.01
EX5 4,263.99,116.38
EX5 5,274.29,120.1
EX5 7,298.67,126.24
EX6 6,241.51,112.67
EX6 7,238.3,109.74
EX6 8,273.71,119.28
EX7 0,231.39,108.41
EX7 7,253.98,116.99
EX7 9,254.93,117.24
EX8 1,292.18,126.73
EX8 2,265.54,121.39
EX8 3,290.16,125.79
EX8 4,261.32,120.02
EX8 5,252.59,117.14
EX8 9,261.92,119.76
EX9 6,232.73,113.46
EX9 7,236.66,113.67
EX9 9,229.06,112.22
FK1 1,154.23,85.85
FK1 2,135.82,74.89
FK1 3,127.77,69.94
FK1 4,154.92,86.02
FK1 5,142.64,79.48
FK1 9,154.64,85.97
FK10 1,178.57,99.1
FK10 2,189.45,105.58
FK10 3,159.29,88.03
FK10 4,173.3,96.14
FK10 9,174.56,97.38
FK11 7,138.08,74.08
FK12 5,90.63,40.54
FK13 6,99.13,46.13
FK14 7,98.21,44.3
FK15 0,110.77,54.79
FK15 5,161.9,87.29
FK15 9,112.27,57.31
FK16 6,123.26,64.13
FK17 8,78.27,28.99
FK18 8,75.42,27.56
FK19 8,60.7,19.29
FK2 0,158.06,87.05
FK2 7,172.57,95.89
FK2 8,175.43,96.94
FK2 9,168.3,93.3
FK20 8,53.6,13.66
FK21 8,64.38,23.14
FK3 0,196.27,106.49
FK3 3,191.62,104.45
FK3 8,188.99,103.35
FK3 9,202.22,109.12
FK4 1,145.47,78.8
FK4 2,147.69,81.61
FK5 3,165.7,91.79
FK5 4,160.13,88.2
FK6 5,99.3,44.54
FK6 6,146.62,79.36
FK7 0,180.16,97.25
FK7 1,189.38,104.25
FK7 7,172.63,94.91
FK7 8,156.25,84.8
FK7 9,105.42,49.97
FK8 1,177.81,95.88
FK8 2,186.59,100.12
FK8 3,85.89,34.77
FK9 4,169.72,91.68
FK9 5,157.31,85.23
FY1 1,146.12,85.31
FY1 2,144.34,84.06
FY1 3,146.55,85.02
FY1 4,152.2,88.28
FY1 5,151.01,88.04
FY1 6,161.7,94.11
FY1 9,146.12,85.31
FY2 0,148.8,85.84
FY2 9,142.43,82.48
FY3 0,174.7,100.56
FY3 7,161.56,94.16
FY3 8,160.55,93.33
FY3 9,160.51,93.18
FY4 1,165.7,96.35
FY4 2,178.15,101.94
FY4 3,184.16,104.52
FY4 4,178.07,101.92
FY4 5,190.45,107.31
FY5 1,143.35,83.17
FY5 2,152.87,89.05
FY5 3,157.78,91.1
FY5 4,160.91,92.95
FY5 5,161.58,90.21
FY5 9,145.05,83.88
FY6 0,164.79,94.69
FY6 6,175.89,99.59
FY6 7,169.46,95.62
FY6 8,180.71,100.84
FY6 9,173.36,96.19
FY7 6,149.82,89.3
FY7 7,143.18,85.38
FY7 8,143.04,85.04
FY7 9,147.08,87.54
FY8 1,180.88,103.16
FY8 2,177.99,102.26
FY8 3,188.2,106.29
FY8 4,189.65,106.43
FY8 5,190.7,106.25
FY8 9,179.66,102.86
G1 1,140.86,82.47
G1 2,140.86,82.47
G1 3,140.86,82.47
G1 4,157.28,92.38
G1 5,154.86,90.76
G11 5,151.51,87.43
G11 6,150.11,86.62
G11 7,153.83,89.49
G11 9,148.92,86.53
G12 0,145.37,84.43
G12 8,139.59,81.29
G12 9,146.56,85.34
G13 1,146.89,85.0
G13 2,137.85,78.94
G13 3,146.85,84.95
G13 4,151.77,88.25
G13 9,148.58,86.04
G14 0,153.74,89.09
G14 9,160.24,93.28
G15 6,142.02,81.9
G15 7,132.56,75.4
G15 8,138.79,79.79
G2 1,140.86,82.47
G2 2,141.43,83.03
G2 3,141.43,83.03
G2 4,141.43,83.03
G2 5,141.43,83.03
G2 6,141.43,83.03
G2 7,141.43,83.03
G2 8,141.44,83.03
G2 9,140.86,82.47
G20 0,137.91,79.1
G20 2,141.4,82.22
G20 6,141.69,82.77
G20 7,137.59,79.97
G20 8,147.02,85.71
G20 9,143.2,83.4
G21 1,152.65,89.54
G21 2,144.99,84.31
G21 3,139.79,80.73
G21 4,149.65,87.56
G22 5,137.58,79.97
G22 6,145.65,84.87
G22 7,142.14,82.11
G22 9,145.66,84.87
G23 5,137.38,78.47
G3 6,139.6,81.29
G3 7,139.6,81.29
G3 8,152.68,89.09
G31 1,163.02,95.47
G31 2,144.02,84.12
G31 3,153.62,89.84
G31 4,165.79,96.46
G31 5,164.72,94.93
G32 0,160.08,91.51
G32 2,180.06,101.96
G32 6,164.17,94.29
G32 7,165.56,94.44
G32 8,174.73,99.15
G32 9,165.22,93.79
G33 1,137.07,78.14
G33 2,147.48,85.52
G33 3,144.3,82.69
G33 4,156.03,89.91
G33 5,144.64,83.13
G33 6,140.18,79.73
G33 9,141.7,81.36
G34 0,158.31,91.48
G34 9,158.47,91.65
G4 0,137.94,80.33
G4 7,137.92,80.33
G4 9,141.76,83.27
G40 1,167.73,97.44
G40 2,156.56,91.63
G40 3,169.26,98.27
G40 4,169.28,98.27
G41 1,164.31,95.03
G41 2,179.24,100.09
G41 3,169.48,96.01
G41 4,174.64,97.71
G41 5,171.91,97.08
G42 0,173.36,99.48
G42 2,168.93,97.09
G42 7,168.93,97.1
G42 8,174.23,99.35
G42 9,174.62,99.59
G43 1,176.28,98.09
G43 2,177.12,99.5
G44 3,168.88,95.78
G44 4,178.06,101.59
G44 5,165.94,94.98
G44 9,178.43,100.59
G45 0,135.47,75.26
G45 9,159.23,90.7
G46 6,160.09,89.92
G46 7,160.43,89.64
G46 8,169.6,94.58
G46 9,158.88,88.71
G5 0,166.37,96.5
G5 8,157.28,92.38
G5 9,157.29,92.38
G51 1,165.38,94.78
G51 2,160.24,91.36
G51 3,143.31,79.61
G51 4,147.97,83.54
G51 9,165.37,94.78
G52 1,180.52,100.97
G52 2,157.07,89.0
G52 3,168.58,95.29
G52 4,158.39,90.8
G52 9,160.07,92.03
G53 5,173.85,97.38
G53 6,166.6,93.55
G53 7,155.89,87.69
G53 9,179.21,99.81
G60 5,106.13,54.8
G61 1,131.22,74.17
G61 2,132.87,75.12
G61 3,130.12,72.92
G61 4,117.66,64.28
G61 9,133.22,75.13
G62 6,123.98,68.08
G62 7,105.8,54.01
G62 8,111.49,57.52
G62 9,128.88,71.58
G63 0,87.23,36.0
G63 9,97.41,44.75
G64 1,136.71,78.08
G64 2,140.03,80.37
G64 3,138.0,78.89
G64 4,122.74,67.37
G64 9,142.52,82.29
G65 0,103.46,47.37
G65 9,96.59,42.68
G66 1,143.25,80.15
G66 2,140.38,77.56
G66 3,135.55,74.11
G66 4,137.97,76.63
G66 5,134.27,74.12
G66 7,89.41,37.46
G66 8,98.33,44.82
G66 9,139.66,77.88
G67 1,117.15,58.98
G67 2,126.72,66.38
G67 3,125.04,65.56
G67 4,130.7,70.48
G67 9,121.02,61.93
G68 0,128.44,66.61
G68 9,125.71,65.38
G69 0,137.18,75.35
G69 6,169.48,97.38
G69 7,178.94,101.71
G69 8,150.85,86.5
G69 9,140.93,79.22
G71 5,179.89,101.7
G71 6,180.28,101.51
G71 7,188.82,105.34
G71 8,187.92,104.99
G71 9,186.71,104.13
G72 0,155.24,87.55
G72 6,181.15,101.6
G72 7,178.3,100.4
G72 8,155.87,88.37
G72 9,175.21,98.96
G73 1,176.3,101.16
G73 2,171.45,98.65
G73 3,175.02,100.36
G73 4,144.31,81.62
G73 5,131.5,72.83
G74 1,136.59,75.82
G74 2,131.49,72.3
G74 3,140.74,78.66
G74 4,131.45,72.47
G74 5,133.67,73.54
G74 9,136.0,75.37
G75 0,111.1,56.37
G75 7,123.83,65.36
G75 8,126.4,68.22
G75 9,112.44,57.15
G76 0,96.92,44.23
G76 6,152.01,85.78
G76 7,146.52,81.98
G76 8,147.77,83.35
G76 9,133.97,74.21
G77 5,125.43,66.37
G77 6,102.35,47.3
G77 9,123.41,64.85
G78 1,139.16,77.5
G78 2,132.92,72.26
G78 3,98.63,44.18
G78 4,95.09,40.99
G78 9,137.44,76.46
G81 1,163.57,95.55
G81 2,144.31,83.62
G81 3,142.41,82.13
G81 4,143.43,82.62
G81 5,93.0,43.53
G81 6,106.5,55.15
G82 1,156.23,89.99
G82 2,104.56,53.9
G82 3,100.06,49.85
G82 4,106.09,54.16
G82 5,94.8,44.02
G82 9,154.15,88.96
G83 0,98.95,48.52
G83 3,117.04,63.52
G83 7,52.3,12.03
G83 8,75.38,27.05
G83 9,93.6,43.31
G84 0,66.23,22.12
G84 4,112.95,61.27
G84 7,96.5,45.71
G84 8,68.64,23.92
G84 9,75.37,28.06
GL1 1,317.08,130.75
GL1 2,325.54,132.36
GL1 3,317.32,130.85
GL1 4,313.3,130.26
GL1 5,313.58,130.53
GL1 9,325.56,132.36
GL10 2,279.72,123.98
GL10 3,269.92,121.23
GL11 4,229.26,109.32
GL11 5,259.23,118.34
GL11 6,254.68,117.25
GL11 9,299.19,127.76
GL12 7,238.72,111.72
GL12 8,268.34,121.52
GL13 9,291.96,126.73
GL14 1,304.62,127.55
GL14 2,232.87,108.51
GL14 3,226.82,106.63
GL14 9,213.94,100.9
GL15 4,251.81,115.04
GL15 5,283.26,125.64
GL15 6,241.15,111.76
GL15 9,297.45,128.25
GL16 7,231.45,108.2
GL16 8,214.14,101.26
GL16 9,221.44,104.13
GL17 0,259.22,117.27
GL17 9,245.93,113.91
GL18 1,311.79,129.46
GL18 2,330.78,132.9
GL19 3,316.74,129.58
GL19 4,328.11,132.83
GL2 0,302.38,128.63
GL2 2,299.71,127.57
GL2 3,315.04,130.75
GL2 4,309.15,129.78
GL2 5,321.54,132.23
GL2 7,309.23,130.18
GL2 8,326.07,131.6
GL2 9,316.27,130.77
GL20 5,331.63,133.56
GL20 6,329.54,133.21
GL20 7,307.45,129.3
GL20 8,320.58,131.39
GL20 9,333.79,134.11
GL3 1,293.63,126.87
GL3 2,289.13,126.11
GL3 3,303.15,128.8
GL3 4,274.36,121.97
GL3 5,288.25,124.79
GL3 9,293.1,126.19
GL4 0,295.51,127.16
GL4 3,309.85,129.97
GL4 4,302.37,128.57
GL4 5,296.71,127.61
GL4 6,279.66,123.79
GL4 8,218.35,106.12
GL5 1,262.38,119.13
GL5 2,251.32,115.48
GL5 3,264.91,118.73
GL5 4,278.84,122.85
GL5 5,239.42,111.19
GL50 1,274.71,120.08
GL50 2,265.42,117.7
GL50 3,274.7,120.08
GL50 4,318.58,130.25
GL50 9,274.7,120.08
GL51 0,311.54,129.79
GL51 3,279.52,122.19
GL51 4,288.13,125.11
GL51 6,295.91,126.7
GL51 7,285.98,123.77
GL51 8,284.09,123.01
GL51 9,320.31,131.42
GL52 2,287.89,123.88
GL52 3,259.63,117.64
GL52 5,285.81,124.05
GL52 6,280.0,122.39
GL52 7,320.47,131.79
GL52 8,324.03,132.35
GL52 9,293.98,126.03
GL53 0,270.74,120.22
GL53 7,274.0,120.68
GL53 8,261.49,117.42
GL53 9,222.54,106.73
GL54 1,252.85,113.08
GL54 2,259.37,114.76
GL54 3,257.15,114.82
GL54 4,232.6,108.62
GL54 5,249.53,112.24
GL55 6,282.96,120.85
GL55 9,270.41,116.66
GL56 0,284.32,120.42
GL56 9,273.68,118.34
GL6 0,240.43,112.79
GL6 1,275.48,122.18
GL6 6,236.53,112.14
GL6 7,219.85,105.68
GL6 8,233.56,109.23
GL6 9,234.4,109.39
GL7 0,294.6,122.83
GL7 1,297.2,123.71
GL7 2,290.11,121.91
GL7 3,305.95,125.87
GL7 4,311.16,127.09
GL7 5,292.89,123.49
GL7 6,284.48,122.19
GL7 7,262.09,117.42
GL7 9,294.59,122.83
GL8 0,263.88,119.2
GL8 8,249.57,115.62
GL9 1,246.32,115.42
GU1 1,359.47,135.34
GU1 2,329.95,130.13
GU1 3,336.11,131.69
GU1 4,352.69,133.76
GU1 9,352.68,133.76
GU10 1,339.18,132.9
GU10 2,357.86,134.81
GU10 3,353.05,134.15
GU10 4,347.21,133.1
GU10 5,329.02,131.13
GU11 1,338.19,133.32
GU11 2,339.02,133.88
GU11 3,337.03,132.74
GU11 4,334.98,132.93
GU11 9,345.39,134.24
GU12 4,348.64,134.91
GU12 5,329.93,132.03
GU12 6,338.67,133.22
GU14 0,350.2,135.83
GU14 4,339.51,134.02
GU14 6,344.2,134.78
GU14 7,344.25,134.84
GU14 8,351.02,135.73
GU14 9,353.1,136.01
GU15 1,322.49,130.08
GU15 2,341.98,133.64
GU15 3,348.52,134.57
GU15 4,328.86,131.09
GU15 9,344.4,133.82
GU16 6,332.68,132.53
GU16 7,353.36,135.73
GU16 8,338.6,133.34
GU16 9,340.04,133.8
GU17 0,367.5,137.43
GU17 9,342.75,134.1
GU18 5,345.99,133.77
GU19 5,332.86,131.48
GU2 4,337.78,131.99
GU2 7,330.45,130.84
GU2 8,344.7,133.3
GU2 9,347.57,133.23
GU20 6,341.23,132.86
GU21 2,358.0,135.8
GU21 3,364.97,136.87
GU21 4,368.1,137.49
GU21 5,372.96,138.44
GU21 6,358.46,136.23
GU21 7,345.89,134.21
GU21 8,359.29,136.1
GU21 9,350.95,134.83
GU22 0,357.65,135.79
GU22 2,361.0,136.09
GU22 7,360.88,136.03
GU22 8,373.8,138.1
GU22 9,365.56,136.73
GU23 6,371.77,137.94
GU23 7,363.3,136.32
GU24 0,355.38,135.52
GU24 8,366.01,136.92
GU24 9,358.66,136.25
GU25 4,352.25,135.26
GU25 9,365.41,137.36
GU26 6,308.45,125.59
GU27 1,308.3,125.51
GU27 2,328.46,129.72
GU27 3,326.44,128.93
GU27 9,305.43,124.16
GU28 0,296.99,123.04
GU28 8,328.96,128.05
GU28 9,338.27,130.98
GU29 0,307.73,125.6
GU29 1,335.97,128.45
GU29 9,329.68,128.0
GU3 1,339.11,132.99
GU3 2,347.6,134.52
GU3 3,358.67,135.7
GU30 7,321.0,126.01
GU30 9,286.95,115.75
GU31 4,298.11,123.61
GU31 5,294.81,123.18
GU32 1,254.57,113.32
GU32 2,287.59,121.38
GU32 3,278.57,119.38
GU32 9,301.22,125.0
GU33 6,313.61,126.0
GU33 7,316.47,126.58
GU34 1,298.49,122.98
GU34 2,300.69,122.93
GU34 3,286.92,120.92
GU34 4,302.32,124.83
GU34 5,276.47,118.51
GU34 9,309.14,124.67
GU35 0,360.59,133.83
GU35 5,358.41,133.24
GU35 8,349.67,131.82
GU35 9,344.31,131.54
GU4 7,346.03,133.45
GU4 8,314.82,127.63
GU46 6,353.98,135.54
GU46 7,367.43,137.85
GU47 0,372.03,137.72
GU47 7,379.84,138.78
GU47 8,366.12,137.49
GU47 9,384.13,139.15
GU5 0,335.69,131.85
GU5 9,307.83,125.66
GU51 1,351.2,135.6
GU51 2,353.11,136.11
GU51 3,348.31,135.47
GU51 4,339.03,133.84
GU51 5,346.32,134.75
GU51 9,348.69,135.46
GU52 0,343.57,134.36
GU52 6,344.6,134.76
GU52 7,346.32,135.05
GU52 8,337.45,133.91
GU52 9,342.49,134.67
GU6 7,306.03,124.97
GU6 8,339.67,131.47
GU6 9,344.19,131.93
GU7 1,341.59,133.54
GU7 2,343.57,134.02
GU7 3,359.67,136.4
GU7 9,362.29,136.83
GU8 4,337.34,131.66
GU8 5,333.79,131.26
GU8 6,346.33,133.77
GU9 0,318.11,128.92
GU9 1,354.67,134.69
GU9 7,348.74,133.68
GU9 8,353.2,134.75
GU9 9,356.53,135.79
HA0 1,359.73,138.55
HA0 2,344.55,135.82
HA0 3,352.73,137.14
HA0 4,351.4,137.17
HA0 9,350.54,137.02
HA1 1,344.61,136.02
HA1 2,344.63,136.02
HA1 3,333.86,133.93
HA1 4,349.88,136.4
HA1 9,357.43,137.58
HA2 0,345.68,135.5
HA2 6,357.8,137.47
HA2 7,354.65,137.04
HA2 8,355.94,136.79
HA2 9,355.06,136.77
HA3 0,364.44,138.22
HA3 5,359.31,137.71
HA3 6,347.37,135.61
HA3 7,365.81,138.37
HA3 8,357.05,137.56
HA3 9,365.37,138.2
HA4 0,355.92,136.25
HA4 4,343.7,134.75
HA4 6,356.79,136.34
HA4 7,349.76,137.41
HA4 8,343.46,134.77
HA4 9,351.43,135.89
HA5 1,344.73,135.61
HA5 2,343.12,136.2
HA5 3,343.45,135.93
HA5 4,354.64,137.14
HA5 5,355.24,137.19
HA5 9,347.11,136.5
HA6 1,337.82,134.99
HA6 2,339.56,135.65
HA6 3,314.76,130.2
HA6 9,343.72,136.06
HA7 1,359.74,137.35
HA7 2,349.44,135.54
HA7 3,340.6,134.46
HA7 4,330.14,132.35
HA7 9,350.76,136.08
HA8 0,361.29,137.72
HA8 4,356.27,137.02
HA8 5,354.67,136.7
HA8 6,350.15,135.93
HA8 7,352.65,136.26
HA8 8,353.12,135.94
HA8 9,354.75,136.8
HA9 0,356.22,137.83
HA9 1,356.17,137.82
HA9 6,348.98,136.62
HA9 7,339.89,135.36
HA9 8,357.55,137.75
HA9 9,352.06,136.95
HD1 1,225.52,112.28
HD1 2,225.54,112.29
HD1 3,221.61,110.66
HD1 4,221.79,111.21
HD1 5,215.32,109.48
HD1 6,231.41,114.44
HD1 9,225.53,112.29
HD2 1,219.35,111.26
HD2 2,193.88,102.07
HD3 2,172.99,92.36
HD3 3,149.03,78.72
HD3 4,211.42,107.48
HD4 5,202.66,103.84
HD4 6,184.37,96.54
HD4 7,189.79,98.29
HD5 0,221.61,111.43
HD5 8,219.42,109.95
HD5 9,231.39,114.17
HD6 1,243.87,118.91
HD6 2,230.85,115.61
HD6 3,210.28,108.6
HD6 4,218.27,111.76
HD6 9,243.87,118.91
HD7 4,146.79,75.85
HD7 5,150.52,78.17
HD7 6,104.29,47.86
HD7 9,158.79,81.31
HD8 0,203.93,103.9
HD8 1,214.2,106.73
HD8 8,166.07,85.44
HD8 9,208.62,104.85
HD9 1,150.18,77.69
HD9 2,95.87,42.81
HD9 3,138.03,71.43
HD9 4,117.89,58.47
HD9 5,132.12,67.54
HD9 6,183.18,95.72
HD9 7,152.66,79.81
HD9 9,172.89,89.99
HG1 1,229.36,112.64
HG1 2,235.86,114.4
HG1 3,239.41,115.56
HG1 4,231.16,113.4
HG1 5,229.35,112.64
HG1 9,230.75,113.09
HG2 0,218.77,109.4
HG2 7,229.51,112.89
HG2 8,236.26,114.7
HG2 9,218.95,109.41
HG3 1,219.73,110.2
HG3 2,197.41,102.22
HG3 3,234.11,115.18
HG3 4,156.25,83.65
HG3 5,129.18,67.15
HG4 1,262.45,120.34
HG4 2,245.12,115.82
HG4 3,205.87,106.92
HG4 4,190.59,100.5
HG4 5,268.34,123.74
HG5 0,254.78,121.7
HG5 5,232.85,114.28
HG5 8,256.61,121.09
HG5 9,252.52,120.16
HP1 1,317.93,131.23
HP1 2,294.9,126.19
HP1 3,304.21,127.6
HP10 0,339.93,134.55
HP10 8,303.01,127.41
HP10 9,319.04,130.63
HP11 1,312.56,128.89
HP11 2,322.74,129.87
HP11 9,317.73,129.58
HP12 3,292.87,123.54
HP12 4,284.54,121.39
HP12 9,296.02,124.49
HP13 5,286.64,121.85
HP13 6,301.28,126.34
HP13 7,300.75,126.8
HP14 3,278.76,119.08
HP14 4,268.38,116.43
HP15 6,270.46,118.11
HP15 7,280.0,121.45
HP16 0,280.78,120.91
HP16 6,303.75,125.93
HP16 9,269.17,118.23
HP17 0,306.92,128.09
HP17 8,349.94,136.81
HP17 9,336.61,133.82
HP18 0,354.27,136.69
HP18 1,346.37,135.42
HP18 9,339.22,135.38
HP19 0,357.7,138.02
HP19 7,355.16,137.63
HP19 8,358.73,138.27
HP19 9,356.81,138.01
HP2 4,299.18,128.08
HP2 5,303.11,128.39
HP2 6,293.4,125.62
HP2 7,300.17,127.99
HP20 1,356.69,138.25
HP20 2,349.53,136.82
HP20 9,358.4,138.37
HP21 7,357.43,138.54
HP21 8,358.37,138.38
HP21 9,355.53,138.52
HP22 0,342.68,135.76
HP22 3,354.62,138.24
HP22 4,337.5,133.83
HP22 5,335.95,134.89
HP22 6,296.37,126.01
HP22 7,355.03,137.58
HP22 9,339.61,136.09
HP23 4,328.35,131.77
HP23 5,292.2,125.28
HP23 6,275.51,121.27
HP23 9,301.75,127.58
HP27 0,255.85,113.83
HP27 9,316.83,129.27
HP3 0,289.44,124.87
HP3 8,301.82,128.58
HP3 9,322.56,132.31
HP4 1,284.74,123.43
HP4 2,284.86,123.56
HP4 3,278.97,121.06
HP4 9,308.01,129.11
HP5 1,308.24,127.91
HP5 2,287.78,123.25
HP5 3,279.5,121.85
HP5 9,305.59,127.51
HP6 5,283.09,121.87
HP6 6,309.15,127.47
HP6 9,279.64,120.15
HP7 0,301.32,126.49
HP7 9,314.19,128.4
HP8 4,320.27,130.12
HP9 1,327.14,131.98
HP9 2,322.21,131.29
HP9 9,327.99,131.95
HR1 1,340.27,133.37
HR1 2,351.94,135.01
HR1 3,316.59,130.1
HR1 4,306.92,128.63
HR1 9,351.17,134.82
HR2 0,228.01,106.98
HR2 6,311.13,128.7
HR2 7,345.63,133.83
HR2 8,274.66,120.08
HR2 9,301.13,124.89
HR3 5,220.55,106.47
HR3 6,265.39,118.76
HR4 0,343.45,133.65
HR4 7,314.25,129.08
HR4 8,290.57,125.02
HR4 9,343.25,133.67
HR5 3,198.25,99.02
HR6 0,277.62,123.22
HR6 6,320.28,130.91
HR6 8,311.14,128.69
HR6 9,277.44,121.95
HR7 4,253.92,116.88
HR8 1,289.26,125.01
HR8 2,308.01,128.83
HR8 9,284.61,123.54
HR9 5,275.66,121.61
HR9 6,288.13,124.26
HR9 7,300.81,127.38
HR9 9,290.24,124.31
HS1 2,82.79,47.52
HS1 9,82.56,48.27
HS2 0,76.2,41.13
HS2 9,65.94,29.7
HS3 3,49.55,14.21
HS4 3,54.34,19.82
HS5 3,51.01,16.57
HS6 5,69.96,34.35
HS7 5,76.79,43.57
HS8 5,63.83,29.42
HS9 5,53.21,20.01
HU1 1,264.03,123.94
HU1 2,263.02,123.44
HU1 3,262.99,123.43
HU1 4,264.05,123.94
HU10 6,254.64,118.78
HU10 7,248.71,118.07
HU11 4,255.0,122.97
HU11 5,268.22,125.01
HU12 0,261.12,126.29
HU12 8,286.84,129.1
HU12 9,279.72,126.49
HU13 0,258.98,121.46
HU13 3,271.67,124.91
HU13 9,270.43,124.65
HU14 3,260.43,120.96
HU15 1,263.58,122.79
HU15 2,283.55,127.3
HU16 4,280.23,125.21
HU16 5,258.8,120.62
HU17 0,280.85,126.27
HU17 5,282.01,126.38
HU17 6,273.39,124.73
HU17 7,255.65,120.75
HU17 8,248.8,119.28
HU17 9,282.93,126.44
HU18 1,226.86,115.45
HU19 2,250.07,124.21
HU2 0,264.55,123.63
HU2 8,263.96,123.54
HU2 9,263.96,123.54
HU20 3,239.43,117.18
HU3 1,264.52,123.29
HU3 2,263.75,123.37
HU3 3,264.14,123.44
HU3 4,264.19,123.45
HU3 5,265.64,123.68
HU3 6,264.84,123.27
HU4 6,266.22,123.74
HU4 7,267.28,123.98
HU5 1,264.51,123.63
HU5 2,267.07,123.77
HU5 3,266.15,123.39
HU5 4,272.53,124.43
HU5 5,267.2,123.47
HU6 0,293.62,129.05
HU6 7,277.31,126.89
HU6 8,279.14,126.16
HU6 9,287.58,127.79
HU7 0,276.49,126.95
HU7 3,290.31,129.01
HU7 4,291.43,128.93
HU7 5,296.82,129.29
HU7 6,285.34,128.41
HU7 9,278.93,127.5
HU8 0,277.61,126.91
HU8 7,265.08,124.09
HU8 8,268.19,124.93
HU8 9,287.29,128.32
HU9 1,267.27,124.87
HU9 2,268.19,125.05
HU9 3,273.36,126.28
HU9 4,282.47,128.23
HU9 5,278.61,127.61
HU9 9,264.01,123.93
HX1 1,231.94,116.99
HX1 2,235.41,117.13
HX1 3,194.59,102.11
HX1 4,175.1,92.94
HX1 5,205.86,107.4
HX1 9,231.94,116.99
HX2 0,157.32,85.11
HX2 6,163.28,88.45
HX2 7,138.91,72.25
HX2 8,148.77,77.96
HX2 9,143.79,74.11
HX3 0,231.81,115.46
HX3 5,205.25,106.4
HX3 6,180.27,96.76
HX3 7,162.0,87.67
HX3 8,201.55,106.3
HX3 9,196.75,103.95
HX4 0,150.99,79.26
HX4 8,197.81,102.57
HX4 9,175.95,92.27
HX5 0,228.37,113.9
HX5 9,223.97,112.98
HX6 1,164.01,88.15
HX6 2,203.25,105.14
HX6 3,167.59,89.53
HX6 4,120.07,58.24
HX7 5,126.35,63.58
HX7 6,138.86,72.61
HX7 7,115.79,56.05
HX7 8,118.72,58.74
HX7 9,170.88,92.36
IG1 1,372.16,139.98
IG1 2,372.62,139.95
IG1 3,372.35,140.28
IG1 4,373.22,140.23
IG1 8,373.65,140.5
IG1 9,372.14,139.98
IG10 1,358.4,136.35
IG10 2,355.95,136.31
IG10 3,371.85,138.45
IG10 4,349.33,135.06
IG10 9,368.96,138.24
IG11 0,388.09,141.36
IG11 1,388.39,141.92
IG11 7,388.06,141.74
IG11 8,375.18,140.12
IG11 9,380.3,140.68
IG2 6,364.63,138.79
IG2 7,365.43,138.37
IG3 8,371.12,139.39
IG3 9,377.28,140.57
IG4 5,367.51,139.44
IG5 0,357.3,137.12
IG6 1,359.09,137.51
IG6 2,338.39,134.58
IG6 3,345.43,135.38
IG7 4,345.1,134.98
IG7 5,333.73,132.82
IG7 6,354.63,136.16
IG8 0,337.62,133.81
IG8 7,367.99,137.35
IG8 8,350.18,135.67
IG8 9,344.83,135.49
IG9 5,350.77,135.4
IG9 6,348.03,134.94
IP1 1,373.07,140.94
IP1 2,362.36,139.01
IP1 3,354.89,138.97
IP1 4,363.19,139.82
IP1 5,372.65,140.77
IP1 6,357.76,138.99
IP1 9,362.38,139.02
IP10 0,324.95,135.1
IP11 0,284.32,128.98
IP11 1,265.6,124.12
IP11 2,281.09,127.55
IP11 3,295.47,131.8
IP11 4,297.98,132.0
IP11 6,276.01,127.57
IP11 7,265.61,124.13
IP11 9,269.51,126.09
IP12 1,340.22,137.15
IP12 2,306.32,131.82
IP12 3,312.02,133.39
IP12 4,339.24,136.04
IP12 9,340.33,136.45
IP13 0,340.38,136.69
IP13 6,334.33,135.65
IP13 7,329.57,135.39
IP13 8,323.68,133.9
IP13 9,322.67,134.05
IP14 1,351.33,137.95
IP14 2,328.75,134.37
IP14 3,341.14,137.12
IP14 4,341.35,137.39
IP14 5,335.11,135.79
IP14 6,336.23,136.54
IP14 9,348.85,137.51
IP15 5,284.54,128.04
IP16 4,285.78,127.95
IP17 1,329.37,135.21
IP17 2,329.56,134.87
IP17 3,306.07,130.97
IP17 9,352.35,138.72
IP18 6,288.09,130.76
IP19 0,338.23,135.73
IP19 1,347.54,137.2
IP19 8,344.19,137.14
IP19 9,332.19,135.39
IP2 0,362.65,138.82
IP2 8,360.59,138.81
IP2 9,348.35,136.26
IP20 0,341.23,137.1
IP20 9,335.25,136.96
IP21 4,340.16,137.73
IP21 5,328.07,135.57
IP22 1,343.76,138.34
IP22 2,335.45,136.74
IP22 4,337.98,136.55
IP22 5,327.85,135.34
IP22 9,346.12,138.28
IP23 7,344.06,138.01
IP23 8,344.17,138.33
IP24 1,341.3,134.94
IP24 2,333.06,134.64
IP24 3,339.53,135.97
IP24 9,344.52,134.18
IP25 5,335.9,135.35
IP25 6,330.18,133.99
IP25 7,316.25,131.52
IP26 4,353.38,139.06
IP26 5,350.14,137.39
IP27 0,352.88,137.59
IP27 1,363.85,138.92
IP27 9,345.94,138.78
IP28 1,354.65,139.82
IP28 2,358.62,140.13
IP28 3,358.4,139.61
IP28 6,337.9,137.16
IP28 7,361.32,140.47
IP28 8,358.6,140.53
IP28 9,362.99,140.85
IP29 4,337.4,135.07
IP29 5,317.25,132.85
IP3 0,344.39,137.38
IP3 8,330.8,136.01
IP3 9,327.3,135.41
IP30 0,333.77,134.66
IP30 9,333.26,135.25
IP31 1,338.11,137.39
IP31 2,336.89,137.03
IP31 3,333.08,136.08
IP32 6,343.66,137.16
IP32 7,334.09,134.85
IP33 1,337.77,135.42
IP33 2,334.0,134.73
IP33 3,322.45,133.44
IP33 9,340.68,136.68
IP4 1,368.09,140.33
IP4 2,352.37,138.63
IP4 3,353.95,138.8
IP4 4,357.56,139.34
IP4 5,348.91,137.95
IP5 1,341.33,136.27
IP5 2,318.46,130.28
IP5 3,318.82,130.74
IP5 4,316.57,129.94
IP6 0,347.76,137.61
IP6 8,338.47,136.0
IP6 9,333.36,135.44
IP7 5,371.37,139.43
IP7 6,351.62,138.09
IP7 7,326.9,134.52
IP7 9,377.34,140.99
IP8 3,361.03,138.6
IP8 4,349.94,138.11
IP9 1,329.47,135.6
IP9 2,365.69,139.28
IV1 1,195.77,108.7
IV1 3,160.35,91.22
IV1 9,194.39,107.82
IV10 8,114.96,67.35
IV11 8,107.13,63.16
IV12 4,193.81,109.34
IV12 5,135.17,74.03
IV13 7,98.43,49.43
IV14 9,115.91,63.07
IV15 0,199.74,109.59
IV15 9,151.52,85.63
IV16 9,117.24,64.32
IV17 0,89.7,46.43
IV18 0,150.55,90.6
IV19 1,139.58,82.25
IV2 3,182.99,102.66
IV2 4,185.87,103.69
IV2 5,124.65,67.6
IV2 6,90.18,44.5
IV2 7,175.09,101.46
IV2 8,187.1,106.09
IV20 1,158.44,97.24
IV21 2,61.92,26.88
IV22 2,54.58,18.41
IV23 2,63.31,26.95
IV24 3,98.55,52.78
IV25 3,143.91,84.15
IV26 2,65.24,29.61
IV27 4,68.84,32.34
IV27 9,160.51,95.31
IV28 3,120.65,69.89
IV3 5,191.56,106.52
IV3 8,135.58,73.86
IV30 1,182.67,101.8
IV30 4,171.86,97.89
IV30 5,162.08,93.31
IV30 6,188.69,105.33
IV30 8,155.9,86.21
IV30 9,180.49,101.81
IV31 6,175.78,101.09
IV32 7,160.14,88.08
IV36 1,194.87,108.35
IV36 2,141.91,77.7
IV36 3,176.97,101.98
IV36 9,196.31,108.49
IV4 7,70.32,31.88
IV40 8,51.67,14.2
IV41 8,56.26,20.07
IV42 8,55.39,17.5
IV43 8,57.54,18.49
IV44 8,61.77,21.57
IV45 8,54.92,16.7
IV46 8,69.57,29.68
IV47 8,53.29,13.57
IV48 8,57.57,17.28
IV49 9,56.41,17.03
IV5 7,176.57,97.3
IV51 9,55.03,18.8
IV52 8,63.18,23.91
IV53 8,62.66,23.15
IV54 8,50.49,14.93
IV55 8,57.37,19.37
IV56 8,62.94,20.34
IV6 7,110.89,60.78
IV63 6,122.3,65.84
IV63 7,57.49,20.37
IV7 8,150.02,86.54
IV8 8,144.94,81.39
IV9 8,133.77,77.71
KA1 1,147.7,84.59
KA1 2,155.86,89.19
KA1 3,141.61,79.93
KA1 4,143.7,81.27
KA1 5,133.81,73.76
KA1 9,144.52,82.14
KA10 6,134.62,78.57
KA10 7,132.51,76.14
KA10 9,135.73,80.67
KA11 1,135.71,75.08
KA11 2,132.31,72.52
KA11 3,141.16,79.19
KA11 4,139.52,77.81
KA11 5,135.92,75.81
KA12 0,134.4,74.82
KA12 2,131.56,73.22
KA12 8,131.24,74.18
KA12 9,136.44,77.49
KA13 6,118.91,64.94
KA13 7,123.2,65.52
KA14 3,108.27,52.08
KA15 1,108.31,52.28
KA15 2,104.24,49.36
KA16 9,110.51,54.3
KA17 0,107.64,52.71
KA18 1,143.42,78.63
KA18 2,134.13,73.27
KA18 3,101.44,49.44
KA18 4,87.21,39.38
KA19 7,99.84,48.86
KA19 8,122.22,67.96
KA2 0,147.79,84.07
KA2 9,136.89,76.46
KA20 3,117.08,65.46
KA20 4,112.3,61.94
KA21 5,106.94,59.33
KA21 6,101.45,52.59
KA21 9,104.65,57.78
KA22 7,92.34,45.93
KA22 8,102.22,55.49
KA23 9,105.47,55.92
KA24 4,111.03,55.8
KA24 5,75.47,28.0
KA25 6,100.65,46.18
KA25 7,75.13,26.72
KA26 0,93.19,45.81
KA26 9,104.76,54.49
KA27 8,73.71,29.27
KA28 0,95.45,48.64
KA29 0,81.72,34.35
KA3 1,135.94,75.64
KA3 2,129.39,70.22
KA3 3,119.77,61.38
KA3 4,106.85,50.36
KA3 5,103.24,47.41
KA3 6,106.21,50.63
KA3 7,134.02,73.86
KA30 8,66.02,22.55
KA30 9,90.01,41.72
KA4 8,119.44,61.39
KA5 5,148.95,83.42
KA5 6,120.36,62.4
KA6 5,159.01,91.51
KA6 6,146.56,82.68
KA6 7,96.17,46.22
KA7 1,149.98,89.94
KA7 2,157.74,93.77
KA7 3,156.6,92.13
KA7 4,123.91,69.9
KA7 9,153.33,91.65
KA8 0,151.27,88.54
KA8 8,149.94,89.93
KA8 9,150.07,88.46
KA9 1,147.79,88.36
KA9 2,149.37,87.3
KA9 9,150.81,89.77
KT1 1,363.42,138.6
KT1 2,366.72,139.02
KT1 3,367.52,139.23
KT1 4,365.33,138.9
KT1 9,366.72,139.02
KT10 0,351.97,136.59
KT10 1,353.61,137.21
KT10 8,352.85,137.15
KT10 9,355.44,137.26
KT11 1,368.64,138.48
KT11 2,355.34,135.97
KT11 3,373.63,138.47
KT11 9,377.13,139.84
KT12 1,358.32,138.84
KT12 2,349.21,137.34
KT12 3,353.21,137.55
KT12 4,367.03,139.31
KT12 5,358.15,138.31
KT12 9,355.95,138.41
KT13 0,358.97,137.78
KT13 3,365.32,138.72
KT13 8,367.79,139.21
KT13 9,354.75,137.77
KT14 6,370.58,138.48
KT14 7,380.87,139.93
KT14 9,378.81,139.98
KT15 1,363.86,138.4
KT15 2,368.74,139.31
KT15 3,367.61,138.38
KT15 9,366.51,138.82
KT16 0,358.36,136.63
KT16 6,376.99,140.68
KT16 8,372.2,139.85
KT16 9,367.21,138.56
KT17 1,372.27,138.57
KT17 2,362.72,137.44
KT17 3,358.13,136.4
KT17 4,352.15,134.83
KT17 9,374.09,138.69
KT18 5,332.17,131.37
KT18 6,329.33,130.38
KT18 7,360.82,136.27
KT19 0,358.17,136.98
KT19 7,360.34,137.03
KT19 8,367.88,138.05
KT19 9,358.58,137.17
KT2 5,363.86,138.56
KT2 6,365.95,138.76
KT2 7,347.59,135.9
KT20 5,305.25,126.3
KT20 6,294.76,124.79
KT20 7,303.85,125.23
KT20 9,297.57,124.68
KT21 1,355.74,135.05
KT21 2,363.78,136.18
KT21 9,363.55,136.12
KT22 0,356.81,135.86
KT22 2,382.55,138.07
KT22 7,379.88,138.03
KT22 8,352.64,133.9
KT22 9,364.86,135.92
KT23 3,367.16,136.61
KT23 4,340.86,132.0
KT24 5,328.68,130.67
KT24 6,319.79,128.82
KT3 3,364.3,138.47
KT3 4,368.08,138.79
KT3 5,365.98,138.74
KT3 6,373.2,139.4
KT3 9,367.97,138.88
KT4 7,363.43,138.17
KT4 8,372.43,139.06
KT4 9,378.13,140.0
KT5 8,359.91,138.09
KT5 9,368.23,139.03
KT6 4,365.4,138.95
KT6 5,354.56,137.39
KT6 6,355.73,137.51
KT6 7,361.32,138.04
KT7 0,357.67,138.04
KT8 0,351.54,136.73
KT8 1,353.7,137.21
KT8 2,346.53,136.19
KT8 8,353.71,137.21
KT8 9,357.21,137.95
KT9 1,345.27,135.11
KT9 2,347.08,135.0
KT9 9,344.22,134.88
KW1 4,136.33,83.12
KW1 5,142.94,86.72
KW10 6,111.16,63.85
KW11 6,109.48,61.07
KW12 6,119.45,64.77
KW13 6,124.56,68.64
KW14 7,122.67,71.6
KW14 8,129.86,77.17
KW15 1,107.56,64.1
KW15 9,125.85,74.31
KW16 3,92.11,53.12
KW17 2,97.14,59.0
KW2 6,105.2,63.35
KW3 6,115.37,68.8
KW5 6,114.81,65.22
KW6 6,109.81,60.51
KW7 6,120.76,70.84
KW8 6,114.0,64.01
KW9 6,111.28,62.96
KY1 1,164.97,93.4
KY1 2,169.82,95.11
KY1 3,165.06,91.62
KY1 4,166.68,92.68
KY10 2,154.57,84.33
KY10 3,161.73,90.43
KY10 9,164.42,92.7
KY11 1,195.55,110.62
KY11 2,183.5,102.0
KY11 3,170.18,95.0
KY11 4,157.91,87.55
KY11 7,152.82,84.59
KY11 8,152.19,83.99
KY11 9,180.16,100.0
KY12 0,137.29,73.48
KY12 2,150.08,82.94
KY12 7,156.49,86.99
KY12 8,171.7,96.58
KY12 9,137.15,75.16
KY13 0,133.39,69.49
KY13 3,163.9,85.83
KY13 8,166.49,87.41
KY13 9,155.27,81.66
KY14 6,184.74,97.23
KY14 7,173.89,91.12
KY15 4,195.81,104.65
KY15 5,175.6,93.66
KY15 7,188.47,98.9
KY15 9,226.23,116.67
KY16 0,206.87,108.4
KY16 6,184.01,98.1
KY16 8,162.8,87.92
KY16 9,201.69,106.65
KY2 5,150.25,83.13
KY2 6,167.45,91.66
KY2 9,173.45,97.49
KY3 0,145.14,79.88
KY3 9,134.87,74.97
KY4 0,136.83,71.97
KY4 8,138.94,74.46
KY4 9,141.89,75.07
KY5 0,166.38,89.78
KY5 8,170.35,90.88
KY5 9,154.55,82.64
KY6 1,169.77,91.35
KY6 2,163.0,88.19
KY6 3,134.47,69.02
KY7 4,168.65,91.86
KY7 5,170.35,91.91
KY7 6,167.65,90.19
KY7 9,169.89,92.1
KY8 1,169.56,96.26
KY8 2,186.52,103.93
KY8 3,182.92,102.86
KY8 4,193.27,107.2
KY8 5,159.73,87.71
KY8 6,168.09,93.28
KY8 9,190.98,105.58
KY9 1,147.9,80.37
L1 0,179.3,103.69
L1 1,160.75,93.3
L1 2,160.75,93.3
L1 3,179.28,103.68
L1 4,179.29,103.69
L1 5,179.3,103.69
L1 6,160.75,93.3
L1 7,159.4,92.59
L1 8,179.29,103.69
L1 9,159.39,92.59
L10 0,176.83,100.72
L10 1,173.81,99.31
L10 2,173.47,99.33
L10 3,178.5,101.55
L10 4,176.85,100.72
L10 5,181.63,102.86
L10 6,174.6,99.61
L10 7,181.62,102.86
L10 8,174.03,99.47
L10 9,176.46,100.56
L11 0,183.85,103.96
L11 1,174.77,100.46
L11 2,176.82,101.07
L11 3,178.65,101.49
L11 4,183.03,103.55
L11 5,174.76,100.45
L11 6,186.89,105.36
L11 7,174.75,100.44
L11 8,178.59,103.34
L11 9,178.65,101.49
L12 0,185.28,104.7
L12 1,165.19,95.06
L12 2,170.37,97.36
L12 3,164.12,93.54
L12 4,177.62,101.52
L12 5,175.47,100.9
L12 6,181.06,102.81
L12 7,175.49,100.9
L12 8,170.37,97.36
L12 9,172.61,98.4
L13 0,178.61,103.34
L13 1,154.82,89.15
L13 2,159.45,91.58
L13 3,159.44,91.58
L13 4,158.83,90.42
L13 5,159.45,91.58
L13 6,159.44,91.58
L13 7,175.89,101.94
L13 8,175.88,101.94
L13 9,178.6,103.34
L14 0,170.61,96.58
L14 1,164.13,93.54
L14 2,170.59,96.57
L14 3,158.83,90.42
L14 4,174.93,99.42
L14 5,164.13,93.55
L14 6,170.61,96.59
L14 7,170.61,96.58
L14 8,182.29,102.4
L14 9,182.31,102.4
L15 0,154.83,89.16
L15 1,158.27,91.57
L15 2,158.28,91.58
L15 3,153.7,88.3
L15 4,154.82,89.15
L15 5,153.7,88.3
L15 6,152.61,87.03
L15 7,152.59,87.02
L15 8,152.6,87.03
L15 9,150.13,85.23
L16 0,149.1,83.88
L16 1,158.84,90.43
L16 2,180.41,100.38
L16 3,169.51,95.63
L16 4,169.53,95.63
L16 5,169.53,95.63
L16 6,158.84,90.43
L16 7,169.53,95.63
L16 8,149.1,83.88
L16 9,149.1,83.88
L17 0,159.26,92.62
L17 1,156.17,90.44
L17 2,159.03,92.31
L17 3,159.03,92.32
L17 4,165.55,96.39
L17 5,169.97,98.62
L17 6,163.55,95.0
L17 7,169.95,98.61
L17 8,165.55,96.39
L17 9,169.96,98.62
L18 0,150.13,85.23
L18 1,153.71,88.31
L18 2,149.1,83.88
L18 3,153.12,87.09
L18 4,159.19,92.14
L18 5,150.15,85.24
L18 6,153.12,87.09
L18 7,159.18,92.14
L18 8,156.18,90.44
L18 9,159.21,91.51
L19 0,171.38,98.48
L19 1,173.26,98.98
L19 2,172.32,98.73
L19 3,168.09,97.24
L19 4,163.36,93.24
L19 5,173.26,98.98
L19 6,173.25,98.98
L19 7,162.27,93.96
L19 8,186.02,104.33
L19 9,162.27,93.96
L2 0,179.27,103.68
L2 1,179.27,103.68
L2 2,173.15,100.27
L2 3,173.15,100.28
L2 4,179.27,103.68
L2 5,173.15,100.28
L2 6,179.27,103.68
L2 7,179.28,103.68
L2 8,173.15,100.28
L2 9,179.27,103.68
L20 0,160.53,92.57
L20 1,179.23,103.76
L20 2,154.4,87.3
L20 3,169.02,97.13
L20 4,175.91,102.25
L20 5,172.33,100.04
L20 6,172.32,100.04
L20 7,169.03,97.14
L20 8,179.46,103.93
L20 9,156.42,88.87
L21 0,175.39,102.14
L21 1,178.16,104.17
L21 2,178.15,104.16
L21 3,175.89,102.24
L21 4,179.39,104.4
L21 5,169.99,99.27
L21 6,175.88,102.24
L21 7,175.4,102.15
L21 8,170.01,99.27
L21 9,177.95,103.8
L22 0,190.12,109.71
L22 1,178.14,104.16
L22 2,188.3,109.02
L22 3,190.12,109.71
L22 4,190.1,109.7
L22 5,186.59,108.4
L22 6,186.58,108.4
L22 7,188.32,109.02
L22 8,186.58,108.4
L22 9,188.31,109.02
L23 0,193.9,111.01
L23 1,183.11,105.75
L23 2,192.17,109.89
L23 3,190.09,109.45
L23 4,188.86,108.52
L23 5,193.9,111.01
L23 6,176.72,102.98
L23 7,187.53,107.78
L23 8,178.04,103.57
L23 9,189.45,108.86
L24 0,195.1,107.03
L24 1,200.47,109.02
L24 2,195.93,107.25
L24 3,195.1,107.03
L24 4,211.03,111.95
L24 5,203.49,109.78
L24 6,199.37,108.54
L24 7,202.91,109.61
L24 8,192.81,106.65
L24 9,184.71,103.18
L25 0,176.06,98.59
L25 1,169.53,95.63
L25 2,182.27,101.07
L25 3,175.93,98.04
L25 4,162.12,90.77
L25 5,162.13,90.78
L25 6,148.15,82.78
L25 7,160.74,91.07
L25 8,157.79,88.54
L25 9,174.9,97.87
L26 0,194.06,106.59
L26 1,187.71,103.86
L26 2,200.61,109.28
L26 3,206.58,111.53
L26 4,188.32,103.69
L26 5,188.32,103.69
L26 6,200.85,109.25
L26 7,187.18,103.46
L26 8,187.16,103.46
L26 9,196.51,107.54
L27 0,192.75,105.31
L27 1,184.14,101.75
L27 2,198.82,107.06
L27 3,175.93,98.04
L27 4,188.31,103.68
L27 5,197.7,107.57
L27 6,188.31,103.68
L27 7,192.76,105.32
L27 8,192.75,105.31
L28 0,181.05,102.81
L28 1,191.56,107.14
L28 3,182.29,102.4
L28 4,191.55,107.13
L28 5,190.72,105.27
L28 6,190.73,105.27
L28 7,182.29,102.39
L28 8,191.55,107.14
L29 1,183.11,105.75
L29 3,191.1,109.69
L29 5,189.9,108.92
L29 6,187.12,107.48
L29 7,182.35,104.87
L29 8,187.61,107.86
L29 9,179.87,103.64
L3 0,181.97,105.38
L3 1,181.62,105.49
L3 2,173.14,100.27
L3 3,164.93,95.53
L3 4,173.06,100.48
L3 5,160.75,93.3
L3 6,173.13,100.27
L3 7,173.13,100.27
L3 8,164.93,95.53
L3 9,164.01,95.45
L30 0,179.88,103.65
L30 1,171.47,98.86
L30 2,180.7,104.75
L30 3,176.36,102.03
L30 4,171.48,98.86
L30 5,176.36,102.03
L30 6,171.45,98.85
L30 7,179.88,103.25
L30 8,178.5,101.55
L30 9,170.0,99.27
L31 0,161.87,92.07
L31 1,171.17,96.72
L31 2,164.21,93.39
L31 3,174.54,98.86
L31 4,173.38,100.04
L31 5,178.81,101.48
L31 6,166.76,94.38
L31 7,177.72,101.69
L31 8,178.52,102.45
L31 9,159.45,89.97
L32 0,174.37,98.62
L32 1,172.84,97.02
L32 2,172.82,97.01
L32 3,180.15,102.28
L32 4,174.03,98.81
L32 5,174.38,98.62
L32 6,186.44,105.03
L32 7,186.87,105.36
L32 8,178.32,100.7
L32 9,180.14,102.28
L33 0,178.32,100.7
L33 1,173.44,97.54
L33 2,172.81,97.0
L33 3,184.08,103.14
L33 4,171.61,96.83
L33 5,180.53,101.86
L33 6,176.07,99.3
L33 7,183.29,103.33
L33 8,178.31,100.7
L33 9,176.06,99.3
L34 0,193.9,107.81
L34 1,190.26,102.49
L34 2,188.09,102.13
L34 3,183.84,99.53
L34 4,183.42,100.63
L34 5,191.48,102.85
L34 6,182.8,99.51
L34 7,192.62,106.39
L34 8,189.16,105.0
L34 9,191.1,107.31
L35 0,185.83,101.03
L35 1,203.38,109.54
L35 2,192.68,103.83
L35 3,194.77,105.26
L35 4,185.82,101.03
L35 5,196.88,105.49
L35 6,189.58,102.64
L35 7,188.1,101.67
L35 8,186.42,101.3
L35 9,186.44,101.3
L36 0,198.8,107.05
L36 1,195.99,105.39
L36 2,187.19,103.04
L36 3,192.04,105.53
L36 4,178.38,98.94
L36 5,195.53,105.79
L36 6,197.27,106.35
L36 7,194.82,105.58
L36 8,194.43,105.35
L36 9,187.2,103.04
L37 0,172.65,101.65
L37 1,151.78,92.46
L37 2,162.44,98.55
L37 3,171.77,102.52
L37 4,172.69,103.05
L37 5,187.5,108.65
L37 6,180.98,106.58
L37 7,168.25,100.66
L37 8,183.1,107.14
L37 9,184.67,106.68
L38 0,182.19,107.43
L38 1,191.12,110.17
L38 3,184.56,107.86
L38 4,188.86,109.82
L38 5,189.98,110.09
L38 6,189.06,108.97
L38 7,180.67,106.71
L38 8,171.32,102.82
L38 9,182.23,107.44
L39 0,162.66,91.37
L39 1,164.93,93.17
L39 2,159.97,89.57
L39 3,158.22,89.53
L39 4,151.26,84.86
L39 5,154.3,87.7
L39 6,160.01,91.14
L39 7,177.67,102.62
L39 8,180.9,103.53
L39 9,155.4,87.05
L4 0,164.59,94.94
L4 1,179.67,104.07
L4 2,164.59,94.94
L4 3,154.4,87.3
L4 4,165.68,95.06
L4 5,157.01,89.12
L4 6,157.01,89.12
L4 7,179.65,104.03
L4 8,169.92,97.95
L4 9,169.9,97.95
L40 0,183.85,101.89
L40 1,187.79,103.28
L40 2,170.18,92.91
L40 3,168.67,91.23
L40 4,183.65,101.03
L40 5,177.39,98.16
L40 6,169.58,94.47
L40 7,175.29,97.85
L40 8,167.91,94.54
L40 9,172.63,96.62
L5 0,156.96,90.36
L5 1,156.96,90.36
L5 2,181.97,105.38
L5 3,156.97,90.37
L5 4,156.97,90.37
L5 5,181.97,105.38
L5 6,156.97,90.37
L5 7,179.68,104.08
L5 8,181.98,105.38
L5 9,181.97,105.38
L6 0,177.46,102.65
L6 1,164.93,95.53
L6 2,156.11,90.14
L6 3,161.77,93.85
L6 4,177.46,102.66
L6 5,156.1,90.14
L6 6,161.76,93.85
L6 7,161.76,93.84
L6 8,161.76,93.84
L6 9,156.11,90.14
L7 0,161.77,93.85
L7 1,151.92,87.6
L7 2,151.92,87.6
L7 3,151.92,87.6
L7 4,158.28,91.58
L7 5,156.16,90.26
L7 6,158.27,91.57
L7 7,159.39,92.59
L7 8,151.92,87.6
L7 9,156.16,90.25
L8 0,158.28,91.58
L8 1,159.4,92.59
L8 2,157.88,91.54
L8 3,158.09,91.91
L8 4,173.06,100.48
L8 5,164.0,95.45
L8 6,164.01,95.45
L8 7,157.88,91.54
L8 8,158.09,91.91
L8 9,173.07,100.48
L9 0,170.71,97.92
L9 1,156.42,88.87
L9 2,164.54,94.53
L9 3,160.53,92.57
L9 4,164.53,94.51
L9 5,171.46,98.85
L9 6,176.48,100.57
L9 7,168.52,96.56
L9 8,164.53,94.51
L9 9,170.71,97.93
LA1 1,134.1,72.59
LA1 2,142.31,78.02
LA1 3,126.45,66.16
LA1 4,123.85,63.77
LA1 5,135.29,74.08
LA1 9,134.1,72.59
LA10 5,88.09,34.66
LA11 6,136.85,66.01
LA11 7,159.23,82.82
LA11 9,156.66,79.96
LA12 0,147.79,77.93
LA12 2,152.4,77.08
LA12 7,117.57,53.06
LA12 8,122.45,54.72
LA12 9,159.17,82.92
LA13 0,145.11,79.92
LA13 9,142.92,80.66
LA14 1,135.7,77.1
LA14 2,134.68,76.34
LA14 3,125.73,71.05
LA14 4,144.65,79.88
LA14 5,139.19,78.47
LA14 9,140.48,79.66
LA15 8,148.84,79.84
LA16 7,153.4,81.97
LA17 7,134.52,65.32
LA18 4,110.86,52.96
LA18 5,89.74,35.72
LA18 9,117.51,55.92
LA19 5,103.24,48.64
LA2 0,134.16,71.69
LA2 6,139.68,75.84
LA2 7,140.48,71.75
LA2 8,115.79,54.61
LA2 9,96.17,42.17
LA20 6,77.03,24.6
LA21 8,81.61,26.08
LA22 0,108.7,44.17
LA22 9,67.91,17.55
LA23 1,93.64,35.66
LA23 2,116.7,51.54
LA23 3,125.76,56.34
LA23 9,117.92,52.48
LA3 1,139.35,77.46
LA3 2,135.54,76.26
LA3 3,139.32,78.13
LA4 4,142.83,78.86
LA4 5,141.01,77.27
LA4 6,148.74,82.63
LA4 9,139.15,76.17
LA5 0,161.29,84.37
LA5 5,165.24,89.2
LA5 8,148.89,81.1
LA5 9,158.43,84.3
LA6 1,141.39,73.58
LA6 2,112.82,51.15
LA6 3,90.06,36.2
LA7 7,148.38,74.68
LA8 0,115.41,54.15
LA8 8,131.98,62.28
LA8 9,90.64,34.1
LA9 4,137.68,67.3
LA9 5,128.44,61.22
LA9 6,129.15,62.78
LA9 7,136.94,67.25
LA9 9,137.39,67.01
LD1 5,173.89,90.09
LD1 6,157.18,82.29
LD1 9,196.17,99.14
LD2 3,159.06,82.67
LD3 0,180.58,90.97
LD3 3,233.44,110.83
LD3 7,171.53,87.01
LD3 8,114.26,49.87
LD3 9,147.57,74.86
LD4 4,127.62,62.14
LD5 4,100.42,41.07
LD6 5,121.36,59.54
LD7 1,181.88,93.42
LD8 2,208.06,102.34
LE1 1,316.95,132.41
LE1 2,315.38,131.56
LE1 3,314.54,131.16
LE1 4,309.79,130.74
LE1 5,309.81,130.75
LE1 6,309.82,130.75
LE1 7,305.61,130.41
LE1 8,316.95,132.41
LE1 9,315.11,131.41
LE10 0,293.59,126.26
LE10 1,286.01,125.79
LE10 2,291.62,125.74
LE10 3,294.38,126.81
LE10 9,294.76,126.24
LE11 1,293.85,127.36
LE11 2,259.73,118.98
LE11 3,256.34,118.03
LE11 4,277.05,123.5
LE11 5,296.65,127.66
LE11 9,283.47,125.05
LE12 5,299.72,128.75
LE12 6,299.34,128.54
LE12 7,309.74,129.96
LE12 8,275.82,123.25
LE12 9,269.82,121.51
LE13 0,315.14,131.54
LE13 1,310.81,130.89
LE13 9,318.06,132.43
LE14 2,293.79,126.71
LE14 3,296.33,127.45
LE14 4,279.24,124.16
LE15 0,288.27,124.67
LE15 6,279.12,122.11
LE15 7,276.71,122.7
LE15 8,278.11,122.95
LE15 9,294.81,126.33
LE16 0,302.99,127.73
LE16 7,298.95,127.44
LE16 8,305.27,128.9
LE16 9,281.43,123.02
LE17 4,289.75,126.27
LE17 5,285.89,125.05
LE17 6,285.18,124.87
LE17 9,286.17,125.21
LE18 1,302.95,127.2
LE18 2,300.91,126.43
LE18 3,298.72,125.14
LE18 4,307.0,128.2
LE18 9,298.35,125.66
LE19 0,291.45,125.46
LE19 1,294.85,125.94
LE19 2,309.72,129.22
LE19 3,307.88,128.84
LE19 4,284.48,123.91
LE19 9,298.84,126.75
LE2 0,316.95,132.41
LE2 1,297.05,126.32
LE2 2,281.67,122.63
LE2 3,314.36,129.72
LE2 4,280.05,121.81
LE2 5,294.69,125.03
LE2 6,299.56,126.48
LE2 7,306.41,128.49
LE2 8,302.39,127.12
LE2 9,302.03,127.44
LE3 0,305.86,128.49
LE3 1,290.54,125.29
LE3 2,298.52,126.55
LE3 3,276.76,122.47
LE3 5,309.78,130.74
LE3 6,285.14,124.57
LE3 7,286.58,124.29
LE3 8,292.43,126.05
LE3 9,297.6,127.23
LE4 0,303.31,128.38
LE4 1,304.93,128.49
LE4 2,304.02,128.59
LE4 3,300.93,127.86
LE4 4,313.79,130.17
LE4 5,314.26,130.82
LE4 6,311.18,130.25
LE4 7,316.7,131.06
LE4 8,314.95,130.5
LE4 9,309.27,129.62
LE5 0,301.13,128.15
LE5 1,294.44,126.34
LE5 2,290.25,124.96
LE5 3,311.4,130.52
LE5 4,299.93,127.67
LE5 5,297.19,127.79
LE5 6,289.0,124.44
LE6 0,271.91,121.29
LE65 1,268.35,122.01
LE65 2,260.38,120.15
LE65 9,261.76,120.35
LE67 0,240.49,114.9
LE67 1,250.27,116.14
LE67 2,259.7,120.79
LE67 3,244.59,116.31
LE67 4,222.38,108.03
LE67 5,244.4,114.44
LE67 6,255.7,119.4
LE67 8,260.01,120.08
LE67 9,234.68,111.94
LE7 1,323.76,131.89
LE7 2,318.04,131.05
LE7 3,299.59,127.42
LE7 4,310.11,130.44
LE7 6,309.78,129.1
LE7 7,303.21,128.07
LE7 9,269.71,120.29
LE8 0,291.1,125.01
LE8 4,308.87,128.56
LE8 5,300.73,126.81
LE8 6,301.3,127.47
LE8 8,286.65,123.0
LE8 9,286.22,122.81
LE9 0,302.21,128.83
LE9 1,305.28,128.32
LE9 2,284.55,124.3
LE9 3,308.57,128.78
LE9 4,312.13,130.79
LE9 6,306.18,128.66
LE9 7,289.22,125.74
LE9 8,280.77,124.58
LE9 9,267.8,120.51
LL11 0,253.21,119.91
LL11 1,253.2,119.91
LL11 2,253.62,120.28
LL11 3,145.13,79.69
LL11 4,251.14,119.45
LL11 5,161.4,87.51
LL11 6,223.12,111.76
LL12 0,259.06,121.72
LL12 7,256.94,121.07
LL12 8,259.67,121.78
LL12 9,222.91,111.86
LL13 0,274.86,125.24
LL13 7,256.82,120.55
LL13 8,261.1,121.89
LL13 9,268.34,124.25
LL14 1,155.4,82.89
LL14 2,216.43,107.18
LL14 3,227.41,109.66
LL14 4,192.48,99.77
LL14 5,213.32,103.96
LL14 6,235.95,113.2
LL15 1,215.75,113.63
LL15 2,173.98,97.36
LL15 9,259.1,125.21
LL16 3,247.2,121.83
LL16 4,204.49,109.74
LL16 5,142.84,81.74
LL16 9,250.43,122.56
LL17 0,226.79,117.67
LL18 1,219.69,117.54
LL18 2,227.06,119.56
LL18 3,206.67,112.78
LL18 4,218.21,116.98
LL18 5,223.77,118.24
LL18 6,196.43,108.73
LL18 9,216.09,116.24
LL19 7,203.13,110.84
LL19 8,218.99,116.54
LL19 9,183.62,104.4
LL20 7,132.62,69.46
LL20 8,149.8,80.84
LL20 9,226.05,108.59
LL21 0,112.94,58.42
LL21 9,134.42,75.5
LL22 7,198.95,109.16
LL22 8,139.99,79.97
LL22 9,182.86,102.16
LL23 7,90.86,36.34
LL24 0,80.63,27.44
LL25 0,69.8,19.35
LL26 0,133.46,70.24
LL27 0,100.06,41.63
LL28 4,175.95,104.13
LL28 5,162.82,93.43
LL29 0,185.24,108.16
LL29 6,130.26,73.46
LL29 7,157.72,93.49
LL29 8,155.75,91.13
LL29 9,179.75,105.3
LL30 1,171.73,101.02
LL30 2,141.83,86.17
LL30 3,141.62,86.37
LL30 9,194.14,110.18
LL31 9,172.45,101.54
LL32 8,106.18,52.01
LL33 0,89.54,39.0
LL34 6,99.53,50.55
LL35 0,111.39,54.17
LL36 0,109.35,56.58
LL36 9,82.24,28.66
LL37 2,76.73,27.79
LL38 2,85.39,33.33
LL39 1,86.85,33.24
LL40 1,80.19,25.26
LL40 2,82.73,27.52
LL41 3,61.72,15.01
LL41 4,77.22,24.27
LL42 1,87.41,35.49
LL43 2,87.69,36.19
LL44 2,116.29,61.1
LL45 2,84.13,29.79
LL46 2,117.16,57.6
LL47 6,85.92,29.71
LL48 6,82.61,26.87
LL49 9,99.93,40.83
LL51 9,78.78,24.83
LL52 0,104.08,50.46
LL53 5,144.12,81.54
LL53 6,110.71,56.56
LL53 7,134.96,76.8
LL53 8,129.88,74.45
LL53 9,134.92,74.93
LL54 5,88.36,37.78
LL54 6,70.92,20.53
LL54 7,75.62,24.31
LL55 1,125.94,62.27
LL55 2,119.19,57.59
LL55 3,80.01,29.35
LL55 4,62.66,15.22
LL55 9,127.78,64.42
LL56 4,153.51,85.0
LL57 1,169.86,96.53
LL57 2,176.03,99.79
LL57 3,62.37,17.87
LL57 4,109.42,51.02
LL57 9,175.31,99.49
LL58 8,131.2,76.37
LL59 5,154.07,87.77
LL60 6,153.29,84.34
LL61 5,167.18,94.4
LL61 6,146.47,82.09
LL62 5,141.66,79.17
LL63 5,136.63,76.6
LL64 5,156.84,92.02
LL65 1,111.22,64.35
LL65 2,128.79,75.98
LL65 3,156.59,89.33
LL65 4,134.38,76.01
LL66 0,140.8,80.21
LL66 9,136.91,77.07
LL67 0,123.8,71.57
LL68 0,129.39,73.48
LL68 9,125.07,70.46
LL69 9,113.01,60.96
LL70 9,129.62,73.39
LL71 7,148.4,81.54
LL71 8,149.81,83.39
LL72 8,130.27,73.27
LL73 8,128.4,70.79
LL74 8,138.6,77.13
LL75 7,159.66,88.95
LL75 8,150.96,84.64
LL76 8,142.13,78.41
LL77 7,156.32,84.71
LL77 8,144.56,78.57
LL77 9,161.21,86.48
LL78 7,134.91,73.7
LL78 8,130.24,70.41
LN1 1,313.95,131.7
LN1 2,303.45,128.82
LN1 3,283.47,125.3
LN1 4,309.18,129.84
LN1 5,307.1,129.03
LN1 6,302.24,129.15
LN10 5,303.04,131.1
LN10 6,306.48,131.81
LN11 0,257.37,121.76
LN11 1,290.44,127.69
LN11 7,267.18,125.39
LN11 8,260.57,121.85
LN11 9,240.37,117.5
LN12 1,241.32,118.72
LN12 2,238.13,117.1
LN13 0,268.35,122.56
LN13 3,278.44,125.25
LN13 9,266.47,123.34
LN2 1,288.93,126.35
LN2 2,283.26,125.0
LN2 3,290.88,127.13
LN2 4,288.07,126.28
LN2 5,298.77,129.21
LN3 4,300.57,129.96
LN3 5,302.67,130.6
LN4 1,298.71,129.68
LN4 2,296.22,128.89
LN4 3,320.4,132.48
LN4 4,319.63,134.07
LN5 0,315.73,129.64
LN5 5,310.66,131.47
LN5 7,310.67,131.47
LN5 8,298.6,129.37
LN5 9,308.11,130.18
LN6 0,302.06,129.46
LN6 3,301.09,129.57
LN6 4,294.29,128.07
LN6 5,298.57,128.35
LN6 6,294.34,127.43
LN6 7,305.25,130.27
LN6 8,300.36,129.64
LN6 9,305.62,129.66
LN7 6,279.98,127.11
LN8 2,294.46,128.3
LN8 3,259.79,122.75
LN8 5,274.5,125.21
LN8 6,226.11,113.06
LN8 9,268.84,125.01
LN9 5,271.74,124.76
LN9 6,249.59,119.6
LN9 9,293.31,129.88
LS1 1,287.26,128.1
LS1 2,287.27,128.1
LS1 3,266.3,124.17
LS1 4,287.28,128.1
LS1 5,287.27,128.1
LS1 6,285.1,127.3
LS1 7,285.11,127.3
LS1 8,285.1,127.3
LS1 9,287.25,128.1
LS10 1,289.45,127.53
LS10 2,292.36,128.22
LS10 3,246.57,117.92
LS10 4,245.81,117.85
LS10 9,262.9,121.57
LS11 0,283.27,127.12
LS11 1,289.17,128.14
LS11 5,275.08,124.85
LS11 6,274.31,124.92
LS11 7,272.53,124.42
LS11 8,269.21,123.91
LS11 9,289.16,128.14
LS12 1,291.53,128.95
LS12 2,280.75,127.08
LS12 3,257.17,121.77
LS12 4,267.41,124.28
LS12 5,248.46,119.16
LS12 6,277.33,126.05
LS12 9,261.42,122.95
LS13 1,242.69,117.89
LS13 2,246.81,119.07
LS13 3,233.9,115.58
LS13 4,236.76,115.84
LS13 9,233.89,115.57
LS14 1,248.61,118.95
LS14 2,247.8,118.71
LS14 3,254.88,120.64
LS14 5,252.59,120.14
LS14 6,272.05,124.69
LS14 9,251.6,119.85
LS15 0,270.53,123.71
LS15 4,258.42,121.69
LS15 5,256.11,121.0
LS15 7,264.43,122.89
LS15 8,258.56,121.58
LS15 9,264.79,122.64
LS16 0,237.9,116.0
LS16 5,244.17,117.7
LS16 6,231.5,114.24
LS16 7,224.67,112.36
LS16 8,230.23,113.63
LS16 9,199.9,103.66
LS17 0,235.38,115.06
LS17 1,224.7,111.82
LS17 5,236.6,115.56
LS17 6,232.91,114.4
LS17 7,231.74,113.59
LS17 8,240.56,116.36
LS17 9,262.01,121.46
LS18 4,243.13,117.88
LS18 5,214.37,109.41
LS19 6,208.41,107.42
LS19 7,199.12,104.0
LS19 9,217.05,110.27
LS2 3,266.29,124.16
LS2 7,285.1,127.3
LS2 8,277.87,126.21
LS2 9,266.28,124.16
LS20 8,193.76,102.76
LS20 9,199.37,104.8
LS21 1,240.42,116.13
LS21 2,184.98,97.96
LS21 3,207.78,106.52
LS21 9,243.61,117.07
LS22 4,275.93,125.54
LS22 5,282.6,127.56
LS22 6,280.46,126.8
LS22 7,286.6,128.14
LS22 9,287.54,128.37
LS23 6,274.4,124.85
LS23 7,286.3,128.01
LS24 0,294.46,129.27
LS24 8,290.3,128.8
LS24 9,285.35,127.79
LS25 1,258.78,121.87
LS25 2,260.72,122.45
LS25 3,268.74,123.83
LS25 4,258.22,122.13
LS25 5,286.46,128.14
LS25 6,294.6,130.13
LS25 7,259.39,122.11
LS25 9,302.9,131.69
LS26 0,276.08,124.51
LS26 8,264.34,122.57
LS26 9,278.78,125.43
LS27 0,223.98,112.8
LS27 1,227.8,113.96
LS27 7,245.19,118.67
LS27 8,253.95,120.64
LS27 9,225.91,113.47
LS28 0,212.23,108.27
LS28 5,209.99,108.11
LS28 6,226.52,113.17
LS28 7,204.53,106.01
LS28 8,218.61,110.73
LS28 9,252.09,119.78
LS29 0,170.73,93.5
LS29 1,204.75,107.72
LS29 6,192.32,101.06
LS29 7,184.58,98.63
LS29 8,180.18,96.93
LS29 9,156.93,86.0
LS3 1,289.36,128.76
LS4 2,289.92,129.05
LS5 2,266.3,123.78
LS5 3,264.54,123.11
LS6 1,274.18,126.02
LS6 2,269.61,124.66
LS6 3,256.21,121.17
LS6 4,242.14,117.09
LS7 1,277.86,126.21
LS7 2,253.97,120.69
LS7 3,261.33,122.34
LS7 4,249.75,119.15
LS7 9,272.6,125.18
LS8 1,240.28,116.49
LS8 2,256.96,120.71
LS8 3,263.14,122.42
LS8 4,258.33,121.13
LS8 5,276.06,125.47
LS8 9,270.74,124.18
LS9 0,287.94,127.37
LS9 6,265.35,122.86
LS9 7,270.76,124.18
LS9 8,285.11,127.3
LS9 9,267.14,122.98
LU1 1,303.25,127.22
LU1 2,312.96,129.91
LU1 3,296.69,126.72
LU1 4,283.21,123.25
LU1 5,282.04,122.47
LU1 9,313.79,129.87
LU2 0,293.34,125.7
LU2 7,300.41,126.29
LU2 8,299.16,127.19
LU2 9,289.39,125.46
LU3 1,316.24,130.16
LU3 2,322.19,131.89
LU3 3,311.77,129.07
LU3 4,310.06,128.65
LU4 0,308.27,128.73
LU4 8,308.75,128.53
LU4 9,321.26,131.59
LU5 4,290.14,123.97
LU5 5,318.31,130.13
LU5 6,336.42,133.96
LU5 7,320.16,130.32
LU6 1,321.78,130.94
LU6 2,300.64,127.02
LU6 3,280.27,122.51
LU6 9,308.58,127.81
LU7 0,321.87,131.32
LU7 1,335.39,133.62
LU7 2,318.66,129.44
LU7 3,333.18,133.55
LU7 4,353.9,137.67
LU7 6,355.13,137.77
LU7 9,329.51,132.91
M1 1,171.75,94.75
M1 2,178.06,98.17
M1 3,178.06,98.17
M1 4,178.06,98.17
M1 5,181.4,99.65
M1 6,178.06,98.17
M1 7,178.06,98.18
M11 1,171.46,94.55
M11 2,174.2,96.29
M11 3,172.97,95.73
M11 4,166.73,92.4
M12 0,180.04,99.21
M12 4,177.26,97.82
M12 5,178.51,98.26
M12 6,176.56,97.53
M13 0,181.24,99.54
M13 9,180.04,99.22
M14 0,191.96,104.59
M14 4,186.98,102.58
M14 5,181.63,99.94
M14 6,189.24,103.39
M14 7,193.37,105.55
M15 4,186.44,101.92
M15 5,184.31,101.14
M15 6,184.31,101.14
M16 0,189.83,103.21
M16 6,188.23,102.77
M16 7,188.43,103.01
M16 8,193.11,105.25
M16 9,186.47,101.92
M17 1,197.42,105.09
M17 8,200.71,105.19
M18 7,179.89,98.65
M18 8,177.13,97.38
M19 1,189.77,103.35
M19 2,184.38,100.8
M19 3,179.78,98.62
M2 1,171.75,94.75
M2 2,171.75,94.76
M2 3,181.39,99.64
M2 4,178.26,97.88
M2 5,178.26,97.88
M2 6,178.25,97.87
M2 7,178.24,97.87
M20 1,197.05,107.1
M20 2,202.58,109.14
M20 3,198.56,107.46
M20 4,195.21,106.0
M20 5,206.84,111.14
M20 6,199.71,108.05
M21 0,189.2,103.06
M21 3,188.09,102.17
M21 7,197.77,106.73
M21 8,192.31,104.17
M21 9,190.18,103.19
M22 0,194.11,104.38
M22 1,194.94,103.84
M22 2,201.19,107.75
M22 4,205.33,109.95
M22 5,194.3,104.32
M22 8,201.21,107.76
M22 9,197.0,105.54
M23 0,207.01,109.7
M23 1,206.92,110.25
M23 2,198.58,105.63
M23 9,207.28,109.23
M24 0,159.19,84.94
M24 1,154.4,82.51
M24 2,151.0,80.27
M24 4,153.2,80.44
M24 5,150.46,78.99
M24 6,159.24,85.6
M25 0,165.01,87.9
M25 1,159.35,84.33
M25 2,153.89,80.5
M25 3,153.56,80.5
M25 9,162.29,86.41
M26 1,163.78,88.47
M26 2,173.31,93.43
M26 3,163.62,88.52
M26 4,165.01,89.69
M26 6,164.71,88.95
M27 0,173.51,94.49
M27 4,162.39,88.14
M27 5,173.3,94.21
M27 6,161.24,87.09
M27 8,170.22,92.11
M27 9,160.94,87.07
M28 0,155.05,83.19
M28 1,187.18,100.87
M28 2,181.79,98.48
M28 3,157.45,84.51
M28 7,169.6,92.12
M28 8,172.87,94.07
M29 2,174.86,94.19
M29 7,198.65,105.19
M29 8,168.6,91.25
M3 1,175.86,96.5
M3 2,178.24,97.87
M3 3,178.26,97.88
M3 4,181.4,99.65
M3 5,178.24,97.87
M3 6,178.79,97.9
M3 7,178.24,97.86
M30 0,192.64,102.49
M30 3,192.12,102.41
M30 7,204.44,107.34
M30 8,195.2,104.29
M30 9,186.79,100.69
M31 4,222.78,114.97
M32 0,194.94,104.88
M32 2,190.96,103.46
M32 8,201.08,107.73
M32 9,203.04,107.97
M33 0,204.47,109.06
M33 2,201.67,107.86
M33 3,211.47,111.12
M33 4,221.34,114.39
M33 5,219.64,114.19
M33 6,213.52,112.2
M33 7,213.52,112.2
M34 0,170.92,93.96
M34 2,177.98,97.04
M34 3,173.56,95.21
M34 5,169.62,93.24
M34 6,167.42,91.48
M34 7,165.69,91.04
M35 0,156.15,85.63
M35 9,156.3,85.78
M38 0,158.58,85.5
M38 9,149.26,79.29
M4 1,171.75,94.75
M4 2,171.75,94.75
M4 3,171.75,94.75
M4 4,175.86,96.5
M4 5,171.74,94.75
M4 6,171.78,94.95
M4 7,171.78,94.95
M40 0,152.36,82.18
M40 1,161.75,89.25
M40 2,161.54,89.05
M40 3,153.71,83.57
M40 4,160.78,88.12
M40 5,151.81,81.76
M40 7,166.48,91.3
M40 8,160.77,88.12
M40 9,151.81,81.75
M41 0,205.85,107.06
M41 4,211.16,110.01
M41 5,212.2,109.5
M41 6,220.38,113.65
M41 7,204.3,106.49
M41 8,211.73,109.19
M41 9,210.05,109.91
M43 0,165.07,91.16
M43 6,166.98,92.36
M43 7,162.87,89.87
M44 5,214.57,112.54
M44 6,217.44,112.81
M45 6,152.9,79.94
M45 7,153.66,81.5
M45 8,154.57,81.28
M46 0,173.0,92.77
M46 9,159.3,85.27
M5 0,180.18,98.2
M5 3,189.95,103.13
M5 4,178.81,97.9
M5 5,191.13,102.67
M50 1,192.31,102.76
M50 2,193.61,104.31
M50 3,193.63,104.31
M6 5,183.03,99.39
M6 6,175.85,95.43
M6 7,171.78,93.13
M6 8,176.55,95.59
M7 1,180.66,98.43
M7 2,176.88,95.98
M7 3,172.26,92.9
M7 4,166.72,90.11
M8 0,163.53,88.39
M8 2,161.43,86.8
M8 4,158.61,84.57
M8 5,159.13,85.01
M8 8,165.04,89.89
M8 9,161.43,86.8
M9 0,155.82,82.17
M9 4,157.97,85.88
M9 5,165.48,89.94
M9 6,153.26,81.46
M9 7,149.29,79.67
M9 8,161.95,86.68
M9 9,166.16,89.73
M90 1,194.87,104.06
M90 3,198.02,105.1
M90 4,197.31,104.89
M90 5,198.03,105.1
ME1 1,383.44,140.91
ME1 2,347.59,134.86
ME1 3,356.17,135.39
ME1 9,384.18,141.25
ME10 1,383.7,140.41
ME10 2,384.71,141.62
ME10 3,387.74,141.29
ME10 4,375.04,138.91
ME10 5,387.28,141.46
ME10 9,384.14,140.49
ME11 5,361.44,141.07
ME12 1,340.25,139.28
ME12 2,322.18,136.8
ME12 3,346.03,139.61
ME12 4,337.77,138.97
ME12 6,334.74,138.13
ME12 9,332.15,138.27
ME13 0,333.22,132.52
ME13 3,363.61,137.73
ME13 7,370.68,139.62
ME13 8,363.55,137.66
ME13 9,331.56,133.35
ME14 1,375.95,138.55
ME14 2,360.05,135.92
ME14 3,318.11,129.36
ME14 4,355.56,134.5
ME14 5,356.22,135.18
ME14 9,378.71,138.86
ME15 0,355.21,135.12
ME15 6,362.19,136.17
ME15 7,345.16,133.68
ME15 8,358.61,135.67
ME15 9,334.81,132.18
ME16 0,354.94,135.31
ME16 8,361.79,136.28
ME16 9,345.63,133.84
ME17 1,330.2,130.81
ME17 2,309.4,126.38
ME17 3,356.9,135.43
ME17 4,362.85,136.76
ME18 5,343.64,133.13
ME18 6,379.36,138.28
ME19 4,341.98,134.22
ME19 5,343.97,133.25
ME19 6,347.75,134.51
ME2 1,351.9,134.73
ME2 2,364.37,138.5
ME2 3,346.52,135.88
ME2 4,376.52,140.65
ME20 6,370.63,137.53
ME20 7,356.39,135.32
ME3 0,362.51,142.29
ME3 7,378.25,141.87
ME3 8,366.52,140.83
ME3 9,368.23,141.37
ME4 3,384.46,142.0
ME4 4,372.95,140.25
ME4 5,343.64,134.24
ME4 6,345.16,134.65
ME4 9,370.49,139.11
ME5 0,334.48,132.56
ME5 7,343.92,134.14
ME5 8,316.75,129.52
ME5 9,301.42,126.88
ME6 5,366.48,136.47
ME6 9,376.01,137.95
ME7 1,374.56,140.63
ME7 2,364.55,138.79
ME7 3,316.4,129.34
ME7 4,337.23,133.6
ME7 5,344.06,135.12
ME7 9,350.96,136.64
ME8 0,326.51,131.28
ME8 1,335.6,133.12
ME8 6,344.31,134.97
ME8 7,384.02,140.77
ME8 8,363.06,137.44
ME8 9,333.1,132.09
ME9 0,327.3,130.27
ME9 7,359.8,137.1
ME9 8,361.9,137.96
ME9 9,385.27,141.21
MK1 1,349.15,137.5
MK1 9,357.59,138.62
MK10 0,340.11,134.33
MK10 1,337.52,133.9
MK10 7,347.21,135.44
MK10 9,340.78,134.42
MK11 1,344.43,133.42
MK11 2,324.53,130.25
MK11 3,324.56,130.25
MK11 4,332.86,131.9
MK11 9,324.54,130.25
MK12 5,337.31,132.02
MK12 6,329.22,130.68
MK13 0,334.55,131.8
MK13 7,325.49,130.21
MK13 8,311.91,128.23
MK13 9,328.59,130.8
MK14 5,337.63,132.8
MK14 6,327.19,130.97
MK14 7,315.2,129.17
MK15 0,346.09,135.27
MK15 8,346.05,135.37
MK15 9,351.73,135.59
MK16 0,347.48,135.07
MK16 6,350.47,135.34
MK16 8,328.71,130.28
MK16 9,336.54,132.17
MK17 0,317.31,129.91
MK17 7,344.69,135.47
MK17 8,326.97,131.92
MK17 9,322.38,131.63
MK18 1,322.33,130.39
MK18 2,340.12,134.28
MK18 3,331.45,132.24
MK18 4,323.45,129.87
MK18 5,311.05,127.52
MK18 6,326.22,131.3
MK18 7,331.85,132.69
MK18 9,313.36,129.32
MK19 6,331.8,130.55
MK19 7,331.77,130.19
MK2 2,352.14,137.98
MK2 3,344.13,136.25
MK3 4,305.76,126.49
MK3 5,334.38,133.67
MK3 6,332.27,134.39
MK3 7,319.07,130.3
MK4 1,324.01,131.73
MK4 2,320.34,130.05
MK4 3,313.02,127.53
MK4 4,307.04,126.97
MK40 1,389.39,140.56
MK40 2,391.22,141.87
MK40 3,395.07,142.47
MK40 4,380.39,140.01
MK40 9,389.4,140.56
MK41 0,380.47,141.46
MK41 6,339.59,134.27
MK41 7,362.76,137.74
MK41 8,356.3,136.78
MK41 9,385.13,141.02
MK42 0,395.17,141.79
MK42 5,389.42,140.57
MK42 6,396.95,141.48
MK42 7,388.05,139.88
MK42 8,383.32,139.07
MK42 9,394.1,140.98
MK43 0,344.29,135.68
MK43 1,328.25,130.96
MK43 2,382.44,142.0
MK43 7,342.83,134.67
MK43 8,350.34,135.25
MK43 9,382.11,141.11
MK44 1,325.54,131.54
MK44 2,340.12,135.57
MK44 3,380.77,140.85
MK45 1,340.52,133.45
MK45 2,344.12,134.96
MK45 3,374.92,139.67
MK45 4,347.34,135.9
MK45 5,347.15,135.39
MK45 9,334.2,132.4
MK46 4,345.52,133.75
MK46 5,346.51,134.13
MK5 6,316.5,129.42
MK5 7,318.78,129.9
MK5 8,331.42,132.58
MK6 1,327.95,132.53
MK6 2,320.78,130.81
MK6 3,351.05,137.35
MK6 4,341.55,136.23
MK6 5,326.58,132.34
MK7 6,332.45,132.96
MK7 7,339.53,135.01
MK7 8,349.02,136.83
MK8 0,315.87,129.08
MK8 1,318.52,129.42
MK8 8,323.08,129.93
MK8 9,330.55,131.77
MK9 1,318.41,129.78
MK9 2,318.39,129.78
MK9 3,316.29,129.67
MK9 4,335.85,133.6
ML1 1,164.33,92.55
ML1 2,179.05,100.81
ML1 3,190.08,105.63
ML1 4,148.4,83.91
ML1 5,127.37,70.96
ML1 9,168.58,94.58
ML10 6,109.77,55.32
ML11 0,114.33,59.95
ML11 7,160.12,93.22
ML11 8,135.11,75.67
ML11 9,147.24,84.71
ML12 6,101.19,49.4
ML12 9,182.49,102.89
ML2 0,169.0,96.95
ML2 2,161.0,91.53
ML2 7,147.7,83.05
ML2 8,141.73,80.36
ML2 9,137.22,79.03
ML3 0,192.98,106.63
ML3 3,190.43,105.44
ML3 6,195.03,107.64
ML3 7,159.4,90.6
ML3 8,138.99,77.28
ML3 9,174.12,97.99
ML4 1,163.74,93.54
ML4 2,172.78,97.57
ML4 3,170.34,96.77
ML4 9,160.59,91.21
ML5 1,160.65,92.01
ML5 2,152.3,87.35
ML5 3,158.3,91.93
ML5 4,159.22,92.49
ML5 5,169.94,97.64
ML5 9,162.88,94.59
ML6 0,140.63,80.09
ML6 1,140.4,81.44
ML6 6,134.09,76.69
ML6 7,118.8,64.77
ML6 8,126.23,71.74
ML6 9,147.1,85.5
ML7 4,106.75,55.93
ML7 5,117.88,64.47
ML7 9,114.55,62.36
ML8 4,131.0,74.51
ML8 5,169.96,98.01
ML9 1,178.96,103.05
ML9 2,179.6,102.83
ML9 3,162.24,93.03
ML9 9,174.71,100.69
N1 0,351.37,136.45
N1 1,349.04,136.94
N1 2,359.98,138.82
N1 3,359.98,138.82
N1 4,362.49,139.53
N1 5,359.73,138.84
N1 6,359.77,138.85
N1 7,362.3,138.65
N1 8,345.83,135.55
N1 9,356.93,137.3
N10 1,315.88,131.69
N10 2,314.98,131.57
N10 3,296.35,128.52
N10 9,296.34,128.52
N11 1,321.18,132.6
N11 2,318.13,132.03
N11 3,322.06,132.66
N12 0,316.67,131.76
N12 2,310.33,130.74
N12 7,328.98,133.2
N12 8,330.76,133.49
N12 9,310.33,130.74
N13 4,331.13,133.89
N13 5,339.18,135.3
N13 6,339.21,135.3
N14 4,320.67,132.23
N14 5,319.21,132.66
N14 6,327.58,134.44
N14 7,311.32,131.28
N14 9,319.22,132.66
N15 3,352.4,137.72
N15 4,362.21,139.23
N15 5,365.64,139.71
N15 6,369.77,140.2
N16 0,355.4,138.57
N16 1,350.83,137.7
N16 5,350.83,137.7
N16 6,350.83,137.7
N16 7,355.42,138.57
N16 8,358.59,139.13
N16 9,354.22,138.36
N17 0,368.65,140.04
N17 1,359.93,138.88
N17 6,356.15,138.31
N17 7,351.37,137.54
N17 8,361.04,139.0
N17 9,370.15,140.3
N18 1,355.39,138.18
N18 2,365.24,139.52
N18 3,368.23,139.89
N18 9,365.25,139.52
N19 3,311.97,131.09
N19 4,350.22,137.4
N19 5,340.15,135.54
N19 9,350.22,137.4
N1C 4,356.92,137.29
N2 0,315.95,131.64
N2 2,304.79,129.99
N2 8,319.11,132.03
N2 9,304.77,129.99
N20 0,301.53,129.29
N20 2,300.12,128.57
N20 8,319.98,131.8
N20 9,302.88,128.78
N21 1,335.97,135.62
N21 2,341.79,136.16
N21 3,329.1,134.38
N21 9,329.08,134.38
N22 5,348.43,137.01
N22 6,353.78,137.83
N22 7,323.67,132.69
N22 8,336.34,134.81
N22 9,338.32,135.12
N3 1,324.38,132.6
N3 2,314.96,131.27
N3 3,332.55,133.7
N3 9,314.95,131.27
N4 1,340.74,135.78
N4 2,348.79,137.47
N4 3,350.21,137.4
N4 4,340.74,135.78
N5 1,353.16,138.02
N5 2,354.23,138.36
N5 9,353.16,138.02
N6 4,306.5,130.36
N6 5,295.35,128.34
N6 6,319.23,132.19
N7 0,344.76,136.63
N7 6,350.25,137.4
N7 7,350.25,137.4
N7 8,355.03,138.2
N7 9,354.99,138.2
N8 0,347.09,136.57
N8 7,329.46,133.33
N8 8,313.72,131.21
N8 9,330.05,133.52
N9 0,360.45,138.57
N9 1,358.69,138.48
N9 7,356.46,138.09
N9 8,359.69,138.38
N9 9,352.96,137.8
NE1 1,236.1,121.31
NE1 2,227.04,117.67
NE1 3,236.11,121.31
NE1 4,212.75,112.21
NE1 5,236.1,121.3
NE1 6,227.04,117.67
NE1 7,227.02,117.67
NE1 8,227.02,117.67
NE10 0,235.94,120.41
NE10 8,216.0,113.9
NE10 9,213.84,113.07
NE11 0,218.48,115.51
NE11 9,245.44,124.14
NE12 2,220.15,115.2
NE12 5,217.6,115.12
NE12 6,204.57,109.94
NE12 7,220.14,115.41
NE12 8,219.48,114.57
NE12 9,209.56,111.73
NE13 6,224.71,116.93
NE13 7,226.35,117.92
NE13 8,222.14,116.58
NE13 9,222.21,116.29
NE15 0,213.32,112.54
NE15 6,203.03,108.38
NE15 7,235.46,120.81
NE15 8,251.5,125.94
NE15 9,228.65,118.94
NE16 3,246.84,124.15
NE16 4,200.5,108.43
NE16 5,178.85,98.17
NE16 6,193.97,105.15
NE17 7,206.08,107.77
NE18 0,203.81,109.21
NE19 1,140.2,74.66
NE19 2,169.07,92.66
NE2 1,217.85,113.98
NE2 2,213.24,112.07
NE2 3,214.82,112.63
NE2 4,208.43,110.65
NE20 0,209.06,112.31
NE20 2,239.51,122.1
NE20 9,229.37,118.94
NE21 4,256.55,127.07
NE21 5,237.78,121.3
NE21 6,211.5,112.56
NE22 5,205.24,110.83
NE22 6,214.86,114.45
NE22 7,200.5,110.71
NE23 0,205.22,110.08
NE23 1,210.03,112.04
NE23 2,200.38,108.58
NE23 3,211.33,112.37
NE23 6,203.88,110.32
NE23 7,215.17,114.72
NE23 8,210.48,111.73
NE24 1,184.77,105.61
NE24 2,185.13,104.45
NE24 3,189.43,106.2
NE24 4,198.66,108.53
NE24 5,188.78,106.32
NE24 9,184.32,104.53
NE25 0,198.56,109.33
NE25 8,170.36,97.7
NE25 9,179.19,100.4
NE26 1,174.84,100.99
NE26 2,174.86,101.01
NE26 3,174.05,99.04
NE26 4,184.32,104.49
NE27 0,194.48,106.64
NE27 9,185.77,102.51
NE28 0,213.75,112.57
NE28 6,227.37,117.26
NE28 7,217.29,113.88
NE28 8,225.89,117.17
NE28 9,209.67,111.5
NE29 0,185.98,103.04
NE29 1,182.15,101.01
NE29 6,209.88,111.83
NE29 7,189.31,103.5
NE29 8,176.95,99.15
NE29 9,171.38,97.58
NE3 1,210.38,110.92
NE3 2,223.0,116.21
NE3 3,207.63,110.07
NE3 4,202.54,108.04
NE3 5,224.7,116.69
NE3 9,215.19,113.03
NE30 1,200.17,109.84
NE30 2,168.02,96.59
NE30 3,165.72,95.8
NE30 4,161.58,94.36
NE31 1,230.08,118.14
NE31 2,225.8,116.73
NE32 3,225.88,116.71
NE32 4,223.31,116.36
NE32 5,227.13,117.15
NE33 1,222.83,116.93
NE33 2,211.96,113.76
NE33 3,207.88,112.85
NE33 4,207.21,111.72
NE33 5,215.6,113.95
NE33 9,220.13,116.9
NE34 0,208.26,111.49
NE34 6,192.98,106.93
NE34 7,179.07,101.91
NE34 8,189.02,105.29
NE34 9,216.44,114.06
NE35 9,212.12,112.93
NE36 0,208.48,111.94
NE37 1,201.76,108.3
NE37 2,210.53,111.29
NE37 3,224.14,116.06
NE37 9,203.76,108.35
NE38 0,199.6,107.42
NE38 7,209.98,110.65
NE38 8,219.41,113.74
NE38 9,218.71,114.23
NE39 1,232.59,118.73
NE39 2,196.98,106.21
NE4 5,198.05,106.8
NE4 6,198.06,106.8
NE4 7,223.85,117.32
NE4 8,224.24,117.47
NE4 9,193.63,104.39
NE40 3,244.12,123.53
NE40 4,197.59,106.74
NE40 9,223.16,117.0
NE41 8,250.01,124.08
NE42 5,200.71,107.08
NE42 6,235.11,118.36
NE42 9,237.09,119.62
NE43 7,222.45,114.68
NE44 6,238.06,120.28
NE45 5,230.43,119.17
NE46 1,223.58,116.61
NE46 2,193.25,105.62
NE46 3,245.31,121.95
NE46 4,202.81,108.95
NE46 9,282.05,129.77
NE47 0,160.2,90.99
NE47 5,189.18,104.29
NE47 6,181.66,101.22
NE47 7,167.57,94.77
NE47 8,125.77,67.93
NE47 9,132.62,74.47
NE48 1,123.34,61.37
NE48 2,156.35,85.56
NE48 3,160.12,87.91
NE48 4,190.39,102.66
NE49 0,147.91,81.4
NE49 9,136.92,73.51
NE5 1,215.05,113.53
NE5 2,213.99,112.53
NE5 3,202.51,107.95
NE5 4,212.5,111.57
NE5 5,206.44,109.11
NE5 9,223.57,116.68
NE6 1,245.79,123.93
NE6 2,225.57,117.16
NE6 3,241.22,122.2
NE6 4,233.88,119.86
NE6 5,227.81,117.58
NE6 9,216.98,114.17
NE61 1,220.59,115.87
NE61 2,210.84,111.87
NE61 3,194.88,105.25
NE61 4,173.65,95.21
NE61 5,180.51,100.71
NE61 6,211.55,113.07
NE61 9,214.83,113.97
NE62 5,213.98,115.02
NE63 0,192.17,107.8
NE63 3,178.99,102.27
NE63 8,195.5,107.71
NE63 9,180.42,102.19
NE64 6,173.77,100.6
NE65 0,202.32,110.14
NE65 7,146.61,78.67
NE65 8,196.06,105.48
NE65 9,219.05,113.86
NE66 1,202.78,107.4
NE66 2,197.05,105.76
NE66 3,197.61,107.93
NE66 4,166.26,89.48
NE66 5,210.53,110.29
NE66 9,208.01,109.73
NE67 5,195.16,104.21
NE68 7,197.35,108.24
NE69 7,193.34,105.5
NE7 7,215.36,112.89
NE70 7,216.66,113.13
NE71 6,162.86,85.87
NE8 1,214.25,114.07
NE8 2,243.88,123.77
NE8 3,238.38,121.76
NE8 4,228.45,119.25
NE8 9,214.25,114.07
NE9 5,201.91,109.57
NE9 6,229.5,118.87
NE9 7,191.82,104.98
NE9 9,234.16,120.53
NG1 1,291.6,127.73
NG1 2,291.6,127.73
NG1 3,278.13,125.09
NG1 4,266.5,122.99
NG1 5,266.52,122.99
NG1 6,281.49,126.15
NG1 7,291.62,127.73
NG1 9,278.15,125.09
NG10 1,298.84,129.34
NG10 2,299.21,128.99
NG10 3,299.3,129.35
NG10 4,298.26,129.65
NG10 5,278.73,125.82
NG10 9,300.14,129.76
NG11 0,296.36,127.83
NG11 1,316.89,132.42
NG11 2,308.26,131.14
NG11 6,303.06,130.24
NG11 7,304.71,130.28
NG11 8,317.86,132.77
NG11 9,315.24,132.55
NG12 1,294.07,127.86
NG12 2,295.83,128.29
NG12 3,293.26,128.16
NG12 4,299.62,128.93
NG12 5,289.51,126.92
NG13 0,313.42,131.39
NG13 7,305.51,129.8
NG13 8,299.22,128.93
NG13 9,319.42,132.65
NG14 5,290.39,126.69
NG14 6,276.63,124.36
NG14 7,300.18,128.82
NG15 0,230.31,113.87
NG15 5,248.25,118.81
NG15 6,254.14,120.29
NG15 7,271.66,124.36
NG15 8,256.62,120.8
NG15 9,240.35,116.08
NG16 1,257.99,120.99
NG16 2,263.03,121.73
NG16 3,268.35,123.42
NG16 4,274.74,124.28
NG16 5,259.03,121.24
NG16 6,247.98,118.54
NG16 9,285.56,127.16
NG17 0,220.65,108.89
NG17 1,218.67,109.0
NG17 2,222.51,110.19
NG17 3,219.02,108.75
NG17 4,239.19,114.76
NG17 5,226.15,110.74
NG17 6,237.25,115.48
NG17 7,224.54,111.0
NG17 8,230.38,113.34
NG17 9,235.31,115.3
NG18 1,238.8,114.58
NG18 2,244.28,115.86
NG18 3,243.55,116.21
NG18 4,237.27,113.86
NG18 5,234.28,112.92
NG18 6,244.91,115.42
NG18 9,254.33,118.49
NG19 0,255.62,119.02
NG19 6,222.82,109.88
NG19 7,230.36,112.6
NG19 8,247.08,117.49
NG19 9,262.86,120.86
NG2 1,292.62,128.12
NG2 2,291.07,127.41
NG2 3,288.26,126.43
NG2 4,289.6,126.71
NG2 5,293.1,127.31
NG2 6,294.94,127.75
NG2 7,294.37,128.0
NG2 9,291.05,127.41
NG20 0,299.41,127.35
NG20 8,265.7,121.12
NG20 9,294.59,126.96
NG21 0,256.58,119.86
NG21 9,284.69,124.35
NG22 0,298.91,128.11
NG22 8,281.97,124.72
NG22 9,304.03,128.2
NG23 5,313.3,130.32
NG23 6,308.76,129.19
NG23 7,315.98,130.88
NG24 0,315.04,129.52
NG24 1,314.67,129.77
NG24 2,320.36,131.07
NG24 3,314.16,129.6
NG24 4,311.47,129.17
NG24 5,322.04,130.5
NG24 9,315.18,129.63
NG25 0,288.24,126.24
NG3 1,278.12,125.09
NG3 2,277.79,124.66
NG3 3,268.63,122.88
NG3 4,247.53,118.24
NG3 5,248.26,118.37
NG3 6,247.61,117.93
NG3 7,279.36,124.92
NG31 0,311.52,129.55
NG31 6,311.53,129.55
NG31 7,294.44,126.22
NG31 8,298.35,127.56
NG31 9,284.18,124.3
NG32 1,282.07,123.96
NG32 2,307.55,129.4
NG32 3,298.95,127.51
NG33 4,307.8,128.76
NG33 5,279.73,122.51
NG34 0,323.51,132.89
NG34 4,330.76,134.09
NG34 6,332.98,134.58
NG34 7,330.11,133.82
NG34 8,316.97,131.15
NG34 9,320.94,132.88
NG4 1,267.99,122.27
NG4 2,298.21,128.2
NG4 3,269.61,123.07
NG4 4,266.74,122.33
NG4 9,267.72,122.76
NG5 0,261.39,121.3
NG5 1,263.26,122.49
NG5 2,252.06,119.52
NG5 3,256.87,120.82
NG5 4,239.52,115.8
NG5 5,255.38,120.9
NG5 6,262.85,121.88
NG5 7,266.15,122.32
NG5 8,256.63,121.25
NG5 9,257.27,121.4
NG6 0,276.51,125.51
NG6 6,276.3,125.54
NG6 7,272.19,124.51
NG6 8,269.57,124.06
NG6 9,277.25,125.7
NG7 1,281.5,126.15
NG7 2,292.06,128.39
NG7 3,272.55,124.55
NG7 4,266.51,122.99
NG7 5,271.41,124.28
NG7 6,265.54,122.73
NG7 7,276.0,125.24
NG8 1,282.41,126.65
NG8 2,281.68,126.57
NG8 3,271.03,124.53
NG8 4,262.29,122.38
NG8 5,267.86,123.86
NG8 6,254.44,120.52
NG8 9,275.66,125.41
NG9 1,301.56,130.45
NG9 2,292.76,128.74
NG9 3,275.54,125.07
NG9 4,294.7,129.53
NG9 5,295.08,129.15
NG9 6,296.13,129.07
NG9 7,287.64,127.57
NG9 8,291.01,127.99
NG9 9,294.99,129.28
NG90 1,292.13,128.34
NG90 2,292.56,128.71
NG90 4,306.83,131.15
NG90 5,306.86,131.15
NG90 6,292.56,128.71
NG90 7,301.76,131.02
NN1 1,329.16,132.3
NN1 2,329.15,132.3
NN1 3,327.77,132.58
NN1 4,322.06,131.23
NN1 5,329.91,132.44
NN1 9,329.15,132.3
NN10 0,326.5,131.48
NN10 1,345.1,133.76
NN10 6,339.57,132.19
NN10 8,346.45,134.82
NN10 9,331.26,131.64
NN11 0,307.97,129.41
NN11 1,296.36,126.75
NN11 2,307.74,129.68
NN11 3,299.22,126.19
NN11 4,297.73,127.09
NN11 6,296.06,126.33
NN11 7,312.94,130.55
NN11 8,305.37,128.99
NN11 9,296.27,127.06
NN12 6,326.85,130.26
NN12 7,327.01,129.86
NN12 8,303.24,125.84
NN12 9,339.35,133.98
NN13 5,299.56,125.35
NN13 6,292.11,124.26
NN13 7,324.71,129.27
NN13 9,302.0,124.67
NN14 1,311.7,129.88
NN14 2,291.66,125.28
NN14 3,334.44,133.27
NN14 4,344.96,135.61
NN14 6,294.82,126.14
NN15 4,329.99,132.8
NN15 5,331.58,133.23
NN15 6,331.69,133.3
NN15 7,334.54,133.59
NN16 0,336.77,133.6
NN16 6,338.16,134.54
NN16 8,325.21,131.87
NN16 9,321.65,130.9
NN17 1,297.99,126.84
NN17 2,282.39,123.9
NN17 3,311.4,130.15
NN17 4,297.5,126.92
NN17 5,309.68,129.62
NN17 9,318.14,131.5
NN18 0,286.77,125.19
NN18 8,314.14,130.19
NN18 9,296.78,127.52
NN2 6,341.81,135.7
NN2 7,327.67,133.01
NN2 8,327.04,132.02
NN29 7,335.46,133.04
NN3 0,346.25,134.58
NN3 2,319.37,130.97
NN3 3,332.07,132.88
NN3 5,327.16,131.67
NN3 6,313.53,130.09
NN3 7,309.02,128.16
NN3 8,323.39,131.57
NN3 9,343.59,134.52
NN4 0,324.19,130.22
NN4 5,333.03,131.28
NN4 6,322.5,129.81
NN4 7,334.2,131.94
NN4 8,335.02,133.01
NN4 9,342.89,134.44
NN5 4,342.01,134.56
NN5 5,340.29,134.99
NN5 6,327.4,132.23
NN5 7,329.66,132.91
NN6 0,313.02,129.48
NN6 6,289.44,126.52
NN6 7,305.05,129.52
NN6 8,307.83,129.2
NN6 9,298.43,126.79
NN7 1,333.23,131.55
NN7 2,324.22,129.59
NN7 3,335.76,133.19
NN7 4,325.57,132.05
NN8 1,349.72,134.89
NN8 2,324.22,130.53
NN8 3,315.19,129.02
NN8 4,339.91,133.52
NN8 5,322.15,130.36
NN8 6,307.44,128.51
NN8 9,358.62,136.45
NN9 5,331.59,133.02
NN9 6,350.7,136.33
NP10 0,205.85,97.38
NP10 8,198.34,96.75
NP10 9,206.11,97.3
NP11 3,154.4,75.96
NP11 4,172.52,85.17
NP11 5,145.71,70.02
NP11 6,158.58,76.64
NP11 7,146.39,69.72
NP11 9,197.11,95.2
NP12 0,140.17,66.67
NP12 1,164.24,81.91
NP12 2,155.93,76.38
NP12 3,169.65,86.4
NP12 4,147.76,71.88
NP13 1,135.33,64.66
NP13 2,142.0,68.45
NP13 3,130.62,61.59
NP15 1,244.69,111.94
NP15 2,267.13,118.11
NP15 9,263.33,115.27
NP16 5,231.65,111.79
NP16 6,207.53,101.34
NP16 7,241.66,113.35
NP16 9,248.65,116.62
NP18 1,235.16,108.7
NP18 2,225.43,108.79
NP18 3,231.04,106.71
NP19 0,232.62,110.25
NP19 1,225.8,108.91
NP19 4,225.55,108.81
NP19 7,228.71,106.54
NP19 8,223.4,106.55
NP19 9,222.42,106.61
NP20 1,229.59,108.66
NP20 2,222.36,107.26
NP20 3,215.1,102.72
NP20 4,206.11,99.4
NP20 5,226.11,105.68
NP20 6,222.49,103.67
NP20 7,218.64,102.0
NP20 9,219.78,103.84
NP22 3,129.76,57.88
NP22 4,115.21,47.35
NP22 5,131.82,59.3
NP23 4,131.42,62.46
NP23 5,124.56,56.22
NP23 6,133.82,62.68
NP23 7,127.93,57.37
NP23 8,138.52,65.46
NP23 9,137.28,64.84
NP24 6,128.2,57.04
NP25 3,265.7,116.59
NP25 4,234.41,108.62
NP25 5,264.76,117.13
NP25 9,299.34,123.94
NP26 3,227.29,109.65
NP26 4,236.73,114.3
NP26 5,238.03,113.66
NP26 9,231.78,113.22
NP4 0,227.78,104.09
NP4 4,189.48,90.05
NP4 5,148.18,69.48
NP4 6,139.04,65.86
NP4 7,147.37,72.0
NP4 8,174.14,84.22
NP4 9,140.63,68.59
NP44 1,188.56,90.04
NP44 2,217.13,100.64
NP44 3,214.38,100.49
NP44 4,175.97,84.22
NP44 5,123.14,53.36
NP44 6,127.71,57.2
NP44 7,196.66,93.72
NP44 8,214.27,100.66
NP44 9,205.41,97.13
NP7 0,185.44,91.09
NP7 1,270.26,116.25
NP7 5,255.06,112.8
NP7 6,243.46,109.73
NP7 7,152.97,76.31
NP7 8,249.09,111.87
NP7 9,225.52,105.36
NP8 1,168.51,84.68
NR1 1,326.46,134.64
NR1 2,320.23,133.25
NR1 3,306.34,130.62
NR1 4,305.19,130.94
NR10 3,307.17,129.81
NR10 4,297.71,130.48
NR10 5,292.54,128.75
NR11 6,287.79,128.23
NR11 7,289.71,128.82
NR11 8,246.64,119.51
NR12 0,264.28,127.24
NR12 7,304.48,130.48
NR12 8,300.55,131.16
NR12 9,279.72,127.94
NR13 3,329.27,137.11
NR13 4,323.75,135.21
NR13 5,327.38,135.72
NR13 6,316.94,134.77
NR14 6,342.19,137.57
NR14 7,332.25,136.01
NR14 8,322.48,134.26
NR15 1,332.28,136.02
NR15 2,330.22,136.83
NR16 1,315.84,134.13
NR16 2,333.16,135.41
NR17 1,323.19,133.97
NR17 2,321.88,134.45
NR18 0,312.45,130.92
NR18 8,317.61,131.69
NR18 9,309.26,130.8
NR19 1,326.41,133.04
NR19 2,322.28,132.4
NR19 9,319.07,131.62
NR2 1,309.0,131.59
NR2 2,307.29,131.11
NR2 3,309.0,131.61
NR2 4,323.07,134.45
NR20 3,312.47,130.87
NR20 4,321.53,132.2
NR20 5,292.92,128.13
NR21 0,280.95,126.34
NR21 1,286.87,126.18
NR21 7,276.68,124.63
NR21 8,282.18,125.38
NR21 9,279.7,124.76
NR22 6,290.53,128.34
NR23 1,271.88,125.47
NR24 2,256.02,120.1
NR25 6,252.76,120.64
NR25 7,254.79,121.0
NR25 9,252.87,120.25
NR26 8,235.75,117.44
NR26 9,241.92,119.57
NR27 0,215.34,111.21
NR27 7,222.52,113.15
NR27 9,227.48,114.44
NR28 0,272.85,125.94
NR28 8,281.17,127.35
NR28 9,272.33,127.07
NR29 3,303.35,134.09
NR29 4,270.23,128.25
NR29 5,309.2,134.44
NR3 1,325.09,134.62
NR3 2,314.09,132.81
NR3 3,321.53,133.98
NR3 4,323.23,134.36
NR30 1,311.32,136.46
NR30 2,259.93,128.21
NR30 3,251.14,124.01
NR30 4,274.96,131.98
NR30 5,275.82,130.6
NR30 9,259.93,128.21
NR31 0,270.83,129.71
NR31 6,246.53,121.48
NR31 7,257.64,124.5
NR31 8,266.54,127.01
NR31 9,302.04,133.27
NR32 1,266.05,124.82
NR32 2,273.96,125.98
NR32 3,287.73,128.64
NR32 4,268.55,125.32
NR32 5,298.64,131.61
NR32 9,279.76,127.1
NR33 0,272.0,124.95
NR33 7,276.58,127.06
NR33 8,299.18,131.19
NR33 9,282.48,127.68
NR34 0,340.97,137.12
NR34 4,352.81,138.27
NR34 7,314.49,133.38
NR34 8,343.43,137.15
NR34 9,351.52,138.08
NR35 1,350.35,138.23
NR35 2,344.53,138.02
NR35 9,361.18,139.56
NR4 6,304.74,130.41
NR4 7,293.09,127.77
NR5 0,295.92,127.88
NR5 8,312.63,132.48
NR5 9,302.94,129.85
NR6 5,307.07,130.75
NR6 6,311.01,131.6
NR6 7,323.31,134.68
NR7 0,322.63,134.37
NR7 7,332.95,136.36
NR7 8,325.83,135.83
NR7 9,318.08,134.16
NR8 5,303.13,128.65
NR8 6,303.72,129.5
NR8 7,298.13,128.59
NR9 3,302.89,129.23
NR9 4,316.81,131.89
NR9 5,307.89,130.97
NW1 0,358.93,138.88
NW1 1,366.87,138.46
NW1 2,366.88,138.47
NW1 3,366.88,138.47
NW1 4,370.43,139.02
NW1 5,362.24,137.97
NW1 6,367.83,138.77
NW1 7,364.93,138.64
NW1 8,360.79,138.72
NW1 9,358.88,138.88
NW10 0,349.14,136.46
NW10 1,355.73,137.8
NW10 2,345.28,136.59
NW10 3,341.89,136.06
NW10 4,343.48,136.31
NW10 5,346.99,136.32
NW10 6,355.88,138.19
NW10 7,356.41,138.18
NW10 8,354.35,137.78
NW10 9,352.22,137.39
NW11 0,337.18,134.67
NW11 1,337.19,134.67
NW11 6,304.31,129.94
NW11 7,321.64,132.33
NW11 8,333.91,134.46
NW11 9,337.19,134.67
NW2 1,346.59,136.75
NW2 2,337.29,134.87
NW2 3,337.31,134.87
NW2 4,341.11,135.79
NW2 5,341.12,135.79
NW2 6,355.09,137.67
NW2 7,340.45,135.52
NW2 8,347.04,136.91
NW2 9,346.24,136.54
NW3 1,303.65,129.91
NW3 2,339.33,135.32
NW3 3,342.03,135.58
NW3 4,342.01,135.58
NW3 5,312.03,131.17
NW3 6,340.2,135.32
NW3 7,310.51,130.91
NW3 9,312.02,131.17
NW4 1,335.1,134.18
NW4 2,340.55,135.65
NW4 3,340.57,135.65
NW4 4,341.35,135.38
NW4 9,330.35,133.52
NW5 1,350.54,137.17
NW5 2,344.79,136.64
NW5 3,360.76,138.72
NW5 4,350.58,137.17
NW5 9,350.58,137.17
NW6 1,327.66,133.32
NW6 2,341.27,135.5
NW6 3,341.29,135.5
NW6 4,341.3,135.5
NW6 5,354.1,137.48
NW6 6,351.82,137.24
NW6 7,344.43,136.11
NW6 9,354.07,137.48
NW7 0,344.37,135.21
NW7 1,323.8,132.23
NW7 2,345.2,135.39
NW7 3,354.02,136.13
NW7 4,330.7,132.83
NW8 0,347.82,136.41
NW8 6,357.48,137.65
NW8 7,357.5,137.65
NW8 8,356.21,137.53
NW8 9,356.19,137.53
NW9 0,355.49,136.71
NW9 1,361.3,138.01
NW9 4,359.0,137.58
NW9 5,358.98,137.58
NW9 6,361.31,138.02
NW9 7,351.07,137.0
NW9 8,355.01,137.32
NW9 9,355.22,136.51
OL1 1,135.31,70.17
OL1 2,145.98,76.97
OL1 3,137.51,71.6
OL1 4,125.59,63.24
OL1 9,125.86,63.67
OL10 1,151.27,79.07
OL10 2,149.45,78.03
OL10 3,143.46,74.04
OL10 4,143.38,73.73
OL10 9,148.78,77.41
OL11 1,143.91,73.7
OL11 2,143.66,74.62
OL11 3,151.49,78.98
OL11 4,154.3,79.77
OL11 5,132.69,66.66
OL12 0,119.11,55.37
OL12 6,114.08,52.48
OL12 7,113.35,53.32
OL12 8,101.06,43.68
OL12 9,123.29,58.52
OL13 0,98.39,42.77
OL13 3,108.14,49.86
OL13 8,101.79,45.63
OL13 9,100.15,43.87
OL14 5,159.42,85.5
OL14 6,122.43,60.12
OL14 7,109.55,49.86
OL14 8,111.61,52.47
OL14 9,156.54,83.22
OL15 0,116.46,55.91
OL15 8,140.11,71.66
OL15 9,126.46,61.36
OL16 1,144.5,73.99
OL16 2,142.21,72.95
OL16 3,128.64,65.4
OL16 4,133.47,68.16
OL16 5,138.23,70.66
OL16 9,144.5,73.99
OL2 5,136.58,70.18
OL2 6,131.31,66.83
OL2 7,127.74,64.16
OL2 8,120.94,59.57
OL3 5,106.38,49.55
OL3 6,108.93,51.28
OL3 7,91.78,39.22
OL4 1,136.31,70.8
OL4 2,113.46,55.13
OL4 3,110.89,53.28
OL4 4,120.39,59.54
OL4 5,135.04,69.97
OL5 0,119.96,59.48
OL5 9,141.6,74.25
OL6 0,162.33,89.55
OL6 6,157.81,86.97
OL6 7,162.33,89.55
OL6 8,145.28,77.98
OL6 9,138.42,73.05
OL7 0,161.88,89.17
OL7 9,154.52,84.79
OL8 1,136.21,70.96
OL8 2,140.67,74.03
OL8 3,149.48,80.79
OL8 4,143.45,75.97
OL9 0,151.47,80.62
OL9 6,141.14,73.58
OL9 7,151.18,81.29
OL9 8,151.62,81.43
OL9 9,155.73,83.64
OX1 1,336.67,132.18
OX1 2,336.65,132.17
OX1 3,328.73,130.87
OX1 4,340.09,133.31
OX1 5,321.52,129.97
OX1 9,339.58,133.17
OX10 0,363.13,137.46
OX10 1,364.74,137.79
OX10 6,345.98,134.23
OX10 7,364.33,137.93
OX10 8,360.07,136.97
OX10 9,354.35,136.0
OX11 0,340.04,132.86
OX11 1,357.53,134.58
OX11 6,346.84,134.04
OX11 7,353.33,134.73
OX11 8,356.32,134.83
OX11 9,353.31,135.45
OX12 0,371.11,137.85
OX12 2,343.2,133.17
OX12 7,361.48,135.79
OX12 8,310.31,126.52
OX12 9,312.78,127.27
OX13 5,349.45,135.06
OX13 6,366.97,138.37
OX14 1,364.28,137.91
OX14 2,345.49,134.13
OX14 3,364.04,137.8
OX14 4,367.54,138.28
OX14 5,376.16,139.21
OX14 9,380.37,139.61
OX15 0,321.44,129.59
OX15 4,313.55,127.59
OX15 5,306.31,126.46
OX15 6,298.1,125.09
OX16 0,310.68,128.5
OX16 1,314.68,129.64
OX16 2,335.13,133.84
OX16 3,336.53,134.08
OX16 4,337.67,134.08
OX16 5,331.84,132.96
OX16 6,338.6,134.31
OX16 9,320.92,130.5
OX17 1,302.97,127.45
OX17 2,298.95,126.68
OX17 3,319.35,129.35
OX18 1,301.98,124.81
OX18 2,322.07,128.99
OX18 3,308.35,126.1
OX18 4,275.37,119.65
OX18 9,308.26,125.94
OX2 0,336.48,132.41
OX2 6,326.96,130.87
OX2 7,323.37,130.81
OX2 8,323.34,130.88
OX2 9,318.99,129.46
OX20 1,310.01,126.64
OX25 1,350.04,136.59
OX25 2,352.68,136.57
OX25 3,344.24,134.49
OX25 4,328.42,131.24
OX25 5,317.45,129.24
OX25 6,320.64,129.92
OX26 1,345.81,133.54
OX26 2,341.26,133.07
OX26 3,333.21,131.5
OX26 4,328.01,129.82
OX26 5,323.9,128.53
OX26 6,342.26,133.62
OX26 9,328.01,129.82
OX27 0,348.09,135.18
OX27 7,310.65,127.63
OX27 8,321.71,129.39
OX27 9,327.87,130.66
OX28 1,330.63,131.87
OX28 2,328.41,131.52
OX28 3,330.45,131.64
OX28 4,327.22,130.82
OX28 5,321.11,129.4
OX28 6,335.84,132.87
OX28 9,328.14,130.95
OX29 0,305.16,125.37
OX29 4,332.53,131.53
OX29 5,335.84,132.53
OX29 6,315.99,128.58
OX29 7,326.12,130.56
OX29 8,313.48,127.47
OX29 9,288.92,122.61
OX3 0,324.55,130.46
OX3 7,321.85,129.96
OX3 8,314.06,128.99
OX3 9,326.56,131.54
OX33 1,337.74,135.31
OX39 4,313.42,127.63
OX4 1,335.94,132.27
OX4 2,333.98,132.14
OX4 3,338.53,132.45
OX4 4,339.99,132.39
OX4 6,342.11,132.8
OX4 7,343.19,132.91
OX4 9,347.56,133.5
OX44 7,355.31,137.05
OX44 9,342.53,134.34
OX49 5,315.16,127.93
OX5 1,330.69,131.08
OX5 2,343.58,134.95
OX5 3,331.08,131.62
OX5 9,342.84,132.7
OX7 3,291.15,122.32
OX7 4,290.29,122.76
OX7 5,277.2,119.97
OX7 6,274.88,119.22
OX7 7,307.14,126.82
OX7 9,287.42,122.65
OX9 0,361.1,138.09
OX9 2,357.43,137.75
OX9 3,354.65,136.98
OX9 7,351.07,135.29
PA1 1,158.23,90.68
PA1 2,154.95,88.57
PA1 3,157.76,90.35
PA10 2,103.43,48.29
PA11 3,96.48,43.6
PA12 4,86.64,34.26
PA13 4,86.56,36.51
PA14 5,97.99,47.65
PA14 6,109.65,56.03
PA15 1,100.05,51.88
PA15 2,101.4,50.89
PA15 3,78.41,31.83
PA15 4,95.94,48.24
PA15 9,100.96,51.79
PA16 0,74.94,29.47
PA16 7,95.18,48.62
PA16 8,92.82,46.88
PA16 9,66.57,23.71
PA17 5,84.72,37.65
PA18 6,76.14,29.59
PA19 1,75.36,29.12
PA2 0,131.26,72.17
PA2 6,149.8,85.16
PA2 7,149.1,84.3
PA2 8,103.3,48.77
PA2 9,145.22,81.71
PA20 0,87.01,40.11
PA20 9,81.41,37.13
PA21 2,71.11,26.17
PA22 3,63.34,18.14
PA23 7,63.26,19.79
PA23 8,64.5,19.04
PA23 9,83.46,34.31
PA24 8,53.11,12.95
PA25 8,59.31,15.36
PA26 8,53.67,12.46
PA27 8,60.37,16.67
PA28 6,66.76,25.63
PA29 6,76.55,32.08
PA3 1,157.39,90.45
PA3 2,172.66,99.46
PA3 3,153.17,87.35
PA3 4,159.85,91.82
PA3 9,156.16,89.73
PA30 8,67.69,23.11
PA31 8,70.69,25.25
PA31 9,76.94,28.33
PA32 8,62.2,16.88
PA33 1,58.69,14.94
PA34 4,65.77,20.74
PA34 5,69.69,26.05
PA34 9,73.39,28.86
PA35 1,60.44,16.0
PA36 4,54.46,13.8
PA37 1,67.34,22.26
PA38 4,54.45,13.4
PA4 0,156.96,90.43
PA4 8,157.2,90.91
PA4 9,160.7,92.75
PA41 7,82.6,46.2
PA42 7,73.56,33.72
PA43 7,93.16,48.56
PA44 7,92.27,47.28
PA45 7,85.74,41.58
PA46 7,77.33,34.91
PA47 7,52.98,18.69
PA48 7,66.14,27.48
PA49 7,82.08,40.21
PA5 0,116.8,58.06
PA5 5,144.58,80.87
PA5 8,132.24,72.1
PA5 9,128.8,69.02
PA6 7,132.29,72.88
PA60 7,69.67,27.17
PA61 7,97.24,54.13
PA62 6,54.09,11.97
PA63 6,58.48,15.65
PA64 6,71.19,23.62
PA65 6,61.05,15.74
PA66 6,88.4,46.81
PA67 6,77.89,34.4
PA68 6,54.8,14.22
PA69 6,57.76,15.42
PA7 5,139.74,78.41
PA70 6,56.53,13.9
PA71 6,67.15,20.2
PA72 6,71.56,25.17
PA73 6,64.44,21.46
PA74 6,58.69,17.26
PA75 6,64.17,21.67
PA76 6,80.89,40.91
PA77 6,72.47,38.59
PA78 6,56.42,19.98
PA8 6,146.9,83.94
PA8 7,156.4,90.61
PA80 5,60.68,17.12
PA9 1,106.81,51.77
PE1 1,366.9,137.56
PE1 2,366.31,138.1
PE1 3,365.01,138.41
PE1 4,358.94,137.14
PE1 5,358.95,136.99
PE1 9,366.9,137.56
PE10 0,344.94,136.33
PE10 1,364.01,138.51
PE10 2,375.46,140.5
PE10 9,364.72,138.8
PE11 1,336.69,135.07
PE11 2,341.51,136.52
PE11 3,349.24,137.33
PE11 4,327.04,135.21
PE11 5,345.13,136.49
PE11 6,347.83,136.76
PE11 7,348.56,137.03
PE11 9,337.23,136.14
PE12 0,338.17,137.35
PE12 6,328.12,135.03
PE12 7,316.37,134.26
PE12 8,316.63,134.53
PE12 9,309.06,132.64
PE13 1,346.62,139.02
PE13 2,340.77,137.82
PE13 3,346.55,139.02
PE13 4,355.17,139.76
PE13 5,328.92,135.73
PE14 0,356.21,140.07
PE14 4,343.95,138.52
PE14 7,330.13,135.69
PE14 8,342.13,138.06
PE14 9,358.59,140.15
PE15 0,373.21,141.34
PE15 5,370.49,140.53
PE15 8,372.09,140.71
PE15 9,371.95,140.74
PE16 6,378.43,141.12
PE16 9,375.56,140.26
PE19 0,351.96,137.71
PE19 1,350.51,137.21
PE19 2,369.47,140.74
PE19 5,363.45,139.86
PE19 6,359.72,138.98
PE19 7,357.7,138.8
PE19 8,366.28,140.39
PE19 9,353.26,137.69
PE2 5,366.36,138.68
PE2 6,372.74,139.87
PE2 7,366.67,138.14
PE2 8,355.52,135.85
PE2 9,358.5,136.38
PE20 1,302.71,131.72
PE20 2,314.95,134.27
PE20 3,314.6,133.04
PE21 0,287.14,128.12
PE21 1,292.37,128.27
PE21 6,300.05,130.4
PE21 7,292.44,128.6
PE21 8,296.79,129.73
PE21 9,288.72,128.04
PE22 0,296.55,130.62
PE22 7,303.1,130.47
PE22 8,297.73,130.78
PE22 9,300.28,130.81
PE23 4,265.39,122.45
PE23 5,279.73,125.43
PE23 9,273.04,123.57
PE24 4,273.22,126.76
PE24 5,263.18,123.98
PE25 1,239.16,118.38
PE25 2,251.08,121.73
PE25 3,241.02,120.11
PE25 9,237.09,117.72
PE26 1,359.25,139.47
PE26 2,373.81,141.23
PE27 3,359.81,139.78
PE27 4,371.39,140.7
PE27 5,366.42,140.04
PE27 6,358.72,139.23
PE27 9,365.75,140.06
PE28 0,356.61,138.46
PE28 2,359.07,140.16
PE28 3,364.14,140.69
PE28 4,362.1,140.22
PE28 5,352.42,138.1
PE28 9,366.63,139.86
PE29 1,361.7,140.41
PE29 2,360.67,139.77
PE29 3,367.08,140.69
PE29 6,363.34,140.12
PE29 7,354.74,139.38
PE29 9,366.84,140.74
PE3 6,371.4,138.94
PE3 7,366.14,138.41
PE3 8,367.04,138.22
PE3 9,366.15,138.41
PE30 1,309.56,132.26
PE30 2,307.5,131.95
PE30 3,303.55,131.35
PE30 4,307.39,131.81
PE30 5,312.1,132.63
PE30 9,299.92,130.07
PE31 6,286.85,127.65
PE31 7,288.13,130.24
PE31 8,268.75,124.09
PE32 1,294.32,129.15
PE32 2,277.24,125.34
PE33 0,321.27,135.21
PE33 9,321.49,134.99
PE34 3,329.0,136.14
PE34 4,319.59,134.14
PE35 6,295.04,128.63
PE36 5,273.04,126.29
PE36 6,255.93,123.51
PE36 9,262.81,124.8
PE37 7,286.8,127.77
PE37 8,305.85,130.86
PE38 0,337.49,137.31
PE38 8,321.08,134.65
PE38 9,324.61,135.54
PE4 5,366.89,138.44
PE4 6,368.61,138.78
PE4 7,367.14,139.16
PE5 7,369.1,140.2
PE6 0,360.23,140.04
PE6 7,360.27,138.35
PE6 8,358.01,138.81
PE6 9,352.71,137.51
PE7 0,362.97,137.18
PE7 1,372.67,140.44
PE7 2,370.8,140.58
PE7 3,360.56,138.55
PE7 4,369.58,139.64
PE7 5,345.74,134.6
PE7 7,354.02,137.42
PE7 8,362.02,137.76
PE8 4,373.27,138.37
PE8 5,344.78,134.99
PE8 6,333.59,134.83
PE9 1,314.33,131.8
PE9 2,313.85,131.68
PE9 3,309.57,130.0
PE9 4,326.63,133.49
PH1 0,194.02,102.69
PH1 1,186.48,100.36
PH1 2,206.64,108.75
PH1 3,153.15,82.42
PH1 4,166.54,89.48
PH1 5,215.44,112.51
PH10 6,166.02,90.1
PH10 7,85.84,40.22
PH10 9,184.32,99.07
PH11 8,115.32,60.81
PH12 8,177.76,93.63
PH13 9,174.28,93.09
PH14 9,175.71,94.61
PH15 2,79.33,35.23
PH16 5,120.28,65.62
PH16 9,199.42,108.51
PH17 2,84.19,40.43
PH18 5,77.78,35.9
PH19 1,65.37,28.3
PH2 0,149.98,80.1
PH2 1,229.72,118.77
PH2 6,182.96,97.74
PH2 7,201.53,107.98
PH2 8,211.58,110.98
PH2 9,162.29,84.87
PH20 1,73.21,34.17
PH21 1,92.14,47.65
PH22 1,77.55,35.08
PH23 3,130.98,71.56
PH24 3,170.85,97.27
PH25 3,132.0,71.67
PH26 3,132.33,72.45
PH26 9,177.41,98.4
PH3 1,144.92,77.42
PH30 4,51.0,15.24
PH31 4,59.9,21.18
PH32 4,61.75,25.05
PH33 6,53.65,13.73
PH33 7,58.93,16.71
PH34 4,55.75,16.38
PH35 4,56.04,17.06
PH36 4,62.32,19.17
PH37 4,56.99,13.78
PH38 4,59.72,15.21
PH39 4,60.24,18.84
PH4 1,105.03,50.38
PH40 4,59.61,16.21
PH41 2,57.66,22.9
PH41 4,51.78,12.16
PH42 4,48.48,13.07
PH43 4,51.23,11.71
PH44 4,47.97,11.18
PH49 4,50.98,11.96
PH5 2,133.78,71.79
PH50 4,47.52,10.53
PH6 2,83.24,34.92
PH7 3,144.08,77.98
PH7 4,121.08,63.99
PH7 9,173.3,94.7
PH8 0,102.18,49.95
PH9 0,149.32,82.36
PL1 1,199.76,100.48
PL1 2,199.79,100.48
PL1 3,199.74,100.78
PL1 4,190.11,96.86
PL1 5,187.69,95.45
PL1 9,199.77,100.48
PL10 1,147.58,78.32
PL11 2,185.51,93.74
PL11 3,160.12,83.47
PL12 4,189.99,93.77
PL12 5,180.0,88.55
PL12 6,191.63,91.56
PL12 9,192.74,95.19
PL13 1,151.64,78.41
PL13 2,146.5,76.29
PL13 9,160.78,84.22
PL14 3,173.16,86.03
PL14 4,155.78,77.45
PL14 5,139.4,68.45
PL14 6,133.17,63.93
PL14 9,163.96,82.18
PL15 0,194.93,98.25
PL15 7,136.43,67.52
PL15 8,168.64,85.83
PL15 9,205.2,100.47
PL16 0,197.54,96.93
PL17 0,164.24,81.46
PL17 7,183.93,89.96
PL17 8,176.3,86.72
PL18 9,181.73,88.48
PL19 0,149.12,74.07
PL19 1,183.03,88.38
PL19 8,172.49,83.83
PL19 9,104.57,44.84
PL2 1,190.85,96.54
PL2 2,200.95,99.92
PL2 3,188.6,94.65
PL20 6,98.03,39.34
PL20 7,170.57,83.83
PL21 0,160.52,78.68
PL21 1,172.71,83.81
PL21 9,130.81,61.95
PL22 0,170.47,85.25
PL23 1,179.63,92.95
PL24 2,167.64,85.79
PL25 3,159.6,82.9
PL25 4,151.09,78.66
PL25 5,143.29,73.33
PL25 9,165.71,86.51
PL26 6,158.3,82.45
PL26 7,154.6,79.2
PL26 8,138.26,68.9
PL27 6,185.16,97.23
PL27 7,166.13,87.99
PL27 9,205.91,103.36
PL28 8,160.11,87.84
PL29 3,164.39,89.2
PL3 4,187.94,94.93
PL3 5,188.07,94.16
PL3 6,188.2,93.89
PL30 3,158.23,83.25
PL30 4,128.02,63.72
PL30 5,158.26,80.05
PL31 1,161.94,82.18
PL31 2,158.41,82.0
PL31 9,162.44,83.91
PL32 9,116.66,54.26
PL33 9,123.98,61.49
PL34 0,134.67,71.77
PL35 0,115.67,55.87
PL4 0,201.53,100.99
PL4 6,198.24,99.69
PL4 7,192.04,97.33
PL4 8,185.36,94.65
PL4 9,204.36,101.7
PL5 1,198.67,98.42
PL5 2,202.79,99.68
PL5 3,196.26,97.58
PL5 4,193.7,94.94
PL5 9,199.6,98.85
PL6 5,181.64,90.92
PL6 6,184.11,91.57
PL6 7,156.08,77.52
PL6 8,186.67,92.22
PL7 1,186.93,92.02
PL7 2,191.63,92.64
PL7 4,183.19,89.68
PL7 5,143.47,69.83
PL7 9,201.31,96.76
PL8 1,162.57,85.06
PL8 2,173.13,87.7
PL9 0,151.67,79.42
PL9 7,197.89,98.86
PL9 8,177.2,89.77
PL9 9,164.98,85.23
PO1 1,285.8,127.9
PO1 2,278.59,126.79
PO1 3,280.07,126.83
PO1 4,285.78,127.9
PO1 5,288.86,128.4
PO1 9,285.8,127.9
PO10 7,318.03,129.75
PO10 8,316.04,129.65
PO10 9,318.94,130.62
PO11 0,303.57,130.53
PO11 1,290.73,128.84
PO11 9,289.09,128.67
PO12 1,271.68,124.83
PO12 2,273.17,125.42
PO12 3,270.4,123.98
PO12 4,275.89,125.01
PO12 9,270.36,124.18
PO13 0,287.06,126.57
PO13 8,276.38,125.39
PO13 9,282.62,126.79
PO14 1,289.83,126.61
PO14 2,284.17,126.17
PO14 3,288.74,126.85
PO14 4,289.0,125.92
PO14 9,294.37,126.84
PO15 5,293.99,126.22
PO15 6,303.45,127.53
PO15 7,308.84,127.47
PO16 0,294.35,126.84
PO16 7,296.68,126.62
PO16 8,305.02,128.19
PO16 9,311.95,130.2
PO17 4,304.11,126.85
PO17 5,310.81,127.22
PO17 6,312.02,128.21
PO18 0,288.94,122.35
PO18 8,331.58,132.34
PO18 9,284.6,121.47
PO19 1,331.29,132.05
PO19 3,333.54,132.31
PO19 5,325.06,130.83
PO19 6,327.32,131.52
PO19 7,326.73,131.1
PO19 8,329.5,131.45
PO19 9,331.32,132.05
PO2 0,308.47,130.62
PO2 7,293.72,128.99
PO2 8,300.99,129.84
PO2 9,317.9,131.56
PO20 0,264.1,124.23
PO20 1,310.25,129.64
PO20 2,315.76,130.01
PO20 3,316.64,129.65
PO20 7,302.4,129.71
PO20 8,292.81,128.65
PO20 9,272.83,125.24
PO21 1,282.34,126.33
PO21 2,280.39,125.25
PO21 3,291.56,127.45
PO21 4,282.57,126.1
PO21 5,290.34,126.92
PO21 9,283.93,126.61
PO22 0,311.08,128.91
PO22 6,280.61,125.12
PO22 7,270.81,123.76
PO22 8,283.2,125.91
PO22 9,299.67,128.47
PO3 5,311.02,130.79
PO3 6,297.29,129.73
PO30 1,294.96,127.14
PO30 2,293.18,127.31
PO30 3,275.15,123.33
PO30 4,267.79,123.16
PO30 5,285.39,125.93
PO30 9,298.0,128.31
PO31 7,276.82,124.31
PO31 8,284.94,125.99
PO32 6,284.4,126.45
PO33 1,252.12,119.95
PO33 2,276.1,126.17
PO33 3,277.13,125.99
PO33 4,284.33,126.65
PO33 9,278.19,126.44
PO34 5,245.69,118.42
PO35 5,237.3,115.79
PO36 0,283.5,125.98
PO36 6,270.19,122.9
PO36 8,252.27,120.1
PO36 9,277.2,124.28
PO37 6,209.97,106.55
PO37 7,251.51,118.45
PO38 1,207.34,108.23
PO38 2,215.54,110.73
PO38 3,262.59,121.74
PO38 9,263.32,124.69
PO39 0,218.61,108.27
PO4 0,281.73,127.48
PO4 8,290.84,128.7
PO4 9,279.81,127.2
PO40 0,260.76,119.46
PO40 9,260.63,120.04
PO41 0,273.61,123.84
PO5 1,282.97,127.63
PO5 2,279.71,127.26
PO5 3,277.99,126.88
PO5 4,282.95,127.63
PO6 1,313.96,129.25
PO6 2,322.68,130.95
PO6 3,305.81,128.3
PO6 4,315.06,130.25
PO6 9,327.84,132.03
PO7 3,317.86,129.3
PO7 4,289.36,122.26
PO7 5,314.83,129.07
PO7 6,305.7,126.62
PO7 7,310.08,127.55
PO7 8,311.08,127.36
PO7 9,314.63,128.35
PO8 0,274.54,118.46
PO8 8,307.49,126.27
PO8 9,295.09,123.45
PO9 1,334.24,133.52
PO9 2,323.94,130.64
PO9 3,327.11,131.86
PO9 4,317.98,128.41
PO9 5,308.3,126.21
PO9 6,292.67,122.95
PO9 9,335.67,133.35
PR1 0,173.15,97.37
PR1 1,155.46,84.32
PR1 2,154.53,82.9
PR1 3,151.05,81.05
PR1 4,158.33,86.24
PR1 5,150.96,81.44
PR1 6,154.83,84.01
PR1 7,160.11,87.43
PR1 8,159.12,86.29
PR1 9,160.19,88.49
PR2 1,168.81,94.63
PR2 2,167.17,92.96
PR2 3,160.44,87.93
PR2 5,150.72,82.33
PR2 6,152.63,83.25
PR2 7,160.63,88.35
PR2 8,157.07,85.46
PR2 9,151.9,82.63
PR25 1,194.98,110.5
PR25 2,189.14,107.52
PR25 3,171.65,96.82
PR25 4,170.33,95.78
PR25 5,159.87,88.6
PR25 9,189.12,107.52
PR26 6,181.86,103.32
PR26 7,197.63,111.72
PR26 8,189.33,106.4
PR26 9,185.86,103.43
PR3 0,173.97,95.6
PR3 1,116.49,55.61
PR3 2,117.82,56.74
PR3 3,144.65,75.47
PR3 5,165.44,89.87
PR3 6,174.6,97.49
PR3 8,131.19,65.36
PR3 9,154.82,82.82
PR4 0,175.93,98.0
PR4 1,189.65,105.69
PR4 2,177.75,100.42
PR4 3,175.85,99.68
PR4 4,178.24,100.28
PR4 5,187.21,104.35
PR4 6,194.22,106.86
PR4 9,177.83,100.48
PR5 0,155.68,84.6
PR5 4,159.49,87.67
PR5 5,162.84,91.12
PR5 6,156.72,86.07
PR5 8,149.01,80.28
PR5 9,158.46,87.28
PR6 0,147.79,77.52
PR6 6,152.3,80.22
PR6 7,149.32,80.13
PR6 8,120.39,60.16
PR6 9,123.52,61.4
PR7 1,161.22,86.3
PR7 2,159.85,85.15
PR7 3,151.9,80.02
PR7 4,150.42,79.07
PR7 5,160.29,86.71
PR7 6,168.95,92.91
PR7 7,162.61,89.42
PR8 1,170.53,100.28
PR8 2,167.0,98.71
PR8 3,171.23,99.75
PR8 4,185.02,106.53
PR8 5,181.14,102.5
PR8 6,181.72,104.78
PR8 9,189.65,108.15
PR9 0,170.86,99.77
PR9 7,181.51,103.59
PR9 8,187.79,105.18
PR9 9,177.35,102.13
RG1 1,347.1,134.68
RG1 2,360.16,137.78
RG1 3,355.87,137.23
RG1 4,360.05,137.68
RG1 5,352.98,136.72
RG1 6,362.26,138.07
RG1 7,361.52,137.91
RG1 8,363.95,138.23
RG1 9,347.11,134.68
RG10 0,369.52,138.32
RG10 8,357.24,135.86
RG10 9,357.62,136.31
RG12 0,325.6,130.81
RG12 1,350.44,136.12
RG12 2,339.01,134.14
RG12 7,320.27,129.28
RG12 8,334.74,131.92
RG12 9,331.08,131.94
RG14 1,297.8,123.63
RG14 2,326.59,130.23
RG14 3,317.47,128.98
RG14 5,330.34,130.04
RG14 6,298.2,124.26
RG14 7,332.09,129.93
RG14 9,330.34,130.04
RG17 0,307.46,125.45
RG17 1,321.8,128.1
RG17 7,290.33,122.21
RG17 8,302.06,124.17
RG17 9,285.92,121.48
RG18 0,335.15,132.26
RG18 3,351.6,134.84
RG18 4,344.65,134.1
RG18 9,332.38,131.85
RG19 3,352.68,133.6
RG19 4,349.27,133.35
RG19 6,318.46,127.56
RG19 8,331.72,129.21
RG2 0,370.98,139.24
RG2 1,364.31,136.97
RG2 6,375.43,139.74
RG2 7,357.6,137.19
RG2 8,351.48,136.0
RG2 9,371.57,138.23
RG20 0,299.26,124.47
RG20 4,325.55,127.48
RG20 5,314.24,124.34
RG20 6,333.13,132.54
RG20 7,307.86,126.7
RG20 8,315.03,128.23
RG20 9,289.9,122.04
RG21 3,317.54,127.75
RG21 4,328.37,129.56
RG21 5,323.85,128.66
RG21 6,326.15,129.06
RG21 7,324.57,128.66
RG21 8,313.02,126.44
RG22 4,300.91,124.13
RG22 5,313.56,126.6
RG22 6,312.77,126.15
RG23 7,305.34,124.52
RG23 8,314.66,126.59
RG24 4,324.05,128.66
RG24 7,341.58,132.21
RG24 8,347.29,132.63
RG24 9,337.46,131.19
RG25 2,292.4,122.7
RG25 3,308.73,125.33
RG26 3,345.5,133.27
RG26 4,337.34,131.62
RG26 5,322.85,127.86
RG27 0,354.34,134.96
RG27 8,346.99,134.52
RG27 9,336.37,132.27
RG28 7,301.17,124.43
RG29 1,309.05,127.69
RG30 1,363.09,138.25
RG30 2,354.91,136.98
RG30 3,362.51,137.5
RG30 4,346.73,135.65
RG30 6,355.82,137.13
RG30 9,363.96,138.23
RG31 4,339.98,133.51
RG31 5,340.3,133.64
RG31 6,341.68,133.84
RG31 7,362.89,137.32
RG4 5,358.98,137.78
RG4 6,352.32,136.31
RG4 7,333.34,132.84
RG4 8,334.92,133.03
RG4 9,329.27,132.07
RG40 1,345.34,134.05
RG40 2,352.9,135.5
RG40 3,352.77,135.58
RG40 4,359.7,136.5
RG40 5,361.06,136.77
RG40 9,366.41,137.8
RG41 1,371.63,138.05
RG41 2,365.42,137.78
RG41 3,356.15,135.27
RG41 4,353.97,135.26
RG41 5,365.73,137.42
RG42 1,351.29,136.09
RG42 2,357.7,137.46
RG42 3,353.1,136.65
RG42 4,354.36,136.41
RG42 5,370.65,138.83
RG42 6,370.71,139.28
RG42 7,345.51,135.16
RG45 6,350.5,135.25
RG45 7,343.63,134.02
RG5 3,354.96,136.94
RG5 4,360.0,137.5
RG6 1,353.46,136.92
RG6 3,375.31,139.12
RG6 4,372.16,138.89
RG6 5,350.87,136.19
RG6 6,344.25,135.04
RG6 7,362.67,138.0
RG6 9,351.89,136.67
RG7 1,359.01,136.33
RG7 2,352.05,134.14
RG7 3,337.27,131.75
RG7 4,343.15,133.06
RG7 5,347.8,134.14
RG7 6,340.97,133.23
RG7 8,330.56,130.5
RG8 0,327.61,131.32
RG8 1,349.67,133.56
RG8 6,363.61,136.38
RG8 7,330.05,131.54
RG8 8,341.26,133.4
RG8 9,324.79,130.23
RG9 1,348.51,134.31
RG9 2,360.09,135.45
RG9 3,363.53,135.68
RG9 4,330.54,131.62
RG9 5,303.74,125.44
RG9 6,310.35,125.88
RG9 9,348.8,134.19
RH1 1,326.38,130.4
RH1 2,319.76,129.27
RH1 3,295.21,124.48
RH1 4,313.89,128.49
RH1 5,336.45,131.73
RH1 6,329.13,130.34
RH1 9,319.87,129.37
RH10 0,326.09,129.15
RH10 1,318.98,128.59
RH10 2,346.94,132.49
RH10 3,330.01,130.63
RH10 4,304.52,126.09
RH10 5,294.23,123.53
RH10 6,314.0,127.29
RH10 7,285.68,122.17
RH10 8,332.12,130.67
RH10 9,347.56,132.61
RH11 0,340.89,131.53
RH11 6,329.74,129.58
RH11 7,341.55,131.83
RH11 8,326.84,129.16
RH11 9,295.09,123.23
RH12 0,322.65,128.19
RH12 1,348.41,132.09
RH12 2,345.56,132.44
RH12 3,335.4,130.5
RH12 4,321.25,127.88
RH12 5,339.19,130.48
RH12 6,322.45,127.95
RH12 9,343.05,131.39
RH13 0,345.7,131.73
RH13 5,334.94,130.2
RH13 6,324.69,128.46
RH13 8,339.15,131.1
RH13 9,338.96,131.06
RH14 0,351.19,133.26
RH14 4,358.42,134.09
RH14 9,352.32,133.17
RH15 0,320.84,127.99
RH15 5,340.59,130.01
RH15 8,336.55,129.65
RH15 9,337.09,129.74
RH16 1,297.08,124.38
RH16 2,305.47,125.77
RH16 3,317.22,128.13
RH16 4,321.35,128.11
RH16 9,307.79,126.07
RH17 5,318.41,127.27
RH17 6,287.51,122.41
RH17 7,291.21,123.64
RH18 5,286.72,123.78
RH19 1,330.38,128.82
RH19 2,347.99,132.46
RH19 3,319.93,128.04
RH19 4,298.41,124.51
RH19 9,327.97,128.87
RH2 0,305.23,126.43
RH2 2,338.81,132.01
RH2 7,340.03,131.82
RH2 8,357.43,134.03
RH2 9,342.38,132.53
RH20 1,309.82,125.19
RH20 2,323.39,127.82
RH20 3,303.42,124.53
RH20 4,273.21,118.95
RH20 6,336.43,129.7
RH20 9,308.61,125.2
RH3 7,365.92,135.12
RH4 1,360.02,133.06
RH4 2,350.58,132.05
RH4 3,336.9,130.56
RH4 9,346.11,130.83
RH5 4,336.95,130.63
RH5 5,328.74,129.32
RH5 6,310.64,126.6
RH6 0,345.91,131.85
RH6 6,350.49,132.63
RH6 7,346.2,131.79
RH6 8,355.42,133.66
RH6 9,343.74,132.23
RH7 6,351.22,133.52
RH8 0,318.4,129.29
RH8 8,327.83,130.9
RH8 9,327.15,130.41
RH9 8,320.26,129.39
RM1 1,375.76,140.19
RM1 2,374.82,140.1
RM1 3,380.64,140.94
RM1 4,374.3,140.38
RM10 7,383.61,141.24
RM10 8,385.31,141.04
RM10 9,378.66,139.27
RM11 1,374.34,139.88
RM11 2,375.5,140.01
RM11 3,379.07,140.07
RM12 4,379.26,140.39
RM12 5,389.02,141.52
RM12 6,382.02,139.96
RM12 9,374.89,139.91
RM13 0,391.9,141.18
RM13 7,390.76,141.6
RM13 8,390.65,141.3
RM13 9,393.71,141.73
RM14 1,371.23,138.58
RM14 2,377.87,138.88
RM14 3,384.62,140.88
RM14 9,380.36,139.25
RM15 4,386.59,140.71
RM15 5,373.09,138.71
RM15 6,375.05,138.72
RM15 9,374.78,139.33
RM16 2,371.35,140.1
RM16 3,367.51,139.99
RM16 4,367.55,140.17
RM16 5,385.46,140.87
RM16 6,385.39,140.49
RM17 5,386.39,141.77
RM17 6,397.2,142.9
RM17 9,397.13,142.85
RM18 7,399.55,143.12
RM18 8,380.28,141.95
RM19 1,396.71,142.06
RM2 5,379.28,140.69
RM2 6,384.56,141.45
RM20 1,387.83,140.35
RM20 2,399.63,142.3
RM20 3,400.24,142.46
RM20 4,398.62,142.5
RM3 0,380.93,140.29
RM3 3,392.4,142.54
RM3 7,360.55,138.12
RM3 8,389.01,142.07
RM3 9,366.69,138.41
RM4 1,355.58,136.51
RM5 2,361.76,137.68
RM5 3,366.9,138.93
RM6 4,368.89,139.05
RM6 5,360.62,137.6
RM6 6,368.66,139.08
RM7 0,379.13,140.7
RM7 1,376.04,140.29
RM7 7,380.92,140.92
RM7 8,371.14,139.41
RM7 9,375.4,140.14
RM8 1,373.72,139.9
RM8 2,380.16,140.78
RM8 3,378.55,140.6
RM9 4,384.24,141.01
RM9 5,383.38,141.02
RM9 6,387.78,141.0
RM9 9,378.56,140.61
S1 1,256.32,115.95
S1 2,256.32,115.95
S1 3,244.66,112.72
S1 4,266.06,118.21
S1 9,256.32,115.95
S10 1,206.36,100.8
S10 2,232.27,109.36
S10 3,190.07,95.69
S10 4,149.97,76.17
S10 5,206.96,101.83
S10 9,192.59,95.51
S11 7,160.77,84.5
S11 8,233.25,109.95
S11 9,206.17,102.83
S12 2,217.23,107.41
S12 3,237.32,113.96
S12 4,237.95,114.39
S12 9,212.51,105.62
S13 7,268.45,121.64
S13 8,237.95,114.43
S13 9,271.27,122.41
S14 1,216.01,105.73
S17 3,188.52,96.87
S17 4,223.06,109.63
S17 9,237.05,112.6
S18 1,237.28,114.32
S18 2,250.97,117.57
S18 3,229.15,111.52
S18 4,238.62,114.9
S18 7,222.02,109.86
S18 8,222.48,109.94
S18 9,258.89,119.65
S2 1,233.38,111.74
S2 2,218.29,106.4
S2 3,246.99,113.86
S2 4,263.79,117.65
S2 5,232.55,110.52
S20 1,286.49,125.78
S20 2,291.57,127.27
S20 3,299.24,128.81
S20 4,268.92,122.48
S20 5,249.68,117.72
S20 6,250.92,117.86
S20 7,272.82,122.96
S20 8,281.94,125.21
S20 9,299.22,128.81
S21 1,288.43,126.82
S21 2,285.66,126.3
S21 3,284.89,126.28
S21 4,272.13,123.26
S21 5,237.36,114.58
S25 1,265.23,120.59
S25 2,268.1,121.7
S25 3,271.6,123.03
S25 4,272.32,123.19
S25 5,271.01,122.69
S25 9,281.2,125.43
S26 1,275.72,124.1
S26 2,275.06,124.2
S26 3,270.95,124.5
S26 4,269.64,123.0
S26 5,280.86,125.44
S26 6,282.36,125.83
S26 7,265.53,121.54
S3 7,244.65,112.72
S3 8,253.62,115.5
S3 9,243.05,112.97
S32 1,163.07,84.94
S32 2,181.05,94.37
S32 3,187.82,97.0
S32 4,184.7,94.56
S32 5,164.21,85.01
S33 0,111.25,53.18
S33 6,153.0,79.23
S33 7,100.14,44.14
S33 8,133.72,68.05
S33 9,167.22,85.7
S35 0,202.41,100.57
S35 1,235.31,113.77
S35 2,248.83,117.81
S35 3,252.77,118.46
S35 4,235.46,113.47
S35 5,265.43,121.87
S35 7,210.22,104.85
S35 8,213.87,106.42
S35 9,267.71,122.43
S36 0,226.04,108.76
S36 1,190.99,95.69
S36 2,208.47,102.85
S36 3,141.88,71.66
S36 4,118.9,58.6
S36 6,184.09,93.13
S36 7,181.29,91.83
S36 8,182.77,93.2
S36 9,159.99,80.61
S4 7,257.67,117.24
S4 8,247.84,116.2
S40 1,290.17,126.11
S40 2,285.66,125.08
S40 3,266.24,120.63
S40 4,281.22,124.17
S40 9,290.18,126.11
S41 0,276.84,123.4
S41 7,295.72,127.3
S41 8,277.13,123.71
S41 9,280.69,124.75
S42 5,259.25,119.46
S42 6,240.5,113.9
S42 7,205.83,102.34
S43 1,272.26,123.04
S43 2,281.55,125.37
S43 3,295.63,128.51
S43 4,260.88,120.37
S43 9,312.37,131.65
S44 5,258.53,119.89
S44 6,263.65,121.0
S45 0,188.36,94.36
S45 8,242.49,115.58
S45 9,244.41,114.71
S5 0,255.69,119.07
S5 5,240.44,114.12
S5 6,243.0,114.78
S5 7,244.93,114.88
S5 8,241.64,113.9
S5 9,256.2,119.08
S6 1,255.7,117.63
S6 2,248.06,114.0
S6 3,268.8,118.79
S6 4,238.31,112.21
S6 5,219.7,106.35
S6 6,144.42,74.14
S6 9,265.69,118.39
S60 1,292.53,127.72
S60 2,277.03,124.45
S60 3,256.65,120.1
S60 4,273.1,124.6
S60 5,276.03,124.6
S60 8,280.83,124.96
S60 9,295.64,128.24
S61 1,265.63,122.06
S61 2,253.49,119.69
S61 3,239.11,115.78
S61 4,274.06,123.94
S62 5,298.14,129.45
S62 6,293.8,127.79
S62 7,262.98,121.68
S63 0,279.96,125.11
S63 3,313.2,132.54
S63 5,313.19,132.54
S63 6,294.45,128.01
S63 7,303.18,130.46
S63 8,305.67,130.58
S63 9,294.15,128.24
S64 0,309.45,131.3
S64 5,310.87,131.46
S64 8,301.63,130.8
S64 9,296.36,129.18
S65 1,294.07,127.86
S65 2,280.5,125.14
S65 3,292.44,127.71
S65 4,277.83,124.84
S66 1,251.19,118.62
S66 2,253.68,119.34
S66 3,250.29,118.54
S66 6,266.87,120.83
S66 7,274.15,123.04
S66 8,273.14,122.14
S66 9,265.98,122.09
S7 1,246.3,113.46
S7 2,238.9,112.55
S70 1,235.27,113.42
S70 2,252.13,118.34
S70 3,264.75,120.28
S70 4,251.75,116.8
S70 5,261.78,120.39
S70 6,245.33,116.7
S70 9,252.13,118.34
S71 1,272.91,123.27
S71 2,267.47,121.34
S71 3,261.84,120.67
S71 4,258.8,120.11
S71 5,274.61,122.52
S72 0,278.9,124.11
S72 7,268.53,121.66
S72 8,264.53,120.78
S72 9,249.43,117.36
S73 0,284.41,125.01
S73 3,282.9,124.5
S73 8,275.95,122.9
S73 9,285.56,125.23
S74 0,254.3,119.33
S74 8,277.04,124.25
S74 9,257.34,119.9
S75 1,259.42,119.9
S75 2,248.21,118.16
S75 3,246.41,116.84
S75 4,232.13,111.65
S75 5,250.58,117.19
S75 6,249.04,117.71
S8 0,237.12,111.64
S8 2,236.69,111.31
S8 7,224.96,109.24
S8 8,214.25,105.62
S8 9,228.76,108.9
S80 1,316.67,131.22
S80 2,305.91,128.94
S80 3,300.11,128.49
S80 4,281.09,126.8
S80 9,311.35,130.29
S81 0,311.38,130.32
S81 7,302.82,128.77
S81 8,301.89,128.62
S81 9,306.85,129.06
S9 1,269.04,122.73
S9 2,278.46,123.9
S9 3,273.05,121.19
S9 4,252.65,117.77
S9 5,267.8,121.29
SA1 1,160.07,82.22
SA1 2,146.0,73.67
SA1 3,160.07,82.22
SA1 4,161.89,83.11
SA1 5,153.85,78.4
SA1 6,140.61,70.63
SA1 7,139.44,69.58
SA1 8,144.11,73.2
SA1 9,160.06,82.22
SA10 6,138.35,68.29
SA10 7,131.88,60.12
SA10 8,110.7,43.42
SA10 9,107.68,42.32
SA11 1,141.31,66.9
SA11 2,128.86,60.09
SA11 3,118.67,49.22
SA11 4,109.39,42.07
SA11 5,119.99,50.95
SA11 9,151.35,72.34
SA12 6,141.66,70.48
SA12 7,138.03,69.1
SA12 8,121.28,55.71
SA12 9,107.8,41.97
SA13 1,153.48,78.1
SA13 2,127.36,57.91
SA13 3,85.69,27.72
SA13 9,130.01,60.66
SA14 6,123.16,54.6
SA14 7,120.05,51.68
SA14 8,141.41,68.42
SA14 9,183.8,93.53
SA15 1,181.76,91.99
SA15 2,193.52,98.01
SA15 3,180.78,91.12
SA15 4,146.05,72.85
SA15 5,133.86,63.7
SA15 9,194.55,98.06
SA16 0,165.22,87.01
SA17 4,151.13,77.42
SA17 5,133.47,64.67
SA18 1,113.43,47.34
SA18 2,123.1,54.25
SA18 3,138.11,64.38
SA18 9,151.14,72.09
SA19 0,159.07,79.72
SA19 6,135.56,65.11
SA19 7,118.55,53.93
SA19 8,111.13,50.08
SA19 9,106.11,43.05
SA2 0,140.16,70.37
SA2 7,148.94,76.87
SA2 8,153.07,79.26
SA2 9,137.41,69.12
SA20 0,119.83,56.17
SA3 1,153.47,81.51
SA3 2,148.97,78.84
SA3 3,136.52,72.39
SA3 4,126.22,65.4
SA3 5,139.98,73.5
SA31 1,144.66,70.03
SA31 2,154.46,75.48
SA31 3,142.52,70.12
SA31 9,169.39,85.84
SA32 7,111.4,44.89
SA32 8,143.93,70.45
SA33 4,154.29,79.9
SA33 5,142.37,70.71
SA33 6,115.99,50.9
SA34 0,134.33,66.35
SA35 0,120.22,56.31
SA36 0,122.11,56.84
SA37 0,138.32,70.9
SA38 9,148.89,78.92
SA39 9,107.37,45.14
SA4 0,144.35,68.77
SA4 3,164.59,83.74
SA4 4,171.06,84.52
SA4 5,165.13,80.87
SA4 6,174.85,86.33
SA4 8,147.33,70.43
SA4 9,155.33,75.74
SA40 9,121.99,60.19
SA41 3,123.1,61.09
SA42 0,121.57,65.99
SA43 1,119.49,65.24
SA43 2,146.52,80.14
SA43 3,133.24,73.59
SA44 4,126.77,63.22
SA44 5,142.15,72.65
SA44 6,118.03,61.0
SA44 9,129.0,63.16
SA45 9,136.7,77.39
SA46 0,132.48,71.99
SA47 0,137.13,75.61
SA48 7,137.19,72.8
SA48 8,118.22,58.43
SA48 9,123.57,62.98
SA5 4,153.08,75.69
SA5 5,137.51,66.64
SA5 7,122.37,53.69
SA5 8,136.12,66.99
SA5 9,142.78,70.65
SA6 5,125.37,54.99
SA6 6,132.79,61.86
SA6 7,125.82,59.15
SA6 8,151.37,75.62
SA61 1,134.46,68.76
SA61 2,131.08,66.38
SA61 9,142.49,73.32
SA62 3,124.13,68.82
SA62 4,142.4,74.17
SA62 5,123.75,65.18
SA62 6,119.76,66.12
SA63 4,124.02,59.7
SA64 0,107.18,59.43
SA65 0,136.21,78.14
SA65 9,106.95,50.87
SA66 7,115.44,51.73
SA67 7,148.57,75.56
SA67 8,141.05,71.52
SA67 9,148.56,75.37
SA68 0,156.03,79.41
SA69 9,152.83,78.88
SA7 0,152.31,75.22
SA7 9,137.74,65.53
SA70 7,141.97,75.65
SA70 8,150.93,79.29
SA70 9,152.63,80.98
SA71 4,169.31,88.13
SA71 5,137.09,74.46
SA72 4,164.19,85.56
SA72 6,175.4,90.8
SA72 9,178.24,92.09
SA73 1,150.02,79.3
SA73 2,139.53,74.39
SA73 3,131.77,72.73
SA8 3,116.36,47.63
SA8 4,115.39,47.19
SA8 9,140.47,62.96
SA9 1,95.6,34.67
SA9 2,107.01,41.97
SE1 0,359.24,138.38
SE1 1,361.63,138.87
SE1 2,356.41,138.14
SE1 3,356.42,138.14
SE1 4,361.66,138.87
SE1 5,356.03,137.75
SE1 6,361.67,138.88
SE1 7,359.27,138.38
SE1 8,357.37,137.9
SE1 9,357.34,137.9
SE10 0,383.78,141.2
SE10 1,388.15,141.8
SE10 8,365.82,138.34
SE10 9,391.06,142.63
SE11 4,358.94,138.36
SE11 5,358.95,138.36
SE11 6,358.92,138.35
SE12 0,357.3,137.47
SE12 8,383.23,140.93
SE12 9,338.4,134.08
SE13 5,385.45,140.96
SE13 6,373.29,139.58
SE13 7,372.77,139.33
SE13 9,385.45,140.96
SE14 5,367.92,138.73
SE14 6,368.07,138.46
SE14 9,362.89,137.77
SE15 1,366.45,138.95
SE15 2,362.9,137.77
SE15 3,345.89,135.53
SE15 4,355.2,136.94
SE15 5,368.33,139.15
SE15 6,365.64,139.05
SE15 9,368.34,139.15
SE16 2,350.02,136.12
SE16 3,351.38,136.88
SE16 4,347.72,136.52
SE16 5,368.67,139.46
SE16 6,363.74,138.45
SE16 7,354.84,137.19
SE17 1,362.71,138.96
SE17 2,362.75,138.96
SE17 3,358.95,138.36
SE17 9,362.72,138.96
SE18 1,388.67,141.69
SE18 2,354.53,136.47
SE18 3,337.76,133.93
SE18 4,360.47,137.91
SE18 5,386.65,141.79
SE18 6,385.35,141.54
SE18 7,379.91,140.68
SE18 9,377.15,140.41
SE19 1,358.91,138.44
SE19 2,321.12,131.16
SE19 3,339.55,134.84
SE19 9,321.1,131.16
SE2 0,383.47,140.88
SE2 9,398.95,142.89
SE20 7,352.34,136.05
SE20 8,345.84,135.1
SE20 9,348.51,135.39
SE21 7,356.14,137.22
SE21 8,354.94,136.67
SE21 9,358.07,137.83
SE22 0,371.36,139.88
SE22 2,371.7,139.89
SE22 8,358.18,137.42
SE22 9,371.68,139.89
SE23 1,373.87,140.0
SE23 2,372.68,139.71
SE23 3,384.4,141.71
SE23 9,373.54,139.97
SE24 0,351.16,135.95
SE24 9,357.09,137.01
SE25 4,352.49,136.2
SE25 5,357.62,136.8
SE25 6,347.11,135.36
SE25 9,347.12,135.36
SE26 4,353.63,136.49
SE26 5,364.56,138.02
SE26 6,341.08,135.25
SE27 0,348.45,136.29
SE27 7,353.47,137.17
SE27 9,353.46,137.17
SE28 0,391.55,142.03
SE28 8,396.44,142.53
SE28 9,397.31,142.62
SE3 0,371.32,139.44
SE3 3,372.95,139.57
SE3 7,368.45,139.11
SE3 8,358.68,137.74
SE3 9,377.23,140.19
SE4 1,371.08,139.36
SE4 2,361.4,137.49
SE4 9,361.38,137.49
SE5 0,363.21,138.8
SE5 5,359.63,137.79
SE5 7,364.3,138.89
SE5 8,359.65,137.8
SE5 9,360.11,137.9
SE6 1,369.7,139.25
SE6 2,361.6,137.95
SE6 3,367.36,138.59
SE6 4,382.16,140.91
SE6 9,382.15,140.91
SE7 7,374.49,140.0
SE7 8,389.4,142.08
SE7 9,388.15,141.8
SE8 3,374.87,139.61
SE8 4,382.17,140.31
SE8 5,375.75,139.64
SE8 9,380.27,140.14
SE9 1,355.93,136.68
SE9 2,366.22,138.15
SE9 3,363.86,137.88
SE9 4,348.6,135.84
SE9 5,373.52,139.45
SE9 6,363.79,138.24
SE9 9,361.82,137.85
SG1 1,326.99,133.45
SG1 2,317.43,131.8
SG1 3,329.68,133.3
SG1 4,327.41,132.82
SG1 5,330.81,133.65
SG1 6,322.13,131.56
SG1 9,319.19,132.34
SG10 6,360.36,137.41
SG11 1,348.19,136.13
SG11 2,342.75,135.47
SG12 0,363.82,138.29
SG12 4,399.81,142.1
SG12 7,374.72,139.66
SG12 8,375.97,139.7
SG12 9,378.05,139.9
SG13 7,361.5,137.68
SG13 8,354.7,136.84
SG13 9,381.27,140.29
SG14 1,381.26,140.29
SG14 2,365.46,138.46
SG14 3,367.56,138.42
SG15 6,384.39,141.29
SG16 6,371.57,139.35
SG17 5,361.07,138.29
SG17 9,369.23,139.62
SG18 0,381.76,139.15
SG18 1,377.64,139.06
SG18 8,379.86,139.7
SG18 9,379.15,140.49
SG19 1,384.07,140.4
SG19 2,372.51,138.5
SG19 3,357.96,137.38
SG19 9,378.2,139.61
SG2 0,332.76,134.12
SG2 7,334.72,133.85
SG2 8,337.37,134.55
SG2 9,331.78,133.94
SG3 6,325.58,132.57
SG4 0,359.23,136.33
SG4 7,327.13,132.8
SG4 8,318.64,131.93
SG4 9,336.12,132.18
SG5 1,352.11,134.55
SG5 2,342.64,133.59
SG5 3,334.81,132.91
SG5 4,380.66,140.56
SG6 1,360.14,137.37
SG6 2,346.81,135.17
SG6 3,355.45,136.15
SG6 4,356.05,136.16
SG6 9,355.46,136.44
SG7 5,368.78,138.93
SG7 6,339.94,134.67
SG8 0,364.71,138.59
SG8 1,368.81,138.13
SG8 5,373.03,140.17
SG8 6,377.5,141.19
SG8 7,372.4,140.45
SG8 8,330.82,133.66
SG8 9,331.0,133.29
SG9 0,335.27,134.56
SG9 9,332.92,134.03
SK1 1,186.26,101.41
SK1 2,174.82,95.48
SK1 3,170.32,92.81
SK1 4,171.64,93.51
SK1 9,170.31,92.8
SK10 1,167.68,91.85
SK10 2,175.96,96.0
SK10 3,168.11,91.42
SK10 4,187.23,100.16
SK10 5,137.43,71.84
SK10 9,178.26,97.7
SK11 0,132.97,69.36
SK11 6,178.26,97.71
SK11 7,169.27,92.7
SK11 8,168.97,92.41
SK11 9,200.26,106.06
SK12 1,187.49,101.51
SK12 2,145.74,78.52
SK13 0,165.31,89.22
SK13 1,92.17,39.65
SK13 2,154.11,82.34
SK13 5,135.61,69.97
SK13 6,123.47,61.63
SK13 7,104.1,48.05
SK13 8,144.66,75.64
SK14 1,168.31,93.27
SK14 2,172.33,95.93
SK14 3,148.26,80.19
SK14 4,164.09,91.13
SK14 5,158.25,86.87
SK14 6,134.33,69.67
SK14 8,146.33,77.27
SK14 9,170.6,94.66
SK15 1,166.25,92.01
SK15 2,144.05,77.61
SK15 3,115.21,56.87
SK16 4,167.77,92.48
SK16 5,152.24,83.68
SK17 0,128.0,67.52
SK17 1,123.44,60.61
SK17 6,106.14,49.06
SK17 7,118.0,58.52
SK17 8,141.39,74.35
SK17 9,126.62,65.74
SK2 5,163.57,88.15
SK2 6,152.53,81.35
SK2 7,184.18,100.81
SK22 1,140.49,74.03
SK22 2,119.62,60.18
SK22 3,166.18,89.9
SK22 4,147.82,79.36
SK23 0,124.22,62.05
SK23 6,142.51,75.74
SK23 7,140.15,73.1
SK23 9,133.84,68.96
SK3 0,195.99,106.29
SK3 3,186.41,101.47
SK3 8,175.55,95.67
SK3 9,179.04,97.66
SK4 1,177.02,96.95
SK4 2,187.36,101.95
SK4 3,190.96,103.84
SK4 4,180.79,98.79
SK4 5,178.86,98.02
SK5 6,175.73,96.24
SK5 7,179.54,98.21
SK5 8,178.35,97.43
SK6 1,162.61,89.06
SK6 2,174.34,95.59
SK6 3,173.48,94.68
SK6 4,161.47,87.94
SK6 5,145.31,77.2
SK6 6,181.63,98.98
SK6 7,174.59,94.78
SK6 8,166.96,90.65
SK6 9,176.99,96.37
SK7 0,190.47,102.61
SK7 1,194.16,103.59
SK7 2,187.37,101.55
SK7 3,186.36,101.41
SK7 4,173.6,94.2
SK7 5,184.18,100.35
SK7 6,180.56,98.21
SK8 1,199.37,107.73
SK8 2,197.08,106.85
SK8 3,192.04,103.85
SK8 4,200.68,108.09
SK8 5,191.31,103.94
SK8 6,190.29,103.13
SK8 7,189.59,102.37
SK8 9,201.34,108.67
SK9 0,204.1,108.38
SK9 1,202.15,107.44
SK9 2,195.89,104.39
SK9 3,190.29,102.6
SK9 4,196.65,105.07
SK9 5,197.54,105.72
SK9 6,209.94,110.99
SK9 7,210.98,110.91
SL0 0,353.32,137.27
SL0 9,370.54,139.59
SL1 0,378.31,139.73
SL1 1,378.98,139.74
SL1 2,376.72,139.14
SL1 3,376.73,139.49
SL1 4,372.6,138.56
SL1 5,379.96,139.39
SL1 6,376.13,139.23
SL1 7,371.81,138.95
SL1 8,340.86,134.74
SL1 9,380.21,139.41
SL2 1,365.54,138.09
SL2 2,368.78,138.49
SL2 3,339.64,134.86
SL2 4,348.61,136.51
SL2 5,374.75,139.54
SL3 0,371.39,139.14
SL3 6,356.12,137.67
SL3 7,374.7,138.67
SL3 8,372.06,139.14
SL3 9,380.88,139.21
SL4 1,379.47,138.55
SL4 2,362.69,136.89
SL4 3,380.24,138.83
SL4 4,360.6,137.48
SL4 5,378.89,139.05
SL4 6,381.84,139.57
SL4 9,390.26,140.27
SL5 0,338.21,132.53
SL5 5,333.07,131.67
SL5 7,337.74,132.98
SL5 8,334.59,132.73
SL5 9,335.85,132.12
SL6 0,364.89,137.92
SL6 1,379.21,139.71
SL6 2,378.69,139.84
SL6 3,379.07,139.86
SL6 4,373.89,139.0
SL6 5,369.57,137.65
SL6 6,354.09,135.6
SL6 7,377.39,139.47
SL6 8,376.57,139.54
SL6 9,357.2,136.53
SL7 1,357.62,135.49
SL7 2,346.35,133.46
SL7 3,330.73,132.02
SL7 9,357.16,135.01
SL8 5,360.89,137.66
SL9 0,332.22,133.27
SL9 1,335.86,134.34
SL9 7,344.46,135.81
SL9 8,334.05,133.85
SL9 9,335.43,133.8
SM1 1,363.11,137.12
SM1 2,364.83,137.43
SM1 3,355.56,136.46
SM1 4,352.25,135.56
SM1 9,342.65,133.81
SM2 5,326.25,131.18
SM2 6,342.69,133.82
SM2 7,351.32,135.82
SM3 8,358.36,136.52
SM3 9,369.79,138.35
SM4 4,360.73,136.8
SM4 5,362.92,137.17
SM4 6,367.1,138.13
SM4 9,360.51,136.94
SM5 1,355.75,136.86
SM5 2,359.63,137.05
SM5 3,343.48,134.07
SM5 4,329.53,131.57
SM6 0,327.61,130.75
SM6 6,345.86,134.21
SM6 7,361.03,136.38
SM6 8,351.69,134.47
SM6 9,336.93,131.86
SM7 1,326.98,131.14
SM7 2,306.26,127.24
SM7 3,300.36,125.92
SM7 9,295.92,125.21
SN1 1,325.19,128.95
SN1 2,326.33,129.67
SN1 3,325.21,128.95
SN1 4,311.71,126.8
SN1 5,327.24,129.91
SN1 7,325.48,130.51
SN10 1,299.34,127.15
SN10 2,269.04,120.23
SN10 3,284.54,123.46
SN10 4,297.48,126.26
SN10 5,312.66,129.43
SN10 9,296.8,126.57
SN11 0,273.6,121.72
SN11 7,283.55,124.2
SN11 8,262.31,119.44
SN11 9,277.83,123.51
SN12 6,315.91,129.86
SN12 7,307.23,127.43
SN12 8,297.94,126.09
SN12 9,312.0,125.86
SN13 0,262.88,119.34
SN13 8,254.92,118.19
SN13 9,269.62,120.36
SN14 0,292.31,126.6
SN14 6,267.16,119.67
SN14 7,251.03,116.05
SN14 8,228.5,110.64
SN15 1,298.65,128.0
SN15 2,280.85,123.34
SN15 3,298.6,128.01
SN15 4,291.12,127.24
SN15 5,282.64,124.84
SN15 9,304.35,129.1
SN16 0,277.76,122.21
SN16 9,284.57,124.56
SN2 1,321.0,129.87
SN2 2,319.62,129.84
SN2 5,317.68,129.04
SN2 7,314.0,128.19
SN2 8,323.73,129.79
SN25 1,323.7,130.58
SN25 2,311.68,128.25
SN25 3,318.18,129.35
SN25 4,304.45,126.63
SN25 5,296.38,124.63
SN25 6,309.42,127.23
SN26 7,301.74,125.9
SN26 8,316.53,129.13
SN3 0,328.83,130.26
SN3 1,314.67,126.71
SN3 2,324.91,129.0
SN3 3,327.6,129.94
SN3 4,321.78,129.36
SN3 5,329.71,130.47
SN3 6,319.3,128.01
SN3 9,323.98,129.12
SN4 0,283.55,121.08
SN4 4,295.06,126.93
SN4 7,280.85,124.18
SN4 8,281.76,123.41
SN4 9,267.98,119.42
SN5 0,287.54,124.54
SN5 1,319.36,129.8
SN5 3,283.84,122.68
SN5 4,299.65,125.79
SN5 5,314.88,128.99
SN5 6,292.54,124.31
SN5 7,320.89,130.18
SN5 8,314.07,128.43
SN6 6,312.42,128.53
SN6 7,321.96,129.43
SN6 8,312.74,126.52
SN7 7,336.27,131.5
SN7 8,339.51,131.66
SN8 1,269.77,119.02
SN8 2,276.91,119.91
SN8 3,278.94,120.67
SN8 4,262.95,117.31
SN8 9,281.75,122.17
SN9 5,284.5,122.82
SN9 6,280.86,122.65
SO14 0,351.23,132.2
SO14 1,345.38,131.86
SO14 2,322.0,128.04
SO14 3,345.42,131.86
SO14 5,345.12,130.95
SO14 6,342.56,130.46
SO14 7,351.26,132.21
SO15 0,337.32,129.28
SO15 1,321.97,128.03
SO15 2,333.89,129.34
SO15 3,333.38,128.95
SO15 4,327.28,127.36
SO15 5,328.97,128.12
SO15 7,333.86,129.34
SO15 8,327.28,127.36
SO15 9,328.98,128.12
SO16 0,342.64,131.05
SO16 2,335.04,129.59
SO16 3,322.11,127.63
SO16 4,334.89,128.65
SO16 5,313.63,125.56
SO16 6,311.39,124.68
SO16 7,298.2,122.93
SO16 8,329.15,129.39
SO16 9,336.38,129.77
SO17 1,336.1,129.41
SO17 2,349.0,131.01
SO17 3,348.94,131.0
SO18 1,324.65,127.11
SO18 2,339.44,130.08
SO18 3,325.77,127.71
SO18 4,325.85,127.28
SO18 5,306.56,124.72
SO18 6,307.33,124.3
SO18 9,342.56,130.46
SO19 0,319.78,128.85
SO19 1,316.36,127.96
SO19 2,333.43,130.63
SO19 4,323.56,127.35
SO19 5,308.03,125.74
SO19 6,309.79,126.41
SO19 7,330.53,129.4
SO19 8,325.68,129.43
SO19 9,342.45,133.18
SO20 6,317.37,126.71
SO20 8,316.15,127.36
SO21 1,315.46,126.16
SO21 2,303.01,123.94
SO21 3,314.96,126.85
SO22 4,300.95,123.11
SO22 5,293.78,121.59
SO22 6,324.18,128.04
SO23 0,340.1,130.5
SO23 3,340.08,130.5
SO23 7,343.5,131.19
SO23 8,326.15,128.11
SO23 9,331.43,128.88
SO24 0,291.35,121.69
SO24 4,319.82,127.19
SO24 9,306.78,125.24
SO30 0,320.89,128.63
SO30 2,321.76,128.23
SO30 3,319.36,126.96
SO30 4,318.79,128.02
SO30 9,319.82,127.67
SO31 0,284.75,122.38
SO31 1,311.53,127.44
SO31 4,309.44,127.75
SO31 5,326.48,130.68
SO31 6,281.89,122.05
SO31 7,301.04,125.66
SO31 8,313.56,127.84
SO31 9,292.29,125.21
SO32 1,302.5,122.2
SO32 2,311.87,124.92
SO32 3,285.8,120.35
SO40 0,339.41,130.08
SO40 2,322.68,127.09
SO40 3,338.41,130.13
SO40 4,327.88,128.69
SO40 7,326.91,128.33
SO40 8,333.61,129.23
SO40 9,337.04,129.85
SO41 0,289.87,126.62
SO41 1,310.82,129.49
SO41 3,298.54,128.18
SO41 5,307.94,128.22
SO41 6,300.81,126.11
SO41 8,301.68,126.73
SO41 9,307.67,128.63
SO42 7,315.63,126.83
SO43 7,309.69,125.01
SO45 1,297.81,127.62
SO45 2,288.56,123.56
SO45 3,298.37,124.89
SO45 4,297.03,123.41
SO45 5,312.71,126.74
SO45 6,324.41,129.86
SO45 9,315.33,128.38
SO50 0,322.85,127.1
SO50 4,301.93,122.66
SO50 5,331.94,128.84
SO50 6,320.83,126.51
SO50 7,315.12,125.37
SO50 8,318.81,125.45
SO50 9,322.2,127.14
SO51 0,319.3,126.86
SO51 1,339.2,130.08
SO51 5,334.8,129.49
SO51 6,325.01,127.85
SO51 7,329.79,128.09
SO51 8,342.3,130.64
SO51 9,330.95,129.04
SO52 9,322.77,127.81
SO53 1,315.22,125.96
SO53 2,307.7,124.14
SO53 3,311.34,125.27
SO53 4,319.1,126.96
SO53 5,301.04,123.12
SP1 1,326.53,130.23
SP1 2,339.55,131.48
SP1 3,334.91,131.75
SP10 1,329.33,129.14
SP10 2,309.84,125.44
SP10 3,315.69,126.74
SP10 4,313.52,126.24
SP10 5,321.95,127.84
SP10 9,313.07,126.04
SP11 0,279.92,119.88
SP11 6,302.65,124.8
SP11 7,316.55,126.98
SP11 8,300.04,124.01
SP11 9,279.86,120.58
SP2 0,301.42,126.1
SP2 2,339.01,132.08
SP2 7,338.99,132.08
SP2 8,319.75,129.12
SP2 9,313.68,128.07
SP3 4,294.36,125.5
SP3 5,280.26,121.02
SP3 6,256.65,116.12
SP4 0,311.78,127.78
SP4 5,306.18,127.13
SP4 6,311.69,128.05
SP4 7,314.76,128.99
SP4 8,306.96,128.57
SP4 9,302.28,126.76
SP5 1,312.94,126.81
SP5 2,316.88,126.48
SP5 3,328.67,129.47
SP5 4,313.17,127.78
SP5 5,264.9,117.21
SP6 1,335.01,129.31
SP6 2,329.97,128.84
SP6 3,310.96,126.5
SP7 0,276.61,120.61
SP7 7,238.69,111.75
SP7 8,256.34,116.66
SP7 9,258.5,116.67
SP8 4,289.43,124.42
SP8 5,282.52,123.01
SP8 9,283.32,123.18
SP9 7,290.49,123.23
SR1 1,189.53,106.46
SR1 2,189.53,106.46
SR1 3,178.9,101.79
SR2 0,179.87,101.2
SR2 7,179.89,102.17
SR2 8,181.08,103.03
SR2 9,175.39,99.61
SR3 1,185.92,103.63
SR3 2,176.95,99.25
SR3 3,194.66,106.64
SR3 4,188.91,104.57
SR4 0,191.15,104.87
SR4 6,192.85,106.94
SR4 7,184.84,103.77
SR4 8,185.29,102.63
SR4 9,187.98,102.04
SR5 1,190.96,106.3
SR5 2,183.28,102.87
SR5 3,219.46,115.17
SR5 4,207.53,111.42
SR5 5,196.0,107.51
SR5 9,212.42,113.8
SR6 0,183.21,103.65
SR6 7,186.6,104.83
SR6 8,193.43,107.72
SR6 9,182.89,103.22
SR7 0,183.34,101.88
SR7 1,195.87,108.65
SR7 7,198.32,109.79
SR7 8,184.13,102.21
SR7 9,190.64,104.09
SR8 1,198.64,107.65
SR8 2,190.19,104.38
SR8 3,193.16,108.02
SR8 4,211.48,113.53
SR8 5,191.74,103.71
SR8 9,191.75,103.71
SS0 0,372.64,142.33
SS0 7,381.31,142.91
SS0 8,394.17,144.43
SS0 9,377.22,142.74
SS1 1,374.99,142.54
SS1 2,351.81,140.72
SS1 3,325.42,137.16
SS11 7,362.47,139.43
SS11 8,377.53,141.19
SS11 9,378.7,141.71
SS12 0,377.28,141.31
SS12 9,374.67,141.2
SS13 1,371.33,140.54
SS13 2,362.03,139.73
SS13 3,368.87,140.44
SS14 0,359.04,138.32
SS14 1,356.53,138.2
SS14 2,355.71,137.86
SS14 3,364.5,139.32
SS15 4,359.48,138.27
SS15 5,357.58,138.0
SS15 6,360.34,138.18
SS16 4,364.46,139.45
SS16 5,336.04,134.44
SS16 6,349.87,136.69
SS17 0,364.66,140.45
SS17 1,359.31,139.34
SS17 7,359.42,139.3
SS17 8,359.87,139.25
SS17 9,369.31,140.67
SS2 4,333.41,137.88
SS2 5,365.09,141.67
SS2 6,376.6,143.07
SS3 0,357.67,141.27
SS3 8,336.73,139.39
SS3 9,351.27,140.73
SS4 1,376.03,143.1
SS4 2,390.27,144.0
SS4 3,385.12,143.47
SS4 9,381.7,143.63
SS5 4,350.83,138.03
SS5 5,376.62,141.75
SS5 6,374.42,140.4
SS5 9,353.94,138.62
SS6 0,349.8,138.97
SS6 7,359.93,140.55
SS6 8,351.64,138.49
SS6 9,372.23,139.8
SS7 1,356.93,140.42
SS7 2,343.32,138.43
SS7 3,343.81,138.51
SS7 4,368.23,141.54
SS7 5,372.43,141.69
SS7 9,340.48,138.05
SS8 0,375.4,141.88
SS8 1,374.93,142.47
SS8 7,378.08,142.88
SS8 8,378.43,143.0
SS8 9,377.26,142.83
SS9 1,371.24,142.14
SS9 2,365.93,141.58
SS9 3,356.03,140.15
SS9 4,360.43,140.68
SS9 5,356.65,140.13
ST1 1,172.69,91.78
ST1 2,172.67,91.77
ST1 3,172.7,91.78
ST1 4,183.42,96.87
ST1 5,195.25,102.98
ST1 6,186.95,99.01
ST10 1,185.24,95.07
ST10 2,163.35,85.68
ST10 3,144.82,76.22
ST10 4,201.54,102.09
ST10 9,190.43,97.57
ST11 9,185.57,96.15
ST12 9,212.06,106.13
ST13 5,162.64,86.64
ST13 6,162.9,86.68
ST13 7,139.05,74.09
ST13 8,140.46,75.82
ST13 9,169.56,90.16
ST14 5,223.52,109.12
ST14 7,236.22,112.65
ST14 8,238.01,113.52
ST14 9,243.36,114.61
ST15 0,226.94,113.2
ST15 8,196.1,100.52
ST15 9,232.5,115.23
ST16 1,261.16,122.28
ST16 2,261.65,122.28
ST16 3,251.72,119.62
ST16 9,253.39,119.98
ST17 0,248.1,116.37
ST17 4,259.35,121.18
ST17 9,260.6,121.46
ST18 0,235.73,113.31
ST18 9,252.07,120.01
ST19 5,262.64,121.07
ST19 9,257.18,119.37
ST2 0,183.3,96.5
ST2 7,183.04,96.19
ST2 8,179.76,94.43
ST2 9,192.12,101.31
ST20 0,247.39,118.1
ST21 6,226.83,112.71
ST3 1,195.13,101.81
ST3 2,192.98,100.52
ST3 3,195.19,100.75
ST3 4,186.91,97.11
ST3 5,176.02,92.42
ST3 6,183.87,96.38
ST3 7,176.77,92.38
ST3 9,186.33,97.45
ST4 1,193.72,102.43
ST4 2,190.57,100.85
ST4 3,187.15,98.49
ST4 4,199.11,103.7
ST4 5,191.42,100.23
ST4 6,208.84,106.4
ST4 7,188.24,99.7
ST4 8,195.02,99.26
ST4 9,193.72,102.43
ST5 0,190.71,101.33
ST5 1,189.49,99.96
ST5 2,190.63,100.13
ST5 3,192.51,101.01
ST5 4,194.1,100.96
ST5 5,195.44,101.76
ST5 6,191.17,101.04
ST5 7,194.89,103.55
ST5 8,199.48,106.18
ST5 9,189.04,99.6
ST6 1,187.34,99.76
ST6 2,195.75,103.51
ST6 3,206.08,108.11
ST6 4,215.72,112.4
ST6 5,193.89,103.31
ST6 6,195.4,103.76
ST6 7,180.14,96.75
ST6 8,176.55,94.31
ST6 9,208.39,109.34
ST7 1,198.78,104.92
ST7 2,232.6,115.65
ST7 3,224.08,114.19
ST7 4,196.27,103.92
ST7 8,224.17,114.29
ST7 9,209.32,108.53
ST8 6,183.97,97.73
ST8 7,150.91,80.58
ST8 9,179.46,95.44
ST9 0,163.95,86.0
ST9 9,167.53,88.51
SW10 0,364.91,138.76
SW10 1,364.89,138.76
SW10 9,364.89,138.76
SW11 1,364.31,138.78
SW11 2,374.24,140.02
SW11 3,370.84,139.54
SW11 4,359.34,137.97
SW11 5,361.44,138.53
SW11 6,367.73,139.33
SW11 8,362.52,138.93
SW11 9,364.29,138.78
SW12 0,366.98,139.23
SW12 2,365.05,138.96
SW12 8,365.04,138.96
SW12 9,365.06,138.96
SW13 0,380.95,140.53
SW13 8,382.11,140.81
SW13 9,382.26,140.55
SW14 7,361.99,137.89
SW14 8,370.82,139.18
SW14 9,386.97,140.44
SW15 1,375.75,140.11
SW15 2,374.15,140.06
SW15 3,367.06,138.81
SW15 4,368.78,139.28
SW15 5,369.63,139.28
SW15 6,366.62,139.18
SW15 9,366.61,139.18
SW16 1,363.65,138.77
SW16 2,355.75,137.74
SW16 3,355.08,137.3
SW16 4,368.58,138.71
SW16 5,372.24,139.51
SW16 6,363.8,138.76
SW16 9,360.31,138.23
SW17 0,379.81,140.65
SW17 1,376.23,140.06
SW17 6,361.88,138.52
SW17 7,362.61,138.69
SW17 8,363.86,138.8
SW17 9,376.49,139.86
SW18 1,380.5,140.76
SW18 2,368.69,139.33
SW18 3,371.61,139.94
SW18 4,379.48,140.78
SW18 5,371.15,140.08
SW18 9,387.94,141.18
SW19 1,379.41,140.25
SW19 2,376.37,139.47
SW19 3,368.35,137.78
SW19 4,351.77,136.64
SW19 5,347.54,136.49
SW19 6,369.19,139.69
SW19 7,350.95,136.96
SW19 8,374.69,140.11
SW19 9,364.79,138.36
SW1A 0,347.92,136.4
SW1A 1,347.9,136.39
SW1A 2,355.34,137.54
SW1E 5,347.93,136.4
SW1E 6,347.92,136.4
SW1H 0,347.92,136.4
SW1H 9,347.92,136.39
SW1P 1,347.94,136.4
SW1P 2,350.72,137.36
SW1P 3,347.93,136.4
SW1P 4,350.73,137.36
SW1V 1,350.72,137.36
SW1V 2,350.74,137.36
SW1V 3,350.76,137.36
SW1V 4,353.16,137.96
SW1W 0,343.03,135.45
SW1W 8,353.15,137.96
SW1W 9,353.13,137.96
SW1X 0,343.04,135.45
SW1X 7,343.02,135.45
SW1X 8,343.03,135.45
SW1X 9,343.03,135.45
SW1Y 4,341.95,135.26
SW1Y 5,341.96,135.26
SW1Y 6,341.95,135.26
SW2 1,363.2,138.34
SW2 2,349.13,135.77
SW2 3,349.17,135.77
SW2 4,366.98,139.23
SW2 5,363.2,138.34
SW2 9,363.2,138.34
SW20 0,364.39,138.29
SW20 8,368.57,138.51
SW20 9,365.74,138.18
SW3 1,343.03,135.45
SW3 2,359.6,137.99
SW3 3,359.61,137.99
SW3 4,354.99,137.25
SW3 5,355.0,137.25
SW3 6,359.63,138.0
SW4 0,360.36,138.37
SW4 4,360.36,138.37
SW4 6,365.18,139.17
SW4 7,363.76,138.65
SW4 8,363.8,138.65
SW4 9,360.4,138.27
SW5 0,362.85,138.58
SW5 9,362.85,138.58
SW6 1,372.17,139.84
SW6 2,370.84,139.54
SW6 3,373.33,139.91
SW6 4,373.32,139.91
SW6 5,373.01,139.74
SW6 6,378.95,140.45
SW6 7,371.49,139.64
SW6 9,373.56,139.92
SW7 1,352.1,136.68
SW7 2,352.12,136.68
SW7 3,359.62,138.0
SW7 4,359.6,137.99
SW7 5,352.12,136.68
SW7 9,352.12,136.68
SW8 1,359.94,138.54
SW8 2,365.14,139.17
SW8 3,362.55,138.66
SW8 4,363.8,139.07
SW8 5,360.53,138.82
SW8 9,365.14,139.17
SW9 0,360.09,137.89
SW9 1,360.12,137.9
SW9 6,360.08,137.89
SW9 7,361.94,137.9
SW9 8,361.96,137.9
SW9 9,361.94,137.9
SY1 1,304.54,130.14
SY1 2,304.08,130.14
SY1 3,281.85,126.78
SY1 4,291.12,128.62
SY1 9,303.41,130.16
SY10 0,101.8,45.83
SY10 1,229.76,110.89
SY10 7,164.32,85.62
SY10 8,258.55,119.74
SY10 9,185.29,95.1
SY11 1,211.4,101.9
SY11 2,225.02,106.64
SY11 3,227.6,109.82
SY11 4,242.93,117.05
SY12 0,258.19,121.79
SY12 9,251.9,118.6
SY13 1,243.16,117.22
SY13 2,249.79,121.07
SY13 3,249.28,119.86
SY13 4,244.48,119.38
SY13 9,245.07,117.46
SY14 7,259.72,122.79
SY14 8,234.53,115.86
SY15 6,228.25,113.14
SY16 1,273.63,124.53
SY16 2,286.25,127.45
SY16 3,208.67,105.67
SY16 4,183.22,95.52
SY16 9,286.28,127.45
SY17 5,149.0,78.32
SY18 6,114.55,53.28
SY19 7,98.65,40.68
SY2 5,297.31,129.46
SY2 6,289.8,127.6
SY20 8,109.66,47.51
SY20 9,84.57,29.12
SY21 0,125.21,63.86
SY21 7,245.03,116.21
SY21 8,222.45,110.71
SY21 9,209.64,105.92
SY22 5,156.54,83.01
SY22 6,224.76,111.01
SY23 1,121.07,67.26
SY23 2,121.29,67.3
SY23 3,84.78,31.53
SY23 4,101.78,45.52
SY23 5,115.62,60.13
SY23 9,160.07,88.5
SY24 5,99.85,42.41
SY25 6,98.7,42.27
SY3 0,272.66,123.47
SY3 5,308.55,129.51
SY3 6,296.25,128.19
SY3 7,293.2,128.07
SY3 8,303.81,129.2
SY3 9,290.36,127.42
SY4 1,278.35,125.62
SY4 2,266.4,123.65
SY4 3,260.45,122.71
SY4 4,269.17,124.78
SY4 5,252.02,121.01
SY5 0,201.3,103.46
SY5 6,282.98,124.94
SY5 7,269.1,122.53
SY5 8,257.01,119.35
SY5 9,244.12,116.07
SY6 6,198.71,100.94
SY6 7,216.63,108.09
SY7 0,247.93,115.6
SY7 7,268.41,120.87
SY7 8,210.15,105.44
SY7 9,221.77,109.13
SY8 1,281.72,123.6
SY8 2,246.74,116.15
SY8 3,214.14,106.66
SY8 4,282.51,124.62
SY8 9,276.88,122.38
SY9 5,214.94,107.97
TA1 1,342.29,135.0
TA1 2,351.23,136.14
TA1 3,341.85,134.54
TA1 4,342.41,134.66
TA1 5,331.3,132.78
TA1 9,342.27,135.0
TA10 0,325.48,131.34
TA10 1,307.94,126.23
TA10 9,315.88,130.07
TA11 6,298.46,126.16
TA11 7,307.39,128.32
TA11 9,283.04,122.49
TA12 6,320.08,129.62
TA13 5,306.81,127.17
TA14 6,289.26,125.01
TA15 6,279.35,122.98
TA16 5,282.34,122.84
TA17 8,266.39,117.96
TA18 7,274.17,121.39
TA18 8,231.4,107.94
TA18 9,256.04,115.84
TA19 0,289.59,122.55
TA19 9,316.23,128.09
TA2 6,330.67,133.38
TA2 7,341.77,135.03
TA2 8,312.02,130.07
TA20 1,245.0,109.54
TA20 2,250.91,111.92
TA20 3,231.29,107.08
TA20 4,236.18,107.22
TA20 9,252.42,112.12
TA21 0,243.73,114.12
TA21 1,248.16,115.44
TA21 8,284.44,125.29
TA21 9,253.03,116.18
TA22 9,144.08,75.05
TA23 0,194.07,97.12
TA24 5,216.71,109.44
TA24 6,237.17,113.57
TA24 7,112.99,53.79
TA24 8,166.63,87.65
TA24 9,247.11,119.15
TA3 5,320.37,130.51
TA3 6,340.18,133.92
TA3 7,240.29,110.46
TA4 1,296.8,126.97
TA4 2,179.17,90.88
TA4 3,238.67,111.75
TA4 4,217.12,106.45
TA4 9,273.71,123.2
TA5 1,230.49,112.63
TA5 2,275.35,123.6
TA6 3,304.81,129.37
TA6 4,279.2,124.23
TA6 5,311.43,130.59
TA6 6,300.02,127.91
TA6 7,303.22,128.2
TA6 9,308.14,130.14
TA7 0,334.14,134.16
TA7 8,299.85,128.57
TA7 9,313.23,131.45
TA8 1,265.11,122.76
TA8 2,241.2,117.08
TA8 9,261.01,122.61
TA9 3,282.99,125.6
TA9 4,279.7,125.23
TD1 1,132.91,71.03
TD1 2,159.84,87.99
TD1 3,154.55,85.26
TD1 9,152.52,84.11
TD10 6,179.75,97.82
TD11 3,162.74,86.8
TD11 9,220.39,113.75
TD12 4,235.43,118.22
TD13 5,143.4,75.55
TD14 5,148.33,81.03
TD15 1,191.21,103.24
TD15 2,218.95,113.88
TD2 6,153.24,83.65
TD3 6,170.58,93.28
TD4 6,193.04,103.82
TD5 7,224.03,115.31
TD5 8,185.57,99.66
TD6 0,234.26,117.79
TD6 6,201.51,104.61
TD6 9,196.85,104.34
TD7 4,159.88,87.55
TD7 5,105.03,48.61
TD7 9,186.84,100.72
TD8 6,173.49,94.1
TD8 9,229.45,115.64
TD9 0,111.21,51.68
TD9 1,214.08,109.12
TD9 7,126.88,64.39
TD9 8,180.15,96.9
TD9 9,137.07,70.32
TF1 1,271.07,122.84
TF1 2,265.19,122.04
TF1 3,274.52,123.29
TF1 5,258.82,120.82
TF1 6,276.13,124.35
TF1 7,273.84,123.44
TF1 9,277.85,124.2
TF10 7,272.44,124.11
TF10 8,273.54,124.82
TF10 9,264.91,121.79
TF11 8,265.81,121.35
TF11 9,289.07,126.81
TF12 5,260.54,119.68
TF13 6,250.63,118.57
TF2 0,236.89,113.08
TF2 2,256.95,119.14
TF2 5,229.84,106.97
TF2 6,262.52,120.44
TF2 7,252.52,117.83
TF2 8,272.56,123.58
TF2 9,233.06,109.59
TF3 1,271.74,122.97
TF3 2,246.57,115.22
TF3 3,251.07,112.91
TF3 4,236.91,113.08
TF3 5,248.44,117.67
TF4 2,242.04,115.67
TF4 3,262.32,121.59
TF5 0,288.69,126.97
TF6 5,263.06,120.92
TF6 6,281.83,127.36
TF7 4,276.94,124.19
TF7 5,273.14,123.86
TF7 9,273.04,123.64
TF8 7,302.96,128.96
TF9 1,259.08,122.04
TF9 2,250.36,121.19
TF9 3,255.2,123.39
TF9 4,220.65,112.45
TF9 9,267.49,124.71
TN1 1,300.39,122.88
TN1 2,300.38,122.88
TN10 3,381.05,136.07
TN10 4,379.71,136.24
TN11 0,376.95,136.6
TN11 8,367.26,134.85
TN11 9,366.55,134.54
TN12 0,378.53,137.89
TN12 5,382.49,138.37
TN12 6,388.82,139.22
TN12 7,340.03,132.05
TN12 8,357.36,134.88
TN12 9,384.49,138.7
TN13 1,311.35,125.79
TN13 2,345.73,130.92
TN13 3,339.67,129.77
TN13 9,320.15,127.04
TN14 5,367.03,135.04
TN14 6,329.57,129.38
TN14 7,322.21,129.13
TN15 0,327.89,129.02
TN15 6,334.32,130.52
TN15 7,328.58,130.3
TN15 8,331.51,130.81
TN15 9,338.4,131.39
TN16 1,317.6,128.26
TN16 2,291.53,123.7
TN16 3,292.81,123.77
TN16 9,311.12,126.79
TN17 1,345.19,133.32
TN17 2,341.63,132.77
TN17 3,333.99,131.94
TN17 4,349.71,135.03
TN17 9,328.0,131.29
TN18 4,325.55,130.87
TN18 5,340.98,133.53
TN19 7,313.96,129.38
TN2 3,332.34,129.78
TN2 4,331.02,129.86
TN2 5,300.75,124.32
TN20 6,302.71,126.18
TN21 0,293.51,124.83
TN21 1,253.64,115.96
TN21 8,276.18,121.7
TN21 9,275.08,123.23
TN22 1,322.29,129.44
TN22 2,320.23,128.73
TN22 3,295.33,124.55
TN22 4,308.55,127.42
TN22 5,316.66,128.26
TN22 9,341.63,132.82
TN23 1,329.44,132.46
TN23 3,330.65,133.26
TN23 4,327.83,132.49
TN23 5,328.59,132.71
TN23 6,331.53,133.08
TN23 7,327.99,132.35
TN23 8,337.22,134.26
TN23 9,329.45,132.46
TN24 0,324.32,132.01
TN24 8,326.3,132.52
TN24 9,320.63,131.46
TN25 4,299.55,127.82
TN25 5,288.26,125.49
TN25 6,299.91,128.18
TN25 7,343.02,135.14
TN26 1,333.87,133.89
TN26 2,356.59,136.95
TN26 3,363.32,137.95
TN27 0,316.58,130.08
TN27 8,366.54,136.29
TN27 9,362.91,134.8
TN28 8,300.64,130.75
TN28 9,306.48,131.34
TN29 0,332.92,134.63
TN29 9,313.8,132.87
TN3 0,332.51,130.37
TN3 8,323.96,128.49
TN3 9,313.19,127.18
TN30 6,366.78,136.9
TN30 7,359.52,137.36
TN30 9,349.96,135.23
TN31 6,325.88,133.01
TN31 7,327.05,134.42
TN31 9,324.9,133.81
TN32 5,313.98,129.75
TN33 0,291.26,127.5
TN33 3,284.38,125.58
TN33 9,284.16,126.24
TN34 1,255.47,123.39
TN34 2,241.2,118.75
TN34 3,245.2,121.03
TN34 9,255.46,123.38
TN35 4,273.0,125.58
TN35 5,227.57,116.53
TN36 4,294.82,129.63
TN37 6,245.4,120.02
TN37 7,242.36,117.9
TN38 0,245.53,120.38
TN38 1,242.43,118.56
TN38 8,254.41,122.17
TN38 9,253.11,121.05
TN39 3,254.22,122.75
TN39 4,272.76,125.63
TN39 5,259.08,122.25
TN4 0,356.24,133.74
TN4 8,316.03,127.52
TN4 9,328.03,129.03
TN40 1,243.92,120.69
TN40 2,242.17,119.58
TN40 9,243.12,120.33
TN5 6,297.1,124.41
TN5 7,308.88,127.63
TN6 1,273.02,120.4
TN6 2,256.78,115.06
TN6 3,275.3,119.47
TN6 9,243.99,112.34
TN7 4,315.73,129.49
TN8 5,349.19,133.03
TN8 6,345.35,132.39
TN8 7,353.07,133.21
TN8 9,364.32,134.89
TN9 1,392.81,137.52
TN9 2,387.06,137.07
TN9 9,379.71,135.58
TQ1 1,225.87,110.71
TQ1 2,249.81,118.23
TQ1 3,238.26,113.76
TQ1 4,213.98,105.48
TQ1 9,245.06,115.17
TQ10 9,126.79,58.2
TQ11 0,125.96,57.49
TQ12 1,267.61,117.9
TQ12 2,284.89,122.6
TQ12 3,274.27,120.29
TQ12 4,237.16,111.29
TQ12 5,243.5,111.26
TQ12 6,236.63,108.27
TQ12 9,284.9,122.6
TQ13 0,232.9,107.94
TQ13 7,151.6,74.44
TQ13 8,142.51,72.45
TQ13 9,191.92,93.08
TQ14 0,230.1,109.95
TQ14 4,240.34,113.8
TQ14 8,220.87,106.96
TQ14 9,223.68,107.06
TQ2 5,257.01,117.53
TQ2 6,253.86,116.91
TQ2 7,241.19,112.8
TQ2 8,220.82,107.39
TQ3 1,237.1,111.42
TQ3 2,280.49,123.99
TQ3 3,242.16,113.07
TQ4 5,266.82,119.8
TQ4 6,260.78,118.52
TQ4 7,242.82,112.89
TQ4 9,279.77,123.31
TQ5 0,199.94,99.05
TQ5 5,225.25,110.13
TQ5 8,213.46,105.16
TQ5 9,199.53,101.6
TQ6 0,180.58,91.33
TQ6 6,187.58,93.51
TQ6 9,170.18,85.85
TQ7 1,189.34,95.37
TQ7 2,184.28,95.03
TQ7 3,190.63,99.17
TQ7 4,197.09,98.29
TQ7 9,189.92,95.63
TQ8 8,159.32,83.52
TQ9 5,234.1,108.23
TQ9 6,233.27,107.68
TQ9 7,185.86,91.54
TQ9 9,241.14,109.65
TR1 1,215.86,102.67
TR1 2,213.78,101.85
TR1 3,201.27,98.31
TR1 9,211.19,101.15
TR10 8,161.23,80.41
TR10 9,136.71,68.28
TR11 2,167.15,84.37
TR11 3,179.73,92.17
TR11 4,159.45,80.94
TR11 5,152.52,77.63
TR11 9,144.94,72.71
TR12 6,149.13,78.27
TR12 7,158.02,83.9
TR13 0,146.86,75.0
TR13 3,178.88,92.96
TR13 8,171.3,89.26
TR13 9,136.86,71.4
TR14 0,152.97,81.23
TR14 4,155.85,82.02
TR14 7,147.08,76.87
TR14 8,150.09,78.77
TR14 9,134.22,67.64
TR15 1,146.51,76.89
TR15 2,133.57,68.15
TR15 3,143.9,75.28
TR15 9,154.58,81.31
TR16 4,148.97,80.09
TR16 5,155.21,81.29
TR16 6,131.69,66.0
TR17 0,176.8,95.29
TR18 2,169.19,91.29
TR18 3,162.72,88.36
TR18 4,158.26,85.31
TR18 5,118.45,60.87
TR18 9,169.19,91.29
TR19 6,118.45,63.56
TR19 7,119.31,66.07
TR2 4,198.32,98.34
TR2 5,174.65,90.68
TR20 8,118.51,61.45
TR20 9,157.58,84.59
TR21 0,154.17,85.54
TR22 0,152.62,85.46
TR23 0,147.32,86.19
TR24 0,149.5,87.33
TR25 0,146.83,87.29
TR26 1,137.96,76.25
TR26 2,133.0,71.5
TR26 3,110.97,57.68
TR26 9,120.52,64.41
TR27 4,172.8,91.0
TR27 5,156.14,83.97
TR27 6,162.7,86.44
TR3 6,201.15,98.91
TR3 7,159.78,80.38
TR4 8,170.17,88.99
TR4 9,192.12,97.09
TR5 0,149.01,80.43
TR6 0,171.77,92.08
TR7 1,165.36,90.83
TR7 2,208.15,110.69
TR7 3,189.53,102.62
TR7 9,170.84,93.12
TR8 4,166.39,89.56
TR8 5,181.28,94.84
TR9 6,160.73,84.27
TS1 1,279.5,131.46
TS1 2,279.51,131.47
TS1 3,279.81,131.31
TS1 4,279.79,131.38
TS1 5,282.67,132.2
TS1 9,282.66,132.2
TS10 1,233.87,121.78
TS10 2,241.77,122.99
TS10 3,240.68,123.11
TS10 4,248.51,124.07
TS10 5,246.52,125.09
TS10 9,249.88,124.58
TS11 6,250.33,124.71
TS11 7,255.0,126.27
TS11 8,235.8,118.73
TS12 1,240.34,120.86
TS12 2,221.43,112.13
TS12 3,194.41,99.26
TS12 9,230.85,116.1
TS13 4,215.01,108.1
TS13 5,212.41,107.71
TS14 6,218.7,111.45
TS14 7,201.93,103.33
TS14 8,197.25,102.84
TS15 0,254.42,123.89
TS15 9,264.58,127.13
TS16 0,265.15,127.65
TS16 9,259.02,125.96
TS17 0,264.73,127.86
TS17 5,259.95,126.39
TS17 6,277.06,130.78
TS17 7,276.08,130.58
TS17 8,268.92,129.0
TS17 9,264.14,127.45
TS18 1,270.82,128.54
TS18 2,280.98,132.07
TS18 3,267.91,128.44
TS18 4,269.49,127.61
TS18 5,270.16,127.88
TS19 0,273.96,129.5
TS19 1,276.79,130.81
TS19 7,282.89,132.32
TS19 8,270.03,128.68
TS19 9,263.9,127.47
TS2 1,276.87,132.25
TS20 1,270.39,129.84
TS20 2,280.93,132.1
TS21 1,264.62,126.82
TS21 2,246.39,121.02
TS21 3,241.31,120.45
TS21 4,225.41,116.09
TS22 5,251.18,125.08
TS23 1,285.27,133.45
TS23 2,263.02,129.05
TS23 3,260.39,129.09
TS23 4,278.56,132.67
TS24 0,211.52,115.28
TS24 4,220.3,117.85
TS24 7,220.3,117.85
TS24 8,215.91,116.02
TS24 9,223.05,119.32
TS25 1,238.89,124.43
TS25 2,260.05,129.42
TS25 3,251.37,127.11
TS25 4,237.11,123.17
TS25 5,243.17,125.31
TS26 0,221.84,118.17
TS26 8,223.23,118.45
TS26 9,223.51,118.5
TS27 3,222.99,117.41
TS27 4,204.36,110.7
TS28 5,209.19,110.93
TS29 6,208.27,110.56
TS3 0,270.24,128.18
TS3 6,283.54,132.04
TS3 7,275.17,129.42
TS3 8,280.17,131.36
TS3 9,278.92,131.31
TS4 2,279.45,130.87
TS4 3,276.82,128.17
TS5 4,279.35,131.03
TS5 5,276.04,130.33
TS5 6,276.57,130.44
TS5 7,275.67,128.17
TS5 8,266.13,127.32
TS6 0,243.4,121.58
TS6 6,269.72,130.71
TS6 7,269.23,130.15
TS6 8,265.41,128.43
TS6 9,230.29,117.68
TS7 0,246.73,122.38
TS7 8,256.56,125.99
TS7 9,254.43,124.53
TS8 0,247.17,123.03
TS8 8,255.37,125.71
TS8 9,245.85,122.55
TS9 5,245.84,121.48
TS9 6,186.93,98.38
TS9 7,170.99,91.12
TW1 1,355.64,137.62
TW1 2,355.3,137.65
TW1 3,356.28,137.65
TW1 4,353.01,137.03
TW1 9,356.27,137.65
TW10 5,355.01,137.16
TW10 6,342.11,135.51
TW10 7,360.07,138.05
TW11 0,356.84,137.79
TW11 1,352.42,136.92
TW11 8,356.14,137.56
TW11 9,363.15,138.6
TW12 1,343.55,135.53
TW12 2,353.34,137.13
TW12 3,344.02,135.65
TW12 9,353.38,137.14
TW13 4,357.14,137.99
TW13 5,342.39,135.69
TW13 6,348.1,136.61
TW13 7,351.12,137.18
TW13 9,353.84,137.55
TW14 0,355.16,137.46
TW14 8,366.29,138.5
TW14 9,358.42,137.76
TW15 1,358.96,138.07
TW15 2,360.56,137.58
TW15 3,364.66,137.43
TW16 5,348.03,136.93
TW16 6,351.01,137.66
TW16 7,351.94,137.33
TW17 0,360.76,138.61
TW17 7,360.08,139.01
TW17 8,355.74,138.44
TW17 9,367.78,139.57
TW18 1,359.37,137.14
TW18 2,366.81,137.76
TW18 3,368.73,137.97
TW18 4,369.19,137.6
TW18 9,366.67,137.44
TW19 5,373.28,138.31
TW19 6,367.95,137.8
TW19 7,367.35,137.84
TW2 5,349.53,136.56
TW2 6,349.51,136.69
TW2 7,353.44,137.18
TW20 0,342.75,133.9
TW20 8,372.96,138.8
TW20 9,370.77,138.43
TW3 1,349.15,136.72
TW3 2,350.36,136.77
TW3 3,347.44,136.39
TW3 4,345.09,136.36
TW3 9,345.09,136.37
TW4 5,350.48,137.04
TW4 6,359.34,138.06
TW4 7,350.63,137.06
TW5 0,348.6,136.79
TW5 9,359.1,138.08
TW6 1,368.86,138.73
TW6 2,370.11,138.89
TW6 3,366.48,138.42
TW7 4,354.1,137.48
TW7 5,361.09,138.49
TW7 6,354.98,137.58
TW7 7,354.31,137.5
TW8 0,384.65,140.04
TW8 1,385.27,140.14
TW8 8,375.11,139.42
TW8 9,374.05,139.43
TW9 1,367.86,138.89
TW9 2,360.95,138.3
TW9 3,391.84,140.63
TW9 4,393.41,140.9
TW9 9,353.98,137.65
UB1 1,363.58,138.35
UB1 2,358.74,137.63
UB1 3,367.68,139.55
UB10 0,356.69,136.58
UB10 8,359.75,137.5
UB10 9,360.51,136.89
UB11 1,359.51,137.63
UB2 4,361.4,138.76
UB2 5,360.39,138.22
UB3 1,365.67,138.59
UB3 2,358.12,137.2
UB3 3,363.3,138.07
UB3 4,364.88,138.56
UB3 5,368.27,138.82
UB3 9,363.21,138.47
UB4 0,364.43,138.25
UB4 8,361.54,137.25
UB4 9,363.75,137.8
UB5 4,353.16,136.73
UB5 5,354.86,136.4
UB5 6,357.85,136.81
UB5 9,354.92,136.77
UB6 0,353.36,137.09
UB6 7,361.11,138.5
UB6 8,362.58,138.41
UB6 9,359.67,137.85
UB7 0,370.36,139.18
UB7 7,376.12,140.38
UB7 8,377.72,140.58
UB7 9,368.39,139.14
UB8 1,368.78,138.88
UB8 2,370.91,139.41
UB8 3,369.99,139.04
UB8 9,370.16,139.15
UB9 4,364.06,138.82
UB9 5,356.33,137.88
UB9 6,350.14,137.26
W10 4,350.18,136.84
W10 5,353.65,137.32
W10 6,357.7,137.71
W11 1,353.69,137.33
W11 2,360.71,138.88
W11 3,360.72,138.88
W11 4,360.73,138.89
W12 0,363.97,138.95
W12 7,365.12,139.12
W12 8,367.25,139.41
W12 9,373.09,139.98
W13 0,366.88,139.33
W13 3,366.89,139.34
W13 8,367.23,138.99
W13 9,371.31,139.85
W14 0,367.29,139.42
W14 4,364.61,139.13
W14 8,364.6,139.13
W14 9,371.46,139.64
W1B 1,365.68,138.21
W1B 2,365.7,138.21
W1B 3,365.7,138.21
W1B 4,341.93,135.25
W1B 5,341.93,135.25
W1C 1,365.7,138.21
W1C 2,365.7,138.21
W1D 1,341.92,135.25
W1D 2,341.92,135.25
W1D 3,341.92,135.25
W1D 4,341.41,134.56
W1D 5,341.93,135.25
W1D 6,341.94,135.25
W1D 7,341.94,135.25
W1F 0,341.93,135.25
W1F 7,341.93,135.25
W1F 8,341.93,135.25
W1F 9,341.93,135.25
W1G 0,365.7,138.21
W1G 6,365.68,138.21
W1G 7,365.68,138.21
W1G 8,365.69,138.21
W1G 9,365.69,138.21
W1H 1,362.24,137.97
W1H 2,362.25,137.97
W1H 4,362.25,137.97
W1H 5,362.26,137.97
W1H 6,365.7,138.21
W1H 7,362.27,137.97
W1J 0,341.95,135.26
W1J 5,341.95,135.26
W1J 6,341.95,135.25
W1J 7,343.0,135.44
W1J 8,341.96,135.26
W1J 9,341.95,135.26
W1K 1,343.0,135.44
W1K 2,365.72,138.21
W1K 3,365.72,138.21
W1K 4,365.71,138.21
W1K 5,365.7,138.21
W1K 6,365.71,138.21
W1K 7,350.98,136.58
W1S 1,365.7,138.21
W1S 2,341.93,135.25
W1S 3,341.94,135.25
W1S 4,341.95,135.26
W1T 1,341.4,134.56
W1T 2,366.92,138.47
W1T 3,365.69,138.21
W1T 4,366.92,138.47
W1T 5,366.91,138.47
W1T 6,366.91,138.47
W1T 7,366.92,138.47
W1U 1,365.7,138.21
W1U 2,365.69,138.21
W1U 3,365.69,138.21
W1U 4,365.69,138.21
W1U 5,365.68,138.21
W1U 6,362.24,137.97
W1U 7,365.69,138.21
W1U 8,365.69,138.21
W1W 5,365.68,138.21
W1W 6,365.68,138.21
W1W 7,365.69,138.21
W1W 8,365.69,138.21
W2 1,355.04,137.36
W2 2,350.98,136.58
W2 3,348.28,136.04
W2 4,347.39,136.4
W2 5,352.14,137.24
W2 6,355.05,137.36
W3 0,365.13,139.46
W3 3,376.47,139.73
W3 6,366.91,139.52
W3 7,371.93,140.16
W3 8,376.46,139.73
W3 9,370.61,139.72
W4 1,373.44,139.45
W4 2,373.87,139.27
W4 3,382.93,139.83
W4 4,377.98,139.49
W4 5,380.22,139.94
W4 9,377.98,139.49
W5 1,360.51,138.65
W5 2,365.39,139.38
W5 3,374.27,140.15
W5 4,375.63,139.58
W5 5,367.8,139.36
W5 9,367.78,139.36
W6 0,367.69,139.05
W6 6,367.72,139.05
W6 7,367.29,139.42
W6 8,351.41,136.67
W6 9,367.73,139.05
W7 1,354.59,137.53
W7 2,379.37,141.39
W7 3,370.17,140.31
W7 9,379.35,141.38
W8 4,347.42,136.41
W8 5,352.12,136.68
W8 6,362.82,138.58
W8 7,347.42,136.41
W8 9,364.58,139.13
W9 1,355.29,137.63
W9 2,355.31,137.63
W9 3,350.18,136.84
WA1 1,211.79,110.26
WA1 2,204.81,107.74
WA1 3,210.34,110.71
WA1 4,217.06,113.79
WA1 9,224.31,115.14
WA10 1,204.44,109.34
WA10 2,206.66,111.01
WA10 3,197.11,106.31
WA10 4,199.23,107.59
WA10 5,193.8,105.55
WA10 6,203.16,109.2
WA10 9,204.44,109.34
WA11 0,186.12,100.11
WA11 7,182.31,99.71
WA11 8,180.47,98.3
WA11 9,183.61,98.57
WA12 0,187.98,101.86
WA12 2,194.45,104.37
WA12 8,201.32,106.8
WA12 9,195.34,104.74
WA13 0,209.38,109.23
WA13 9,224.54,115.87
WA14 1,200.05,104.79
WA14 2,190.65,99.76
WA14 3,216.15,111.02
WA14 4,208.99,108.42
WA14 5,219.12,113.46
WA15 0,203.86,106.72
WA15 5,197.8,103.49
WA15 6,213.58,111.65
WA15 7,204.67,107.73
WA15 8,199.81,105.63
WA15 9,196.93,102.93
WA16 0,221.69,112.7
WA16 1,217.42,109.51
WA16 6,219.3,111.77
WA16 7,218.71,113.18
WA16 8,218.85,112.31
WA16 9,236.17,118.3
WA2 0,205.69,109.38
WA2 7,205.71,108.36
WA2 8,195.16,104.25
WA2 9,207.11,109.49
WA3 1,193.24,103.64
WA3 2,188.47,101.88
WA3 3,180.49,98.33
WA3 4,201.37,106.95
WA3 5,211.12,110.99
WA3 6,216.86,113.96
WA3 7,198.38,106.39
WA3 9,210.53,111.65
WA4 1,210.87,110.61
WA4 2,216.35,113.26
WA4 3,209.46,110.68
WA4 4,208.29,110.1
WA4 5,203.09,108.2
WA4 6,218.26,113.18
WA5 0,236.4,119.78
WA5 1,227.32,116.33
WA5 2,222.8,115.64
WA5 3,218.51,114.74
WA5 4,204.82,109.0
WA5 7,220.38,114.57
WA5 8,229.74,117.47
WA5 9,230.57,118.12
WA6 0,260.63,124.02
WA6 1,256.05,125.2
WA6 6,232.3,115.64
WA6 7,252.63,123.91
WA6 8,247.14,120.53
WA6 9,237.77,115.84
WA7 1,217.5,112.91
WA7 2,199.17,105.96
WA7 3,225.93,116.24
WA7 4,215.42,112.98
WA7 5,194.19,104.56
WA7 6,201.09,106.46
WA7 9,191.18,102.71
WA8 0,207.14,110.47
WA8 2,200.15,107.87
WA8 3,203.22,108.49
WA8 4,203.64,109.77
WA8 5,197.13,106.49
WA8 6,198.09,106.95
WA8 7,206.16,110.77
WA8 8,206.06,110.98
WA8 9,195.1,105.54
WA9 1,199.15,106.56
WA9 2,192.08,102.96
WA9 3,197.07,105.65
WA9 4,194.96,105.15
WA9 5,188.58,102.43
WC1A 1,341.4,134.56
WC1A 2,341.4,134.56
WC1B 3,341.4,134.56
WC1B 4,341.4,134.56
WC1B 5,341.4,134.56
WC1E 6,366.91,138.47
WC1E 7,366.92,138.47
WC1H 0,366.9,138.47
WC1H 8,356.97,137.3
WC1H 9,366.89,138.47
WC1N 1,366.9,138.47
WC1N 2,341.39,134.56
WC1N 3,341.4,134.56
WC1R 4,341.4,134.56
WC1R 5,341.4,134.56
WC1V 6,341.4,134.56
WC1V 7,341.4,134.56
WC1X 0,354.34,136.57
WC1X 8,354.36,136.57
WC1X 9,354.33,136.57
WC2A 1,341.4,134.56
WC2A 2,341.41,134.56
WC2A 3,341.4,134.56
WC2B 4,341.42,134.56
WC2B 5,341.41,134.56
WC2B 6,341.41,134.56
WC2E 7,355.3,137.54
WC2E 8,355.3,137.54
WC2E 9,341.42,134.56
WC2H 0,341.93,135.25
WC2H 7,341.94,135.25
WC2H 8,341.41,134.56
WC2H 9,341.41,134.56
WC2N 4,355.3,137.54
WC2N 5,355.31,137.54
WC2N 6,355.31,137.54
WC2R 0,355.3,137.54
WC2R 1,355.3,137.54
WC2R 2,355.3,137.54
WC2R 3,357.33,137.9
WD17 1,338.45,133.8
WD17 2,357.99,136.38
WD17 3,333.28,132.89
WD17 4,333.56,132.8
WD18 0,350.98,135.86
WD18 1,349.19,137.02
WD18 6,343.97,135.58
WD18 7,345.14,135.37
WD18 8,349.17,136.65
WD18 9,349.79,137.0
WD19 4,349.56,136.32
WD19 5,346.07,135.75
WD19 6,334.78,134.34
WD19 7,339.2,134.96
WD23 1,337.93,133.84
WD23 2,356.91,136.07
WD23 3,354.36,135.26
WD23 4,343.2,133.72
WD23 9,324.01,131.17
WD24 4,351.32,135.61
WD24 5,327.12,132.12
WD24 6,339.96,134.8
WD24 7,351.1,136.72
WD25 0,325.19,132.02
WD25 7,318.93,130.86
WD25 8,354.83,135.23
WD25 9,348.13,136.29
WD3 0,352.24,136.72
WD3 1,340.48,135.98
WD3 3,339.91,135.1
WD3 4,333.91,133.58
WD3 5,332.23,133.13
WD3 6,332.54,133.28
WD3 7,353.57,136.89
WD3 8,348.14,136.05
WD3 9,355.66,137.24
WD4 8,324.62,132.11
WD4 9,312.11,129.94
WD5 0,306.83,129.21
WD6 1,342.19,133.95
WD6 2,342.71,133.99
WD6 3,344.04,133.47
WD6 4,351.63,134.6
WD6 5,334.57,133.11
WD6 9,353.06,135.38
WD7 0,363.35,136.42
WD7 7,354.02,135.37
WD7 8,351.91,134.52
WD7 9,334.17,133.18
WF1 1,319.83,132.0
WF1 2,288.41,126.56
WF1 3,292.32,127.28
WF1 4,304.58,129.25
WF1 5,302.83,129.08
WF1 9,319.82,132.0
WF10 1,281.47,126.16
WF10 2,279.51,126.48
WF10 3,260.97,122.87
WF10 4,266.45,123.84
WF10 5,273.97,124.88
WF10 9,277.73,125.21
WF11 0,285.89,127.62
WF11 8,288.32,128.0
WF11 9,288.37,127.95
WF12 0,230.57,113.67
WF12 7,253.64,120.51
WF12 8,265.28,122.74
WF12 9,271.78,124.24
WF13 1,283.23,126.42
WF13 2,254.26,120.0
WF13 3,268.95,123.84
WF13 4,253.7,121.07
WF13 9,283.26,126.42
WF14 0,245.58,118.68
WF14 8,223.67,111.84
WF14 9,252.09,120.18
WF15 6,254.33,121.23
WF15 7,247.63,119.24
WF15 8,219.22,111.35
WF16 0,276.79,127.19
WF16 9,257.22,122.36
WF17 0,228.97,113.97
WF17 1,272.63,125.07
WF17 5,271.47,125.48
WF17 6,259.19,122.4
WF17 7,269.11,126.45
WF17 8,264.87,124.84
WF17 9,224.1,112.83
WF2 0,286.0,126.1
WF2 6,279.0,124.57
WF2 7,309.82,129.96
WF2 8,300.56,128.02
WF2 9,300.72,128.56
WF3 1,251.16,119.48
WF3 2,257.94,120.68
WF3 3,265.91,122.49
WF3 4,293.94,127.69
WF4 1,262.96,121.48
WF4 2,254.41,118.96
WF4 3,288.17,125.92
WF4 4,222.01,110.13
WF4 5,311.4,129.83
WF4 6,289.63,126.08
WF5 0,278.44,124.34
WF5 5,246.48,117.61
WF5 8,267.45,122.35
WF5 9,265.88,122.39
WF6 1,273.07,123.9
WF6 2,283.87,125.7
WF7 5,266.5,123.74
WF7 6,262.82,122.2
WF7 7,261.73,121.07
WF8 1,277.5,126.86
WF8 2,281.57,127.92
WF8 3,278.95,126.1
WF8 4,277.48,127.5
WF8 9,289.09,130.25
WF9 1,265.1,121.84
WF9 2,278.65,124.08
WF9 3,272.91,123.46
WF9 4,251.21,117.93
WF9 5,260.34,120.33
WN1 1,177.37,96.57
WN1 2,164.27,87.81
WN1 3,170.04,92.45
WN1 9,177.38,96.57
WN2 1,147.06,76.95
WN2 2,161.91,87.35
WN2 3,167.53,90.54
WN2 4,169.46,91.47
WN2 5,175.81,95.39
WN3 4,177.34,96.47
WN3 5,181.1,98.5
WN3 6,171.69,93.3
WN4 0,170.82,92.03
WN4 8,173.22,93.89
WN4 9,174.06,94.21
WN5 0,168.59,91.47
WN5 7,158.1,85.57
WN5 8,156.96,84.76
WN5 9,175.12,95.06
WN6 0,157.08,84.01
WN6 7,179.95,97.88
WN6 8,169.61,92.51
WN6 9,154.79,83.03
WN7 1,193.0,101.58
WN7 2,193.62,101.91
WN7 3,205.92,107.58
WN7 4,190.64,101.66
WN7 5,183.44,97.85
WN7 9,201.67,105.13
WN8 0,153.08,82.68
WN8 1,169.51,93.61
WN8 6,158.68,86.99
WN8 7,167.62,91.73
WN8 8,167.9,93.39
WN8 9,166.7,91.65
WR1 1,347.55,135.87
WR1 2,337.96,135.24
WR1 3,347.56,135.87
WR1 9,340.01,135.09
WR10 1,315.65,130.75
WR10 2,323.56,133.23
WR10 3,309.77,130.31
WR10 9,322.94,132.94
WR11 1,327.42,133.41
WR11 2,314.04,130.5
WR11 3,324.67,132.7
WR11 4,302.26,127.45
WR11 7,315.77,130.44
WR11 8,321.88,132.55
WR11 9,319.42,131.66
WR12 7,296.92,125.63
WR13 5,293.18,125.71
WR13 6,309.0,128.66
WR14 1,304.53,127.08
WR14 2,300.87,126.49
WR14 3,285.81,123.79
WR14 4,264.9,119.48
WR14 9,228.51,107.28
WR15 8,261.97,119.54
WR2 4,335.18,133.23
WR2 5,336.91,133.57
WR2 6,332.37,132.7
WR3 7,326.47,132.31
WR3 8,327.17,132.78
WR4 0,316.45,131.27
WR4 9,325.53,132.63
WR5 1,320.79,132.67
WR5 2,324.26,132.84
WR5 3,335.62,133.91
WR6 5,301.49,127.03
WR6 6,282.97,123.61
WR7 4,313.44,131.3
WR8 0,332.57,132.98
WR8 9,328.36,133.08
WR9 0,324.23,132.96
WR9 1,327.4,132.92
WR9 7,311.67,130.1
WR9 8,320.94,131.25
WR9 9,328.66,133.07
WS1 1,270.31,120.11
WS1 2,266.77,119.15
WS1 3,262.21,118.57
WS1 4,282.05,124.3
WS1 9,270.31,120.11
WS10 0,262.39,118.99
WS10 1,251.0,115.32
WS10 7,257.1,117.71
WS10 8,261.71,118.73
WS10 9,260.39,118.15
WS11 0,265.55,121.52
WS11 1,258.45,120.46
WS11 4,226.21,110.28
WS11 5,226.83,109.9
WS11 6,232.0,111.69
WS11 7,251.74,117.17
WS11 8,246.0,114.03
WS11 9,247.2,114.43
WS12 0,221.1,106.52
WS12 1,222.46,107.1
WS12 2,224.51,107.6
WS12 3,233.23,110.6
WS12 4,219.59,106.83
WS13 2,287.12,122.49
WS13 6,298.1,126.03
WS13 7,291.89,124.19
WS13 8,295.25,125.67
WS14 0,291.25,124.81
WS14 4,303.85,127.27
WS14 9,301.9,127.14
WS15 1,251.56,115.46
WS15 2,237.83,111.59
WS15 3,262.8,118.87
WS15 4,271.07,120.04
WS15 9,268.57,120.12
WS2 0,255.94,116.26
WS2 7,256.5,116.27
WS2 8,259.72,117.06
WS2 9,269.3,120.01
WS3 1,264.46,118.82
WS3 2,246.97,114.31
WS3 3,252.37,116.23
WS3 4,266.39,119.17
WS3 5,253.96,115.91
WS4 1,273.43,119.99
WS4 2,264.09,117.98
WS5 3,256.91,116.32
WS5 4,275.24,122.28
WS6 6,247.44,114.08
WS6 7,241.58,112.51
WS6 9,238.96,111.92
WS7 0,278.89,122.34
WS7 1,236.11,110.87
WS7 2,260.86,117.73
WS7 3,242.67,112.85
WS7 4,260.88,117.88
WS7 9,272.03,120.5
WS8 6,266.81,119.12
WS8 7,257.6,116.49
WS9 0,257.77,116.03
WS9 1,263.11,117.75
WS9 8,261.59,117.15
WS9 9,267.67,118.79
WV1 1,239.76,112.42
WV1 2,246.03,115.0
WV1 3,235.52,111.72
WV1 4,248.44,113.42
WV1 9,240.65,113.36
WV10 0,249.19,115.9
WV10 6,262.24,120.48
WV10 7,258.33,119.74
WV10 8,249.26,116.39
WV10 9,247.98,115.26
WV11 1,240.49,113.25
WV11 2,235.32,111.75
WV11 3,248.83,115.33
WV11 9,244.14,114.12
WV12 4,252.38,115.58
WV12 5,245.45,113.4
WV13 1,254.81,116.42
WV13 2,259.4,117.9
WV13 3,251.65,116.06
WV14 0,244.19,113.96
WV14 4,252.71,116.52
WV14 6,250.41,115.76
WV14 7,252.7,116.52
WV14 8,242.14,113.4
WV14 9,232.39,111.05
WV15 5,303.43,129.64
WV15 6,291.23,126.14
WV16 4,289.65,125.97
WV16 5,293.38,126.28
WV16 6,238.46,114.64
WV16 9,309.2,129.96
WV2 1,232.59,111.0
WV2 2,239.38,113.2
WV2 3,232.6,111.0
WV2 4,232.6,111.0
WV3 0,237.77,112.74
WV3 7,245.05,115.24
WV3 8,257.14,119.53
WV3 9,249.33,116.57
WV4 4,269.66,123.45
WV4 5,240.33,114.23
WV4 6,233.76,111.59
WV5 0,282.24,125.86
WV5 5,295.88,129.34
WV5 7,293.98,128.68
WV5 8,293.19,129.01
WV5 9,279.52,125.74
WV6 0,253.41,116.05
WV6 6,254.3,117.0
WV6 7,283.34,126.11
WV6 8,256.25,119.07
WV6 9,255.48,118.31
WV7 3,278.32,125.36
WV8 1,267.08,122.42
WV8 2,252.96,118.72
WV9 5,266.18,122.25
YO1 0,272.04,123.35
YO1 6,269.28,121.68
YO1 7,264.56,120.54
YO1 8,272.04,123.34
YO1 9,272.04,123.35
YO10 3,275.32,126.74
YO10 4,293.41,129.55
YO10 5,282.72,128.09
YO11 1,207.16,112.28
YO11 2,195.17,106.88
YO11 3,211.65,111.43
YO11 9,205.63,111.51
YO12 4,231.6,116.14
YO12 5,185.02,101.23
YO12 6,192.83,106.08
YO12 7,207.15,112.27
YO13 0,185.64,100.33
YO13 9,211.16,108.45
YO14 0,211.79,109.2
YO14 9,204.3,107.34
YO15 1,183.91,98.1
YO15 2,242.1,118.8
YO15 3,255.34,122.04
YO15 9,244.38,119.46
YO16 4,231.4,113.64
YO16 6,200.51,104.31
YO16 7,223.33,112.25
YO17 1,287.24,129.04
YO17 6,292.94,130.09
YO17 7,275.21,126.66
YO17 8,240.57,117.59
YO17 9,216.04,109.9
YO18 7,205.62,107.32
YO18 8,198.14,104.44
YO18 9,289.58,129.14
YO19 4,293.8,130.25
YO19 5,278.45,127.38
YO19 6,299.67,131.81
YO21 1,217.59,109.06
YO21 2,179.3,94.25
YO21 3,206.31,104.47
YO21 9,245.37,119.84
YO22 4,196.17,104.29
YO22 5,193.59,102.41
YO23 1,304.57,132.14
YO23 2,298.67,130.97
YO23 3,287.89,128.3
YO23 7,295.67,130.6
YO24 1,285.59,126.66
YO24 2,290.5,128.42
YO24 3,288.1,127.82
YO24 4,280.32,125.68
YO25 1,282.19,124.36
YO25 3,224.75,111.75
YO25 4,253.84,119.68
YO25 5,273.1,123.06
YO25 6,291.95,126.57
YO25 8,266.86,123.64
YO25 9,256.21,120.43
YO26 0,269.27,121.68
YO26 4,290.46,128.49
YO26 5,280.45,126.4
YO26 6,283.57,127.33
YO26 7,284.39,128.02
YO26 8,280.5,128.3
YO26 9,270.39,126.18
YO30 1,280.84,128.15
YO30 2,282.72,128.82
YO30 4,277.43,125.57
YO30 5,284.63,127.17
YO30 6,272.38,122.92
YO30 7,266.36,120.28
YO31 0,275.01,126.57
YO31 1,274.95,126.29
YO31 6,272.94,124.69
YO31 7,264.54,120.54
YO31 8,267.9,122.11
YO31 9,272.94,124.69
YO32 2,276.86,126.36
YO32 3,276.5,126.03
YO32 4,274.38,124.68
YO32 5,277.7,126.11
YO32 9,275.95,126.16
YO41 1,243.36,118.92
YO41 4,298.32,130.67
YO41 5,271.36,125.35
YO42 1,215.31,109.85
YO42 2,248.37,119.42
YO42 4,290.4,128.92
YO42 9,244.81,118.58
YO43 3,251.65,119.87
YO43 4,269.53,124.52
YO51 9,273.31,125.46
YO60 6,255.83,122.23
YO60 7,251.24,120.96
YO61 1,271.39,126.8
YO61 2,278.49,127.35
YO61 3,257.61,123.44
YO61 4,228.57,115.72
YO62 4,240.57,118.74
YO62 5,195.59,102.9
YO62 6,248.74,121.17
YO62 7,170.74,90.54
YO7 1,270.61,125.58
YO7 2,194.34,103.37
YO7 3,275.48,126.73
YO7 4,265.51,125.02
YO7 9,266.53,124.74
YO8 1,295.39,131.18
YO8 3,301.15,131.06
YO8 4,296.74,131.41
YO8 5,304.24,132.94
YO8 6,304.34,132.68
YO8 8,301.85,132.01
YO8 9,292.72,130.08
ZE1 0,72.56,40.29
ZE1 9,70.89,39.62
ZE2 9,63.21,33.39
ZE3 9,74.87,45.15
