name,d02_high,d02_low,d03_high,d03_low,d06_high,d06_low,d09_high,d09_low,d12_high,d12_low
AB10,0.0,0.0,0.0,0.0,0.0,0.0,0.0,0.0,0.0,0.0
AB11,0.0,0.0,0.0,0.0,0.0,0.0,0.0,0.0,0.0,0.0
AB12,0.0,0.0,0.0,0.0,0.0,0.0,0.0,0.0,0.0,0.0
AB13,0.0,0.0,0.0,0.0,0.0,0.0,0.0,0.0,0.0,0.0
AB14,0.0,0.0,0.0,0.0,0.0,0.0,0.0,0.0,0.0,0.0
AB15,0.0,0.0,0.0,0.0,0.0,0.0,0.0,0.0,0.0,0.0
AB16,0.0,0.0,0.0,0.0,0.0,0.0,0.0,0.0,0.0,0.0
AB21,0.0,0.0,0.0,0.0,0.0,0.0,0.0,0.0,0.0,0.0
AB22,0.0,0.0,0.0,0.0,0.0,0.0,0.0,0.0,0.0,0.0
AB23,0.0,0.0,0.0,0.0,0.0,0.0,0.0,0.0,0.0,0.0
AB24,0.0,0.0,0.0,0.0,0.0,0.0,0.0,0.0,0.0,0.0
AB25,0.0,0.0,0.0,0.0,0.0,0.0,0.0,0.0,0.0,0.0
AB30,0.0,0.0,0.0,0.0,0.0,0.0,0.0,0.0,0.0,0.0
AB31,0.0,0.0,0.0,0.0,0.0,0.0,0.0,0.0,0.0,0.0
AB32,0.0,0.0,0.0,0.0,0.0,0.0,0.0,0.0,0.0,0.0
AB33,0.0,0.0,0.0,0.0,0.0,0.0,0.0,0.0,0.0,0.0
AB34,0.0,0.0,0.0,0.0,0.0,0.0,0.0,0.0,0.0,0.0
AB35,0.0,0.0,0.0,0.0,0.0,0.0,0.0,0.0,0.0,0.0
AB36,0.0,0.0,0.0,0.0,0.0,0.0,0.0,0.0,0.0,0.0
AB37,0.0,0.0,0.0,0.0,0.0,0.0,0.0,0.0,0.0,0.0
AB38,0.0,0.0,0.0,0.0,0.0,0.0,0.0,0.0,0.0,0.0
AB39,0.0,0.0,0.0,0.0,0.0,0.0,0.0,0.0,0.0,0.0
AB41,0.0,0.0,0.0,0.0,0.0,0.0,0.0,0.0,0.0,0.0
AB42,0.0,0.0,0.0,0.0,0.0,0.0,0.0,0.0,0.0,0.0
AB43,0.0,0.0,0.0,0.0,0.0,0.0,0.0,0.0,0.0,0.0
AB44,0.0,0.0,0.0,0.0,0.0,0.0,0.0,0.0,0.0,0.0
AB45,0.0,0.0,0.0,0.0,0.0,0.0,0.0,0.0,0.0,0.0
AB51,0.0,0.0,0.0,0.0,0.0,0.0,0.0,0.0,0.0,0.0
AB52,0.0,0.0,0.0,0.0,0.0,0.0,0.0,0.0,0.0,0.0
AB53,0.0,0.0,0.0,0.0,0.0,0.0,0.0,0.0,0.0,0.0
AB54,0.0,0.0,0.0,0.0,0.0,0.0,0.0,0.0,0.0,0.0
AB55,0.0,0.0,0.0,0.0,0.0,0.0,0.0,0.0,0.0,0.0
AB56,0.0,0.0,0.0,0.0,0.0,0.0,0.0,0.0,0.0,0.0
AL1,0.026218,0.077377,0.012844,0.046817,0.002834,0.017037,0.001127,0.008187,0.000464,0.005171
AL2,0.018732,0.056734,0.009478,0.032057,0.002257,0.01017,0.000697,0.00494,0.000254,0.002429
AL3,0.012344,0.031908,0.007613,0.022686,0.003127,0.01022,0.001619,0.005206,0.000846,0.003467
AL4,0.023859,0.062303,0.013565,0.04137,0.004428,0.018612,0.002226,0.009014,0.001203,0.005184
AL5,0.01383,0.037735,0.007621,0.026185,0.0026,0.012744,0.001289,0.006738,0.000788,0.003805
AL6,0.009858,0.026985,0.006683,0.016731,0.002862,0.007597,0.001712,0.004364,0.001062,0.002798
AL7,0.019373,0.071003,0.00905,0.039494,0.001425,0.010185,0.000706,0.003515,0.000263,0.00155
AL8,0.014367,0.04339,0.008476,0.024041,0.003913,0.008678,0.000924,0.00566,0.000347,0.004101
AL9,0.032616,0.065361,0.019692,0.041836,0.007246,0.015587,0.003854,0.00725,0.002091,0.004093
AL10,0.03869,0.117084,0.020912,0.068539,0.006125,0.023414,0.002383,0.011213,0.000715,0.005636
B1,0.056651,0.155791,0.034435,0.113581,0.006665,0.045821,0.00236,0.0218,0.001527,0.014857
B2,0.077579,0.156082,0.039713,0.130223,0.013853,0.036943,0.000924,0.020318,0.000924,0.015701
B3,0.054633,0.246161,0.02266,0.197425,0.006208,0.091883,0.001863,0.059911,0.000931,0.031973
B4,0.037969,0.135881,0.025313,0.098966,0.011777,0.039727,0.005449,0.020039,0.003164,0.009492
B5,0.040449,0.127586,0.015597,0.073381,0.003426,0.017847,0.001585,0.007568,0.001176,0.005011
B6,0.048765,0.178394,0.024017,0.104936,0.00473,0.031112,0.001211,0.010699,0.000282,0.003688
B7,0.033902,0.127847,0.012617,0.07915,0.000908,0.016928,0.000272,0.006808,0.000272,0.003313
B8,0.035733,0.112815,0.016097,0.073356,0.002182,0.023414,0.001038,0.01027,0.000585,0.00431
B9,0.038211,0.122714,0.018071,0.077656,0.003343,0.02635,0.00207,0.012299,0.001393,0.005055
B10,0.039281,0.12439,0.016532,0.073475,0.003344,0.012858,0.001036,0.003721,0.000235,0.001366
B11,0.049796,0.162167,0.020593,0.10058,0.002249,0.0252,0.000521,0.010118,0.000302,0.004387
B12,0.027375,0.126896,0.010314,0.065567,0.000669,0.008753,0.000502,0.00145,0.000167,0.00039
B13,0.031568,0.086665,0.015756,0.049399,0.004038,0.011831,0.001528,0.004264,0.001283,0.002151
B14,0.044379,0.083227,0.024312,0.048693,0.007842,0.017207,0.004246,0.008098,0.002483,0.00464
B15,0.027244,0.082787,0.015347,0.050857,0.004146,0.014343,0.001828,0.006875,0.001056,0.003502
B16,0.035558,0.116698,0.017416,0.064449,0.004445,0.01914,0.00127,0.007892,0.000454,0.004173
B17,0.029607,0.07375,0.016417,0.044452,0.003873,0.013049,0.001487,0.006202,0.000449,0.003845
B18,0.048303,0.138845,0.024836,0.083405,0.002102,0.019507,0.000587,0.005329,0.000489,0.001271
B19,0.041204,0.113558,0.022215,0.0713,0.003041,0.02569,0.001055,0.012597,0.000745,0.006578
B20,0.049731,0.128478,0.027056,0.087338,0.007986,0.033275,0.002493,0.017884,0.000653,0.007817
B21,0.031753,0.075996,0.016109,0.04577,0.002956,0.010596,0.001362,0.00382,0.000797,0.001993
B23,0.013329,0.055464,0.005368,0.026415,0.000912,0.005773,0.000385,0.002674,0.000101,0.001843
B24,0.037504,0.140209,0.013202,0.090737,0.002487,0.021208,0.001617,0.009745,0.001112,0.005257
B25,0.044347,0.137259,0.023254,0.079044,0.003902,0.018192,0.00116,0.006328,0.000422,0.001846
B26,0.03591,0.091565,0.016496,0.046883,0.004092,0.009579,0.001927,0.003174,0.001046,0.00156
B27,0.040059,0.108534,0.023087,0.065379,0.006036,0.031984,0.001137,0.018383,0.000431,0.007565
B28,0.037058,0.097359,0.017024,0.052394,0.002279,0.01421,0.000647,0.0056,0.000338,0.002589
B29,0.023964,0.070029,0.012606,0.040317,0.004361,0.010208,0.002042,0.005451,0.000515,0.002993
B30,0.028124,0.081473,0.01629,0.04804,0.005139,0.017484,0.001514,0.009126,0.000384,0.005096
B31,0.030373,0.0705,0.01614,0.041987,0.00394,0.01228,0.001815,0.005238,0.000988,0.002791
B32,0.026921,0.054787,0.015879,0.034357,0.004784,0.012389,0.002047,0.005686,0.001029,0.002991
B33,0.048308,0.124112,0.026348,0.079628,0.003361,0.024335,0.001027,0.008957,0.000584,0.003885
B34,0.03247,0.101056,0.010823,0.051306,0.001861,0.009304,0.000873,0.003114,0.000228,0.000835
B35,0.032337,0.191597,0.008691,0.096708,0.001011,0.019655,0.000202,0.006922,0.0,0.002931
B36,0.035721,0.103808,0.018011,0.061946,0.003975,0.018746,0.001809,0.007932,0.000622,0.004823
B37,0.026054,0.083675,0.011407,0.045997,0.001659,0.014839,0.000612,0.007094,0.000396,0.00481
B38,0.036627,0.068023,0.022982,0.044321,0.008667,0.017031,0.003639,0.008553,0.001769,0.005079
B40,0.043171,0.119391,0.021337,0.073838,0.004466,0.016375,0.00129,0.005458,0.000496,0.002382
B42,0.054265,0.139283,0.032348,0.099584,0.015025,0.050481,0.009621,0.036104,0.006378,0.027619
B43,0.040642,0.082093,0.026629,0.053678,0.011217,0.024052,0.005861,0.014317,0.000573,0.007394
B44,0.024842,0.080973,0.011221,0.048132,0.00287,0.010092,0.001247,0.003035,0.000753,0.001459
B45,0.022881,0.052524,0.014217,0.030828,0.00475,0.012737,0.002283,0.005975,0.001106,0.003811
B46,0.020831,0.051402,0.012211,0.028055,0.003125,0.007712,0.000881,0.002568,0.000444,0.001067
B47,0.042807,0.081931,0.026669,0.052314,0.009399,0.020218,0.002588,0.006542,0.000683,0.001869
B48,0.029265,0.05235,0.018175,0.032377,0.006076,0.012295,0.002463,0.005799,0.001183,0.00327
B49,0.030402,0.059044,0.018617,0.032429,0.006735,0.010485,0.002533,0.004319,0.000863,0.002003
B50,0.038072,0.07939,0.021233,0.041962,0.006925,0.012026,0.002849,0.005768,0.001281,0.002826
B60,0.022501,0.050495,0.012531,0.030858,0.00357,0.008802,0.001175,0.003012,0.000478,0.001165
B61,0.01924,0.045186,0.010639,0.025757,0.002966,0.007203,0.001144,0.002943,0.000555,0.001518
B62,0.024318,0.048221,0.014784,0.029361,0.004325,0.010079,0.001755,0.004415,0.000794,0.002529
B63,0.031639,0.066776,0.020215,0.039062,0.006084,0.013401,0.002632,0.006997,0.001065,0.003103
B64,0.055286,0.13643,0.02977,0.09067,0.008233,0.028885,0.003198,0.012044,0.001055,0.00575
B65,0.04612,0.112613,0.026549,0.07045,0.00631,0.022325,0.003797,0.009171,0.003075,0.005454
B66,0.06284,0.178987,0.035756,0.123186,0.009503,0.063018,0.005138,0.036558,0.002257,0.01865
B67,0.021623,0.065014,0.014245,0.042077,0.006648,0.01892,0.001936,0.012309,0.000804,0.00767
B68,0.013708,0.039343,0.006349,0.020668,0.001514,0.004941,0.000797,0.001913,0.000213,0.000903
B69,0.050641,0.155038,0.025287,0.096063,0.005118,0.030758,0.002626,0.012744,0.00064,0.007475
B70,0.04791,0.150233,0.023704,0.089579,0.004793,0.032491,0.001412,0.013264,0.000409,0.005183
B71,0.054976,0.116111,0.029946,0.077701,0.007722,0.029202,0.003155,0.014882,0.001138,0.007737
B72,0.024213,0.054712,0.012158,0.028438,0.002421,0.006388,0.000824,0.0034,0.000464,0.002576
B73,0.010141,0.04671,0.004049,0.024457,0.000542,0.004971,0.000217,0.000922,3.6e-05,0.000307
B74,0.007588,0.029376,0.00361,0.014767,0.000485,0.002892,0.000109,0.000869,2.5e-05,0.000393
B75,0.016438,0.040723,0.010425,0.026289,0.003259,0.008934,0.001444,0.004319,0.000945,0.002476
B76,0.023239,0.067679,0.012693,0.039479,0.003679,0.012329,0.001818,0.005187,0.000773,0.002808
B77,0.026574,0.084438,0.015015,0.049767,0.003594,0.016464,0.001474,0.008612,0.000336,0.004847
B78,0.030773,0.069148,0.01865,0.043202,0.006498,0.015089,0.003116,0.007129,0.001578,0.003931
B79,0.030681,0.067008,0.017902,0.038669,0.005003,0.010398,0.001486,0.003465,0.000382,0.001133
B80,0.028862,0.065064,0.014773,0.035237,0.003825,0.006936,0.001297,0.002168,0.000497,0.000936
B90,0.041082,0.096649,0.021114,0.054421,0.005052,0.015466,0.001757,0.008008,0.000875,0.004773
B91,0.032747,0.075741,0.018539,0.042957,0.00341,0.013089,0.001332,0.004714,0.000568,0.002171
B92,0.033927,0.08538,0.019094,0.055198,0.004439,0.014669,0.001264,0.005441,0.000351,0.002528
B93,0.022415,0.049462,0.011969,0.028519,0.002693,0.007434,0.000576,0.002619,0.000228,0.000913
B94,0.031337,0.064591,0.019293,0.041493,0.007935,0.016305,0.004252,0.008709,0.002478,0.005599
B95,0.032547,0.061611,0.018885,0.035513,0.006014,0.009846,0.002389,0.003912,0.000794,0.001778
B96,0.034189,0.065014,0.021103,0.037372,0.007739,0.011519,0.002949,0.004758,0.00095,0.00186
B97,0.028397,0.056198,0.015843,0.032829,0.004585,0.008584,0.001507,0.003438,0.000611,0.001482
B98,0.044386,0.111321,0.02537,0.069429,0.007155,0.021018,0.002803,0.008206,0.001277,0.004285
BA1,0.010408,0.022819,0.005688,0.01371,0.001439,0.003614,0.000533,0.001478,0.000325,0.00065
BA2,0.012079,0.023055,0.007613,0.014583,0.002329,0.005065,0.001013,0.002349,0.000542,0.001203
BA3,0.013749,0.024767,0.008475,0.015481,0.00283,0.005739,0.001323,0.00306,0.000757,0.001873
BA4,0.023439,0.04412,0.014552,0.026311,0.004448,0.007935,0.00174,0.003399,0.000842,0.00171
BA5,0.037171,0.073665,0.02105,0.046233,0.005263,0.010251,0.002085,0.004211,0.001098,0.002122
BA6,0.092998,0.181001,0.05297,0.113107,0.007199,0.030014,0.001225,0.004656,0.00029,0.000965
BA7,0.031293,0.061423,0.019045,0.03514,0.005776,0.0118,0.001718,0.005371,0.000697,0.002483
BA8,0.018067,0.047946,0.008435,0.021883,0.001597,0.003888,0.000431,0.001501,6.8e-05,0.000547
BA9,0.018969,0.041458,0.011569,0.024239,0.003351,0.008004,0.001149,0.00348,0.000438,0.00146
BA10,0.018148,0.029309,0.011887,0.018667,0.004804,0.008309,0.002426,0.004577,0.001113,0.002725
BA11,0.02855,0.048452,0.01821,0.032105,0.006459,0.012314,0.002759,0.005824,0.001421,0.0032
BA12,0.008342,0.017432,0.005037,0.011008,0.001698,0.004129,0.000697,0.001734,0.000306,0.000925
BA13,0.023598,0.04427,0.014172,0.026874,0.004353,0.00911,0.001648,0.004364,0.00077,0.002401
BA14,0.035469,0.06368,0.019507,0.036107,0.004707,0.00914,0.001429,0.00313,0.000506,0.00125
BA15,0.012182,0.021526,0.00721,0.012139,0.002327,0.004042,0.000986,0.001745,0.000454,0.000947
BA16,0.081142,0.170813,0.048518,0.101526,0.008349,0.021405,0.001207,0.002593,0.000204,0.000546
BA20,0.031683,0.064703,0.017465,0.037667,0.003947,0.010229,0.001358,0.003395,0.000722,0.001655
BA21,0.021512,0.051074,0.011815,0.02961,0.003941,0.006811,0.001519,0.003429,0.000504,0.001623
BA22,0.030817,0.064009,0.018314,0.037302,0.005206,0.011058,0.001788,0.004415,0.000688,0.001906
BB1,0.046114,0.072047,0.03023,0.048272,0.012379,0.024329,0.006153,0.014353,0.003665,0.008919
BB2,0.045082,0.071691,0.029527,0.048341,0.011013,0.019565,0.004865,0.010266,0.002397,0.005892
BB3,0.041137,0.074172,0.030972,0.057342,0.017804,0.034676,0.010754,0.023618,0.006669,0.016841
BB4,0.028238,0.041561,0.017363,0.029061,0.007509,0.012202,0.00376,0.00664,0.002171,0.004164
BB5,0.040484,0.061865,0.025659,0.041059,0.007993,0.01395,0.004155,0.007481,0.002175,0.004404
BB6,0.029049,0.048607,0.01835,0.02669,0.005632,0.010227,0.002197,0.004905,0.000959,0.002677
BB7,0.032237,0.04572,0.02058,0.028693,0.007529,0.011472,0.002924,0.005689,0.001224,0.003013
BB8,0.033227,0.050585,0.020669,0.032731,0.007501,0.013478,0.002929,0.007016,0.001132,0.00388
BB9,0.029268,0.04917,0.01963,0.031151,0.007144,0.013897,0.003625,0.007395,0.002108,0.003719
BB10,0.031249,0.052471,0.0203,0.033612,0.008323,0.014937,0.004552,0.008852,0.003081,0.005522
BB11,0.042484,0.062026,0.031104,0.043506,0.009159,0.023012,0.0042,0.016133,0.002221,0.004587
BB12,0.034031,0.052737,0.022552,0.034627,0.007762,0.013429,0.003009,0.006049,0.001273,0.00325
BB18,0.037662,0.060663,0.026627,0.040878,0.00827,0.01698,0.00262,0.006972,0.000937,0.00298
BD1,0.127015,0.326674,0.087456,0.265029,0.045413,0.142981,0.007983,0.083908,0.003282,0.054815
BD2,0.019079,0.058277,0.010732,0.037016,0.003628,0.013903,0.001928,0.007155,0.001015,0.005734
BD3,0.035187,0.093916,0.021922,0.06094,0.007287,0.019587,0.004204,0.010338,0.001837,0.005481
BD4,0.022444,0.057505,0.01276,0.034649,0.004219,0.012189,0.00203,0.005813,0.001253,0.003434
BD5,0.03994,0.109742,0.025174,0.06814,0.012105,0.028034,0.007682,0.017758,0.006252,0.013535
BD6,0.012846,0.042259,0.006033,0.023505,0.001106,0.002715,0.000503,0.00088,0.000352,0.000503
BD7,0.023015,0.074107,0.013362,0.049532,0.004297,0.017747,0.002119,0.006651,0.001383,0.003473
BD8,0.028196,0.097941,0.015866,0.054474,0.003438,0.008594,0.001587,0.003967,0.000859,0.002578
BD9,0.017395,0.049012,0.010195,0.026885,0.003499,0.009792,0.000982,0.004808,0.000604,0.001989
BD10,0.015278,0.04684,0.007727,0.029071,0.001181,0.007519,0.000511,0.002794,0.00016,0.000814
BD11,0.008354,0.020714,0.004715,0.012058,0.001787,0.005297,0.001206,0.003617,0.000667,0.002778
BD12,0.031218,0.068851,0.01809,0.045374,0.006225,0.014266,0.003681,0.00722,0.001327,0.004392
BD13,0.016015,0.029386,0.010325,0.020968,0.005534,0.008893,0.002576,0.00504,0.001574,0.003613
BD14,0.006564,0.019175,0.003455,0.010581,0.000821,0.002203,0.000734,0.00108,0.000216,0.000475
BD15,0.014083,0.034047,0.007781,0.019965,0.001821,0.006862,0.000607,0.002303,0.000265,0.000871
BD16,0.022663,0.045152,0.013458,0.02912,0.003687,0.012996,0.001887,0.007472,0.00101,0.003169
BD17,0.034181,0.074977,0.020306,0.047386,0.005238,0.013253,0.002339,0.005628,0.000633,0.002193
BD18,0.014272,0.047059,0.006321,0.029102,0.001385,0.006388,0.00067,0.003015,0.000536,0.002345
BD19,0.025816,0.054582,0.015724,0.035215,0.005454,0.01521,0.002861,0.008114,0.001922,0.005308
BD20,0.029923,0.055795,0.018126,0.035559,0.005031,0.011977,0.00195,0.004771,0.000929,0.002319
BD21,0.028169,0.068911,0.014758,0.044192,0.004037,0.014585,0.00222,0.006867,0.001392,0.004601
BD22,0.029426,0.046288,0.019674,0.02987,0.008242,0.014024,0.003666,0.008466,0.002079,0.004558
BD23,0.030802,0.049339,0.019517,0.031146,0.007092,0.01247,0.003065,0.006231,0.001222,0.003439
BD24,0.033873,0.057318,0.022197,0.03877,0.008864,0.014716,0.004589,0.007813,0.002548,0.004405
BH1,0.002636,0.015786,0.001165,0.00885,0.000499,0.002969,0.000166,0.001443,0.000111,0.00086
BH2,0.011604,0.031518,0.006468,0.021091,0.002391,0.012937,0.000314,0.009291,0.000196,0.004979
BH3,0.008969,0.028992,0.004802,0.018754,0.002356,0.009422,0.001812,0.004802,0.000453,0.003896
BH4,0.007914,0.021681,0.003792,0.014468,0.000783,0.004781,0.000371,0.002143,0.000247,0.001278
BH5,0.002012,0.014419,0.000419,0.006651,0.000168,0.001928,0.0,0.000419,0.0,2.8e-05
BH6,0.006194,0.023703,0.00339,0.013287,0.00084,0.00406,6.7e-05,0.001331,7e-06,0.000691
BH7,0.02923,0.099797,0.016307,0.064167,0.003139,0.021076,0.000489,0.007012,0.000122,0.002731
BH8,0.01987,0.116438,0.008935,0.071517,0.0024,0.020327,0.000743,0.007258,0.000362,0.002286
BH9,0.006921,0.059311,0.002161,0.030546,0.000321,0.005665,0.0,0.002044,0.0,0.000555
BH10,0.024722,0.097674,0.011438,0.058088,0.002214,0.011122,0.000949,0.002741,0.000474,0.00087
BH11,0.013549,0.035905,0.008047,0.020693,0.002381,0.00739,0.000739,0.003983,0.000185,0.001601
BH12,0.027493,0.077909,0.01968,0.056022,0.010159,0.030943,0.007537,0.021508,0.003795,0.016058
BH13,0.009642,0.018353,0.006251,0.013337,0.003017,0.006295,0.00193,0.003417,0.001269,0.002582
BH14,0.037091,0.063469,0.022861,0.044197,0.008506,0.018034,0.005868,0.010228,0.003338,0.005042
BH15,0.02987,0.064713,0.017323,0.043942,0.004105,0.011782,0.0021,0.004513,0.000955,0.001976
BH16,0.017045,0.04112,0.01001,0.025598,0.003768,0.008449,0.001314,0.004064,0.000638,0.002403
BH17,0.074681,0.129872,0.049174,0.091835,0.019378,0.039989,0.006993,0.021843,0.001808,0.007185
BH18,0.016463,0.048002,0.006868,0.027179,0.001218,0.008646,0.000195,0.004311,7.3e-05,0.002119
BH19,0.005391,0.011611,0.003167,0.006212,0.000937,0.001964,0.000392,0.000871,0.000215,0.000448
BH20,0.013541,0.031359,0.007413,0.017596,0.001855,0.004934,0.000726,0.001949,0.000324,0.000985
BH21,0.013809,0.031662,0.007863,0.018484,0.001899,0.004976,0.00058,0.001811,0.00024,0.000761
BH22,0.014502,0.064725,0.005769,0.030857,0.000899,0.005392,0.00013,0.00096,8.2e-05,0.00022
BH23,0.027346,0.104241,0.012409,0.058855,0.001913,0.014696,0.000467,0.004806,0.000138,0.002015
BH24,0.018355,0.044136,0.009382,0.023808,0.002363,0.005431,0.0006,0.001633,0.000148,0.00055
BH25,0.010224,0.021258,0.004841,0.010242,0.001166,0.00202,0.000541,0.000889,0.000348,0.000462
BH31,0.015506,0.039963,0.007358,0.020225,0.000936,0.003466,0.00028,0.00073,0.000134,0.000219
BL0,0.042765,0.063159,0.030175,0.043621,0.012398,0.021306,0.005827,0.012382,0.003226,0.00838
BL1,0.041448,0.070793,0.022904,0.042122,0.006687,0.013866,0.002883,0.006058,0.001458,0.00359
BL2,0.033248,0.063409,0.018923,0.03664,0.005145,0.011696,0.002235,0.005418,0.001061,0.002629
BL3,0.04908,0.101527,0.024742,0.062701,0.005091,0.01841,0.001845,0.007007,0.000867,0.002984
BL4,0.05191,0.109839,0.031872,0.072342,0.00975,0.028797,0.004255,0.01453,0.00239,0.007709
BL5,0.058833,0.103736,0.036137,0.066471,0.012004,0.024673,0.004309,0.011513,0.002095,0.00576
BL6,0.04469,0.077001,0.028383,0.050269,0.008858,0.019585,0.003558,0.008794,0.001794,0.004858
BL7,0.037495,0.05269,0.02524,0.033969,0.011405,0.016795,0.00588,0.010383,0.003534,0.006466
BL8,0.041506,0.071157,0.025026,0.047108,0.010295,0.019618,0.005173,0.010129,0.002006,0.005751
BL9,0.030711,0.063947,0.017246,0.037431,0.004842,0.011786,0.00219,0.005246,0.001095,0.002944
BN1,0.011169,0.030014,0.007027,0.020308,0.002858,0.007108,0.001589,0.003779,0.000779,0.00252
BN2,0.007531,0.022484,0.00487,0.015272,0.001762,0.005836,0.000903,0.003071,0.000459,0.002046
BN3,0.019065,0.051305,0.010879,0.035298,0.002726,0.013548,0.001095,0.00606,0.000414,0.002596
BN5,0.03982,0.063188,0.024207,0.039279,0.006122,0.012723,0.002053,0.00409,0.000617,0.001294
BN6,0.038067,0.056635,0.023573,0.036849,0.007241,0.013107,0.00244,0.005156,0.001012,0.002197
BN7,0.019136,0.03588,0.011972,0.022855,0.003994,0.008542,0.00153,0.003981,0.000722,0.002326
BN8,0.044441,0.067995,0.02847,0.045909,0.009101,0.016312,0.003012,0.006439,0.001227,0.002795
BN9,0.00965,0.031362,0.005048,0.018615,0.001661,0.005225,0.000573,0.002001,0.000304,0.001435
BN10,0.005793,0.015539,0.002743,0.007514,0.000744,0.002371,0.000409,0.001692,6.5e-05,0.001265
BN11,0.018433,0.054747,0.007492,0.036678,0.001496,0.009383,0.000478,0.002255,0.000187,0.000509
BN12,0.016566,0.046923,0.007191,0.026073,0.001866,0.005185,0.000281,0.001359,0.000122,0.000225
BN13,0.012584,0.026333,0.007327,0.015633,0.003012,0.005193,0.000958,0.002762,0.000346,0.000819
BN14,0.009306,0.028219,0.00424,0.014485,0.000939,0.002768,0.000413,0.001046,0.000157,0.000545
BN15,0.012648,0.037465,0.006758,0.022108,0.001442,0.006002,0.000481,0.001817,0.000229,0.000545
BN16,0.013056,0.032745,0.005626,0.016519,0.000818,0.003192,0.000228,0.000927,9.8e-05,0.000482
BN17,0.013423,0.036802,0.004913,0.019699,0.000891,0.003226,0.000206,0.000849,8.3e-05,0.000307
BN18,0.011422,0.025936,0.006273,0.014038,0.001787,0.004436,0.000708,0.002144,0.000418,0.001429
BN20,0.002169,0.005792,0.001282,0.003114,0.000393,0.000962,0.000198,0.000462,8.4e-05,0.000241
BN21,0.014301,0.055713,0.007634,0.033256,0.001601,0.00918,0.000391,0.003017,0.000205,0.001192
BN22,0.018585,0.061111,0.008379,0.029766,0.001635,0.006085,0.000302,0.001085,4.1e-05,0.000192
BN23,0.01599,0.044619,0.006192,0.019797,0.000901,0.002418,0.000254,0.000583,9.5e-05,0.000233
BN24,0.017612,0.038875,0.009693,0.021375,0.002116,0.005181,0.000918,0.002259,0.000357,0.000928
BN25,0.004323,0.019265,0.002261,0.011212,0.000582,0.003835,0.000379,0.002089,0.00027,0.000792
BN26,0.028759,0.044378,0.018398,0.030001,0.006083,0.011147,0.002527,0.005013,0.001138,0.002786
BN27,0.051387,0.084954,0.031846,0.054587,0.011128,0.018538,0.006094,0.009129,0.002187,0.004017
BN41,0.0113,0.030129,0.006853,0.018184,0.002233,0.008175,0.001035,0.005184,0.00042,0.003309
BN42,0.01605,0.052616,0.00881,0.022929,0.002595,0.013154,0.001207,0.008206,0.000483,0.004586
BN43,0.009251,0.023245,0.00428,0.013178,0.001122,0.004534,0.000404,0.002231,0.000254,0.001181
BN44,0.037481,0.057149,0.025216,0.039856,0.009497,0.015234,0.003964,0.007521,0.001261,0.003992
BN45,0.009205,0.013784,0.00531,0.008648,0.001136,0.002434,0.000452,0.000904,0.000267,0.000603
BR1,0.040511,0.086378,0.021251,0.049834,0.004583,0.016341,0.001493,0.007738,0.000773,0.004753
BR2,0.027896,0.074779,0.01295,0.046342,0.002684,0.011461,0.00111,0.003956,0.000548,0.001827
BR3,0.044014,0.108961,0.021698,0.06016,0.003393,0.013759,0.001073,0.005257,0.000241,0.001784
BR4,0.028005,0.096128,0.015243,0.067184,0.003347,0.022708,0.000506,0.009464,0.00012,0.003516
BR5,0.022918,0.055628,0.012284,0.030561,0.002349,0.008861,0.000815,0.004785,0.000441,0.002666
BR6,0.012508,0.035737,0.007308,0.021571,0.002159,0.006679,0.000983,0.003675,0.00057,0.002265
BR7,0.012781,0.034117,0.006475,0.016874,0.001426,0.003254,0.000554,0.001895,0.000302,0.001023
BR8,0.017885,0.043941,0.010628,0.027983,0.003452,0.010869,0.001421,0.006093,0.000755,0.003709
BS1,0.118374,0.230567,0.085075,0.176583,0.037083,0.068741,0.017658,0.029136,0.012298,0.017154
BS2,0.111627,0.236349,0.073346,0.184157,0.029837,0.109804,0.014199,0.058763,0.007531,0.034778
BS3,0.108378,0.2,0.073183,0.143552,0.027116,0.067001,0.010147,0.029972,0.006481,0.011128
BS4,0.054625,0.101049,0.037755,0.070327,0.025398,0.043976,0.018123,0.032203,0.014977,0.02517
BS5,0.057081,0.117197,0.041345,0.079695,0.023423,0.045188,0.016141,0.031292,0.010761,0.023322
BS6,0.051352,0.109212,0.033467,0.072114,0.01514,0.033202,0.01027,0.021471,0.00726,0.015317
BS7,0.026047,0.065906,0.013607,0.035697,0.005557,0.011137,0.00327,0.006426,0.002081,0.004917
BS8,0.02194,0.033639,0.016918,0.024739,0.008144,0.011029,0.00503,0.007048,0.002278,0.003248
BS9,0.057621,0.090388,0.047029,0.06615,0.031792,0.043588,0.021629,0.034286,0.014678,0.027736
BS10,0.0451,0.0897,0.027401,0.052207,0.009222,0.018385,0.003966,0.009244,0.001836,0.005706
BS11,0.059768,0.078652,0.031834,0.044132,0.009143,0.01318,0.004315,0.006001,0.002558,0.003673
BS13,0.028772,0.070301,0.019702,0.044669,0.010715,0.025366,0.00721,0.016728,0.003605,0.011745
BS14,0.026658,0.055581,0.015688,0.034226,0.006981,0.013247,0.004752,0.008624,0.003285,0.006301
BS15,0.04697,0.097638,0.029518,0.062214,0.01215,0.026157,0.009506,0.016102,0.007819,0.011771
BS16,0.041116,0.081003,0.027096,0.052958,0.011987,0.024437,0.006949,0.015227,0.003536,0.009953
BS20,0.010834,0.028789,0.006673,0.016518,0.002266,0.005263,0.00133,0.002654,0.000984,0.001463
BS21,0.008688,0.02427,0.005161,0.013641,0.000876,0.002335,0.000135,0.000353,3.4e-05,9.1e-05
BS22,0.006264,0.026431,0.003222,0.013657,0.000431,0.002936,5.2e-05,0.000615,9e-06,9.1e-05
BS23,0.003373,0.022557,0.001311,0.01074,0.000218,0.001263,5.1e-05,0.000251,6e-06,7.7e-05
BS24,0.025956,0.078081,0.014394,0.04813,0.002345,0.009794,0.000513,0.001712,4.6e-05,0.000337
BS25,0.014164,0.031477,0.008474,0.017821,0.002438,0.004835,0.000765,0.001637,0.000239,0.000592
BS26,0.036578,0.088319,0.02071,0.048389,0.005653,0.010674,0.001427,0.002381,0.000298,0.000494
BS27,0.022814,0.0575,0.013442,0.033712,0.002241,0.005198,0.000419,0.001349,0.000187,0.000633
BS28,0.079054,0.141916,0.043048,0.081216,0.008006,0.01649,0.002668,0.004321,0.001236,0.002106
BS29,0.047619,0.119167,0.032284,0.073668,0.00785,0.015925,0.002415,0.003904,0.000604,0.001418
BS30,0.018776,0.035177,0.010922,0.02083,0.0032,0.006387,0.001364,0.002859,0.000411,0.001269
BS31,0.016639,0.03944,0.008296,0.021617,0.001806,0.005406,0.000669,0.002014,0.000221,0.000575
BS32,0.058701,0.116719,0.039412,0.072408,0.015679,0.031845,0.00758,0.016969,0.003382,0.010805
BS34,0.06671,0.155939,0.036717,0.094744,0.012744,0.038325,0.006571,0.017742,0.003649,0.010667
BS35,0.026095,0.068719,0.015461,0.041336,0.004455,0.012068,0.001349,0.004745,0.000373,0.002257
BS36,0.040554,0.071273,0.025509,0.043021,0.010315,0.017824,0.004299,0.008951,0.002093,0.004836
BS37,0.031572,0.067956,0.018076,0.039457,0.004911,0.011711,0.001749,0.005116,0.000664,0.00249
BS39,0.02087,0.03172,0.013945,0.020502,0.005264,0.008242,0.002334,0.004578,0.001008,0.002519
BS40,0.013961,0.023693,0.008912,0.01453,0.003263,0.005653,0.001497,0.00295,0.00079,0.001664
BS41,0.010912,0.01815,0.006896,0.010822,0.003079,0.004618,0.001071,0.002449,0.000639,0.000963
BS48,0.026072,0.055779,0.016365,0.032965,0.005186,0.00898,0.00129,0.002887,0.000532,0.001354
BS49,0.051789,0.118099,0.033375,0.078955,0.010516,0.021961,0.002012,0.005589,0.000297,0.001027
CA1,0.081592,0.128514,0.056277,0.086397,0.032474,0.043183,0.023055,0.02821,0.019252,0.021066
CA2,0.050296,0.084794,0.031798,0.054923,0.017688,0.025089,0.0126,0.016408,0.009841,0.010993
CA3,0.080978,0.121665,0.058973,0.090012,0.039844,0.052137,0.032061,0.040406,0.02902,0.033454
CA4,0.01121,0.019804,0.006329,0.010937,0.001901,0.003368,0.000745,0.001542,0.000361,0.000838
CA5,0.016269,0.027853,0.009491,0.016147,0.002724,0.004527,0.001306,0.001931,0.000855,0.001161
CA6,0.025233,0.04546,0.014753,0.026155,0.004399,0.008141,0.001551,0.003303,0.000701,0.001617
CA7,0.016101,0.02848,0.008842,0.015494,0.002126,0.003806,0.000685,0.001265,0.000314,0.00056
CA8,0.023894,0.037634,0.014383,0.023184,0.004622,0.008915,0.001704,0.004067,0.000708,0.001836
CA9,0.026551,0.036037,0.015193,0.019838,0.005281,0.007445,0.002239,0.003569,0.001187,0.001897
CA10,0.017089,0.026452,0.010142,0.015628,0.00321,0.005377,0.001323,0.002401,0.000627,0.001225
CA11,0.019831,0.029316,0.011634,0.017563,0.003571,0.005726,0.001247,0.002407,0.000516,0.001075
CA12,0.028465,0.040025,0.017277,0.024223,0.005216,0.008497,0.001834,0.003646,0.00062,0.001685
CA13,0.019946,0.029868,0.012477,0.018534,0.004209,0.006716,0.001667,0.003181,0.000793,0.001616
CA14,0.021904,0.038471,0.013979,0.024165,0.004989,0.008422,0.001711,0.003115,0.000961,0.001698
CA15,0.015118,0.027265,0.009188,0.015937,0.003109,0.005278,0.001312,0.002277,0.000734,0.00122
CA16,0.019218,0.029934,0.011314,0.017611,0.003377,0.005826,0.001351,0.002369,0.000685,0.001167
CA17,0.025278,0.03932,0.015585,0.025163,0.005395,0.010366,0.002534,0.005208,0.00133,0.00292
CA18,0.011394,0.020143,0.005551,0.010203,0.000665,0.001474,0.000159,0.000263,2.8e-05,6.9e-05
CA19,0.021965,0.034025,0.014578,0.021348,0.002124,0.009531,0.000484,0.001544,0.000161,0.000392
CA20,0.020102,0.031612,0.011808,0.017867,0.003007,0.005302,0.000927,0.002038,0.000212,0.000808
CA21,0.003727,0.011369,0.0013,0.005183,0.000172,0.000642,0.00011,0.000313,3.1e-05,0.000125
CA22,0.008965,0.015992,0.004183,0.009021,0.000905,0.002012,0.000365,0.000768,0.000164,0.000384
CA23,0.021841,0.03023,0.013098,0.017737,0.004096,0.005947,0.001671,0.002878,0.000664,0.001235
CA24,0.022712,0.039943,0.012052,0.021755,0.001827,0.003959,0.000522,0.000914,0.000261,0.000305
CA25,0.028436,0.048019,0.018224,0.030534,0.005036,0.009492,0.001599,0.004216,0.000639,0.002198
CA26,0.016651,0.025998,0.01028,0.016378,0.003901,0.006038,0.001992,0.003432,0.001371,0.001917
CA27,0.002369,0.005571,0.001147,0.002773,0.000214,0.000857,8.8e-05,0.000265,5e-05,0.000113
CA28,0.02013,0.031369,0.01428,0.022152,0.006759,0.011259,0.002055,0.006973,0.000862,0.003011
CB1,0.03789,0.181424,0.017144,0.106196,0.004811,0.020136,0.003069,0.005537,0.002178,0.002885
CB2,0.019577,0.094393,0.007865,0.051423,0.001303,0.00757,0.00031,0.002141,0.000124,0.000993
CB3,0.056533,0.124377,0.03206,0.073622,0.010602,0.024171,0.003382,0.010806,0.001239,0.004939
CB4,0.0293,0.13998,0.011221,0.062443,0.001516,0.009675,0.000276,0.002067,0.000138,0.000873
CB5,0.020982,0.06742,0.009875,0.038249,0.002085,0.010122,0.000891,0.00417,0.000227,0.002047
CB6,0.091983,0.184471,0.059501,0.12149,0.021054,0.044356,0.010143,0.017425,0.0048,0.0084
CB7,0.053953,0.129006,0.031352,0.074863,0.011042,0.022709,0.004935,0.008766,0.002202,0.003915
CB8,0.023805,0.047016,0.014939,0.030832,0.005539,0.012036,0.00247,0.006134,0.001288,0.003375
CB9,0.057379,0.095609,0.041097,0.072336,0.020652,0.044236,0.012397,0.032363,0.008126,0.025842
CB10,0.022045,0.041723,0.014313,0.026378,0.004683,0.008678,0.001745,0.003393,0.000631,0.001569
CB11,0.016164,0.032725,0.010511,0.019776,0.003104,0.005994,0.001118,0.002429,0.000417,0.001112
CB21,0.014236,0.032503,0.008841,0.019325,0.002647,0.005294,0.000935,0.001979,0.000297,0.000785
CB22,0.007042,0.032147,0.003431,0.015477,0.000641,0.003467,0.000196,0.000959,7.7e-05,0.000369
CB23,0.037118,0.067888,0.023499,0.040303,0.008544,0.013511,0.003317,0.005707,0.001361,0.002482
CB24,0.075449,0.157186,0.042234,0.090947,0.011621,0.02231,0.003981,0.007143,0.001484,0.002622
CB25,0.039772,0.099764,0.022933,0.059008,0.008609,0.018721,0.003566,0.00765,0.001318,0.003199
CF3,0.0,0.0,0.0,0.0,0.0,0.0,0.0,0.0,0.0,0.0
CF5,0.0,0.0,0.0,0.0,0.0,0.0,0.0,0.0,0.0,0.0
CF10,0.0,0.0,0.0,0.0,0.0,0.0,0.0,0.0,0.0,0.0
CF11,0.0,0.0,0.0,0.0,0.0,0.0,0.0,0.0,0.0,0.0
CF14,0.0,0.0,0.0,0.0,0.0,0.0,0.0,0.0,0.0,0.0
CF15,0.0,0.0,0.0,0.0,0.0,0.0,0.0,0.0,0.0,0.0
CF23,0.0,0.0,0.0,0.0,0.0,0.0,0.0,0.0,0.0,0.0
CF24,0.0,0.0,0.0,0.0,0.0,0.0,0.0,0.0,0.0,0.0
CF31,0.0,0.0,0.0,0.0,0.0,0.0,0.0,0.0,0.0,0.0
CF32,0.0,0.0,0.0,0.0,0.0,0.0,0.0,0.0,0.0,0.0
CF33,0.0,0.0,0.0,0.0,0.0,0.0,0.0,0.0,0.0,0.0
CF34,0.0,0.0,0.0,0.0,0.0,0.0,0.0,0.0,0.0,0.0
CF35,0.0,0.0,0.0,0.0,0.0,0.0,0.0,0.0,0.0,0.0
CF36,0.0,0.0,0.0,0.0,0.0,0.0,0.0,0.0,0.0,0.0
CF37,0.0,0.0,0.0,0.0,0.0,0.0,0.0,0.0,0.0,0.0
CF38,0.0,0.0,0.0,0.0,0.0,0.0,0.0,0.0,0.0,0.0
CF39,0.0,0.0,0.0,0.0,0.0,0.0,0.0,0.0,0.0,0.0
CF40,0.0,0.0,0.0,0.0,0.0,0.0,0.0,0.0,0.0,0.0
CF41,0.0,0.0,0.0,0.0,0.0,0.0,0.0,0.0,0.0,0.0
CF42,0.0,0.0,0.0,0.0,0.0,0.0,0.0,0.0,0.0,0.0
CF43,0.0,0.0,0.0,0.0,0.0,0.0,0.0,0.0,0.0,0.0
CF44,0.0,0.0,0.0,0.0,0.0,0.0,0.0,0.0,0.0,0.0
CF45,0.0,0.0,0.0,0.0,0.0,0.0,0.0,0.0,0.0,0.0
CF46,0.0,0.0,0.0,0.0,0.0,0.0,0.0,0.0,0.0,0.0
CF47,0.0,0.0,0.0,0.0,0.0,0.0,0.0,0.0,0.0,0.0
CF48,0.0,0.0,0.0,0.0,0.0,0.0,0.0,0.0,0.0,0.0
CF61,0.0,0.0,0.0,0.0,0.0,0.0,0.0,0.0,0.0,0.0
CF62,0.0,0.0,0.0,0.0,0.0,0.0,0.0,0.0,0.0,0.0
CF63,0.0,0.0,0.0,0.0,0.0,0.0,0.0,0.0,0.0,0.0
CF64,0.0,0.0,0.0,0.0,0.0,0.0,0.0,0.0,0.0,0.0
CF71,0.0,0.0,0.0,0.0,0.0,0.0,0.0,0.0,0.0,0.0
CF72,0.0,0.0,0.0,0.0,0.0,0.0,0.0,0.0,0.0,0.0
CF81,0.0,0.0,0.0,0.0,0.0,0.0,0.0,0.0,0.0,0.0
CF82,0.0,0.0,0.0,0.0,0.0,0.0,0.0,0.0,0.0,0.0
CF83,0.0,0.0,0.0,0.0,0.0,0.0,0.0,0.0,0.0,0.0
CH1,0.031325,0.071491,0.017141,0.041572,0.003497,0.010776,0.000777,0.004011,0.000187,0.002156
CH2,0.0344,0.083834,0.019033,0.04706,0.004238,0.014033,0.00135,0.005476,0.000589,0.003052
CH3,0.044157,0.075264,0.025683,0.045421,0.00669,0.011884,0.001954,0.003865,0.000689,0.001527
CH4,0.031808,0.061946,0.018047,0.034053,0.00393,0.008543,0.000732,0.001897,0.000241,0.000524
CH5,0.000513,0.001863,0.000224,0.000805,4.5e-05,0.000228,6e-06,0.00018,6e-06,6.1e-05
CH6,0.0,0.0,0.0,0.0,0.0,0.0,0.0,0.0,0.0,0.0
CH7,0.0,0.0,0.0,0.0,0.0,0.0,0.0,0.0,0.0,0.0
CH8,0.0,1.4e-05,0.0,0.0,0.0,0.0,0.0,0.0,0.0,0.0
CH41,0.034757,0.127292,0.017715,0.083444,0.005963,0.029071,0.00356,0.015002,0.001849,0.010889
CH42,0.027336,0.072078,0.014386,0.043777,0.001956,0.013024,0.000421,0.005918,7.4e-05,0.003764
CH43,0.031695,0.08561,0.019041,0.051986,0.006227,0.020252,0.002129,0.009846,0.001344,0.005482
CH44,0.023209,0.079952,0.011186,0.045754,0.003819,0.011802,0.002291,0.007515,0.001552,0.005174
CH45,0.005764,0.029166,0.002168,0.016535,0.000313,0.00322,0.000188,0.001078,4.4e-05,0.000445
CH46,0.011622,0.043299,0.004435,0.018783,0.000837,0.00317,0.000273,0.001205,5.1e-05,0.000872
CH47,0.004043,0.012045,0.001858,0.005662,0.000341,0.000801,0.000167,0.000373,5.4e-05,0.000279
CH48,0.004484,0.011784,0.002476,0.006159,0.000488,0.001622,0.000139,0.000523,7.1e-05,0.000322
CH49,0.026917,0.072434,0.012716,0.036351,0.003183,0.008543,0.001018,0.003041,0.000269,0.001344
CH60,0.018093,0.045866,0.010541,0.024508,0.002888,0.007041,0.001292,0.003487,0.000606,0.00144
CH61,0.018224,0.041377,0.00983,0.021169,0.002595,0.004983,0.001185,0.002191,0.000413,0.001068
CH62,0.020479,0.061186,0.009857,0.034089,0.002718,0.011845,0.0013,0.006117,0.000785,0.004004
CH63,0.02633,0.060263,0.015596,0.035911,0.004475,0.009738,0.000901,0.003611,0.0003,0.001371
CH64,0.022489,0.056202,0.011714,0.028139,0.002738,0.005826,0.000941,0.002464,0.000323,0.001136
CH65,0.021201,0.076159,0.010084,0.044647,0.002081,0.010365,0.000641,0.005174,0.000371,0.002722
CH66,0.039072,0.096339,0.019064,0.051738,0.003804,0.008589,0.000649,0.001791,0.00017,0.000487
CM0,0.017792,0.044612,0.010896,0.028307,0.00324,0.009542,0.000891,0.003024,0.000233,0.001117
CM1,0.034088,0.062348,0.021311,0.038793,0.006477,0.01187,0.001839,0.003903,0.000587,0.001595
CM2,0.035234,0.077127,0.020836,0.045368,0.006257,0.013758,0.002407,0.005094,0.001049,0.00241
CM3,0.038479,0.073408,0.023328,0.046071,0.007218,0.015911,0.002561,0.006894,0.000999,0.003545
CM4,0.052138,0.081712,0.034812,0.055032,0.011302,0.020598,0.003946,0.009178,0.001325,0.003682
CM5,0.037455,0.060175,0.024121,0.038426,0.007811,0.01216,0.002818,0.00475,0.000955,0.00184
CM6,0.033502,0.059066,0.021786,0.03812,0.006653,0.011219,0.002013,0.00407,0.000636,0.001718
CM7,0.025639,0.047152,0.016854,0.029264,0.005172,0.008323,0.001461,0.002933,0.000327,0.00082
CM8,0.032755,0.067881,0.020258,0.042454,0.006678,0.013669,0.002285,0.005496,0.000828,0.002504
CM9,0.033191,0.072295,0.019267,0.042148,0.00549,0.011707,0.001823,0.004301,0.000612,0.001661
CM11,0.053519,0.144171,0.029921,0.097284,0.008807,0.041287,0.002824,0.022438,0.001042,0.012504
CM12,0.048172,0.155995,0.026661,0.111372,0.00639,0.056552,0.001912,0.032123,0.000601,0.016112
CM13,0.068736,0.128215,0.043817,0.08636,0.015923,0.037476,0.006927,0.019542,0.003287,0.010454
CM14,0.040858,0.064196,0.025772,0.042236,0.008598,0.015875,0.003851,0.006817,0.001787,0.00321
CM15,0.047641,0.076801,0.031405,0.047733,0.009495,0.016516,0.002548,0.005737,0.000852,0.001888
CM16,0.038202,0.069447,0.023996,0.043399,0.008805,0.015629,0.004197,0.007674,0.001996,0.004774
CM17,0.048984,0.086204,0.032699,0.057641,0.012574,0.024543,0.005918,0.012131,0.003232,0.006611
CM18,0.047081,0.132998,0.030487,0.085072,0.016903,0.038094,0.010369,0.022304,0.006596,0.013811
CM19,0.067035,0.141663,0.043224,0.09606,0.020399,0.042087,0.01128,0.027091,0.007261,0.019299
CM20,0.101722,0.194662,0.066896,0.142544,0.026004,0.07917,0.010478,0.047957,0.005368,0.02799
CM21,0.025003,0.047455,0.015471,0.030793,0.003851,0.01092,0.00081,0.00283,0.000361,0.000864
CM22,0.03166,0.055929,0.020695,0.035466,0.00585,0.011043,0.001359,0.003825,0.000503,0.001442
CM23,0.023558,0.051294,0.01275,0.029474,0.003247,0.008322,0.000905,0.002915,0.000304,0.001264
CM24,0.027369,0.072058,0.015236,0.045322,0.00415,0.01659,0.00131,0.008502,0.000536,0.003877
CM77,0.032522,0.056981,0.020413,0.034182,0.00516,0.010238,0.001216,0.003337,0.000293,0.001337
CO1,0.016715,0.097569,0.00604,0.053208,0.000978,0.009102,0.000425,0.001786,0.000128,0.000595
CO2,0.016482,0.043745,0.009679,0.024785,0.00292,0.007498,0.001024,0.00267,0.000317,0.001177
CO3,0.009518,0.047749,0.004426,0.026098,0.000486,0.006757,0.000153,0.003101,3.5e-05,0.001242
CO4,0.007072,0.028891,0.003232,0.01456,0.000582,0.004267,0.000206,0.001934,8.4e-05,0.000955
CO5,0.030787,0.063304,0.019228,0.039563,0.005775,0.012716,0.001823,0.004974,0.000592,0.001865
CO6,0.017244,0.036288,0.010363,0.021118,0.002745,0.005792,0.000813,0.002296,0.000259,0.000887
CO7,0.008856,0.026787,0.005086,0.014513,0.000924,0.00354,0.000295,0.001223,8.9e-05,0.000477
CO8,0.011149,0.026572,0.006061,0.014571,0.001164,0.00302,0.000323,0.000762,0.000138,0.000323
CO9,0.020641,0.035913,0.012902,0.021496,0.003323,0.005759,0.000871,0.001891,0.000334,0.00071
CO10,0.02344,0.04424,0.01541,0.027958,0.005931,0.009889,0.002629,0.004809,0.00139,0.00289
CO11,0.008862,0.027536,0.00552,0.016089,0.001353,0.005034,0.000381,0.002044,0.000167,0.000887
CO12,0.022081,0.053384,0.013919,0.033474,0.004538,0.01193,0.001965,0.004076,0.000553,0.001647
CO13,0.020834,0.043029,0.011713,0.023784,0.002054,0.006915,0.000474,0.001822,0.00017,0.000591
CO14,0.007989,0.025661,0.004807,0.016994,0.000778,0.00615,0.000151,0.001763,0.000132,0.000715
CO15,0.006787,0.02811,0.003529,0.013519,0.000516,0.002891,0.000288,0.00067,0.000154,0.000252
CO16,0.015884,0.035573,0.00891,0.019602,0.002355,0.005516,0.000692,0.002065,0.000208,0.000813
CR0,0.03651,0.108708,0.020503,0.069807,0.004818,0.028199,0.001602,0.015145,0.0007,0.008672
CR2,0.027924,0.063011,0.020243,0.049767,0.007692,0.0331,0.001019,0.0255,0.000357,0.019336
CR3,0.009596,0.024315,0.00613,0.016614,0.002237,0.007045,0.001473,0.003959,0.000931,0.002773
CR4,0.063787,0.204164,0.029631,0.121844,0.005764,0.032163,0.001365,0.009338,0.000521,0.002263
CR5,0.015448,0.0468,0.009564,0.032255,0.002791,0.014141,0.001263,0.006905,0.000668,0.003724
CR6,0.005,0.014844,0.002972,0.00827,0.001546,0.00317,0.000894,0.00205,0.000454,0.001284
CR7,0.054568,0.162074,0.026043,0.085834,0.003334,0.015485,0.001778,0.003149,0.001185,0.001778
CR8,0.039134,0.077816,0.028734,0.064194,0.011645,0.044163,0.006213,0.032774,0.00448,0.022374
CT1,0.027382,0.092085,0.014956,0.054819,0.003213,0.020191,0.001012,0.012509,0.000301,0.005154
CT2,0.046977,0.079032,0.033304,0.05773,0.017599,0.031861,0.011547,0.020679,0.008278,0.01368
CT3,0.024692,0.049943,0.016852,0.032032,0.005705,0.012569,0.001801,0.005049,0.000658,0.002115
CT4,0.015188,0.030759,0.009807,0.022541,0.004334,0.010164,0.002439,0.005117,0.001562,0.00331
CT5,0.029174,0.059508,0.016492,0.035416,0.005151,0.01057,0.001914,0.004259,0.000902,0.002062
CT6,0.021348,0.039295,0.012726,0.022688,0.004591,0.008533,0.001734,0.004125,0.00061,0.001867
CT7,0.010267,0.037004,0.006727,0.019099,0.002242,0.007017,0.000684,0.002551,0.000175,0.000692
CT8,0.011611,0.021159,0.008692,0.016067,0.003622,0.008868,0.002283,0.006256,0.001339,0.004105
CT9,0.009732,0.030098,0.005624,0.020851,0.001691,0.009206,0.000696,0.005222,0.000242,0.003129
CT10,0.006539,0.020442,0.003186,0.011253,0.00077,0.003288,0.000292,0.001772,0.000149,0.000967
CT11,0.006531,0.021787,0.003712,0.0137,0.000703,0.003784,0.000176,0.001557,0.000112,0.000966
CT12,0.020592,0.053742,0.012826,0.034652,0.004653,0.01359,0.001171,0.005454,0.000357,0.002136
CT13,0.01427,0.043069,0.008662,0.024584,0.002582,0.007308,0.001084,0.003064,0.000482,0.001569
CT14,0.015013,0.040433,0.009214,0.025939,0.002532,0.008549,0.000929,0.003167,0.000301,0.001501
CT15,0.00854,0.018095,0.005884,0.012474,0.002836,0.006183,0.001638,0.003887,0.000967,0.002693
CT16,0.009164,0.029406,0.005308,0.018201,0.001579,0.005852,0.000671,0.002785,0.000318,0.001361
CT17,0.007832,0.019653,0.005084,0.012247,0.002226,0.004812,0.001447,0.003005,0.000764,0.001763
CT18,0.010634,0.022651,0.006894,0.014468,0.003065,0.00651,0.001792,0.003884,0.001289,0.002831
CT19,0.019333,0.049211,0.010339,0.029805,0.002315,0.008945,0.000739,0.0044,0.000255,0.001879
CT20,0.007903,0.022377,0.004334,0.013589,0.000979,0.003486,0.000354,0.001286,0.000177,0.000587
CT21,0.011662,0.030395,0.007347,0.019352,0.001919,0.006958,0.000694,0.001974,0.000305,0.000898
CV1,0.055831,0.174797,0.02702,0.111729,0.005311,0.037509,0.002556,0.013111,0.001925,0.005211
CV2,0.029136,0.077641,0.015896,0.044611,0.004476,0.014734,0.001812,0.007028,0.00119,0.003998
CV3,0.024434,0.066824,0.012679,0.036132,0.003079,0.01062,0.001125,0.004793,0.000555,0.002432
CV4,0.030636,0.068878,0.017119,0.04125,0.004819,0.011716,0.001217,0.004225,0.000307,0.001791
CV5,0.023592,0.05087,0.013574,0.029416,0.004152,0.008051,0.001658,0.003508,0.000809,0.001665
CV6,0.030176,0.091711,0.015801,0.055769,0.00444,0.018232,0.001899,0.008931,0.001021,0.005571
CV7,0.019252,0.038417,0.011804,0.023753,0.004153,0.008598,0.001709,0.00403,0.000825,0.002273
CV8,0.020313,0.038703,0.011455,0.023397,0.003416,0.006283,0.00109,0.002619,0.000418,0.001275
CV9,0.025291,0.048756,0.015322,0.028556,0.004702,0.008732,0.001363,0.003535,0.000564,0.001535
CV10,0.031804,0.061935,0.019527,0.038683,0.005594,0.014081,0.001425,0.006475,0.000422,0.002117
CV11,0.034347,0.08246,0.01745,0.045078,0.004206,0.010081,0.001269,0.003836,0.000455,0.001614
CV12,0.033288,0.071156,0.019319,0.041749,0.004543,0.014884,0.001476,0.005224,0.000429,0.002088
CV13,0.028714,0.056599,0.016762,0.030377,0.004319,0.007718,0.00111,0.002695,0.000233,0.000899
CV21,0.059011,0.119275,0.030763,0.076193,0.007512,0.020985,0.00259,0.008542,0.001278,0.003611
CV22,0.021392,0.043248,0.012615,0.023072,0.003722,0.006474,0.001246,0.003107,0.000384,0.00134
CV23,0.038399,0.067826,0.02381,0.040236,0.00836,0.013594,0.003209,0.006036,0.001465,0.003097
CV31,0.041354,0.086428,0.023129,0.048589,0.004823,0.011889,0.001531,0.003782,0.000409,0.001344
CV32,0.019392,0.03832,0.009479,0.021219,0.002216,0.004979,0.000681,0.001722,0.000419,0.000794
CV33,0.037639,0.057571,0.024774,0.0362,0.009449,0.013552,0.003436,0.005624,0.001597,0.002701
CV34,0.028369,0.074097,0.01491,0.039076,0.003286,0.01015,0.001496,0.003696,0.000741,0.001599
CV35,0.035848,0.063994,0.021964,0.038044,0.007635,0.012455,0.003103,0.005387,0.00128,0.002548
CV36,0.029731,0.052505,0.017493,0.030544,0.005365,0.009432,0.002284,0.003885,0.001078,0.00183
CV37,0.036166,0.070286,0.020504,0.040085,0.006229,0.011016,0.002319,0.004526,0.000976,0.002001
CV47,0.060785,0.097926,0.03936,0.062704,0.013605,0.022214,0.005674,0.009878,0.002597,0.004994
CW1,0.048094,0.105153,0.024007,0.058053,0.004633,0.013628,0.001128,0.004429,0.000316,0.001529
CW2,0.02602,0.060249,0.013519,0.033309,0.003164,0.008978,0.001104,0.003403,0.000547,0.00164
CW3,0.029635,0.05366,0.018414,0.03569,0.005021,0.012757,0.001634,0.004779,0.000666,0.00217
CW4,0.026275,0.050035,0.014694,0.028377,0.003684,0.007303,0.001025,0.002329,0.000334,0.000747
CW5,0.036688,0.063404,0.021081,0.0386,0.005187,0.011259,0.001541,0.003689,0.000566,0.001357
CW6,0.026814,0.045307,0.015814,0.02686,0.004197,0.007517,0.001288,0.002411,0.000441,0.000892
CW7,0.04735,0.081643,0.028452,0.050614,0.007307,0.016732,0.002312,0.006953,0.000787,0.002979
CW8,0.024324,0.05221,0.013691,0.032218,0.003285,0.009497,0.001142,0.003534,0.000418,0.001599
CW9,0.055328,0.099597,0.032523,0.062547,0.007803,0.019438,0.002014,0.005242,0.000643,0.001981
CW10,0.04375,0.075858,0.026408,0.04551,0.007237,0.015319,0.002539,0.00614,0.001103,0.002916
CW11,0.035988,0.067217,0.019836,0.041429,0.004263,0.011893,0.001119,0.003509,0.000439,0.001095
CW12,0.027402,0.055622,0.01616,0.033979,0.004995,0.010898,0.001972,0.004907,0.000982,0.002703
DA1,0.028088,0.107142,0.011924,0.05172,0.002824,0.013166,0.001019,0.005672,0.000455,0.003312
DA2,0.017895,0.05798,0.009804,0.038952,0.003257,0.01594,0.001362,0.009878,0.000398,0.006871
DA3,0.012821,0.034337,0.008463,0.024811,0.005182,0.013645,0.003547,0.009743,0.002689,0.007605
DA4,0.006838,0.017912,0.004035,0.010764,0.001628,0.004088,0.000942,0.002598,0.000471,0.001856
DA5,0.028542,0.07288,0.015282,0.047272,0.002894,0.017581,0.001407,0.00886,0.000991,0.004539
DA6,0.036053,0.0767,0.024665,0.050462,0.00258,0.021456,0.000315,0.014597,0.000315,0.001321
DA7,0.028174,0.077849,0.011591,0.040593,0.002408,0.009734,0.001029,0.005193,0.000427,0.003161
DA8,0.028176,0.121779,0.012706,0.072329,0.002185,0.014443,0.000738,0.005239,0.000174,0.002041
DA9,0.025274,0.082291,0.012941,0.058494,0.002844,0.015155,0.00089,0.007665,0.000521,0.00406
DA10,0.024942,0.071235,0.012003,0.042068,0.00273,0.013088,0.001084,0.004936,0.000374,0.002019
DA11,0.028436,0.095485,0.014533,0.061788,0.004144,0.017062,0.00146,0.008596,0.000463,0.0052
DA12,0.015391,0.048964,0.008672,0.029955,0.002741,0.010298,0.001256,0.005444,0.000799,0.003491
DA13,0.008202,0.024548,0.005388,0.014952,0.002247,0.006622,0.001245,0.004293,0.000642,0.002992
DA14,0.024518,0.064139,0.013696,0.039358,0.002977,0.013432,0.001378,0.007449,0.000807,0.004575
DA15,0.03627,0.100829,0.019557,0.059598,0.002989,0.016945,0.00087,0.007457,0.000174,0.000841
DA16,0.047687,0.121564,0.024168,0.074926,0.006117,0.023269,0.003371,0.010187,0.001972,0.004244
DA17,0.032985,0.11672,0.014306,0.071034,0.001633,0.018042,0.000664,0.004981,0.000194,0.001052
DA18,0.013813,0.096034,0.003733,0.040971,0.00056,0.006066,0.000373,0.001493,0.000187,0.000653
DD1,0.0,0.0,0.0,0.0,0.0,0.0,0.0,0.0,0.0,0.0
DD2,0.0,0.0,0.0,0.0,0.0,0.0,0.0,0.0,0.0,0.0
DD3,0.0,0.0,0.0,0.0,0.0,0.0,0.0,0.0,0.0,0.0
DD4,0.0,0.0,0.0,0.0,0.0,0.0,0.0,0.0,0.0,0.0
DD5,0.0,0.0,0.0,0.0,0.0,0.0,0.0,0.0,0.0,0.0
DD6,0.0,0.0,0.0,0.0,0.0,0.0,0.0,0.0,0.0,0.0
DD7,0.0,0.0,0.0,0.0,0.0,0.0,0.0,0.0,0.0,0.0
DD8,0.0,0.0,0.0,0.0,0.0,0.0,0.0,0.0,0.0,0.0
DD9,0.0,0.0,0.0,0.0,0.0,0.0,0.0,0.0,0.0,0.0
DD10,0.0,0.0,0.0,0.0,0.0,0.0,0.0,0.0,0.0,0.0
DD11,0.0,0.0,0.0,0.0,0.0,0.0,0.0,0.0,0.0,0.0
DE1,0.057712,0.20086,0.037079,0.158612,0.014268,0.089366,0.007091,0.055064,0.003332,0.032722
DE3,0.024494,0.052394,0.015786,0.03175,0.006353,0.012158,0.002814,0.006486,0.001214,0.003806
DE4,0.013236,0.024381,0.006962,0.016155,0.002304,0.004856,0.001081,0.002468,0.000587,0.001417
DE5,0.045534,0.077184,0.033174,0.056195,0.012787,0.029808,0.006453,0.017672,0.003475,0.00994
DE6,0.017164,0.033784,0.009807,0.021007,0.003067,0.006511,0.001144,0.002828,0.00049,0.001221
DE7,0.037162,0.072124,0.023521,0.046856,0.007197,0.016834,0.002571,0.007249,0.001093,0.003511
DE11,0.027932,0.066028,0.017173,0.041019,0.005191,0.015662,0.002185,0.007797,0.001051,0.004888
DE12,0.025428,0.049492,0.015561,0.029671,0.004716,0.009862,0.001449,0.004468,0.000398,0.002076
DE13,0.026877,0.062434,0.015429,0.035718,0.004371,0.010265,0.001891,0.003764,0.000981,0.001871
DE14,0.040026,0.171707,0.023828,0.097798,0.006298,0.023508,0.00319,0.008693,0.001982,0.003283
DE15,0.014617,0.03005,0.009196,0.018143,0.003454,0.006957,0.001437,0.004038,0.000716,0.001876
DE21,0.028451,0.077936,0.01626,0.049252,0.005423,0.018985,0.001583,0.009308,0.000798,0.003652
DE22,0.05363,0.100156,0.037664,0.079127,0.014581,0.044084,0.007383,0.023204,0.003201,0.013758
DE23,0.030595,0.085232,0.016778,0.049917,0.005507,0.013202,0.00252,0.005753,0.000553,0.002249
DE24,0.060102,0.199972,0.024346,0.115076,0.003625,0.018951,0.000912,0.005481,0.000393,0.001982
DE45,0.008897,0.016741,0.005185,0.009845,0.00187,0.00335,0.000971,0.001779,0.000581,0.001101
DE55,0.028949,0.053608,0.017878,0.03533,0.007018,0.014987,0.003047,0.008157,0.001573,0.00511
DE56,0.021117,0.03884,0.013335,0.024894,0.003814,0.009015,0.001396,0.003542,0.000649,0.001622
DE65,0.022594,0.05991,0.01245,0.03067,0.002982,0.007226,0.000836,0.002153,0.000276,0.000718
DE72,0.028802,0.06741,0.017373,0.038809,0.005579,0.011537,0.002087,0.005416,0.000942,0.002841
DE73,0.021039,0.044103,0.011892,0.02655,0.003663,0.007312,0.001444,0.003028,0.000713,0.001622
DE74,0.026017,0.073558,0.015441,0.043617,0.005553,0.014766,0.002974,0.006334,0.001622,0.003558
DE75,0.040218,0.077327,0.02527,0.053507,0.009016,0.021651,0.005253,0.01419,0.003345,0.008323
DG1,0.0,0.0,0.0,0.0,0.0,0.0,0.0,0.0,0.0,0.0
DG2,0.0,0.0,0.0,0.0,0.0,0.0,0.0,0.0,0.0,0.0
DG3,0.0,0.0,0.0,0.0,0.0,0.0,0.0,0.0,0.0,0.0
DG4,0.0,0.0,0.0,0.0,0.0,0.0,0.0,0.0,0.0,0.0
DG5,0.0,0.0,0.0,0.0,0.0,0.0,0.0,0.0,0.0,0.0
DG6,0.0,0.0,0.0,0.0,0.0,0.0,0.0,0.0,0.0,0.0
DG7,0.0,0.0,0.0,0.0,0.0,0.0,0.0,0.0,0.0,0.0
DG8,0.0,0.0,0.0,0.0,0.0,0.0,0.0,0.0,0.0,0.0
DG9,0.0,0.0,0.0,0.0,0.0,0.0,0.0,0.0,0.0,0.0
DG10,0.0,0.0,0.0,0.0,0.0,0.0,0.0,0.0,0.0,0.0
DG11,0.0,0.0,0.0,0.0,0.0,0.0,0.0,0.0,0.0,0.0
DG12,2e-06,1.6e-05,0.0,1e-06,0.0,0.0,0.0,0.0,0.0,0.0
DG13,0.0,0.0,0.0,0.0,0.0,0.0,0.0,0.0,0.0,0.0
DG14,0.000215,0.000359,0.000136,0.0002,2.4e-05,4.6e-05,6e-06,6e-06,6e-06,6e-06
DG16,0.007906,0.013288,0.004805,0.008342,0.00118,0.002145,0.00028,0.000692,0.000112,0.000208
DH1,0.030223,0.059665,0.01863,0.037123,0.005499,0.013437,0.001973,0.005781,0.000904,0.002875
DH2,0.03219,0.059809,0.020255,0.039021,0.007211,0.014949,0.003676,0.008345,0.001777,0.005042
DH3,0.03773,0.080747,0.023291,0.053501,0.008519,0.020223,0.003927,0.010091,0.001695,0.005417
DH4,0.049541,0.089378,0.031469,0.063122,0.010299,0.025905,0.00429,0.012224,0.001908,0.006287
DH5,0.038327,0.065205,0.026302,0.044862,0.012104,0.022193,0.00657,0.013443,0.0039,0.008556
DH6,0.036273,0.060807,0.024354,0.042077,0.009965,0.019036,0.004664,0.009813,0.002445,0.005453
DH7,0.022037,0.034746,0.014216,0.022099,0.00522,0.008648,0.00229,0.004491,0.001131,0.002395
DH8,0.019838,0.029023,0.011087,0.017703,0.00395,0.006169,0.001653,0.003093,0.000744,0.00171
DH9,0.029466,0.052934,0.017427,0.031962,0.005821,0.011014,0.002691,0.005447,0.001697,0.003229
DL1,0.047947,0.099043,0.028153,0.062652,0.009321,0.022336,0.002921,0.011783,0.000802,0.005619
DL2,0.034889,0.062722,0.021167,0.038574,0.006165,0.012435,0.001976,0.004261,0.000645,0.001717
DL3,0.042739,0.089686,0.02622,0.057575,0.008669,0.020627,0.001943,0.010046,0.000666,0.004598
DL4,0.027715,0.051749,0.014402,0.029929,0.004172,0.009422,0.001934,0.003902,0.001008,0.002285
DL5,0.038485,0.086107,0.022287,0.050351,0.005886,0.01345,0.00241,0.006039,0.001161,0.003526
DL6,0.033398,0.059946,0.020683,0.036851,0.006781,0.01228,0.002568,0.004958,0.000866,0.002145
DL7,0.043527,0.080931,0.025336,0.049979,0.006066,0.014315,0.001814,0.004341,0.00054,0.001818
DL8,0.030155,0.051282,0.018179,0.031788,0.005686,0.011295,0.002228,0.004671,0.001095,0.002305
DL9,0.029232,0.054937,0.016215,0.029977,0.00433,0.008706,0.001223,0.003088,0.000447,0.001482
DL10,0.030799,0.057166,0.019642,0.036081,0.006427,0.012595,0.002544,0.005549,0.000937,0.002168
DL11,0.02449,0.039334,0.014793,0.0238,0.00474,0.008957,0.001786,0.004108,0.000811,0.001926
DL12,0.024041,0.036844,0.01429,0.022422,0.004259,0.007972,0.001564,0.00336,0.00067,0.00151
DL13,0.019787,0.02705,0.012116,0.016065,0.004479,0.006606,0.001935,0.003431,0.000869,0.001777
DL14,0.031439,0.053685,0.020293,0.034051,0.007915,0.013615,0.003792,0.006894,0.001916,0.004364
DL15,0.028546,0.045596,0.018365,0.029445,0.007248,0.011506,0.003419,0.006218,0.001958,0.003921
DL16,0.034507,0.061599,0.021847,0.04066,0.00753,0.015828,0.003378,0.007765,0.001492,0.004552
DL17,0.033242,0.058754,0.021746,0.03887,0.007153,0.015499,0.002952,0.007444,0.001552,0.003818
DN1,0.052635,0.182464,0.013425,0.112941,0.001492,0.019871,0.000533,0.004209,0.000533,0.001651
DN2,0.019977,0.110216,0.008232,0.050355,0.001559,0.009734,0.000595,0.003145,0.00017,0.001105
DN3,0.022458,0.08075,0.012104,0.042667,0.003317,0.008718,0.000808,0.002679,0.000208,0.000816
DN4,0.026131,0.105677,0.01231,0.056294,0.002182,0.01442,0.000759,0.005737,0.000277,0.002337
DN5,0.026622,0.059745,0.016412,0.036858,0.004944,0.012341,0.001716,0.005059,0.000745,0.002363
DN6,0.024401,0.066192,0.013608,0.03416,0.004465,0.009811,0.001803,0.004221,0.000554,0.001823
DN7,0.040184,0.118667,0.02201,0.055456,0.006925,0.013568,0.002052,0.004888,0.000537,0.001745
DN8,0.056477,0.144547,0.032635,0.076591,0.013077,0.023493,0.004637,0.010732,0.002095,0.004786
DN9,0.033206,0.088076,0.020487,0.049975,0.006113,0.014948,0.00177,0.004839,0.000546,0.001578
DN10,0.037657,0.091394,0.023859,0.054063,0.009455,0.018281,0.003976,0.007744,0.001714,0.003716
DN11,0.022962,0.056003,0.01284,0.030679,0.004035,0.008928,0.001273,0.003275,0.000491,0.001573
DN12,0.019566,0.042261,0.012852,0.027729,0.005428,0.013586,0.002887,0.008922,0.001716,0.006083
DN14,0.01906,0.058839,0.010841,0.027256,0.003428,0.007214,0.000985,0.002124,0.000245,0.000685
DN15,0.010681,0.028633,0.005873,0.015871,0.001397,0.004237,0.000439,0.001553,0.000195,0.000675
DN16,0.025421,0.074304,0.012915,0.039544,0.002581,0.011441,0.001086,0.00431,0.000601,0.002176
DN17,0.014176,0.043839,0.008388,0.023483,0.001543,0.006243,0.000281,0.001911,8.2e-05,0.00053
DN18,0.005849,0.016754,0.003496,0.009667,0.001088,0.003788,0.000404,0.001982,0.000143,0.001027
DN19,0.010832,0.030457,0.005624,0.014387,0.00111,0.002774,0.000284,0.000733,8.9e-05,0.000243
DN20,0.012788,0.030729,0.007576,0.017208,0.00218,0.004913,0.000612,0.001674,0.000112,0.000518
DN21,0.030859,0.063211,0.019261,0.036892,0.006443,0.0115,0.002313,0.004245,0.000827,0.001692
DN22,0.032278,0.06923,0.019469,0.041833,0.006968,0.013505,0.002807,0.005318,0.001253,0.002306
DN31,0.013686,0.045633,0.003654,0.018276,0.000702,0.002695,0.000332,0.001004,0.000174,0.000445
DN32,0.046136,0.190742,0.017249,0.089979,0.003611,0.014273,0.000854,0.002367,0.000561,0.001074
DN33,0.050026,0.12822,0.023838,0.067945,0.004653,0.013566,0.001359,0.002902,0.000345,0.001244
DN34,0.066492,0.173929,0.031455,0.108004,0.006566,0.028769,0.001462,0.010266,0.000418,0.005014
DN35,0.022368,0.064504,0.009198,0.034167,0.001641,0.007718,0.000566,0.004023,7.7e-05,0.002523
DN36,0.023407,0.051793,0.013995,0.029034,0.004652,0.008119,0.001624,0.002632,0.00053,0.00087
DN37,0.022483,0.043354,0.014051,0.026844,0.004859,0.009855,0.001782,0.004038,0.000699,0.001622
DN38,0.014274,0.028664,0.008625,0.018416,0.003178,0.006566,0.001381,0.002747,0.000308,0.001069
DN39,0.01634,0.033287,0.009883,0.020916,0.002886,0.007214,0.000884,0.002801,0.000299,0.001134
DN40,0.032022,0.067601,0.017417,0.03659,0.004279,0.009454,0.001176,0.003371,0.000575,0.001581
DN41,0.027091,0.055771,0.016301,0.032843,0.004671,0.009866,0.001359,0.003411,0.000332,0.000941
DT1,0.025186,0.064343,0.013462,0.039763,0.003083,0.01397,0.000902,0.006674,0.000377,0.003558
DT2,0.010754,0.020335,0.006627,0.012037,0.002308,0.004272,0.000986,0.002034,0.000409,0.001159
DT3,0.013188,0.023658,0.00817,0.014852,0.002785,0.00549,0.001183,0.002653,0.000652,0.00134
DT4,0.013666,0.034834,0.007349,0.020911,0.001922,0.0067,0.000876,0.003461,0.000375,0.001835
DT5,0.004212,0.010869,0.00224,0.006794,0.000769,0.002848,0.000351,0.001592,0.000209,0.001044
DT6,0.016232,0.02568,0.010937,0.017057,0.004332,0.007209,0.001794,0.003627,0.000763,0.00201
DT7,0.005411,0.009654,0.00402,0.006568,0.001702,0.003139,0.000851,0.001876,0.000507,0.001233
DT8,0.017999,0.025865,0.01157,0.016743,0.004236,0.006135,0.001728,0.002935,0.000673,0.001246
DT9,0.022487,0.040695,0.013149,0.024588,0.003688,0.007102,0.001305,0.002615,0.000457,0.001062
DT10,0.033157,0.059915,0.018605,0.034611,0.004681,0.008851,0.001628,0.002895,0.000639,0.001235
DT11,0.0072,0.016073,0.004253,0.009315,0.001323,0.002839,0.000515,0.001147,0.000232,0.000634
DY1,0.041501,0.111377,0.025117,0.070602,0.00836,0.023869,0.004226,0.013089,0.002756,0.008323
DY2,0.058777,0.133645,0.030163,0.089532,0.008133,0.035667,0.003866,0.019366,0.002038,0.011633
DY3,0.021807,0.041294,0.013805,0.026537,0.005323,0.010563,0.002245,0.005657,0.001274,0.003487
DY4,0.059321,0.185317,0.031051,0.120605,0.004047,0.046036,0.001112,0.020963,0.000572,0.009732
DY5,0.04392,0.121359,0.024417,0.075064,0.005463,0.029382,0.002923,0.01293,0.001481,0.008041
DY6,0.025149,0.064023,0.012115,0.037884,0.002972,0.012103,0.000812,0.006433,0.000275,0.003497
DY7,0.012573,0.027531,0.00761,0.016629,0.002012,0.005223,0.000734,0.002281,0.00034,0.000965
DY8,0.021389,0.057761,0.012291,0.036593,0.004145,0.014897,0.001972,0.007963,0.001039,0.005193
DY9,0.018395,0.034418,0.011635,0.022669,0.004333,0.008824,0.002032,0.004527,0.001091,0.00253
DY10,0.014551,0.035158,0.007849,0.020523,0.001755,0.006241,0.000505,0.002307,0.000254,0.001069
DY11,0.017161,0.043453,0.008454,0.025338,0.001837,0.007185,0.000587,0.002777,0.000226,0.001189
DY12,0.013139,0.024122,0.008433,0.016301,0.002603,0.007034,0.000823,0.003711,0.000355,0.001657
DY13,0.012068,0.036512,0.005708,0.020259,0.001408,0.004712,0.000515,0.001858,0.000118,0.000904
DY14,0.015571,0.024677,0.010465,0.016943,0.004483,0.008121,0.00207,0.004421,0.000881,0.002681
E1,0.067628,0.239316,0.030374,0.143816,0.006215,0.044407,0.001955,0.018881,0.000899,0.008717
E1W,0.051724,0.149752,0.01999,0.112484,0.003501,0.027895,0.000452,0.009825,0.000226,0.005082
E2,0.062717,0.241005,0.027906,0.126536,0.002727,0.027384,0.000928,0.00789,0.000696,0.003133
E3,0.040772,0.150925,0.016792,0.082442,0.004319,0.024498,0.001417,0.009606,0.000656,0.004803
E4,0.065787,0.134891,0.039175,0.085718,0.010205,0.029854,0.004234,0.011479,0.00215,0.005954
E5,0.132516,0.294871,0.07234,0.192309,0.018822,0.061476,0.003405,0.022341,0.000727,0.010214
E6,0.03211,0.168764,0.011141,0.096784,0.001839,0.021424,0.000788,0.005098,0.000245,0.002015
E7,0.016674,0.131934,0.005505,0.053285,0.001062,0.007944,0.000551,0.002517,0.000197,0.000629
E8,0.180814,0.44388,0.103596,0.290285,0.030216,0.107193,0.013009,0.054736,0.006894,0.025959
E9,0.157048,0.349418,0.085295,0.258104,0.016473,0.142238,0.003326,0.094364,0.001228,0.063081
E10,0.040238,0.170072,0.020678,0.097053,0.001778,0.03086,0.000746,0.011988,0.000172,0.003958
E11,0.035398,0.13039,0.021738,0.084657,0.005742,0.032094,0.00278,0.013921,0.001934,0.00552
E12,0.026462,0.11511,0.016024,0.05693,0.00588,0.013525,0.002021,0.00713,0.001507,0.002793
E13,0.03833,0.208224,0.014842,0.100149,0.002306,0.018253,0.001105,0.005716,0.000192,0.002065
E14,0.035469,0.120648,0.01788,0.07177,0.00447,0.02024,0.001567,0.00743,0.00089,0.003986
E15,0.046803,0.18995,0.021995,0.107542,0.005298,0.033295,0.001657,0.017853,0.000803,0.008311
E16,0.023415,0.124993,0.008716,0.061426,0.001444,0.010055,0.000678,0.003949,0.000504,0.002435
E17,0.061034,0.166806,0.033693,0.103933,0.008831,0.035183,0.003552,0.014611,0.001894,0.007633
E18,0.063885,0.141661,0.03548,0.088649,0.010717,0.029289,0.003954,0.01259,0.001665,0.005619
E20,0.073808,0.190726,0.036578,0.136513,0.007185,0.05356,0.0,0.040497,0.0,0.017636
EC1A,0.005683,0.023995,0.003157,0.018312,0.001894,0.00884,0.000631,0.003789,0.0,0.001894
EC1M,0.119319,0.258773,0.088744,0.204334,0.017152,0.155115,0.011932,0.081286,0.006712,0.061897
EC1N,0.096087,0.204864,0.062547,0.161353,0.022662,0.083396,0.004532,0.038072,0.004532,0.014504
EC1R,0.073932,0.209664,0.054975,0.166822,0.026919,0.097818,0.014786,0.064833,0.010995,0.032985
EC1V,0.077849,0.258048,0.046828,0.171505,0.020944,0.068958,0.007903,0.04011,0.004347,0.021339
EC1Y,0.034663,0.114785,0.010228,0.06478,0.003978,0.017047,0.003978,0.007387,0.003409,0.005114
EC2A,0.170385,0.42871,0.101289,0.318391,0.023555,0.122096,0.008637,0.052215,0.003926,0.023555
EC2M,0.011595,0.158855,0.008117,0.091023,0.00058,0.037105,0.00058,0.031307,0.00058,0.02435
EC2N,0.0,0.017508,0.0,0.011672,0.0,0.0,0.0,0.0,0.0,0.0
EC2R,0.0,0.184366,0.0,0.146322,0.0,0.007316,0.0,0.00439,0.0,0.00439
EC2V,0.0,0.0,0.0,0.0,0.0,0.0,0.0,0.0,0.0,0.0
EC2Y,0.005985,0.064336,0.00374,0.053115,0.001496,0.037405,0.001496,0.014962,0.000748,0.010473
EC3A,0.0,0.0,0.0,0.0,0.0,0.0,0.0,0.0,0.0,0.0
EC3M,0.0,0.0,0.0,0.0,0.0,0.0,0.0,0.0,0.0,0.0
EC3N,0.029101,0.073028,0.026905,0.069184,0.01208,0.055457,0.00604,0.025258,0.005491,0.013727
EC3R,0.000883,0.105935,0.000883,0.061795,0.000883,0.049436,0.000883,0.025601,0.000883,0.02207
EC3V,0.0,0.024273,0.0,0.02254,0.0,0.0,0.0,0.0,0.0,0.0
EC4A,0.196553,0.208966,0.192415,0.205863,0.183104,0.193449,0.176897,0.190346,0.075518,0.174828
EC4M,0.031758,0.035608,0.030796,0.035608,0.025984,0.032721,0.018285,0.025984,0.008661,0.015398
EC4N,0.0,0.02842,0.0,0.026525,0.0,0.026525,0.0,0.0,0.0,0.0
EC4R,0.064684,0.297939,0.064684,0.297939,0.046063,0.256776,0.010781,0.063704,0.00686,0.028422
EC4V,0.198395,0.281018,0.167794,0.267247,0.037231,0.221856,0.027541,0.127503,0.01734,0.072932
EC4Y,0.250801,0.407064,0.157825,0.339871,0.071099,0.257833,0.064849,0.192203,0.042972,0.109384
EH1,0.0,0.0,0.0,0.0,0.0,0.0,0.0,0.0,0.0,0.0
EH2,0.0,0.0,0.0,0.0,0.0,0.0,0.0,0.0,0.0,0.0
EH3,0.0,0.0,0.0,0.0,0.0,0.0,0.0,0.0,0.0,0.0
EH4,0.0,0.0,0.0,0.0,0.0,0.0,0.0,0.0,0.0,0.0
EH5,0.0,0.0,0.0,0.0,0.0,0.0,0.0,0.0,0.0,0.0
EH6,0.0,0.0,0.0,0.0,0.0,0.0,0.0,0.0,0.0,0.0
EH7,0.0,0.0,0.0,0.0,0.0,0.0,0.0,0.0,0.0,0.0
EH8,0.0,0.0,0.0,0.0,0.0,0.0,0.0,0.0,0.0,0.0
EH9,0.0,0.0,0.0,0.0,0.0,0.0,0.0,0.0,0.0,0.0
EH10,0.0,0.0,0.0,0.0,0.0,0.0,0.0,0.0,0.0,0.0
EH11,0.0,0.0,0.0,0.0,0.0,0.0,0.0,0.0,0.0,0.0
EH12,0.0,0.0,0.0,0.0,0.0,0.0,0.0,0.0,0.0,0.0
EH13,0.0,0.0,0.0,0.0,0.0,0.0,0.0,0.0,0.0,0.0
EH14,0.0,0.0,0.0,0.0,0.0,0.0,0.0,0.0,0.0,0.0
EH15,0.0,0.0,0.0,0.0,0.0,0.0,0.0,0.0,0.0,0.0
EH16,0.0,0.0,0.0,0.0,0.0,0.0,0.0,0.0,0.0,0.0
EH17,0.0,0.0,0.0,0.0,0.0,0.0,0.0,0.0,0.0,0.0
EH18,0.0,0.0,0.0,0.0,0.0,0.0,0.0,0.0,0.0,0.0
EH19,0.0,0.0,0.0,0.0,0.0,0.0,0.0,0.0,0.0,0.0
EH20,0.0,0.0,0.0,0.0,0.0,0.0,0.0,0.0,0.0,0.0
EH21,0.0,0.0,0.0,0.0,0.0,0.0,0.0,0.0,0.0,0.0
EH22,0.0,0.0,0.0,0.0,0.0,0.0,0.0,0.0,0.0,0.0
EH23,0.0,0.0,0.0,0.0,0.0,0.0,0.0,0.0,0.0,0.0
EH24,0.0,0.0,0.0,0.0,0.0,0.0,0.0,0.0,0.0,0.0
EH25,0.0,0.0,0.0,0.0,0.0,0.0,0.0,0.0,0.0,0.0
EH26,0.0,0.0,0.0,0.0,0.0,0.0,0.0,0.0,0.0,0.0
EH27,0.0,0.0,0.0,0.0,0.0,0.0,0.0,0.0,0.0,0.0
EH28,0.0,0.0,0.0,0.0,0.0,0.0,0.0,0.0,0.0,0.0
EH29,0.0,0.0,0.0,0.0,0.0,0.0,0.0,0.0,0.0,0.0
EH30,0.0,0.0,0.0,0.0,0.0,0.0,0.0,0.0,0.0,0.0
EH31,0.0,0.0,0.0,0.0,0.0,0.0,0.0,0.0,0.0,0.0
EH32,0.0,0.0,0.0,0.0,0.0,0.0,0.0,0.0,0.0,0.0
EH33,0.0,0.0,0.0,0.0,0.0,0.0,0.0,0.0,0.0,0.0
EH34,0.0,0.0,0.0,0.0,0.0,0.0,0.0,0.0,0.0,0.0
EH35,0.0,0.0,0.0,0.0,0.0,0.0,0.0,0.0,0.0,0.0
EH36,0.0,0.0,0.0,0.0,0.0,0.0,0.0,0.0,0.0,0.0
EH37,0.0,0.0,0.0,0.0,0.0,0.0,0.0,0.0,0.0,0.0
EH38,0.0,0.0,0.0,0.0,0.0,0.0,0.0,0.0,0.0,0.0
EH39,0.0,0.0,0.0,0.0,0.0,0.0,0.0,0.0,0.0,0.0
EH40,0.0,0.0,0.0,0.0,0.0,0.0,0.0,0.0,0.0,0.0
EH41,0.0,0.0,0.0,0.0,0.0,0.0,0.0,0.0,0.0,0.0
EH42,0.0,0.0,0.0,0.0,0.0,0.0,0.0,0.0,0.0,0.0
EH43,0.0,0.0,0.0,0.0,0.0,0.0,0.0,0.0,0.0,0.0
EH44,0.0,0.0,0.0,0.0,0.0,0.0,0.0,0.0,0.0,0.0
EH45,0.0,0.0,0.0,0.0,0.0,0.0,0.0,0.0,0.0,0.0
EH46,0.0,0.0,0.0,0.0,0.0,0.0,0.0,0.0,0.0,0.0
EH47,0.0,0.0,0.0,0.0,0.0,0.0,0.0,0.0,0.0,0.0
EH48,0.0,0.0,0.0,0.0,0.0,0.0,0.0,0.0,0.0,0.0
EH49,0.0,0.0,0.0,0.0,0.0,0.0,0.0,0.0,0.0,0.0
EH51,0.0,0.0,0.0,0.0,0.0,0.0,0.0,0.0,0.0,0.0
EH52,0.0,0.0,0.0,0.0,0.0,0.0,0.0,0.0,0.0,0.0
EH53,0.0,0.0,0.0,0.0,0.0,0.0,0.0,0.0,0.0,0.0
EH54,0.0,0.0,0.0,0.0,0.0,0.0,0.0,0.0,0.0,0.0
EH55,0.0,0.0,0.0,0.0,0.0,0.0,0.0,0.0,0.0,0.0
EN1,0.034986,0.132853,0.012377,0.074536,0.002038,0.019191,0.000701,0.007133,0.000446,0.003248
EN2,0.042645,0.081259,0.025284,0.050732,0.008759,0.018346,0.003766,0.009165,0.00125,0.004485
EN3,0.025492,0.159291,0.010653,0.083676,0.002551,0.016346,0.001057,0.003861,0.000282,0.00155
EN4,0.037877,0.078678,0.022389,0.047656,0.008235,0.019523,0.003685,0.010703,0.001766,0.006913
EN5,0.055727,0.104166,0.030732,0.065946,0.008529,0.021628,0.00254,0.009872,0.000783,0.004962
EN6,0.038032,0.06757,0.02346,0.042183,0.008254,0.014878,0.003358,0.007303,0.001659,0.003958
EN7,0.026648,0.051657,0.014811,0.030394,0.004327,0.00979,0.002263,0.004674,0.001275,0.002549
EN8,0.040253,0.14877,0.018526,0.079765,0.004461,0.017577,0.001601,0.005884,0.001067,0.003261
EN9,0.048064,0.094391,0.028518,0.057287,0.007965,0.017061,0.002509,0.006455,0.001016,0.002358
EN10,0.029996,0.074467,0.016979,0.045747,0.004803,0.016264,0.00257,0.007199,0.001421,0.003933
EN11,0.034511,0.117527,0.018978,0.073262,0.005394,0.024756,0.002001,0.008508,0.001219,0.003181
EX1,0.028311,0.059472,0.016412,0.039128,0.00414,0.014915,0.001643,0.007114,0.000666,0.003744
EX2,0.017671,0.05215,0.009913,0.030401,0.002317,0.009358,0.000835,0.003578,0.000413,0.001674
EX3,0.014642,0.034269,0.008443,0.017575,0.001928,0.004353,0.000647,0.001777,0.000303,0.000771
EX4,0.017977,0.037383,0.010467,0.022928,0.003339,0.008236,0.001612,0.003877,0.000865,0.002119
EX5,0.022101,0.03708,0.013669,0.022271,0.003958,0.006982,0.001457,0.002847,0.000634,0.001386
EX6,0.011377,0.020798,0.006635,0.012592,0.001976,0.004469,0.00088,0.002172,0.000478,0.00104
EX7,0.004962,0.010315,0.002788,0.005966,0.000572,0.001719,0.000153,0.000725,0.000135,0.000269
EX8,0.013714,0.026696,0.008256,0.017013,0.002823,0.005576,0.001248,0.002413,0.000593,0.001142
EX9,0.004051,0.010314,0.002207,0.006314,0.000407,0.002078,0.000141,0.000326,4.8e-05,0.000119
EX10,0.007886,0.01404,0.004429,0.007534,0.001271,0.002244,0.000506,0.000997,0.000257,0.000484
EX11,0.011667,0.019222,0.006549,0.010895,0.001925,0.002868,0.000788,0.001101,0.000333,0.000539
EX12,0.008576,0.020218,0.004926,0.01237,0.001384,0.003376,0.000467,0.001243,0.000185,0.000553
EX13,0.019863,0.029916,0.012457,0.018674,0.004157,0.006909,0.001505,0.00287,0.000625,0.001422
EX14,0.010833,0.018261,0.006285,0.010257,0.001885,0.003251,0.000712,0.001344,0.000299,0.000682
EX15,0.015933,0.026141,0.008932,0.014498,0.002104,0.003428,0.000614,0.001208,0.000264,0.00052
EX16,0.015983,0.026605,0.009612,0.017083,0.002726,0.006037,0.000914,0.002413,0.000439,0.001095
EX17,0.011222,0.021353,0.00607,0.012839,0.001538,0.004083,0.000618,0.001617,0.000316,0.000735
EX18,0.013192,0.020131,0.007301,0.012556,0.001461,0.004442,0.00038,0.001564,0.000167,0.000578
EX19,0.015491,0.027726,0.009078,0.017922,0.002129,0.006267,0.000672,0.002027,0.000333,0.000747
EX20,0.016263,0.02513,0.010051,0.015494,0.003306,0.005886,0.001294,0.002782,0.000518,0.001451
EX21,0.017697,0.030373,0.011147,0.019586,0.004383,0.00792,0.00191,0.003971,0.000798,0.001957
EX22,0.022817,0.039014,0.014497,0.02678,0.004978,0.011213,0.001969,0.005107,0.000776,0.002313
EX23,0.01677,0.029339,0.011107,0.020019,0.004778,0.009126,0.002356,0.004885,0.001035,0.002712
EX24,0.015458,0.024192,0.009928,0.014221,0.002853,0.004339,0.000988,0.001599,0.000349,0.000645
EX31,0.011498,0.020538,0.006834,0.01279,0.002323,0.004846,0.000769,0.002397,0.000402,0.001492
EX32,0.011309,0.019491,0.006505,0.011464,0.001626,0.003244,0.000775,0.00141,0.000447,0.00083
EX33,0.005348,0.014725,0.002722,0.007862,0.000665,0.00188,0.000205,0.000518,9.1e-05,0.000229
EX34,0.005254,0.00889,0.002974,0.005308,0.000713,0.001694,0.000304,0.000646,0.000157,0.000325
EX35,0.005475,0.007836,0.002872,0.004405,0.000791,0.001288,0.00041,0.000627,0.00014,0.000365
EX36,0.01272,0.021857,0.007377,0.013931,0.002496,0.005276,0.001077,0.00246,0.000533,0.001273
EX37,0.01302,0.02218,0.007047,0.013258,0.001694,0.004132,0.000586,0.001447,0.000238,0.000641
EX38,0.014525,0.02362,0.009039,0.015803,0.002931,0.006701,0.001311,0.003164,0.000751,0.001569
EX39,0.012711,0.021402,0.008209,0.014434,0.00257,0.005897,0.000943,0.002508,0.000436,0.001097
FK1,0.0,0.0,0.0,0.0,0.0,0.0,0.0,0.0,0.0,0.0
FK2,0.0,0.0,0.0,0.0,0.0,0.0,0.0,0.0,0.0,0.0
FK3,0.0,0.0,0.0,0.0,0.0,0.0,0.0,0.0,0.0,0.0
FK4,0.0,0.0,0.0,0.0,0.0,0.0,0.0,0.0,0.0,0.0
FK5,0.0,0.0,0.0,0.0,0.0,0.0,0.0,0.0,0.0,0.0
FK6,0.0,0.0,0.0,0.0,0.0,0.0,0.0,0.0,0.0,0.0
FK7,0.0,0.0,0.0,0.0,0.0,0.0,0.0,0.0,0.0,0.0
FK8,0.0,0.0,0.0,0.0,0.0,0.0,0.0,0.0,0.0,0.0
FK9,0.0,0.0,0.0,0.0,0.0,0.0,0.0,0.0,0.0,0.0
FK10,0.0,0.0,0.0,0.0,0.0,0.0,0.0,0.0,0.0,0.0
FK11,0.0,0.0,0.0,0.0,0.0,0.0,0.0,0.0,0.0,0.0
FK12,0.0,0.0,0.0,0.0,0.0,0.0,0.0,0.0,0.0,0.0
FK13,0.0,0.0,0.0,0.0,0.0,0.0,0.0,0.0,0.0,0.0
FK14,0.0,0.0,0.0,0.0,0.0,0.0,0.0,0.0,0.0,0.0
FK15,0.0,0.0,0.0,0.0,0.0,0.0,0.0,0.0,0.0,0.0
FK16,0.0,0.0,0.0,0.0,0.0,0.0,0.0,0.0,0.0,0.0
FK17,0.0,0.0,0.0,0.0,0.0,0.0,0.0,0.0,0.0,0.0
FK18,0.0,0.0,0.0,0.0,0.0,0.0,0.0,0.0,0.0,0.0
FK19,0.0,0.0,0.0,0.0,0.0,0.0,0.0,0.0,0.0,0.0
FK20,0.0,0.0,0.0,0.0,0.0,0.0,0.0,0.0,0.0,0.0
FK21,0.0,0.0,0.0,0.0,0.0,0.0,0.0,0.0,0.0,0.0
FY1,0.0191,0.04952,0.009381,0.028405,0.001885,0.009359,0.000523,0.00329,0.000229,0.001373
FY2,0.026941,0.065252,0.013372,0.040571,0.002505,0.010941,0.000491,0.003757,8.6e-05,0.001277
FY3,0.055956,0.118394,0.030871,0.078094,0.006702,0.022921,0.001052,0.007693,0.000245,0.002226
FY4,0.03449,0.086872,0.01605,0.048181,0.002136,0.011042,0.000406,0.001629,0.000167,0.000558
FY5,0.015516,0.054073,0.006984,0.024893,0.001081,0.004362,0.000186,0.001137,3.1e-05,0.000124
FY6,0.033844,0.057999,0.018962,0.032699,0.003409,0.006898,0.000744,0.001424,0.000202,0.000606
FY7,0.003243,0.016708,0.001274,0.005991,0.0002,0.000865,3.6e-05,0.000305,2e-05,0.000108
FY8,0.01019,0.028475,0.004613,0.01323,0.000637,0.002157,0.000122,0.000442,2.7e-05,7e-05
G1,0.0,0.0,0.0,0.0,0.0,0.0,0.0,0.0,0.0,0.0
G2,0.0,0.0,0.0,0.0,0.0,0.0,0.0,0.0,0.0,0.0
G3,0.0,0.0,0.0,0.0,0.0,0.0,0.0,0.0,0.0,0.0
G4,0.0,0.0,0.0,0.0,0.0,0.0,0.0,0.0,0.0,0.0
G5,0.0,0.0,0.0,0.0,0.0,0.0,0.0,0.0,0.0,0.0
G11,0.0,0.0,0.0,0.0,0.0,0.0,0.0,0.0,0.0,0.0
G12,0.0,0.0,0.0,0.0,0.0,0.0,0.0,0.0,0.0,0.0
G13,0.0,0.0,0.0,0.0,0.0,0.0,0.0,0.0,0.0,0.0
G14,0.0,0.0,0.0,0.0,0.0,0.0,0.0,0.0,0.0,0.0
G15,0.0,0.0,0.0,0.0,0.0,0.0,0.0,0.0,0.0,0.0
G20,0.0,0.0,0.0,0.0,0.0,0.0,0.0,0.0,0.0,0.0
G21,0.0,0.0,0.0,0.0,0.0,0.0,0.0,0.0,0.0,0.0
G22,0.0,0.0,0.0,0.0,0.0,0.0,0.0,0.0,0.0,0.0
G23,0.0,0.0,0.0,0.0,0.0,0.0,0.0,0.0,0.0,0.0
G31,0.0,0.0,0.0,0.0,0.0,0.0,0.0,0.0,0.0,0.0
G32,0.0,0.0,0.0,0.0,0.0,0.0,0.0,0.0,0.0,0.0
G33,0.0,0.0,0.0,0.0,0.0,0.0,0.0,0.0,0.0,0.0
G34,0.0,0.0,0.0,0.0,0.0,0.0,0.0,0.0,0.0,0.0
G40,0.0,0.0,0.0,0.0,0.0,0.0,0.0,0.0,0.0,0.0
G41,0.0,0.0,0.0,0.0,0.0,0.0,0.0,0.0,0.0,0.0
G42,0.0,0.0,0.0,0.0,0.0,0.0,0.0,0.0,0.0,0.0
G43,0.0,0.0,0.0,0.0,0.0,0.0,0.0,0.0,0.0,0.0
G44,0.0,0.0,0.0,0.0,0.0,0.0,0.0,0.0,0.0,0.0
G45,0.0,0.0,0.0,0.0,0.0,0.0,0.0,0.0,0.0,0.0
G46,0.0,0.0,0.0,0.0,0.0,0.0,0.0,0.0,0.0,0.0
G51,0.0,0.0,0.0,0.0,0.0,0.0,0.0,0.0,0.0,0.0
G52,0.0,0.0,0.0,0.0,0.0,0.0,0.0,0.0,0.0,0.0
G53,0.0,0.0,0.0,0.0,0.0,0.0,0.0,0.0,0.0,0.0
G60,0.0,0.0,0.0,0.0,0.0,0.0,0.0,0.0,0.0,0.0
G61,0.0,0.0,0.0,0.0,0.0,0.0,0.0,0.0,0.0,0.0
G62,0.0,0.0,0.0,0.0,0.0,0.0,0.0,0.0,0.0,0.0
G63,0.0,0.0,0.0,0.0,0.0,0.0,0.0,0.0,0.0,0.0
G64,0.0,0.0,0.0,0.0,0.0,0.0,0.0,0.0,0.0,0.0
G65,0.0,0.0,0.0,0.0,0.0,0.0,0.0,0.0,0.0,0.0
G66,0.0,0.0,0.0,0.0,0.0,0.0,0.0,0.0,0.0,0.0
G67,0.0,0.0,0.0,0.0,0.0,0.0,0.0,0.0,0.0,0.0
G68,0.0,0.0,0.0,0.0,0.0,0.0,0.0,0.0,0.0,0.0
G69,0.0,0.0,0.0,0.0,0.0,0.0,0.0,0.0,0.0,0.0
G71,0.0,0.0,0.0,0.0,0.0,0.0,0.0,0.0,0.0,0.0
G72,0.0,0.0,0.0,0.0,0.0,0.0,0.0,0.0,0.0,0.0
G73,0.0,0.0,0.0,0.0,0.0,0.0,0.0,0.0,0.0,0.0
G74,0.0,0.0,0.0,0.0,0.0,0.0,0.0,0.0,0.0,0.0
G75,0.0,0.0,0.0,0.0,0.0,0.0,0.0,0.0,0.0,0.0
G76,0.0,0.0,0.0,0.0,0.0,0.0,0.0,0.0,0.0,0.0
G77,0.0,0.0,0.0,0.0,0.0,0.0,0.0,0.0,0.0,0.0
G78,0.0,0.0,0.0,0.0,0.0,0.0,0.0,0.0,0.0,0.0
G81,0.0,0.0,0.0,0.0,0.0,0.0,0.0,0.0,0.0,0.0
G82,0.0,0.0,0.0,0.0,0.0,0.0,0.0,0.0,0.0,0.0
G83,0.0,0.0,0.0,0.0,0.0,0.0,0.0,0.0,0.0,0.0
G84,0.0,0.0,0.0,0.0,0.0,0.0,0.0,0.0,0.0,0.0
GL1,0.061123,0.203956,0.025002,0.104278,0.002207,0.015843,0.000846,0.004559,0.000309,0.001011
GL2,0.03867,0.081315,0.022697,0.044825,0.006426,0.012434,0.001965,0.004358,0.000674,0.001437
GL3,0.035696,0.07444,0.018585,0.042384,0.005608,0.011705,0.002602,0.005458,0.001511,0.003609
GL4,0.019822,0.043755,0.011037,0.023079,0.003292,0.006653,0.001066,0.003444,0.000443,0.001422
GL5,0.01633,0.031237,0.009977,0.019171,0.003242,0.006622,0.001875,0.00333,0.001104,0.001781
GL6,0.005041,0.008668,0.0031,0.0052,0.000973,0.00178,0.000401,0.000815,0.000225,0.000468
GL7,0.009487,0.02091,0.005309,0.011076,0.001478,0.00301,0.000641,0.001428,0.000352,0.000827
GL8,0.007464,0.01432,0.004547,0.00845,0.001868,0.003124,0.001022,0.0018,0.000492,0.001151
GL9,0.009251,0.018083,0.005777,0.010739,0.002195,0.004289,0.001148,0.002614,0.000703,0.001691
GL10,0.036757,0.061539,0.024435,0.038133,0.0084,0.012938,0.003764,0.006227,0.001864,0.003337
GL11,0.017742,0.029612,0.010869,0.017768,0.003724,0.006058,0.001457,0.002886,0.000584,0.001466
GL12,0.020171,0.034138,0.012006,0.018969,0.004027,0.00641,0.001733,0.00298,0.000852,0.001543
GL13,0.043413,0.081572,0.025025,0.048459,0.00742,0.012926,0.002609,0.005146,0.000955,0.002552
GL14,0.022084,0.039457,0.013963,0.023101,0.004447,0.007746,0.001814,0.003267,0.000764,0.001548
GL15,0.010819,0.01905,0.006792,0.011924,0.00239,0.004604,0.001227,0.002459,0.000779,0.001562
GL16,0.016691,0.029853,0.010869,0.019889,0.004313,0.008553,0.002249,0.004374,0.001548,0.002762
GL17,0.010519,0.018079,0.007051,0.011582,0.002916,0.00502,0.001407,0.002899,0.000736,0.001863
GL18,0.021651,0.036679,0.014595,0.023431,0.004654,0.008428,0.001481,0.003254,0.000592,0.001578
GL19,0.03723,0.068963,0.023471,0.038814,0.007005,0.01081,0.002164,0.003716,0.000595,0.001203
GL20,0.032669,0.064879,0.016946,0.033981,0.004095,0.008055,0.001388,0.003072,0.000563,0.001528
GL50,0.051261,0.119753,0.02949,0.074647,0.008754,0.022831,0.00333,0.009334,0.001488,0.004289
GL51,0.048608,0.097428,0.027489,0.054312,0.007852,0.016002,0.002963,0.006486,0.000597,0.00283
GL52,0.025006,0.05336,0.014469,0.030154,0.004436,0.009425,0.001609,0.004206,0.000666,0.001849
GL53,0.009814,0.018861,0.005753,0.01067,0.001992,0.003758,0.000973,0.001869,0.000467,0.001118
GL54,0.008857,0.016198,0.005376,0.009532,0.001945,0.003313,0.000859,0.001644,0.000469,0.000902
GL55,0.02064,0.036493,0.012387,0.020076,0.004193,0.006623,0.001791,0.003074,0.001063,0.001862
GL56,0.022422,0.041299,0.013556,0.023993,0.00483,0.008043,0.002262,0.004027,0.000904,0.002227
GU1,0.021472,0.063729,0.010357,0.035149,0.001708,0.00938,0.000606,0.003347,0.000413,0.00135
GU2,0.037642,0.074139,0.020373,0.043814,0.005011,0.011097,0.002029,0.004907,0.000954,0.003173
GU3,0.023029,0.043252,0.012804,0.025241,0.003444,0.007073,0.001401,0.003072,0.000662,0.001538
GU4,0.019806,0.039848,0.010131,0.021784,0.002181,0.004918,0.000636,0.002167,0.000298,0.001171
GU5,0.013076,0.021326,0.007693,0.012684,0.002239,0.003987,0.000758,0.001693,0.000257,0.000774
GU6,0.045154,0.073504,0.026397,0.044133,0.007961,0.013581,0.002588,0.005097,0.001249,0.001953
GU7,0.011765,0.027835,0.005887,0.013347,0.001393,0.002795,0.000674,0.001339,0.000512,0.001231
GU8,0.027056,0.03914,0.017332,0.025897,0.006526,0.010816,0.00276,0.005514,0.001297,0.002932
GU9,0.018638,0.049113,0.009447,0.026509,0.001966,0.005755,0.000576,0.002054,0.000159,0.000726
GU10,0.017516,0.029202,0.01019,0.0181,0.003486,0.006387,0.001391,0.003022,0.000621,0.001594
GU11,0.024373,0.059681,0.011763,0.031688,0.001863,0.006771,0.000565,0.002553,0.000241,0.00091
GU12,0.023965,0.063635,0.01179,0.035399,0.00236,0.007821,0.00086,0.002332,0.000384,0.001088
GU14,0.02521,0.086069,0.009734,0.04002,0.001114,0.006716,0.00024,0.001478,0.000132,0.000426
GU15,0.017997,0.050065,0.007633,0.024907,0.001157,0.005601,0.000221,0.001765,7.6e-05,0.000556
GU16,0.011859,0.042583,0.004853,0.019608,0.000931,0.00315,0.000461,0.001288,0.000235,0.000752
GU17,0.012908,0.03293,0.005332,0.0147,0.001069,0.002936,0.000291,0.001144,6.5e-05,0.000475
GU18,0.032681,0.054241,0.017957,0.030808,0.003319,0.00573,0.000965,0.002156,0.000255,0.000823
GU19,0.029703,0.048398,0.016548,0.026788,0.004177,0.007281,0.001668,0.003046,0.000566,0.001537
GU20,0.030731,0.057085,0.018416,0.034084,0.005684,0.009909,0.002122,0.003619,0.001042,0.0018
GU21,0.030425,0.100315,0.013679,0.055914,0.001911,0.008967,0.000474,0.002625,0.000209,0.000875
GU22,0.018055,0.052465,0.007629,0.024318,0.001097,0.003836,0.000283,0.001147,5.7e-05,0.00041
GU23,0.017322,0.041893,0.007748,0.020682,0.001401,0.003274,0.000408,0.001017,0.000172,0.000477
GU24,0.028826,0.05277,0.015567,0.027511,0.002992,0.005113,0.000627,0.001838,0.000145,0.000472
GU25,0.015093,0.038046,0.008251,0.019721,0.002154,0.005557,0.000686,0.002595,0.000331,0.001579
GU26,0.004777,0.012125,0.002551,0.005503,0.00102,0.001991,0.000608,0.001275,0.000422,0.000873
GU27,0.021025,0.029329,0.014072,0.01941,0.005745,0.00841,0.002602,0.004283,0.001206,0.002244
GU28,0.028882,0.040043,0.019756,0.028004,0.00828,0.012127,0.003831,0.006252,0.001982,0.003636
GU29,0.017822,0.026056,0.011571,0.017107,0.004249,0.007012,0.001658,0.002889,0.000768,0.001487
GU30,0.01704,0.027657,0.010639,0.018027,0.003429,0.007087,0.001259,0.003157,0.000399,0.001611
GU31,0.015848,0.022662,0.009307,0.014106,0.002647,0.004621,0.000944,0.001903,0.000291,0.000736
GU32,0.007438,0.011811,0.004695,0.007406,0.001712,0.002902,0.000743,0.001563,0.000327,0.000993
GU33,0.021342,0.032707,0.013185,0.02043,0.004026,0.007143,0.001301,0.002783,0.000527,0.001286
GU34,0.009909,0.018868,0.006435,0.012287,0.002488,0.004774,0.001094,0.002564,0.00052,0.001576
GU35,0.021642,0.038455,0.01254,0.022021,0.002854,0.006855,0.000684,0.001714,0.000151,0.000504
GU46,0.01322,0.038119,0.0061,0.016454,0.000369,0.002041,8.7e-05,0.000391,0.0,0.000174
GU47,0.02284,0.074396,0.010628,0.037465,0.001345,0.006557,0.000295,0.001179,0.000129,0.000295
GU51,0.029279,0.065076,0.014037,0.034238,0.002353,0.006715,0.000308,0.001242,9.3e-05,0.000177
GU52,0.021482,0.047193,0.010159,0.021912,0.002275,0.003906,0.000932,0.001433,0.000251,0.000609
HA0,0.106196,0.197002,0.064801,0.135541,0.028083,0.055053,0.018013,0.034219,0.011926,0.024693
HA1,0.070965,0.138917,0.03855,0.083852,0.011127,0.026125,0.005652,0.012601,0.003629,0.007653
HA2,0.099204,0.194223,0.057209,0.124972,0.014481,0.040824,0.005078,0.014283,0.001944,0.005396
HA3,0.092322,0.186066,0.053961,0.123345,0.014191,0.041151,0.005349,0.018023,0.002397,0.008084
HA4,0.089712,0.171488,0.044057,0.102949,0.00591,0.020419,0.002195,0.004593,0.001069,0.001869
HA5,0.071555,0.130169,0.03944,0.079664,0.010697,0.024932,0.004749,0.011967,0.002849,0.007527
HA6,0.063224,0.108346,0.037929,0.069535,0.011922,0.024699,0.006414,0.011948,0.003512,0.006363
HA7,0.061711,0.116645,0.034179,0.072643,0.007696,0.01835,0.003527,0.006296,0.001589,0.003236
HA8,0.083884,0.146812,0.050753,0.090314,0.017635,0.035641,0.010649,0.020258,0.007499,0.013558
HA9,0.077097,0.172237,0.043194,0.106398,0.009745,0.032239,0.004106,0.012619,0.002074,0.004624
HD1,0.033638,0.090223,0.018034,0.053237,0.003941,0.015874,0.001566,0.006668,0.000945,0.003807
HD2,0.013696,0.039731,0.007452,0.021355,0.002173,0.006256,0.001506,0.003335,0.000448,0.00207
HD3,0.014957,0.030288,0.010066,0.017527,0.004117,0.008332,0.000676,0.001796,0.000427,0.000854
HD4,0.007719,0.016805,0.004555,0.00995,0.001485,0.004092,0.000758,0.002068,0.000545,0.001404
HD5,0.0119,0.035432,0.006172,0.020161,0.001644,0.004859,0.000724,0.002306,0.000455,0.00123
HD6,0.024474,0.058258,0.014795,0.038789,0.005623,0.013504,0.001512,0.004415,0.00071,0.002332
HD7,0.025878,0.039768,0.015995,0.023521,0.006294,0.009792,0.003328,0.005653,0.001452,0.00389
HD8,0.012121,0.02201,0.007898,0.013415,0.002475,0.004954,0.001023,0.002332,0.000572,0.001269
HD9,0.021927,0.034891,0.014326,0.022289,0.00544,0.010195,0.002695,0.005434,0.001049,0.003137
HG1,0.041605,0.078975,0.026388,0.050021,0.010289,0.021746,0.005932,0.012828,0.003448,0.009095
HG2,0.032606,0.070604,0.016552,0.038685,0.004519,0.012808,0.00216,0.004843,0.001286,0.002834
HG3,0.020213,0.036693,0.012443,0.022438,0.004117,0.008537,0.001744,0.004209,0.000881,0.002243
HG4,0.027539,0.050616,0.017017,0.032912,0.005479,0.012356,0.001889,0.005627,0.000761,0.002384
HG5,0.038734,0.073805,0.023248,0.04726,0.006641,0.016138,0.002105,0.006262,0.000595,0.002363
HP1,0.015668,0.044721,0.009235,0.031551,0.003466,0.012285,0.002027,0.005845,0.001467,0.003092
HP2,0.015576,0.050506,0.008282,0.028949,0.002505,0.009369,0.001395,0.00487,0.000767,0.003173
HP3,0.00934,0.032824,0.0042,0.018896,0.0011,0.004991,0.000613,0.001896,0.000381,0.001166
HP4,0.009776,0.025746,0.005853,0.016581,0.002128,0.00638,0.001145,0.003038,0.000672,0.001784
HP5,0.020842,0.044847,0.012248,0.033696,0.003166,0.013763,0.001538,0.005653,0.001009,0.003086
HP6,0.007199,0.025244,0.004144,0.014978,0.001373,0.00611,0.000816,0.003748,0.000606,0.002548
HP7,0.010961,0.029854,0.006644,0.019878,0.002869,0.008848,0.00173,0.00559,0.001123,0.003652
HP8,0.007683,0.020883,0.004452,0.012456,0.001689,0.004782,0.00067,0.002488,0.000404,0.001515
HP9,0.023304,0.055835,0.015213,0.040432,0.00621,0.020753,0.003428,0.013712,0.002112,0.010024
HP10,0.007443,0.025294,0.0039,0.015202,0.001386,0.00528,0.00083,0.002836,0.00055,0.002052
HP11,0.05973,0.218532,0.025694,0.179979,0.003974,0.107538,0.001259,0.057163,0.000691,0.022559
HP12,0.032333,0.091315,0.018259,0.065556,0.00813,0.029759,0.002167,0.013574,0.001352,0.006296
HP13,0.027273,0.060481,0.010421,0.032777,0.001891,0.012326,0.000757,0.005622,0.000417,0.003639
HP14,0.006453,0.02054,0.003738,0.013028,0.001166,0.003757,0.000534,0.001607,0.000286,0.000868
HP15,0.007814,0.026294,0.004294,0.016381,0.001474,0.003849,0.000668,0.001537,0.000424,0.000827
HP16,0.009501,0.024734,0.005376,0.01527,0.001885,0.004528,0.000893,0.002319,0.000458,0.001389
HP17,0.054997,0.094623,0.036925,0.072375,0.012178,0.033903,0.005397,0.015697,0.002165,0.007628
HP18,0.053684,0.096868,0.031989,0.064081,0.010725,0.024816,0.004931,0.01155,0.001968,0.00648
HP19,0.176828,0.328279,0.133161,0.270911,0.058387,0.174245,0.032585,0.117931,0.021315,0.078785
HP20,0.117553,0.293716,0.075534,0.223502,0.02522,0.104106,0.009342,0.053205,0.003729,0.028697
HP21,0.069212,0.176401,0.039929,0.116299,0.013165,0.035674,0.005823,0.013916,0.002453,0.005723
HP22,0.042268,0.084579,0.02811,0.060274,0.008926,0.025839,0.003788,0.01031,0.00175,0.004572
HP23,0.019089,0.048235,0.011052,0.03107,0.003661,0.010769,0.001427,0.004515,0.000746,0.002409
HP27,0.011894,0.026592,0.006902,0.015592,0.002121,0.005006,0.000803,0.002156,0.000221,0.001066
HR1,0.017441,0.036849,0.01065,0.020381,0.003021,0.005462,0.000907,0.001922,0.000279,0.000805
HR2,0.016261,0.029146,0.010264,0.018048,0.003115,0.006498,0.000938,0.002642,0.000344,0.001149
HR3,0.012569,0.023566,0.007549,0.014291,0.002046,0.004478,0.00068,0.001729,0.000287,0.000763
HR4,0.025185,0.052736,0.014856,0.030242,0.004182,0.008183,0.001242,0.002797,0.00036,0.000946
HR5,0.013484,0.024933,0.008488,0.015867,0.002575,0.005421,0.000757,0.002125,0.000346,0.000879
HR6,0.021531,0.041442,0.013067,0.024025,0.003944,0.007472,0.001222,0.002821,0.000446,0.001098
HR7,0.014776,0.025342,0.009966,0.016281,0.004017,0.006594,0.001327,0.00319,0.000436,0.00158
HR8,0.017949,0.033061,0.01208,0.020393,0.003793,0.006941,0.001334,0.002854,0.000593,0.001303
HR9,0.010131,0.020141,0.006516,0.012646,0.00217,0.004537,0.000863,0.002197,0.000281,0.001193
HS1,0.0,0.0,0.0,0.0,0.0,0.0,0.0,0.0,0.0,0.0
HS2,0.0,0.0,0.0,0.0,0.0,0.0,0.0,0.0,0.0,0.0
HS3,0.0,0.0,0.0,0.0,0.0,0.0,0.0,0.0,0.0,0.0
HS4,0.0,0.0,0.0,0.0,0.0,0.0,0.0,0.0,0.0,0.0
HS5,0.0,0.0,0.0,0.0,0.0,0.0,0.0,0.0,0.0,0.0
HS6,0.0,0.0,0.0,0.0,0.0,0.0,0.0,0.0,0.0,0.0
HS7,0.0,0.0,0.0,0.0,0.0,0.0,0.0,0.0,0.0,0.0
HS8,0.0,0.0,0.0,0.0,0.0,0.0,0.0,0.0,0.0,0.0
HS9,0.0,0.0,0.0,0.0,0.0,0.0,0.0,0.0,0.0,0.0
HU1,0.020782,0.067228,0.004933,0.031593,0.000315,0.002729,0.00021,0.000787,0.00021,0.000367
HU2,0.041497,0.14923,0.00684,0.062702,0.00057,0.001938,0.00057,0.000798,0.00057,0.000798
HU3,0.007829,0.059603,0.001521,0.017475,0.000103,0.001758,3e-05,0.000369,3e-05,5.9e-05
HU4,0.003957,0.043525,0.000692,0.010725,4.3e-05,0.000476,0.0,4.3e-05,0.0,0.0
HU5,0.009472,0.059628,0.003689,0.020613,0.001405,0.002825,0.000278,0.000864,0.0,0.000176
HU6,0.003226,0.031544,0.000776,0.007973,9.1e-05,0.000502,7.6e-05,0.000289,1.5e-05,0.000137
HU7,0.020973,0.070341,0.009717,0.031251,0.003618,0.007932,0.001973,0.0041,0.000836,0.001859
HU8,0.009353,0.065208,0.002898,0.025651,0.00046,0.003772,0.000169,0.001702,3.1e-05,0.000537
HU9,0.007305,0.038853,0.002504,0.012199,0.000541,0.002006,0.000277,0.000697,2.1e-05,0.000405
HU10,0.022365,0.059498,0.012201,0.031499,0.003478,0.008289,0.001398,0.004345,0.00065,0.002557
HU11,0.044731,0.088365,0.025875,0.056283,0.008398,0.01728,0.003433,0.006234,0.001258,0.002368
HU12,0.018459,0.044098,0.010323,0.026033,0.002979,0.006726,0.000957,0.002207,0.0003,0.000737
HU13,0.013171,0.049934,0.00549,0.024897,0.001109,0.003791,0.000421,0.001868,0.000211,0.001011
HU14,0.008637,0.02184,0.004856,0.012831,0.001441,0.005309,0.000285,0.002474,9.3e-05,0.001022
HU15,0.013288,0.038754,0.007093,0.01905,0.001531,0.004195,0.000297,0.001052,2.5e-05,0.000177
HU16,0.014862,0.041989,0.008265,0.022019,0.001875,0.006491,0.000599,0.00254,0.00033,0.001315
HU17,0.018026,0.049318,0.00962,0.025926,0.00332,0.007462,0.001167,0.002893,0.00043,0.001109
HU18,0.021182,0.04153,0.011658,0.026274,0.003016,0.006381,0.000988,0.001648,0.000291,0.00047
HU19,0.022216,0.050584,0.011028,0.030357,0.003163,0.006997,0.001162,0.002362,0.000334,0.000925
HU20,0.00157,0.004626,0.000942,0.002752,0.000369,0.001219,0.000148,0.00072,0.000148,0.000619
HX1,0.027632,0.079279,0.0147,0.048149,0.003459,0.012067,0.000983,0.004599,0.000511,0.002594
HX2,0.023818,0.035291,0.017856,0.025038,0.00414,0.010708,0.002313,0.006453,0.0019,0.002672
HX3,0.010844,0.027059,0.005816,0.016889,0.001916,0.006485,0.000803,0.00303,0.00053,0.002079
HX4,0.026004,0.033555,0.022228,0.027487,0.001561,0.021483,0.000852,0.001696,0.000617,0.001079
HX5,0.028383,0.070177,0.017256,0.041432,0.005202,0.014723,0.001425,0.005518,0.000882,0.002691
HX6,0.020292,0.031842,0.013114,0.020349,0.005847,0.009339,0.003276,0.005729,0.001992,0.003822
HX7,0.023336,0.037564,0.016055,0.022933,0.004792,0.011176,0.001825,0.005621,0.001111,0.002403
IG1,0.045223,0.14294,0.028128,0.08975,0.008757,0.032634,0.002927,0.015284,0.000674,0.010127
IG2,0.02737,0.091131,0.014025,0.050008,0.003847,0.016136,0.001021,0.009123,0.000511,0.004902
IG3,0.016207,0.093749,0.007059,0.042462,0.001513,0.008212,0.000936,0.003097,0.000252,0.000972
IG4,0.020368,0.083163,0.007697,0.051812,0.000657,0.019899,0.000469,0.007697,0.000469,0.000845
IG5,0.046039,0.107004,0.020262,0.063783,0.005635,0.016245,0.001499,0.006774,0.00054,0.001858
IG6,0.072772,0.187208,0.040036,0.111931,0.010833,0.030959,0.004325,0.01458,0.003254,0.008885
IG7,0.042337,0.076671,0.024432,0.04337,0.008714,0.01419,0.004097,0.007421,0.002074,0.00447
IG8,0.075225,0.151103,0.04633,0.104244,0.015144,0.046965,0.006964,0.029953,0.003773,0.02008
IG9,0.042402,0.099924,0.028255,0.055535,0.014069,0.025098,0.010016,0.015511,0.007911,0.012627
IG10,0.061293,0.118913,0.039823,0.077787,0.016794,0.029774,0.008886,0.017225,0.00406,0.009203
IG11,0.12062,0.349204,0.056086,0.234661,0.017498,0.114199,0.009884,0.072924,0.00589,0.050915
IP1,0.055721,0.153071,0.030655,0.101884,0.009427,0.047986,0.003634,0.026445,0.001679,0.013828
IP2,0.096303,0.181749,0.069267,0.1374,0.038978,0.088107,0.027628,0.063206,0.020976,0.046977
IP3,0.067347,0.142472,0.048761,0.095694,0.025702,0.048579,0.021775,0.036862,0.020764,0.029993
IP4,0.034231,0.125023,0.017029,0.076059,0.003712,0.025536,0.001271,0.011988,0.00052,0.007222
IP5,0.020913,0.08529,0.011203,0.050547,0.004252,0.017299,0.001626,0.008902,0.000735,0.003795
IP6,0.031161,0.061896,0.021242,0.042062,0.008032,0.017585,0.003432,0.008873,0.001762,0.004895
IP7,0.026139,0.046801,0.016644,0.030742,0.005985,0.011662,0.002583,0.005394,0.001245,0.002783
IP8,0.034619,0.073684,0.023377,0.05529,0.010995,0.029754,0.00444,0.017681,0.002319,0.010327
IP9,0.021327,0.034961,0.017722,0.026679,0.013135,0.016732,0.010646,0.01251,0.009311,0.010492
IP10,0.020852,0.041182,0.01655,0.029752,0.009464,0.014443,0.005749,0.008526,0.00464,0.005252
IP11,0.02585,0.068075,0.01603,0.040651,0.005675,0.013692,0.001787,0.005346,0.000461,0.002226
IP12,0.012601,0.035419,0.008145,0.022773,0.002981,0.008957,0.001913,0.003469,0.001404,0.002037
IP13,0.032466,0.054744,0.020433,0.033691,0.006524,0.009619,0.002093,0.003415,0.000693,0.001263
IP14,0.03439,0.058022,0.023043,0.036708,0.008798,0.012926,0.003263,0.005481,0.001355,0.00257
IP15,0.031509,0.093002,0.014805,0.046036,0.003176,0.010097,0.000893,0.005052,0.000398,0.00208
IP16,0.016384,0.040043,0.008847,0.020071,0.002545,0.005614,0.00078,0.002482,0.000279,0.001281
IP17,0.027516,0.047387,0.017461,0.030489,0.006345,0.012228,0.002998,0.006331,0.001469,0.003649
IP18,0.007932,0.023641,0.003306,0.010976,0.000496,0.002768,0.000164,0.000668,4.7e-05,0.000198
IP19,0.036128,0.05447,0.022892,0.033499,0.007091,0.009992,0.002323,0.003505,0.000694,0.001298
IP20,0.0463,0.064759,0.030819,0.040927,0.009191,0.013263,0.002656,0.004639,0.000931,0.001743
IP21,0.043262,0.066324,0.027995,0.041742,0.008596,0.012148,0.002453,0.004219,0.000848,0.001887
IP22,0.033134,0.058314,0.020503,0.034052,0.006151,0.009367,0.001712,0.003192,0.000494,0.001018
IP23,0.036307,0.060205,0.023937,0.037216,0.008236,0.01167,0.002531,0.003975,0.000785,0.001364
IP24,0.010508,0.031589,0.005635,0.018323,0.001378,0.005809,0.000437,0.002703,0.000186,0.001389
IP25,0.026758,0.04409,0.017433,0.026992,0.00618,0.008952,0.001974,0.003436,0.00069,0.001335
IP26,0.021577,0.060394,0.01183,0.027339,0.004511,0.007791,0.001663,0.0032,0.000368,0.001107
IP27,0.042572,0.129972,0.024347,0.08527,0.008233,0.037824,0.003513,0.01726,0.001256,0.008945
IP28,0.027048,0.081901,0.01426,0.047683,0.004396,0.015641,0.001934,0.006993,0.001013,0.002636
IP29,0.033818,0.054114,0.02276,0.03741,0.009301,0.01642,0.004643,0.008877,0.002495,0.005331
IP30,0.032949,0.057762,0.023307,0.038504,0.01029,0.017543,0.005179,0.010096,0.002984,0.006694
IP31,0.024054,0.046551,0.015524,0.030094,0.005695,0.011782,0.002372,0.006055,0.001043,0.003244
IP32,0.056259,0.128907,0.034974,0.088969,0.01747,0.050981,0.011844,0.035375,0.007124,0.023514
IP33,0.111624,0.186376,0.088402,0.15357,0.064121,0.12159,0.050373,0.102298,0.041121,0.08733
IV1,0.0,0.0,0.0,0.0,0.0,0.0,0.0,0.0,0.0,0.0
IV2,0.0,0.0,0.0,0.0,0.0,0.0,0.0,0.0,0.0,0.0
IV3,0.0,0.0,0.0,0.0,0.0,0.0,0.0,0.0,0.0,0.0
IV4,0.0,0.0,0.0,0.0,0.0,0.0,0.0,0.0,0.0,0.0
IV5,0.0,0.0,0.0,0.0,0.0,0.0,0.0,0.0,0.0,0.0
IV6,0.0,0.0,0.0,0.0,0.0,0.0,0.0,0.0,0.0,0.0
IV7,0.0,0.0,0.0,0.0,0.0,0.0,0.0,0.0,0.0,0.0
IV8,0.0,0.0,0.0,0.0,0.0,0.0,0.0,0.0,0.0,0.0
IV9,0.0,0.0,0.0,0.0,0.0,0.0,0.0,0.0,0.0,0.0
IV10,0.0,0.0,0.0,0.0,0.0,0.0,0.0,0.0,0.0,0.0
IV11,0.0,0.0,0.0,0.0,0.0,0.0,0.0,0.0,0.0,0.0
IV12,0.0,0.0,0.0,0.0,0.0,0.0,0.0,0.0,0.0,0.0
IV13,0.0,0.0,0.0,0.0,0.0,0.0,0.0,0.0,0.0,0.0
IV14,0.0,0.0,0.0,0.0,0.0,0.0,0.0,0.0,0.0,0.0
IV15,0.0,0.0,0.0,0.0,0.0,0.0,0.0,0.0,0.0,0.0
IV16,0.0,0.0,0.0,0.0,0.0,0.0,0.0,0.0,0.0,0.0
IV17,0.0,0.0,0.0,0.0,0.0,0.0,0.0,0.0,0.0,0.0
IV18,0.0,0.0,0.0,0.0,0.0,0.0,0.0,0.0,0.0,0.0
IV19,0.0,0.0,0.0,0.0,0.0,0.0,0.0,0.0,0.0,0.0
IV20,0.0,0.0,0.0,0.0,0.0,0.0,0.0,0.0,0.0,0.0
IV21,0.0,0.0,0.0,0.0,0.0,0.0,0.0,0.0,0.0,0.0
IV22,0.0,0.0,0.0,0.0,0.0,0.0,0.0,0.0,0.0,0.0
IV23,0.0,0.0,0.0,0.0,0.0,0.0,0.0,0.0,0.0,0.0
IV24,0.0,0.0,0.0,0.0,0.0,0.0,0.0,0.0,0.0,0.0
IV25,0.0,0.0,0.0,0.0,0.0,0.0,0.0,0.0,0.0,0.0
IV26,0.0,0.0,0.0,0.0,0.0,0.0,0.0,0.0,0.0,0.0
IV27,0.0,0.0,0.0,0.0,0.0,0.0,0.0,0.0,0.0,0.0
IV28,0.0,0.0,0.0,0.0,0.0,0.0,0.0,0.0,0.0,0.0
IV30,0.0,0.0,0.0,0.0,0.0,0.0,0.0,0.0,0.0,0.0
IV31,0.0,0.0,0.0,0.0,0.0,0.0,0.0,0.0,0.0,0.0
IV32,0.0,0.0,0.0,0.0,0.0,0.0,0.0,0.0,0.0,0.0
IV36,0.0,0.0,0.0,0.0,0.0,0.0,0.0,0.0,0.0,0.0
IV40,0.0,0.0,0.0,0.0,0.0,0.0,0.0,0.0,0.0,0.0
IV41,0.0,0.0,0.0,0.0,0.0,0.0,0.0,0.0,0.0,0.0
IV42,0.0,0.0,0.0,0.0,0.0,0.0,0.0,0.0,0.0,0.0
IV43,0.0,0.0,0.0,0.0,0.0,0.0,0.0,0.0,0.0,0.0
IV44,0.0,0.0,0.0,0.0,0.0,0.0,0.0,0.0,0.0,0.0
IV45,0.0,0.0,0.0,0.0,0.0,0.0,0.0,0.0,0.0,0.0
IV46,0.0,0.0,0.0,0.0,0.0,0.0,0.0,0.0,0.0,0.0
IV47,0.0,0.0,0.0,0.0,0.0,0.0,0.0,0.0,0.0,0.0
IV48,0.0,0.0,0.0,0.0,0.0,0.0,0.0,0.0,0.0,0.0
IV49,0.0,0.0,0.0,0.0,0.0,0.0,0.0,0.0,0.0,0.0
IV51,0.0,0.0,0.0,0.0,0.0,0.0,0.0,0.0,0.0,0.0
IV52,0.0,0.0,0.0,0.0,0.0,0.0,0.0,0.0,0.0,0.0
IV53,0.0,0.0,0.0,0.0,0.0,0.0,0.0,0.0,0.0,0.0
IV54,0.0,0.0,0.0,0.0,0.0,0.0,0.0,0.0,0.0,0.0
IV55,0.0,0.0,0.0,0.0,0.0,0.0,0.0,0.0,0.0,0.0
IV56,0.0,0.0,0.0,0.0,0.0,0.0,0.0,0.0,0.0,0.0
IV63,0.0,0.0,0.0,0.0,0.0,0.0,0.0,0.0,0.0,0.0
KA1,0.0,0.0,0.0,0.0,0.0,0.0,0.0,0.0,0.0,0.0
KA2,0.0,0.0,0.0,0.0,0.0,0.0,0.0,0.0,0.0,0.0
KA3,0.0,0.0,0.0,0.0,0.0,0.0,0.0,0.0,0.0,0.0
KA4,0.0,0.0,0.0,0.0,0.0,0.0,0.0,0.0,0.0,0.0
KA5,0.0,0.0,0.0,0.0,0.0,0.0,0.0,0.0,0.0,0.0
KA6,0.0,0.0,0.0,0.0,0.0,0.0,0.0,0.0,0.0,0.0
KA7,0.0,0.0,0.0,0.0,0.0,0.0,0.0,0.0,0.0,0.0
KA8,0.0,0.0,0.0,0.0,0.0,0.0,0.0,0.0,0.0,0.0
KA9,0.0,0.0,0.0,0.0,0.0,0.0,0.0,0.0,0.0,0.0
KA10,0.0,0.0,0.0,0.0,0.0,0.0,0.0,0.0,0.0,0.0
KA11,0.0,0.0,0.0,0.0,0.0,0.0,0.0,0.0,0.0,0.0
KA12,0.0,0.0,0.0,0.0,0.0,0.0,0.0,0.0,0.0,0.0
KA13,0.0,0.0,0.0,0.0,0.0,0.0,0.0,0.0,0.0,0.0
KA14,0.0,0.0,0.0,0.0,0.0,0.0,0.0,0.0,0.0,0.0
KA15,0.0,0.0,0.0,0.0,0.0,0.0,0.0,0.0,0.0,0.0
KA16,0.0,0.0,0.0,0.0,0.0,0.0,0.0,0.0,0.0,0.0
KA17,0.0,0.0,0.0,0.0,0.0,0.0,0.0,0.0,0.0,0.0
KA18,0.0,0.0,0.0,0.0,0.0,0.0,0.0,0.0,0.0,0.0
KA19,0.0,0.0,0.0,0.0,0.0,0.0,0.0,0.0,0.0,0.0
KA20,0.0,0.0,0.0,0.0,0.0,0.0,0.0,0.0,0.0,0.0
KA21,0.0,0.0,0.0,0.0,0.0,0.0,0.0,0.0,0.0,0.0
KA22,0.0,0.0,0.0,0.0,0.0,0.0,0.0,0.0,0.0,0.0
KA23,0.0,0.0,0.0,0.0,0.0,0.0,0.0,0.0,0.0,0.0
KA24,0.0,0.0,0.0,0.0,0.0,0.0,0.0,0.0,0.0,0.0
KA25,0.0,0.0,0.0,0.0,0.0,0.0,0.0,0.0,0.0,0.0
KA26,0.0,0.0,0.0,0.0,0.0,0.0,0.0,0.0,0.0,0.0
KA27,0.0,0.0,0.0,0.0,0.0,0.0,0.0,0.0,0.0,0.0
KA28,0.0,0.0,0.0,0.0,0.0,0.0,0.0,0.0,0.0,0.0
KA29,0.0,0.0,0.0,0.0,0.0,0.0,0.0,0.0,0.0,0.0
KA30,0.0,0.0,0.0,0.0,0.0,0.0,0.0,0.0,0.0,0.0
KT1,0.017231,0.10108,0.007213,0.052427,0.001002,0.011487,0.000534,0.003874,0.0002,0.001002
KT2,0.036503,0.137587,0.013516,0.08645,0.001927,0.022772,0.000714,0.003546,0.000524,0.001428
KT3,0.047841,0.159798,0.018568,0.085,0.001223,0.01077,0.000328,0.001748,0.000175,0.00107
KT4,0.056048,0.134918,0.025444,0.080829,0.004636,0.018324,0.001518,0.005878,0.00069,0.002539
KT5,0.033267,0.092349,0.013032,0.052128,0.001166,0.009909,0.000458,0.003497,0.00025,0.001541
KT6,0.040265,0.137681,0.021136,0.079409,0.003838,0.014789,0.000915,0.003926,0.000266,0.001476
KT7,0.027718,0.096105,0.015355,0.06044,0.004415,0.02345,0.001079,0.008585,0.000589,0.003091
KT8,0.00618,0.046335,0.001628,0.01584,0.000167,0.001184,0.000111,0.000185,1.9e-05,1.9e-05
KT9,0.037232,0.084843,0.019678,0.049252,0.005889,0.014561,0.002237,0.005519,0.000853,0.002027
KT10,0.036221,0.081628,0.021095,0.04867,0.006252,0.014962,0.0033,0.006434,0.001828,0.004296
KT11,0.04137,0.080938,0.023763,0.047596,0.007607,0.015469,0.003347,0.006734,0.001249,0.003773
KT12,0.007859,0.05193,0.002945,0.019473,0.000221,0.001638,0.000101,0.000294,3.7e-05,0.000147
KT13,0.016308,0.057852,0.006464,0.027898,0.00109,0.004346,0.000421,0.001895,0.000149,0.000978
KT14,0.015117,0.061802,0.006175,0.028707,0.000763,0.004673,7.2e-05,0.001216,0.0,0.00031
KT15,0.013795,0.049508,0.005204,0.020854,0.000999,0.003647,0.000208,0.001168,7.8e-05,0.000182
KT16,0.021096,0.047571,0.010965,0.025399,0.00252,0.006754,0.000949,0.002261,0.00046,0.001082
KT17,0.025949,0.072298,0.014732,0.044347,0.004692,0.013824,0.00222,0.007551,0.000488,0.004742
KT18,0.01589,0.039771,0.009587,0.023656,0.003268,0.007858,0.000848,0.003168,0.000274,0.000807
KT19,0.040741,0.098348,0.019237,0.051605,0.003932,0.010279,0.001035,0.003421,0.000285,0.001321
KT20,0.006983,0.018965,0.004378,0.01246,0.002059,0.005673,0.000987,0.003608,0.000446,0.002521
KT21,0.034847,0.077233,0.017803,0.040418,0.003857,0.010129,0.001071,0.002902,0.000253,0.000623
KT22,0.032857,0.064845,0.017816,0.03863,0.005318,0.013586,0.002342,0.006128,0.001275,0.003152
KT23,0.024286,0.042667,0.013615,0.023587,0.001654,0.005343,0.00041,0.00085,3e-05,0.000212
KT24,0.020134,0.035731,0.011236,0.020479,0.002833,0.005127,0.001039,0.002183,0.000333,0.000778
KW1,0.0,0.0,0.0,0.0,0.0,0.0,0.0,0.0,0.0,0.0
KW2,0.0,0.0,0.0,0.0,0.0,0.0,0.0,0.0,0.0,0.0
KW3,0.0,0.0,0.0,0.0,0.0,0.0,0.0,0.0,0.0,0.0
KW5,0.0,0.0,0.0,0.0,0.0,0.0,0.0,0.0,0.0,0.0
KW6,0.0,0.0,0.0,0.0,0.0,0.0,0.0,0.0,0.0,0.0
KW7,0.0,0.0,0.0,0.0,0.0,0.0,0.0,0.0,0.0,0.0
KW8,0.0,0.0,0.0,0.0,0.0,0.0,0.0,0.0,0.0,0.0
KW9,0.0,0.0,0.0,0.0,0.0,0.0,0.0,0.0,0.0,0.0
KW10,0.0,0.0,0.0,0.0,0.0,0.0,0.0,0.0,0.0,0.0
KW11,0.0,0.0,0.0,0.0,0.0,0.0,0.0,0.0,0.0,0.0
KW12,0.0,0.0,0.0,0.0,0.0,0.0,0.0,0.0,0.0,0.0
KW13,0.0,0.0,0.0,0.0,0.0,0.0,0.0,0.0,0.0,0.0
KW14,0.0,0.0,0.0,0.0,0.0,0.0,0.0,0.0,0.0,0.0
KW15,0.0,0.0,0.0,0.0,0.0,0.0,0.0,0.0,0.0,0.0
KW16,0.0,0.0,0.0,0.0,0.0,0.0,0.0,0.0,0.0,0.0
KW17,0.0,0.0,0.0,0.0,0.0,0.0,0.0,0.0,0.0,0.0
KY1,0.0,0.0,0.0,0.0,0.0,0.0,0.0,0.0,0.0,0.0
KY2,0.0,0.0,0.0,0.0,0.0,0.0,0.0,0.0,0.0,0.0
KY3,0.0,0.0,0.0,0.0,0.0,0.0,0.0,0.0,0.0,0.0
KY4,0.0,0.0,0.0,0.0,0.0,0.0,0.0,0.0,0.0,0.0
KY5,0.0,0.0,0.0,0.0,0.0,0.0,0.0,0.0,0.0,0.0
KY6,0.0,0.0,0.0,0.0,0.0,0.0,0.0,0.0,0.0,0.0
KY7,0.0,0.0,0.0,0.0,0.0,0.0,0.0,0.0,0.0,0.0
KY8,0.0,0.0,0.0,0.0,0.0,0.0,0.0,0.0,0.0,0.0
KY9,0.0,0.0,0.0,0.0,0.0,0.0,0.0,0.0,0.0,0.0
KY10,0.0,0.0,0.0,0.0,0.0,0.0,0.0,0.0,0.0,0.0
KY11,0.0,0.0,0.0,0.0,0.0,0.0,0.0,0.0,0.0,0.0
KY12,0.0,0.0,0.0,0.0,0.0,0.0,0.0,0.0,0.0,0.0
KY13,0.0,0.0,0.0,0.0,0.0,0.0,0.0,0.0,0.0,0.0
KY14,0.0,0.0,0.0,0.0,0.0,0.0,0.0,0.0,0.0,0.0
KY15,0.0,0.0,0.0,0.0,0.0,0.0,0.0,0.0,0.0,0.0
KY16,0.0,0.0,0.0,0.0,0.0,0.0,0.0,0.0,0.0,0.0
L1,0.084563,0.236755,0.050043,0.18237,0.008033,0.089231,0.003799,0.040816,0.002388,0.01129
L2,0.061094,0.199065,0.034111,0.130843,0.0056,0.047857,0.003564,0.016801,0.002036,0.002546
L3,0.017723,0.078962,0.009356,0.042497,0.002096,0.014789,0.000973,0.007365,0.000793,0.004206
L4,0.048606,0.206492,0.022477,0.137371,0.003133,0.044982,0.00158,0.018173,0.000572,0.005149
L5,0.028349,0.11382,0.015844,0.071461,0.002915,0.03117,0.001222,0.0126,0.000282,0.006629
L6,0.039191,0.131885,0.014406,0.070847,0.001801,0.012369,0.000284,0.001753,0.000284,0.000758
L7,0.036298,0.126647,0.017706,0.068542,0.005685,0.02218,0.001538,0.010298,0.000792,0.006011
L8,0.027762,0.090898,0.01337,0.04935,0.004128,0.015263,0.00178,0.007651,0.000871,0.005113
L9,0.05382,0.146871,0.023024,0.083292,0.003253,0.023667,0.001032,0.007714,0.000273,0.004091
L10,0.072749,0.165446,0.038419,0.092143,0.01171,0.028215,0.005225,0.01546,0.002182,0.010204
L11,0.028498,0.124741,0.01028,0.057673,0.000937,0.011217,0.000156,0.00583,0.0,0.003826
L12,0.034946,0.128113,0.016502,0.07057,0.002833,0.014827,0.001176,0.004776,0.000838,0.002655
L13,0.048752,0.162064,0.023194,0.101651,0.006317,0.035471,0.002138,0.011435,0.001814,0.005669
L14,0.041217,0.143738,0.016426,0.079309,0.002385,0.020894,0.00084,0.006953,0.000134,0.003258
L15,0.037754,0.155454,0.014592,0.093883,0.002895,0.016136,0.000888,0.004864,0.000463,0.002548
L16,0.02724,0.083249,0.012929,0.046387,0.001727,0.009425,0.000839,0.002961,0.000345,0.001974
L17,0.017402,0.061208,0.011386,0.043443,0.005471,0.024467,0.003048,0.017018,0.000727,0.01296
L18,0.024628,0.098285,0.012213,0.055021,0.001087,0.011631,0.000329,0.005892,0.000228,0.003135
L19,0.015539,0.069358,0.007646,0.03881,0.002557,0.017333,0.001156,0.011125,0.000725,0.008101
L20,0.107143,0.195258,0.056294,0.105476,0.016542,0.03264,0.006097,0.012806,0.00357,0.005861
L21,0.090062,0.180687,0.045267,0.104919,0.009867,0.041941,0.002787,0.01888,0.001011,0.007844
L22,0.043269,0.088447,0.022487,0.048794,0.002296,0.012642,0.000387,0.004911,9.1e-05,0.00075
L23,0.059583,0.127374,0.028564,0.077185,0.005584,0.022072,0.001724,0.008095,0.00049,0.002781
L24,0.012116,0.059683,0.005675,0.032382,0.000986,0.005977,0.000257,0.001355,8.1e-05,0.000405
L25,0.01792,0.071475,0.008598,0.041216,0.001603,0.012135,0.000707,0.004291,0.000267,0.00143
L26,0.041846,0.12421,0.022894,0.074434,0.006927,0.019366,0.002026,0.007363,0.000327,0.003224
L27,0.03945,0.153745,0.023065,0.103505,0.004396,0.032827,0.001884,0.009534,0.001142,0.002855
L28,0.057976,0.206959,0.025919,0.11751,0.005067,0.01939,0.000682,0.003021,0.0,0.00039
L29,0.128357,0.219543,0.077321,0.15138,0.024233,0.055464,0.00635,0.017451,0.001598,0.005702
L30,0.10409,0.215223,0.046781,0.118695,0.006722,0.034474,0.002348,0.009416,0.000494,0.002199
L31,0.102232,0.177097,0.059699,0.114672,0.019365,0.045065,0.007641,0.020505,0.003557,0.010012
L32,0.017189,0.065591,0.00798,0.03137,0.00102,0.005756,0.000314,0.001988,2.6e-05,0.000471
L33,0.034773,0.094496,0.016082,0.049467,0.003996,0.012174,0.001583,0.00549,0.000698,0.002148
L34,0.031511,0.072684,0.017483,0.043479,0.004349,0.01259,0.001333,0.004621,0.000272,0.001657
L35,0.040725,0.085433,0.022939,0.05403,0.006935,0.019103,0.002331,0.007883,0.000965,0.003966
L36,0.037101,0.120395,0.017071,0.071442,0.003932,0.017371,0.001487,0.005304,0.000357,0.00193
L37,0.070552,0.122592,0.033765,0.063174,0.005915,0.012068,0.001227,0.003064,0.000294,0.000803
L38,0.092603,0.194902,0.05227,0.119723,0.013291,0.029527,0.002509,0.008906,0.000372,0.003151
L39,0.038984,0.079639,0.021449,0.044844,0.007227,0.011618,0.002175,0.003608,0.0006,0.001344
L40,0.036957,0.070952,0.022984,0.041644,0.006224,0.011742,0.001648,0.003356,0.000396,0.001059
LA1,0.025758,0.071756,0.013531,0.043382,0.003536,0.01197,0.001191,0.004791,0.000563,0.002103
LA2,0.02806,0.046976,0.01681,0.027774,0.004939,0.009601,0.001794,0.004112,0.000821,0.001932
LA3,0.004478,0.014119,0.002067,0.006911,0.000423,0.00135,0.000106,0.000369,1.8e-05,0.000134
LA4,0.00313,0.017908,0.00114,0.007705,0.000142,0.000967,6.1e-05,0.000275,1e-05,5.6e-05
LA5,0.015501,0.036564,0.007546,0.020854,0.001645,0.004551,0.000366,0.001584,0.000138,0.000682
LA6,0.029232,0.047559,0.01878,0.030979,0.00643,0.0123,0.00247,0.005653,0.00117,0.002583
LA7,0.023051,0.044095,0.013378,0.027803,0.003123,0.009574,0.00104,0.004227,0.000468,0.001992
LA8,0.02696,0.041278,0.017203,0.02683,0.005944,0.01103,0.002495,0.005428,0.001181,0.002935
LA9,0.026563,0.09426,0.01512,0.063599,0.004627,0.025412,0.002092,0.011881,0.000864,0.006359
LA10,0.027739,0.038411,0.016993,0.023595,0.00543,0.008884,0.002041,0.003824,0.000903,0.001826
LA11,0.018034,0.034146,0.010621,0.019866,0.003071,0.005928,0.000982,0.002248,0.000357,0.000915
LA12,0.022849,0.040009,0.013114,0.024843,0.003731,0.008632,0.001217,0.003149,0.000476,0.001336
LA13,0.007261,0.018035,0.004193,0.010896,0.001416,0.004195,0.000474,0.002294,0.000187,0.001235
LA14,0.009571,0.025302,0.004715,0.013683,0.001128,0.003384,0.000367,0.001363,0.000165,0.000701
LA15,0.02985,0.054137,0.01893,0.038681,0.009208,0.019769,0.004176,0.012666,0.002105,0.008609
LA16,0.01537,0.030662,0.009369,0.019361,0.00226,0.004147,0.000982,0.001574,0.000608,0.000857
LA17,0.025242,0.041511,0.014237,0.023477,0.003194,0.006285,0.001205,0.00244,0.000569,0.001414
LA18,0.026346,0.042834,0.017672,0.028475,0.00598,0.013282,0.002496,0.005457,0.001063,0.00247
LA19,0.017877,0.029467,0.010431,0.017477,0.002324,0.005021,0.000751,0.001608,0.000276,0.000589
LA20,0.027829,0.044615,0.015374,0.023741,0.004872,0.007825,0.002443,0.003706,0.001593,0.002221
LA21,0.042174,0.057896,0.027534,0.03753,0.011426,0.01698,0.003528,0.009064,0.001911,0.003222
LA22,0.034737,0.048713,0.021235,0.029557,0.007087,0.01122,0.002875,0.005297,0.00158,0.002726
LA23,0.027868,0.039718,0.016769,0.02566,0.00459,0.00867,0.001775,0.003196,0.000908,0.001505
LD1,0.0,0.0,0.0,0.0,0.0,0.0,0.0,0.0,0.0,0.0
LD2,0.0,0.0,0.0,0.0,0.0,0.0,0.0,0.0,0.0,0.0
LD3,0.0,0.0,0.0,0.0,0.0,0.0,0.0,0.0,0.0,0.0
LD4,0.0,0.0,0.0,0.0,0.0,0.0,0.0,0.0,0.0,0.0
LD5,0.0,0.0,0.0,0.0,0.0,0.0,0.0,0.0,0.0,0.0
LD6,0.0,0.0,0.0,0.0,0.0,0.0,0.0,0.0,0.0,0.0
LD7,0.003459,0.005432,0.002118,0.003396,0.000625,0.001323,0.000164,0.000576,6.7e-05,0.000219
LD8,0.002645,0.004655,0.001416,0.002758,0.000282,0.000643,0.000125,0.000218,4.1e-05,9.6e-05
LE1,0.060142,0.220399,0.029376,0.139987,0.005145,0.035035,0.002161,0.011421,0.001698,0.005762
LE2,0.033933,0.093031,0.018887,0.055892,0.004775,0.016316,0.001515,0.006467,0.000555,0.002941
LE3,0.031096,0.099165,0.016373,0.059685,0.003435,0.015456,0.001307,0.004677,0.000609,0.001662
LE4,0.035812,0.14589,0.01784,0.082321,0.003667,0.022167,0.001125,0.007517,0.000557,0.00385
LE5,0.031941,0.116149,0.015679,0.05664,0.002784,0.010007,0.000404,0.003508,0.000235,0.002314
LE6,0.027719,0.062025,0.016554,0.03464,0.006226,0.011223,0.003331,0.006476,0.001145,0.003859
LE7,0.024094,0.04708,0.015689,0.02954,0.006326,0.011464,0.002801,0.005893,0.001268,0.003125
LE8,0.027781,0.057921,0.016365,0.032213,0.005144,0.009195,0.001556,0.003549,0.000565,0.001411
LE9,0.027335,0.056638,0.017145,0.034187,0.005413,0.011652,0.001981,0.005257,0.000773,0.002689
LE10,0.024379,0.057771,0.013863,0.033681,0.003284,0.010135,0.0006,0.003699,0.000188,0.0017
LE11,0.032002,0.107559,0.015461,0.052919,0.002905,0.009568,0.000791,0.002546,0.000216,0.001035
LE12,0.028273,0.061134,0.017684,0.036505,0.005928,0.012257,0.002634,0.005851,0.001284,0.003509
LE13,0.02604,0.06676,0.013705,0.034745,0.004302,0.008672,0.001748,0.003781,0.000563,0.001529
LE14,0.028433,0.056485,0.017071,0.033507,0.005537,0.010323,0.002274,0.004457,0.000965,0.002115
LE15,0.020422,0.040121,0.013116,0.025348,0.005159,0.009634,0.002181,0.004871,0.000937,0.002494
LE16,0.039118,0.073808,0.023434,0.043616,0.007816,0.013526,0.003485,0.006092,0.001705,0.003325
LE17,0.032839,0.062097,0.020584,0.038393,0.007191,0.012626,0.002756,0.005619,0.001129,0.002925
LE18,0.036555,0.093234,0.019862,0.052532,0.005038,0.016606,0.00156,0.005755,0.000513,0.002819
LE19,0.036151,0.087784,0.021666,0.050904,0.006791,0.014762,0.001815,0.006548,0.000504,0.002319
LE65,0.025801,0.047022,0.016466,0.030216,0.005105,0.011031,0.001748,0.00524,0.000675,0.002475
LE67,0.02644,0.056776,0.01713,0.03535,0.005822,0.013536,0.002459,0.006763,0.001296,0.003679
LL11,0.0,0.0,0.0,0.0,0.0,0.0,0.0,0.0,0.0,0.0
LL12,0.00099,0.002478,0.000467,0.00134,0.000153,0.000191,0.0,2.1e-05,0.0,0.0
LL13,0.000268,0.00058,0.000159,0.00032,6.1e-05,9.3e-05,1.5e-05,4.4e-05,4e-06,1.5e-05
LL14,0.000447,0.001174,0.000175,0.000591,3.5e-05,0.000136,0.0,3.3e-05,0.0,4e-06
LL15,0.0,0.0,0.0,0.0,0.0,0.0,0.0,0.0,0.0,0.0
LL16,0.0,0.0,0.0,0.0,0.0,0.0,0.0,0.0,0.0,0.0
LL17,0.0,0.0,0.0,0.0,0.0,0.0,0.0,0.0,0.0,0.0
LL18,0.0,0.0,0.0,0.0,0.0,0.0,0.0,0.0,0.0,0.0
LL19,0.0,0.0,0.0,0.0,0.0,0.0,0.0,0.0,0.0,0.0
LL20,0.0,0.0,0.0,0.0,0.0,0.0,0.0,0.0,0.0,0.0
LL21,0.0,0.0,0.0,0.0,0.0,0.0,0.0,0.0,0.0,0.0
LL22,0.0,0.0,0.0,0.0,0.0,0.0,0.0,0.0,0.0,0.0
LL23,0.0,0.0,0.0,0.0,0.0,0.0,0.0,0.0,0.0,0.0
LL24,0.0,0.0,0.0,0.0,0.0,0.0,0.0,0.0,0.0,0.0
LL25,0.0,0.0,0.0,0.0,0.0,0.0,0.0,0.0,0.0,0.0
LL26,0.0,0.0,0.0,0.0,0.0,0.0,0.0,0.0,0.0,0.0
LL27,0.0,0.0,0.0,0.0,0.0,0.0,0.0,0.0,0.0,0.0
LL28,0.0,0.0,0.0,0.0,0.0,0.0,0.0,0.0,0.0,0.0
LL29,0.0,0.0,0.0,0.0,0.0,0.0,0.0,0.0,0.0,0.0
LL30,0.0,0.0,0.0,0.0,0.0,0.0,0.0,0.0,0.0,0.0
LL31,0.0,0.0,0.0,0.0,0.0,0.0,0.0,0.0,0.0,0.0
LL32,0.0,0.0,0.0,0.0,0.0,0.0,0.0,0.0,0.0,0.0
LL33,0.0,0.0,0.0,0.0,0.0,0.0,0.0,0.0,0.0,0.0
LL34,0.0,0.0,0.0,0.0,0.0,0.0,0.0,0.0,0.0,0.0
LL35,0.0,0.0,0.0,0.0,0.0,0.0,0.0,0.0,0.0,0.0
LL36,0.0,0.0,0.0,0.0,0.0,0.0,0.0,0.0,0.0,0.0
LL37,0.0,0.0,0.0,0.0,0.0,0.0,0.0,0.0,0.0,0.0
LL38,0.0,0.0,0.0,0.0,0.0,0.0,0.0,0.0,0.0,0.0
LL39,0.0,0.0,0.0,0.0,0.0,0.0,0.0,0.0,0.0,0.0
LL40,0.0,0.0,0.0,0.0,0.0,0.0,0.0,0.0,0.0,0.0
LL41,0.0,0.0,0.0,0.0,0.0,0.0,0.0,0.0,0.0,0.0
LL42,0.0,0.0,0.0,0.0,0.0,0.0,0.0,0.0,0.0,0.0
LL43,0.0,0.0,0.0,0.0,0.0,0.0,0.0,0.0,0.0,0.0
LL44,0.0,0.0,0.0,0.0,0.0,0.0,0.0,0.0,0.0,0.0
LL45,0.0,0.0,0.0,0.0,0.0,0.0,0.0,0.0,0.0,0.0
LL46,0.0,0.0,0.0,0.0,0.0,0.0,0.0,0.0,0.0,0.0
LL47,0.0,0.0,0.0,0.0,0.0,0.0,0.0,0.0,0.0,0.0
LL48,0.0,0.0,0.0,0.0,0.0,0.0,0.0,0.0,0.0,0.0
LL49,0.0,0.0,0.0,0.0,0.0,0.0,0.0,0.0,0.0,0.0
LL51,0.0,0.0,0.0,0.0,0.0,0.0,0.0,0.0,0.0,0.0
LL52,0.0,0.0,0.0,0.0,0.0,0.0,0.0,0.0,0.0,0.0
LL53,0.0,0.0,0.0,0.0,0.0,0.0,0.0,0.0,0.0,0.0
LL54,0.0,0.0,0.0,0.0,0.0,0.0,0.0,0.0,0.0,0.0
LL55,0.0,0.0,0.0,0.0,0.0,0.0,0.0,0.0,0.0,0.0
LL56,0.0,0.0,0.0,0.0,0.0,0.0,0.0,0.0,0.0,0.0
LL57,0.0,0.0,0.0,0.0,0.0,0.0,0.0,0.0,0.0,0.0
LL58,0.0,0.0,0.0,0.0,0.0,0.0,0.0,0.0,0.0,0.0
LL59,0.0,0.0,0.0,0.0,0.0,0.0,0.0,0.0,0.0,0.0
LL60,0.0,0.0,0.0,0.0,0.0,0.0,0.0,0.0,0.0,0.0
LL61,0.0,0.0,0.0,0.0,0.0,0.0,0.0,0.0,0.0,0.0
LL62,0.0,0.0,0.0,0.0,0.0,0.0,0.0,0.0,0.0,0.0
LL63,0.0,0.0,0.0,0.0,0.0,0.0,0.0,0.0,0.0,0.0
LL64,0.0,0.0,0.0,0.0,0.0,0.0,0.0,0.0,0.0,0.0
LL65,0.0,0.0,0.0,0.0,0.0,0.0,0.0,0.0,0.0,0.0
LL66,0.0,0.0,0.0,0.0,0.0,0.0,0.0,0.0,0.0,0.0
LL67,0.0,0.0,0.0,0.0,0.0,0.0,0.0,0.0,0.0,0.0
LL68,0.0,0.0,0.0,0.0,0.0,0.0,0.0,0.0,0.0,0.0
LL69,0.0,0.0,0.0,0.0,0.0,0.0,0.0,0.0,0.0,0.0
LL70,0.0,0.0,0.0,0.0,0.0,0.0,0.0,0.0,0.0,0.0
LL71,0.0,0.0,0.0,0.0,0.0,0.0,0.0,0.0,0.0,0.0
LL72,0.0,0.0,0.0,0.0,0.0,0.0,0.0,0.0,0.0,0.0
LL73,0.0,0.0,0.0,0.0,0.0,0.0,0.0,0.0,0.0,0.0
LL74,0.0,0.0,0.0,0.0,0.0,0.0,0.0,0.0,0.0,0.0
LL75,0.0,0.0,0.0,0.0,0.0,0.0,0.0,0.0,0.0,0.0
LL76,0.0,0.0,0.0,0.0,0.0,0.0,0.0,0.0,0.0,0.0
LL77,0.0,0.0,0.0,0.0,0.0,0.0,0.0,0.0,0.0,0.0
LL78,0.0,0.0,0.0,0.0,0.0,0.0,0.0,0.0,0.0,0.0
LN1,0.058676,0.121241,0.037374,0.076174,0.012723,0.02666,0.005394,0.010167,0.002684,0.004634
LN2,0.022257,0.0446,0.011954,0.024243,0.003198,0.006213,0.001025,0.002244,0.000323,0.000899
LN3,0.052794,0.108561,0.029071,0.058261,0.009262,0.015617,0.003276,0.005735,0.000975,0.002329
LN4,0.02955,0.064277,0.019319,0.037052,0.006199,0.012632,0.001945,0.00451,0.000455,0.001643
LN5,0.059951,0.115078,0.036929,0.069259,0.012462,0.022318,0.004785,0.008994,0.001929,0.003469
LN6,0.047188,0.104502,0.027804,0.058308,0.007405,0.016376,0.002312,0.004889,0.000805,0.001652
LN7,0.01733,0.03406,0.009972,0.018479,0.002973,0.004933,0.000966,0.001709,0.00026,0.000662
LN8,0.026249,0.047222,0.01476,0.025631,0.004675,0.006762,0.001674,0.002563,0.000554,0.000984
LN9,0.022378,0.035823,0.01392,0.021079,0.004436,0.006273,0.001348,0.002171,0.000347,0.000614
LN10,0.049796,0.090795,0.032387,0.057414,0.010911,0.021349,0.004584,0.008621,0.002119,0.003494
LN11,0.022721,0.045518,0.014217,0.027091,0.005043,0.008337,0.001953,0.003384,0.000809,0.001461
LN12,0.005069,0.02946,0.002518,0.015126,0.000261,0.002246,8.7e-05,0.000359,2.8e-05,6.5e-05
LN13,0.048604,0.09451,0.031448,0.060666,0.011919,0.021224,0.005145,0.009049,0.002057,0.003901
LS1,0.052311,0.222425,0.038297,0.131679,0.012211,0.062579,0.005411,0.030943,0.002081,0.018177
LS2,0.042339,0.13492,0.024682,0.096288,0.00917,0.030145,0.003317,0.010243,0.001171,0.006146
LS3,0.029096,0.153049,0.015376,0.098878,0.003785,0.016322,0.002366,0.00686,0.000946,0.004258
LS4,0.067311,0.157413,0.034232,0.112894,0.006208,0.03973,0.001774,0.009667,0.000976,0.004612
LS5,0.03664,0.089453,0.01838,0.051977,0.002268,0.011159,0.000955,0.003521,0.000298,0.001313
LS6,0.033644,0.081174,0.015212,0.042117,0.002741,0.008359,0.000777,0.002238,0.000297,0.001005
LS7,0.033394,0.083195,0.017519,0.049933,0.004294,0.015266,0.002253,0.005963,0.001484,0.002412
LS8,0.032011,0.067211,0.019071,0.043221,0.006896,0.016648,0.002741,0.008598,0.001226,0.004688
LS9,0.053053,0.133342,0.03024,0.080508,0.007835,0.024843,0.002533,0.010195,0.00151,0.004626
LS10,0.034663,0.10962,0.015926,0.065796,0.005218,0.020153,0.002932,0.009333,0.00184,0.005986
LS11,0.066234,0.158432,0.034646,0.107746,0.00977,0.033287,0.003313,0.017196,0.001818,0.010637
LS12,0.034005,0.088365,0.018308,0.054885,0.005163,0.017794,0.00185,0.009416,0.000851,0.003996
LS13,0.032719,0.084272,0.016663,0.050375,0.004157,0.012186,0.002255,0.005066,0.001027,0.00308
LS14,0.020776,0.044443,0.011333,0.026083,0.003195,0.007112,0.001098,0.002942,0.000481,0.001221
LS15,0.027083,0.050855,0.016271,0.031902,0.005518,0.012022,0.002424,0.006033,0.001373,0.00351
LS16,0.015387,0.036728,0.007804,0.019577,0.002907,0.006249,0.00125,0.00311,0.000464,0.001674
LS17,0.031084,0.05307,0.015812,0.035225,0.005191,0.010654,0.002258,0.004292,0.001084,0.002364
LS18,0.02162,0.048122,0.012303,0.025847,0.003808,0.007225,0.002134,0.003069,0.001618,0.002218
LS19,0.017353,0.041969,0.009568,0.021842,0.002484,0.006549,0.001036,0.00323,0.000546,0.002172
LS20,0.020235,0.049332,0.010929,0.028262,0.00166,0.007782,0.000516,0.00284,0.000443,0.001254
LS21,0.021771,0.041931,0.012599,0.025388,0.003086,0.007815,0.001019,0.003018,0.000444,0.00129
LS22,0.026255,0.055238,0.01432,0.033452,0.003267,0.009497,0.000945,0.002963,0.000255,0.000926
LS23,0.013869,0.036516,0.007266,0.020573,0.001678,0.00521,0.000599,0.001747,0.000447,0.000945
LS24,0.020508,0.049924,0.010518,0.027295,0.002711,0.007043,0.000619,0.002685,0.00011,0.000875
LS25,0.017974,0.04531,0.009425,0.024844,0.002612,0.007111,0.000837,0.003002,0.000291,0.001258
LS26,0.024768,0.056149,0.014043,0.036562,0.004229,0.010949,0.002025,0.005458,0.001196,0.003348
LS27,0.02545,0.062274,0.013975,0.036579,0.004692,0.01222,0.001891,0.006283,0.000855,0.003601
LS28,0.018467,0.047041,0.012073,0.028151,0.004946,0.010352,0.003347,0.006121,0.002379,0.00377
LS29,0.02931,0.053738,0.017246,0.032928,0.006426,0.011648,0.003251,0.006129,0.001327,0.003621
LU1,0.024807,0.052052,0.014606,0.037394,0.005931,0.016847,0.002994,0.009184,0.00192,0.006408
LU2,0.020456,0.039803,0.013085,0.026324,0.006487,0.012463,0.003542,0.007197,0.002737,0.005168
LU3,0.040173,0.087244,0.025698,0.061061,0.009573,0.027367,0.004736,0.014103,0.002688,0.008335
LU4,0.065645,0.120584,0.039627,0.083003,0.013229,0.036749,0.005745,0.01759,0.003895,0.008219
LU5,0.030575,0.064314,0.016979,0.038711,0.005579,0.012719,0.002236,0.006694,0.00107,0.003186
LU6,0.014855,0.035244,0.008966,0.021264,0.002785,0.006189,0.00115,0.002526,0.00057,0.001241
LU7,0.040671,0.084289,0.027507,0.058563,0.011456,0.026746,0.005561,0.014563,0.003124,0.008258
M1,0.05874,0.193832,0.035638,0.118205,0.011396,0.059776,0.004662,0.030976,0.002383,0.018958
M2,0.065086,0.230071,0.029768,0.151363,0.004541,0.057013,0.004036,0.007064,0.004036,0.007064
M3,0.048177,0.160217,0.023108,0.089912,0.007002,0.023878,0.002381,0.009243,0.00077,0.005112
M4,0.05793,0.164938,0.039263,0.103064,0.007888,0.043031,0.005258,0.028045,0.001578,0.015775
M5,0.046688,0.166974,0.021753,0.095068,0.007009,0.032629,0.002336,0.017,0.000282,0.010393
M6,0.046812,0.139484,0.025229,0.079696,0.005254,0.028264,0.001087,0.013271,0.000362,0.006409
M7,0.042489,0.143109,0.020183,0.088203,0.002956,0.029831,0.001397,0.014244,0.000591,0.003574
M8,0.044341,0.126665,0.021805,0.069609,0.004139,0.017964,0.001326,0.006303,0.000568,0.002002
M9,0.04887,0.10362,0.027367,0.067163,0.009236,0.026504,0.004007,0.013895,0.002053,0.008292
M11,0.048924,0.14639,0.02517,0.0766,0.005339,0.019422,0.001798,0.009207,0.000817,0.004467
M12,0.067431,0.217989,0.032238,0.15098,0.008558,0.064744,0.003301,0.027863,0.001228,0.017462
M13,0.058259,0.260565,0.027413,0.162589,0.008127,0.038058,0.005093,0.014536,0.001602,0.010015
M14,0.05266,0.219209,0.022341,0.105629,0.004423,0.018785,0.001624,0.005655,0.000952,0.002688
M15,0.035248,0.208101,0.011963,0.105626,0.003268,0.026086,0.002101,0.016748,0.000992,0.013947
M16,0.032497,0.216654,0.00954,0.121579,0.001968,0.023582,0.000477,0.011866,0.000447,0.008855
M17,0.034043,0.218686,0.007185,0.102215,0.000627,0.01169,0.000171,0.003222,8.6e-05,0.001511
M18,0.063786,0.154704,0.038965,0.09862,0.012428,0.035954,0.005076,0.023001,0.0014,0.012253
M19,0.057627,0.176855,0.034642,0.110052,0.01088,0.035748,0.004304,0.013809,0.002182,0.005619
M20,0.024631,0.159988,0.010707,0.081741,0.001803,0.016962,0.00091,0.007799,0.000536,0.003997
M21,0.010348,0.114721,0.00299,0.071201,0.000234,0.025135,0.000234,0.00897,0.0,0.004018
M22,0.039055,0.143977,0.018159,0.080562,0.003948,0.025315,0.001226,0.012757,0.000271,0.007127
M23,0.028805,0.14506,0.012026,0.082188,0.002161,0.015671,0.000639,0.004171,0.000188,0.00124
M24,0.031725,0.07542,0.018057,0.045786,0.004616,0.013373,0.002105,0.006033,0.001073,0.002937
M25,0.021235,0.065643,0.012136,0.038943,0.003114,0.012915,0.001069,0.005618,0.000489,0.002443
M26,0.054692,0.107982,0.030508,0.067019,0.010088,0.026104,0.004216,0.011132,0.002174,0.006013
M27,0.049934,0.125329,0.030916,0.080161,0.009723,0.032877,0.004469,0.01632,0.001949,0.009152
M28,0.065814,0.126228,0.037185,0.080735,0.011012,0.026174,0.004538,0.011012,0.001717,0.005919
M29,0.073531,0.133576,0.041335,0.084878,0.011389,0.025608,0.003134,0.009334,0.000783,0.003193
M30,0.076051,0.178323,0.040571,0.109247,0.01116,0.032719,0.003961,0.013667,0.001707,0.006702
M31,0.025478,0.102323,0.012502,0.049468,0.003453,0.011635,0.000916,0.003911,0.000409,0.001784
M32,0.016595,0.111148,0.005789,0.049598,0.000729,0.008058,0.000125,0.00202,8.3e-05,0.000625
M33,0.012587,0.090497,0.004652,0.039746,0.000669,0.007276,0.000132,0.002229,2e-05,0.000638
M34,0.040865,0.110023,0.021126,0.061811,0.004082,0.019661,0.001499,0.00983,0.000582,0.005424
M35,0.048777,0.115127,0.028089,0.071595,0.009745,0.026492,0.004686,0.012514,0.001677,0.00868
M38,0.062823,0.12827,0.031781,0.077914,0.007012,0.022144,0.002501,0.011072,0.000533,0.00529
M40,0.050727,0.122798,0.025291,0.075071,0.005725,0.027549,0.002943,0.014102,0.00185,0.007503
M41,0.016217,0.088796,0.006245,0.042478,0.000764,0.007546,0.000237,0.002281,5.2e-05,0.000661
M43,0.052876,0.120157,0.02712,0.07312,0.008477,0.024778,0.00329,0.01233,0.001689,0.007854
M44,0.063107,0.156763,0.031197,0.091542,0.007745,0.01836,0.002503,0.005329,0.00069,0.001812
M45,0.019061,0.066916,0.008731,0.035751,0.002003,0.008801,0.000896,0.003584,0.000685,0.002055
M46,0.050296,0.074408,0.032672,0.050748,0.011587,0.021329,0.005254,0.011395,0.002592,0.005115
M50,0.040536,0.187064,0.014914,0.111792,0.003314,0.033461,0.001721,0.012875,0.000765,0.007521
M90,0.058199,0.161835,0.036621,0.100553,0.005549,0.041368,0.003391,0.013625,0.001356,0.010049
ME1,0.014449,0.045692,0.008429,0.031362,0.002378,0.013856,0.00049,0.006336,0.000237,0.002504
ME2,0.015867,0.050738,0.008645,0.03395,0.003015,0.015114,0.001776,0.009464,0.000978,0.006183
ME3,0.024618,0.062393,0.013995,0.037193,0.003965,0.009679,0.001379,0.003685,0.000579,0.001878
ME4,0.023569,0.098772,0.012367,0.067063,0.004581,0.033417,0.001728,0.021882,0.00102,0.014137
ME5,0.012092,0.042665,0.006979,0.024268,0.002695,0.009194,0.001283,0.005871,0.0006,0.004108
ME6,0.014645,0.071714,0.006346,0.048306,0.000976,0.009812,0.000366,0.004687,4.9e-05,0.002612
ME7,0.017318,0.055153,0.009664,0.034486,0.002643,0.012393,0.000951,0.005811,0.000547,0.003046
ME8,0.019433,0.064036,0.009868,0.041956,0.001802,0.016357,0.000809,0.006996,0.000267,0.002682
ME9,0.021901,0.049951,0.014016,0.032307,0.005314,0.012965,0.002609,0.006414,0.001398,0.00361
ME10,0.038283,0.136276,0.024176,0.095664,0.009466,0.046987,0.00451,0.026383,0.002355,0.016339
ME11,0.02311,0.099198,0.011636,0.046442,0.003282,0.013485,0.001331,0.008265,0.000429,0.002602
ME12,0.038368,0.085277,0.024377,0.052622,0.011025,0.019244,0.005559,0.009564,0.001796,0.004781
ME13,0.028016,0.054706,0.017956,0.037405,0.007487,0.01601,0.004379,0.009186,0.002886,0.006569
ME14,0.013125,0.027265,0.008113,0.017185,0.003115,0.006796,0.001397,0.003391,0.000908,0.00221
ME15,0.012526,0.028132,0.007665,0.015398,0.002044,0.004581,0.000728,0.002153,0.000339,0.001357
ME16,0.015484,0.05019,0.007959,0.024024,0.002129,0.006981,0.001102,0.003862,0.000569,0.002018
ME17,0.019774,0.034049,0.012642,0.020828,0.004297,0.007819,0.001721,0.003715,0.000843,0.002076
ME18,0.021479,0.042466,0.012541,0.025609,0.003655,0.007648,0.001349,0.00326,0.000399,0.001446
ME19,0.013902,0.03083,0.008365,0.018663,0.003238,0.008732,0.001574,0.00532,0.000994,0.003605
ME20,0.021637,0.069388,0.011145,0.040653,0.001671,0.013214,0.000526,0.005598,0.000407,0.002646
MK1,0.065475,0.21939,0.029404,0.133856,0.011112,0.038578,0.006781,0.020913,0.002336,0.013904
MK2,0.044346,0.107575,0.022486,0.053936,0.005033,0.013402,0.002025,0.005659,0.001013,0.003425
MK3,0.049079,0.104393,0.027098,0.065319,0.009702,0.024312,0.004662,0.013928,0.002842,0.008414
MK4,0.049961,0.08908,0.030566,0.05725,0.012234,0.022691,0.006502,0.012912,0.003022,0.007564
MK5,0.058226,0.111138,0.035034,0.070339,0.011348,0.024024,0.004548,0.010425,0.001801,0.00412
MK6,0.065106,0.144889,0.032709,0.087736,0.009301,0.031326,0.003527,0.016458,0.001833,0.009664
MK7,0.055211,0.161314,0.030653,0.105811,0.0103,0.026515,0.003958,0.01482,0.001079,0.009288
MK8,0.064454,0.107957,0.041433,0.075558,0.014647,0.030267,0.007026,0.015651,0.00345,0.009284
MK9,0.050382,0.120807,0.028513,0.067103,0.010962,0.028015,0.003488,0.016499,0.001993,0.007973
MK10,0.066914,0.191338,0.040097,0.129741,0.009589,0.04214,0.003947,0.018272,0.001463,0.005526
MK11,0.043033,0.108245,0.022179,0.056971,0.006055,0.018596,0.002401,0.008886,0.00129,0.004085
MK12,0.056225,0.125867,0.024436,0.07286,0.007707,0.022274,0.004441,0.013863,0.001833,0.010056
MK13,0.052503,0.108778,0.029669,0.063009,0.008658,0.024176,0.003823,0.012303,0.001544,0.006936
MK14,0.071024,0.152897,0.040237,0.102081,0.009163,0.041205,0.003748,0.021463,0.001488,0.008123
MK15,0.057043,0.216556,0.030252,0.104793,0.007958,0.031932,0.002867,0.01562,0.000791,0.005932
MK16,0.029073,0.062999,0.01659,0.036287,0.0053,0.009789,0.00198,0.003903,0.000764,0.001908
MK17,0.030577,0.060234,0.020283,0.039568,0.007839,0.01568,0.003391,0.007685,0.001544,0.003858
MK18,0.044719,0.07545,0.027503,0.049516,0.009527,0.018545,0.003866,0.008209,0.001997,0.003752
MK19,0.035164,0.066936,0.020982,0.041564,0.007374,0.013868,0.002927,0.006371,0.001326,0.00321
MK40,0.027459,0.106315,0.009915,0.05824,0.001569,0.006927,0.000668,0.001486,0.000284,0.000534
MK41,0.042992,0.106803,0.023003,0.067976,0.006294,0.020302,0.002899,0.007441,0.001499,0.002676
MK42,0.051255,0.149901,0.026334,0.083068,0.008402,0.021146,0.004066,0.010555,0.002437,0.004552
MK43,0.036257,0.073702,0.021227,0.04809,0.006645,0.017359,0.002906,0.006902,0.001603,0.003685
MK44,0.033473,0.064311,0.020263,0.037863,0.006935,0.011602,0.002853,0.004872,0.001125,0.002318
MK45,0.033137,0.079329,0.019299,0.045433,0.005432,0.014297,0.001813,0.005191,0.000701,0.002405
MK46,0.023593,0.04637,0.014168,0.02808,0.00419,0.008858,0.001528,0.002758,0.000369,0.000894
ML1,0.0,0.0,0.0,0.0,0.0,0.0,0.0,0.0,0.0,0.0
ML2,0.0,0.0,0.0,0.0,0.0,0.0,0.0,0.0,0.0,0.0
ML3,0.0,0.0,0.0,0.0,0.0,0.0,0.0,0.0,0.0,0.0
ML4,0.0,0.0,0.0,0.0,0.0,0.0,0.0,0.0,0.0,0.0
ML5,0.0,0.0,0.0,0.0,0.0,0.0,0.0,0.0,0.0,0.0
ML6,0.0,0.0,0.0,0.0,0.0,0.0,0.0,0.0,0.0,0.0
ML7,0.0,0.0,0.0,0.0,0.0,0.0,0.0,0.0,0.0,0.0
ML8,0.0,0.0,0.0,0.0,0.0,0.0,0.0,0.0,0.0,0.0
ML9,0.0,0.0,0.0,0.0,0.0,0.0,0.0,0.0,0.0,0.0
ML10,0.0,0.0,0.0,0.0,0.0,0.0,0.0,0.0,0.0,0.0
ML11,0.0,0.0,0.0,0.0,0.0,0.0,0.0,0.0,0.0,0.0
ML12,0.0,0.0,0.0,0.0,0.0,0.0,0.0,0.0,0.0,0.0
N1,0.091784,0.305929,0.049225,0.209588,0.011055,0.0717,0.003094,0.027932,0.001378,0.012124
N1C,0.151859,0.538185,0.123385,0.469638,0.037262,0.367344,0.015467,0.200369,0.008437,0.130416
N2,0.075506,0.11181,0.044124,0.071177,0.013335,0.025657,0.00569,0.011205,0.0037,0.00555
N3,0.074597,0.111554,0.054169,0.078941,0.028793,0.042868,0.021273,0.031327,0.014316,0.025335
N4,0.120412,0.271155,0.065492,0.170739,0.017502,0.061414,0.003801,0.024985,0.001742,0.009147
N5,0.096252,0.236998,0.049367,0.179081,0.014985,0.076486,0.00524,0.034566,0.00285,0.019765
N6,0.059836,0.109275,0.042572,0.083474,0.020072,0.04352,0.005312,0.025535,0.003111,0.019123
N7,0.129566,0.33162,0.077936,0.23317,0.015411,0.077985,0.004368,0.04044,0.001423,0.018699
N8,0.157156,0.246942,0.111406,0.196215,0.053905,0.110821,0.036132,0.08046,0.026597,0.0639
N9,0.024695,0.161216,0.011047,0.082909,0.002134,0.016093,0.000667,0.004068,0.000578,0.001223
N10,0.061192,0.105173,0.035318,0.070207,0.011278,0.027591,0.005698,0.014205,0.003942,0.007883
N11,0.107755,0.173722,0.075735,0.125536,0.033843,0.072777,0.021324,0.051281,0.01534,0.04055
N12,0.075828,0.122679,0.05527,0.091842,0.028855,0.055941,0.017356,0.041727,0.010005,0.031661
N13,0.078209,0.179109,0.042253,0.106483,0.01085,0.028116,0.003406,0.009504,0.001624,0.003604
N14,0.045858,0.087801,0.024591,0.050819,0.004225,0.015286,0.001709,0.004724,0.000997,0.002492
N15,0.216185,0.38349,0.158679,0.314618,0.073769,0.187073,0.037963,0.115101,0.021205,0.067165
N16,0.165258,0.38297,0.090777,0.242804,0.023361,0.087171,0.006561,0.035979,0.002632,0.017052
N17,0.200638,0.350343,0.151557,0.289834,0.073137,0.164627,0.039336,0.097783,0.017174,0.060467
N18,0.044569,0.174258,0.021609,0.087112,0.003241,0.023432,0.001519,0.010805,0.00108,0.008407
N19,0.11979,0.21587,0.073473,0.14088,0.024054,0.050108,0.013578,0.024606,0.00579,0.017576
N20,0.047029,0.08116,0.029031,0.048398,0.011132,0.020022,0.005913,0.010973,0.003334,0.007322
N21,0.051827,0.106896,0.030746,0.062413,0.008415,0.020903,0.003003,0.010318,0.001308,0.005441
N22,0.165494,0.256316,0.106298,0.195543,0.020997,0.075648,0.00477,0.026255,0.001427,0.006385
NE1,0.052001,0.171315,0.037836,0.125886,0.019269,0.06642,0.010783,0.041856,0.006955,0.028393
NE2,0.048405,0.121166,0.029743,0.070789,0.010303,0.026355,0.006304,0.016385,0.004832,0.010803
NE3,0.044997,0.104178,0.02298,0.060877,0.005491,0.017095,0.001723,0.006357,0.000735,0.002702
NE4,0.026951,0.067758,0.012979,0.03702,0.002009,0.007136,0.000554,0.002633,0.000185,0.001062
NE5,0.038296,0.082572,0.022436,0.050982,0.004531,0.016538,0.001165,0.004898,0.000541,0.001605
NE6,0.027623,0.096018,0.013454,0.054269,0.003254,0.016066,0.001328,0.008391,0.000598,0.005472
NE7,0.033974,0.095562,0.01837,0.044601,0.006084,0.013629,0.003358,0.007308,0.00158,0.004306
NE8,0.021865,0.079351,0.011874,0.044602,0.003169,0.016421,0.001723,0.005489,0.00124,0.003537
NE9,0.013102,0.040533,0.00669,0.022441,0.001199,0.00736,0.000446,0.003053,0.000251,0.001896
NE10,0.037464,0.092198,0.023189,0.058196,0.007613,0.02439,0.00343,0.012594,0.001857,0.007537
NE11,0.035513,0.095771,0.019695,0.060746,0.00594,0.016189,0.002229,0.007216,0.000835,0.003254
NE12,0.070994,0.125616,0.044245,0.081144,0.010071,0.027873,0.003792,0.009514,0.001839,0.004065
NE13,0.055715,0.096173,0.03458,0.06243,0.010305,0.023395,0.003492,0.009863,0.001388,0.003856
NE15,0.030479,0.062654,0.020026,0.041854,0.006947,0.017291,0.002467,0.009327,0.000929,0.004406
NE16,0.029725,0.051286,0.019401,0.033415,0.00743,0.013325,0.003745,0.007148,0.002074,0.004168
NE17,0.024669,0.039314,0.016096,0.025361,0.006351,0.009321,0.0024,0.00442,0.000971,0.001753
NE18,0.042262,0.071352,0.026659,0.045172,0.008146,0.015606,0.001822,0.004626,0.000807,0.001518
NE19,0.02085,0.039513,0.011564,0.022981,0.003345,0.00719,0.001097,0.002957,0.000437,0.001321
NE20,0.03068,0.056936,0.018506,0.033298,0.005765,0.009944,0.002012,0.003839,0.000836,0.001901
NE21,0.021973,0.056384,0.013724,0.035865,0.004884,0.01245,0.002682,0.005577,0.002224,0.003319
NE22,0.04164,0.073759,0.026007,0.049432,0.009749,0.023467,0.004448,0.012441,0.002026,0.007036
NE23,0.051456,0.102403,0.028922,0.064151,0.007673,0.021578,0.00209,0.008317,0.000824,0.00376
NE24,0.027651,0.061362,0.015344,0.038415,0.00496,0.014124,0.001974,0.005284,0.00096,0.002563
NE25,0.059512,0.116951,0.032875,0.073266,0.008746,0.02197,0.004383,0.009684,0.002064,0.004761
NE26,0.019805,0.03454,0.011598,0.021269,0.00404,0.008462,0.001974,0.004667,0.00103,0.003259
NE27,0.063318,0.101087,0.03802,0.060365,0.009558,0.020473,0.003019,0.006934,0.00145,0.003045
NE28,0.051806,0.077129,0.027657,0.044447,0.008799,0.017022,0.004493,0.009784,0.002601,0.006452
NE29,0.042029,0.080525,0.018493,0.041203,0.003605,0.009759,0.001339,0.004246,0.000769,0.002493
NE30,0.018347,0.040371,0.008856,0.022378,0.00215,0.005961,0.000843,0.002907,0.000562,0.002089
NE31,0.022226,0.079303,0.009509,0.043421,0.00252,0.015444,0.001054,0.00873,0.000367,0.004285
NE32,0.027225,0.098352,0.015893,0.069417,0.007448,0.033764,0.003225,0.021452,0.00098,0.014913
NE33,0.013768,0.047066,0.008225,0.032217,0.002203,0.013741,0.000506,0.00672,8.2e-05,0.003038
NE34,0.019761,0.082862,0.009577,0.054461,0.002043,0.02081,0.000816,0.01007,0.00017,0.005419
NE35,0.01731,0.104454,0.005788,0.065669,0.00119,0.027804,0.000433,0.011197,0.000162,0.004111
NE36,0.036662,0.104078,0.021101,0.069211,0.004614,0.024403,0.001544,0.01168,0.000541,0.006931
NE37,0.036149,0.079546,0.01859,0.047162,0.003874,0.013591,0.000969,0.005671,0.000234,0.002203
NE38,0.039861,0.108609,0.020195,0.063446,0.005471,0.020047,0.002588,0.009643,0.001436,0.005904
NE39,0.035917,0.050809,0.024949,0.034353,0.011572,0.016986,0.00577,0.010058,0.002351,0.006316
NE40,0.01547,0.034594,0.009568,0.023221,0.003598,0.008955,0.001453,0.004483,0.000817,0.002667
NE41,0.034245,0.055758,0.023896,0.037465,0.007643,0.013891,0.002727,0.006656,0.001159,0.003457
NE42,0.026772,0.054409,0.016691,0.034162,0.004865,0.012313,0.001719,0.005737,0.000914,0.003271
NE43,0.022981,0.03809,0.014859,0.025445,0.005465,0.010015,0.002174,0.004687,0.00128,0.002664
NE44,0.025329,0.037536,0.016586,0.024007,0.00409,0.010317,0.001385,0.003711,0.000604,0.001855
NE45,0.025893,0.046435,0.014966,0.030958,0.004619,0.008869,0.00198,0.003549,0.001057,0.001707
NE46,0.023062,0.038383,0.014467,0.024601,0.004266,0.008544,0.001399,0.003326,0.000602,0.001574
NE47,0.026193,0.037796,0.016568,0.023957,0.006286,0.009937,0.002015,0.005199,0.000804,0.002687
NE48,0.023704,0.042155,0.01397,0.025112,0.004291,0.009148,0.001565,0.004103,0.000585,0.001953
NE49,0.032224,0.048527,0.019847,0.030781,0.00582,0.01188,0.001977,0.004696,0.000864,0.00191
NE61,0.031439,0.050873,0.019796,0.033115,0.006652,0.012167,0.002467,0.004995,0.000936,0.002449
NE62,0.037036,0.0624,0.020699,0.038556,0.004665,0.011011,0.001948,0.003682,0.000715,0.00168
NE63,0.044526,0.085397,0.025005,0.055017,0.009332,0.02062,0.002731,0.010189,0.001004,0.004325
NE64,0.007442,0.017788,0.00352,0.011118,0.001017,0.003676,0.000737,0.002224,0.000458,0.001497
NE65,0.018712,0.030037,0.011569,0.018641,0.003822,0.007154,0.001407,0.003139,0.000564,0.001431
NE66,0.020388,0.033002,0.012459,0.020789,0.003824,0.007282,0.001262,0.003031,0.000485,0.001257
NE67,0.031658,0.053652,0.019286,0.034266,0.006217,0.012245,0.002914,0.004951,0.001224,0.002601
NE68,0.012097,0.022809,0.007432,0.014729,0.003457,0.006247,0.002073,0.003788,0.001281,0.002658
NE69,0.014076,0.026999,0.00876,0.017711,0.003023,0.007306,0.001418,0.003504,0.000552,0.001947
NE70,0.035743,0.063017,0.021911,0.03954,0.006648,0.013981,0.002612,0.005544,0.00115,0.002662
NE71,0.018381,0.032791,0.011073,0.020246,0.003258,0.007148,0.001204,0.003089,0.000423,0.001339
NG1,0.078158,0.16118,0.050232,0.114302,0.014089,0.050484,0.006206,0.028764,0.000755,0.021636
NG2,0.026427,0.129208,0.012847,0.070477,0.002332,0.019798,0.000734,0.006655,0.000271,0.002952
NG3,0.017435,0.044964,0.008779,0.022338,0.002931,0.005889,0.000931,0.002397,0.00063,0.001205
NG4,0.026802,0.091757,0.017786,0.060277,0.006951,0.021138,0.004035,0.011725,0.002987,0.00738
NG5,0.019835,0.048469,0.010722,0.032367,0.003398,0.013744,0.001583,0.007141,0.001115,0.00412
NG6,0.02088,0.05783,0.010951,0.030662,0.002531,0.010328,0.000818,0.004468,0.000243,0.001849
NG7,0.03155,0.097823,0.016299,0.053347,0.004056,0.01323,0.0012,0.005696,0.000395,0.002446
NG8,0.024143,0.065181,0.012346,0.039288,0.003095,0.012312,0.001683,0.00526,0.000812,0.002224
NG9,0.022341,0.09014,0.011299,0.050391,0.002793,0.013225,0.001311,0.004735,0.000695,0.002407
NG10,0.019391,0.099241,0.008376,0.047963,0.001932,0.006759,0.000444,0.001541,0.000143,0.000489
NG11,0.044362,0.098909,0.026192,0.059235,0.006726,0.01658,0.001778,0.004928,0.000808,0.002043
NG12,0.037514,0.07736,0.023981,0.046341,0.00818,0.016107,0.003216,0.00693,0.001189,0.003031
NG13,0.051343,0.100855,0.028048,0.054611,0.007885,0.013844,0.002592,0.004811,0.000806,0.002009
NG14,0.023464,0.050953,0.014565,0.031284,0.004668,0.009021,0.002023,0.00358,0.000751,0.001689
NG15,0.016051,0.042399,0.009094,0.024353,0.002997,0.008616,0.001187,0.004613,0.00045,0.002526
NG16,0.030499,0.05899,0.01944,0.037985,0.007195,0.015472,0.003593,0.008682,0.002039,0.005377
NG17,0.022735,0.058415,0.013472,0.036785,0.005427,0.015498,0.002794,0.008176,0.00082,0.005087
NG18,0.016367,0.05013,0.00895,0.0295,0.002238,0.010608,0.000717,0.005042,0.000287,0.002636
NG19,0.011032,0.032054,0.005704,0.017891,0.001375,0.005508,0.000515,0.002385,0.0002,0.001285
NG20,0.010616,0.024937,0.006187,0.015444,0.001791,0.00573,0.000774,0.002524,0.000327,0.001395
NG21,0.009385,0.025975,0.005524,0.016923,0.001764,0.006716,0.00055,0.003236,0.000247,0.001355
NG22,0.020986,0.043663,0.012786,0.026599,0.004894,0.009198,0.002046,0.004247,0.000936,0.001962
NG23,0.041602,0.089373,0.024619,0.051568,0.008049,0.015157,0.003292,0.005935,0.001357,0.002725
NG24,0.037385,0.099105,0.020676,0.055156,0.006498,0.014564,0.002608,0.006336,0.001163,0.002454
NG25,0.022252,0.047247,0.013417,0.027585,0.004757,0.009075,0.00213,0.004032,0.001017,0.002377
NG31,0.019443,0.045073,0.011036,0.025264,0.004096,0.008878,0.002246,0.004874,0.001072,0.00302
NG32,0.033447,0.065399,0.020058,0.038154,0.006452,0.011929,0.002424,0.005056,0.00114,0.002324
NG33,0.019031,0.035542,0.011627,0.023711,0.004686,0.009492,0.002482,0.005012,0.001471,0.0032
NG34,0.043629,0.082624,0.02784,0.049478,0.010565,0.016994,0.004195,0.007152,0.001584,0.003022
NG90,0.014607,0.087522,0.004789,0.034841,0.000479,0.004909,0.000479,0.001078,0.000479,0.001078
NN1,0.058272,0.141929,0.03005,0.088931,0.005962,0.025333,0.002623,0.007976,0.001325,0.003127
NN2,0.019997,0.049432,0.010203,0.027955,0.002347,0.009718,0.001288,0.004553,0.000803,0.002933
NN3,0.021056,0.049225,0.010824,0.027352,0.002135,0.007849,0.000699,0.003078,0.000216,0.001271
NN4,0.069566,0.128823,0.045641,0.090617,0.016882,0.039414,0.008712,0.018701,0.004664,0.01096
NN5,0.051785,0.105841,0.034529,0.076666,0.017574,0.035669,0.01024,0.020154,0.006591,0.013315
NN6,0.028165,0.048992,0.017812,0.030715,0.006774,0.010925,0.002652,0.005284,0.000992,0.002752
NN7,0.032654,0.054838,0.020656,0.033913,0.007221,0.012616,0.003031,0.005877,0.001358,0.003081
NN8,0.052655,0.09653,0.032977,0.061962,0.01309,0.026675,0.008134,0.0162,0.005847,0.010894
NN9,0.021929,0.045088,0.01321,0.027509,0.004678,0.009056,0.002056,0.004145,0.000957,0.002087
NN10,0.028702,0.05943,0.015895,0.036109,0.005905,0.011954,0.003426,0.005977,0.001542,0.003242
NN11,0.040616,0.06509,0.025623,0.043636,0.010237,0.017197,0.004799,0.008277,0.002319,0.004483
NN12,0.031652,0.051559,0.019837,0.032449,0.006645,0.011648,0.0024,0.004534,0.00092,0.001964
NN13,0.020563,0.034889,0.012657,0.020961,0.00439,0.007373,0.001774,0.003567,0.000748,0.001939
NN14,0.025476,0.046174,0.015661,0.030012,0.005657,0.01075,0.002839,0.005377,0.001595,0.003233
NN15,0.034873,0.068636,0.02194,0.045275,0.007502,0.01881,0.004449,0.009816,0.00276,0.006062
NN16,0.0464,0.076789,0.029982,0.052484,0.012287,0.024101,0.006953,0.013692,0.004228,0.008896
NN17,0.03439,0.064606,0.02237,0.042915,0.009809,0.019687,0.005577,0.011306,0.003008,0.007195
NN18,0.051149,0.10884,0.034832,0.081941,0.018855,0.044034,0.011239,0.028634,0.006536,0.020843
NN29,0.014813,0.029684,0.008456,0.016442,0.002587,0.004768,0.000917,0.00201,0.000451,0.001133
NP4,0.0,0.0,0.0,0.0,0.0,0.0,0.0,0.0,0.0,0.0
NP7,0.000341,0.00055,0.000225,0.00035,8.6e-05,0.000144,2.3e-05,6.1e-05,8e-06,2.8e-05
NP8,0.0,0.0,0.0,0.0,0.0,0.0,0.0,0.0,0.0,0.0
NP10,0.0,0.0,0.0,0.0,0.0,0.0,0.0,0.0,0.0,0.0
NP11,0.0,0.0,0.0,0.0,0.0,0.0,0.0,0.0,0.0,0.0
NP12,0.0,0.0,0.0,0.0,0.0,0.0,0.0,0.0,0.0,0.0
NP13,0.0,0.0,0.0,0.0,0.0,0.0,0.0,0.0,0.0,0.0
NP15,0.0,0.0,0.0,0.0,0.0,0.0,0.0,0.0,0.0,0.0
NP16,0.001755,0.004045,0.001063,0.001867,0.000372,0.000679,0.000141,0.00031,6.7e-05,0.00016
NP18,0.0,0.0,0.0,0.0,0.0,0.0,0.0,0.0,0.0,0.0
NP19,0.0,0.0,0.0,0.0,0.0,0.0,0.0,0.0,0.0,0.0
NP20,0.0,0.0,0.0,0.0,0.0,0.0,0.0,0.0,0.0,0.0
NP22,0.0,0.0,0.0,0.0,0.0,0.0,0.0,0.0,0.0,0.0
NP23,0.0,0.0,0.0,0.0,0.0,0.0,0.0,0.0,0.0,0.0
NP24,0.0,0.0,0.0,0.0,0.0,0.0,0.0,0.0,0.0,0.0
NP25,0.000963,0.001395,0.000569,0.000869,0.000135,0.000277,5.1e-05,0.000101,2.6e-05,5.3e-05
NP26,1.4e-05,2e-05,0.0,1.2e-05,0.0,0.0,0.0,0.0,0.0,0.0
NP44,0.0,0.0,0.0,0.0,0.0,0.0,0.0,0.0,0.0,0.0
NR1,0.028463,0.093454,0.014198,0.050178,0.002879,0.011429,0.000835,0.005407,0.000374,0.003561
NR2,0.041601,0.12882,0.018479,0.079155,0.003984,0.022401,0.001412,0.007185,0.000596,0.0032
NR3,0.036546,0.120104,0.019649,0.078286,0.002675,0.028213,0.001209,0.010879,0.000411,0.003729
NR4,0.020864,0.050878,0.010589,0.028176,0.002366,0.00781,0.000942,0.002802,0.000329,0.001271
NR5,0.0171,0.05506,0.008044,0.026629,0.001485,0.006533,0.000513,0.002589,0.000276,0.000749
NR6,0.024981,0.067351,0.010525,0.038279,0.00122,0.007986,0.000579,0.003315,0.000431,0.001849
NR7,0.018723,0.067938,0.007439,0.03493,0.001339,0.008757,0.000713,0.003293,0.000248,0.001598
NR8,0.014718,0.036321,0.007642,0.01977,0.001247,0.004878,0.000334,0.001549,0.000122,0.000694
NR9,0.030566,0.051391,0.020615,0.033096,0.006686,0.012056,0.002121,0.005057,0.000775,0.001629
NR10,0.016149,0.033127,0.009512,0.02052,0.002564,0.006695,0.000716,0.002372,0.000289,0.000985
NR11,0.012146,0.023409,0.007389,0.015053,0.00188,0.004444,0.000571,0.001583,0.000222,0.000712
NR12,0.024328,0.062362,0.014097,0.03482,0.004206,0.008983,0.000937,0.002621,0.00013,0.000643
NR13,0.019075,0.051853,0.008005,0.025526,0.001366,0.004593,0.000318,0.001504,0.000114,0.000635
NR14,0.031588,0.056357,0.019433,0.033892,0.004506,0.008608,0.001348,0.002611,0.000522,0.001082
NR15,0.042632,0.06236,0.028377,0.039449,0.009008,0.012572,0.002682,0.004282,0.000804,0.001578
NR16,0.031302,0.055722,0.019423,0.033632,0.005918,0.009338,0.001674,0.002892,0.000494,0.00099
NR17,0.036593,0.062798,0.024008,0.041001,0.009458,0.014634,0.004812,0.006999,0.002348,0.003915
NR18,0.037866,0.0626,0.024523,0.038738,0.008433,0.012693,0.002626,0.004408,0.000788,0.001624
NR19,0.036418,0.062355,0.024176,0.039331,0.008107,0.01265,0.002802,0.004956,0.001077,0.002467
NR20,0.030321,0.052321,0.019937,0.033446,0.006667,0.011178,0.002246,0.004527,0.000773,0.00197
NR21,0.015508,0.030974,0.009446,0.018655,0.002774,0.005555,0.000959,0.001997,0.00036,0.000838
NR22,0.004452,0.012285,0.002046,0.006986,0.000665,0.002435,0.000282,0.001217,0.000141,0.000706
NR23,0.004063,0.019041,0.002153,0.010656,0.000507,0.002231,0.000199,0.000902,6.7e-05,0.000492
NR24,0.014051,0.025685,0.009144,0.016889,0.002867,0.00583,0.000991,0.002561,0.000437,0.001161
NR25,0.005817,0.016952,0.003161,0.009545,0.000659,0.002544,0.000218,0.000919,8e-05,0.000425
NR26,0.005289,0.014641,0.003013,0.008547,0.001035,0.00338,0.000414,0.002054,0.000276,0.001449
NR27,0.004951,0.012605,0.002837,0.007692,0.000822,0.002536,0.000377,0.001113,0.000173,0.000667
NR28,0.016502,0.038048,0.010329,0.024341,0.002549,0.007448,0.000503,0.002004,0.000111,0.000447
NR29,0.012862,0.039965,0.006881,0.020343,0.001202,0.004202,0.000212,0.000982,2.6e-05,0.000203
NR30,0.008926,0.040661,0.003577,0.018323,0.000566,0.003559,0.000125,0.000908,2.8e-05,0.000189
NR31,0.013726,0.046687,0.006279,0.024169,0.0009,0.006635,0.000271,0.001664,0.000154,0.000488
NR32,0.012969,0.036141,0.006713,0.022314,0.001274,0.007074,0.000391,0.002397,0.000146,0.00079
NR33,0.0165,0.039643,0.008644,0.021412,0.002439,0.00565,0.000833,0.001962,0.000413,0.000962
NR34,0.04742,0.084814,0.02979,0.056422,0.008638,0.016673,0.003039,0.005497,0.001087,0.002265
NR35,0.04819,0.07645,0.030825,0.049918,0.010245,0.016345,0.003681,0.006681,0.001287,0.00305
NW1,0.10971,0.234122,0.072375,0.180516,0.023215,0.091551,0.011157,0.045325,0.005811,0.022111
NW2,0.095471,0.193551,0.054643,0.122194,0.015361,0.046895,0.006975,0.023477,0.002821,0.012849
NW3,0.074021,0.117691,0.053461,0.087077,0.019583,0.042883,0.009125,0.0243,0.004717,0.012436
NW4,0.096072,0.161502,0.063649,0.116647,0.029242,0.057988,0.014942,0.035166,0.009601,0.021071
NW5,0.108022,0.239687,0.072731,0.174791,0.02503,0.081121,0.008459,0.049088,0.003675,0.030438
NW6,0.132617,0.262926,0.091721,0.198323,0.03812,0.09229,0.0211,0.057982,0.010132,0.036481
NW7,0.076172,0.121365,0.048355,0.081649,0.018873,0.035819,0.010927,0.020066,0.006407,0.013063
NW8,0.056796,0.108904,0.031776,0.075667,0.007427,0.031959,0.003652,0.013453,0.001765,0.00694
NW9,0.098933,0.176183,0.05762,0.111672,0.019793,0.03944,0.008715,0.018441,0.006109,0.01155
NW10,0.105963,0.254848,0.062282,0.16447,0.023066,0.066362,0.010895,0.039092,0.006984,0.02405
NW11,0.085815,0.181944,0.042819,0.106915,0.013268,0.036613,0.005792,0.019474,0.003191,0.010638
OL1,0.029203,0.066893,0.016471,0.040752,0.005357,0.013375,0.003392,0.008088,0.001722,0.006209
OL2,0.030469,0.067382,0.017801,0.040665,0.00585,0.014332,0.002693,0.008028,0.001513,0.004407
OL3,0.033678,0.050141,0.02242,0.032163,0.010506,0.015722,0.004994,0.009071,0.001847,0.006693
OL4,0.019964,0.041547,0.01256,0.026021,0.004293,0.011891,0.001851,0.006396,0.001308,0.004458
OL5,0.021018,0.040613,0.011478,0.023862,0.003899,0.007554,0.001937,0.00385,0.000736,0.002183
OL6,0.045683,0.097111,0.030455,0.065093,0.014492,0.027683,0.007997,0.016545,0.004826,0.011919
OL7,0.068812,0.144048,0.045288,0.099874,0.014402,0.046872,0.007186,0.026252,0.003725,0.01757
OL8,0.047648,0.111628,0.028092,0.067911,0.011882,0.028817,0.006432,0.018263,0.004122,0.012968
OL9,0.044152,0.140685,0.023442,0.088125,0.007695,0.032815,0.003231,0.01946,0.001571,0.012944
OL10,0.034476,0.080985,0.01806,0.050263,0.005479,0.017613,0.002283,0.008868,0.001197,0.005398
OL11,0.026625,0.061434,0.014484,0.038559,0.004124,0.012657,0.0017,0.005888,0.000842,0.003051
OL12,0.048253,0.067863,0.036802,0.049338,0.012855,0.027328,0.003676,0.012852,0.002079,0.008915
OL13,0.020871,0.033645,0.013513,0.021203,0.005079,0.008348,0.002508,0.004478,0.001483,0.002594
OL14,0.034435,0.052182,0.022396,0.035002,0.008187,0.01486,0.004206,0.008046,0.002785,0.004889
OL15,0.067336,0.086193,0.045197,0.065998,0.011186,0.036305,0.004772,0.009923,0.002075,0.005744
OL16,0.046762,0.081267,0.034962,0.054904,0.011399,0.030655,0.007592,0.012306,0.00585,0.008614
OX1,0.028535,0.060533,0.01584,0.033768,0.005033,0.00963,0.001577,0.004434,0.000659,0.002309
OX2,0.020864,0.046912,0.010803,0.023691,0.002626,0.005044,0.000807,0.001403,0.000272,0.000548
OX3,0.031996,0.063064,0.015258,0.031601,0.003218,0.005984,0.00104,0.002278,0.000427,0.001274
OX4,0.049808,0.11343,0.023288,0.061054,0.006431,0.019457,0.002092,0.011845,0.001452,0.004167
OX5,0.02971,0.062627,0.015299,0.030307,0.002315,0.005491,0.000391,0.001169,7.6e-05,0.000198
OX7,0.012069,0.020721,0.006875,0.011788,0.002117,0.00355,0.000799,0.001442,0.00036,0.000741
OX9,0.046556,0.090666,0.027766,0.057183,0.008991,0.020796,0.003047,0.008578,0.000763,0.003496
OX10,0.010542,0.026524,0.005591,0.01371,0.001487,0.003279,0.000463,0.001181,0.000142,0.000555
OX11,0.014732,0.035639,0.0077,0.018654,0.001662,0.004789,0.000574,0.00166,0.000212,0.000677
OX12,0.016656,0.030389,0.008137,0.015076,0.002148,0.003382,0.000522,0.00111,0.000202,0.000418
OX13,0.018611,0.040141,0.009293,0.019277,0.002247,0.00376,0.000717,0.001082,0.00026,0.000439
OX14,0.019302,0.047481,0.009776,0.024717,0.002515,0.005066,0.000839,0.001695,0.000295,0.000668
OX15,0.015131,0.02565,0.008898,0.01519,0.002569,0.004557,0.000889,0.001862,0.000372,0.000845
OX16,0.04868,0.113593,0.02648,0.068785,0.007149,0.018966,0.002201,0.007393,0.000796,0.002947
OX17,0.0339,0.053653,0.021765,0.034205,0.00722,0.012755,0.002822,0.005332,0.001272,0.002637
OX18,0.016398,0.034061,0.009043,0.017855,0.001858,0.003674,0.00041,0.001063,0.000123,0.000392
OX20,0.006228,0.013347,0.003418,0.007513,0.000974,0.002065,0.00043,0.000827,0.000175,0.000369
OX25,0.037383,0.070591,0.01774,0.03735,0.003523,0.007035,0.001068,0.002277,0.0004,0.000976
OX26,0.040618,0.078762,0.020371,0.039058,0.006623,0.012336,0.002654,0.006679,0.000693,0.003573
OX27,0.028266,0.053464,0.015132,0.029677,0.003826,0.007492,0.001134,0.002236,0.000473,0.000918
OX28,0.020436,0.056672,0.008955,0.023609,0.001828,0.004536,0.000399,0.001495,0.000116,0.000548
OX29,0.020484,0.038928,0.011379,0.021405,0.002673,0.005771,0.001091,0.001956,0.000628,0.001118
OX33,0.030849,0.05311,0.0159,0.026326,0.003488,0.005677,0.001041,0.001715,0.000411,0.000641
OX39,0.011856,0.021506,0.005756,0.009469,0.001212,0.001905,0.000217,0.00053,9e-05,0.000187
OX44,0.023854,0.041406,0.012965,0.022947,0.00279,0.005162,0.000691,0.001158,0.000168,0.000388
OX49,0.005467,0.0112,0.002833,0.005872,0.000585,0.001346,0.000192,0.000563,8.2e-05,0.000291
PA1,0.0,0.0,0.0,0.0,0.0,0.0,0.0,0.0,0.0,0.0
PA2,0.0,0.0,0.0,0.0,0.0,0.0,0.0,0.0,0.0,0.0
PA3,0.0,0.0,0.0,0.0,0.0,0.0,0.0,0.0,0.0,0.0
PA4,0.0,0.0,0.0,0.0,0.0,0.0,0.0,0.0,0.0,0.0
PA5,0.0,0.0,0.0,0.0,0.0,0.0,0.0,0.0,0.0,0.0
PA6,0.0,0.0,0.0,0.0,0.0,0.0,0.0,0.0,0.0,0.0
PA7,0.0,0.0,0.0,0.0,0.0,0.0,0.0,0.0,0.0,0.0
PA8,0.0,0.0,0.0,0.0,0.0,0.0,0.0,0.0,0.0,0.0
PA9,0.0,0.0,0.0,0.0,0.0,0.0,0.0,0.0,0.0,0.0
PA10,0.0,0.0,0.0,0.0,0.0,0.0,0.0,0.0,0.0,0.0
PA11,0.0,0.0,0.0,0.0,0.0,0.0,0.0,0.0,0.0,0.0
PA12,0.0,0.0,0.0,0.0,0.0,0.0,0.0,0.0,0.0,0.0
PA13,0.0,0.0,0.0,0.0,0.0,0.0,0.0,0.0,0.0,0.0
PA14,0.0,0.0,0.0,0.0,0.0,0.0,0.0,0.0,0.0,0.0
PA15,0.0,0.0,0.0,0.0,0.0,0.0,0.0,0.0,0.0,0.0
PA16,0.0,0.0,0.0,0.0,0.0,0.0,0.0,0.0,0.0,0.0
PA17,0.0,0.0,0.0,0.0,0.0,0.0,0.0,0.0,0.0,0.0
PA18,0.0,0.0,0.0,0.0,0.0,0.0,0.0,0.0,0.0,0.0
PA19,0.0,0.0,0.0,0.0,0.0,0.0,0.0,0.0,0.0,0.0
PA20,0.0,0.0,0.0,0.0,0.0,0.0,0.0,0.0,0.0,0.0
PA21,0.0,0.0,0.0,0.0,0.0,0.0,0.0,0.0,0.0,0.0
PA22,0.0,0.0,0.0,0.0,0.0,0.0,0.0,0.0,0.0,0.0
PA23,0.0,0.0,0.0,0.0,0.0,0.0,0.0,0.0,0.0,0.0
PA24,0.0,0.0,0.0,0.0,0.0,0.0,0.0,0.0,0.0,0.0
PA25,0.0,0.0,0.0,0.0,0.0,0.0,0.0,0.0,0.0,0.0
PA26,0.0,0.0,0.0,0.0,0.0,0.0,0.0,0.0,0.0,0.0
PA27,0.0,0.0,0.0,0.0,0.0,0.0,0.0,0.0,0.0,0.0
PA28,0.0,0.0,0.0,0.0,0.0,0.0,0.0,0.0,0.0,0.0
PA29,0.0,0.0,0.0,0.0,0.0,0.0,0.0,0.0,0.0,0.0
PA30,0.0,0.0,0.0,0.0,0.0,0.0,0.0,0.0,0.0,0.0
PA31,0.0,0.0,0.0,0.0,0.0,0.0,0.0,0.0,0.0,0.0
PA32,0.0,0.0,0.0,0.0,0.0,0.0,0.0,0.0,0.0,0.0
PA33,0.0,0.0,0.0,0.0,0.0,0.0,0.0,0.0,0.0,0.0
PA34,0.0,0.0,0.0,0.0,0.0,0.0,0.0,0.0,0.0,0.0
PA35,0.0,0.0,0.0,0.0,0.0,0.0,0.0,0.0,0.0,0.0
PA36,0.0,0.0,0.0,0.0,0.0,0.0,0.0,0.0,0.0,0.0
PA37,0.0,0.0,0.0,0.0,0.0,0.0,0.0,0.0,0.0,0.0
PA38,0.0,0.0,0.0,0.0,0.0,0.0,0.0,0.0,0.0,0.0
PA41,0.0,0.0,0.0,0.0,0.0,0.0,0.0,0.0,0.0,0.0
PA42,0.0,0.0,0.0,0.0,0.0,0.0,0.0,0.0,0.0,0.0
PA43,0.0,0.0,0.0,0.0,0.0,0.0,0.0,0.0,0.0,0.0
PA44,0.0,0.0,0.0,0.0,0.0,0.0,0.0,0.0,0.0,0.0
PA45,0.0,0.0,0.0,0.0,0.0,0.0,0.0,0.0,0.0,0.0
PA46,0.0,0.0,0.0,0.0,0.0,0.0,0.0,0.0,0.0,0.0
PA47,0.0,0.0,0.0,0.0,0.0,0.0,0.0,0.0,0.0,0.0
PA48,0.0,0.0,0.0,0.0,0.0,0.0,0.0,0.0,0.0,0.0
PA49,0.0,0.0,0.0,0.0,0.0,0.0,0.0,0.0,0.0,0.0
PA60,0.0,0.0,0.0,0.0,0.0,0.0,0.0,0.0,0.0,0.0
PA61,0.0,0.0,0.0,0.0,0.0,0.0,0.0,0.0,0.0,0.0
PA62,0.0,0.0,0.0,0.0,0.0,0.0,0.0,0.0,0.0,0.0
PA63,0.0,0.0,0.0,0.0,0.0,0.0,0.0,0.0,0.0,0.0
PA64,0.0,0.0,0.0,0.0,0.0,0.0,0.0,0.0,0.0,0.0
PA65,0.0,0.0,0.0,0.0,0.0,0.0,0.0,0.0,0.0,0.0
PA66,0.0,0.0,0.0,0.0,0.0,0.0,0.0,0.0,0.0,0.0
PA67,0.0,0.0,0.0,0.0,0.0,0.0,0.0,0.0,0.0,0.0
PA68,0.0,0.0,0.0,0.0,0.0,0.0,0.0,0.0,0.0,0.0
PA69,0.0,0.0,0.0,0.0,0.0,0.0,0.0,0.0,0.0,0.0
PA70,0.0,0.0,0.0,0.0,0.0,0.0,0.0,0.0,0.0,0.0
PA71,0.0,0.0,0.0,0.0,0.0,0.0,0.0,0.0,0.0,0.0
PA72,0.0,0.0,0.0,0.0,0.0,0.0,0.0,0.0,0.0,0.0
PA73,0.0,0.0,0.0,0.0,0.0,0.0,0.0,0.0,0.0,0.0
PA74,0.0,0.0,0.0,0.0,0.0,0.0,0.0,0.0,0.0,0.0
PA75,0.0,0.0,0.0,0.0,0.0,0.0,0.0,0.0,0.0,0.0
PA76,0.0,0.0,0.0,0.0,0.0,0.0,0.0,0.0,0.0,0.0
PA77,0.0,0.0,0.0,0.0,0.0,0.0,0.0,0.0,0.0,0.0
PA78,0.0,0.0,0.0,0.0,0.0,0.0,0.0,0.0,0.0,0.0
PA80,0.0,0.0,0.0,0.0,0.0,0.0,0.0,0.0,0.0,0.0
PE1,0.028715,0.111314,0.012707,0.056046,0.002567,0.012799,0.000752,0.004914,0.000358,0.002384
PE2,0.057287,0.146457,0.027303,0.079436,0.0075,0.025251,0.00334,0.011386,0.001653,0.005994
PE3,0.023262,0.096165,0.009278,0.05123,0.001649,0.011959,0.000327,0.003469,0.000133,0.000934
PE4,0.021201,0.070258,0.009112,0.029764,0.001572,0.006121,0.000259,0.002122,7.6e-05,0.001023
PE5,0.019715,0.049035,0.01185,0.028557,0.00139,0.009071,0.000458,0.001222,0.00029,0.000367
PE6,0.021587,0.055148,0.013264,0.030034,0.002836,0.009059,0.000777,0.002701,0.000327,0.000918
PE7,0.061097,0.13307,0.036643,0.080338,0.012394,0.027695,0.005615,0.012161,0.002635,0.005606
PE8,0.02308,0.043856,0.013561,0.026205,0.004492,0.007979,0.001892,0.003575,0.00072,0.001693
PE9,0.017081,0.035959,0.010087,0.021226,0.003054,0.006959,0.001084,0.002549,0.000436,0.001129
PE10,0.034366,0.08003,0.022183,0.045618,0.007039,0.013486,0.002362,0.004942,0.00075,0.001622
PE11,0.01908,0.060326,0.012039,0.032191,0.001302,0.009238,9.9e-05,0.001851,1.5e-05,0.000278
PE12,0.017007,0.04772,0.00944,0.028367,0.00076,0.00868,8.1e-05,0.001914,1.5e-05,0.000279
PE13,0.024219,0.067454,0.012685,0.036758,0.000941,0.009742,0.000166,0.002091,2.7e-05,0.000281
PE14,0.018869,0.057559,0.010707,0.031444,0.001064,0.008242,0.000133,0.001912,2.6e-05,0.000353
PE15,0.056092,0.121979,0.031722,0.066364,0.010156,0.019975,0.004311,0.008115,0.001796,0.003679
PE16,0.029482,0.080681,0.017836,0.042789,0.005659,0.013272,0.002453,0.005313,0.001172,0.002125
PE19,0.039381,0.07888,0.023963,0.046395,0.009451,0.015035,0.003378,0.006829,0.001376,0.002382
PE20,0.023611,0.060341,0.015334,0.036126,0.002225,0.012575,0.000265,0.003067,4.1e-05,0.000571
PE21,0.018969,0.065327,0.011023,0.032236,0.001996,0.01007,0.00033,0.004138,5.6e-05,0.001411
PE22,0.022927,0.056624,0.014352,0.032575,0.003751,0.011087,0.001136,0.00362,0.000322,0.000983
PE23,0.042905,0.07085,0.027595,0.043627,0.009664,0.015265,0.003349,0.005708,0.001122,0.002068
PE24,0.015335,0.048804,0.009222,0.027879,0.001997,0.008318,0.000678,0.002297,0.00024,0.00069
PE25,0.004957,0.025548,0.001928,0.011715,0.000212,0.002628,6.1e-05,0.000491,0.0,6.7e-05
PE26,0.056368,0.123711,0.033826,0.075993,0.010211,0.024233,0.004335,0.010556,0.001655,0.00481
PE27,0.049476,0.116659,0.028536,0.071807,0.008578,0.019862,0.003097,0.008775,0.000773,0.003911
PE28,0.051975,0.097068,0.03216,0.059188,0.010726,0.018015,0.004322,0.007464,0.00174,0.003455
PE29,0.063692,0.124281,0.037712,0.079782,0.012384,0.02642,0.004516,0.012194,0.001674,0.006869
PE30,0.017581,0.062564,0.008903,0.033889,0.001683,0.009807,0.000311,0.002972,9e-05,0.000894
PE31,0.006777,0.021804,0.00368,0.011895,0.000987,0.003261,0.000331,0.001207,0.000112,0.000514
PE32,0.01918,0.042058,0.012037,0.025145,0.003978,0.007786,0.001239,0.002927,0.000437,0.001157
PE33,0.033876,0.078001,0.021397,0.045098,0.008208,0.015616,0.003246,0.006659,0.000954,0.002701
PE34,0.014582,0.044498,0.009298,0.025943,0.001457,0.008986,0.000239,0.002911,4.5e-05,0.000716
PE35,0.006604,0.019853,0.003899,0.012075,0.001069,0.003878,0.000335,0.001509,4.2e-05,0.000943
PE36,0.004528,0.016348,0.002756,0.010182,0.000906,0.00417,0.000307,0.001923,0.0001,0.000976
PE37,0.008159,0.022667,0.004642,0.012794,0.001345,0.003655,0.000482,0.001494,0.000194,0.000729
PE38,0.043328,0.107069,0.02466,0.053775,0.007892,0.014453,0.002879,0.006128,0.000864,0.002321
PH1,0.0,0.0,0.0,0.0,0.0,0.0,0.0,0.0,0.0,0.0
PH2,0.0,0.0,0.0,0.0,0.0,0.0,0.0,0.0,0.0,0.0
PH3,0.0,0.0,0.0,0.0,0.0,0.0,0.0,0.0,0.0,0.0
PH4,0.0,0.0,0.0,0.0,0.0,0.0,0.0,0.0,0.0,0.0
PH5,0.0,0.0,0.0,0.0,0.0,0.0,0.0,0.0,0.0,0.0
PH6,0.0,0.0,0.0,0.0,0.0,0.0,0.0,0.0,0.0,0.0
PH7,0.0,0.0,0.0,0.0,0.0,0.0,0.0,0.0,0.0,0.0
PH8,0.0,0.0,0.0,0.0,0.0,0.0,0.0,0.0,0.0,0.0
PH9,0.0,0.0,0.0,0.0,0.0,0.0,0.0,0.0,0.0,0.0
PH10,0.0,0.0,0.0,0.0,0.0,0.0,0.0,0.0,0.0,0.0
PH11,0.0,0.0,0.0,0.0,0.0,0.0,0.0,0.0,0.0,0.0
PH12,0.0,0.0,0.0,0.0,0.0,0.0,0.0,0.0,0.0,0.0
PH13,0.0,0.0,0.0,0.0,0.0,0.0,0.0,0.0,0.0,0.0
PH14,0.0,0.0,0.0,0.0,0.0,0.0,0.0,0.0,0.0,0.0
PH15,0.0,0.0,0.0,0.0,0.0,0.0,0.0,0.0,0.0,0.0
PH16,0.0,0.0,0.0,0.0,0.0,0.0,0.0,0.0,0.0,0.0
PH17,0.0,0.0,0.0,0.0,0.0,0.0,0.0,0.0,0.0,0.0
PH18,0.0,0.0,0.0,0.0,0.0,0.0,0.0,0.0,0.0,0.0
PH19,0.0,0.0,0.0,0.0,0.0,0.0,0.0,0.0,0.0,0.0
PH20,0.0,0.0,0.0,0.0,0.0,0.0,0.0,0.0,0.0,0.0
PH21,0.0,0.0,0.0,0.0,0.0,0.0,0.0,0.0,0.0,0.0
PH22,0.0,0.0,0.0,0.0,0.0,0.0,0.0,0.0,0.0,0.0
PH23,0.0,0.0,0.0,0.0,0.0,0.0,0.0,0.0,0.0,0.0
PH24,0.0,0.0,0.0,0.0,0.0,0.0,0.0,0.0,0.0,0.0
PH25,0.0,0.0,0.0,0.0,0.0,0.0,0.0,0.0,0.0,0.0
PH26,0.0,0.0,0.0,0.0,0.0,0.0,0.0,0.0,0.0,0.0
PH30,0.0,0.0,0.0,0.0,0.0,0.0,0.0,0.0,0.0,0.0
PH31,0.0,0.0,0.0,0.0,0.0,0.0,0.0,0.0,0.0,0.0
PH32,0.0,0.0,0.0,0.0,0.0,0.0,0.0,0.0,0.0,0.0
PH33,0.0,0.0,0.0,0.0,0.0,0.0,0.0,0.0,0.0,0.0
PH34,0.0,0.0,0.0,0.0,0.0,0.0,0.0,0.0,0.0,0.0
PH35,0.0,0.0,0.0,0.0,0.0,0.0,0.0,0.0,0.0,0.0
PH36,0.0,0.0,0.0,0.0,0.0,0.0,0.0,0.0,0.0,0.0
PH37,0.0,0.0,0.0,0.0,0.0,0.0,0.0,0.0,0.0,0.0
PH38,0.0,0.0,0.0,0.0,0.0,0.0,0.0,0.0,0.0,0.0
PH39,0.0,0.0,0.0,0.0,0.0,0.0,0.0,0.0,0.0,0.0
PH40,0.0,0.0,0.0,0.0,0.0,0.0,0.0,0.0,0.0,0.0
PH41,0.0,0.0,0.0,0.0,0.0,0.0,0.0,0.0,0.0,0.0
PH42,0.0,0.0,0.0,0.0,0.0,0.0,0.0,0.0,0.0,0.0
PH43,0.0,0.0,0.0,0.0,0.0,0.0,0.0,0.0,0.0,0.0
PH44,0.0,0.0,0.0,0.0,0.0,0.0,0.0,0.0,0.0,0.0
PH49,0.0,0.0,0.0,0.0,0.0,0.0,0.0,0.0,0.0,0.0
PH50,0.0,0.0,0.0,0.0,0.0,0.0,0.0,0.0,0.0,0.0
PL1,0.021711,0.06404,0.012977,0.047348,0.002835,0.022591,0.000563,0.012273,0.000282,0.005969
PL2,0.024995,0.065743,0.015596,0.044503,0.004831,0.014808,0.002179,0.008428,0.001313,0.005619
PL3,0.023369,0.068281,0.014625,0.046174,0.003561,0.016743,0.001532,0.008901,0.000924,0.004011
PL4,0.045398,0.124615,0.026722,0.088451,0.009175,0.03364,0.005166,0.018854,0.003177,0.012708
PL5,0.012356,0.030779,0.006886,0.017596,0.001797,0.005707,0.000798,0.003127,0.000374,0.001926
PL6,0.013422,0.030547,0.007222,0.01833,0.001613,0.005227,0.000777,0.002672,0.000604,0.001882
PL7,0.025259,0.044581,0.017218,0.030118,0.007315,0.013702,0.002022,0.008422,0.000997,0.005632
PL8,0.006137,0.011354,0.003412,0.00675,0.000913,0.001973,0.000353,0.000701,0.000253,0.000442
PL9,0.00667,0.015435,0.003752,0.008978,0.001146,0.002648,0.000483,0.001117,0.000276,0.000654
PL10,0.003389,0.006326,0.001865,0.003664,0.000459,0.001015,0.000171,0.000462,5.4e-05,0.000177
PL11,0.009634,0.01626,0.005842,0.010339,0.001556,0.004084,0.000485,0.001674,0.000275,0.000851
PL12,0.012814,0.021699,0.007822,0.014212,0.002078,0.005151,0.000782,0.002075,0.000494,0.001124
PL13,0.009148,0.015249,0.005466,0.010196,0.001164,0.003802,0.000337,0.001091,0.000149,0.000363
PL14,0.020377,0.038592,0.012332,0.030043,0.002548,0.007784,0.000976,0.003427,0.000482,0.001304
PL15,0.020882,0.038675,0.013444,0.026209,0.004677,0.010053,0.00211,0.004804,0.000658,0.002525
PL16,0.011441,0.020984,0.006942,0.012941,0.001826,0.004514,0.000587,0.001678,0.000296,0.00075
PL17,0.008123,0.016113,0.00432,0.00924,0.000875,0.002211,0.000323,0.000666,0.000149,0.000267
PL18,0.011922,0.026846,0.006084,0.014168,0.001286,0.002909,0.000367,0.000847,0.000174,0.000429
PL19,0.010367,0.01699,0.006171,0.01045,0.002015,0.003826,0.000844,0.001712,0.000431,0.000912
PL20,0.017147,0.027954,0.010409,0.017027,0.003585,0.006587,0.001409,0.002932,0.000496,0.001344
PL21,0.012365,0.020659,0.007515,0.012289,0.00259,0.004598,0.000755,0.002342,0.000282,0.001465
PL22,0.013066,0.021046,0.008889,0.014748,0.003107,0.006131,0.001045,0.003076,0.000334,0.001412
PL23,0.004855,0.008881,0.002983,0.005689,0.000887,0.002122,0.000357,0.000816,0.000187,0.000437
PL24,0.012186,0.027713,0.007411,0.018311,0.001824,0.007673,0.000649,0.003523,0.00044,0.00201
PL25,0.012657,0.031787,0.007393,0.01915,0.002129,0.005495,0.001058,0.002486,0.000701,0.00158
PL26,0.025204,0.047101,0.015385,0.031505,0.00479,0.011544,0.001902,0.005458,0.000844,0.00269
PL27,0.015291,0.027957,0.009839,0.019181,0.003273,0.008585,0.001319,0.004305,0.000587,0.002399
PL28,0.006411,0.013054,0.003679,0.007988,0.000975,0.002821,0.00037,0.00105,0.000155,0.000479
PL29,0.008747,0.015268,0.005801,0.010881,0.001976,0.005413,0.000511,0.002645,0.000163,0.001037
PL30,0.015948,0.029151,0.009908,0.019031,0.003338,0.007495,0.001519,0.003404,0.000843,0.001831
PL31,0.014612,0.033312,0.008331,0.018924,0.001858,0.005775,0.000889,0.001891,0.000417,0.000788
PL32,0.030275,0.047594,0.022514,0.034853,0.009213,0.018428,0.005833,0.009522,0.00465,0.006683
PL33,0.010106,0.017468,0.006735,0.011869,0.002442,0.006108,0.00121,0.003762,0.000834,0.002523
PL34,0.00515,0.010206,0.003035,0.006412,0.001086,0.002266,0.000681,0.001299,0.000494,0.000743
PL35,0.007212,0.011458,0.004617,0.007497,0.001663,0.003078,0.00073,0.00163,0.000309,0.00085
PO1,0.020941,0.082669,0.007346,0.038703,0.001069,0.008168,0.000466,0.001946,0.000137,0.000576
PO2,0.012618,0.045011,0.003634,0.018502,0.000258,0.001863,0.000166,0.000627,0.000166,0.000258
PO3,0.009989,0.045107,0.003022,0.017834,0.000313,0.003067,7.4e-05,0.000849,0.0,0.000402
PO4,0.004718,0.024613,0.000852,0.007974,0.000162,0.000517,2e-05,0.000122,2e-05,8.1e-05
PO5,0.009121,0.034741,0.004195,0.018866,0.000688,0.003442,0.000258,0.001183,0.000172,0.000538
PO6,0.014392,0.049433,0.00549,0.02439,0.000888,0.003591,0.000265,0.001039,0.000151,0.00035
PO7,0.022602,0.039171,0.011208,0.021597,0.002437,0.005089,0.000774,0.002134,0.000373,0.001129
PO8,0.0082,0.019633,0.00417,0.010494,0.001052,0.002754,0.000379,0.001189,0.000187,0.000676
PO9,0.022432,0.044715,0.011483,0.023704,0.002428,0.005327,0.000944,0.002128,0.000415,0.001133
PO10,0.011415,0.027323,0.005178,0.012074,0.000903,0.002522,0.000368,0.000996,0.00015,0.000446
PO11,0.004486,0.013242,0.001761,0.006142,0.000271,0.001022,6.4e-05,0.000226,1.3e-05,3.5e-05
PO12,0.006359,0.023783,0.001584,0.009416,0.000128,0.000883,2.7e-05,0.000257,0.0,5.4e-05
PO13,0.010571,0.027872,0.004555,0.013308,0.000953,0.003304,0.00014,0.001023,5.3e-05,0.000339
PO14,0.013265,0.028333,0.005964,0.012778,0.0012,0.002465,0.000317,0.000749,0.000138,0.000271
PO15,0.039462,0.065232,0.020259,0.034509,0.004912,0.010038,0.002253,0.005126,0.001218,0.003278
PO16,0.023362,0.048788,0.011855,0.026745,0.003189,0.008152,0.001173,0.003955,0.000601,0.002152
PO17,0.030975,0.044496,0.019302,0.028701,0.006167,0.010085,0.002444,0.004579,0.000985,0.002405
PO18,0.007534,0.015602,0.004408,0.009499,0.001317,0.003275,0.000507,0.001477,0.000236,0.000865
PO19,0.016801,0.055559,0.006863,0.025062,0.001005,0.005085,0.000251,0.001738,0.000171,0.000764
PO20,0.011415,0.030526,0.006573,0.017113,0.000814,0.003263,0.000166,0.00071,5.3e-05,0.000179
PO21,0.006068,0.025598,0.002505,0.011067,0.000358,0.001879,4.7e-05,0.000342,0.0,6.8e-05
PO22,0.01286,0.036693,0.006825,0.018935,0.001462,0.004603,0.000266,0.001384,5.8e-05,0.000378
PO30,0.018154,0.02696,0.011243,0.016377,0.003801,0.005771,0.001319,0.002667,0.00054,0.001181
PO31,0.016109,0.02267,0.011239,0.015679,0.005674,0.008142,0.001278,0.00487,0.000496,0.001353
PO32,0.008916,0.014499,0.005153,0.008698,0.001779,0.002931,0.000654,0.001397,0.000307,0.000648
PO33,0.022333,0.033536,0.013231,0.021111,0.004334,0.007182,0.001659,0.002986,0.000742,0.001514
PO34,0.00861,0.01318,0.00648,0.009968,0.002638,0.004493,0.000651,0.001998,0.000397,0.000673
PO35,0.007497,0.01507,0.003993,0.007731,0.000722,0.001876,0.000124,0.000295,7e-06,3.4e-05
PO36,0.020815,0.033266,0.011606,0.019728,0.002305,0.004321,0.000532,0.00125,0.000278,0.000587
PO37,0.006951,0.010435,0.004594,0.00676,0.001519,0.002593,0.000664,0.001383,0.000337,0.00091
PO38,0.006787,0.011482,0.004056,0.006528,0.001147,0.001926,0.000425,0.000777,0.00014,0.000368
PO39,0.001032,0.001858,0.000474,0.000905,0.000176,0.000298,6.7e-05,0.000164,1.2e-05,4.3e-05
PO40,0.004887,0.011266,0.002463,0.006245,0.000363,0.000608,9.5e-05,0.000189,5.5e-05,0.00015
PO41,0.011087,0.01849,0.005897,0.010594,0.001777,0.002722,0.000605,0.00098,0.000153,0.000348
PR1,0.058476,0.134971,0.02972,0.079835,0.007834,0.023631,0.00263,0.010855,0.00169,0.005499
PR2,0.045009,0.084725,0.024453,0.046633,0.006506,0.014388,0.002485,0.006614,0.001376,0.003796
PR3,0.04844,0.074353,0.029241,0.045374,0.008824,0.013864,0.003101,0.005528,0.001225,0.002603
PR4,0.064962,0.108317,0.036886,0.065925,0.007664,0.016725,0.001678,0.004059,0.000437,0.001157
PR5,0.04807,0.082023,0.027839,0.050514,0.010069,0.017131,0.004638,0.008726,0.002665,0.005629
PR6,0.032917,0.048867,0.021105,0.032484,0.008311,0.013161,0.004102,0.006926,0.001898,0.004175
PR7,0.047219,0.076262,0.029484,0.049402,0.009403,0.018947,0.00317,0.008798,0.001268,0.004346
PR8,0.069719,0.116196,0.032344,0.060621,0.005663,0.010967,0.001848,0.00314,0.00088,0.00128
PR9,0.073374,0.147396,0.038835,0.077047,0.010125,0.018406,0.002906,0.004994,0.000481,0.001217
PR25,0.042023,0.087257,0.02218,0.046859,0.005763,0.012669,0.00176,0.005038,0.000511,0.001841
PR26,0.066311,0.123764,0.036027,0.072972,0.007374,0.015541,0.001206,0.003339,0.000187,0.000845
RG1,0.021419,0.083976,0.012006,0.050891,0.002486,0.011581,0.000744,0.004122,0.000149,0.001509
RG2,0.036199,0.085848,0.018315,0.046022,0.003736,0.009574,0.001191,0.003092,0.000559,0.001434
RG4,0.00679,0.025052,0.00371,0.014274,0.001282,0.004198,0.000629,0.00241,0.000409,0.001674
RG5,0.009535,0.050269,0.002969,0.022772,0.000272,0.002279,4.2e-05,0.000481,0.0,0.000146
RG6,0.029247,0.088162,0.013262,0.048931,0.002195,0.009252,0.000691,0.002642,0.000257,0.001341
RG7,0.033037,0.056777,0.019456,0.03357,0.005594,0.010768,0.002193,0.004282,0.001053,0.002113
RG8,0.005657,0.01636,0.00312,0.009259,0.001104,0.003354,0.000545,0.001756,0.000256,0.001099
RG9,0.005975,0.018375,0.003334,0.011286,0.001303,0.003367,0.000762,0.001452,0.000483,0.000878
RG10,0.034621,0.06549,0.018876,0.036557,0.004544,0.009125,0.001222,0.003255,0.000586,0.001233
RG12,0.037312,0.079082,0.020167,0.04711,0.005809,0.01663,0.002264,0.007542,0.001296,0.003888
RG14,0.028409,0.063218,0.016759,0.036639,0.006423,0.013339,0.00298,0.007245,0.001267,0.004534
RG17,0.009064,0.018612,0.005669,0.01174,0.002126,0.004571,0.001112,0.002357,0.000669,0.001498
RG18,0.02309,0.039523,0.014637,0.025587,0.005801,0.010637,0.003095,0.005527,0.001767,0.003434
RG19,0.041291,0.069767,0.023966,0.043502,0.006001,0.012091,0.002584,0.004099,0.001126,0.002248
RG20,0.015206,0.026194,0.008993,0.016589,0.002964,0.005668,0.001283,0.002596,0.0006,0.001377
RG21,0.02848,0.070712,0.01645,0.042105,0.005798,0.014403,0.002971,0.007392,0.000725,0.003207
RG22,0.022037,0.053726,0.010502,0.031081,0.003318,0.010514,0.001045,0.005069,0.000523,0.002018
RG23,0.007597,0.019238,0.004217,0.012144,0.001801,0.005569,0.000768,0.00332,0.000243,0.00213
RG24,0.044726,0.076502,0.024561,0.046227,0.008301,0.015784,0.002879,0.007999,0.000549,0.004481
RG25,0.004493,0.011037,0.002661,0.007147,0.000993,0.002904,0.000417,0.001613,0.000172,0.000939
RG26,0.025917,0.037845,0.015122,0.022535,0.00352,0.006126,0.001142,0.001802,0.000181,0.000397
RG27,0.033803,0.05537,0.018959,0.032404,0.004752,0.008366,0.001504,0.003051,0.000614,0.001296
RG28,0.004893,0.010531,0.003048,0.006339,0.000966,0.002517,0.000424,0.001428,0.000194,0.000892
RG29,0.021385,0.035573,0.012931,0.021148,0.00422,0.007175,0.00113,0.002473,0.00029,0.001042
RG30,0.021453,0.052341,0.012131,0.028122,0.004124,0.00827,0.001465,0.004423,0.000441,0.002083
RG31,0.03238,0.065298,0.019359,0.039989,0.006054,0.010868,0.00284,0.006204,0.001644,0.003902
RG40,0.036064,0.069929,0.01933,0.040165,0.004818,0.011855,0.001546,0.004531,0.000582,0.002143
RG41,0.036032,0.079561,0.018763,0.043232,0.004518,0.009611,0.001359,0.003303,0.00054,0.001674
RG42,0.057943,0.095785,0.031288,0.055484,0.007284,0.012139,0.002097,0.00499,0.000854,0.002247
RG45,0.01414,0.036263,0.006579,0.019738,0.00167,0.006669,0.00051,0.003634,0.000242,0.002002
RH1,0.038703,0.069208,0.022957,0.041667,0.007383,0.015228,0.00292,0.007755,0.001329,0.004461
RH2,0.029978,0.054719,0.016297,0.030617,0.004171,0.008417,0.001196,0.002874,0.000412,0.001352
RH3,0.030788,0.050534,0.019085,0.030146,0.00609,0.011427,0.001944,0.007887,0.001009,0.004237
RH4,0.016817,0.030019,0.008836,0.017808,0.002231,0.004542,0.000976,0.002071,0.000384,0.001175
RH5,0.030225,0.045461,0.020113,0.030234,0.007856,0.013012,0.003514,0.006793,0.00161,0.003913
RH6,0.067202,0.123686,0.037634,0.070618,0.009112,0.017187,0.002866,0.006139,0.001078,0.002616
RH7,0.046626,0.077371,0.025905,0.043039,0.005953,0.010434,0.00164,0.003367,0.000591,0.001541
RH8,0.031305,0.05073,0.018773,0.033,0.005888,0.011804,0.00246,0.005515,0.001053,0.003121
RH9,0.042041,0.068691,0.028981,0.047294,0.012891,0.019655,0.006513,0.011434,0.002935,0.00692
RH10,0.033494,0.058558,0.019704,0.035826,0.006094,0.012254,0.001905,0.004951,0.000784,0.002022
RH11,0.044246,0.081993,0.021492,0.043778,0.005048,0.009999,0.001853,0.003636,0.000628,0.002035
RH12,0.040013,0.057046,0.02614,0.037251,0.00988,0.015499,0.004743,0.007752,0.002478,0.004272
RH13,0.046427,0.063024,0.03172,0.043592,0.012787,0.020173,0.005843,0.010418,0.00288,0.005731
RH14,0.050008,0.066315,0.0339,0.045365,0.013067,0.020549,0.005458,0.009824,0.002377,0.004753
RH15,0.062431,0.093716,0.037648,0.059324,0.011647,0.021657,0.004493,0.009991,0.001544,0.005051
RH16,0.029333,0.045064,0.017834,0.028918,0.005309,0.010299,0.002013,0.004928,0.000947,0.002691
RH17,0.031351,0.043287,0.020655,0.029802,0.00761,0.012818,0.003311,0.006113,0.001473,0.003193
RH18,0.029891,0.041883,0.019648,0.028095,0.007648,0.01156,0.003074,0.005453,0.001357,0.002643
RH19,0.034548,0.04954,0.023988,0.034915,0.010355,0.016475,0.005296,0.00893,0.003006,0.005369
RH20,0.027232,0.04213,0.017631,0.027259,0.005468,0.009388,0.001726,0.003958,0.000619,0.00165
RM1,0.071171,0.139372,0.044308,0.088933,0.017919,0.031793,0.007901,0.016623,0.002275,0.007933
RM2,0.062985,0.13506,0.038532,0.085166,0.012893,0.035124,0.005483,0.013733,0.002174,0.006323
RM3,0.06884,0.127758,0.036894,0.079,0.007504,0.023527,0.002343,0.00788,0.00114,0.003207
RM4,0.037507,0.061962,0.025054,0.039108,0.009773,0.015678,0.004638,0.008268,0.00223,0.004593
RM5,0.060822,0.122293,0.031788,0.070854,0.005016,0.017441,0.001586,0.004367,0.000364,0.001222
RM6,0.059236,0.167485,0.029866,0.097281,0.010492,0.033253,0.005287,0.016379,0.00316,0.008799
RM7,0.046666,0.16486,0.021869,0.090973,0.0075,0.024208,0.00394,0.01184,0.001685,0.009418
RM8,0.05826,0.309208,0.012471,0.156938,0.000224,0.02379,0.00016,0.008154,3.2e-05,0.005596
RM9,0.119747,0.392854,0.067643,0.28477,0.015195,0.145247,0.007425,0.099029,0.003206,0.048989
RM10,0.084613,0.290928,0.048187,0.18954,0.023826,0.112003,0.014382,0.083697,0.007917,0.058216
RM11,0.03863,0.092285,0.018085,0.049376,0.00395,0.011966,0.001685,0.004512,0.00091,0.00153
RM12,0.034241,0.112916,0.020467,0.063644,0.014804,0.02895,0.011386,0.022279,0.00803,0.019252
RM13,0.021668,0.084359,0.010386,0.042914,0.002636,0.013416,0.001239,0.006425,0.000752,0.003975
RM14,0.055999,0.122933,0.031071,0.067153,0.009065,0.018098,0.003812,0.007591,0.001687,0.003772
RM15,0.039671,0.088198,0.019992,0.046113,0.003594,0.01142,0.0012,0.004567,0.00066,0.002748
RM16,0.074411,0.128264,0.039749,0.073978,0.011006,0.021037,0.003846,0.008104,0.001588,0.003165
RM17,0.157669,0.247559,0.079656,0.154557,0.026275,0.062717,0.01431,0.036114,0.005588,0.019021
RM18,0.133019,0.163436,0.080816,0.098235,0.036936,0.041699,0.007909,0.009323,0.00474,0.005403
RM19,0.172824,0.231359,0.098588,0.139954,0.029563,0.040556,0.016358,0.020563,0.011453,0.012679
RM20,0.191987,0.287094,0.101045,0.172588,0.038942,0.06428,0.023777,0.037688,0.018406,0.02399
S1,0.05507,0.192017,0.034769,0.128086,0.013683,0.047556,0.008412,0.020974,0.002916,0.009085
S2,0.026261,0.070635,0.014307,0.040468,0.004741,0.01182,0.00217,0.006144,0.001319,0.003923
S3,0.049606,0.138517,0.026653,0.088461,0.006601,0.026303,0.00195,0.009151,0.0007,0.00385
S4,0.041694,0.174178,0.02146,0.102393,0.004039,0.017461,0.001029,0.004237,0.000317,0.001742
S5,0.023145,0.056397,0.012909,0.032645,0.00468,0.013434,0.002801,0.006828,0.001797,0.004809
S6,0.013889,0.03111,0.008097,0.017184,0.002388,0.006064,0.001164,0.002766,0.000747,0.001544
S7,0.036611,0.080943,0.020654,0.048426,0.006606,0.014142,0.002605,0.008141,0.001209,0.004652
S8,0.023334,0.050251,0.013686,0.028391,0.003502,0.008771,0.001181,0.003543,0.000696,0.001756
S9,0.035058,0.139636,0.019738,0.084407,0.006024,0.022451,0.002281,0.010355,0.00128,0.005928
S10,0.026261,0.047741,0.01908,0.031119,0.004845,0.016865,0.002823,0.005722,0.002106,0.004372
S11,0.011522,0.027441,0.00652,0.014076,0.00168,0.004175,0.000534,0.001661,0.000293,0.000599
S12,0.011638,0.026857,0.006441,0.015294,0.001956,0.004496,0.000925,0.001902,0.000372,0.000935
S13,0.01884,0.057762,0.009277,0.032067,0.002881,0.010308,0.001565,0.006073,0.001205,0.003875
S14,0.019773,0.035661,0.011258,0.01903,0.002686,0.006229,0.000571,0.002229,0.000343,0.001314
S17,0.016675,0.033607,0.009256,0.019473,0.002556,0.006337,0.00087,0.002458,0.00034,0.001112
S18,0.010828,0.021586,0.006854,0.012808,0.002084,0.004533,0.000761,0.00206,0.000399,0.001053
S20,0.018658,0.05405,0.009225,0.031863,0.001726,0.007971,0.000451,0.003419,0.000176,0.001759
S21,0.020803,0.044487,0.013702,0.029754,0.006244,0.013914,0.003602,0.008018,0.002099,0.005869
S25,0.02323,0.052488,0.013089,0.034388,0.003478,0.010336,0.001109,0.003073,0.000457,0.001188
S26,0.019675,0.037924,0.012101,0.025949,0.00388,0.011378,0.001821,0.004476,0.000541,0.00256
S32,0.010332,0.019688,0.006248,0.011677,0.002311,0.004179,0.001289,0.002148,0.001033,0.001499
S33,0.019353,0.029703,0.011716,0.017798,0.004181,0.006922,0.001746,0.003594,0.000897,0.002055
S35,0.014693,0.027724,0.008392,0.016844,0.002781,0.005681,0.001317,0.003008,0.000622,0.001646
S36,0.020957,0.035193,0.013399,0.021781,0.005527,0.010634,0.003293,0.006415,0.002475,0.004114
S40,0.036555,0.081808,0.021906,0.051339,0.008402,0.020142,0.005009,0.010677,0.002747,0.007365
S41,0.029465,0.06448,0.015674,0.040707,0.003967,0.016168,0.00184,0.007791,0.00111,0.004368
S42,0.022231,0.035543,0.013914,0.023736,0.00496,0.00996,0.001803,0.005887,0.001159,0.003157
S43,0.022845,0.048603,0.013483,0.031099,0.00424,0.011507,0.001556,0.005374,0.000653,0.003041
S44,0.02259,0.042074,0.014836,0.028194,0.006387,0.011937,0.003214,0.006202,0.00174,0.003819
S45,0.018371,0.029079,0.011687,0.018838,0.003932,0.00795,0.001446,0.003607,0.000619,0.001923
S60,0.024763,0.080563,0.013083,0.047095,0.003665,0.015574,0.001169,0.007231,0.000485,0.004051
S61,0.022468,0.0507,0.014147,0.031503,0.00523,0.014453,0.002653,0.008112,0.00141,0.005695
S62,0.017695,0.04475,0.009925,0.025536,0.003104,0.008697,0.001406,0.004031,0.000542,0.001919
S63,0.026155,0.071026,0.014814,0.044453,0.004771,0.016206,0.00208,0.007847,0.001359,0.004413
S64,0.021207,0.069022,0.01001,0.03917,0.001889,0.010109,0.000336,0.003462,8.9e-05,0.001187
S65,0.022486,0.065821,0.013913,0.042641,0.005041,0.014701,0.00209,0.00705,0.001202,0.003719
S66,0.017863,0.039028,0.011182,0.025183,0.003338,0.01078,0.001237,0.005149,0.000657,0.002673
S70,0.024216,0.057247,0.013441,0.035203,0.003594,0.009506,0.001593,0.004472,0.000826,0.002768
S71,0.030929,0.074461,0.017993,0.048312,0.005696,0.017988,0.002415,0.008579,0.001152,0.004106
S72,0.017266,0.03859,0.011226,0.025346,0.003497,0.009651,0.001584,0.004683,0.000897,0.002884
S73,0.03193,0.075578,0.019073,0.047485,0.00645,0.017004,0.003553,0.008787,0.002069,0.00551
S74,0.026975,0.05644,0.017553,0.035151,0.006843,0.014722,0.004143,0.009543,0.002578,0.007041
S75,0.01519,0.036106,0.00898,0.02039,0.003225,0.006829,0.001639,0.00349,0.000893,0.002038
S80,0.012926,0.030426,0.007677,0.01886,0.002336,0.006734,0.000679,0.003082,0.000349,0.001402
S81,0.014022,0.031428,0.007883,0.018253,0.001816,0.005016,0.000595,0.001807,0.000211,0.000864
SA1,0.0,0.0,0.0,0.0,0.0,0.0,0.0,0.0,0.0,0.0
SA2,0.0,0.0,0.0,0.0,0.0,0.0,0.0,0.0,0.0,0.0
SA3,0.0,0.0,0.0,0.0,0.0,0.0,0.0,0.0,0.0,0.0
SA4,0.0,0.0,0.0,0.0,0.0,0.0,0.0,0.0,0.0,0.0
SA5,0.0,0.0,0.0,0.0,0.0,0.0,0.0,0.0,0.0,0.0
SA6,0.0,0.0,0.0,0.0,0.0,0.0,0.0,0.0,0.0,0.0
SA7,0.0,0.0,0.0,0.0,0.0,0.0,0.0,0.0,0.0,0.0
SA8,0.0,0.0,0.0,0.0,0.0,0.0,0.0,0.0,0.0,0.0
SA9,0.0,0.0,0.0,0.0,0.0,0.0,0.0,0.0,0.0,0.0
SA10,0.0,0.0,0.0,0.0,0.0,0.0,0.0,0.0,0.0,0.0
SA11,0.0,0.0,0.0,0.0,0.0,0.0,0.0,0.0,0.0,0.0
SA12,0.0,0.0,0.0,0.0,0.0,0.0,0.0,0.0,0.0,0.0
SA13,0.0,0.0,0.0,0.0,0.0,0.0,0.0,0.0,0.0,0.0
SA14,0.0,0.0,0.0,0.0,0.0,0.0,0.0,0.0,0.0,0.0
SA15,0.0,0.0,0.0,0.0,0.0,0.0,0.0,0.0,0.0,0.0
SA16,0.0,0.0,0.0,0.0,0.0,0.0,0.0,0.0,0.0,0.0
SA17,0.0,0.0,0.0,0.0,0.0,0.0,0.0,0.0,0.0,0.0
SA18,0.0,0.0,0.0,0.0,0.0,0.0,0.0,0.0,0.0,0.0
SA19,0.0,0.0,0.0,0.0,0.0,0.0,0.0,0.0,0.0,0.0
SA20,0.0,0.0,0.0,0.0,0.0,0.0,0.0,0.0,0.0,0.0
SA31,0.0,0.0,0.0,0.0,0.0,0.0,0.0,0.0,0.0,0.0
SA32,0.0,0.0,0.0,0.0,0.0,0.0,0.0,0.0,0.0,0.0
SA33,0.0,0.0,0.0,0.0,0.0,0.0,0.0,0.0,0.0,0.0
SA34,0.0,0.0,0.0,0.0,0.0,0.0,0.0,0.0,0.0,0.0
SA35,0.0,0.0,0.0,0.0,0.0,0.0,0.0,0.0,0.0,0.0
SA36,0.0,0.0,0.0,0.0,0.0,0.0,0.0,0.0,0.0,0.0
SA37,0.0,0.0,0.0,0.0,0.0,0.0,0.0,0.0,0.0,0.0
SA38,0.0,0.0,0.0,0.0,0.0,0.0,0.0,0.0,0.0,0.0
SA39,0.0,0.0,0.0,0.0,0.0,0.0,0.0,0.0,0.0,0.0
SA40,0.0,0.0,0.0,0.0,0.0,0.0,0.0,0.0,0.0,0.0
SA41,0.0,0.0,0.0,0.0,0.0,0.0,0.0,0.0,0.0,0.0
SA42,0.0,0.0,0.0,0.0,0.0,0.0,0.0,0.0,0.0,0.0
SA43,0.0,0.0,0.0,0.0,0.0,0.0,0.0,0.0,0.0,0.0
SA44,0.0,0.0,0.0,0.0,0.0,0.0,0.0,0.0,0.0,0.0
SA45,0.0,0.0,0.0,0.0,0.0,0.0,0.0,0.0,0.0,0.0
SA46,0.0,0.0,0.0,0.0,0.0,0.0,0.0,0.0,0.0,0.0
SA47,0.0,0.0,0.0,0.0,0.0,0.0,0.0,0.0,0.0,0.0
SA48,0.0,0.0,0.0,0.0,0.0,0.0,0.0,0.0,0.0,0.0
SA61,0.0,0.0,0.0,0.0,0.0,0.0,0.0,0.0,0.0,0.0
SA62,0.0,0.0,0.0,0.0,0.0,0.0,0.0,0.0,0.0,0.0
SA63,0.0,0.0,0.0,0.0,0.0,0.0,0.0,0.0,0.0,0.0
SA64,0.0,0.0,0.0,0.0,0.0,0.0,0.0,0.0,0.0,0.0
SA65,0.0,0.0,0.0,0.0,0.0,0.0,0.0,0.0,0.0,0.0
SA66,0.0,0.0,0.0,0.0,0.0,0.0,0.0,0.0,0.0,0.0
SA67,0.0,0.0,0.0,0.0,0.0,0.0,0.0,0.0,0.0,0.0
SA68,0.0,0.0,0.0,0.0,0.0,0.0,0.0,0.0,0.0,0.0
SA69,0.0,0.0,0.0,0.0,0.0,0.0,0.0,0.0,0.0,0.0
SA70,0.0,0.0,0.0,0.0,0.0,0.0,0.0,0.0,0.0,0.0
SA71,0.0,0.0,0.0,0.0,0.0,0.0,0.0,0.0,0.0,0.0
SA72,0.0,0.0,0.0,0.0,0.0,0.0,0.0,0.0,0.0,0.0
SA73,0.0,0.0,0.0,0.0,0.0,0.0,0.0,0.0,0.0,0.0
SE1,0.058702,0.221855,0.027274,0.140162,0.005986,0.034989,0.002555,0.011689,0.001806,0.005883
SE2,0.030588,0.117775,0.015474,0.064367,0.003944,0.020713,0.001836,0.009604,0.001024,0.004034
SE3,0.05654,0.136694,0.03179,0.084532,0.010621,0.029129,0.005685,0.015218,0.003774,0.008952
SE4,0.065744,0.174653,0.036758,0.116523,0.01045,0.043427,0.002678,0.019639,0.000525,0.009767
SE5,0.06346,0.17614,0.033531,0.106595,0.006251,0.024631,0.001366,0.006002,0.000621,0.002028
SE6,0.05915,0.161109,0.030279,0.086844,0.006462,0.027994,0.003277,0.013247,0.002608,0.005816
SE7,0.08259,0.171453,0.046103,0.124772,0.013538,0.059435,0.004086,0.03595,0.001321,0.026209
SE8,0.049846,0.203972,0.021664,0.136504,0.003862,0.045501,0.002112,0.017923,0.000302,0.007543
SE9,0.03887,0.093795,0.018544,0.053274,0.003802,0.011743,0.001749,0.004302,0.001043,0.002455
SE10,0.042321,0.163047,0.01963,0.114316,0.004721,0.046499,0.001402,0.013334,0.001002,0.006982
SE11,0.075006,0.322877,0.035238,0.210217,0.006242,0.053662,0.001309,0.014095,0.000503,0.005034
SE12,0.055367,0.142238,0.024985,0.076849,0.004871,0.012931,0.001752,0.005186,0.000876,0.001927
SE13,0.071364,0.199523,0.039975,0.132627,0.011577,0.043821,0.006488,0.023153,0.004468,0.013869
SE14,0.07836,0.244933,0.042833,0.178773,0.015149,0.076215,0.005497,0.038007,0.001877,0.019506
SE15,0.134582,0.334987,0.080027,0.24912,0.013118,0.090386,0.003316,0.027732,0.001115,0.00716
SE16,0.03002,0.190632,0.010869,0.11775,0.002103,0.039433,0.000841,0.01501,0.000485,0.002103
SE17,0.05842,0.28793,0.021575,0.176682,0.002841,0.054248,0.001154,0.014738,0.000266,0.005682
SE18,0.058212,0.13977,0.036725,0.097741,0.011658,0.037365,0.00541,0.019353,0.003261,0.011917
SE19,0.061186,0.109791,0.038451,0.066113,0.010079,0.024079,0.003845,0.010938,0.002352,0.005002
SE20,0.107129,0.228617,0.064998,0.148669,0.019027,0.053535,0.009868,0.025349,0.006677,0.017195
SE21,0.067022,0.155656,0.040806,0.10026,0.013498,0.037451,0.002848,0.014707,0.001053,0.005384
SE22,0.075922,0.159164,0.040409,0.099317,0.008853,0.023543,0.00277,0.006529,0.000692,0.001731
SE23,0.035276,0.140066,0.017718,0.088549,0.005068,0.022626,0.002195,0.005267,0.001476,0.002514
SE24,0.078506,0.217967,0.052218,0.168615,0.016618,0.08001,0.005802,0.033308,0.001934,0.014541
SE25,0.093184,0.181376,0.060017,0.121661,0.019212,0.053248,0.005521,0.020081,0.002118,0.011308
SE26,0.051049,0.137852,0.02905,0.088035,0.009632,0.02851,0.004777,0.012059,0.002774,0.005779
SE27,0.065579,0.131305,0.043523,0.106456,0.015513,0.061168,0.00772,0.038524,0.005367,0.02507
SE28,0.023617,0.102994,0.009983,0.058741,0.001571,0.020543,0.000739,0.004622,0.000231,0.001872
SG1,0.01746,0.072059,0.008853,0.040746,0.00261,0.014842,0.001154,0.008583,0.000573,0.005286
SG2,0.019717,0.045972,0.01154,0.029102,0.004145,0.009461,0.001573,0.004352,0.000551,0.002317
SG3,0.022151,0.043844,0.014171,0.030019,0.006382,0.015278,0.004035,0.008639,0.002537,0.006013
SG4,0.01088,0.026688,0.006484,0.017036,0.001842,0.006503,0.000844,0.002965,0.00045,0.001663
SG5,0.017147,0.04284,0.009987,0.026071,0.002962,0.010411,0.001207,0.004858,0.000743,0.002597
SG6,0.049702,0.11407,0.030551,0.075436,0.010653,0.037498,0.005546,0.022642,0.003888,0.013746
SG7,0.017054,0.038913,0.009415,0.023765,0.00283,0.008747,0.001089,0.004432,0.000524,0.002596
SG8,0.015901,0.03722,0.00952,0.019993,0.002639,0.005146,0.000789,0.001808,0.000281,0.000816
SG9,0.017398,0.035151,0.010719,0.020359,0.003424,0.005402,0.0013,0.002095,0.000493,0.000887
SG10,0.019374,0.037347,0.012512,0.021252,0.004283,0.006614,0.001631,0.002965,0.000857,0.001557
SG11,0.016691,0.032155,0.010597,0.019209,0.003525,0.006118,0.001508,0.002719,0.000726,0.001607
SG12,0.020785,0.043601,0.011919,0.026748,0.002951,0.008148,0.001046,0.003429,0.000463,0.001633
SG13,0.031403,0.05681,0.020145,0.037534,0.008301,0.01632,0.003706,0.008813,0.00206,0.005631
SG14,0.016169,0.039304,0.011058,0.025129,0.004773,0.010375,0.002726,0.005879,0.001827,0.00396
SG15,0.050876,0.129487,0.039949,0.101474,0.020549,0.069389,0.014389,0.051067,0.012423,0.036121
SG16,0.028547,0.074626,0.017152,0.043279,0.005161,0.013183,0.001645,0.005042,0.001025,0.001776
SG17,0.024429,0.05438,0.014844,0.032335,0.003904,0.008484,0.001158,0.002828,0.000403,0.001117
SG18,0.025639,0.064839,0.013958,0.036051,0.003456,0.008303,0.001054,0.002977,0.000227,0.001471
SG19,0.038932,0.085609,0.022992,0.050623,0.007534,0.014475,0.002936,0.005288,0.001385,0.002166
SK1,0.040372,0.10918,0.021722,0.071002,0.006846,0.030016,0.002194,0.011585,0.001009,0.005573
SK2,0.044073,0.128177,0.02283,0.076128,0.004549,0.02137,0.001439,0.006453,0.000487,0.001523
SK3,0.030604,0.130088,0.013419,0.074709,0.002695,0.02197,0.00088,0.009679,0.00033,0.006489
SK4,0.045903,0.140687,0.021116,0.083806,0.004256,0.022449,0.00095,0.009005,0.000219,0.003452
SK5,0.037744,0.093833,0.016429,0.049033,0.002696,0.0119,0.000948,0.004802,0.000316,0.002043
SK6,0.035783,0.066616,0.022905,0.04272,0.008125,0.017624,0.003472,0.010234,0.001883,0.005975
SK7,0.045557,0.105407,0.024459,0.062246,0.00478,0.016788,0.001215,0.006364,0.00031,0.002647
SK8,0.037216,0.126381,0.01909,0.070851,0.004415,0.017472,0.001594,0.007595,0.000646,0.004668
SK9,0.037153,0.082443,0.019461,0.048164,0.003066,0.011308,0.000644,0.002902,0.000216,0.001194
SK10,0.022935,0.045365,0.013154,0.028834,0.003817,0.010087,0.001779,0.004752,0.000993,0.002532
SK11,0.024255,0.045711,0.014961,0.029875,0.004352,0.011814,0.00177,0.005895,0.00076,0.002804
SK12,0.034558,0.067186,0.020996,0.041585,0.00529,0.013533,0.002252,0.005335,0.001109,0.002761
SK13,0.035086,0.052326,0.021255,0.030332,0.007112,0.012337,0.003364,0.006526,0.001731,0.00374
SK14,0.033037,0.062302,0.022385,0.041263,0.010234,0.020405,0.006178,0.013017,0.004147,0.009057
SK15,0.043397,0.073561,0.029228,0.047047,0.013093,0.022802,0.008921,0.014747,0.007112,0.010153
SK16,0.045739,0.128789,0.022746,0.078588,0.003998,0.024667,0.00251,0.008956,0.001642,0.00533
SK17,0.013169,0.025194,0.008253,0.016723,0.003372,0.007795,0.001862,0.004633,0.001244,0.002966
SK22,0.023388,0.034941,0.014611,0.021997,0.004741,0.008979,0.002026,0.004553,0.00077,0.002305
SK23,0.017199,0.027156,0.01061,0.01742,0.004072,0.007278,0.002235,0.00406,0.001462,0.002638
SL0,0.034833,0.072259,0.019061,0.040661,0.006021,0.012785,0.002229,0.006214,0.001223,0.002662
SL1,0.025274,0.078151,0.012757,0.042296,0.002745,0.011116,0.000985,0.004641,0.000644,0.00258
SL2,0.040487,0.092071,0.021781,0.057059,0.007111,0.01805,0.003584,0.008193,0.00235,0.004558
SL3,0.023943,0.065421,0.013018,0.034511,0.003386,0.008175,0.000481,0.003328,0.000172,0.000852
SL4,0.048446,0.094998,0.027804,0.057668,0.009367,0.018056,0.004437,0.008479,0.001853,0.004329
SL5,0.024787,0.048249,0.013809,0.028537,0.003336,0.007868,0.000931,0.002819,0.000342,0.001055
SL6,0.022752,0.056812,0.011588,0.03126,0.00302,0.007996,0.00117,0.003418,0.000358,0.001761
SL7,0.009235,0.036558,0.004829,0.020506,0.001627,0.005212,0.000958,0.002615,0.000583,0.001624
SL8,0.010736,0.045211,0.005175,0.021112,0.000669,0.002188,0.000103,0.000257,2.6e-05,2.6e-05
SL9,0.022705,0.052422,0.013728,0.035061,0.005658,0.016461,0.003168,0.01053,0.001693,0.007139
SM1,0.054375,0.152549,0.03374,0.095875,0.015059,0.035493,0.008449,0.021871,0.005748,0.015749
SM2,0.032256,0.070129,0.022508,0.049188,0.011213,0.027006,0.006349,0.016484,0.004884,0.012475
SM3,0.039296,0.113929,0.021355,0.078084,0.004976,0.034175,0.001489,0.018123,0.000436,0.010932
SM4,0.037282,0.107375,0.015635,0.05956,0.003082,0.013968,0.001212,0.00533,0.000808,0.002501
SM5,0.031803,0.112266,0.017767,0.075056,0.005625,0.027197,0.001766,0.011268,0.000583,0.006171
SM6,0.019075,0.080361,0.009392,0.046834,0.001937,0.011953,0.000729,0.004498,0.000396,0.002499
SM7,0.005496,0.015875,0.002576,0.00825,0.00051,0.001364,0.000204,0.000612,0.000128,0.000268
SN1,0.104252,0.191511,0.071721,0.139997,0.028321,0.073596,0.014294,0.042902,0.008286,0.026484
SN2,0.070327,0.131257,0.038232,0.083918,0.013924,0.033165,0.007566,0.016256,0.00422,0.009676
SN3,0.084411,0.149231,0.0519,0.103723,0.015464,0.042517,0.007325,0.015906,0.004083,0.007871
SN4,0.021897,0.036526,0.012959,0.021427,0.0037,0.006289,0.00123,0.002419,0.000403,0.001037
SN5,0.0642,0.114707,0.039832,0.075773,0.014307,0.02946,0.007961,0.016136,0.004769,0.010194
SN6,0.040312,0.072037,0.021849,0.040248,0.005175,0.009387,0.001291,0.002981,0.000239,0.001008
SN7,0.048756,0.085041,0.025804,0.048513,0.004598,0.008899,0.00096,0.001691,0.000192,0.000548
SN8,0.005695,0.011938,0.003629,0.007242,0.001222,0.002616,0.000551,0.001239,0.00027,0.000607
SN9,0.006732,0.013738,0.003841,0.008352,0.000892,0.002415,0.000372,0.001141,0.000172,0.000625
SN10,0.017304,0.030108,0.009714,0.017384,0.002168,0.0046,0.000715,0.001651,0.000305,0.000809
SN11,0.018391,0.029774,0.010735,0.017297,0.00283,0.004792,0.000853,0.00171,0.000292,0.000739
SN12,0.039758,0.068901,0.022279,0.040267,0.005209,0.010521,0.001308,0.003589,0.000461,0.001752
SN13,0.010155,0.01953,0.005109,0.012077,0.001392,0.003806,0.000623,0.001912,0.000335,0.001104
SN14,0.009236,0.016864,0.005397,0.009469,0.001496,0.002907,0.000509,0.001087,0.000255,0.000458
SN15,0.039,0.065299,0.022328,0.036741,0.005666,0.009861,0.001538,0.003375,0.000552,0.001411
SN16,0.031629,0.053071,0.018042,0.031458,0.004748,0.00841,0.001688,0.003306,0.000338,0.001532
SN25,0.059953,0.100379,0.0351,0.062292,0.014327,0.023264,0.009471,0.013831,0.006636,0.009191
SN26,0.03973,0.07662,0.021252,0.039571,0.00593,0.012006,0.002628,0.005653,0.00136,0.002945
SO14,0.018617,0.066205,0.006565,0.032345,0.001584,0.007002,0.000528,0.001791,0.000161,0.000505
SO15,0.027081,0.088391,0.012507,0.042645,0.001816,0.008136,0.000812,0.001905,0.000473,0.001137
SO16,0.026355,0.055397,0.01424,0.029408,0.003733,0.008771,0.001823,0.004046,0.001036,0.002417
SO17,0.051661,0.105898,0.031521,0.073955,0.012131,0.032177,0.006651,0.019859,0.004028,0.014566
SO18,0.020835,0.049968,0.009438,0.023531,0.001942,0.004848,0.000433,0.001621,0.000257,0.00053
SO19,0.019195,0.040761,0.010829,0.02461,0.003648,0.00976,0.000871,0.005682,0.000267,0.003219
SO20,0.003448,0.009013,0.001833,0.00469,0.000367,0.00118,0.000101,0.000437,3.1e-05,0.000206
SO21,0.005888,0.011651,0.003439,0.006987,0.000974,0.002683,0.000358,0.001402,0.000132,0.000704
SO22,0.005845,0.015867,0.00321,0.009905,0.000804,0.004132,0.000301,0.002491,9.2e-05,0.001314
SO23,0.013271,0.036691,0.006995,0.020869,0.001457,0.005923,0.000604,0.002321,0.000177,0.001301
SO24,0.003093,0.007243,0.001848,0.003975,0.000599,0.001133,0.00018,0.000529,3.8e-05,0.000217
SO30,0.030946,0.050571,0.017391,0.029053,0.004581,0.008279,0.001496,0.003319,0.000442,0.001414
SO31,0.020072,0.032549,0.011306,0.020457,0.003782,0.007136,0.001726,0.003564,0.000878,0.002124
SO32,0.014909,0.023987,0.00892,0.014894,0.002477,0.004609,0.00086,0.001789,0.000384,0.000864
SO40,0.038672,0.06778,0.020959,0.037712,0.004683,0.009677,0.001077,0.003257,0.000245,0.001021
SO41,0.007365,0.017166,0.00354,0.008184,0.000716,0.001614,0.000286,0.000642,8e-05,0.000274
SO42,0.021563,0.037682,0.01088,0.020476,0.002228,0.005451,0.000759,0.002327,0.000183,0.000901
SO43,0.027625,0.042068,0.016596,0.02636,0.005157,0.009028,0.001799,0.003675,0.000671,0.001609
SO45,0.012164,0.027267,0.005651,0.013556,0.000992,0.003013,0.000307,0.000976,0.000133,0.000535
SO50,0.033311,0.0619,0.018849,0.032662,0.003738,0.008176,0.000942,0.002147,0.00033,0.000896
SO51,0.027494,0.046746,0.016501,0.02822,0.004381,0.008935,0.001356,0.003123,0.000522,0.001283
SO52,0.046213,0.073521,0.027881,0.046328,0.008173,0.016537,0.003361,0.007658,0.001585,0.004488
SO53,0.032127,0.059515,0.016821,0.030794,0.003696,0.008313,0.001382,0.003272,0.000388,0.0016
SP1,0.00972,0.035788,0.004681,0.017107,0.001229,0.003797,0.0004,0.001491,6.9e-05,0.000497
SP2,0.005111,0.019134,0.00242,0.009096,0.000552,0.001641,0.000151,0.000545,5e-05,0.000256
SP3,0.007967,0.01514,0.005046,0.009332,0.001632,0.003334,0.000686,0.001655,0.000315,0.000942
SP4,0.004094,0.01162,0.002158,0.006425,0.000608,0.002178,0.0002,0.001133,5.7e-05,0.000619
SP5,0.008439,0.016308,0.004952,0.009715,0.001463,0.003016,0.000529,0.001386,0.000206,0.000674
SP6,0.011205,0.022726,0.006144,0.012901,0.001492,0.003368,0.000542,0.00114,0.00019,0.000545
SP7,0.027802,0.045156,0.01686,0.028404,0.005927,0.009793,0.002588,0.004246,0.001026,0.002089
SP8,0.026613,0.047922,0.014997,0.027122,0.004535,0.008484,0.001805,0.003449,0.000711,0.001746
SP9,0.003694,0.010517,0.001829,0.005599,0.000388,0.001693,0.000144,0.000799,4.1e-05,0.000339
SP10,0.015873,0.043881,0.007437,0.02263,0.00103,0.005847,0.00024,0.002119,9e-05,0.00069
SP11,0.003995,0.010779,0.002126,0.005854,0.000613,0.001682,0.000246,0.000822,9.3e-05,0.000463
SR1,0.005284,0.026739,0.002494,0.01357,0.000698,0.003805,0.000148,0.001416,0.000148,0.000423
SR2,0.010339,0.036774,0.005272,0.022061,0.001269,0.00804,0.000395,0.004374,0.000297,0.002513
SR3,0.031353,0.073807,0.018621,0.04756,0.006593,0.018881,0.002963,0.009981,0.001438,0.006564
SR4,0.014633,0.049858,0.007222,0.029356,0.002079,0.011268,0.00085,0.006048,0.000257,0.003711
SR5,0.034162,0.099707,0.017955,0.057342,0.004517,0.016944,0.001578,0.007768,0.00086,0.004016
SR6,0.012054,0.040839,0.006055,0.024999,0.001513,0.008687,0.000544,0.003756,0.000114,0.001787
SR7,0.028277,0.049807,0.020685,0.034562,0.010223,0.0178,0.005095,0.01121,0.002823,0.007468
SR8,0.020164,0.043636,0.013127,0.02716,0.004637,0.01089,0.002104,0.00593,0.001236,0.003946
SS0,0.012712,0.040162,0.004643,0.019861,0.000609,0.002826,0.00016,0.000689,9e-05,0.00023
SS1,0.012376,0.050751,0.006097,0.035953,0.00196,0.011758,0.000732,0.005043,0.000253,0.002517
SS2,0.025272,0.086993,0.009548,0.05101,0.001279,0.01369,0.00016,0.00513,0.000116,0.001831
SS3,0.005147,0.020811,0.002631,0.013005,0.000412,0.003107,0.000117,0.000752,3.1e-05,0.000274
SS4,0.044196,0.119785,0.027295,0.081262,0.009572,0.032261,0.00395,0.016582,0.001841,0.009188
SS5,0.050846,0.201155,0.026751,0.145195,0.006706,0.047263,0.002283,0.02081,0.00103,0.009971
SS6,0.049766,0.184684,0.024177,0.119213,0.007161,0.047703,0.003676,0.02575,0.002314,0.015965
SS7,0.052613,0.18128,0.025839,0.115054,0.005643,0.045077,0.001091,0.021354,0.000211,0.012582
SS8,0.050709,0.127572,0.02738,0.074274,0.00656,0.023918,0.001236,0.010106,0.000422,0.004262
SS9,0.036684,0.086615,0.018181,0.056127,0.002125,0.019375,0.000846,0.007525,0.000245,0.003555
SS11,0.095467,0.24062,0.066204,0.183465,0.025457,0.092881,0.008469,0.051741,0.002945,0.030333
SS12,0.113445,0.254974,0.085641,0.198274,0.043426,0.109665,0.024127,0.066224,0.012388,0.040369
SS13,0.05956,0.254887,0.028724,0.17504,0.005397,0.062519,0.001674,0.023375,0.000992,0.012533
SS14,0.080662,0.285334,0.048235,0.185618,0.017325,0.070412,0.006792,0.029516,0.003917,0.013744
SS15,0.052427,0.267682,0.027498,0.174807,0.007827,0.068592,0.001242,0.034662,0.00051,0.020913
SS16,0.052518,0.207112,0.024062,0.13089,0.004705,0.046707,0.001799,0.020105,0.000974,0.009597
SS17,0.064821,0.128556,0.04009,0.082221,0.016828,0.032327,0.006998,0.014834,0.003792,0.00819
ST1,0.032239,0.098292,0.017115,0.059805,0.004256,0.018709,0.001666,0.008838,0.00067,0.005017
ST2,0.037338,0.078274,0.023659,0.048869,0.009384,0.019225,0.004165,0.010587,0.002137,0.005895
ST3,0.033943,0.079768,0.020405,0.050379,0.006793,0.020507,0.003557,0.011588,0.002009,0.0075
ST4,0.030553,0.098149,0.018101,0.058039,0.005113,0.019455,0.00229,0.009216,0.001554,0.005449
ST5,0.02851,0.061037,0.017326,0.040288,0.006719,0.016832,0.003673,0.009441,0.002203,0.006188
ST6,0.034034,0.080412,0.022208,0.054223,0.007883,0.024467,0.003673,0.013266,0.001768,0.008936
ST7,0.040648,0.072397,0.023543,0.044508,0.007769,0.016647,0.003136,0.00804,0.001611,0.004802
ST8,0.028328,0.053484,0.019351,0.036624,0.008521,0.01794,0.004555,0.010963,0.002569,0.007566
ST9,0.024351,0.046268,0.014356,0.029791,0.003672,0.009421,0.001287,0.003449,0.000374,0.001517
ST10,0.018134,0.032168,0.011311,0.020564,0.004334,0.008145,0.001988,0.004271,0.001015,0.002514
ST11,0.016857,0.035662,0.009441,0.02032,0.002528,0.006113,0.000948,0.002586,0.000464,0.001309
ST12,0.027808,0.062605,0.017881,0.042491,0.006642,0.017852,0.003112,0.008213,0.000994,0.004899
ST13,0.015961,0.033279,0.009619,0.020102,0.003146,0.007123,0.001553,0.003325,0.000879,0.00189
ST14,0.030645,0.057836,0.018852,0.034085,0.005589,0.010581,0.002099,0.004197,0.000965,0.002208
ST15,0.027873,0.057911,0.016858,0.037005,0.004545,0.012057,0.00154,0.004382,0.000643,0.001872
ST16,0.045132,0.123916,0.02375,0.074996,0.00717,0.021904,0.002795,0.00813,0.000459,0.003276
ST17,0.018319,0.04262,0.010237,0.023316,0.002735,0.00616,0.000906,0.002294,0.000362,0.001013
ST18,0.029782,0.062519,0.01772,0.038454,0.005428,0.011492,0.002015,0.004626,0.000835,0.002149
ST19,0.031374,0.065079,0.019144,0.038093,0.005272,0.011129,0.001649,0.004503,0.000575,0.002219
ST20,0.02813,0.055814,0.016594,0.034931,0.003986,0.010598,0.001004,0.004075,0.00027,0.001505
ST21,0.01562,0.037792,0.008754,0.023331,0.002024,0.006432,0.000605,0.001806,0.000154,0.000552
SW1A,0.07113,0.186991,0.06178,0.148676,0.030615,0.054631,0.008066,0.031532,0.003483,0.026399
SW1E,0.077859,0.259755,0.059737,0.216127,0.024834,0.112762,0.006712,0.044299,0.002014,0.013424
SW1H,0.141363,0.249068,0.114436,0.198207,0.067316,0.121916,0.060584,0.110697,0.045625,0.05834
SW1P,0.189113,0.277,0.147755,0.231139,0.06087,0.132913,0.028684,0.069375,0.019678,0.033353
SW1V,0.177686,0.303891,0.1069,0.224569,0.042813,0.112679,0.018254,0.050036,0.011031,0.01983
SW1W,0.098579,0.202204,0.051182,0.131919,0.012795,0.047938,0.006668,0.027753,0.005407,0.009191
SW1X,0.07834,0.19719,0.039406,0.140129,0.007566,0.053593,0.002049,0.020176,0.000788,0.008985
SW1Y,0.094386,0.165828,0.062577,0.133497,0.035982,0.062577,0.023466,0.041718,0.007822,0.032331
SW2,0.037391,0.119004,0.018245,0.068891,0.0045,0.017795,0.001759,0.005155,0.000655,0.002618
SW3,0.059004,0.209205,0.032824,0.149568,0.00957,0.052044,0.001503,0.021039,0.000791,0.005853
SW4,0.05628,0.157164,0.028763,0.098136,0.004894,0.031982,0.001631,0.011333,0.000687,0.003263
SW5,0.036658,0.249883,0.019956,0.185026,0.001085,0.035574,0.000868,0.010195,0.0,0.00846
SW6,0.034997,0.187262,0.015356,0.106859,0.003623,0.026255,0.00138,0.007822,0.000431,0.003508
SW7,0.080066,0.225703,0.037505,0.177579,0.009524,0.045933,0.004045,0.017615,0.001854,0.005984
SW8,0.120157,0.378555,0.068212,0.286719,0.017197,0.124368,0.001906,0.049552,0.000621,0.014671
SW9,0.084534,0.296187,0.046791,0.210788,0.011294,0.072721,0.004149,0.025412,0.001095,0.007491
SW10,0.037092,0.193152,0.014018,0.124922,0.002977,0.025555,0.000868,0.007567,0.000496,0.002729
SW11,0.087833,0.284259,0.058323,0.21986,0.018026,0.120687,0.009565,0.056491,0.004216,0.023841
SW12,0.095438,0.208206,0.061066,0.151676,0.020414,0.078223,0.00663,0.046236,0.001512,0.022856
SW13,0.054545,0.235286,0.023159,0.122236,0.002177,0.027729,0.000609,0.004745,0.000261,0.000522
SW14,0.039901,0.206186,0.016019,0.143731,0.004324,0.054102,0.001572,0.009533,0.000541,0.003931
SW15,0.049922,0.156064,0.026165,0.100493,0.006918,0.036178,0.002963,0.016614,0.001336,0.007355
SW16,0.055132,0.13388,0.031308,0.083436,0.009464,0.027766,0.004324,0.013492,0.001441,0.00771
SW17,0.054065,0.199867,0.025243,0.115697,0.004999,0.030461,0.001748,0.010955,0.00071,0.004508
SW18,0.059488,0.199821,0.028297,0.120177,0.004634,0.042838,0.001349,0.019739,0.000539,0.008705
SW19,0.047701,0.136799,0.026377,0.077116,0.005906,0.019196,0.003095,0.008341,0.001878,0.005007
SW20,0.083368,0.245639,0.038891,0.179351,0.002887,0.068827,0.000615,0.025393,0.000294,0.003555
SY1,0.051943,0.118972,0.025555,0.068984,0.006696,0.02069,0.001954,0.009703,0.000574,0.004441
SY2,0.020849,0.059764,0.00864,0.032692,0.001757,0.008237,0.000366,0.003661,0.00011,0.00183
SY3,0.027038,0.063467,0.014326,0.037748,0.002628,0.011052,0.000711,0.00347,0.000229,0.001015
SY4,0.027009,0.056071,0.01509,0.032497,0.003611,0.008634,0.001063,0.002838,0.000317,0.001055
SY5,0.022919,0.043637,0.013977,0.026647,0.004123,0.00896,0.001377,0.003611,0.000518,0.001542
SY6,0.013724,0.02544,0.008245,0.0151,0.002681,0.005317,0.001038,0.0024,0.000408,0.001221
SY7,0.011283,0.018577,0.006584,0.010966,0.001654,0.003468,0.000501,0.001305,0.000212,0.000572
SY8,0.016114,0.029299,0.009665,0.016978,0.002952,0.005573,0.001065,0.00231,0.000452,0.00113
SY9,0.011013,0.021308,0.006064,0.011981,0.00126,0.002993,0.000383,0.001016,0.00013,0.000355
SY10,0.008364,0.016311,0.004821,0.009776,0.00118,0.00294,0.000364,0.000996,0.000159,0.00045
SY11,0.035434,0.072792,0.019839,0.043378,0.004405,0.011454,0.00122,0.003703,0.000339,0.00136
SY12,0.033537,0.06405,0.020188,0.040429,0.005795,0.01383,0.001643,0.005562,0.0005,0.002304
SY13,0.032127,0.05855,0.019115,0.037717,0.004504,0.011964,0.001355,0.003728,0.000527,0.00148
SY14,0.03042,0.049515,0.018144,0.029273,0.004493,0.008887,0.001323,0.003071,0.000543,0.001451
SY15,0.009893,0.017568,0.005715,0.010588,0.00155,0.003161,0.00046,0.001087,0.000178,0.00043
SY16,0.000111,0.000161,5.7e-05,8.6e-05,1e-05,2.3e-05,4e-06,8e-06,3e-06,4e-06
SY17,0.0,0.0,0.0,0.0,0.0,0.0,0.0,0.0,0.0,0.0
SY18,0.0,0.0,0.0,0.0,0.0,0.0,0.0,0.0,0.0,0.0
SY19,0.0,0.0,0.0,0.0,0.0,0.0,0.0,0.0,0.0,0.0
SY20,0.0,0.0,0.0,0.0,0.0,0.0,0.0,0.0,0.0,0.0
SY21,0.000779,0.001485,0.000475,0.00086,0.000146,0.000296,4e-05,0.000116,7e-06,5.1e-05
SY22,0.000562,0.001379,0.000255,0.000687,4.8e-05,0.000183,1.4e-05,5.6e-05,6e-06,1.2e-05
SY23,0.0,0.0,0.0,0.0,0.0,0.0,0.0,0.0,0.0,0.0
SY24,0.0,0.0,0.0,0.0,0.0,0.0,0.0,0.0,0.0,0.0
SY25,0.0,0.0,0.0,0.0,0.0,0.0,0.0,0.0,0.0,0.0
TA1,0.054874,0.123917,0.027349,0.071323,0.00647,0.015035,0.002051,0.004792,0.000592,0.00136
TA2,0.024682,0.044446,0.014638,0.027287,0.004068,0.008454,0.001107,0.003219,0.000353,0.001336
TA3,0.041007,0.076005,0.023634,0.045203,0.006415,0.011147,0.002162,0.003977,0.001033,0.002006
TA4,0.014932,0.021866,0.009418,0.013572,0.002551,0.004346,0.000845,0.001646,0.000376,0.000719
TA5,0.035331,0.058775,0.023158,0.038564,0.008305,0.013672,0.003801,0.006259,0.001297,0.003503
TA6,0.032731,0.083693,0.018358,0.046869,0.004499,0.011748,0.001307,0.003378,0.000321,0.001236
TA7,0.071404,0.148003,0.041412,0.079115,0.008201,0.015592,0.001523,0.003906,0.00034,0.000965
TA8,0.003738,0.015151,0.001543,0.008025,0.000118,0.000999,5e-06,7.3e-05,5e-06,1.1e-05
TA9,0.032922,0.087846,0.015562,0.050205,0.00168,0.006815,0.000315,0.000754,5.3e-05,0.000183
TA10,0.057139,0.12362,0.03432,0.070001,0.007477,0.016961,0.001677,0.003253,0.000402,0.00096
TA11,0.034938,0.07314,0.020877,0.038893,0.004932,0.009691,0.000909,0.002292,0.000211,0.000617
TA12,0.049496,0.112416,0.026113,0.068981,0.005962,0.014417,0.001531,0.003421,0.000238,0.001119
TA13,0.030611,0.064974,0.017242,0.041255,0.004625,0.008346,0.001446,0.002629,0.000444,0.000911
TA14,0.022207,0.044647,0.012457,0.027943,0.003263,0.00865,0.001088,0.003457,0.000479,0.001139
TA15,0.012893,0.02126,0.008215,0.012741,0.003423,0.005477,0.00213,0.003841,0.000494,0.002092
TA16,0.024127,0.040013,0.012992,0.022397,0.001573,0.003492,0.000503,0.001038,0.000377,0.000503
TA17,0.025108,0.036197,0.018414,0.027192,0.00717,0.012268,0.00324,0.00561,0.001191,0.00268
TA18,0.023301,0.039247,0.014871,0.02558,0.005275,0.010747,0.002871,0.006217,0.001795,0.004506
TA19,0.029585,0.052383,0.01788,0.031787,0.005303,0.010143,0.001956,0.004217,0.000737,0.002046
TA20,0.013929,0.022379,0.008483,0.013692,0.002685,0.004906,0.001042,0.002324,0.000514,0.001407
TA21,0.022672,0.034497,0.014576,0.021748,0.005708,0.009107,0.002507,0.004932,0.001227,0.002879
TA22,0.011066,0.016562,0.006368,0.010373,0.001703,0.003459,0.000736,0.001527,0.000366,0.000899
TA23,0.013767,0.021272,0.00814,0.012642,0.002273,0.004023,0.000941,0.00152,0.000501,0.000754
TA24,0.012594,0.018424,0.00794,0.011581,0.00282,0.004598,0.001004,0.00209,0.000363,0.000934
TD1,0.0,0.0,0.0,0.0,0.0,0.0,0.0,0.0,0.0,0.0
TD2,0.0,0.0,0.0,0.0,0.0,0.0,0.0,0.0,0.0,0.0
TD3,0.0,0.0,0.0,0.0,0.0,0.0,0.0,0.0,0.0,0.0
TD4,0.0,0.0,0.0,0.0,0.0,0.0,0.0,0.0,0.0,0.0
TD5,0.000582,0.000875,0.000415,0.000627,7.3e-05,0.000202,1.6e-05,5.5e-05,3e-06,2.1e-05
TD6,0.0,0.0,0.0,0.0,0.0,0.0,0.0,0.0,0.0,0.0
TD7,0.0,0.0,0.0,0.0,0.0,0.0,0.0,0.0,0.0,0.0
TD8,0.000126,0.000408,7.4e-05,0.000203,2.1e-05,7.8e-05,0.0,4.6e-05,0.0,2.2e-05
TD9,0.000979,0.001751,0.000578,0.00095,0.000149,0.000368,4.8e-05,0.000155,1.8e-05,6.4e-05
TD10,0.0,0.0,0.0,0.0,0.0,0.0,0.0,0.0,0.0,0.0
TD11,0.0,0.0,0.0,0.0,0.0,0.0,0.0,0.0,0.0,0.0
TD12,0.01796,0.029399,0.012085,0.020638,0.003942,0.0081,0.001504,0.003178,0.000494,0.001396
TD13,0.0,0.0,0.0,0.0,0.0,0.0,0.0,0.0,0.0,0.0
TD14,0.0,0.0,0.0,0.0,0.0,0.0,0.0,0.0,0.0,0.0
TD15,0.023367,0.042713,0.01556,0.028368,0.006134,0.011858,0.002963,0.005902,0.001475,0.003371
TF1,0.039454,0.127086,0.021983,0.078768,0.005863,0.02714,0.002015,0.013624,0.00136,0.006518
TF2,0.025141,0.068041,0.011391,0.039218,0.002936,0.011391,0.001177,0.005507,0.000667,0.002535
TF3,0.040927,0.108359,0.021076,0.067182,0.00561,0.02425,0.002575,0.011499,0.001197,0.007531
TF4,0.043836,0.093618,0.030196,0.062686,0.011172,0.025952,0.005629,0.014809,0.002165,0.009108
TF5,0.024902,0.055316,0.013485,0.027888,0.003248,0.008596,0.001083,0.003871,0.000525,0.002133
TF6,0.027785,0.062742,0.01478,0.034289,0.003988,0.008593,0.001391,0.003432,0.000476,0.001471
TF7,0.041158,0.099587,0.020352,0.065819,0.006447,0.02685,0.003451,0.015066,0.001364,0.009848
TF8,0.02629,0.044322,0.017445,0.029238,0.006228,0.012285,0.002275,0.006922,0.001068,0.003418
TF9,0.021652,0.043871,0.013436,0.027333,0.003966,0.009678,0.001419,0.004244,0.000674,0.001982
TF10,0.019443,0.044185,0.010589,0.023683,0.002654,0.006088,0.000643,0.001749,0.000177,0.000497
TF11,0.014617,0.031255,0.008318,0.017703,0.002553,0.005697,0.000992,0.002465,0.000341,0.001247
TF12,0.016882,0.029958,0.010649,0.019687,0.003881,0.008139,0.001616,0.004239,0.000516,0.002233
TF13,0.014366,0.026927,0.009312,0.016335,0.003145,0.005918,0.00114,0.002721,0.000437,0.001228
TN1,0.059189,0.134727,0.040666,0.102545,0.01459,0.034354,0.007657,0.013969,0.004656,0.008899
TN2,0.034291,0.054493,0.022989,0.039273,0.010451,0.018508,0.006155,0.011611,0.003911,0.007466
TN3,0.036169,0.049051,0.025068,0.034724,0.010652,0.016282,0.004789,0.008535,0.002306,0.004675
TN4,0.032311,0.050214,0.020159,0.033461,0.007152,0.013109,0.00287,0.007186,0.001572,0.004032
TN5,0.035643,0.044534,0.026491,0.033729,0.012445,0.017464,0.006637,0.010479,0.003956,0.006851
TN6,0.03528,0.044959,0.026186,0.03358,0.013916,0.018872,0.007892,0.012106,0.004237,0.007659
TN7,0.033774,0.0479,0.021598,0.032022,0.007493,0.012488,0.002635,0.005154,0.001059,0.002026
TN8,0.045117,0.066514,0.028957,0.044218,0.011179,0.018822,0.004868,0.008291,0.002171,0.004154
TN9,0.034523,0.090797,0.01767,0.046294,0.002791,0.010033,0.000922,0.003687,0.000342,0.001264
TN10,0.045789,0.094924,0.024437,0.053238,0.0046,0.012258,0.000889,0.002953,0.000157,0.000392
TN11,0.047616,0.077235,0.031325,0.050384,0.010503,0.019283,0.004315,0.008502,0.00188,0.004895
TN12,0.064258,0.112949,0.039993,0.069669,0.012591,0.021448,0.004434,0.007937,0.001679,0.003097
TN13,0.018665,0.036819,0.011461,0.02271,0.004189,0.009072,0.002061,0.005239,0.001108,0.003072
TN14,0.018488,0.030088,0.011609,0.020694,0.004909,0.009478,0.002556,0.004848,0.001515,0.003143
TN15,0.011391,0.022348,0.006988,0.013952,0.002636,0.005603,0.00126,0.003231,0.000667,0.002009
TN16,0.012873,0.023338,0.006938,0.014798,0.002044,0.004393,0.001024,0.002118,0.000533,0.001234
TN17,0.050893,0.074189,0.034692,0.054504,0.013071,0.024286,0.006557,0.011035,0.003292,0.005855
TN18,0.04789,0.074741,0.033242,0.053236,0.014157,0.023266,0.006653,0.011522,0.002577,0.005948
TN19,0.053163,0.070735,0.036577,0.051128,0.014687,0.02155,0.007011,0.010609,0.003135,0.005923
TN20,0.047975,0.061694,0.032586,0.043145,0.014912,0.019252,0.008347,0.011238,0.004816,0.007028
TN21,0.033746,0.041938,0.023747,0.030222,0.010207,0.014584,0.004874,0.007923,0.00235,0.00439
TN22,0.030526,0.041898,0.019484,0.027815,0.006657,0.010636,0.002475,0.004667,0.001177,0.002368
TN23,0.054154,0.108026,0.031735,0.063629,0.010581,0.021328,0.003823,0.009648,0.001106,0.005211
TN24,0.024654,0.07099,0.012372,0.039512,0.002575,0.009846,0.000763,0.003081,0.000198,0.000971
TN25,0.024044,0.040615,0.014793,0.025579,0.004981,0.00931,0.001971,0.00382,0.000809,0.001895
TN26,0.055747,0.093251,0.034835,0.06037,0.010996,0.020935,0.003948,0.007852,0.001393,0.003083
TN27,0.050019,0.074543,0.03086,0.046243,0.008953,0.015306,0.002799,0.00578,0.000876,0.002469
TN28,0.003306,0.020809,0.001449,0.012151,8e-05,0.003695,0.0,0.00063,0.0,0.0
TN29,0.012097,0.04446,0.006342,0.031251,0.000328,0.010441,4.4e-05,0.00163,8e-06,0.000117
TN30,0.068587,0.1187,0.047997,0.084747,0.020064,0.03683,0.009103,0.017433,0.003791,0.007572
TN31,0.031324,0.064456,0.020424,0.045084,0.006785,0.015528,0.002514,0.005768,0.000853,0.001993
TN32,0.047031,0.069193,0.033662,0.051754,0.015895,0.025579,0.007635,0.01388,0.004069,0.007278
TN33,0.039173,0.05777,0.026362,0.041573,0.01031,0.017502,0.004168,0.009748,0.002169,0.005922
TN34,0.036558,0.061809,0.017264,0.03811,0.006101,0.018947,0.003224,0.012035,0.001898,0.008417
TN35,0.025068,0.040754,0.016799,0.029824,0.005608,0.013196,0.002248,0.005666,0.001029,0.003003
TN36,0.03309,0.07874,0.021697,0.05212,0.007894,0.021649,0.001957,0.009659,0.000357,0.00312
TN37,0.036062,0.059278,0.020623,0.037706,0.007642,0.014761,0.002863,0.007623,0.001625,0.004875
TN38,0.023845,0.046421,0.012121,0.026688,0.002767,0.006978,0.001024,0.003118,0.000634,0.00188
TN39,0.025105,0.049481,0.014985,0.03071,0.004122,0.010074,0.001335,0.003149,0.000418,0.00108
TN40,0.014712,0.029988,0.008299,0.018547,0.001924,0.005503,0.000654,0.002283,0.000321,0.000962
TQ1,0.001704,0.004048,0.000962,0.002469,0.000338,0.000687,0.000188,0.000375,5.2e-05,0.000222
TQ2,0.013245,0.030158,0.007765,0.018654,0.001731,0.006095,0.000707,0.002725,0.000236,0.001106
TQ3,0.007646,0.016343,0.004158,0.008888,0.001043,0.002414,0.000465,0.001043,0.000221,0.000769
TQ4,0.011645,0.025991,0.005703,0.015886,0.000908,0.004756,0.000246,0.001716,0.000115,0.00087
TQ5,0.003931,0.008678,0.002038,0.004795,0.000626,0.001342,0.000347,0.000649,0.000252,0.000464
TQ6,0.007176,0.012356,0.004275,0.007876,0.001443,0.003007,0.000803,0.001516,0.000317,0.001053
TQ7,0.007326,0.012967,0.004489,0.008111,0.001185,0.002716,0.000414,0.001175,0.000167,0.000466
TQ8,0.004712,0.008201,0.002835,0.005234,0.000646,0.001768,0.000241,0.000584,3.9e-05,0.000288
TQ9,0.010045,0.016492,0.006183,0.010737,0.001819,0.003796,0.000646,0.00159,0.000307,0.0008
TQ10,0.0123,0.019397,0.007094,0.011421,0.002191,0.003852,0.000907,0.001749,0.000405,0.000901
TQ11,0.016055,0.024706,0.009388,0.01507,0.002596,0.005294,0.001166,0.002381,0.000478,0.001043
TQ12,0.016868,0.032197,0.009956,0.019219,0.003009,0.006493,0.00138,0.003212,0.000744,0.002057
TQ13,0.012424,0.019375,0.007469,0.011831,0.002902,0.004471,0.0013,0.002596,0.000643,0.001365
TQ14,0.003924,0.011295,0.002146,0.007053,0.000368,0.002359,0.000194,0.000954,9.4e-05,0.000313
TR1,0.018689,0.036782,0.011674,0.023297,0.003069,0.008401,0.00102,0.003222,0.000706,0.001777
TR2,0.013338,0.021489,0.008299,0.014363,0.002195,0.004918,0.000704,0.001797,0.000276,0.000721
TR3,0.011486,0.020903,0.006435,0.012421,0.00188,0.003705,0.000797,0.001599,0.000377,0.000829
TR4,0.011395,0.020434,0.007233,0.013308,0.002238,0.00481,0.000873,0.001849,0.000423,0.000833
TR5,0.005384,0.011267,0.003369,0.007079,0.001111,0.002328,0.000494,0.001105,0.000229,0.000489
TR6,0.005851,0.014182,0.003131,0.008348,0.001022,0.002621,0.00056,0.001162,0.000223,0.00056
TR7,0.006466,0.017031,0.003273,0.008372,0.000893,0.002193,0.000387,0.000893,0.000193,0.00048
TR8,0.010384,0.023153,0.005942,0.014357,0.001565,0.004229,0.000526,0.001623,0.000274,0.000777
TR9,0.029983,0.062086,0.017121,0.039083,0.005169,0.012976,0.002038,0.005717,0.000803,0.002721
TR10,0.010425,0.022824,0.005756,0.013902,0.001467,0.004479,0.000507,0.001735,0.00033,0.000892
TR11,0.006634,0.014291,0.003711,0.0083,0.000812,0.002197,0.000286,0.000816,0.000113,0.00035
TR12,0.005936,0.011434,0.003234,0.006382,0.000815,0.001898,0.000309,0.000749,0.000143,0.000378
TR13,0.009195,0.018815,0.004777,0.010932,0.001196,0.002916,0.000374,0.001184,0.00017,0.000493
TR14,0.010618,0.024384,0.005452,0.012473,0.001133,0.002683,0.000407,0.001204,0.000269,0.000666
TR15,0.017698,0.042056,0.009185,0.023015,0.002028,0.006862,0.001088,0.003532,0.000725,0.002216
TR16,0.009624,0.019414,0.005704,0.01161,0.002069,0.003954,0.000994,0.002075,0.00057,0.001311
TR17,0.006447,0.014488,0.004271,0.008028,0.002041,0.003811,0.001027,0.002757,0.000122,0.001703
TR18,0.012781,0.033634,0.007791,0.021614,0.001371,0.007556,0.000398,0.002226,0.000258,0.00082
TR19,0.004638,0.00957,0.002685,0.005637,0.000766,0.001639,0.000305,0.00069,0.00014,0.000324
TR20,0.010555,0.024255,0.006115,0.014825,0.001765,0.004992,0.000687,0.001841,0.000297,0.000818
TR21,0.002367,0.006389,0.001293,0.004438,0.000206,0.001353,7.3e-05,0.000275,2.6e-05,5.2e-05
TR22,0.000263,0.000503,0.000113,0.000336,3e-05,0.000146,0.0,2e-05,0.0,0.0
TR23,0.000546,0.00184,0.000219,0.000771,4.9e-05,0.00017,0.0,3.6e-05,0.0,1.2e-05
TR24,0.002371,0.006581,0.001119,0.003603,0.000175,0.000924,4.1e-05,0.000298,4.1e-05,6.2e-05
TR25,0.000641,0.001631,0.00031,0.001201,9e-05,0.00045,3.5e-05,0.00016,1.5e-05,5.5e-05
TR26,0.006022,0.013306,0.00375,0.008067,0.001202,0.002965,0.000493,0.001188,0.000207,0.00061
TR27,0.009803,0.021602,0.005546,0.013234,0.001208,0.00359,0.000367,0.001152,0.000184,0.000485
TS1,0.031333,0.146454,0.010426,0.080832,0.002365,0.025851,0.000376,0.008223,0.000269,0.003225
TS2,0.007907,0.048733,0.002246,0.020785,0.000542,0.002687,0.000279,0.000875,0.000139,0.00048
TS3,0.031007,0.096745,0.012966,0.0488,0.001496,0.010383,0.000142,0.003063,7.1e-05,0.000641
TS4,0.04852,0.118616,0.016668,0.071216,0.002833,0.018051,0.000461,0.00471,0.000165,0.00112
TS5,0.026407,0.076147,0.012442,0.040811,0.003015,0.012486,0.000908,0.005972,0.000527,0.003133
TS6,0.037976,0.119584,0.019788,0.063992,0.005933,0.021824,0.002104,0.010271,0.001184,0.005283
TS7,0.052979,0.093357,0.029841,0.059797,0.008058,0.018312,0.003462,0.007394,0.001895,0.004383
TS8,0.038963,0.066575,0.02506,0.042057,0.008967,0.015837,0.002251,0.007714,0.000642,0.003683
TS9,0.029712,0.04814,0.018095,0.028163,0.006152,0.009608,0.00267,0.004528,0.001106,0.002327
TS10,0.030583,0.076848,0.018386,0.046835,0.006341,0.020202,0.002816,0.012033,0.001501,0.006309
TS11,0.022041,0.041072,0.01368,0.022471,0.006142,0.00824,0.00363,0.00495,0.002415,0.003426
TS12,0.027324,0.040285,0.018496,0.027412,0.007896,0.012591,0.004251,0.007295,0.00196,0.004617
TS13,0.017531,0.026032,0.011265,0.016835,0.005341,0.007584,0.002867,0.004535,0.001456,0.002733
TS14,0.037335,0.058699,0.024638,0.038229,0.009919,0.016555,0.004803,0.008378,0.002108,0.004732
TS15,0.036837,0.061773,0.023027,0.038363,0.007072,0.01285,0.002543,0.004834,0.000977,0.002085
TS16,0.030376,0.069388,0.016574,0.035892,0.005559,0.009361,0.002155,0.003657,0.000747,0.001742
TS17,0.029835,0.089596,0.014792,0.047612,0.004039,0.013354,0.00138,0.005151,0.000527,0.002375
TS18,0.02969,0.090512,0.014417,0.049112,0.002954,0.012729,0.001196,0.004794,0.00075,0.002192
TS19,0.037166,0.092405,0.02099,0.05195,0.006511,0.017735,0.003459,0.009444,0.001797,0.005629
TS20,0.05018,0.112799,0.026955,0.069739,0.007184,0.022208,0.00231,0.01104,0.000826,0.005658
TS21,0.0379,0.063489,0.024494,0.04042,0.008358,0.014738,0.003472,0.006156,0.001306,0.002882
TS22,0.040848,0.070658,0.026624,0.046114,0.007477,0.015647,0.002469,0.006362,0.000758,0.00276
TS23,0.036704,0.101997,0.014988,0.053662,0.002756,0.010213,0.000409,0.003445,0.000168,0.001258
TS24,0.021218,0.062816,0.011358,0.044971,0.002264,0.018812,0.00059,0.00769,0.000195,0.002335
TS25,0.026239,0.075584,0.013079,0.041082,0.001943,0.009623,0.000622,0.002727,0.000281,0.000831
TS26,0.040476,0.099462,0.022928,0.054374,0.007237,0.015606,0.002818,0.006063,0.001729,0.002839
TS27,0.030373,0.048514,0.021,0.032825,0.008106,0.013512,0.0036,0.006717,0.001615,0.003838
TS28,0.039968,0.061087,0.025937,0.042432,0.009907,0.019027,0.003717,0.009416,0.001406,0.004429
TS29,0.028764,0.046844,0.019509,0.032305,0.007917,0.014953,0.003541,0.00762,0.00204,0.003756
TW1,0.014208,0.078797,0.006143,0.035761,0.000927,0.00707,0.000172,0.002128,0.000103,0.000618
TW2,0.015849,0.078022,0.003984,0.029982,0.000378,0.004566,0.000233,0.001047,5.8e-05,0.000378
TW3,0.03749,0.178964,0.014681,0.099401,0.001146,0.028001,0.000537,0.010742,0.000179,0.005944
TW4,0.028014,0.173728,0.008318,0.074195,0.000669,0.008509,0.00051,0.003028,0.000255,0.001084
TW5,0.047014,0.178512,0.018709,0.102225,0.002036,0.022629,0.000153,0.00364,2.5e-05,0.000178
TW6,0.026218,0.141981,0.009793,0.056708,0.003288,0.00822,0.001939,0.005536,0.001335,0.00392
TW7,0.053692,0.159467,0.026394,0.097055,0.004993,0.028366,0.001049,0.011451,0.00047,0.002768
TW8,0.052544,0.158505,0.029751,0.095674,0.007261,0.036542,0.004303,0.017615,0.003463,0.009077
TW9,0.021171,0.123557,0.009862,0.063874,0.001267,0.015049,0.000271,0.006876,0.000241,0.00383
TW10,0.030636,0.103005,0.017947,0.063209,0.001519,0.013211,0.000298,0.003962,0.000119,0.000343
TW11,0.007369,0.071331,0.001929,0.031325,0.000536,0.003403,0.000268,0.001099,0.000107,0.000322
TW12,0.02602,0.124605,0.00852,0.057195,0.001113,0.006269,0.000411,0.001452,0.000121,0.000847
TW13,0.043101,0.204786,0.019396,0.123897,0.003103,0.035075,0.000985,0.011816,0.000409,0.007041
TW14,0.036868,0.144476,0.018057,0.082482,0.006465,0.031515,0.00328,0.010951,0.000207,0.008162
TW15,0.007478,0.05091,0.001812,0.018154,0.000266,0.001652,8.9e-05,0.000462,5.3e-05,0.000249
TW16,0.008116,0.055272,0.002186,0.020441,0.000324,0.002469,0.000101,0.000546,0.000101,0.000425
TW17,0.007732,0.034977,0.003008,0.012152,0.000224,0.001042,0.000145,0.00033,2.6e-05,0.000132
TW18,0.0073,0.040963,0.002175,0.013506,0.00028,0.001361,6.4e-05,0.000407,5.1e-05,0.000153
TW19,0.0089,0.03672,0.002952,0.014092,0.00072,0.002134,0.000382,0.000978,3.6e-05,0.000169
TW20,0.037611,0.088413,0.020792,0.053572,0.004345,0.014312,0.001525,0.004023,0.000627,0.001599
UB1,0.047229,0.179617,0.025033,0.109696,0.008014,0.033278,0.002606,0.016095,0.000132,0.008278
UB2,0.031654,0.161963,0.013121,0.089714,0.001742,0.018695,0.00079,0.005295,0.000441,0.001184
UB3,0.090666,0.215971,0.045557,0.129687,0.010124,0.032122,0.00295,0.014752,0.000983,0.005655
UB4,0.094363,0.232948,0.045634,0.14429,0.006265,0.028521,0.001412,0.007309,0.000619,0.003809
UB5,0.060709,0.159557,0.032866,0.09829,0.008255,0.030364,0.003983,0.013624,0.000943,0.007581
UB6,0.046294,0.170002,0.024923,0.104876,0.007542,0.033372,0.003658,0.011713,0.00201,0.006605
UB7,0.043235,0.133678,0.019855,0.073501,0.005321,0.018508,0.001293,0.007607,0.000327,0.004423
UB8,0.058598,0.138148,0.026971,0.068559,0.006069,0.01613,0.002378,0.005471,0.000948,0.002444
UB9,0.032124,0.068255,0.017902,0.038391,0.006844,0.011746,0.003625,0.00655,0.001288,0.003841
UB10,0.08362,0.164801,0.042646,0.09341,0.007429,0.020053,0.001251,0.005055,0.000536,0.001966
UB11,0.076078,0.228234,0.050315,0.168928,0.012622,0.085242,0.003112,0.041151,0.0,0.019884
W1B,0.047468,0.071202,0.025429,0.042382,0.005933,0.011867,0.003391,0.004238,0.003391,0.003391
W1C,0.008049,0.018782,0.008049,0.018782,0.0,0.013416,0.0,0.001342,0.0,0.0
W1D,0.030049,0.035773,0.009301,0.012878,0.002862,0.004293,0.002146,0.002146,0.002146,0.002146
W1F,0.019126,0.024947,0.009147,0.017463,0.000832,0.002495,0.0,0.0,0.0,0.0
W1G,0.116794,0.211316,0.053237,0.137437,0.01847,0.034767,0.007605,0.011408,0.003803,0.005432
W1H,0.101084,0.204082,0.065475,0.120994,0.011104,0.022591,0.001914,0.005361,0.001532,0.002297
W1J,0.035069,0.088276,0.021162,0.058045,0.005442,0.01693,0.002116,0.004535,0.002116,0.003023
W1K,0.055309,0.108314,0.03373,0.082964,0.006495,0.04232,0.00419,0.024093,0.002095,0.009009
W1S,0.043438,0.112474,0.024822,0.074465,0.013187,0.037233,0.003878,0.013187,0.000776,0.003878
W1T,0.095645,0.229809,0.054531,0.167055,0.009088,0.05756,0.002164,0.028564,0.000433,0.008223
W1U,0.107048,0.196318,0.064924,0.142988,0.009661,0.039805,0.002319,0.015072,0.000773,0.003478
W1W,0.080845,0.137567,0.061938,0.091929,0.007824,0.015647,0.000652,0.002608,0.0,0.000652
W2,0.052717,0.1154,0.029701,0.076613,0.006404,0.023737,0.001681,0.009126,0.001001,0.005204
W3,0.074157,0.202293,0.040513,0.133846,0.012761,0.051045,0.005914,0.023657,0.003412,0.014354
W4,0.083839,0.282541,0.040151,0.186381,0.007001,0.058136,0.001583,0.018678,0.000866,0.00569
W5,0.059022,0.146055,0.033197,0.086433,0.008787,0.030411,0.003172,0.016288,0.001779,0.009301
W6,0.05072,0.26312,0.022109,0.175726,0.004058,0.064506,0.000832,0.033345,0.00026,0.020964
W7,0.047787,0.132576,0.025564,0.070905,0.005547,0.015435,0.001757,0.004513,0.000792,0.001309
W8,0.059149,0.22847,0.032938,0.17797,0.008912,0.058887,0.003058,0.02656,0.001398,0.012319
W9,0.080824,0.158511,0.03396,0.093637,0.005376,0.023566,0.000538,0.006631,0.0,0.001613
W10,0.126755,0.294877,0.066804,0.203315,0.017843,0.050072,0.004198,0.019202,0.001914,0.003704
W11,0.111594,0.340556,0.072334,0.273583,0.015506,0.112831,0.005691,0.051962,0.001732,0.024414
W12,0.096048,0.366171,0.054933,0.259421,0.015207,0.106374,0.007247,0.053469,0.004431,0.02542
W13,0.052824,0.155481,0.023983,0.084918,0.001648,0.022205,0.00039,0.010192,0.00026,0.002472
W14,0.075117,0.291291,0.042258,0.205739,0.008363,0.071491,0.001258,0.030713,0.001258,0.009843
WA1,0.014552,0.098881,0.004639,0.04801,0.000524,0.007101,0.000222,0.001779,0.000143,0.000763
WA2,0.025798,0.106919,0.012126,0.055673,0.002951,0.010808,0.000655,0.003379,0.000236,0.001039
WA3,0.051249,0.112562,0.028604,0.067796,0.007404,0.018566,0.002098,0.005963,0.000625,0.002028
WA4,0.031352,0.065356,0.019689,0.040495,0.007301,0.015551,0.003307,0.007629,0.001273,0.004318
WA5,0.041392,0.112813,0.022427,0.06494,0.0062,0.019037,0.001733,0.007826,0.000862,0.003797
WA6,0.02535,0.052188,0.014944,0.032171,0.003401,0.008205,0.001145,0.002521,0.000453,0.001016
WA7,0.019919,0.073149,0.010096,0.042054,0.001995,0.012645,0.000712,0.004501,0.000421,0.002489
WA8,0.040556,0.100684,0.023315,0.061646,0.006779,0.019466,0.002288,0.008006,0.000924,0.003528
WA9,0.049438,0.105899,0.029239,0.067607,0.006727,0.023786,0.002679,0.010579,0.001412,0.005857
WA10,0.034587,0.092631,0.018873,0.060716,0.004776,0.016917,0.00157,0.00631,0.000735,0.002021
WA11,0.037616,0.077131,0.019407,0.046439,0.00483,0.011245,0.001967,0.00429,0.000688,0.001786
WA12,0.0416,0.085046,0.023307,0.054353,0.006224,0.020629,0.0028,0.008682,0.000868,0.003986
WA13,0.022342,0.052262,0.012751,0.030023,0.003435,0.008005,0.001068,0.003319,0.000378,0.001434
WA14,0.023657,0.069194,0.011751,0.038491,0.002197,0.008681,0.000574,0.00284,0.000193,0.001158
WA15,0.038775,0.098777,0.021566,0.054885,0.005942,0.016992,0.00173,0.007917,0.000514,0.00432
WA16,0.040565,0.072317,0.024891,0.046583,0.006377,0.015193,0.001651,0.004989,0.000519,0.001834
WC1A,0.062705,0.22607,0.028052,0.179866,0.006601,0.049504,0.006601,0.019802,0.006601,0.006601
WC1B,0.068983,0.342405,0.030102,0.254609,0.008153,0.115389,0.006271,0.015051,0.005017,0.009407
WC1E,0.055614,0.352225,0.036304,0.295838,0.010814,0.130539,0.007724,0.039394,0.001545,0.010814
WC1H,0.082319,0.280278,0.054488,0.214422,0.0098,0.074479,0.00392,0.015288,0.002352,0.009408
WC1N,0.102092,0.319143,0.058101,0.270171,0.01494,0.097112,0.007885,0.042746,0.003735,0.01743
WC1R,0.091832,0.272669,0.040971,0.228873,0.019779,0.063576,0.005651,0.039558,0.002826,0.022605
WC1V,0.067762,0.188411,0.028096,0.140482,0.006611,0.033055,0.003305,0.009916,0.0,0.008264
WC1X,0.070609,0.305243,0.052176,0.261503,0.012497,0.175585,0.005624,0.134657,0.003124,0.095603
WC2A,0.08825,0.163224,0.07185,0.138232,0.028115,0.085907,0.008591,0.035144,0.004686,0.023429
WC2B,0.089102,0.19857,0.068736,0.159535,0.030549,0.091648,0.013577,0.071282,0.007637,0.039035
WC2E,0.002469,0.006172,0.0,0.0,0.0,0.0,0.0,0.0,0.0,0.0
WC2H,0.076937,0.184393,0.046416,0.133526,0.00763,0.040694,0.003815,0.010809,0.003815,0.008902
WC2N,0.070949,0.113518,0.058888,0.086558,0.039731,0.056759,0.006385,0.014899,0.004966,0.009933
WC2R,0.044346,0.095722,0.030826,0.0676,0.003786,0.00703,0.001622,0.004867,0.001082,0.001622
WD3,0.015246,0.041185,0.009209,0.027548,0.003006,0.011365,0.001514,0.00617,0.000871,0.004071
WD4,0.019707,0.049364,0.011187,0.0341,0.00433,0.016994,0.001809,0.010263,0.001191,0.006704
WD5,0.008122,0.022957,0.004999,0.015182,0.001265,0.007856,0.000653,0.00502,0.000347,0.003245
WD6,0.061388,0.109407,0.035421,0.067907,0.010337,0.02106,0.004479,0.008718,0.002253,0.003873
WD7,0.020321,0.042322,0.012614,0.025052,0.005197,0.009786,0.002761,0.005637,0.001638,0.003442
WD17,0.021007,0.071793,0.010812,0.039786,0.003622,0.010892,0.001529,0.00609,0.000993,0.004346
WD18,0.026621,0.083447,0.01255,0.046287,0.002336,0.012495,0.000842,0.004183,0.000462,0.001277
WD19,0.07732,0.12823,0.046205,0.083161,0.017144,0.033639,0.007932,0.016928,0.003804,0.008148
WD23,0.046775,0.088837,0.027028,0.051866,0.008479,0.016861,0.003989,0.007963,0.002287,0.004895
WD24,0.026767,0.09552,0.011823,0.056656,0.001795,0.015101,0.000273,0.006867,0.0,0.003395
WD25,0.022852,0.064772,0.013837,0.042154,0.005369,0.016543,0.002637,0.009059,0.001097,0.005683
WF1,0.031999,0.097598,0.016244,0.062387,0.003807,0.020639,0.001592,0.007882,0.000729,0.00379
WF2,0.022754,0.066158,0.012487,0.041207,0.002216,0.011307,0.000793,0.003844,0.00028,0.001297
WF3,0.023342,0.057412,0.012804,0.036804,0.003368,0.012153,0.001327,0.004493,0.00079,0.002342
WF4,0.014642,0.034394,0.008689,0.021997,0.002779,0.008099,0.001078,0.003631,0.000486,0.001714
WF5,0.027955,0.064625,0.015161,0.037476,0.005529,0.012595,0.001934,0.006,0.001302,0.003161
WF6,0.036353,0.109018,0.017749,0.065399,0.004072,0.017905,0.001336,0.007684,0.000783,0.003738
WF7,0.022903,0.052049,0.012702,0.030487,0.003091,0.009088,0.000788,0.003621,0.000355,0.001546
WF8,0.012958,0.033641,0.007104,0.020428,0.001634,0.00728,0.000539,0.003338,0.000264,0.00159
WF9,0.021913,0.053616,0.012458,0.032235,0.003744,0.010178,0.001482,0.004751,0.000655,0.002291
WF10,0.03132,0.092247,0.01793,0.057259,0.005689,0.020044,0.001758,0.009099,0.000633,0.004467
WF11,0.015585,0.053083,0.007938,0.029298,0.002063,0.007946,0.000574,0.002917,0.000239,0.001432
WF12,0.020166,0.057721,0.010526,0.036996,0.002562,0.012669,0.000984,0.005284,0.000517,0.00282
WF13,0.034602,0.11946,0.01654,0.065819,0.005566,0.019357,0.001908,0.007929,0.000636,0.004794
WF14,0.024226,0.050264,0.013207,0.029751,0.002789,0.007789,0.001148,0.002371,0.000429,0.001073
WF15,0.027393,0.051812,0.01796,0.036079,0.005997,0.01454,0.002609,0.006856,0.00175,0.004804
WF16,0.04821,0.104023,0.034107,0.069015,0.018704,0.029706,0.005051,0.010102,0.003601,0.005651
WF17,0.021636,0.058298,0.009922,0.035607,0.002552,0.009785,0.000949,0.004713,0.000517,0.003553
WN1,0.054567,0.096692,0.039475,0.068762,0.016476,0.032424,0.009925,0.021365,0.00659,0.015012
WN2,0.055697,0.110136,0.035436,0.072298,0.009437,0.024638,0.003123,0.009275,0.001442,0.004403
WN3,0.040891,0.096077,0.021419,0.059019,0.006963,0.017475,0.00191,0.003931,0.001257,0.001984
WN4,0.050027,0.096901,0.030275,0.068265,0.009934,0.024484,0.004188,0.010986,0.001782,0.006308
WN5,0.031438,0.067967,0.017035,0.041032,0.004332,0.011875,0.001688,0.00509,0.000764,0.002179
WN6,0.047785,0.084968,0.030999,0.055733,0.010845,0.022435,0.004191,0.010987,0.002102,0.005342
WN7,0.049266,0.112188,0.026433,0.066017,0.005423,0.018488,0.002234,0.005912,0.000884,0.002894
WN8,0.024475,0.060248,0.012936,0.035445,0.003247,0.011221,0.001411,0.004976,0.000773,0.002999
WR1,0.033071,0.165614,0.010096,0.100443,0.000712,0.019157,0.000453,0.00453,0.000453,0.001553
WR2,0.020046,0.049212,0.011199,0.028595,0.00292,0.008529,0.000961,0.002686,0.000369,0.001044
WR3,0.022626,0.063087,0.012227,0.03692,0.003194,0.009427,0.001111,0.00368,0.000309,0.001666
WR4,0.060199,0.14116,0.036145,0.090409,0.008542,0.028879,0.002477,0.014347,0.000961,0.00636
WR5,0.032414,0.078086,0.019381,0.046513,0.005503,0.014871,0.00185,0.006613,0.00066,0.003081
WR6,0.019862,0.038315,0.013104,0.024659,0.004933,0.009778,0.002048,0.004843,0.000893,0.002628
WR7,0.034742,0.069049,0.021287,0.04049,0.006804,0.011509,0.002502,0.004063,0.000933,0.001588
WR8,0.038583,0.072536,0.024292,0.045199,0.006985,0.015493,0.002139,0.005707,0.000917,0.002665
WR9,0.032521,0.067446,0.018841,0.04094,0.005452,0.012936,0.001706,0.005391,0.000702,0.002379
WR10,0.026493,0.05285,0.015064,0.028996,0.004057,0.007293,0.00111,0.002503,0.000313,0.000988
WR11,0.033802,0.069078,0.017352,0.035772,0.004982,0.00819,0.002024,0.003376,0.000978,0.001784
WR12,0.025952,0.046326,0.01522,0.026337,0.004711,0.00776,0.001541,0.003095,0.000556,0.001347
WR13,0.028221,0.053554,0.018511,0.031899,0.006763,0.011625,0.002609,0.005524,0.001084,0.002849
WR14,0.028767,0.071684,0.017879,0.041903,0.005114,0.011897,0.001966,0.005046,0.000774,0.002562
WR15,0.015926,0.028858,0.009978,0.018775,0.00332,0.007241,0.000999,0.003258,0.00049,0.001573
WS1,0.057203,0.138561,0.030073,0.083725,0.004188,0.02458,0.000637,0.005735,0.000212,0.001366
WS2,0.053592,0.139606,0.025094,0.081703,0.003449,0.021927,0.001234,0.007582,0.000595,0.00336
WS3,0.060559,0.120167,0.03455,0.075676,0.008651,0.026009,0.00247,0.01175,0.000598,0.005576
WS4,0.048957,0.096211,0.02772,0.05941,0.007917,0.016375,0.003304,0.007024,0.001725,0.003304
WS5,0.040909,0.096489,0.023233,0.060852,0.006641,0.023111,0.002289,0.010912,0.000817,0.005762
WS6,0.052022,0.09911,0.034606,0.064246,0.009095,0.026011,0.004015,0.013481,0.001177,0.007531
WS7,0.022617,0.058746,0.012375,0.035348,0.003261,0.011664,0.001023,0.004735,0.000486,0.001674
WS8,0.057952,0.120328,0.031135,0.081492,0.006085,0.038202,0.002038,0.010071,0.000408,0.004228
WS9,0.023672,0.056658,0.013987,0.035107,0.003455,0.012077,0.001141,0.005288,0.00036,0.002735
WS10,0.047662,0.153422,0.023678,0.095092,0.004089,0.02745,0.00133,0.010985,0.000732,0.005358
WS11,0.04508,0.094586,0.028481,0.060395,0.008183,0.025316,0.002788,0.010692,0.001243,0.004774
WS12,0.017586,0.038617,0.010925,0.02528,0.003476,0.00947,0.001304,0.004419,0.000647,0.002117
WS13,0.019453,0.050315,0.009983,0.027916,0.002609,0.007343,0.000855,0.002617,0.000322,0.000935
WS14,0.017026,0.042639,0.009868,0.025992,0.002737,0.009586,0.000806,0.003944,0.000191,0.002013
WS15,0.018438,0.042983,0.010166,0.025271,0.002703,0.007438,0.001007,0.002746,0.00043,0.001257
WV1,0.047084,0.154614,0.021539,0.09003,0.004794,0.026267,0.000887,0.011787,0.000263,0.005516
WV2,0.059846,0.181844,0.029134,0.125195,0.004896,0.048152,0.002347,0.02444,0.000243,0.014769
WV3,0.050725,0.129145,0.028946,0.08278,0.008505,0.027629,0.003605,0.011742,0.001792,0.00518
WV4,0.033717,0.079859,0.017844,0.053445,0.004168,0.014761,0.001685,0.005549,0.000669,0.002727
WV5,0.011119,0.025854,0.006205,0.014481,0.001615,0.004191,0.00065,0.0017,0.00017,0.000672
WV6,0.020615,0.045911,0.011496,0.026618,0.002396,0.008951,0.000636,0.003967,0.000288,0.002234
WV7,0.015935,0.040718,0.008615,0.020638,0.002717,0.005181,0.001328,0.002531,0.000604,0.001561
WV8,0.029908,0.066033,0.01765,0.042592,0.004777,0.011984,0.00167,0.005373,0.000492,0.002664
WV9,0.028367,0.074254,0.017317,0.047134,0.005406,0.017498,0.001847,0.007106,0.000725,0.002981
WV10,0.034424,0.088617,0.017942,0.05155,0.004304,0.015398,0.001488,0.006926,0.000688,0.003434
WV11,0.04738,0.109558,0.026425,0.067039,0.005988,0.022284,0.002415,0.010461,0.000648,0.004643
WV12,0.05365,0.148359,0.024891,0.085811,0.00442,0.027072,0.000727,0.012795,8.7e-05,0.006601
WV13,0.062479,0.198358,0.030867,0.130663,0.006682,0.041147,0.001645,0.018787,0.000797,0.011206
WV14,0.051761,0.161613,0.027864,0.105819,0.00462,0.03884,0.001135,0.020477,0.000809,0.007165
WV15,0.009151,0.021094,0.005252,0.012533,0.001675,0.00399,0.000758,0.001825,0.000423,0.000948
WV16,0.014026,0.024943,0.009072,0.016181,0.003413,0.00657,0.001379,0.003199,0.00049,0.00175
YO1,0.056454,0.165479,0.021208,0.090506,0.003734,0.014039,0.000896,0.00448,0.000597,0.002838
YO7,0.021666,0.048175,0.011489,0.027261,0.003008,0.007107,0.001023,0.002249,0.000406,0.000857
YO8,0.012636,0.044029,0.006951,0.019232,0.001993,0.005528,0.00057,0.001936,0.000131,0.000536
YO10,0.01681,0.061285,0.007256,0.026985,0.001558,0.004782,0.000306,0.001262,1e-05,0.000335
YO11,0.02047,0.043761,0.012001,0.026631,0.003798,0.00747,0.001139,0.002454,0.00025,0.000835
YO12,0.010819,0.028024,0.00612,0.015923,0.002037,0.004707,0.000595,0.001671,0.000178,0.000455
YO13,0.011073,0.023544,0.006266,0.013307,0.00183,0.004026,0.000702,0.001735,0.000317,0.000787
YO14,0.011069,0.024789,0.006097,0.016113,0.00145,0.004819,0.000514,0.001968,0.00023,0.000774
YO15,0.011635,0.028387,0.00646,0.017522,0.001783,0.005128,0.000552,0.001785,0.000266,0.000763
YO16,0.008027,0.022243,0.004595,0.012463,0.001218,0.003788,0.00036,0.001286,0.000104,0.000638
YO17,0.011776,0.030081,0.00649,0.014607,0.001805,0.003555,0.00049,0.001129,0.00012,0.000411
YO18,0.016968,0.03036,0.009716,0.016932,0.002715,0.005458,0.001003,0.002254,0.000357,0.000982
YO19,0.015541,0.045001,0.00829,0.020461,0.002641,0.004613,0.000915,0.001652,0.000273,0.00064
YO21,0.017509,0.025176,0.011445,0.015712,0.004903,0.006993,0.002236,0.003889,0.000977,0.002269
YO22,0.015712,0.027327,0.010187,0.016564,0.004399,0.007599,0.002113,0.004286,0.001029,0.002472
YO23,0.029481,0.071176,0.014689,0.035345,0.002853,0.008339,0.000625,0.002031,0.000159,0.000621
YO24,0.022475,0.092996,0.009616,0.044026,0.00288,0.008874,0.000924,0.004528,7.2e-05,0.002499
YO25,0.016218,0.038926,0.00895,0.022528,0.002444,0.005938,0.000743,0.002038,0.000211,0.000827
YO26,0.031285,0.067393,0.015362,0.03413,0.004058,0.007952,0.001457,0.002501,0.000429,0.000926
YO30,0.039769,0.103143,0.01995,0.050579,0.005346,0.011811,0.002051,0.003921,0.000759,0.001297
YO31,0.028953,0.117844,0.010239,0.046575,0.001048,0.005911,0.000268,0.001628,0.0,0.000602
YO32,0.016883,0.05816,0.007608,0.024901,0.001641,0.004287,0.000459,0.001083,6.1e-05,0.00022
YO41,0.023449,0.061564,0.011794,0.030785,0.003064,0.006385,0.001177,0.002085,0.000509,0.000864
YO42,0.012793,0.033938,0.007353,0.016332,0.002141,0.003994,0.000713,0.001322,0.000221,0.00047
YO43,0.01146,0.030713,0.006757,0.017361,0.001838,0.005211,0.000631,0.001799,0.000197,0.000682
YO51,0.030167,0.066359,0.015824,0.03692,0.004132,0.010568,0.001456,0.003611,0.00047,0.001012
YO60,0.029038,0.060315,0.01666,0.037265,0.004072,0.010297,0.000983,0.00277,0.000343,0.001048
YO61,0.021572,0.050479,0.011013,0.026474,0.002352,0.005897,0.000572,0.001551,0.000127,0.000408
YO62,0.013565,0.025917,0.007475,0.014004,0.002146,0.004068,0.000754,0.001627,0.000296,0.000772
ZE1,0.0,0.0,0.0,0.0,0.0,0.0,0.0,0.0,0.0,0.0
ZE2,0.0,0.0,0.0,0.0,0.0,0.0,0.0,0.0,0.0,0.0
ZE3,0.0,0.0,0.0,0.0,0.0,0.0,0.0,0.0,0.0,0.0
