name,d02_high,d02_low,d03_high,d03_low,d06_high,d06_low,d09_high,d09_low,d12_high,d12_low
AB10,0.0,0.0,0.0,0.0,0.0,0.0,0.0,0.0,0.0,0.0
AB11,0.0,0.0,0.0,0.0,0.0,0.0,0.0,0.0,0.0,0.0
AB12,0.0,0.0,0.0,0.0,0.0,0.0,0.0,0.0,0.0,0.0
AB13,0.0,0.0,0.0,0.0,0.0,0.0,0.0,0.0,0.0,0.0
AB14,0.0,0.0,0.0,0.0,0.0,0.0,0.0,0.0,0.0,0.0
AB15,0.0,0.0,0.0,0.0,0.0,0.0,0.0,0.0,0.0,0.0
AB16,0.0,0.0,0.0,0.0,0.0,0.0,0.0,0.0,0.0,0.0
AB21,0.0,0.0,0.0,0.0,0.0,0.0,0.0,0.0,0.0,0.0
AB22,0.0,0.0,0.0,0.0,0.0,0.0,0.0,0.0,0.0,0.0
AB23,0.0,0.0,0.0,0.0,0.0,0.0,0.0,0.0,0.0,0.0
AB24,0.0,0.0,0.0,0.0,0.0,0.0,0.0,0.0,0.0,0.0
AB25,0.0,0.0,0.0,0.0,0.0,0.0,0.0,0.0,0.0,0.0
AB30,0.0,0.0,0.0,0.0,0.0,0.0,0.0,0.0,0.0,0.0
AB31,0.0,0.0,0.0,0.0,0.0,0.0,0.0,0.0,0.0,0.0
AB32,0.0,0.0,0.0,0.0,0.0,0.0,0.0,0.0,0.0,0.0
AB33,0.0,0.0,0.0,0.0,0.0,0.0,0.0,0.0,0.0,0.0
AB34,0.0,0.0,0.0,0.0,0.0,0.0,0.0,0.0,0.0,0.0
AB35,0.0,0.0,0.0,0.0,0.0,0.0,0.0,0.0,0.0,0.0
AB36,0.0,0.0,0.0,0.0,0.0,0.0,0.0,0.0,0.0,0.0
AB37,0.0,0.0,0.0,0.0,0.0,0.0,0.0,0.0,0.0,0.0
AB38,0.0,0.0,0.0,0.0,0.0,0.0,0.0,0.0,0.0,0.0
AB39,0.0,0.0,0.0,0.0,0.0,0.0,0.0,0.0,0.0,0.0
AB41,0.0,0.0,0.0,0.0,0.0,0.0,0.0,0.0,0.0,0.0
AB42,0.0,0.0,0.0,0.0,0.0,0.0,0.0,0.0,0.0,0.0
AB43,0.0,0.0,0.0,0.0,0.0,0.0,0.0,0.0,0.0,0.0
AB44,0.0,0.0,0.0,0.0,0.0,0.0,0.0,0.0,0.0,0.0
AB45,0.0,0.0,0.0,0.0,0.0,0.0,0.0,0.0,0.0,0.0
AB51,0.0,0.0,0.0,0.0,0.0,0.0,0.0,0.0,0.0,0.0
AB52,0.0,0.0,0.0,0.0,0.0,0.0,0.0,0.0,0.0,0.0
AB53,0.0,0.0,0.0,0.0,0.0,0.0,0.0,0.0,0.0,0.0
AB54,0.0,0.0,0.0,0.0,0.0,0.0,0.0,0.0,0.0,0.0
AB55,0.0,0.0,0.0,0.0,0.0,0.0,0.0,0.0,0.0,0.0
AB56,0.0,0.0,0.0,0.0,0.0,0.0,0.0,0.0,0.0,0.0
AL1,0.037935,0.099438,0.020434,0.063193,0.005171,0.02418,0.002171,0.012612,0.001193,0.007872
AL2,0.027206,0.072961,0.014814,0.043191,0.003599,0.014537,0.001205,0.00731,0.000473,0.004001
AL3,0.016545,0.039173,0.010423,0.028173,0.004048,0.013737,0.002402,0.007218,0.001379,0.004366
AL4,0.032621,0.077157,0.020357,0.052035,0.006953,0.025193,0.00351,0.012682,0.002145,0.006946
AL5,0.019577,0.046585,0.011973,0.032529,0.003935,0.0175,0.001936,0.009873,0.001115,0.006124
AL6,0.012426,0.034387,0.008375,0.022348,0.00361,0.00977,0.002113,0.005739,0.001331,0.003904
AL7,0.03093,0.092443,0.014572,0.054774,0.003072,0.015928,0.000996,0.005328,0.000415,0.002117
AL8,0.021125,0.053773,0.011999,0.030814,0.005068,0.010324,0.001704,0.006772,0.000751,0.005083
AL9,0.039937,0.078107,0.023762,0.051868,0.008483,0.019871,0.004349,0.009544,0.002428,0.005009
AL10,0.055481,0.151036,0.029206,0.095269,0.009092,0.033758,0.003968,0.016194,0.001168,0.008901
B1,0.079145,0.190225,0.052347,0.141489,0.01333,0.066787,0.004721,0.032074,0.002499,0.018051
B2,0.085891,0.1764,0.052643,0.136687,0.020318,0.060031,0.001847,0.02586,0.001847,0.020318
B3,0.10461,0.293652,0.061462,0.234673,0.011796,0.121993,0.002173,0.08226,0.001862,0.047493
B4,0.068555,0.181056,0.03586,0.117247,0.016699,0.04377,0.008438,0.027246,0.004219,0.014063
B5,0.058091,0.16103,0.026284,0.094501,0.007057,0.023216,0.002403,0.009614,0.001636,0.00629
B6,0.075881,0.227023,0.043501,0.134952,0.009601,0.040742,0.003125,0.015824,0.001323,0.005603
B7,0.058955,0.15685,0.027276,0.100573,0.004493,0.024236,0.000862,0.008169,0.000272,0.005129
B8,0.052045,0.140916,0.028098,0.09076,0.005747,0.032408,0.00173,0.014448,0.001011,0.00761
B9,0.058472,0.147871,0.031923,0.096803,0.00812,0.033953,0.002826,0.017116,0.001234,0.008598
B10,0.057697,0.151614,0.025057,0.093116,0.004474,0.019782,0.001648,0.005181,0.000188,0.002214
B11,0.08133,0.199953,0.034934,0.126767,0.005978,0.041159,0.001289,0.014588,0.000439,0.006307
B12,0.047893,0.162133,0.018343,0.088705,0.000892,0.013269,0.000502,0.003345,0.000223,0.000669
B13,0.044795,0.106742,0.022209,0.064136,0.00483,0.017076,0.001906,0.006114,0.001245,0.003057
B14,0.055473,0.106684,0.031726,0.065866,0.009896,0.02284,0.005017,0.011694,0.00327,0.007499
B15,0.040428,0.102202,0.022403,0.066899,0.005433,0.021038,0.002833,0.009322,0.001854,0.004661
B16,0.052747,0.174251,0.029526,0.086581,0.007166,0.025217,0.002313,0.010159,0.00127,0.005306
B17,0.039737,0.091373,0.02203,0.057277,0.005107,0.017231,0.001796,0.008307,0.000954,0.005416
B18,0.070546,0.173115,0.035835,0.109706,0.005036,0.030555,0.000929,0.009093,0.000538,0.002591
B19,0.059199,0.137758,0.039218,0.08886,0.007943,0.032206,0.002296,0.017871,0.000745,0.010487
B20,0.06701,0.156308,0.040825,0.104931,0.013625,0.044431,0.005518,0.021465,0.002541,0.0121
B21,0.042316,0.096555,0.023483,0.060185,0.005248,0.016707,0.00176,0.00475,0.001096,0.002524
B23,0.020015,0.07228,0.009177,0.037011,0.001641,0.008022,0.000851,0.003403,0.000405,0.00239
B24,0.064457,0.171251,0.029054,0.117146,0.005803,0.029317,0.003457,0.012354,0.002386,0.007339
B25,0.06449,0.17317,0.032588,0.102141,0.006644,0.025733,0.001582,0.00907,0.000791,0.003006
B26,0.046499,0.11331,0.023506,0.062903,0.00512,0.012863,0.00233,0.003945,0.001303,0.00178
B27,0.054013,0.135384,0.035002,0.082273,0.013915,0.040451,0.001921,0.023635,0.000862,0.011171
B28,0.051634,0.1226,0.023805,0.067336,0.004671,0.019556,0.000985,0.008413,0.000478,0.003911
B29,0.035143,0.088503,0.019841,0.053776,0.005173,0.014747,0.002795,0.006957,0.000991,0.004341
B30,0.043114,0.102646,0.023711,0.062944,0.008508,0.021792,0.003049,0.012623,0.000874,0.007484
B31,0.039816,0.087179,0.022343,0.054072,0.00556,0.017289,0.002504,0.007375,0.001264,0.003975
B32,0.034729,0.066594,0.021438,0.042494,0.00629,0.016696,0.002758,0.007786,0.001453,0.003978
B33,0.070371,0.154571,0.039856,0.098693,0.007246,0.032186,0.001409,0.012017,0.000785,0.005797
B34,0.045953,0.130947,0.019331,0.072234,0.003266,0.01314,0.001215,0.003684,0.000228,0.001633
B35,0.059521,0.263449,0.023596,0.162698,0.00576,0.034611,0.002072,0.012025,0.000505,0.00571
B36,0.048363,0.133803,0.026282,0.082464,0.006293,0.026753,0.002675,0.012058,0.001545,0.006556
B37,0.039133,0.107893,0.019522,0.061322,0.005384,0.018795,0.001136,0.008498,0.000689,0.005754
B38,0.043778,0.080265,0.027492,0.053784,0.010562,0.021339,0.004763,0.010486,0.002994,0.006128
B40,0.054982,0.274118,0.029675,0.235213,0.007245,0.029972,0.001786,0.00784,0.000595,0.00397
B42,0.07421,0.171337,0.049131,0.12099,0.023079,0.063616,0.017053,0.044375,0.012972,0.034619
B43,0.052432,0.100536,0.032473,0.064846,0.013946,0.02934,0.00731,0.018612,0.001213,0.011352
B44,0.035147,0.100807,0.016844,0.062507,0.003693,0.014868,0.001576,0.00414,0.000941,0.001764
B45,0.030009,0.06865,0.01837,0.042865,0.005975,0.015458,0.003389,0.009873,0.001607,0.005108
B46,0.027444,0.066937,0.015397,0.037403,0.004362,0.010799,0.001224,0.003734,0.000584,0.001545
B47,0.051631,0.097547,0.033265,0.063672,0.011591,0.025465,0.003325,0.009686,0.000755,0.003181
B48,0.034617,0.062977,0.022066,0.040083,0.008218,0.015793,0.003313,0.007815,0.001613,0.004507
B49,0.036509,0.075332,0.022113,0.042095,0.008249,0.01299,0.003076,0.005463,0.0012,0.002604
B50,0.047925,0.102675,0.026365,0.056294,0.008649,0.015062,0.003827,0.007383,0.001778,0.004301
B60,0.029,0.062205,0.016006,0.038771,0.004542,0.012056,0.001457,0.004241,0.000635,0.001714
B61,0.024887,0.057616,0.013593,0.033642,0.003652,0.009784,0.001533,0.004033,0.000701,0.002041
B62,0.030702,0.058869,0.018702,0.036823,0.005928,0.013306,0.002501,0.006563,0.001244,0.003344
B63,0.041436,0.08205,0.025662,0.048859,0.008473,0.016991,0.003681,0.009431,0.001628,0.004731
B64,0.074816,0.172326,0.046033,0.112786,0.010649,0.040589,0.004899,0.017216,0.002586,0.008642
B65,0.062028,0.136142,0.035854,0.088845,0.009572,0.030346,0.004625,0.013636,0.004064,0.007112
B66,0.098893,0.217564,0.059247,0.148963,0.018858,0.074006,0.00787,0.049565,0.004395,0.035667
B67,0.030644,0.081597,0.020564,0.054094,0.009825,0.023047,0.005734,0.015596,0.002009,0.010811
B68,0.018941,0.051802,0.010493,0.027336,0.002391,0.006987,0.000983,0.002657,0.000558,0.001009
B69,0.079077,0.193913,0.044042,0.122816,0.008451,0.041837,0.003906,0.017273,0.001178,0.008839
B70,0.073566,0.180812,0.038436,0.112689,0.008991,0.042356,0.002842,0.020342,0.001226,0.008323
B71,0.069675,0.139973,0.042051,0.09645,0.012606,0.041262,0.005492,0.020722,0.002275,0.011863
B72,0.031221,0.072643,0.016538,0.036785,0.0034,0.008913,0.001082,0.003658,0.00067,0.003349
B73,0.016866,0.064029,0.007484,0.033895,0.000994,0.007339,0.000307,0.002133,7.2e-05,0.000434
B74,0.012703,0.040417,0.005767,0.020802,0.000827,0.004354,0.000293,0.001404,7.5e-05,0.000618
B75,0.021749,0.052843,0.01355,0.033612,0.004217,0.0122,0.002099,0.005783,0.00135,0.00363
B76,0.031968,0.089422,0.017999,0.053957,0.005138,0.017284,0.002458,0.00765,0.001098,0.004024
B77,0.040567,0.115371,0.022129,0.071497,0.006288,0.024389,0.002751,0.011609,0.00158,0.006779
B78,0.039636,0.088403,0.023897,0.054952,0.0084,0.019687,0.003979,0.009958,0.002335,0.004985
B79,0.038745,0.084326,0.022636,0.049581,0.006526,0.013886,0.001928,0.004834,0.000569,0.001642
B80,0.03634,0.081107,0.019067,0.047274,0.004696,0.009803,0.001657,0.002997,0.000619,0.001225
B90,0.054768,0.119927,0.028949,0.070966,0.007812,0.020609,0.003016,0.010323,0.00141,0.006749
B91,0.043144,0.097281,0.024353,0.057109,0.004872,0.018418,0.001891,0.006792,0.001099,0.003084
B92,0.048644,0.103931,0.025012,0.069498,0.006082,0.022339,0.001887,0.009018,0.000609,0.00427
B93,0.028194,0.062493,0.015449,0.036364,0.003651,0.011079,0.001061,0.004222,0.000274,0.0015
B94,0.038447,0.078357,0.02406,0.052103,0.009723,0.021319,0.005263,0.011068,0.003408,0.007228
B95,0.039083,0.076161,0.022942,0.045703,0.007019,0.012967,0.002865,0.005074,0.001116,0.002448
B96,0.040429,0.079927,0.024523,0.047115,0.009041,0.014362,0.003697,0.005938,0.001283,0.002427
B97,0.036396,0.069122,0.019789,0.042246,0.005826,0.011342,0.001916,0.004462,0.000877,0.002147
B98,0.060228,0.136216,0.034361,0.088131,0.00966,0.028826,0.004202,0.011889,0.00198,0.005751
BA1,0.014452,0.032322,0.00846,0.020641,0.002184,0.006177,0.000831,0.002378,0.000408,0.001034
BA2,0.015898,0.0296,0.009897,0.01885,0.003567,0.00696,0.001408,0.003243,0.000773,0.001785
BA3,0.017443,0.031535,0.010969,0.020256,0.003811,0.007731,0.001857,0.004183,0.001034,0.002634
BA4,0.028756,0.056806,0.017923,0.034243,0.0058,0.01084,0.002249,0.004463,0.001121,0.002662
BA5,0.049817,0.096808,0.029214,0.063293,0.007324,0.015521,0.002694,0.00586,0.001441,0.003034
BA6,0.122188,0.231348,0.074624,0.154306,0.011994,0.045324,0.00198,0.014038,0.000452,0.002437
BA7,0.038831,0.079698,0.023912,0.0462,0.007649,0.015274,0.002888,0.006933,0.001114,0.003243
BA8,0.023062,0.06392,0.01079,0.031808,0.002128,0.005425,0.000627,0.001928,0.000176,0.000802
BA9,0.024249,0.053801,0.014663,0.032465,0.004763,0.010938,0.001725,0.00503,0.000682,0.002227
BA10,0.021348,0.03641,0.01444,0.023808,0.006107,0.010694,0.00299,0.005983,0.001619,0.003663
BA11,0.035015,0.059291,0.022679,0.039838,0.008012,0.016939,0.003654,0.008062,0.001867,0.004475
BA12,0.011373,0.023172,0.007081,0.014647,0.002326,0.00573,0.000988,0.002855,0.000451,0.001337
BA13,0.030056,0.057063,0.018156,0.035889,0.005874,0.012135,0.002448,0.006014,0.001201,0.003514
BA14,0.044427,0.080518,0.024876,0.047329,0.005969,0.012406,0.001835,0.004334,0.000816,0.001656
BA15,0.01613,0.028291,0.009602,0.01595,0.003078,0.005362,0.001376,0.002027,0.000664,0.001106
BA16,0.112412,0.217344,0.0643,0.142407,0.011681,0.035164,0.001897,0.005492,0.000222,0.000726
BA20,0.041892,0.079879,0.027525,0.05193,0.005454,0.016107,0.001613,0.006197,0.000997,0.002271
BA21,0.029307,0.067111,0.016132,0.040635,0.004996,0.009313,0.002342,0.004645,0.000911,0.00255
BA22,0.03937,0.082558,0.023084,0.049385,0.006786,0.01474,0.002381,0.006409,0.00115,0.002818
BB1,0.0597,0.094121,0.041517,0.061126,0.018985,0.029189,0.010117,0.017625,0.005797,0.010687
BB2,0.06168,0.08992,0.038886,0.059919,0.015592,0.024211,0.007494,0.012743,0.003848,0.007363
BB3,0.061669,0.094855,0.045968,0.070121,0.025947,0.041648,0.017245,0.028372,0.011666,0.020672
BB4,0.036021,0.052117,0.023328,0.035393,0.009772,0.015903,0.005308,0.008907,0.002934,0.005486
BB5,0.049876,0.077085,0.033728,0.052314,0.01095,0.019089,0.005714,0.010168,0.003343,0.006223
BB6,0.037365,0.060983,0.023611,0.041651,0.007999,0.013685,0.003164,0.006692,0.001656,0.003775
BB7,0.039331,0.057796,0.02508,0.036449,0.009842,0.015165,0.004266,0.008015,0.001946,0.004575
BB8,0.040754,0.063565,0.026648,0.041024,0.01,0.018009,0.004311,0.009621,0.001835,0.005537
BB9,0.037708,0.062394,0.024478,0.03959,0.010896,0.017207,0.004781,0.01048,0.002605,0.006621
BB10,0.040953,0.066239,0.02544,0.04354,0.01089,0.019197,0.006355,0.011563,0.003863,0.008071
BB11,0.051527,0.076215,0.036743,0.053561,0.020156,0.028878,0.005781,0.019598,0.003041,0.015086
BB12,0.043133,0.065759,0.028005,0.043177,0.010433,0.017498,0.004482,0.008385,0.002058,0.004651
BB18,0.044774,0.074532,0.031571,0.052092,0.011726,0.023111,0.003832,0.010153,0.001443,0.004824
BD1,0.186973,0.366761,0.132158,0.314519,0.061289,0.178813,0.020489,0.109097,0.005588,0.072997
BD2,0.029455,0.076822,0.017353,0.049244,0.005252,0.019129,0.003476,0.009641,0.002512,0.007307
BD3,0.054431,0.119542,0.034689,0.076166,0.010525,0.024849,0.005356,0.013359,0.003301,0.007255
BD4,0.030429,0.075808,0.017852,0.047884,0.006075,0.015853,0.002934,0.008335,0.001737,0.004885
BD5,0.064547,0.141965,0.037345,0.091949,0.015164,0.034818,0.010808,0.021782,0.006817,0.015896
BD6,0.019658,0.056989,0.008648,0.031021,0.001735,0.004248,0.000427,0.001307,0.000402,0.000528
BD7,0.038142,0.094854,0.022691,0.063157,0.006828,0.021808,0.003061,0.009918,0.002178,0.005327
BD8,0.043962,0.125771,0.021518,0.074603,0.005884,0.011833,0.002611,0.006181,0.001058,0.003008
BD9,0.025299,0.061699,0.013241,0.038892,0.004254,0.013241,0.001989,0.006772,0.001108,0.003449
BD10,0.024808,0.064016,0.014479,0.038873,0.002315,0.012324,0.000655,0.004773,0.000208,0.0019
BD11,0.011347,0.028034,0.007105,0.015998,0.003122,0.007881,0.002089,0.005017,0.00099,0.003703
BD12,0.040002,0.090084,0.025057,0.057412,0.009211,0.019369,0.00436,0.0097,0.001817,0.00583
BD13,0.02195,0.037374,0.013102,0.026203,0.006678,0.01119,0.003427,0.007993,0.002259,0.004791
BD14,0.010796,0.026041,0.005355,0.014683,0.001296,0.003887,0.000821,0.001555,0.000302,0.000691
BD15,0.021256,0.045703,0.012262,0.025614,0.002645,0.008932,0.00098,0.005462,0.000389,0.002023
BD16,0.029305,0.059502,0.019714,0.038044,0.007303,0.016581,0.002621,0.010662,0.001257,0.006826
BD17,0.0449,0.094769,0.028565,0.060686,0.007175,0.019441,0.002936,0.008247,0.001108,0.003252
BD18,0.0289,0.059274,0.016929,0.035355,0.003529,0.008465,0.001787,0.003774,0.001094,0.002568
BD19,0.033348,0.069457,0.021077,0.045798,0.007622,0.019971,0.003632,0.011444,0.002649,0.007633
BD20,0.038289,0.072178,0.024051,0.046823,0.007183,0.017402,0.002809,0.007912,0.001291,0.003918
BD21,0.041742,0.090259,0.026962,0.057294,0.006131,0.021325,0.002968,0.008719,0.001783,0.005498
BD22,0.035111,0.059204,0.023246,0.037116,0.011139,0.018656,0.005925,0.011881,0.002703,0.007466
BD23,0.036954,0.06288,0.023743,0.03974,0.009029,0.016384,0.004257,0.008593,0.002026,0.004965
BD24,0.044465,0.071439,0.027034,0.048135,0.011021,0.019362,0.005626,0.010055,0.003255,0.00594
BH1,0.004716,0.070272,0.002219,0.043667,0.000666,0.018754,0.000666,0.009987,8.3e-05,0.006464
BH2,0.0216,0.054567,0.01372,0.035124,0.006311,0.019365,0.00247,0.011447,0.00047,0.006194
BH3,0.015855,0.052095,0.011053,0.027723,0.004168,0.012593,0.002537,0.00761,0.001903,0.005708
BH4,0.013849,0.042991,0.006884,0.028688,0.002143,0.012242,0.000659,0.007502,0.000371,0.005111
BH5,0.004862,0.031463,0.001341,0.016235,0.000251,0.00665,2.8e-05,0.003577,0.0,0.00218
BH6,0.01122,0.036782,0.005859,0.019488,0.001413,0.005301,0.000446,0.002067,4.5e-05,0.001086
BH7,0.050388,0.147741,0.031269,0.087201,0.006604,0.031839,0.001753,0.010803,0.000489,0.004811
BH8,0.043779,0.162962,0.022785,0.102418,0.005296,0.031244,0.002115,0.011678,0.000343,0.004648
BH9,0.014602,0.10373,0.005578,0.05753,0.000935,0.012587,5.8e-05,0.004088,0.0,0.002249
BH10,0.047098,0.12527,0.020742,0.075694,0.0034,0.016578,0.000922,0.006273,0.000527,0.002398
BH11,0.01936,0.060338,0.01162,0.034306,0.003983,0.010614,0.001725,0.004968,0.000534,0.002464
BH12,0.048866,0.121691,0.033739,0.081915,0.017335,0.037137,0.011419,0.024028,0.008435,0.017628
BH13,0.013285,0.026509,0.008746,0.017736,0.003852,0.007981,0.002339,0.004104,0.001721,0.002886
BH14,0.04463,0.090551,0.029502,0.06096,0.011826,0.023042,0.006694,0.011234,0.00393,0.005473
BH15,0.038869,0.096198,0.02417,0.061515,0.005913,0.01623,0.00288,0.006336,0.001305,0.002209
BH16,0.024071,0.056087,0.013895,0.033923,0.004894,0.0115,0.00222,0.005228,0.000855,0.002979
BH17,0.092672,0.163115,0.062666,0.113107,0.02458,0.047544,0.011362,0.024308,0.003041,0.00941
BH18,0.025281,0.064371,0.012421,0.039188,0.002436,0.013395,0.001096,0.008086,0.000195,0.004603
BH19,0.007067,0.016744,0.004047,0.008748,0.001201,0.002704,0.000545,0.001219,0.000285,0.00071
BH20,0.017999,0.042605,0.010028,0.024576,0.002646,0.006878,0.00101,0.002832,0.000443,0.001407
BH21,0.018689,0.041598,0.010702,0.024817,0.002784,0.007175,0.000813,0.002672,0.000356,0.001158
BH22,0.024566,0.092838,0.011189,0.048076,0.001571,0.009234,0.000309,0.002106,0.00011,0.000617
BH23,0.052714,0.120069,0.026303,0.067715,0.004767,0.016834,0.000991,0.005282,0.000254,0.002183
BH24,0.025478,0.058016,0.012802,0.033018,0.003226,0.007887,0.000944,0.002378,0.000238,0.000839
BH25,0.013477,0.028147,0.006206,0.013385,0.001483,0.002614,0.000634,0.001118,0.000365,0.00048
BH31,0.022487,0.054107,0.011262,0.02813,0.001532,0.005485,0.000341,0.001095,0.000231,0.000535
BL0,0.053017,0.078085,0.036881,0.052881,0.016752,0.026404,0.009452,0.015439,0.005082,0.010525
BL1,0.053655,0.094294,0.030822,0.053979,0.010198,0.017708,0.004166,0.008618,0.002106,0.004743
BL2,0.046576,0.080226,0.027364,0.04849,0.007508,0.01574,0.003336,0.007259,0.001584,0.004156
BL3,0.066693,0.129253,0.037919,0.081484,0.008267,0.028442,0.002954,0.011171,0.001512,0.004698
BL4,0.071146,0.142525,0.045832,0.097071,0.014558,0.041927,0.007024,0.021787,0.003541,0.012999
BL5,0.073697,0.130428,0.047286,0.086779,0.015907,0.036018,0.006314,0.016544,0.003069,0.00843
BL6,0.058756,0.096836,0.037105,0.064199,0.012605,0.027858,0.005462,0.013013,0.002497,0.007309
BL7,0.046632,0.066167,0.031049,0.043177,0.014452,0.021109,0.007761,0.013063,0.004804,0.008673
BL8,0.053854,0.086482,0.035378,0.061451,0.013462,0.025495,0.007111,0.014817,0.003207,0.008917
BL9,0.042312,0.083787,0.023227,0.050969,0.007129,0.016647,0.002725,0.007465,0.001513,0.004511
BN1,0.016492,0.038518,0.010022,0.027401,0.003797,0.010735,0.002272,0.005119,0.001321,0.003333
BN2,0.011226,0.029798,0.007317,0.021021,0.002859,0.008417,0.001512,0.004458,0.000885,0.002772
BN3,0.029182,0.067288,0.018035,0.046698,0.005411,0.020185,0.001996,0.010222,0.000868,0.005906
BN5,0.048934,0.074842,0.029457,0.047664,0.008342,0.016681,0.002393,0.007364,0.000905,0.002199
BN6,0.044989,0.066935,0.027996,0.044399,0.00905,0.016787,0.003278,0.007297,0.001283,0.003347
BN7,0.023903,0.046899,0.016101,0.029609,0.005453,0.011444,0.002262,0.005537,0.001132,0.003275
BN8,0.052322,0.079936,0.033908,0.055322,0.011339,0.021173,0.003939,0.009056,0.001634,0.003912
BN9,0.015879,0.043882,0.008406,0.026554,0.00234,0.009007,0.00106,0.00316,0.00065,0.001654
BN10,0.008239,0.020337,0.004175,0.010954,0.001227,0.003301,0.000744,0.002092,0.000372,0.001479
BN11,0.029624,0.068964,0.014516,0.047413,0.002785,0.015659,0.000738,0.00451,0.000281,0.000998
BN12,0.025914,0.062751,0.011138,0.036143,0.002466,0.009601,0.000609,0.002297,0.000178,0.000516
BN13,0.016713,0.034161,0.009434,0.020108,0.00357,0.006891,0.001352,0.003294,0.0005,0.001038
BN14,0.013402,0.039023,0.006169,0.021826,0.001591,0.004478,0.00057,0.001647,0.000263,0.000658
BN15,0.019178,0.049194,0.009572,0.031165,0.00269,0.009214,0.000645,0.003323,0.000275,0.00126
BN16,0.019549,0.042989,0.008672,0.02357,0.001431,0.00471,0.000488,0.001604,0.000173,0.000743
BN17,0.020631,0.049525,0.0088,0.027933,0.001469,0.006553,0.000389,0.001486,8.3e-05,0.00056
BN18,0.015925,0.035262,0.008806,0.019474,0.002493,0.006104,0.001068,0.003004,0.0006,0.001854
BN20,0.002914,0.007973,0.001637,0.004283,0.000567,0.001303,0.000279,0.000573,0.000105,0.000276
BN21,0.027726,0.073589,0.012886,0.050741,0.003091,0.016088,0.001006,0.005456,0.000428,0.001881
BN22,0.028928,0.084023,0.01353,0.047197,0.002527,0.01081,0.000398,0.00228,6.9e-05,0.000412
BN23,0.023932,0.066123,0.009596,0.028046,0.001442,0.003828,0.000276,0.000933,9.5e-05,0.000276
BN24,0.023548,0.054255,0.013406,0.030222,0.003187,0.007006,0.001183,0.002815,0.00053,0.001372
BN25,0.007997,0.029715,0.004512,0.017228,0.000978,0.005041,0.000522,0.003113,0.000284,0.001557
BN26,0.033772,0.054134,0.022003,0.037312,0.007522,0.0145,0.003205,0.006685,0.001561,0.003549
BN27,0.062619,0.104394,0.038782,0.068318,0.013898,0.023468,0.006902,0.011004,0.002644,0.004974
BN41,0.01633,0.039421,0.009906,0.027158,0.003596,0.010675,0.001895,0.006997,0.000809,0.004969
BN42,0.026308,0.081097,0.013758,0.048695,0.006396,0.016956,0.002655,0.012249,0.000965,0.008991
BN43,0.014007,0.032633,0.007633,0.019651,0.001872,0.006596,0.000868,0.003543,0.000502,0.002159
BN44,0.044031,0.0672,0.030445,0.047781,0.011795,0.01855,0.005449,0.009391,0.002261,0.005349
BN45,0.011083,0.016996,0.00677,0.011245,0.001751,0.00364,0.000545,0.001507,0.000441,0.000858
BR1,0.053932,0.106842,0.029905,0.064328,0.007529,0.021709,0.003208,0.010593,0.001362,0.006154
BR2,0.038225,0.096314,0.019443,0.06272,0.003893,0.019801,0.00149,0.006991,0.000696,0.003155
BR3,0.058966,0.136708,0.028337,0.077822,0.006223,0.018668,0.001797,0.007859,0.000724,0.002937
BR4,0.043753,0.120688,0.024513,0.089336,0.006694,0.035975,0.002552,0.016278,0.000409,0.007031
BR5,0.031587,0.07234,0.017088,0.040044,0.004334,0.011795,0.001736,0.006329,0.000805,0.003759
BR6,0.017267,0.047804,0.00966,0.030188,0.002889,0.009486,0.00141,0.004933,0.000868,0.003261
BR7,0.020782,0.044718,0.009007,0.02261,0.001962,0.004546,0.000839,0.002399,0.000285,0.001308
BR8,0.025166,0.054803,0.014594,0.035842,0.005322,0.01465,0.002344,0.008292,0.001148,0.005515
BS1,0.160697,0.337917,0.108035,0.25637,0.042066,0.098196,0.021254,0.041057,0.01274,0.022957
BS2,0.156678,0.338109,0.115901,0.260538,0.051378,0.136146,0.02792,0.07714,0.015879,0.049364
BS3,0.143017,0.265399,0.096844,0.189616,0.040844,0.08384,0.015903,0.035685,0.006949,0.013686
BS4,0.071171,0.146869,0.049516,0.094918,0.030595,0.04953,0.022893,0.034368,0.019092,0.02668
BS5,0.075814,0.179947,0.054959,0.123471,0.030038,0.059996,0.020996,0.038332,0.016081,0.028926
BS6,0.071277,0.189791,0.043519,0.126395,0.022357,0.049495,0.0143,0.026961,0.010404,0.01886
BS7,0.034966,0.14501,0.018409,0.082556,0.007066,0.021519,0.004414,0.009742,0.002996,0.006175
BS8,0.026395,0.053894,0.019252,0.038757,0.009122,0.017613,0.005897,0.010202,0.002633,0.005227
BS9,0.06992,0.118326,0.053895,0.081473,0.037583,0.046126,0.028352,0.035089,0.020483,0.027392
BS10,0.057575,0.157495,0.034619,0.09543,0.011965,0.029657,0.006229,0.013211,0.003185,0.00707
BS11,0.063313,0.116408,0.034361,0.064075,0.01013,0.019725,0.004691,0.007639,0.003094,0.004045
BS13,0.045336,0.093995,0.030833,0.057945,0.015948,0.029288,0.010964,0.019503,0.007393,0.013274
BS14,0.035835,0.081232,0.021813,0.047744,0.00941,0.017237,0.006242,0.009915,0.00467,0.007017
BS15,0.060653,0.126368,0.039601,0.081564,0.016622,0.031979,0.011222,0.018282,0.009225,0.0135
BS16,0.052224,0.110299,0.035031,0.073934,0.016776,0.031913,0.010094,0.01974,0.006191,0.012986
BS20,0.016122,0.039566,0.00985,0.023072,0.003321,0.007188,0.001685,0.00362,0.001181,0.002013
BS21,0.014738,0.035903,0.008682,0.02081,0.001378,0.004297,0.000246,0.000848,4.7e-05,0.000125
BS22,0.011755,0.040879,0.006917,0.022273,0.001195,0.005539,0.000145,0.001411,1.5e-05,0.000233
BS23,0.007306,0.033986,0.002763,0.017758,0.00045,0.00275,8e-05,0.000543,3.9e-05,0.000173
BS24,0.048149,0.116823,0.029148,0.073191,0.004607,0.021149,0.000779,0.004826,8e-05,0.000692
BS25,0.018945,0.041901,0.011248,0.024408,0.003167,0.006735,0.001064,0.002397,0.000311,0.000873
BS26,0.056403,0.124304,0.032494,0.071261,0.007953,0.016261,0.002034,0.004036,0.000396,0.000831
BS27,0.03602,0.081143,0.020596,0.048598,0.003668,0.009439,0.000804,0.002153,0.000341,0.000936
BS28,0.101477,0.184226,0.059084,0.1104,0.011875,0.025431,0.00338,0.006385,0.001562,0.002868
BS29,0.070272,0.16092,0.048702,0.101391,0.011951,0.023901,0.003174,0.00535,0.000885,0.001826
BS30,0.024071,0.048036,0.014422,0.02753,0.004182,0.008696,0.001816,0.004013,0.000596,0.001824
BS31,0.023825,0.05028,0.011896,0.030409,0.002977,0.007801,0.00095,0.003439,0.000361,0.001438
BS32,0.074183,0.149446,0.048254,0.096027,0.020776,0.042197,0.010609,0.023318,0.00595,0.013948
BS34,0.09362,0.193834,0.058861,0.127181,0.021944,0.048183,0.01001,0.02679,0.006067,0.01461
BS35,0.041062,0.092942,0.024637,0.056455,0.007344,0.016621,0.002639,0.006227,0.000986,0.002874
BS36,0.050065,0.089122,0.030671,0.055022,0.013108,0.021459,0.005833,0.012112,0.003146,0.006851
BS37,0.043847,0.09002,0.025299,0.053226,0.007197,0.015754,0.002798,0.007344,0.00116,0.003842
BS39,0.024719,0.039729,0.016583,0.026463,0.006548,0.011121,0.003125,0.00608,0.001536,0.003692
BS40,0.01767,0.031299,0.011243,0.018966,0.004311,0.007629,0.00199,0.004028,0.001066,0.002327
BS41,0.013505,0.023057,0.008607,0.014369,0.003601,0.005564,0.001287,0.003394,0.000855,0.001468
BS48,0.034335,0.076336,0.021254,0.045694,0.006759,0.013056,0.001874,0.004134,0.000733,0.00188
BS49,0.076809,0.154825,0.048175,0.104725,0.014298,0.037306,0.003206,0.009025,0.000569,0.002476
CA1,0.105155,0.153142,0.072267,0.099443,0.036977,0.045362,0.024948,0.028194,0.020159,0.021352
CA2,0.066681,0.112804,0.043163,0.07377,0.020782,0.031321,0.013946,0.018803,0.010398,0.012005
CA3,0.099237,0.145623,0.072211,0.106252,0.046041,0.057132,0.035882,0.041709,0.030668,0.03431
CA4,0.014859,0.026368,0.008443,0.01527,0.002728,0.004638,0.001131,0.002276,0.000568,0.001258
CA5,0.021332,0.037493,0.012488,0.022174,0.003646,0.006471,0.001656,0.002745,0.000976,0.001491
CA6,0.032561,0.06065,0.019116,0.035689,0.005883,0.011433,0.002185,0.004903,0.000984,0.002406
CA7,0.02112,0.038731,0.011589,0.021513,0.002883,0.00561,0.000948,0.001879,0.000398,0.000809
CA8,0.030096,0.049146,0.018236,0.030222,0.006281,0.012309,0.002482,0.006015,0.001029,0.003102
CA9,0.033573,0.048585,0.019341,0.026282,0.006962,0.009982,0.003137,0.005189,0.001589,0.002865
CA10,0.021265,0.034746,0.012743,0.020484,0.004242,0.007498,0.001821,0.003505,0.000901,0.001835
CA11,0.024458,0.037799,0.014908,0.022691,0.004881,0.007873,0.001834,0.003513,0.000754,0.001623
CA12,0.034719,0.050499,0.021194,0.030317,0.007156,0.011355,0.002788,0.005262,0.001235,0.00261
CA13,0.024369,0.038286,0.015303,0.023792,0.005455,0.008934,0.002352,0.004272,0.001186,0.002354
CA14,0.027646,0.050439,0.017817,0.032212,0.006365,0.011779,0.002235,0.00495,0.00126,0.002451
CA15,0.019143,0.03576,0.011418,0.020857,0.004061,0.007009,0.001728,0.003073,0.000981,0.001579
CA16,0.023691,0.039931,0.014234,0.023474,0.004333,0.008178,0.001789,0.003465,0.000885,0.001666
CA17,0.030823,0.049775,0.019581,0.031769,0.007144,0.01384,0.003343,0.007311,0.001802,0.004234
CA18,0.015948,0.03054,0.008473,0.01518,0.00117,0.002492,0.000187,0.000498,4.2e-05,0.000145
CA19,0.027741,0.045413,0.017669,0.028189,0.008252,0.012085,0.000994,0.004555,0.000227,0.000882
CA20,0.026109,0.043855,0.015265,0.024568,0.004319,0.008002,0.001649,0.003232,0.000444,0.001589
CA21,0.007297,0.018666,0.003163,0.009176,0.000251,0.001597,0.000125,0.000485,3.1e-05,0.000204
CA22,0.012438,0.0222,0.006925,0.012948,0.001332,0.00425,0.00061,0.001322,0.000261,0.000629
CA23,0.027323,0.040902,0.016565,0.02331,0.005492,0.008653,0.002317,0.004318,0.000992,0.002217
CA24,0.031413,0.055342,0.016838,0.031543,0.002741,0.008049,0.000609,0.001914,0.000261,0.000479
CA25,0.037446,0.062643,0.025557,0.040863,0.007913,0.013048,0.003237,0.006334,0.001479,0.002957
CA26,0.022581,0.036353,0.014309,0.022725,0.005204,0.008681,0.002522,0.004431,0.001689,0.002598
CA27,0.003743,0.008142,0.001865,0.004449,0.000403,0.001475,0.000164,0.000504,8.8e-05,0.000202
CA28,0.027986,0.039481,0.019479,0.026768,0.009807,0.012882,0.005658,0.007924,0.001952,0.003688
CB1,0.068531,0.200064,0.02974,0.114621,0.006641,0.022256,0.003359,0.006748,0.002323,0.003456
CB2,0.034174,0.126987,0.015761,0.071358,0.002218,0.013,0.0009,0.003521,0.000372,0.001381
CB3,0.07241,0.14962,0.04202,0.089247,0.013773,0.030749,0.004841,0.013773,0.001752,0.007033
CB4,0.051207,0.172557,0.019442,0.076772,0.00225,0.01289,0.000873,0.003521,0.000306,0.001225
CB5,0.03118,0.087039,0.016547,0.047462,0.004227,0.011505,0.001535,0.004701,0.00055,0.002104
CB6,0.120009,0.235646,0.078288,0.158694,0.028028,0.063741,0.012917,0.02563,0.006213,0.011641
CB7,0.074332,0.174189,0.043921,0.104711,0.014398,0.032917,0.006437,0.013148,0.003073,0.005829
CB8,0.029781,0.058534,0.018605,0.039075,0.00718,0.015138,0.003231,0.007435,0.00182,0.004011
CB9,0.072054,0.102666,0.052523,0.07776,0.028455,0.046133,0.017906,0.033543,0.011963,0.026214
CB10,0.026562,0.050517,0.016837,0.032731,0.005548,0.011205,0.002185,0.00461,0.00084,0.002186
CB11,0.019313,0.040351,0.012306,0.02476,0.003867,0.007609,0.001473,0.00317,0.000578,0.001527
CB21,0.018102,0.041569,0.011068,0.025555,0.003336,0.007188,0.001259,0.002742,0.000419,0.001134
CB22,0.010994,0.047621,0.00544,0.023572,0.001106,0.005522,0.000275,0.00163,0.000102,0.000602
CB23,0.044098,0.082698,0.02742,0.05006,0.010114,0.016781,0.004157,0.007406,0.001767,0.003486
CB24,0.097552,0.197312,0.05655,0.117246,0.015247,0.030925,0.005163,0.009743,0.001985,0.003496
CB25,0.056731,0.133138,0.032693,0.082264,0.011718,0.026275,0.005102,0.010958,0.001982,0.004832
CF3,0.0,0.0,0.0,0.0,0.0,0.0,0.0,0.0,0.0,0.0
CF5,0.0,0.0,0.0,0.0,0.0,0.0,0.0,0.0,0.0,0.0
CF10,0.0,0.0,0.0,0.0,0.0,0.0,0.0,0.0,0.0,0.0
CF11,0.0,0.0,0.0,0.0,0.0,0.0,0.0,0.0,0.0,0.0
CF14,0.0,0.0,0.0,0.0,0.0,0.0,0.0,0.0,0.0,0.0
CF15,0.0,0.0,0.0,0.0,0.0,0.0,0.0,0.0,0.0,0.0
CF23,0.0,0.0,0.0,0.0,0.0,0.0,0.0,0.0,0.0,0.0
CF24,0.0,0.0,0.0,0.0,0.0,0.0,0.0,0.0,0.0,0.0
CF31,0.0,0.0,0.0,0.0,0.0,0.0,0.0,0.0,0.0,0.0
CF32,0.0,0.0,0.0,0.0,0.0,0.0,0.0,0.0,0.0,0.0
CF33,0.0,0.0,0.0,0.0,0.0,0.0,0.0,0.0,0.0,0.0
CF34,0.0,0.0,0.0,0.0,0.0,0.0,0.0,0.0,0.0,0.0
CF35,0.0,0.0,0.0,0.0,0.0,0.0,0.0,0.0,0.0,0.0
CF36,0.0,0.0,0.0,0.0,0.0,0.0,0.0,0.0,0.0,0.0
CF37,0.0,0.0,0.0,0.0,0.0,0.0,0.0,0.0,0.0,0.0
CF38,0.0,0.0,0.0,0.0,0.0,0.0,0.0,0.0,0.0,0.0
CF39,0.0,0.0,0.0,0.0,0.0,0.0,0.0,0.0,0.0,0.0
CF40,0.0,0.0,0.0,0.0,0.0,0.0,0.0,0.0,0.0,0.0
CF41,0.0,0.0,0.0,0.0,0.0,0.0,0.0,0.0,0.0,0.0
CF42,0.0,0.0,0.0,0.0,0.0,0.0,0.0,0.0,0.0,0.0
CF43,0.0,0.0,0.0,0.0,0.0,0.0,0.0,0.0,0.0,0.0
CF44,0.0,0.0,0.0,0.0,0.0,0.0,0.0,0.0,0.0,0.0
CF45,0.0,0.0,0.0,0.0,0.0,0.0,0.0,0.0,0.0,0.0
CF46,0.0,0.0,0.0,0.0,0.0,0.0,0.0,0.0,0.0,0.0
CF47,0.0,0.0,0.0,0.0,0.0,0.0,0.0,0.0,0.0,0.0
CF48,0.0,0.0,0.0,0.0,0.0,0.0,0.0,0.0,0.0,0.0
CF61,0.0,0.0,0.0,0.0,0.0,0.0,0.0,0.0,0.0,0.0
CF62,0.0,0.0,0.0,0.0,0.0,0.0,0.0,0.0,0.0,0.0
CF63,0.0,0.0,0.0,0.0,0.0,0.0,0.0,0.0,0.0,0.0
CF64,0.0,0.0,0.0,0.0,0.0,0.0,0.0,0.0,0.0,0.0
CF71,0.0,0.0,0.0,0.0,0.0,0.0,0.0,0.0,0.0,0.0
CF72,0.0,0.0,0.0,0.0,0.0,0.0,0.0,0.0,0.0,0.0
CF81,0.0,0.0,0.0,0.0,0.0,0.0,0.0,0.0,0.0,0.0
CF82,0.0,0.0,0.0,0.0,0.0,0.0,0.0,0.0,0.0,0.0
CF83,0.0,0.0,0.0,0.0,0.0,0.0,0.0,0.0,0.0,0.0
CH1,0.045007,0.094184,0.02437,0.056944,0.005755,0.016398,0.001764,0.006814,0.000743,0.003455
CH2,0.049345,0.114138,0.027851,0.066307,0.006725,0.021881,0.0024,0.009437,0.001177,0.004899
CH3,0.055063,0.095576,0.032907,0.059817,0.008958,0.017001,0.002775,0.005916,0.001037,0.002413
CH4,0.041874,0.082407,0.02376,0.047679,0.00538,0.012504,0.001107,0.003497,0.000315,0.000962
CH5,0.001065,0.002927,0.000468,0.001443,0.000154,0.000247,3.2e-05,0.000212,1.6e-05,0.000212
CH6,0.0,0.0,0.0,0.0,0.0,0.0,0.0,0.0,0.0,0.0
CH7,0.0,0.0,0.0,0.0,0.0,0.0,0.0,0.0,0.0,0.0
CH8,7e-06,1.2e-05,0.0,1e-05,0.0,0.0,0.0,0.0,0.0,0.0
CH41,0.058297,0.16198,0.033236,0.108557,0.010785,0.052576,0.006533,0.028794,0.004615,0.020982
CH42,0.037711,0.092755,0.021616,0.057866,0.004804,0.019908,0.001164,0.008963,0.000173,0.005522
CH43,0.045906,0.113554,0.0291,0.070948,0.010525,0.027557,0.004231,0.014743,0.00181,0.008729
CH44,0.037966,0.109268,0.017961,0.064526,0.006628,0.017838,0.00409,0.010077,0.002488,0.007441
CH45,0.011522,0.040079,0.004899,0.023915,0.000752,0.00599,0.000282,0.001648,0.000144,0.000852
CH46,0.018663,0.065381,0.007631,0.030285,0.001581,0.00617,0.000726,0.001948,0.000402,0.00106
CH47,0.005992,0.01854,0.002847,0.008719,0.000609,0.001474,0.000243,0.000634,0.000159,0.000442
CH48,0.006255,0.016337,0.003573,0.008949,0.000855,0.002291,0.000288,0.000889,0.000147,0.000425
CH49,0.038064,0.09873,0.019138,0.051699,0.004413,0.011627,0.001994,0.004413,0.000736,0.001966
CH60,0.025201,0.077058,0.015044,0.037822,0.004234,0.01011,0.001642,0.005405,0.000942,0.002706
CH61,0.024473,0.057089,0.01265,0.030201,0.003492,0.007146,0.001571,0.002828,0.000745,0.001553
CH62,0.031956,0.084091,0.016113,0.049132,0.005068,0.016558,0.002468,0.009009,0.001286,0.006187
CH63,0.036243,0.079597,0.020854,0.049161,0.00639,0.013468,0.001633,0.005977,0.000551,0.002385
CH64,0.032035,0.087814,0.016377,0.043956,0.004328,0.008519,0.001392,0.003341,0.000506,0.001523
CH65,0.038355,0.110188,0.019792,0.069052,0.004677,0.019246,0.001832,0.007145,0.000678,0.004152
CH66,0.058498,0.127523,0.03083,0.072984,0.00536,0.01414,0.000958,0.002993,0.00028,0.000708
CM0,0.023538,0.057035,0.014448,0.036053,0.004327,0.013055,0.001253,0.004876,0.000381,0.001816
CM1,0.041755,0.075567,0.02598,0.047592,0.007999,0.015588,0.00255,0.005755,0.000848,0.002292
CM2,0.044475,0.094589,0.026306,0.057505,0.007722,0.018758,0.003119,0.006849,0.001433,0.003352
CM3,0.046699,0.088514,0.028644,0.05713,0.009092,0.020266,0.003521,0.009377,0.001493,0.004686
CM4,0.06056,0.095292,0.040729,0.065118,0.014043,0.026072,0.005161,0.012119,0.001832,0.005786
CM5,0.044191,0.072154,0.028246,0.046744,0.009287,0.015591,0.003486,0.006153,0.001313,0.002629
CM6,0.040135,0.070381,0.025774,0.04639,0.007948,0.014785,0.002746,0.005442,0.000906,0.002453
CM7,0.030843,0.056723,0.019734,0.036358,0.006199,0.010785,0.002062,0.003808,0.000455,0.001375
CM8,0.041182,0.081889,0.025063,0.053147,0.008277,0.017206,0.00299,0.007095,0.001113,0.003527
CM9,0.041176,0.090216,0.023583,0.053353,0.006778,0.015423,0.002387,0.005469,0.000815,0.00226
CM11,0.077941,0.168232,0.045786,0.11558,0.015163,0.050014,0.005372,0.0269,0.002197,0.015769
CM12,0.082121,0.176095,0.052043,0.12612,0.015199,0.061874,0.005259,0.034635,0.00149,0.017033
CM13,0.08577,0.148928,0.055448,0.101979,0.020528,0.04372,0.009509,0.023665,0.004463,0.013149
CM14,0.048181,0.076472,0.030729,0.050529,0.010822,0.019953,0.004651,0.008394,0.002291,0.004214
CM15,0.055694,0.090711,0.036167,0.05689,0.011856,0.020182,0.003529,0.007864,0.001114,0.002658
CM16,0.04624,0.083975,0.028159,0.053223,0.010361,0.019685,0.005159,0.009266,0.002659,0.005685
CM17,0.058233,0.099594,0.038662,0.066698,0.015157,0.028129,0.006974,0.01376,0.003787,0.007793
CM18,0.059801,0.142338,0.038383,0.089649,0.020573,0.038548,0.012657,0.022655,0.008452,0.014038
CM19,0.085198,0.160974,0.05623,0.112251,0.024911,0.049083,0.015735,0.028617,0.009138,0.020731
CM20,0.128676,0.200204,0.088681,0.146329,0.036542,0.07992,0.01402,0.048617,0.006396,0.02806
CM21,0.030841,0.056321,0.019309,0.036448,0.004967,0.012764,0.001218,0.003511,0.000367,0.000946
CM22,0.037406,0.066871,0.024823,0.043378,0.007505,0.014217,0.001815,0.005066,0.00069,0.001908
CM23,0.029423,0.061415,0.015978,0.036817,0.004345,0.011022,0.001411,0.003919,0.000509,0.001805
CM24,0.039414,0.088746,0.020811,0.058379,0.00662,0.021998,0.001952,0.011561,0.000677,0.006603
CM77,0.039553,0.067972,0.025018,0.042166,0.00717,0.013274,0.001738,0.004565,0.000486,0.002055
CO1,0.028752,0.124961,0.011399,0.072731,0.001999,0.014886,0.000638,0.003062,0.000255,0.000936
CO2,0.021822,0.058008,0.012506,0.033343,0.003604,0.010704,0.00138,0.003702,0.000387,0.001622
CO3,0.015241,0.064941,0.007368,0.037379,0.001159,0.011155,0.00025,0.005279,4.9e-05,0.00222
CO4,0.011404,0.039462,0.005934,0.020627,0.001096,0.005862,0.000354,0.002756,0.000141,0.001652
CO5,0.037211,0.078495,0.023216,0.04983,0.007358,0.016578,0.002407,0.006561,0.000772,0.002635
CO6,0.021934,0.044425,0.012912,0.0268,0.00353,0.007481,0.001148,0.002975,0.000324,0.001362
CO7,0.012331,0.037536,0.007013,0.020523,0.001384,0.005832,0.000439,0.002069,0.000131,0.000997
CO8,0.014762,0.033501,0.008378,0.019834,0.001534,0.004612,0.000391,0.001105,0.000164,0.000465
CO9,0.024556,0.043915,0.015506,0.026724,0.004265,0.00752,0.001222,0.002572,0.000382,0.000924
CO10,0.028381,0.054459,0.018295,0.034727,0.007174,0.012168,0.003306,0.005653,0.001899,0.003343
CO11,0.012314,0.035573,0.00724,0.021632,0.001854,0.007212,0.000563,0.003038,0.000244,0.001343
CO12,0.027791,0.066033,0.016774,0.042193,0.005529,0.0159,0.002367,0.00613,0.000762,0.00208
CO13,0.025041,0.05403,0.01434,0.030144,0.002667,0.00871,0.000658,0.002641,0.000251,0.000783
CO14,0.011321,0.034999,0.006734,0.023201,0.001305,0.009432,0.000257,0.002987,0.000113,0.001205
CO15,0.010001,0.038139,0.004932,0.020216,0.000741,0.004073,0.000315,0.001241,0.00015,0.000347
CO16,0.019775,0.045974,0.01111,0.025538,0.002872,0.00689,0.000953,0.002668,0.000298,0.001142
CR0,0.053914,0.140047,0.030858,0.092745,0.010274,0.036493,0.00385,0.018594,0.000959,0.010323
CR2,0.042188,0.075696,0.030421,0.057622,0.016372,0.035922,0.008252,0.02656,0.001345,0.020111
CR3,0.013479,0.033029,0.00841,0.021857,0.003282,0.009986,0.002069,0.005567,0.001457,0.003975
CR4,0.099939,0.262391,0.048129,0.161572,0.008836,0.043855,0.002819,0.011727,0.000754,0.00325
CR5,0.022794,0.057518,0.013487,0.042341,0.005429,0.02048,0.001976,0.01046,0.000977,0.006148
CR6,0.007369,0.020292,0.004092,0.012157,0.002021,0.00466,0.001284,0.002865,0.000723,0.001922
CR7,0.079314,0.201563,0.039342,0.114692,0.004631,0.024339,0.001889,0.005149,0.001593,0.002556
CR8,0.054907,0.089978,0.041687,0.071728,0.022363,0.047363,0.011108,0.034863,0.00625,0.023303
CT1,0.044826,0.114244,0.027396,0.077074,0.013766,0.027601,0.005345,0.015256,0.001367,0.006822
CT2,0.056592,0.094822,0.041014,0.068211,0.021104,0.038117,0.013151,0.025474,0.009445,0.016812
CT3,0.031388,0.064035,0.021658,0.041965,0.007902,0.016286,0.002746,0.006608,0.00106,0.002924
CT4,0.019356,0.037684,0.013191,0.027705,0.005489,0.013854,0.003057,0.007078,0.001978,0.004321
CT5,0.037745,0.072992,0.02136,0.045515,0.006704,0.014332,0.002571,0.005893,0.001257,0.00275
CT6,0.026165,0.048714,0.015412,0.02825,0.005683,0.010974,0.002379,0.005777,0.000913,0.002865
CT7,0.016116,0.049617,0.009929,0.027551,0.003321,0.009196,0.001019,0.003477,0.000167,0.001071
CT8,0.014706,0.026295,0.010733,0.018372,0.005158,0.010514,0.003424,0.007507,0.00191,0.004697
CT9,0.014763,0.039886,0.009082,0.028881,0.002928,0.013938,0.001397,0.008809,0.000603,0.005974
CT10,0.009719,0.026474,0.004851,0.015137,0.001098,0.004487,0.000453,0.002309,0.000173,0.001492
CT11,0.010003,0.027527,0.005964,0.018003,0.001381,0.005948,0.000455,0.002052,0.000232,0.001198
CT12,0.029151,0.071749,0.019216,0.046164,0.007288,0.018666,0.002161,0.008471,0.000688,0.003403
CT13,0.021549,0.062759,0.012749,0.036464,0.003878,0.01116,0.00155,0.004556,0.000801,0.002376
CT14,0.021817,0.053824,0.013317,0.035942,0.003944,0.013215,0.001319,0.004988,0.000553,0.002613
CT15,0.010977,0.022643,0.007635,0.015778,0.003671,0.007941,0.002227,0.00505,0.001432,0.003517
CT16,0.014154,0.038797,0.007739,0.024534,0.002441,0.00832,0.001052,0.004491,0.000417,0.002296
CT17,0.01058,0.02567,0.006796,0.016413,0.003108,0.005907,0.001881,0.003571,0.001095,0.002483
CT18,0.013468,0.028709,0.008666,0.018511,0.003843,0.008089,0.002351,0.004879,0.001584,0.003462
CT19,0.026994,0.063127,0.014873,0.040073,0.004061,0.012691,0.001491,0.005758,0.000448,0.003164
CT20,0.01165,0.028249,0.006738,0.017764,0.001761,0.005322,0.00068,0.001789,0.000336,0.000969
CT21,0.016726,0.041152,0.010245,0.025739,0.003093,0.010537,0.001093,0.003881,0.000396,0.001313
CV1,0.083615,0.209983,0.047168,0.154616,0.012049,0.052014,0.004415,0.022173,0.00229,0.007734
CV2,0.040883,0.096181,0.022427,0.057561,0.006468,0.020178,0.002947,0.010058,0.001494,0.005804
CV3,0.035921,0.084527,0.018133,0.048481,0.004611,0.015437,0.001891,0.007273,0.000934,0.004022
CV4,0.041193,0.084944,0.023652,0.052804,0.006706,0.015414,0.002769,0.006007,0.000594,0.002414
CV5,0.031047,0.062725,0.017329,0.038146,0.005173,0.01047,0.002076,0.004653,0.000877,0.002323
CV6,0.044643,0.118669,0.02436,0.074026,0.007352,0.026116,0.003435,0.012931,0.00173,0.008348
CV7,0.023764,0.049857,0.014766,0.031693,0.005164,0.011554,0.002332,0.005701,0.001158,0.003243
CV8,0.026062,0.048017,0.015304,0.029856,0.004426,0.009015,0.00171,0.003458,0.000556,0.001678
CV9,0.030231,0.061131,0.018559,0.036127,0.005827,0.011493,0.001998,0.004668,0.000782,0.002266
CV10,0.037951,0.075529,0.023619,0.04894,0.00845,0.017253,0.002206,0.008604,0.000767,0.004335
CV11,0.044441,0.103693,0.022767,0.058177,0.005748,0.013742,0.001948,0.005044,0.000765,0.002258
CV12,0.043048,0.087825,0.025755,0.053358,0.006909,0.020032,0.002252,0.008808,0.000757,0.003596
CV13,0.034781,0.071195,0.020196,0.038973,0.005509,0.009854,0.001696,0.003541,0.000344,0.001245
CV21,0.076112,0.144081,0.041903,0.093527,0.011414,0.030598,0.003827,0.011796,0.00166,0.005927
CV22,0.027642,0.055422,0.016178,0.029656,0.00512,0.008502,0.001926,0.004048,0.000746,0.001999
CV23,0.046243,0.082752,0.028228,0.049869,0.010155,0.016871,0.004198,0.007555,0.001914,0.004053
CV31,0.052932,0.109567,0.029065,0.062766,0.006532,0.01633,0.0021,0.006443,0.000525,0.002136
CV32,0.024446,0.049042,0.013604,0.027074,0.003107,0.006589,0.000891,0.002381,0.000457,0.001056
CV33,0.043523,0.069043,0.028702,0.044306,0.01111,0.016899,0.004187,0.007984,0.001882,0.003556
CV34,0.040624,0.097185,0.021878,0.054024,0.005244,0.01392,0.001841,0.005435,0.000953,0.002332
CV35,0.042935,0.078901,0.026234,0.047983,0.009342,0.016011,0.003888,0.006939,0.001801,0.00349
CV36,0.035567,0.06441,0.020789,0.038063,0.006387,0.012172,0.002681,0.005152,0.001289,0.002474
CV37,0.044527,0.086357,0.025059,0.050699,0.007613,0.014135,0.00301,0.005829,0.001289,0.002805
CV47,0.071304,0.117189,0.04582,0.0764,0.01656,0.028409,0.007163,0.012509,0.003462,0.006533
CW1,0.0651,0.136288,0.035155,0.079352,0.007505,0.021311,0.002099,0.006882,0.000578,0.002865
CW2,0.036371,0.079619,0.019677,0.046333,0.004953,0.013362,0.0017,0.005765,0.000771,0.002643
CW3,0.037565,0.06777,0.024039,0.046461,0.007307,0.018408,0.002434,0.007585,0.001114,0.003391
CW4,0.033726,0.06426,0.019751,0.038134,0.004923,0.0103,0.001429,0.003364,0.000515,0.001165
CW5,0.046145,0.081329,0.027574,0.050961,0.00744,0.016196,0.002133,0.006236,0.000807,0.002595
CW6,0.033681,0.059156,0.020254,0.036293,0.005623,0.010912,0.00169,0.003671,0.000606,0.001333
CW7,0.057863,0.10302,0.036086,0.065355,0.010537,0.023132,0.003746,0.010614,0.001346,0.005456
CW8,0.033457,0.068014,0.019463,0.044502,0.005331,0.014335,0.001666,0.006079,0.000888,0.002711
CW9,0.069881,0.123995,0.043908,0.080191,0.011113,0.029105,0.003272,0.010842,0.001043,0.003162
CW10,0.053805,0.095791,0.032739,0.05904,0.009889,0.020777,0.003812,0.009213,0.001713,0.004597
CW11,0.047184,0.085033,0.027699,0.055326,0.006788,0.017951,0.001745,0.006366,0.000626,0.00207
CW12,0.036388,0.071582,0.021643,0.045643,0.006708,0.015996,0.002796,0.007032,0.001474,0.003854
DA1,0.042753,0.140333,0.020743,0.077474,0.00491,0.020221,0.002203,0.008405,0.000919,0.004356
DA2,0.026782,0.076645,0.015657,0.05169,0.005974,0.024146,0.003365,0.014605,0.001841,0.010525
DA3,0.018752,0.042828,0.012324,0.031308,0.007197,0.017451,0.005059,0.01261,0.003827,0.009791
DA4,0.009385,0.023723,0.005368,0.014605,0.00226,0.005758,0.001294,0.003255,0.000814,0.002475
DA5,0.040514,0.089411,0.024142,0.059264,0.007334,0.022397,0.002834,0.011793,0.0022,0.007235
DA6,0.047127,0.097337,0.030705,0.064682,0.014346,0.027559,0.000818,0.017555,0.00044,0.013905
DA7,0.041295,0.098949,0.017888,0.054015,0.003889,0.013874,0.001957,0.006623,0.000778,0.004516
DA8,0.041476,0.159089,0.020868,0.106904,0.003878,0.029494,0.001534,0.007988,0.000564,0.003821
DA9,0.045293,0.107478,0.025426,0.078774,0.005254,0.02219,0.001607,0.012811,0.000912,0.007882
DA10,0.038218,0.091843,0.017875,0.056654,0.003777,0.01967,0.001758,0.010471,0.000748,0.004637
DA11,0.043458,0.121991,0.023629,0.080611,0.006578,0.035787,0.003147,0.012859,0.001603,0.008039
DA12,0.023893,0.064936,0.013225,0.042367,0.004076,0.015908,0.00222,0.007382,0.001324,0.00483
DA13,0.010883,0.033831,0.007161,0.020925,0.00317,0.008847,0.002008,0.005805,0.001127,0.004236
DA14,0.036543,0.083409,0.01987,0.051529,0.005748,0.017831,0.002464,0.010954,0.001012,0.006921
DA15,0.053273,0.131964,0.028203,0.075151,0.008066,0.023242,0.001393,0.009198,0.000319,0.005252
DA16,0.065764,0.147832,0.03423,0.097248,0.009438,0.031908,0.004145,0.01543,0.002247,0.007765
DA17,0.050502,0.151699,0.025043,0.101806,0.004262,0.02615,0.001135,0.00678,0.000498,0.001743
DA18,0.028372,0.1385,0.008493,0.060664,0.00168,0.009893,0.000467,0.00224,0.000373,0.000653
DD1,0.0,0.0,0.0,0.0,0.0,0.0,0.0,0.0,0.0,0.0
DD2,0.0,0.0,0.0,0.0,0.0,0.0,0.0,0.0,0.0,0.0
DD3,0.0,0.0,0.0,0.0,0.0,0.0,0.0,0.0,0.0,0.0
DD4,0.0,0.0,0.0,0.0,0.0,0.0,0.0,0.0,0.0,0.0
DD5,0.0,0.0,0.0,0.0,0.0,0.0,0.0,0.0,0.0,0.0
DD6,0.0,0.0,0.0,0.0,0.0,0.0,0.0,0.0,0.0,0.0
DD7,0.0,0.0,0.0,0.0,0.0,0.0,0.0,0.0,0.0,0.0
DD8,0.0,0.0,0.0,0.0,0.0,0.0,0.0,0.0,0.0,0.0
DD9,0.0,0.0,0.0,0.0,0.0,0.0,0.0,0.0,0.0,0.0
DD10,0.0,0.0,0.0,0.0,0.0,0.0,0.0,0.0,0.0,0.0
DD11,0.0,0.0,0.0,0.0,0.0,0.0,0.0,0.0,0.0,0.0
DE1,0.12132,0.292107,0.080609,0.217393,0.030672,0.109102,0.013798,0.063052,0.007177,0.037977
DE3,0.030684,0.089091,0.019563,0.054319,0.008056,0.0194,0.003761,0.010648,0.001747,0.006042
DE4,0.01685,0.029696,0.009179,0.020419,0.003058,0.006524,0.001464,0.003205,0.000863,0.001914
DE5,0.055764,0.090031,0.038666,0.065813,0.018404,0.034606,0.008743,0.021235,0.004792,0.01483
DE6,0.022966,0.043375,0.012668,0.027729,0.00413,0.008727,0.001572,0.00376,0.000733,0.001769
DE7,0.046161,0.087989,0.029015,0.057578,0.009234,0.021585,0.003549,0.009875,0.001512,0.004842
DE11,0.035652,0.078695,0.023181,0.050503,0.007362,0.021069,0.003911,0.011547,0.002459,0.006624
DE12,0.031545,0.061161,0.019142,0.037544,0.006319,0.013336,0.002296,0.006055,0.000821,0.002972
DE13,0.035465,0.081589,0.019618,0.048849,0.005597,0.014467,0.002393,0.005769,0.001232,0.002607
DE14,0.063957,0.232886,0.036227,0.146155,0.009519,0.044228,0.004006,0.013648,0.002416,0.005792
DE15,0.019104,0.038969,0.011789,0.023251,0.004288,0.009001,0.002103,0.004963,0.001056,0.002379
DE21,0.042895,0.121762,0.024807,0.078161,0.007725,0.029104,0.002547,0.013181,0.001043,0.005576
DE22,0.072045,0.121098,0.053121,0.092251,0.022368,0.049115,0.011168,0.026163,0.005508,0.015404
DE23,0.04387,0.153231,0.02306,0.092251,0.006724,0.024842,0.003429,0.00885,0.000787,0.003036
DE24,0.097369,0.277369,0.048346,0.160357,0.006063,0.028427,0.001392,0.009389,0.000519,0.003877
DE45,0.011063,0.021427,0.006357,0.012362,0.002257,0.004228,0.001149,0.00225,0.000732,0.001412
DE55,0.03549,0.065937,0.022126,0.043581,0.008936,0.018959,0.004399,0.0109,0.002296,0.006811
DE56,0.026069,0.048511,0.016654,0.031304,0.005077,0.011941,0.0019,0.004757,0.000831,0.00222
DE65,0.031636,0.08247,0.017006,0.044338,0.004205,0.010459,0.001143,0.003399,0.000373,0.001196
DE72,0.03719,0.089252,0.022529,0.051897,0.0073,0.015691,0.002984,0.006806,0.001373,0.003746
DE73,0.027846,0.058791,0.015958,0.035722,0.004846,0.010429,0.001869,0.004218,0.000931,0.00232
DE74,0.034616,0.095936,0.020435,0.057349,0.007167,0.02019,0.003679,0.009706,0.002166,0.004745
DE75,0.048384,0.092666,0.030771,0.06294,0.012348,0.026694,0.006638,0.017705,0.004024,0.012086
DG1,0.0,0.0,0.0,0.0,0.0,0.0,0.0,0.0,0.0,0.0
DG2,0.0,0.0,0.0,0.0,0.0,0.0,0.0,0.0,0.0,0.0
DG3,0.0,0.0,0.0,0.0,0.0,0.0,0.0,0.0,0.0,0.0
DG4,0.0,0.0,0.0,0.0,0.0,0.0,0.0,0.0,0.0,0.0
DG5,0.0,0.0,0.0,0.0,0.0,0.0,0.0,0.0,0.0,0.0
DG6,0.0,0.0,0.0,0.0,0.0,0.0,0.0,0.0,0.0,0.0
DG7,0.0,0.0,0.0,0.0,0.0,0.0,0.0,0.0,0.0,0.0
DG8,0.0,0.0,0.0,0.0,0.0,0.0,0.0,0.0,0.0,0.0
DG9,0.0,0.0,0.0,0.0,0.0,0.0,0.0,0.0,0.0,0.0
DG10,0.0,0.0,0.0,0.0,0.0,0.0,0.0,0.0,0.0,0.0
DG11,0.0,0.0,0.0,0.0,0.0,0.0,0.0,0.0,0.0,0.0
DG12,1.2e-05,1.9e-05,1e-06,4e-06,0.0,0.0,0.0,0.0,0.0,0.0
DG13,0.0,0.0,0.0,0.0,0.0,0.0,0.0,0.0,0.0,0.0
DG14,0.000261,0.000562,0.000165,0.000322,5e-05,9.2e-05,6e-06,3.2e-05,6e-06,8e-06
DG16,0.010423,0.017389,0.006218,0.010663,0.001772,0.003189,0.000556,0.001116,0.000168,0.000412
DH1,0.04025,0.076683,0.025229,0.049408,0.008298,0.018772,0.003346,0.008905,0.001575,0.00468
DH2,0.041704,0.076754,0.026761,0.04968,0.010011,0.019795,0.00541,0.011193,0.002953,0.007125
DH3,0.050034,0.102213,0.032353,0.068656,0.012884,0.026469,0.005674,0.013585,0.003085,0.00707
DH4,0.062943,0.11166,0.042279,0.080358,0.014994,0.038012,0.006626,0.018717,0.003416,0.010126
DH5,0.046142,0.080568,0.032944,0.055691,0.015702,0.028008,0.008858,0.017508,0.005174,0.011449
DH6,0.044381,0.075113,0.030306,0.05332,0.01297,0.025882,0.006422,0.01386,0.003456,0.008106
DH7,0.026733,0.044375,0.017197,0.027945,0.00673,0.01135,0.003177,0.005879,0.001579,0.003453
DH8,0.0244,0.037618,0.015224,0.02275,0.005125,0.008255,0.002318,0.004382,0.001153,0.002517
DH9,0.037535,0.067271,0.022185,0.04159,0.007534,0.014836,0.003442,0.007702,0.002118,0.004645
DL1,0.062704,0.123731,0.037242,0.081267,0.013147,0.030553,0.005586,0.016828,0.001781,0.010213
DL2,0.042748,0.079856,0.026361,0.050442,0.008252,0.017221,0.002937,0.006894,0.001021,0.002601
DL3,0.056901,0.114995,0.034736,0.074368,0.012226,0.028385,0.005348,0.014644,0.00137,0.008317
DL4,0.034827,0.066209,0.018527,0.041214,0.005437,0.013254,0.002602,0.005906,0.001488,0.003
DL5,0.052259,0.112883,0.030032,0.067651,0.007799,0.021406,0.003639,0.008483,0.001642,0.00509
DL6,0.040653,0.07666,0.025465,0.048194,0.008641,0.016469,0.003462,0.007097,0.001453,0.003286
DL7,0.054924,0.102677,0.032697,0.066144,0.009398,0.020593,0.002965,0.007439,0.000889,0.002933
DL8,0.036335,0.066398,0.022774,0.041122,0.007391,0.015157,0.003015,0.007075,0.001462,0.003336
DL9,0.036559,0.071837,0.020901,0.040547,0.005606,0.012014,0.001974,0.004842,0.000589,0.001903
DL10,0.038015,0.073686,0.024381,0.047279,0.008858,0.017197,0.003336,0.007758,0.001496,0.003796
DL11,0.029923,0.051261,0.018166,0.030844,0.006153,0.01213,0.002415,0.006027,0.001053,0.003151
DL12,0.029548,0.048285,0.017849,0.029156,0.005708,0.011263,0.002173,0.005204,0.00094,0.002435
DL13,0.024603,0.036115,0.014921,0.020678,0.005853,0.008808,0.00268,0.004874,0.001283,0.002757
DL14,0.039087,0.068765,0.024899,0.044746,0.010196,0.017289,0.004974,0.008989,0.002614,0.005453
DL15,0.03559,0.057674,0.022659,0.037832,0.008963,0.015142,0.004734,0.008424,0.002677,0.005518
DL16,0.044596,0.076874,0.02878,0.050666,0.010863,0.020946,0.004768,0.010876,0.002565,0.006286
DL17,0.041253,0.076111,0.027456,0.050174,0.009616,0.021029,0.004619,0.010745,0.002232,0.005713
DN1,0.087156,0.221032,0.043738,0.137233,0.003356,0.027436,0.000746,0.004422,0.000693,0.001918
DN2,0.031057,0.154263,0.012893,0.080206,0.003245,0.016435,0.001119,0.004902,0.000397,0.001615
DN3,0.036268,0.106524,0.017066,0.063375,0.004897,0.014353,0.001415,0.004728,0.000447,0.001263
DN4,0.040966,0.140486,0.019918,0.080565,0.004037,0.022443,0.001102,0.00891,0.000443,0.004441
DN5,0.034964,0.07534,0.021383,0.047826,0.006928,0.017215,0.002635,0.007172,0.001147,0.003537
DN6,0.034251,0.089335,0.01861,0.048076,0.005866,0.012901,0.002664,0.005814,0.000937,0.002685
DN7,0.055879,0.164649,0.029511,0.084461,0.009452,0.019534,0.003206,0.007131,0.000848,0.002843
DN8,0.076241,0.197881,0.042896,0.110918,0.017878,0.031873,0.006955,0.014571,0.003026,0.006911
DN9,0.046325,0.123745,0.027924,0.071274,0.00903,0.021459,0.002794,0.00795,0.0008,0.002571
DN10,0.049793,0.121827,0.03115,0.073919,0.01234,0.024892,0.005316,0.010648,0.002544,0.004947
DN11,0.030136,0.072548,0.016943,0.041422,0.005389,0.012449,0.001878,0.004642,0.000657,0.002123
DN12,0.024199,0.052565,0.016606,0.035838,0.007939,0.016763,0.004015,0.011075,0.00245,0.007721
DN14,0.028218,0.087241,0.015389,0.041437,0.004693,0.011114,0.001469,0.003515,0.000425,0.001092
DN15,0.015741,0.041187,0.009084,0.022235,0.002259,0.006614,0.000682,0.002403,0.000307,0.001104
DN16,0.039815,0.103178,0.018865,0.057632,0.004294,0.017433,0.001655,0.007243,0.000931,0.003757
DN17,0.021962,0.064872,0.013378,0.036001,0.003323,0.011007,0.000596,0.003565,0.000156,0.001031
DN18,0.008765,0.024548,0.005067,0.013311,0.001905,0.005054,0.000746,0.002906,0.000268,0.001706
DN19,0.016118,0.042228,0.008241,0.020938,0.001595,0.004338,0.000385,0.001179,0.000142,0.000399
DN20,0.018096,0.042735,0.010712,0.024603,0.003049,0.007477,0.000914,0.00254,0.000181,0.000884
DN21,0.039279,0.080848,0.023762,0.047999,0.008175,0.014956,0.003005,0.005599,0.001141,0.002416
DN22,0.040922,0.088926,0.024828,0.054729,0.008779,0.018111,0.003659,0.007261,0.001696,0.003239
DN31,0.023159,0.065061,0.007586,0.027001,0.00114,0.004393,0.000498,0.001344,0.000302,0.000679
DN32,0.071703,0.281395,0.02691,0.153774,0.00466,0.028252,0.000951,0.00405,0.000537,0.001391
DN33,0.073887,0.163366,0.031922,0.0904,0.007462,0.019646,0.002188,0.00456,0.000415,0.001543
DN34,0.0972,0.222243,0.045362,0.14847,0.009968,0.048167,0.004029,0.018324,0.000776,0.006625
DN35,0.032099,0.088715,0.013806,0.052188,0.003965,0.012081,0.001036,0.005452,0.000161,0.003379
DN36,0.030675,0.070038,0.018267,0.039712,0.00593,0.011572,0.002163,0.003771,0.000694,0.001096
DN37,0.027854,0.054894,0.017545,0.034107,0.006162,0.013222,0.002358,0.005571,0.000904,0.0026
DN38,0.01863,0.035448,0.012027,0.023275,0.004185,0.008592,0.001721,0.003678,0.000627,0.001616
DN39,0.021504,0.042491,0.013002,0.026762,0.004244,0.00948,0.001394,0.003822,0.000452,0.001947
DN40,0.042767,0.089811,0.023537,0.050002,0.006416,0.013261,0.001733,0.005073,0.000705,0.002405
DN41,0.03575,0.071513,0.02125,0.042523,0.006173,0.013008,0.001963,0.004681,0.000464,0.001459
DT1,0.037485,0.085496,0.020333,0.054456,0.005772,0.019595,0.002279,0.010642,0.000672,0.006034
DT2,0.013489,0.026852,0.008314,0.016032,0.002957,0.005597,0.001328,0.002706,0.000642,0.001569
DT3,0.016806,0.03046,0.010285,0.019294,0.003546,0.007369,0.001524,0.003604,0.000848,0.001864
DT4,0.020497,0.045131,0.011064,0.029246,0.003269,0.009752,0.001316,0.00507,0.000706,0.002873
DT5,0.006515,0.014499,0.00369,0.00968,0.001411,0.004294,0.000702,0.00244,0.000329,0.001588
DT6,0.019625,0.032077,0.013276,0.021637,0.005372,0.009457,0.002541,0.005064,0.001051,0.002839
DT7,0.006943,0.013126,0.004871,0.008327,0.002258,0.003956,0.001229,0.002503,0.000711,0.001626
DT8,0.021807,0.032152,0.013973,0.021022,0.005204,0.008241,0.00236,0.00386,0.000921,0.001848
DT9,0.028003,0.051416,0.016399,0.031862,0.004641,0.009775,0.001737,0.003656,0.000663,0.001589
DT10,0.040979,0.075488,0.023486,0.04474,0.005819,0.012002,0.001986,0.004091,0.00082,0.001721
DT11,0.009258,0.021897,0.005488,0.012927,0.001722,0.004047,0.000705,0.001673,0.000342,0.000869
DY1,0.05863,0.137648,0.034072,0.089034,0.011693,0.032024,0.006107,0.017166,0.004022,0.011041
DY2,0.07856,0.163582,0.044931,0.110674,0.013514,0.043974,0.006391,0.02614,0.002978,0.016248
DY3,0.027105,0.050937,0.017223,0.032402,0.006502,0.01325,0.003349,0.007587,0.001961,0.004585
DY4,0.090141,0.232219,0.050037,0.161451,0.011602,0.066026,0.00241,0.034403,0.000819,0.018631
DY5,0.064764,0.149683,0.036594,0.096597,0.011513,0.037985,0.005246,0.020473,0.003587,0.013619
DY6,0.033982,0.081929,0.017737,0.04883,0.004774,0.015171,0.001862,0.008439,0.000585,0.005192
DY7,0.016201,0.035149,0.009647,0.021905,0.002813,0.007303,0.001109,0.003206,0.000466,0.001588
DY8,0.029583,0.072842,0.017936,0.046327,0.00654,0.019562,0.00351,0.011214,0.002097,0.007242
DY9,0.022863,0.042714,0.014296,0.027829,0.005582,0.011354,0.002613,0.00576,0.00149,0.003388
DY10,0.019287,0.044487,0.010578,0.026911,0.002522,0.008496,0.000765,0.00336,0.000382,0.001608
DY11,0.023092,0.056075,0.011649,0.032993,0.002721,0.009915,0.000921,0.004741,0.000357,0.002547
DY12,0.016656,0.029974,0.010732,0.0202,0.003783,0.009546,0.001347,0.005301,0.000441,0.002981
DY13,0.017093,0.047604,0.008558,0.027333,0.002034,0.007062,0.000694,0.002678,0.000263,0.001492
DY14,0.018659,0.032185,0.01289,0.021315,0.005517,0.010757,0.002833,0.006126,0.001419,0.003865
E1,0.098082,0.32079,0.050272,0.210863,0.011689,0.075995,0.004847,0.034948,0.002971,0.018373
E1W,0.078153,0.193464,0.03535,0.141851,0.005534,0.052178,0.003162,0.027444,0.001016,0.010842
E2,0.104375,0.304829,0.046821,0.169066,0.006556,0.034057,0.002147,0.011836,0.001044,0.003597
E3,0.063681,0.202343,0.02899,0.121593,0.006012,0.03863,0.002695,0.017346,0.001071,0.008466
E4,0.080352,0.159621,0.048595,0.104592,0.013588,0.038282,0.005218,0.014894,0.002704,0.00746
E5,0.181873,0.316882,0.105742,0.209265,0.026206,0.070852,0.007613,0.026627,0.001798,0.011783
E6,0.05145,0.244285,0.020303,0.151966,0.003258,0.045546,0.001156,0.012753,0.000403,0.00445
E7,0.032482,0.204014,0.011325,0.089699,0.001809,0.016084,0.000708,0.004798,0.000315,0.001337
E8,0.25264,0.476503,0.146644,0.322425,0.045204,0.130816,0.018825,0.067207,0.010072,0.033154
E9,0.241955,0.363131,0.15737,0.268051,0.05049,0.146599,0.012434,0.09702,0.00198,0.064508
E10,0.068403,0.218832,0.037428,0.123498,0.008977,0.043394,0.001549,0.017266,0.00066,0.005507
E11,0.054536,0.162278,0.032738,0.108125,0.009952,0.043496,0.003707,0.020589,0.002256,0.009167
E12,0.035871,0.186044,0.01845,0.109818,0.008637,0.034915,0.002793,0.011393,0.00158,0.003345
E13,0.058601,0.290122,0.026034,0.144965,0.004275,0.027667,0.001201,0.006869,0.00024,0.002786
E14,0.055305,0.162335,0.027072,0.106352,0.007199,0.032122,0.002477,0.012849,0.001529,0.005979
E15,0.071837,0.253651,0.035529,0.153416,0.010244,0.051021,0.002687,0.025912,0.001707,0.015015
E16,0.037629,0.177742,0.014961,0.104154,0.00261,0.02239,0.001009,0.00708,0.000713,0.003897
E17,0.083111,0.204568,0.048903,0.132321,0.012647,0.048778,0.005641,0.021673,0.003691,0.009973
E18,0.086619,0.176983,0.04885,0.109873,0.014046,0.037769,0.005827,0.016804,0.002601,0.008376
E20,0.103202,0.223386,0.066624,0.183542,0.013063,0.097976,0.000653,0.047682,0.0,0.03919
EC1A,0.010103,0.282264,0.006946,0.224801,0.003157,0.070724,0.001263,0.048623,0.000631,0.030942
EC1M,0.147663,0.349767,0.122307,0.298309,0.06712,0.226715,0.01417,0.131256,0.008203,0.080543
EC1N,0.121473,0.259263,0.091558,0.20034,0.031728,0.110595,0.025382,0.052578,0.00272,0.01813
EC1R,0.131187,0.262754,0.095547,0.208535,0.041707,0.140287,0.025024,0.083035,0.014787,0.054977
EC1V,0.127843,0.291253,0.074295,0.215773,0.029441,0.095043,0.019364,0.053746,0.006916,0.030429
EC1Y,0.056258,0.225032,0.026708,0.142634,0.009092,0.061372,0.005683,0.04262,0.005683,0.024435
EC2A,0.194339,0.505281,0.122492,0.409093,0.056142,0.182561,0.013349,0.094225,0.006282,0.056142
EC2M,0.033627,0.379176,0.033047,0.310182,0.015074,0.155381,0.003479,0.107839,0.0,0.067255
EC2N,0.0,0.474671,0.0,0.41631,0.0,0.250953,0.0,0.190647,0.0,0.163411
EC2R,0.001463,0.576529,0.0,0.535557,0.0,0.371671,0.0,0.194615,0.0,0.121451
EC2V,0.0,0.251598,0.0,0.199799,0.0,0.04625,0.0,0.026825,0.0,0.0148
EC2Y,0.03965,0.418199,0.010474,0.324684,0.001496,0.106233,0.001496,0.066583,0.001496,0.04788
EC3A,0.0,0.430898,0.0,0.345532,0.0,0.142278,0.0,0.067751,0.0,0.048781
EC3M,0.0,0.148378,0.0,0.098919,0.0,0.062282,0.0,0.047627,0.0,0.001832
EC3N,0.040633,0.186694,0.025808,0.163632,0.015375,0.105427,0.009884,0.050517,0.005491,0.026906
EC3R,0.038844,0.253369,0.020305,0.196869,0.002648,0.079454,0.000883,0.037078,0.000883,0.024719
EC3V,0.0,0.223669,0.0,0.178589,0.0,0.095363,0.0,0.010403,0.0,0.001734
EC4A,0.198629,0.356912,0.194491,0.326911,0.188284,0.260701,0.17587,0.225527,0.151041,0.200698
EC4M,0.032722,0.152061,0.030797,0.137625,0.02791,0.086617,0.023098,0.053895,0.010587,0.032722
EC4N,0.028421,0.335363,0.0,0.291785,0.0,0.115577,0.0,0.03221,0.0,0.015158
EC4R,0.232283,0.379297,0.084288,0.350874,0.049985,0.30775,0.007841,0.079388,0.006861,0.040184
EC4V,0.237166,0.343763,0.213704,0.29735,0.090276,0.242266,0.036722,0.14587,0.022952,0.090786
EC4Y,0.308631,0.492246,0.242216,0.411768,0.123452,0.317225,0.067977,0.205493,0.041411,0.129703
EH1,0.0,0.0,0.0,0.0,0.0,0.0,0.0,0.0,0.0,0.0
EH2,0.0,0.0,0.0,0.0,0.0,0.0,0.0,0.0,0.0,0.0
EH3,0.0,0.0,0.0,0.0,0.0,0.0,0.0,0.0,0.0,0.0
EH4,0.0,0.0,0.0,0.0,0.0,0.0,0.0,0.0,0.0,0.0
EH5,0.0,0.0,0.0,0.0,0.0,0.0,0.0,0.0,0.0,0.0
EH6,0.0,0.0,0.0,0.0,0.0,0.0,0.0,0.0,0.0,0.0
EH7,0.0,0.0,0.0,0.0,0.0,0.0,0.0,0.0,0.0,0.0
EH8,0.0,0.0,0.0,0.0,0.0,0.0,0.0,0.0,0.0,0.0
EH9,0.0,0.0,0.0,0.0,0.0,0.0,0.0,0.0,0.0,0.0
EH10,0.0,0.0,0.0,0.0,0.0,0.0,0.0,0.0,0.0,0.0
EH11,0.0,0.0,0.0,0.0,0.0,0.0,0.0,0.0,0.0,0.0
EH12,0.0,0.0,0.0,0.0,0.0,0.0,0.0,0.0,0.0,0.0
EH13,0.0,0.0,0.0,0.0,0.0,0.0,0.0,0.0,0.0,0.0
EH14,0.0,0.0,0.0,0.0,0.0,0.0,0.0,0.0,0.0,0.0
EH15,0.0,0.0,0.0,0.0,0.0,0.0,0.0,0.0,0.0,0.0
EH16,0.0,0.0,0.0,0.0,0.0,0.0,0.0,0.0,0.0,0.0
EH17,0.0,0.0,0.0,0.0,0.0,0.0,0.0,0.0,0.0,0.0
EH18,0.0,0.0,0.0,0.0,0.0,0.0,0.0,0.0,0.0,0.0
EH19,0.0,0.0,0.0,0.0,0.0,0.0,0.0,0.0,0.0,0.0
EH20,0.0,0.0,0.0,0.0,0.0,0.0,0.0,0.0,0.0,0.0
EH21,0.0,0.0,0.0,0.0,0.0,0.0,0.0,0.0,0.0,0.0
EH22,0.0,0.0,0.0,0.0,0.0,0.0,0.0,0.0,0.0,0.0
EH23,0.0,0.0,0.0,0.0,0.0,0.0,0.0,0.0,0.0,0.0
EH24,0.0,0.0,0.0,0.0,0.0,0.0,0.0,0.0,0.0,0.0
EH25,0.0,0.0,0.0,0.0,0.0,0.0,0.0,0.0,0.0,0.0
EH26,0.0,0.0,0.0,0.0,0.0,0.0,0.0,0.0,0.0,0.0
EH27,0.0,0.0,0.0,0.0,0.0,0.0,0.0,0.0,0.0,0.0
EH28,0.0,0.0,0.0,0.0,0.0,0.0,0.0,0.0,0.0,0.0
EH29,0.0,0.0,0.0,0.0,0.0,0.0,0.0,0.0,0.0,0.0
EH30,0.0,0.0,0.0,0.0,0.0,0.0,0.0,0.0,0.0,0.0
EH31,0.0,0.0,0.0,0.0,0.0,0.0,0.0,0.0,0.0,0.0
EH32,0.0,0.0,0.0,0.0,0.0,0.0,0.0,0.0,0.0,0.0
EH33,0.0,0.0,0.0,0.0,0.0,0.0,0.0,0.0,0.0,0.0
EH34,0.0,0.0,0.0,0.0,0.0,0.0,0.0,0.0,0.0,0.0
EH35,0.0,0.0,0.0,0.0,0.0,0.0,0.0,0.0,0.0,0.0
EH36,0.0,0.0,0.0,0.0,0.0,0.0,0.0,0.0,0.0,0.0
EH37,0.0,0.0,0.0,0.0,0.0,0.0,0.0,0.0,0.0,0.0
EH38,0.0,0.0,0.0,0.0,0.0,0.0,0.0,0.0,0.0,0.0
EH39,0.0,0.0,0.0,0.0,0.0,0.0,0.0,0.0,0.0,0.0
EH40,0.0,0.0,0.0,0.0,0.0,0.0,0.0,0.0,0.0,0.0
EH41,0.0,0.0,0.0,0.0,0.0,0.0,0.0,0.0,0.0,0.0
EH42,0.0,0.0,0.0,0.0,0.0,0.0,0.0,0.0,0.0,0.0
EH43,0.0,0.0,0.0,0.0,0.0,0.0,0.0,0.0,0.0,0.0
EH44,0.0,0.0,0.0,0.0,0.0,0.0,0.0,0.0,0.0,0.0
EH45,0.0,0.0,0.0,0.0,0.0,0.0,0.0,0.0,0.0,0.0
EH46,0.0,0.0,0.0,0.0,0.0,0.0,0.0,0.0,0.0,0.0
EH47,0.0,0.0,0.0,0.0,0.0,0.0,0.0,0.0,0.0,0.0
EH48,0.0,0.0,0.0,0.0,0.0,0.0,0.0,0.0,0.0,0.0
EH49,0.0,0.0,0.0,0.0,0.0,0.0,0.0,0.0,0.0,0.0
EH51,0.0,0.0,0.0,0.0,0.0,0.0,0.0,0.0,0.0,0.0
EH52,0.0,0.0,0.0,0.0,0.0,0.0,0.0,0.0,0.0,0.0
EH53,0.0,0.0,0.0,0.0,0.0,0.0,0.0,0.0,0.0,0.0
EH54,0.0,0.0,0.0,0.0,0.0,0.0,0.0,0.0,0.0,0.0
EH55,0.0,0.0,0.0,0.0,0.0,0.0,0.0,0.0,0.0,0.0
EN1,0.056343,0.170917,0.023267,0.102113,0.00414,0.028469,0.001061,0.010933,0.000467,0.004819
EN2,0.054109,0.095161,0.032317,0.05957,0.011361,0.022206,0.005337,0.010986,0.001914,0.00561
EN3,0.043121,0.214944,0.017883,0.127334,0.004171,0.026422,0.001381,0.007962,0.000395,0.003199
EN4,0.050699,0.103655,0.030368,0.063029,0.011616,0.02418,0.005533,0.013745,0.002784,0.008036
EN5,0.070718,0.132088,0.041854,0.082865,0.01163,0.027513,0.00412,0.012575,0.001492,0.007081
EN6,0.046212,0.080352,0.028181,0.050621,0.009795,0.018364,0.004549,0.009037,0.002281,0.005276
EN7,0.034445,0.062638,0.019217,0.036943,0.005498,0.012037,0.002723,0.005645,0.001578,0.002914
EN8,0.059211,0.185326,0.028931,0.107247,0.006299,0.024025,0.002446,0.008834,0.001467,0.004565
EN9,0.058926,0.116566,0.035166,0.071459,0.009861,0.021773,0.003473,0.008786,0.00131,0.00323
EN10,0.038858,0.095643,0.022749,0.05864,0.006687,0.020642,0.003121,0.009577,0.001884,0.005508
EN11,0.050614,0.138775,0.026321,0.086849,0.007475,0.028879,0.002611,0.011769,0.001458,0.004122
EX1,0.039025,0.077883,0.023985,0.052089,0.007156,0.02074,0.003141,0.011483,0.001269,0.005887
EX2,0.026768,0.078731,0.015575,0.048541,0.004143,0.015579,0.001367,0.006574,0.000693,0.003069
EX3,0.02022,0.047327,0.011308,0.025413,0.002576,0.005468,0.000937,0.002259,0.000468,0.000923
EX4,0.025017,0.048852,0.015111,0.031358,0.004647,0.011745,0.002221,0.005577,0.001271,0.003174
EX5,0.027569,0.047384,0.016911,0.029216,0.005214,0.00963,0.001976,0.004061,0.00084,0.002019
EX6,0.014892,0.027296,0.008816,0.017202,0.002824,0.00642,0.001127,0.003171,0.0006,0.001676
EX7,0.007221,0.013949,0.003861,0.008466,0.00086,0.002514,0.000223,0.00105,0.000144,0.00052
EX8,0.018903,0.034283,0.011145,0.02219,0.003701,0.008351,0.001669,0.003372,0.000762,0.001691
EX9,0.006592,0.013695,0.003892,0.008103,0.000622,0.002555,0.000222,0.000496,9.6e-05,0.000211
EX10,0.010685,0.018851,0.005971,0.0103,0.001636,0.003024,0.000655,0.001458,0.000338,0.000746
EX11,0.014821,0.025285,0.008712,0.014659,0.002417,0.003776,0.00105,0.001537,0.000444,0.000725
EX12,0.011533,0.027047,0.006815,0.017601,0.001902,0.005105,0.000646,0.001873,0.000323,0.00069
EX13,0.023987,0.037511,0.015132,0.023722,0.005296,0.009016,0.002028,0.004098,0.000817,0.002037
EX14,0.013559,0.024449,0.007909,0.013728,0.002461,0.004294,0.000988,0.001863,0.000439,0.000968
EX15,0.020163,0.03423,0.011453,0.019598,0.002802,0.004848,0.00089,0.001657,0.000339,0.000734
EX16,0.020427,0.033399,0.01247,0.022224,0.003743,0.008632,0.001322,0.003874,0.00059,0.001799
EX17,0.014465,0.027518,0.008133,0.017111,0.002111,0.006,0.000817,0.002386,0.000396,0.001112
EX18,0.016535,0.024992,0.009556,0.016258,0.002284,0.006584,0.00057,0.002746,0.000185,0.001082
EX19,0.019339,0.03456,0.011482,0.023055,0.003049,0.008793,0.000856,0.003684,0.000386,0.001235
EX20,0.019827,0.032221,0.012192,0.020019,0.004323,0.007877,0.001792,0.004003,0.000794,0.002145
EX21,0.02112,0.038213,0.013592,0.025547,0.005167,0.010654,0.002397,0.005527,0.00106,0.002957
EX22,0.027544,0.047989,0.017667,0.033229,0.006169,0.015104,0.002555,0.007579,0.00104,0.003676
EX23,0.020546,0.036241,0.013607,0.02505,0.005654,0.012201,0.002968,0.006857,0.001435,0.003975
EX24,0.019029,0.031725,0.011784,0.018497,0.003767,0.006015,0.001413,0.002261,0.000469,0.000951
EX31,0.014372,0.026764,0.008683,0.017108,0.00304,0.006847,0.001539,0.003415,0.000961,0.002002
EX32,0.01428,0.024766,0.008486,0.015535,0.002184,0.004951,0.000969,0.002063,0.000574,0.001125
EX33,0.00762,0.022443,0.004211,0.012233,0.000914,0.003079,0.000303,0.001002,0.000125,0.000356
EX34,0.00662,0.011411,0.003928,0.007121,0.001006,0.002508,0.000385,0.001028,0.000211,0.000504
EX35,0.006983,0.010013,0.003895,0.006032,0.001062,0.001882,0.000513,0.000831,0.000238,0.000534
EX36,0.015819,0.027538,0.009245,0.01817,0.003228,0.007499,0.001454,0.00355,0.000681,0.001908
EX37,0.016483,0.027827,0.009214,0.017588,0.00225,0.005959,0.000757,0.002357,0.000363,0.001004
EX38,0.017187,0.029249,0.011059,0.019799,0.003804,0.008953,0.00163,0.004609,0.000873,0.002421
EX39,0.015506,0.026978,0.010308,0.018521,0.003486,0.008191,0.001303,0.003924,0.000592,0.001906
FK1,0.0,0.0,0.0,0.0,0.0,0.0,0.0,0.0,0.0,0.0
FK2,0.0,0.0,0.0,0.0,0.0,0.0,0.0,0.0,0.0,0.0
FK3,0.0,0.0,0.0,0.0,0.0,0.0,0.0,0.0,0.0,0.0
FK4,0.0,0.0,0.0,0.0,0.0,0.0,0.0,0.0,0.0,0.0
FK5,0.0,0.0,0.0,0.0,0.0,0.0,0.0,0.0,0.0,0.0
FK6,0.0,0.0,0.0,0.0,0.0,0.0,0.0,0.0,0.0,0.0
FK7,0.0,0.0,0.0,0.0,0.0,0.0,0.0,0.0,0.0,0.0
FK8,0.0,0.0,0.0,0.0,0.0,0.0,0.0,0.0,0.0,0.0
FK9,0.0,0.0,0.0,0.0,0.0,0.0,0.0,0.0,0.0,0.0
FK10,0.0,0.0,0.0,0.0,0.0,0.0,0.0,0.0,0.0,0.0
FK11,0.0,0.0,0.0,0.0,0.0,0.0,0.0,0.0,0.0,0.0
FK12,0.0,0.0,0.0,0.0,0.0,0.0,0.0,0.0,0.0,0.0
FK13,0.0,0.0,0.0,0.0,0.0,0.0,0.0,0.0,0.0,0.0
FK14,0.0,0.0,0.0,0.0,0.0,0.0,0.0,0.0,0.0,0.0
FK15,0.0,0.0,0.0,0.0,0.0,0.0,0.0,0.0,0.0,0.0
FK16,0.0,0.0,0.0,0.0,0.0,0.0,0.0,0.0,0.0,0.0
FK17,0.0,0.0,0.0,0.0,0.0,0.0,0.0,0.0,0.0,0.0
FK18,0.0,0.0,0.0,0.0,0.0,0.0,0.0,0.0,0.0,0.0
FK19,0.0,0.0,0.0,0.0,0.0,0.0,0.0,0.0,0.0,0.0
FK20,0.0,0.0,0.0,0.0,0.0,0.0,0.0,0.0,0.0,0.0
FK21,0.0,0.0,0.0,0.0,0.0,0.0,0.0,0.0,0.0,0.0
FY1,0.028579,0.064415,0.015483,0.040739,0.00365,0.014382,0.001297,0.006102,0.00049,0.002604
FY2,0.039724,0.085281,0.021968,0.055516,0.00517,0.019045,0.001191,0.007822,0.000368,0.002505
FY3,0.082803,0.151028,0.046759,0.106385,0.012341,0.039726,0.002495,0.014934,0.000538,0.005749
FY4,0.051631,0.120084,0.026955,0.071665,0.003907,0.020876,0.000741,0.005333,0.000375,0.001111
FY5,0.027024,0.082775,0.01254,0.041167,0.002225,0.00722,0.000398,0.002417,2.5e-05,0.00069
FY6,0.045504,0.07556,0.026302,0.044325,0.005131,0.010629,0.001238,0.002461,0.000367,0.00078
FY7,0.006963,0.026353,0.002411,0.0109,0.0004,0.001693,0.000124,0.000511,3.3e-05,0.000216
FY8,0.016672,0.043453,0.00743,0.020802,0.001201,0.00383,0.000181,0.000957,4.5e-05,0.000226
G1,0.0,0.0,0.0,0.0,0.0,0.0,0.0,0.0,0.0,0.0
G2,0.0,0.0,0.0,0.0,0.0,0.0,0.0,0.0,0.0,0.0
G3,0.0,0.0,0.0,0.0,0.0,0.0,0.0,0.0,0.0,0.0
G4,0.0,0.0,0.0,0.0,0.0,0.0,0.0,0.0,0.0,0.0
G5,0.0,0.0,0.0,0.0,0.0,0.0,0.0,0.0,0.0,0.0
G11,0.0,0.0,0.0,0.0,0.0,0.0,0.0,0.0,0.0,0.0
G12,0.0,0.0,0.0,0.0,0.0,0.0,0.0,0.0,0.0,0.0
G13,0.0,0.0,0.0,0.0,0.0,0.0,0.0,0.0,0.0,0.0
G14,0.0,0.0,0.0,0.0,0.0,0.0,0.0,0.0,0.0,0.0
G15,0.0,0.0,0.0,0.0,0.0,0.0,0.0,0.0,0.0,0.0
G20,0.0,0.0,0.0,0.0,0.0,0.0,0.0,0.0,0.0,0.0
G21,0.0,0.0,0.0,0.0,0.0,0.0,0.0,0.0,0.0,0.0
G22,0.0,0.0,0.0,0.0,0.0,0.0,0.0,0.0,0.0,0.0
G23,0.0,0.0,0.0,0.0,0.0,0.0,0.0,0.0,0.0,0.0
G31,0.0,0.0,0.0,0.0,0.0,0.0,0.0,0.0,0.0,0.0
G32,0.0,0.0,0.0,0.0,0.0,0.0,0.0,0.0,0.0,0.0
G33,0.0,0.0,0.0,0.0,0.0,0.0,0.0,0.0,0.0,0.0
G34,0.0,0.0,0.0,0.0,0.0,0.0,0.0,0.0,0.0,0.0
G40,0.0,0.0,0.0,0.0,0.0,0.0,0.0,0.0,0.0,0.0
G41,0.0,0.0,0.0,0.0,0.0,0.0,0.0,0.0,0.0,0.0
G42,0.0,0.0,0.0,0.0,0.0,0.0,0.0,0.0,0.0,0.0
G43,0.0,0.0,0.0,0.0,0.0,0.0,0.0,0.0,0.0,0.0
G44,0.0,0.0,0.0,0.0,0.0,0.0,0.0,0.0,0.0,0.0
G45,0.0,0.0,0.0,0.0,0.0,0.0,0.0,0.0,0.0,0.0
G46,0.0,0.0,0.0,0.0,0.0,0.0,0.0,0.0,0.0,0.0
G51,0.0,0.0,0.0,0.0,0.0,0.0,0.0,0.0,0.0,0.0
G52,0.0,0.0,0.0,0.0,0.0,0.0,0.0,0.0,0.0,0.0
G53,0.0,0.0,0.0,0.0,0.0,0.0,0.0,0.0,0.0,0.0
G60,0.0,0.0,0.0,0.0,0.0,0.0,0.0,0.0,0.0,0.0
G61,0.0,0.0,0.0,0.0,0.0,0.0,0.0,0.0,0.0,0.0
G62,0.0,0.0,0.0,0.0,0.0,0.0,0.0,0.0,0.0,0.0
G63,0.0,0.0,0.0,0.0,0.0,0.0,0.0,0.0,0.0,0.0
G64,0.0,0.0,0.0,0.0,0.0,0.0,0.0,0.0,0.0,0.0
G65,0.0,0.0,0.0,0.0,0.0,0.0,0.0,0.0,0.0,0.0
G66,0.0,0.0,0.0,0.0,0.0,0.0,0.0,0.0,0.0,0.0
G67,0.0,0.0,0.0,0.0,0.0,0.0,0.0,0.0,0.0,0.0
G68,0.0,0.0,0.0,0.0,0.0,0.0,0.0,0.0,0.0,0.0
G69,0.0,0.0,0.0,0.0,0.0,0.0,0.0,0.0,0.0,0.0
G71,0.0,0.0,0.0,0.0,0.0,0.0,0.0,0.0,0.0,0.0
G72,0.0,0.0,0.0,0.0,0.0,0.0,0.0,0.0,0.0,0.0
G73,0.0,0.0,0.0,0.0,0.0,0.0,0.0,0.0,0.0,0.0
G74,0.0,0.0,0.0,0.0,0.0,0.0,0.0,0.0,0.0,0.0
G75,0.0,0.0,0.0,0.0,0.0,0.0,0.0,0.0,0.0,0.0
G76,0.0,0.0,0.0,0.0,0.0,0.0,0.0,0.0,0.0,0.0
G77,0.0,0.0,0.0,0.0,0.0,0.0,0.0,0.0,0.0,0.0
G78,0.0,0.0,0.0,0.0,0.0,0.0,0.0,0.0,0.0,0.0
G81,0.0,0.0,0.0,0.0,0.0,0.0,0.0,0.0,0.0,0.0
G82,0.0,0.0,0.0,0.0,0.0,0.0,0.0,0.0,0.0,0.0
G83,0.0,0.0,0.0,0.0,0.0,0.0,0.0,0.0,0.0,0.0
G84,0.0,0.0,0.0,0.0,0.0,0.0,0.0,0.0,0.0,0.0
GL1,0.097722,0.26117,0.042187,0.151091,0.006044,0.025808,0.001176,0.007365,0.000392,0.001754
GL2,0.051078,0.110416,0.029528,0.063066,0.009048,0.017249,0.00279,0.006489,0.001032,0.002204
GL3,0.046036,0.096196,0.025056,0.058245,0.007296,0.016394,0.003723,0.007291,0.002166,0.00457
GL4,0.027481,0.057702,0.014556,0.031811,0.004566,0.008966,0.002091,0.00454,0.000756,0.002627
GL5,0.021731,0.03889,0.013703,0.025142,0.004641,0.008899,0.002283,0.00434,0.001267,0.00244
GL6,0.006922,0.011937,0.004244,0.007178,0.001381,0.002449,0.000562,0.001111,0.000319,0.000604
GL7,0.01277,0.028728,0.007045,0.015391,0.001967,0.004253,0.000873,0.002011,0.000492,0.001209
GL8,0.009457,0.019281,0.005668,0.011548,0.002249,0.004117,0.001324,0.002282,0.000744,0.001443
GL9,0.011332,0.024594,0.007262,0.014152,0.003072,0.005444,0.001704,0.003284,0.000981,0.002211
GL10,0.044893,0.077064,0.02956,0.049304,0.010318,0.017322,0.004733,0.007976,0.002395,0.004245
GL11,0.022303,0.03829,0.013718,0.023219,0.00476,0.008065,0.001934,0.003765,0.000882,0.002122
GL12,0.024865,0.043999,0.01455,0.02482,0.005049,0.008119,0.002133,0.003911,0.001055,0.002188
GL13,0.054974,0.10435,0.03235,0.064815,0.009611,0.018277,0.003553,0.007012,0.001432,0.003562
GL14,0.027609,0.053286,0.017292,0.030468,0.005668,0.010383,0.002312,0.004674,0.001011,0.002234
GL15,0.014235,0.025653,0.00904,0.016426,0.003193,0.006236,0.001597,0.003207,0.000974,0.00207
GL16,0.020914,0.038069,0.014101,0.026394,0.005572,0.011742,0.00285,0.006176,0.001835,0.003752
GL17,0.013468,0.023501,0.009156,0.015856,0.003828,0.006609,0.002069,0.003724,0.001096,0.002426
GL18,0.026009,0.047536,0.017311,0.030425,0.005918,0.011816,0.00214,0.00496,0.000958,0.002295
GL19,0.045625,0.090874,0.028064,0.053858,0.00875,0.014063,0.002821,0.005045,0.000867,0.001878
GL20,0.040458,0.083746,0.022247,0.044569,0.005431,0.011565,0.001942,0.003987,0.000845,0.001977
GL50,0.069756,0.151345,0.042207,0.094783,0.011883,0.032872,0.005147,0.012917,0.002397,0.005979
GL51,0.061937,0.124882,0.035276,0.072006,0.010477,0.02173,0.003888,0.009208,0.000925,0.004504
GL52,0.03231,0.071589,0.018598,0.04104,0.006117,0.012747,0.002551,0.006081,0.000923,0.003214
GL53,0.012925,0.024324,0.007493,0.014576,0.002861,0.004812,0.001386,0.002406,0.000748,0.001472
GL54,0.010865,0.020387,0.006504,0.01229,0.00232,0.004261,0.0011,0.002166,0.000579,0.001237
GL55,0.024668,0.046066,0.014348,0.025413,0.005007,0.008527,0.002198,0.003938,0.00131,0.002459
GL56,0.027284,0.051646,0.016013,0.030372,0.005829,0.010149,0.002861,0.005072,0.001383,0.002932
GU1,0.033387,0.087269,0.016583,0.051031,0.002879,0.015247,0.001088,0.007093,0.000647,0.003375
GU2,0.048879,0.092435,0.025991,0.057375,0.007005,0.014652,0.003138,0.005965,0.00137,0.003607
GU3,0.02903,0.054498,0.016077,0.032277,0.004543,0.009465,0.001802,0.003855,0.000885,0.001929
GU4,0.026032,0.050669,0.01387,0.027976,0.00287,0.006972,0.00104,0.002927,0.000483,0.001759
GU5,0.01602,0.026522,0.009373,0.01624,0.002798,0.005177,0.001033,0.00226,0.000379,0.001025
GU6,0.053695,0.089308,0.031689,0.05505,0.009939,0.017604,0.003314,0.007044,0.001471,0.002835
GU7,0.016475,0.038729,0.008053,0.018929,0.001968,0.003793,0.000908,0.001627,0.000665,0.001276
GU8,0.032188,0.046647,0.020856,0.031103,0.008407,0.013401,0.003671,0.007137,0.001828,0.004057
GU9,0.02898,0.064193,0.014229,0.037055,0.00317,0.008172,0.000983,0.003223,0.000221,0.001372
GU10,0.021625,0.03636,0.012739,0.022705,0.004438,0.008376,0.001867,0.004037,0.000905,0.0022
GU11,0.034902,0.080614,0.018094,0.04387,0.002888,0.010371,0.0009,0.003872,0.000408,0.001831
GU12,0.033442,0.084281,0.016831,0.048425,0.003503,0.011699,0.001089,0.003787,0.000521,0.001711
GU14,0.040679,0.120869,0.017271,0.059769,0.00195,0.011127,0.000457,0.003072,0.000178,0.001021
GU15,0.027731,0.067007,0.012541,0.037754,0.002321,0.008904,0.000457,0.003501,0.00016,0.001256
GU16,0.01974,0.063762,0.008351,0.034768,0.001571,0.005191,0.000498,0.001759,0.000357,0.0011
GU17,0.018856,0.045828,0.008548,0.022742,0.001489,0.00394,0.000464,0.001371,0.000216,0.000842
GU18,0.040569,0.067605,0.020937,0.037647,0.004284,0.007745,0.001305,0.002411,0.000426,0.001135
GU19,0.036492,0.060612,0.020755,0.034403,0.005337,0.009355,0.002248,0.004032,0.000972,0.002248
GU20,0.03994,0.073041,0.024498,0.045018,0.007067,0.012581,0.002823,0.005551,0.00144,0.002728
GU21,0.049165,0.132152,0.022921,0.077392,0.003356,0.017277,0.000891,0.004512,0.000313,0.001357
GU22,0.027788,0.072301,0.012004,0.03522,0.001769,0.006002,0.000382,0.001925,0.000134,0.000849
GU23,0.024887,0.060412,0.010821,0.030763,0.001775,0.005617,0.000615,0.001539,0.000178,0.000597
GU24,0.037285,0.067526,0.019423,0.036366,0.003914,0.007546,0.001356,0.002584,0.00026,0.000993
GU25,0.021129,0.048709,0.011262,0.029502,0.003158,0.008067,0.001138,0.003868,0.000502,0.002448
GU26,0.006838,0.017443,0.003424,0.0088,0.001334,0.002492,0.000844,0.00156,0.00051,0.001167
GU27,0.024709,0.035148,0.016986,0.023838,0.007002,0.010355,0.003404,0.005529,0.001637,0.003059
GU28,0.033828,0.047474,0.023342,0.033439,0.009979,0.014881,0.004872,0.008022,0.002588,0.004701
GU29,0.021921,0.031926,0.014145,0.02102,0.005266,0.008902,0.002207,0.004374,0.001039,0.001975
GU30,0.021497,0.034829,0.013495,0.022404,0.004598,0.008923,0.001869,0.004253,0.000718,0.002239
GU31,0.018929,0.027276,0.011495,0.017583,0.003494,0.005908,0.001285,0.002449,0.000412,0.001101
GU32,0.009148,0.01507,0.005855,0.00941,0.002166,0.003677,0.001043,0.001977,0.000468,0.001318
GU33,0.026397,0.040815,0.016311,0.025013,0.005112,0.009294,0.001897,0.003811,0.000767,0.001788
GU34,0.01278,0.02427,0.008235,0.016151,0.00324,0.006267,0.00159,0.003361,0.000839,0.00197
GU35,0.027667,0.048975,0.015759,0.029016,0.004049,0.009477,0.000897,0.002718,0.000228,0.000787
GU46,0.019341,0.058762,0.00903,0.026374,0.000695,0.0033,0.000239,0.000651,6.5e-05,0.000174
GU47,0.034223,0.103536,0.016688,0.056769,0.00221,0.012231,0.00046,0.002984,0.000166,0.001087
GU51,0.040515,0.085467,0.019819,0.046409,0.003521,0.010367,0.00043,0.00255,7.5e-05,0.000532
GU52,0.030567,0.064235,0.013546,0.031105,0.002849,0.005698,0.001111,0.001935,0.000484,0.000806
HA0,0.130474,0.233209,0.082867,0.157023,0.035111,0.067352,0.022937,0.039813,0.015712,0.028307
HA1,0.087527,0.167116,0.050361,0.104373,0.01513,0.032922,0.007235,0.016978,0.004552,0.010204
HA2,0.120852,0.232421,0.075047,0.151184,0.020334,0.053423,0.007479,0.020552,0.003194,0.00738
HA3,0.117311,0.219076,0.069062,0.15,0.020218,0.053882,0.007597,0.024876,0.003941,0.01189
HA4,0.110776,0.210475,0.058309,0.13303,0.009107,0.031181,0.002657,0.007069,0.00134,0.00251
HA5,0.087647,0.154006,0.050568,0.094605,0.013963,0.030443,0.006483,0.014438,0.003918,0.009154
HA6,0.075669,0.127622,0.046303,0.084312,0.014864,0.031452,0.007542,0.015123,0.004017,0.008009
HA7,0.078141,0.137334,0.043742,0.089641,0.009212,0.025318,0.004285,0.008906,0.001866,0.004256
HA8,0.102548,0.180646,0.060234,0.117589,0.022982,0.044794,0.013929,0.022697,0.008796,0.014627
HA9,0.101259,0.203209,0.06031,0.131965,0.014046,0.041705,0.005078,0.018043,0.003068,0.007174
HD1,0.050375,0.125289,0.029102,0.074806,0.008909,0.023568,0.002889,0.010367,0.001404,0.00494
HD2,0.023976,0.056646,0.012293,0.030117,0.00307,0.008705,0.001782,0.004876,0.000713,0.002898
HD3,0.02152,0.041199,0.012707,0.025148,0.006705,0.010449,0.000898,0.002632,0.000489,0.001396
HD4,0.011253,0.022744,0.006541,0.013665,0.002368,0.005564,0.001159,0.003152,0.000752,0.001974
HD5,0.018372,0.046474,0.009936,0.028339,0.00244,0.00853,0.001075,0.00304,0.000579,0.001675
HD6,0.036448,0.073283,0.022741,0.049777,0.007761,0.021155,0.002378,0.007227,0.00106,0.003383
HD7,0.031904,0.051494,0.019739,0.029539,0.00757,0.012602,0.004367,0.007482,0.002538,0.004956
HD8,0.01518,0.028075,0.009689,0.017512,0.003362,0.006574,0.001387,0.003108,0.000724,0.001762
HD9,0.027327,0.044158,0.017687,0.027848,0.007379,0.013162,0.003616,0.007206,0.00201,0.004456
HG1,0.054609,0.10186,0.034682,0.062998,0.015122,0.027583,0.007927,0.01675,0.005294,0.011837
HG2,0.044389,0.09271,0.024279,0.052603,0.006179,0.017126,0.002884,0.006978,0.001773,0.003682
HG3,0.024768,0.047995,0.015401,0.029134,0.005371,0.011644,0.002346,0.005955,0.00115,0.003333
HG4,0.03418,0.065884,0.021774,0.042945,0.007502,0.017301,0.003097,0.008492,0.001139,0.004008
HG5,0.049085,0.096383,0.031197,0.063946,0.00973,0.02257,0.003466,0.009515,0.001105,0.004148
HP1,0.021583,0.053874,0.012555,0.038718,0.004704,0.017363,0.00229,0.007865,0.001743,0.003957
HP2,0.022248,0.06177,0.011886,0.038702,0.003801,0.012281,0.002011,0.006515,0.001226,0.004034
HP3,0.013552,0.042591,0.006826,0.025341,0.001525,0.007274,0.000774,0.002642,0.000497,0.001404
HP4,0.013315,0.031533,0.008149,0.02071,0.002947,0.007938,0.00151,0.00361,0.000898,0.002227
HP5,0.025476,0.058676,0.016446,0.045858,0.004413,0.024083,0.002012,0.011021,0.001247,0.005342
HP6,0.010489,0.035029,0.006209,0.021596,0.002338,0.009326,0.001237,0.005801,0.00094,0.004205
HP7,0.014651,0.036627,0.009311,0.025271,0.003908,0.011829,0.002289,0.007363,0.001539,0.004845
HP8,0.010235,0.027116,0.006104,0.016542,0.002231,0.006664,0.001083,0.003855,0.000688,0.002469
HP9,0.032111,0.068302,0.020886,0.050059,0.009898,0.027979,0.005581,0.019051,0.003497,0.014116
HP10,0.012483,0.033667,0.006063,0.020611,0.002041,0.007888,0.001321,0.004046,0.000918,0.002842
HP11,0.091742,0.225814,0.044403,0.183559,0.006467,0.108057,0.001728,0.058298,0.000815,0.023596
HP12,0.043389,0.099722,0.023759,0.068685,0.009556,0.031426,0.004519,0.014482,0.003352,0.00737
HP13,0.034643,0.06819,0.0144,0.037395,0.002583,0.012887,0.00107,0.005765,0.000535,0.0036
HP14,0.009526,0.026158,0.005148,0.017814,0.001576,0.005534,0.000706,0.002311,0.000391,0.001216
HP15,0.011737,0.033239,0.00615,0.022329,0.001739,0.006775,0.000912,0.002343,0.000424,0.001124
HP16,0.012759,0.032851,0.007151,0.021392,0.002364,0.006714,0.00123,0.003322,0.000641,0.002116
HP17,0.067064,0.115789,0.048718,0.084806,0.017514,0.036618,0.007648,0.016461,0.003451,0.007779
HP18,0.066303,0.119431,0.041481,0.077559,0.014194,0.028592,0.006793,0.012835,0.003064,0.007023
HP19,0.224954,0.364407,0.176441,0.292063,0.089071,0.177597,0.049329,0.119905,0.028268,0.079892
HP20,0.154632,0.335322,0.105532,0.249564,0.040093,0.106663,0.013699,0.05484,0.005153,0.029284
HP21,0.090141,0.196334,0.054999,0.124064,0.015735,0.037795,0.006791,0.014834,0.002987,0.006091
HP22,0.051689,0.112044,0.036362,0.076608,0.012263,0.030447,0.00494,0.012417,0.002273,0.005773
HP23,0.025917,0.060017,0.015119,0.03869,0.004717,0.013646,0.002169,0.00631,0.001077,0.003647
HP27,0.015876,0.041232,0.009251,0.024749,0.002787,0.007214,0.001083,0.003165,0.000435,0.001623
HR1,0.022507,0.052872,0.013482,0.029417,0.004029,0.007639,0.001361,0.002794,0.000426,0.001167
HR2,0.019911,0.03839,0.012911,0.024023,0.004235,0.009067,0.001406,0.004095,0.000496,0.001911
HR3,0.015959,0.031579,0.009626,0.01965,0.002829,0.006573,0.000976,0.002803,0.000358,0.001318
HR4,0.031769,0.072532,0.018546,0.042661,0.005451,0.012202,0.001708,0.004258,0.000547,0.001598
HR5,0.016698,0.031652,0.010472,0.020925,0.003361,0.007509,0.00117,0.003251,0.000434,0.001467
HR6,0.027702,0.05592,0.016743,0.032845,0.005248,0.010368,0.001702,0.004224,0.000618,0.001859
HR7,0.01782,0.032986,0.012031,0.021694,0.005039,0.008904,0.002042,0.004672,0.000731,0.002512
HR8,0.02212,0.044539,0.014789,0.0272,0.004927,0.009737,0.001887,0.004214,0.000772,0.002025
HR9,0.012975,0.026599,0.008499,0.017065,0.003096,0.006294,0.001262,0.003183,0.000517,0.001762
HS1,0.0,0.0,0.0,0.0,0.0,0.0,0.0,0.0,0.0,0.0
HS2,0.0,0.0,0.0,0.0,0.0,0.0,0.0,0.0,0.0,0.0
HS3,0.0,0.0,0.0,0.0,0.0,0.0,0.0,0.0,0.0,0.0
HS4,0.0,0.0,0.0,0.0,0.0,0.0,0.0,0.0,0.0,0.0
HS5,0.0,0.0,0.0,0.0,0.0,0.0,0.0,0.0,0.0,0.0
HS6,0.0,0.0,0.0,0.0,0.0,0.0,0.0,0.0,0.0,0.0
HS7,0.0,0.0,0.0,0.0,0.0,0.0,0.0,0.0,0.0,0.0
HS8,0.0,0.0,0.0,0.0,0.0,0.0,0.0,0.0,0.0,0.0
HS9,0.0,0.0,0.0,0.0,0.0,0.0,0.0,0.0,0.0,0.0
HU1,0.035424,0.087537,0.012175,0.042876,0.001155,0.005458,0.000315,0.001312,0.000315,0.00063
HU2,0.069656,0.208169,0.015048,0.098727,0.000912,0.00513,0.000912,0.000912,0.000912,0.000912
HU3,0.015746,0.093828,0.005037,0.033117,0.000266,0.003781,7.4e-05,0.000517,1.5e-05,0.000133
HU4,0.01133,0.079612,0.002703,0.025946,0.00013,0.001168,2.2e-05,0.000173,0.0,8.6e-05
HU5,0.016572,0.103386,0.006251,0.035867,0.001669,0.005841,0.000439,0.001259,0.0,0.000337
HU6,0.007882,0.057851,0.001491,0.016859,0.000198,0.001278,0.000107,0.00035,9.1e-05,0.000259
HU7,0.032086,0.103528,0.014699,0.047755,0.004895,0.010994,0.002541,0.005383,0.001391,0.002722
HU8,0.01895,0.108995,0.005075,0.04158,0.001058,0.006087,0.000414,0.002591,0.000245,0.001334
HU9,0.013245,0.064218,0.004175,0.020699,0.000733,0.003023,0.000285,0.001138,0.000149,0.000491
HU10,0.030926,0.075516,0.016536,0.041968,0.004876,0.011313,0.002005,0.005711,0.001224,0.003641
HU11,0.055572,0.108328,0.033525,0.071242,0.010712,0.023435,0.004479,0.008907,0.001699,0.003512
HU12,0.024953,0.058265,0.01419,0.035365,0.004027,0.009967,0.001302,0.003279,0.000393,0.001162
HU13,0.022046,0.06597,0.008144,0.035597,0.001643,0.005603,0.000758,0.002851,0.000351,0.001797
HU14,0.012071,0.029392,0.006802,0.017304,0.002335,0.006953,0.000709,0.003944,0.000157,0.002132
HU15,0.019343,0.055511,0.010361,0.02773,0.002402,0.006775,0.000486,0.002006,5.9e-05,0.000335
HU16,0.02067,0.057309,0.011627,0.030909,0.003044,0.009585,0.00113,0.004113,0.000582,0.002115
HU17,0.024541,0.067389,0.013406,0.036811,0.004483,0.010375,0.001707,0.004017,0.000655,0.001714
HU18,0.026966,0.05015,0.015261,0.033004,0.003571,0.00898,0.001189,0.00243,0.000438,0.000755
HU19,0.028932,0.062394,0.015092,0.039244,0.003973,0.010387,0.001667,0.003396,0.000488,0.001348
HU20,0.002456,0.006537,0.001357,0.004192,0.000517,0.001819,0.00024,0.001136,0.000194,0.000766
HX1,0.046813,0.106714,0.027474,0.063714,0.005228,0.018238,0.002319,0.006092,0.001336,0.004088
HX2,0.027757,0.043628,0.020706,0.029568,0.008175,0.017512,0.002846,0.008677,0.002147,0.006383
HX3,0.016406,0.036659,0.009582,0.022891,0.003054,0.008855,0.001324,0.004664,0.00075,0.002839
HX4,0.028843,0.041511,0.024301,0.030184,0.002399,0.022675,0.001121,0.020532,0.000788,0.001604
HX5,0.041115,0.093087,0.023724,0.057218,0.007712,0.019992,0.002985,0.010154,0.001153,0.004975
HX6,0.025674,0.041036,0.016885,0.025243,0.007465,0.011695,0.004428,0.007192,0.002747,0.004769
HX7,0.027577,0.050366,0.018662,0.028372,0.007461,0.01409,0.00243,0.007955,0.001338,0.004345
IG1,0.062597,0.190603,0.037977,0.122988,0.01382,0.043621,0.007386,0.019557,0.003484,0.011776
IG2,0.042996,0.117617,0.0208,0.064885,0.006434,0.021038,0.002213,0.011472,0.000953,0.007353
IG3,0.031117,0.140641,0.012714,0.065945,0.003133,0.010661,0.001405,0.00353,0.001008,0.001477
IG4,0.037921,0.105127,0.021495,0.06899,0.001877,0.025249,0.000939,0.009856,0.000845,0.002159
IG5,0.057609,0.174027,0.023739,0.107485,0.007493,0.039805,0.002098,0.014387,0.00054,0.004916
IG6,0.091229,0.229433,0.053868,0.144027,0.01503,0.042735,0.006487,0.017813,0.004025,0.010213
IG7,0.050036,0.091758,0.030005,0.055001,0.010311,0.017715,0.005277,0.008827,0.002569,0.005173
IG8,0.094725,0.18261,0.06285,0.130602,0.02373,0.063873,0.011512,0.039103,0.005518,0.027009
IG9,0.054523,0.124284,0.033555,0.07892,0.01633,0.031256,0.010795,0.020344,0.008886,0.014303
IG10,0.076601,0.141357,0.047098,0.093026,0.01941,0.038195,0.010779,0.020951,0.004861,0.011942
IG11,0.208489,0.36783,0.113353,0.250138,0.039307,0.118683,0.017484,0.074649,0.009152,0.052122
IP1,0.081762,0.161628,0.043789,0.1072,0.016671,0.048743,0.006345,0.026614,0.002879,0.013757
IP2,0.125347,0.190328,0.088487,0.143416,0.048621,0.089374,0.032359,0.063963,0.024524,0.047044
IP3,0.085845,0.151236,0.05869,0.100051,0.034024,0.050265,0.023266,0.038042,0.021439,0.030615
IP4,0.055304,0.129962,0.029522,0.078312,0.008782,0.02594,0.002325,0.012421,0.000982,0.007669
IP5,0.034008,0.091819,0.018347,0.055439,0.006144,0.019178,0.002819,0.010083,0.001482,0.004867
IP6,0.039713,0.070523,0.02618,0.048175,0.010133,0.019467,0.004482,0.009756,0.002404,0.005372
IP7,0.031575,0.056573,0.02042,0.037797,0.007408,0.014113,0.003214,0.00658,0.001626,0.003267
IP8,0.048176,0.082024,0.032245,0.061315,0.014323,0.032285,0.0063,0.018957,0.003328,0.010984
IP9,0.02442,0.040824,0.019386,0.030622,0.013652,0.019208,0.010866,0.013373,0.009366,0.010891
IP10,0.025135,0.047556,0.019589,0.034547,0.010682,0.016276,0.006087,0.009406,0.004753,0.005729
IP11,0.034987,0.075084,0.020737,0.045897,0.007873,0.015266,0.002837,0.005941,0.000737,0.002414
IP12,0.018234,0.045002,0.01138,0.028542,0.003832,0.011627,0.002065,0.00438,0.001445,0.0023
IP13,0.039083,0.065069,0.024261,0.040639,0.007747,0.012034,0.002625,0.004257,0.000881,0.001652
IP14,0.04133,0.069554,0.027108,0.044669,0.010409,0.015417,0.00419,0.006575,0.001672,0.003139
IP15,0.046,0.095768,0.020886,0.048702,0.004737,0.011562,0.001449,0.00518,0.000623,0.002072
IP16,0.021913,0.051529,0.011757,0.027673,0.003281,0.006961,0.001033,0.00298,0.000349,0.001623
IP17,0.033766,0.059167,0.021726,0.038049,0.008192,0.014915,0.003973,0.007608,0.002058,0.004372
IP18,0.012756,0.034772,0.005505,0.016145,0.000935,0.004173,0.00022,0.001194,6.9e-05,0.000366
IP19,0.042185,0.065624,0.026955,0.040509,0.008497,0.012355,0.002924,0.004565,0.000953,0.001727
IP20,0.053654,0.077422,0.035923,0.048602,0.011054,0.016251,0.003372,0.006225,0.001107,0.002286
IP21,0.050818,0.0782,0.033089,0.05004,0.01031,0.015214,0.003281,0.005553,0.001046,0.002472
IP22,0.039799,0.071715,0.024774,0.043154,0.00759,0.011844,0.002253,0.004093,0.000658,0.001481
IP23,0.043293,0.072664,0.028357,0.045106,0.01007,0.014356,0.003255,0.005018,0.000978,0.001811
IP24,0.015768,0.042072,0.008811,0.024928,0.002525,0.008061,0.000818,0.003853,0.000355,0.002114
IP25,0.03221,0.05577,0.02084,0.034405,0.007466,0.011503,0.002586,0.004608,0.000907,0.001959
IP26,0.030563,0.087995,0.01618,0.041654,0.00588,0.010491,0.00251,0.004378,0.000623,0.001646
IP27,0.073779,0.144706,0.042617,0.09433,0.014191,0.039617,0.006445,0.018063,0.003444,0.009388
IP28,0.043375,0.09596,0.023728,0.055825,0.007453,0.018066,0.00285,0.008075,0.001424,0.003301
IP29,0.040404,0.063858,0.027325,0.044305,0.011505,0.019031,0.005839,0.009875,0.003268,0.005854
IP30,0.040452,0.069057,0.028399,0.046714,0.012714,0.02027,0.006574,0.011526,0.003923,0.007394
IP31,0.030568,0.056471,0.019526,0.03682,0.007549,0.013996,0.00322,0.006956,0.001521,0.003747
IP32,0.084285,0.140249,0.053874,0.09444,0.025012,0.052515,0.015694,0.036264,0.011304,0.024455
IP33,0.146007,0.197193,0.114075,0.1601,0.079311,0.122945,0.064035,0.10284,0.052738,0.087146
IV1,0.0,0.0,0.0,0.0,0.0,0.0,0.0,0.0,0.0,0.0
IV2,0.0,0.0,0.0,0.0,0.0,0.0,0.0,0.0,0.0,0.0
IV3,0.0,0.0,0.0,0.0,0.0,0.0,0.0,0.0,0.0,0.0
IV4,0.0,0.0,0.0,0.0,0.0,0.0,0.0,0.0,0.0,0.0
IV5,0.0,0.0,0.0,0.0,0.0,0.0,0.0,0.0,0.0,0.0
IV6,0.0,0.0,0.0,0.0,0.0,0.0,0.0,0.0,0.0,0.0
IV7,0.0,0.0,0.0,0.0,0.0,0.0,0.0,0.0,0.0,0.0
IV8,0.0,0.0,0.0,0.0,0.0,0.0,0.0,0.0,0.0,0.0
IV9,0.0,0.0,0.0,0.0,0.0,0.0,0.0,0.0,0.0,0.0
IV10,0.0,0.0,0.0,0.0,0.0,0.0,0.0,0.0,0.0,0.0
IV11,0.0,0.0,0.0,0.0,0.0,0.0,0.0,0.0,0.0,0.0
IV12,0.0,0.0,0.0,0.0,0.0,0.0,0.0,0.0,0.0,0.0
IV13,0.0,0.0,0.0,0.0,0.0,0.0,0.0,0.0,0.0,0.0
IV14,0.0,0.0,0.0,0.0,0.0,0.0,0.0,0.0,0.0,0.0
IV15,0.0,0.0,0.0,0.0,0.0,0.0,0.0,0.0,0.0,0.0
IV16,0.0,0.0,0.0,0.0,0.0,0.0,0.0,0.0,0.0,0.0
IV17,0.0,0.0,0.0,0.0,0.0,0.0,0.0,0.0,0.0,0.0
IV18,0.0,0.0,0.0,0.0,0.0,0.0,0.0,0.0,0.0,0.0
IV19,0.0,0.0,0.0,0.0,0.0,0.0,0.0,0.0,0.0,0.0
IV20,0.0,0.0,0.0,0.0,0.0,0.0,0.0,0.0,0.0,0.0
IV21,0.0,0.0,0.0,0.0,0.0,0.0,0.0,0.0,0.0,0.0
IV22,0.0,0.0,0.0,0.0,0.0,0.0,0.0,0.0,0.0,0.0
IV23,0.0,0.0,0.0,0.0,0.0,0.0,0.0,0.0,0.0,0.0
IV24,0.0,0.0,0.0,0.0,0.0,0.0,0.0,0.0,0.0,0.0
IV25,0.0,0.0,0.0,0.0,0.0,0.0,0.0,0.0,0.0,0.0
IV26,0.0,0.0,0.0,0.0,0.0,0.0,0.0,0.0,0.0,0.0
IV27,0.0,0.0,0.0,0.0,0.0,0.0,0.0,0.0,0.0,0.0
IV28,0.0,0.0,0.0,0.0,0.0,0.0,0.0,0.0,0.0,0.0
IV30,0.0,0.0,0.0,0.0,0.0,0.0,0.0,0.0,0.0,0.0
IV31,0.0,0.0,0.0,0.0,0.0,0.0,0.0,0.0,0.0,0.0
IV32,0.0,0.0,0.0,0.0,0.0,0.0,0.0,0.0,0.0,0.0
IV36,0.0,0.0,0.0,0.0,0.0,0.0,0.0,0.0,0.0,0.0
IV40,0.0,0.0,0.0,0.0,0.0,0.0,0.0,0.0,0.0,0.0
IV41,0.0,0.0,0.0,0.0,0.0,0.0,0.0,0.0,0.0,0.0
IV42,0.0,0.0,0.0,0.0,0.0,0.0,0.0,0.0,0.0,0.0
IV43,0.0,0.0,0.0,0.0,0.0,0.0,0.0,0.0,0.0,0.0
IV44,0.0,0.0,0.0,0.0,0.0,0.0,0.0,0.0,0.0,0.0
IV45,0.0,0.0,0.0,0.0,0.0,0.0,0.0,0.0,0.0,0.0
IV46,0.0,0.0,0.0,0.0,0.0,0.0,0.0,0.0,0.0,0.0
IV47,0.0,0.0,0.0,0.0,0.0,0.0,0.0,0.0,0.0,0.0
IV48,0.0,0.0,0.0,0.0,0.0,0.0,0.0,0.0,0.0,0.0
IV49,0.0,0.0,0.0,0.0,0.0,0.0,0.0,0.0,0.0,0.0
IV51,0.0,0.0,0.0,0.0,0.0,0.0,0.0,0.0,0.0,0.0
IV52,0.0,0.0,0.0,0.0,0.0,0.0,0.0,0.0,0.0,0.0
IV53,0.0,0.0,0.0,0.0,0.0,0.0,0.0,0.0,0.0,0.0
IV54,0.0,0.0,0.0,0.0,0.0,0.0,0.0,0.0,0.0,0.0
IV55,0.0,0.0,0.0,0.0,0.0,0.0,0.0,0.0,0.0,0.0
IV56,0.0,0.0,0.0,0.0,0.0,0.0,0.0,0.0,0.0,0.0
IV63,0.0,0.0,0.0,0.0,0.0,0.0,0.0,0.0,0.0,0.0
KA1,0.0,0.0,0.0,0.0,0.0,0.0,0.0,0.0,0.0,0.0
KA2,0.0,0.0,0.0,0.0,0.0,0.0,0.0,0.0,0.0,0.0
KA3,0.0,0.0,0.0,0.0,0.0,0.0,0.0,0.0,0.0,0.0
KA4,0.0,0.0,0.0,0.0,0.0,0.0,0.0,0.0,0.0,0.0
KA5,0.0,0.0,0.0,0.0,0.0,0.0,0.0,0.0,0.0,0.0
KA6,0.0,0.0,0.0,0.0,0.0,0.0,0.0,0.0,0.0,0.0
KA7,0.0,0.0,0.0,0.0,0.0,0.0,0.0,0.0,0.0,0.0
KA8,0.0,0.0,0.0,0.0,0.0,0.0,0.0,0.0,0.0,0.0
KA9,0.0,0.0,0.0,0.0,0.0,0.0,0.0,0.0,0.0,0.0
KA10,0.0,0.0,0.0,0.0,0.0,0.0,0.0,0.0,0.0,0.0
KA11,0.0,0.0,0.0,0.0,0.0,0.0,0.0,0.0,0.0,0.0
KA12,0.0,0.0,0.0,0.0,0.0,0.0,0.0,0.0,0.0,0.0
KA13,0.0,0.0,0.0,0.0,0.0,0.0,0.0,0.0,0.0,0.0
KA14,0.0,0.0,0.0,0.0,0.0,0.0,0.0,0.0,0.0,0.0
KA15,0.0,0.0,0.0,0.0,0.0,0.0,0.0,0.0,0.0,0.0
KA16,0.0,0.0,0.0,0.0,0.0,0.0,0.0,0.0,0.0,0.0
KA17,0.0,0.0,0.0,0.0,0.0,0.0,0.0,0.0,0.0,0.0
KA18,0.0,0.0,0.0,0.0,0.0,0.0,0.0,0.0,0.0,0.0
KA19,0.0,0.0,0.0,0.0,0.0,0.0,0.0,0.0,0.0,0.0
KA20,0.0,0.0,0.0,0.0,0.0,0.0,0.0,0.0,0.0,0.0
KA21,0.0,0.0,0.0,0.0,0.0,0.0,0.0,0.0,0.0,0.0
KA22,0.0,0.0,0.0,0.0,0.0,0.0,0.0,0.0,0.0,0.0
KA23,0.0,0.0,0.0,0.0,0.0,0.0,0.0,0.0,0.0,0.0
KA24,0.0,0.0,0.0,0.0,0.0,0.0,0.0,0.0,0.0,0.0
KA25,0.0,0.0,0.0,0.0,0.0,0.0,0.0,0.0,0.0,0.0
KA26,0.0,0.0,0.0,0.0,0.0,0.0,0.0,0.0,0.0,0.0
KA27,0.0,0.0,0.0,0.0,0.0,0.0,0.0,0.0,0.0,0.0
KA28,0.0,0.0,0.0,0.0,0.0,0.0,0.0,0.0,0.0,0.0
KA29,0.0,0.0,0.0,0.0,0.0,0.0,0.0,0.0,0.0,0.0
KA30,0.0,0.0,0.0,0.0,0.0,0.0,0.0,0.0,0.0,0.0
KT1,0.030189,0.152479,0.01269,0.079913,0.002738,0.018267,0.000367,0.007414,0.000367,0.004608
KT2,0.058086,0.176139,0.027199,0.106916,0.003355,0.027151,0.000976,0.004997,0.000595,0.001927
KT3,0.066172,0.207277,0.026914,0.120831,0.002141,0.018547,0.000765,0.002971,0.00035,0.001617
KT4,0.075892,0.166936,0.037587,0.103324,0.006679,0.0247,0.002291,0.00723,0.0008,0.003698
KT5,0.047217,0.122665,0.022276,0.070826,0.00279,0.012991,0.000916,0.004497,0.000583,0.002124
KT6,0.057714,0.191591,0.029226,0.117641,0.006111,0.028222,0.001594,0.008502,0.000649,0.002096
KT7,0.04386,0.127656,0.0235,0.081637,0.00731,0.033312,0.002257,0.015699,0.000883,0.00677
KT8,0.011196,0.074151,0.003442,0.030812,0.000333,0.002868,0.000111,0.000352,1.9e-05,3.7e-05
KT9,0.046388,0.139598,0.025809,0.091263,0.006484,0.02967,0.002574,0.009622,0.001191,0.002864
KT10,0.047227,0.105651,0.028554,0.063195,0.007906,0.01988,0.004086,0.007915,0.002376,0.005265
KT11,0.052088,0.100057,0.029855,0.061803,0.009348,0.019012,0.00416,0.009363,0.002012,0.004897
KT12,0.014623,0.086203,0.00519,0.037953,0.000423,0.003911,0.000129,0.001022,0.00012,0.000248
KT13,0.025237,0.081419,0.011182,0.042548,0.002118,0.007034,0.000632,0.002563,0.000396,0.001412
KT14,0.026682,0.095926,0.010706,0.045209,0.001311,0.008512,9.5e-05,0.002265,2.4e-05,0.00093
KT15,0.022879,0.071453,0.00924,0.03243,0.001635,0.005282,0.000324,0.001739,0.000156,0.000389
KT16,0.028466,0.062518,0.014567,0.03495,0.003423,0.009101,0.001105,0.003481,0.000552,0.001473
KT17,0.035687,0.093052,0.019374,0.060947,0.006609,0.021173,0.003246,0.012109,0.00153,0.007349
KT18,0.019832,0.050399,0.012282,0.032147,0.004657,0.010361,0.001222,0.004257,0.000441,0.001181
KT19,0.053886,0.123079,0.02536,0.068037,0.004982,0.014481,0.001636,0.004862,0.000525,0.001741
KT20,0.010125,0.025535,0.006389,0.01628,0.002881,0.007466,0.001555,0.004951,0.000945,0.003619
KT21,0.044491,0.099443,0.022304,0.052867,0.005669,0.012545,0.001461,0.004052,0.000331,0.001305
KT22,0.04088,0.080069,0.023671,0.04836,0.007447,0.0178,0.002911,0.008219,0.001718,0.004372
KT23,0.028779,0.054188,0.016788,0.029917,0.003005,0.006891,0.000425,0.001245,4.6e-05,0.000364
KT24,0.024778,0.044462,0.014225,0.025944,0.003516,0.006793,0.001389,0.002705,0.00045,0.001161
KW1,0.0,0.0,0.0,0.0,0.0,0.0,0.0,0.0,0.0,0.0
KW2,0.0,0.0,0.0,0.0,0.0,0.0,0.0,0.0,0.0,0.0
KW3,0.0,0.0,0.0,0.0,0.0,0.0,0.0,0.0,0.0,0.0
KW5,0.0,0.0,0.0,0.0,0.0,0.0,0.0,0.0,0.0,0.0
KW6,0.0,0.0,0.0,0.0,0.0,0.0,0.0,0.0,0.0,0.0
KW7,0.0,0.0,0.0,0.0,0.0,0.0,0.0,0.0,0.0,0.0
KW8,0.0,0.0,0.0,0.0,0.0,0.0,0.0,0.0,0.0,0.0
KW9,0.0,0.0,0.0,0.0,0.0,0.0,0.0,0.0,0.0,0.0
KW10,0.0,0.0,0.0,0.0,0.0,0.0,0.0,0.0,0.0,0.0
KW11,0.0,0.0,0.0,0.0,0.0,0.0,0.0,0.0,0.0,0.0
KW12,0.0,0.0,0.0,0.0,0.0,0.0,0.0,0.0,0.0,0.0
KW13,0.0,0.0,0.0,0.0,0.0,0.0,0.0,0.0,0.0,0.0
KW14,0.0,0.0,0.0,0.0,0.0,0.0,0.0,0.0,0.0,0.0
KW15,0.0,0.0,0.0,0.0,0.0,0.0,0.0,0.0,0.0,0.0
KW16,0.0,0.0,0.0,0.0,0.0,0.0,0.0,0.0,0.0,0.0
KW17,0.0,0.0,0.0,0.0,0.0,0.0,0.0,0.0,0.0,0.0
KY1,0.0,0.0,0.0,0.0,0.0,0.0,0.0,0.0,0.0,0.0
KY2,0.0,0.0,0.0,0.0,0.0,0.0,0.0,0.0,0.0,0.0
KY3,0.0,0.0,0.0,0.0,0.0,0.0,0.0,0.0,0.0,0.0
KY4,0.0,0.0,0.0,0.0,0.0,0.0,0.0,0.0,0.0,0.0
KY5,0.0,0.0,0.0,0.0,0.0,0.0,0.0,0.0,0.0,0.0
KY6,0.0,0.0,0.0,0.0,0.0,0.0,0.0,0.0,0.0,0.0
KY7,0.0,0.0,0.0,0.0,0.0,0.0,0.0,0.0,0.0,0.0
KY8,0.0,0.0,0.0,0.0,0.0,0.0,0.0,0.0,0.0,0.0
KY9,0.0,0.0,0.0,0.0,0.0,0.0,0.0,0.0,0.0,0.0
KY10,0.0,0.0,0.0,0.0,0.0,0.0,0.0,0.0,0.0,0.0
KY11,0.0,0.0,0.0,0.0,0.0,0.0,0.0,0.0,0.0,0.0
KY12,0.0,0.0,0.0,0.0,0.0,0.0,0.0,0.0,0.0,0.0
KY13,0.0,0.0,0.0,0.0,0.0,0.0,0.0,0.0,0.0,0.0
KY14,0.0,0.0,0.0,0.0,0.0,0.0,0.0,0.0,0.0,0.0
KY15,0.0,0.0,0.0,0.0,0.0,0.0,0.0,0.0,0.0,0.0
KY16,0.0,0.0,0.0,0.0,0.0,0.0,0.0,0.0,0.0,0.0
L1,0.121253,0.280824,0.085865,0.225354,0.017803,0.117779,0.007273,0.069148,0.003148,0.029309
L2,0.10793,0.245897,0.061602,0.184805,0.010182,0.082475,0.003564,0.043274,0.003055,0.017819
L3,0.029923,0.11333,0.015927,0.069201,0.003907,0.024744,0.001362,0.012574,0.001153,0.008338
L4,0.094294,0.261904,0.051275,0.181641,0.006021,0.0707,0.002534,0.030187,0.001362,0.015148
L5,0.056744,0.141978,0.034789,0.087819,0.008415,0.036341,0.002633,0.023224,0.000987,0.011941
L6,0.059473,0.183822,0.032319,0.099517,0.003649,0.023315,0.000806,0.005497,0.000284,0.000758
L7,0.060155,0.171751,0.028423,0.096406,0.009785,0.029775,0.003122,0.014258,0.001444,0.008294
L8,0.044919,0.124151,0.024467,0.067226,0.00659,0.020869,0.002462,0.010037,0.001401,0.006363
L9,0.07624,0.197729,0.036698,0.120691,0.006642,0.044977,0.002006,0.019927,0.000506,0.011804
L10,0.10499,0.187974,0.056306,0.107142,0.018687,0.032087,0.01005,0.015921,0.005655,0.009743
L11,0.046403,0.172652,0.019259,0.094134,0.00393,0.019597,0.000989,0.007495,0.00013,0.005257
L12,0.058612,0.17058,0.027426,0.10001,0.00556,0.024789,0.002744,0.00711,0.001461,0.003867
L13,0.074149,0.210266,0.041885,0.13845,0.01069,0.052737,0.004244,0.019015,0.002527,0.00758
L14,0.06856,0.193118,0.030501,0.110718,0.00524,0.033021,0.001814,0.013101,0.000504,0.006046
L15,0.066822,0.205175,0.027331,0.13179,0.00498,0.036248,0.001776,0.007682,0.000926,0.003629
L16,0.039823,0.10886,0.020035,0.06198,0.003257,0.014903,0.001184,0.00375,0.000395,0.002467
L17,0.028989,0.081779,0.020753,0.059775,0.008075,0.035106,0.005572,0.02582,0.003291,0.019945
L18,0.041316,0.135984,0.019621,0.080407,0.005057,0.020886,0.000632,0.00799,0.000632,0.003869
L19,0.02659,0.087946,0.014408,0.058959,0.005483,0.025041,0.002963,0.015907,0.001561,0.011691
L20,0.141515,0.235155,0.072487,0.12639,0.021222,0.038125,0.008236,0.015736,0.004556,0.006972
L21,0.134293,0.20489,0.07453,0.11375,0.019689,0.044952,0.005574,0.020992,0.002045,0.009283
L22,0.062526,0.096177,0.032173,0.052704,0.007299,0.013142,0.000887,0.004684,0.000114,0.000659
L23,0.093346,0.132467,0.047947,0.080292,0.010777,0.022817,0.003122,0.008081,0.001164,0.00288
L24,0.019213,0.076254,0.009262,0.04389,0.002048,0.009523,0.000432,0.003231,0.000149,0.00095
L25,0.028829,0.097379,0.015609,0.056431,0.002877,0.017605,0.001006,0.007592,0.000393,0.003175
L26,0.057137,0.160259,0.032065,0.097872,0.010042,0.02553,0.003551,0.009541,0.000632,0.004378
L27,0.058803,0.208607,0.036138,0.143753,0.00765,0.05709,0.002398,0.017869,0.00137,0.005424
L28,0.0989,0.274679,0.045991,0.16584,0.007016,0.034688,0.001364,0.005846,9.7e-05,0.00078
L29,0.178419,0.226301,0.113928,0.15397,0.034319,0.059221,0.010993,0.019848,0.002462,0.007624
L30,0.150598,0.240478,0.076881,0.135153,0.014457,0.042209,0.00383,0.010552,0.00126,0.00257
L31,0.14064,0.190745,0.085501,0.123458,0.029766,0.048089,0.012601,0.02216,0.0061,0.01055
L32,0.029957,0.089138,0.01384,0.046335,0.002198,0.009314,0.000549,0.002904,0.000209,0.000968
L33,0.05005,0.12681,0.025197,0.07019,0.006808,0.015684,0.002555,0.006551,0.001273,0.002785
L34,0.044583,0.094997,0.024733,0.058883,0.006549,0.017798,0.00199,0.006935,0.000421,0.002604
L35,0.051872,0.107382,0.031852,0.070141,0.010541,0.026169,0.004015,0.012782,0.001734,0.005438
L36,0.058704,0.154352,0.028151,0.095476,0.006005,0.027694,0.002044,0.00865,0.000758,0.003674
L37,0.095218,0.131548,0.047046,0.069829,0.00922,0.01332,0.002256,0.003506,0.000457,0.000866
L38,0.140724,0.198219,0.077301,0.122145,0.019735,0.031039,0.005177,0.009198,0.001069,0.003095
L39,0.055282,0.104965,0.030605,0.062189,0.009787,0.016193,0.003336,0.005093,0.000969,0.001713
L40,0.049723,0.097254,0.030808,0.060639,0.009286,0.017776,0.002552,0.005815,0.000644,0.001805
LA1,0.040622,0.098105,0.021858,0.059386,0.00534,0.019876,0.002253,0.007842,0.001141,0.003736
LA2,0.035484,0.061891,0.021303,0.036589,0.006811,0.013282,0.002618,0.006085,0.00118,0.003084
LA3,0.008146,0.021879,0.004001,0.011212,0.000839,0.00238,0.000214,0.000744,7.1e-05,0.000213
LA4,0.006219,0.028324,0.002697,0.013546,0.00029,0.001684,8.1e-05,0.000468,2.5e-05,0.000112
LA5,0.023162,0.050507,0.012354,0.030565,0.002598,0.007971,0.000738,0.002725,0.000223,0.001223
LA6,0.03555,0.059932,0.023302,0.039466,0.008718,0.016445,0.003489,0.008095,0.001604,0.004165
LA7,0.030545,0.058798,0.01882,0.037335,0.005038,0.013987,0.001816,0.006839,0.000735,0.003724
LA8,0.033594,0.051701,0.021868,0.033683,0.008314,0.014297,0.003569,0.007552,0.00181,0.004191
LA9,0.055892,0.102386,0.033246,0.06988,0.010323,0.028239,0.004447,0.013778,0.002062,0.007439
LA10,0.033272,0.048779,0.020775,0.029639,0.007122,0.01178,0.002896,0.005743,0.001328,0.002871
LA11,0.023525,0.04644,0.014011,0.027208,0.004186,0.008342,0.001454,0.00334,0.000525,0.001415
LA12,0.029062,0.05098,0.017249,0.032846,0.005293,0.011982,0.001871,0.005233,0.000663,0.002202
LA13,0.010552,0.025545,0.006329,0.015676,0.002419,0.006335,0.001178,0.003467,0.000379,0.002053
LA14,0.015579,0.037444,0.008112,0.021784,0.001798,0.006283,0.000745,0.002585,0.000308,0.00117
LA15,0.03952,0.070088,0.027522,0.052357,0.013402,0.026974,0.008198,0.017561,0.004125,0.012443
LA16,0.023289,0.042042,0.012907,0.026313,0.003367,0.007467,0.001419,0.002525,0.000764,0.001076
LA17,0.032888,0.058047,0.018855,0.032723,0.004817,0.009075,0.001735,0.003816,0.000933,0.002377
LA18,0.035459,0.05372,0.024059,0.033807,0.009829,0.015146,0.003907,0.006342,0.001863,0.002744
LA19,0.022656,0.040629,0.013651,0.02409,0.003507,0.007659,0.001065,0.002949,0.000435,0.001039
LA20,0.035877,0.061662,0.019776,0.032627,0.006368,0.010738,0.003048,0.005156,0.001849,0.002983
LA21,0.050336,0.07145,0.032715,0.046003,0.014137,0.02108,0.006936,0.011994,0.002504,0.006851
LA22,0.042252,0.060822,0.025776,0.037102,0.009155,0.014479,0.003952,0.006992,0.002061,0.00416
LA23,0.034206,0.049046,0.021304,0.031768,0.006164,0.01227,0.00227,0.004656,0.001187,0.002157
LD1,0.0,0.0,0.0,0.0,0.0,0.0,0.0,0.0,0.0,0.0
LD2,0.0,0.0,0.0,0.0,0.0,0.0,0.0,0.0,0.0,0.0
LD3,0.0,0.0,0.0,0.0,0.0,0.0,0.0,0.0,0.0,0.0
LD4,0.0,0.0,0.0,0.0,0.0,0.0,0.0,0.0,0.0,0.0
LD5,0.0,0.0,0.0,0.0,0.0,0.0,0.0,0.0,0.0,0.0
LD6,0.0,0.0,0.0,0.0,0.0,0.0,0.0,0.0,0.0,0.0
LD7,0.004339,0.007069,0.002705,0.004457,0.000852,0.001836,0.000273,0.000941,0.000111,0.000427
LD8,0.003483,0.006396,0.001906,0.003896,0.000415,0.001119,0.000164,0.000368,6.6e-05,0.000148
LE1,0.094614,0.265681,0.044503,0.177395,0.010135,0.050523,0.003293,0.016566,0.001955,0.007975
LE2,0.046379,0.112477,0.025737,0.069848,0.006824,0.022211,0.002575,0.008785,0.001031,0.004001
LE3,0.047416,0.122458,0.022664,0.074953,0.004985,0.022049,0.001851,0.006936,0.000869,0.002909
LE4,0.055405,0.184422,0.028704,0.114332,0.00676,0.032078,0.002095,0.010673,0.000947,0.005205
LE5,0.048044,0.147508,0.021943,0.078217,0.004797,0.013516,0.001307,0.00491,0.000263,0.002483
LE6,0.033469,0.077079,0.019513,0.04709,0.007467,0.014187,0.004116,0.007608,0.001402,0.004785
LE7,0.029214,0.057709,0.01856,0.036452,0.007547,0.014565,0.003597,0.007488,0.001697,0.004155
LE8,0.033483,0.071703,0.019696,0.041307,0.006039,0.01176,0.002142,0.004652,0.000732,0.002071
LE9,0.033668,0.071823,0.020675,0.042793,0.006772,0.014965,0.002773,0.007261,0.001241,0.00395
LE10,0.031964,0.072487,0.017991,0.043374,0.004825,0.013621,0.001191,0.005655,0.000327,0.002516
LE11,0.044669,0.140636,0.021914,0.073306,0.004012,0.013879,0.001323,0.00389,0.000487,0.001466
LE12,0.034941,0.076631,0.021269,0.046342,0.007423,0.015791,0.003434,0.007697,0.001941,0.004534
LE13,0.032242,0.08355,0.017604,0.044443,0.005344,0.010663,0.002067,0.00468,0.000723,0.002151
LE14,0.033471,0.069059,0.020196,0.041775,0.006638,0.013406,0.002818,0.005838,0.001258,0.002931
LE15,0.024675,0.04893,0.015508,0.031481,0.006209,0.012346,0.002891,0.006198,0.001279,0.003442
LE16,0.047361,0.090088,0.027994,0.054259,0.009351,0.017028,0.00431,0.007802,0.002206,0.004156
LE17,0.040405,0.075383,0.024489,0.047354,0.00872,0.016145,0.003556,0.007203,0.001582,0.003815
LE18,0.048056,0.114627,0.024919,0.068528,0.00655,0.02211,0.002209,0.009204,0.001046,0.004389
LE19,0.045928,0.11168,0.027319,0.066595,0.008701,0.018696,0.00257,0.008527,0.000782,0.003803
LE65,0.032069,0.057192,0.020978,0.03714,0.006931,0.014024,0.002734,0.007138,0.00096,0.003766
LE67,0.032988,0.069623,0.021178,0.045099,0.007788,0.017294,0.003357,0.008686,0.001757,0.005299
LL11,0.0,0.0,0.0,0.0,0.0,0.0,0.0,0.0,0.0,0.0
LL12,0.00164,0.003941,0.000835,0.002437,0.000179,0.000303,2.1e-05,8.5e-05,0.0,0.0
LL13,0.00037,0.000812,0.00021,0.000537,6.9e-05,0.000116,3.5e-05,6.6e-05,3e-06,2.6e-05
LL14,0.000643,0.001617,0.000375,0.000917,5.2e-05,0.000239,0.0,7.8e-05,0.0,1.9e-05
LL15,0.0,0.0,0.0,0.0,0.0,0.0,0.0,0.0,0.0,0.0
LL16,0.0,0.0,0.0,0.0,0.0,0.0,0.0,0.0,0.0,0.0
LL17,0.0,0.0,0.0,0.0,0.0,0.0,0.0,0.0,0.0,0.0
LL18,0.0,0.0,0.0,0.0,0.0,0.0,0.0,0.0,0.0,0.0
LL19,0.0,0.0,0.0,0.0,0.0,0.0,0.0,0.0,0.0,0.0
LL20,0.0,0.0,0.0,0.0,0.0,0.0,0.0,0.0,0.0,0.0
LL21,0.0,0.0,0.0,0.0,0.0,0.0,0.0,0.0,0.0,0.0
LL22,0.0,0.0,0.0,0.0,0.0,0.0,0.0,0.0,0.0,0.0
LL23,0.0,0.0,0.0,0.0,0.0,0.0,0.0,0.0,0.0,0.0
LL24,0.0,0.0,0.0,0.0,0.0,0.0,0.0,0.0,0.0,0.0
LL25,0.0,0.0,0.0,0.0,0.0,0.0,0.0,0.0,0.0,0.0
LL26,0.0,0.0,0.0,0.0,0.0,0.0,0.0,0.0,0.0,0.0
LL27,0.0,0.0,0.0,0.0,0.0,0.0,0.0,0.0,0.0,0.0
LL28,0.0,0.0,0.0,0.0,0.0,0.0,0.0,0.0,0.0,0.0
LL29,0.0,0.0,0.0,0.0,0.0,0.0,0.0,0.0,0.0,0.0
LL30,0.0,0.0,0.0,0.0,0.0,0.0,0.0,0.0,0.0,0.0
LL31,0.0,0.0,0.0,0.0,0.0,0.0,0.0,0.0,0.0,0.0
LL32,0.0,0.0,0.0,0.0,0.0,0.0,0.0,0.0,0.0,0.0
LL33,0.0,0.0,0.0,0.0,0.0,0.0,0.0,0.0,0.0,0.0
LL34,0.0,0.0,0.0,0.0,0.0,0.0,0.0,0.0,0.0,0.0
LL35,0.0,0.0,0.0,0.0,0.0,0.0,0.0,0.0,0.0,0.0
LL36,0.0,0.0,0.0,0.0,0.0,0.0,0.0,0.0,0.0,0.0
LL37,0.0,0.0,0.0,0.0,0.0,0.0,0.0,0.0,0.0,0.0
LL38,0.0,0.0,0.0,0.0,0.0,0.0,0.0,0.0,0.0,0.0
LL39,0.0,0.0,0.0,0.0,0.0,0.0,0.0,0.0,0.0,0.0
LL40,0.0,0.0,0.0,0.0,0.0,0.0,0.0,0.0,0.0,0.0
LL41,0.0,0.0,0.0,0.0,0.0,0.0,0.0,0.0,0.0,0.0
LL42,0.0,0.0,0.0,0.0,0.0,0.0,0.0,0.0,0.0,0.0
LL43,0.0,0.0,0.0,0.0,0.0,0.0,0.0,0.0,0.0,0.0
LL44,0.0,0.0,0.0,0.0,0.0,0.0,0.0,0.0,0.0,0.0
LL45,0.0,0.0,0.0,0.0,0.0,0.0,0.0,0.0,0.0,0.0
LL46,0.0,0.0,0.0,0.0,0.0,0.0,0.0,0.0,0.0,0.0
LL47,0.0,0.0,0.0,0.0,0.0,0.0,0.0,0.0,0.0,0.0
LL48,0.0,0.0,0.0,0.0,0.0,0.0,0.0,0.0,0.0,0.0
LL49,0.0,0.0,0.0,0.0,0.0,0.0,0.0,0.0,0.0,0.0
LL51,0.0,0.0,0.0,0.0,0.0,0.0,0.0,0.0,0.0,0.0
LL52,0.0,0.0,0.0,0.0,0.0,0.0,0.0,0.0,0.0,0.0
LL53,0.0,0.0,0.0,0.0,0.0,0.0,0.0,0.0,0.0,0.0
LL54,0.0,0.0,0.0,0.0,0.0,0.0,0.0,0.0,0.0,0.0
LL55,0.0,0.0,0.0,0.0,0.0,0.0,0.0,0.0,0.0,0.0
LL56,0.0,0.0,0.0,0.0,0.0,0.0,0.0,0.0,0.0,0.0
LL57,0.0,0.0,0.0,0.0,0.0,0.0,0.0,0.0,0.0,0.0
LL58,0.0,0.0,0.0,0.0,0.0,0.0,0.0,0.0,0.0,0.0
LL59,0.0,0.0,0.0,0.0,0.0,0.0,0.0,0.0,0.0,0.0
LL60,0.0,0.0,0.0,0.0,0.0,0.0,0.0,0.0,0.0,0.0
LL61,0.0,0.0,0.0,0.0,0.0,0.0,0.0,0.0,0.0,0.0
LL62,0.0,0.0,0.0,0.0,0.0,0.0,0.0,0.0,0.0,0.0
LL63,0.0,0.0,0.0,0.0,0.0,0.0,0.0,0.0,0.0,0.0
LL64,0.0,0.0,0.0,0.0,0.0,0.0,0.0,0.0,0.0,0.0
LL65,0.0,0.0,0.0,0.0,0.0,0.0,0.0,0.0,0.0,0.0
LL66,0.0,0.0,0.0,0.0,0.0,0.0,0.0,0.0,0.0,0.0
LL67,0.0,0.0,0.0,0.0,0.0,0.0,0.0,0.0,0.0,0.0
LL68,0.0,0.0,0.0,0.0,0.0,0.0,0.0,0.0,0.0,0.0
LL69,0.0,0.0,0.0,0.0,0.0,0.0,0.0,0.0,0.0,0.0
LL70,0.0,0.0,0.0,0.0,0.0,0.0,0.0,0.0,0.0,0.0
LL71,0.0,0.0,0.0,0.0,0.0,0.0,0.0,0.0,0.0,0.0
LL72,0.0,0.0,0.0,0.0,0.0,0.0,0.0,0.0,0.0,0.0
LL73,0.0,0.0,0.0,0.0,0.0,0.0,0.0,0.0,0.0,0.0
LL74,0.0,0.0,0.0,0.0,0.0,0.0,0.0,0.0,0.0,0.0
LL75,0.0,0.0,0.0,0.0,0.0,0.0,0.0,0.0,0.0,0.0
LL76,0.0,0.0,0.0,0.0,0.0,0.0,0.0,0.0,0.0,0.0
LL77,0.0,0.0,0.0,0.0,0.0,0.0,0.0,0.0,0.0,0.0
LL78,0.0,0.0,0.0,0.0,0.0,0.0,0.0,0.0,0.0,0.0
LN1,0.074281,0.153227,0.047628,0.09895,0.016292,0.036957,0.006693,0.014691,0.003341,0.006266
LN2,0.029087,0.057435,0.015552,0.031877,0.004302,0.00878,0.001441,0.003174,0.000418,0.001323
LN3,0.066895,0.138751,0.036956,0.079607,0.011449,0.021056,0.004412,0.007765,0.001735,0.003352
LN4,0.04051,0.089624,0.026132,0.051094,0.008907,0.01774,0.003075,0.007414,0.000915,0.00278
LN5,0.07379,0.140796,0.045479,0.086251,0.0154,0.02812,0.005987,0.011629,0.002537,0.004828
LN6,0.061248,0.136839,0.035682,0.079713,0.009958,0.022976,0.003115,0.007092,0.001137,0.002435
LN7,0.021975,0.04285,0.012558,0.02404,0.003717,0.006423,0.001238,0.00224,0.000366,0.000968
LN8,0.032414,0.059254,0.018002,0.032976,0.005603,0.008625,0.002105,0.003175,0.000749,0.001277
LN9,0.026915,0.04443,0.016582,0.0269,0.00545,0.008023,0.001919,0.002933,0.000497,0.000942
LN10,0.062612,0.115569,0.041351,0.073509,0.014519,0.030088,0.005509,0.013756,0.00273,0.005639
LN11,0.029138,0.060403,0.017946,0.036437,0.006349,0.011069,0.00259,0.004607,0.001046,0.002054
LN12,0.012012,0.048707,0.006114,0.026281,0.00052,0.005781,0.000152,0.001402,5.4e-05,0.00027
LN13,0.061946,0.118541,0.040234,0.076435,0.015107,0.027289,0.006644,0.012058,0.002841,0.005628
LS1,0.085612,0.296104,0.062301,0.225616,0.021507,0.081172,0.010407,0.039823,0.007909,0.023172
LS2,0.062728,0.182624,0.040193,0.138236,0.014731,0.038534,0.008292,0.01756,0.002146,0.008
LS3,0.068598,0.215256,0.028149,0.131755,0.005204,0.021999,0.004258,0.008989,0.003312,0.005677
LS4,0.09879,0.198113,0.059505,0.144816,0.010819,0.057997,0.00266,0.019687,0.000975,0.006917
LS5,0.050663,0.11344,0.029718,0.07131,0.004595,0.017604,0.001372,0.004655,0.000358,0.002268
LS6,0.047255,0.106272,0.023867,0.05582,0.004499,0.012014,0.00137,0.004248,0.00048,0.001302
LS7,0.047999,0.105326,0.026689,0.064616,0.006202,0.020965,0.003074,0.008905,0.001723,0.003949
LS8,0.043394,0.086168,0.025318,0.054473,0.009319,0.02174,0.004097,0.011945,0.001948,0.006622
LS9,0.076717,0.168429,0.04385,0.108814,0.012823,0.034142,0.004752,0.01361,0.00247,0.006545
LS10,0.058698,0.14499,0.028666,0.096293,0.007756,0.034238,0.00456,0.014844,0.003256,0.008898
LS11,0.095612,0.195201,0.057551,0.136987,0.015361,0.04948,0.007374,0.024519,0.003449,0.015174
LS12,0.050147,0.112648,0.028476,0.071966,0.009644,0.023768,0.003135,0.013135,0.001128,0.006746
LS13,0.046505,0.11161,0.023413,0.065929,0.005302,0.020804,0.002811,0.007052,0.001767,0.004444
LS14,0.029018,0.05716,0.016789,0.035234,0.004306,0.010236,0.00139,0.004222,0.000604,0.001929
LS15,0.035199,0.065525,0.021888,0.04033,0.007431,0.016013,0.003475,0.008041,0.002003,0.004829
LS16,0.021188,0.050547,0.011281,0.026815,0.003726,0.008731,0.001951,0.004337,0.000803,0.002612
LS17,0.037472,0.066978,0.025466,0.044749,0.006688,0.019382,0.003009,0.005802,0.001521,0.003398
LS18,0.029947,0.066395,0.017031,0.035569,0.005091,0.00922,0.002664,0.00438,0.001897,0.002706
LS19,0.02378,0.060156,0.013755,0.030819,0.003586,0.009044,0.001983,0.004177,0.001192,0.002773
LS20,0.028729,0.064428,0.014555,0.039731,0.003233,0.011605,0.000774,0.004647,0.000406,0.001635
LS21,0.027038,0.055835,0.016444,0.033348,0.004345,0.011773,0.001504,0.00452,0.000566,0.002176
LS22,0.035721,0.07226,0.020317,0.045855,0.004889,0.015298,0.001523,0.005428,0.000481,0.002084
LS23,0.02072,0.051086,0.01107,0.0309,0.002633,0.008295,0.000968,0.003025,0.000609,0.001646
LS24,0.029339,0.069248,0.015163,0.040042,0.004143,0.01107,0.001391,0.00421,0.000294,0.001719
LS25,0.026486,0.062409,0.013731,0.035016,0.003988,0.010589,0.001384,0.00461,0.000509,0.002248
LS26,0.035271,0.073037,0.020526,0.049127,0.005625,0.01595,0.002854,0.007846,0.001633,0.004829
LS27,0.03708,0.080633,0.02044,0.049191,0.006519,0.016439,0.003201,0.008865,0.001746,0.005365
LS28,0.026374,0.062254,0.015608,0.037488,0.006554,0.014376,0.003761,0.008293,0.002736,0.005115
LS29,0.034996,0.070896,0.022729,0.042817,0.008114,0.015548,0.004197,0.008225,0.002258,0.004893
LU1,0.032636,0.066046,0.018939,0.045945,0.007799,0.021382,0.004104,0.011311,0.002516,0.007684
LU2,0.024916,0.050589,0.015982,0.033208,0.007693,0.014249,0.004192,0.009372,0.00321,0.005985
LU3,0.052687,0.100777,0.032637,0.069857,0.01268,0.030501,0.005608,0.015347,0.0033,0.008608
LU4,0.080015,0.145539,0.050493,0.096613,0.01797,0.039787,0.008109,0.018914,0.004557,0.008832
LU5,0.037923,0.079928,0.022187,0.046803,0.00681,0.014955,0.003136,0.007339,0.00138,0.003674
LU6,0.019299,0.044683,0.011387,0.027106,0.003539,0.008289,0.001475,0.003228,0.000603,0.001505
LU7,0.049034,0.111536,0.034139,0.077119,0.014482,0.033873,0.007301,0.017789,0.003852,0.010095
M1,0.083394,0.240962,0.054802,0.162126,0.022066,0.074692,0.01036,0.043717,0.004973,0.026935
M2,0.08476,0.261848,0.048434,0.189197,0.01009,0.059534,0.004541,0.035821,0.004541,0.01564
M3,0.075206,0.20377,0.041174,0.1168,0.011134,0.02983,0.004832,0.014495,0.002381,0.006652
M4,0.086936,0.231714,0.055737,0.155557,0.017002,0.059418,0.009815,0.0397,0.003856,0.027255
M5,0.075734,0.212014,0.038068,0.132252,0.011561,0.048623,0.005277,0.023244,0.001329,0.016114
M6,0.069868,0.190058,0.036462,0.116771,0.010622,0.040448,0.003918,0.020813,0.000929,0.011278
M7,0.070898,0.185119,0.037733,0.119865,0.009299,0.041039,0.001613,0.020425,0.001209,0.011207
M8,0.066254,0.162646,0.033871,0.094498,0.007223,0.025782,0.001867,0.009577,0.000866,0.003301
M9,0.066186,0.130547,0.041213,0.084267,0.014628,0.035854,0.006549,0.018489,0.003877,0.011468
M11,0.07047,0.198742,0.036692,0.108687,0.009834,0.026804,0.003923,0.012966,0.002206,0.006592
M12,0.107342,0.275473,0.065242,0.195495,0.020378,0.095675,0.008136,0.046859,0.002686,0.025406
M13,0.109936,0.344974,0.053623,0.230116,0.012304,0.065241,0.005723,0.025867,0.005036,0.013506
M14,0.08245,0.293014,0.039447,0.155774,0.006439,0.027213,0.002436,0.009575,0.001456,0.00364
M15,0.072306,0.293015,0.027662,0.172156,0.009979,0.042251,0.005719,0.025736,0.004552,0.020425
M16,0.068633,0.320059,0.030441,0.194272,0.007633,0.043857,0.003965,0.015921,0.002326,0.010018
M17,0.073561,0.30462,0.020871,0.166452,0.002595,0.019987,0.000399,0.005303,0.000285,0.002481
M18,0.091862,0.203188,0.051602,0.128971,0.020025,0.048662,0.008892,0.027201,0.004236,0.018309
M19,0.086142,0.228804,0.052576,0.14601,0.016529,0.053472,0.006038,0.023344,0.002899,0.010073
M20,0.050385,0.228692,0.022829,0.125094,0.005248,0.025168,0.001739,0.010919,0.000942,0.00775
M21,0.032869,0.16799,0.011914,0.106503,0.001028,0.043755,0.000234,0.016399,0.0,0.006214
M22,0.062046,0.189717,0.031216,0.110552,0.008053,0.037373,0.002865,0.018088,0.001269,0.010676
M23,0.054585,0.191752,0.022886,0.118979,0.004416,0.027095,0.000977,0.007497,0.00047,0.002086
M24,0.045394,0.094186,0.024957,0.062061,0.007663,0.019199,0.002972,0.008454,0.001575,0.004086
M25,0.032776,0.088115,0.018655,0.056606,0.005725,0.019281,0.001893,0.009007,0.000748,0.004565
M26,0.069889,0.135392,0.043418,0.092539,0.014811,0.036135,0.006935,0.017823,0.002936,0.008488
M27,0.071935,0.159167,0.044585,0.103421,0.015404,0.045976,0.007048,0.024569,0.003625,0.015095
M28,0.08517,0.15976,0.049943,0.103577,0.015454,0.035337,0.006686,0.015615,0.003003,0.008578
M29,0.095629,0.171984,0.055927,0.1115,0.01609,0.036939,0.004541,0.014632,0.001238,0.005467
M30,0.107853,0.232183,0.06135,0.147059,0.016379,0.049693,0.006565,0.020154,0.002624,0.010682
M31,0.043396,0.14264,0.020634,0.076385,0.005645,0.021256,0.001571,0.007691,0.000851,0.003011
M32,0.032982,0.208012,0.012035,0.121788,0.001582,0.036605,0.000292,0.017137,0.000208,0.007142
M33,0.027473,0.133343,0.010266,0.06582,0.002088,0.013235,0.000304,0.004317,7.1e-05,0.001246
M34,0.061486,0.140809,0.032633,0.083551,0.00917,0.028439,0.00397,0.014315,0.002248,0.008354
M35,0.070609,0.147874,0.039751,0.094731,0.014484,0.038899,0.006949,0.019516,0.003648,0.012088
M38,0.088698,0.161649,0.047609,0.104978,0.012138,0.034077,0.003855,0.014188,0.001476,0.008119
M40,0.071384,0.157672,0.040019,0.09733,0.010198,0.036785,0.004589,0.018982,0.002753,0.010271
M41,0.031236,0.132459,0.013512,0.066715,0.002085,0.015092,0.000495,0.004841,0.000196,0.001703
M43,0.071637,0.154418,0.039449,0.097689,0.012567,0.039627,0.007173,0.021992,0.003112,0.012834
M44,0.091532,0.199083,0.047702,0.125933,0.010809,0.029827,0.003883,0.008263,0.001025,0.002783
M45,0.031182,0.089399,0.014352,0.054546,0.003777,0.015301,0.00123,0.00599,0.000843,0.003285
M46,0.056821,0.129352,0.037649,0.085092,0.015554,0.035961,0.006385,0.018407,0.003793,0.009082
M50,0.08222,0.240477,0.035182,0.150226,0.006884,0.057299,0.003824,0.027024,0.002295,0.011664
M90,0.088223,0.2016,0.050677,0.130146,0.011221,0.047841,0.004501,0.016769,0.003329,0.011837
ME1,0.021859,0.061579,0.013548,0.041569,0.004068,0.020042,0.00124,0.010436,0.000253,0.004874
ME2,0.023575,0.065996,0.014255,0.045768,0.005948,0.02205,0.003266,0.013262,0.001689,0.009285
ME3,0.033061,0.080475,0.018648,0.049671,0.005073,0.01434,0.0019,0.005219,0.000818,0.002512
ME4,0.039767,0.125276,0.024006,0.08834,0.007953,0.046117,0.004102,0.032063,0.002623,0.023006
ME5,0.018554,0.055145,0.010505,0.033794,0.003979,0.012166,0.002308,0.007652,0.001449,0.005382
ME6,0.022847,0.093708,0.010716,0.064587,0.002831,0.016452,0.000464,0.007567,0.000244,0.00476
ME7,0.02506,0.071276,0.015216,0.045107,0.004465,0.018075,0.001671,0.008404,0.00085,0.005091
ME8,0.02864,0.082189,0.016048,0.053824,0.003836,0.024797,0.001225,0.013598,0.000626,0.005666
ME9,0.028362,0.064114,0.017953,0.042907,0.00672,0.017811,0.003476,0.00898,0.001736,0.005387
ME10,0.060036,0.189704,0.036244,0.138513,0.01606,0.072934,0.010429,0.043722,0.006524,0.028704
ME11,0.034615,0.141105,0.017034,0.082227,0.00587,0.018646,0.001582,0.010454,0.000887,0.006314
ME12,0.048773,0.107554,0.030327,0.068156,0.01298,0.023785,0.006996,0.012613,0.002861,0.006239
ME13,0.035254,0.067507,0.023392,0.046849,0.009667,0.021568,0.005698,0.012128,0.003935,0.008433
ME14,0.017623,0.034113,0.01072,0.021411,0.004042,0.008168,0.002107,0.004299,0.001261,0.002718
ME15,0.016913,0.036748,0.00984,0.020653,0.002858,0.006132,0.001085,0.00303,0.00062,0.001863
ME16,0.022774,0.064437,0.012031,0.037417,0.003639,0.009493,0.001807,0.004629,0.00104,0.002735
ME17,0.024024,0.042293,0.015373,0.025918,0.005712,0.009777,0.002146,0.005009,0.00114,0.002825
ME18,0.028085,0.053637,0.016414,0.032588,0.004862,0.009751,0.001916,0.003957,0.000701,0.001805
ME19,0.018178,0.039704,0.011177,0.024729,0.004516,0.011087,0.00226,0.007131,0.001432,0.00521
ME20,0.031993,0.102104,0.017506,0.055658,0.002977,0.019483,0.000967,0.008185,0.000517,0.003936
MK1,0.100924,0.273993,0.044963,0.185378,0.0155,0.063084,0.010714,0.032767,0.006383,0.019774
MK2,0.058017,0.137836,0.029068,0.072402,0.007029,0.01781,0.0028,0.006522,0.001281,0.003991
MK3,0.063027,0.126623,0.035436,0.082716,0.012242,0.032328,0.006708,0.018628,0.004074,0.011976
MK4,0.06139,0.1078,0.036959,0.06976,0.014926,0.030146,0.008736,0.016611,0.004652,0.009798
MK5,0.074643,0.135753,0.045349,0.088558,0.014433,0.030623,0.006237,0.013848,0.002657,0.006327
MK6,0.086771,0.175289,0.04642,0.109592,0.014263,0.041095,0.005601,0.022838,0.003198,0.014332
MK7,0.076803,0.194224,0.041629,0.130487,0.014933,0.032071,0.006859,0.01707,0.003194,0.010975
MK8,0.081021,0.130361,0.051316,0.089333,0.020106,0.038299,0.009598,0.020608,0.00505,0.011825
MK9,0.069763,0.148218,0.037428,0.092352,0.016167,0.03693,0.00598,0.021206,0.002658,0.010907
MK10,0.108176,0.22889,0.060856,0.157075,0.01551,0.058163,0.005247,0.025076,0.002136,0.008196
MK11,0.058982,0.138389,0.031104,0.073136,0.00946,0.023722,0.003225,0.012721,0.001899,0.00602
MK12,0.075875,0.163663,0.032944,0.097117,0.011138,0.030336,0.006556,0.019503,0.003548,0.015109
MK13,0.06653,0.137035,0.03886,0.080277,0.011468,0.031088,0.005721,0.015924,0.00281,0.01043
MK14,0.091177,0.184649,0.06048,0.125137,0.014219,0.056876,0.006419,0.028151,0.002851,0.019777
MK15,0.080324,0.286719,0.0434,0.188798,0.012086,0.047107,0.004795,0.023356,0.002323,0.012036
MK16,0.03672,0.078058,0.020392,0.046882,0.006647,0.013025,0.002525,0.005118,0.001141,0.002582
MK17,0.036466,0.074538,0.024292,0.049447,0.009728,0.019294,0.004441,0.009963,0.002102,0.004993
MK18,0.053341,0.096837,0.033909,0.06337,0.012375,0.023201,0.005131,0.010069,0.002407,0.004559
MK19,0.043482,0.081162,0.025973,0.052489,0.009352,0.01786,0.003891,0.008278,0.001823,0.004078
MK40,0.042067,0.139237,0.020966,0.077856,0.00202,0.015808,0.000851,0.002387,0.000417,0.000968
MK41,0.057717,0.132723,0.032435,0.08625,0.008642,0.028062,0.003529,0.01097,0.001792,0.003981
MK42,0.068457,0.195833,0.03769,0.11179,0.010854,0.03005,0.005315,0.014532,0.002945,0.008709
MK43,0.044126,0.088941,0.027312,0.058752,0.00838,0.024603,0.003692,0.010212,0.002079,0.004965
MK44,0.04063,0.079624,0.024308,0.048037,0.008312,0.014843,0.003628,0.006467,0.001516,0.003188
MK45,0.040954,0.097613,0.023567,0.059058,0.006974,0.01836,0.002418,0.008493,0.000983,0.003487
MK46,0.029639,0.05708,0.017552,0.035124,0.005271,0.011326,0.001982,0.004015,0.000554,0.001298
ML1,0.0,0.0,0.0,0.0,0.0,0.0,0.0,0.0,0.0,0.0
ML2,0.0,0.0,0.0,0.0,0.0,0.0,0.0,0.0,0.0,0.0
ML3,0.0,0.0,0.0,0.0,0.0,0.0,0.0,0.0,0.0,0.0
ML4,0.0,0.0,0.0,0.0,0.0,0.0,0.0,0.0,0.0,0.0
ML5,0.0,0.0,0.0,0.0,0.0,0.0,0.0,0.0,0.0,0.0
ML6,0.0,0.0,0.0,0.0,0.0,0.0,0.0,0.0,0.0,0.0
ML7,0.0,0.0,0.0,0.0,0.0,0.0,0.0,0.0,0.0,0.0
ML8,0.0,0.0,0.0,0.0,0.0,0.0,0.0,0.0,0.0,0.0
ML9,0.0,0.0,0.0,0.0,0.0,0.0,0.0,0.0,0.0,0.0
ML10,0.0,0.0,0.0,0.0,0.0,0.0,0.0,0.0,0.0,0.0
ML11,0.0,0.0,0.0,0.0,0.0,0.0,0.0,0.0,0.0,0.0
ML12,0.0,0.0,0.0,0.0,0.0,0.0,0.0,0.0,0.0,0.0
N1,0.14844,0.357809,0.083657,0.262196,0.022251,0.107146,0.008073,0.048102,0.004079,0.023432
N1C,0.262951,0.635231,0.213033,0.587422,0.133585,0.445751,0.033045,0.310409,0.016171,0.184558
N2,0.088808,0.150317,0.052607,0.094847,0.016512,0.03627,0.006982,0.018502,0.003805,0.011799
N3,0.088793,0.170951,0.063498,0.114731,0.034866,0.056179,0.024973,0.035871,0.018499,0.026903
N4,0.153752,0.356089,0.086874,0.229421,0.027638,0.083904,0.006771,0.036904,0.002732,0.015522
N5,0.147827,0.281772,0.086232,0.210893,0.022064,0.106366,0.008642,0.05185,0.00331,0.035394
N6,0.078809,0.157769,0.055246,0.115234,0.027471,0.055284,0.011725,0.032214,0.005464,0.02269
N7,0.181741,0.392684,0.115631,0.296783,0.03676,0.128097,0.009031,0.073128,0.002847,0.043043
N8,0.189774,0.330494,0.141389,0.250411,0.074145,0.122445,0.049555,0.083805,0.038431,0.066157
N9,0.044945,0.219747,0.019894,0.128856,0.004246,0.02903,0.001778,0.007535,0.000778,0.001778
N10,0.077817,0.169215,0.046753,0.106501,0.015298,0.040704,0.007298,0.020723,0.004683,0.011044
N11,0.137367,0.225449,0.099156,0.161202,0.045743,0.089216,0.029647,0.064832,0.021633,0.051177
N12,0.093214,0.172642,0.066037,0.11844,0.037823,0.063505,0.024066,0.044808,0.016868,0.03279
N13,0.107988,0.213243,0.059993,0.133094,0.014295,0.039322,0.004277,0.013147,0.002218,0.004792
N14,0.060694,0.103325,0.034062,0.061786,0.006077,0.019179,0.002682,0.007097,0.001519,0.003062
N15,0.254283,0.4538,0.194845,0.354558,0.101443,0.198484,0.052249,0.119773,0.030235,0.070265
N16,0.227125,0.418559,0.130471,0.278463,0.038431,0.106713,0.012546,0.047264,0.00429,0.022568
N17,0.238502,0.399909,0.185611,0.314165,0.092269,0.169237,0.05308,0.099277,0.028434,0.061414
N18,0.06331,0.241489,0.030895,0.138134,0.008576,0.036905,0.005943,0.015971,0.002026,0.009691
N19,0.148878,0.260743,0.098494,0.179549,0.033291,0.062377,0.017438,0.03074,0.011373,0.020746
N20,0.059074,0.11289,0.035103,0.068341,0.013236,0.024189,0.007263,0.013037,0.004762,0.008076
N21,0.067765,0.130178,0.03806,0.077935,0.011924,0.024561,0.005233,0.01228,0.002379,0.007612
N22,0.192123,0.338685,0.128983,0.245572,0.031589,0.086127,0.008113,0.02911,0.002028,0.007775
NE1,0.091941,0.21674,0.067887,0.160785,0.035028,0.090027,0.020481,0.055254,0.011867,0.034518
NE2,0.070928,0.147689,0.04163,0.099144,0.014719,0.037408,0.00822,0.021051,0.005999,0.014497
NE3,0.061489,0.135342,0.033621,0.080603,0.008272,0.024606,0.002912,0.009015,0.001233,0.003673
NE4,0.039213,0.093738,0.01866,0.048728,0.00321,0.009907,0.001016,0.004503,0.000346,0.001801
NE5,0.050531,0.106309,0.030416,0.06728,0.007852,0.024133,0.001899,0.009117,0.000807,0.003091
NE6,0.04617,0.131711,0.023348,0.074261,0.007486,0.021582,0.003531,0.010769,0.00216,0.007428
NE7,0.050369,0.130249,0.024849,0.064591,0.008928,0.018489,0.004583,0.010903,0.002805,0.006913
NE8,0.040489,0.105162,0.023448,0.061802,0.005236,0.01982,0.002802,0.00751,0.001745,0.004616
NE9,0.021144,0.055293,0.011415,0.032727,0.002648,0.01083,0.001157,0.004432,0.000571,0.002397
NE10,0.054175,0.123586,0.033728,0.08112,0.011141,0.036612,0.005909,0.019671,0.003288,0.012102
NE11,0.050732,0.126201,0.027919,0.08203,0.008784,0.023216,0.00345,0.011234,0.001686,0.005223
NE12,0.08597,0.184577,0.054066,0.125106,0.014033,0.049684,0.005325,0.0177,0.002521,0.007527
NE13,0.068288,0.118429,0.044212,0.077803,0.014677,0.030915,0.005287,0.014341,0.001893,0.005999
NE15,0.040663,0.083064,0.026561,0.054582,0.0106,0.0244,0.00403,0.013388,0.00171,0.008232
NE16,0.036707,0.065178,0.024963,0.042903,0.009519,0.01858,0.005225,0.009685,0.002834,0.005769
NE17,0.030585,0.048869,0.020114,0.032147,0.008015,0.013049,0.003661,0.006374,0.001261,0.003092
NE18,0.050013,0.090656,0.032562,0.058615,0.010424,0.020392,0.003036,0.008267,0.00105,0.002214
NE19,0.026382,0.052242,0.014804,0.031078,0.004381,0.01056,0.001567,0.00449,0.000616,0.002177
NE20,0.037881,0.072431,0.022473,0.044111,0.007343,0.013526,0.002756,0.005256,0.001217,0.002536
NE21,0.034345,0.077486,0.018821,0.048036,0.007164,0.020039,0.003666,0.008494,0.002593,0.004381
NE22,0.052137,0.092028,0.034194,0.062337,0.013635,0.029753,0.007084,0.017506,0.003455,0.010068
NE23,0.067116,0.130608,0.038501,0.084973,0.011214,0.028922,0.004185,0.012594,0.001415,0.005898
NE24,0.037655,0.080035,0.021275,0.051694,0.006759,0.021305,0.002832,0.008559,0.001296,0.003898
NE25,0.079513,0.152863,0.044716,0.100139,0.012571,0.032231,0.005519,0.014918,0.002565,0.008027
NE26,0.024267,0.045663,0.01498,0.028572,0.005646,0.011348,0.002994,0.00636,0.001632,0.004131
NE27,0.076157,0.133515,0.046496,0.079321,0.01288,0.027064,0.004126,0.011693,0.001806,0.004561
NE28,0.061282,0.128817,0.033491,0.074674,0.011488,0.02871,0.006154,0.016845,0.003431,0.011366
NE29,0.050934,0.15122,0.024306,0.087008,0.005129,0.024277,0.001781,0.011426,0.001012,0.007494
NE30,0.025614,0.054502,0.012874,0.03188,0.002944,0.00855,0.001649,0.004715,0.001124,0.003286
NE31,0.038586,0.13748,0.020301,0.078203,0.005637,0.025663,0.0022,0.015306,0.001008,0.010403
NE32,0.058102,0.142717,0.036027,0.098547,0.016926,0.048018,0.009212,0.028543,0.004383,0.018334
NE33,0.02562,0.078995,0.014616,0.052061,0.004338,0.02176,0.001478,0.01088,0.00037,0.005337
NE34,0.041338,0.124522,0.022813,0.079074,0.006969,0.029911,0.002802,0.015028,0.000864,0.007615
NE35,0.050901,0.1672,0.027479,0.101586,0.005734,0.036026,0.00211,0.017418,0.000595,0.006653
NE36,0.060813,0.117841,0.037665,0.077898,0.012182,0.027491,0.003977,0.012278,0.000753,0.007452
NE37,0.048348,0.103132,0.026947,0.062688,0.006827,0.018293,0.001937,0.008014,0.000344,0.003905
NE38,0.057889,0.13783,0.032762,0.088232,0.008344,0.029193,0.004172,0.01598,0.002704,0.00997
NE39,0.042316,0.062075,0.030172,0.042407,0.014229,0.021265,0.007789,0.013228,0.004238,0.008476
NE40,0.022052,0.047259,0.013812,0.03095,0.005107,0.013495,0.002667,0.007003,0.001566,0.003745
NE41,0.043024,0.070526,0.027652,0.047941,0.010026,0.018184,0.004509,0.00891,0.00219,0.005883
NE42,0.036224,0.076876,0.023132,0.050734,0.008085,0.01742,0.00317,0.008094,0.001225,0.00421
NE43,0.028231,0.047951,0.018756,0.032431,0.007201,0.013844,0.003263,0.006958,0.001721,0.003641
NE44,0.030712,0.047473,0.020268,0.030698,0.005784,0.013803,0.002284,0.007815,0.000998,0.00291
NE45,0.033306,0.060308,0.020308,0.040992,0.005949,0.01536,0.002457,0.005251,0.001334,0.002413
NE46,0.028323,0.049371,0.018394,0.031958,0.005917,0.011947,0.002137,0.00513,0.000946,0.002335
NE47,0.03218,0.048634,0.020316,0.030598,0.008229,0.01332,0.003796,0.007268,0.001269,0.004157
NE48,0.029534,0.055651,0.017604,0.033175,0.00568,0.012742,0.002248,0.006194,0.000937,0.003188
NE49,0.040049,0.061794,0.024774,0.039255,0.00799,0.016504,0.002804,0.007413,0.001171,0.003358
NE61,0.037993,0.063571,0.024353,0.041768,0.008395,0.016257,0.003474,0.007395,0.001525,0.003489
NE62,0.04624,0.07886,0.027079,0.049064,0.006452,0.015872,0.002413,0.005577,0.001055,0.002431
NE63,0.057058,0.108465,0.032422,0.073185,0.012646,0.027126,0.005496,0.01452,0.001707,0.006795
NE64,0.010805,0.024224,0.005654,0.015755,0.001687,0.005643,0.001129,0.00276,0.000704,0.001933
NE65,0.022865,0.038957,0.014177,0.024083,0.004985,0.009761,0.001988,0.004825,0.00082,0.002359
NE66,0.024907,0.042513,0.015545,0.026842,0.005152,0.009987,0.001868,0.004608,0.000719,0.002092
NE67,0.038081,0.067945,0.023698,0.043818,0.007863,0.01711,0.003595,0.00697,0.001789,0.00334
NE68,0.015122,0.028186,0.009372,0.018398,0.004344,0.007789,0.002731,0.00473,0.001745,0.003221
NE69,0.017233,0.034148,0.01102,0.022898,0.004413,0.010066,0.002145,0.005816,0.000846,0.003246
NE70,0.042975,0.080408,0.02652,0.050903,0.008798,0.018671,0.003554,0.008068,0.001635,0.003813
NE71,0.023751,0.044618,0.014474,0.027416,0.004578,0.010235,0.001752,0.004864,0.000703,0.002252
NG1,0.091827,0.28873,0.06734,0.232879,0.022726,0.133086,0.007631,0.076564,0.001761,0.050987
NG2,0.040278,0.199065,0.02123,0.125156,0.004821,0.037797,0.001031,0.015152,0.000376,0.006864
NG3,0.022461,0.073889,0.010738,0.041033,0.00341,0.010902,0.001315,0.003917,0.000808,0.001876
NG4,0.038344,0.113688,0.02302,0.07799,0.009389,0.028891,0.005179,0.01553,0.003622,0.010271
NG5,0.025505,0.072077,0.01482,0.04857,0.004782,0.02083,0.002531,0.010943,0.001373,0.00622
NG6,0.027421,0.098246,0.014757,0.058482,0.003933,0.019478,0.001382,0.008303,0.000487,0.003855
NG7,0.04007,0.202976,0.019412,0.130492,0.005696,0.043275,0.001519,0.017422,0.000638,0.005985
NG8,0.030367,0.143859,0.016304,0.095159,0.003729,0.034637,0.001776,0.014934,0.001159,0.006985
NG9,0.033276,0.11889,0.017045,0.070361,0.004082,0.019463,0.001696,0.007345,0.000995,0.00337
NG10,0.031466,0.134895,0.012857,0.073173,0.002609,0.01106,0.000707,0.002459,0.00018,0.00085
NG11,0.055514,0.129661,0.033268,0.078455,0.009016,0.022819,0.002438,0.007086,0.00103,0.002818
NG12,0.045041,0.097785,0.028485,0.058523,0.010136,0.020247,0.00413,0.009521,0.001754,0.004411
NG13,0.061851,0.124888,0.033841,0.069345,0.009989,0.017685,0.003267,0.006333,0.001175,0.002544
NG14,0.029675,0.065426,0.018816,0.0409,0.006018,0.011546,0.002457,0.004425,0.001047,0.002135
NG15,0.021673,0.053875,0.012998,0.033382,0.004428,0.011783,0.002008,0.006276,0.0009,0.003438
NG16,0.036897,0.071989,0.023733,0.046684,0.009045,0.019642,0.004718,0.01146,0.002827,0.006933
NG17,0.03106,0.072555,0.018544,0.048508,0.007207,0.019841,0.004067,0.010912,0.002375,0.006849
NG18,0.022731,0.063562,0.013425,0.03903,0.003534,0.015333,0.001234,0.007697,0.000573,0.00435
NG19,0.016492,0.041357,0.008293,0.023764,0.002051,0.007319,0.000809,0.003493,0.000342,0.001968
NG20,0.014622,0.031584,0.008721,0.019846,0.002853,0.007641,0.00116,0.003893,0.000611,0.00198
NG21,0.013679,0.033566,0.007533,0.022073,0.002641,0.009394,0.000936,0.004908,0.000442,0.002503
NG22,0.026253,0.054767,0.015714,0.034098,0.006108,0.012211,0.002612,0.005719,0.001208,0.002827
NG23,0.052049,0.112344,0.030939,0.06702,0.010215,0.019816,0.004286,0.007853,0.001714,0.003679
NG24,0.051116,0.132103,0.028614,0.076146,0.00838,0.021287,0.003516,0.008475,0.001631,0.004398
NG25,0.027223,0.06204,0.016383,0.037131,0.005813,0.012305,0.002824,0.005517,0.001429,0.002943
NG31,0.025521,0.058209,0.014178,0.032511,0.005161,0.011709,0.002864,0.006519,0.001632,0.004235
NG32,0.040647,0.080754,0.024246,0.04826,0.008227,0.015232,0.003126,0.006514,0.001473,0.003158
NG33,0.023007,0.043008,0.014296,0.029322,0.005688,0.012323,0.003128,0.00655,0.001875,0.00412
NG34,0.054298,0.106008,0.034992,0.064775,0.013269,0.021738,0.005571,0.009344,0.002254,0.004252
NG90,0.019875,0.215397,0.00886,0.099018,0.000958,0.014248,0.000479,0.003472,0.000479,0.001197
NN1,0.085224,0.172197,0.047567,0.109206,0.01105,0.034397,0.003339,0.010096,0.002014,0.004902
NN2,0.026769,0.064264,0.015202,0.037316,0.004017,0.012498,0.001811,0.007473,0.001428,0.005038
NN3,0.028882,0.069222,0.015717,0.040537,0.003355,0.011673,0.001154,0.004729,0.000389,0.001759
NN4,0.089606,0.177293,0.059542,0.123285,0.021607,0.04865,0.011849,0.024036,0.006399,0.013459
NN5,0.072178,0.139717,0.048825,0.094788,0.022372,0.038682,0.014199,0.021135,0.009039,0.01328
NN6,0.033848,0.059822,0.021383,0.038118,0.00815,0.013695,0.003524,0.006604,0.001416,0.00342
NN7,0.039522,0.068627,0.024629,0.043536,0.008956,0.017037,0.003846,0.008707,0.001903,0.004832
NN8,0.066603,0.114748,0.042715,0.073878,0.017636,0.03049,0.010262,0.017677,0.007525,0.011698
NN9,0.027814,0.056688,0.016691,0.035165,0.005778,0.012417,0.00271,0.005837,0.001247,0.00296
NN10,0.036276,0.074045,0.020905,0.045275,0.007233,0.016044,0.004242,0.007157,0.002224,0.00435
NN11,0.048052,0.077798,0.03119,0.052469,0.011948,0.021667,0.005898,0.011165,0.002938,0.006753
NN12,0.037944,0.062692,0.023572,0.039705,0.008397,0.014641,0.003194,0.006053,0.001262,0.002787
NN13,0.025215,0.042991,0.015366,0.026422,0.005499,0.009371,0.002305,0.004608,0.001093,0.002613
NN14,0.031069,0.056298,0.019312,0.03672,0.006869,0.013925,0.0036,0.006935,0.00207,0.00411
NN15,0.047902,0.083152,0.029443,0.054869,0.010282,0.020723,0.005437,0.010702,0.003659,0.006744
NN16,0.057304,0.09424,0.037838,0.061027,0.016451,0.026216,0.008982,0.01439,0.005591,0.009057
NN17,0.042978,0.088594,0.0288,0.058313,0.012712,0.025103,0.007078,0.014236,0.004185,0.009202
NN18,0.07038,0.140625,0.049677,0.101871,0.025878,0.052095,0.016275,0.033854,0.010612,0.025434
NN29,0.018787,0.038583,0.010706,0.02135,0.003087,0.006381,0.001314,0.00269,0.000653,0.00153
NP4,0.0,0.0,0.0,0.0,0.0,0.0,0.0,0.0,0.0,0.0
NP7,0.000419,0.0007,0.000268,0.000446,0.00011,0.000193,3.8e-05,9.2e-05,1.2e-05,4.4e-05
NP8,0.0,0.0,0.0,0.0,0.0,0.0,0.0,0.0,0.0,0.0
NP10,0.0,0.0,0.0,0.0,0.0,0.0,0.0,0.0,0.0,0.0
NP11,0.0,0.0,0.0,0.0,0.0,0.0,0.0,0.0,0.0,0.0
NP12,0.0,0.0,0.0,0.0,0.0,0.0,0.0,0.0,0.0,0.0
NP13,0.0,0.0,0.0,0.0,0.0,0.0,0.0,0.0,0.0,0.0
NP15,0.0,0.0,0.0,0.0,0.0,0.0,0.0,0.0,0.0,0.0
NP16,0.002371,0.006119,0.001408,0.002783,0.00048,0.000894,0.000195,0.000435,9.8e-05,0.000245
NP18,0.0,0.0,0.0,0.0,0.0,0.0,0.0,0.0,0.0,0.0
NP19,0.0,0.0,0.0,0.0,0.0,0.0,0.0,0.0,0.0,0.0
NP20,0.0,0.0,0.0,0.0,0.0,0.0,0.0,0.0,0.0,0.0
NP22,0.0,0.0,0.0,0.0,0.0,0.0,0.0,0.0,0.0,0.0
NP23,0.0,0.0,0.0,0.0,0.0,0.0,0.0,0.0,0.0,0.0
NP24,0.0,0.0,0.0,0.0,0.0,0.0,0.0,0.0,0.0,0.0
NP25,0.001207,0.001917,0.000776,0.001174,0.000194,0.000397,6.3e-05,0.00014,3.6e-05,7.2e-05
NP26,1.4e-05,3.1e-05,1e-06,1.2e-05,0.0,0.0,0.0,0.0,0.0,0.0
NP44,0.0,0.0,0.0,0.0,0.0,0.0,0.0,0.0,0.0,0.0
NR1,0.045476,0.120954,0.022397,0.069654,0.004528,0.018859,0.001758,0.007671,0.000813,0.005055
NR2,0.05864,0.164971,0.029587,0.110221,0.007279,0.037462,0.00273,0.012519,0.0016,0.004863
NR3,0.054113,0.148193,0.031609,0.102542,0.008693,0.040482,0.001877,0.018312,0.000926,0.006738
NR4,0.029953,0.067227,0.015405,0.037158,0.003338,0.010375,0.001348,0.004717,0.000544,0.002113
NR5,0.02709,0.074316,0.012539,0.04001,0.002576,0.009188,0.000605,0.003943,0.000237,0.001564
NR6,0.034731,0.088774,0.017649,0.051504,0.002243,0.013348,0.001072,0.005102,0.000604,0.002995
NR7,0.027901,0.092795,0.013519,0.05279,0.002505,0.014598,0.001134,0.005842,0.000648,0.002419
NR8,0.019616,0.04942,0.011306,0.026911,0.002301,0.00707,0.000482,0.00277,0.000193,0.00117
NR9,0.037149,0.062988,0.024713,0.040969,0.008878,0.01506,0.002793,0.006428,0.001025,0.003101
NR10,0.021262,0.041865,0.01304,0.0263,0.003719,0.009139,0.001095,0.00375,0.000432,0.001541
NR11,0.015958,0.029087,0.009959,0.018824,0.00267,0.006103,0.000792,0.002126,0.00034,0.000967
NR12,0.033689,0.082258,0.019097,0.04984,0.005808,0.01383,0.0014,0.00421,0.000247,0.001259
NR13,0.030825,0.073388,0.012969,0.03833,0.002166,0.007767,0.000675,0.002559,0.00019,0.001138
NR14,0.039695,0.072337,0.024895,0.044116,0.006097,0.011729,0.001859,0.003952,0.000685,0.001498
NR15,0.050049,0.074587,0.033262,0.047627,0.010834,0.015827,0.003492,0.00553,0.001125,0.002222
NR16,0.038745,0.068712,0.023974,0.042673,0.007337,0.012123,0.002186,0.003943,0.000636,0.001372
NR17,0.044566,0.076978,0.029375,0.050106,0.011215,0.019135,0.005587,0.008433,0.002956,0.004674
NR18,0.045576,0.075917,0.029171,0.047736,0.010309,0.016316,0.003389,0.006009,0.001183,0.002282
NR19,0.043881,0.077142,0.028266,0.050761,0.010319,0.016934,0.003665,0.007334,0.001431,0.003505
NR20,0.036565,0.063139,0.023798,0.040932,0.008399,0.014002,0.003091,0.005766,0.001148,0.002602
NR21,0.020332,0.038786,0.012391,0.023769,0.003599,0.007396,0.001278,0.002875,0.000484,0.001246
NR22,0.006263,0.01589,0.003481,0.00915,0.000982,0.003575,0.000441,0.001894,0.000212,0.0012
NR23,0.00728,0.029243,0.003694,0.016352,0.00091,0.003711,0.00036,0.001416,0.000205,0.000742
NR24,0.017211,0.031592,0.011818,0.020965,0.004057,0.007727,0.001378,0.003468,0.000633,0.001666
NR25,0.008381,0.024059,0.004832,0.013805,0.001112,0.003709,0.000372,0.001425,0.000123,0.000711
NR26,0.007681,0.019724,0.0044,0.011307,0.00161,0.004308,0.000859,0.002737,0.000521,0.002047
NR27,0.006862,0.016015,0.003984,0.009913,0.001192,0.003518,0.000498,0.001676,0.000249,0.000999
NR28,0.022787,0.048588,0.014185,0.03249,0.00398,0.011542,0.000884,0.00363,0.000206,0.000973
NR29,0.019864,0.058544,0.010424,0.030687,0.002212,0.006541,0.000413,0.001766,6.9e-05,0.000402
NR30,0.018127,0.060268,0.006659,0.031033,0.001226,0.006552,0.000283,0.002147,4.3e-05,0.000382
NR31,0.022872,0.068732,0.011169,0.036582,0.002218,0.010957,0.000432,0.004354,0.000223,0.001239
NR32,0.020219,0.051248,0.010768,0.031369,0.002397,0.011377,0.000671,0.005302,0.000283,0.002143
NR33,0.022387,0.052197,0.012272,0.029778,0.003423,0.007755,0.001211,0.00283,0.000508,0.001325
NR34,0.060625,0.105933,0.038858,0.071729,0.011549,0.022911,0.004057,0.007519,0.001449,0.00315
NR35,0.058756,0.093978,0.038053,0.062208,0.012938,0.020289,0.005019,0.008067,0.001926,0.003646
NW1,0.154983,0.325221,0.104339,0.26217,0.041375,0.148824,0.017782,0.079119,0.009036,0.041811
NW2,0.128575,0.23,0.074007,0.149115,0.022646,0.055186,0.010338,0.026936,0.004599,0.014685
NW3,0.086365,0.191575,0.065137,0.142972,0.02909,0.062516,0.013914,0.03538,0.006433,0.019441
NW4,0.116969,0.200727,0.082007,0.141484,0.036918,0.070917,0.02037,0.03756,0.013016,0.022997
NW5,0.14304,0.309794,0.102479,0.225412,0.041532,0.116346,0.017195,0.0762,0.00624,0.050061
NW6,0.172515,0.379272,0.121586,0.296208,0.053269,0.149876,0.031801,0.090488,0.01789,0.059021
NW7,0.089792,0.154443,0.059325,0.102051,0.024268,0.040687,0.013854,0.022368,0.008639,0.014186
NW8,0.063373,0.289469,0.039692,0.215199,0.013515,0.115118,0.005296,0.069947,0.002557,0.044744
NW9,0.119335,0.210421,0.071341,0.135464,0.024242,0.048679,0.010541,0.022629,0.007853,0.01362
NW10,0.151311,0.303164,0.091218,0.205086,0.034957,0.086268,0.017778,0.048565,0.010093,0.033047
NW11,0.122135,0.218915,0.063446,0.129079,0.020006,0.04214,0.009368,0.022016,0.004669,0.012234
OL1,0.040386,0.091712,0.023915,0.056335,0.008227,0.01828,0.005079,0.010053,0.003044,0.007635
OL2,0.04241,0.087412,0.025648,0.056913,0.007826,0.020978,0.004317,0.011084,0.002189,0.006626
OL3,0.040339,0.063165,0.026582,0.039379,0.012647,0.019134,0.007118,0.011444,0.004085,0.008173
OL4,0.02731,0.055192,0.017774,0.033978,0.00627,0.015632,0.003537,0.009672,0.0022,0.00597
OL5,0.028498,0.052091,0.016726,0.031539,0.005371,0.010252,0.002722,0.004782,0.001545,0.002943
OL6,0.06108,0.124673,0.040368,0.083141,0.018231,0.036875,0.010632,0.021555,0.007338,0.015427
OL7,0.095679,0.181531,0.063678,0.127327,0.02499,0.065614,0.012114,0.037603,0.007802,0.026076
OL8,0.066652,0.143427,0.042354,0.095244,0.016486,0.04144,0.010123,0.024798,0.007519,0.018194
OL9,0.072931,0.189728,0.042366,0.123742,0.014693,0.050382,0.008284,0.029601,0.004499,0.017978
OL10,0.049755,0.105283,0.028591,0.068382,0.009243,0.026694,0.00415,0.012834,0.002252,0.008046
OL11,0.038948,0.080391,0.023955,0.052678,0.006881,0.019109,0.002876,0.009916,0.001422,0.005045
OL12,0.057309,0.081737,0.04298,0.058832,0.015625,0.034865,0.00963,0.016768,0.002665,0.011844
OL13,0.027781,0.044145,0.017223,0.027689,0.007277,0.011468,0.00339,0.006023,0.001981,0.003624
OL14,0.043125,0.063896,0.026822,0.043977,0.011238,0.019175,0.005484,0.011298,0.003453,0.006954
OL15,0.076375,0.10138,0.056891,0.077532,0.020999,0.041586,0.007251,0.013437,0.002971,0.008088
OL16,0.059103,0.099893,0.043454,0.071516,0.016656,0.036597,0.009392,0.026305,0.006814,0.010464
OX1,0.039276,0.07816,0.021185,0.04451,0.00704,0.012784,0.002532,0.006233,0.001051,0.003139
OX2,0.028041,0.062418,0.014448,0.03171,0.00342,0.00672,0.000981,0.001914,0.000313,0.000722
OX3,0.041179,0.081547,0.019714,0.041429,0.004121,0.007984,0.001452,0.002867,0.00056,0.001561
OX4,0.071909,0.145729,0.036676,0.083041,0.012313,0.02429,0.006423,0.013707,0.005472,0.0105
OX5,0.038296,0.082628,0.019217,0.04119,0.003421,0.007713,0.000584,0.001757,0.000102,0.00046
OX7,0.01487,0.025838,0.008414,0.01504,0.002605,0.00454,0.001012,0.001919,0.000472,0.000986
OX9,0.060012,0.107532,0.035345,0.06993,0.01129,0.024388,0.003865,0.01016,0.001815,0.004174
OX10,0.014545,0.036919,0.007548,0.019141,0.002013,0.00453,0.000692,0.001574,0.000258,0.000712
OX11,0.021022,0.047273,0.010996,0.026021,0.002642,0.006829,0.000776,0.002402,0.00041,0.001083
OX12,0.020823,0.038966,0.010269,0.019461,0.002652,0.004162,0.000746,0.001393,0.000257,0.000524
OX13,0.024658,0.05256,0.012201,0.025998,0.002799,0.005018,0.000843,0.001451,0.000305,0.000593
OX14,0.027732,0.06563,0.014325,0.034167,0.003294,0.007539,0.001158,0.002458,0.000411,0.000943
OX15,0.018627,0.031676,0.011029,0.019262,0.003287,0.00609,0.001194,0.002564,0.000488,0.00121
OX16,0.064607,0.140501,0.037646,0.090249,0.010132,0.028109,0.003277,0.01044,0.001183,0.004051
OX17,0.04011,0.064595,0.025681,0.041412,0.009363,0.015673,0.003662,0.006786,0.001636,0.003408
OX18,0.021309,0.045478,0.011774,0.024544,0.002472,0.004967,0.000694,0.001485,0.000218,0.000574
OX20,0.008075,0.017302,0.004582,0.00989,0.001299,0.002856,0.000616,0.00112,0.000304,0.000426
OX25,0.047539,0.087391,0.023034,0.047912,0.004586,0.009727,0.001415,0.003187,0.000599,0.001428
OX26,0.052464,0.099968,0.026065,0.050503,0.008332,0.015484,0.00403,0.008599,0.001812,0.004841
OX27,0.035385,0.068917,0.018721,0.038543,0.004864,0.010012,0.001461,0.003375,0.000591,0.00123
OX28,0.02906,0.074419,0.012362,0.033745,0.002492,0.006281,0.000947,0.002276,0.000166,0.000598
OX29,0.025584,0.050529,0.014148,0.028221,0.003309,0.007836,0.001366,0.00262,0.000774,0.001454
OX33,0.037071,0.067079,0.019648,0.033593,0.004389,0.007156,0.001295,0.00238,0.000527,0.000931
OX39,0.014918,0.028233,0.007305,0.013616,0.001652,0.002417,0.000386,0.000778,9e-05,0.000199
OX44,0.029277,0.051306,0.015714,0.028702,0.003618,0.007007,0.000884,0.001746,0.000265,0.000534
OX49,0.007602,0.015073,0.003743,0.007729,0.000811,0.001866,0.00026,0.000715,0.000122,0.000424
PA1,0.0,0.0,0.0,0.0,0.0,0.0,0.0,0.0,0.0,0.0
PA2,0.0,0.0,0.0,0.0,0.0,0.0,0.0,0.0,0.0,0.0
PA3,0.0,0.0,0.0,0.0,0.0,0.0,0.0,0.0,0.0,0.0
PA4,0.0,0.0,0.0,0.0,0.0,0.0,0.0,0.0,0.0,0.0
PA5,0.0,0.0,0.0,0.0,0.0,0.0,0.0,0.0,0.0,0.0
PA6,0.0,0.0,0.0,0.0,0.0,0.0,0.0,0.0,0.0,0.0
PA7,0.0,0.0,0.0,0.0,0.0,0.0,0.0,0.0,0.0,0.0
PA8,0.0,0.0,0.0,0.0,0.0,0.0,0.0,0.0,0.0,0.0
PA9,0.0,0.0,0.0,0.0,0.0,0.0,0.0,0.0,0.0,0.0
PA10,0.0,0.0,0.0,0.0,0.0,0.0,0.0,0.0,0.0,0.0
PA11,0.0,0.0,0.0,0.0,0.0,0.0,0.0,0.0,0.0,0.0
PA12,0.0,0.0,0.0,0.0,0.0,0.0,0.0,0.0,0.0,0.0
PA13,0.0,0.0,0.0,0.0,0.0,0.0,0.0,0.0,0.0,0.0
PA14,0.0,0.0,0.0,0.0,0.0,0.0,0.0,0.0,0.0,0.0
PA15,0.0,0.0,0.0,0.0,0.0,0.0,0.0,0.0,0.0,0.0
PA16,0.0,0.0,0.0,0.0,0.0,0.0,0.0,0.0,0.0,0.0
PA17,0.0,0.0,0.0,0.0,0.0,0.0,0.0,0.0,0.0,0.0
PA18,0.0,0.0,0.0,0.0,0.0,0.0,0.0,0.0,0.0,0.0
PA19,0.0,0.0,0.0,0.0,0.0,0.0,0.0,0.0,0.0,0.0
PA20,0.0,0.0,0.0,0.0,0.0,0.0,0.0,0.0,0.0,0.0
PA21,0.0,0.0,0.0,0.0,0.0,0.0,0.0,0.0,0.0,0.0
PA22,0.0,0.0,0.0,0.0,0.0,0.0,0.0,0.0,0.0,0.0
PA23,0.0,0.0,0.0,0.0,0.0,0.0,0.0,0.0,0.0,0.0
PA24,0.0,0.0,0.0,0.0,0.0,0.0,0.0,0.0,0.0,0.0
PA25,0.0,0.0,0.0,0.0,0.0,0.0,0.0,0.0,0.0,0.0
PA26,0.0,0.0,0.0,0.0,0.0,0.0,0.0,0.0,0.0,0.0
PA27,0.0,0.0,0.0,0.0,0.0,0.0,0.0,0.0,0.0,0.0
PA28,0.0,0.0,0.0,0.0,0.0,0.0,0.0,0.0,0.0,0.0
PA29,0.0,0.0,0.0,0.0,0.0,0.0,0.0,0.0,0.0,0.0
PA30,0.0,0.0,0.0,0.0,0.0,0.0,0.0,0.0,0.0,0.0
PA31,0.0,0.0,0.0,0.0,0.0,0.0,0.0,0.0,0.0,0.0
PA32,0.0,0.0,0.0,0.0,0.0,0.0,0.0,0.0,0.0,0.0
PA33,0.0,0.0,0.0,0.0,0.0,0.0,0.0,0.0,0.0,0.0
PA34,0.0,0.0,0.0,0.0,0.0,0.0,0.0,0.0,0.0,0.0
PA35,0.0,0.0,0.0,0.0,0.0,0.0,0.0,0.0,0.0,0.0
PA36,0.0,0.0,0.0,0.0,0.0,0.0,0.0,0.0,0.0,0.0
PA37,0.0,0.0,0.0,0.0,0.0,0.0,0.0,0.0,0.0,0.0
PA38,0.0,0.0,0.0,0.0,0.0,0.0,0.0,0.0,0.0,0.0
PA41,0.0,0.0,0.0,0.0,0.0,0.0,0.0,0.0,0.0,0.0
PA42,0.0,0.0,0.0,0.0,0.0,0.0,0.0,0.0,0.0,0.0
PA43,0.0,0.0,0.0,0.0,0.0,0.0,0.0,0.0,0.0,0.0
PA44,0.0,0.0,0.0,0.0,0.0,0.0,0.0,0.0,0.0,0.0
PA45,0.0,0.0,0.0,0.0,0.0,0.0,0.0,0.0,0.0,0.0
PA46,0.0,0.0,0.0,0.0,0.0,0.0,0.0,0.0,0.0,0.0
PA47,0.0,0.0,0.0,0.0,0.0,0.0,0.0,0.0,0.0,0.0
PA48,0.0,0.0,0.0,0.0,0.0,0.0,0.0,0.0,0.0,0.0
PA49,0.0,0.0,0.0,0.0,0.0,0.0,0.0,0.0,0.0,0.0
PA60,0.0,0.0,0.0,0.0,0.0,0.0,0.0,0.0,0.0,0.0
PA61,0.0,0.0,0.0,0.0,0.0,0.0,0.0,0.0,0.0,0.0
PA62,0.0,0.0,0.0,0.0,0.0,0.0,0.0,0.0,0.0,0.0
PA63,0.0,0.0,0.0,0.0,0.0,0.0,0.0,0.0,0.0,0.0
PA64,0.0,0.0,0.0,0.0,0.0,0.0,0.0,0.0,0.0,0.0
PA65,0.0,0.0,0.0,0.0,0.0,0.0,0.0,0.0,0.0,0.0
PA66,0.0,0.0,0.0,0.0,0.0,0.0,0.0,0.0,0.0,0.0
PA67,0.0,0.0,0.0,0.0,0.0,0.0,0.0,0.0,0.0,0.0
PA68,0.0,0.0,0.0,0.0,0.0,0.0,0.0,0.0,0.0,0.0
PA69,0.0,0.0,0.0,0.0,0.0,0.0,0.0,0.0,0.0,0.0
PA70,0.0,0.0,0.0,0.0,0.0,0.0,0.0,0.0,0.0,0.0
PA71,0.0,0.0,0.0,0.0,0.0,0.0,0.0,0.0,0.0,0.0
PA72,0.0,0.0,0.0,0.0,0.0,0.0,0.0,0.0,0.0,0.0
PA73,0.0,0.0,0.0,0.0,0.0,0.0,0.0,0.0,0.0,0.0
PA74,0.0,0.0,0.0,0.0,0.0,0.0,0.0,0.0,0.0,0.0
PA75,0.0,0.0,0.0,0.0,0.0,0.0,0.0,0.0,0.0,0.0
PA76,0.0,0.0,0.0,0.0,0.0,0.0,0.0,0.0,0.0,0.0
PA77,0.0,0.0,0.0,0.0,0.0,0.0,0.0,0.0,0.0,0.0
PA78,0.0,0.0,0.0,0.0,0.0,0.0,0.0,0.0,0.0,0.0
PA80,0.0,0.0,0.0,0.0,0.0,0.0,0.0,0.0,0.0,0.0
PE1,0.048153,0.155637,0.022481,0.083728,0.004905,0.020547,0.001614,0.007757,0.000623,0.003787
PE2,0.082631,0.181493,0.041953,0.10527,0.011813,0.035146,0.005644,0.016722,0.002962,0.008564
PE3,0.043663,0.125057,0.017344,0.068732,0.003008,0.019927,0.000631,0.006913,0.000194,0.002583
PE4,0.032282,0.097121,0.014775,0.042967,0.00319,0.008395,0.000672,0.003434,0.000183,0.001435
PE5,0.028817,0.063942,0.017486,0.038118,0.003146,0.011637,0.00058,0.005391,0.00029,0.000702
PE6,0.0337,0.083469,0.021403,0.044087,0.005153,0.015283,0.001385,0.00554,0.000484,0.001868
PE7,0.083358,0.175066,0.05106,0.110173,0.017686,0.041429,0.007856,0.017062,0.003545,0.008172
PE8,0.028631,0.054504,0.016848,0.033179,0.005324,0.010659,0.002457,0.00465,0.001008,0.002393
PE9,0.02209,0.046322,0.012993,0.027551,0.003884,0.009514,0.00143,0.004006,0.000585,0.001676
PE10,0.046515,0.108368,0.028843,0.063298,0.009761,0.018778,0.003473,0.006924,0.001098,0.002605
PE11,0.033461,0.091808,0.021338,0.046841,0.004241,0.01644,0.0004,0.005353,3.3e-05,0.001265
PE12,0.030633,0.0705,0.018754,0.041574,0.003099,0.016493,0.00032,0.006852,4.8e-05,0.001936
PE13,0.043633,0.100532,0.025307,0.053868,0.003545,0.018308,0.000436,0.007966,8.6e-05,0.002388
PE14,0.033831,0.087141,0.020712,0.047774,0.003583,0.016817,0.000404,0.005925,7.4e-05,0.0016
PE15,0.075572,0.170001,0.04318,0.09587,0.014145,0.029982,0.005762,0.012809,0.002506,0.005848
PE16,0.045605,0.119613,0.027216,0.062639,0.008641,0.019202,0.003578,0.008576,0.001728,0.003402
PE19,0.048304,0.097177,0.029105,0.059782,0.011085,0.020873,0.005499,0.008665,0.001696,0.003873
PE20,0.039739,0.087541,0.02716,0.050659,0.006466,0.020843,0.000898,0.007982,0.000137,0.002049
PE21,0.034781,0.100447,0.020178,0.048475,0.005399,0.015736,0.001204,0.007571,0.000191,0.004105
PE22,0.034826,0.0805,0.022283,0.045473,0.006528,0.01647,0.001887,0.006479,0.000535,0.002223
PE23,0.050958,0.087716,0.033182,0.054365,0.011923,0.019138,0.004401,0.007736,0.001519,0.002951
PE24,0.024837,0.069621,0.015242,0.040057,0.003378,0.013973,0.001018,0.004679,0.000403,0.001514
PE25,0.010551,0.040165,0.00452,0.018389,0.000387,0.005196,5e-05,0.00176,2e-05,0.000491
PE26,0.078999,0.16965,0.049527,0.105095,0.015129,0.036944,0.006543,0.017437,0.002792,0.008616
PE27,0.068192,0.153912,0.039739,0.097826,0.011765,0.030478,0.004277,0.01198,0.00109,0.005577
PE28,0.064553,0.122323,0.039846,0.075704,0.013346,0.024358,0.005727,0.009933,0.002359,0.004528
PE29,0.079306,0.15152,0.048179,0.100798,0.016639,0.035561,0.007293,0.015384,0.00244,0.009108
PE30,0.029522,0.093982,0.015693,0.051261,0.003885,0.016728,0.000744,0.006463,0.000135,0.00194
PE31,0.010428,0.030989,0.005692,0.017567,0.001548,0.005071,0.00055,0.00198,0.000196,0.000863
PE32,0.025121,0.055689,0.015643,0.034758,0.005445,0.010582,0.00182,0.003951,0.000671,0.001646
PE33,0.045623,0.105318,0.028681,0.06298,0.011137,0.021193,0.004661,0.009232,0.001532,0.004002
PE34,0.025383,0.066135,0.016644,0.038136,0.004189,0.015401,0.00071,0.006654,0.000123,0.002414
PE35,0.011384,0.027128,0.005996,0.014759,0.001677,0.005556,0.000776,0.002096,0.000252,0.001048
PE36,0.007046,0.022664,0.004497,0.014358,0.001699,0.005496,0.000613,0.002713,0.000255,0.001281
PE37,0.011482,0.03018,0.006445,0.017903,0.001984,0.005026,0.000749,0.002001,0.000324,0.001045
PE38,0.060752,0.150233,0.034238,0.080579,0.01147,0.021574,0.004442,0.00887,0.001529,0.003786
PH1,0.0,0.0,0.0,0.0,0.0,0.0,0.0,0.0,0.0,0.0
PH2,0.0,0.0,0.0,0.0,0.0,0.0,0.0,0.0,0.0,0.0
PH3,0.0,0.0,0.0,0.0,0.0,0.0,0.0,0.0,0.0,0.0
PH4,0.0,0.0,0.0,0.0,0.0,0.0,0.0,0.0,0.0,0.0
PH5,0.0,0.0,0.0,0.0,0.0,0.0,0.0,0.0,0.0,0.0
PH6,0.0,0.0,0.0,0.0,0.0,0.0,0.0,0.0,0.0,0.0
PH7,0.0,0.0,0.0,0.0,0.0,0.0,0.0,0.0,0.0,0.0
PH8,0.0,0.0,0.0,0.0,0.0,0.0,0.0,0.0,0.0,0.0
PH9,0.0,0.0,0.0,0.0,0.0,0.0,0.0,0.0,0.0,0.0
PH10,0.0,0.0,0.0,0.0,0.0,0.0,0.0,0.0,0.0,0.0
PH11,0.0,0.0,0.0,0.0,0.0,0.0,0.0,0.0,0.0,0.0
PH12,0.0,0.0,0.0,0.0,0.0,0.0,0.0,0.0,0.0,0.0
PH13,0.0,0.0,0.0,0.0,0.0,0.0,0.0,0.0,0.0,0.0
PH14,0.0,0.0,0.0,0.0,0.0,0.0,0.0,0.0,0.0,0.0
PH15,0.0,0.0,0.0,0.0,0.0,0.0,0.0,0.0,0.0,0.0
PH16,0.0,0.0,0.0,0.0,0.0,0.0,0.0,0.0,0.0,0.0
PH17,0.0,0.0,0.0,0.0,0.0,0.0,0.0,0.0,0.0,0.0
PH18,0.0,0.0,0.0,0.0,0.0,0.0,0.0,0.0,0.0,0.0
PH19,0.0,0.0,0.0,0.0,0.0,0.0,0.0,0.0,0.0,0.0
PH20,0.0,0.0,0.0,0.0,0.0,0.0,0.0,0.0,0.0,0.0
PH21,0.0,0.0,0.0,0.0,0.0,0.0,0.0,0.0,0.0,0.0
PH22,0.0,0.0,0.0,0.0,0.0,0.0,0.0,0.0,0.0,0.0
PH23,0.0,0.0,0.0,0.0,0.0,0.0,0.0,0.0,0.0,0.0
PH24,0.0,0.0,0.0,0.0,0.0,0.0,0.0,0.0,0.0,0.0
PH25,0.0,0.0,0.0,0.0,0.0,0.0,0.0,0.0,0.0,0.0
PH26,0.0,0.0,0.0,0.0,0.0,0.0,0.0,0.0,0.0,0.0
PH30,0.0,0.0,0.0,0.0,0.0,0.0,0.0,0.0,0.0,0.0
PH31,0.0,0.0,0.0,0.0,0.0,0.0,0.0,0.0,0.0,0.0
PH32,0.0,0.0,0.0,0.0,0.0,0.0,0.0,0.0,0.0,0.0
PH33,0.0,0.0,0.0,0.0,0.0,0.0,0.0,0.0,0.0,0.0
PH34,0.0,0.0,0.0,0.0,0.0,0.0,0.0,0.0,0.0,0.0
PH35,0.0,0.0,0.0,0.0,0.0,0.0,0.0,0.0,0.0,0.0
PH36,0.0,0.0,0.0,0.0,0.0,0.0,0.0,0.0,0.0,0.0
PH37,0.0,0.0,0.0,0.0,0.0,0.0,0.0,0.0,0.0,0.0
PH38,0.0,0.0,0.0,0.0,0.0,0.0,0.0,0.0,0.0,0.0
PH39,0.0,0.0,0.0,0.0,0.0,0.0,0.0,0.0,0.0,0.0
PH40,0.0,0.0,0.0,0.0,0.0,0.0,0.0,0.0,0.0,0.0
PH41,0.0,0.0,0.0,0.0,0.0,0.0,0.0,0.0,0.0,0.0
PH42,0.0,0.0,0.0,0.0,0.0,0.0,0.0,0.0,0.0,0.0
PH43,0.0,0.0,0.0,0.0,0.0,0.0,0.0,0.0,0.0,0.0
PH44,0.0,0.0,0.0,0.0,0.0,0.0,0.0,0.0,0.0,0.0
PH49,0.0,0.0,0.0,0.0,0.0,0.0,0.0,0.0,0.0,0.0
PH50,0.0,0.0,0.0,0.0,0.0,0.0,0.0,0.0,0.0,0.0
PL1,0.033561,0.081508,0.022556,0.060924,0.007272,0.033314,0.001919,0.019985,0.000475,0.012202
PL2,0.035288,0.093157,0.020874,0.065483,0.007929,0.022922,0.003755,0.01108,0.002232,0.007588
PL3,0.035337,0.090753,0.020868,0.060937,0.006716,0.026052,0.002299,0.014446,0.001442,0.008181
PL4,0.066214,0.156835,0.042371,0.113544,0.015915,0.055376,0.007156,0.027851,0.004454,0.019152
PL5,0.016878,0.041024,0.009546,0.023837,0.002904,0.007993,0.001438,0.004486,0.000625,0.002775
PL6,0.018754,0.04053,0.010486,0.024681,0.002409,0.007745,0.001045,0.003595,0.000768,0.002391
PL7,0.031718,0.055498,0.021119,0.037829,0.009162,0.017069,0.005458,0.010293,0.001394,0.007329
PL8,0.007912,0.014839,0.004545,0.00921,0.001239,0.002902,0.000503,0.001111,0.000269,0.000581
PL9,0.009143,0.020981,0.005451,0.012317,0.00153,0.004073,0.000689,0.00173,0.000387,0.000924
PL10,0.004347,0.008152,0.002572,0.004913,0.000683,0.001454,0.000224,0.000673,0.000134,0.000241
PL11,0.012008,0.020841,0.007593,0.013485,0.002389,0.00561,0.000774,0.002807,0.000435,0.001474
PL12,0.016104,0.027274,0.010058,0.018291,0.002883,0.007378,0.001153,0.00328,0.000594,0.001613
PL13,0.011466,0.019071,0.007235,0.01302,0.001612,0.005821,0.000448,0.002257,0.000164,0.000679
PL14,0.030455,0.045271,0.016144,0.034909,0.004134,0.014838,0.001307,0.00554,0.000692,0.002108
PL15,0.025851,0.048277,0.016467,0.032868,0.005804,0.014026,0.002633,0.006907,0.000888,0.003655
PL16,0.014245,0.02757,0.008479,0.017278,0.00234,0.00635,0.000841,0.002761,0.000314,0.001185
PL17,0.010182,0.021093,0.005614,0.012789,0.00113,0.003654,0.000341,0.001039,0.000206,0.000395
PL18,0.016741,0.034595,0.00833,0.020743,0.00194,0.004665,0.000439,0.001256,0.000245,0.000643
PL19,0.012666,0.022232,0.007612,0.013512,0.00252,0.005227,0.001058,0.002462,0.000588,0.001281
PL20,0.020959,0.03613,0.012575,0.022177,0.004507,0.009047,0.001844,0.004365,0.000723,0.002096
PL21,0.015363,0.026997,0.009295,0.016149,0.003272,0.006094,0.001628,0.003118,0.000525,0.001845
PL22,0.015359,0.026313,0.010309,0.018831,0.003854,0.008375,0.001538,0.004342,0.000552,0.002306
PL23,0.006286,0.011512,0.003843,0.007432,0.00119,0.002983,0.000446,0.001324,0.000303,0.000691
PL24,0.016992,0.035432,0.010206,0.024642,0.003558,0.010263,0.000979,0.00553,0.00055,0.003034
PL25,0.01933,0.046423,0.010964,0.025976,0.003068,0.007803,0.00164,0.003902,0.000946,0.002037
PL26,0.032688,0.060452,0.02132,0.040642,0.00661,0.017648,0.002797,0.00804,0.001349,0.004645
PL27,0.018686,0.035235,0.01232,0.02454,0.00437,0.01159,0.001857,0.006365,0.000879,0.003612
PL28,0.008146,0.016971,0.004818,0.010782,0.001258,0.003978,0.000516,0.001789,0.000208,0.000692
PL29,0.01057,0.018894,0.007501,0.013864,0.002829,0.00743,0.000868,0.004106,0.000245,0.002083
PL30,0.01953,0.037448,0.012197,0.024342,0.004119,0.010273,0.001889,0.005047,0.001111,0.002657
PL31,0.020174,0.043974,0.012001,0.026186,0.003118,0.008691,0.001058,0.002893,0.000507,0.001238
PL32,0.03405,0.058855,0.026204,0.042059,0.010555,0.024801,0.006692,0.012251,0.005067,0.008301
PL33,0.012378,0.022832,0.008616,0.015447,0.003681,0.007997,0.001593,0.005112,0.001129,0.00388
PL34,0.006698,0.013168,0.003981,0.008366,0.001502,0.003206,0.000733,0.001684,0.000535,0.001065
PL35,0.00819,0.014639,0.005508,0.009539,0.002088,0.004246,0.000945,0.002273,0.000433,0.001324
PO1,0.039966,0.121761,0.015104,0.058934,0.001809,0.013486,0.00063,0.005427,0.000356,0.002028
PO2,0.021511,0.066451,0.006475,0.026732,0.000535,0.003247,0.000184,0.000904,0.000129,0.000258
PO3,0.018595,0.066503,0.006818,0.030668,0.000789,0.005613,0.000179,0.001995,6e-05,0.00067
PO4,0.009314,0.037397,0.00211,0.014995,0.000223,0.001207,9.1e-05,0.000193,2e-05,7.1e-05
PO5,0.015854,0.049736,0.007658,0.027643,0.001205,0.007185,0.00043,0.002001,0.000301,0.000731
PO6,0.025468,0.069459,0.010244,0.037149,0.001436,0.007418,0.000454,0.001692,0.000227,0.000784
PO7,0.028306,0.049014,0.014418,0.02811,0.003415,0.007079,0.001138,0.002786,0.000519,0.001681
PO8,0.011645,0.026173,0.005796,0.014979,0.001521,0.003949,0.000571,0.001649,0.000329,0.000874
PO9,0.030189,0.057984,0.015073,0.031954,0.003281,0.007495,0.001426,0.002835,0.000584,0.001422
PO10,0.01541,0.03822,0.007036,0.019291,0.001344,0.003694,0.000451,0.00138,0.000213,0.000675
PO11,0.00717,0.019483,0.003009,0.009928,0.000439,0.002086,0.000105,0.000525,1.6e-05,0.000111
PO12,0.011466,0.034731,0.003512,0.015219,0.000203,0.001906,8e-05,0.000327,1.1e-05,0.000145
PO13,0.015957,0.039673,0.006736,0.019699,0.001444,0.005344,0.000251,0.001982,6.4e-05,0.000754
PO14,0.018264,0.037425,0.008148,0.017257,0.00155,0.003481,0.000483,0.00103,0.000184,0.000423
PO15,0.050476,0.08119,0.026116,0.044427,0.006496,0.013012,0.003207,0.006902,0.001715,0.003938
PO16,0.031894,0.06466,0.016577,0.037303,0.00474,0.011604,0.001978,0.005593,0.001086,0.003112
PO17,0.037397,0.053821,0.023144,0.034882,0.007761,0.012971,0.003211,0.005845,0.001391,0.003246
PO18,0.010089,0.020584,0.00602,0.012627,0.001929,0.004426,0.000794,0.001972,0.000386,0.001069
PO19,0.029082,0.076524,0.011567,0.039644,0.001829,0.008361,0.000412,0.002874,0.000271,0.001507
PO20,0.017185,0.042785,0.010069,0.024092,0.001527,0.005314,0.000328,0.001429,8.7e-05,0.000335
PO21,0.010489,0.039509,0.004242,0.017831,0.000726,0.003337,0.000121,0.000784,3.2e-05,0.000121
PO22,0.019264,0.05286,0.010547,0.027769,0.002657,0.007323,0.000528,0.00228,9.2e-05,0.000862
PO30,0.021961,0.032825,0.013617,0.020106,0.004828,0.007175,0.001805,0.003368,0.000751,0.00172
PO31,0.019109,0.027045,0.013162,0.018121,0.006522,0.009517,0.002148,0.006118,0.000729,0.002315
PO32,0.011098,0.01803,0.006926,0.01107,0.002352,0.004036,0.001009,0.002018,0.00047,0.001084
PO33,0.027094,0.040076,0.016135,0.025776,0.00554,0.009074,0.002247,0.003959,0.000963,0.001989
PO34,0.011028,0.014957,0.007396,0.011569,0.003433,0.005431,0.00085,0.00308,0.000486,0.000916
PO35,0.009896,0.018933,0.00536,0.009965,0.001038,0.002783,0.000192,0.000481,2.7e-05,8.9e-05
PO36,0.02591,0.041031,0.014594,0.024735,0.003103,0.005563,0.000762,0.001702,0.000345,0.000798
PO37,0.00897,0.013455,0.005823,0.008761,0.002083,0.003211,0.001074,0.002001,0.000564,0.001183
PO38,0.008674,0.014813,0.005117,0.008426,0.001466,0.002563,0.000548,0.001088,0.000256,0.000516
PO39,0.001348,0.002454,0.000735,0.001409,0.000182,0.00031,7.3e-05,0.00014,3.6e-05,9.1e-05
PO40,0.007042,0.01455,0.003166,0.008684,0.000474,0.001311,0.000189,0.000316,0.000111,0.000237
PO41,0.013893,0.023243,0.007993,0.013556,0.002117,0.003925,0.000789,0.001266,0.000247,0.000518
PR1,0.085333,0.179506,0.047979,0.112861,0.01319,0.038263,0.0053,0.01629,0.002718,0.009086
PR2,0.060907,0.112905,0.033594,0.065052,0.009685,0.019524,0.00416,0.009444,0.002225,0.005625
PR3,0.061562,0.09528,0.037967,0.060059,0.01182,0.019668,0.004535,0.007904,0.001845,0.003838
PR4,0.084195,0.138974,0.050412,0.087811,0.011944,0.025544,0.002769,0.007212,0.000794,0.00206
PR5,0.063324,0.10391,0.038352,0.066006,0.013527,0.023114,0.006563,0.012322,0.003676,0.007751
PR6,0.040813,0.06169,0.027551,0.041292,0.01092,0.017583,0.005393,0.009382,0.002673,0.005525
PR7,0.059792,0.096047,0.03793,0.062899,0.013658,0.025008,0.004943,0.012587,0.002105,0.006801
PR8,0.092469,0.133648,0.045959,0.068985,0.008112,0.012199,0.002508,0.003654,0.001206,0.001496
PR9,0.106186,0.178434,0.054793,0.098165,0.014837,0.023429,0.004217,0.006816,0.000955,0.001637
PR25,0.059192,0.113332,0.030697,0.06611,0.008759,0.01729,0.002727,0.007832,0.000833,0.002741
PR26,0.089907,0.163132,0.050606,0.100289,0.010961,0.025832,0.002447,0.00656,0.00047,0.001471
RG1,0.035252,0.109069,0.018954,0.066657,0.004887,0.016723,0.001487,0.00731,0.000489,0.003081
RG2,0.049993,0.111261,0.025671,0.060836,0.005254,0.013242,0.001731,0.004416,0.000814,0.001877
RG4,0.010482,0.034899,0.005528,0.021638,0.001925,0.006226,0.001086,0.003046,0.000712,0.002049
RG5,0.019154,0.073605,0.00665,0.036008,0.000481,0.004119,0.000125,0.00115,0.0,0.000293
RG6,0.043634,0.117571,0.02204,0.068424,0.003522,0.014495,0.001097,0.004403,0.000447,0.002127
RG7,0.040819,0.070653,0.024222,0.042658,0.007111,0.013972,0.002722,0.00575,0.001385,0.002745
RG8,0.008077,0.023583,0.00445,0.013343,0.001526,0.004804,0.000857,0.002505,0.000453,0.001642
RG9,0.008829,0.024327,0.004811,0.015916,0.001597,0.005468,0.000906,0.002021,0.000579,0.001154
RG10,0.043515,0.080947,0.023997,0.046793,0.006072,0.011788,0.001568,0.004431,0.000737,0.00184
RG12,0.049898,0.099664,0.027998,0.062133,0.007893,0.022673,0.003412,0.01104,0.001741,0.006441
RG14,0.038635,0.080766,0.022837,0.05042,0.008371,0.021335,0.004353,0.009579,0.001995,0.006259
RG17,0.011615,0.023734,0.007277,0.01539,0.002686,0.006273,0.0014,0.003138,0.000901,0.001994
RG18,0.028069,0.053452,0.0182,0.033909,0.007059,0.01382,0.003933,0.006958,0.002445,0.004223
RG19,0.052382,0.086513,0.029598,0.055635,0.007328,0.016975,0.003225,0.006104,0.001524,0.00286
RG20,0.019077,0.032063,0.011399,0.020714,0.003764,0.00761,0.001686,0.00349,0.000825,0.00186
RG21,0.042866,0.090316,0.024133,0.058484,0.007899,0.020763,0.004276,0.01011,0.001141,0.006323
RG22,0.032357,0.068227,0.018026,0.0423,0.005531,0.014684,0.002237,0.006783,0.000705,0.003343
RG23,0.011279,0.024883,0.006467,0.01641,0.002801,0.007397,0.001406,0.004537,0.000757,0.003012
RG24,0.056657,0.091379,0.031871,0.05692,0.010301,0.020069,0.004576,0.010827,0.001462,0.006671
RG25,0.00637,0.015129,0.003865,0.010004,0.00146,0.00435,0.000724,0.002551,0.000381,0.001623
RG26,0.031109,0.046398,0.018495,0.027637,0.004385,0.007884,0.001441,0.002338,0.000275,0.000892
RG27,0.041942,0.068658,0.023858,0.041047,0.006152,0.011013,0.001993,0.004041,0.000787,0.00171
RG28,0.00637,0.014249,0.003934,0.008796,0.001345,0.003354,0.000647,0.001941,0.000341,0.001325
RG29,0.025824,0.044902,0.015407,0.026806,0.005357,0.008619,0.001478,0.003826,0.000506,0.001346
RG30,0.030648,0.071307,0.016895,0.03837,0.00544,0.011072,0.002574,0.005618,0.000612,0.002645
RG31,0.04286,0.080308,0.023949,0.049647,0.007878,0.014008,0.004186,0.00731,0.001943,0.004694
RG40,0.045576,0.088132,0.025388,0.051448,0.006817,0.015679,0.002135,0.006171,0.000945,0.003016
RG41,0.047353,0.103589,0.025144,0.060096,0.00584,0.01385,0.002106,0.004545,0.001017,0.001989
RG42,0.070509,0.115916,0.038449,0.069903,0.008728,0.016224,0.003189,0.005788,0.001066,0.002982
RG45,0.020286,0.048159,0.010137,0.026789,0.002767,0.009091,0.000969,0.005228,0.000472,0.003149
RH1,0.048086,0.084152,0.028822,0.052565,0.009789,0.019237,0.004089,0.01015,0.00205,0.006268
RH2,0.036491,0.067678,0.020327,0.038542,0.005198,0.01102,0.001674,0.004203,0.000565,0.001948
RH3,0.03665,0.061523,0.022645,0.036622,0.008319,0.013592,0.002586,0.009282,0.001422,0.007163
RH4,0.021111,0.037281,0.011603,0.022215,0.003087,0.006229,0.001303,0.002463,0.000616,0.001527
RH5,0.035446,0.053994,0.023545,0.036223,0.009726,0.015991,0.004562,0.008526,0.002248,0.004889
RH6,0.082048,0.151064,0.046563,0.089722,0.011639,0.022382,0.004021,0.00839,0.001417,0.003475
RH7,0.055377,0.093516,0.032368,0.054712,0.007645,0.013594,0.002413,0.004282,0.000699,0.00237
RH8,0.038213,0.061047,0.023562,0.040772,0.007441,0.015379,0.003348,0.006993,0.001671,0.004202
RH9,0.051612,0.082091,0.034003,0.056675,0.015182,0.024576,0.008316,0.013928,0.004121,0.008526
RH10,0.042288,0.072461,0.025148,0.044871,0.007926,0.016432,0.002776,0.006936,0.001298,0.00285
RH11,0.055636,0.101208,0.027512,0.056538,0.006546,0.013291,0.002551,0.004742,0.001176,0.002567
RH12,0.047085,0.067043,0.030692,0.044396,0.012079,0.019198,0.005748,0.009852,0.003215,0.005597
RH13,0.053178,0.073183,0.036618,0.050884,0.015669,0.024331,0.007377,0.013214,0.003711,0.007566
RH14,0.057492,0.077369,0.039096,0.053251,0.016111,0.024878,0.006964,0.012919,0.003154,0.006736
RH15,0.074376,0.112126,0.044765,0.071901,0.015517,0.027341,0.005954,0.012903,0.002149,0.007098
RH16,0.035634,0.056059,0.0221,0.035646,0.007277,0.013713,0.002983,0.006829,0.001278,0.004126
RH17,0.036572,0.050736,0.024608,0.035635,0.009434,0.015975,0.004274,0.008344,0.002031,0.004399
RH18,0.035583,0.050656,0.023376,0.03413,0.009652,0.014874,0.004207,0.007417,0.001788,0.003856
RH19,0.040826,0.058771,0.028632,0.041997,0.01269,0.020272,0.00646,0.011414,0.003764,0.00706
RH20,0.032802,0.051553,0.021449,0.033796,0.007042,0.012337,0.002331,0.005402,0.000897,0.002413
RM1,0.086973,0.170976,0.053505,0.108685,0.022407,0.038778,0.01024,0.020479,0.003982,0.010176
RM2,0.077952,0.165538,0.049647,0.106357,0.015215,0.04362,0.007756,0.01808,0.003656,0.008793
RM3,0.083524,0.150523,0.048333,0.095726,0.009734,0.03028,0.003157,0.011375,0.001566,0.004097
RM4,0.043699,0.075721,0.028726,0.047396,0.01126,0.019068,0.005619,0.010242,0.002988,0.006024
RM5,0.072468,0.145351,0.038547,0.08627,0.00694,0.023991,0.001742,0.006732,0.000728,0.002131
RM6,0.084871,0.191554,0.041661,0.113747,0.013983,0.040835,0.00725,0.01892,0.003677,0.009398
RM7,0.074163,0.192275,0.03371,0.111012,0.009839,0.028633,0.006826,0.013105,0.003982,0.009671
RM8,0.123813,0.317814,0.038915,0.163432,0.002846,0.024302,0.000224,0.00841,3.2e-05,0.005628
RM9,0.234882,0.40212,0.13241,0.289216,0.035697,0.146682,0.020284,0.100172,0.009454,0.051037
RM10,0.167604,0.297482,0.097014,0.193315,0.041239,0.112949,0.026118,0.083777,0.017488,0.057608
RM11,0.051817,0.114051,0.025347,0.062409,0.005383,0.01613,0.002014,0.006235,0.001046,0.002459
RM12,0.052773,0.136822,0.030206,0.078428,0.017193,0.03173,0.014269,0.023535,0.012766,0.019931
RM13,0.032692,0.115233,0.015702,0.061775,0.004513,0.019921,0.002099,0.010043,0.00116,0.005831
RM14,0.069556,0.150892,0.038495,0.085635,0.011722,0.022961,0.004822,0.010013,0.002502,0.004833
RM15,0.051405,0.113172,0.025305,0.062939,0.005135,0.016782,0.001435,0.007152,0.000987,0.003878
RM16,0.09008,0.144538,0.04722,0.085363,0.013223,0.02526,0.004614,0.010068,0.001923,0.003908
RM17,0.191291,0.258086,0.1044,0.163065,0.036181,0.064472,0.018759,0.037364,0.007298,0.019482
RM18,0.141582,0.184968,0.085296,0.113712,0.038356,0.045788,0.008299,0.010794,0.00499,0.005601
RM19,0.189974,0.256548,0.106561,0.158527,0.031206,0.048353,0.016709,0.022775,0.011694,0.014431
RM20,0.214657,0.322991,0.119548,0.196842,0.043319,0.073177,0.02638,0.040954,0.018809,0.026735
S1,0.094887,0.241817,0.061688,0.167343,0.018282,0.057762,0.012338,0.027031,0.003926,0.013796
S2,0.034825,0.090868,0.019449,0.053857,0.00576,0.01576,0.003639,0.007596,0.001836,0.004791
S3,0.068609,0.176974,0.041406,0.110265,0.010601,0.036055,0.0029,0.013002,0.0011,0.004651
S4,0.066361,0.216504,0.030528,0.131454,0.005583,0.029934,0.001663,0.007325,0.000752,0.002811
S5,0.031828,0.072282,0.019456,0.041749,0.006338,0.016702,0.004015,0.008345,0.002626,0.005474
S6,0.017381,0.042007,0.01026,0.021738,0.003185,0.007978,0.001466,0.003854,0.000833,0.002145
S7,0.048194,0.1049,0.027725,0.061219,0.008932,0.017724,0.003303,0.008653,0.001768,0.006234
S8,0.030752,0.062817,0.018046,0.036848,0.005036,0.011566,0.001796,0.004733,0.000878,0.002301
S9,0.057336,0.172825,0.029505,0.108455,0.008642,0.035308,0.0041,0.014579,0.001905,0.007853
S10,0.030786,0.060075,0.02221,0.037289,0.009018,0.019976,0.003623,0.009703,0.002509,0.005216
S11,0.014714,0.036625,0.00835,0.018831,0.002182,0.005673,0.000723,0.002338,0.000326,0.000944
S12,0.014837,0.034615,0.008757,0.019449,0.002646,0.00576,0.001042,0.002785,0.000489,0.001222
S13,0.028601,0.074365,0.013624,0.044945,0.00426,0.013524,0.002186,0.008582,0.001379,0.005564
S14,0.024746,0.043376,0.014916,0.023888,0.004115,0.008515,0.0012,0.003658,0.000743,0.001829
S17,0.021076,0.04247,0.011979,0.024986,0.003229,0.008712,0.001134,0.004084,0.000439,0.001823
S18,0.013711,0.027175,0.007951,0.016459,0.002668,0.006048,0.001119,0.002734,0.000497,0.001449
S20,0.027376,0.069243,0.015051,0.039987,0.002903,0.011434,0.000979,0.005156,0.00033,0.003199
S21,0.02639,0.054944,0.017749,0.037971,0.007882,0.017624,0.004573,0.010285,0.003173,0.007236
S25,0.029585,0.064657,0.018427,0.044207,0.004815,0.014786,0.001449,0.004633,0.000633,0.00171
S26,0.024522,0.046302,0.016431,0.03129,0.005057,0.014811,0.002461,0.007684,0.000968,0.003615
S32,0.012817,0.026627,0.00746,0.014899,0.002832,0.005466,0.00154,0.002746,0.001182,0.001787
S33,0.023661,0.037155,0.014323,0.022141,0.005126,0.008801,0.00238,0.004835,0.001124,0.002963
S35,0.0182,0.034647,0.01064,0.021074,0.00355,0.007348,0.001699,0.003895,0.000864,0.002333
S36,0.025493,0.044706,0.016206,0.026278,0.007112,0.012869,0.003935,0.008386,0.002923,0.005102
S40,0.046491,0.102366,0.029432,0.064438,0.011323,0.024868,0.007338,0.014433,0.004497,0.008711
S41,0.039225,0.080019,0.021188,0.052007,0.006044,0.020343,0.002692,0.012309,0.001618,0.006874
S42,0.026571,0.042878,0.018038,0.028383,0.007125,0.01338,0.002872,0.007416,0.001516,0.004728
S43,0.029415,0.060648,0.017847,0.040069,0.005634,0.015746,0.002391,0.007708,0.001105,0.004374
S44,0.027388,0.050128,0.01871,0.034996,0.007806,0.015441,0.004078,0.008021,0.002371,0.004747
S45,0.021358,0.03515,0.013959,0.022878,0.005003,0.010198,0.001947,0.004944,0.000879,0.002724
S60,0.036081,0.09917,0.019467,0.064159,0.005863,0.02194,0.002344,0.010154,0.001093,0.005624
S61,0.02876,0.061867,0.018286,0.039101,0.007001,0.017731,0.004132,0.010515,0.002347,0.007334
S62,0.023509,0.058856,0.013728,0.033555,0.004217,0.01138,0.001727,0.005358,0.000749,0.002526
S63,0.03452,0.089202,0.020746,0.057566,0.006763,0.021824,0.003159,0.011485,0.001843,0.00678
S64,0.031959,0.088311,0.015381,0.055007,0.002888,0.013838,0.000851,0.005193,0.000138,0.001939
S65,0.033148,0.081638,0.017993,0.054005,0.007084,0.019522,0.003018,0.009968,0.001709,0.005461
S66,0.022798,0.048319,0.014299,0.031899,0.00553,0.013778,0.001825,0.007136,0.000995,0.0042
S70,0.031702,0.069171,0.018492,0.043312,0.004974,0.014088,0.002325,0.005741,0.001158,0.003637
S71,0.040602,0.09273,0.02504,0.061627,0.008156,0.023797,0.003436,0.013116,0.001635,0.006938
S72,0.02226,0.048451,0.014312,0.031841,0.0046,0.013248,0.002188,0.006268,0.001475,0.003615
S73,0.042397,0.092985,0.025324,0.059314,0.008786,0.022393,0.004941,0.01158,0.003216,0.006648
S74,0.033145,0.067723,0.021476,0.042831,0.009014,0.018633,0.005487,0.011504,0.00378,0.008705
S75,0.019338,0.045508,0.011371,0.026729,0.003903,0.008756,0.002078,0.004384,0.001176,0.002613
S80,0.016985,0.038704,0.010249,0.024307,0.003381,0.009153,0.001292,0.004576,0.000474,0.002072
S81,0.0181,0.04007,0.010448,0.023985,0.00253,0.006947,0.000894,0.002678,0.00035,0.001258
SA1,0.0,0.0,0.0,0.0,0.0,0.0,0.0,0.0,0.0,0.0
SA2,0.0,0.0,0.0,0.0,0.0,0.0,0.0,0.0,0.0,0.0
SA3,0.0,0.0,0.0,0.0,0.0,0.0,0.0,0.0,0.0,0.0
SA4,0.0,0.0,0.0,0.0,0.0,0.0,0.0,0.0,0.0,0.0
SA5,0.0,0.0,0.0,0.0,0.0,0.0,0.0,0.0,0.0,0.0
SA6,0.0,0.0,0.0,0.0,0.0,0.0,0.0,0.0,0.0,0.0
SA7,0.0,0.0,0.0,0.0,0.0,0.0,0.0,0.0,0.0,0.0
SA8,0.0,0.0,0.0,0.0,0.0,0.0,0.0,0.0,0.0,0.0
SA9,0.0,0.0,0.0,0.0,0.0,0.0,0.0,0.0,0.0,0.0
SA10,0.0,0.0,0.0,0.0,0.0,0.0,0.0,0.0,0.0,0.0
SA11,0.0,0.0,0.0,0.0,0.0,0.0,0.0,0.0,0.0,0.0
SA12,0.0,0.0,0.0,0.0,0.0,0.0,0.0,0.0,0.0,0.0
SA13,0.0,0.0,0.0,0.0,0.0,0.0,0.0,0.0,0.0,0.0
SA14,0.0,0.0,0.0,0.0,0.0,0.0,0.0,0.0,0.0,0.0
SA15,0.0,0.0,0.0,0.0,0.0,0.0,0.0,0.0,0.0,0.0
SA16,0.0,0.0,0.0,0.0,0.0,0.0,0.0,0.0,0.0,0.0
SA17,0.0,0.0,0.0,0.0,0.0,0.0,0.0,0.0,0.0,0.0
SA18,0.0,0.0,0.0,0.0,0.0,0.0,0.0,0.0,0.0,0.0
SA19,0.0,0.0,0.0,0.0,0.0,0.0,0.0,0.0,0.0,0.0
SA20,0.0,0.0,0.0,0.0,0.0,0.0,0.0,0.0,0.0,0.0
SA31,0.0,0.0,0.0,0.0,0.0,0.0,0.0,0.0,0.0,0.0
SA32,0.0,0.0,0.0,0.0,0.0,0.0,0.0,0.0,0.0,0.0
SA33,0.0,0.0,0.0,0.0,0.0,0.0,0.0,0.0,0.0,0.0
SA34,0.0,0.0,0.0,0.0,0.0,0.0,0.0,0.0,0.0,0.0
SA35,0.0,0.0,0.0,0.0,0.0,0.0,0.0,0.0,0.0,0.0
SA36,0.0,0.0,0.0,0.0,0.0,0.0,0.0,0.0,0.0,0.0
SA37,0.0,0.0,0.0,0.0,0.0,0.0,0.0,0.0,0.0,0.0
SA38,0.0,0.0,0.0,0.0,0.0,0.0,0.0,0.0,0.0,0.0
SA39,0.0,0.0,0.0,0.0,0.0,0.0,0.0,0.0,0.0,0.0
SA40,0.0,0.0,0.0,0.0,0.0,0.0,0.0,0.0,0.0,0.0
SA41,0.0,0.0,0.0,0.0,0.0,0.0,0.0,0.0,0.0,0.0
SA42,0.0,0.0,0.0,0.0,0.0,0.0,0.0,0.0,0.0,0.0
SA43,0.0,0.0,0.0,0.0,0.0,0.0,0.0,0.0,0.0,0.0
SA44,0.0,0.0,0.0,0.0,0.0,0.0,0.0,0.0,0.0,0.0
SA45,0.0,0.0,0.0,0.0,0.0,0.0,0.0,0.0,0.0,0.0
SA46,0.0,0.0,0.0,0.0,0.0,0.0,0.0,0.0,0.0,0.0
SA47,0.0,0.0,0.0,0.0,0.0,0.0,0.0,0.0,0.0,0.0
SA48,0.0,0.0,0.0,0.0,0.0,0.0,0.0,0.0,0.0,0.0
SA61,0.0,0.0,0.0,0.0,0.0,0.0,0.0,0.0,0.0,0.0
SA62,0.0,0.0,0.0,0.0,0.0,0.0,0.0,0.0,0.0,0.0
SA63,0.0,0.0,0.0,0.0,0.0,0.0,0.0,0.0,0.0,0.0
SA64,0.0,0.0,0.0,0.0,0.0,0.0,0.0,0.0,0.0,0.0
SA65,0.0,0.0,0.0,0.0,0.0,0.0,0.0,0.0,0.0,0.0
SA66,0.0,0.0,0.0,0.0,0.0,0.0,0.0,0.0,0.0,0.0
SA67,0.0,0.0,0.0,0.0,0.0,0.0,0.0,0.0,0.0,0.0
SA68,0.0,0.0,0.0,0.0,0.0,0.0,0.0,0.0,0.0,0.0
SA69,0.0,0.0,0.0,0.0,0.0,0.0,0.0,0.0,0.0,0.0
SA70,0.0,0.0,0.0,0.0,0.0,0.0,0.0,0.0,0.0,0.0
SA71,0.0,0.0,0.0,0.0,0.0,0.0,0.0,0.0,0.0,0.0
SA72,0.0,0.0,0.0,0.0,0.0,0.0,0.0,0.0,0.0,0.0
SA73,0.0,0.0,0.0,0.0,0.0,0.0,0.0,0.0,0.0,0.0
SE1,0.094314,0.342754,0.049157,0.233758,0.011328,0.077025,0.004309,0.026991,0.002451,0.012954
SE2,0.044437,0.156192,0.02273,0.09625,0.007497,0.030588,0.003221,0.013729,0.001566,0.006834
SE3,0.074977,0.166721,0.045485,0.109817,0.014783,0.03796,0.0075,0.018847,0.005008,0.012508
SE4,0.101192,0.206322,0.05414,0.140156,0.017224,0.05351,0.005881,0.025311,0.001365,0.012708
SE5,0.068802,0.465841,0.034484,0.375968,0.007783,0.177221,0.001987,0.064372,0.001118,0.026701
SE6,0.079275,0.204362,0.042926,0.115694,0.011816,0.035749,0.00457,0.018186,0.002931,0.008308
SE7,0.107109,0.201794,0.064843,0.153585,0.027324,0.07574,0.010732,0.050645,0.007925,0.036116
SE8,0.075376,0.287562,0.035726,0.210195,0.008026,0.091851,0.003138,0.041158,0.001388,0.01563
SE9,0.054807,0.11787,0.026431,0.067441,0.00554,0.017088,0.00226,0.006018,0.001195,0.003096
SE10,0.077861,0.213896,0.033823,0.156351,0.007297,0.078519,0.003405,0.02664,0.002117,0.011217
SE11,0.075612,0.698936,0.042488,0.59483,0.007551,0.364973,0.002416,0.187269,0.000403,0.071686
SE12,0.080845,0.176303,0.035429,0.10117,0.006974,0.016751,0.002628,0.006448,0.001262,0.003189
SE13,0.104347,0.240201,0.059671,0.159007,0.017637,0.055049,0.008741,0.028981,0.005944,0.016511
SE14,0.121666,0.306478,0.075882,0.227043,0.026411,0.106114,0.010591,0.054565,0.004089,0.0305
SE15,0.189522,0.455699,0.121056,0.36399,0.025297,0.166573,0.006339,0.069112,0.001643,0.026177
SE16,0.058165,0.258865,0.027562,0.187306,0.003656,0.083237,0.00152,0.036911,0.000518,0.014687
SE17,0.084526,0.571349,0.033651,0.438789,0.00586,0.192403,0.001598,0.067124,0.000533,0.023085
SE18,0.08156,0.166167,0.054053,0.118636,0.018013,0.051417,0.008519,0.026714,0.004236,0.016458
SE19,0.075148,0.150333,0.047635,0.094448,0.013925,0.034009,0.005189,0.016874,0.002613,0.007093
SE20,0.143649,0.264548,0.087986,0.17934,0.025704,0.068131,0.013236,0.03575,0.009632,0.018673
SE21,0.079352,0.305351,0.049624,0.217534,0.017907,0.092187,0.00593,0.042992,0.001482,0.022198
SE22,0.098033,0.216296,0.05698,0.141114,0.010882,0.034574,0.003512,0.010189,0.001138,0.00272
SE23,0.061694,0.202042,0.032204,0.131409,0.006624,0.032324,0.002753,0.0083,0.001876,0.003711
SE24,0.098564,0.359158,0.061531,0.294618,0.018338,0.186026,0.007736,0.126285,0.003438,0.070628
SE25,0.117728,0.221993,0.074162,0.148096,0.025036,0.063837,0.007601,0.034793,0.003857,0.014711
SE26,0.070314,0.194877,0.04007,0.12803,0.013562,0.040185,0.006242,0.018147,0.003545,0.008361
SE27,0.08521,0.244383,0.056537,0.181449,0.025291,0.095724,0.014116,0.061537,0.008087,0.03926
SE28,0.040672,0.141914,0.020105,0.087284,0.003559,0.032815,0.001063,0.008805,0.000508,0.002519
SG1,0.028515,0.09295,0.014196,0.055598,0.004868,0.020267,0.002389,0.011766,0.001195,0.007053
SG2,0.025127,0.056099,0.014615,0.036805,0.005037,0.012939,0.002148,0.005474,0.000782,0.002896
SG3,0.027651,0.052239,0.018799,0.03496,0.008271,0.016865,0.005387,0.009657,0.003342,0.006583
SG4,0.014252,0.033107,0.008544,0.021658,0.002745,0.008576,0.001148,0.004158,0.000633,0.002244
SG5,0.023052,0.050884,0.013699,0.030816,0.00418,0.011778,0.001699,0.00545,0.000949,0.00293
SG6,0.067753,0.122315,0.041264,0.080405,0.015595,0.039116,0.007462,0.023306,0.004892,0.014061
SG7,0.021343,0.048863,0.012307,0.0305,0.003717,0.01169,0.001654,0.006336,0.000778,0.003897
SG8,0.019761,0.048731,0.011635,0.026536,0.00336,0.006789,0.001086,0.002428,0.000388,0.001085
SG9,0.020765,0.043754,0.012527,0.026201,0.004056,0.007134,0.001543,0.002606,0.000581,0.001167
SG10,0.02299,0.046952,0.014563,0.026779,0.005082,0.008402,0.001944,0.003575,0.000988,0.002026
SG11,0.020006,0.039521,0.012281,0.024175,0.004355,0.007779,0.001857,0.003342,0.000938,0.001945
SG12,0.025784,0.054431,0.014867,0.033164,0.003908,0.010394,0.001476,0.004602,0.000672,0.002389
SG13,0.038248,0.06819,0.024327,0.045112,0.009813,0.019867,0.005128,0.011021,0.002748,0.006954
SG14,0.021195,0.049077,0.013706,0.031791,0.005925,0.01296,0.003459,0.007258,0.002342,0.004781
SG15,0.078752,0.141269,0.056167,0.111341,0.030206,0.071304,0.019853,0.052547,0.015103,0.03607
SG16,0.036045,0.089993,0.021312,0.054056,0.00627,0.015972,0.002122,0.005864,0.001097,0.002146
SG17,0.030691,0.067189,0.018065,0.04036,0.005129,0.011463,0.001551,0.00349,0.000538,0.001474
SG18,0.032185,0.081928,0.017852,0.047118,0.004659,0.011368,0.001598,0.003898,0.000503,0.001952
SG19,0.048231,0.105341,0.028419,0.065559,0.008883,0.019433,0.003477,0.007414,0.00166,0.002713
SK1,0.055072,0.142793,0.035632,0.091012,0.011673,0.041074,0.004476,0.016982,0.002589,0.009479
SK2,0.063919,0.171805,0.033874,0.104543,0.007236,0.031737,0.002349,0.011404,0.000783,0.003682
SK3,0.050951,0.163963,0.025242,0.102288,0.005609,0.035746,0.00308,0.016388,0.00165,0.008771
SK4,0.071001,0.179685,0.036606,0.111497,0.00822,0.036953,0.001735,0.015672,0.000384,0.007416
SK5,0.053077,0.121888,0.025654,0.068558,0.005476,0.017861,0.002001,0.007161,0.0004,0.003538
SK6,0.047239,0.08414,0.029567,0.053975,0.011412,0.023506,0.005173,0.014067,0.002763,0.009681
SK7,0.062371,0.133476,0.034777,0.082123,0.007678,0.02496,0.002145,0.010193,0.000819,0.00505
SK8,0.056233,0.16744,0.028959,0.100791,0.007317,0.02828,0.002968,0.011062,0.001619,0.006181
SK9,0.050402,0.105528,0.027215,0.064914,0.004977,0.018528,0.001052,0.005316,0.000334,0.001924
SK10,0.029825,0.05832,0.017781,0.038255,0.005437,0.014523,0.002467,0.007222,0.001322,0.003983
SK11,0.030918,0.058487,0.01966,0.039293,0.006895,0.016285,0.002715,0.008277,0.001231,0.004134
SK12,0.044289,0.086054,0.02705,0.053686,0.007225,0.018761,0.002823,0.007989,0.001454,0.004141
SK13,0.043708,0.067809,0.026645,0.039132,0.009173,0.015928,0.004391,0.008783,0.002339,0.005499
SK14,0.042627,0.079455,0.028823,0.052018,0.013685,0.025746,0.008062,0.016938,0.005646,0.011971
SK15,0.051423,0.093988,0.035429,0.059245,0.017336,0.026921,0.010122,0.017539,0.008009,0.014053
SK16,0.070314,0.168891,0.037187,0.106014,0.008243,0.033747,0.004215,0.013666,0.002479,0.006973
SK17,0.016655,0.031656,0.010557,0.021163,0.004497,0.010283,0.002462,0.006241,0.001565,0.004146
SK22,0.028022,0.044253,0.018391,0.027787,0.006318,0.011812,0.002873,0.006452,0.001193,0.003559
SK23,0.020502,0.034342,0.013125,0.02207,0.005144,0.009684,0.002817,0.005532,0.001931,0.003535
SL0,0.045212,0.092491,0.025083,0.052046,0.007569,0.01633,0.004133,0.006981,0.001641,0.003498
SL1,0.037461,0.103551,0.018998,0.059148,0.004715,0.016407,0.001788,0.006982,0.000769,0.003491
SL2,0.053691,0.11099,0.029079,0.072132,0.008997,0.02464,0.004558,0.010876,0.002655,0.006058
SL3,0.034199,0.092859,0.017451,0.049244,0.00426,0.01274,0.000742,0.004693,0.000349,0.001183
SL4,0.059362,0.117399,0.034995,0.072735,0.011475,0.023486,0.005468,0.010622,0.002581,0.005647
SL5,0.031762,0.061798,0.018,0.037605,0.004438,0.010563,0.001388,0.003737,0.000491,0.001589
SL6,0.030591,0.074731,0.016017,0.042777,0.004057,0.011215,0.001638,0.004878,0.000712,0.00261
SL7,0.015257,0.052636,0.007986,0.032811,0.002278,0.007736,0.001272,0.003369,0.000753,0.002085
SL8,0.016813,0.064444,0.008342,0.033033,0.001184,0.00363,0.000232,0.000309,2.6e-05,0.000103
SL9,0.031235,0.06507,0.019248,0.044142,0.008149,0.021974,0.004993,0.014303,0.002908,0.010247
SM1,0.075442,0.19181,0.04584,0.115764,0.020233,0.040638,0.012272,0.02213,0.008363,0.016209
SM2,0.042575,0.08401,0.029855,0.059507,0.014449,0.030527,0.008547,0.01915,0.007021,0.014307
SM3,0.054405,0.164777,0.034176,0.11088,0.009443,0.042238,0.004758,0.020302,0.001453,0.012021
SM4,0.055091,0.144207,0.021824,0.080704,0.003966,0.018414,0.001591,0.006315,0.001137,0.003082
SM5,0.050299,0.131947,0.028308,0.08791,0.009066,0.03153,0.003878,0.014018,0.001766,0.007482
SM6,0.030966,0.105914,0.014556,0.062162,0.003707,0.021179,0.001541,0.007726,0.000437,0.003748
SM7,0.007867,0.021983,0.003825,0.01103,0.000676,0.002639,0.000255,0.000969,0.000115,0.000459
SN1,0.121057,0.273824,0.087913,0.200991,0.040952,0.092104,0.02128,0.051535,0.012228,0.02947
SN2,0.082782,0.193136,0.04777,0.118142,0.018214,0.042731,0.010315,0.021296,0.005734,0.011037
SN3,0.099665,0.207528,0.066323,0.140468,0.021818,0.052371,0.009493,0.020159,0.005546,0.01065
SN4,0.026969,0.048799,0.015837,0.0293,0.004694,0.009027,0.001605,0.003675,0.000586,0.001737
SN5,0.079318,0.141442,0.049255,0.092859,0.018682,0.035481,0.010081,0.018165,0.006391,0.010879
SN6,0.049649,0.089413,0.027354,0.050801,0.006471,0.011833,0.001933,0.003663,0.00044,0.001242
SN7,0.060165,0.102529,0.032657,0.061331,0.006159,0.011823,0.001271,0.002308,0.000292,0.000715
SN8,0.00736,0.015935,0.004672,0.009831,0.001679,0.00345,0.000709,0.00165,0.000358,0.000829
SN9,0.009153,0.018965,0.005237,0.0115,0.001432,0.003535,0.000603,0.001612,0.000263,0.000875
SN10,0.022167,0.038888,0.012809,0.022843,0.002978,0.006627,0.000996,0.002531,0.000464,0.001238
SN11,0.022844,0.038182,0.013535,0.022298,0.003739,0.006685,0.001275,0.002493,0.000464,0.001058
SN12,0.049302,0.088257,0.028152,0.052112,0.007126,0.014485,0.002127,0.005394,0.000765,0.002562
SN13,0.013972,0.025149,0.008588,0.015888,0.002368,0.00642,0.000993,0.002802,0.000474,0.001656
SN14,0.011913,0.022427,0.006812,0.012643,0.001999,0.003876,0.000678,0.001599,0.000324,0.000683
SN15,0.048088,0.082581,0.027904,0.047532,0.007419,0.013066,0.002166,0.004726,0.000759,0.002062
SN16,0.037861,0.064098,0.021954,0.039396,0.005901,0.011221,0.002221,0.004313,0.000876,0.002057
SN25,0.065676,0.151934,0.042691,0.092628,0.017887,0.032596,0.011048,0.017811,0.007679,0.011632
SN26,0.05014,0.11259,0.0282,0.060191,0.008255,0.016616,0.00313,0.006934,0.001598,0.003302
SO14,0.030602,0.096328,0.012879,0.050528,0.002617,0.010377,0.000666,0.003375,0.00023,0.000849
SO15,0.044655,0.121811,0.020467,0.065638,0.003455,0.012699,0.001108,0.003086,0.000517,0.001314
SO16,0.036292,0.076122,0.019074,0.042457,0.005308,0.011883,0.002266,0.005761,0.001349,0.003274
SO17,0.066558,0.129743,0.044543,0.0926,0.017096,0.043466,0.009742,0.026604,0.006979,0.019157
SO18,0.031157,0.066263,0.014302,0.033003,0.002729,0.006501,0.00061,0.002055,0.000369,0.00069
SO19,0.025679,0.052765,0.015024,0.032337,0.005299,0.013618,0.002452,0.007576,0.000953,0.00495
SO20,0.004736,0.012445,0.002487,0.006572,0.000535,0.001574,0.000168,0.000579,6.8e-05,0.000297
SO21,0.00757,0.01565,0.004518,0.009351,0.001465,0.003469,0.000577,0.001895,0.000203,0.001091
SO22,0.009022,0.021994,0.005087,0.013847,0.001765,0.005897,0.000556,0.003799,0.00019,0.002406
SO23,0.020194,0.052118,0.011065,0.029146,0.002498,0.009181,0.001114,0.003695,0.000344,0.001957
SO24,0.004069,0.010064,0.002327,0.005552,0.00076,0.001464,0.000277,0.000672,7.8e-05,0.000314
SO30,0.038861,0.064261,0.021759,0.036116,0.006014,0.0111,0.002183,0.004537,0.000801,0.002
SO31,0.02538,0.039948,0.014591,0.02538,0.00479,0.00908,0.002233,0.00497,0.001178,0.002778
SO32,0.01827,0.029404,0.011044,0.018663,0.003259,0.006052,0.001147,0.002415,0.00049,0.001118
SO40,0.047918,0.085585,0.026353,0.048668,0.006166,0.013037,0.001621,0.004568,0.000429,0.001699
SO41,0.010464,0.022922,0.004979,0.011635,0.000947,0.002335,0.000369,0.000821,0.000143,0.000386
SO42,0.026615,0.047061,0.013649,0.026689,0.002989,0.007088,0.00107,0.003315,0.000299,0.001714
SO43,0.032889,0.051152,0.019671,0.032785,0.006517,0.011841,0.002387,0.005282,0.000959,0.002344
SO45,0.016788,0.037058,0.00789,0.018785,0.001505,0.004299,0.000498,0.001421,0.000238,0.000705
SO50,0.04191,0.080706,0.023308,0.043434,0.005097,0.011451,0.001539,0.0033,0.000499,0.001138
SO51,0.033956,0.057769,0.020169,0.035055,0.005651,0.011458,0.00181,0.004439,0.000676,0.001742
SO52,0.0554,0.088514,0.03531,0.056947,0.010045,0.021312,0.004965,0.010007,0.00233,0.005653
SO53,0.04232,0.075272,0.022263,0.040333,0.00492,0.010556,0.00206,0.004508,0.000764,0.001866
SP1,0.01759,0.05197,0.007649,0.027214,0.002112,0.006365,0.000746,0.002706,0.000138,0.000884
SP2,0.008368,0.027517,0.003798,0.013515,0.000894,0.002608,0.000321,0.000934,7.6e-05,0.000523
SP3,0.010076,0.020173,0.006407,0.012576,0.002197,0.004413,0.000986,0.002069,0.000497,0.001204
SP4,0.006184,0.016879,0.003312,0.009652,0.001013,0.003096,0.000402,0.00177,0.000163,0.001084
SP5,0.010697,0.02145,0.006234,0.012736,0.00189,0.004129,0.000751,0.001917,0.000304,0.001012
SP6,0.014722,0.031388,0.008128,0.017637,0.002017,0.004856,0.000713,0.001646,0.000321,0.000726
SP7,0.033931,0.055532,0.020376,0.036107,0.00713,0.012856,0.003154,0.005652,0.001435,0.002886
SP8,0.032699,0.061466,0.018912,0.034745,0.00568,0.01105,0.002228,0.004572,0.001022,0.002368
SP9,0.005717,0.014712,0.003071,0.008187,0.000804,0.00252,0.00023,0.001138,0.000113,0.000619
SP10,0.02606,0.057967,0.012925,0.030888,0.002319,0.008867,0.00058,0.003249,0.0002,0.001319
SP11,0.005809,0.014945,0.003065,0.008601,0.000867,0.002442,0.00037,0.001196,0.000147,0.000677
SR1,0.009132,0.054409,0.004397,0.026148,0.001036,0.005179,0.000465,0.002262,0.00019,0.000909
SR2,0.017604,0.049016,0.009474,0.031172,0.002908,0.011698,0.001392,0.006269,0.00084,0.003732
SR3,0.042549,0.093236,0.025802,0.062839,0.010193,0.026767,0.005241,0.014103,0.002268,0.00916
SR4,0.022883,0.066558,0.012666,0.042535,0.003812,0.015762,0.001699,0.008652,0.00104,0.005791
SR5,0.04981,0.140728,0.028312,0.091116,0.007928,0.028009,0.003147,0.012748,0.001512,0.006681
SR6,0.021316,0.057239,0.012225,0.03482,0.002999,0.012991,0.001134,0.006299,0.00042,0.002481
SR7,0.03459,0.062119,0.024716,0.042893,0.013078,0.022894,0.007446,0.014367,0.004278,0.01011
SR8,0.026638,0.055203,0.01692,0.034381,0.006507,0.01404,0.003332,0.008038,0.001761,0.005291
SS0,0.018144,0.050978,0.007529,0.027281,0.000729,0.004304,0.00022,0.000819,0.00012,0.00031
SS1,0.019397,0.061935,0.009894,0.045413,0.003275,0.019397,0.001141,0.008692,0.000627,0.004337
SS2,0.03815,0.109727,0.016495,0.064732,0.002456,0.020783,0.000407,0.008139,0.000174,0.004171
SS3,0.008753,0.028693,0.004762,0.018569,0.000686,0.00579,0.000175,0.001492,6.7e-05,0.00046
SS4,0.061068,0.140183,0.03767,0.095845,0.013366,0.038714,0.005502,0.018964,0.002368,0.010269
SS5,0.07818,0.227178,0.042332,0.165987,0.010493,0.061909,0.003089,0.031737,0.001416,0.018351
SS6,0.08335,0.207464,0.043177,0.131395,0.011929,0.053193,0.005368,0.030117,0.002995,0.020131
SS7,0.080089,0.219105,0.040913,0.145425,0.011937,0.05446,0.005167,0.024785,0.001405,0.01377
SS8,0.068828,0.139452,0.037796,0.0818,0.009721,0.026664,0.003197,0.011641,0.000531,0.005546
SS9,0.048384,0.109194,0.026943,0.071086,0.004588,0.025656,0.001261,0.009226,0.000406,0.004596
SS11,0.13567,0.267554,0.09313,0.20635,0.039106,0.105282,0.016553,0.058866,0.006662,0.03503
SS12,0.149679,0.288859,0.110904,0.226578,0.056774,0.127973,0.032351,0.073976,0.018191,0.044518
SS13,0.114696,0.291096,0.056047,0.203871,0.011785,0.080268,0.003414,0.030543,0.001577,0.016011
SS14,0.129353,0.336261,0.071892,0.226473,0.022335,0.091845,0.009474,0.039677,0.004816,0.020518
SS15,0.102677,0.303556,0.059608,0.202342,0.01574,0.080811,0.006381,0.041129,0.000681,0.024504
SS16,0.09227,0.228372,0.044651,0.150054,0.008358,0.055183,0.002781,0.024265,0.001387,0.012401
SS17,0.080338,0.153292,0.049758,0.100681,0.019979,0.040776,0.008251,0.017523,0.004557,0.009501
ST1,0.050224,0.129915,0.028327,0.083368,0.007589,0.028399,0.003061,0.013167,0.001576,0.007335
ST2,0.048482,0.1009,0.030588,0.064497,0.012506,0.024315,0.006322,0.013649,0.00335,0.00845
ST3,0.046099,0.102806,0.028324,0.066087,0.009868,0.026781,0.005673,0.015054,0.003434,0.010141
ST4,0.048623,0.127545,0.026268,0.082953,0.007462,0.027427,0.003772,0.013834,0.002045,0.008353
ST5,0.036911,0.077184,0.022771,0.052121,0.009389,0.022225,0.004965,0.013181,0.003275,0.008395
ST6,0.047025,0.101807,0.030993,0.06978,0.011769,0.032903,0.006573,0.019428,0.004262,0.013772
ST7,0.050355,0.089065,0.030265,0.057606,0.010414,0.022861,0.004698,0.01134,0.002353,0.006731
ST8,0.035025,0.066603,0.02411,0.046185,0.010788,0.023626,0.006261,0.014571,0.003888,0.010065
ST9,0.03058,0.057698,0.01794,0.038481,0.004891,0.01333,0.001661,0.005426,0.000532,0.002478
ST10,0.022855,0.041678,0.014627,0.02705,0.005611,0.010784,0.002666,0.005882,0.001493,0.003613
ST11,0.021094,0.04787,0.012479,0.027627,0.003586,0.00839,0.001322,0.003469,0.000729,0.001638
ST12,0.036785,0.078715,0.025172,0.054076,0.009582,0.023846,0.004611,0.011513,0.002233,0.006599
ST13,0.020451,0.044038,0.012212,0.026536,0.004054,0.009846,0.002019,0.004835,0.001125,0.002683
ST14,0.039151,0.074419,0.023943,0.045092,0.007477,0.014315,0.002877,0.00586,0.001268,0.00271
ST15,0.036245,0.073593,0.022101,0.048054,0.006696,0.017104,0.002214,0.006726,0.000893,0.002948
ST16,0.064723,0.16378,0.036651,0.102301,0.010008,0.032447,0.004385,0.012718,0.001472,0.005676
ST17,0.025582,0.059348,0.014257,0.032663,0.003891,0.009067,0.001292,0.003247,0.00053,0.001485
ST18,0.038563,0.080402,0.023492,0.051641,0.007065,0.016853,0.002785,0.006619,0.001175,0.003114
ST19,0.040341,0.083549,0.023346,0.054535,0.007504,0.015932,0.002848,0.007125,0.001046,0.003638
ST20,0.035534,0.072218,0.021801,0.046211,0.005721,0.015534,0.00176,0.006081,0.000524,0.002822
ST21,0.020713,0.050085,0.012032,0.031957,0.002941,0.010052,0.000905,0.003113,0.000245,0.001047
SW1A,0.085982,0.31918,0.072233,0.248964,0.03905,0.139699,0.013017,0.096982,0.0055,0.03245
SW1E,0.129547,0.423545,0.103369,0.368504,0.034233,0.257751,0.014767,0.116794,0.007384,0.030205
SW1H,0.166799,0.354542,0.133888,0.305175,0.104717,0.191483,0.061334,0.1481,0.037399,0.086018
SW1P,0.215804,0.414431,0.171609,0.350223,0.089557,0.183117,0.037024,0.100397,0.022181,0.048531
SW1V,0.204615,0.453226,0.14197,0.383357,0.056473,0.144727,0.028893,0.060019,0.012345,0.023508
SW1W,0.126337,0.393969,0.066503,0.292864,0.017842,0.117686,0.008471,0.045777,0.007389,0.019644
SW1X,0.102303,0.410946,0.060058,0.353253,0.013241,0.148332,0.005044,0.058166,0.002837,0.026955
SW1Y,0.110035,0.403634,0.058407,0.34627,0.038069,0.280562,0.028161,0.186694,0.013037,0.127765
SW2,0.049338,0.249919,0.022296,0.155826,0.004991,0.061815,0.002086,0.037678,0.0009,0.019637
SW3,0.086295,0.290524,0.052916,0.211664,0.014237,0.084238,0.003718,0.037888,0.001582,0.013763
SW4,0.081482,0.26501,0.041428,0.1755,0.010432,0.062636,0.002404,0.025071,0.000944,0.009144
SW5,0.089805,0.325597,0.046855,0.281779,0.007809,0.07462,0.006074,0.016703,0.005206,0.009544
SW6,0.062692,0.25321,0.029678,0.158972,0.006614,0.044862,0.002416,0.015011,0.001294,0.006355
SW7,0.112603,0.345983,0.057734,0.301566,0.015592,0.108726,0.005984,0.034809,0.00295,0.013907
SW8,0.182169,0.556036,0.111961,0.463046,0.026949,0.312568,0.004876,0.182701,0.002128,0.090375
SW9,0.11237,0.620108,0.059873,0.513616,0.016827,0.274701,0.006051,0.133634,0.001441,0.06431
SW10,0.064634,0.2666,0.033992,0.192413,0.006451,0.049127,0.002109,0.016252,0.00062,0.006947
SW11,0.137642,0.366872,0.09653,0.299679,0.034367,0.179569,0.012909,0.096792,0.00756,0.042305
SW12,0.112948,0.33419,0.084042,0.245088,0.032919,0.137491,0.011748,0.088578,0.004653,0.046528
SW13,0.083322,0.289102,0.037264,0.163597,0.003309,0.04005,0.000522,0.006748,0.000218,0.001001
SW14,0.073956,0.253171,0.031646,0.182409,0.004423,0.077003,0.002801,0.022162,0.000835,0.006683
SW15,0.072214,0.202237,0.042212,0.131676,0.010993,0.047847,0.004723,0.020517,0.002606,0.009551
SW16,0.074061,0.213987,0.041415,0.137773,0.012763,0.045079,0.006633,0.025266,0.003056,0.013788
SW17,0.084667,0.254137,0.041446,0.153105,0.008661,0.04262,0.00306,0.018387,0.000984,0.008196
SW18,0.087005,0.246719,0.045808,0.15709,0.010446,0.055739,0.002379,0.026067,0.001177,0.013168
SW19,0.063168,0.182208,0.035595,0.101744,0.00759,0.02681,0.003596,0.011049,0.002503,0.006486
SW20,0.124481,0.284031,0.072732,0.201463,0.008099,0.073961,0.000775,0.027104,0.000241,0.003929
SY1,0.073372,0.156147,0.036447,0.09394,0.011151,0.030379,0.004168,0.013393,0.001257,0.007475
SY2,0.03132,0.078181,0.014406,0.043255,0.00324,0.011605,0.001117,0.005931,0.000549,0.003185
SY3,0.038483,0.081994,0.021996,0.052042,0.004467,0.017754,0.001099,0.006295,0.000346,0.002147
SY4,0.035036,0.075003,0.020002,0.04485,0.005134,0.012955,0.00158,0.00443,0.000515,0.001744
SY5,0.028716,0.057495,0.017748,0.035675,0.005734,0.012547,0.002064,0.00551,0.000807,0.002567
SY6,0.017565,0.033694,0.01036,0.020714,0.003634,0.007476,0.001454,0.003591,0.000613,0.001911
SY7,0.014369,0.02505,0.008525,0.015002,0.002444,0.005131,0.000759,0.002159,0.000306,0.001017
SY8,0.020279,0.039827,0.012461,0.023195,0.003999,0.008041,0.001526,0.003538,0.000662,0.001724
SY9,0.014754,0.029197,0.008238,0.016813,0.001802,0.004614,0.00055,0.001622,0.000185,0.000636
SY10,0.010962,0.021549,0.006488,0.013398,0.001789,0.004415,0.000576,0.001571,0.00023,0.000724
SY11,0.047483,0.09653,0.027155,0.060552,0.006856,0.017793,0.001987,0.006128,0.000674,0.002373
SY12,0.043974,0.083882,0.026989,0.05456,0.008262,0.020234,0.00298,0.008946,0.001033,0.004145
SY13,0.041135,0.074763,0.025776,0.050379,0.006941,0.018511,0.002132,0.006549,0.000832,0.002489
SY14,0.037272,0.064382,0.022807,0.039133,0.006527,0.012283,0.002112,0.004883,0.000841,0.002106
SY15,0.01223,0.022376,0.007219,0.01437,0.002066,0.004602,0.000633,0.001735,0.000275,0.000696
SY16,0.000131,0.000193,7.8e-05,0.00012,1.7e-05,3.6e-05,4e-06,1.2e-05,4e-06,7e-06
SY17,0.0,0.0,0.0,0.0,0.0,0.0,0.0,0.0,0.0,0.0
SY18,0.0,0.0,0.0,0.0,0.0,0.0,0.0,0.0,0.0,0.0
SY19,0.0,0.0,0.0,0.0,0.0,0.0,0.0,0.0,0.0,0.0
SY20,0.0,0.0,0.0,0.0,0.0,0.0,0.0,0.0,0.0,0.0
SY21,0.000997,0.001986,0.000607,0.001187,0.000211,0.000418,7.1e-05,0.000181,1.6e-05,9.6e-05
SY22,0.000824,0.001936,0.000394,0.001209,9.7e-05,0.000262,2e-05,0.000111,1.3e-05,3.5e-05
SY23,0.0,0.0,0.0,0.0,0.0,0.0,0.0,0.0,0.0,0.0
SY24,0.0,0.0,0.0,0.0,0.0,0.0,0.0,0.0,0.0,0.0
SY25,0.0,0.0,0.0,0.0,0.0,0.0,0.0,0.0,0.0,0.0
TA1,0.078345,0.156493,0.041684,0.093248,0.008872,0.022076,0.003104,0.006262,0.000987,0.001996
TA2,0.032181,0.058478,0.019468,0.036472,0.005651,0.011863,0.00195,0.00477,0.00067,0.00208
TA3,0.053052,0.09868,0.031331,0.059482,0.008214,0.01602,0.002881,0.006104,0.001407,0.002929
TA4,0.018367,0.028034,0.011591,0.017538,0.003483,0.006185,0.001154,0.002433,0.000541,0.001131
TA5,0.044131,0.075425,0.029032,0.050021,0.010929,0.018229,0.004969,0.008496,0.002744,0.004479
TA6,0.048901,0.119682,0.028111,0.068774,0.006874,0.023879,0.001821,0.008099,0.000529,0.002989
TA7,0.094495,0.198842,0.054185,0.114328,0.011547,0.023505,0.002346,0.00647,0.000542,0.001793
TA8,0.008222,0.023936,0.004122,0.012929,0.00031,0.002524,3.1e-05,0.000259,1.5e-05,3.8e-05
TA9,0.060167,0.127002,0.032677,0.075376,0.003378,0.015171,0.000495,0.002031,5.8e-05,0.000322
TA10,0.073619,0.171499,0.04487,0.095591,0.009963,0.025823,0.002239,0.005082,0.000582,0.001371
TA11,0.044505,0.095827,0.025821,0.053604,0.006667,0.013207,0.001419,0.00347,0.000328,0.001011
TA12,0.067428,0.143468,0.03882,0.089048,0.007493,0.022089,0.002418,0.004686,0.000394,0.001456
TA13,0.040758,0.079716,0.022462,0.053466,0.005401,0.012165,0.001823,0.003367,0.000633,0.001371
TA14,0.029834,0.057881,0.016665,0.037202,0.0047,0.011706,0.001541,0.005192,0.000686,0.001878
TA15,0.016659,0.028829,0.010193,0.018294,0.004488,0.006656,0.002472,0.00426,0.000913,0.002472
TA16,0.029255,0.051181,0.016263,0.029884,0.002139,0.005033,0.000566,0.001447,0.000566,0.00107
TA17,0.029599,0.044261,0.021082,0.032398,0.009148,0.016199,0.0043,0.007147,0.001882,0.0038
TA18,0.028573,0.049479,0.018003,0.032665,0.006827,0.014465,0.003622,0.008558,0.002433,0.006168
TA19,0.036191,0.065873,0.022082,0.040578,0.006666,0.013823,0.002631,0.005743,0.00104,0.002985
TA20,0.017067,0.028403,0.010478,0.017472,0.003681,0.006416,0.00143,0.003203,0.000772,0.001775
TA21,0.028115,0.044286,0.018051,0.028399,0.007354,0.011965,0.003465,0.006535,0.001835,0.004015
TA22,0.01345,0.020931,0.007933,0.013308,0.002236,0.004992,0.000927,0.002253,0.000506,0.001209
TA23,0.017199,0.02712,0.01028,0.016523,0.00314,0.005668,0.001182,0.002174,0.00057,0.000952
TA24,0.015342,0.023581,0.009719,0.014763,0.003618,0.00616,0.001419,0.003063,0.000533,0.001533
TD1,0.0,0.0,0.0,0.0,0.0,0.0,0.0,0.0,0.0,0.0
TD2,0.0,0.0,0.0,0.0,0.0,0.0,0.0,0.0,0.0,0.0
TD3,0.0,0.0,0.0,0.0,0.0,0.0,0.0,0.0,0.0,0.0
TD4,0.0,0.0,0.0,0.0,0.0,0.0,0.0,0.0,0.0,0.0
TD5,0.000678,0.001079,0.00049,0.000786,0.000112,0.00036,3.3e-05,0.000102,9e-06,3.3e-05
TD6,0.0,0.0,0.0,0.0,0.0,0.0,0.0,0.0,0.0,0.0
TD7,0.0,0.0,0.0,0.0,0.0,0.0,0.0,0.0,0.0,0.0
TD8,0.000174,0.000568,9.4e-05,0.000266,2.8e-05,0.000105,8e-06,6.2e-05,0.0,3.9e-05
TD9,0.00122,0.002453,0.000742,0.001299,0.000219,0.000526,7.2e-05,0.00026,2.8e-05,0.000123
TD10,0.0,0.0,0.0,0.0,0.0,0.0,0.0,0.0,0.0,0.0
TD11,0.0,0.0,0.0,0.0,0.0,0.0,0.0,0.0,0.0,0.0
TD12,0.022038,0.036614,0.015141,0.025695,0.005562,0.011226,0.002107,0.004843,0.000864,0.002229
TD13,0.0,0.0,0.0,0.0,0.0,0.0,0.0,0.0,0.0,0.0
TD14,0.0,0.0,0.0,0.0,0.0,0.0,0.0,0.0,0.0,0.0
TD15,0.028438,0.054348,0.019122,0.036416,0.007898,0.015661,0.003949,0.008154,0.002091,0.004807
TF1,0.062191,0.158497,0.033028,0.105933,0.010125,0.036676,0.00403,0.020465,0.002007,0.011783
TF2,0.035967,0.08731,0.019585,0.051361,0.004998,0.015849,0.002105,0.007988,0.001225,0.004561
TF3,0.058105,0.13439,0.0305,0.085361,0.008742,0.033243,0.004357,0.016315,0.002645,0.010802
TF4,0.058052,0.113333,0.036575,0.075892,0.015328,0.033024,0.007563,0.01859,0.003522,0.011374
TF5,0.033432,0.073427,0.017618,0.039338,0.005249,0.011352,0.001804,0.005053,0.000787,0.00269
TF6,0.036474,0.083597,0.019295,0.047086,0.005315,0.011955,0.00194,0.004826,0.000731,0.002278
TF7,0.055938,0.121909,0.029358,0.078461,0.009999,0.037101,0.005319,0.020621,0.003804,0.013433
TF8,0.0324,0.055346,0.021525,0.036021,0.008525,0.016013,0.003632,0.009102,0.001634,0.005085
TF9,0.027516,0.056953,0.017154,0.036248,0.00568,0.013509,0.002157,0.00626,0.001005,0.003266
TF10,0.025831,0.05963,0.013825,0.033479,0.003672,0.008821,0.000981,0.002785,0.000251,0.000971
TF11,0.018396,0.040768,0.010545,0.023601,0.003376,0.007516,0.001436,0.003445,0.000548,0.001663
TF12,0.020719,0.036166,0.01297,0.024329,0.005107,0.010347,0.002157,0.005598,0.000736,0.003032
TF13,0.016974,0.035375,0.011174,0.021849,0.004064,0.007812,0.001563,0.003797,0.000652,0.001905
TN1,0.097061,0.164527,0.054325,0.123861,0.022765,0.044288,0.009106,0.021109,0.006416,0.009106
TN2,0.042313,0.064328,0.029597,0.047522,0.013162,0.023277,0.007796,0.014754,0.00466,0.009648
TN3,0.041871,0.057552,0.02944,0.04104,0.013153,0.019824,0.006308,0.011041,0.003211,0.006294
TN4,0.04042,0.061478,0.026696,0.041115,0.010011,0.016856,0.004351,0.008701,0.002289,0.005068
TN5,0.040552,0.050413,0.030132,0.038616,0.015103,0.021208,0.008282,0.012942,0.005034,0.008688
TN6,0.040543,0.051376,0.030206,0.038617,0.01669,0.022446,0.009864,0.014926,0.005586,0.010026
TN7,0.038998,0.056006,0.025881,0.038043,0.00929,0.015686,0.003715,0.007409,0.00138,0.003181
TN8,0.052359,0.078719,0.035287,0.05277,0.013395,0.022862,0.006013,0.012081,0.00288,0.005513
TN9,0.051694,0.114237,0.026597,0.059015,0.004556,0.013404,0.001685,0.00524,0.000421,0.002238
TN10,0.059904,0.117796,0.03267,0.06602,0.005881,0.01576,0.001359,0.004757,0.000235,0.000758
TN11,0.055987,0.09193,0.03736,0.061839,0.013729,0.024736,0.005402,0.011083,0.00241,0.006064
TN12,0.077137,0.13645,0.048523,0.085699,0.015731,0.027212,0.005621,0.0105,0.002165,0.004076
TN13,0.02322,0.048165,0.015005,0.029779,0.005759,0.011942,0.002966,0.006828,0.001396,0.004257
TN14,0.022329,0.036683,0.015312,0.024629,0.006019,0.011195,0.003241,0.007042,0.002012,0.00395
TN15,0.014524,0.028698,0.008813,0.017896,0.003487,0.007284,0.001793,0.004257,0.00106,0.002925
TN16,0.016071,0.029201,0.009911,0.018455,0.002615,0.006118,0.001262,0.002489,0.000824,0.00149
TN17,0.058671,0.084863,0.041033,0.063113,0.016557,0.030143,0.007736,0.015159,0.004253,0.007509
TN18,0.056315,0.086645,0.038912,0.06318,0.017947,0.028683,0.008276,0.015185,0.003757,0.007806
TN19,0.06066,0.080843,0.042835,0.059133,0.017638,0.026444,0.008796,0.013534,0.004595,0.007649
TN20,0.053991,0.069454,0.038005,0.050511,0.017328,0.023255,0.010161,0.01377,0.006038,0.008953
TN21,0.03859,0.047795,0.027682,0.035138,0.01241,0.018029,0.006253,0.010062,0.003214,0.006042
TN22,0.036113,0.049457,0.023186,0.033318,0.008261,0.013518,0.003322,0.006238,0.001583,0.003151
TN23,0.068674,0.131176,0.039902,0.081018,0.014144,0.027182,0.005731,0.012438,0.002154,0.00696
TN24,0.037967,0.094655,0.019018,0.054638,0.00422,0.015234,0.000941,0.005121,0.000258,0.001763
TN25,0.029478,0.049267,0.018466,0.031406,0.006172,0.011902,0.002485,0.005175,0.001146,0.002548
TN26,0.067222,0.110878,0.042722,0.07314,0.013717,0.02755,0.005096,0.010772,0.001804,0.004435
TN27,0.057823,0.087845,0.036247,0.055964,0.010909,0.019171,0.003766,0.007736,0.001284,0.003654
TN28,0.007189,0.030579,0.003648,0.01867,0.000262,0.007772,0.0,0.003789,0.0,0.001381
TN29,0.021741,0.06083,0.013567,0.041324,0.001552,0.018771,0.000117,0.005398,1.4e-05,0.000786
TN30,0.080393,0.141001,0.056761,0.102364,0.02412,0.045814,0.011621,0.023857,0.005193,0.011107
TN31,0.038857,0.079722,0.025587,0.057374,0.008359,0.023309,0.003269,0.009008,0.001165,0.003322
TN32,0.054425,0.081641,0.038963,0.061013,0.019061,0.031386,0.009489,0.018066,0.005276,0.010419
TN33,0.046098,0.067492,0.031704,0.049488,0.013215,0.022222,0.005331,0.012105,0.002831,0.007476
TN34,0.050443,0.079586,0.02703,0.050514,0.009659,0.02346,0.005576,0.01527,0.003534,0.009945
TN35,0.029682,0.047855,0.019952,0.035972,0.007114,0.016762,0.003029,0.008725,0.001453,0.004016
TN36,0.042131,0.102066,0.027917,0.068671,0.01103,0.027538,0.003179,0.014433,0.000432,0.005536
TN37,0.046296,0.072472,0.026543,0.046896,0.01006,0.020256,0.004856,0.010486,0.002515,0.006423
TN38,0.030762,0.060384,0.016225,0.036203,0.003722,0.009844,0.00162,0.004456,0.000841,0.002736
TN39,0.032249,0.063284,0.01896,0.039504,0.005253,0.013931,0.001875,0.005748,0.000739,0.001911
TN40,0.020253,0.038415,0.011095,0.022959,0.002629,0.006888,0.001026,0.002989,0.000423,0.00127
TQ1,0.002573,0.005816,0.00153,0.003503,0.000471,0.00108,0.000274,0.0005,0.000121,0.00028
TQ2,0.018153,0.040464,0.011166,0.026143,0.002827,0.009148,0.001035,0.004313,0.000451,0.002028
TQ3,0.010685,0.022285,0.005895,0.012178,0.001577,0.003481,0.000746,0.001432,0.00035,0.000807
TQ4,0.016002,0.033967,0.008836,0.021475,0.001747,0.007458,0.000362,0.003548,0.000139,0.001601
TQ5,0.005544,0.011536,0.002896,0.006716,0.000886,0.002005,0.000478,0.000925,0.000302,0.000559
TQ6,0.009232,0.015814,0.005533,0.010472,0.00183,0.004101,0.000909,0.00207,0.000684,0.001357
TQ7,0.00922,0.016787,0.005603,0.010813,0.001731,0.003932,0.000524,0.001713,0.000217,0.000851
TQ8,0.005982,0.010904,0.003964,0.006846,0.000942,0.002337,0.000241,0.001192,5.5e-05,0.000421
TQ9,0.012587,0.020828,0.007866,0.013958,0.002478,0.005398,0.000894,0.002398,0.000379,0.001119
TQ10,0.015282,0.024732,0.008851,0.015024,0.002775,0.005246,0.001236,0.002542,0.000601,0.001329
TQ11,0.019579,0.031197,0.011694,0.01957,0.003774,0.007396,0.001375,0.003176,0.000632,0.001766
TQ12,0.022583,0.042397,0.013148,0.026226,0.004052,0.009145,0.001983,0.004556,0.001127,0.002913
TQ13,0.015481,0.024847,0.009347,0.015261,0.003549,0.006028,0.001635,0.003244,0.000984,0.002168
TQ14,0.006378,0.015462,0.003571,0.010615,0.000815,0.003765,0.000233,0.001887,0.000129,0.000859
TR1,0.023969,0.048593,0.015373,0.033109,0.004847,0.012193,0.001522,0.005025,0.000816,0.002695
TR2,0.016218,0.026799,0.01037,0.018375,0.002882,0.007187,0.001023,0.002887,0.000397,0.001236
TR3,0.014392,0.027615,0.008337,0.016724,0.002382,0.005261,0.001036,0.002111,0.000518,0.001155
TR4,0.013943,0.027215,0.008895,0.017485,0.00287,0.006969,0.001115,0.00302,0.000543,0.001335
TR5,0.007233,0.015004,0.004518,0.009763,0.0016,0.003566,0.000617,0.001711,0.000266,0.000845
TR6,0.008463,0.01846,0.004763,0.012073,0.001426,0.003651,0.0007,0.001566,0.000297,0.000841
TR7,0.009312,0.023931,0.004706,0.011825,0.001227,0.00284,0.000547,0.001187,0.000293,0.000653
TR8,0.013854,0.030242,0.007738,0.019351,0.002119,0.006359,0.000811,0.002582,0.000402,0.001197
TR9,0.037436,0.07954,0.02248,0.051871,0.00668,0.018614,0.002576,0.008204,0.001369,0.00401
TR10,0.014239,0.030115,0.007895,0.019512,0.001943,0.006997,0.000721,0.00275,0.000403,0.001473
TR11,0.009062,0.019232,0.005076,0.011426,0.001206,0.003418,0.000415,0.001306,0.000179,0.000594
TR12,0.007642,0.015349,0.004237,0.008774,0.001056,0.002795,0.000427,0.001187,0.000208,0.000603
TR13,0.012063,0.024965,0.006633,0.015077,0.001596,0.004375,0.000526,0.001722,0.000258,0.000854
TR14,0.0145,0.032941,0.007292,0.018088,0.001776,0.003984,0.000622,0.00158,0.000323,0.001001
TR15,0.024829,0.058775,0.012972,0.03169,0.003478,0.009198,0.001987,0.005492,0.001021,0.003626
TR16,0.012318,0.026073,0.007376,0.015849,0.002602,0.005447,0.001376,0.002766,0.000811,0.001772
TR17,0.008785,0.019705,0.005366,0.011853,0.00273,0.004663,0.001581,0.003298,0.001,0.002446
TR18,0.018709,0.044389,0.011446,0.029019,0.002859,0.010895,0.000984,0.003526,0.000223,0.001242
TR19,0.005757,0.013047,0.003461,0.008045,0.00101,0.002441,0.000431,0.000959,0.00018,0.00045
TR20,0.013781,0.03246,0.007938,0.019827,0.002264,0.007457,0.000875,0.003179,0.000405,0.001358
TR21,0.003523,0.008181,0.002092,0.005835,0.000571,0.001989,5.6e-05,0.000563,1.3e-05,4.7e-05
TR22,0.000333,0.000702,0.00018,0.000456,1.7e-05,0.000173,0.0,6e-05,0.0,3e-06
TR23,0.000771,0.002666,0.000358,0.001779,9.1e-05,0.000219,2.4e-05,4.9e-05,0.0,1.2e-05
TR24,0.003542,0.014527,0.001858,0.005985,0.000421,0.001612,0.000103,0.000513,2.1e-05,0.000113
TR25,0.000981,0.002147,0.000551,0.001546,0.00016,0.000761,3.5e-05,0.000255,2e-05,0.00013
TR26,0.007682,0.018181,0.004662,0.010737,0.001631,0.004217,0.000624,0.001822,0.000264,0.000933
TR27,0.013436,0.028922,0.007525,0.018128,0.001727,0.00548,0.000564,0.001858,0.000217,0.000736
TS1,0.063847,0.211427,0.028753,0.11571,0.003977,0.042135,0.002311,0.019133,0.000484,0.006342
TS2,0.018036,0.07891,0.005119,0.035576,0.000767,0.005816,0.000341,0.001611,0.000209,0.000689
TS3,0.048854,0.131049,0.021355,0.071901,0.003651,0.018363,0.000784,0.006251,0.000142,0.002102
TS4,0.066441,0.157554,0.027143,0.091772,0.00583,0.026781,0.001054,0.009586,0.000395,0.003426
TS5,0.040225,0.101544,0.020464,0.056152,0.005445,0.018224,0.001961,0.010027,0.000747,0.005884
TS6,0.060999,0.167282,0.032489,0.092356,0.009922,0.030962,0.004296,0.016167,0.002078,0.009169
TS7,0.067155,0.115299,0.039572,0.075249,0.011706,0.025042,0.005198,0.010679,0.002586,0.005729
TS8,0.048927,0.082691,0.03022,0.052347,0.011884,0.020526,0.004882,0.009756,0.001114,0.005772
TS9,0.036043,0.062478,0.022041,0.036735,0.007654,0.012649,0.003507,0.006046,0.001591,0.003371
TS10,0.044776,0.105874,0.027964,0.06544,0.011856,0.028197,0.005566,0.016447,0.002338,0.010953
TS11,0.028055,0.054593,0.016419,0.030175,0.007025,0.010073,0.004346,0.005735,0.002815,0.004286
TS12,0.033273,0.050148,0.022944,0.034067,0.009892,0.015983,0.005699,0.00985,0.00316,0.006269
TS13,0.020944,0.032105,0.013373,0.020955,0.006361,0.009318,0.00365,0.005708,0.002003,0.003681
TS14,0.045457,0.073036,0.029658,0.048347,0.012396,0.020774,0.006363,0.011134,0.003169,0.006257
TS15,0.044645,0.078537,0.028213,0.049141,0.009213,0.017458,0.00367,0.006834,0.001578,0.003137
TS16,0.042611,0.091963,0.021835,0.049824,0.006785,0.013352,0.002787,0.005217,0.001081,0.002496
TS17,0.04359,0.12061,0.022627,0.067831,0.006422,0.018923,0.002333,0.008596,0.000945,0.003838
TS18,0.047506,0.120235,0.022399,0.067725,0.004747,0.019586,0.001828,0.007865,0.001196,0.003891
TS19,0.050847,0.120801,0.028365,0.07421,0.009376,0.025754,0.005019,0.014055,0.003035,0.009308
TS20,0.067194,0.143331,0.038905,0.093174,0.011888,0.030705,0.004747,0.015384,0.001801,0.009281
TS21,0.045502,0.080383,0.029501,0.0509,0.010888,0.019227,0.004651,0.008427,0.001989,0.004109
TS22,0.049816,0.088406,0.031904,0.057441,0.010311,0.021505,0.003884,0.009081,0.001623,0.004009
TS23,0.05439,0.138851,0.023262,0.076122,0.00471,0.015716,0.001145,0.0064,0.00028,0.002659
TS24,0.034627,0.087316,0.019961,0.061387,0.005343,0.029544,0.001144,0.013439,0.000336,0.005779
TS25,0.038183,0.104931,0.019373,0.061063,0.004014,0.015299,0.001129,0.005122,0.000524,0.001509
TS26,0.054096,0.126999,0.030058,0.075465,0.009543,0.022287,0.003843,0.008817,0.002028,0.004739
TS27,0.035516,0.060436,0.02497,0.040757,0.010308,0.017412,0.004845,0.008911,0.002372,0.005059
TS28,0.046944,0.074498,0.031576,0.052127,0.01354,0.024107,0.00547,0.014437,0.002202,0.008205
TS29,0.033778,0.05759,0.024163,0.040248,0.010352,0.019329,0.004816,0.011017,0.002606,0.006209
TW1,0.024024,0.122832,0.010124,0.066547,0.002265,0.013316,0.000618,0.003844,0.000549,0.001716
TW2,0.025619,0.107101,0.008811,0.048273,0.000931,0.007008,0.000349,0.001803,0.000174,0.000669
TW3,0.065421,0.223549,0.027501,0.119061,0.004297,0.031583,0.001253,0.014717,0.000609,0.006445
TW4,0.053257,0.201618,0.017848,0.08857,0.001562,0.010008,0.000701,0.00357,0.000446,0.001243
TW5,0.076214,0.204866,0.035078,0.111801,0.003997,0.023266,0.000382,0.003869,2.5e-05,0.000204
TW6,0.05088,0.190311,0.014346,0.095465,0.004637,0.011972,0.002866,0.006983,0.002192,0.004763
TW7,0.07676,0.191819,0.038914,0.119727,0.008937,0.031931,0.001701,0.012573,0.000597,0.003365
TW8,0.072179,0.238188,0.041687,0.152998,0.013414,0.061119,0.005648,0.028072,0.0039,0.011195
TW9,0.035286,0.180502,0.017161,0.101033,0.004494,0.023856,0.000814,0.009953,0.000392,0.005821
TW10,0.045412,0.123875,0.025141,0.076824,0.004409,0.018096,0.000521,0.005228,0.000223,0.000834
TW11,0.014926,0.10823,0.005279,0.05721,0.000563,0.00836,0.000161,0.001769,0.000134,0.000616
TW12,0.044948,0.14627,0.015878,0.067362,0.001961,0.011013,0.000678,0.004042,0.000387,0.001089
TW13,0.080572,0.226612,0.041317,0.132701,0.008007,0.035781,0.002972,0.011815,0.000297,0.006855
TW14,0.067782,0.166401,0.038113,0.092304,0.009161,0.032477,0.00541,0.011517,0.002733,0.008444
TW15,0.014016,0.089265,0.004192,0.03114,0.000409,0.002594,0.000142,0.00048,5.3e-05,0.000266
TW16,0.017082,0.088123,0.005262,0.035439,0.000668,0.003926,0.000202,0.001113,0.000121,0.000587
TW17,0.01293,0.05663,0.004684,0.021955,0.000343,0.002349,0.000172,0.000528,6.6e-05,0.000185
TW18,0.013659,0.065511,0.004019,0.022664,0.000293,0.002607,0.000114,0.000789,0.000102,0.000216
TW19,0.014307,0.058222,0.005033,0.023189,0.001076,0.003228,0.000391,0.001209,6.2e-05,0.000151
TW20,0.049723,0.118558,0.029095,0.07515,0.008574,0.021642,0.001962,0.005631,0.001031,0.002201
UB1,0.068373,0.266996,0.037238,0.162572,0.012797,0.047693,0.005013,0.022725,0.000561,0.012929
UB2,0.061708,0.200243,0.026546,0.114962,0.003391,0.025919,0.000999,0.006131,0.000627,0.001324
UB3,0.121258,0.254592,0.064794,0.154552,0.016632,0.042377,0.005337,0.019019,0.002198,0.007058
UB4,0.127741,0.279054,0.066732,0.181015,0.010094,0.044611,0.003326,0.009901,0.001334,0.004989
UB5,0.083091,0.224681,0.044894,0.141763,0.012162,0.049512,0.004965,0.02059,0.002579,0.012335
UB6,0.067608,0.28095,0.037106,0.203881,0.009432,0.087121,0.00467,0.037786,0.002615,0.015205
UB7,0.062547,0.174603,0.028565,0.104422,0.008111,0.027708,0.003266,0.009948,0.000544,0.004981
UB8,0.078868,0.171139,0.035502,0.091855,0.007882,0.021351,0.003459,0.007067,0.001447,0.003376
UB9,0.041828,0.08853,0.023931,0.048928,0.008044,0.014339,0.004446,0.007838,0.001688,0.004757
UB10,0.105742,0.195655,0.054364,0.115341,0.010646,0.026525,0.002285,0.006918,0.000842,0.002795
UB11,0.121897,0.267135,0.073657,0.210596,0.031295,0.130369,0.007781,0.081092,0.003458,0.048067
W1B,0.040688,0.316181,0.021192,0.273798,0.008477,0.10935,0.004238,0.039841,0.002543,0.035602
W1C,0.006708,0.160995,0.004025,0.14087,0.0,0.083181,0.0,0.029516,0.0,0.016099
W1D,0.032197,0.298358,0.008586,0.176009,0.004293,0.065109,0.001431,0.024327,0.001431,0.012163
W1F,0.009979,0.505607,0.008316,0.363405,0.0,0.135549,0.0,0.089812,0.0,0.037422
W1G,0.135812,0.572042,0.075512,0.522063,0.028249,0.264019,0.009778,0.138529,0.007605,0.084204
W1H,0.126743,0.487059,0.07773,0.40818,0.015316,0.174223,0.003063,0.053224,0.001532,0.020677
W1J,0.039605,0.320467,0.02207,0.277536,0.008163,0.165978,0.002721,0.091605,0.002116,0.047768
W1K,0.078358,0.247225,0.050702,0.224388,0.009428,0.157763,0.006285,0.083805,0.002724,0.046093
W1S,0.062057,0.359154,0.039561,0.313387,0.010084,0.221078,0.006981,0.127992,0.001551,0.060505
W1T,0.132437,0.39082,0.080934,0.322005,0.022506,0.157973,0.007358,0.081367,0.001298,0.044579
W1U,0.120578,0.501635,0.058743,0.451008,0.016232,0.302604,0.003092,0.194007,0.000773,0.135264
W1W,0.100408,0.468138,0.064548,0.412718,0.005868,0.217769,0.001304,0.112144,0.000652,0.046944
W2,0.065488,0.307066,0.035226,0.256228,0.008806,0.103556,0.002522,0.043792,0.001161,0.020495
W3,0.106417,0.255282,0.061261,0.177027,0.020383,0.073773,0.010009,0.032576,0.005733,0.019131
W4,0.117341,0.345194,0.061874,0.236784,0.011826,0.076545,0.002697,0.025606,0.000915,0.00757
W5,0.077927,0.18348,0.04535,0.109175,0.013138,0.039949,0.005122,0.020146,0.002208,0.012173
W6,0.072311,0.427002,0.034959,0.333309,0.005618,0.161478,0.002133,0.083236,0.000364,0.045052
W7,0.071941,0.162694,0.035006,0.091649,0.007132,0.01988,0.002963,0.006409,0.000999,0.001792
W8,0.092352,0.284134,0.062821,0.231886,0.018261,0.099604,0.007863,0.040453,0.002796,0.024464
W9,0.082529,0.504315,0.035126,0.41641,0.006273,0.266943,0.000717,0.193016,0.000358,0.153051
W10,0.168437,0.373859,0.099099,0.271487,0.024944,0.085639,0.006236,0.028773,0.002964,0.008274
W11,0.181543,0.433938,0.121331,0.366881,0.03555,0.186822,0.013115,0.086606,0.005856,0.043056
W12,0.146707,0.472152,0.082046,0.348763,0.029139,0.159587,0.013743,0.084262,0.008336,0.041831
W13,0.073904,0.205188,0.036171,0.116928,0.004294,0.031531,0.000867,0.012708,0.000607,0.007894
W14,0.130405,0.357023,0.078524,0.279387,0.032416,0.115085,0.01273,0.052177,0.001406,0.019835
WA1,0.03187,0.147782,0.0102,0.073605,0.001398,0.013266,0.000715,0.004131,0.000286,0.001446
WA2,0.040813,0.149888,0.019407,0.086559,0.004548,0.018944,0.001161,0.005806,0.000271,0.002331
WA3,0.069161,0.146181,0.039767,0.092452,0.010474,0.027748,0.003417,0.009828,0.001103,0.003772
WA4,0.040521,0.085013,0.025481,0.053341,0.009974,0.020631,0.004734,0.010439,0.001827,0.006178
WA5,0.058728,0.149924,0.033129,0.09108,0.009925,0.029337,0.003471,0.01235,0.001286,0.005722
WA6,0.034935,0.068939,0.020679,0.045019,0.004816,0.013649,0.001469,0.004209,0.000712,0.001647
WA7,0.035583,0.098154,0.016109,0.059187,0.004172,0.020021,0.001532,0.007359,0.000719,0.003772
WA8,0.055911,0.13224,0.032624,0.082269,0.009809,0.028333,0.003666,0.01204,0.001451,0.005602
WA9,0.062954,0.13539,0.039187,0.08807,0.01061,0.037523,0.004268,0.017337,0.002345,0.00979
WA10,0.054223,0.116436,0.028057,0.077055,0.006906,0.029812,0.002232,0.015347,0.000992,0.004601
WA11,0.049589,0.098922,0.026666,0.061662,0.006893,0.016448,0.002542,0.006438,0.001054,0.002949
WA12,0.053619,0.108314,0.032477,0.070004,0.009477,0.028589,0.004084,0.012925,0.001308,0.00675
WA13,0.030366,0.072317,0.017693,0.042312,0.004911,0.012446,0.002001,0.004307,0.000586,0.002148
WA14,0.035159,0.094357,0.01761,0.055416,0.003745,0.014609,0.001126,0.004605,0.000381,0.001884
WA15,0.051519,0.130314,0.028868,0.074359,0.00867,0.023462,0.003105,0.011123,0.001259,0.006506
WA16,0.050457,0.091493,0.032105,0.059631,0.009065,0.021475,0.002739,0.007858,0.000853,0.003049
WC1A,0.097362,0.272285,0.051157,0.23268,0.008251,0.097362,0.006601,0.036305,0.006601,0.011551
WC1B,0.119784,0.408896,0.055188,0.363115,0.010661,0.181244,0.005644,0.093444,0.005644,0.011916
WC1E,0.096557,0.434118,0.050982,0.373867,0.016994,0.24255,0.013904,0.101191,0.005407,0.041712
WC1H,0.152101,0.382604,0.092123,0.317138,0.014112,0.139164,0.007448,0.030185,0.00392,0.014896
WC1N,0.160615,0.383484,0.100436,0.337831,0.029467,0.190912,0.011206,0.082175,0.005395,0.040258
WC1R,0.168129,0.323543,0.101725,0.269854,0.033908,0.107377,0.025431,0.053688,0.00989,0.035321
WC1V,0.095862,0.272711,0.047931,0.19503,0.01157,0.072723,0.006611,0.024792,0.006611,0.013222
WC1X,0.109979,0.42242,0.071237,0.39555,0.026557,0.299006,0.01406,0.2637,0.007186,0.223083
WC2A,0.11637,0.395969,0.094501,0.362386,0.032021,0.185098,0.011715,0.106216,0.007029,0.056232
WC2B,0.163784,0.25883,0.106078,0.218945,0.065344,0.110321,0.050069,0.08656,0.011881,0.040734
WC2E,0.0,0.243167,0.0,0.139482,0.0,0.046905,0.0,0.035796,0.0,0.034562
WC2H,0.108733,0.377067,0.068037,0.259433,0.008902,0.110004,0.005087,0.036244,0.005087,0.031157
WC2N,0.085851,0.266778,0.07308,0.210726,0.035476,0.157512,0.008514,0.121327,0.004257,0.10217
WC2R,0.073011,0.244453,0.041103,0.176309,0.003786,0.082746,0.001622,0.057327,0.001622,0.048133
WD3,0.021378,0.051333,0.012627,0.034763,0.004368,0.015404,0.002302,0.00874,0.00146,0.005882
WD4,0.027683,0.057175,0.016216,0.040626,0.006778,0.022528,0.00286,0.013595,0.001869,0.009192
WD5,0.011693,0.029875,0.00751,0.019182,0.002551,0.01004,0.000959,0.007102,0.000531,0.005204
WD6,0.075214,0.134543,0.043906,0.082306,0.013011,0.027635,0.005417,0.011178,0.002633,0.004838
WD7,0.02586,0.052003,0.0151,0.030675,0.005912,0.011866,0.003368,0.006685,0.00207,0.004299
WD17,0.033296,0.097124,0.015427,0.054384,0.005178,0.016447,0.00322,0.008639,0.001932,0.005259
WD18,0.041998,0.113171,0.02108,0.062155,0.004998,0.018717,0.001521,0.007498,0.000598,0.00288
WD19,0.092559,0.150287,0.059152,0.099951,0.02131,0.040889,0.011088,0.020841,0.005192,0.00988
WD23,0.057851,0.115996,0.032998,0.066749,0.01198,0.020906,0.005118,0.009805,0.002594,0.00576
WD24,0.048191,0.121316,0.018184,0.072345,0.004409,0.02154,0.001093,0.01077,0.0,0.006126
WD25,0.032042,0.087242,0.019789,0.054451,0.007876,0.022252,0.004264,0.012314,0.002384,0.007884
WF1,0.048163,0.124428,0.028841,0.08324,0.00661,0.031972,0.002589,0.01233,0.001397,0.006236
WF2,0.033534,0.087391,0.019041,0.055653,0.003839,0.018971,0.001157,0.006759,0.000494,0.002827
WF3,0.032022,0.079825,0.01833,0.049833,0.004781,0.020718,0.002071,0.008225,0.001154,0.003616
WF4,0.019585,0.044175,0.011748,0.028846,0.004245,0.011651,0.001593,0.005551,0.000647,0.002829
WF5,0.038059,0.085018,0.021013,0.048175,0.007215,0.017579,0.002827,0.008232,0.001723,0.004475
WF6,0.056639,0.139963,0.028805,0.086561,0.006943,0.028095,0.002694,0.012027,0.001211,0.005993
WF7,0.029206,0.065131,0.016395,0.03907,0.004589,0.011656,0.001582,0.005058,0.000541,0.002322
WF8,0.017084,0.042575,0.009992,0.026753,0.002556,0.009951,0.000852,0.004902,0.000363,0.002477
WF9,0.028214,0.067013,0.016731,0.040917,0.005082,0.013929,0.001985,0.006876,0.000939,0.003489
WF10,0.0466,0.119298,0.026308,0.07809,0.00848,0.031003,0.003439,0.014169,0.001227,0.007077
WF11,0.02406,0.073386,0.013131,0.042764,0.003637,0.012963,0.001291,0.004879,0.000556,0.002141
WF12,0.030881,0.075241,0.017534,0.048827,0.004349,0.018951,0.00155,0.008998,0.000907,0.004544
WF13,0.059003,0.155106,0.029036,0.097648,0.007884,0.027468,0.003749,0.012019,0.001477,0.006725
WF14,0.032411,0.067719,0.017928,0.039889,0.00397,0.012392,0.00133,0.003755,0.00059,0.00132
WF15,0.036079,0.06371,0.02235,0.044653,0.00894,0.02095,0.003404,0.010785,0.002482,0.006824
WF16,0.062563,0.135879,0.040959,0.088969,0.020854,0.038108,0.005151,0.024155,0.003901,0.007202
WF17,0.031094,0.075791,0.017102,0.048524,0.003954,0.014435,0.001603,0.006284,0.000865,0.004175
WN1,0.069619,0.122368,0.049585,0.088296,0.022815,0.042916,0.013352,0.02814,0.008712,0.0213
WN2,0.073761,0.135619,0.048615,0.093813,0.014087,0.038081,0.004983,0.013925,0.002201,0.00651
WN3,0.057652,0.12626,0.032474,0.077173,0.009243,0.0289,0.002563,0.010118,0.001553,0.002884
WN4,0.065075,0.121339,0.040485,0.086903,0.01389,0.038133,0.006032,0.017293,0.002913,0.009186
WN5,0.041319,0.085798,0.025284,0.054761,0.006587,0.017997,0.002421,0.006937,0.001013,0.00388
WN6,0.061656,0.108208,0.039555,0.072776,0.014826,0.031571,0.006832,0.015196,0.003025,0.008624
WN7,0.066577,0.152597,0.036947,0.096704,0.008519,0.032478,0.003445,0.011522,0.001513,0.005726
WN8,0.036711,0.078788,0.021328,0.049717,0.005618,0.015769,0.002329,0.008095,0.001187,0.00413
WR1,0.064138,0.208078,0.027053,0.133325,0.00356,0.035855,0.000453,0.006602,0.000259,0.001683
WR2,0.026967,0.065707,0.015703,0.038905,0.003829,0.012468,0.001256,0.005304,0.000508,0.00194
WR3,0.029701,0.079183,0.016926,0.048394,0.004629,0.012984,0.001535,0.004991,0.000548,0.002469
WR4,0.077452,0.171858,0.050051,0.109937,0.014348,0.039937,0.004715,0.018156,0.001775,0.010724
WR5,0.042009,0.098906,0.025214,0.060634,0.007796,0.020186,0.002804,0.009321,0.001062,0.004847
WR6,0.024197,0.048864,0.015845,0.032241,0.006285,0.013279,0.002755,0.006764,0.001222,0.003845
WR7,0.042556,0.084256,0.024652,0.051104,0.007968,0.014925,0.002981,0.005489,0.001082,0.002162
WR8,0.047311,0.092598,0.02988,0.058308,0.009486,0.020955,0.003151,0.008257,0.001333,0.003919
WR9,0.039894,0.082448,0.023261,0.051193,0.007212,0.017333,0.002366,0.007405,0.001043,0.003368
WR10,0.032733,0.067265,0.01808,0.037404,0.005253,0.009563,0.001526,0.003377,0.000511,0.001273
WR11,0.042047,0.087419,0.021705,0.046519,0.005888,0.010646,0.002435,0.004201,0.001255,0.002197
WR12,0.031706,0.058109,0.018461,0.033206,0.005658,0.010274,0.002058,0.004272,0.000807,0.002007
WR13,0.034051,0.069865,0.021922,0.042971,0.008542,0.015378,0.003463,0.007392,0.001573,0.004085
WR14,0.038458,0.096563,0.023857,0.057593,0.007259,0.018105,0.00262,0.007232,0.001396,0.003791
WR15,0.020435,0.037024,0.01267,0.024516,0.004487,0.010265,0.001634,0.004889,0.000741,0.002507
WS1,0.079448,0.172279,0.04288,0.106973,0.008315,0.033382,0.001517,0.009165,0.000395,0.001912
WS2,0.075312,0.167689,0.038384,0.102546,0.007002,0.029688,0.001903,0.011833,0.000788,0.004995
WS3,0.075645,0.149394,0.046191,0.097832,0.013166,0.036234,0.00464,0.018207,0.001935,0.008927
WS4,0.060574,0.115808,0.035243,0.073291,0.008998,0.023731,0.004114,0.009642,0.001891,0.005174
WS5,0.054416,0.115699,0.031551,0.076159,0.009277,0.031367,0.004496,0.015775,0.001512,0.007908
WS6,0.063617,0.1243,0.043008,0.082936,0.015933,0.034042,0.005822,0.018126,0.00308,0.011175
WS7,0.031325,0.074539,0.017509,0.04651,0.005082,0.016616,0.00144,0.007536,0.000754,0.003625
WS8,0.075182,0.144368,0.04927,0.104717,0.0106,0.050509,0.003699,0.026138,0.001148,0.007414
WS9,0.031481,0.071228,0.019863,0.044543,0.005117,0.016585,0.001982,0.007525,0.000615,0.004258
WS10,0.070829,0.188722,0.036836,0.120127,0.008117,0.042951,0.002453,0.017686,0.001196,0.008251
WS11,0.060814,0.121946,0.038523,0.079404,0.014665,0.033517,0.004455,0.019485,0.002114,0.008903
WS12,0.024503,0.048966,0.015299,0.033361,0.005197,0.013398,0.001966,0.006812,0.001104,0.003466
WS13,0.02696,0.068098,0.014337,0.039781,0.003683,0.011176,0.001257,0.004613,0.000475,0.002046
WS14,0.023374,0.054422,0.013656,0.034093,0.004029,0.012643,0.001647,0.005695,0.000492,0.003075
WS15,0.024797,0.05785,0.013858,0.035083,0.003708,0.01105,0.001494,0.004313,0.000747,0.001951
WV1,0.066653,0.203603,0.033885,0.127757,0.008898,0.046066,0.002528,0.021408,0.000887,0.010244
WV2,0.090153,0.215591,0.050903,0.152427,0.011451,0.063892,0.004127,0.032411,0.002064,0.019908
WV3,0.06888,0.154339,0.040409,0.101756,0.011419,0.037797,0.005332,0.017118,0.002893,0.007404
WV4,0.043964,0.096645,0.024687,0.066019,0.005688,0.022047,0.002683,0.008449,0.00112,0.003977
WV5,0.014455,0.034028,0.008046,0.019182,0.002036,0.006014,0.000871,0.002457,0.000251,0.001165
WV6,0.026049,0.058617,0.015137,0.035096,0.00424,0.011419,0.001202,0.005523,0.00048,0.00308
WV7,0.020133,0.053412,0.010515,0.028643,0.00354,0.007386,0.001568,0.003049,0.00095,0.0018
WV8,0.043239,0.082943,0.023769,0.055307,0.007053,0.021065,0.002624,0.008226,0.001059,0.004816
WV9,0.038998,0.096672,0.023301,0.064883,0.008432,0.029829,0.003196,0.012546,0.001462,0.004941
WV10,0.048476,0.114382,0.026798,0.068648,0.00646,0.021698,0.002696,0.010163,0.001126,0.005558
WV11,0.061237,0.135764,0.037016,0.086641,0.008265,0.030031,0.003711,0.014772,0.001491,0.008727
WV12,0.07479,0.187324,0.036813,0.116227,0.009363,0.039023,0.003402,0.019861,0.000785,0.011573
WV13,0.092985,0.256209,0.049499,0.17772,0.011385,0.070625,0.004292,0.034105,0.001491,0.020689
WV14,0.080812,0.199955,0.042729,0.13577,0.011498,0.05625,0.002936,0.029287,0.001514,0.016588
WV15,0.011893,0.027717,0.007042,0.016872,0.002063,0.005508,0.000985,0.002533,0.000507,0.001272
WV16,0.017317,0.031753,0.011259,0.020675,0.004283,0.008882,0.001946,0.004447,0.000788,0.002537
YO1,0.089758,0.218048,0.035396,0.128141,0.004779,0.023448,0.002838,0.006721,0.000149,0.002987
YO7,0.028871,0.065144,0.015686,0.03833,0.004128,0.010524,0.001393,0.003592,0.00057,0.001374
YO8,0.0203,0.071022,0.010733,0.031536,0.003357,0.008613,0.001075,0.003565,0.000257,0.001093
YO10,0.027507,0.094402,0.012659,0.040807,0.002514,0.007966,0.000739,0.001893,3.9e-05,0.000523
YO11,0.026759,0.055403,0.015627,0.035262,0.004945,0.010339,0.001673,0.003587,0.000392,0.001241
YO12,0.015564,0.040942,0.009182,0.024065,0.002816,0.007165,0.000835,0.002688,0.000274,0.000988
YO13,0.014468,0.032057,0.0082,0.018672,0.002374,0.005875,0.000888,0.0025,0.000384,0.001257
YO14,0.014644,0.03115,0.008334,0.020978,0.002331,0.007389,0.00073,0.003036,0.000309,0.001483
YO15,0.015078,0.036048,0.00852,0.022648,0.002438,0.007024,0.000794,0.002479,0.000341,0.001065
YO16,0.010943,0.02899,0.006212,0.016669,0.001892,0.004566,0.000765,0.001776,0.000259,0.000739
YO17,0.016728,0.044373,0.00901,0.021939,0.002463,0.005391,0.000728,0.001866,0.000222,0.00067
YO18,0.021358,0.04057,0.01228,0.022104,0.003703,0.007566,0.001328,0.003254,0.000525,0.001637
YO19,0.022894,0.068327,0.011896,0.033222,0.003778,0.006596,0.00141,0.002335,0.000454,0.000846
YO21,0.020724,0.031503,0.013465,0.019205,0.005944,0.00868,0.00298,0.005127,0.001427,0.003087
YO22,0.018885,0.034954,0.011843,0.020665,0.005293,0.009426,0.002748,0.005796,0.001472,0.00354
YO23,0.040856,0.09894,0.020603,0.050596,0.004736,0.012215,0.001121,0.003521,0.000278,0.000981
YO24,0.039226,0.142923,0.017132,0.072349,0.004238,0.016498,0.002028,0.006338,0.000362,0.003948
YO25,0.021208,0.050096,0.011883,0.030102,0.003371,0.008381,0.00115,0.002955,0.000339,0.001222
YO26,0.04105,0.091353,0.020662,0.047601,0.005289,0.011779,0.002081,0.004109,0.000659,0.001537
YO30,0.056227,0.138343,0.027653,0.073136,0.007284,0.018442,0.002917,0.006451,0.00096,0.002133
YO31,0.047422,0.165131,0.017064,0.069104,0.002565,0.009681,0.000468,0.002766,4.5e-05,0.001227
YO32,0.026747,0.090226,0.012108,0.040519,0.002623,0.007043,0.000666,0.001713,0.00012,0.000509
YO41,0.032736,0.086203,0.01627,0.045637,0.003899,0.009817,0.00149,0.002924,0.000638,0.001244
YO42,0.017384,0.049137,0.009709,0.024459,0.002814,0.005712,0.000951,0.001874,0.000296,0.000694
YO43,0.016204,0.042215,0.009397,0.023409,0.002581,0.007554,0.000903,0.002751,0.000326,0.001145
YO51,0.03961,0.090373,0.021667,0.052758,0.005857,0.016115,0.002042,0.006512,0.000681,0.002137
YO60,0.036709,0.076945,0.021062,0.048419,0.005363,0.014497,0.001342,0.004388,0.00055,0.001505
YO61,0.028854,0.068738,0.014968,0.037303,0.003297,0.008754,0.000826,0.00265,0.000206,0.000779
YO62,0.01775,0.035322,0.009818,0.019276,0.002869,0.005847,0.001059,0.002448,0.000438,0.00122
ZE1,0.0,0.0,0.0,0.0,0.0,0.0,0.0,0.0,0.0,0.0
ZE2,0.0,0.0,0.0,0.0,0.0,0.0,0.0,0.0,0.0,0.0
ZE3,0.0,0.0,0.0,0.0,0.0,0.0,0.0,0.0,0.0,0.0
