name,d02_high,d02_low,d03_high,d03_low,d06_high,d06_low,d09_high,d09_low,d12_high,d12_low,basis
AB10,0.000000,0.000000,0.000000,0.000000,0.000000,0.000000,0.000000,0.000000,0.000000,0.000000,households
AB11,0.000000,0.000000,0.000000,0.000000,0.000000,0.000000,0.000000,0.000000,0.000000,0.000000,households
AB12,0.000000,0.000000,0.000000,0.000000,0.000000,0.000000,0.000000,0.000000,0.000000,0.000000,households
AB13,0.000000,0.000000,0.000000,0.000000,0.000000,0.000000,0.000000,0.000000,0.000000,0.000000,households
AB14,0.000000,0.000000,0.000000,0.000000,0.000000,0.000000,0.000000,0.000000,0.000000,0.000000,households
AB15,0.000000,0.000000,0.000000,0.000000,0.000000,0.000000,0.000000,0.000000,0.000000,0.000000,households
AB16,0.000000,0.000000,0.000000,0.000000,0.000000,0.000000,0.000000,0.000000,0.000000,0.000000,households
AB21,0.000000,0.000000,0.000000,0.000000,0.000000,0.000000,0.000000,0.000000,0.000000,0.000000,households
AB22,0.000000,0.000000,0.000000,0.000000,0.000000,0.000000,0.000000,0.000000,0.000000,0.000000,households
AB23,0.000000,0.000000,0.000000,0.000000,0.000000,0.000000,0.000000,0.000000,0.000000,0.000000,households
AB24,0.000000,0.000000,0.000000,0.000000,0.000000,0.000000,0.000000,0.000000,0.000000,0.000000,households
AB25,0.000000,0.000000,0.000000,0.000000,0.000000,0.000000,0.000000,0.000000,0.000000,0.000000,households
AB30,0.000000,0.000000,0.000000,0.000000,0.000000,0.000000,0.000000,0.000000,0.000000,0.000000,households
AB31,0.000000,0.000000,0.000000,0.000000,0.000000,0.000000,0.000000,0.000000,0.000000,0.000000,households
AB32,0.000000,0.000000,0.000000,0.000000,0.000000,0.000000,0.000000,0.000000,0.000000,0.000000,households
AB33,0.000000,0.000000,0.000000,0.000000,0.000000,0.000000,0.000000,0.000000,0.000000,0.000000,households
AB34,0.000000,0.000000,0.000000,0.000000,0.000000,0.000000,0.000000,0.000000,0.000000,0.000000,households
AB35,0.000000,0.000000,0.000000,0.000000,0.000000,0.000000,0.000000,0.000000,0.000000,0.000000,households
AB36,0.000000,0.000000,0.000000,0.000000,0.000000,0.000000,0.000000,0.000000,0.000000,0.000000,households
AB37,0.000000,0.000000,0.000000,0.000000,0.000000,0.000000,0.000000,0.000000,0.000000,0.000000,households
AB38,0.000000,0.000000,0.000000,0.000000,0.000000,0.000000,0.000000,0.000000,0.000000,0.000000,households
AB39,0.000000,0.000000,0.000000,0.000000,0.000000,0.000000,0.000000,0.000000,0.000000,0.000000,households
AB41,0.000000,0.000000,0.000000,0.000000,0.000000,0.000000,0.000000,0.000000,0.000000,0.000000,households
AB42,0.000000,0.000000,0.000000,0.000000,0.000000,0.000000,0.000000,0.000000,0.000000,0.000000,households
AB43,0.000000,0.000000,0.000000,0.000000,0.000000,0.000000,0.000000,0.000000,0.000000,0.000000,households
AB44,0.000000,0.000000,0.000000,0.000000,0.000000,0.000000,0.000000,0.000000,0.000000,0.000000,households
AB45,0.000000,0.000000,0.000000,0.000000,0.000000,0.000000,0.000000,0.000000,0.000000,0.000000,households
AB51,0.000000,0.000000,0.000000,0.000000,0.000000,0.000000,0.000000,0.000000,0.000000,0.000000,households
AB52,0.000000,0.000000,0.000000,0.000000,0.000000,0.000000,0.000000,0.000000,0.000000,0.000000,households
AB53,0.000000,0.000000,0.000000,0.000000,0.000000,0.000000,0.000000,0.000000,0.000000,0.000000,households
AB54,0.000000,0.000000,0.000000,0.000000,0.000000,0.000000,0.000000,0.000000,0.000000,0.000000,households
AB55,0.000000,0.000000,0.000000,0.000000,0.000000,0.000000,0.000000,0.000000,0.000000,0.000000,households
AB56,0.000000,0.000000,0.000000,0.000000,0.000000,0.000000,0.000000,0.000000,0.000000,0.000000,households
AL1,0.027721,0.082636,0.020039,0.053053,0.008913,0.020481,0.002388,0.011599,0.002373,0.007539,households
AL2,0.029216,0.059277,0.012197,0.027721,0.002384,0.008813,0.000033,0.007597,0.000011,0.004714,households
AL3,0.022388,0.076712,0.011600,0.049492,0.000314,0.010527,0.000025,0.003639,0.000008,0.001998,households
AL4,0.010415,0.061020,0.005460,0.035460,0.002361,0.010043,0.001610,0.003610,0.000010,0.001688,households
AL5,0.032542,0.074825,0.024712,0.053191,0.008873,0.037568,0.005602,0.025934,0.000169,0.018759,households
AL6,0.006358,0.039356,0.001405,0.016446,0.001096,0.004106,0.000046,0.001260,0.000015,0.001141,households
AL7,0.012158,0.070599,0.000833,0.033096,0.000073,0.008421,0.000028,0.001188,0.000009,0.000100,households
AL8,0.018188,0.044976,0.005506,0.015083,0.000147,0.003714,0.000057,0.003336,0.000019,0.000202,households
AL9,0.054367,0.106707,0.020933,0.064400,0.002797,0.010705,0.000055,0.002785,0.000018,0.000193,households
AL10,0.025507,0.097377,0.005815,0.048700,0.000081,0.021520,0.000031,0.004355,0.000010,0.000111,households
B1,0.062963,0.155656,0.054097,0.120929,0.007450,0.053759,0.000036,0.014594,0.000016,0.004029,households
B2,0.003653,0.009401,0.001559,0.005077,0.000202,0.001209,0.000076,0.000482,0.000034,0.000201,households
B3,0.120334,0.415655,0.075409,0.350704,0.003804,0.124689,0.000062,0.063608,0.000028,0.011534,households
B4,0.004062,0.106241,0.002347,0.102701,0.000165,0.098462,0.000062,0.097867,0.000028,0.000165,households
B5,0.033888,0.069719,0.001234,0.006459,0.000070,0.002859,0.000026,0.000166,0.000012,0.000069,households
B6,0.008181,0.088679,0.002640,0.038277,0.000074,0.001399,0.000028,0.000177,0.000013,0.000074,households
B7,0.001930,0.010314,0.000824,0.004287,0.000107,0.000639,0.000040,0.000254,0.000018,0.000106,households
B8,0.016051,0.050056,0.007205,0.018786,0.000051,0.007513,0.000019,0.002339,0.000009,0.000051,households
B9,0.025846,0.060552,0.020956,0.041755,0.005328,0.022361,0.000028,0.009661,0.000013,0.004303,households
B10,0.031152,0.077939,0.014625,0.042779,0.000091,0.009231,0.000034,0.000218,0.000016,0.000091,households
B11,0.037612,0.114661,0.011442,0.059561,0.001745,0.007007,0.001051,0.001815,0.001040,0.001745,households
B12,0.029325,0.102080,0.010522,0.036504,0.000062,0.011653,0.000023,0.001799,0.000011,0.000062,households
B13,0.031239,0.069060,0.013523,0.033470,0.000746,0.000973,0.000017,0.000809,0.000008,0.000045,households
B14,0.023110,0.060580,0.008586,0.029107,0.000420,0.006611,0.000396,0.002818,0.000388,0.000420,households
B15,0.040691,0.074381,0.012527,0.033741,0.003634,0.006995,0.000024,0.000153,0.000011,0.000064,households
B16,0.044721,0.118540,0.004840,0.081956,0.001803,0.019774,0.000024,0.001891,0.000011,0.000064,households
B17,0.022259,0.055204,0.004704,0.034485,0.000225,0.002637,0.000192,0.000299,0.000181,0.000225,households
B18,0.030988,0.078073,0.013425,0.060358,0.000067,0.016976,0.000025,0.006907,0.000011,0.000067,households
B19,0.036140,0.099396,0.029196,0.053015,0.000066,0.019185,0.000025,0.015817,0.000011,0.015475,households
B20,0.048156,0.100155,0.031212,0.066802,0.000055,0.012692,0.000020,0.006272,0.000009,0.000054,households
B21,0.050334,0.090119,0.019102,0.037753,0.001976,0.008640,0.000025,0.000161,0.000011,0.000067,households
B23,0.009495,0.051476,0.005217,0.016808,0.000037,0.005202,0.000014,0.000088,0.000006,0.000037,households
B24,0.022938,0.052595,0.008831,0.023221,0.000052,0.003039,0.000019,0.002854,0.000009,0.001818,households
B25,0.060012,0.099936,0.036527,0.076925,0.006624,0.017725,0.000042,0.006003,0.000019,0.000111,households
B26,0.020263,0.063604,0.008493,0.024255,0.000331,0.004914,0.000019,0.000122,0.000009,0.000051,households
B27,0.016857,0.057115,0.011222,0.035474,0.006765,0.014545,0.000025,0.008905,0.000012,0.006020,households
B28,0.038143,0.076193,0.013396,0.034975,0.000049,0.004575,0.000018,0.000116,0.000008,0.000049,households
B29,0.027610,0.083287,0.010342,0.031598,0.000534,0.002396,0.000510,0.000586,0.000193,0.000534,households
B30,0.014833,0.040038,0.000683,0.020520,0.000050,0.002967,0.000019,0.002786,0.000009,0.000050,households
B31,0.023284,0.047279,0.005835,0.024547,0.000026,0.003312,0.000010,0.000062,0.000004,0.000026,households
B32,0.031364,0.047210,0.016834,0.029531,0.000040,0.008650,0.000015,0.000566,0.000007,0.000040,households
B33,0.026388,0.072305,0.012330,0.042194,0.005022,0.007766,0.000016,0.005153,0.000007,0.000114,households
B34,0.022573,0.063082,0.004755,0.035903,0.000087,0.002970,0.000033,0.000207,0.000015,0.000087,households
B35,0.018533,0.198826,0.000774,0.093693,0.000100,0.032700,0.000038,0.009602,0.000017,0.000100,households
B36,0.031016,0.103973,0.017409,0.049305,0.000051,0.012610,0.000019,0.002301,0.000009,0.000051,households
B37,0.027395,0.064510,0.009057,0.027376,0.000041,0.010587,0.000015,0.001452,0.000007,0.000041,households
B38,0.021496,0.056451,0.005189,0.037487,0.000062,0.003767,0.000023,0.000148,0.000011,0.000062,households
B40,0.017558,0.077444,0.007493,0.056661,0.000971,0.005809,0.000363,0.002315,0.000165,0.000967,households
B42,0.068815,0.124361,0.038209,0.092779,0.020283,0.055933,0.016788,0.036650,0.007900,0.032016,households
B43,0.015753,0.045018,0.010668,0.029088,0.004188,0.008270,0.000020,0.004261,0.000009,0.002518,households
B44,0.020019,0.076745,0.011142,0.053019,0.000047,0.006154,0.000017,0.000111,0.000008,0.000046,households
B45,0.022055,0.053949,0.011150,0.023066,0.003389,0.003600,0.000728,0.002593,0.000007,0.000754,households
B46,0.002014,0.014929,0.001010,0.002113,0.000063,0.000379,0.000024,0.000151,0.000011,0.000063,households
B47,0.023228,0.044516,0.012301,0.037771,0.000118,0.000917,0.000044,0.000281,0.000020,0.000118,households
B48,0.025195,0.051030,0.017570,0.039735,0.000133,0.014766,0.000050,0.006567,0.000023,0.000132,households
B49,0.022077,0.046138,0.007821,0.026830,0.000075,0.000448,0.000028,0.000179,0.000013,0.000075,households
B50,0.011620,0.033852,0.001010,0.016861,0.000131,0.000783,0.000049,0.000312,0.000022,0.000130,households
B60,0.019230,0.041715,0.015403,0.021786,0.001345,0.001536,0.000014,0.000091,0.000007,0.000038,households
B61,0.013351,0.045874,0.005746,0.025116,0.001793,0.002696,0.000015,0.001849,0.000007,0.001442,households
B62,0.032319,0.097909,0.008501,0.031878,0.000053,0.003410,0.000020,0.000127,0.000009,0.000053,households
B63,0.021800,0.057061,0.008219,0.013908,0.000038,0.000230,0.000014,0.000092,0.000007,0.000038,households
B64,0.067845,0.145287,0.036634,0.099343,0.001181,0.026960,0.001142,0.014559,0.000508,0.001181,households
B65,0.050208,0.101946,0.016864,0.039535,0.003060,0.011415,0.000021,0.003139,0.000010,0.000057,households
B66,0.023110,0.071836,0.018507,0.049110,0.009044,0.013357,0.009010,0.011253,0.005178,0.011179,households
B67,0.034579,0.061509,0.023601,0.051383,0.016706,0.026304,0.005955,0.017609,0.000092,0.015139,households
B68,0.007001,0.032379,0.002542,0.019706,0.000050,0.008037,0.000019,0.000118,0.000008,0.000049,households
B69,0.040846,0.098700,0.022497,0.050297,0.000674,0.013745,0.000174,0.003336,0.000007,0.001147,households
B70,0.022584,0.053409,0.004215,0.031564,0.000038,0.006977,0.000014,0.004800,0.000006,0.000037,households
B71,0.037218,0.090787,0.017133,0.057533,0.003254,0.020643,0.003227,0.011229,0.003218,0.003478,households
B72,0.029686,0.073024,0.009724,0.036174,0.000121,0.012445,0.000045,0.012010,0.000021,0.000120,households
B73,0.024983,0.052182,0.007803,0.041367,0.000061,0.007202,0.000023,0.000145,0.000010,0.000061,households
B74,0.014162,0.041309,0.004470,0.016266,0.000039,0.000234,0.000015,0.000093,0.000007,0.000039,households
B75,0.017447,0.067482,0.004703,0.040049,0.000046,0.004276,0.000017,0.000109,0.000008,0.000045,households
B76,0.014628,0.063455,0.002318,0.020469,0.000684,0.000964,0.000021,0.000762,0.000010,0.000056,households
B77,0.018610,0.042939,0.008531,0.021211,0.000030,0.006342,0.000011,0.002419,0.000005,0.002377,households
B78,0.016716,0.052114,0.003235,0.030229,0.002182,0.002505,0.002153,0.002246,0.000008,0.000046,households
B79,0.015191,0.087415,0.006535,0.029182,0.000043,0.002171,0.000016,0.000101,0.000007,0.000042,households
B80,0.015051,0.030562,0.004172,0.017401,0.000128,0.000766,0.000048,0.000305,0.000022,0.000128,households
B90,0.028863,0.074906,0.016678,0.048234,0.000028,0.011443,0.000010,0.009630,0.000005,0.001122,households
B91,0.026270,0.072348,0.008799,0.032423,0.000039,0.007740,0.000015,0.000943,0.000007,0.000039,households
B92,0.032909,0.093391,0.004890,0.054689,0.000676,0.017031,0.000015,0.005375,0.000007,0.001948,households
B93,0.013284,0.044864,0.002201,0.025800,0.000059,0.006054,0.000022,0.000141,0.000010,0.000059,households
B94,0.012108,0.030231,0.010632,0.012701,0.000084,0.000503,0.000031,0.000200,0.000014,0.000084,households
B95,0.065800,0.091142,0.031989,0.048743,0.008308,0.008761,0.000034,0.000217,0.000015,0.000091,households
B96,0.015751,0.052317,0.001014,0.025188,0.000131,0.000786,0.000049,0.000313,0.000022,0.000131,households
B97,0.035179,0.048805,0.011993,0.027415,0.000041,0.000639,0.000015,0.000493,0.000007,0.000040,households
B98,0.031901,0.070615,0.010209,0.038495,0.000037,0.004995,0.000014,0.000089,0.000006,0.000037,households
BA1,0.044562,0.115099,0.026495,0.084897,0.005885,0.037924,0.001428,0.013157,0.001211,0.001969,households
BA2,0.039628,0.071741,0.028638,0.050393,0.013212,0.026302,0.000007,0.019499,0.000002,0.007782,households
BA3,0.015680,0.038106,0.012108,0.025015,0.005692,0.007801,0.002634,0.002715,0.000003,0.001244,households
BA4,0.019522,0.035969,0.010029,0.025242,0.001817,0.008891,0.000018,0.001739,0.000005,0.000044,households
BA5,0.031707,0.068796,0.010812,0.032692,0.000104,0.002539,0.000020,0.000152,0.000005,0.000048,households
BA6,0.056397,0.102092,0.029576,0.060796,0.007735,0.034744,0.007616,0.013809,0.000008,0.007656,households
BA7,0.028877,0.046842,0.018957,0.031077,0.010220,0.017848,0.000562,0.017286,0.000019,0.000661,households
BA8,0.006464,0.057472,0.002127,0.020449,0.000354,0.001059,0.000067,0.000516,0.000019,0.000162,households
BA9,0.012534,0.054005,0.004696,0.013951,0.000213,0.004625,0.000040,0.000311,0.000011,0.000098,households
BA10,0.009186,0.082523,0.007995,0.043065,0.002219,0.027691,0.001882,0.025251,0.001825,0.001994,households
BA11,0.014963,0.055051,0.005825,0.020694,0.001034,0.004966,0.000978,0.001387,0.000968,0.000996,households
BA12,0.016532,0.038181,0.007347,0.018992,0.002466,0.003206,0.000013,0.001600,0.000004,0.000032,households
BA13,0.016093,0.060135,0.007144,0.019548,0.000125,0.000374,0.000024,0.000182,0.000007,0.000057,households
BA14,0.024714,0.066097,0.010776,0.020987,0.001764,0.004987,0.000011,0.001792,0.000003,0.000028,households
BA15,0.014237,0.037386,0.003290,0.021545,0.000472,0.005660,0.000032,0.000246,0.000009,0.000077,households
BA16,0.012855,0.049992,0.004332,0.026633,0.000211,0.004096,0.000040,0.000308,0.000011,0.000097,households
BA20,0.042697,0.059970,0.013330,0.032945,0.000351,0.006719,0.000210,0.000431,0.000186,0.000257,households
BA21,0.009486,0.027008,0.003480,0.009563,0.001107,0.001877,0.001023,0.001154,0.000005,0.000047,households
BA22,0.010035,0.036890,0.002467,0.015128,0.000100,0.000550,0.000019,0.000146,0.000005,0.000046,households
BB1,0.038591,0.071127,0.023831,0.043299,0.008641,0.010723,0.002592,0.005346,0.000007,0.002597,households
BB2,0.028051,0.054995,0.011734,0.023518,0.004312,0.006099,0.000899,0.003392,0.000006,0.000425,households
BB3,0.028802,0.058268,0.015179,0.027591,0.008595,0.008838,0.006684,0.008009,0.003109,0.007918,households
BB4,0.018825,0.032075,0.007463,0.012261,0.000049,0.001659,0.000023,0.001187,0.000007,0.000027,households
BB5,0.010480,0.024560,0.004580,0.011510,0.000043,0.000148,0.000020,0.000078,0.000006,0.000024,households
BB6,0.014799,0.021524,0.007994,0.012330,0.001053,0.003233,0.000077,0.002221,0.000022,0.002157,households
BB7,0.061057,0.088846,0.022418,0.049740,0.003642,0.007896,0.000025,0.001876,0.000007,0.000030,households
BB8,0.012351,0.020224,0.005482,0.011052,0.003754,0.003999,0.003709,0.003936,0.002741,0.003716,households
BB9,0.018815,0.038365,0.011634,0.023923,0.002131,0.004960,0.001283,0.003334,0.000007,0.001287,households
BB10,0.035499,0.088194,0.009868,0.059218,0.003450,0.011381,0.003411,0.006171,0.000839,0.006143,households
BB11,0.022373,0.046765,0.006333,0.022931,0.000080,0.000946,0.000037,0.000075,0.000011,0.000044,households
BB12,0.023569,0.050269,0.010824,0.022277,0.002182,0.002725,0.000279,0.000310,0.000009,0.000036,households
BB18,0.025843,0.048449,0.012053,0.025489,0.000112,0.007021,0.000051,0.003014,0.000015,0.000061,households
BD1,0.151592,0.246128,0.133287,0.206730,0.056274,0.163007,0.039141,0.118751,0.000008,0.064815,households
BD2,0.021836,0.039129,0.006203,0.022381,0.000287,0.005306,0.000022,0.000313,0.000004,0.000286,households
BD3,0.022835,0.055788,0.011787,0.033862,0.000061,0.005061,0.000028,0.000094,0.000005,0.000060,households
BD4,0.029128,0.048842,0.001941,0.013980,0.001302,0.001418,0.000017,0.001322,0.000003,0.000036,households
BD5,0.016488,0.054711,0.012789,0.019702,0.000723,0.004321,0.000691,0.001417,0.000195,0.001385,households
BD6,0.017890,0.039806,0.009711,0.017186,0.000047,0.002203,0.000022,0.000073,0.000004,0.000046,households
BD7,0.006485,0.039735,0.003882,0.023991,0.000056,0.009804,0.000026,0.000085,0.000005,0.000054,households
BD8,0.018601,0.036057,0.003410,0.009207,0.000056,0.000232,0.000026,0.000086,0.000005,0.000055,households
BD9,0.027979,0.058399,0.024343,0.043582,0.000065,0.011130,0.000030,0.000100,0.000006,0.000064,households
BD10,0.007711,0.032456,0.002668,0.017474,0.000049,0.002566,0.000023,0.000075,0.000004,0.000048,households
BD11,0.004207,0.020460,0.002184,0.009247,0.001615,0.001957,0.001557,0.001673,0.001516,0.001613,households
BD12,0.008410,0.043852,0.001639,0.023041,0.000058,0.002414,0.000027,0.000089,0.000005,0.000057,households
BD13,0.004490,0.020149,0.002743,0.008709,0.001713,0.001996,0.000017,0.001900,0.000003,0.001880,households
BD14,0.023746,0.047679,0.000861,0.013435,0.000138,0.000573,0.000064,0.000212,0.000012,0.000135,households
BD15,0.039914,0.059397,0.014273,0.037278,0.008409,0.010089,0.002334,0.003710,0.000007,0.003667,households
BD16,0.013074,0.053372,0.010764,0.026749,0.001143,0.002633,0.000443,0.001843,0.000258,0.001820,households
BD17,0.054035,0.120543,0.026507,0.078465,0.004192,0.022031,0.000585,0.004222,0.000005,0.003632,households
BD18,0.007692,0.020997,0.001850,0.006299,0.000049,0.001503,0.000023,0.001375,0.000004,0.000048,households
BD19,0.020605,0.037888,0.007099,0.013204,0.001214,0.008349,0.000024,0.007732,0.000005,0.005184,households
BD20,0.024496,0.080182,0.012184,0.039922,0.001838,0.004215,0.000918,0.001067,0.000909,0.000932,households
BD21,0.018225,0.062572,0.008818,0.037232,0.001484,0.009027,0.000018,0.000059,0.000003,0.000038,households
BD22,0.035577,0.060477,0.025265,0.033359,0.001379,0.009038,0.001062,0.001621,0.000377,0.001304,households
BD23,0.039439,0.093201,0.014774,0.040011,0.000661,0.006672,0.000082,0.000109,0.000002,0.000095,households
BD24,0.018161,0.070536,0.006635,0.017357,0.001975,0.002302,0.001919,0.002030,0.001880,0.001973,households
BH1,0.013785,0.094038,0.009507,0.070412,0.000039,0.032625,0.000006,0.023320,0.000000,0.018255,households
BH2,0.001110,0.056183,0.000502,0.034996,0.000080,0.006753,0.000012,0.000250,0.000000,0.000160,households
BH3,0.001899,0.019079,0.000859,0.004087,0.000137,0.000883,0.000021,0.000427,0.000000,0.000273,households
BH4,0.002081,0.058789,0.000540,0.030772,0.000086,0.010666,0.000013,0.010379,0.000000,0.004606,households
BH5,0.011577,0.064387,0.003154,0.048988,0.000077,0.016669,0.000012,0.004909,0.000000,0.002822,households
BH6,0.003824,0.050230,0.003170,0.020371,0.002603,0.003176,0.002571,0.002684,0.000000,0.000076,households
BH7,0.000940,0.028457,0.000425,0.006298,0.000068,0.000437,0.000011,0.000211,0.000000,0.000135,households
BH8,0.006385,0.057222,0.002368,0.024329,0.001558,0.001731,0.000005,0.001625,0.000000,0.000063,households
BH9,0.004662,0.075944,0.001997,0.052918,0.000030,0.008131,0.000005,0.001980,0.000000,0.001553,households
BH10,0.024822,0.062167,0.007582,0.030727,0.001010,0.002624,0.000006,0.000120,0.000000,0.000077,households
BH11,0.004483,0.024305,0.003204,0.006962,0.000038,0.002333,0.000006,0.002204,0.000000,0.000077,households
BH12,0.017015,0.061167,0.005741,0.038553,0.002874,0.005552,0.000004,0.002934,0.000000,0.002902,households
BH13,0.013658,0.045335,0.001803,0.027686,0.000066,0.007608,0.000010,0.001596,0.000000,0.000131,households
BH14,0.018133,0.076375,0.008195,0.025980,0.000034,0.001494,0.000005,0.001380,0.000000,0.001342,households
BH15,0.020827,0.110726,0.009933,0.051790,0.002005,0.007401,0.000004,0.001131,0.000000,0.000051,households
BH16,0.002642,0.049164,0.000300,0.013441,0.000048,0.000308,0.000007,0.000149,0.000000,0.000095,households
BH17,0.062090,0.112465,0.036745,0.063223,0.000145,0.014524,0.000106,0.000243,0.000000,0.000092,households
BH18,0.012344,0.056515,0.002288,0.031385,0.000066,0.014665,0.000010,0.005452,0.000000,0.003504,households
BH19,0.013477,0.048358,0.004431,0.018445,0.000036,0.000235,0.000006,0.000114,0.000000,0.000073,households
BH20,0.012056,0.018767,0.003066,0.005845,0.002250,0.002738,0.001226,0.001643,0.000000,0.000390,households
BH21,0.008519,0.026891,0.002991,0.014768,0.000397,0.004088,0.000002,0.002344,0.000000,0.000904,households
BH22,0.018321,0.058436,0.004775,0.022761,0.000029,0.003248,0.000004,0.000089,0.000000,0.000057,households
BH23,0.018984,0.068078,0.009167,0.031677,0.003331,0.009960,0.000002,0.007151,0.000000,0.005872,households
BH24,0.015309,0.059503,0.007139,0.035657,0.001204,0.002793,0.000004,0.001258,0.000000,0.000051,households
BH25,0.006938,0.018950,0.004603,0.009078,0.000026,0.000167,0.000004,0.000081,0.000000,0.000052,households
BH31,0.016112,0.063027,0.011739,0.018591,0.000064,0.004300,0.000010,0.000199,0.000000,0.000128,households
BL0,0.036402,0.054759,0.028845,0.038534,0.007029,0.012853,0.002310,0.005910,0.002299,0.002314,households
BL1,0.030699,0.052993,0.017947,0.032456,0.000302,0.002744,0.000188,0.000884,0.000184,0.000189,households
BL2,0.009854,0.028172,0.002972,0.015154,0.000023,0.000807,0.000012,0.000764,0.000007,0.000597,households
BL3,0.024359,0.054540,0.009401,0.032847,0.001866,0.006822,0.000364,0.004075,0.000359,0.001858,households
BL4,0.028562,0.065966,0.011401,0.033553,0.000032,0.004961,0.000017,0.000048,0.000010,0.000019,households
BL5,0.019197,0.043479,0.003932,0.013875,0.000038,0.003156,0.000020,0.000056,0.000011,0.000023,households
BL6,0.019953,0.042600,0.010746,0.024344,0.003294,0.005417,0.002145,0.004515,0.000008,0.000301,households
BL7,0.042260,0.079135,0.027558,0.050200,0.000776,0.009886,0.000752,0.002831,0.000015,0.000031,households
BL8,0.034681,0.079175,0.015628,0.030700,0.003682,0.007018,0.003157,0.003696,0.002189,0.003095,households
BL9,0.016836,0.045006,0.005403,0.018314,0.000020,0.000808,0.000011,0.000030,0.000006,0.000012,households
BN1,0.053822,0.120248,0.034621,0.085079,0.013088,0.030435,0.007045,0.013300,0.004865,0.007992,households
BN2,0.054586,0.111547,0.035110,0.083825,0.015079,0.047085,0.009088,0.024564,0.003436,0.012161,households
BN3,0.075176,0.189615,0.044064,0.145355,0.013817,0.054815,0.001844,0.009199,0.000909,0.003223,households
BN5,0.008134,0.012772,0.003217,0.005980,0.000390,0.001391,0.000168,0.000492,0.000085,0.000245,households
BN6,0.025235,0.036840,0.014877,0.022257,0.001546,0.003014,0.000080,0.000235,0.000041,0.000117,households
BN7,0.004725,0.028657,0.003107,0.017901,0.002692,0.006302,0.000071,0.002735,0.000036,0.000103,households
BN8,0.016899,0.030593,0.001743,0.010742,0.000166,0.004503,0.000071,0.001223,0.000036,0.000104,households
BN9,0.037977,0.080185,0.022010,0.057532,0.000277,0.014155,0.000120,0.009341,0.000060,0.000174,households
BN10,0.018637,0.038366,0.006526,0.018698,0.005100,0.007313,0.004645,0.005267,0.002601,0.004687,households
BN11,0.104289,0.192239,0.050462,0.129087,0.005725,0.020479,0.001612,0.004370,0.001586,0.001636,households
BN12,0.010682,0.070141,0.001263,0.032273,0.000169,0.003755,0.000073,0.000213,0.000037,0.000106,households
BN13,0.018250,0.046895,0.006254,0.019446,0.000602,0.010402,0.000065,0.000190,0.000033,0.000095,households
BN14,0.024616,0.071107,0.009903,0.039823,0.000155,0.008189,0.000067,0.000495,0.000034,0.000097,households
BN15,0.016817,0.045916,0.003325,0.023931,0.000156,0.001112,0.000067,0.000197,0.000034,0.000098,households
BN16,0.017534,0.043384,0.006801,0.024384,0.000117,0.003258,0.000051,0.000148,0.000026,0.000074,households
BN17,0.025684,0.075812,0.009462,0.055862,0.000151,0.013627,0.000065,0.000191,0.000033,0.000095,households
BN18,0.026696,0.041929,0.011687,0.027150,0.005046,0.005554,0.000408,0.005098,0.000043,0.000124,households
BN20,0.023604,0.051483,0.005350,0.027590,0.002198,0.002602,0.002109,0.002240,0.000953,0.002140,households
BN21,0.066916,0.165774,0.041877,0.123661,0.007352,0.039300,0.002185,0.012781,0.000030,0.003200,households
BN22,0.041363,0.095758,0.010922,0.057115,0.000139,0.011065,0.000060,0.000175,0.000030,0.000087,households
BN23,0.012618,0.050528,0.005992,0.014739,0.000166,0.000593,0.000072,0.000210,0.000036,0.000104,households
BN24,0.012427,0.030822,0.001050,0.010051,0.000298,0.001064,0.000128,0.000376,0.000065,0.000187,households
BN25,0.031123,0.052466,0.014531,0.034454,0.003297,0.018405,0.000057,0.013618,0.000029,0.010897,households
BN26,0.022009,0.050990,0.012168,0.030414,0.000218,0.003669,0.000094,0.003166,0.000048,0.000137,households
BN27,0.007087,0.069603,0.002313,0.021019,0.001538,0.003247,0.000047,0.001995,0.000024,0.000354,households
BN41,0.044664,0.109451,0.026738,0.095887,0.011832,0.039258,0.008614,0.020503,0.004743,0.015743,households
BN42,0.015061,0.051473,0.006576,0.025191,0.005313,0.014761,0.003355,0.005445,0.000109,0.005128,households
BN43,0.024571,0.053001,0.011044,0.025451,0.001414,0.006018,0.001287,0.003671,0.001239,0.001331,households
BN44,0.009673,0.053559,0.004809,0.033841,0.000417,0.001491,0.000180,0.000527,0.000091,0.000262,households
BN45,0.018040,0.035328,0.006622,0.025435,0.001878,0.006709,0.000810,0.002373,0.000410,0.001181,households
BR1,0.046584,0.093836,0.020343,0.040250,0.003062,0.012521,0.000015,0.004418,0.000013,0.000820,households
BR2,0.052408,0.149860,0.023408,0.092818,0.001505,0.017413,0.000017,0.005045,0.000015,0.003436,households
BR3,0.046913,0.122242,0.022115,0.064670,0.005224,0.012273,0.000702,0.006148,0.000013,0.000917,households
BR4,0.063135,0.138214,0.009727,0.100338,0.000146,0.020143,0.000045,0.002691,0.000038,0.000138,households
BR5,0.031356,0.073852,0.015481,0.028311,0.001584,0.005153,0.001544,0.001648,0.001541,0.001581,households
BR6,0.035960,0.089970,0.014970,0.058150,0.002746,0.010354,0.001134,0.009515,0.001132,0.005541,households
BR7,0.017563,0.040531,0.005084,0.014646,0.000120,0.000553,0.000037,0.000250,0.000032,0.000114,households
BR8,0.033185,0.092850,0.015761,0.055794,0.005789,0.028107,0.004217,0.017165,0.004212,0.009269,households
BS1,0.081128,0.230943,0.048055,0.168545,0.000169,0.016961,0.000080,0.000335,0.000040,0.000242,households
BS2,0.083925,0.252878,0.054260,0.185660,0.012579,0.081066,0.005808,0.023925,0.004215,0.016314,households
BS3,0.119113,0.231303,0.076661,0.160221,0.019895,0.049314,0.000060,0.013945,0.000030,0.000404,households
BS4,0.034040,0.082004,0.018041,0.050110,0.008754,0.014517,0.003136,0.009706,0.001662,0.005206,households
BS5,0.051422,0.125747,0.031993,0.073796,0.015105,0.034453,0.008870,0.023574,0.006539,0.015851,households
BS6,0.067675,0.193284,0.040358,0.128346,0.024887,0.044526,0.019147,0.030640,0.008770,0.014415,households
BS7,0.019586,0.119809,0.007828,0.056719,0.004123,0.006529,0.001453,0.002706,0.000036,0.001472,households
BS8,0.106582,0.308025,0.063904,0.194147,0.019074,0.072601,0.010287,0.026130,0.000037,0.015831,households
BS9,0.040171,0.091256,0.027806,0.054778,0.011302,0.017559,0.005224,0.005317,0.004499,0.004548,households
BS10,0.060794,0.166549,0.027302,0.103254,0.007746,0.018258,0.002710,0.002814,0.000037,0.000491,households
BS11,0.086759,0.161549,0.039041,0.055334,0.000832,0.003835,0.000099,0.000240,0.000050,0.000124,households
BS13,0.034143,0.099519,0.013128,0.055033,0.001636,0.031643,0.000888,0.000992,0.000037,0.000907,households
BS14,0.029158,0.105616,0.012370,0.055361,0.005386,0.009016,0.000153,0.002610,0.000115,0.000173,households
BS15,0.033683,0.075344,0.017701,0.035390,0.002823,0.013326,0.002346,0.003261,0.000025,0.002031,households
BS16,0.024522,0.072295,0.015170,0.042767,0.004123,0.013761,0.002046,0.005450,0.001107,0.001129,households
BS20,0.016057,0.046926,0.011387,0.030284,0.002322,0.013344,0.001430,0.005136,0.000034,0.001379,households
BS21,0.005989,0.044366,0.001691,0.019564,0.000172,0.004979,0.000082,0.001298,0.000041,0.000103,households
BS22,0.010446,0.073795,0.004537,0.018722,0.002531,0.002761,0.001174,0.001259,0.000030,0.000075,households
BS23,0.036917,0.159188,0.020503,0.074182,0.009366,0.012840,0.009303,0.011268,0.007277,0.009317,households
BS24,0.015918,0.040652,0.001455,0.014604,0.000168,0.000477,0.000080,0.000194,0.000040,0.000101,households
BS25,0.018496,0.069894,0.005679,0.016724,0.000404,0.001147,0.000192,0.000466,0.000097,0.000242,households
BS26,0.033831,0.091208,0.008355,0.024643,0.000498,0.009383,0.000237,0.000575,0.000119,0.000298,households
BS27,0.002841,0.049269,0.001332,0.017735,0.000387,0.001099,0.000184,0.000447,0.000093,0.000232,households
BS28,0.103665,0.136512,0.058499,0.110968,0.022934,0.063445,0.016064,0.025651,0.015937,0.016790,households
BS29,0.005098,0.027387,0.002663,0.014833,0.000775,0.002197,0.000368,0.000893,0.000185,0.000464,households
BS30,0.027626,0.070098,0.011914,0.034056,0.004999,0.008821,0.001073,0.006330,0.000883,0.002400,households
BS31,0.016826,0.041837,0.001253,0.018420,0.000173,0.000492,0.000082,0.000200,0.000041,0.000104,households
BS32,0.039456,0.101019,0.006790,0.025458,0.000275,0.000781,0.000131,0.000318,0.000066,0.000165,households
BS34,0.045378,0.101498,0.019711,0.056923,0.000140,0.011153,0.000066,0.002638,0.000033,0.002561,households
BS35,0.019509,0.068680,0.013235,0.032988,0.000158,0.003858,0.000075,0.000182,0.000038,0.000095,households
BS36,0.040786,0.103554,0.005830,0.035909,0.000807,0.003821,0.000110,0.000267,0.000055,0.000139,households
BS37,0.041612,0.157613,0.017469,0.091566,0.001680,0.003749,0.000056,0.003549,0.000028,0.001633,households
BS39,0.006235,0.032628,0.002869,0.014847,0.000190,0.003863,0.000090,0.003543,0.000045,0.003438,households
BS40,0.006318,0.038160,0.002834,0.005890,0.000164,0.000465,0.000078,0.000189,0.000039,0.000098,households
BS41,0.005092,0.027770,0.003337,0.007201,0.000558,0.001584,0.000265,0.000644,0.000134,0.000334,households
BS48,0.028359,0.076806,0.008639,0.031682,0.000156,0.006105,0.000074,0.000180,0.000037,0.000093,households
BS49,0.008253,0.060247,0.001144,0.024313,0.000333,0.000944,0.000158,0.000384,0.000080,0.000199,households
CA1,0.024172,0.054731,0.006517,0.024259,0.000058,0.000241,0.000009,0.000076,0.000002,0.000035,households
CA2,0.038424,0.078497,0.016607,0.043146,0.000193,0.011948,0.000006,0.001282,0.000001,0.000639,households
CA3,0.009134,0.044920,0.000775,0.017353,0.000072,0.001332,0.000011,0.000832,0.000002,0.000043,households
CA4,0.002416,0.012255,0.001395,0.002531,0.000962,0.001204,0.000897,0.000986,0.000888,0.000932,households
CA5,0.018390,0.038750,0.012477,0.016426,0.000102,0.001634,0.000015,0.000134,0.000003,0.000061,households
CA6,0.006065,0.010309,0.001676,0.003762,0.000070,0.000294,0.000010,0.000093,0.000002,0.000042,households
CA7,0.003811,0.029552,0.001169,0.005978,0.000031,0.000128,0.000005,0.000040,0.000001,0.000018,households
CA8,0.037873,0.064051,0.015911,0.027418,0.002542,0.004593,0.000009,0.001940,0.000002,0.001897,households
CA9,0.005448,0.012987,0.003087,0.006639,0.000193,0.000805,0.000029,0.000254,0.000006,0.000116,households
CA10,0.027138,0.042635,0.018249,0.023363,0.000208,0.007472,0.000008,0.000071,0.000002,0.000032,households
CA11,0.032757,0.075983,0.013966,0.044609,0.000034,0.006228,0.000005,0.000045,0.000001,0.000021,households
CA12,0.032511,0.084463,0.013699,0.037673,0.007360,0.009577,0.000012,0.003186,0.000002,0.000049,households
CA13,0.021556,0.053891,0.013559,0.033157,0.000061,0.000391,0.000009,0.000217,0.000002,0.000037,households
CA14,0.031058,0.071446,0.019183,0.046421,0.001449,0.016211,0.000004,0.006072,0.000001,0.001023,households
CA15,0.032949,0.076231,0.020101,0.052719,0.006312,0.021270,0.000674,0.006598,0.000002,0.000570,households
CA16,0.026378,0.055783,0.010618,0.026579,0.000133,0.009343,0.000020,0.000175,0.000004,0.000080,households
CA17,0.048462,0.070537,0.022730,0.033950,0.000972,0.022754,0.000023,0.000611,0.000004,0.000092,households
CA18,0.011985,0.025247,0.005617,0.013256,0.000841,0.003505,0.000124,0.001108,0.000024,0.000507,households
CA19,0.006128,0.012910,0.002873,0.006779,0.000430,0.001792,0.000064,0.000566,0.000012,0.000259,households
CA20,0.020486,0.043637,0.003581,0.017164,0.000776,0.001339,0.000026,0.000833,0.000005,0.000706,households
CA21,0.009461,0.019932,0.004435,0.010465,0.000664,0.002767,0.000098,0.000875,0.000019,0.000400,households
CA22,0.016551,0.021443,0.003216,0.004426,0.000133,0.002881,0.000020,0.000176,0.000004,0.000080,households
CA23,0.014137,0.036039,0.002718,0.006414,0.000407,0.001696,0.000060,0.000536,0.000012,0.000245,households
CA24,0.009298,0.019588,0.004358,0.010285,0.000652,0.002720,0.000097,0.000859,0.000019,0.000393,households
CA25,0.016847,0.024609,0.008355,0.012754,0.000154,0.009631,0.000023,0.000203,0.000004,0.000093,households
CA26,0.008126,0.022396,0.003939,0.018429,0.002358,0.003240,0.000041,0.002447,0.000008,0.000168,households
CA27,0.007191,0.020501,0.003370,0.007954,0.000504,0.002103,0.000075,0.000665,0.000015,0.000304,households
CA28,0.053552,0.078249,0.024880,0.038425,0.011773,0.014581,0.002460,0.011862,0.000308,0.009227,households
CB1,0.056817,0.186339,0.021126,0.088658,0.000051,0.005086,0.000007,0.000510,0.000005,0.000035,households
CB2,0.025164,0.115182,0.014822,0.054065,0.003160,0.003417,0.000013,0.003233,0.000010,0.003130,households
CB3,0.032962,0.104803,0.000688,0.029347,0.000127,0.000466,0.000017,0.000222,0.000013,0.000086,households
CB4,0.014820,0.086511,0.003717,0.020990,0.000054,0.004211,0.000007,0.000095,0.000006,0.000037,households
CB5,0.040909,0.072389,0.005316,0.036536,0.000172,0.001362,0.000023,0.000302,0.000018,0.000117,households
CB6,0.025603,0.077554,0.005702,0.036421,0.000410,0.006620,0.000007,0.000569,0.000006,0.000512,households
CB7,0.030268,0.065613,0.014337,0.028324,0.000068,0.002952,0.000009,0.000120,0.000007,0.000046,households
CB8,0.070332,0.133842,0.030942,0.083913,0.010889,0.026802,0.002099,0.015489,0.001590,0.001871,households
CB9,0.075580,0.120580,0.046446,0.084539,0.015099,0.047639,0.001951,0.035437,0.001661,0.017383,households
CB10,0.019616,0.054243,0.009743,0.032584,0.002213,0.004734,0.000013,0.001224,0.000010,0.000064,households
CB11,0.009581,0.034453,0.003386,0.012989,0.000088,0.000324,0.000012,0.000155,0.000009,0.000060,households
CB21,0.012776,0.061975,0.003160,0.021796,0.000395,0.000688,0.000300,0.000477,0.000012,0.000075,households
CB22,0.007573,0.038608,0.001408,0.015797,0.000080,0.000914,0.000011,0.000672,0.000008,0.000586,households
CB23,0.028483,0.062358,0.007420,0.034321,0.000539,0.009534,0.000008,0.000720,0.000006,0.000038,households
CB24,0.036262,0.100025,0.012074,0.045553,0.001387,0.004896,0.000008,0.000107,0.000006,0.000041,households
CB25,0.005486,0.020392,0.003223,0.007989,0.000114,0.000418,0.000015,0.000200,0.000012,0.000077,households
CF3,0.000000,0.000000,0.000000,0.000000,0.000000,0.000000,0.000000,0.000000,0.000000,0.000000,households
CF5,0.000000,0.000000,0.000000,0.000000,0.000000,0.000000,0.000000,0.000000,0.000000,0.000000,households
CF10,0.000000,0.000000,0.000000,0.000000,0.000000,0.000000,0.000000,0.000000,0.000000,0.000000,households
CF11,0.000000,0.000000,0.000000,0.000000,0.000000,0.000000,0.000000,0.000000,0.000000,0.000000,households
CF14,0.000000,0.000000,0.000000,0.000000,0.000000,0.000000,0.000000,0.000000,0.000000,0.000000,households
CF15,0.000000,0.000000,0.000000,0.000000,0.000000,0.000000,0.000000,0.000000,0.000000,0.000000,households
CF23,0.000000,0.000000,0.000000,0.000000,0.000000,0.000000,0.000000,0.000000,0.000000,0.000000,households
CF24,0.000000,0.000000,0.000000,0.000000,0.000000,0.000000,0.000000,0.000000,0.000000,0.000000,households
CF31,0.000000,0.000000,0.000000,0.000000,0.000000,0.000000,0.000000,0.000000,0.000000,0.000000,households
CF32,0.000000,0.000000,0.000000,0.000000,0.000000,0.000000,0.000000,0.000000,0.000000,0.000000,households
CF33,0.000000,0.000000,0.000000,0.000000,0.000000,0.000000,0.000000,0.000000,0.000000,0.000000,households
CF34,0.000000,0.000000,0.000000,0.000000,0.000000,0.000000,0.000000,0.000000,0.000000,0.000000,households
CF35,0.000000,0.000000,0.000000,0.000000,0.000000,0.000000,0.000000,0.000000,0.000000,0.000000,households
CF36,0.000000,0.000000,0.000000,0.000000,0.000000,0.000000,0.000000,0.000000,0.000000,0.000000,households
CF37,0.000000,0.000000,0.000000,0.000000,0.000000,0.000000,0.000000,0.000000,0.000000,0.000000,households
CF38,0.000000,0.000000,0.000000,0.000000,0.000000,0.000000,0.000000,0.000000,0.000000,0.000000,households
CF39,0.000000,0.000000,0.000000,0.000000,0.000000,0.000000,0.000000,0.000000,0.000000,0.000000,households
CF40,0.000000,0.000000,0.000000,0.000000,0.000000,0.000000,0.000000,0.000000,0.000000,0.000000,households
CF41,0.000000,0.000000,0.000000,0.000000,0.000000,0.000000,0.000000,0.000000,0.000000,0.000000,households
CF42,0.000000,0.000000,0.000000,0.000000,0.000000,0.000000,0.000000,0.000000,0.000000,0.000000,households
CF43,0.000000,0.000000,0.000000,0.000000,0.000000,0.000000,0.000000,0.000000,0.000000,0.000000,households
CF44,0.000000,0.000000,0.000000,0.000000,0.000000,0.000000,0.000000,0.000000,0.000000,0.000000,households
CF45,0.000000,0.000000,0.000000,0.000000,0.000000,0.000000,0.000000,0.000000,0.000000,0.000000,households
CF46,0.000000,0.000000,0.000000,0.000000,0.000000,0.000000,0.000000,0.000000,0.000000,0.000000,households
CF47,0.000000,0.000000,0.000000,0.000000,0.000000,0.000000,0.000000,0.000000,0.000000,0.000000,households
CF48,0.000000,0.000000,0.000000,0.000000,0.000000,0.000000,0.000000,0.000000,0.000000,0.000000,households
CF61,0.000000,0.000000,0.000000,0.000000,0.000000,0.000000,0.000000,0.000000,0.000000,0.000000,households
CF62,0.000000,0.000000,0.000000,0.000000,0.000000,0.000000,0.000000,0.000000,0.000000,0.000000,households
CF63,0.000000,0.000000,0.000000,0.000000,0.000000,0.000000,0.000000,0.000000,0.000000,0.000000,households
CF64,0.000000,0.000000,0.000000,0.000000,0.000000,0.000000,0.000000,0.000000,0.000000,0.000000,households
CF71,0.000000,0.000000,0.000000,0.000000,0.000000,0.000000,0.000000,0.000000,0.000000,0.000000,households
CF72,0.000000,0.000000,0.000000,0.000000,0.000000,0.000000,0.000000,0.000000,0.000000,0.000000,households
CF81,0.000000,0.000000,0.000000,0.000000,0.000000,0.000000,0.000000,0.000000,0.000000,0.000000,households
CF82,0.000000,0.000000,0.000000,0.000000,0.000000,0.000000,0.000000,0.000000,0.000000,0.000000,households
CF83,0.000000,0.000000,0.000000,0.000000,0.000000,0.000000,0.000000,0.000000,0.000000,0.000000,households
CH1,0.011182,0.057983,0.001829,0.022860,0.001061,0.002754,0.000014,0.000062,0.000003,0.000029,households
CH2,0.023374,0.081248,0.011240,0.042735,0.002574,0.022490,0.002362,0.016049,0.001652,0.006881,households
CH3,0.018991,0.072529,0.008531,0.039699,0.001091,0.005378,0.000012,0.000802,0.000002,0.000025,households
CH4,0.009757,0.057758,0.007663,0.016550,0.000066,0.002771,0.000027,0.002595,0.000005,0.000057,households
CH5,0.000000,0.000000,0.000000,0.000000,0.000000,0.000000,0.000000,0.000000,0.000000,0.000000,households
CH6,0.000000,0.000000,0.000000,0.000000,0.000000,0.000000,0.000000,0.000000,0.000000,0.000000,households
CH7,0.000000,0.000000,0.000000,0.000000,0.000000,0.000000,0.000000,0.000000,0.000000,0.000000,households
CH8,0.000000,0.000000,0.000000,0.000000,0.000000,0.000000,0.000000,0.000000,0.000000,0.000000,households
CH41,0.031694,0.114112,0.015455,0.061142,0.005689,0.018440,0.005665,0.011169,0.000003,0.005684,households
CH42,0.015948,0.044892,0.008199,0.022960,0.000045,0.005014,0.000018,0.004024,0.000004,0.000039,households
CH43,0.024449,0.072291,0.013819,0.026979,0.003342,0.008708,0.000698,0.000746,0.000003,0.000714,households
CH44,0.015271,0.056762,0.006886,0.029493,0.001164,0.007819,0.001140,0.001197,0.000303,0.000335,households
CH45,0.025184,0.079469,0.006303,0.036718,0.000042,0.002659,0.000017,0.000076,0.000003,0.000036,households
CH46,0.007537,0.048960,0.003502,0.024156,0.000053,0.003797,0.000022,0.000096,0.000004,0.000046,households
CH47,0.004374,0.030395,0.000493,0.008853,0.000090,0.000404,0.000037,0.000164,0.000007,0.000078,households
CH48,0.019543,0.070277,0.003225,0.027783,0.000062,0.003163,0.000025,0.000113,0.000005,0.000054,households
CH49,0.015437,0.063706,0.007343,0.027073,0.000047,0.001095,0.000019,0.000085,0.000004,0.000040,households
CH60,0.030583,0.096651,0.010771,0.030249,0.000067,0.010044,0.000028,0.000948,0.000005,0.000058,households
CH61,0.014888,0.061674,0.002915,0.025850,0.000074,0.000330,0.000030,0.000134,0.000006,0.000063,households
CH62,0.026418,0.069803,0.012153,0.040899,0.006155,0.013426,0.001399,0.009682,0.000003,0.007387,households
CH63,0.017993,0.051649,0.009466,0.024107,0.001594,0.005850,0.001105,0.002325,0.000003,0.000500,households
CH64,0.022567,0.059774,0.014412,0.032947,0.006397,0.007570,0.000020,0.002650,0.000004,0.002604,households
CH65,0.022268,0.064034,0.008935,0.031128,0.000992,0.005379,0.000016,0.001024,0.000003,0.000986,households
CH66,0.039512,0.096644,0.013563,0.048754,0.000032,0.007963,0.000013,0.000058,0.000003,0.000027,households
CM0,0.014763,0.040409,0.004292,0.015900,0.000116,0.005536,0.000047,0.005333,0.000028,0.005266,households
CM1,0.018215,0.046595,0.008799,0.022411,0.004110,0.004743,0.000018,0.000053,0.000011,0.000027,households
CM2,0.025326,0.063906,0.006142,0.029336,0.000051,0.003246,0.000021,0.000060,0.000012,0.000030,households
CM3,0.023322,0.059086,0.005791,0.030193,0.000171,0.006126,0.000017,0.000567,0.000010,0.000414,households
CM4,0.041682,0.078228,0.027286,0.053945,0.007613,0.026455,0.000700,0.008705,0.000036,0.000088,households
CM5,0.013614,0.052780,0.004837,0.018151,0.000749,0.001029,0.000059,0.000774,0.000035,0.000086,households
CM6,0.019066,0.040884,0.007693,0.015091,0.000066,0.004972,0.000027,0.003208,0.000016,0.000040,households
CM7,0.008098,0.020618,0.000905,0.007651,0.000050,0.000702,0.000020,0.000290,0.000012,0.000030,households
CM8,0.015399,0.036579,0.004609,0.015949,0.000074,0.003667,0.000030,0.000152,0.000018,0.000109,households
CM9,0.011634,0.077071,0.004909,0.016478,0.000063,0.000186,0.000026,0.000074,0.000015,0.000038,households
CM11,0.027987,0.132770,0.011626,0.070112,0.002450,0.017987,0.000057,0.008504,0.000034,0.004830,households
CM12,0.066602,0.148422,0.023819,0.087175,0.002887,0.015380,0.000053,0.002910,0.000032,0.000078,households
CM13,0.096171,0.162025,0.058750,0.101027,0.025595,0.048205,0.013161,0.033056,0.005607,0.015877,households
CM14,0.038908,0.068457,0.020117,0.045021,0.005378,0.007414,0.000045,0.000130,0.000027,0.000066,households
CM15,0.031497,0.062356,0.009157,0.039729,0.000109,0.004918,0.000044,0.000128,0.000027,0.000065,households
CM16,0.071609,0.100514,0.032631,0.055594,0.009204,0.020168,0.005130,0.009222,0.001982,0.006030,households
CM17,0.048464,0.133065,0.033827,0.079182,0.013134,0.039394,0.007063,0.014909,0.006490,0.007086,households
CM18,0.027859,0.119284,0.011220,0.050651,0.006359,0.011577,0.006272,0.006385,0.006248,0.006300,households
CM19,0.056930,0.128119,0.040162,0.071419,0.013623,0.020949,0.005722,0.010258,0.001849,0.003603,households
CM20,0.036555,0.117213,0.017681,0.045767,0.000117,0.009485,0.000047,0.007085,0.000028,0.004732,households
CM21,0.064916,0.122803,0.026993,0.102067,0.000201,0.021927,0.000082,0.006003,0.000049,0.000120,households
CM22,0.013060,0.046438,0.005099,0.010695,0.000115,0.001260,0.000047,0.000135,0.000028,0.000069,households
CM23,0.028865,0.075474,0.017966,0.036211,0.000556,0.005055,0.000023,0.001511,0.000014,0.001478,households
CM24,0.036529,0.069736,0.000975,0.034610,0.000231,0.000677,0.000094,0.000271,0.000056,0.000137,households
CM77,0.016679,0.038920,0.010538,0.012155,0.000138,0.005071,0.000056,0.000162,0.000034,0.000082,households
CO1,0.027987,0.061904,0.010779,0.047493,0.000018,0.007190,0.000003,0.000033,0.000003,0.000014,households
CO2,0.004730,0.028137,0.003225,0.014125,0.001214,0.003135,0.000002,0.000621,0.000002,0.000128,households
CO3,0.006875,0.040313,0.002533,0.023440,0.000011,0.001072,0.000002,0.000021,0.000002,0.000009,households
CO4,0.003598,0.030015,0.003453,0.013222,0.000008,0.002585,0.000001,0.001610,0.000001,0.000616,households
CO5,0.017565,0.037286,0.007933,0.016689,0.000471,0.001986,0.000002,0.000018,0.000002,0.000008,households
CO6,0.010550,0.036552,0.001547,0.008883,0.000010,0.000223,0.000002,0.000017,0.000002,0.000007,households
CO7,0.004478,0.022482,0.003635,0.006579,0.000007,0.002836,0.000001,0.000013,0.000001,0.000006,households
CO8,0.001810,0.005712,0.000621,0.002636,0.000068,0.000429,0.000011,0.000122,0.000011,0.000051,households
CO9,0.004988,0.020290,0.002161,0.004953,0.000011,0.000067,0.000002,0.000019,0.000002,0.000008,households
CO10,0.036037,0.070268,0.008847,0.032972,0.001818,0.005428,0.000178,0.002485,0.000178,0.001374,households
CO11,0.005811,0.036738,0.000155,0.016580,0.000017,0.000107,0.000003,0.000030,0.000003,0.000013,households
CO12,0.010119,0.070939,0.002941,0.029538,0.000015,0.008966,0.000003,0.000028,0.000003,0.000011,households
CO13,0.026704,0.055978,0.009012,0.026973,0.002539,0.004702,0.000004,0.002714,0.000004,0.002062,households
CO14,0.017861,0.056901,0.004032,0.036492,0.000038,0.008929,0.000006,0.001912,0.000006,0.000028,households
CO15,0.015535,0.040602,0.004996,0.021428,0.000560,0.003363,0.000554,0.002224,0.000554,0.000558,households
CO16,0.006659,0.035631,0.001444,0.007888,0.000012,0.000075,0.000002,0.000021,0.000002,0.000009,households
CR0,0.075580,0.155388,0.048821,0.109145,0.018698,0.055142,0.006913,0.032381,0.000802,0.014980,households
CR2,0.092976,0.130674,0.059688,0.108266,0.034768,0.086129,0.017264,0.053350,0.001705,0.034186,households
CR3,0.037415,0.082293,0.016026,0.057390,0.001017,0.013272,0.000209,0.002759,0.000062,0.000957,households
CR4,0.073877,0.218839,0.024082,0.127257,0.001379,0.015137,0.000177,0.000636,0.000053,0.000352,households
CR5,0.052804,0.101087,0.036176,0.072132,0.015750,0.046550,0.006320,0.018372,0.005038,0.014322,households
CR6,0.018396,0.032796,0.009914,0.016150,0.001347,0.003678,0.000592,0.002121,0.000176,0.001176,households
CR7,0.061015,0.125447,0.035723,0.078053,0.001055,0.013188,0.000722,0.001397,0.000538,0.000980,households
CR8,0.142920,0.202360,0.110951,0.163491,0.067726,0.129757,0.034561,0.101815,0.018614,0.060872,households
CT1,0.032049,0.116332,0.013280,0.063419,0.000719,0.013922,0.000665,0.000827,0.000182,0.000750,households
CT2,0.037086,0.068448,0.017510,0.045215,0.004255,0.011296,0.000994,0.006888,0.000029,0.005415,households
CT3,0.019555,0.052195,0.010041,0.028092,0.002834,0.008069,0.002777,0.004497,0.002764,0.002867,households
CT4,0.029802,0.043022,0.017963,0.028135,0.003835,0.015957,0.001701,0.004779,0.000026,0.003175,households
CT5,0.037630,0.117782,0.013567,0.061206,0.000409,0.008228,0.000362,0.000503,0.000022,0.000106,households
CT6,0.058914,0.111149,0.043193,0.079149,0.014191,0.044091,0.002429,0.025272,0.000746,0.014886,households
CT7,0.018794,0.077419,0.012858,0.055666,0.000181,0.020488,0.000074,0.011291,0.000051,0.006516,households
CT8,0.050281,0.099890,0.045263,0.092135,0.012282,0.058502,0.004458,0.051829,0.004415,0.031717,households
CT9,0.041728,0.109081,0.028885,0.082319,0.000066,0.023416,0.000027,0.013873,0.000018,0.004925,households
CT10,0.026154,0.065203,0.016902,0.047669,0.003618,0.014983,0.003468,0.006204,0.002664,0.005235,households
CT11,0.033894,0.078732,0.024992,0.050999,0.003163,0.017999,0.002609,0.004486,0.001811,0.002694,households
CT12,0.012682,0.050494,0.006515,0.032236,0.002919,0.018434,0.002843,0.012171,0.000036,0.004904,households
CT13,0.010364,0.031999,0.001546,0.007329,0.000196,0.001162,0.000080,0.000430,0.000055,0.000264,households
CT14,0.037714,0.107680,0.020515,0.069064,0.002420,0.025901,0.000208,0.016020,0.000199,0.013127,households
CT15,0.017269,0.025257,0.014061,0.017092,0.007641,0.009573,0.007016,0.007426,0.007000,0.007318,households
CT16,0.030683,0.077751,0.018134,0.047186,0.001280,0.009413,0.000050,0.000266,0.000034,0.000163,households
CT17,0.044605,0.090014,0.033840,0.046868,0.011301,0.021162,0.008071,0.008532,0.008052,0.008409,households
CT18,0.005052,0.038612,0.002440,0.015305,0.000940,0.006966,0.000842,0.001293,0.000511,0.000997,households
CT19,0.037094,0.083463,0.013809,0.054517,0.003597,0.009833,0.000049,0.001091,0.000033,0.000989,households
CT20,0.055248,0.175951,0.036710,0.123832,0.005120,0.017524,0.000043,0.004639,0.000029,0.000140,households
CT21,0.026190,0.056589,0.008616,0.039324,0.001644,0.005714,0.000048,0.000256,0.000033,0.000157,households
CV1,0.037904,0.113325,0.015743,0.058862,0.010027,0.016325,0.000022,0.010055,0.000006,0.000039,households
CV2,0.016875,0.048418,0.007897,0.028237,0.000033,0.000997,0.000013,0.000049,0.000003,0.000023,households
CV3,0.027052,0.062010,0.013749,0.040166,0.002814,0.010356,0.001056,0.003872,0.000734,0.002804,households
CV4,0.017302,0.054908,0.009564,0.023290,0.000060,0.000185,0.000024,0.000089,0.000006,0.000042,households
CV5,0.013720,0.031794,0.006117,0.014538,0.000044,0.002041,0.000018,0.000066,0.000005,0.000031,households
CV6,0.023354,0.065629,0.011646,0.037135,0.003122,0.011737,0.001377,0.009854,0.000003,0.003782,households
CV7,0.012044,0.037329,0.001994,0.012216,0.000050,0.001851,0.000020,0.000075,0.000005,0.000035,households
CV8,0.021356,0.050209,0.006558,0.018049,0.000122,0.000230,0.000020,0.000077,0.000005,0.000036,households
CV9,0.018095,0.064038,0.001647,0.017304,0.000060,0.000185,0.000024,0.000089,0.000006,0.000041,households
CV10,0.015971,0.044592,0.008690,0.017437,0.003748,0.005621,0.002308,0.004684,0.000004,0.003111,households
CV11,0.037485,0.081568,0.005357,0.043068,0.000044,0.002488,0.000017,0.000513,0.000005,0.000030,households
CV12,0.015878,0.050083,0.008286,0.025417,0.000060,0.001238,0.000024,0.000089,0.000006,0.000042,households
CV13,0.012501,0.028290,0.006978,0.022396,0.000105,0.000324,0.000042,0.000156,0.000011,0.000073,households
CV21,0.054985,0.085408,0.022379,0.050476,0.003031,0.006454,0.003005,0.004087,0.002993,0.003018,households
CV22,0.005509,0.027354,0.001503,0.007685,0.000048,0.000148,0.000019,0.000071,0.000005,0.000033,households
CV23,0.043117,0.056724,0.039661,0.041615,0.010170,0.017719,0.006737,0.011940,0.000373,0.001688,households
CV31,0.036381,0.095476,0.014032,0.055764,0.000467,0.019643,0.000020,0.007426,0.000005,0.007386,households
CV32,0.044750,0.090117,0.023823,0.051748,0.007025,0.015374,0.000018,0.001275,0.000005,0.000031,households
CV33,0.010150,0.025451,0.006087,0.008909,0.000113,0.000348,0.000045,0.000168,0.000012,0.000078,households
CV34,0.029830,0.083473,0.014506,0.040093,0.000488,0.004968,0.000017,0.001654,0.000004,0.000030,households
CV35,0.016566,0.044499,0.010729,0.022333,0.000041,0.002088,0.000016,0.001340,0.000004,0.001307,households
CV36,0.079493,0.096350,0.035493,0.076220,0.004686,0.014066,0.000037,0.000140,0.000010,0.000065,households
CV37,0.039910,0.095220,0.015720,0.055030,0.001820,0.006094,0.001804,0.001833,0.000003,0.001812,households
CV47,0.038601,0.067351,0.018414,0.033174,0.000513,0.002223,0.000025,0.000995,0.000006,0.000043,households
CW1,0.037164,0.114877,0.014356,0.056608,0.000576,0.010288,0.000569,0.002888,0.000566,0.000568,households
CW2,0.016566,0.046672,0.004880,0.024368,0.000012,0.000076,0.000004,0.000014,0.000002,0.000003,households
CW3,0.001245,0.019839,0.000414,0.009751,0.000036,0.004398,0.000013,0.000041,0.000004,0.000009,households
CW4,0.015778,0.028157,0.014930,0.023735,0.004532,0.004719,0.004509,0.004537,0.000005,0.000009,households
CW5,0.031916,0.089756,0.010391,0.047827,0.001967,0.008029,0.000005,0.000015,0.000002,0.000003,households
CW6,0.016893,0.036321,0.006300,0.014590,0.000023,0.000141,0.000008,0.000026,0.000003,0.000006,households
CW7,0.030523,0.068087,0.008387,0.038985,0.000015,0.002604,0.000005,0.000832,0.000002,0.000818,households
CW8,0.015614,0.046224,0.002556,0.024086,0.001082,0.001141,0.000004,0.001084,0.000001,0.000003,households
CW9,0.018143,0.069822,0.002896,0.035153,0.000013,0.002187,0.000005,0.000015,0.000002,0.000003,households
CW10,0.020264,0.065589,0.014406,0.041707,0.000028,0.001579,0.000010,0.000032,0.000003,0.000007,households
CW11,0.007482,0.023427,0.000267,0.009537,0.000016,0.000098,0.000006,0.000018,0.000002,0.000004,households
CW12,0.031106,0.079340,0.011556,0.035532,0.001002,0.008652,0.000070,0.000080,0.000068,0.000069,households
DA1,0.029025,0.057132,0.015201,0.031580,0.000053,0.003144,0.000029,0.001199,0.000006,0.000047,households
DA2,0.019340,0.054912,0.006730,0.032169,0.000225,0.008217,0.000066,0.004616,0.000013,0.001961,households
DA3,0.004489,0.043989,0.000947,0.012874,0.000177,0.000713,0.000095,0.000271,0.000020,0.000155,households
DA4,0.047577,0.063412,0.020778,0.050592,0.005345,0.020458,0.000131,0.005473,0.000027,0.000212,households
DA5,0.028812,0.079485,0.008897,0.038525,0.000142,0.010543,0.000077,0.002509,0.000016,0.000124,households
DA6,0.046163,0.076499,0.024730,0.036751,0.005426,0.015288,0.000133,0.000377,0.000027,0.000216,households
DA7,0.035169,0.073047,0.009771,0.035470,0.005138,0.007088,0.000052,0.005189,0.000011,0.005126,households
DA8,0.042240,0.134794,0.027446,0.084935,0.006436,0.025407,0.005096,0.011735,0.000011,0.008263,households
DA9,0.031263,0.060988,0.010490,0.036121,0.000181,0.007721,0.000097,0.004145,0.000020,0.004027,households
DA10,0.011709,0.038127,0.004219,0.016922,0.000214,0.000859,0.000115,0.000326,0.000024,0.000187,households
DA11,0.063576,0.111302,0.036304,0.082602,0.006564,0.034568,0.001738,0.010121,0.000008,0.003704,households
DA12,0.036127,0.071384,0.011631,0.040158,0.002260,0.008431,0.001158,0.002296,0.000007,0.001181,households
DA13,0.028825,0.037117,0.024186,0.033739,0.017700,0.023974,0.017626,0.017784,0.000018,0.013874,households
DA14,0.019104,0.068619,0.004328,0.034450,0.000123,0.001751,0.000066,0.001444,0.000014,0.001363,households
DA15,0.046944,0.093189,0.013805,0.051864,0.000128,0.003692,0.000069,0.000196,0.000014,0.000112,households
DA16,0.058848,0.127157,0.030698,0.078297,0.007707,0.018216,0.005775,0.008881,0.004473,0.006439,households
DA17,0.049290,0.164683,0.025317,0.098078,0.000178,0.032870,0.000096,0.006552,0.000020,0.000155,households
DA18,0.008841,0.036379,0.004073,0.011757,0.000762,0.003065,0.000410,0.001164,0.000084,0.000666,households
DD1,0.000000,0.000000,0.000000,0.000000,0.000000,0.000000,0.000000,0.000000,0.000000,0.000000,households
DD2,0.000000,0.000000,0.000000,0.000000,0.000000,0.000000,0.000000,0.000000,0.000000,0.000000,households
DD3,0.000000,0.000000,0.000000,0.000000,0.000000,0.000000,0.000000,0.000000,0.000000,0.000000,households
DD4,0.000000,0.000000,0.000000,0.000000,0.000000,0.000000,0.000000,0.000000,0.000000,0.000000,households
DD5,0.000000,0.000000,0.000000,0.000000,0.000000,0.000000,0.000000,0.000000,0.000000,0.000000,households
DD6,0.000000,0.000000,0.000000,0.000000,0.000000,0.000000,0.000000,0.000000,0.000000,0.000000,households
DD7,0.000000,0.000000,0.000000,0.000000,0.000000,0.000000,0.000000,0.000000,0.000000,0.000000,households
DD8,0.000000,0.000000,0.000000,0.000000,0.000000,0.000000,0.000000,0.000000,0.000000,0.000000,households
DD9,0.000000,0.000000,0.000000,0.000000,0.000000,0.000000,0.000000,0.000000,0.000000,0.000000,households
DD10,0.000000,0.000000,0.000000,0.000000,0.000000,0.000000,0.000000,0.000000,0.000000,0.000000,households
DD11,0.000000,0.000000,0.000000,0.000000,0.000000,0.000000,0.000000,0.000000,0.000000,0.000000,households
DE1,0.087730,0.216999,0.046748,0.172553,0.012618,0.068797,0.000766,0.040196,0.000005,0.026437,households
DE3,0.011127,0.057771,0.003102,0.035348,0.000063,0.003014,0.000015,0.000133,0.000006,0.000057,households
DE4,0.014630,0.034921,0.007435,0.018728,0.000652,0.000801,0.000007,0.000062,0.000003,0.000026,households
DE5,0.011979,0.040322,0.006597,0.012321,0.000058,0.002723,0.000014,0.000122,0.000006,0.000052,households
DE6,0.006921,0.032837,0.002143,0.009757,0.000292,0.001328,0.000263,0.000333,0.000258,0.000288,households
DE7,0.025017,0.046550,0.010555,0.018456,0.000460,0.001071,0.000006,0.000489,0.000003,0.000024,households
DE11,0.018081,0.054347,0.008477,0.024169,0.000223,0.005374,0.000007,0.000254,0.000003,0.000025,households
DE12,0.012305,0.026806,0.007113,0.013043,0.000052,0.005206,0.000012,0.005002,0.000005,0.000046,households
DE13,0.053902,0.105704,0.033253,0.069240,0.004145,0.025194,0.000007,0.008507,0.000003,0.000134,households
DE14,0.037946,0.178797,0.019209,0.113925,0.000041,0.016105,0.000010,0.000086,0.000004,0.000037,households
DE15,0.019313,0.058136,0.004027,0.021971,0.000416,0.004767,0.000013,0.003014,0.000005,0.002949,households
DE21,0.028125,0.103159,0.017309,0.060596,0.005280,0.018519,0.002493,0.009277,0.000042,0.004515,households
DE22,0.010368,0.060826,0.003706,0.030930,0.000949,0.002239,0.000007,0.000979,0.000003,0.000025,households
DE23,0.029006,0.130371,0.017175,0.082084,0.001420,0.021792,0.000746,0.002494,0.000742,0.000764,households
DE24,0.030533,0.138552,0.012135,0.069349,0.000631,0.005803,0.000006,0.003201,0.000002,0.000022,households
DE45,0.021295,0.046335,0.006408,0.023936,0.000093,0.001805,0.000022,0.000195,0.000009,0.000083,households
DE55,0.013282,0.027732,0.004446,0.014778,0.000189,0.004575,0.000170,0.001404,0.000002,0.001210,households
DE56,0.010438,0.031325,0.004656,0.016261,0.002824,0.003493,0.000008,0.000571,0.000003,0.000532,households
DE65,0.003964,0.028038,0.001830,0.009208,0.000053,0.000323,0.000013,0.000112,0.000005,0.000048,households
DE72,0.011580,0.031723,0.001949,0.017938,0.000064,0.000704,0.000016,0.000135,0.000006,0.000058,households
DE73,0.028706,0.077879,0.010402,0.039043,0.001721,0.006216,0.001679,0.001780,0.001671,0.001715,households
DE74,0.014155,0.046841,0.002494,0.024684,0.000085,0.000513,0.000020,0.000178,0.000008,0.000076,households
DE75,0.020677,0.044677,0.017621,0.023100,0.002251,0.009408,0.001389,0.002345,0.001376,0.001444,households
DG1,0.000000,0.000000,0.000000,0.000000,0.000000,0.000000,0.000000,0.000000,0.000000,0.000000,households
DG2,0.000000,0.000000,0.000000,0.000000,0.000000,0.000000,0.000000,0.000000,0.000000,0.000000,households
DG3,0.000000,0.000000,0.000000,0.000000,0.000000,0.000000,0.000000,0.000000,0.000000,0.000000,households
DG4,0.000000,0.000000,0.000000,0.000000,0.000000,0.000000,0.000000,0.000000,0.000000,0.000000,households
DG5,0.000000,0.000000,0.000000,0.000000,0.000000,0.000000,0.000000,0.000000,0.000000,0.000000,households
DG6,0.000000,0.000000,0.000000,0.000000,0.000000,0.000000,0.000000,0.000000,0.000000,0.000000,households
DG7,0.000000,0.000000,0.000000,0.000000,0.000000,0.000000,0.000000,0.000000,0.000000,0.000000,households
DG8,0.000000,0.000000,0.000000,0.000000,0.000000,0.000000,0.000000,0.000000,0.000000,0.000000,households
DG9,0.000000,0.000000,0.000000,0.000000,0.000000,0.000000,0.000000,0.000000,0.000000,0.000000,households
DG10,0.000000,0.000000,0.000000,0.000000,0.000000,0.000000,0.000000,0.000000,0.000000,0.000000,households
DG11,0.000000,0.000000,0.000000,0.000000,0.000000,0.000000,0.000000,0.000000,0.000000,0.000000,households
DG12,0.000000,0.000000,0.000000,0.000000,0.000000,0.000000,0.000000,0.000000,0.000000,0.000000,households
DG13,0.000000,0.000000,0.000000,0.000000,0.000000,0.000000,0.000000,0.000000,0.000000,0.000000,households
DG14,0.000000,0.000000,0.000000,0.000000,0.000000,0.000000,0.000000,0.000000,0.000000,0.000000,households
DG16,0.000000,0.000000,0.000000,0.000000,0.000000,0.000000,0.000000,0.000000,0.000000,0.000000,households
DH1,0.024356,0.062029,0.014407,0.033653,0.004769,0.012955,0.003660,0.006143,0.000941,0.002409,households
DH2,0.019172,0.072352,0.006519,0.033251,0.000037,0.000204,0.000015,0.000067,0.000004,0.000017,households
DH3,0.036463,0.088893,0.022934,0.048419,0.005161,0.013731,0.000014,0.007352,0.000003,0.000016,households
DH4,0.038757,0.076706,0.019137,0.047695,0.001558,0.011880,0.000011,0.001580,0.000003,0.000012,households
DH5,0.043986,0.082868,0.025193,0.050985,0.000249,0.012272,0.000221,0.003921,0.000004,0.000021,households
DH6,0.027980,0.049513,0.005679,0.032749,0.000087,0.009228,0.000071,0.001388,0.000002,0.000072,households
DH7,0.026180,0.047379,0.010153,0.021095,0.000021,0.004615,0.000008,0.001838,0.000002,0.001808,households
DH8,0.019677,0.048143,0.008108,0.018209,0.000184,0.001585,0.000008,0.000637,0.000002,0.000009,households
DH9,0.026579,0.039283,0.014275,0.019043,0.000365,0.003780,0.000123,0.000326,0.000002,0.000124,households
DL1,0.047581,0.132617,0.020157,0.074518,0.003461,0.017921,0.001902,0.006033,0.000001,0.002129,households
DL2,0.016639,0.041833,0.001835,0.013068,0.000641,0.001738,0.000007,0.000036,0.000001,0.000009,households
DL3,0.033695,0.080499,0.016044,0.045883,0.000031,0.010007,0.000006,0.000027,0.000001,0.000006,households
DL4,0.032246,0.062468,0.011342,0.027938,0.000110,0.000672,0.000020,0.000096,0.000004,0.000023,households
DL5,0.022662,0.077185,0.004521,0.037128,0.001675,0.004194,0.000008,0.001669,0.000002,0.000009,households
DL6,0.028469,0.077322,0.017002,0.040306,0.000051,0.014307,0.000009,0.000045,0.000002,0.000011,households
DL7,0.028038,0.058805,0.003301,0.027505,0.000757,0.001626,0.000009,0.000042,0.000002,0.000010,households
DL8,0.038190,0.066223,0.020007,0.042352,0.001718,0.019824,0.000005,0.001602,0.000001,0.000006,households
DL9,0.007842,0.062344,0.003793,0.025871,0.000085,0.000370,0.000015,0.000075,0.000003,0.000018,households
DL10,0.016475,0.060504,0.003150,0.017346,0.000520,0.001017,0.000127,0.000156,0.000121,0.000128,households
DL11,0.019743,0.049661,0.004707,0.015805,0.001337,0.002426,0.000013,0.002170,0.000003,0.000015,households
DL12,0.002997,0.013116,0.000661,0.001642,0.000048,0.000207,0.000009,0.000042,0.000002,0.000010,households
DL13,0.032010,0.051009,0.017800,0.024440,0.000652,0.001079,0.000006,0.000031,0.000001,0.000007,households
DL14,0.018188,0.044459,0.008255,0.020738,0.000597,0.001717,0.000005,0.000026,0.000001,0.000006,households
DL15,0.042497,0.061855,0.015963,0.032343,0.000048,0.001326,0.000009,0.000042,0.000002,0.000010,households
DL16,0.030177,0.058953,0.016596,0.033201,0.013177,0.017491,0.000854,0.007172,0.000845,0.001137,households
DL17,0.021291,0.038218,0.007880,0.019412,0.000397,0.005838,0.000011,0.000055,0.000002,0.000013,households
DN1,0.055232,0.163889,0.021137,0.094129,0.000014,0.012975,0.000000,0.000214,0.000000,0.000004,households
DN2,0.015790,0.086816,0.003014,0.036865,0.000009,0.002914,0.000000,0.000016,0.000000,0.000003,households
DN3,0.012931,0.049162,0.004391,0.025057,0.000007,0.001771,0.000000,0.001684,0.000000,0.001673,households
DN4,0.020762,0.067568,0.006707,0.036925,0.000004,0.004898,0.000000,0.000007,0.000000,0.000001,households
DN5,0.018979,0.089366,0.007897,0.036283,0.000508,0.005213,0.000000,0.000512,0.000000,0.000002,households
DN6,0.012236,0.038010,0.004438,0.017357,0.000006,0.006440,0.000000,0.001562,0.000000,0.000002,households
DN7,0.010650,0.056961,0.007357,0.022217,0.000008,0.000112,0.000000,0.000014,0.000000,0.000002,households
DN8,0.038216,0.106695,0.005620,0.040951,0.000011,0.005017,0.000000,0.000019,0.000000,0.000003,households
DN9,0.005898,0.033978,0.000191,0.018718,0.000008,0.000107,0.000000,0.000014,0.000000,0.000002,households
DN10,0.052528,0.078846,0.018431,0.038475,0.005160,0.010088,0.000000,0.005167,0.000000,0.000003,households
DN11,0.003956,0.033486,0.001509,0.016081,0.000006,0.002793,0.000000,0.001815,0.000000,0.000002,households
DN12,0.009715,0.033822,0.002468,0.006067,0.000189,0.000930,0.000181,0.000196,0.000000,0.000183,households
DN14,0.006065,0.040796,0.000080,0.011825,0.000003,0.000045,0.000000,0.000006,0.000000,0.000001,households
DN15,0.024636,0.063864,0.004287,0.020005,0.000006,0.000396,0.000000,0.000010,0.000000,0.000002,households
DN16,0.038590,0.071125,0.004271,0.032935,0.000007,0.000099,0.000000,0.000013,0.000000,0.000002,households
DN17,0.011208,0.038468,0.000628,0.009825,0.000006,0.000076,0.000000,0.000010,0.000000,0.000002,households
DN18,0.005052,0.033118,0.004117,0.018389,0.000014,0.000196,0.000000,0.000025,0.000000,0.000004,households
DN19,0.026060,0.047855,0.020964,0.032601,0.000022,0.004652,0.000000,0.000038,0.000000,0.000006,households
DN20,0.013944,0.033800,0.000197,0.014259,0.000008,0.000110,0.000000,0.000014,0.000000,0.000002,households
DN21,0.048142,0.101344,0.019347,0.056215,0.000289,0.009338,0.000000,0.000292,0.000000,0.000001,households
DN22,0.025262,0.067851,0.009395,0.030648,0.001502,0.007790,0.000000,0.001086,0.000000,0.000001,households
DN31,0.053843,0.158876,0.009624,0.089898,0.000013,0.000176,0.000000,0.000022,0.000000,0.000003,households
DN32,0.047930,0.229116,0.012895,0.111793,0.000008,0.005876,0.000000,0.000015,0.000000,0.000002,households
DN33,0.017807,0.071455,0.000794,0.029294,0.000010,0.001366,0.000000,0.000017,0.000000,0.000003,households
DN34,0.051260,0.126754,0.017517,0.077336,0.001146,0.015581,0.000000,0.000020,0.000000,0.000003,households
DN35,0.058061,0.139715,0.011086,0.068922,0.000007,0.003840,0.000000,0.000012,0.000000,0.000002,households
DN36,0.033134,0.079717,0.011358,0.027225,0.000008,0.000862,0.000000,0.000014,0.000000,0.000002,households
DN37,0.021965,0.088873,0.003424,0.044361,0.001154,0.010630,0.000000,0.002826,0.000000,0.000002,households
DN38,0.003988,0.030306,0.001086,0.022351,0.000045,0.000610,0.000001,0.000078,0.000000,0.000012,households
DN39,0.005734,0.030465,0.001004,0.014843,0.000041,0.000564,0.000001,0.000072,0.000000,0.000011,households
DN40,0.017266,0.048864,0.004385,0.029297,0.000012,0.000166,0.000000,0.000021,0.000000,0.000003,households
DN41,0.029073,0.041861,0.006410,0.022695,0.000021,0.000290,0.000000,0.000037,0.000000,0.000006,households
DT1,0.032098,0.060995,0.014673,0.042341,0.005204,0.013409,0.000004,0.008988,0.000001,0.006795,households
DT2,0.015174,0.031978,0.006109,0.014966,0.003311,0.003713,0.000262,0.003365,0.000000,0.003073,households
DT3,0.055746,0.086920,0.017826,0.048204,0.001264,0.011268,0.000615,0.007372,0.000001,0.000077,households
DT4,0.053315,0.115696,0.031107,0.082049,0.002403,0.024143,0.000003,0.012518,0.000000,0.009486,households
DT5,0.033785,0.064561,0.022919,0.033130,0.000094,0.014022,0.000009,0.000286,0.000001,0.000170,households
DT6,0.014391,0.045686,0.008961,0.023709,0.000218,0.008514,0.000190,0.000281,0.000000,0.000056,households
DT7,0.004673,0.026313,0.001595,0.014428,0.000101,0.001001,0.000009,0.000307,0.000001,0.000182,households
DT8,0.019669,0.048411,0.004300,0.012865,0.000768,0.001425,0.000658,0.001016,0.000648,0.000866,households
DT9,0.010656,0.032036,0.003807,0.015708,0.000034,0.000704,0.000003,0.000103,0.000000,0.000061,households
DT10,0.012227,0.034481,0.006534,0.008334,0.000063,0.003746,0.000006,0.003534,0.000001,0.000114,households
DT11,0.009905,0.032854,0.004672,0.021929,0.000028,0.003674,0.000003,0.000474,0.000000,0.000051,households
DY1,0.037755,0.102192,0.011235,0.055351,0.000057,0.008834,0.000019,0.001991,0.000008,0.001927,households
DY2,0.035564,0.089986,0.010886,0.045971,0.001983,0.015831,0.000019,0.010806,0.000008,0.006959,households
DY3,0.021860,0.052549,0.011650,0.023282,0.000053,0.002692,0.000018,0.000132,0.000008,0.000074,households
DY4,0.055264,0.119351,0.022535,0.076548,0.004631,0.033213,0.001787,0.018823,0.000007,0.006630,households
DY5,0.015504,0.040162,0.003086,0.021385,0.000046,0.002166,0.000016,0.000117,0.000007,0.000065,households
DY6,0.031108,0.060618,0.007685,0.034166,0.001866,0.010036,0.000020,0.001954,0.000009,0.000082,households
DY7,0.017427,0.054840,0.016452,0.028551,0.009678,0.010156,0.000040,0.000303,0.000018,0.000169,households
DY8,0.027160,0.059622,0.020615,0.037151,0.007236,0.020481,0.004263,0.013451,0.002521,0.009810,households
DY9,0.022434,0.052877,0.007865,0.018718,0.000051,0.003190,0.000017,0.000278,0.000007,0.000071,households
DY10,0.017926,0.052213,0.007753,0.030627,0.001369,0.006663,0.000015,0.004568,0.000006,0.002350,households
DY11,0.023667,0.052102,0.007675,0.025822,0.002128,0.004769,0.000019,0.002559,0.000008,0.002496,households
DY12,0.016476,0.055560,0.006442,0.048613,0.000074,0.009129,0.000025,0.000522,0.000011,0.000103,households
DY13,0.040936,0.086493,0.004160,0.035745,0.000062,0.000685,0.000021,0.000531,0.000009,0.000087,households
DY14,0.002495,0.019765,0.000618,0.002770,0.000332,0.001921,0.000023,0.000438,0.000010,0.000360,households
E1,0.068153,0.239747,0.046485,0.176051,0.008203,0.065279,0.000033,0.025659,0.000012,0.004312,households
E1W,0.094504,0.217952,0.031373,0.174555,0.008572,0.039256,0.002378,0.028480,0.000051,0.017801,households
E2,0.086115,0.255368,0.032021,0.112386,0.008187,0.028840,0.003839,0.010761,0.000019,0.001834,households
E3,0.047926,0.175987,0.017620,0.104173,0.003601,0.041497,0.000042,0.011402,0.000016,0.002996,households
E4,0.075512,0.150178,0.033177,0.084787,0.001568,0.019325,0.000867,0.005296,0.000019,0.000307,households
E5,0.145302,0.277405,0.065632,0.156450,0.010852,0.031992,0.001568,0.004947,0.001521,0.002841,households
E6,0.008190,0.156869,0.002351,0.077514,0.000178,0.007595,0.000054,0.001832,0.000020,0.000118,households
E7,0.029455,0.132423,0.011753,0.058382,0.000300,0.009036,0.000091,0.003607,0.000034,0.000199,households
E8,0.220119,0.419759,0.123471,0.271699,0.045341,0.111773,0.022938,0.056436,0.009152,0.026908,households
E9,0.226564,0.332332,0.138484,0.238754,0.042064,0.123723,0.007053,0.056832,0.000027,0.041749,households
E10,0.055585,0.166222,0.036493,0.104882,0.007760,0.038879,0.002675,0.017733,0.000031,0.000183,households
E11,0.060945,0.157527,0.041861,0.100730,0.012341,0.049138,0.006334,0.028158,0.004369,0.014201,households
E12,0.017293,0.124778,0.006028,0.076257,0.000403,0.016740,0.000123,0.002048,0.000045,0.000267,households
E13,0.046752,0.214372,0.025542,0.114488,0.004362,0.035134,0.003118,0.004552,0.000031,0.000185,households
E14,0.036589,0.138227,0.015043,0.086578,0.003889,0.014779,0.000027,0.005998,0.000010,0.000059,households
E15,0.040670,0.216821,0.016342,0.118188,0.000735,0.015472,0.000061,0.005092,0.000023,0.003333,households
E16,0.023862,0.210256,0.006247,0.105736,0.004114,0.016320,0.000048,0.000427,0.000018,0.000104,households
E17,0.076826,0.170923,0.039005,0.109236,0.005321,0.036847,0.001825,0.010370,0.001733,0.004435,households
E18,0.057846,0.163396,0.022295,0.099037,0.000440,0.012993,0.000134,0.000738,0.000049,0.000292,households
E20,0.050430,0.127067,0.002861,0.048228,0.000655,0.002922,0.000200,0.001100,0.000074,0.000434,households
EC1A,0.013772,0.162411,0.008244,0.097192,0.003604,0.018385,0.000801,0.011403,0.000348,0.003752,households
EC1M,0.094001,0.249499,0.038602,0.207513,0.034145,0.144719,0.030988,0.056700,0.004927,0.052970,households
EC1N,0.017168,0.136561,0.009983,0.096199,0.004224,0.053206,0.000602,0.014626,0.000262,0.002820,households
EC1R,0.116664,0.287894,0.094089,0.242602,0.029818,0.130054,0.024306,0.068589,0.014060,0.028340,households
EC1V,0.087809,0.220858,0.034364,0.152511,0.003711,0.052917,0.000205,0.022327,0.000089,0.001094,households
EC1Y,0.047387,0.268340,0.015815,0.145926,0.012619,0.085683,0.000552,0.072060,0.000240,0.040925,households
EC2A,0.226275,0.601683,0.170583,0.527237,0.109217,0.269610,0.000326,0.184018,0.000142,0.146344,households
EC2M,0.012286,0.491425,0.007354,0.060480,0.003215,0.041819,0.000714,0.006570,0.000311,0.003347,households
EC2N,0.031624,0.500604,0.018930,0.474497,0.008276,0.032943,0.001839,0.016911,0.000800,0.008616,households
EC2R,0.023718,0.802536,0.014198,0.782956,0.006207,0.746930,0.001379,0.734906,0.000600,0.487943,households
EC2V,0.017605,0.120677,0.010539,0.106143,0.004607,0.018339,0.001024,0.009415,0.000445,0.004796,households
EC2Y,0.018362,0.453666,0.010992,0.381341,0.004805,0.019128,0.001068,0.009819,0.000464,0.005003,households
EC3A,0.024052,0.115650,0.014398,0.061589,0.006294,0.025055,0.001399,0.012862,0.000608,0.006553,households
EC3M,0.019629,0.066467,0.011750,0.050263,0.005137,0.020447,0.001141,0.010497,0.000496,0.005348,households
EC3N,0.018167,0.156184,0.010875,0.091362,0.004754,0.033872,0.001056,0.009715,0.000459,0.004949,households
EC3R,0.091245,0.315091,0.011233,0.167431,0.004911,0.092028,0.001091,0.010035,0.000474,0.005113,households
EC3V,0.019187,0.064973,0.011486,0.049133,0.005021,0.019988,0.001116,0.010261,0.000485,0.005227,households
EC4A,0.015247,0.221131,0.009127,0.143352,0.003990,0.116932,0.000887,0.044010,0.000386,0.007414,households
EC4M,0.017077,0.120164,0.010222,0.106066,0.004469,0.017789,0.000993,0.009132,0.000432,0.004652,households
EC4N,0.023077,0.206919,0.013814,0.187868,0.006039,0.024040,0.001342,0.012341,0.000583,0.006287,households
EC4R,0.027543,0.319074,0.016488,0.296336,0.007208,0.141596,0.001602,0.014729,0.000696,0.007504,households
EC4V,0.567302,0.641211,0.561444,0.629162,0.361125,0.567911,0.000849,0.133420,0.000369,0.098886,households
EC4Y,0.157591,0.528079,0.146143,0.385315,0.097763,0.283996,0.025921,0.258607,0.000325,0.154542,households
EH1,0.000000,0.000000,0.000000,0.000000,0.000000,0.000000,0.000000,0.000000,0.000000,0.000000,households
EH2,0.000000,0.000000,0.000000,0.000000,0.000000,0.000000,0.000000,0.000000,0.000000,0.000000,households
EH3,0.000000,0.000000,0.000000,0.000000,0.000000,0.000000,0.000000,0.000000,0.000000,0.000000,households
EH4,0.000000,0.000000,0.000000,0.000000,0.000000,0.000000,0.000000,0.000000,0.000000,0.000000,households
EH5,0.000000,0.000000,0.000000,0.000000,0.000000,0.000000,0.000000,0.000000,0.000000,0.000000,households
EH6,0.000000,0.000000,0.000000,0.000000,0.000000,0.000000,0.000000,0.000000,0.000000,0.000000,households
EH7,0.000000,0.000000,0.000000,0.000000,0.000000,0.000000,0.000000,0.000000,0.000000,0.000000,households
EH8,0.000000,0.000000,0.000000,0.000000,0.000000,0.000000,0.000000,0.000000,0.000000,0.000000,households
EH9,0.000000,0.000000,0.000000,0.000000,0.000000,0.000000,0.000000,0.000000,0.000000,0.000000,households
EH10,0.000000,0.000000,0.000000,0.000000,0.000000,0.000000,0.000000,0.000000,0.000000,0.000000,households
EH11,0.000000,0.000000,0.000000,0.000000,0.000000,0.000000,0.000000,0.000000,0.000000,0.000000,households
EH12,0.000000,0.000000,0.000000,0.000000,0.000000,0.000000,0.000000,0.000000,0.000000,0.000000,households
EH13,0.000000,0.000000,0.000000,0.000000,0.000000,0.000000,0.000000,0.000000,0.000000,0.000000,households
EH14,0.000000,0.000000,0.000000,0.000000,0.000000,0.000000,0.000000,0.000000,0.000000,0.000000,households
EH15,0.000000,0.000000,0.000000,0.000000,0.000000,0.000000,0.000000,0.000000,0.000000,0.000000,households
EH16,0.000000,0.000000,0.000000,0.000000,0.000000,0.000000,0.000000,0.000000,0.000000,0.000000,households
EH17,0.000000,0.000000,0.000000,0.000000,0.000000,0.000000,0.000000,0.000000,0.000000,0.000000,households
EH18,0.000000,0.000000,0.000000,0.000000,0.000000,0.000000,0.000000,0.000000,0.000000,0.000000,households
EH19,0.000000,0.000000,0.000000,0.000000,0.000000,0.000000,0.000000,0.000000,0.000000,0.000000,households
EH20,0.000000,0.000000,0.000000,0.000000,0.000000,0.000000,0.000000,0.000000,0.000000,0.000000,households
EH21,0.000000,0.000000,0.000000,0.000000,0.000000,0.000000,0.000000,0.000000,0.000000,0.000000,households
EH22,0.000000,0.000000,0.000000,0.000000,0.000000,0.000000,0.000000,0.000000,0.000000,0.000000,households
EH23,0.000000,0.000000,0.000000,0.000000,0.000000,0.000000,0.000000,0.000000,0.000000,0.000000,households
EH24,0.000000,0.000000,0.000000,0.000000,0.000000,0.000000,0.000000,0.000000,0.000000,0.000000,households
EH25,0.000000,0.000000,0.000000,0.000000,0.000000,0.000000,0.000000,0.000000,0.000000,0.000000,households
EH26,0.000000,0.000000,0.000000,0.000000,0.000000,0.000000,0.000000,0.000000,0.000000,0.000000,households
EH27,0.000000,0.000000,0.000000,0.000000,0.000000,0.000000,0.000000,0.000000,0.000000,0.000000,households
EH28,0.000000,0.000000,0.000000,0.000000,0.000000,0.000000,0.000000,0.000000,0.000000,0.000000,households
EH29,0.000000,0.000000,0.000000,0.000000,0.000000,0.000000,0.000000,0.000000,0.000000,0.000000,households
EH30,0.000000,0.000000,0.000000,0.000000,0.000000,0.000000,0.000000,0.000000,0.000000,0.000000,households
EH31,0.000000,0.000000,0.000000,0.000000,0.000000,0.000000,0.000000,0.000000,0.000000,0.000000,households
EH32,0.000000,0.000000,0.000000,0.000000,0.000000,0.000000,0.000000,0.000000,0.000000,0.000000,households
EH33,0.000000,0.000000,0.000000,0.000000,0.000000,0.000000,0.000000,0.000000,0.000000,0.000000,households
EH34,0.000000,0.000000,0.000000,0.000000,0.000000,0.000000,0.000000,0.000000,0.000000,0.000000,households
EH35,0.000000,0.000000,0.000000,0.000000,0.000000,0.000000,0.000000,0.000000,0.000000,0.000000,households
EH36,0.000000,0.000000,0.000000,0.000000,0.000000,0.000000,0.000000,0.000000,0.000000,0.000000,households
EH37,0.000000,0.000000,0.000000,0.000000,0.000000,0.000000,0.000000,0.000000,0.000000,0.000000,households
EH38,0.000000,0.000000,0.000000,0.000000,0.000000,0.000000,0.000000,0.000000,0.000000,0.000000,households
EH39,0.000000,0.000000,0.000000,0.000000,0.000000,0.000000,0.000000,0.000000,0.000000,0.000000,households
EH40,0.000000,0.000000,0.000000,0.000000,0.000000,0.000000,0.000000,0.000000,0.000000,0.000000,households
EH41,0.000000,0.000000,0.000000,0.000000,0.000000,0.000000,0.000000,0.000000,0.000000,0.000000,households
EH42,0.000000,0.000000,0.000000,0.000000,0.000000,0.000000,0.000000,0.000000,0.000000,0.000000,households
EH43,0.000000,0.000000,0.000000,0.000000,0.000000,0.000000,0.000000,0.000000,0.000000,0.000000,households
EH44,0.000000,0.000000,0.000000,0.000000,0.000000,0.000000,0.000000,0.000000,0.000000,0.000000,households
EH45,0.000000,0.000000,0.000000,0.000000,0.000000,0.000000,0.000000,0.000000,0.000000,0.000000,households
EH46,0.000000,0.000000,0.000000,0.000000,0.000000,0.000000,0.000000,0.000000,0.000000,0.000000,households
EH47,0.000000,0.000000,0.000000,0.000000,0.000000,0.000000,0.000000,0.000000,0.000000,0.000000,households
EH48,0.000000,0.000000,0.000000,0.000000,0.000000,0.000000,0.000000,0.000000,0.000000,0.000000,households
EH49,0.000000,0.000000,0.000000,0.000000,0.000000,0.000000,0.000000,0.000000,0.000000,0.000000,households
EH51,0.000000,0.000000,0.000000,0.000000,0.000000,0.000000,0.000000,0.000000,0.000000,0.000000,households
EH52,0.000000,0.000000,0.000000,0.000000,0.000000,0.000000,0.000000,0.000000,0.000000,0.000000,households
EH53,0.000000,0.000000,0.000000,0.000000,0.000000,0.000000,0.000000,0.000000,0.000000,0.000000,households
EH54,0.000000,0.000000,0.000000,0.000000,0.000000,0.000000,0.000000,0.000000,0.000000,0.000000,households
EH55,0.000000,0.000000,0.000000,0.000000,0.000000,0.000000,0.000000,0.000000,0.000000,0.000000,households
EN1,0.030267,0.099226,0.012839,0.060544,0.000113,0.019235,0.000038,0.002609,0.000016,0.000085,households
EN2,0.112571,0.199698,0.058913,0.135988,0.014331,0.041319,0.003033,0.019636,0.001738,0.008841,households
EN3,0.028473,0.138900,0.008926,0.081291,0.001322,0.004665,0.000034,0.000159,0.000015,0.000076,households
EN4,0.040288,0.139080,0.014099,0.063454,0.004814,0.020608,0.002880,0.014651,0.002846,0.008592,households
EN5,0.068355,0.159849,0.039986,0.095557,0.011639,0.029095,0.007647,0.019188,0.003035,0.011614,households
EN6,0.059757,0.095370,0.036915,0.060106,0.012339,0.020714,0.002580,0.011454,0.000017,0.005643,households
EN7,0.005878,0.044468,0.001928,0.025967,0.000189,0.001212,0.000065,0.000869,0.000028,0.000142,households
EN8,0.024550,0.111590,0.010853,0.047335,0.004241,0.010158,0.000949,0.008191,0.000017,0.003302,households
EN9,0.045830,0.102248,0.015729,0.043708,0.001519,0.012042,0.000049,0.000227,0.000021,0.000108,households
EN10,0.023565,0.129302,0.016265,0.038289,0.001023,0.011026,0.000076,0.001287,0.000033,0.000168,households
EN11,0.033017,0.116753,0.007291,0.069092,0.001527,0.012831,0.000056,0.007078,0.000024,0.001487,households
EX1,0.021199,0.046012,0.014565,0.036121,0.001072,0.010437,0.000612,0.005918,0.000607,0.003206,households
EX2,0.020922,0.073639,0.011345,0.049810,0.001131,0.008778,0.000005,0.002203,0.000002,0.001120,households
EX3,0.014347,0.067055,0.008885,0.038070,0.003534,0.005957,0.000033,0.002104,0.000014,0.000067,households
EX4,0.036980,0.097962,0.022328,0.059443,0.001397,0.015009,0.000005,0.006022,0.000002,0.000366,households
EX5,0.020467,0.041594,0.008929,0.014298,0.000838,0.001846,0.000637,0.000764,0.000003,0.000103,households
EX6,0.006515,0.026986,0.002965,0.016058,0.001079,0.001691,0.001047,0.001548,0.000004,0.000317,households
EX7,0.033645,0.057452,0.014976,0.022994,0.004622,0.004870,0.000015,0.000100,0.000006,0.000031,households
EX8,0.047949,0.102528,0.024528,0.073175,0.001655,0.023654,0.000007,0.000047,0.000003,0.000014,households
EX9,0.010708,0.040596,0.000958,0.026540,0.000096,0.005304,0.000023,0.000152,0.000010,0.000047,households
EX10,0.032448,0.059476,0.012500,0.029033,0.001320,0.012070,0.000009,0.008447,0.000004,0.001417,households
EX11,0.013236,0.021700,0.002513,0.003822,0.000090,0.000444,0.000022,0.000143,0.000009,0.000044,households
EX12,0.062251,0.086881,0.014057,0.043619,0.007366,0.018862,0.007318,0.012732,0.000006,0.000031,households
EX13,0.013527,0.063944,0.005007,0.038284,0.000852,0.003778,0.000813,0.001683,0.000806,0.000826,households
EX14,0.027642,0.041139,0.013725,0.017884,0.006086,0.008596,0.001397,0.006204,0.001393,0.006069,households
EX15,0.011635,0.027141,0.003374,0.017975,0.000034,0.000170,0.000008,0.000055,0.000004,0.000017,households
EX16,0.017250,0.041010,0.010144,0.019056,0.000024,0.001195,0.000006,0.000847,0.000002,0.000821,households
EX17,0.017947,0.034710,0.014649,0.025815,0.006199,0.007974,0.000008,0.005227,0.000003,0.000015,households
EX18,0.002642,0.005314,0.001026,0.002766,0.000146,0.000720,0.000035,0.000232,0.000015,0.000072,households
EX19,0.003450,0.010710,0.000931,0.004122,0.000132,0.000654,0.000032,0.000211,0.000014,0.000065,households
EX20,0.006734,0.013599,0.004185,0.006375,0.000030,0.001676,0.000007,0.001576,0.000003,0.000015,households
EX21,0.014009,0.022683,0.012327,0.014055,0.000104,0.000515,0.000025,0.000166,0.000011,0.000051,households
EX22,0.003943,0.006776,0.000547,0.004200,0.000051,0.000441,0.000012,0.000081,0.000005,0.000025,households
EX23,0.014055,0.040815,0.005189,0.013233,0.000440,0.003514,0.000011,0.002968,0.000005,0.000022,households
EX24,0.035058,0.067608,0.013913,0.050261,0.000136,0.013628,0.000033,0.000216,0.000014,0.000067,households
EX31,0.012800,0.028810,0.007492,0.013853,0.003502,0.007343,0.000008,0.000940,0.000003,0.000016,households
EX32,0.028560,0.055724,0.013269,0.033181,0.000039,0.006920,0.000009,0.000154,0.000004,0.000019,households
EX33,0.008333,0.025906,0.006075,0.009810,0.000083,0.005901,0.000020,0.000132,0.000009,0.000041,households
EX34,0.014136,0.048306,0.004481,0.027334,0.000695,0.011507,0.000012,0.003574,0.000005,0.003262,households
EX35,0.119519,0.140582,0.108996,0.119653,0.011304,0.049869,0.006695,0.007025,0.005555,0.005650,households
EX36,0.006002,0.012332,0.001602,0.005729,0.000074,0.001447,0.000018,0.000118,0.000008,0.000036,households
EX37,0.001989,0.011836,0.001007,0.002716,0.000143,0.000707,0.000035,0.000228,0.000015,0.000071,households
EX38,0.002910,0.010361,0.002233,0.004181,0.001637,0.002026,0.000280,0.001696,0.000267,0.000305,households
EX39,0.016188,0.038858,0.007796,0.024103,0.001168,0.005730,0.000824,0.001400,0.000548,0.000557,households
FK1,0.000000,0.000000,0.000000,0.000000,0.000000,0.000000,0.000000,0.000000,0.000000,0.000000,households
FK2,0.000000,0.000000,0.000000,0.000000,0.000000,0.000000,0.000000,0.000000,0.000000,0.000000,households
FK3,0.000000,0.000000,0.000000,0.000000,0.000000,0.000000,0.000000,0.000000,0.000000,0.000000,households
FK4,0.000000,0.000000,0.000000,0.000000,0.000000,0.000000,0.000000,0.000000,0.000000,0.000000,households
FK5,0.000000,0.000000,0.000000,0.000000,0.000000,0.000000,0.000000,0.000000,0.000000,0.000000,households
FK6,0.000000,0.000000,0.000000,0.000000,0.000000,0.000000,0.000000,0.000000,0.000000,0.000000,households
FK7,0.000000,0.000000,0.000000,0.000000,0.000000,0.000000,0.000000,0.000000,0.000000,0.000000,households
FK8,0.000000,0.000000,0.000000,0.000000,0.000000,0.000000,0.000000,0.000000,0.000000,0.000000,households
FK9,0.000000,0.000000,0.000000,0.000000,0.000000,0.000000,0.000000,0.000000,0.000000,0.000000,households
FK10,0.000000,0.000000,0.000000,0.000000,0.000000,0.000000,0.000000,0.000000,0.000000,0.000000,households
FK11,0.000000,0.000000,0.000000,0.000000,0.000000,0.000000,0.000000,0.000000,0.000000,0.000000,households
FK12,0.000000,0.000000,0.000000,0.000000,0.000000,0.000000,0.000000,0.000000,0.000000,0.000000,households
FK13,0.000000,0.000000,0.000000,0.000000,0.000000,0.000000,0.000000,0.000000,0.000000,0.000000,households
FK14,0.000000,0.000000,0.000000,0.000000,0.000000,0.000000,0.000000,0.000000,0.000000,0.000000,households
FK15,0.000000,0.000000,0.000000,0.000000,0.000000,0.000000,0.000000,0.000000,0.000000,0.000000,households
FK16,0.000000,0.000000,0.000000,0.000000,0.000000,0.000000,0.000000,0.000000,0.000000,0.000000,households
FK17,0.000000,0.000000,0.000000,0.000000,0.000000,0.000000,0.000000,0.000000,0.000000,0.000000,households
FK18,0.000000,0.000000,0.000000,0.000000,0.000000,0.000000,0.000000,0.000000,0.000000,0.000000,households
FK19,0.000000,0.000000,0.000000,0.000000,0.000000,0.000000,0.000000,0.000000,0.000000,0.000000,households
FK20,0.000000,0.000000,0.000000,0.000000,0.000000,0.000000,0.000000,0.000000,0.000000,0.000000,households
FK21,0.000000,0.000000,0.000000,0.000000,0.000000,0.000000,0.000000,0.000000,0.000000,0.000000,households
FY1,0.048523,0.114975,0.033249,0.072410,0.010738,0.030213,0.000000,0.011071,0.000000,0.000946,households
FY2,0.088064,0.151722,0.053257,0.100967,0.006818,0.036118,0.000000,0.012822,0.000000,0.003568,households
FY3,0.041837,0.076175,0.023446,0.052232,0.000664,0.016908,0.000000,0.000690,0.000000,0.000016,households
FY4,0.024228,0.126969,0.015900,0.067125,0.000036,0.009014,0.000000,0.001692,0.000000,0.000011,households
FY5,0.018320,0.077599,0.005233,0.029281,0.000034,0.000187,0.000000,0.000051,0.000000,0.000010,households
FY6,0.014694,0.055626,0.004735,0.031286,0.000047,0.000986,0.000000,0.000070,0.000000,0.000014,households
FY7,0.015087,0.061188,0.006925,0.029306,0.000061,0.005013,0.000000,0.000092,0.000000,0.000019,households
FY8,0.009995,0.037538,0.003614,0.015193,0.000032,0.002637,0.000000,0.001076,0.000000,0.001038,households
G1,0.000000,0.000000,0.000000,0.000000,0.000000,0.000000,0.000000,0.000000,0.000000,0.000000,households
G2,0.000000,0.000000,0.000000,0.000000,0.000000,0.000000,0.000000,0.000000,0.000000,0.000000,households
G3,0.000000,0.000000,0.000000,0.000000,0.000000,0.000000,0.000000,0.000000,0.000000,0.000000,households
G4,0.000000,0.000000,0.000000,0.000000,0.000000,0.000000,0.000000,0.000000,0.000000,0.000000,households
G5,0.000000,0.000000,0.000000,0.000000,0.000000,0.000000,0.000000,0.000000,0.000000,0.000000,households
G11,0.000000,0.000000,0.000000,0.000000,0.000000,0.000000,0.000000,0.000000,0.000000,0.000000,households
G12,0.000000,0.000000,0.000000,0.000000,0.000000,0.000000,0.000000,0.000000,0.000000,0.000000,households
G13,0.000000,0.000000,0.000000,0.000000,0.000000,0.000000,0.000000,0.000000,0.000000,0.000000,households
G14,0.000000,0.000000,0.000000,0.000000,0.000000,0.000000,0.000000,0.000000,0.000000,0.000000,households
G15,0.000000,0.000000,0.000000,0.000000,0.000000,0.000000,0.000000,0.000000,0.000000,0.000000,households
G20,0.000000,0.000000,0.000000,0.000000,0.000000,0.000000,0.000000,0.000000,0.000000,0.000000,households
G21,0.000000,0.000000,0.000000,0.000000,0.000000,0.000000,0.000000,0.000000,0.000000,0.000000,households
G22,0.000000,0.000000,0.000000,0.000000,0.000000,0.000000,0.000000,0.000000,0.000000,0.000000,households
G23,0.000000,0.000000,0.000000,0.000000,0.000000,0.000000,0.000000,0.000000,0.000000,0.000000,households
G31,0.000000,0.000000,0.000000,0.000000,0.000000,0.000000,0.000000,0.000000,0.000000,0.000000,households
G32,0.000000,0.000000,0.000000,0.000000,0.000000,0.000000,0.000000,0.000000,0.000000,0.000000,households
G33,0.000000,0.000000,0.000000,0.000000,0.000000,0.000000,0.000000,0.000000,0.000000,0.000000,households
G34,0.000000,0.000000,0.000000,0.000000,0.000000,0.000000,0.000000,0.000000,0.000000,0.000000,households
G40,0.000000,0.000000,0.000000,0.000000,0.000000,0.000000,0.000000,0.000000,0.000000,0.000000,households
G41,0.000000,0.000000,0.000000,0.000000,0.000000,0.000000,0.000000,0.000000,0.000000,0.000000,households
G42,0.000000,0.000000,0.000000,0.000000,0.000000,0.000000,0.000000,0.000000,0.000000,0.000000,households
G43,0.000000,0.000000,0.000000,0.000000,0.000000,0.000000,0.000000,0.000000,0.000000,0.000000,households
G44,0.000000,0.000000,0.000000,0.000000,0.000000,0.000000,0.000000,0.000000,0.000000,0.000000,households
G45,0.000000,0.000000,0.000000,0.000000,0.000000,0.000000,0.000000,0.000000,0.000000,0.000000,households
G46,0.000000,0.000000,0.000000,0.000000,0.000000,0.000000,0.000000,0.000000,0.000000,0.000000,households
G51,0.000000,0.000000,0.000000,0.000000,0.000000,0.000000,0.000000,0.000000,0.000000,0.000000,households
G52,0.000000,0.000000,0.000000,0.000000,0.000000,0.000000,0.000000,0.000000,0.000000,0.000000,households
G53,0.000000,0.000000,0.000000,0.000000,0.000000,0.000000,0.000000,0.000000,0.000000,0.000000,households
G60,0.000000,0.000000,0.000000,0.000000,0.000000,0.000000,0.000000,0.000000,0.000000,0.000000,households
G61,0.000000,0.000000,0.000000,0.000000,0.000000,0.000000,0.000000,0.000000,0.000000,0.000000,households
G62,0.000000,0.000000,0.000000,0.000000,0.000000,0.000000,0.000000,0.000000,0.000000,0.000000,households
G63,0.000000,0.000000,0.000000,0.000000,0.000000,0.000000,0.000000,0.000000,0.000000,0.000000,households
G64,0.000000,0.000000,0.000000,0.000000,0.000000,0.000000,0.000000,0.000000,0.000000,0.000000,households
G65,0.000000,0.000000,0.000000,0.000000,0.000000,0.000000,0.000000,0.000000,0.000000,0.000000,households
G66,0.000000,0.000000,0.000000,0.000000,0.000000,0.000000,0.000000,0.000000,0.000000,0.000000,households
G67,0.000000,0.000000,0.000000,0.000000,0.000000,0.000000,0.000000,0.000000,0.000000,0.000000,households
G68,0.000000,0.000000,0.000000,0.000000,0.000000,0.000000,0.000000,0.000000,0.000000,0.000000,households
G69,0.000000,0.000000,0.000000,0.000000,0.000000,0.000000,0.000000,0.000000,0.000000,0.000000,households
G71,0.000000,0.000000,0.000000,0.000000,0.000000,0.000000,0.000000,0.000000,0.000000,0.000000,households
G72,0.000000,0.000000,0.000000,0.000000,0.000000,0.000000,0.000000,0.000000,0.000000,0.000000,households
G73,0.000000,0.000000,0.000000,0.000000,0.000000,0.000000,0.000000,0.000000,0.000000,0.000000,households
G74,0.000000,0.000000,0.000000,0.000000,0.000000,0.000000,0.000000,0.000000,0.000000,0.000000,households
G75,0.000000,0.000000,0.000000,0.000000,0.000000,0.000000,0.000000,0.000000,0.000000,0.000000,households
G76,0.000000,0.000000,0.000000,0.000000,0.000000,0.000000,0.000000,0.000000,0.000000,0.000000,households
G77,0.000000,0.000000,0.000000,0.000000,0.000000,0.000000,0.000000,0.000000,0.000000,0.000000,households
G78,0.000000,0.000000,0.000000,0.000000,0.000000,0.000000,0.000000,0.000000,0.000000,0.000000,households
G81,0.000000,0.000000,0.000000,0.000000,0.000000,0.000000,0.000000,0.000000,0.000000,0.000000,households
G82,0.000000,0.000000,0.000000,0.000000,0.000000,0.000000,0.000000,0.000000,0.000000,0.000000,households
G83,0.000000,0.000000,0.000000,0.000000,0.000000,0.000000,0.000000,0.000000,0.000000,0.000000,households
G84,0.000000,0.000000,0.000000,0.000000,0.000000,0.000000,0.000000,0.000000,0.000000,0.000000,households
GL1,0.091402,0.211598,0.021497,0.113740,0.002723,0.012969,0.001380,0.001421,0.000002,0.001379,households
GL2,0.023149,0.075559,0.007815,0.028209,0.000038,0.001059,0.000012,0.000038,0.000001,0.000012,households
GL3,0.041433,0.082862,0.017004,0.046799,0.000054,0.010942,0.000017,0.001309,0.000001,0.000017,households
GL4,0.031117,0.076492,0.005534,0.026996,0.000146,0.001464,0.000112,0.001354,0.000001,0.000112,households
GL5,0.022606,0.052365,0.014851,0.024141,0.002562,0.002676,0.000853,0.002562,0.000838,0.000853,households
GL6,0.005671,0.022401,0.002744,0.009539,0.001416,0.002081,0.000562,0.000962,0.000001,0.000017,households
GL7,0.008701,0.038843,0.002499,0.013177,0.000478,0.001883,0.000011,0.001019,0.000001,0.000011,households
GL8,0.005964,0.034838,0.000874,0.008377,0.000164,0.000523,0.000052,0.000163,0.000004,0.000051,households
GL9,0.028448,0.080478,0.002314,0.036786,0.000434,0.001386,0.000138,0.000431,0.000011,0.000136,households
GL10,0.020696,0.064567,0.008669,0.029361,0.000111,0.001509,0.000035,0.000110,0.000003,0.000035,households
GL11,0.010699,0.031520,0.005561,0.014635,0.000092,0.000870,0.000029,0.000091,0.000002,0.000029,households
GL12,0.022385,0.042755,0.017618,0.024675,0.000118,0.000375,0.000037,0.000117,0.000003,0.000037,households
GL13,0.017246,0.030713,0.007747,0.020953,0.002641,0.003126,0.000070,0.002639,0.000006,0.000069,households
GL14,0.019289,0.051488,0.011021,0.026049,0.000647,0.010683,0.000030,0.000092,0.000002,0.000029,households
GL15,0.002969,0.012995,0.002279,0.006870,0.000070,0.001327,0.000022,0.000069,0.000002,0.000022,households
GL16,0.023486,0.044311,0.007915,0.024704,0.000113,0.004626,0.000036,0.000112,0.000003,0.000035,households
GL17,0.005731,0.015908,0.000828,0.004501,0.000119,0.000767,0.000038,0.000118,0.000003,0.000037,households
GL18,0.009648,0.035250,0.008470,0.021829,0.005787,0.007133,0.000054,0.000167,0.000004,0.000053,households
GL19,0.023513,0.044807,0.012033,0.024152,0.000140,0.000446,0.000045,0.000139,0.000003,0.000044,households
GL20,0.020016,0.060591,0.012674,0.025299,0.002923,0.010062,0.000546,0.001188,0.000001,0.000546,households
GL50,0.107224,0.221534,0.069416,0.148855,0.018229,0.041577,0.006045,0.008341,0.000002,0.001820,households
GL51,0.066239,0.137900,0.034924,0.077772,0.005967,0.022302,0.001889,0.009806,0.000001,0.002529,households
GL52,0.051457,0.133314,0.024209,0.073272,0.009500,0.024349,0.003988,0.011921,0.000001,0.003851,households
GL53,0.066739,0.126372,0.022046,0.059584,0.003811,0.021444,0.000903,0.005458,0.000881,0.004967,households
GL54,0.014028,0.032740,0.002852,0.012844,0.000319,0.000436,0.000017,0.000053,0.000001,0.000017,households
GL55,0.043120,0.099346,0.009371,0.046765,0.001234,0.001645,0.000060,0.000186,0.000005,0.000059,households
GL56,0.036378,0.072652,0.024355,0.049789,0.007694,0.008337,0.000034,0.002156,0.000003,0.000033,households
GU1,0.029919,0.078036,0.013553,0.043695,0.000235,0.007894,0.000002,0.002071,0.000001,0.000004,households
GU2,0.030125,0.052976,0.015647,0.024572,0.001992,0.003529,0.000496,0.000521,0.000494,0.000498,households
GU3,0.034051,0.054453,0.012895,0.027634,0.003329,0.007541,0.000005,0.007459,0.000002,0.000009,households
GU4,0.008711,0.035251,0.005825,0.018389,0.000028,0.000105,0.000004,0.000037,0.000001,0.000007,households
GU5,0.012708,0.032429,0.010412,0.015674,0.000249,0.000346,0.000219,0.000260,0.000216,0.000223,households
GU6,0.066679,0.126310,0.018903,0.057478,0.000025,0.000667,0.000003,0.000033,0.000001,0.000007,households
GU7,0.010037,0.030317,0.002111,0.008205,0.000019,0.000070,0.000003,0.000025,0.000001,0.000005,households
GU8,0.024307,0.050854,0.011677,0.020906,0.001371,0.001698,0.000003,0.001377,0.000001,0.001355,households
GU9,0.020759,0.036807,0.003479,0.023206,0.000311,0.001315,0.000002,0.000020,0.000001,0.000004,households
GU10,0.029240,0.050414,0.011561,0.029106,0.001052,0.006075,0.000729,0.001472,0.000001,0.001042,households
GU11,0.012195,0.066797,0.004430,0.018687,0.001992,0.005336,0.000003,0.002750,0.000001,0.001977,households
GU12,0.027020,0.066585,0.007069,0.033346,0.000018,0.000066,0.000002,0.000023,0.000001,0.000005,households
GU14,0.009708,0.051717,0.002290,0.011691,0.000011,0.000983,0.000001,0.000871,0.000001,0.000003,households
GU15,0.022768,0.057464,0.003701,0.029441,0.000017,0.006095,0.000002,0.001270,0.000001,0.000004,households
GU16,0.003335,0.028357,0.001741,0.012136,0.000023,0.000692,0.000003,0.000636,0.000001,0.000612,households
GU17,0.009805,0.022039,0.009066,0.010035,0.000045,0.000167,0.000006,0.000059,0.000002,0.000012,households
GU18,0.025764,0.043304,0.024307,0.026217,0.000088,0.000329,0.000012,0.000116,0.000004,0.000023,households
GU19,0.037122,0.056496,0.025212,0.045435,0.000073,0.000275,0.000010,0.000097,0.000004,0.000019,households
GU20,0.012245,0.062190,0.000862,0.010216,0.000088,0.000329,0.000012,0.000116,0.000004,0.000023,households
GU21,0.025196,0.097512,0.009514,0.049544,0.001083,0.007346,0.000586,0.002012,0.000001,0.000003,households
GU22,0.018193,0.053887,0.006888,0.020967,0.002911,0.005109,0.000002,0.002916,0.000001,0.000004,households
GU23,0.024897,0.048650,0.002777,0.013025,0.001360,0.001495,0.001318,0.001376,0.001313,0.001324,households
GU24,0.002203,0.018586,0.000257,0.006736,0.000026,0.000098,0.000004,0.000035,0.000001,0.000007,households
GU25,0.004061,0.026665,0.003007,0.022666,0.002447,0.002622,0.000009,0.000084,0.000003,0.000017,households
GU26,0.001295,0.003410,0.000481,0.001548,0.000049,0.000184,0.000007,0.000065,0.000002,0.000013,households
GU27,0.012737,0.016095,0.003618,0.010513,0.000023,0.001782,0.000003,0.000031,0.000001,0.000006,households
GU28,0.003610,0.017819,0.002953,0.013110,0.000040,0.000789,0.000005,0.000052,0.000002,0.000010,households
GU29,0.022790,0.046543,0.010566,0.023166,0.000033,0.000124,0.000005,0.000044,0.000002,0.000009,households
GU30,0.028730,0.045534,0.010340,0.021008,0.000046,0.000171,0.000006,0.000060,0.000002,0.000012,households
GU31,0.004608,0.017656,0.002196,0.004584,0.000032,0.000119,0.000004,0.000042,0.000002,0.000008,households
GU32,0.014354,0.027311,0.010222,0.010988,0.005744,0.005818,0.000004,0.005753,0.000001,0.000007,households
GU33,0.020137,0.032350,0.000939,0.008160,0.000593,0.000701,0.000005,0.000605,0.000002,0.000010,households
GU34,0.018383,0.036203,0.009532,0.017821,0.000012,0.003229,0.000002,0.000016,0.000001,0.000003,households
GU35,0.009206,0.018431,0.000477,0.012436,0.000019,0.000070,0.000003,0.000025,0.000001,0.000005,households
GU46,0.018755,0.026843,0.000392,0.010111,0.000040,0.000150,0.000005,0.000053,0.000002,0.000011,households
GU47,0.013102,0.064895,0.007631,0.022211,0.002047,0.002140,0.000005,0.000045,0.000002,0.000009,households
GU51,0.013069,0.038375,0.005534,0.011941,0.000582,0.000913,0.000002,0.000024,0.000001,0.000005,households
GU52,0.015663,0.053791,0.006113,0.033123,0.000031,0.002569,0.000004,0.000041,0.000002,0.000008,households
HA0,0.107349,0.199016,0.059821,0.123965,0.026952,0.049548,0.020454,0.028107,0.009011,0.022963,households
HA1,0.068232,0.146596,0.033765,0.075653,0.008555,0.022883,0.000758,0.008195,0.000706,0.001499,households
HA2,0.116502,0.212328,0.077279,0.138290,0.010090,0.044543,0.003100,0.009040,0.001953,0.002930,households
HA3,0.110772,0.207618,0.063183,0.134826,0.016545,0.040898,0.003905,0.021506,0.000962,0.008116,households
HA4,0.099275,0.202848,0.054374,0.117078,0.005252,0.016312,0.000081,0.000184,0.000038,0.000098,households
HA5,0.107388,0.166774,0.056921,0.098565,0.010264,0.024042,0.003812,0.011321,0.002655,0.006223,households
HA6,0.077574,0.129752,0.042311,0.068386,0.010486,0.016372,0.005649,0.005812,0.003565,0.003659,households
HA7,0.065282,0.131950,0.025151,0.064453,0.002685,0.007744,0.000682,0.002684,0.000051,0.000132,households
HA8,0.072535,0.152247,0.038894,0.089162,0.007528,0.019534,0.004902,0.006462,0.003228,0.004834,households
HA9,0.075583,0.163353,0.036800,0.099755,0.003269,0.015480,0.002677,0.005063,0.000043,0.003172,households
HD1,0.009808,0.060928,0.007793,0.028147,0.000021,0.004956,0.000016,0.004404,0.000002,0.000014,households
HD2,0.007373,0.012077,0.000136,0.000378,0.000024,0.000061,0.000018,0.000040,0.000002,0.000016,households
HD3,0.003726,0.016846,0.001152,0.009070,0.000296,0.000741,0.000291,0.000310,0.000002,0.000014,households
HD4,0.000881,0.017900,0.000117,0.016146,0.000021,0.000052,0.000016,0.000034,0.000002,0.000014,households
HD5,0.007644,0.025602,0.003262,0.019399,0.000021,0.000768,0.000016,0.000035,0.000002,0.000014,households
HD6,0.014860,0.024651,0.010412,0.016631,0.005091,0.008766,0.004848,0.004866,0.000636,0.004768,households
HD7,0.011879,0.023682,0.009095,0.011256,0.000216,0.000445,0.000210,0.000232,0.000002,0.000017,households
HD8,0.005085,0.012799,0.002447,0.004415,0.000017,0.001772,0.000013,0.001342,0.000002,0.000011,households
HD9,0.012177,0.019227,0.007136,0.009221,0.001211,0.001231,0.000010,0.001219,0.000001,0.000009,households
HG1,0.049389,0.089947,0.037028,0.058065,0.010545,0.015475,0.005226,0.010746,0.003660,0.008892,households
HG2,0.040305,0.075436,0.015966,0.040839,0.006188,0.018051,0.002499,0.006216,0.000849,0.002541,households
HG3,0.021362,0.057155,0.011731,0.022582,0.006703,0.008457,0.000769,0.007372,0.000756,0.001530,households
HG4,0.033009,0.102561,0.007076,0.049612,0.000112,0.006965,0.000042,0.004088,0.000026,0.002395,households
HG5,0.045101,0.076983,0.012051,0.037400,0.000995,0.013986,0.000066,0.001729,0.000041,0.000114,households
HP1,0.006711,0.025499,0.004856,0.010909,0.000570,0.005131,0.000002,0.001153,0.000001,0.000072,households
HP2,0.051956,0.087102,0.033386,0.048644,0.000083,0.019371,0.000002,0.006704,0.000001,0.000047,households
HP3,0.022698,0.068920,0.014030,0.044061,0.000892,0.003385,0.000002,0.000153,0.000001,0.000061,households
HP4,0.018883,0.042221,0.007012,0.017062,0.000783,0.001322,0.000002,0.000349,0.000001,0.000064,households
HP5,0.080583,0.150051,0.050513,0.128561,0.009813,0.084654,0.000269,0.026027,0.000001,0.015263,households
HP6,0.023938,0.047690,0.008884,0.029575,0.000062,0.008900,0.000004,0.000913,0.000002,0.000111,households
HP7,0.034976,0.068057,0.013084,0.056740,0.001328,0.017295,0.000004,0.005978,0.000002,0.003061,households
HP8,0.006607,0.024252,0.002127,0.015578,0.000111,0.006518,0.000007,0.000499,0.000003,0.000198,households
HP9,0.026832,0.050729,0.013485,0.030446,0.000047,0.010841,0.000003,0.004687,0.000001,0.000364,households
HP10,0.008950,0.037739,0.004110,0.024885,0.001016,0.001574,0.000974,0.001174,0.000972,0.001051,households
HP11,0.117366,0.303708,0.057352,0.232144,0.000056,0.110882,0.000003,0.053028,0.000002,0.013405,households
HP12,0.034801,0.102846,0.004616,0.059230,0.000056,0.028485,0.000003,0.001964,0.000002,0.000100,households
HP13,0.045628,0.083680,0.018033,0.045675,0.002063,0.014360,0.000002,0.008762,0.000001,0.005548,households
HP14,0.012153,0.046160,0.006278,0.027112,0.002473,0.007368,0.000812,0.004524,0.000001,0.002779,households
HP15,0.030179,0.054393,0.021866,0.038151,0.006631,0.019143,0.000004,0.012316,0.000002,0.007226,households
HP16,0.007892,0.032840,0.001893,0.020030,0.000070,0.000934,0.000004,0.000314,0.000002,0.000125,households
HP17,0.020105,0.043054,0.017575,0.023536,0.000067,0.001514,0.000004,0.000301,0.000002,0.000119,households
HP18,0.026862,0.062672,0.013430,0.028410,0.000037,0.013781,0.000002,0.000165,0.000001,0.000066,households
HP19,0.043337,0.152172,0.030077,0.088667,0.000044,0.002476,0.000003,0.000198,0.000001,0.000078,households
HP20,0.018367,0.164017,0.006182,0.063905,0.000057,0.003340,0.000004,0.000258,0.000002,0.000103,households
HP21,0.057939,0.143980,0.024339,0.089796,0.000036,0.017559,0.000002,0.004826,0.000001,0.000064,households
HP22,0.014838,0.075853,0.002449,0.034873,0.000028,0.005662,0.000002,0.000526,0.000001,0.000450,households
HP23,0.029184,0.083819,0.008173,0.035871,0.002870,0.017941,0.000003,0.003030,0.000001,0.002906,households
HP27,0.003328,0.048701,0.002580,0.023826,0.000057,0.010269,0.000003,0.001924,0.000002,0.001770,households
HR1,0.022897,0.058159,0.014656,0.026704,0.000000,0.001139,0.000000,0.000006,0.000000,0.000000,households
HR2,0.031031,0.080664,0.008470,0.037544,0.000000,0.001659,0.000000,0.000005,0.000000,0.000000,households
HR3,0.022846,0.061006,0.008300,0.033838,0.000000,0.017382,0.000000,0.000029,0.000000,0.000000,households
HR4,0.026745,0.110578,0.010545,0.061596,0.000000,0.010481,0.000000,0.001575,0.000000,0.000000,households
HR5,0.035274,0.131598,0.009502,0.023946,0.000000,0.006668,0.000000,0.000031,0.000000,0.000000,households
HR6,0.025215,0.063637,0.012344,0.029297,0.000000,0.002261,0.000000,0.000112,0.000000,0.000000,households
HR7,0.022430,0.041530,0.003405,0.018741,0.000000,0.000242,0.000000,0.000023,0.000000,0.000000,households
HR8,0.025579,0.077913,0.009039,0.027431,0.000000,0.003422,0.000000,0.000612,0.000000,0.000000,households
HR9,0.008475,0.029803,0.005332,0.020806,0.000000,0.000086,0.000000,0.000008,0.000000,0.000000,households
HS1,0.000000,0.000000,0.000000,0.000000,0.000000,0.000000,0.000000,0.000000,0.000000,0.000000,households
HS2,0.000000,0.000000,0.000000,0.000000,0.000000,0.000000,0.000000,0.000000,0.000000,0.000000,households
HS3,0.000000,0.000000,0.000000,0.000000,0.000000,0.000000,0.000000,0.000000,0.000000,0.000000,households
HS4,0.000000,0.000000,0.000000,0.000000,0.000000,0.000000,0.000000,0.000000,0.000000,0.000000,households
HS5,0.000000,0.000000,0.000000,0.000000,0.000000,0.000000,0.000000,0.000000,0.000000,0.000000,households
HS6,0.000000,0.000000,0.000000,0.000000,0.000000,0.000000,0.000000,0.000000,0.000000,0.000000,households
HS7,0.000000,0.000000,0.000000,0.000000,0.000000,0.000000,0.000000,0.000000,0.000000,0.000000,households
HS8,0.000000,0.000000,0.000000,0.000000,0.000000,0.000000,0.000000,0.000000,0.000000,0.000000,households
HS9,0.000000,0.000000,0.000000,0.000000,0.000000,0.000000,0.000000,0.000000,0.000000,0.000000,households
HU1,0.129284,0.222109,0.040101,0.119149,0.005760,0.022764,0.000000,0.000033,0.000000,0.000020,households
HU2,0.002036,0.073544,0.001243,0.022777,0.000022,0.000280,0.000000,0.000047,0.000000,0.000029,households
HU3,0.005466,0.047751,0.005260,0.011939,0.000006,0.000073,0.000000,0.000012,0.000000,0.000007,households
HU4,0.000542,0.012822,0.000190,0.000877,0.000010,0.000124,0.000000,0.000021,0.000000,0.000013,households
HU5,0.003580,0.031761,0.000079,0.007029,0.000004,0.000052,0.000000,0.000009,0.000000,0.000005,households
HU6,0.000353,0.014789,0.000124,0.001955,0.000006,0.000081,0.000000,0.000014,0.000000,0.000008,households
HU7,0.005621,0.028081,0.000109,0.011768,0.000006,0.000072,0.000000,0.000012,0.000000,0.000007,households
HU8,0.000635,0.059839,0.000109,0.005414,0.000006,0.000072,0.000000,0.000012,0.000000,0.000007,households
HU9,0.009082,0.044468,0.004045,0.012918,0.000004,0.000108,0.000000,0.000009,0.000000,0.000005,households
HU10,0.013880,0.069825,0.005153,0.012705,0.000008,0.000656,0.000000,0.000572,0.000000,0.000010,households
HU11,0.009420,0.059852,0.001235,0.016717,0.000010,0.000125,0.000000,0.000021,0.000000,0.000013,households
HU12,0.029559,0.064225,0.009451,0.025729,0.000005,0.002951,0.000000,0.002806,0.000000,0.002802,households
HU13,0.023171,0.099074,0.004242,0.050740,0.000010,0.000685,0.000000,0.000580,0.000000,0.000571,households
HU14,0.006591,0.021128,0.005983,0.007169,0.002330,0.005870,0.000000,0.002349,0.000000,0.000022,households
HU15,0.005862,0.036325,0.000120,0.010752,0.000006,0.000079,0.000000,0.000013,0.000000,0.000008,households
HU16,0.010249,0.058322,0.006470,0.024180,0.000008,0.005255,0.000000,0.000018,0.000000,0.000011,households
HU17,0.033751,0.117952,0.013701,0.067531,0.000952,0.017975,0.000000,0.000956,0.000000,0.000953,households
HU18,0.007776,0.041906,0.007244,0.012920,0.000015,0.005058,0.000000,0.004901,0.000000,0.000019,households
HU19,0.025425,0.039874,0.005540,0.015254,0.000020,0.000258,0.000000,0.000043,0.000000,0.000026,households
HU20,0.004468,0.019875,0.001565,0.007230,0.000080,0.001026,0.000000,0.000171,0.000000,0.000104,households
HX1,0.015372,0.039412,0.003924,0.014935,0.000032,0.000072,0.000027,0.000032,0.000020,0.000026,households
HX2,0.006796,0.021221,0.001646,0.005056,0.000331,0.001039,0.000328,0.001010,0.000323,0.001006,households
HX3,0.008022,0.017315,0.002466,0.006772,0.000447,0.000756,0.000397,0.000447,0.000011,0.000396,households
HX4,0.004648,0.018326,0.000258,0.006986,0.000057,0.000129,0.000048,0.000058,0.000035,0.000047,households
HX5,0.008330,0.044105,0.000387,0.020237,0.000085,0.000194,0.000072,0.000086,0.000053,0.000071,households
HX6,0.022778,0.041610,0.013527,0.024933,0.000719,0.009223,0.000485,0.000490,0.000363,0.000370,households
HX7,0.057061,0.079850,0.029662,0.043931,0.011274,0.015378,0.009551,0.010025,0.007670,0.007678,households
IG1,0.023223,0.100552,0.006794,0.057207,0.002202,0.008240,0.000036,0.002644,0.000033,0.000210,households
IG2,0.028818,0.098670,0.013762,0.052656,0.000287,0.011246,0.000073,0.010757,0.000066,0.007308,households
IG3,0.013855,0.054962,0.004902,0.025987,0.000245,0.001032,0.000062,0.000614,0.000057,0.000362,households
IG4,0.011312,0.061872,0.003874,0.010566,0.000779,0.003274,0.000198,0.001948,0.000180,0.001150,households
IG5,0.081144,0.166996,0.038119,0.123669,0.008559,0.064192,0.000120,0.023109,0.000109,0.006296,households
IG6,0.056508,0.136822,0.028448,0.078231,0.000809,0.011558,0.000651,0.003516,0.000049,0.000910,households
IG7,0.066568,0.128077,0.033206,0.064578,0.003171,0.008112,0.000061,0.000602,0.000056,0.000355,households
IG8,0.066764,0.151305,0.038471,0.094916,0.012651,0.024044,0.008972,0.014571,0.008230,0.009571,households
IG9,0.023921,0.077674,0.009971,0.059267,0.003457,0.017816,0.000102,0.007964,0.000092,0.004497,households
IG10,0.081133,0.142051,0.042293,0.083563,0.009768,0.015926,0.004025,0.004973,0.004021,0.004231,households
IG11,0.139122,0.251397,0.069435,0.159424,0.013961,0.079518,0.000030,0.059011,0.000028,0.037072,households
IP1,0.078473,0.149745,0.036494,0.081779,0.010993,0.038633,0.001992,0.012393,0.000967,0.005071,households
IP2,0.028220,0.071964,0.011804,0.036340,0.007368,0.009639,0.000026,0.004726,0.000012,0.004656,households
IP3,0.019331,0.060724,0.003302,0.030701,0.000074,0.002894,0.000024,0.002714,0.000011,0.001458,households
IP4,0.062915,0.144397,0.031890,0.088575,0.004065,0.009799,0.000962,0.001288,0.000009,0.000881,households
IP5,0.005597,0.044151,0.000643,0.013188,0.000121,0.000516,0.000040,0.000220,0.000018,0.000113,households
IP6,0.040103,0.107714,0.025314,0.063373,0.006367,0.026968,0.004467,0.013215,0.000011,0.010683,households
IP7,0.031422,0.068312,0.010718,0.025037,0.001589,0.002123,0.001536,0.001655,0.001522,0.001585,households
IP8,0.025234,0.065799,0.005535,0.030458,0.000114,0.010341,0.000038,0.001156,0.000017,0.000108,households
IP9,0.003459,0.027833,0.000592,0.011508,0.000111,0.000476,0.000036,0.000203,0.000017,0.000105,households
IP10,0.003242,0.007351,0.001449,0.003951,0.000272,0.001164,0.000089,0.000497,0.000041,0.000256,households
IP11,0.020024,0.077001,0.007403,0.034842,0.000893,0.001087,0.000019,0.000525,0.000009,0.000056,households
IP12,0.021721,0.065128,0.006991,0.027947,0.000143,0.003936,0.000018,0.001070,0.000008,0.001021,households
IP13,0.025636,0.041000,0.002363,0.009363,0.000516,0.001845,0.000484,0.000673,0.000007,0.000514,households
IP14,0.020946,0.051305,0.006737,0.024450,0.000311,0.004774,0.000177,0.000340,0.000005,0.000198,households
IP15,0.079586,0.101310,0.031865,0.067904,0.000318,0.001359,0.000104,0.000580,0.000048,0.000299,households
IP16,0.014276,0.036097,0.011993,0.017052,0.000169,0.001600,0.000056,0.000309,0.000025,0.000159,households
IP17,0.026905,0.055073,0.017905,0.032371,0.007721,0.019353,0.005631,0.013899,0.000521,0.009924,households
IP18,0.012795,0.015556,0.004351,0.013272,0.000183,0.000782,0.000060,0.000334,0.000028,0.000172,households
IP19,0.012102,0.030889,0.005692,0.010754,0.000095,0.000606,0.000031,0.000373,0.000014,0.000089,households
IP20,0.064586,0.118215,0.038299,0.080425,0.001390,0.035923,0.000055,0.015709,0.000025,0.000158,households
IP21,0.033475,0.064596,0.013602,0.033363,0.001831,0.006202,0.000034,0.000766,0.000016,0.000098,households
IP22,0.011272,0.051432,0.003974,0.019258,0.000638,0.003143,0.000022,0.002408,0.000010,0.000063,households
IP23,0.016800,0.060057,0.000865,0.004983,0.000163,0.000695,0.000053,0.000297,0.000024,0.000153,households
IP24,0.010382,0.049302,0.003176,0.018448,0.000073,0.002608,0.000024,0.000461,0.000011,0.000232,households
IP25,0.017049,0.044431,0.005118,0.019873,0.000088,0.000378,0.000029,0.000161,0.000013,0.000083,households
IP26,0.001893,0.039840,0.000846,0.019146,0.000159,0.006292,0.000052,0.000290,0.000024,0.000149,households
IP27,0.079269,0.136319,0.047234,0.086013,0.006789,0.025872,0.001021,0.006221,0.000016,0.001087,households
IP28,0.037994,0.083701,0.010685,0.044444,0.000065,0.004337,0.000021,0.000119,0.000010,0.000061,households
IP29,0.033620,0.048591,0.008534,0.028343,0.000133,0.000570,0.000044,0.000243,0.000020,0.000125,households
IP30,0.014126,0.039581,0.004782,0.017585,0.000705,0.003000,0.000643,0.002161,0.000014,0.000853,households
IP31,0.028893,0.071275,0.017120,0.047560,0.003767,0.015089,0.001437,0.004043,0.000011,0.001915,households
IP32,0.021965,0.047800,0.007240,0.027876,0.001862,0.015807,0.000040,0.011406,0.000019,0.005955,households
IP33,0.105984,0.150900,0.062587,0.116461,0.012315,0.077855,0.007498,0.045962,0.007073,0.023722,households
IV1,0.000000,0.000000,0.000000,0.000000,0.000000,0.000000,0.000000,0.000000,0.000000,0.000000,households
IV2,0.000000,0.000000,0.000000,0.000000,0.000000,0.000000,0.000000,0.000000,0.000000,0.000000,households
IV3,0.000000,0.000000,0.000000,0.000000,0.000000,0.000000,0.000000,0.000000,0.000000,0.000000,households
IV4,0.000000,0.000000,0.000000,0.000000,0.000000,0.000000,0.000000,0.000000,0.000000,0.000000,households
IV5,0.000000,0.000000,0.000000,0.000000,0.000000,0.000000,0.000000,0.000000,0.000000,0.000000,households
IV6,0.000000,0.000000,0.000000,0.000000,0.000000,0.000000,0.000000,0.000000,0.000000,0.000000,households
IV7,0.000000,0.000000,0.000000,0.000000,0.000000,0.000000,0.000000,0.000000,0.000000,0.000000,households
IV8,0.000000,0.000000,0.000000,0.000000,0.000000,0.000000,0.000000,0.000000,0.000000,0.000000,households
IV9,0.000000,0.000000,0.000000,0.000000,0.000000,0.000000,0.000000,0.000000,0.000000,0.000000,households
IV10,0.000000,0.000000,0.000000,0.000000,0.000000,0.000000,0.000000,0.000000,0.000000,0.000000,households
IV11,0.000000,0.000000,0.000000,0.000000,0.000000,0.000000,0.000000,0.000000,0.000000,0.000000,households
IV12,0.000000,0.000000,0.000000,0.000000,0.000000,0.000000,0.000000,0.000000,0.000000,0.000000,households
IV13,0.000000,0.000000,0.000000,0.000000,0.000000,0.000000,0.000000,0.000000,0.000000,0.000000,households
IV14,0.000000,0.000000,0.000000,0.000000,0.000000,0.000000,0.000000,0.000000,0.000000,0.000000,households
IV15,0.000000,0.000000,0.000000,0.000000,0.000000,0.000000,0.000000,0.000000,0.000000,0.000000,households
IV16,0.000000,0.000000,0.000000,0.000000,0.000000,0.000000,0.000000,0.000000,0.000000,0.000000,households
IV17,0.000000,0.000000,0.000000,0.000000,0.000000,0.000000,0.000000,0.000000,0.000000,0.000000,households
IV18,0.000000,0.000000,0.000000,0.000000,0.000000,0.000000,0.000000,0.000000,0.000000,0.000000,households
IV19,0.000000,0.000000,0.000000,0.000000,0.000000,0.000000,0.000000,0.000000,0.000000,0.000000,households
IV20,0.000000,0.000000,0.000000,0.000000,0.000000,0.000000,0.000000,0.000000,0.000000,0.000000,households
IV21,0.000000,0.000000,0.000000,0.000000,0.000000,0.000000,0.000000,0.000000,0.000000,0.000000,households
IV22,0.000000,0.000000,0.000000,0.000000,0.000000,0.000000,0.000000,0.000000,0.000000,0.000000,households
IV23,0.000000,0.000000,0.000000,0.000000,0.000000,0.000000,0.000000,0.000000,0.000000,0.000000,households
IV24,0.000000,0.000000,0.000000,0.000000,0.000000,0.000000,0.000000,0.000000,0.000000,0.000000,households
IV25,0.000000,0.000000,0.000000,0.000000,0.000000,0.000000,0.000000,0.000000,0.000000,0.000000,households
IV26,0.000000,0.000000,0.000000,0.000000,0.000000,0.000000,0.000000,0.000000,0.000000,0.000000,households
IV27,0.000000,0.000000,0.000000,0.000000,0.000000,0.000000,0.000000,0.000000,0.000000,0.000000,households
IV28,0.000000,0.000000,0.000000,0.000000,0.000000,0.000000,0.000000,0.000000,0.000000,0.000000,households
IV30,0.000000,0.000000,0.000000,0.000000,0.000000,0.000000,0.000000,0.000000,0.000000,0.000000,households
IV31,0.000000,0.000000,0.000000,0.000000,0.000000,0.000000,0.000000,0.000000,0.000000,0.000000,households
IV32,0.000000,0.000000,0.000000,0.000000,0.000000,0.000000,0.000000,0.000000,0.000000,0.000000,households
IV36,0.000000,0.000000,0.000000,0.000000,0.000000,0.000000,0.000000,0.000000,0.000000,0.000000,households
IV40,0.000000,0.000000,0.000000,0.000000,0.000000,0.000000,0.000000,0.000000,0.000000,0.000000,households
IV41,0.000000,0.000000,0.000000,0.000000,0.000000,0.000000,0.000000,0.000000,0.000000,0.000000,households
IV42,0.000000,0.000000,0.000000,0.000000,0.000000,0.000000,0.000000,0.000000,0.000000,0.000000,households
IV43,0.000000,0.000000,0.000000,0.000000,0.000000,0.000000,0.000000,0.000000,0.000000,0.000000,households
IV44,0.000000,0.000000,0.000000,0.000000,0.000000,0.000000,0.000000,0.000000,0.000000,0.000000,households
IV45,0.000000,0.000000,0.000000,0.000000,0.000000,0.000000,0.000000,0.000000,0.000000,0.000000,households
IV46,0.000000,0.000000,0.000000,0.000000,0.000000,0.000000,0.000000,0.000000,0.000000,0.000000,households
IV47,0.000000,0.000000,0.000000,0.000000,0.000000,0.000000,0.000000,0.000000,0.000000,0.000000,households
IV48,0.000000,0.000000,0.000000,0.000000,0.000000,0.000000,0.000000,0.000000,0.000000,0.000000,households
IV49,0.000000,0.000000,0.000000,0.000000,0.000000,0.000000,0.000000,0.000000,0.000000,0.000000,households
IV51,0.000000,0.000000,0.000000,0.000000,0.000000,0.000000,0.000000,0.000000,0.000000,0.000000,households
IV52,0.000000,0.000000,0.000000,0.000000,0.000000,0.000000,0.000000,0.000000,0.000000,0.000000,households
IV53,0.000000,0.000000,0.000000,0.000000,0.000000,0.000000,0.000000,0.000000,0.000000,0.000000,households
IV54,0.000000,0.000000,0.000000,0.000000,0.000000,0.000000,0.000000,0.000000,0.000000,0.000000,households
IV55,0.000000,0.000000,0.000000,0.000000,0.000000,0.000000,0.000000,0.000000,0.000000,0.000000,households
IV56,0.000000,0.000000,0.000000,0.000000,0.000000,0.000000,0.000000,0.000000,0.000000,0.000000,households
IV63,0.000000,0.000000,0.000000,0.000000,0.000000,0.000000,0.000000,0.000000,0.000000,0.000000,households
KA1,0.000000,0.000000,0.000000,0.000000,0.000000,0.000000,0.000000,0.000000,0.000000,0.000000,households
KA2,0.000000,0.000000,0.000000,0.000000,0.000000,0.000000,0.000000,0.000000,0.000000,0.000000,households
KA3,0.000000,0.000000,0.000000,0.000000,0.000000,0.000000,0.000000,0.000000,0.000000,0.000000,households
KA4,0.000000,0.000000,0.000000,0.000000,0.000000,0.000000,0.000000,0.000000,0.000000,0.000000,households
KA5,0.000000,0.000000,0.000000,0.000000,0.000000,0.000000,0.000000,0.000000,0.000000,0.000000,households
KA6,0.000000,0.000000,0.000000,0.000000,0.000000,0.000000,0.000000,0.000000,0.000000,0.000000,households
KA7,0.000000,0.000000,0.000000,0.000000,0.000000,0.000000,0.000000,0.000000,0.000000,0.000000,households
KA8,0.000000,0.000000,0.000000,0.000000,0.000000,0.000000,0.000000,0.000000,0.000000,0.000000,households
KA9,0.000000,0.000000,0.000000,0.000000,0.000000,0.000000,0.000000,0.000000,0.000000,0.000000,households
KA10,0.000000,0.000000,0.000000,0.000000,0.000000,0.000000,0.000000,0.000000,0.000000,0.000000,households
KA11,0.000000,0.000000,0.000000,0.000000,0.000000,0.000000,0.000000,0.000000,0.000000,0.000000,households
KA12,0.000000,0.000000,0.000000,0.000000,0.000000,0.000000,0.000000,0.000000,0.000000,0.000000,households
KA13,0.000000,0.000000,0.000000,0.000000,0.000000,0.000000,0.000000,0.000000,0.000000,0.000000,households
KA14,0.000000,0.000000,0.000000,0.000000,0.000000,0.000000,0.000000,0.000000,0.000000,0.000000,households
KA15,0.000000,0.000000,0.000000,0.000000,0.000000,0.000000,0.000000,0.000000,0.000000,0.000000,households
KA16,0.000000,0.000000,0.000000,0.000000,0.000000,0.000000,0.000000,0.000000,0.000000,0.000000,households
KA17,0.000000,0.000000,0.000000,0.000000,0.000000,0.000000,0.000000,0.000000,0.000000,0.000000,households
KA18,0.000000,0.000000,0.000000,0.000000,0.000000,0.000000,0.000000,0.000000,0.000000,0.000000,households
KA19,0.000000,0.000000,0.000000,0.000000,0.000000,0.000000,0.000000,0.000000,0.000000,0.000000,households
KA20,0.000000,0.000000,0.000000,0.000000,0.000000,0.000000,0.000000,0.000000,0.000000,0.000000,households
KA21,0.000000,0.000000,0.000000,0.000000,0.000000,0.000000,0.000000,0.000000,0.000000,0.000000,households
KA22,0.000000,0.000000,0.000000,0.000000,0.000000,0.000000,0.000000,0.000000,0.000000,0.000000,households
KA23,0.000000,0.000000,0.000000,0.000000,0.000000,0.000000,0.000000,0.000000,0.000000,0.000000,households
KA24,0.000000,0.000000,0.000000,0.000000,0.000000,0.000000,0.000000,0.000000,0.000000,0.000000,households
KA25,0.000000,0.000000,0.000000,0.000000,0.000000,0.000000,0.000000,0.000000,0.000000,0.000000,households
KA26,0.000000,0.000000,0.000000,0.000000,0.000000,0.000000,0.000000,0.000000,0.000000,0.000000,households
KA27,0.000000,0.000000,0.000000,0.000000,0.000000,0.000000,0.000000,0.000000,0.000000,0.000000,households
KA28,0.000000,0.000000,0.000000,0.000000,0.000000,0.000000,0.000000,0.000000,0.000000,0.000000,households
KA29,0.000000,0.000000,0.000000,0.000000,0.000000,0.000000,0.000000,0.000000,0.000000,0.000000,households
KA30,0.000000,0.000000,0.000000,0.000000,0.000000,0.000000,0.000000,0.000000,0.000000,0.000000,households
KT1,0.014534,0.122322,0.008598,0.052395,0.000074,0.010271,0.000009,0.004170,0.000004,0.000034,households
KT2,0.063377,0.218152,0.027752,0.136451,0.006528,0.030223,0.000009,0.010563,0.000004,0.006046,households
KT3,0.023766,0.131218,0.009092,0.070737,0.000063,0.011832,0.000008,0.003340,0.000004,0.003283,households
KT4,0.061103,0.127165,0.036769,0.090069,0.000091,0.014197,0.000011,0.000125,0.000005,0.000042,households
KT5,0.023425,0.069682,0.008469,0.043114,0.000121,0.009055,0.000015,0.000167,0.000007,0.000057,households
KT6,0.052332,0.158772,0.022834,0.090476,0.001115,0.025099,0.000008,0.001139,0.000004,0.000030,households
KT7,0.052934,0.101904,0.036601,0.062733,0.000172,0.034445,0.000022,0.016877,0.000010,0.000080,households
KT8,0.011679,0.070019,0.000663,0.029419,0.000106,0.000580,0.000013,0.000146,0.000006,0.000050,households
KT9,0.018348,0.159101,0.000736,0.086029,0.000118,0.025359,0.000015,0.004718,0.000007,0.000055,households
KT10,0.056832,0.105458,0.016731,0.047763,0.008781,0.017021,0.003185,0.006343,0.003179,0.005446,households
KT11,0.059449,0.152150,0.023977,0.072519,0.005153,0.012831,0.000169,0.004870,0.000005,0.000042,households
KT12,0.005896,0.065084,0.001132,0.023001,0.000048,0.000261,0.000006,0.000066,0.000003,0.000022,households
KT13,0.027595,0.059414,0.014067,0.032758,0.002596,0.005300,0.000210,0.001199,0.000004,0.000231,households
KT14,0.005276,0.063464,0.000720,0.026804,0.000115,0.010064,0.000015,0.000159,0.000007,0.000054,households
KT15,0.005472,0.037223,0.000542,0.006791,0.000062,0.000337,0.000008,0.000085,0.000004,0.000029,households
KT16,0.014922,0.050230,0.007980,0.030242,0.000075,0.004669,0.000009,0.000103,0.000004,0.000035,households
KT17,0.036550,0.115567,0.010737,0.058829,0.002891,0.016531,0.001469,0.005838,0.000004,0.004999,households
KT18,0.030093,0.084164,0.021611,0.061700,0.006311,0.016908,0.000012,0.003831,0.000005,0.000043,households
KT19,0.035510,0.070628,0.016119,0.039140,0.000949,0.003481,0.000008,0.001925,0.000004,0.000030,households
KT20,0.010720,0.019957,0.003182,0.008683,0.000071,0.004772,0.000009,0.000097,0.000004,0.000033,households
KT21,0.043131,0.101808,0.026770,0.057585,0.009644,0.017833,0.000015,0.008159,0.000007,0.000056,households
KT22,0.067335,0.131246,0.040353,0.084098,0.011994,0.033316,0.000380,0.008283,0.000376,0.001424,households
KT23,0.017013,0.084463,0.006664,0.027471,0.000120,0.000658,0.000015,0.000166,0.000007,0.000056,households
KT24,0.020854,0.052320,0.018139,0.021234,0.004600,0.010137,0.004497,0.004645,0.000007,0.000055,households
KW1,0.000000,0.000000,0.000000,0.000000,0.000000,0.000000,0.000000,0.000000,0.000000,0.000000,households
KW2,0.000000,0.000000,0.000000,0.000000,0.000000,0.000000,0.000000,0.000000,0.000000,0.000000,households
KW3,0.000000,0.000000,0.000000,0.000000,0.000000,0.000000,0.000000,0.000000,0.000000,0.000000,households
KW5,0.000000,0.000000,0.000000,0.000000,0.000000,0.000000,0.000000,0.000000,0.000000,0.000000,households
KW6,0.000000,0.000000,0.000000,0.000000,0.000000,0.000000,0.000000,0.000000,0.000000,0.000000,households
KW7,0.000000,0.000000,0.000000,0.000000,0.000000,0.000000,0.000000,0.000000,0.000000,0.000000,households
KW8,0.000000,0.000000,0.000000,0.000000,0.000000,0.000000,0.000000,0.000000,0.000000,0.000000,households
KW9,0.000000,0.000000,0.000000,0.000000,0.000000,0.000000,0.000000,0.000000,0.000000,0.000000,households
KW10,0.000000,0.000000,0.000000,0.000000,0.000000,0.000000,0.000000,0.000000,0.000000,0.000000,households
KW11,0.000000,0.000000,0.000000,0.000000,0.000000,0.000000,0.000000,0.000000,0.000000,0.000000,households
KW12,0.000000,0.000000,0.000000,0.000000,0.000000,0.000000,0.000000,0.000000,0.000000,0.000000,households
KW13,0.000000,0.000000,0.000000,0.000000,0.000000,0.000000,0.000000,0.000000,0.000000,0.000000,households
KW14,0.000000,0.000000,0.000000,0.000000,0.000000,0.000000,0.000000,0.000000,0.000000,0.000000,households
KW15,0.000000,0.000000,0.000000,0.000000,0.000000,0.000000,0.000000,0.000000,0.000000,0.000000,households
KW16,0.000000,0.000000,0.000000,0.000000,0.000000,0.000000,0.000000,0.000000,0.000000,0.000000,households
KW17,0.000000,0.000000,0.000000,0.000000,0.000000,0.000000,0.000000,0.000000,0.000000,0.000000,households
KY1,0.000000,0.000000,0.000000,0.000000,0.000000,0.000000,0.000000,0.000000,0.000000,0.000000,households
KY2,0.000000,0.000000,0.000000,0.000000,0.000000,0.000000,0.000000,0.000000,0.000000,0.000000,households
KY3,0.000000,0.000000,0.000000,0.000000,0.000000,0.000000,0.000000,0.000000,0.000000,0.000000,households
KY4,0.000000,0.000000,0.000000,0.000000,0.000000,0.000000,0.000000,0.000000,0.000000,0.000000,households
KY5,0.000000,0.000000,0.000000,0.000000,0.000000,0.000000,0.000000,0.000000,0.000000,0.000000,households
KY6,0.000000,0.000000,0.000000,0.000000,0.000000,0.000000,0.000000,0.000000,0.000000,0.000000,households
KY7,0.000000,0.000000,0.000000,0.000000,0.000000,0.000000,0.000000,0.000000,0.000000,0.000000,households
KY8,0.000000,0.000000,0.000000,0.000000,0.000000,0.000000,0.000000,0.000000,0.000000,0.000000,households
KY9,0.000000,0.000000,0.000000,0.000000,0.000000,0.000000,0.000000,0.000000,0.000000,0.000000,households
KY10,0.000000,0.000000,0.000000,0.000000,0.000000,0.000000,0.000000,0.000000,0.000000,0.000000,households
KY11,0.000000,0.000000,0.000000,0.000000,0.000000,0.000000,0.000000,0.000000,0.000000,0.000000,households
KY12,0.000000,0.000000,0.000000,0.000000,0.000000,0.000000,0.000000,0.000000,0.000000,0.000000,households
KY13,0.000000,0.000000,0.000000,0.000000,0.000000,0.000000,0.000000,0.000000,0.000000,0.000000,households
KY14,0.000000,0.000000,0.000000,0.000000,0.000000,0.000000,0.000000,0.000000,0.000000,0.000000,households
KY15,0.000000,0.000000,0.000000,0.000000,0.000000,0.000000,0.000000,0.000000,0.000000,0.000000,households
KY16,0.000000,0.000000,0.000000,0.000000,0.000000,0.000000,0.000000,0.000000,0.000000,0.000000,households
L1,0.089569,0.186508,0.020768,0.153207,0.009278,0.031375,0.001349,0.011071,0.000007,0.005689,households
L2,0.036358,0.164507,0.013595,0.076057,0.000237,0.013377,0.000098,0.012247,0.000019,0.011897,households
L3,0.025503,0.107638,0.003809,0.023639,0.000075,0.001594,0.000031,0.000163,0.000006,0.000053,households
L4,0.060654,0.172310,0.033137,0.114955,0.005737,0.049248,0.002838,0.024187,0.000217,0.001843,households
L5,0.013164,0.049538,0.010982,0.026202,0.000091,0.001881,0.000037,0.000198,0.000007,0.000064,households
L6,0.040414,0.129993,0.008756,0.078242,0.003119,0.011188,0.000032,0.001513,0.000006,0.000055,households
L7,0.025008,0.063733,0.015494,0.044981,0.000087,0.010924,0.000036,0.000190,0.000007,0.000061,households
L8,0.027028,0.068457,0.017529,0.060106,0.002330,0.010597,0.001068,0.002460,0.000005,0.000041,households
L9,0.023840,0.114805,0.011306,0.076754,0.000065,0.027256,0.000027,0.006861,0.000005,0.000046,households
L10,0.010386,0.034775,0.001478,0.004067,0.000134,0.000928,0.000055,0.000291,0.000011,0.000094,households
L11,0.031401,0.092556,0.011114,0.052010,0.000803,0.004562,0.000030,0.000889,0.000006,0.000052,households
L12,0.017119,0.101186,0.007055,0.051586,0.000069,0.010211,0.000028,0.000150,0.000006,0.000048,households
L13,0.044209,0.125418,0.025516,0.090727,0.000072,0.027613,0.000030,0.005204,0.000006,0.000051,households
L14,0.028764,0.126562,0.008921,0.057027,0.001393,0.012938,0.000034,0.001491,0.000007,0.000058,households
L15,0.033336,0.125222,0.009137,0.086202,0.000085,0.005863,0.000035,0.000185,0.000007,0.000060,households
L16,0.021290,0.065747,0.004360,0.052054,0.000156,0.001085,0.000064,0.000340,0.000013,0.000110,households
L17,0.028958,0.085060,0.021795,0.054982,0.006265,0.020857,0.000036,0.004309,0.000007,0.001005,households
L18,0.054925,0.102208,0.022996,0.078485,0.000075,0.007392,0.000031,0.000163,0.000006,0.000052,households
L19,0.034606,0.100724,0.024494,0.070091,0.002152,0.036566,0.001564,0.029334,0.000007,0.017335,households
L20,0.072015,0.132411,0.025954,0.054510,0.011893,0.018587,0.011804,0.011945,0.002361,0.011817,households
L21,0.052134,0.094087,0.027709,0.046902,0.004122,0.024023,0.001926,0.007050,0.001903,0.002463,households
L22,0.085293,0.141877,0.024602,0.067527,0.000141,0.015461,0.000058,0.000308,0.000011,0.000099,households
L23,0.088380,0.140816,0.032591,0.073219,0.004521,0.017811,0.000024,0.001689,0.000005,0.000041,households
L24,0.004754,0.087493,0.002193,0.043915,0.000101,0.005911,0.000042,0.000220,0.000008,0.000071,households
L25,0.024294,0.073493,0.019256,0.048093,0.000427,0.016623,0.000020,0.005345,0.000004,0.000034,households
L26,0.015258,0.062475,0.006761,0.026296,0.000108,0.000747,0.000044,0.000234,0.000009,0.000076,households
L27,0.029284,0.173197,0.025387,0.102374,0.000233,0.038762,0.000096,0.021344,0.000019,0.000164,households
L28,0.060832,0.125582,0.016007,0.075827,0.000302,0.015729,0.000124,0.000657,0.000024,0.000212,households
L29,0.017582,0.045968,0.007634,0.026433,0.000970,0.006742,0.000400,0.002113,0.000079,0.000682,households
L30,0.041999,0.076050,0.015873,0.027214,0.000090,0.007607,0.000037,0.000195,0.000007,0.000063,households
L31,0.084725,0.120788,0.044546,0.078084,0.004391,0.012626,0.000021,0.000261,0.000004,0.000186,households
L32,0.012218,0.030276,0.000592,0.013756,0.000075,0.000522,0.000031,0.000164,0.000006,0.000053,households
L33,0.013594,0.035853,0.000833,0.005831,0.000075,0.000520,0.000031,0.000163,0.000006,0.000053,households
L34,0.031350,0.053720,0.006022,0.025560,0.000086,0.010528,0.000035,0.000186,0.000007,0.000060,households
L35,0.007705,0.062948,0.003414,0.027630,0.000054,0.002991,0.000022,0.001313,0.000004,0.000038,households
L36,0.032067,0.093504,0.014973,0.049551,0.001681,0.013677,0.000017,0.002550,0.000003,0.001669,households
L37,0.030583,0.063474,0.008037,0.020152,0.000059,0.000410,0.000024,0.000129,0.000005,0.000042,households
L38,0.042278,0.052297,0.013215,0.030372,0.000342,0.002379,0.000141,0.000746,0.000028,0.000241,households
L39,0.021018,0.054465,0.006174,0.019131,0.002025,0.002347,0.000022,0.000118,0.000004,0.000038,households
L40,0.016184,0.030565,0.009124,0.019172,0.002301,0.011761,0.002260,0.006025,0.000006,0.002281,households
LA1,0.029425,0.076004,0.020641,0.046723,0.005569,0.016365,0.003787,0.005766,0.000856,0.000873,households
LA2,0.025465,0.059876,0.007851,0.033877,0.002745,0.004193,0.000027,0.002020,0.000006,0.000028,households
LA3,0.017190,0.070233,0.002993,0.038022,0.000093,0.005710,0.000035,0.000124,0.000008,0.000037,households
LA4,0.026654,0.072379,0.010388,0.034161,0.001472,0.006065,0.000036,0.001504,0.000008,0.000037,households
LA5,0.023318,0.064480,0.005773,0.045149,0.000120,0.017193,0.000045,0.000291,0.000010,0.000047,households
LA6,0.019649,0.047898,0.010047,0.019076,0.005186,0.010671,0.000039,0.005549,0.000009,0.003976,households
LA7,0.018480,0.039501,0.001133,0.021790,0.000313,0.001036,0.000118,0.000418,0.000026,0.000124,households
LA8,0.011336,0.020001,0.010774,0.011885,0.004052,0.004370,0.000052,0.000184,0.000011,0.000054,households
LA9,0.035864,0.094304,0.025375,0.055714,0.006702,0.016384,0.001234,0.005056,0.000006,0.000031,households
LA10,0.016952,0.026162,0.005769,0.008178,0.000298,0.002160,0.000113,0.000399,0.000025,0.000118,households
LA11,0.014280,0.024019,0.009412,0.015923,0.004978,0.005348,0.004878,0.005032,0.004831,0.004881,households
LA12,0.016091,0.047381,0.005893,0.015030,0.000907,0.003369,0.000028,0.002078,0.000006,0.001696,households
LA13,0.046329,0.137399,0.025116,0.096816,0.014722,0.049461,0.008220,0.038806,0.000011,0.013239,households
LA14,0.027153,0.102830,0.009537,0.053917,0.001880,0.010732,0.000023,0.002782,0.000005,0.000520,households
LA15,0.023664,0.062844,0.011644,0.044307,0.002345,0.003970,0.000094,0.000334,0.000021,0.000099,households
LA16,0.015942,0.054914,0.001939,0.049397,0.000535,0.013000,0.000203,0.000716,0.000044,0.000212,households
LA17,0.039120,0.056529,0.007443,0.014669,0.000895,0.002964,0.000338,0.001197,0.000074,0.000354,households
LA18,0.035577,0.085364,0.012773,0.023489,0.000224,0.005832,0.000085,0.000299,0.000019,0.000089,households
LA19,0.006050,0.026601,0.002844,0.009187,0.000785,0.002601,0.000297,0.001051,0.000065,0.000311,households
LA20,0.023611,0.052422,0.011652,0.017037,0.000667,0.002209,0.000252,0.000892,0.000055,0.000264,households
LA21,0.062360,0.070612,0.023189,0.033472,0.000625,0.002072,0.000237,0.000837,0.000052,0.000248,households
LA22,0.065412,0.078062,0.013999,0.023929,0.004184,0.005943,0.000070,0.000246,0.000015,0.000073,households
LA23,0.039280,0.063419,0.013918,0.043897,0.000143,0.002245,0.000054,0.000192,0.000012,0.000057,households
LD1,0.000000,0.000000,0.000000,0.000000,0.000000,0.000000,0.000000,0.000000,0.000000,0.000000,households
LD2,0.000000,0.000000,0.000000,0.000000,0.000000,0.000000,0.000000,0.000000,0.000000,0.000000,households
LD3,0.000000,0.000000,0.000000,0.000000,0.000000,0.000000,0.000000,0.000000,0.000000,0.000000,households
LD4,0.000000,0.000000,0.000000,0.000000,0.000000,0.000000,0.000000,0.000000,0.000000,0.000000,households
LD5,0.000000,0.000000,0.000000,0.000000,0.000000,0.000000,0.000000,0.000000,0.000000,0.000000,households
LD6,0.000000,0.000000,0.000000,0.000000,0.000000,0.000000,0.000000,0.000000,0.000000,0.000000,households
LD7,0.000000,0.000000,0.000000,0.000000,0.000000,0.000000,0.000000,0.000000,0.000000,0.000000,households
LD8,0.000000,0.000000,0.000000,0.000000,0.000000,0.000000,0.000000,0.000000,0.000000,0.000000,households
LE1,0.073162,0.325514,0.035336,0.187886,0.000029,0.040625,0.000005,0.002909,0.000000,0.000025,households
LE2,0.048355,0.124621,0.022588,0.070995,0.001874,0.015293,0.000135,0.004195,0.000133,0.003205,households
LE3,0.037931,0.099206,0.018819,0.057631,0.001540,0.014732,0.000002,0.004636,0.000000,0.000103,households
LE4,0.030868,0.149052,0.009494,0.080303,0.001270,0.018197,0.000002,0.002878,0.000000,0.000960,households
LE5,0.029015,0.091183,0.010807,0.037783,0.000013,0.005439,0.000002,0.000031,0.000000,0.000011,households
LE6,0.045185,0.091703,0.020889,0.054062,0.000070,0.000646,0.000013,0.000163,0.000001,0.000060,households
LE7,0.020226,0.071039,0.012985,0.042536,0.001261,0.006972,0.001249,0.003082,0.000000,0.003059,households
LE8,0.022295,0.072286,0.007147,0.032258,0.001509,0.004947,0.000004,0.001538,0.000000,0.000018,households
LE9,0.019310,0.049661,0.009560,0.025435,0.001524,0.006639,0.001512,0.004446,0.000000,0.001522,households
LE10,0.024831,0.046928,0.007399,0.027961,0.000017,0.002591,0.000003,0.000040,0.000000,0.000015,households
LE11,0.035584,0.109535,0.011566,0.044060,0.001282,0.004522,0.000003,0.000039,0.000000,0.000014,households
LE12,0.031743,0.071547,0.006660,0.040854,0.001319,0.004066,0.000002,0.001938,0.000000,0.001083,households
LE13,0.020617,0.071276,0.006770,0.026687,0.000030,0.000280,0.000006,0.000071,0.000000,0.000026,households
LE14,0.043516,0.081087,0.029088,0.059575,0.004774,0.024486,0.000005,0.002812,0.000000,0.000148,households
LE15,0.010092,0.047061,0.005217,0.016916,0.000017,0.005150,0.000003,0.003749,0.000000,0.001026,households
LE16,0.073343,0.135430,0.023091,0.060278,0.000381,0.004279,0.000185,0.000224,0.000000,0.000197,households
LE17,0.019225,0.051561,0.007320,0.023714,0.000023,0.007430,0.000004,0.002459,0.000000,0.000822,households
LE18,0.027942,0.075153,0.013121,0.048686,0.000027,0.010639,0.000005,0.004273,0.000000,0.000024,households
LE19,0.008197,0.051222,0.002576,0.014747,0.000039,0.004349,0.000007,0.000092,0.000001,0.000034,households
LE65,0.020770,0.052560,0.001448,0.020643,0.000040,0.001292,0.000008,0.000094,0.000001,0.000035,households
LE67,0.025415,0.061485,0.004507,0.023482,0.000012,0.000115,0.000002,0.000029,0.000000,0.000011,households
LL11,0.000000,0.000000,0.000000,0.000000,0.000000,0.000000,0.000000,0.000000,0.000000,0.000000,households
LL12,0.000000,0.000000,0.000000,0.000000,0.000000,0.000000,0.000000,0.000000,0.000000,0.000000,households
LL13,0.000000,0.000000,0.000000,0.000000,0.000000,0.000000,0.000000,0.000000,0.000000,0.000000,households
LL14,0.000000,0.000000,0.000000,0.000000,0.000000,0.000000,0.000000,0.000000,0.000000,0.000000,households
LL15,0.000000,0.000000,0.000000,0.000000,0.000000,0.000000,0.000000,0.000000,0.000000,0.000000,households
LL16,0.000000,0.000000,0.000000,0.000000,0.000000,0.000000,0.000000,0.000000,0.000000,0.000000,households
LL17,0.000000,0.000000,0.000000,0.000000,0.000000,0.000000,0.000000,0.000000,0.000000,0.000000,households
LL18,0.000000,0.000000,0.000000,0.000000,0.000000,0.000000,0.000000,0.000000,0.000000,0.000000,households
LL19,0.000000,0.000000,0.000000,0.000000,0.000000,0.000000,0.000000,0.000000,0.000000,0.000000,households
LL20,0.000000,0.000000,0.000000,0.000000,0.000000,0.000000,0.000000,0.000000,0.000000,0.000000,households
LL21,0.000000,0.000000,0.000000,0.000000,0.000000,0.000000,0.000000,0.000000,0.000000,0.000000,households
LL22,0.000000,0.000000,0.000000,0.000000,0.000000,0.000000,0.000000,0.000000,0.000000,0.000000,households
LL23,0.000000,0.000000,0.000000,0.000000,0.000000,0.000000,0.000000,0.000000,0.000000,0.000000,households
LL24,0.000000,0.000000,0.000000,0.000000,0.000000,0.000000,0.000000,0.000000,0.000000,0.000000,households
LL25,0.000000,0.000000,0.000000,0.000000,0.000000,0.000000,0.000000,0.000000,0.000000,0.000000,households
LL26,0.000000,0.000000,0.000000,0.000000,0.000000,0.000000,0.000000,0.000000,0.000000,0.000000,households
LL27,0.000000,0.000000,0.000000,0.000000,0.000000,0.000000,0.000000,0.000000,0.000000,0.000000,households
LL28,0.000000,0.000000,0.000000,0.000000,0.000000,0.000000,0.000000,0.000000,0.000000,0.000000,households
LL29,0.000000,0.000000,0.000000,0.000000,0.000000,0.000000,0.000000,0.000000,0.000000,0.000000,households
LL30,0.000000,0.000000,0.000000,0.000000,0.000000,0.000000,0.000000,0.000000,0.000000,0.000000,households
LL31,0.000000,0.000000,0.000000,0.000000,0.000000,0.000000,0.000000,0.000000,0.000000,0.000000,households
LL32,0.000000,0.000000,0.000000,0.000000,0.000000,0.000000,0.000000,0.000000,0.000000,0.000000,households
LL33,0.000000,0.000000,0.000000,0.000000,0.000000,0.000000,0.000000,0.000000,0.000000,0.000000,households
LL34,0.000000,0.000000,0.000000,0.000000,0.000000,0.000000,0.000000,0.000000,0.000000,0.000000,households
LL35,0.000000,0.000000,0.000000,0.000000,0.000000,0.000000,0.000000,0.000000,0.000000,0.000000,households
LL36,0.000000,0.000000,0.000000,0.000000,0.000000,0.000000,0.000000,0.000000,0.000000,0.000000,households
LL37,0.000000,0.000000,0.000000,0.000000,0.000000,0.000000,0.000000,0.000000,0.000000,0.000000,households
LL38,0.000000,0.000000,0.000000,0.000000,0.000000,0.000000,0.000000,0.000000,0.000000,0.000000,households
LL39,0.000000,0.000000,0.000000,0.000000,0.000000,0.000000,0.000000,0.000000,0.000000,0.000000,households
LL40,0.000000,0.000000,0.000000,0.000000,0.000000,0.000000,0.000000,0.000000,0.000000,0.000000,households
LL41,0.000000,0.000000,0.000000,0.000000,0.000000,0.000000,0.000000,0.000000,0.000000,0.000000,households
LL42,0.000000,0.000000,0.000000,0.000000,0.000000,0.000000,0.000000,0.000000,0.000000,0.000000,households
LL43,0.000000,0.000000,0.000000,0.000000,0.000000,0.000000,0.000000,0.000000,0.000000,0.000000,households
LL44,0.000000,0.000000,0.000000,0.000000,0.000000,0.000000,0.000000,0.000000,0.000000,0.000000,households
LL45,0.000000,0.000000,0.000000,0.000000,0.000000,0.000000,0.000000,0.000000,0.000000,0.000000,households
LL46,0.000000,0.000000,0.000000,0.000000,0.000000,0.000000,0.000000,0.000000,0.000000,0.000000,households
LL47,0.000000,0.000000,0.000000,0.000000,0.000000,0.000000,0.000000,0.000000,0.000000,0.000000,households
LL48,0.000000,0.000000,0.000000,0.000000,0.000000,0.000000,0.000000,0.000000,0.000000,0.000000,households
LL49,0.000000,0.000000,0.000000,0.000000,0.000000,0.000000,0.000000,0.000000,0.000000,0.000000,households
LL51,0.000000,0.000000,0.000000,0.000000,0.000000,0.000000,0.000000,0.000000,0.000000,0.000000,households
LL52,0.000000,0.000000,0.000000,0.000000,0.000000,0.000000,0.000000,0.000000,0.000000,0.000000,households
LL53,0.000000,0.000000,0.000000,0.000000,0.000000,0.000000,0.000000,0.000000,0.000000,0.000000,households
LL54,0.000000,0.000000,0.000000,0.000000,0.000000,0.000000,0.000000,0.000000,0.000000,0.000000,households
LL55,0.000000,0.000000,0.000000,0.000000,0.000000,0.000000,0.000000,0.000000,0.000000,0.000000,households
LL56,0.000000,0.000000,0.000000,0.000000,0.000000,0.000000,0.000000,0.000000,0.000000,0.000000,households
LL57,0.000000,0.000000,0.000000,0.000000,0.000000,0.000000,0.000000,0.000000,0.000000,0.000000,households
LL58,0.000000,0.000000,0.000000,0.000000,0.000000,0.000000,0.000000,0.000000,0.000000,0.000000,households
LL59,0.000000,0.000000,0.000000,0.000000,0.000000,0.000000,0.000000,0.000000,0.000000,0.000000,households
LL60,0.000000,0.000000,0.000000,0.000000,0.000000,0.000000,0.000000,0.000000,0.000000,0.000000,households
LL61,0.000000,0.000000,0.000000,0.000000,0.000000,0.000000,0.000000,0.000000,0.000000,0.000000,households
LL62,0.000000,0.000000,0.000000,0.000000,0.000000,0.000000,0.000000,0.000000,0.000000,0.000000,households
LL63,0.000000,0.000000,0.000000,0.000000,0.000000,0.000000,0.000000,0.000000,0.000000,0.000000,households
LL64,0.000000,0.000000,0.000000,0.000000,0.000000,0.000000,0.000000,0.000000,0.000000,0.000000,households
LL65,0.000000,0.000000,0.000000,0.000000,0.000000,0.000000,0.000000,0.000000,0.000000,0.000000,households
LL66,0.000000,0.000000,0.000000,0.000000,0.000000,0.000000,0.000000,0.000000,0.000000,0.000000,households
LL67,0.000000,0.000000,0.000000,0.000000,0.000000,0.000000,0.000000,0.000000,0.000000,0.000000,households
LL68,0.000000,0.000000,0.000000,0.000000,0.000000,0.000000,0.000000,0.000000,0.000000,0.000000,households
LL69,0.000000,0.000000,0.000000,0.000000,0.000000,0.000000,0.000000,0.000000,0.000000,0.000000,households
LL70,0.000000,0.000000,0.000000,0.000000,0.000000,0.000000,0.000000,0.000000,0.000000,0.000000,households
LL71,0.000000,0.000000,0.000000,0.000000,0.000000,0.000000,0.000000,0.000000,0.000000,0.000000,households
LL72,0.000000,0.000000,0.000000,0.000000,0.000000,0.000000,0.000000,0.000000,0.000000,0.000000,households
LL73,0.000000,0.000000,0.000000,0.000000,0.000000,0.000000,0.000000,0.000000,0.000000,0.000000,households
LL74,0.000000,0.000000,0.000000,0.000000,0.000000,0.000000,0.000000,0.000000,0.000000,0.000000,households
LL75,0.000000,0.000000,0.000000,0.000000,0.000000,0.000000,0.000000,0.000000,0.000000,0.000000,households
LL76,0.000000,0.000000,0.000000,0.000000,0.000000,0.000000,0.000000,0.000000,0.000000,0.000000,households
LL77,0.000000,0.000000,0.000000,0.000000,0.000000,0.000000,0.000000,0.000000,0.000000,0.000000,households
LL78,0.000000,0.000000,0.000000,0.000000,0.000000,0.000000,0.000000,0.000000,0.000000,0.000000,households
LN1,0.038878,0.100381,0.017985,0.053959,0.001949,0.008446,0.000002,0.003674,0.000000,0.000003,households
LN2,0.023879,0.051587,0.012697,0.024248,0.000013,0.008084,0.000001,0.000017,0.000000,0.000003,households
LN3,0.013613,0.031208,0.005067,0.018352,0.000046,0.000201,0.000005,0.000064,0.000000,0.000010,households
LN4,0.010031,0.026046,0.004969,0.015765,0.003489,0.004899,0.000001,0.003665,0.000000,0.000003,households
LN5,0.064592,0.173836,0.025238,0.087177,0.000015,0.002547,0.000001,0.000021,0.000000,0.000003,households
LN6,0.012283,0.061055,0.002099,0.016122,0.000047,0.000707,0.000001,0.000050,0.000000,0.000002,households
LN7,0.009967,0.027586,0.000738,0.014564,0.000051,0.003794,0.000005,0.003643,0.000000,0.003583,households
LN8,0.015171,0.036700,0.005827,0.018207,0.000021,0.000571,0.000002,0.000029,0.000000,0.000004,households
LN9,0.013578,0.017494,0.004746,0.006994,0.000036,0.000155,0.000004,0.000049,0.000000,0.000008,households
LN10,0.015333,0.044488,0.004738,0.012643,0.000065,0.000281,0.000007,0.000090,0.000000,0.000014,households
LN11,0.054076,0.098072,0.020901,0.052124,0.000742,0.000783,0.000731,0.000747,0.000000,0.000732,households
LN12,0.001156,0.018532,0.000461,0.001391,0.000032,0.000138,0.000003,0.000044,0.000000,0.000007,households
LN13,0.023976,0.063193,0.011326,0.017639,0.000041,0.000179,0.000004,0.000057,0.000000,0.000009,households
LS1,0.080834,0.166630,0.050645,0.134827,0.000097,0.065128,0.000043,0.030402,0.000023,0.000059,households
LS2,0.078318,0.149321,0.035785,0.104570,0.000106,0.011656,0.000047,0.000137,0.000025,0.000064,households
LS3,0.014440,0.019452,0.012214,0.014939,0.000287,0.001096,0.000126,0.000371,0.000069,0.000174,households
LS4,0.044901,0.090393,0.012475,0.052806,0.008451,0.012511,0.000299,0.002682,0.000041,0.002341,households
LS5,0.019309,0.039451,0.006615,0.017573,0.000167,0.000638,0.000074,0.000216,0.000040,0.000101,households
LS6,0.027676,0.063128,0.014758,0.031673,0.000044,0.005014,0.000019,0.000057,0.000010,0.000026,households
LS7,0.017215,0.033906,0.004008,0.012863,0.000056,0.001505,0.000025,0.000072,0.000013,0.000034,households
LS8,0.032154,0.054456,0.016947,0.033977,0.002720,0.011027,0.001461,0.004020,0.000010,0.002240,households
LS9,0.063496,0.102598,0.036840,0.067511,0.007452,0.012091,0.007113,0.007465,0.005108,0.007120,households
LS10,0.016958,0.053640,0.007327,0.026963,0.000100,0.008372,0.000019,0.000629,0.000010,0.000026,households
LS11,0.039542,0.094044,0.024225,0.058797,0.001222,0.013322,0.000018,0.000054,0.000010,0.000025,households
LS12,0.024748,0.057107,0.007449,0.020153,0.002032,0.002422,0.000664,0.000691,0.000008,0.000019,households
LS13,0.026708,0.056400,0.006941,0.024951,0.001697,0.008197,0.001259,0.002182,0.000837,0.001266,households
LS14,0.021467,0.063397,0.014545,0.028980,0.001812,0.010195,0.000017,0.005783,0.000009,0.001501,households
LS15,0.024285,0.042438,0.011587,0.026646,0.002085,0.004610,0.000389,0.000421,0.000381,0.000395,households
LS16,0.023857,0.059991,0.000536,0.021578,0.000038,0.004954,0.000017,0.002213,0.000009,0.000023,households
LS17,0.022723,0.053477,0.006954,0.017653,0.000876,0.006245,0.000859,0.001255,0.000853,0.001234,households
LS18,0.014858,0.043938,0.006010,0.016347,0.000806,0.001005,0.000031,0.000091,0.000017,0.000043,households
LS19,0.022876,0.042594,0.013029,0.015257,0.000385,0.000575,0.000030,0.000087,0.000016,0.000041,households
LS20,0.049519,0.085763,0.018715,0.037087,0.000274,0.010794,0.000046,0.007463,0.000025,0.000233,households
LS21,0.041437,0.104710,0.014022,0.040153,0.002605,0.003005,0.000026,0.000078,0.000014,0.000036,households
LS22,0.026354,0.060629,0.001073,0.032204,0.000068,0.013288,0.000030,0.005169,0.000016,0.000041,households
LS23,0.009002,0.032523,0.001826,0.016498,0.000812,0.001104,0.000754,0.000842,0.000733,0.000771,households
LS24,0.017608,0.065888,0.003231,0.030725,0.000091,0.006384,0.000040,0.000118,0.000022,0.000055,households
LS25,0.021996,0.062339,0.009736,0.033541,0.003247,0.011347,0.000014,0.006418,0.000007,0.003761,households
LS26,0.010629,0.026980,0.003475,0.008693,0.000265,0.000833,0.000021,0.000495,0.000012,0.000029,households
LS27,0.013710,0.041269,0.005450,0.015458,0.000035,0.004972,0.000015,0.001114,0.000008,0.000021,households
LS28,0.014911,0.044214,0.007864,0.023003,0.004864,0.007891,0.003868,0.006068,0.001419,0.003874,households
LS29,0.030207,0.067460,0.022153,0.032821,0.006161,0.008538,0.000283,0.000916,0.000007,0.000086,households
LU1,0.054090,0.115849,0.027625,0.074614,0.001544,0.017059,0.000043,0.007216,0.000024,0.000595,households
LU2,0.037512,0.061063,0.019470,0.040570,0.001828,0.007230,0.001386,0.001878,0.001369,0.001778,households
LU3,0.065965,0.129982,0.024793,0.088522,0.005810,0.021827,0.000045,0.008576,0.000026,0.001778,households
LU4,0.056989,0.120619,0.030797,0.073428,0.008102,0.023444,0.000052,0.007428,0.000029,0.000085,households
LU5,0.037939,0.090199,0.019413,0.049306,0.012340,0.021457,0.006031,0.018326,0.001962,0.011987,households
LU6,0.041959,0.063455,0.019303,0.042241,0.008691,0.011426,0.003211,0.008026,0.003187,0.003248,households
LU7,0.027289,0.075496,0.012839,0.047142,0.004051,0.013801,0.003225,0.007978,0.001441,0.003783,households
M1,0.019915,0.228033,0.019146,0.125936,0.004667,0.074087,0.000035,0.045049,0.000020,0.026527,households
M2,0.051044,0.236421,0.001459,0.053401,0.000284,0.001328,0.000087,0.000537,0.000050,0.000204,households
M3,0.091673,0.219311,0.064026,0.149258,0.002278,0.004930,0.000030,0.002366,0.000017,0.000071,households
M4,0.055005,0.218315,0.031807,0.151918,0.008829,0.069493,0.003483,0.047722,0.000020,0.017130,households
M5,0.060913,0.137720,0.025997,0.057698,0.000103,0.019752,0.000031,0.000194,0.000018,0.000074,households
M6,0.031874,0.097198,0.010033,0.055688,0.002990,0.010843,0.000022,0.003055,0.000013,0.000052,households
M7,0.045120,0.131108,0.012477,0.082800,0.002877,0.007401,0.000824,0.000946,0.000814,0.000855,households
M8,0.021589,0.058125,0.013453,0.027816,0.004543,0.005774,0.003716,0.005557,0.000014,0.003749,households
M9,0.027288,0.068483,0.010640,0.038271,0.003250,0.009843,0.001063,0.004236,0.000010,0.000040,households
M11,0.021221,0.059675,0.007929,0.022194,0.000080,0.001404,0.000024,0.000151,0.000014,0.000057,households
M12,0.025962,0.119374,0.013411,0.078562,0.000121,0.014954,0.000037,0.007641,0.000021,0.007499,households
M13,0.060862,0.143700,0.037836,0.073427,0.014811,0.017054,0.011842,0.012040,0.011825,0.011893,households
M14,0.052761,0.187436,0.022302,0.086584,0.000673,0.005524,0.000018,0.003182,0.000010,0.000768,households
M15,0.021788,0.115772,0.014660,0.038776,0.009478,0.017190,0.000029,0.007540,0.000017,0.000069,households
M16,0.040287,0.205626,0.019307,0.115900,0.011608,0.013472,0.002556,0.008604,0.002547,0.002585,households
M17,0.004281,0.014058,0.002120,0.007705,0.000412,0.001930,0.000126,0.000780,0.000072,0.000296,households
M18,0.027166,0.060485,0.016040,0.028654,0.000099,0.000465,0.000030,0.000188,0.000017,0.000071,households
M19,0.042938,0.126482,0.029438,0.081045,0.006098,0.023522,0.004487,0.008291,0.004478,0.004660,households
M20,0.038164,0.184890,0.023504,0.092348,0.010424,0.028273,0.001676,0.009365,0.000009,0.004970,households
M21,0.021410,0.120313,0.005948,0.078508,0.000085,0.040895,0.000026,0.010545,0.000015,0.000061,households
M22,0.037586,0.115367,0.014865,0.069360,0.003872,0.022274,0.002319,0.008052,0.002155,0.002706,households
M23,0.030908,0.105750,0.015555,0.041614,0.001675,0.013502,0.000023,0.005848,0.000013,0.000053,households
M24,0.018431,0.050930,0.008576,0.026705,0.000503,0.003184,0.000015,0.000910,0.000008,0.000035,households
M25,0.027248,0.067870,0.012744,0.044884,0.002440,0.005086,0.000176,0.000298,0.000014,0.000055,households
M26,0.036552,0.067015,0.014509,0.027797,0.004442,0.005129,0.000811,0.000924,0.000680,0.000840,households
M27,0.029759,0.072757,0.019168,0.051088,0.004884,0.019089,0.001251,0.006489,0.000010,0.001274,households
M28,0.024628,0.060947,0.006631,0.021663,0.000849,0.002167,0.000017,0.000107,0.000010,0.000041,households
M29,0.050518,0.091459,0.034837,0.069813,0.002925,0.031687,0.000032,0.010159,0.000019,0.002895,households
M30,0.045715,0.138917,0.026835,0.085188,0.003391,0.018407,0.000020,0.004758,0.000011,0.003209,households
M31,0.003080,0.030987,0.001113,0.013210,0.000216,0.002679,0.000066,0.000410,0.000038,0.000155,households
M32,0.010743,0.087882,0.002006,0.048657,0.000094,0.024768,0.000029,0.009141,0.000017,0.005509,households
M33,0.007349,0.047913,0.001622,0.022546,0.000040,0.003022,0.000012,0.000075,0.000007,0.000029,households
M34,0.024426,0.079182,0.012931,0.044339,0.001581,0.012212,0.000015,0.010126,0.000008,0.001707,households
M35,0.052942,0.144163,0.020640,0.095316,0.002139,0.018359,0.000237,0.006191,0.000222,0.002107,households
M38,0.026044,0.062403,0.011634,0.038847,0.006614,0.023355,0.006491,0.006771,0.000031,0.006564,households
M40,0.039619,0.101022,0.021734,0.048734,0.001554,0.014944,0.000013,0.007270,0.000008,0.000396,households
M41,0.010385,0.049287,0.004437,0.018247,0.001008,0.003182,0.000966,0.001062,0.000958,0.000991,households
M43,0.024239,0.071486,0.009602,0.049037,0.001045,0.009367,0.000978,0.001131,0.000965,0.001018,households
M44,0.048483,0.103405,0.023042,0.085678,0.000125,0.013888,0.000038,0.000236,0.000022,0.000090,households
M45,0.007835,0.055509,0.001278,0.022301,0.000097,0.003771,0.000030,0.002232,0.000017,0.002119,households
M46,0.011175,0.051621,0.004517,0.029363,0.000104,0.000485,0.000032,0.000196,0.000018,0.000074,households
M50,0.003075,0.200765,0.001523,0.021258,0.000296,0.001386,0.000090,0.000561,0.000052,0.000213,households
M90,0.232020,0.435270,0.201497,0.238689,0.000803,0.201126,0.000245,0.001520,0.000141,0.000576,households
ME1,0.036702,0.094568,0.021344,0.071058,0.012442,0.029823,0.001722,0.011719,0.000024,0.005168,households
ME2,0.024304,0.071810,0.006426,0.039548,0.001321,0.020185,0.000035,0.015128,0.000022,0.005026,households
ME3,0.012490,0.035167,0.007562,0.022944,0.001242,0.002654,0.000039,0.001359,0.000024,0.000119,households
ME4,0.041513,0.117611,0.019848,0.089324,0.011562,0.045992,0.008020,0.036734,0.005788,0.026207,households
ME5,0.014879,0.042603,0.005431,0.027907,0.001496,0.009432,0.000033,0.007562,0.000021,0.004800,households
ME6,0.021133,0.058904,0.005809,0.021041,0.000301,0.001487,0.000115,0.001029,0.000072,0.000732,households
ME7,0.035912,0.083438,0.025021,0.054149,0.001080,0.018164,0.000459,0.004683,0.000447,0.003131,households
ME8,0.023468,0.060191,0.013556,0.033994,0.000548,0.008522,0.000030,0.004545,0.000018,0.000562,households
ME9,0.050920,0.080517,0.027974,0.045081,0.004568,0.030271,0.004082,0.012240,0.003749,0.005118,households
ME10,0.042142,0.123791,0.030857,0.094513,0.016378,0.053662,0.007332,0.036255,0.006190,0.020255,households
ME11,0.021948,0.033308,0.002178,0.006628,0.000713,0.002632,0.000273,0.001546,0.000170,0.000843,households
ME12,0.024282,0.096767,0.009862,0.040585,0.000505,0.001461,0.000036,0.000202,0.000022,0.000110,households
ME13,0.033300,0.077687,0.025161,0.049083,0.019457,0.033043,0.008177,0.026274,0.001364,0.014727,households
ME14,0.017111,0.039566,0.003852,0.015226,0.001071,0.004962,0.000033,0.000186,0.000021,0.000102,households
ME15,0.020974,0.037515,0.008360,0.017061,0.000249,0.001208,0.000024,0.000137,0.000015,0.000075,households
ME16,0.018476,0.053856,0.009252,0.016592,0.002853,0.003356,0.000042,0.000239,0.000026,0.000130,households
ME17,0.009758,0.037150,0.003431,0.016683,0.000626,0.002388,0.000577,0.002267,0.000566,0.002190,households
ME18,0.006500,0.037343,0.000800,0.016096,0.000262,0.000967,0.000100,0.000568,0.000063,0.000310,households
ME19,0.009947,0.031887,0.001613,0.013168,0.000210,0.005303,0.000043,0.000340,0.000027,0.000132,households
ME20,0.015699,0.074841,0.004786,0.033200,0.002855,0.007803,0.000058,0.000326,0.000036,0.000178,households
MK1,0.231072,0.248816,0.225560,0.233769,0.000549,0.224150,0.000110,0.222536,0.000036,0.000225,households
MK2,0.021733,0.051888,0.011037,0.019082,0.007737,0.008099,0.000023,0.000136,0.000008,0.000048,households
MK3,0.030489,0.064284,0.016466,0.040163,0.004161,0.007217,0.000014,0.004527,0.000004,0.004121,households
MK4,0.019488,0.033982,0.004218,0.008485,0.000071,0.000289,0.000014,0.000082,0.000005,0.000029,households
MK5,0.026319,0.073698,0.013137,0.040979,0.000106,0.003697,0.000021,0.000123,0.000007,0.000043,households
MK6,0.087651,0.153005,0.051115,0.086172,0.008935,0.024079,0.000980,0.007368,0.000970,0.002662,households
MK7,0.029015,0.070868,0.003904,0.036628,0.000116,0.004702,0.000023,0.000135,0.000008,0.000048,households
MK8,0.021745,0.040088,0.004379,0.024651,0.000583,0.005965,0.000512,0.002904,0.000006,0.002838,households
MK9,0.020955,0.064649,0.001221,0.020735,0.000183,0.010818,0.000037,0.000213,0.000012,0.000075,households
MK10,0.035852,0.103641,0.007566,0.057141,0.000079,0.006135,0.000016,0.000091,0.000005,0.000032,households
MK11,0.026539,0.098667,0.003659,0.033247,0.000172,0.000705,0.000035,0.000200,0.000011,0.000070,households
MK12,0.026452,0.110152,0.013720,0.069171,0.007257,0.021273,0.007138,0.013893,0.000010,0.013782,households
MK13,0.016480,0.048049,0.005342,0.027535,0.001963,0.004238,0.000018,0.002102,0.000006,0.000037,households
MK14,0.045921,0.101434,0.020109,0.049709,0.004334,0.010356,0.002081,0.003776,0.000006,0.002101,households
MK15,0.047043,0.139685,0.026892,0.074172,0.000203,0.022214,0.000041,0.006769,0.000013,0.000083,households
MK16,0.033185,0.085532,0.003769,0.042110,0.000078,0.000321,0.000016,0.000091,0.000005,0.000032,households
MK17,0.032501,0.088243,0.007674,0.034005,0.002919,0.003760,0.000928,0.000975,0.000003,0.000020,households
MK18,0.023412,0.066510,0.007286,0.026379,0.000036,0.002101,0.000007,0.000321,0.000002,0.000015,households
MK19,0.015980,0.032046,0.009797,0.016036,0.000123,0.005085,0.000025,0.004722,0.000008,0.000051,households
MK40,0.042990,0.110062,0.015282,0.069718,0.000888,0.010729,0.000847,0.000896,0.000840,0.000858,households
MK41,0.070131,0.182390,0.017271,0.097758,0.002774,0.020765,0.000009,0.006658,0.000003,0.000018,households
MK42,0.027598,0.085897,0.015377,0.046011,0.002417,0.012095,0.000007,0.000042,0.000002,0.000015,households
MK43,0.054671,0.124498,0.029513,0.065976,0.000395,0.007727,0.000008,0.000460,0.000003,0.000016,households
MK44,0.022875,0.051593,0.010070,0.031711,0.001601,0.002645,0.000013,0.000078,0.000004,0.000027,households
MK45,0.038756,0.094054,0.014524,0.043388,0.003680,0.006665,0.000487,0.001383,0.000482,0.000494,households
MK46,0.013650,0.065379,0.002780,0.020340,0.000140,0.003575,0.000028,0.000162,0.000009,0.000057,households
ML1,0.000000,0.000000,0.000000,0.000000,0.000000,0.000000,0.000000,0.000000,0.000000,0.000000,households
ML2,0.000000,0.000000,0.000000,0.000000,0.000000,0.000000,0.000000,0.000000,0.000000,0.000000,households
ML3,0.000000,0.000000,0.000000,0.000000,0.000000,0.000000,0.000000,0.000000,0.000000,0.000000,households
ML4,0.000000,0.000000,0.000000,0.000000,0.000000,0.000000,0.000000,0.000000,0.000000,0.000000,households
ML5,0.000000,0.000000,0.000000,0.000000,0.000000,0.000000,0.000000,0.000000,0.000000,0.000000,households
ML6,0.000000,0.000000,0.000000,0.000000,0.000000,0.000000,0.000000,0.000000,0.000000,0.000000,households
ML7,0.000000,0.000000,0.000000,0.000000,0.000000,0.000000,0.000000,0.000000,0.000000,0.000000,households
ML8,0.000000,0.000000,0.000000,0.000000,0.000000,0.000000,0.000000,0.000000,0.000000,0.000000,households
ML9,0.000000,0.000000,0.000000,0.000000,0.000000,0.000000,0.000000,0.000000,0.000000,0.000000,households
ML10,0.000000,0.000000,0.000000,0.000000,0.000000,0.000000,0.000000,0.000000,0.000000,0.000000,households
ML11,0.000000,0.000000,0.000000,0.000000,0.000000,0.000000,0.000000,0.000000,0.000000,0.000000,households
ML12,0.000000,0.000000,0.000000,0.000000,0.000000,0.000000,0.000000,0.000000,0.000000,0.000000,households
N1,0.129149,0.310073,0.061721,0.215966,0.014174,0.069702,0.003547,0.030001,0.001134,0.011819,households
N1C,0.028133,0.483812,0.016952,0.307986,0.005446,0.034224,0.002290,0.006992,0.001393,0.003783,households
N2,0.068162,0.136745,0.044874,0.071071,0.007657,0.020722,0.000439,0.001826,0.000267,0.000725,households
N3,0.072117,0.141531,0.050493,0.093229,0.019522,0.028610,0.008009,0.010605,0.004681,0.008801,households
N4,0.166289,0.366147,0.105243,0.224223,0.027648,0.083038,0.006584,0.029537,0.000165,0.013459,households
N5,0.138170,0.300989,0.097859,0.223761,0.016050,0.089880,0.004849,0.033675,0.000339,0.020862,households
N6,0.042578,0.161396,0.034589,0.106270,0.017360,0.035284,0.010060,0.015865,0.003443,0.010475,households
N7,0.204895,0.380389,0.132627,0.307476,0.034770,0.141996,0.001935,0.083171,0.000204,0.043906,households
N8,0.211624,0.349263,0.156524,0.247800,0.099837,0.145171,0.087035,0.120923,0.076999,0.100312,households
N9,0.028138,0.157623,0.011478,0.087941,0.000632,0.015449,0.000266,0.002484,0.000162,0.000439,households
N10,0.061190,0.170446,0.039232,0.088567,0.004918,0.022959,0.001593,0.008430,0.000286,0.004404,households
N11,0.120202,0.218785,0.074644,0.126070,0.010811,0.064364,0.005691,0.039457,0.002926,0.015136,households
N12,0.042153,0.152707,0.018495,0.087561,0.008119,0.015926,0.002347,0.012690,0.000848,0.004094,households
N13,0.087950,0.171325,0.031515,0.100972,0.004119,0.017972,0.003211,0.004413,0.003040,0.003803,households
N14,0.072687,0.115292,0.035486,0.056508,0.005342,0.017809,0.000343,0.005238,0.000208,0.001572,households
N15,0.238830,0.426540,0.195846,0.340287,0.088130,0.188310,0.049082,0.099051,0.029790,0.056391,households
N16,0.183401,0.307166,0.121537,0.219131,0.038393,0.089051,0.008806,0.045602,0.000167,0.017690,households
N17,0.231764,0.383855,0.170854,0.289487,0.066831,0.129413,0.026114,0.067051,0.014153,0.035717,households
N18,0.032495,0.189178,0.012575,0.105026,0.001161,0.030533,0.000584,0.005234,0.000255,0.000692,households
N19,0.139045,0.225852,0.078851,0.135226,0.023450,0.044684,0.003568,0.007840,0.000225,0.004123,households
N20,0.034249,0.142390,0.013942,0.058598,0.001520,0.012209,0.000434,0.001325,0.000264,0.000717,households
N21,0.054051,0.111891,0.025207,0.059360,0.002884,0.010885,0.000420,0.003376,0.000255,0.000693,households
N22,0.176285,0.319976,0.119723,0.230371,0.018829,0.060055,0.000345,0.013773,0.000210,0.000570,households
NE1,0.059716,0.128719,0.040330,0.088175,0.005892,0.031707,0.000249,0.006187,0.000006,0.000286,households
NE2,0.044759,0.109661,0.016582,0.059715,0.000078,0.007957,0.000025,0.002793,0.000006,0.000061,households
NE3,0.057576,0.101350,0.031735,0.068202,0.008304,0.022685,0.001844,0.009998,0.000003,0.004546,households
NE4,0.034492,0.063773,0.012468,0.033697,0.000049,0.004452,0.000016,0.000619,0.000004,0.000039,households
NE5,0.046763,0.089874,0.027609,0.047344,0.002568,0.016666,0.000500,0.005577,0.000003,0.000516,households
NE6,0.036250,0.072459,0.014918,0.038567,0.004643,0.005773,0.000012,0.003537,0.000003,0.003072,households
NE7,0.029463,0.076025,0.007686,0.025205,0.000136,0.000704,0.000043,0.000261,0.000010,0.000108,households
NE8,0.011548,0.040441,0.007091,0.015669,0.000123,0.004181,0.000085,0.000173,0.000071,0.000111,households
NE9,0.014273,0.045447,0.008415,0.019484,0.000047,0.000244,0.000015,0.000090,0.000004,0.000037,households
NE10,0.019441,0.063285,0.011799,0.037843,0.006856,0.011157,0.004160,0.007028,0.002292,0.002330,households
NE11,0.013964,0.025897,0.007206,0.011226,0.000088,0.007065,0.000028,0.000167,0.000007,0.000069,households
NE12,0.029674,0.110726,0.010588,0.047827,0.000048,0.006604,0.000015,0.000093,0.000004,0.000038,households
NE13,0.025466,0.073982,0.010960,0.033149,0.002793,0.010505,0.000025,0.002758,0.000006,0.002667,households
NE15,0.017139,0.035168,0.008060,0.015004,0.000043,0.002376,0.000014,0.000082,0.000003,0.000034,households
NE16,0.020148,0.059175,0.009704,0.031742,0.001784,0.008668,0.000103,0.001831,0.000091,0.000127,households
NE17,0.037457,0.083058,0.009042,0.052832,0.000214,0.009895,0.000068,0.000410,0.000016,0.000169,households
NE18,0.006408,0.046575,0.002999,0.009285,0.000443,0.002285,0.000140,0.000847,0.000034,0.000350,households
NE19,0.003426,0.022026,0.002115,0.014149,0.000170,0.000879,0.000054,0.000326,0.000013,0.000134,households
NE20,0.045135,0.126313,0.021620,0.092446,0.005523,0.006806,0.005461,0.006511,0.000007,0.000071,households
NE21,0.011011,0.028032,0.000610,0.005839,0.000072,0.000733,0.000023,0.000138,0.000005,0.000057,households
NE22,0.028051,0.062703,0.012231,0.036624,0.005824,0.007653,0.005775,0.005891,0.000006,0.005809,households
NE23,0.043990,0.111964,0.017578,0.054617,0.000912,0.018173,0.000012,0.003023,0.000003,0.000030,households
NE24,0.050978,0.136404,0.029444,0.088302,0.001700,0.034323,0.000012,0.010160,0.000003,0.000995,households
NE25,0.031090,0.119896,0.010921,0.064104,0.000058,0.012863,0.000018,0.005445,0.000004,0.002573,households
NE26,0.031591,0.073399,0.019443,0.038622,0.002413,0.008334,0.002362,0.002481,0.000006,0.000059,households
NE27,0.024290,0.074392,0.009179,0.024629,0.000115,0.000864,0.000036,0.000220,0.000009,0.000091,households
NE28,0.026659,0.060680,0.009171,0.032444,0.000038,0.008299,0.000012,0.005159,0.000003,0.001696,households
NE29,0.014567,0.078119,0.006053,0.053021,0.000619,0.016943,0.000244,0.012019,0.000003,0.009319,households
NE30,0.020922,0.047589,0.002068,0.029189,0.000062,0.000322,0.000020,0.000119,0.000005,0.000049,households
NE31,0.018966,0.108304,0.012799,0.048081,0.002721,0.013808,0.000024,0.000148,0.000006,0.000061,households
NE32,0.017995,0.082482,0.014167,0.044965,0.008027,0.013380,0.002357,0.009206,0.002343,0.005330,households
NE33,0.022880,0.083227,0.009293,0.052937,0.000053,0.017773,0.000017,0.006654,0.000004,0.001903,households
NE34,0.024778,0.110568,0.010073,0.062631,0.003422,0.017744,0.001725,0.007970,0.000003,0.005211,households
NE35,0.006329,0.048537,0.001812,0.012677,0.000267,0.003839,0.000085,0.002970,0.000020,0.002670,households
NE36,0.028456,0.091246,0.005696,0.063687,0.000172,0.000890,0.000055,0.000330,0.000013,0.000136,households
NE37,0.026313,0.095181,0.009602,0.052466,0.002999,0.006991,0.000024,0.006533,0.000006,0.000059,households
NE38,0.034282,0.093963,0.013786,0.049312,0.000061,0.007806,0.000019,0.000116,0.000005,0.000048,households
NE39,0.022633,0.030928,0.009074,0.013213,0.008136,0.008880,0.005868,0.006060,0.002195,0.002281,households
NE40,0.008893,0.044768,0.000511,0.025252,0.000075,0.007786,0.000024,0.000144,0.000006,0.000060,households
NE41,0.004972,0.046874,0.002327,0.021798,0.000343,0.001773,0.000109,0.000657,0.000026,0.000271,households
NE42,0.025420,0.059746,0.008393,0.010052,0.000105,0.000541,0.000033,0.000201,0.000008,0.000083,households
NE43,0.011408,0.026419,0.006798,0.009237,0.003928,0.004643,0.000054,0.004085,0.000013,0.003892,households
NE44,0.005390,0.027367,0.002523,0.007809,0.000372,0.001922,0.000118,0.000712,0.000028,0.000294,households
NE45,0.069734,0.144896,0.023773,0.073487,0.000184,0.005044,0.000058,0.000351,0.000014,0.000145,households
NE46,0.020830,0.061303,0.009352,0.024757,0.000049,0.002889,0.000015,0.000094,0.000004,0.000039,households
NE47,0.025587,0.080676,0.012763,0.031889,0.000065,0.002014,0.000020,0.000124,0.000005,0.000051,households
NE48,0.015630,0.027214,0.000605,0.007806,0.000089,0.000461,0.000028,0.000171,0.000007,0.000071,households
NE49,0.026326,0.057670,0.014253,0.027189,0.001975,0.002527,0.000042,0.000254,0.000010,0.000105,households
NE61,0.033617,0.072127,0.020221,0.040764,0.003134,0.012441,0.000452,0.006139,0.000002,0.001860,households
NE62,0.022030,0.032136,0.006866,0.021125,0.000133,0.000686,0.000042,0.000254,0.000010,0.000105,households
NE63,0.028635,0.075617,0.015219,0.031781,0.000051,0.008847,0.000016,0.000098,0.000004,0.000041,households
NE64,0.016414,0.080882,0.010799,0.047044,0.000196,0.005117,0.000062,0.000375,0.000015,0.000155,households
NE65,0.024057,0.049507,0.016348,0.025839,0.001791,0.008857,0.000321,0.001824,0.000003,0.000028,households
NE66,0.024247,0.049952,0.013763,0.034447,0.001223,0.002097,0.000012,0.001851,0.000003,0.001215,households
NE67,0.004304,0.036503,0.002014,0.013900,0.000297,0.001535,0.000094,0.000569,0.000023,0.000235,households
NE68,0.009278,0.017710,0.004986,0.010279,0.000304,0.001570,0.000096,0.000582,0.000023,0.000240,households
NE69,0.087570,0.123149,0.082188,0.099488,0.000699,0.081061,0.000221,0.001337,0.000053,0.000552,households
NE70,0.042280,0.067522,0.022574,0.051284,0.003382,0.004495,0.000085,0.003626,0.000020,0.000211,households
NE71,0.011873,0.032953,0.009195,0.018582,0.003232,0.004022,0.003102,0.003405,0.003057,0.003192,households
NG1,0.095134,0.280059,0.010536,0.183635,0.003801,0.101431,0.003771,0.032601,0.000002,0.005343,households
NG2,0.030866,0.150272,0.019068,0.089250,0.000017,0.026870,0.000003,0.004615,0.000001,0.000018,households
NG3,0.006171,0.056018,0.001687,0.025165,0.000022,0.003795,0.000004,0.000056,0.000001,0.000023,households
NG4,0.044191,0.172932,0.013899,0.114255,0.002588,0.029212,0.000005,0.013201,0.000001,0.007395,households
NG5,0.019191,0.062386,0.006864,0.040611,0.002332,0.013817,0.000337,0.007300,0.000336,0.005477,households
NG6,0.017174,0.086153,0.011356,0.053848,0.000549,0.014465,0.000006,0.002501,0.000001,0.000030,households
NG7,0.019592,0.091325,0.010459,0.042879,0.001177,0.013964,0.000960,0.004128,0.000001,0.001934,households
NG8,0.015403,0.107536,0.006889,0.062003,0.001447,0.021004,0.000004,0.007651,0.000001,0.004033,households
NG9,0.019155,0.105910,0.005168,0.051338,0.000327,0.007411,0.000316,0.000349,0.000314,0.000327,households
NG10,0.021458,0.113032,0.001907,0.053779,0.001355,0.002816,0.000004,0.000059,0.000001,0.000024,households
NG11,0.020334,0.093398,0.004091,0.042499,0.000025,0.001722,0.000005,0.000064,0.000001,0.000026,households
NG12,0.034426,0.085528,0.020556,0.053543,0.002873,0.015966,0.000004,0.003288,0.000001,0.000023,households
NG13,0.051764,0.125672,0.022660,0.071007,0.002235,0.008287,0.000006,0.000081,0.000001,0.000033,households
NG14,0.029325,0.069125,0.016147,0.029589,0.000269,0.001716,0.000007,0.001256,0.000002,0.000039,households
NG15,0.028713,0.067539,0.008679,0.029502,0.001666,0.004282,0.000004,0.001702,0.000001,0.000024,households
NG16,0.014894,0.045538,0.006490,0.016211,0.000817,0.004459,0.000003,0.001888,0.000001,0.000783,households
NG17,0.016868,0.057407,0.003871,0.027147,0.001322,0.005901,0.001311,0.002318,0.000001,0.001475,households
NG18,0.009383,0.048570,0.005024,0.018188,0.001565,0.004457,0.000004,0.001646,0.000001,0.000020,households
NG19,0.011878,0.038349,0.006772,0.016510,0.001720,0.003480,0.000003,0.001749,0.000001,0.000019,households
NG20,0.009878,0.060158,0.002194,0.018055,0.001927,0.002161,0.000006,0.000078,0.000001,0.000032,households
NG21,0.005502,0.021575,0.000360,0.015110,0.000037,0.004210,0.000007,0.000097,0.000002,0.000039,households
NG22,0.015380,0.040601,0.010529,0.019382,0.000586,0.003180,0.000005,0.001266,0.000001,0.000025,households
NG23,0.037380,0.093213,0.013224,0.045431,0.004819,0.005408,0.000497,0.002776,0.000493,0.000521,households
NG24,0.013870,0.090136,0.003923,0.042263,0.000018,0.002396,0.000003,0.000045,0.000001,0.000018,households
NG25,0.017875,0.070417,0.010097,0.037259,0.000073,0.009018,0.000014,0.000189,0.000003,0.000077,households
NG31,0.020424,0.061469,0.005668,0.026961,0.000020,0.000176,0.000004,0.000052,0.000001,0.000021,households
NG32,0.017731,0.040719,0.006948,0.016070,0.000035,0.000808,0.000007,0.000090,0.000002,0.000037,households
NG33,0.015493,0.037723,0.004321,0.021719,0.000046,0.005283,0.000009,0.000120,0.000002,0.000049,households
NG34,0.019227,0.052303,0.010915,0.029164,0.000016,0.004977,0.000003,0.000043,0.000001,0.000017,households
NG90,0.020819,0.081361,0.008000,0.042763,0.001120,0.009809,0.000215,0.002905,0.000052,0.001178,households
NN1,0.033614,0.086221,0.015952,0.027387,0.005473,0.006507,0.000021,0.000106,0.000010,0.000049,households
NN2,0.017998,0.051816,0.003714,0.033194,0.000519,0.022583,0.000020,0.016768,0.000010,0.011421,households
NN3,0.019168,0.031739,0.009281,0.013798,0.002303,0.008251,0.000012,0.002518,0.000006,0.000028,households
NN4,0.013269,0.056811,0.005299,0.030108,0.000055,0.003018,0.000016,0.000083,0.000008,0.000039,households
NN5,0.045475,0.114168,0.019704,0.069429,0.003180,0.021732,0.001710,0.004851,0.001702,0.001734,households
NN6,0.010782,0.029963,0.002717,0.009974,0.000043,0.000272,0.000013,0.000066,0.000006,0.000031,households
NN7,0.038596,0.060975,0.027513,0.039758,0.004559,0.010573,0.000018,0.005581,0.000009,0.000043,households
NN8,0.037346,0.066741,0.015376,0.030494,0.002247,0.004775,0.001600,0.002799,0.001593,0.001662,households
NN9,0.027069,0.044559,0.014137,0.026718,0.003048,0.011833,0.002369,0.008173,0.000011,0.000757,households
NN10,0.041552,0.075230,0.017906,0.034670,0.004048,0.011612,0.000073,0.002750,0.000064,0.002313,households
NN11,0.040980,0.070335,0.018350,0.041777,0.004074,0.007873,0.003819,0.006167,0.001797,0.006132,households
NN12,0.026049,0.053251,0.005123,0.020017,0.002164,0.002401,0.000544,0.001584,0.000534,0.000832,households
NN13,0.016632,0.028903,0.012153,0.012803,0.000092,0.004498,0.000027,0.000139,0.000013,0.000065,households
NN14,0.012826,0.027960,0.004982,0.013092,0.000042,0.001137,0.000012,0.000064,0.000006,0.000030,households
NN15,0.026224,0.039881,0.010507,0.022628,0.003621,0.004959,0.000246,0.002211,0.000008,0.001937,households
NN16,0.051732,0.077322,0.038828,0.051406,0.012903,0.017664,0.003424,0.009956,0.000009,0.000045,households
NN17,0.014946,0.078384,0.007846,0.041838,0.000060,0.004977,0.000018,0.001373,0.000009,0.001325,households
NN18,0.011955,0.060899,0.004788,0.041819,0.000518,0.012611,0.000401,0.007742,0.000389,0.003961,households
NN29,0.026046,0.038524,0.013972,0.032881,0.000173,0.006419,0.000051,0.000263,0.000025,0.000122,households
NP4,0.000000,0.000000,0.000000,0.000000,0.000000,0.000000,0.000000,0.000000,0.000000,0.000000,households
NP7,0.000000,0.000000,0.000000,0.000000,0.000000,0.000000,0.000000,0.000000,0.000000,0.000000,households
NP8,0.000000,0.000000,0.000000,0.000000,0.000000,0.000000,0.000000,0.000000,0.000000,0.000000,households
NP10,0.000000,0.000000,0.000000,0.000000,0.000000,0.000000,0.000000,0.000000,0.000000,0.000000,households
NP11,0.000000,0.000000,0.000000,0.000000,0.000000,0.000000,0.000000,0.000000,0.000000,0.000000,households
NP12,0.000000,0.000000,0.000000,0.000000,0.000000,0.000000,0.000000,0.000000,0.000000,0.000000,households
NP13,0.000000,0.000000,0.000000,0.000000,0.000000,0.000000,0.000000,0.000000,0.000000,0.000000,households
NP15,0.000000,0.000000,0.000000,0.000000,0.000000,0.000000,0.000000,0.000000,0.000000,0.000000,households
NP16,0.000000,0.000000,0.000000,0.000000,0.000000,0.000000,0.000000,0.000000,0.000000,0.000000,households
NP18,0.000000,0.000000,0.000000,0.000000,0.000000,0.000000,0.000000,0.000000,0.000000,0.000000,households
NP19,0.000000,0.000000,0.000000,0.000000,0.000000,0.000000,0.000000,0.000000,0.000000,0.000000,households
NP20,0.000000,0.000000,0.000000,0.000000,0.000000,0.000000,0.000000,0.000000,0.000000,0.000000,households
NP22,0.000000,0.000000,0.000000,0.000000,0.000000,0.000000,0.000000,0.000000,0.000000,0.000000,households
NP23,0.000000,0.000000,0.000000,0.000000,0.000000,0.000000,0.000000,0.000000,0.000000,0.000000,households
NP24,0.000000,0.000000,0.000000,0.000000,0.000000,0.000000,0.000000,0.000000,0.000000,0.000000,households
NP25,0.000000,0.000000,0.000000,0.000000,0.000000,0.000000,0.000000,0.000000,0.000000,0.000000,households
NP26,0.000000,0.000000,0.000000,0.000000,0.000000,0.000000,0.000000,0.000000,0.000000,0.000000,households
NP44,0.000000,0.000000,0.000000,0.000000,0.000000,0.000000,0.000000,0.000000,0.000000,0.000000,households
NR1,0.026214,0.087711,0.008647,0.046432,0.001643,0.012276,0.000007,0.008450,0.000000,0.001630,households
NR2,0.047991,0.125731,0.024224,0.070964,0.003495,0.026419,0.001560,0.015591,0.000000,0.000007,households
NR3,0.040737,0.109172,0.024619,0.075700,0.000373,0.032275,0.000007,0.013816,0.000000,0.000006,households
NR4,0.020335,0.044061,0.002321,0.005367,0.000026,0.003122,0.000010,0.000914,0.000000,0.000009,households
NR5,0.015213,0.043454,0.007494,0.026960,0.001311,0.002927,0.001296,0.001364,0.000000,0.000008,households
NR6,0.033459,0.052819,0.019765,0.038855,0.000024,0.014395,0.000009,0.005685,0.000000,0.000008,households
NR7,0.005787,0.040361,0.001740,0.019183,0.000394,0.004915,0.000382,0.000435,0.000000,0.000006,households
NR8,0.006913,0.021963,0.001799,0.007214,0.000030,0.000257,0.000011,0.000098,0.000000,0.000010,households
NR9,0.003695,0.016322,0.001253,0.005143,0.000373,0.000526,0.000360,0.000419,0.000000,0.000360,households
NR10,0.009146,0.015412,0.000192,0.007844,0.000020,0.000171,0.000007,0.000065,0.000000,0.000007,households
NR11,0.008341,0.017005,0.001400,0.002401,0.000019,0.001380,0.000007,0.000284,0.000000,0.000007,households
NR12,0.002675,0.025467,0.001924,0.017236,0.000016,0.001318,0.000006,0.000053,0.000000,0.000006,households
NR13,0.007011,0.023058,0.001082,0.006081,0.000569,0.000671,0.000005,0.000600,0.000000,0.000560,households
NR14,0.012488,0.031047,0.004124,0.012120,0.000016,0.000383,0.000006,0.000052,0.000000,0.000005,households
NR15,0.019966,0.034844,0.011669,0.027493,0.007506,0.010514,0.001562,0.007421,0.000000,0.000009,households
NR16,0.019099,0.031119,0.005138,0.010669,0.000209,0.003667,0.000011,0.000815,0.000000,0.000010,households
NR17,0.036090,0.077275,0.016960,0.056664,0.005305,0.009391,0.000009,0.000082,0.000000,0.000009,households
NR18,0.024328,0.052521,0.001298,0.027763,0.000239,0.000410,0.000008,0.000074,0.000000,0.000008,households
NR19,0.010881,0.057556,0.005689,0.025769,0.000023,0.000197,0.000008,0.000075,0.000000,0.000008,households
NR20,0.018599,0.064492,0.005840,0.040511,0.000017,0.007979,0.000006,0.001418,0.000000,0.001368,households
NR21,0.005393,0.010049,0.001344,0.005256,0.000019,0.000807,0.000007,0.000061,0.000000,0.000007,households
NR22,0.004629,0.018753,0.001737,0.007054,0.000182,0.001547,0.000066,0.000592,0.000000,0.000063,households
NR23,0.024875,0.041906,0.002419,0.016468,0.000060,0.004199,0.000022,0.000197,0.000000,0.000021,households
NR24,0.001685,0.053187,0.000632,0.040781,0.000066,0.000563,0.000024,0.000216,0.000000,0.000023,households
NR25,0.006548,0.020695,0.000259,0.006909,0.000027,0.004061,0.000010,0.000088,0.000000,0.000009,households
NR26,0.014028,0.032713,0.008517,0.017993,0.000522,0.006572,0.000018,0.000632,0.000000,0.000490,households
NR27,0.027594,0.104223,0.002818,0.058801,0.001018,0.001308,0.000014,0.000126,0.000000,0.000013,households
NR28,0.015207,0.062006,0.002941,0.033638,0.000025,0.000212,0.000009,0.000081,0.000000,0.000009,households
NR29,0.011250,0.049230,0.000296,0.029347,0.000020,0.003716,0.000007,0.001108,0.000000,0.000007,households
NR30,0.033356,0.114574,0.010106,0.043798,0.000016,0.005560,0.000006,0.000053,0.000000,0.000006,households
NR31,0.014440,0.065290,0.001471,0.032518,0.000013,0.003070,0.000005,0.001087,0.000000,0.000004,households
NR32,0.011683,0.040755,0.004252,0.017885,0.000177,0.001690,0.000005,0.000045,0.000000,0.000005,households
NR33,0.020789,0.059080,0.007295,0.027869,0.000016,0.009036,0.000006,0.000052,0.000000,0.000006,households
NR34,0.031915,0.056891,0.006828,0.031183,0.000017,0.003721,0.000006,0.000347,0.000000,0.000296,households
NR35,0.049086,0.084936,0.044352,0.051054,0.007309,0.013490,0.006714,0.011021,0.000000,0.007287,households
NW1,0.194980,0.375484,0.125522,0.281069,0.047001,0.146746,0.025536,0.072138,0.010060,0.037409,households
NW2,0.105387,0.203151,0.046382,0.107906,0.016711,0.033506,0.011264,0.018600,0.000851,0.009838,households
NW3,0.155148,0.320725,0.114800,0.227799,0.033044,0.079833,0.007637,0.037597,0.007528,0.028850,households
NW4,0.057846,0.164842,0.040346,0.102565,0.022594,0.043293,0.017612,0.028464,0.015094,0.021865,households
NW5,0.166198,0.273698,0.111084,0.193204,0.040110,0.084170,0.016621,0.049756,0.000267,0.028469,households
NW6,0.187854,0.436646,0.128333,0.326339,0.054265,0.175884,0.042588,0.087057,0.028277,0.060941,households
NW7,0.075682,0.185147,0.042203,0.097774,0.017938,0.032689,0.009163,0.016526,0.001313,0.008790,households
NW8,0.058633,0.303474,0.031525,0.223700,0.008990,0.110936,0.000507,0.041984,0.000344,0.019676,households
NW9,0.106595,0.217303,0.070534,0.143880,0.020034,0.036655,0.007462,0.025873,0.007260,0.008652,households
NW10,0.127298,0.228260,0.060994,0.139878,0.024611,0.054801,0.008846,0.036771,0.006473,0.024842,households
NW11,0.126366,0.212469,0.073221,0.125753,0.019447,0.039813,0.004040,0.013491,0.001353,0.006742,households
OL1,0.010514,0.046936,0.006249,0.021944,0.000096,0.001921,0.000026,0.000208,0.000022,0.000142,households
OL2,0.017690,0.062812,0.008761,0.021376,0.003718,0.008447,0.000017,0.004583,0.000014,0.000025,households
OL3,0.031999,0.071490,0.012551,0.035361,0.003225,0.008367,0.001021,0.001113,0.000026,0.000045,households
OL4,0.010997,0.043723,0.004678,0.014412,0.000855,0.004349,0.000582,0.000635,0.000579,0.000590,households
OL5,0.023485,0.033018,0.004078,0.007988,0.003648,0.003949,0.003518,0.003663,0.003511,0.003541,households
OL6,0.060031,0.159137,0.024913,0.084624,0.006958,0.020169,0.000021,0.005452,0.000018,0.000031,households
OL7,0.030413,0.094310,0.012239,0.051709,0.000160,0.003001,0.000043,0.000174,0.000037,0.000063,households
OL8,0.020640,0.056445,0.012854,0.029014,0.007068,0.012732,0.003706,0.007456,0.003703,0.003716,households
OL9,0.027281,0.083493,0.014182,0.049257,0.005526,0.014010,0.001231,0.010138,0.001229,0.001665,households
OL10,0.028929,0.064860,0.012676,0.036032,0.002364,0.018467,0.002303,0.005944,0.001995,0.004061,households
OL11,0.022399,0.037464,0.008753,0.023345,0.001567,0.002104,0.000017,0.000069,0.000015,0.000025,households
OL12,0.021213,0.040500,0.008666,0.019658,0.001741,0.002044,0.000016,0.000063,0.000013,0.000023,households
OL13,0.018626,0.036005,0.005659,0.010286,0.001600,0.002320,0.001252,0.001337,0.001248,0.001265,households
OL14,0.116564,0.213862,0.053480,0.143823,0.016001,0.053009,0.002200,0.021313,0.000020,0.010508,households
OL15,0.017673,0.041573,0.005008,0.023417,0.002046,0.003588,0.001955,0.002057,0.001950,0.001971,households
OL16,0.017006,0.042762,0.007172,0.023646,0.001884,0.003291,0.000017,0.000199,0.000015,0.000025,households
OX1,0.032864,0.076862,0.018466,0.031463,0.002949,0.003299,0.000011,0.000028,0.000005,0.000008,households
OX2,0.027016,0.078509,0.010975,0.035891,0.001804,0.003498,0.000007,0.001306,0.000003,0.000005,households
OX3,0.039799,0.086452,0.019481,0.033205,0.006080,0.010344,0.004520,0.008587,0.002174,0.003719,households
OX4,0.040256,0.086903,0.016240,0.035954,0.001048,0.002971,0.000005,0.000013,0.000002,0.000004,households
OX5,0.001017,0.045245,0.000250,0.001161,0.000035,0.000088,0.000010,0.000025,0.000005,0.000008,households
OX7,0.011344,0.021237,0.007884,0.010730,0.000021,0.003091,0.000006,0.000016,0.000003,0.000005,households
OX9,0.063197,0.146594,0.031515,0.083197,0.003077,0.014268,0.000012,0.003065,0.000006,0.000009,households
OX10,0.010148,0.027308,0.001003,0.013367,0.000023,0.000310,0.000007,0.000017,0.000003,0.000005,households
OX11,0.021374,0.069987,0.005042,0.026681,0.000292,0.002064,0.000006,0.000014,0.000003,0.000004,households
OX12,0.008931,0.021827,0.003834,0.007558,0.000023,0.003181,0.000007,0.000017,0.000003,0.000005,households
OX13,0.025325,0.040112,0.005913,0.029261,0.000047,0.000121,0.000014,0.000034,0.000006,0.000010,households
OX14,0.018600,0.050857,0.006847,0.020661,0.000018,0.004472,0.000005,0.000013,0.000002,0.000004,households
OX15,0.009246,0.021345,0.002032,0.012631,0.001863,0.001905,0.000872,0.000883,0.000004,0.000006,households
OX16,0.034874,0.083611,0.010964,0.039842,0.002647,0.004352,0.000005,0.000013,0.000002,0.000004,households
OX17,0.014940,0.024610,0.005055,0.015108,0.000031,0.003051,0.000009,0.000023,0.000004,0.000007,households
OX18,0.003438,0.011992,0.000360,0.002210,0.000025,0.000064,0.000007,0.000018,0.000003,0.000005,households
OX20,0.004970,0.016528,0.004071,0.005083,0.000080,0.000205,0.000023,0.000058,0.000011,0.000018,households
OX25,0.018978,0.057153,0.003309,0.008049,0.001042,0.001109,0.000013,0.000031,0.000006,0.000009,households
OX26,0.007370,0.033836,0.003954,0.011304,0.000025,0.000065,0.000007,0.000018,0.000003,0.000006,households
OX27,0.013619,0.020185,0.000434,0.009737,0.000060,0.000154,0.000017,0.000044,0.000008,0.000013,households
OX28,0.014195,0.038581,0.007980,0.022301,0.000033,0.000084,0.000009,0.000024,0.000004,0.000007,households
OX29,0.015548,0.027060,0.007381,0.015234,0.001935,0.001971,0.000007,0.001929,0.000003,0.000005,households
OX33,0.028115,0.051935,0.002534,0.025140,0.000079,0.000201,0.000023,0.000057,0.000010,0.000017,households
OX39,0.001543,0.011556,0.000605,0.001661,0.000084,0.000214,0.000024,0.000061,0.000011,0.000018,households
OX44,0.008444,0.032890,0.007175,0.010213,0.000063,0.000162,0.000018,0.000046,0.000008,0.000014,households
OX49,0.010441,0.018183,0.003239,0.010573,0.001633,0.001778,0.001566,0.001607,0.001552,0.001560,households
PA1,0.000000,0.000000,0.000000,0.000000,0.000000,0.000000,0.000000,0.000000,0.000000,0.000000,households
PA2,0.000000,0.000000,0.000000,0.000000,0.000000,0.000000,0.000000,0.000000,0.000000,0.000000,households
PA3,0.000000,0.000000,0.000000,0.000000,0.000000,0.000000,0.000000,0.000000,0.000000,0.000000,households
PA4,0.000000,0.000000,0.000000,0.000000,0.000000,0.000000,0.000000,0.000000,0.000000,0.000000,households
PA5,0.000000,0.000000,0.000000,0.000000,0.000000,0.000000,0.000000,0.000000,0.000000,0.000000,households
PA6,0.000000,0.000000,0.000000,0.000000,0.000000,0.000000,0.000000,0.000000,0.000000,0.000000,households
PA7,0.000000,0.000000,0.000000,0.000000,0.000000,0.000000,0.000000,0.000000,0.000000,0.000000,households
PA8,0.000000,0.000000,0.000000,0.000000,0.000000,0.000000,0.000000,0.000000,0.000000,0.000000,households
PA9,0.000000,0.000000,0.000000,0.000000,0.000000,0.000000,0.000000,0.000000,0.000000,0.000000,households
PA10,0.000000,0.000000,0.000000,0.000000,0.000000,0.000000,0.000000,0.000000,0.000000,0.000000,households
PA11,0.000000,0.000000,0.000000,0.000000,0.000000,0.000000,0.000000,0.000000,0.000000,0.000000,households
PA12,0.000000,0.000000,0.000000,0.000000,0.000000,0.000000,0.000000,0.000000,0.000000,0.000000,households
PA13,0.000000,0.000000,0.000000,0.000000,0.000000,0.000000,0.000000,0.000000,0.000000,0.000000,households
PA14,0.000000,0.000000,0.000000,0.000000,0.000000,0.000000,0.000000,0.000000,0.000000,0.000000,households
PA15,0.000000,0.000000,0.000000,0.000000,0.000000,0.000000,0.000000,0.000000,0.000000,0.000000,households
PA16,0.000000,0.000000,0.000000,0.000000,0.000000,0.000000,0.000000,0.000000,0.000000,0.000000,households
PA17,0.000000,0.000000,0.000000,0.000000,0.000000,0.000000,0.000000,0.000000,0.000000,0.000000,households
PA18,0.000000,0.000000,0.000000,0.000000,0.000000,0.000000,0.000000,0.000000,0.000000,0.000000,households
PA19,0.000000,0.000000,0.000000,0.000000,0.000000,0.000000,0.000000,0.000000,0.000000,0.000000,households
PA20,0.000000,0.000000,0.000000,0.000000,0.000000,0.000000,0.000000,0.000000,0.000000,0.000000,households
PA21,0.000000,0.000000,0.000000,0.000000,0.000000,0.000000,0.000000,0.000000,0.000000,0.000000,households
PA22,0.000000,0.000000,0.000000,0.000000,0.000000,0.000000,0.000000,0.000000,0.000000,0.000000,households
PA23,0.000000,0.000000,0.000000,0.000000,0.000000,0.000000,0.000000,0.000000,0.000000,0.000000,households
PA24,0.000000,0.000000,0.000000,0.000000,0.000000,0.000000,0.000000,0.000000,0.000000,0.000000,households
PA25,0.000000,0.000000,0.000000,0.000000,0.000000,0.000000,0.000000,0.000000,0.000000,0.000000,households
PA26,0.000000,0.000000,0.000000,0.000000,0.000000,0.000000,0.000000,0.000000,0.000000,0.000000,households
PA27,0.000000,0.000000,0.000000,0.000000,0.000000,0.000000,0.000000,0.000000,0.000000,0.000000,households
PA28,0.000000,0.000000,0.000000,0.000000,0.000000,0.000000,0.000000,0.000000,0.000000,0.000000,households
PA29,0.000000,0.000000,0.000000,0.000000,0.000000,0.000000,0.000000,0.000000,0.000000,0.000000,households
PA30,0.000000,0.000000,0.000000,0.000000,0.000000,0.000000,0.000000,0.000000,0.000000,0.000000,households
PA31,0.000000,0.000000,0.000000,0.000000,0.000000,0.000000,0.000000,0.000000,0.000000,0.000000,households
PA32,0.000000,0.000000,0.000000,0.000000,0.000000,0.000000,0.000000,0.000000,0.000000,0.000000,households
PA33,0.000000,0.000000,0.000000,0.000000,0.000000,0.000000,0.000000,0.000000,0.000000,0.000000,households
PA34,0.000000,0.000000,0.000000,0.000000,0.000000,0.000000,0.000000,0.000000,0.000000,0.000000,households
PA35,0.000000,0.000000,0.000000,0.000000,0.000000,0.000000,0.000000,0.000000,0.000000,0.000000,households
PA36,0.000000,0.000000,0.000000,0.000000,0.000000,0.000000,0.000000,0.000000,0.000000,0.000000,households
PA37,0.000000,0.000000,0.000000,0.000000,0.000000,0.000000,0.000000,0.000000,0.000000,0.000000,households
PA38,0.000000,0.000000,0.000000,0.000000,0.000000,0.000000,0.000000,0.000000,0.000000,0.000000,households
PA41,0.000000,0.000000,0.000000,0.000000,0.000000,0.000000,0.000000,0.000000,0.000000,0.000000,households
PA42,0.000000,0.000000,0.000000,0.000000,0.000000,0.000000,0.000000,0.000000,0.000000,0.000000,households
PA43,0.000000,0.000000,0.000000,0.000000,0.000000,0.000000,0.000000,0.000000,0.000000,0.000000,households
PA44,0.000000,0.000000,0.000000,0.000000,0.000000,0.000000,0.000000,0.000000,0.000000,0.000000,households
PA45,0.000000,0.000000,0.000000,0.000000,0.000000,0.000000,0.000000,0.000000,0.000000,0.000000,households
PA46,0.000000,0.000000,0.000000,0.000000,0.000000,0.000000,0.000000,0.000000,0.000000,0.000000,households
PA47,0.000000,0.000000,0.000000,0.000000,0.000000,0.000000,0.000000,0.000000,0.000000,0.000000,households
PA48,0.000000,0.000000,0.000000,0.000000,0.000000,0.000000,0.000000,0.000000,0.000000,0.000000,households
PA49,0.000000,0.000000,0.000000,0.000000,0.000000,0.000000,0.000000,0.000000,0.000000,0.000000,households
PA60,0.000000,0.000000,0.000000,0.000000,0.000000,0.000000,0.000000,0.000000,0.000000,0.000000,households
PA61,0.000000,0.000000,0.000000,0.000000,0.000000,0.000000,0.000000,0.000000,0.000000,0.000000,households
PA62,0.000000,0.000000,0.000000,0.000000,0.000000,0.000000,0.000000,0.000000,0.000000,0.000000,households
PA63,0.000000,0.000000,0.000000,0.000000,0.000000,0.000000,0.000000,0.000000,0.000000,0.000000,households
PA64,0.000000,0.000000,0.000000,0.000000,0.000000,0.000000,0.000000,0.000000,0.000000,0.000000,households
PA65,0.000000,0.000000,0.000000,0.000000,0.000000,0.000000,0.000000,0.000000,0.000000,0.000000,households
PA66,0.000000,0.000000,0.000000,0.000000,0.000000,0.000000,0.000000,0.000000,0.000000,0.000000,households
PA67,0.000000,0.000000,0.000000,0.000000,0.000000,0.000000,0.000000,0.000000,0.000000,0.000000,households
PA68,0.000000,0.000000,0.000000,0.000000,0.000000,0.000000,0.000000,0.000000,0.000000,0.000000,households
PA69,0.000000,0.000000,0.000000,0.000000,0.000000,0.000000,0.000000,0.000000,0.000000,0.000000,households
PA70,0.000000,0.000000,0.000000,0.000000,0.000000,0.000000,0.000000,0.000000,0.000000,0.000000,households
PA71,0.000000,0.000000,0.000000,0.000000,0.000000,0.000000,0.000000,0.000000,0.000000,0.000000,households
PA72,0.000000,0.000000,0.000000,0.000000,0.000000,0.000000,0.000000,0.000000,0.000000,0.000000,households
PA73,0.000000,0.000000,0.000000,0.000000,0.000000,0.000000,0.000000,0.000000,0.000000,0.000000,households
PA74,0.000000,0.000000,0.000000,0.000000,0.000000,0.000000,0.000000,0.000000,0.000000,0.000000,households
PA75,0.000000,0.000000,0.000000,0.000000,0.000000,0.000000,0.000000,0.000000,0.000000,0.000000,households
PA76,0.000000,0.000000,0.000000,0.000000,0.000000,0.000000,0.000000,0.000000,0.000000,0.000000,households
PA77,0.000000,0.000000,0.000000,0.000000,0.000000,0.000000,0.000000,0.000000,0.000000,0.000000,households
PA78,0.000000,0.000000,0.000000,0.000000,0.000000,0.000000,0.000000,0.000000,0.000000,0.000000,households
PA80,0.000000,0.000000,0.000000,0.000000,0.000000,0.000000,0.000000,0.000000,0.000000,0.000000,households
PE1,0.012489,0.109395,0.006059,0.048458,0.000987,0.002649,0.000967,0.000988,0.000002,0.000016,households
PE2,0.033016,0.109527,0.011954,0.039426,0.000034,0.008949,0.000010,0.000034,0.000003,0.000019,households
PE3,0.005352,0.050110,0.001776,0.028560,0.000051,0.003559,0.000015,0.000208,0.000004,0.000029,households
PE4,0.014870,0.062062,0.000348,0.010439,0.000061,0.000231,0.000018,0.000062,0.000005,0.000034,households
PE5,0.013428,0.086459,0.002452,0.015703,0.000430,0.001633,0.000125,0.000436,0.000037,0.000243,households
PE6,0.004447,0.030989,0.000809,0.001613,0.000029,0.000110,0.000008,0.000029,0.000002,0.000016,households
PE7,0.030157,0.073306,0.013026,0.044173,0.000166,0.007225,0.000007,0.000880,0.000002,0.000013,households
PE8,0.023107,0.034065,0.013223,0.026912,0.004619,0.005894,0.000014,0.001191,0.000004,0.000027,households
PE9,0.022239,0.049760,0.002334,0.025543,0.000948,0.002932,0.000009,0.000686,0.000003,0.000214,households
PE10,0.037143,0.100193,0.012575,0.056578,0.000490,0.008205,0.000013,0.000044,0.000004,0.000025,households
PE11,0.001909,0.049309,0.000282,0.018570,0.000023,0.001723,0.000007,0.000024,0.000002,0.000013,households
PE12,0.003941,0.018803,0.000135,0.004390,0.000024,0.000360,0.000007,0.000024,0.000002,0.000013,households
PE13,0.006629,0.056254,0.000160,0.009443,0.000028,0.001924,0.000008,0.000028,0.000002,0.000016,households
PE14,0.003691,0.018890,0.000242,0.004538,0.000043,0.000162,0.000012,0.000043,0.000004,0.000024,households
PE15,0.046662,0.104459,0.013648,0.038134,0.001833,0.008403,0.000010,0.000178,0.000003,0.000019,households
PE16,0.029419,0.079837,0.014390,0.038964,0.000097,0.001521,0.000028,0.000098,0.000008,0.000055,households
PE19,0.048817,0.093123,0.023163,0.048167,0.001093,0.016073,0.000007,0.000462,0.000002,0.000014,households
PE20,0.001509,0.022956,0.000274,0.001763,0.000048,0.000182,0.000014,0.000049,0.000004,0.000027,households
PE21,0.017015,0.056054,0.004364,0.018114,0.000028,0.000107,0.000008,0.000028,0.000002,0.000016,households
PE22,0.016026,0.028461,0.002901,0.018241,0.000039,0.001085,0.000011,0.000040,0.000003,0.000022,households
PE23,0.026029,0.047660,0.015464,0.021180,0.004132,0.004344,0.000022,0.000077,0.000007,0.000043,households
PE24,0.005801,0.024276,0.000312,0.004392,0.000055,0.000208,0.000016,0.000056,0.000005,0.000031,households
PE25,0.010633,0.046653,0.000426,0.021165,0.000043,0.000164,0.000012,0.000044,0.000004,0.000024,households
PE26,0.035438,0.100887,0.022192,0.056319,0.005377,0.011263,0.000023,0.003004,0.000007,0.000045,households
PE27,0.107878,0.238575,0.034164,0.165382,0.000057,0.008807,0.000016,0.000058,0.000005,0.000032,households
PE28,0.061893,0.110307,0.031039,0.070741,0.015097,0.027586,0.007248,0.018468,0.002461,0.013676,households
PE29,0.075286,0.155314,0.032582,0.084788,0.007915,0.025351,0.000010,0.010280,0.000003,0.003745,households
PE30,0.019603,0.093032,0.004318,0.027691,0.000026,0.001717,0.000007,0.000026,0.000002,0.000014,households
PE31,0.003961,0.023845,0.000504,0.004970,0.000034,0.000440,0.000010,0.000034,0.000003,0.000019,households
PE32,0.026793,0.052951,0.002451,0.036398,0.000456,0.008989,0.000421,0.000457,0.000004,0.000028,households
PE33,0.016962,0.033523,0.001207,0.021868,0.000055,0.000209,0.000016,0.000056,0.000005,0.000031,households
PE34,0.001080,0.018991,0.000384,0.005132,0.000067,0.000256,0.000020,0.000068,0.000006,0.000038,households
PE35,0.015775,0.045735,0.005616,0.020987,0.000985,0.003741,0.000286,0.001000,0.000085,0.000557,households
PE36,0.015419,0.052783,0.003555,0.015903,0.001608,0.003381,0.000027,0.000093,0.000008,0.000052,households
PE37,0.010058,0.018506,0.000402,0.012882,0.000071,0.000268,0.000020,0.000072,0.000006,0.000040,households
PE38,0.009838,0.023530,0.002407,0.006083,0.001086,0.001264,0.000018,0.000064,0.000005,0.000036,households
PH1,0.000000,0.000000,0.000000,0.000000,0.000000,0.000000,0.000000,0.000000,0.000000,0.000000,households
PH2,0.000000,0.000000,0.000000,0.000000,0.000000,0.000000,0.000000,0.000000,0.000000,0.000000,households
PH3,0.000000,0.000000,0.000000,0.000000,0.000000,0.000000,0.000000,0.000000,0.000000,0.000000,households
PH4,0.000000,0.000000,0.000000,0.000000,0.000000,0.000000,0.000000,0.000000,0.000000,0.000000,households
PH5,0.000000,0.000000,0.000000,0.000000,0.000000,0.000000,0.000000,0.000000,0.000000,0.000000,households
PH6,0.000000,0.000000,0.000000,0.000000,0.000000,0.000000,0.000000,0.000000,0.000000,0.000000,households
PH7,0.000000,0.000000,0.000000,0.000000,0.000000,0.000000,0.000000,0.000000,0.000000,0.000000,households
PH8,0.000000,0.000000,0.000000,0.000000,0.000000,0.000000,0.000000,0.000000,0.000000,0.000000,households
PH9,0.000000,0.000000,0.000000,0.000000,0.000000,0.000000,0.000000,0.000000,0.000000,0.000000,households
PH10,0.000000,0.000000,0.000000,0.000000,0.000000,0.000000,0.000000,0.000000,0.000000,0.000000,households
PH11,0.000000,0.000000,0.000000,0.000000,0.000000,0.000000,0.000000,0.000000,0.000000,0.000000,households
PH12,0.000000,0.000000,0.000000,0.000000,0.000000,0.000000,0.000000,0.000000,0.000000,0.000000,households
PH13,0.000000,0.000000,0.000000,0.000000,0.000000,0.000000,0.000000,0.000000,0.000000,0.000000,households
PH14,0.000000,0.000000,0.000000,0.000000,0.000000,0.000000,0.000000,0.000000,0.000000,0.000000,households
PH15,0.000000,0.000000,0.000000,0.000000,0.000000,0.000000,0.000000,0.000000,0.000000,0.000000,households
PH16,0.000000,0.000000,0.000000,0.000000,0.000000,0.000000,0.000000,0.000000,0.000000,0.000000,households
PH17,0.000000,0.000000,0.000000,0.000000,0.000000,0.000000,0.000000,0.000000,0.000000,0.000000,households
PH18,0.000000,0.000000,0.000000,0.000000,0.000000,0.000000,0.000000,0.000000,0.000000,0.000000,households
PH19,0.000000,0.000000,0.000000,0.000000,0.000000,0.000000,0.000000,0.000000,0.000000,0.000000,households
PH20,0.000000,0.000000,0.000000,0.000000,0.000000,0.000000,0.000000,0.000000,0.000000,0.000000,households
PH21,0.000000,0.000000,0.000000,0.000000,0.000000,0.000000,0.000000,0.000000,0.000000,0.000000,households
PH22,0.000000,0.000000,0.000000,0.000000,0.000000,0.000000,0.000000,0.000000,0.000000,0.000000,households
PH23,0.000000,0.000000,0.000000,0.000000,0.000000,0.000000,0.000000,0.000000,0.000000,0.000000,households
PH24,0.000000,0.000000,0.000000,0.000000,0.000000,0.000000,0.000000,0.000000,0.000000,0.000000,households
PH25,0.000000,0.000000,0.000000,0.000000,0.000000,0.000000,0.000000,0.000000,0.000000,0.000000,households
PH26,0.000000,0.000000,0.000000,0.000000,0.000000,0.000000,0.000000,0.000000,0.000000,0.000000,households
PH30,0.000000,0.000000,0.000000,0.000000,0.000000,0.000000,0.000000,0.000000,0.000000,0.000000,households
PH31,0.000000,0.000000,0.000000,0.000000,0.000000,0.000000,0.000000,0.000000,0.000000,0.000000,households
PH32,0.000000,0.000000,0.000000,0.000000,0.000000,0.000000,0.000000,0.000000,0.000000,0.000000,households
PH33,0.000000,0.000000,0.000000,0.000000,0.000000,0.000000,0.000000,0.000000,0.000000,0.000000,households
PH34,0.000000,0.000000,0.000000,0.000000,0.000000,0.000000,0.000000,0.000000,0.000000,0.000000,households
PH35,0.000000,0.000000,0.000000,0.000000,0.000000,0.000000,0.000000,0.000000,0.000000,0.000000,households
PH36,0.000000,0.000000,0.000000,0.000000,0.000000,0.000000,0.000000,0.000000,0.000000,0.000000,households
PH37,0.000000,0.000000,0.000000,0.000000,0.000000,0.000000,0.000000,0.000000,0.000000,0.000000,households
PH38,0.000000,0.000000,0.000000,0.000000,0.000000,0.000000,0.000000,0.000000,0.000000,0.000000,households
PH39,0.000000,0.000000,0.000000,0.000000,0.000000,0.000000,0.000000,0.000000,0.000000,0.000000,households
PH40,0.000000,0.000000,0.000000,0.000000,0.000000,0.000000,0.000000,0.000000,0.000000,0.000000,households
PH41,0.000000,0.000000,0.000000,0.000000,0.000000,0.000000,0.000000,0.000000,0.000000,0.000000,households
PH42,0.000000,0.000000,0.000000,0.000000,0.000000,0.000000,0.000000,0.000000,0.000000,0.000000,households
PH43,0.000000,0.000000,0.000000,0.000000,0.000000,0.000000,0.000000,0.000000,0.000000,0.000000,households
PH44,0.000000,0.000000,0.000000,0.000000,0.000000,0.000000,0.000000,0.000000,0.000000,0.000000,households
PH49,0.000000,0.000000,0.000000,0.000000,0.000000,0.000000,0.000000,0.000000,0.000000,0.000000,households
PH50,0.000000,0.000000,0.000000,0.000000,0.000000,0.000000,0.000000,0.000000,0.000000,0.000000,households
PL1,0.067033,0.132135,0.025783,0.080154,0.003796,0.023214,0.000014,0.006264,0.000012,0.000716,households
PL2,0.019888,0.051772,0.011063,0.026614,0.006810,0.007463,0.004254,0.004845,0.004251,0.004815,households
PL3,0.009487,0.032813,0.005701,0.021783,0.000043,0.007568,0.000017,0.002999,0.000014,0.000030,households
PL4,0.041900,0.087625,0.015296,0.055842,0.006600,0.019343,0.002493,0.007685,0.001552,0.006589,households
PL5,0.008366,0.016447,0.001532,0.007357,0.000033,0.000675,0.000013,0.000610,0.000011,0.000588,households
PL6,0.008791,0.024573,0.001418,0.005201,0.000030,0.000152,0.000012,0.000040,0.000009,0.000021,households
PL7,0.023485,0.039532,0.006601,0.014226,0.000260,0.000937,0.000016,0.000274,0.000013,0.000101,households
PL8,0.011999,0.038074,0.008841,0.018881,0.000795,0.006636,0.000740,0.002938,0.000733,0.000767,households
PL9,0.022241,0.044228,0.010449,0.026403,0.000469,0.007052,0.000451,0.002382,0.000156,0.001265,households
PL10,0.044778,0.087887,0.018743,0.027600,0.000155,0.002206,0.000061,0.000208,0.000049,0.000108,households
PL11,0.011628,0.044522,0.004570,0.016999,0.000487,0.000692,0.000434,0.000518,0.000427,0.000460,households
PL12,0.005245,0.026369,0.002810,0.013244,0.000040,0.000233,0.000016,0.000054,0.000013,0.000028,households
PL13,0.015087,0.042256,0.007633,0.022570,0.000068,0.004303,0.000027,0.004168,0.000022,0.000048,households
PL14,0.001947,0.011091,0.001102,0.004932,0.000384,0.002134,0.000366,0.000394,0.000364,0.000375,households
PL15,0.010173,0.023977,0.001853,0.012156,0.000037,0.001392,0.000015,0.000050,0.000012,0.000026,households
PL16,0.022738,0.029207,0.000990,0.023226,0.000229,0.000756,0.000090,0.000308,0.000073,0.000159,households
PL17,0.006048,0.032190,0.000300,0.014963,0.000069,0.000229,0.000027,0.000093,0.000022,0.000048,households
PL18,0.007983,0.021415,0.000914,0.005180,0.000123,0.000406,0.000048,0.000165,0.000039,0.000085,households
PL19,0.012295,0.033360,0.004619,0.013782,0.000045,0.000148,0.000018,0.000060,0.000014,0.000031,households
PL20,0.028689,0.035350,0.010077,0.020469,0.006547,0.007607,0.000023,0.000078,0.000018,0.000040,households
PL21,0.013192,0.026799,0.005015,0.018469,0.003779,0.003884,0.003752,0.003795,0.002905,0.003765,households
PL22,0.017673,0.035846,0.000568,0.016395,0.000131,0.000434,0.000052,0.000177,0.000042,0.000091,households
PL23,0.016083,0.020413,0.003059,0.014662,0.000162,0.002893,0.000064,0.001986,0.000052,0.000113,households
PL24,0.024844,0.060247,0.005954,0.033594,0.000111,0.010299,0.000044,0.002987,0.000036,0.000077,households
PL25,0.009414,0.029832,0.002566,0.012531,0.000040,0.000132,0.000016,0.000054,0.000013,0.000028,households
PL26,0.014769,0.040742,0.005362,0.010023,0.000836,0.001957,0.000093,0.000446,0.000011,0.000023,households
PL27,0.021154,0.038324,0.008229,0.020218,0.005622,0.006958,0.000020,0.005640,0.000016,0.002473,households
PL28,0.005629,0.039232,0.003814,0.017742,0.000113,0.000374,0.000045,0.000152,0.000036,0.000079,households
PL29,0.030451,0.083055,0.001654,0.055413,0.000382,0.001264,0.000151,0.000514,0.000122,0.000265,households
PL30,0.012032,0.039453,0.005083,0.020582,0.000476,0.001443,0.000443,0.000494,0.000017,0.000037,households
PL31,0.017476,0.041348,0.004819,0.014927,0.000061,0.002211,0.000024,0.000082,0.000019,0.000042,households
PL32,0.009292,0.054241,0.000691,0.041914,0.000160,0.014363,0.000063,0.014050,0.000051,0.000111,households
PL33,0.007269,0.033423,0.004887,0.007933,0.000311,0.001029,0.000123,0.000419,0.000099,0.000216,households
PL34,0.029459,0.035267,0.004297,0.007282,0.000305,0.003986,0.000120,0.000411,0.000097,0.000212,households
PL35,0.039981,0.044748,0.004613,0.007567,0.000302,0.000998,0.000119,0.000406,0.000096,0.000210,households
PO1,0.037176,0.095109,0.013911,0.040040,0.000653,0.000958,0.000008,0.000655,0.000004,0.000010,households
PO2,0.020650,0.056647,0.012207,0.029829,0.000024,0.000935,0.000009,0.000026,0.000005,0.000010,households
PO3,0.012046,0.047385,0.002399,0.018303,0.000042,0.004010,0.000015,0.001740,0.000008,0.001711,households
PO4,0.026800,0.088084,0.012407,0.032139,0.001054,0.003297,0.001039,0.001057,0.000005,0.000010,households
PO5,0.027631,0.112062,0.011201,0.044826,0.000027,0.003439,0.000010,0.001089,0.000005,0.000012,households
PO6,0.009004,0.031219,0.002424,0.014045,0.000020,0.002562,0.000007,0.000022,0.000004,0.000009,households
PO7,0.050220,0.099150,0.017535,0.048933,0.000640,0.008816,0.000631,0.002674,0.000003,0.000632,households
PO8,0.042798,0.082776,0.010596,0.034879,0.001388,0.002818,0.001375,0.001390,0.001371,0.001376,households
PO9,0.036782,0.082627,0.006692,0.027216,0.000015,0.001597,0.000005,0.000017,0.000003,0.000007,households
PO10,0.011645,0.024524,0.002939,0.011679,0.000029,0.001686,0.000010,0.000032,0.000006,0.000013,households
PO11,0.002068,0.027600,0.000336,0.009239,0.000038,0.000158,0.000014,0.000042,0.000008,0.000017,households
PO12,0.015816,0.042971,0.004098,0.018703,0.000017,0.002467,0.000006,0.000019,0.000003,0.000008,households
PO13,0.007463,0.018755,0.002854,0.013451,0.000023,0.002102,0.000008,0.000025,0.000005,0.000010,households
PO14,0.011621,0.027739,0.007760,0.010053,0.004579,0.004774,0.000007,0.002991,0.000004,0.000008,households
PO15,0.032985,0.044742,0.020732,0.021541,0.002056,0.003353,0.002040,0.002059,0.000005,0.002042,households
PO16,0.024287,0.051269,0.012227,0.031342,0.005949,0.008902,0.002558,0.004571,0.002555,0.002559,households
PO17,0.064330,0.079466,0.012821,0.049165,0.003224,0.040813,0.000653,0.009256,0.000010,0.000657,households
PO18,0.004126,0.020969,0.002983,0.004156,0.000026,0.001178,0.000009,0.000795,0.000005,0.000011,households
PO19,0.011235,0.042767,0.002689,0.015906,0.000015,0.004584,0.000006,0.000017,0.000003,0.000007,households
PO20,0.003373,0.027826,0.001241,0.007237,0.000014,0.000058,0.000005,0.000016,0.000003,0.000006,households
PO21,0.006128,0.030571,0.003307,0.012316,0.000013,0.004685,0.000005,0.000015,0.000003,0.000006,households
PO22,0.011922,0.037379,0.004715,0.014257,0.000018,0.004282,0.000006,0.000020,0.000004,0.000008,households
PO30,0.026423,0.060316,0.007128,0.015904,0.001834,0.005013,0.000006,0.000019,0.000003,0.000007,households
PO31,0.028237,0.042815,0.016285,0.021159,0.005309,0.008418,0.000014,0.004600,0.000008,0.000016,households
PO32,0.022662,0.044552,0.018351,0.026515,0.000067,0.002939,0.000024,0.000074,0.000013,0.000029,households
PO33,0.025700,0.037931,0.007033,0.011703,0.001097,0.001760,0.000007,0.000020,0.000004,0.000008,households
PO34,0.014393,0.018851,0.012529,0.014540,0.004519,0.004913,0.004438,0.004533,0.004418,0.004448,households
PO35,0.010483,0.058812,0.006473,0.010598,0.000100,0.000409,0.000036,0.000110,0.000020,0.000043,households
PO36,0.024122,0.041881,0.010278,0.019788,0.000033,0.003756,0.000012,0.000036,0.000007,0.000014,households
PO37,0.008536,0.023054,0.002609,0.009669,0.000910,0.007289,0.000876,0.007128,0.000868,0.007093,households
PO38,0.018394,0.054344,0.011075,0.031703,0.000685,0.001924,0.000011,0.001180,0.000006,0.000013,households
PO39,0.011474,0.016095,0.001149,0.009528,0.000131,0.000540,0.000047,0.000145,0.000026,0.000057,households
PO40,0.009963,0.022596,0.004476,0.007390,0.000059,0.000242,0.000021,0.000065,0.000012,0.000026,households
PO41,0.004216,0.039830,0.000948,0.004342,0.000108,0.000446,0.000039,0.000120,0.000022,0.000047,households
PR1,0.033993,0.100074,0.017847,0.052782,0.004181,0.014194,0.002037,0.003031,0.000272,0.002042,households
PR2,0.024608,0.044976,0.010070,0.026260,0.001068,0.006634,0.000121,0.002128,0.000000,0.000889,households
PR3,0.032597,0.053347,0.010528,0.030379,0.000342,0.002039,0.000004,0.000016,0.000000,0.000009,households
PR4,0.028827,0.058894,0.007737,0.025667,0.000010,0.003728,0.000003,0.000013,0.000000,0.000007,households
PR5,0.044547,0.089728,0.016314,0.051966,0.000019,0.004944,0.000006,0.000024,0.000001,0.000014,households
PR6,0.025124,0.033784,0.008471,0.016988,0.000828,0.001093,0.000005,0.000272,0.000001,0.000013,households
PR7,0.018793,0.044865,0.008099,0.023000,0.001329,0.005258,0.000004,0.003679,0.000000,0.002321,households
PR8,0.053897,0.089810,0.010476,0.027273,0.000016,0.000522,0.000005,0.000019,0.000001,0.000011,households
PR9,0.079543,0.116008,0.031829,0.048322,0.000020,0.002019,0.000006,0.000025,0.000001,0.000014,households
PR25,0.015680,0.048846,0.004523,0.015292,0.000227,0.001413,0.000007,0.000233,0.000001,0.000221,households
PR26,0.038486,0.125411,0.007315,0.081376,0.000051,0.006086,0.000015,0.000064,0.000002,0.000037,households
RG1,0.035478,0.105001,0.024974,0.056166,0.001313,0.015858,0.000011,0.006805,0.000002,0.000416,households
RG2,0.025594,0.069921,0.012572,0.027370,0.004697,0.011426,0.002626,0.007230,0.000002,0.004230,households
RG4,0.025853,0.045113,0.006275,0.025388,0.000037,0.004953,0.000012,0.000548,0.000002,0.000025,households
RG5,0.007943,0.046678,0.000656,0.012378,0.000073,0.000348,0.000024,0.000137,0.000004,0.000049,households
RG6,0.033278,0.069012,0.012599,0.039311,0.000053,0.011597,0.000017,0.003371,0.000003,0.000036,households
RG7,0.024247,0.046880,0.008125,0.022580,0.000632,0.002277,0.000008,0.000047,0.000001,0.000017,households
RG8,0.016399,0.031413,0.007349,0.016431,0.001052,0.005504,0.000141,0.000210,0.000128,0.000156,households
RG9,0.031272,0.077485,0.015661,0.042896,0.004360,0.007339,0.001585,0.004685,0.000002,0.003366,households
RG10,0.023057,0.042373,0.011237,0.019706,0.002584,0.007216,0.002548,0.003771,0.000003,0.002567,households
RG12,0.028879,0.063100,0.019878,0.036154,0.001040,0.012180,0.000012,0.002919,0.000002,0.000024,households
RG14,0.018982,0.074580,0.006113,0.029052,0.002534,0.005791,0.001235,0.002561,0.000002,0.001246,households
RG17,0.016224,0.042231,0.005035,0.021367,0.000056,0.002529,0.000019,0.000106,0.000003,0.000038,households
RG18,0.026303,0.139391,0.003645,0.062969,0.000835,0.001092,0.000023,0.000895,0.000003,0.000046,households
RG19,0.075017,0.209146,0.038867,0.145269,0.000077,0.052719,0.000026,0.011181,0.000004,0.000053,households
RG20,0.013849,0.038611,0.008125,0.021729,0.000040,0.006946,0.000013,0.002778,0.000002,0.000027,households
RG21,0.017414,0.044736,0.007019,0.021632,0.001226,0.006926,0.000017,0.001271,0.000003,0.000034,households
RG22,0.017465,0.039096,0.007598,0.025762,0.001572,0.006212,0.000016,0.002348,0.000002,0.000371,households
RG23,0.016373,0.040618,0.010533,0.028020,0.000085,0.011065,0.000028,0.000160,0.000004,0.000058,households
RG24,0.043736,0.066895,0.019640,0.039272,0.003096,0.014553,0.000016,0.008076,0.000002,0.006616,households
RG25,0.005094,0.019734,0.003612,0.012690,0.000091,0.000434,0.000030,0.000171,0.000005,0.000062,households
RG26,0.017911,0.050027,0.005069,0.013315,0.003353,0.003567,0.000019,0.003403,0.000003,0.000038,households
RG27,0.025122,0.056786,0.006584,0.026164,0.000045,0.002277,0.000015,0.000084,0.000002,0.000030,households
RG28,0.028009,0.060931,0.006416,0.021724,0.000147,0.006146,0.000049,0.005720,0.000008,0.005543,households
RG29,0.053569,0.077030,0.026692,0.051351,0.000131,0.008006,0.000044,0.000248,0.000007,0.000089,households
RG30,0.022215,0.053868,0.009985,0.035439,0.004112,0.014902,0.000573,0.006846,0.000002,0.000027,households
RG31,0.018809,0.036770,0.009657,0.018007,0.003735,0.005957,0.003697,0.005123,0.002678,0.003717,households
RG40,0.042617,0.089411,0.024380,0.047982,0.005117,0.014674,0.000013,0.008438,0.000002,0.007868,households
RG41,0.040294,0.081958,0.015527,0.038191,0.004203,0.007364,0.004171,0.004246,0.000002,0.000033,households
RG42,0.048562,0.081900,0.018490,0.042245,0.000612,0.002233,0.000013,0.000075,0.000002,0.000027,households
RG45,0.014541,0.048025,0.000527,0.018950,0.000079,0.000711,0.000026,0.000480,0.000004,0.000054,households
RH1,0.037929,0.090848,0.009675,0.047548,0.002383,0.008642,0.000156,0.005025,0.000152,0.000160,households
RH2,0.037161,0.090148,0.024122,0.049303,0.005166,0.013980,0.000018,0.008313,0.000012,0.007381,households
RH3,0.026378,0.055351,0.003683,0.017068,0.000255,0.002785,0.000087,0.000293,0.000060,0.000119,households
RH4,0.022058,0.054706,0.009130,0.018730,0.001403,0.002078,0.001360,0.001412,0.001353,0.001368,households
RH5,0.032645,0.064573,0.006076,0.029311,0.001803,0.002664,0.001761,0.001812,0.000160,0.000174,households
RH6,0.035174,0.077998,0.017948,0.053952,0.005994,0.022069,0.001468,0.005586,0.000011,0.001474,households
RH7,0.022901,0.064354,0.020319,0.036583,0.000174,0.019704,0.000060,0.000200,0.000041,0.000081,households
RH8,0.038290,0.053393,0.026991,0.038230,0.004311,0.014153,0.004243,0.004327,0.004232,0.004256,households
RH9,0.013653,0.054748,0.009944,0.017996,0.000243,0.004550,0.000083,0.000279,0.000057,0.000114,households
RH10,0.025629,0.073870,0.016152,0.038591,0.000023,0.003129,0.000008,0.000026,0.000005,0.000011,households
RH11,0.035792,0.070582,0.012721,0.034483,0.000034,0.002494,0.000012,0.000039,0.000008,0.000016,households
RH12,0.020181,0.046114,0.007439,0.018390,0.001672,0.003780,0.000011,0.002387,0.000007,0.000015,households
RH13,0.041551,0.067062,0.022105,0.041575,0.005532,0.008238,0.004672,0.006672,0.004309,0.004676,households
RH14,0.052833,0.086514,0.033702,0.054369,0.009173,0.014424,0.001403,0.001457,0.000016,0.000032,households
RH15,0.041490,0.069134,0.023249,0.042841,0.002603,0.005743,0.000016,0.002817,0.000011,0.000022,households
RH16,0.021541,0.047775,0.005387,0.026525,0.000156,0.002834,0.000131,0.000162,0.000009,0.000136,households
RH17,0.009893,0.028659,0.000734,0.011099,0.000056,0.003888,0.000019,0.000064,0.000013,0.000026,households
RH18,0.003729,0.014670,0.001759,0.004336,0.000263,0.000831,0.000090,0.000302,0.000062,0.000123,households
RH19,0.014446,0.036123,0.007074,0.019295,0.000503,0.000656,0.000146,0.000179,0.000010,0.000019,households
RH20,0.010716,0.028755,0.008191,0.013338,0.000214,0.003500,0.000016,0.001227,0.000011,0.000189,households
RM1,0.066878,0.150000,0.051145,0.075875,0.023842,0.026309,0.005322,0.011554,0.000028,0.005363,households
RM2,0.052446,0.119126,0.030564,0.089016,0.012819,0.026993,0.000093,0.008560,0.000048,0.000163,households
RM3,0.081254,0.150252,0.046179,0.092276,0.008449,0.030569,0.000348,0.016161,0.000334,0.000370,households
RM4,0.030935,0.057721,0.009707,0.027017,0.000523,0.015547,0.000149,0.000811,0.000077,0.000262,households
RM5,0.071531,0.137430,0.038722,0.073167,0.000235,0.019258,0.000067,0.006417,0.000035,0.000118,households
RM6,0.034792,0.115040,0.014356,0.070055,0.000172,0.008516,0.000049,0.000266,0.000025,0.000086,households
RM7,0.035794,0.113430,0.015908,0.068540,0.000174,0.008384,0.000050,0.000270,0.000026,0.000087,households
RM8,0.041808,0.110973,0.009043,0.042178,0.000155,0.004687,0.000044,0.001750,0.000023,0.000078,households
RM9,0.034932,0.126013,0.010552,0.049195,0.005192,0.010023,0.001676,0.005285,0.001652,0.001712,households
RM10,0.076177,0.151473,0.032403,0.093789,0.005140,0.036172,0.000307,0.015782,0.000023,0.007291,households
RM11,0.049772,0.100221,0.032492,0.064449,0.005594,0.015812,0.005480,0.005682,0.000024,0.005514,households
RM12,0.005076,0.047923,0.002189,0.019453,0.000153,0.000554,0.000044,0.000236,0.000023,0.000076,households
RM13,0.021390,0.103595,0.004604,0.071444,0.000142,0.007759,0.000041,0.004359,0.000021,0.001663,households
RM14,0.082101,0.127530,0.033273,0.097722,0.013761,0.031395,0.006318,0.014729,0.006297,0.006350,households
RM15,0.005527,0.036094,0.000891,0.020407,0.000162,0.000587,0.000046,0.000250,0.000024,0.000081,households
RM16,0.035020,0.080767,0.008674,0.040442,0.000131,0.011019,0.000037,0.005083,0.000019,0.000065,households
RM17,0.122086,0.177222,0.080006,0.112059,0.004112,0.032850,0.000972,0.017671,0.000027,0.008367,households
RM18,0.073044,0.143746,0.016777,0.065823,0.000273,0.007344,0.000078,0.000423,0.000040,0.000137,households
RM19,0.135670,0.217238,0.023559,0.051823,0.000590,0.005174,0.000168,0.003945,0.000087,0.000295,households
RM20,0.189081,0.268579,0.137397,0.172371,0.036655,0.085191,0.014914,0.036955,0.014839,0.015031,households
S1,0.008851,0.174478,0.003250,0.158042,0.000075,0.058813,0.000013,0.011689,0.000007,0.000039,households
S2,0.012871,0.033649,0.008927,0.013953,0.003716,0.003797,0.003479,0.003730,0.000003,0.000122,households
S3,0.108981,0.226061,0.080258,0.159744,0.028268,0.064384,0.000011,0.029199,0.000006,0.002751,households
S4,0.017819,0.049401,0.009506,0.030356,0.000110,0.012792,0.000020,0.000154,0.000010,0.000058,households
S5,0.011299,0.026608,0.002996,0.006508,0.000263,0.001952,0.000006,0.000276,0.000003,0.000017,households
S6,0.027672,0.059252,0.012121,0.027675,0.003532,0.006475,0.001665,0.001699,0.001662,0.001675,households
S7,0.036981,0.083171,0.021328,0.040385,0.012952,0.015499,0.000019,0.012995,0.000009,0.011144,households
S8,0.019432,0.052898,0.009266,0.024668,0.002909,0.008128,0.000007,0.000057,0.000004,0.000021,households
S9,0.009309,0.027916,0.006293,0.014598,0.000050,0.001885,0.000009,0.000071,0.000004,0.000026,households
S10,0.028340,0.040787,0.013720,0.021136,0.000038,0.002846,0.000007,0.000053,0.000003,0.000020,households
S11,0.031152,0.070825,0.008703,0.027792,0.002321,0.002443,0.000009,0.000074,0.000005,0.000028,households
S12,0.005622,0.021139,0.005311,0.008677,0.000052,0.000171,0.000009,0.000072,0.000005,0.000027,households
S13,0.004138,0.042276,0.000269,0.018326,0.000057,0.001881,0.000010,0.000079,0.000005,0.000030,households
S14,0.007293,0.013781,0.000800,0.007758,0.000169,0.000563,0.000030,0.000236,0.000015,0.000089,households
S17,0.017049,0.049154,0.014203,0.020540,0.000091,0.000708,0.000016,0.000127,0.000008,0.000048,households
S18,0.001932,0.011047,0.000884,0.002614,0.000058,0.000193,0.000010,0.000081,0.000005,0.000030,households
S20,0.006768,0.022228,0.003564,0.008069,0.000055,0.004996,0.000010,0.002807,0.000005,0.000029,households
S21,0.019084,0.038432,0.003178,0.009698,0.000071,0.000236,0.000013,0.000099,0.000006,0.000037,households
S25,0.031021,0.089150,0.009688,0.045574,0.000067,0.018132,0.000012,0.000822,0.000006,0.000035,households
S26,0.021208,0.032841,0.002335,0.016515,0.000061,0.000203,0.000011,0.000085,0.000005,0.000032,households
S32,0.009162,0.063833,0.000725,0.007795,0.000153,0.000510,0.000027,0.000214,0.000013,0.000080,households
S33,0.026649,0.052646,0.021083,0.035646,0.005035,0.006275,0.000033,0.001067,0.000016,0.000097,households
S35,0.022988,0.037264,0.006030,0.015604,0.000038,0.000127,0.000007,0.000053,0.000003,0.000020,households
S36,0.015765,0.031685,0.004589,0.016579,0.000121,0.000302,0.000008,0.000062,0.000004,0.000023,households
S40,0.026160,0.058591,0.011592,0.030532,0.001441,0.010725,0.000006,0.003154,0.000003,0.000017,households
S41,0.025679,0.046292,0.009910,0.032899,0.001117,0.009349,0.000006,0.004608,0.000003,0.000018,households
S42,0.011486,0.029856,0.004281,0.010591,0.000040,0.000133,0.000007,0.000056,0.000003,0.000021,households
S43,0.021190,0.039054,0.004986,0.019021,0.004868,0.008703,0.000006,0.006707,0.000003,0.004852,households
S44,0.008279,0.036037,0.000352,0.009694,0.000054,0.000179,0.000010,0.000075,0.000005,0.000028,households
S45,0.015591,0.040627,0.003921,0.020974,0.000065,0.000216,0.000011,0.000091,0.000006,0.000034,households
S60,0.010648,0.036459,0.006391,0.018177,0.001520,0.004342,0.000349,0.002449,0.000289,0.000933,households
S61,0.007691,0.026432,0.002064,0.010243,0.000164,0.001885,0.000007,0.000179,0.000003,0.000020,households
S62,0.018741,0.048527,0.014935,0.027697,0.005056,0.007465,0.000010,0.000510,0.000005,0.000028,households
S63,0.017356,0.058874,0.007753,0.039423,0.000030,0.012130,0.000005,0.006270,0.000003,0.003636,households
S64,0.014241,0.035593,0.004646,0.015599,0.000050,0.004508,0.000009,0.000545,0.000004,0.000026,households
S65,0.024270,0.048555,0.012439,0.030075,0.005005,0.009138,0.003184,0.005286,0.002254,0.004125,households
S66,0.019695,0.041164,0.007040,0.023300,0.001742,0.007828,0.000005,0.005911,0.000003,0.000016,households
S70,0.019090,0.041229,0.010722,0.028200,0.001845,0.007620,0.000524,0.006269,0.000002,0.006245,households
S71,0.019779,0.061022,0.007395,0.032355,0.000028,0.004903,0.000005,0.002350,0.000002,0.001194,households
S72,0.004910,0.024950,0.001896,0.012791,0.000047,0.000156,0.000008,0.000066,0.000004,0.000025,households
S73,0.022679,0.039965,0.010018,0.021206,0.004454,0.005090,0.000008,0.000139,0.000004,0.000100,households
S74,0.013555,0.036974,0.002804,0.016114,0.000064,0.000213,0.000011,0.000089,0.000006,0.000034,households
S75,0.015870,0.038268,0.006270,0.015399,0.000321,0.001364,0.000300,0.001315,0.000297,0.000309,households
S80,0.012008,0.066430,0.006479,0.023956,0.001525,0.006431,0.000006,0.006365,0.000003,0.000160,households
S81,0.020030,0.054712,0.010379,0.028100,0.000031,0.002646,0.000005,0.000043,0.000003,0.000016,households
SA1,0.000000,0.000000,0.000000,0.000000,0.000000,0.000000,0.000000,0.000000,0.000000,0.000000,households
SA2,0.000000,0.000000,0.000000,0.000000,0.000000,0.000000,0.000000,0.000000,0.000000,0.000000,households
SA3,0.000000,0.000000,0.000000,0.000000,0.000000,0.000000,0.000000,0.000000,0.000000,0.000000,households
SA4,0.000000,0.000000,0.000000,0.000000,0.000000,0.000000,0.000000,0.000000,0.000000,0.000000,households
SA5,0.000000,0.000000,0.000000,0.000000,0.000000,0.000000,0.000000,0.000000,0.000000,0.000000,households
SA6,0.000000,0.000000,0.000000,0.000000,0.000000,0.000000,0.000000,0.000000,0.000000,0.000000,households
SA7,0.000000,0.000000,0.000000,0.000000,0.000000,0.000000,0.000000,0.000000,0.000000,0.000000,households
SA8,0.000000,0.000000,0.000000,0.000000,0.000000,0.000000,0.000000,0.000000,0.000000,0.000000,households
SA9,0.000000,0.000000,0.000000,0.000000,0.000000,0.000000,0.000000,0.000000,0.000000,0.000000,households
SA10,0.000000,0.000000,0.000000,0.000000,0.000000,0.000000,0.000000,0.000000,0.000000,0.000000,households
SA11,0.000000,0.000000,0.000000,0.000000,0.000000,0.000000,0.000000,0.000000,0.000000,0.000000,households
SA12,0.000000,0.000000,0.000000,0.000000,0.000000,0.000000,0.000000,0.000000,0.000000,0.000000,households
SA13,0.000000,0.000000,0.000000,0.000000,0.000000,0.000000,0.000000,0.000000,0.000000,0.000000,households
SA14,0.000000,0.000000,0.000000,0.000000,0.000000,0.000000,0.000000,0.000000,0.000000,0.000000,households
SA15,0.000000,0.000000,0.000000,0.000000,0.000000,0.000000,0.000000,0.000000,0.000000,0.000000,households
SA16,0.000000,0.000000,0.000000,0.000000,0.000000,0.000000,0.000000,0.000000,0.000000,0.000000,households
SA17,0.000000,0.000000,0.000000,0.000000,0.000000,0.000000,0.000000,0.000000,0.000000,0.000000,households
SA18,0.000000,0.000000,0.000000,0.000000,0.000000,0.000000,0.000000,0.000000,0.000000,0.000000,households
SA19,0.000000,0.000000,0.000000,0.000000,0.000000,0.000000,0.000000,0.000000,0.000000,0.000000,households
SA20,0.000000,0.000000,0.000000,0.000000,0.000000,0.000000,0.000000,0.000000,0.000000,0.000000,households
SA31,0.000000,0.000000,0.000000,0.000000,0.000000,0.000000,0.000000,0.000000,0.000000,0.000000,households
SA32,0.000000,0.000000,0.000000,0.000000,0.000000,0.000000,0.000000,0.000000,0.000000,0.000000,households
SA33,0.000000,0.000000,0.000000,0.000000,0.000000,0.000000,0.000000,0.000000,0.000000,0.000000,households
SA34,0.000000,0.000000,0.000000,0.000000,0.000000,0.000000,0.000000,0.000000,0.000000,0.000000,households
SA35,0.000000,0.000000,0.000000,0.000000,0.000000,0.000000,0.000000,0.000000,0.000000,0.000000,households
SA36,0.000000,0.000000,0.000000,0.000000,0.000000,0.000000,0.000000,0.000000,0.000000,0.000000,households
SA37,0.000000,0.000000,0.000000,0.000000,0.000000,0.000000,0.000000,0.000000,0.000000,0.000000,households
SA38,0.000000,0.000000,0.000000,0.000000,0.000000,0.000000,0.000000,0.000000,0.000000,0.000000,households
SA39,0.000000,0.000000,0.000000,0.000000,0.000000,0.000000,0.000000,0.000000,0.000000,0.000000,households
SA40,0.000000,0.000000,0.000000,0.000000,0.000000,0.000000,0.000000,0.000000,0.000000,0.000000,households
SA41,0.000000,0.000000,0.000000,0.000000,0.000000,0.000000,0.000000,0.000000,0.000000,0.000000,households
SA42,0.000000,0.000000,0.000000,0.000000,0.000000,0.000000,0.000000,0.000000,0.000000,0.000000,households
SA43,0.000000,0.000000,0.000000,0.000000,0.000000,0.000000,0.000000,0.000000,0.000000,0.000000,households
SA44,0.000000,0.000000,0.000000,0.000000,0.000000,0.000000,0.000000,0.000000,0.000000,0.000000,households
SA45,0.000000,0.000000,0.000000,0.000000,0.000000,0.000000,0.000000,0.000000,0.000000,0.000000,households
SA46,0.000000,0.000000,0.000000,0.000000,0.000000,0.000000,0.000000,0.000000,0.000000,0.000000,households
SA47,0.000000,0.000000,0.000000,0.000000,0.000000,0.000000,0.000000,0.000000,0.000000,0.000000,households
SA48,0.000000,0.000000,0.000000,0.000000,0.000000,0.000000,0.000000,0.000000,0.000000,0.000000,households
SA61,0.000000,0.000000,0.000000,0.000000,0.000000,0.000000,0.000000,0.000000,0.000000,0.000000,households
SA62,0.000000,0.000000,0.000000,0.000000,0.000000,0.000000,0.000000,0.000000,0.000000,0.000000,households
SA63,0.000000,0.000000,0.000000,0.000000,0.000000,0.000000,0.000000,0.000000,0.000000,0.000000,households
SA64,0.000000,0.000000,0.000000,0.000000,0.000000,0.000000,0.000000,0.000000,0.000000,0.000000,households
SA65,0.000000,0.000000,0.000000,0.000000,0.000000,0.000000,0.000000,0.000000,0.000000,0.000000,households
SA66,0.000000,0.000000,0.000000,0.000000,0.000000,0.000000,0.000000,0.000000,0.000000,0.000000,households
SA67,0.000000,0.000000,0.000000,0.000000,0.000000,0.000000,0.000000,0.000000,0.000000,0.000000,households
SA68,0.000000,0.000000,0.000000,0.000000,0.000000,0.000000,0.000000,0.000000,0.000000,0.000000,households
SA69,0.000000,0.000000,0.000000,0.000000,0.000000,0.000000,0.000000,0.000000,0.000000,0.000000,households
SA70,0.000000,0.000000,0.000000,0.000000,0.000000,0.000000,0.000000,0.000000,0.000000,0.000000,households
SA71,0.000000,0.000000,0.000000,0.000000,0.000000,0.000000,0.000000,0.000000,0.000000,0.000000,households
SA72,0.000000,0.000000,0.000000,0.000000,0.000000,0.000000,0.000000,0.000000,0.000000,0.000000,households
SA73,0.000000,0.000000,0.000000,0.000000,0.000000,0.000000,0.000000,0.000000,0.000000,0.000000,households
SE1,0.073966,0.299014,0.035458,0.198582,0.004872,0.059837,0.001549,0.020479,0.001527,0.005850,households
SE2,0.026777,0.129997,0.014973,0.086210,0.004676,0.026652,0.000181,0.005401,0.000095,0.000545,households
SE3,0.072541,0.168742,0.041209,0.097434,0.017688,0.035326,0.000111,0.005137,0.000058,0.003049,households
SE4,0.048385,0.145645,0.028786,0.084222,0.007593,0.018810,0.000185,0.013618,0.000097,0.004190,households
SE5,0.078898,0.464696,0.049145,0.367258,0.006872,0.172689,0.000100,0.063432,0.000053,0.017929,households
SE6,0.056503,0.128552,0.029552,0.069604,0.005792,0.022223,0.002687,0.010013,0.001412,0.005827,households
SE7,0.082658,0.117211,0.044119,0.088087,0.003332,0.020544,0.002998,0.005028,0.002904,0.003513,households
SE8,0.064163,0.276703,0.025355,0.205901,0.008119,0.089588,0.005411,0.032364,0.003906,0.015279,households
SE9,0.054309,0.111806,0.022951,0.063181,0.006761,0.010160,0.001348,0.003034,0.000038,0.002131,households
SE10,0.073028,0.243796,0.023460,0.163609,0.004244,0.062236,0.004071,0.019241,0.000054,0.008622,households
SE11,0.114541,0.662263,0.056189,0.557042,0.026078,0.388054,0.000176,0.207538,0.000092,0.076415,households
SE12,0.075775,0.162037,0.029456,0.085720,0.001869,0.004327,0.001592,0.002533,0.000171,0.000583,households
SE13,0.094915,0.183819,0.057311,0.136712,0.012116,0.066276,0.008099,0.037121,0.005399,0.017298,households
SE14,0.114555,0.331553,0.066573,0.264643,0.019366,0.091268,0.005771,0.034851,0.001079,0.015989,households
SE15,0.185823,0.445990,0.112576,0.343229,0.029543,0.127948,0.008844,0.040871,0.000038,0.014509,households
SE16,0.026170,0.198729,0.007990,0.142052,0.001873,0.059722,0.000078,0.010546,0.000041,0.001401,households
SE17,0.067428,0.467553,0.027397,0.323576,0.001822,0.147400,0.000127,0.063896,0.000067,0.017531,households
SE18,0.112884,0.210455,0.075440,0.151255,0.031446,0.064988,0.011933,0.027770,0.006591,0.020573,households
SE19,0.086897,0.152033,0.035349,0.078441,0.009757,0.023065,0.007492,0.011757,0.003975,0.008156,households
SE20,0.116906,0.212005,0.048081,0.145177,0.010020,0.032563,0.009731,0.013040,0.009648,0.012405,households
SE21,0.091659,0.291973,0.047850,0.220798,0.005606,0.084789,0.000288,0.032657,0.000152,0.012880,households
SE22,0.116914,0.197081,0.051363,0.111004,0.004833,0.017277,0.002133,0.003089,0.000088,0.000507,households
SE23,0.042817,0.227116,0.016436,0.115874,0.003844,0.019852,0.002410,0.008675,0.002344,0.008033,households
SE24,0.145710,0.374028,0.092584,0.325507,0.050207,0.221649,0.019741,0.177890,0.019609,0.120587,households
SE25,0.114078,0.186743,0.062193,0.127790,0.010909,0.035449,0.004367,0.014736,0.001713,0.003756,households
SE26,0.056917,0.190037,0.029609,0.108267,0.005354,0.021097,0.003562,0.005901,0.002604,0.002943,households
SE27,0.071785,0.259446,0.044680,0.165071,0.020657,0.078895,0.016732,0.044328,0.008581,0.033899,households
SE28,0.012378,0.065416,0.005798,0.018049,0.000517,0.003091,0.000193,0.001292,0.000102,0.000583,households
SG1,0.008418,0.048970,0.000752,0.024037,0.000056,0.001696,0.000016,0.000610,0.000008,0.000570,households
SG2,0.010774,0.026062,0.005632,0.014166,0.000079,0.001334,0.000022,0.000920,0.000012,0.000864,households
SG3,0.123031,0.137794,0.080436,0.120295,0.017476,0.024293,0.013766,0.017672,0.004120,0.013964,households
SG4,0.042601,0.084954,0.016347,0.041477,0.000075,0.010241,0.000021,0.008566,0.000011,0.003633,households
SG5,0.059351,0.122665,0.029738,0.058946,0.007189,0.023401,0.000021,0.009953,0.000011,0.003173,households
SG6,0.068878,0.108777,0.037788,0.066071,0.008631,0.026514,0.001679,0.005759,0.000011,0.004447,households
SG7,0.131132,0.169205,0.074876,0.133110,0.024317,0.083333,0.001314,0.055895,0.001294,0.033052,households
SG8,0.012876,0.062815,0.000864,0.028492,0.000053,0.002921,0.000015,0.001139,0.000008,0.000050,households
SG9,0.022777,0.069621,0.003429,0.022589,0.000129,0.005245,0.000037,0.000212,0.000019,0.000121,households
SG10,0.013133,0.019663,0.007332,0.011917,0.000536,0.001778,0.000152,0.000881,0.000080,0.000502,households
SG11,0.018865,0.025066,0.006473,0.010903,0.002365,0.002762,0.002242,0.002475,0.002219,0.002354,households
SG12,0.008615,0.076748,0.002403,0.024358,0.000448,0.000844,0.000021,0.000496,0.000011,0.000069,households
SG13,0.026239,0.077736,0.004071,0.018025,0.000285,0.006184,0.000175,0.000383,0.000023,0.000275,households
SG14,0.020811,0.055350,0.002475,0.013097,0.000108,0.002595,0.000031,0.000178,0.000016,0.000101,households
SG15,0.067629,0.137329,0.061466,0.083734,0.044562,0.064722,0.029188,0.060235,0.021109,0.044532,households
SG16,0.011978,0.041970,0.010034,0.015689,0.000317,0.008794,0.000090,0.000520,0.000047,0.000297,households
SG17,0.035196,0.060397,0.020429,0.032244,0.000191,0.006149,0.000054,0.000313,0.000029,0.000179,households
SG18,0.009400,0.046660,0.002118,0.024324,0.000089,0.001055,0.000025,0.000147,0.000013,0.000084,households
SG19,0.026684,0.068281,0.004280,0.032760,0.002254,0.010203,0.000029,0.002678,0.000015,0.000095,households
SK1,0.030730,0.072288,0.006263,0.023825,0.001314,0.007855,0.001248,0.001360,0.000467,0.001272,households
SK2,0.037555,0.134501,0.013021,0.067386,0.003591,0.017221,0.000026,0.005945,0.000009,0.000045,households
SK3,0.009622,0.049634,0.004893,0.024536,0.001760,0.002614,0.001173,0.001871,0.000009,0.001192,households
SK4,0.033412,0.100669,0.011860,0.049301,0.003958,0.013668,0.001490,0.005711,0.000007,0.002463,households
SK5,0.031619,0.060478,0.007298,0.032181,0.000074,0.009710,0.000025,0.003745,0.000008,0.000043,households
SK6,0.033549,0.056588,0.014739,0.032297,0.004482,0.007301,0.000666,0.005153,0.000396,0.004859,households
SK7,0.037739,0.122309,0.013060,0.057980,0.000045,0.011455,0.000015,0.002196,0.000005,0.000026,households
SK8,0.025326,0.113939,0.013318,0.064024,0.000036,0.005602,0.000012,0.000209,0.000004,0.000021,households
SK9,0.023146,0.057933,0.008445,0.027452,0.001575,0.007048,0.000013,0.001707,0.000005,0.000023,households
SK10,0.033730,0.082221,0.015458,0.040860,0.002745,0.017380,0.001475,0.006987,0.000275,0.002838,households
SK11,0.035921,0.080407,0.013731,0.050002,0.006015,0.022828,0.004860,0.006879,0.002484,0.005434,households
SK12,0.053810,0.130973,0.009476,0.038067,0.000891,0.001868,0.000830,0.001504,0.000011,0.000053,households
SK13,0.017201,0.035771,0.005193,0.014139,0.004811,0.006612,0.000346,0.001920,0.000336,0.001879,households
SK14,0.027775,0.052875,0.011819,0.027324,0.002877,0.006431,0.000012,0.004864,0.000004,0.000021,households
SK15,0.039379,0.093007,0.023975,0.051070,0.002964,0.016408,0.000101,0.002995,0.000086,0.000117,households
SK16,0.027392,0.069929,0.006049,0.031667,0.000098,0.004526,0.000033,0.000144,0.000011,0.000057,households
SK17,0.017121,0.038774,0.010392,0.013855,0.001537,0.003803,0.001154,0.001769,0.000005,0.000593,households
SK22,0.042737,0.055677,0.010413,0.015905,0.000115,0.002035,0.000038,0.000686,0.000013,0.000066,households
SK23,0.011275,0.053806,0.005990,0.026296,0.000677,0.009714,0.000620,0.002730,0.000602,0.000641,households
SL0,0.022894,0.058532,0.002454,0.035904,0.000040,0.000393,0.000010,0.000106,0.000006,0.000039,households
SL1,0.016338,0.074815,0.007160,0.037218,0.000856,0.006422,0.000002,0.001718,0.000001,0.000856,households
SL2,0.051579,0.114859,0.023165,0.079306,0.002076,0.022376,0.000789,0.001900,0.000788,0.000995,households
SL3,0.011206,0.045973,0.004828,0.023393,0.000069,0.000190,0.000003,0.000036,0.000002,0.000013,households
SL4,0.056155,0.153926,0.022086,0.077772,0.000547,0.010243,0.000003,0.001691,0.000002,0.000011,households
SL5,0.019006,0.035449,0.007481,0.022040,0.000017,0.000164,0.000004,0.000044,0.000002,0.000016,households
SL6,0.016336,0.056828,0.005302,0.033705,0.000717,0.006431,0.000120,0.004845,0.000001,0.001813,households
SL7,0.015437,0.090189,0.004462,0.045040,0.000679,0.003388,0.000663,0.000714,0.000003,0.000020,households
SL8,0.006604,0.047072,0.000730,0.003777,0.000052,0.000514,0.000013,0.000139,0.000008,0.000051,households
SL9,0.011792,0.053461,0.007279,0.018334,0.000248,0.000397,0.000004,0.000276,0.000003,0.000248,households
SM1,0.067155,0.147240,0.042651,0.083506,0.017610,0.041187,0.011479,0.027459,0.007328,0.018894,households
SM2,0.065303,0.085881,0.040359,0.070138,0.020447,0.038647,0.010216,0.021634,0.010189,0.020216,households
SM3,0.060606,0.161634,0.025825,0.097876,0.007335,0.038860,0.000192,0.013864,0.000150,0.007336,households
SM4,0.048819,0.126956,0.014534,0.065418,0.005351,0.010115,0.000128,0.003297,0.000100,0.000273,households
SM5,0.032410,0.110603,0.019520,0.058227,0.001264,0.017728,0.000533,0.006749,0.000511,0.004696,households
SM6,0.010179,0.059109,0.006086,0.033233,0.000210,0.006013,0.000099,0.000297,0.000077,0.000210,households
SM7,0.014203,0.032885,0.003449,0.011069,0.000338,0.000956,0.000159,0.000477,0.000124,0.000338,households
SN1,0.039343,0.193620,0.025898,0.129569,0.004538,0.033417,0.000001,0.007557,0.000000,0.000000,households
SN2,0.023272,0.077700,0.009044,0.039476,0.000035,0.003729,0.000001,0.000031,0.000000,0.000000,households
SN3,0.031681,0.134655,0.018154,0.073077,0.003992,0.015509,0.000001,0.000917,0.000000,0.000000,households
SN4,0.015144,0.030855,0.002489,0.011582,0.000037,0.001021,0.000001,0.000033,0.000000,0.000000,households
SN5,0.012812,0.051388,0.005076,0.030469,0.002661,0.002978,0.000001,0.001607,0.000000,0.000000,households
SN6,0.016938,0.048189,0.006653,0.020116,0.005627,0.005778,0.000001,0.000039,0.000000,0.000000,households
SN7,0.023574,0.045935,0.013779,0.025505,0.005732,0.007856,0.000898,0.005278,0.000000,0.000000,households
SN8,0.013928,0.029437,0.009636,0.022215,0.001542,0.005428,0.000001,0.000029,0.000000,0.000000,households
SN9,0.013244,0.020030,0.002861,0.007061,0.000088,0.002703,0.000002,0.000080,0.000000,0.000000,households
SN10,0.009662,0.045034,0.006257,0.016935,0.000162,0.001690,0.000001,0.000023,0.000000,0.000000,households
SN11,0.013873,0.061885,0.004877,0.013283,0.000038,0.000172,0.000001,0.000034,0.000000,0.000000,households
SN12,0.031882,0.056274,0.000873,0.020863,0.000036,0.000164,0.000001,0.000033,0.000000,0.000000,households
SN13,0.006038,0.021675,0.000784,0.015134,0.000044,0.009050,0.000001,0.004086,0.000000,0.000000,households
SN14,0.006173,0.025238,0.001224,0.008837,0.000031,0.000395,0.000001,0.000028,0.000000,0.000000,households
SN15,0.029306,0.065078,0.014673,0.034346,0.000153,0.002623,0.000130,0.000150,0.000000,0.000000,households
SN16,0.030795,0.054080,0.022222,0.038205,0.000056,0.009955,0.000001,0.008829,0.000000,0.000000,households
SN25,0.012164,0.075597,0.006092,0.038379,0.000036,0.003681,0.000001,0.000032,0.000000,0.000000,households
SN26,0.004371,0.015097,0.002023,0.007991,0.000322,0.001447,0.000008,0.000290,0.000000,0.000000,households
SO14,0.023471,0.104880,0.016105,0.055872,0.002917,0.016613,0.000012,0.000031,0.000008,0.000021,households
SO15,0.026281,0.070948,0.011798,0.033781,0.003850,0.009348,0.000009,0.001386,0.000006,0.000015,households
SO16,0.017127,0.044167,0.005104,0.019290,0.000015,0.000045,0.000006,0.000016,0.000004,0.000011,households
SO17,0.044273,0.076919,0.030564,0.049821,0.013607,0.024556,0.009388,0.016445,0.007285,0.012607,households
SO18,0.011084,0.031849,0.001491,0.004860,0.000585,0.000698,0.000011,0.000587,0.000007,0.000018,households
SO19,0.012200,0.032527,0.002562,0.014795,0.000019,0.005076,0.000008,0.002255,0.000005,0.000406,households
SO20,0.009112,0.015745,0.001970,0.010377,0.000063,0.000193,0.000027,0.000068,0.000017,0.000045,households
SO21,0.011802,0.021143,0.002408,0.007242,0.000744,0.000806,0.000013,0.000033,0.000008,0.000022,households
SO22,0.013037,0.037296,0.006685,0.021432,0.004190,0.012743,0.002985,0.008098,0.000008,0.008088,households
SO23,0.025025,0.043166,0.009965,0.023595,0.001729,0.001795,0.001523,0.001543,0.001518,0.001532,households
SO24,0.005471,0.029359,0.003723,0.010426,0.002368,0.003631,0.000022,0.000054,0.000014,0.000036,households
SO30,0.013879,0.024320,0.006548,0.012765,0.000028,0.000296,0.000012,0.000030,0.000008,0.000020,households
SO31,0.005970,0.012923,0.002527,0.007544,0.000210,0.000250,0.000199,0.000211,0.000196,0.000205,households
SO32,0.005027,0.019458,0.001363,0.004910,0.000033,0.001302,0.000014,0.000036,0.000009,0.000024,households
SO40,0.015051,0.062325,0.004561,0.027623,0.000021,0.002942,0.000009,0.000023,0.000006,0.000016,households
SO41,0.003135,0.011383,0.001302,0.001793,0.000819,0.001263,0.000807,0.000821,0.000804,0.000813,households
SO42,0.001637,0.004420,0.000626,0.001955,0.000127,0.000391,0.000055,0.000137,0.000035,0.000092,households
SO43,0.010966,0.015603,0.000738,0.002305,0.000150,0.000461,0.000065,0.000162,0.000041,0.000108,households
SO45,0.006750,0.020160,0.000311,0.007265,0.000023,0.000072,0.000010,0.000025,0.000006,0.000017,households
SO50,0.014703,0.039124,0.003717,0.011622,0.000018,0.000514,0.000008,0.000019,0.000005,0.000013,households
SO51,0.012737,0.040706,0.007553,0.016811,0.000101,0.000156,0.000086,0.000103,0.000007,0.000019,households
SO52,0.045017,0.077370,0.019726,0.045585,0.000110,0.001211,0.000048,0.000119,0.000030,0.000080,households
SO53,0.013810,0.037234,0.000725,0.010526,0.000026,0.000304,0.000011,0.000252,0.000007,0.000019,households
SP1,0.022113,0.074594,0.000977,0.025910,0.000015,0.000930,0.000009,0.000887,0.000000,0.000005,households
SP2,0.007620,0.044101,0.002293,0.011291,0.000011,0.003970,0.000006,0.000015,0.000000,0.000004,households
SP3,0.013652,0.027634,0.000666,0.007323,0.000014,0.000060,0.000008,0.000020,0.000000,0.000005,households
SP4,0.002282,0.017432,0.000065,0.005441,0.000009,0.000038,0.000005,0.000012,0.000000,0.000003,households
SP5,0.009755,0.023146,0.002243,0.005953,0.000010,0.002214,0.000005,0.000013,0.000000,0.000003,households
SP6,0.001958,0.034632,0.001213,0.009044,0.000016,0.000068,0.000009,0.000022,0.000000,0.000006,households
SP7,0.008277,0.017774,0.000257,0.008179,0.000016,0.000066,0.000009,0.000021,0.000000,0.000006,households
SP8,0.029189,0.044015,0.009069,0.019997,0.000017,0.007526,0.000010,0.000024,0.000000,0.000006,households
SP9,0.000825,0.006027,0.000247,0.001405,0.000034,0.000143,0.000019,0.000047,0.000000,0.000012,households
SP10,0.012147,0.038667,0.005705,0.018093,0.001963,0.003835,0.000638,0.002599,0.000000,0.000004,households
SP11,0.021456,0.037961,0.011007,0.021759,0.001341,0.001647,0.001338,0.001344,0.000000,0.001337,households
SR1,0.021723,0.115597,0.016617,0.103700,0.000074,0.011247,0.000031,0.000123,0.000003,0.000049,households
SR2,0.029043,0.068179,0.008683,0.045364,0.000922,0.012401,0.000010,0.001767,0.000001,0.000017,households
SR3,0.027737,0.059970,0.010232,0.036984,0.002593,0.013309,0.001666,0.004265,0.000001,0.003157,households
SR4,0.015809,0.047428,0.006416,0.029329,0.000789,0.009967,0.000776,0.002336,0.000275,0.000781,households
SR5,0.028215,0.053581,0.010263,0.033950,0.002306,0.005560,0.000009,0.002321,0.000001,0.000015,households
SR6,0.016313,0.080905,0.007529,0.033585,0.000029,0.007303,0.000012,0.000048,0.000001,0.000019,households
SR7,0.004260,0.027126,0.002911,0.007646,0.000311,0.002617,0.000010,0.000327,0.000001,0.000303,households
SR8,0.020165,0.029887,0.010814,0.015705,0.000391,0.003733,0.000378,0.001021,0.000001,0.000384,households
SS0,0.018792,0.052017,0.006192,0.028252,0.000142,0.002224,0.000058,0.000183,0.000014,0.000070,households
SS1,0.055214,0.144963,0.025937,0.092736,0.012871,0.030142,0.009252,0.016134,0.000017,0.010490,households
SS2,0.031253,0.102365,0.019481,0.063572,0.001407,0.006502,0.000061,0.003050,0.000015,0.002874,households
SS3,0.002699,0.039357,0.000847,0.024037,0.000170,0.000844,0.000070,0.000298,0.000017,0.000083,households
SS4,0.039524,0.160886,0.024012,0.069330,0.017594,0.027327,0.005774,0.012770,0.000017,0.007240,households
SS5,0.036769,0.172072,0.015472,0.101295,0.002263,0.028111,0.000078,0.008432,0.000019,0.003928,households
SS6,0.045526,0.177887,0.017323,0.087304,0.002545,0.018777,0.001515,0.004917,0.001471,0.003057,households
SS7,0.047309,0.159125,0.014949,0.096421,0.001222,0.025523,0.000039,0.005056,0.000009,0.001033,households
SS8,0.068057,0.176595,0.012856,0.071937,0.000115,0.013096,0.000047,0.000148,0.000011,0.000057,households
SS9,0.036826,0.070058,0.009078,0.038415,0.001038,0.005544,0.000309,0.000396,0.000278,0.000317,households
SS11,0.066644,0.188014,0.029759,0.130263,0.000219,0.023736,0.000090,0.000282,0.000022,0.000108,households
SS12,0.179748,0.330020,0.131614,0.201451,0.068386,0.111525,0.029057,0.046157,0.011360,0.018358,households
SS13,0.065845,0.228109,0.030708,0.147011,0.000207,0.038248,0.000085,0.004243,0.000021,0.000102,households
SS14,0.071243,0.260463,0.044013,0.183539,0.003542,0.059700,0.000061,0.015712,0.000015,0.002957,households
SS15,0.051824,0.211838,0.024721,0.100724,0.000796,0.016108,0.000066,0.000207,0.000016,0.000079,households
SS16,0.061530,0.237217,0.019987,0.157540,0.000156,0.023855,0.000064,0.011517,0.000015,0.000077,households
SS17,0.112567,0.192609,0.046357,0.126440,0.010124,0.040562,0.003964,0.011393,0.000013,0.003396,households
ST1,0.011494,0.036849,0.007554,0.018327,0.003244,0.005448,0.000009,0.003262,0.000001,0.003235,households
ST2,0.041398,0.091752,0.024879,0.038686,0.003431,0.021074,0.000010,0.006456,0.000001,0.002271,households
ST3,0.024214,0.069026,0.009621,0.030450,0.000089,0.004267,0.000073,0.000337,0.000069,0.000084,households
ST4,0.022738,0.064330,0.010792,0.029594,0.003350,0.007257,0.000005,0.003241,0.000000,0.000017,households
ST5,0.022514,0.069358,0.010175,0.039239,0.001503,0.008847,0.000228,0.004008,0.000000,0.002678,households
ST6,0.022540,0.044334,0.013805,0.027971,0.004130,0.015658,0.003044,0.007179,0.000000,0.006163,households
ST7,0.026608,0.063837,0.006628,0.020759,0.000551,0.003862,0.000046,0.000765,0.000001,0.000060,households
ST8,0.016223,0.037351,0.008864,0.025367,0.001149,0.001335,0.000015,0.000092,0.000001,0.000048,households
ST9,0.022525,0.054364,0.009781,0.029313,0.000097,0.001857,0.000023,0.000144,0.000002,0.000075,households
ST10,0.008566,0.030673,0.003614,0.008985,0.001632,0.003081,0.000010,0.000060,0.000001,0.000031,households
ST11,0.007297,0.081081,0.000810,0.013428,0.000130,0.000519,0.000031,0.000192,0.000003,0.000100,households
ST12,0.009889,0.058820,0.001566,0.006055,0.000251,0.001003,0.000059,0.000370,0.000006,0.000193,households
ST13,0.005092,0.022334,0.003128,0.015248,0.000037,0.003905,0.000009,0.000916,0.000001,0.000029,households
ST14,0.019734,0.046839,0.016172,0.026288,0.001725,0.005336,0.001687,0.001749,0.001007,0.001714,households
ST15,0.042943,0.085660,0.023195,0.042361,0.001973,0.003372,0.000012,0.001997,0.000001,0.000038,households
ST16,0.028794,0.083603,0.015576,0.047960,0.000039,0.005025,0.000009,0.000979,0.000001,0.000030,households
ST17,0.016401,0.051019,0.006326,0.025109,0.001475,0.001930,0.000009,0.000054,0.000001,0.000028,households
ST18,0.019808,0.054595,0.010583,0.025634,0.003426,0.006963,0.000013,0.005575,0.000001,0.000043,households
ST19,0.008467,0.045780,0.002871,0.008311,0.000072,0.001427,0.000017,0.001246,0.000002,0.000055,households
ST20,0.001838,0.019443,0.000900,0.004743,0.000144,0.000576,0.000034,0.000213,0.000003,0.000111,households
ST21,0.017985,0.030807,0.017047,0.024018,0.000144,0.009295,0.000034,0.000213,0.000003,0.000111,households
SW1A,0.150576,0.364578,0.131708,0.280598,0.086640,0.161073,0.016699,0.092671,0.000477,0.009078,households
SW1E,0.174223,0.484294,0.089899,0.407822,0.031276,0.216093,0.028966,0.127032,0.028349,0.059703,households
SW1H,0.225035,0.592576,0.215855,0.540055,0.190104,0.489505,0.070851,0.202802,0.070200,0.092331,households
SW1P,0.295261,0.516654,0.251250,0.439562,0.144920,0.255023,0.053870,0.139766,0.033681,0.061952,households
SW1V,0.204185,0.593019,0.126634,0.442610,0.047496,0.110956,0.015857,0.032007,0.000727,0.003356,households
SW1W,0.115536,0.374884,0.038101,0.263908,0.010712,0.061632,0.001858,0.014831,0.001677,0.003467,households
SW1X,0.182500,0.641243,0.076296,0.520684,0.021593,0.212942,0.016766,0.080672,0.012803,0.047514,households
SW1Y,0.033867,0.332175,0.016506,0.195078,0.011136,0.133662,0.000671,0.057212,0.000297,0.011481,households
SW2,0.041017,0.254345,0.020262,0.150554,0.005960,0.072197,0.002418,0.043152,0.000048,0.020845,households
SW3,0.118436,0.395221,0.076929,0.286137,0.027707,0.117181,0.001395,0.057218,0.000058,0.005529,households
SW4,0.127927,0.331782,0.071228,0.251356,0.017583,0.122891,0.007083,0.054000,0.003343,0.017973,households
SW5,0.114710,0.411764,0.061560,0.338866,0.001113,0.064424,0.000361,0.013147,0.000160,0.005118,households
SW6,0.076588,0.284598,0.032031,0.191564,0.006465,0.043265,0.002582,0.013458,0.000609,0.004132,households
SW7,0.163218,0.468456,0.078839,0.392616,0.016581,0.105195,0.008466,0.044867,0.007376,0.022569,households
SW8,0.211452,0.645926,0.122927,0.583869,0.029224,0.416597,0.002650,0.222637,0.000057,0.105119,households
SW9,0.112512,0.582642,0.063322,0.463657,0.019783,0.237644,0.012116,0.101153,0.003003,0.048420,households
SW10,0.084867,0.370253,0.054210,0.279458,0.006163,0.056770,0.001508,0.022869,0.001377,0.005011,households
SW11,0.163331,0.384593,0.097789,0.310659,0.034152,0.186129,0.009901,0.076874,0.006251,0.025501,households
SW12,0.126462,0.291013,0.085593,0.221522,0.038414,0.131260,0.016679,0.082007,0.006294,0.042293,households
SW13,0.094702,0.246083,0.053630,0.139240,0.000882,0.038158,0.000286,0.002485,0.000127,0.001029,households
SW14,0.077280,0.312560,0.038912,0.234513,0.000903,0.080263,0.000293,0.024885,0.000130,0.001054,households
SW15,0.076771,0.188311,0.056302,0.129171,0.014422,0.038474,0.003683,0.016955,0.000377,0.007997,households
SW16,0.070310,0.216400,0.039289,0.132533,0.006239,0.041006,0.003431,0.026259,0.001518,0.014017,households
SW17,0.054145,0.165484,0.028295,0.110455,0.006828,0.041325,0.001676,0.025457,0.001615,0.019041,households
SW18,0.073963,0.206959,0.039438,0.132945,0.007246,0.050567,0.000089,0.016780,0.000040,0.004945,households
SW19,0.033059,0.132879,0.011584,0.071746,0.001344,0.017107,0.000068,0.005813,0.000030,0.002572,households
SW20,0.143722,0.352551,0.103309,0.253080,0.005952,0.112127,0.000196,0.039378,0.000087,0.000704,households
SY1,0.039511,0.088160,0.011075,0.041015,0.002132,0.010786,0.002082,0.004933,0.000009,0.003454,households
SY2,0.024689,0.053846,0.015788,0.027194,0.005226,0.008185,0.000025,0.008103,0.000013,0.000058,households
SY3,0.033809,0.078545,0.011968,0.035139,0.002530,0.005320,0.002490,0.002610,0.002484,0.002571,households
SY4,0.009552,0.048725,0.006449,0.023479,0.003166,0.005805,0.000014,0.003183,0.000007,0.000032,households
SY5,0.014005,0.041938,0.009849,0.022496,0.000921,0.001309,0.000878,0.000939,0.000008,0.000897,households
SY6,0.038712,0.062973,0.026271,0.027299,0.024850,0.025918,0.000044,0.024905,0.000023,0.024775,households
SY7,0.007570,0.032344,0.003168,0.006708,0.000105,0.000221,0.000026,0.000136,0.000014,0.000060,households
SY8,0.020948,0.042504,0.011251,0.015782,0.003495,0.008254,0.000018,0.001350,0.000010,0.000042,households
SY9,0.016897,0.120114,0.015074,0.025418,0.000390,0.000822,0.000097,0.000508,0.000051,0.000223,households
SY10,0.000000,0.000000,0.000000,0.000000,0.000000,0.000000,0.000000,0.000000,0.000000,0.000000,households
SY11,0.046928,0.108871,0.029598,0.058655,0.002794,0.010822,0.000176,0.007557,0.000169,0.000195,households
SY12,0.019708,0.042232,0.004900,0.018870,0.002166,0.002334,0.000038,0.002212,0.000020,0.000087,households
SY13,0.023965,0.044042,0.010442,0.021903,0.000585,0.000672,0.000020,0.000103,0.000010,0.000045,households
SY14,0.003622,0.019830,0.002441,0.005186,0.001203,0.001402,0.001068,0.001257,0.000024,0.001126,households
SY15,0.000000,0.000000,0.000000,0.000000,0.000000,0.000000,0.000000,0.000000,0.000000,0.000000,households
SY16,0.000000,0.000000,0.000000,0.000000,0.000000,0.000000,0.000000,0.000000,0.000000,0.000000,households
SY17,0.000000,0.000000,0.000000,0.000000,0.000000,0.000000,0.000000,0.000000,0.000000,0.000000,households
SY18,0.000000,0.000000,0.000000,0.000000,0.000000,0.000000,0.000000,0.000000,0.000000,0.000000,households
SY19,0.000000,0.000000,0.000000,0.000000,0.000000,0.000000,0.000000,0.000000,0.000000,0.000000,households
SY20,0.000000,0.000000,0.000000,0.000000,0.000000,0.000000,0.000000,0.000000,0.000000,0.000000,households
SY21,0.000000,0.000000,0.000000,0.000000,0.000000,0.000000,0.000000,0.000000,0.000000,0.000000,households
SY22,0.000000,0.000000,0.000000,0.000000,0.000000,0.000000,0.000000,0.000000,0.000000,0.000000,households
SY23,0.000000,0.000000,0.000000,0.000000,0.000000,0.000000,0.000000,0.000000,0.000000,0.000000,households
SY24,0.000000,0.000000,0.000000,0.000000,0.000000,0.000000,0.000000,0.000000,0.000000,0.000000,households
SY25,0.000000,0.000000,0.000000,0.000000,0.000000,0.000000,0.000000,0.000000,0.000000,0.000000,households
TA1,0.051313,0.116276,0.019890,0.069966,0.001100,0.010321,0.000005,0.001100,0.000001,0.000005,households
TA2,0.017681,0.042902,0.004505,0.015249,0.000750,0.002130,0.000007,0.000028,0.000001,0.000008,households
TA3,0.025334,0.042483,0.011184,0.021687,0.004602,0.006902,0.001630,0.004602,0.000001,0.000008,households
TA4,0.022815,0.064436,0.006113,0.023176,0.000250,0.004297,0.000006,0.000022,0.000001,0.000006,households
TA5,0.038965,0.072641,0.016950,0.045177,0.002091,0.003140,0.001129,0.001159,0.000002,0.001130,households
TA6,0.016110,0.075799,0.005505,0.022145,0.001380,0.003361,0.000841,0.000852,0.000001,0.000841,households
TA7,0.029335,0.062918,0.007400,0.028256,0.000033,0.003824,0.000009,0.000317,0.000001,0.000009,households
TA8,0.013802,0.045375,0.004208,0.016779,0.000048,0.000186,0.000012,0.000048,0.000002,0.000013,households
TA9,0.011381,0.046074,0.002689,0.019723,0.000043,0.000167,0.000011,0.000043,0.000002,0.000012,households
TA10,0.028291,0.083726,0.018484,0.043244,0.001960,0.003583,0.000012,0.001960,0.000002,0.001926,households
TA11,0.003681,0.058898,0.002139,0.030944,0.000048,0.000188,0.000013,0.000048,0.000002,0.000013,households
TA12,0.013403,0.033136,0.011807,0.027444,0.000113,0.000437,0.000029,0.000112,0.000004,0.000031,households
TA13,0.008629,0.013694,0.001126,0.003710,0.000128,0.000495,0.000033,0.000127,0.000005,0.000035,households
TA14,0.048652,0.056416,0.001726,0.005686,0.000196,0.000759,0.000051,0.000195,0.000007,0.000053,households
TA15,0.039495,0.057954,0.004104,0.042315,0.000466,0.001805,0.000121,0.000463,0.000017,0.000127,households
TA16,0.006336,0.017266,0.002430,0.008006,0.000276,0.001068,0.000072,0.000274,0.000010,0.000075,households
TA17,0.048674,0.077867,0.003358,0.025152,0.000381,0.001476,0.000099,0.000379,0.000014,0.000104,households
TA18,0.022286,0.052971,0.002383,0.029956,0.000826,0.012793,0.000013,0.009547,0.000002,0.000789,households
TA19,0.030681,0.068811,0.020609,0.055271,0.000046,0.008910,0.000012,0.000046,0.000002,0.000013,households
TA20,0.017922,0.057897,0.010426,0.017561,0.002271,0.002342,0.000006,0.000025,0.000001,0.000007,households
TA21,0.021984,0.050169,0.006802,0.023435,0.000557,0.001173,0.000008,0.000557,0.000001,0.000008,households
TA22,0.006676,0.011025,0.002352,0.004570,0.000110,0.000425,0.000028,0.000109,0.000004,0.000030,households
TA23,0.036879,0.122423,0.023176,0.050640,0.000077,0.001662,0.000020,0.000077,0.000003,0.000021,households
TA24,0.016112,0.060238,0.007663,0.026613,0.001806,0.003653,0.000675,0.002140,0.000670,0.000675,households
TD1,0.000000,0.000000,0.000000,0.000000,0.000000,0.000000,0.000000,0.000000,0.000000,0.000000,households
TD2,0.000000,0.000000,0.000000,0.000000,0.000000,0.000000,0.000000,0.000000,0.000000,0.000000,households
TD3,0.000000,0.000000,0.000000,0.000000,0.000000,0.000000,0.000000,0.000000,0.000000,0.000000,households
TD4,0.000000,0.000000,0.000000,0.000000,0.000000,0.000000,0.000000,0.000000,0.000000,0.000000,households
TD5,0.000000,0.000000,0.000000,0.000000,0.000000,0.000000,0.000000,0.000000,0.000000,0.000000,households
TD6,0.000000,0.000000,0.000000,0.000000,0.000000,0.000000,0.000000,0.000000,0.000000,0.000000,households
TD7,0.000000,0.000000,0.000000,0.000000,0.000000,0.000000,0.000000,0.000000,0.000000,0.000000,households
TD8,0.000000,0.000000,0.000000,0.000000,0.000000,0.000000,0.000000,0.000000,0.000000,0.000000,households
TD9,0.000000,0.000000,0.000000,0.000000,0.000000,0.000000,0.000000,0.000000,0.000000,0.000000,households
TD10,0.000000,0.000000,0.000000,0.000000,0.000000,0.000000,0.000000,0.000000,0.000000,0.000000,households
TD11,0.000000,0.000000,0.000000,0.000000,0.000000,0.000000,0.000000,0.000000,0.000000,0.000000,households
TD12,0.009218,0.047392,0.003359,0.014843,0.001045,0.002499,0.000901,0.001352,0.000082,0.000492,households
TD13,0.000000,0.000000,0.000000,0.000000,0.000000,0.000000,0.000000,0.000000,0.000000,0.000000,households
TD14,0.000000,0.000000,0.000000,0.000000,0.000000,0.000000,0.000000,0.000000,0.000000,0.000000,households
TD15,0.057442,0.094696,0.020934,0.050699,0.006510,0.015573,0.005617,0.008425,0.000511,0.003064,households
TF1,0.031368,0.095280,0.017397,0.048783,0.005469,0.017759,0.001299,0.011147,0.000400,0.002313,households
TF2,0.015790,0.040837,0.002233,0.015151,0.001889,0.003071,0.001574,0.002144,0.001569,0.002042,households
TF3,0.008898,0.040535,0.004043,0.009279,0.000065,0.002885,0.000020,0.000106,0.000013,0.000031,households
TF4,0.059610,0.110374,0.027528,0.062794,0.006036,0.020014,0.000020,0.007072,0.000013,0.000927,households
TF5,0.002784,0.016385,0.001216,0.012170,0.000303,0.000980,0.000093,0.000494,0.000060,0.000143,households
TF6,0.008861,0.031374,0.000527,0.009260,0.000131,0.000424,0.000040,0.000214,0.000026,0.000062,households
TF7,0.013181,0.042602,0.007335,0.021778,0.000088,0.002000,0.000027,0.000144,0.000018,0.000042,households
TF8,0.018199,0.041134,0.017134,0.024470,0.000206,0.015091,0.000064,0.007862,0.000041,0.000097,households
TF9,0.004676,0.017290,0.001597,0.009464,0.000220,0.000309,0.000192,0.000245,0.000008,0.000019,households
TF10,0.009722,0.056095,0.003978,0.018500,0.001192,0.001330,0.001149,0.001231,0.000690,0.001159,households
TF11,0.003983,0.025619,0.000527,0.015742,0.000087,0.000282,0.000027,0.000142,0.000017,0.000041,households
TF12,0.009588,0.021159,0.006177,0.008600,0.000160,0.003100,0.000049,0.000262,0.000032,0.000076,households
TF13,0.016022,0.030834,0.000745,0.014995,0.000186,0.000600,0.000057,0.000303,0.000037,0.000088,households
TN1,0.053350,0.098802,0.037192,0.078832,0.018633,0.022476,0.002982,0.003172,0.000029,0.000191,households
TN2,0.035752,0.066547,0.020471,0.041292,0.009975,0.016656,0.006590,0.009042,0.000093,0.006309,households
TN3,0.015445,0.027513,0.004982,0.008748,0.000612,0.002293,0.000081,0.000629,0.000019,0.000128,households
TN4,0.027972,0.058243,0.018234,0.033745,0.005286,0.009391,0.000507,0.003211,0.000462,0.003152,households
TN5,0.015547,0.019833,0.001267,0.007445,0.000769,0.001049,0.000110,0.000791,0.000026,0.000173,households
TN6,0.012728,0.017024,0.002220,0.004932,0.000129,0.000822,0.000055,0.000693,0.000013,0.000639,households
TN7,0.008959,0.013429,0.002762,0.005760,0.000945,0.001967,0.000400,0.001026,0.000096,0.000631,households
TN8,0.048730,0.073602,0.025504,0.060022,0.005735,0.023875,0.000081,0.005751,0.000019,0.000128,households
TN9,0.017979,0.067442,0.006450,0.032900,0.003651,0.008382,0.001041,0.003434,0.000023,0.001097,households
TN10,0.039184,0.075852,0.017792,0.042841,0.000268,0.005951,0.000114,0.000291,0.000027,0.000179,households
TN11,0.046536,0.082040,0.028012,0.062398,0.005346,0.023195,0.005073,0.005361,0.001351,0.001621,households
TN12,0.029921,0.061130,0.013840,0.027162,0.003561,0.008210,0.000037,0.003260,0.000009,0.000059,households
TN13,0.018049,0.041458,0.012467,0.016240,0.001508,0.003804,0.001422,0.001521,0.000015,0.001458,households
TN14,0.012841,0.023752,0.008710,0.017181,0.002479,0.013566,0.002371,0.006791,0.000019,0.006713,households
TN15,0.009428,0.026422,0.005853,0.017248,0.000116,0.000622,0.000049,0.000126,0.000012,0.000078,households
TN16,0.008378,0.014965,0.006015,0.010126,0.000182,0.004156,0.000077,0.000197,0.000018,0.000121,households
TN17,0.013697,0.022736,0.008908,0.015625,0.003604,0.003785,0.000071,0.000182,0.000017,0.000112,households
TN18,0.010480,0.018274,0.003565,0.006203,0.002979,0.004981,0.002804,0.004677,0.002706,0.002878,households
TN19,0.015028,0.017656,0.013393,0.015155,0.010643,0.011244,0.006960,0.007328,0.000056,0.007096,households
TN20,0.003378,0.006102,0.001683,0.003510,0.000576,0.001199,0.000244,0.000625,0.000058,0.000385,households
TN21,0.009921,0.013046,0.001915,0.004001,0.000157,0.000327,0.000066,0.000170,0.000016,0.000105,households
TN22,0.010463,0.015812,0.000583,0.003391,0.000113,0.000404,0.000048,0.000122,0.000011,0.000075,households
TN23,0.028398,0.060171,0.009649,0.034977,0.002372,0.004583,0.000047,0.000121,0.000011,0.000075,households
TN24,0.014935,0.035736,0.009604,0.016440,0.000143,0.006329,0.000061,0.005484,0.000015,0.000587,households
TN25,0.016050,0.029320,0.004783,0.019823,0.000144,0.000299,0.000061,0.000156,0.000015,0.000096,households
TN26,0.031352,0.048338,0.005685,0.016321,0.000581,0.000802,0.000086,0.000221,0.000021,0.000136,households
TN27,0.018304,0.040547,0.007006,0.013418,0.000169,0.003528,0.000071,0.000183,0.000017,0.000113,households
TN28,0.004252,0.037827,0.001026,0.007743,0.000351,0.000731,0.000149,0.000381,0.000035,0.000235,households
TN29,0.001531,0.019893,0.000599,0.009125,0.000205,0.000427,0.000087,0.000223,0.000021,0.000137,households
TN30,0.040594,0.072747,0.013320,0.029833,0.000283,0.000590,0.000120,0.000308,0.000029,0.000189,households
TN31,0.011093,0.035129,0.000902,0.011140,0.000206,0.000729,0.000087,0.000224,0.000021,0.000138,households
TN32,0.016749,0.025014,0.010145,0.016404,0.004429,0.004898,0.004179,0.004466,0.002263,0.002953,households
TN33,0.010481,0.016859,0.001573,0.007600,0.000225,0.000468,0.000095,0.000244,0.000023,0.000150,households
TN34,0.077187,0.148435,0.025651,0.073060,0.009665,0.020383,0.000691,0.013772,0.000016,0.011971,households
TN35,0.011009,0.031048,0.009080,0.018482,0.008572,0.008858,0.007013,0.008594,0.006928,0.008484,households
TN36,0.005316,0.009603,0.002649,0.005523,0.000906,0.001886,0.000384,0.000984,0.000092,0.000606,households
TN37,0.170641,0.214607,0.093448,0.151468,0.050451,0.090898,0.021883,0.058346,0.000842,0.039327,households
TN38,0.097314,0.141042,0.051732,0.087581,0.019249,0.042589,0.014381,0.030650,0.004633,0.016808,households
TN39,0.025095,0.066606,0.014385,0.040236,0.004147,0.006037,0.000066,0.000169,0.000016,0.000104,households
TN40,0.053587,0.079012,0.043588,0.059840,0.010173,0.023911,0.003852,0.010190,0.002015,0.003900,households
TQ1,0.022003,0.039780,0.012910,0.025247,0.003028,0.007425,0.001687,0.004147,0.001680,0.001697,households
TQ2,0.010473,0.031696,0.003644,0.016855,0.001285,0.005415,0.000011,0.001719,0.000004,0.000020,households
TQ3,0.030629,0.047467,0.024093,0.031625,0.003576,0.013714,0.000013,0.000060,0.000005,0.000025,households
TQ4,0.020336,0.070138,0.011147,0.045005,0.000075,0.010414,0.000016,0.002794,0.000007,0.000032,households
TQ5,0.019179,0.047468,0.015323,0.028319,0.008474,0.010787,0.003679,0.008045,0.000006,0.002723,households
TQ6,0.036375,0.076782,0.020498,0.040195,0.005416,0.019828,0.000021,0.018090,0.000009,0.017779,households
TQ7,0.015248,0.045022,0.005680,0.022970,0.000175,0.000793,0.000137,0.000555,0.000004,0.000400,households
TQ8,0.006305,0.015248,0.003222,0.004849,0.000222,0.000742,0.000049,0.000229,0.000020,0.000094,households
TQ9,0.014422,0.048763,0.006071,0.018629,0.000597,0.000708,0.000340,0.000379,0.000004,0.000020,households
TQ10,0.013997,0.035253,0.002676,0.015154,0.000222,0.000742,0.000049,0.000229,0.000020,0.000094,households
TQ11,0.043967,0.078160,0.020645,0.037610,0.000253,0.000844,0.000056,0.000261,0.000023,0.000107,households
TQ12,0.019322,0.040514,0.009277,0.023832,0.000772,0.004836,0.000006,0.001165,0.000002,0.000011,households
TQ13,0.023292,0.036353,0.010367,0.016286,0.004763,0.005930,0.000009,0.000399,0.000004,0.000018,households
TQ14,0.028286,0.079530,0.008992,0.053279,0.000067,0.012676,0.000015,0.000069,0.000006,0.000028,households
TR1,0.021313,0.052443,0.009925,0.028068,0.007716,0.009672,0.000005,0.007703,0.000003,0.000016,households
TR2,0.016601,0.026993,0.007420,0.008404,0.002175,0.003557,0.000008,0.002156,0.000004,0.002116,households
TR3,0.009883,0.020571,0.002322,0.006591,0.001085,0.001222,0.000008,0.000068,0.000004,0.000025,households
TR4,0.011936,0.025230,0.006012,0.015859,0.000084,0.003955,0.000008,0.000064,0.000004,0.000023,households
TR5,0.021072,0.030616,0.013614,0.015161,0.003665,0.004010,0.000021,0.003613,0.000011,0.000062,households
TR6,0.009192,0.038733,0.000965,0.019232,0.000260,0.000663,0.000025,0.000199,0.000012,0.000073,households
TR7,0.005552,0.050176,0.003374,0.018677,0.000360,0.002905,0.000006,0.000052,0.000003,0.000019,households
TR8,0.015518,0.024808,0.005669,0.010277,0.000073,0.001265,0.000007,0.001135,0.000003,0.000020,households
TR9,0.011506,0.023788,0.005805,0.015505,0.000149,0.003793,0.000014,0.000114,0.000007,0.000042,households
TR10,0.013753,0.024045,0.002859,0.004058,0.002549,0.002726,0.000011,0.000087,0.000005,0.000032,households
TR11,0.014390,0.037764,0.008120,0.020690,0.003767,0.009966,0.000004,0.003245,0.000002,0.000231,households
TR12,0.005812,0.011490,0.003918,0.009814,0.003177,0.004750,0.000009,0.000075,0.000005,0.000028,households
TR13,0.026565,0.053873,0.011015,0.026908,0.002458,0.004293,0.000005,0.000044,0.000003,0.000016,households
TR14,0.029396,0.070100,0.008178,0.036686,0.001826,0.005375,0.001779,0.005282,0.000809,0.005257,households
TR15,0.013169,0.039987,0.005108,0.023852,0.000063,0.001453,0.000006,0.000446,0.000003,0.000416,households
TR16,0.021715,0.041473,0.003520,0.009983,0.001977,0.002624,0.000006,0.000187,0.000003,0.000155,households
TR17,0.005499,0.018643,0.003578,0.014719,0.000401,0.001023,0.000038,0.000307,0.000019,0.000112,households
TR18,0.045509,0.089392,0.023128,0.056989,0.002367,0.015222,0.000005,0.000745,0.000003,0.000015,households
TR19,0.018208,0.051167,0.014308,0.030520,0.004749,0.005579,0.000708,0.002397,0.000004,0.000023,households
TR20,0.025224,0.049838,0.016278,0.033726,0.005931,0.012357,0.001132,0.001188,0.001128,0.001148,households
TR21,0.034692,0.060834,0.023816,0.048325,0.000535,0.022153,0.000051,0.000409,0.000026,0.000150,households
TR22,0.018193,0.043765,0.007952,0.022833,0.002140,0.005458,0.000204,0.001635,0.000102,0.000600,households
TR23,0.018193,0.043765,0.007952,0.022833,0.002140,0.005458,0.000204,0.001635,0.000102,0.000600,households
TR24,0.106708,0.157661,0.004638,0.109415,0.001248,0.003184,0.000119,0.000954,0.000060,0.000350,households
TR25,0.016611,0.039959,0.007260,0.020847,0.001953,0.004983,0.000187,0.001493,0.000093,0.000547,households
TR26,0.010483,0.043098,0.001207,0.025864,0.000640,0.003412,0.000007,0.000052,0.000003,0.000019,households
TR27,0.022012,0.060368,0.012487,0.030220,0.000080,0.005606,0.000008,0.000061,0.000004,0.000022,households
TS1,0.039544,0.169266,0.017282,0.098571,0.003459,0.005908,0.000041,0.003560,0.000008,0.003422,households
TS2,0.005707,0.014542,0.002384,0.007446,0.000607,0.001798,0.000168,0.001021,0.000034,0.000456,households
TS3,0.033785,0.091114,0.016861,0.045153,0.000483,0.014896,0.000025,0.006176,0.000005,0.000460,households
TS4,0.040122,0.110566,0.023338,0.060701,0.004108,0.017382,0.000043,0.005202,0.000009,0.003081,households
TS5,0.023230,0.051749,0.011525,0.028861,0.001648,0.006684,0.000719,0.005014,0.000004,0.003371,households
TS6,0.068661,0.157582,0.035241,0.088283,0.011115,0.020647,0.000025,0.011176,0.000005,0.000066,households
TS7,0.045920,0.094261,0.021647,0.053275,0.000810,0.004266,0.000036,0.001093,0.000007,0.000098,households
TS8,0.021531,0.068922,0.004934,0.022979,0.000203,0.000602,0.000056,0.000342,0.000011,0.000153,households
TS9,0.034433,0.065460,0.002966,0.025742,0.000145,0.000430,0.000040,0.000244,0.000008,0.000109,households
TS10,0.093391,0.206253,0.038981,0.122896,0.012255,0.029571,0.000021,0.018222,0.000004,0.009162,households
TS11,0.032787,0.073164,0.008763,0.028013,0.000756,0.001181,0.000600,0.000904,0.000012,0.000163,households
TS12,0.023137,0.045021,0.006653,0.012337,0.001712,0.004195,0.000033,0.001794,0.000007,0.000090,households
TS13,0.025848,0.053978,0.008352,0.026625,0.002723,0.008582,0.002159,0.002437,0.002115,0.002253,households
TS14,0.067104,0.118623,0.027346,0.062315,0.016539,0.018435,0.012331,0.018237,0.004901,0.010697,households
TS15,0.042589,0.080120,0.020476,0.034854,0.008550,0.009495,0.008426,0.008667,0.000010,0.000129,households
TS16,0.019798,0.089510,0.001497,0.034018,0.000224,0.003543,0.000062,0.000377,0.000012,0.000168,households
TS17,0.018054,0.082918,0.004910,0.027634,0.000286,0.004678,0.000022,0.000340,0.000004,0.000266,households
TS18,0.012785,0.072088,0.003101,0.019226,0.000093,0.001335,0.000026,0.001127,0.000005,0.000070,households
TS19,0.033258,0.072771,0.009902,0.035887,0.002784,0.012771,0.002725,0.009473,0.000005,0.000921,households
TS20,0.034439,0.063054,0.018373,0.044219,0.007872,0.010201,0.000448,0.007975,0.000008,0.007835,households
TS21,0.017900,0.039897,0.002581,0.014152,0.000648,0.000937,0.000541,0.000748,0.000008,0.000611,households
TS22,0.016041,0.029963,0.013239,0.016260,0.006398,0.011034,0.000064,0.010740,0.000013,0.006340,households
TS23,0.027109,0.100634,0.006219,0.037528,0.001910,0.003608,0.001362,0.002452,0.000006,0.001883,households
TS24,0.079299,0.183468,0.050840,0.150079,0.014992,0.083942,0.000799,0.041370,0.000774,0.021683,households
TS25,0.030115,0.109830,0.014195,0.040841,0.000076,0.001891,0.000021,0.000128,0.000004,0.000057,households
TS26,0.046598,0.126577,0.009937,0.064812,0.004676,0.016650,0.003274,0.009313,0.000007,0.006747,households
TS27,0.018241,0.051757,0.006065,0.028836,0.000202,0.000598,0.000056,0.000340,0.000011,0.000152,households
TS28,0.072607,0.092403,0.032076,0.080170,0.007472,0.010195,0.000123,0.007776,0.000025,0.000334,households
TS29,0.035752,0.077454,0.026032,0.048450,0.001377,0.009752,0.000769,0.009262,0.000021,0.001282,households
TW1,0.026282,0.106560,0.018753,0.071349,0.003166,0.023855,0.000002,0.012727,0.000000,0.000021,households
TW2,0.016876,0.068959,0.002449,0.024259,0.000034,0.005606,0.000002,0.000111,0.000000,0.000024,households
TW3,0.038952,0.137364,0.015725,0.070011,0.000026,0.021733,0.000001,0.005345,0.000000,0.000079,households
TW4,0.015640,0.077346,0.008498,0.025971,0.000044,0.005103,0.000002,0.000142,0.000000,0.000030,households
TW5,0.028802,0.087791,0.003001,0.044578,0.000047,0.001806,0.000003,0.000152,0.000000,0.000033,households
TW6,0.064566,0.318908,0.026222,0.188987,0.000226,0.014582,0.000013,0.000733,0.000000,0.000157,households
TW7,0.029451,0.143835,0.018430,0.075967,0.000895,0.016706,0.000001,0.000951,0.000000,0.000018,households
TW8,0.046393,0.214662,0.029764,0.139786,0.003625,0.050869,0.000002,0.020393,0.000000,0.005319,households
TW9,0.026478,0.196043,0.014497,0.120789,0.002224,0.018799,0.000002,0.007726,0.000000,0.004783,households
TW10,0.029084,0.095259,0.010968,0.054910,0.001295,0.013161,0.001260,0.004467,0.000000,0.003113,households
TW11,0.026712,0.152453,0.022058,0.088411,0.000035,0.017248,0.000002,0.004386,0.000000,0.000025,households
TW12,0.021396,0.088451,0.010479,0.043717,0.004157,0.004555,0.000002,0.000113,0.000000,0.000024,households
TW13,0.025046,0.109431,0.013799,0.038944,0.000028,0.006502,0.000002,0.000091,0.000000,0.000020,households
TW14,0.037314,0.109023,0.015792,0.053825,0.000040,0.015814,0.000002,0.000129,0.000000,0.000028,households
TW15,0.008772,0.057766,0.002168,0.010388,0.000029,0.000362,0.000002,0.000094,0.000000,0.000020,households
TW16,0.008570,0.047493,0.003341,0.020429,0.000037,0.000455,0.000002,0.000118,0.000000,0.000025,households
TW17,0.004798,0.029878,0.000542,0.013750,0.000046,0.000568,0.000003,0.000148,0.000000,0.000032,households
TW18,0.007381,0.029823,0.000316,0.005769,0.000027,0.000331,0.000001,0.000086,0.000000,0.000018,households
TW19,0.009251,0.064437,0.000571,0.010419,0.000048,0.000597,0.000003,0.000155,0.000000,0.000033,households
TW20,0.036444,0.112230,0.013121,0.060656,0.002945,0.009015,0.000002,0.000096,0.000000,0.000021,households
UB1,0.022359,0.169626,0.004695,0.069360,0.001353,0.004645,0.000036,0.001411,0.000004,0.000052,households
UB2,0.045077,0.155543,0.015159,0.082958,0.001349,0.019952,0.000040,0.015274,0.000004,0.003437,households
UB3,0.065130,0.140111,0.019334,0.064262,0.000077,0.008646,0.000023,0.000114,0.000002,0.000033,households
UB4,0.098202,0.236792,0.047110,0.149194,0.001095,0.027805,0.000031,0.002632,0.000003,0.000044,households
UB5,0.055199,0.187257,0.030849,0.111278,0.010350,0.022057,0.004097,0.011229,0.000003,0.002492,households
UB6,0.043081,0.226382,0.019678,0.161288,0.001303,0.050694,0.000818,0.007946,0.000795,0.001252,households
UB7,0.052404,0.143681,0.025307,0.109862,0.008257,0.047775,0.004655,0.009853,0.000003,0.005110,households
UB8,0.069952,0.139836,0.039871,0.090897,0.004002,0.021798,0.000029,0.004121,0.000003,0.003165,households
UB9,0.018033,0.049708,0.010933,0.029006,0.000166,0.007946,0.000049,0.000245,0.000005,0.000071,households
UB10,0.076316,0.144655,0.034837,0.075544,0.006589,0.017023,0.000030,0.000151,0.000003,0.000044,households
UB11,0.064802,0.131675,0.045860,0.090712,0.002229,0.014628,0.000656,0.003302,0.000065,0.000951,households
W1B,0.119103,0.706218,0.007289,0.655164,0.000766,0.382270,0.000270,0.266552,0.000089,0.264716,households
W1C,0.014008,0.047244,0.007388,0.036354,0.001492,0.015705,0.000526,0.008292,0.000173,0.004714,households
W1D,0.003151,0.202243,0.001662,0.122410,0.000336,0.058807,0.000118,0.023975,0.000039,0.001061,households
W1F,0.011060,0.487251,0.009717,0.322738,0.000303,0.048385,0.000107,0.010927,0.000035,0.010202,households
W1G,0.149878,0.599196,0.111300,0.533283,0.030013,0.241769,0.000118,0.118097,0.000039,0.098336,households
W1H,0.125946,0.521550,0.073599,0.403666,0.010708,0.123985,0.000118,0.038334,0.000039,0.016785,households
W1J,0.055123,0.560427,0.051521,0.454355,0.004341,0.214642,0.000128,0.123339,0.000042,0.042914,households
W1K,0.122922,0.475626,0.064699,0.431122,0.013848,0.290713,0.002810,0.107411,0.000031,0.063314,households
W1S,0.034067,0.148840,0.002086,0.115654,0.000421,0.087241,0.000149,0.062564,0.000049,0.023915,households
W1T,0.157310,0.398559,0.073750,0.355789,0.016623,0.216650,0.000089,0.066302,0.000029,0.038217,households
W1U,0.156980,0.649843,0.071159,0.551997,0.006551,0.373355,0.000077,0.246472,0.000025,0.204578,households
W1W,0.107533,0.559856,0.067309,0.460716,0.000374,0.159208,0.000132,0.050284,0.000043,0.014375,households
W2,0.100105,0.479323,0.043519,0.401548,0.010639,0.154029,0.000079,0.065141,0.000026,0.017925,households
W3,0.067685,0.202958,0.041472,0.152290,0.009008,0.056189,0.003035,0.021656,0.002987,0.012196,households
W4,0.085411,0.317416,0.038295,0.210233,0.003726,0.054240,0.000761,0.016427,0.000026,0.005871,households
W5,0.073000,0.158253,0.044244,0.092236,0.012567,0.037698,0.003302,0.025038,0.000980,0.007376,households
W6,0.073022,0.433204,0.030374,0.336808,0.000492,0.192784,0.000110,0.119519,0.000036,0.084655,households
W7,0.050825,0.154395,0.027225,0.080951,0.001116,0.012804,0.000160,0.002525,0.000053,0.001436,households
W8,0.119756,0.384636,0.080387,0.309001,0.030424,0.141491,0.015576,0.060499,0.003276,0.034462,households
W9,0.088437,0.549736,0.028251,0.483567,0.003669,0.309467,0.000147,0.238185,0.000048,0.182103,households
W10,0.179771,0.362073,0.101200,0.266554,0.009508,0.079616,0.001872,0.036266,0.000039,0.014148,households
W11,0.239151,0.521277,0.140267,0.454941,0.023579,0.176934,0.007819,0.073879,0.006028,0.032433,households
W12,0.177474,0.520021,0.104235,0.383255,0.037318,0.197478,0.021610,0.118563,0.005081,0.049090,households
W13,0.074396,0.188302,0.032200,0.099998,0.001315,0.031212,0.000139,0.004460,0.000046,0.001247,households
W14,0.105718,0.376399,0.050986,0.290931,0.011267,0.077297,0.003782,0.021960,0.000044,0.014570,households
WA1,0.013055,0.079438,0.006209,0.039951,0.000020,0.008335,0.000001,0.000038,0.000000,0.000001,households
WA2,0.014634,0.116844,0.002848,0.048146,0.001962,0.002659,0.000000,0.000028,0.000000,0.000001,households
WA3,0.029698,0.111652,0.007869,0.052657,0.000755,0.007806,0.000000,0.000716,0.000000,0.000000,households
WA4,0.008476,0.067704,0.000880,0.026134,0.000010,0.000079,0.000000,0.000019,0.000000,0.000000,households
WA5,0.012737,0.061767,0.004479,0.029093,0.000011,0.003280,0.000000,0.000972,0.000000,0.000000,households
WA6,0.005813,0.032995,0.002396,0.021412,0.000014,0.005649,0.000000,0.000027,0.000000,0.000001,households
WA7,0.009198,0.037904,0.004347,0.018720,0.000151,0.004331,0.000142,0.000337,0.000142,0.000213,households
WA8,0.022712,0.076518,0.008350,0.041996,0.000009,0.004649,0.000000,0.000553,0.000000,0.000000,households
WA9,0.018662,0.056427,0.005908,0.033433,0.002004,0.005976,0.000000,0.000323,0.000000,0.000000,households
WA10,0.019762,0.057933,0.003245,0.036776,0.000011,0.008698,0.000000,0.002944,0.000000,0.000000,households
WA11,0.018873,0.044453,0.004130,0.022363,0.000013,0.000327,0.000000,0.000025,0.000000,0.000001,households
WA12,0.025156,0.067394,0.015290,0.046449,0.006572,0.016889,0.000001,0.012107,0.000000,0.000001,households
WA13,0.032296,0.059887,0.014570,0.031060,0.000372,0.007282,0.000346,0.000396,0.000001,0.000346,households
WA14,0.037639,0.133530,0.015250,0.067142,0.000013,0.003880,0.000000,0.000553,0.000000,0.000001,households
WA15,0.029787,0.097553,0.012428,0.041410,0.000760,0.010911,0.000000,0.005029,0.000000,0.000000,households
WA16,0.022046,0.048788,0.012191,0.024392,0.000012,0.005149,0.000000,0.000116,0.000000,0.000000,households
WC1A,0.106665,0.320544,0.048467,0.282496,0.003476,0.036874,0.001638,0.027725,0.000666,0.012039,households
WC1B,0.071206,0.502214,0.056141,0.495704,0.002781,0.106730,0.001310,0.014777,0.000533,0.009631,households
WC1E,0.096143,0.378276,0.036996,0.348844,0.003571,0.116938,0.001683,0.079881,0.000684,0.012370,households
WC1H,0.086613,0.294185,0.046754,0.262320,0.003368,0.051275,0.002301,0.018674,0.000267,0.009435,households
WC1N,0.169584,0.397676,0.099684,0.358526,0.023700,0.184563,0.014906,0.104888,0.000280,0.046261,households
WC1R,0.051093,0.206992,0.025207,0.174846,0.009773,0.066867,0.007559,0.044675,0.000802,0.020085,households
WC1V,0.021755,0.122898,0.013183,0.104625,0.003932,0.028701,0.001853,0.018350,0.000753,0.013620,households
WC1X,0.145060,0.450691,0.085871,0.404294,0.041044,0.313613,0.013841,0.240922,0.010668,0.230031,households
WC2A,0.053767,0.188722,0.031394,0.180512,0.003507,0.089416,0.001653,0.031094,0.000672,0.017056,households
WC2B,0.074297,0.150140,0.065679,0.133521,0.040432,0.073402,0.009639,0.035115,0.000421,0.016220,households
WC2E,0.012669,0.266309,0.007677,0.207260,0.002290,0.075071,0.001079,0.041032,0.000439,0.038277,households
WC2H,0.064299,0.277308,0.050038,0.123039,0.013614,0.039278,0.012996,0.023024,0.012669,0.016494,households
WC2N,0.082835,0.232814,0.076595,0.226113,0.026054,0.152312,0.024541,0.090664,0.000548,0.064028,households
WC2R,0.064338,0.176812,0.056099,0.129362,0.003780,0.090315,0.001781,0.061065,0.000724,0.013091,households
WD3,0.015521,0.052586,0.006514,0.024881,0.000052,0.007572,0.000018,0.002100,0.000010,0.001361,households
WD4,0.034811,0.120376,0.019052,0.044023,0.002109,0.003993,0.000252,0.000427,0.000033,0.000286,households
WD5,0.020693,0.039320,0.003591,0.028427,0.000234,0.002612,0.000081,0.002241,0.000046,0.000127,households
WD6,0.103494,0.169413,0.052678,0.090037,0.006229,0.016809,0.001714,0.006796,0.000012,0.001726,households
WD7,0.009672,0.037681,0.003782,0.011520,0.000537,0.007598,0.000052,0.000594,0.000030,0.000082,households
WD17,0.027557,0.073989,0.010257,0.024751,0.003572,0.012615,0.003494,0.009688,0.001452,0.007803,households
WD18,0.026937,0.052535,0.020403,0.029329,0.000108,0.000320,0.000037,0.000149,0.000021,0.000059,households
WD19,0.098005,0.141717,0.033045,0.064134,0.006202,0.013160,0.002543,0.004980,0.002362,0.003314,households
WD23,0.070660,0.114967,0.032470,0.066438,0.009028,0.019588,0.002499,0.010849,0.002487,0.002517,households
WD24,0.029101,0.069169,0.016718,0.045073,0.002832,0.004429,0.000043,0.004233,0.000024,0.000276,households
WD25,0.038678,0.084503,0.018098,0.043289,0.000421,0.004205,0.000360,0.001847,0.000018,0.000378,households
WF1,0.032843,0.098482,0.019563,0.065015,0.002075,0.024277,0.000007,0.007443,0.000005,0.003147,households
WF2,0.031703,0.100511,0.014651,0.068357,0.002780,0.020759,0.001298,0.005810,0.001297,0.001307,households
WF3,0.011798,0.031068,0.008521,0.016288,0.000438,0.004713,0.000415,0.000458,0.000006,0.000427,households
WF4,0.007740,0.033288,0.000848,0.010284,0.000226,0.002404,0.000158,0.000191,0.000156,0.000167,households
WF5,0.023014,0.053258,0.000266,0.014640,0.000045,0.000247,0.000012,0.000074,0.000009,0.000029,households
WF6,0.037938,0.079450,0.016907,0.032479,0.000644,0.005223,0.000014,0.004038,0.000010,0.000626,households
WF7,0.018449,0.078548,0.010416,0.039736,0.000052,0.006959,0.000014,0.000478,0.000010,0.000033,households
WF8,0.011058,0.045651,0.006066,0.021688,0.000278,0.002583,0.000008,0.001290,0.000006,0.001259,households
WF9,0.008136,0.046143,0.002806,0.022581,0.000357,0.002243,0.000173,0.000209,0.000005,0.000183,households
WF10,0.024281,0.100387,0.008776,0.054234,0.001522,0.015593,0.000315,0.003916,0.000005,0.001381,households
WF11,0.012149,0.053493,0.001781,0.031745,0.000054,0.000300,0.000014,0.000090,0.000011,0.000035,households
WF12,0.006481,0.030880,0.004335,0.012094,0.000470,0.003814,0.000443,0.000494,0.000007,0.000024,households
WF13,0.034861,0.099857,0.015034,0.043750,0.000041,0.003031,0.000011,0.000069,0.000008,0.000027,households
WF14,0.015511,0.043745,0.000304,0.015338,0.000051,0.000283,0.000014,0.000085,0.000010,0.000033,households
WF15,0.033934,0.053368,0.017983,0.035210,0.004903,0.011250,0.000015,0.000095,0.000012,0.000037,households
WF16,0.017476,0.059470,0.011217,0.029944,0.006715,0.008647,0.000022,0.006769,0.000017,0.006296,households
WF17,0.017381,0.043326,0.011896,0.026347,0.006185,0.008051,0.002157,0.006203,0.002155,0.002167,households
WN1,0.041910,0.090808,0.023752,0.050245,0.001901,0.007864,0.001059,0.001810,0.000003,0.001789,households
WN2,0.030600,0.079004,0.010556,0.031185,0.000013,0.004229,0.000009,0.000020,0.000002,0.000009,households
WN3,0.019373,0.068097,0.007542,0.040445,0.000024,0.004449,0.000015,0.000034,0.000003,0.000017,households
WN4,0.027264,0.060010,0.008417,0.037049,0.000028,0.008247,0.000018,0.001011,0.000004,0.000020,households
WN5,0.029453,0.053910,0.005727,0.031487,0.000018,0.000209,0.000012,0.000027,0.000002,0.000013,households
WN6,0.024491,0.062394,0.013109,0.029991,0.002014,0.005879,0.001953,0.003155,0.000811,0.001954,households
WN7,0.025093,0.092529,0.011125,0.059742,0.002775,0.010424,0.001324,0.003745,0.000002,0.001324,households
WN8,0.030401,0.076627,0.007539,0.030041,0.000019,0.001136,0.000012,0.000028,0.000002,0.000013,households
WR1,0.074869,0.223296,0.027103,0.162245,0.006190,0.037879,0.001739,0.001780,0.000012,0.000044,households
WR2,0.003647,0.042493,0.000231,0.008237,0.000023,0.000163,0.000016,0.000035,0.000006,0.000021,households
WR3,0.016688,0.050410,0.004357,0.022932,0.000034,0.000243,0.000023,0.000052,0.000008,0.000031,households
WR4,0.029732,0.081102,0.000933,0.030085,0.000031,0.000751,0.000022,0.000048,0.000008,0.000029,households
WR5,0.033516,0.103982,0.007584,0.048807,0.000825,0.005110,0.000818,0.002107,0.000006,0.000823,households
WR6,0.013494,0.048816,0.005999,0.010349,0.000034,0.000248,0.000024,0.000053,0.000009,0.000032,households
WR7,0.019079,0.051562,0.009630,0.030325,0.000077,0.000560,0.000054,0.000120,0.000019,0.000072,households
WR8,0.024662,0.040104,0.002027,0.017009,0.000052,0.000374,0.000036,0.000080,0.000013,0.000048,households
WR9,0.021603,0.069940,0.012720,0.037160,0.001723,0.017307,0.001193,0.002717,0.001184,0.001198,households
WR10,0.028442,0.071634,0.009868,0.035398,0.000028,0.006518,0.000019,0.000043,0.000007,0.000026,households
WR11,0.018911,0.050118,0.009420,0.020472,0.000016,0.000114,0.000011,0.000024,0.000004,0.000015,households
WR12,0.016435,0.042036,0.006063,0.013070,0.000083,0.005815,0.000057,0.000128,0.000021,0.000077,households
WR13,0.006224,0.025115,0.003672,0.013384,0.000047,0.004761,0.000032,0.000318,0.000012,0.000044,households
WR14,0.045998,0.140907,0.024501,0.059743,0.003096,0.015090,0.002844,0.006738,0.000805,0.005311,households
WR15,0.019228,0.058615,0.000698,0.024537,0.000068,0.000493,0.000047,0.000105,0.000017,0.000064,households
WS1,0.044459,0.067749,0.018999,0.034504,0.002436,0.007265,0.000006,0.002511,0.000000,0.000020,households
WS2,0.022064,0.088489,0.007739,0.026322,0.003430,0.005756,0.000005,0.000077,0.000000,0.000015,households
WS3,0.028988,0.063336,0.012425,0.034960,0.001648,0.004755,0.001274,0.004323,0.000000,0.001282,households
WS4,0.028196,0.053569,0.008008,0.011501,0.000039,0.000360,0.000009,0.000160,0.000000,0.000032,households
WS5,0.032416,0.074253,0.022199,0.053893,0.000035,0.014675,0.000008,0.003791,0.000000,0.000029,households
WS6,0.028670,0.059285,0.008357,0.024061,0.000039,0.000359,0.000009,0.000160,0.000000,0.000032,households
WS7,0.014744,0.049729,0.005467,0.025352,0.000020,0.005037,0.000005,0.003665,0.000000,0.003599,households
WS8,0.022653,0.059493,0.019379,0.044908,0.001694,0.018425,0.000010,0.012981,0.000000,0.000033,households
WS9,0.019068,0.077404,0.014992,0.048776,0.000361,0.011377,0.000344,0.007793,0.000000,0.000357,households
WS10,0.017229,0.083953,0.009012,0.044084,0.000015,0.009214,0.000004,0.004976,0.000000,0.001416,households
WS11,0.018213,0.080946,0.002487,0.037620,0.000014,0.004723,0.000003,0.001723,0.000000,0.000011,households
WS12,0.034172,0.063580,0.018740,0.034513,0.000018,0.004046,0.000004,0.000950,0.000000,0.000015,households
WS13,0.026065,0.095834,0.012359,0.044247,0.000016,0.009910,0.000004,0.000064,0.000000,0.000013,households
WS14,0.022298,0.044303,0.010836,0.023608,0.000025,0.003800,0.000006,0.002350,0.000000,0.000020,households
WS15,0.017474,0.050468,0.004281,0.026476,0.000013,0.001065,0.000003,0.000053,0.000000,0.000011,households
WV1,0.024970,0.110815,0.016976,0.039119,0.008888,0.012312,0.006356,0.009011,0.000004,0.008880,households
WV2,0.029507,0.123952,0.012198,0.082642,0.007268,0.037587,0.000025,0.012222,0.000004,0.002725,households
WV3,0.052284,0.113819,0.024398,0.067762,0.002806,0.024396,0.002357,0.003589,0.000833,0.002422,households
WV4,0.048296,0.116435,0.013382,0.057992,0.005354,0.011589,0.001014,0.006298,0.000074,0.001068,households
WV5,0.005087,0.032250,0.002482,0.011679,0.000977,0.001571,0.000023,0.001112,0.000004,0.000969,households
WV6,0.046586,0.125641,0.019728,0.074265,0.000842,0.017672,0.000011,0.005792,0.000002,0.000838,households
WV7,0.021870,0.056773,0.001337,0.024362,0.000250,0.001545,0.000050,0.000544,0.000009,0.000232,households
WV8,0.033548,0.083618,0.011256,0.042004,0.004722,0.014703,0.000025,0.004869,0.000004,0.002484,households
WV9,0.092287,0.325171,0.025861,0.269563,0.000279,0.142775,0.000056,0.037877,0.000010,0.016887,households
WV10,0.056887,0.114662,0.014191,0.065188,0.002146,0.016497,0.000010,0.003126,0.000002,0.002563,households
WV11,0.041722,0.128322,0.009452,0.079418,0.000534,0.006596,0.000016,0.000628,0.000003,0.000074,households
WV12,0.031090,0.118449,0.015854,0.068485,0.002563,0.029133,0.000385,0.017243,0.000368,0.010560,households
WV13,0.027018,0.097607,0.010077,0.059137,0.000109,0.006067,0.000022,0.002826,0.000004,0.000101,households
WV14,0.033832,0.091754,0.021236,0.054721,0.004851,0.012636,0.000011,0.007718,0.000002,0.001618,households
WV15,0.020227,0.076213,0.001962,0.041209,0.000178,0.001100,0.000036,0.000387,0.000006,0.000165,households
WV16,0.016745,0.035502,0.007774,0.017825,0.000098,0.001450,0.000020,0.000212,0.000003,0.000091,households
YO1,0.040799,0.127704,0.002566,0.073038,0.000027,0.003715,0.000002,0.003532,0.000001,0.000003,households
YO7,0.018370,0.054161,0.002854,0.028570,0.000115,0.000708,0.000105,0.000112,0.000105,0.000106,households
YO8,0.002421,0.048701,0.000425,0.014336,0.000008,0.000058,0.000000,0.000006,0.000000,0.000001,households
YO10,0.023096,0.076629,0.011803,0.034888,0.000016,0.004780,0.000001,0.000011,0.000001,0.000002,households
YO11,0.030077,0.099122,0.019539,0.059858,0.000502,0.013776,0.000001,0.000010,0.000001,0.000002,households
YO12,0.019549,0.052213,0.006693,0.028463,0.001032,0.005993,0.000001,0.000008,0.000001,0.000002,households
YO13,0.020200,0.042850,0.001107,0.017268,0.000024,0.000177,0.000001,0.000017,0.000001,0.000003,households
YO14,0.038813,0.085667,0.020781,0.064894,0.000025,0.007994,0.000001,0.000018,0.000001,0.000003,households
YO15,0.020577,0.102370,0.004115,0.047637,0.000021,0.007135,0.000001,0.000015,0.000001,0.000003,households
YO16,0.019323,0.093015,0.006246,0.047234,0.000015,0.004558,0.000001,0.000011,0.000001,0.000002,households
YO17,0.005267,0.036402,0.000714,0.006490,0.000013,0.001121,0.000001,0.000009,0.000001,0.000002,households
YO18,0.011743,0.035852,0.006661,0.008917,0.000023,0.000175,0.000001,0.000017,0.000001,0.000003,households
YO19,0.004231,0.036441,0.000249,0.005770,0.000020,0.000152,0.000001,0.000015,0.000001,0.000003,households
YO21,0.033115,0.067012,0.018954,0.049105,0.002994,0.010540,0.000001,0.001947,0.000001,0.000002,households
YO22,0.032777,0.053355,0.010956,0.023337,0.000993,0.001138,0.000730,0.000987,0.000487,0.000731,households
YO23,0.032204,0.063896,0.014672,0.052609,0.002627,0.015568,0.000001,0.004579,0.000001,0.000981,households
YO24,0.010020,0.063606,0.002118,0.028356,0.000015,0.000470,0.000001,0.000011,0.000001,0.000002,households
YO25,0.013145,0.029615,0.003349,0.015872,0.002371,0.002930,0.000000,0.000005,0.000000,0.000001,households
YO26,0.014499,0.058211,0.005419,0.030002,0.000012,0.003208,0.000001,0.000008,0.000001,0.000001,households
YO30,0.027765,0.113832,0.000609,0.050119,0.000015,0.002491,0.000001,0.001710,0.000001,0.000002,households
YO31,0.022438,0.070662,0.016653,0.024474,0.000013,0.004409,0.000001,0.000009,0.000001,0.000002,households
YO32,0.003478,0.044087,0.000785,0.012244,0.000640,0.000724,0.000001,0.000009,0.000001,0.000002,households
YO41,0.005944,0.029265,0.003278,0.012270,0.000023,0.000171,0.000001,0.000016,0.000001,0.000003,households
YO42,0.009429,0.032034,0.008343,0.013097,0.000550,0.007608,0.000537,0.000546,0.000537,0.000538,households
YO43,0.011445,0.042848,0.000254,0.022525,0.000021,0.000155,0.000001,0.000015,0.000001,0.000003,households
YO51,0.013816,0.043452,0.000456,0.016291,0.000037,0.000278,0.000002,0.000027,0.000002,0.000005,households
YO60,0.003443,0.027911,0.000459,0.002091,0.000038,0.000281,0.000002,0.000027,0.000002,0.000005,households
YO61,0.003177,0.040001,0.001528,0.009798,0.000015,0.000261,0.000001,0.000011,0.000001,0.000002,households
YO62,0.026045,0.045898,0.009877,0.029061,0.001600,0.004521,0.000001,0.000012,0.000001,0.000002,households
ZE1,0.000000,0.000000,0.000000,0.000000,0.000000,0.000000,0.000000,0.000000,0.000000,0.000000,households
ZE2,0.000000,0.000000,0.000000,0.000000,0.000000,0.000000,0.000000,0.000000,0.000000,0.000000,households
ZE3,0.000000,0.000000,0.000000,0.000000,0.000000,0.000000,0.000000,0.000000,0.000000,0.000000,households
