name,sw_high,sw_low
AB10 1,0.089545,0.132986
AB10 6,0.133869,0.268711
AB10 7,0.149809,0.195546
AB11 5,0.121248,0.269709
AB11 6,0.126569,0.190939
AB11 7,0.030499,0.109474
AB11 8,0.020300,0.046224
AB11 9,0.058510,0.125636
AB12 3,0.025303,0.072695
AB12 4,0.072556,0.087423
AB12 5,0.035844,0.069843
AB12 9,0.012621,0.021768
AB13 0,0.004017,0.024744
AB14 0,0.069269,0.091299
AB15 4,0.078175,0.180059
AB15 5,0.048005,0.127497
AB15 6,0.077957,0.167554
AB15 7,0.056547,0.110770
AB15 8,0.053395,0.085424
AB15 9,0.041239,0.097987
AB16 5,0.035956,0.069372
AB16 6,0.074107,0.140556
AB16 7,0.044950,0.088075
AB16 9,0.011737,0.022500
AB21 0,0.033479,0.079446
AB21 1,0.066895,0.122037
AB21 7,0.100783,0.168667
AB21 9,0.066998,0.120042
AB22 8,0.084252,0.121120
AB22 9,0.045162,0.060116
AB23 8,0.036183,0.060842
AB23 9,0.038797,0.065490
AB24 1,0.091649,0.201738
AB24 2,0.107965,0.173540
AB24 3,0.092041,0.214322
AB24 4,0.086291,0.156442
AB24 5,0.122132,0.194455
AB25 1,0.133064,0.344678
AB25 2,0.096019,0.191768
AB25 3,0.174147,0.269675
AB25 9,0.133903,0.260226
AB30 1,0.060856,0.107543
AB31 4,0.091457,0.160086
AB31 5,0.068060,0.128676
AB31 6,0.060447,0.093616
AB31 9,0.074222,0.133554
AB32 6,0.141405,0.191437
AB32 7,0.089211,0.102249
AB33 8,0.079325,0.156989
AB34 4,0.087768,0.127164
AB34 5,0.053675,0.120087
AB35 5,0.151163,0.211213
AB36 8,0.015151,0.020746
AB37 9,0.045304,0.057656
AB38 7,0.174337,0.233393
AB38 9,0.052992,0.092844
AB39 2,0.092027,0.151325
AB39 3,0.064480,0.138318
AB39 8,0.049421,0.120280
AB39 9,0.080956,0.145598
AB41 1,0.065437,0.096171
AB41 6,0.111800,0.118287
AB41 7,0.033634,0.046174
AB41 8,0.095469,0.110853
AB41 9,0.050655,0.106988
AB42 0,0.071414,0.110970
AB42 1,0.085678,0.206298
AB42 2,0.151865,0.232177
AB42 3,0.170733,0.242990
AB42 4,0.079405,0.112714
AB42 5,0.060765,0.116391
AB42 9,0.108310,0.185695
AB43 6,0.052860,0.172772
AB43 7,0.104354,0.154560
AB43 8,0.097288,0.159509
AB43 9,0.096812,0.156822
AB44 1,0.075163,0.148911
AB45 1,0.048000,0.105775
AB45 2,0.122712,0.166807
AB45 3,0.064850,0.095687
AB51 0,0.047751,0.134847
AB51 1,0.091012,0.158573
AB51 3,0.178352,0.245298
AB51 4,0.100305,0.157830
AB51 5,0.050032,0.093479
AB51 6,0.134463,0.254924
AB51 7,0.100384,0.141878
AB51 8,0.121553,0.189749
AB52 6,0.125614,0.168117
AB53 4,0.091511,0.155990
AB53 5,0.026230,0.056486
AB53 6,0.028289,0.049727
AB53 8,0.083060,0.117390
AB54 4,0.052207,0.084089
AB54 6,0.087404,0.127895
AB54 7,0.088552,0.115993
AB54 8,0.096721,0.197171
AB54 9,0.082276,0.143386
AB55 4,0.053471,0.141051
AB55 5,0.073275,0.108274
AB55 6,0.146116,0.178702
AB56 1,0.153927,0.238500
AB56 4,0.152924,0.271763
AB56 5,0.070691,0.198185
AB56 9,0.140337,0.239279
AL1 1,0.052174,0.115157
AL1 2,0.014934,0.073257
AL1 3,0.074655,0.138551
AL1 4,0.062432,0.108328
AL1 5,0.033621,0.094181
AL1 9,0.047435,0.105534
AL10 0,0.058321,0.191849
AL10 1,0.062285,0.173676
AL10 8,0.064827,0.132335
AL10 9,0.064896,0.198565
AL2 1,0.048254,0.127456
AL2 2,0.040088,0.131870
AL2 3,0.027986,0.058979
AL3 4,0.053338,0.134388
AL3 5,0.036944,0.103389
AL3 6,0.012099,0.072656
AL3 7,0.057050,0.136474
AL3 8,0.047170,0.120134
AL4 0,0.027511,0.070739
AL4 8,0.003416,0.031962
AL4 9,0.048594,0.129466
AL5 1,0.067876,0.152096
AL5 2,0.063693,0.104490
AL5 3,0.052977,0.098272
AL5 4,0.041087,0.074611
AL5 5,0.025784,0.049899
AL6 0,0.015505,0.030282
AL6 9,0.030615,0.082254
AL7 1,0.053452,0.144145
AL7 2,0.013898,0.120564
AL7 3,0.035253,0.069806
AL7 4,0.026687,0.059977
AL7 9,0.031666,0.093053
AL8 6,0.031517,0.104426
AL8 7,0.021516,0.051994
AL9 5,0.059475,0.093116
AL9 6,0.039711,0.070599
AL9 7,0.092765,0.204064
B1 1,0.060007,0.153599
B1 2,0.110478,0.192888
B1 3,0.064533,0.194811
B10 0,0.021083,0.044943
B10 9,0.053689,0.128915
B11 1,0.079649,0.159516
B11 2,0.050750,0.103335
B11 3,0.099308,0.178536
B11 4,0.030014,0.123769
B12 0,0.028927,0.149902
B12 8,0.063735,0.221490
B12 9,0.040213,0.151001
B13 0,0.083523,0.151703
B13 3,0.075562,0.120852
B13 8,0.041796,0.078438
B13 9,0.089478,0.119096
B14 4,0.025972,0.080765
B14 5,0.073801,0.088992
B14 6,0.039064,0.052146
B14 7,0.060743,0.097632
B15 1,0.006826,0.055878
B15 2,0.042359,0.119561
B15 3,0.048562,0.117002
B16 0,0.051682,0.076961
B16 6,0.052187,0.124319
B16 8,0.068101,0.209046
B16 9,0.031530,0.065473
B17 0,0.046971,0.100369
B17 8,0.005785,0.060622
B17 9,0.065077,0.158405
B18 4,0.016051,0.034419
B18 5,0.023682,0.076227
B18 6,0.112711,0.272817
B18 7,0.083063,0.135452
B18 9,0.052075,0.116905
B19 1,0.024250,0.055085
B19 2,0.098548,0.213774
B19 3,0.085757,0.138241
B2 4,0.054458,0.056638
B2 5,0.015614,0.018841
B20 1,0.062086,0.131027
B20 2,0.045571,0.109556
B20 3,0.083791,0.181633
B21 0,0.036000,0.110714
B21 8,0.020178,0.104161
B21 9,0.046201,0.175022
B23 3,0.023604,0.070259
B23 5,0.021347,0.057669
B23 6,0.025780,0.071228
B23 7,0.022598,0.079838
B24 0,0.036396,0.079204
B24 8,0.024528,0.090384
B24 9,0.016092,0.079595
B25 8,0.091878,0.165340
B26 1,0.042856,0.099102
B26 2,0.054309,0.081524
B26 3,0.043562,0.107649
B27 6,0.052688,0.128017
B27 7,0.043039,0.127228
B28 0,0.063574,0.119243
B28 1,0.072957,0.128091
B28 8,0.092068,0.107566
B28 9,0.072578,0.168146
B29 4,0.020833,0.059804
B29 5,0.030546,0.078429
B29 6,0.073793,0.161094
B29 7,0.057814,0.138051
B29 9,0.048830,0.115174
B3 1,0.024829,0.442846
B3 2,0.195088,0.410407
B3 3,0.016012,0.161751
B30 1,0.105426,0.137316
B30 2,0.014628,0.054128
B30 3,0.036576,0.088175
B30 9,0.053131,0.093808
B31 1,0.030603,0.060417
B31 2,0.039872,0.077875
B31 3,0.052591,0.089217
B31 4,0.054527,0.099205
B31 5,0.031903,0.066596
B31 9,0.042089,0.079289
B32 1,0.044253,0.097222
B32 2,0.080002,0.114754
B32 3,0.074146,0.114134
B32 4,0.021914,0.054394
B32 9,0.061127,0.101903
B33 0,0.068173,0.157146
B33 3,0.056910,0.116373
B33 8,0.050912,0.077955
B33 9,0.052363,0.114876
B34 6,0.034625,0.088731
B34 7,0.054116,0.125405
B35 6,0.048007,0.175796
B35 7,0.025662,0.283380
B35 9,0.037182,0.224584
B36 0,0.122742,0.206124
B36 8,0.039130,0.145229
B36 9,0.046374,0.104433
B37 5,0.091902,0.212031
B37 6,0.051787,0.093345
B37 7,0.024565,0.114213
B37 9,0.052501,0.134718
B38 0,0.012565,0.018839
B38 8,0.048722,0.077760
B38 9,0.055429,0.075582
B4 6,0.001145,0.112901
B4 7,0.001017,0.066092
B40 1,0.020602,0.046622
B42 1,0.037049,0.104637
B42 2,0.135679,0.187090
B43 5,0.035448,0.073815
B43 6,0.026338,0.061747
B43 7,0.019950,0.083458
B44 0,0.074548,0.141865
B44 8,0.044999,0.099443
B44 9,0.039767,0.069544
B45 0,0.055467,0.086849
B45 5,0.045468,0.080406
B45 8,0.058701,0.088385
B45 9,0.026463,0.066706
B46 1,0.017834,0.076368
B46 2,0.002519,0.073211
B46 3,0.012723,0.052739
B46 9,0.015106,0.071041
B47 5,0.036794,0.104649
B47 6,0.023516,0.092736
B48 7,0.088005,0.167709
B49 5,0.072247,0.117065
B49 6,0.059556,0.157988
B49 9,0.064230,0.139368
B5 4,0.006862,0.020195
B5 5,0.103892,0.122246
B5 6,0.075676,0.102164
B5 7,0.022659,0.102889
B50 4,0.027197,0.072933
B6 4,0.006152,0.082338
B6 5,0.031903,0.057232
B6 6,0.016976,0.195824
B6 7,0.047032,0.249500
B6 9,0.026452,0.158164
B60 1,0.008844,0.021268
B60 2,0.019339,0.039037
B60 3,0.030268,0.103724
B60 4,0.058298,0.116726
B60 9,0.012246,0.031636
B61 0,0.031594,0.101816
B61 7,0.010358,0.045145
B61 8,0.056307,0.160218
B61 9,0.005780,0.026876
B62 0,0.073157,0.099786
B62 2,0.075732,0.142385
B62 8,0.047855,0.099905
B62 9,0.099340,0.199858
B63 1,0.044400,0.127840
B63 2,0.036428,0.053682
B63 3,0.053131,0.073032
B63 4,0.027740,0.090495
B64 5,0.080260,0.195365
B64 6,0.149978,0.254051
B64 7,0.042006,0.112864
B65 0,0.128666,0.209133
B65 8,0.037661,0.159607
B65 9,0.065693,0.123806
B66 1,0.041840,0.089035
B66 2,0.095270,0.143288
B66 3,0.038057,0.118222
B66 4,0.037363,0.148806
B67 5,0.016838,0.046858
B67 6,0.058483,0.139516
B67 7,0.035992,0.081057
B67 9,0.037734,0.090715
B68 0,0.022775,0.047495
B68 8,0.072958,0.116638
B68 9,0.008762,0.025721
B69 1,0.068719,0.165750
B69 2,0.040784,0.123082
B69 3,0.065410,0.170850
B69 4,0.034967,0.164169
B69 9,0.025095,0.069744
B7 4,0.008737,0.044829
B7 5,0.000924,0.012803
B70 0,0.034330,0.101625
B70 1,0.044966,0.105882
B70 6,0.011234,0.087382
B70 7,0.095760,0.148779
B70 8,0.040897,0.108440
B70 9,0.063977,0.103078
B71 1,0.076932,0.156335
B71 2,0.035776,0.137265
B71 3,0.097738,0.159625
B71 4,0.054722,0.097642
B72 1,0.066312,0.109331
B73 5,0.046914,0.100719
B73 6,0.029930,0.079799
B73 9,0.039856,0.092329
B74 2,0.022820,0.054717
B74 3,0.021650,0.057926
B74 4,0.032646,0.071380
B75 5,0.020236,0.071761
B75 6,0.021287,0.094517
B75 7,0.043946,0.111469
B76 0,0.012354,0.042754
B76 1,0.035161,0.097521
B76 2,0.014586,0.116734
B76 9,0.064286,0.169838
B77 1,0.030246,0.041658
B77 2,0.021757,0.079385
B77 3,0.041241,0.150413
B77 4,0.034202,0.044778
B77 5,0.023143,0.061489
B77 9,0.020193,0.049277
B78 1,0.056524,0.135631
B78 2,0.044789,0.084156
B78 3,0.025160,0.109408
B79 0,0.007436,0.043228
B79 7,0.052696,0.150993
B79 8,0.065630,0.180632
B79 9,0.013844,0.051388
B8 1,0.006219,0.035637
B8 2,0.037337,0.106672
B8 3,0.022292,0.086889
B80 7,0.081387,0.158157
B9 4,0.018314,0.079300
B9 5,0.055884,0.093996
B9 9,0.047726,0.091756
B90 1,0.032259,0.079794
B90 2,0.099061,0.216803
B90 3,0.059099,0.132627
B90 4,0.059870,0.131517
B90 8,0.058350,0.079007
B90 9,0.062011,0.138442
B91 1,0.058184,0.121619
B91 2,0.055146,0.095544
B91 3,0.052625,0.108857
B91 9,0.029039,0.057026
B92 0,0.011897,0.115799
B92 7,0.080775,0.153446
B92 8,0.067306,0.166173
B92 9,0.034824,0.104383
B93 0,0.020236,0.081695
B93 3,0.048247,0.102472
B93 8,0.090657,0.164521
B93 9,0.022165,0.052394
B94 5,0.069646,0.089207
B94 6,0.007039,0.073521
B95 5,0.100383,0.221899
B95 6,0.045694,0.093797
B95 8,0.080104,0.174900
B96 6,0.027699,0.065632
B97 4,0.074302,0.144669
B97 5,0.041209,0.082779
B97 6,0.070355,0.153699
B97 9,0.037886,0.078426
B98 0,0.080706,0.133067
B98 7,0.049168,0.115190
B98 8,0.047557,0.098882
B98 9,0.125348,0.140431
BA1 0,0.014862,0.038337
BA1 1,0.138248,0.332502
BA1 2,0.099858,0.234210
BA1 3,0.049804,0.146965
BA1 4,0.023668,0.040630
BA1 5,0.027055,0.065011
BA1 6,0.025197,0.093079
BA1 7,0.006652,0.013044
BA1 8,0.009796,0.029151
BA1 9,0.011972,0.045184
BA10 0,0.015012,0.085761
BA11 1,0.053812,0.122165
BA11 2,0.043600,0.075185
BA11 3,0.013877,0.077084
BA11 4,0.073474,0.131123
BA11 5,0.015073,0.040726
BA11 6,0.079419,0.163277
BA11 9,0.045333,0.096239
BA12 0,0.016944,0.040354
BA12 2,0.032156,0.060604
BA12 6,0.032815,0.058577
BA12 7,0.023360,0.043283
BA12 8,0.048726,0.091881
BA12 9,0.024625,0.041904
BA13 2,0.025617,0.192233
BA13 3,0.044110,0.125688
BA13 4,0.030241,0.061257
BA13 9,0.038426,0.114827
BA14 0,0.084449,0.113346
BA14 4,0.061704,0.101301
BA14 6,0.029088,0.049262
BA14 7,0.056444,0.098198
BA14 8,0.051547,0.114924
BA14 9,0.075479,0.121260
BA15 1,0.047923,0.088726
BA15 2,0.014839,0.029210
BA15 5,0.038406,0.072069
BA16 0,0.048184,0.086666
BA16 9,0.021629,0.028094
BA2 0,0.021616,0.030057
BA2 1,0.020848,0.042462
BA2 2,0.023991,0.076194
BA2 3,0.129682,0.240155
BA2 4,0.054526,0.142468
BA2 5,0.011619,0.052017
BA2 6,0.031993,0.113752
BA2 7,0.025412,0.049013
BA2 8,0.012959,0.056812
BA2 9,0.028252,0.037470
BA20 1,0.082855,0.122259
BA20 2,0.042536,0.069406
BA20 9,0.054540,0.085971
BA21 3,0.020042,0.047201
BA21 4,0.006969,0.019091
BA21 5,0.018971,0.051660
BA22 7,0.024195,0.059759
BA22 8,0.032724,0.072333
BA22 9,0.015098,0.066143
BA3 2,0.018620,0.095929
BA3 3,0.042415,0.068484
BA3 4,0.060543,0.110094
BA3 5,0.049796,0.070585
BA3 9,0.040746,0.086067
BA4 4,0.027458,0.040580
BA4 5,0.027043,0.084882
BA4 6,0.037575,0.109093
BA4 9,0.011149,0.029271
BA5 1,0.039766,0.119968
BA5 2,0.065283,0.147042
BA5 3,0.033447,0.051803
BA5 9,0.048706,0.114496
BA6 0,0.065985,0.120496
BA6 8,0.027093,0.057773
BA6 9,0.104701,0.182388
BA7 7,0.050840,0.063048
BA8 0,0.039017,0.087887
BA9 0,0.033308,0.083641
BA9 8,0.031462,0.075051
BA9 9,0.033272,0.085442
BB1 1,0.068456,0.136061
BB1 2,0.020380,0.053357
BB1 3,0.105843,0.134263
BB1 4,0.028985,0.055727
BB1 5,0.108266,0.160331
BB1 6,0.030254,0.090256
BB1 7,0.084255,0.094256
BB1 8,0.019946,0.026090
BB1 9,0.050955,0.117034
BB10 1,0.090269,0.162681
BB10 2,0.029764,0.082837
BB10 3,0.057247,0.103242
BB10 4,0.109226,0.193799
BB11 1,0.006866,0.053498
BB11 2,0.045490,0.095753
BB11 3,0.061845,0.156348
BB11 4,0.024471,0.099571
BB11 5,0.035163,0.078927
BB11 9,0.016800,0.044272
BB12 0,0.033389,0.062431
BB12 6,0.071469,0.095919
BB12 7,0.059698,0.090346
BB12 8,0.028438,0.073843
BB12 9,0.067891,0.087241
BB18 5,0.035615,0.077856
BB18 6,0.059514,0.121331
BB18 9,0.048345,0.100654
BB2 1,0.106133,0.178119
BB2 2,0.066499,0.099623
BB2 3,0.021763,0.037787
BB2 4,0.057950,0.111965
BB2 5,0.033621,0.078786
BB2 6,0.015591,0.022801
BB2 7,0.022671,0.052324
BB2 9,0.609542,0.624412
BB3 0,0.053468,0.118023
BB3 1,0.064334,0.096757
BB3 2,0.026479,0.065185
BB3 3,0.020349,0.073935
BB3 9,0.039329,0.087307
BB4 0,0.032190,0.054670
BB4 4,0.109310,0.121420
BB4 5,0.021120,0.061020
BB4 6,0.018772,0.034480
BB4 7,0.009789,0.021248
BB4 8,0.020598,0.039096
BB4 9,0.005903,0.046520
BB5 0,0.025384,0.057862
BB5 1,0.004425,0.024738
BB5 2,0.015454,0.058612
BB5 3,0.055206,0.059469
BB5 4,0.004608,0.029860
BB5 5,0.014484,0.024986
BB5 6,0.035399,0.101176
BB5 9,0.013551,0.030879
BB6 7,0.027208,0.043449
BB6 8,0.028759,0.036825
BB7 0,0.040648,0.057647
BB7 1,0.117088,0.147423
BB7 2,0.112300,0.181497
BB7 3,0.044797,0.079565
BB7 4,0.057397,0.073169
BB7 9,0.078528,0.106080
BB8 0,0.014493,0.043914
BB8 7,0.062350,0.123509
BB8 8,0.021191,0.052871
BB8 9,0.008507,0.028253
BB9 0,0.009813,0.025663
BB9 4,0.015542,0.030025
BB9 5,0.026104,0.088957
BB9 6,0.039466,0.065042
BB9 7,0.007944,0.034708
BB9 8,0.088619,0.116227
BB9 9,0.006685,0.027083
BD1 1,0.361346,0.583762
BD1 2,0.071312,0.145233
BD1 3,0.032597,0.082733
BD1 4,0.297528,0.381448
BD1 5,0.074970,0.284492
BD1 9,0.668706,0.713575
BD10 0,0.013941,0.051446
BD10 8,0.004687,0.035246
BD10 9,0.024725,0.079866
BD11 1,0.009137,0.031838
BD11 2,0.010527,0.052976
BD12 0,0.028580,0.135538
BD12 7,0.032107,0.050654
BD12 8,0.008397,0.052508
BD12 9,0.057735,0.102110
BD13 1,0.021549,0.051560
BD13 2,0.011381,0.013923
BD13 3,0.003872,0.020968
BD13 4,0.053731,0.107309
BD13 5,0.026395,0.060013
BD14 6,0.054101,0.085446
BD15 0,0.109393,0.220010
BD15 7,0.048677,0.095703
BD15 8,0.095097,0.131305
BD15 9,0.065776,0.107196
BD16 1,0.026048,0.071035
BD16 2,0.034357,0.085777
BD16 3,0.011496,0.059030
BD16 4,0.040026,0.110781
BD17 5,0.044869,0.168882
BD17 6,0.077266,0.114323
BD17 7,0.138849,0.285406
BD18 1,0.012288,0.030281
BD18 2,0.001130,0.014815
BD18 3,0.019501,0.064221
BD18 4,0.007831,0.040334
BD19 3,0.059135,0.090800
BD19 4,0.033128,0.079293
BD19 5,0.027595,0.069872
BD19 6,0.019018,0.092162
BD19 9,0.035827,0.083787
BD2 1,0.028448,0.098891
BD2 2,0.006526,0.024915
BD2 3,0.054135,0.100879
BD2 4,0.019869,0.076221
BD20 0,0.045970,0.108533
BD20 5,0.028213,0.098359
BD20 6,0.064227,0.118222
BD20 7,0.064079,0.162805
BD20 8,0.120800,0.210837
BD20 9,0.049726,0.114160
BD21 1,0.025939,0.098595
BD21 2,0.027932,0.072863
BD21 3,0.067658,0.099919
BD21 4,0.034987,0.109464
BD21 5,0.064172,0.105774
BD21 9,0.040381,0.097072
BD22 0,0.098067,0.166389
BD22 6,0.043241,0.124214
BD22 7,0.079281,0.134217
BD22 8,0.004766,0.045445
BD22 9,0.022803,0.036105
BD23 1,0.026577,0.128125
BD23 2,0.074340,0.150857
BD23 3,0.084489,0.127668
BD23 4,0.066706,0.126645
BD23 5,0.044653,0.111295
BD23 6,0.066806,0.099176
BD23 9,0.030961,0.065865
BD24 0,0.010037,0.030331
BD24 9,0.050605,0.074247
BD3 0,0.023755,0.147987
BD3 7,0.007084,0.089111
BD3 8,0.059202,0.105270
BD3 9,0.009196,0.022887
BD4 0,0.055913,0.100940
BD4 6,0.042403,0.104055
BD4 7,0.033779,0.069185
BD4 8,0.050309,0.094374
BD4 9,0.049056,0.106491
BD5 0,0.065975,0.124636
BD5 5,0.051864,0.112640
BD5 7,0.032141,0.098906
BD5 8,0.045676,0.114004
BD5 9,0.058561,0.112552
BD6 1,0.060395,0.098604
BD6 2,0.014906,0.084180
BD6 3,0.015578,0.070807
BD7 1,0.051335,0.122494
BD7 2,0.025364,0.038216
BD7 3,0.030061,0.072456
BD7 4,0.034286,0.065831
BD8 0,0.039829,0.071093
BD8 7,0.031810,0.116125
BD8 8,0.012851,0.023120
BD8 9,0.048078,0.183510
BD9 4,0.014402,0.081112
BD9 5,0.063837,0.088162
BD9 6,0.027141,0.100162
BH1 1,0.015567,0.025626
BH1 2,0.014429,0.079437
BH1 3,0.001401,0.006858
BH1 4,0.016803,0.028556
BH10 4,0.026013,0.062797
BH10 5,0.050960,0.106282
BH10 6,0.006480,0.030260
BH10 7,0.033009,0.183122
BH11 0,0.008325,0.016398
BH11 8,0.005763,0.011284
BH11 9,0.009476,0.017308
BH12 1,0.034214,0.075770
BH12 2,0.054213,0.109841
BH12 3,0.017952,0.072358
BH12 4,0.024313,0.047220
BH12 5,0.005719,0.041354
BH12 9,0.028595,0.071058
BH13 6,0.012572,0.034938
BH13 7,0.000963,0.019590
BH14 0,0.022170,0.032746
BH14 4,0.036864,0.056552
BH14 8,0.036621,0.065192
BH14 9,0.053671,0.068748
BH15 1,0.040997,0.082476
BH15 2,0.028310,0.076141
BH15 3,0.081965,0.112583
BH15 4,0.052811,0.084263
BH15 9,0.052912,0.089860
BH16 5,0.030075,0.101663
BH16 6,0.033293,0.051573
BH17 0,0.029474,0.061752
BH17 7,0.038781,0.117220
BH17 8,0.022559,0.088640
BH17 9,0.188770,0.295375
BH18 8,0.056634,0.076004
BH18 9,0.024377,0.080092
BH19 1,0.033861,0.110360
BH19 2,0.036750,0.059476
BH19 3,0.040253,0.053086
BH19 9,0.035819,0.078729
BH2 5,0.001720,0.022138
BH2 6,0.022205,0.031875
BH20 4,0.019037,0.042527
BH20 5,0.043990,0.065176
BH20 6,0.012890,0.080855
BH20 7,0.005776,0.017030
BH20 9,0.019712,0.052073
BH21 1,0.027767,0.064895
BH21 2,0.013650,0.055634
BH21 3,0.009397,0.037485
BH21 4,0.002180,0.043847
BH21 5,0.028054,0.040640
BH21 6,0.008315,0.040008
BH21 7,0.026604,0.043394
BH21 8,0.010364,0.059914
BH21 9,0.017004,0.050652
BH22 0,0.032116,0.128599
BH22 2,0.030982,0.102496
BH22 8,0.023118,0.079508
BH22 9,0.038757,0.107516
BH23 1,0.035600,0.092908
BH23 2,0.042286,0.162621
BH23 3,0.016736,0.060608
BH23 4,0.030700,0.164555
BH23 5,0.007297,0.054018
BH23 6,0.022915,0.129294
BH23 7,0.035661,0.198801
BH23 8,0.034925,0.104950
BH23 9,0.028536,0.119495
BH24 1,0.049651,0.138982
BH24 2,0.013873,0.063104
BH24 3,0.029227,0.108201
BH24 4,0.015580,0.048285
BH24 9,0.031827,0.102121
BH25 5,0.016715,0.022920
BH25 6,0.035974,0.072912
BH25 7,0.017789,0.054795
BH25 9,0.022368,0.045970
BH3 7,0.013006,0.028957
BH31 6,0.048535,0.114526
BH31 7,0.011715,0.052823
BH4 0,0.005198,0.009026
BH4 8,0.000825,0.001433
BH4 9,0.007109,0.007693
BH5 1,0.010775,0.027458
BH5 2,0.001423,0.010668
BH6 3,0.005508,0.057487
BH6 4,0.031420,0.060126
BH6 5,0.001677,0.056559
BH7 6,0.000330,0.017908
BH7 7,0.005717,0.008361
BH8 0,0.008330,0.143106
BH8 8,0.000630,0.005344
BH8 9,0.015687,0.091075
BH9 1,0.035903,0.064091
BH9 2,0.012037,0.061300
BH9 3,0.006136,0.082224
BL0 0,0.063009,0.086110
BL0 9,0.051150,0.077751
BL1 1,0.011808,0.109017
BL1 2,0.079291,0.116849
BL1 3,0.032073,0.058450
BL1 4,0.046019,0.078846
BL1 5,0.050192,0.098682
BL1 6,0.058943,0.088905
BL1 7,0.120427,0.167362
BL1 8,0.045667,0.091452
BL1 9,0.028912,0.048806
BL2 1,0.055772,0.083319
BL2 2,0.051040,0.091753
BL2 3,0.026703,0.087113
BL2 4,0.016272,0.098071
BL2 5,0.025223,0.052930
BL2 6,0.058056,0.103821
BL3 1,0.104492,0.161552
BL3 2,0.032910,0.088892
BL3 3,0.044375,0.076188
BL3 4,0.044342,0.070709
BL3 5,0.080861,0.144259
BL3 6,0.029856,0.117963
BL4 0,0.031981,0.068927
BL4 7,0.051401,0.129115
BL4 8,0.046347,0.084157
BL4 9,0.104149,0.164494
BL5 1,0.030413,0.081164
BL5 2,0.064639,0.102936
BL5 3,0.063155,0.123176
BL6 4,0.071082,0.106955
BL6 5,0.036405,0.058508
BL6 6,0.028305,0.042757
BL6 7,0.036272,0.081022
BL6 9,0.041283,0.069572
BL7 0,0.069391,0.106214
BL7 8,0.084256,0.199180
BL7 9,0.069861,0.153587
BL8 1,0.055438,0.109552
BL8 2,0.088314,0.128573
BL8 3,0.070992,0.120941
BL8 4,0.089258,0.126227
BL8 9,0.038482,0.063018
BL9 0,0.016989,0.262225
BL9 5,0.083250,0.127224
BL9 6,0.011929,0.047960
BL9 7,0.037403,0.057302
BL9 8,0.013673,0.050760
BL9 9,0.071211,0.170841
BN1 1,0.134077,0.176157
BN1 2,0.118740,0.216737
BN1 3,0.045778,0.068342
BN1 4,0.118171,0.235562
BN1 5,0.013697,0.048610
BN1 6,0.049543,0.087362
BN1 7,0.045777,0.067175
BN1 8,0.056256,0.105735
BN1 9,0.072400,0.094477
BN10 7,0.026354,0.063046
BN10 8,0.054284,0.108264
BN10 9,0.041481,0.087762
BN11 1,0.124780,0.180208
BN11 2,0.034085,0.106164
BN11 3,0.229384,0.494234
BN11 4,0.098669,0.219428
BN11 5,0.063841,0.154332
BN11 9,0.062263,0.133329
BN12 4,0.043285,0.084188
BN12 5,0.030083,0.096863
BN12 6,0.020171,0.159682
BN12 9,0.032022,0.115553
BN13 1,0.022154,0.069943
BN13 2,0.043268,0.095578
BN13 3,0.031982,0.064424
BN14 0,0.048122,0.085588
BN14 7,0.040857,0.095655
BN14 8,0.052835,0.142639
BN14 9,0.049539,0.092031
BN15 0,0.028355,0.052952
BN15 5,0.044703,0.090538
BN15 8,0.035345,0.100401
BN15 9,0.064024,0.109222
BN16 1,0.063287,0.151522
BN16 2,0.045608,0.089732
BN16 3,0.051065,0.133997
BN16 4,0.088610,0.135463
BN16 9,0.026540,0.055269
BN17 5,0.089914,0.202118
BN17 6,0.015818,0.071870
BN17 7,0.027646,0.110570
BN18 0,0.018239,0.036178
BN18 8,0.028957,0.047313
BN18 9,0.043531,0.059064
BN2 0,0.055444,0.124384
BN2 1,0.040231,0.130997
BN2 3,0.089334,0.190609
BN2 4,0.029977,0.053077
BN2 5,0.083943,0.127509
BN2 6,0.012828,0.046404
BN2 7,0.045615,0.173879
BN2 8,0.018804,0.045453
BN2 9,0.066327,0.113865
BN20 0,0.042037,0.047704
BN20 7,0.046495,0.110700
BN20 8,0.012495,0.027681
BN20 9,0.039611,0.065724
BN21 1,0.035240,0.077263
BN21 2,0.025419,0.063197
BN21 3,0.155862,0.318506
BN21 4,0.094320,0.219909
BN21 9,0.049993,0.108633
BN22 0,0.060952,0.099695
BN22 7,0.054960,0.139015
BN22 8,0.077813,0.181531
BN22 9,0.124153,0.182199
BN23 5,0.007667,0.050832
BN23 6,0.038581,0.123297
BN23 7,0.104497,0.235801
BN23 8,0.065876,0.114024
BN24 5,0.031374,0.058957
BN24 6,0.049339,0.111989
BN24 9,0.038411,0.079254
BN25 1,0.068031,0.106245
BN25 2,0.041728,0.077885
BN25 3,0.050269,0.088398
BN25 4,0.010191,0.047010
BN25 9,0.046040,0.083879
BN26 5,0.025341,0.043180
BN26 6,0.061303,0.087929
BN26 9,0.044539,0.068298
BN27 1,0.027826,0.053318
BN27 2,0.027802,0.052706
BN27 3,0.029698,0.055091
BN27 4,0.025744,0.042486
BN27 9,0.028572,0.052841
BN3 1,0.062847,0.158006
BN3 2,0.092316,0.233501
BN3 3,0.126253,0.335240
BN3 4,0.095797,0.195022
BN3 5,0.056421,0.166600
BN3 6,0.026099,0.053467
BN3 7,0.007518,0.051469
BN3 8,0.022499,0.054818
BN41 1,0.093210,0.218058
BN41 2,0.049062,0.077683
BN41 9,0.063025,0.123140
BN42 4,0.024026,0.075599
BN43 5,0.049749,0.085660
BN43 6,0.056654,0.099846
BN43 9,0.031258,0.054912
BN44 3,0.034694,0.083058
BN45 7,0.012786,0.033530
BN5 0,0.024362,0.035480
BN5 9,0.022436,0.030290
BN6 0,0.059821,0.077812
BN6 8,0.051880,0.077733
BN6 9,0.068669,0.075646
BN7 1,0.038572,0.056206
BN7 2,0.022955,0.076896
BN7 3,0.027562,0.037331
BN7 9,0.012500,0.025661
BN8 4,0.034385,0.054210
BN8 5,0.084041,0.125242
BN8 6,0.044951,0.076503
BN9 0,0.029837,0.104664
BN9 1,0.041866,0.085017
BN9 9,0.046494,0.074390
BR1 1,0.116760,0.219650
BR1 2,0.028081,0.055156
BR1 3,0.068204,0.140515
BR1 4,0.097539,0.143492
BR1 5,0.124075,0.202450
BR1 9,0.043532,0.074322
BR2 0,0.098810,0.216971
BR2 6,0.063813,0.081135
BR2 7,0.085484,0.192013
BR2 8,0.105804,0.178093
BR2 9,0.056684,0.150678
BR3 1,0.137435,0.212748
BR3 3,0.049671,0.108120
BR3 4,0.089145,0.201906
BR3 5,0.082019,0.138830
BR3 6,0.061155,0.130141
BR3 9,0.085588,0.163297
BR4 0,0.153436,0.221173
BR4 4,0.107525,0.200454
BR4 9,0.070760,0.188233
BR5 1,0.044070,0.099024
BR5 2,0.056125,0.108231
BR5 3,0.065779,0.118307
BR5 4,0.068264,0.171967
BR6 0,0.087846,0.166044
BR6 1,0.042903,0.094613
BR6 6,0.013479,0.058276
BR6 7,0.027177,0.066817
BR6 8,0.054431,0.106828
BR6 9,0.025356,0.066963
BR7 5,0.043335,0.068337
BR7 6,0.035363,0.060302
BR8 7,0.060949,0.099512
BR8 8,0.060431,0.107186
BR8 9,0.061179,0.103423
BS1 1,0.073899,0.149865
BS1 2,0.051294,0.067917
BS1 3,0.037055,0.220316
BS1 4,0.220842,0.443951
BS1 5,0.216356,0.277009
BS1 6,0.168834,0.197625
BS1 9,0.120981,0.170849
BS10 5,0.198043,0.299919
BS10 6,0.087953,0.215065
BS10 7,0.136569,0.237705
BS11 0,0.119539,0.165444
BS11 1,0.164380,0.216670
BS11 8,0.221133,0.269843
BS11 9,0.226401,0.283843
BS13 0,0.144884,0.261306
BS13 7,0.066241,0.167908
BS13 8,0.111897,0.239742
BS13 9,0.103651,0.200408
BS14 0,0.165524,0.312402
BS14 8,0.086373,0.189039
BS14 9,0.089728,0.247673
BS15 0,0.059918,0.130281
BS15 1,0.052329,0.101896
BS15 3,0.079907,0.117738
BS15 4,0.060647,0.169510
BS15 8,0.037554,0.127194
BS15 9,0.066064,0.127740
BS16 0,0.051511,0.102369
BS16 1,0.030554,0.065049
BS16 2,0.052868,0.086641
BS16 3,0.026117,0.056887
BS16 4,0.036010,0.064713
BS16 5,0.051187,0.107900
BS16 6,0.059686,0.177030
BS16 7,0.093929,0.125334
BS16 9,0.053502,0.127637
BS2 0,0.193528,0.216027
BS2 2,0.143881,0.194142
BS2 8,0.133786,0.154055
BS2 9,0.120283,0.222633
BS20 0,0.095533,0.157835
BS20 1,0.032456,0.084777
BS20 6,0.011207,0.078756
BS20 7,0.028901,0.078624
BS20 8,0.012463,0.035099
BS21 5,0.040204,0.190031
BS21 6,0.036904,0.156234
BS21 7,0.033932,0.103782
BS21 9,0.037548,0.142147
BS22 6,0.059988,0.275832
BS22 7,0.019735,0.150509
BS22 8,0.047493,0.195262
BS22 9,0.015639,0.057239
BS23 1,0.115497,0.279586
BS23 2,0.056233,0.170161
BS23 3,0.042204,0.373834
BS23 4,0.041380,0.125970
BS23 9,0.021030,0.087711
BS24 0,0.029348,0.074337
BS24 6,0.014257,0.063173
BS24 7,0.024998,0.082335
BS24 8,0.062875,0.109419
BS24 9,0.063883,0.273821
BS25 1,0.040643,0.119631
BS25 5,0.104944,0.158858
BS25 9,0.062593,0.134613
BS26 2,0.022623,0.124422
BS27 3,0.023652,0.098930
BS28 4,0.149237,0.209533
BS29 6,0.002902,0.082817
BS3 1,0.222811,0.309455
BS3 2,0.191150,0.361330
BS3 3,0.108683,0.195278
BS3 4,0.124681,0.257870
BS3 5,0.250465,0.406287
BS3 9,0.180677,0.305055
BS30 5,0.041460,0.086798
BS30 6,0.040596,0.090582
BS30 7,0.068139,0.099553
BS30 8,0.066216,0.124621
BS30 9,0.099982,0.207120
BS31 1,0.036290,0.081277
BS31 2,0.038885,0.071199
BS31 3,0.010934,0.045973
BS31 9,0.034207,0.073239
BS32 0,0.081691,0.174097
BS32 4,0.050133,0.090995
BS32 8,0.130715,0.220608
BS32 9,0.105392,0.191274
BS34 4,0.049661,0.104638
BS34 5,0.101237,0.164931
BS34 6,0.092474,0.211420
BS34 7,0.094325,0.202569
BS34 8,0.065394,0.195405
BS34 9,0.089391,0.188348
BS35 1,0.033789,0.100518
BS35 2,0.049908,0.169268
BS35 3,0.036133,0.106491
BS35 4,0.015712,0.103291
BS35 5,0.039889,0.081570
BS35 9,0.036160,0.121301
BS36 1,0.076634,0.128917
BS36 2,0.084435,0.150193
BS37 0,0.080968,0.218419
BS37 4,0.092479,0.310420
BS37 5,0.045574,0.146681
BS37 6,0.034201,0.098188
BS37 7,0.044106,0.227723
BS37 8,0.209112,0.332934
BS37 9,0.103498,0.179877
BS39 4,0.026869,0.081285
BS39 5,0.020620,0.069386
BS39 6,0.013117,0.105694
BS39 7,0.016043,0.047756
BS4 1,0.106663,0.201539
BS4 2,0.067670,0.184672
BS4 3,0.078362,0.198128
BS4 4,0.084347,0.234237
BS4 5,0.181301,0.335363
BS40 5,0.043969,0.124995
BS40 6,0.006107,0.023215
BS40 7,0.018510,0.082059
BS40 8,0.015860,0.026550
BS40 9,0.017030,0.032567
BS41 8,0.019289,0.102380
BS41 9,0.039867,0.074969
BS48 1,0.030923,0.126875
BS48 2,0.072353,0.120651
BS48 3,0.027513,0.091534
BS48 4,0.069331,0.101765
BS48 9,0.052988,0.112912
BS49 4,0.022584,0.092089
BS49 5,0.057566,0.104760
BS5 0,0.172771,0.273837
BS5 5,0.103260,0.179501
BS5 6,0.054321,0.092667
BS5 7,0.092127,0.140994
BS5 8,0.114276,0.207625
BS5 9,0.103762,0.217044
BS6 5,0.047980,0.160358
BS6 6,0.120336,0.196986
BS6 7,0.119217,0.236186
BS6 9,0.093579,0.193715
BS7 0,0.098290,0.186396
BS7 8,0.084220,0.171832
BS7 9,0.048515,0.100552
BS8 1,0.175024,0.248941
BS8 2,0.183720,0.241690
BS8 3,0.168154,0.212751
BS8 4,0.110117,0.203915
BS8 9,0.152713,0.222912
BS9 0,0.117599,0.214045
BS9 1,0.126590,0.256559
BS9 2,0.104118,0.196605
BS9 3,0.138117,0.233534
BS9 4,0.105709,0.179993
CA1 1,0.019058,0.116776
CA1 2,0.085542,0.143196
CA1 3,0.064770,0.076804
CA1 9,0.556679,0.576576
CA10 1,0.024016,0.038644
CA10 2,0.059328,0.087985
CA10 3,0.040139,0.078010
CA11 0,0.020540,0.047799
CA11 1,0.015754,0.036051
CA11 7,0.095046,0.181546
CA11 8,0.039171,0.090206
CA11 9,0.008916,0.048596
CA12 4,0.095049,0.152187
CA12 5,0.043292,0.071407
CA13 0,0.059722,0.093008
CA13 3,0.058390,0.097304
CA13 9,0.057015,0.103519
CA14 1,0.027371,0.038622
CA14 2,0.117822,0.297509
CA14 3,0.072284,0.115716
CA14 4,0.022701,0.066408
CA14 5,0.025917,0.071683
CA14 9,0.022184,0.046928
CA15 6,0.068947,0.141510
CA15 7,0.030095,0.086775
CA15 8,0.150831,0.197174
CA15 9,0.075665,0.133206
CA16 6,0.028811,0.053209
CA17 4,0.104820,0.126350
CA18 1,0.010246,0.046539
CA19 1,0.002679,0.004884
CA2 4,0.095911,0.132162
CA2 5,0.129900,0.166105
CA2 6,0.026270,0.063801
CA2 7,0.080452,0.125965
CA20 1,0.008968,0.079395
CA21 2,0.006386,0.011640
CA22 2,0.017186,0.050258
CA22 9,0.019467,0.053172
CA23 3,0.021213,0.055027
CA24 3,0.006167,0.177095
CA25 5,0.063352,0.100000
CA26 3,0.013650,0.029487
CA27 0,0.009113,0.018928
CA28 0,0.649729,0.670117
CA28 6,0.042835,0.103027
CA28 7,0.194406,0.299893
CA28 8,0.051224,0.102913
CA28 9,0.067816,0.092614
CA3 0,0.029058,0.065793
CA3 8,0.127070,0.224306
CA3 9,0.023242,0.077646
CA4 0,0.012677,0.020397
CA4 8,0.012893,0.047184
CA4 9,0.002489,0.008704
CA5 6,0.035874,0.042523
CA5 7,0.028396,0.072530
CA6 4,0.010334,0.033198
CA6 5,0.048795,0.092354
CA6 6,0.020736,0.024175
CA7 0,0.021834,0.087385
CA7 1,0.013706,0.061359
CA7 2,0.010084,0.063238
CA7 3,0.027213,0.040030
CA7 4,0.015949,0.045148
CA7 5,0.005938,0.023725
CA7 7,0.032364,0.072581
CA7 8,0.077552,0.173495
CA7 9,0.054979,0.092620
CA8 0,0.045076,0.079726
CA8 1,0.017750,0.063561
CA8 2,0.023838,0.057296
CA8 7,0.136353,0.179164
CA8 9,0.055564,0.060311
CA9 3,0.020352,0.066363
CB1 0,0.050898,0.119379
CB1 1,0.124306,0.341978
CB1 2,0.129911,0.389835
CB1 3,0.222799,0.487057
CB1 7,0.324385,0.536589
CB1 8,0.190277,0.493461
CB1 9,0.043534,0.173571
CB10 1,0.020196,0.045879
CB10 2,0.075261,0.095246
CB10 9,0.046864,0.067765
CB11 3,0.033443,0.080764
CB11 4,0.017825,0.053212
CB2 0,0.124191,0.327665
CB2 1,0.147677,0.427697
CB2 3,0.096739,0.249324
CB2 7,0.050030,0.126354
CB2 8,0.123061,0.283178
CB2 9,0.054900,0.135795
CB21 4,0.009402,0.080060
CB21 5,0.019334,0.090151
CB21 6,0.004630,0.042781
CB22 3,0.022102,0.071786
CB22 4,0.003714,0.060033
CB22 5,0.015014,0.085313
CB22 6,0.029756,0.072165
CB22 7,0.030454,0.081480
CB23 1,0.095286,0.131460
CB23 2,0.046977,0.082300
CB23 3,0.110025,0.160182
CB23 4,0.088705,0.123026
CB23 5,0.037036,0.075600
CB23 6,0.082591,0.148816
CB23 7,0.040119,0.093021
CB23 8,0.139413,0.271211
CB24 1,0.151333,0.402358
CB24 3,0.141879,0.334579
CB24 4,0.112228,0.272460
CB24 5,0.167582,0.225416
CB24 6,0.036972,0.181859
CB24 8,0.072516,0.172434
CB24 9,0.119943,0.219770
CB25 0,0.028548,0.067353
CB25 9,0.025709,0.139825
CB3 0,0.083730,0.238741
CB3 1,0.027950,0.113012
CB3 9,0.103589,0.192520
CB4 0,0.031451,0.073011
CB4 1,0.035931,0.124569
CB4 2,0.149753,0.332494
CB4 3,0.141248,0.290904
CB5 8,0.045601,0.158250
CB6 1,0.107260,0.178591
CB6 2,0.106240,0.155492
CB6 3,0.108443,0.187227
CB7 4,0.114056,0.259500
CB7 5,0.056912,0.108211
CB7 6,0.029678,0.062150
CB7 7,0.046765,0.097933
CB7 9,0.039570,0.082866
CB8 0,0.203855,0.312132
CB8 1,0.166773,0.259661
CB8 7,0.107133,0.173391
CB8 8,0.192939,0.298976
CB8 9,0.140949,0.217843
CB9 0,0.125098,0.194544
CB9 1,0.133716,0.224028
CB9 7,0.134139,0.224912
CB9 8,0.118048,0.241156
CB9 9,0.154518,0.240745
CF10 1,0.000497,0.005435
CF10 2,0.000563,0.006163
CF10 3,0.000621,0.028561
CF10 4,0.000367,0.022111
CF10 5,0.003691,0.042858
CF11 0,0.002135,0.027441
CF11 1,0.008967,0.088278
CF11 6,0.001897,0.103535
CF11 7,0.001055,0.113385
CF11 8,0.003327,0.044827
CF11 9,0.032153,0.107522
CF14 0,0.013438,0.065790
CF14 1,0.001298,0.067563
CF14 2,0.000436,0.073385
CF14 3,0.000600,0.016870
CF14 4,0.006924,0.109841
CF14 5,0.019401,0.099479
CF14 6,0.000438,0.025724
CF14 7,0.003268,0.054027
CF14 8,0.005193,0.062059
CF14 9,0.000702,0.031746
CF15 5,0.042772,0.066345
CF15 7,0.063971,0.109053
CF15 8,0.014723,0.034369
CF15 9,0.055016,0.059886
CF23 5,0.000527,0.039948
CF23 6,0.004884,0.017883
CF23 7,0.000579,0.031040
CF23 8,0.000439,0.019820
CF23 9,0.006008,0.055113
CF24 0,0.000631,0.110914
CF24 1,0.006793,0.063266
CF24 2,0.000262,0.075799
CF24 3,0.007672,0.057596
CF24 4,0.000254,0.049994
CF24 5,0.000816,0.015235
CF3 0,0.000377,0.043640
CF3 1,0.016984,0.053589
CF3 2,0.000739,0.029594
CF3 3,0.000531,0.034279
CF3 4,0.000654,0.032338
CF3 5,0.001672,0.035705
CF3 6,0.020502,0.029065
CF31 1,0.031435,0.045980
CF31 2,0.006440,0.017140
CF31 3,0.002258,0.054366
CF31 4,0.033534,0.083838
CF31 5,0.008056,0.023716
CF31 9,0.019759,0.048357
CF32 0,0.007484,0.019980
CF32 7,0.101306,0.135087
CF32 8,0.038981,0.068576
CF32 9,0.047382,0.093946
CF33 4,0.013607,0.051168
CF33 6,0.014143,0.066562
CF34 0,0.097680,0.157086
CF34 4,0.067291,0.120255
CF34 9,0.036896,0.083480
CF35 5,0.013234,0.074166
CF35 6,0.041881,0.073307
CF36 3,0.008421,0.028575
CF36 5,0.009426,0.033531
CF36 9,0.009818,0.032663
CF37 1,0.017948,0.054246
CF37 2,0.025638,0.081677
CF37 3,0.007684,0.024706
CF37 4,0.035012,0.081849
CF37 5,0.111567,0.210139
CF37 9,0.041594,0.093267
CF38 1,0.029473,0.061831
CF38 2,0.040009,0.097584
CF39 0,0.069191,0.130217
CF39 8,0.033839,0.094174
CF39 9,0.033275,0.104100
CF40 1,0.130176,0.179501
CF40 2,0.080176,0.173727
CF40 9,0.099826,0.172454
CF41 7,0.243508,0.328783
CF42 5,0.241460,0.306981
CF42 6,0.185379,0.275686
CF42 9,0.201120,0.278192
CF43 3,0.125546,0.195372
CF43 4,0.036906,0.054594
CF44 0,0.072175,0.117333
CF44 4,0.056366,0.118579
CF44 6,0.077400,0.136882
CF44 7,0.043476,0.082054
CF44 8,0.028207,0.093433
CF44 9,0.054370,0.146844
CF45 3,0.010915,0.042500
CF45 4,0.012105,0.061139
CF46 5,0.001555,0.011127
CF46 6,0.020663,0.058182
CF47 0,0.092457,0.122476
CF47 7,0.037585,0.077710
CF47 8,0.017866,0.103425
CF47 9,0.003478,0.031559
CF48 1,0.134851,0.177511
CF48 2,0.051266,0.055529
CF48 3,0.084821,0.136349
CF48 4,0.194571,0.254259
CF5 1,0.000628,0.046980
CF5 2,0.004384,0.033867
CF5 3,0.004562,0.039383
CF5 4,0.008984,0.016309
CF5 5,0.018273,0.083176
CF5 6,0.010725,0.023452
CF5 7,0.006749,0.034505
CF5 9,0.008099,0.041406
CF61 1,0.000728,0.049717
CF61 2,0.007081,0.012190
CF62 3,0.001261,0.006092
CF62 4,0.001519,0.011760
CF62 5,0.023104,0.071905
CF62 6,0.001486,0.016455
CF62 7,0.026739,0.045250
CF62 8,0.006398,0.058017
CF62 9,0.009176,0.052394
CF63 1,0.073037,0.130346
CF63 2,0.015439,0.098886
CF63 3,0.024602,0.046396
CF63 4,0.033872,0.067493
CF63 9,0.042037,0.095432
CF64 1,0.009602,0.053817
CF64 2,0.023488,0.115241
CF64 3,0.036767,0.085351
CF64 4,0.037135,0.107586
CF64 5,0.031678,0.097334
CF64 9,0.027965,0.092406
CF71 7,0.006169,0.028789
CF72 0,0.008038,0.036698
CF72 4,0.003152,0.014391
CF72 8,0.010814,0.046374
CF72 9,0.005136,0.028568
CF81 8,0.001483,0.030142
CF81 9,0.025133,0.049335
CF82 6,0.105539,0.148989
CF82 7,0.016408,0.030770
CF82 8,0.065669,0.096664
CF82 9,0.041852,0.065639
CF83 1,0.021833,0.076950
CF83 2,0.017799,0.033431
CF83 3,0.033911,0.076597
CF83 4,0.012739,0.054442
CF83 8,0.019937,0.044900
CF83 9,0.022485,0.058879
CH1 1,0.100556,0.174115
CH1 2,0.005337,0.057105
CH1 3,0.048481,0.172731
CH1 4,0.038719,0.078385
CH1 5,0.009729,0.051912
CH1 6,0.014609,0.059847
CH1 9,0.006074,0.019284
CH2 1,0.018747,0.064939
CH2 2,0.024696,0.082500
CH2 3,0.079798,0.167498
CH2 4,0.077478,0.145746
CH3 5,0.101625,0.190853
CH3 6,0.044267,0.071480
CH3 7,0.063607,0.132426
CH3 8,0.015576,0.058244
CH3 9,0.057661,0.079351
CH4 0,0.027427,0.110634
CH4 7,0.025376,0.076189
CH4 8,0.047222,0.125022
CH4 9,0.042934,0.103266
CH41 0,0.019480,0.059376
CH41 1,0.067487,0.298586
CH41 2,0.056174,0.092779
CH41 3,0.140272,0.409995
CH41 4,0.084477,0.313475
CH41 5,0.025532,0.066741
CH41 6,0.110435,0.402817
CH41 7,0.061412,0.237438
CH41 8,0.025727,0.166030
CH41 9,0.025599,0.062669
CH42 0,0.025643,0.052838
CH42 1,0.020802,0.060143
CH42 2,0.041163,0.106144
CH42 3,0.107893,0.248241
CH42 4,0.014574,0.046635
CH42 5,0.023379,0.095713
CH42 6,0.008383,0.087855
CH42 7,0.018743,0.042087
CH42 8,0.016586,0.038312
CH42 9,0.004826,0.081503
CH43 0,0.070079,0.168571
CH43 1,0.026054,0.097706
CH43 2,0.049599,0.101597
CH43 3,0.037968,0.091497
CH43 4,0.029662,0.114457
CH43 5,0.091472,0.104024
CH43 6,0.027567,0.196446
CH43 7,0.014190,0.056659
CH43 8,0.014284,0.088352
CH43 9,0.030224,0.069998
CH44 0,0.024744,0.051780
CH44 1,0.017463,0.063363
CH44 2,0.046410,0.084296
CH44 3,0.012067,0.105200
CH44 4,0.044123,0.063572
CH44 5,0.072034,0.103894
CH44 6,0.019733,0.049450
CH44 7,0.015986,0.030313
CH44 8,0.049182,0.090733
CH44 9,0.031772,0.128409
CH45 0,0.023189,0.079585
CH45 1,0.025710,0.075625
CH45 2,0.066547,0.130355
CH45 3,0.082739,0.233201
CH45 4,0.044862,0.132001
CH45 5,0.009411,0.065948
CH45 6,0.049201,0.109358
CH45 7,0.037108,0.077651
CH45 8,0.089560,0.235983
CH45 9,0.062279,0.087419
CH46 0,0.022301,0.125614
CH46 1,0.005801,0.175114
CH46 2,0.018282,0.128612
CH46 3,0.040124,0.121223
CH46 4,0.015907,0.193189
CH46 5,0.016409,0.069188
CH46 6,0.011973,0.086152
CH46 7,0.059902,0.204268
CH46 8,0.028193,0.161595
CH46 9,0.023553,0.088989
CH47 0,0.006131,0.105184
CH47 1,0.007221,0.049192
CH47 2,0.036259,0.086820
CH47 3,0.023829,0.097566
CH47 4,0.006770,0.177816
CH47 5,0.006914,0.053401
CH47 6,0.006770,0.038569
CH47 7,0.006372,0.073546
CH47 8,0.010482,0.168379
CH47 9,0.006499,0.069006
CH48 0,0.037420,0.117566
CH48 1,0.044983,0.099145
CH48 2,0.011589,0.057682
CH48 3,0.039742,0.101128
CH48 4,0.026041,0.225262
CH48 5,0.045908,0.145873
CH48 6,0.109107,0.164828
CH48 7,0.015171,0.080395
CH48 8,0.013906,0.059817
CH48 9,0.025237,0.070104
CH49 0,0.037750,0.059737
CH49 1,0.053289,0.069065
CH49 2,0.071800,0.135624
CH49 3,0.041179,0.075496
CH49 4,0.058955,0.141681
CH49 5,0.104012,0.135173
CH49 6,0.056985,0.136194
CH49 7,0.058146,0.104115
CH49 8,0.036521,0.115315
CH49 9,0.017739,0.036161
CH5 1,0.014744,0.051567
CH5 2,0.008249,0.077116
CH5 3,0.065684,0.132210
CH5 4,0.017357,0.065429
CH5 9,0.026981,0.081108
CH6 5,0.058391,0.144586
CH6 6,0.093521,0.150731
CH6 9,0.065567,0.144457
CH60 0,0.014668,0.052170
CH60 1,0.092688,0.172079
CH60 2,0.041845,0.150694
CH60 3,0.036430,0.062425
CH60 4,0.018398,0.086005
CH60 5,0.061483,0.182392
CH60 6,0.017507,0.058053
CH60 7,0.102297,0.200404
CH60 8,0.043255,0.086203
CH60 9,0.071426,0.140778
CH61 0,0.118737,0.161373
CH61 1,0.047817,0.104894
CH61 2,0.033048,0.107782
CH61 3,0.095767,0.140787
CH61 4,0.031028,0.071195
CH61 5,0.064360,0.156339
CH61 6,0.016524,0.052549
CH61 7,0.056566,0.131137
CH61 8,0.048829,0.133065
CH61 9,0.106851,0.273135
CH62 0,0.126292,0.151464
CH62 1,0.023775,0.049395
CH62 2,0.037182,0.064547
CH62 3,0.009745,0.020912
CH62 4,0.030293,0.124774
CH62 5,0.091583,0.171831
CH62 6,0.009049,0.083650
CH62 7,0.068567,0.096221
CH62 8,0.023167,0.095133
CH62 9,0.058974,0.087997
CH63 0,0.026297,0.062335
CH63 1,0.019853,0.060168
CH63 2,0.024604,0.068057
CH63 3,0.030945,0.061771
CH63 4,0.022543,0.042449
CH63 5,0.057532,0.089388
CH63 6,0.053218,0.073598
CH63 7,0.059002,0.080464
CH63 8,0.071821,0.103087
CH63 9,0.010119,0.107897
CH64 0,0.046783,0.122038
CH64 1,0.029001,0.072936
CH64 2,0.050534,0.093645
CH64 3,0.024823,0.064047
CH64 4,0.009917,0.025268
CH64 5,0.015977,0.097306
CH64 6,0.053036,0.089358
CH64 7,0.041685,0.107094
CH64 8,0.076815,0.142200
CH64 9,0.054137,0.108938
CH65 0,0.038520,0.133656
CH65 1,0.023645,0.075171
CH65 2,0.053142,0.109949
CH65 3,0.022649,0.058961
CH65 4,0.066633,0.250247
CH65 5,0.042295,0.156428
CH65 6,0.056876,0.215240
CH65 7,0.020122,0.114034
CH65 8,0.046349,0.137202
CH65 9,0.052258,0.121663
CH66 0,0.069314,0.146118
CH66 1,0.089662,0.157993
CH66 2,0.081296,0.238259
CH66 3,0.049766,0.140564
CH66 4,0.102716,0.166036
CH66 5,0.080150,0.166465
CH66 6,0.055678,0.142792
CH66 7,0.029358,0.147250
CH66 8,0.057667,0.161951
CH66 9,0.074854,0.158058
CH7 1,0.031782,0.116354
CH7 2,0.014548,0.040497
CH7 3,0.026326,0.070003
CH7 4,0.069361,0.101427
CH7 5,0.032278,0.043921
CH7 6,0.020671,0.051884
CH7 9,0.030308,0.070915
CH8 7,0.013032,0.053706
CH8 8,0.009507,0.019319
CH8 9,0.014804,0.040462
CM0 7,0.038868,0.111445
CM0 8,0.061730,0.131190
CM1 1,0.089381,0.179288
CM1 2,0.043128,0.077032
CM1 3,0.035175,0.083020
CM1 4,0.037288,0.091381
CM1 6,0.047083,0.112691
CM1 7,0.053291,0.074738
CM1 9,0.022148,0.045333
CM11 1,0.162980,0.319569
CM11 2,0.261585,0.426449
CM12 0,0.209252,0.365908
CM12 2,0.187454,0.343719
CM12 9,0.163644,0.327162
CM13 1,0.175776,0.244591
CM13 2,0.163051,0.212940
CM13 3,0.239611,0.322034
CM14 4,0.071489,0.139396
CM14 5,0.053230,0.091498
CM14 9,0.035817,0.066933
CM15 0,0.027128,0.069384
CM15 8,0.103450,0.175039
CM15 9,0.074598,0.143123
CM16 4,0.113765,0.164371
CM16 5,0.091221,0.123762
CM16 6,0.094811,0.160399
CM16 7,0.206804,0.259066
CM16 9,0.049368,0.069931
CM17 0,0.167795,0.242229
CM17 9,0.093949,0.289966
CM18 6,0.140055,0.272216
CM18 7,0.166162,0.349541
CM19 4,0.143507,0.282756
CM19 5,0.177755,0.264578
CM2 0,0.098533,0.214981
CM2 5,0.025094,0.051045
CM2 6,0.053759,0.114113
CM2 7,0.022149,0.059158
CM2 8,0.041638,0.075629
CM2 9,0.038097,0.065848
CM20 1,0.180294,0.373094
CM20 2,0.125129,0.270177
CM20 3,0.133420,0.313758
CM20 9,0.093038,0.559073
CM21 0,0.016682,0.025992
CM21 1,0.067153,0.116161
CM21 9,0.093837,0.162796
CM22 6,0.037167,0.082697
CM22 7,0.033174,0.072152
CM23 0,0.055009,0.083931
CM23 1,0.062170,0.134066
CM23 2,0.199817,0.309478
CM23 3,0.187958,0.295318
CM23 4,0.073458,0.116184
CM23 5,0.196528,0.266215
CM23 9,0.154024,0.235006
CM24 1,0.164179,0.239841
CM24 8,0.049895,0.082491
CM3 1,0.016014,0.060775
CM3 2,0.008926,0.022345
CM3 3,0.041392,0.116357
CM3 4,0.039973,0.079553
CM3 5,0.092115,0.150199
CM3 6,0.122129,0.180554
CM3 7,0.029100,0.052896
CM3 8,0.077907,0.171954
CM3 9,0.064020,0.116372
CM4 0,0.064658,0.146089
CM4 9,0.110215,0.157218
CM5 0,0.046895,0.073430
CM5 5,0.044819,0.086754
CM5 9,0.039460,0.093284
CM6 1,0.045508,0.079409
CM6 2,0.029726,0.078129
CM6 3,0.058853,0.116566
CM6 4,0.049357,0.198189
CM7 0,0.008573,0.025651
CM7 1,0.025141,0.050524
CM7 2,0.004587,0.032879
CM7 3,0.035659,0.088528
CM7 4,0.037642,0.066015
CM7 5,0.013775,0.064461
CM7 9,0.007799,0.062886
CM77 6,0.013267,0.047676
CM77 7,0.061351,0.095104
CM77 8,0.068994,0.113082
CM8 1,0.028340,0.076600
CM8 2,0.038961,0.080015
CM8 3,0.038717,0.092924
CM8 9,0.035523,0.082852
CM9 4,0.025822,0.216417
CM9 5,0.106111,0.189906
CM9 6,0.120122,0.207626
CM9 8,0.049015,0.105441
CM9 9,0.040644,0.097818
CO1 1,0.025597,0.076822
CO1 2,0.064584,0.109165
CO1 9,0.022586,0.043463
CO10 0,0.117561,0.200498
CO10 1,0.213746,0.265578
CO10 2,0.268251,0.345426
CO10 3,0.116672,0.176981
CO10 5,0.040361,0.105415
CO10 7,0.026764,0.048198
CO10 8,0.085201,0.131863
CO10 9,0.030258,0.093768
CO11 1,0.004085,0.054529
CO11 2,0.027847,0.066768
CO11 9,0.018064,0.062225
CO12 3,0.030942,0.122813
CO12 4,0.019624,0.055396
CO12 5,0.025254,0.071344
CO12 9,0.024800,0.081660
CO13 0,0.108617,0.156349
CO13 3,0.071884,0.115078
CO13 9,0.011279,0.045509
CO14 8,0.024590,0.092941
CO15 1,0.062032,0.111387
CO15 2,0.014663,0.075111
CO15 3,0.017835,0.101459
CO15 4,0.066572,0.094687
CO15 5,0.007191,0.050894
CO15 6,0.011328,0.059479
CO15 9,0.010994,0.029889
CO16 0,0.077524,0.100022
CO16 7,0.004968,0.071200
CO16 8,0.016986,0.091338
CO16 9,0.056960,0.159164
CO2 0,0.011763,0.023794
CO2 7,0.018736,0.071651
CO2 8,0.010088,0.065542
CO2 9,0.003531,0.035827
CO3 0,0.004873,0.105988
CO3 3,0.022420,0.084272
CO3 4,0.012807,0.099369
CO3 8,0.019373,0.131773
CO3 9,0.001491,0.057695
CO4 0,0.007183,0.066807
CO4 3,0.008625,0.053146
CO4 5,0.021055,0.051183
CO4 6,0.001967,0.064772
CO4 7,0.008931,0.043734
CO4 9,0.001083,0.035320
CO5 0,0.056897,0.090678
CO5 7,0.015395,0.027382
CO5 8,0.053500,0.129393
CO5 9,0.060159,0.067963
CO6 1,0.045039,0.136204
CO6 2,0.001583,0.007949
CO6 3,0.009574,0.049658
CO6 4,0.003998,0.019860
CO6 5,0.015372,0.041547
CO7 0,0.013339,0.033843
CO7 5,0.008631,0.049678
CO7 6,0.006039,0.049542
CO7 7,0.002494,0.059652
CO7 8,0.017194,0.085120
CO7 9,0.000661,0.030442
CO8 5,0.000662,0.026228
CO9 1,0.010041,0.061007
CO9 2,0.008226,0.050160
CO9 3,0.019278,0.041917
CO9 4,0.058094,0.074633
CO9 9,0.019322,0.056405
CR0 0,0.033723,0.061614
CR0 1,0.312199,0.440046
CR0 2,0.076243,0.141239
CR0 3,0.124663,0.251387
CR0 4,0.080940,0.171060
CR0 5,0.072804,0.140598
CR0 6,0.155591,0.288299
CR0 7,0.106015,0.176808
CR0 8,0.041252,0.089600
CR0 9,0.155810,0.266988
CR2 0,0.051659,0.098533
CR2 6,0.175376,0.339968
CR2 7,0.037149,0.065561
CR2 8,0.030726,0.074886
CR2 9,0.036314,0.088278
CR3 0,0.044815,0.169161
CR3 4,0.043368,0.109854
CR3 5,0.039457,0.087444
CR3 6,0.049652,0.117836
CR3 7,0.014612,0.028553
CR4 1,0.177041,0.305401
CR4 2,0.069903,0.256302
CR4 3,0.097436,0.268651
CR4 4,0.126756,0.286281
CR4 9,0.119098,0.277772
CR5 1,0.082679,0.112426
CR5 2,0.041933,0.112919
CR5 3,0.064987,0.106096
CR5 9,0.064385,0.112427
CR6 9,0.019241,0.026034
CR7 6,0.024526,0.059190
CR7 7,0.058142,0.202288
CR7 8,0.181692,0.235608
CR8 1,0.091443,0.119219
CR8 2,0.283840,0.400629
CR8 3,0.032429,0.118707
CR8 4,0.128464,0.219477
CR8 5,0.083631,0.121282
CT1 1,0.066402,0.130720
CT1 2,0.078924,0.270495
CT1 3,0.054764,0.167725
CT1 9,0.583796,0.631201
CT10 1,0.018457,0.071897
CT10 2,0.047393,0.110784
CT10 3,0.045240,0.111801
CT10 9,0.038147,0.099255
CT11 0,0.031273,0.041701
CT11 1,0.053250,0.087257
CT11 7,0.062762,0.072606
CT11 8,0.043575,0.078687
CT11 9,0.073353,0.154468
CT12 4,0.004741,0.034293
CT12 5,0.027521,0.083065
CT12 6,0.047375,0.089060
CT13 0,0.013764,0.028708
CT13 9,0.064391,0.128891
CT14 0,0.044403,0.106872
CT14 4,0.078094,0.149570
CT14 6,0.081125,0.174669
CT14 7,0.111968,0.243500
CT14 8,0.055444,0.122412
CT14 9,0.067440,0.095269
CT15 4,0.020691,0.030758
CT15 5,0.030079,0.099567
CT15 6,0.006594,0.018357
CT15 7,0.035774,0.053832
CT16 1,0.113988,0.270529
CT16 2,0.016987,0.076910
CT16 3,0.023047,0.055930
CT16 9,0.020272,0.056289
CT17 0,0.061064,0.094821
CT17 9,0.049571,0.078675
CT18 7,0.015798,0.040999
CT18 8,0.042757,0.080377
CT19 4,0.068646,0.101009
CT19 5,0.096574,0.161786
CT19 6,0.038281,0.080408
CT2 0,0.011225,0.084683
CT2 7,0.040645,0.123302
CT2 8,0.075393,0.127097
CT2 9,0.087100,0.114774
CT20 1,0.078875,0.229093
CT20 2,0.059040,0.173845
CT20 3,0.052159,0.135052
CT20 9,0.030644,0.086243
CT21 4,0.029147,0.049926
CT21 5,0.060281,0.105095
CT21 6,0.028971,0.135034
CT21 9,0.041159,0.102204
CT3 1,0.038367,0.075506
CT3 2,0.031464,0.048415
CT3 3,0.036484,0.063573
CT3 4,0.056803,0.130189
CT4 5,0.041081,0.056129
CT4 6,0.049843,0.059914
CT4 7,0.037632,0.066476
CT4 8,0.025513,0.037513
CT5 1,0.110433,0.277227
CT5 2,0.097150,0.184462
CT5 3,0.132970,0.175311
CT5 4,0.050107,0.129290
CT5 9,0.092749,0.186060
CT6 5,0.144643,0.255338
CT6 6,0.112871,0.174235
CT6 7,0.054545,0.110188
CT6 8,0.028778,0.069787
CT6 9,0.082860,0.148457
CT7 0,0.019310,0.050491
CT7 9,0.036563,0.101176
CT8 8,0.036298,0.079533
CT9 1,0.067535,0.155233
CT9 2,0.048702,0.116416
CT9 3,0.029711,0.077260
CT9 4,0.053258,0.126621
CT9 5,0.070245,0.110226
CT9 9,0.024687,0.052845
CV1 1,0.576888,0.624367
CV1 2,0.007552,0.067577
CV1 3,0.054603,0.116727
CV1 4,0.028782,0.177506
CV1 5,0.086297,0.181534
CV1 9,0.056419,0.151646
CV10 0,0.051190,0.125743
CV10 3,0.023719,0.070777
CV10 7,0.047530,0.103478
CV10 8,0.013306,0.076269
CV10 9,0.006283,0.048478
CV11 4,0.043749,0.061109
CV11 5,0.080995,0.173754
CV11 6,0.110926,0.174178
CV11 7,0.038736,0.090078
CV11 8,0.047850,0.111273
CV11 9,0.034615,0.059219
CV12 0,0.016633,0.062145
CV12 8,0.047708,0.101491
CV12 9,0.033513,0.104737
CV13 0,0.016388,0.059885
CV13 6,0.007868,0.022107
CV2 1,0.036255,0.062428
CV2 2,0.028278,0.109938
CV2 3,0.075565,0.119884
CV2 4,0.011393,0.048239
CV2 5,0.033798,0.101071
CV21 1,0.110341,0.170625
CV21 2,0.109045,0.139269
CV21 3,0.122462,0.162370
CV21 4,0.061847,0.084836
CV21 9,0.051157,0.071452
CV22 5,0.057189,0.130704
CV22 6,0.027782,0.058909
CV22 7,0.022283,0.053223
CV23 0,0.034030,0.076279
CV23 1,0.030681,0.037582
CV23 8,0.181500,0.227994
CV23 9,0.083747,0.124770
CV3 1,0.051356,0.095668
CV3 2,0.026389,0.072037
CV3 3,0.053021,0.107092
CV3 4,0.044236,0.101068
CV3 5,0.070996,0.131150
CV3 6,0.045331,0.095989
CV3 9,0.047980,0.099088
CV31 1,0.065744,0.154386
CV31 2,0.061346,0.188975
CV31 3,0.053870,0.116662
CV31 9,0.030479,0.078015
CV32 4,0.152688,0.223322
CV32 5,0.062208,0.137121
CV32 6,0.033213,0.067256
CV32 7,0.070898,0.105822
CV33 8,0.013352,0.022475
CV33 9,0.038509,0.063864
CV34 0,0.031260,0.084225
CV34 4,0.064598,0.156471
CV34 5,0.079048,0.182786
CV34 6,0.026155,0.127230
CV34 7,0.052673,0.099687
CV34 8,0.015005,0.040428
CV34 9,0.056268,0.151604
CV35 0,0.062035,0.150807
CV35 7,0.018108,0.030731
CV35 8,0.027161,0.049277
CV35 9,0.119154,0.188901
CV36 4,0.129124,0.208277
CV36 5,0.075960,0.106841
CV37 0,0.125187,0.184809
CV37 1,0.039431,0.677636
CV37 5,0.122219,0.208767
CV37 6,0.127863,0.239366
CV37 7,0.054081,0.121834
CV37 8,0.145303,0.241738
CV37 9,0.072394,0.135078
CV4 7,0.076813,0.093205
CV4 8,0.022121,0.039089
CV4 9,0.035849,0.069994
CV47 0,0.028276,0.039578
CV47 1,0.105725,0.173062
CV47 2,0.135084,0.183448
CV47 4,0.098582,0.153400
CV47 7,0.064257,0.122070
CV47 8,0.065451,0.149666
CV47 9,0.155282,0.226690
CV5 6,0.030654,0.071570
CV5 7,0.046829,0.110512
CV5 8,0.040180,0.074036
CV5 9,0.037112,0.075479
CV6 1,0.057895,0.102607
CV6 2,0.036003,0.067907
CV6 3,0.065485,0.101389
CV6 4,0.040642,0.125977
CV6 5,0.076394,0.143970
CV6 6,0.004963,0.062376
CV6 7,0.060575,0.085841
CV6 9,0.049189,0.099075
CV7 7,0.028199,0.073530
CV7 8,0.019944,0.056110
CV7 9,0.022741,0.061823
CV8 1,0.059804,0.112962
CV8 2,0.040412,0.083398
CV8 3,0.007037,0.031580
CV8 9,0.040704,0.083750
CV9 1,0.073523,0.096555
CV9 2,0.056460,0.122661
CV9 3,0.058370,0.121042
CV9 9,0.034511,0.063328
CW1 2,0.118349,0.145131
CW1 3,0.063031,0.142897
CW1 4,0.104794,0.243955
CW1 5,0.073363,0.147785
CW1 6,0.039037,0.073058
CW1 9,0.033278,0.071759
CW10 0,0.052171,0.085401
CW10 9,0.045801,0.098495
CW11 1,0.064457,0.117674
CW11 2,0.035092,0.052477
CW11 3,0.011020,0.068969
CW11 4,0.025779,0.043342
CW11 5,0.033151,0.075562
CW12 1,0.060345,0.134309
CW12 2,0.046239,0.077127
CW12 3,0.061759,0.094484
CW12 4,0.053967,0.111127
CW12 9,0.055894,0.103976
CW2 5,0.011710,0.057102
CW2 6,0.033920,0.095487
CW2 7,0.059449,0.148783
CW2 8,0.032633,0.081312
CW3 0,0.034878,0.047726
CW3 9,0.001225,0.027226
CW4 7,0.016032,0.068131
CW4 8,0.068240,0.110173
CW5 5,0.068087,0.160685
CW5 6,0.023361,0.078836
CW5 7,0.077799,0.147528
CW5 8,0.053106,0.062115
CW5 9,0.057315,0.121883
CW6 0,0.029080,0.057142
CW6 6,0.035612,0.057124
CW6 9,0.042526,0.053266
CW7 1,0.066261,0.180930
CW7 2,0.080749,0.127579
CW7 3,0.040932,0.090010
CW7 4,0.014117,0.029839
CW7 9,0.058771,0.122773
CW8 1,0.068965,0.134229
CW8 2,0.037622,0.069349
CW8 3,0.024016,0.064527
CW8 4,0.013976,0.068238
CW9 5,0.071347,0.174999
CW9 6,0.029521,0.083627
CW9 7,0.085794,0.181039
CW9 8,0.037825,0.085772
CW9 9,0.055977,0.126757
DA1 1,0.040637,0.134524
DA1 2,0.074903,0.134539
DA1 3,0.039091,0.066940
DA1 4,0.046909,0.082679
DA1 5,0.038091,0.089827
DA1 9,0.025102,0.053338
DA10 0,0.048693,0.074019
DA10 1,0.004507,0.045975
DA11 0,0.099824,0.160206
DA11 7,0.089232,0.116578
DA11 8,0.100892,0.155192
DA11 9,0.066578,0.098550
DA12 1,0.019739,0.117643
DA12 2,0.074944,0.157370
DA12 3,0.027673,0.046426
DA12 4,0.034342,0.062657
DA12 5,0.044451,0.096046
DA12 9,0.022851,0.052772
DA13 0,0.031449,0.045895
DA13 9,0.050836,0.082966
DA14 4,0.046267,0.102432
DA14 5,0.074886,0.163284
DA14 6,0.033163,0.094634
DA15 0,0.077059,0.147080
DA15 7,0.102564,0.192312
DA15 8,0.059838,0.133584
DA15 9,0.091326,0.141982
DA16 1,0.105660,0.217197
DA16 2,0.108671,0.168261
DA16 3,0.083892,0.107597
DA17 5,0.098332,0.220263
DA17 6,0.053994,0.244598
DA18 4,0.003376,0.119494
DA2 6,0.029753,0.056701
DA2 7,0.016804,0.074084
DA2 8,0.007931,0.030069
DA3 7,0.001308,0.057574
DA3 8,0.008662,0.065059
DA3 9,0.007719,0.064428
DA4 0,0.161549,0.194150
DA4 9,0.035257,0.104365
DA5 1,0.060581,0.126180
DA5 2,0.027099,0.061022
DA5 3,0.049638,0.117203
DA6 7,0.033167,0.148246
DA6 8,0.078734,0.108101
DA7 4,0.039826,0.135230
DA7 5,0.068844,0.133992
DA7 6,0.053295,0.128492
DA7 9,0.026167,0.064514
DA8 1,0.100528,0.176818
DA8 2,0.108390,0.246253
DA8 3,0.056497,0.109313
DA8 9,0.088635,0.176154
DA9 9,0.034012,0.095258
DD1 1,0.202823,0.344126
DD1 2,0.190187,0.301910
DD1 3,0.148499,0.323640
DD1 4,0.181323,0.223577
DD1 5,0.131115,0.155239
DD1 9,0.065471,0.098776
DD10 0,0.097876,0.121515
DD10 1,0.057494,0.150926
DD10 8,0.033932,0.170218
DD10 9,0.051319,0.155553
DD11 1,0.088328,0.164179
DD11 2,0.031910,0.100829
DD11 3,0.018332,0.084624
DD11 4,0.049934,0.080170
DD11 5,0.086720,0.129950
DD11 9,0.057962,0.112899
DD2 1,0.046576,0.095855
DD2 2,0.107680,0.157354
DD2 3,0.048613,0.084653
DD2 4,0.060531,0.121296
DD2 5,0.020450,0.076344
DD2 9,0.058595,0.109671
DD3 0,0.038740,0.121093
DD3 6,0.033647,0.094641
DD3 7,0.109277,0.196671
DD3 8,0.045559,0.102275
DD3 9,0.011199,0.056029
DD4 0,0.070717,0.090774
DD4 6,0.131878,0.224174
DD4 7,0.086248,0.179368
DD4 8,0.058384,0.114183
DD4 9,0.018888,0.068195
DD5 1,0.033823,0.112186
DD5 2,0.035264,0.126850
DD5 3,0.035178,0.054455
DD5 4,0.014561,0.090323
DD6 8,0.049674,0.098237
DD6 9,0.024960,0.071730
DD7 6,0.006926,0.046778
DD7 7,0.047827,0.130869
DD8 0,0.022650,0.042270
DD8 1,0.057612,0.094861
DD8 2,0.056318,0.102893
DD8 3,0.036328,0.064880
DD8 4,0.107265,0.195883
DD8 5,0.035130,0.104908
DD8 9,0.057757,0.107789
DD9 6,0.076518,0.142405
DD9 7,0.054887,0.106400
DD9 9,0.065331,0.124100
DE1 0,0.093211,0.222970
DE1 1,0.100157,0.250626
DE1 2,0.067775,0.116596
DE1 3,0.101304,0.251984
DE1 9,0.522742,0.591037
DE11 0,0.051536,0.099401
DE11 1,0.026612,0.510095
DE11 7,0.021270,0.047304
DE11 8,0.064586,0.108934
DE11 9,0.058816,0.110976
DE12 6,0.018408,0.025838
DE12 7,0.007470,0.031298
DE12 8,0.030245,0.043604
DE13 0,0.152454,0.229156
DE13 7,0.058602,0.153232
DE13 8,0.069846,0.127549
DE13 9,0.036413,0.064267
DE14 1,0.061864,0.233230
DE14 2,0.113111,0.359237
DE14 3,0.051461,0.139227
DE14 9,0.019200,0.059183
DE15 0,0.018140,0.073177
DE15 9,0.047614,0.097617
DE21 2,0.007959,0.064844
DE21 4,0.070751,0.104377
DE21 5,0.048282,0.118128
DE21 6,0.102347,0.184262
DE21 7,0.025566,0.080342
DE22 1,0.048938,0.081590
DE22 2,0.016680,0.058150
DE22 3,0.033750,0.107559
DE22 4,0.027721,0.079616
DE22 5,0.023131,0.052386
DE23 1,0.044442,0.127917
DE23 2,0.011920,0.035431
DE23 3,0.028186,0.136033
DE23 4,0.023882,0.061811
DE23 6,0.014002,0.109617
DE23 8,0.098265,0.213699
DE24 0,0.085215,0.320619
DE24 1,0.045824,0.153616
DE24 3,0.051726,0.101438
DE24 5,0.098423,0.458647
DE24 8,0.118068,0.338935
DE24 9,0.050580,0.117206
DE3 0,0.052867,0.086148
DE3 9,0.026289,0.044433
DE4 2,0.023524,0.074206
DE4 3,0.025752,0.076580
DE4 4,0.037970,0.075548
DE4 5,0.014216,0.040854
DE4 9,0.010732,0.029004
DE45 1,0.045308,0.094658
DE5 3,0.039599,0.104189
DE5 4,0.016859,0.055129
DE5 8,0.041886,0.137716
DE5 9,0.014579,0.113261
DE55 1,0.087913,0.139382
DE55 2,0.017770,0.042542
DE55 3,0.024404,0.075728
DE55 4,0.023378,0.092537
DE55 5,0.007670,0.017682
DE55 6,0.028471,0.064512
DE55 7,0.018396,0.065603
DE55 9,0.029466,0.070684
DE56 0,0.017543,0.063645
DE56 1,0.002521,0.036343
DE56 2,0.029116,0.041652
DE56 4,0.116798,0.171476
DE56 9,0.028907,0.065384
DE6 1,0.026867,0.083489
DE6 2,0.009976,0.022180
DE6 3,0.007541,0.027829
DE6 4,0.099787,0.110669
DE6 5,0.018036,0.048726
DE6 9,0.023544,0.059997
DE65 5,0.032807,0.088833
DE65 6,0.019369,0.069180
DE65 9,0.026818,0.080299
DE7 0,0.026085,0.047006
DE7 4,0.062806,0.124944
DE7 5,0.053915,0.098567
DE7 6,0.070534,0.092905
DE7 8,0.050828,0.109962
DE7 9,0.074184,0.115606
DE72 2,0.051684,0.103119
DE72 3,0.036071,0.138518
DE73 5,0.075409,0.286985
DE73 6,0.021799,0.110884
DE73 7,0.012292,0.071035
DE73 8,0.025196,0.084133
DE74 0,0.017622,0.049290
DE74 2,0.024297,0.068872
DE75 7,0.045090,0.107478
DG1 1,0.088072,0.167811
DG1 2,0.155550,0.223083
DG1 3,0.089460,0.164112
DG1 4,0.088551,0.187608
DG1 9,0.025174,0.046558
DG10 9,0.096944,0.176965
DG11 1,0.048417,0.090342
DG11 2,0.044872,0.132787
DG11 3,0.147029,0.242234
DG11 9,0.072335,0.146314
DG12 5,0.042375,0.134896
DG12 6,0.067847,0.186683
DG13 0,0.171019,0.247753
DG14 0,0.178795,0.256136
DG16 5,0.060805,0.093028
DG2 0,0.057092,0.125806
DG2 7,0.146456,0.170558
DG2 8,0.105052,0.143028
DG2 9,0.034616,0.078026
DG3 4,0.164634,0.246942
DG3 5,0.066576,0.144169
DG3 9,0.109157,0.188114
DG4 6,0.119102,0.149096
DG5 4,0.153483,0.198761
DG6 4,0.246002,0.319033
DG7 1,0.152550,0.188342
DG7 2,0.163387,0.175871
DG7 3,0.152628,0.195368
DG7 9,0.153549,0.187856
DG8 0,0.075196,0.158754
DG8 6,0.134924,0.209171
DG8 7,0.176360,0.274581
DG8 8,0.135075,0.192213
DG8 9,0.069821,0.126021
DG9 0,0.140972,0.207178
DG9 7,0.160658,0.259490
DG9 8,0.099862,0.156457
DG9 9,0.138589,0.245547
DH1 1,0.033573,0.098992
DH1 2,0.049953,0.110357
DH1 3,0.056419,0.149717
DH1 4,0.098808,0.147480
DH1 5,0.030822,0.082392
DH1 9,0.048051,0.107952
DH2 1,0.050115,0.132111
DH2 2,0.029211,0.107138
DH2 3,0.030162,0.063505
DH3 1,0.013579,0.093675
DH3 2,0.056505,0.183922
DH3 3,0.072159,0.126126
DH3 4,0.061831,0.139223
DH3 9,0.048920,0.132137
DH4 4,0.036682,0.083635
DH4 5,0.118594,0.185345
DH4 6,0.061280,0.109897
DH4 7,0.025581,0.080995
DH4 9,0.058029,0.111865
DH5 0,0.139850,0.200935
DH5 8,0.041660,0.106968
DH5 9,0.039507,0.116738
DH6 1,0.028418,0.050701
DH6 2,0.067725,0.141064
DH6 3,0.059927,0.084959
DH6 4,0.025980,0.045350
DH6 5,0.077192,0.118670
DH7 0,0.032203,0.067773
DH7 6,0.041743,0.091473
DH7 7,0.007889,0.048684
DH7 8,0.029770,0.102398
DH7 9,0.066112,0.096597
DH8 0,0.021331,0.089026
DH8 1,0.039391,0.084994
DH8 5,0.044036,0.070968
DH8 6,0.033508,0.062031
DH8 7,0.038242,0.083241
DH8 8,0.060372,0.132198
DH8 9,0.034747,0.051292
DH9 0,0.050180,0.125173
DH9 6,0.037616,0.086002
DH9 7,0.070694,0.114511
DH9 8,0.065069,0.094326
DH9 9,0.025282,0.066560
DL1 1,0.092655,0.188962
DL1 2,0.085814,0.154924
DL1 3,0.083755,0.136813
DL1 4,0.111397,0.228188
DL1 5,0.099768,0.167951
DL1 9,0.059338,0.486199
DL10 4,0.058998,0.110519
DL10 5,0.028424,0.072193
DL10 6,0.034907,0.071332
DL10 7,0.029403,0.131112
DL10 9,0.085450,0.146928
DL11 6,0.064846,0.117907
DL11 7,0.063712,0.129954
DL12 0,0.006176,0.055789
DL12 8,0.007424,0.019763
DL12 9,0.002675,0.028845
DL13 1,0.023891,0.071132
DL13 2,0.082997,0.118284
DL13 3,0.034417,0.051569
DL13 4,0.037330,0.047220
DL13 5,0.060701,0.096747
DL14 0,0.007622,0.038278
DL14 4,0.034443,0.090688
DL14 6,0.033747,0.087859
DL14 7,0.024680,0.104072
DL14 8,0.036454,0.070029
DL14 9,0.058600,0.142051
DL15 0,0.084305,0.138602
DL15 8,0.104649,0.155588
DL15 9,0.064157,0.101892
DL16 6,0.085913,0.147372
DL16 7,0.050814,0.111351
DL16 9,0.066144,0.124180
DL17 0,0.082426,0.146107
DL17 8,0.036247,0.078463
DL17 9,0.016283,0.029701
DL2 1,0.032653,0.096031
DL2 2,0.052968,0.114246
DL2 3,0.021120,0.051118
DL2 4,0.038512,0.093055
DL3 0,0.037699,0.091464
DL3 6,0.094258,0.132046
DL3 7,0.050841,0.106307
DL3 8,0.046102,0.086318
DL3 9,0.078157,0.118428
DL4 1,0.079878,0.142188
DL4 2,0.079197,0.094730
DL5 4,0.061950,0.142194
DL5 5,0.073293,0.117095
DL5 6,0.009800,0.027810
DL5 7,0.066164,0.141679
DL5 9,0.058591,0.120456
DL6 1,0.089703,0.133853
DL6 2,0.097246,0.148760
DL6 3,0.059509,0.090874
DL7 0,0.028648,0.086873
DL7 7,0.021214,0.058131
DL7 8,0.054154,0.158430
DL7 9,0.067489,0.162882
DL8 1,0.100570,0.131923
DL8 2,0.080158,0.195005
DL8 3,0.039889,0.082211
DL8 4,0.034619,0.062352
DL8 5,0.053930,0.132670
DL8 9,0.065741,0.127839
DL9 3,0.073495,0.181670
DL9 4,0.036898,0.123467
DN1 1,0.208128,0.424745
DN1 2,0.134639,0.207728
DN1 3,0.072737,0.144548
DN1 9,0.052739,0.632684
DN10 4,0.102942,0.139216
DN10 5,0.042978,0.062254
DN10 6,0.075893,0.151462
DN11 0,0.043894,0.113688
DN11 8,0.011106,0.051065
DN11 9,0.015203,0.088989
DN12 1,0.010751,0.055110
DN12 2,0.045586,0.099012
DN12 3,0.018090,0.079897
DN12 4,0.017203,0.046870
DN14 0,0.015445,0.112868
DN14 4,0.028919,0.153438
DN14 5,0.047402,0.219152
DN14 6,0.043109,0.213379
DN14 7,0.020265,0.083623
DN14 8,0.014421,0.099905
DN14 9,0.008991,0.116353
DN15 0,0.015583,0.040567
DN15 5,0.025015,0.065121
DN15 6,0.104846,0.155544
DN15 7,0.027666,0.119243
DN15 8,0.058085,0.147473
DN15 9,0.023671,0.091507
DN16 1,0.075993,0.124565
DN16 2,0.093170,0.158833
DN16 3,0.040309,0.086022
DN17 1,0.085628,0.149981
DN17 2,0.007416,0.039114
DN17 3,0.076714,0.152111
DN17 4,0.026696,0.057487
DN18 5,0.041340,0.095268
DN18 6,0.005316,0.019121
DN18 9,0.034291,0.080554
DN19 7,0.009073,0.032003
DN2 4,0.034934,0.183182
DN2 5,0.041725,0.108352
DN2 6,0.038958,0.208118
DN20 0,0.024585,0.033699
DN20 8,0.075846,0.121121
DN20 9,0.036390,0.061057
DN21 1,0.152510,0.222461
DN21 2,0.109053,0.233511
DN21 3,0.026060,0.043137
DN21 4,0.068486,0.092024
DN21 5,0.034417,0.057277
DN21 9,0.091315,0.149310
DN22 0,0.084821,0.133994
DN22 1,0.056632,0.126154
DN22 4,0.053935,0.120146
DN22 5,0.153060,0.204558
DN22 6,0.064946,0.106103
DN22 7,0.035446,0.133466
DN22 8,0.027501,0.066011
DN22 9,0.152289,0.211458
DN3 1,0.003033,0.065766
DN3 2,0.031066,0.123323
DN3 3,0.063132,0.167276
DN31 1,0.194271,0.322392
DN31 2,0.207139,0.341434
DN31 3,0.419263,0.450682
DN31 9,0.114405,0.629543
DN32 0,0.131968,0.247043
DN32 7,0.182060,0.318257
DN32 8,0.100272,0.321182
DN32 9,0.125295,0.292920
DN33 1,0.061463,0.098952
DN33 2,0.039059,0.124818
DN33 3,0.073534,0.193245
DN34 4,0.139782,0.232408
DN34 5,0.104431,0.238689
DN35 0,0.127070,0.229495
DN35 7,0.159224,0.279710
DN35 8,0.097676,0.164436
DN35 9,0.119476,0.179189
DN36 4,0.104833,0.199536
DN36 5,0.092796,0.160177
DN37 0,0.060053,0.146424
DN37 7,0.050388,0.122907
DN37 8,0.066779,0.123294
DN37 9,0.084875,0.180278
DN38 6,0.033087,0.045741
DN39 6,0.020265,0.030762
DN4 0,0.050881,0.109766
DN4 5,0.068617,0.158915
DN4 6,0.034294,0.064980
DN4 7,0.063662,0.192975
DN4 8,0.061257,0.138022
DN4 9,0.073229,0.180123
DN40 1,0.053687,0.114102
DN40 2,0.073558,0.173417
DN40 3,0.075314,0.163532
DN40 9,0.065583,0.146412
DN41 7,0.048274,0.098701
DN41 8,0.055700,0.068454
DN5 0,0.123713,0.264684
DN5 7,0.008620,0.076805
DN5 8,0.017795,0.129677
DN5 9,0.074021,0.173556
DN6 0,0.038236,0.144835
DN6 7,0.031060,0.069742
DN6 8,0.068217,0.150566
DN6 9,0.030819,0.067369
DN7 4,0.031483,0.175309
DN7 5,0.031786,0.121584
DN7 6,0.056205,0.113532
DN8 4,0.096868,0.235704
DN8 5,0.100237,0.245406
DN9 1,0.043702,0.083582
DN9 2,0.017934,0.067440
DN9 3,0.033058,0.164264
DT1 1,0.046914,0.105654
DT1 2,0.060056,0.114572
DT1 3,0.021264,0.049791
DT1 9,0.045634,0.093748
DT10 1,0.023149,0.074763
DT10 2,0.019027,0.033325
DT10 9,0.022043,0.056027
DT11 0,0.032812,0.053455
DT11 1,0.021771,0.055797
DT11 7,0.024019,0.075103
DT11 8,0.003189,0.034524
DT11 9,0.022654,0.039846
DT2 0,0.019954,0.057783
DT2 7,0.041074,0.063061
DT2 8,0.034228,0.069989
DT2 9,0.006254,0.045606
DT3 4,0.087973,0.126294
DT3 5,0.044873,0.096693
DT3 6,0.051909,0.093066
DT4 0,0.054277,0.082229
DT4 4,0.086570,0.134594
DT4 7,0.172170,0.273160
DT4 8,0.098954,0.155599
DT4 9,0.052658,0.078255
DT5 1,0.054869,0.086850
DT5 2,0.019211,0.028893
DT5 9,0.037238,0.058964
DT6 3,0.046734,0.079509
DT6 4,0.025628,0.042569
DT6 5,0.027124,0.077229
DT6 6,0.037634,0.090854
DT6 9,0.034340,0.071012
DT7 3,0.016092,0.060554
DT8 3,0.057207,0.088539
DT9 3,0.081306,0.143337
DT9 4,0.019091,0.061426
DT9 5,0.006389,0.025352
DT9 6,0.015504,0.036363
DT9 9,0.026421,0.060244
DY1 1,0.046468,0.167192
DY1 2,0.103821,0.198473
DY1 3,0.062637,0.107891
DY1 4,0.075404,0.215634
DY1 9,0.037066,0.077651
DY10 1,0.058091,0.106409
DY10 2,0.044569,0.070475
DY10 3,0.046154,0.080248
DY10 4,0.012036,0.042834
DY11 5,0.018031,0.052254
DY11 6,0.043757,0.121731
DY11 7,0.028386,0.073872
DY11 9,0.031892,0.087403
DY12 1,0.020995,0.037349
DY12 2,0.029542,0.103953
DY12 3,0.005339,0.016852
DY13 0,0.107581,0.139838
DY13 3,0.086075,0.133285
DY13 8,0.056090,0.114988
DY13 9,0.105922,0.152178
DY14 0,0.016607,0.078846
DY14 8,0.002139,0.031536
DY14 9,0.000457,0.019879
DY2 0,0.036701,0.132111
DY2 7,0.061418,0.112910
DY2 8,0.105216,0.211986
DY2 9,0.090789,0.186493
DY3 1,0.044447,0.085079
DY3 2,0.051152,0.123846
DY3 3,0.050892,0.079433
DY3 4,0.070529,0.109880
DY4 0,0.078076,0.136344
DY4 4,0.079424,0.158085
DY4 7,0.070592,0.177317
DY4 8,0.081326,0.164151
DY4 9,0.092079,0.164850
DY5 1,0.016760,0.073902
DY5 2,0.041405,0.146104
DY5 3,0.029079,0.074786
DY5 4,0.036247,0.107642
DY5 9,0.032899,0.104684
DY6 0,0.015226,0.102023
DY6 6,0.043162,0.102650
DY6 7,0.088257,0.159416
DY6 8,0.024492,0.096333
DY6 9,0.054411,0.076197
DY7 5,0.001984,0.031197
DY7 6,0.019379,0.061006
DY8 1,0.106261,0.220753
DY8 2,0.054457,0.095269
DY8 3,0.035140,0.076643
DY8 4,0.015750,0.068311
DY8 5,0.022866,0.074096
DY8 9,0.038457,0.094925
DY9 0,0.030316,0.073758
DY9 7,0.036284,0.129877
DY9 8,0.048473,0.095594
DY9 9,0.027275,0.066794
E1 0,0.142307,0.242876
E1 1,0.168752,0.340833
E1 2,0.122671,0.293124
E1 3,0.104460,0.344367
E1 4,0.135042,0.273948
E1 5,0.128153,0.259686
E1 6,0.081477,0.160391
E1 7,0.121427,0.284955
E1 8,0.099830,0.240004
E10 5,0.118578,0.274038
E10 6,0.080912,0.218532
E10 7,0.044577,0.226951
E10 9,0.084810,0.241115
E11 1,0.128919,0.215372
E11 2,0.061147,0.179963
E11 3,0.079833,0.194382
E11 4,0.059034,0.174686
E11 9,0.081806,0.192154
E12 5,0.001426,0.110644
E12 6,0.009792,0.146555
E12 9,0.010902,0.136812
E13 0,0.132773,0.296932
E13 3,0.098700,0.273571
E13 8,0.113250,0.340605
E13 9,0.045801,0.185466
E14 0,0.056314,0.228170
E14 1,0.059915,0.175203
E14 2,0.023966,0.076435
E14 3,0.089658,0.198730
E14 4,0.319669,0.355142
E14 5,0.015168,0.044355
E14 6,0.036775,0.126717
E14 7,0.053264,0.121190
E14 8,0.070389,0.220797
E14 9,0.047104,0.170442
E15 1,0.055374,0.191817
E15 2,0.068057,0.238199
E15 3,0.110039,0.352441
E15 4,0.080710,0.263727
E15 9,0.077917,0.257606
E16 1,0.054222,0.191303
E16 2,0.065696,0.183894
E16 3,0.071264,0.284187
E16 4,0.076551,0.379207
E16 9,0.065887,0.237917
E17 0,0.104884,0.220554
E17 3,0.109196,0.195937
E17 4,0.163953,0.302582
E17 5,0.181452,0.333729
E17 6,0.076822,0.132596
E17 7,0.054129,0.210383
E17 8,0.052354,0.184769
E17 9,0.076676,0.170885
E18 1,0.187577,0.290714
E18 2,0.061489,0.195505
E18 9,0.112226,0.235320
E1W 1,0.199127,0.442416
E1W 2,0.046314,0.236652
E1W 3,0.145848,0.234306
E2 0,0.132844,0.240976
E2 2,0.165679,0.321585
E2 6,0.170446,0.277828
E2 7,0.179440,0.372118
E2 8,0.203302,0.436131
E2 9,0.156746,0.300573
E20 1,0.046055,0.112487
E3 2,0.094528,0.288279
E3 3,0.111424,0.238780
E3 4,0.059368,0.235559
E3 5,0.034491,0.150537
E3 9,0.077046,0.232521
E4 0,0.121796,0.230612
E4 6,0.118947,0.200595
E4 7,0.109399,0.195835
E4 8,0.145932,0.291170
E4 9,0.114884,0.233081
E5 0,0.311429,0.532866
E5 5,0.232643,0.444911
E5 8,0.213741,0.395045
E5 9,0.182952,0.423722
E6 1,0.043648,0.270703
E6 2,0.048049,0.163456
E6 3,0.029160,0.156386
E6 5,0.051232,0.200559
E6 6,0.067463,0.191040
E6 7,0.036303,0.383122
E6 9,0.023597,0.099029
E7 0,0.080097,0.178803
E7 7,0.068948,0.210400
E7 8,0.067027,0.260474
E7 9,0.057553,0.177019
E8 1,0.269402,0.563969
E8 2,0.382483,0.602436
E8 3,0.249281,0.525781
E8 4,0.375570,0.670372
E9 5,0.281397,0.540408
E9 6,0.230543,0.459593
E9 7,0.295965,0.515250
EC1A 1,0.015086,0.048220
EC1A 2,0.009733,0.031110
EC1A 4,0.007359,0.061817
EC1A 7,0.005486,0.017534
EC1A 9,0.005293,0.016919
EC1M 3,0.131449,0.217675
EC1M 4,0.216940,0.340425
EC1M 5,0.059254,0.123326
EC1M 6,0.124755,0.497321
EC1M 7,0.076625,0.176116
EC1N 2,0.041976,0.089675
EC1N 6,0.313673,0.375505
EC1N 7,0.083681,0.164986
EC1N 8,0.033614,0.105634
EC1R 0,0.087967,0.167665
EC1R 1,0.120197,0.168711
EC1R 3,0.089271,0.136065
EC1R 4,0.063507,0.193820
EC1R 5,0.071521,0.205845
EC1V 0,0.190178,0.480134
EC1V 1,0.050591,0.236275
EC1V 2,0.050722,0.561885
EC1V 3,0.116954,0.284514
EC1V 4,0.128773,0.357593
EC1V 7,0.084476,0.352110
EC1V 8,0.133245,0.261484
EC1V 9,0.085273,0.400901
EC1Y 0,0.026270,0.073799
EC1Y 1,0.035129,0.070372
EC1Y 2,0.035129,0.070372
EC1Y 4,0.069612,0.173820
EC1Y 8,0.067269,0.111697
EC2A 1,0.128901,0.243934
EC2A 2,0.111470,0.219379
EC2A 3,0.368681,0.701017
EC2A 4,0.189191,0.339927
EC2M 1,0.008411,0.048087
EC2M 2,0.056729,0.188470
EC2M 3,0.008683,0.049639
EC2M 4,0.005278,0.068971
EC2M 5,0.006902,0.372790
EC2M 6,0.009969,0.056992
EC2M 7,0.006902,0.039456
EC2N 1,0.023095,0.090664
EC2N 2,0.019796,0.049141
EC2N 3,0.030124,0.074779
EC2N 4,0.026648,0.066151
EC2R 5,0.017918,0.445502
EC2R 6,0.016762,0.384502
EC2R 7,0.013324,0.604775
EC2R 8,0.015746,0.330896
EC2V 5,0.011344,0.028161
EC2V 6,0.009184,0.022797
EC2V 7,0.007872,0.019540
EC2V 8,0.012053,0.029921
EC2Y 5,0.012191,0.030263
EC2Y 8,0.006095,0.015131
EC2Y 9,0.011832,0.029372
EC3A 1,0.025093,0.062291
EC3A 2,0.022911,0.056874
EC3A 3,0.022911,0.056874
EC3A 4,0.023952,0.059459
EC3A 5,0.015968,0.039640
EC3A 6,0.021078,0.052324
EC3A 7,0.015499,0.038474
EC3A 8,0.017565,0.043604
EC3M 1,0.012648,0.031398
EC3M 2,0.020478,0.050835
EC3M 3,0.017202,0.042701
EC3M 4,0.015927,0.039538
EC3M 5,0.012287,0.030501
EC3M 6,0.017202,0.042701
EC3M 7,0.012648,0.031398
EC3M 8,0.016540,0.041059
EC3N 1,0.009046,0.022455
EC3N 2,0.008123,0.020164
EC3N 3,0.014215,0.035287
EC3N 4,0.012061,0.029941
EC3R 5,0.013705,0.238668
EC3R 6,0.011421,0.631323
EC3R 7,0.010028,0.174635
EC3R 8,0.009344,0.162728
EC3V 0,0.011063,0.027462
EC3V 1,0.015014,0.037270
EC3V 3,0.010509,0.026089
EC3V 4,0.019108,0.047434
EC3V 9,0.010253,0.025452
EC4A 1,0.006550,0.016260
EC4A 2,0.008565,0.021263
EC4A 3,0.007107,0.017644
EC4A 4,0.009544,0.023693
EC4M 5,0.017006,0.042216
EC4M 6,0.017006,0.042216
EC4M 7,0.005669,0.014072
EC4M 8,0.013857,0.034398
EC4M 9,0.008701,0.021599
EC4N 1,0.019446,0.048272
EC4N 4,0.018057,0.044824
EC4N 5,0.017434,0.043278
EC4N 6,0.016309,0.040486
EC4N 7,0.015800,0.039221
EC4N 8,0.018057,0.044824
EC4R 0,0.018858,0.046812
EC4R 1,0.021552,0.053500
EC4R 2,0.022350,0.055481
EC4R 3,0.128694,0.303500
EC4R 9,0.022350,0.055481
EC4V 2,0.406211,0.437098
EC4V 3,0.778818,0.800993
EC4V 4,0.324969,0.349678
EC4V 5,0.214602,0.230920
EC4V 6,0.293582,0.473593
EC4Y 0,0.093136,0.694252
EC4Y 1,0.073367,0.337401
EC4Y 7,0.195939,0.439707
EC4Y 8,0.065435,0.322643
EC4Y 9,0.271054,0.527204
EH1 1,0.080141,0.167846
EH1 2,0.172293,0.193903
EH1 3,0.034539,0.086303
EH10 4,0.100497,0.134377
EH10 5,0.070514,0.116356
EH10 6,0.047250,0.129603
EH10 7,0.024285,0.079148
EH10 9,0.068260,0.120341
EH11 1,0.059867,0.114909
EH11 2,0.101422,0.170414
EH11 3,0.078187,0.146767
EH11 4,0.115908,0.199134
EH12 0,0.019195,0.034009
EH12 1,0.082538,0.146237
EH12 5,0.081789,0.160045
EH12 6,0.062039,0.138742
EH12 7,0.075528,0.133489
EH12 8,0.091492,0.155622
EH12 9,0.098881,0.137458
EH13 0,0.092496,0.145613
EH13 9,0.109775,0.250067
EH14 1,0.083909,0.137631
EH14 2,0.067403,0.112608
EH14 3,0.051264,0.118964
EH14 4,0.148093,0.178092
EH14 5,0.049745,0.119312
EH14 6,0.036529,0.068194
EH14 7,0.065642,0.123175
EH14 9,0.065752,0.122750
EH15 1,0.087126,0.148548
EH15 2,0.055821,0.094973
EH15 3,0.101202,0.150655
EH15 9,0.082949,0.133586
EH16 4,0.078324,0.175708
EH16 5,0.072481,0.143089
EH16 6,0.056539,0.113070
EH16 9,0.069022,0.143613
EH17 7,0.099718,0.209193
EH17 8,0.081659,0.148370
EH18 1,0.016300,0.046410
EH19 2,0.079003,0.123270
EH19 3,0.083436,0.127045
EH2 1,0.040311,0.074763
EH2 2,0.042142,0.068737
EH2 3,0.012442,0.184648
EH2 4,0.020450,0.069891
EH20 9,0.039953,0.083791
EH21 6,0.055680,0.140288
EH21 7,0.048635,0.114699
EH21 8,0.050338,0.092373
EH22 1,0.051287,0.095038
EH22 2,0.112889,0.177357
EH22 3,0.084092,0.152334
EH22 4,0.139717,0.204999
EH22 5,0.120363,0.180414
EH22 9,0.079397,0.125371
EH23 4,0.050163,0.127346
EH24 9,0.016224,0.035664
EH25 9,0.044877,0.080170
EH26 0,0.067364,0.097891
EH26 6,0.077064,0.114795
EH26 8,0.117435,0.148843
EH26 9,0.031596,0.088664
EH27 8,0.030791,0.048465
EH28 8,0.025399,0.056679
EH29 9,0.057684,0.077506
EH3 5,0.052933,0.113606
EH3 6,0.064493,0.108673
EH3 7,0.017402,0.087214
EH3 8,0.021830,0.074256
EH3 9,0.121074,0.194367
EH30 9,0.075632,0.115378
EH31 2,0.028327,0.090386
EH32 0,0.055549,0.088160
EH32 9,0.079397,0.170900
EH33 1,0.095537,0.208813
EH33 2,0.120559,0.186031
EH34 5,0.121241,0.162756
EH35 5,0.076174,0.163147
EH36 5,0.032301,0.056429
EH37 5,0.009185,0.021844
EH38 5,0.167016,0.191144
EH39 4,0.117068,0.212879
EH39 5,0.049784,0.114613
EH39 9,0.088041,0.169650
EH4 1,0.072294,0.126062
EH4 2,0.069911,0.134847
EH4 3,0.090915,0.139866
EH4 4,0.069649,0.155765
EH4 5,0.059112,0.144518
EH4 6,0.057925,0.128247
EH4 7,0.088538,0.140643
EH4 8,0.101841,0.192342
EH4 9,0.074508,0.141801
EH40 3,0.113895,0.141821
EH41 3,0.115356,0.165320
EH41 4,0.102049,0.183073
EH41 9,0.058149,0.552729
EH42 1,0.045850,0.096190
EH43 6,0.095565,0.142079
EH44 6,0.121510,0.182756
EH45 8,0.061157,0.117027
EH45 9,0.096985,0.126269
EH46 7,0.067582,0.096241
EH47 0,0.051770,0.109252
EH47 7,0.040510,0.066742
EH47 8,0.107749,0.123301
EH47 9,0.062470,0.134990
EH48 1,0.084275,0.157768
EH48 2,0.063521,0.106972
EH48 3,0.072617,0.103065
EH48 4,0.046577,0.097776
EH48 9,0.067256,0.114521
EH49 6,0.094328,0.139215
EH49 7,0.028098,0.074025
EH49 9,0.061755,0.107690
EH5 1,0.071587,0.108811
EH5 2,0.041275,0.073968
EH5 3,0.037409,0.075087
EH51 0,0.084210,0.133201
EH51 1,0.112646,0.176069
EH51 9,0.136345,0.210864
EH52 1,0.110092,0.141400
EH52 5,0.108307,0.154472
EH52 6,0.072104,0.104683
EH53 0,0.055181,0.096895
EH54 0,0.050020,0.080387
EH54 5,0.109795,0.149393
EH54 6,0.075850,0.112019
EH54 7,0.106018,0.191862
EH54 8,0.056078,0.121380
EH54 9,0.071187,0.096342
EH55 8,0.074845,0.104697
EH6 4,0.060917,0.114437
EH6 5,0.115870,0.220555
EH6 6,0.106558,0.158106
EH6 7,0.104360,0.163699
EH6 8,0.065119,0.174852
EH7 4,0.066439,0.131140
EH7 5,0.128393,0.176371
EH7 6,0.064452,0.103244
EH7 9,0.090079,0.140229
EH8 7,0.058725,0.081322
EH8 8,0.197257,0.244599
EH8 9,0.144104,0.228266
EH9 1,0.084496,0.185519
EH9 2,0.050313,0.116796
EH9 3,0.043284,0.116366
EH9 8,0.066886,0.151381
EN1 1,0.078433,0.234784
EN1 2,0.043084,0.091810
EN1 3,0.061516,0.159908
EN1 4,0.050847,0.121468
EN1 9,0.060594,0.159173
EN10 6,0.127668,0.295989
EN10 7,0.055185,0.156283
EN11 0,0.028822,0.169670
EN11 1,0.074015,0.234077
EN11 8,0.018486,0.120902
EN11 9,0.162015,0.395808
EN2 0,0.195489,0.309766
EN2 6,0.303517,0.463381
EN2 7,0.116114,0.192881
EN2 8,0.107627,0.196920
EN2 9,0.060089,0.094152
EN3 4,0.080045,0.221406
EN3 5,0.110902,0.337948
EN3 6,0.034349,0.135022
EN3 7,0.039778,0.197500
EN4 0,0.069113,0.147796
EN4 8,0.062202,0.207284
EN4 9,0.023893,0.126036
EN5 1,0.040988,0.132506
EN5 2,0.177742,0.271690
EN5 3,0.153484,0.198723
EN5 4,0.083497,0.136310
EN5 5,0.085297,0.276750
EN5 9,0.111036,0.217091
EN6 1,0.095753,0.192603
EN6 2,0.136115,0.242300
EN6 3,0.072887,0.141622
EN6 4,0.054921,0.136045
EN6 5,0.030949,0.114950
EN6 9,0.082058,0.171706
EN7 5,0.031108,0.123773
EN7 6,0.078857,0.138262
EN8 0,0.062977,0.191413
EN8 1,0.083693,0.223032
EN8 7,0.051527,0.194304
EN8 8,0.036003,0.172127
EN8 9,0.206639,0.362672
EN9 1,0.120246,0.215729
EN9 2,0.086217,0.194883
EN9 3,0.156522,0.245819
EX1 1,0.003030,0.048659
EX1 2,0.044553,0.116758
EX1 3,0.012463,0.036970
EX1 4,0.006021,0.017360
EX1 9,0.011883,0.034264
EX10 0,0.033234,0.049456
EX10 1,0.022515,0.041723
EX10 8,0.118546,0.203778
EX10 9,0.044261,0.094100
EX11 1,0.018751,0.049942
EX12 2,0.095584,0.146553
EX12 3,0.093675,0.139380
EX12 4,0.032022,0.072797
EX12 9,0.089661,0.138883
EX13 5,0.042101,0.083045
EX13 7,0.037098,0.073733
EX13 8,0.084595,0.188348
EX13 9,0.043454,0.087573
EX14 0,0.040044,0.060259
EX14 1,0.041391,0.054189
EX14 2,0.011549,0.022890
EX14 3,0.096704,0.137806
EX14 4,0.011873,0.029613
EX14 9,0.041023,0.063272
EX15 1,0.031157,0.052857
EX15 2,0.034493,0.056239
EX15 3,0.039593,0.080054
EX15 9,0.034456,0.061793
EX16 0,0.014466,0.032188
EX16 4,0.023355,0.061648
EX16 5,0.065049,0.113385
EX16 6,0.031819,0.076210
EX16 7,0.015192,0.051312
EX16 8,0.017188,0.046201
EX16 9,0.026600,0.050266
EX17 1,0.010293,0.040550
EX17 2,0.084932,0.124023
EX17 3,0.040680,0.074516
EX17 4,0.007745,0.009590
EX17 5,0.026913,0.054791
EX17 6,0.011300,0.014102
EX17 9,0.030566,0.052984
EX18 7,0.007041,0.021534
EX19 8,0.014232,0.018022
EX2 0,0.012924,0.050264
EX2 4,0.042830,0.088893
EX2 5,0.030245,0.039702
EX2 6,0.052543,0.088541
EX2 7,0.036694,0.058495
EX2 8,0.035804,0.191115
EX2 9,0.042755,0.160081
EX20 1,0.002244,0.034828
EX20 2,0.006156,0.052295
EX20 3,0.011863,0.035168
EX20 4,0.015461,0.053547
EX20 9,0.007514,0.042146
EX21 5,0.024367,0.044122
EX22 6,0.006193,0.029408
EX22 7,0.005660,0.027150
EX22 9,0.006880,0.029948
EX23 0,0.016585,0.056106
EX23 8,0.047973,0.118846
EX23 9,0.014242,0.060873
EX24 6,0.062762,0.121625
EX3 0,0.051948,0.105989
EX31 1,0.068130,0.156858
EX31 2,0.026843,0.056776
EX31 3,0.020604,0.048818
EX31 4,0.059961,0.087511
EX32 0,0.029148,0.074499
EX32 2,0.019223,0.040551
EX32 7,0.062836,0.117968
EX32 8,0.034316,0.077662
EX32 9,0.047211,0.099738
EX33 1,0.022696,0.034118
EX33 2,0.013469,0.078303
EX34 0,0.022453,0.040529
EX34 4,0.021824,0.053794
EX34 7,0.026166,0.036191
EX34 8,0.005966,0.046773
EX34 9,0.036120,0.070403
EX35 6,0.138833,0.139838
EX36 3,0.013153,0.051106
EX36 4,0.019909,0.038860
EX36 9,0.017921,0.045409
EX37 9,0.013635,0.050959
EX38 7,0.000984,0.031378
EX38 8,0.002885,0.004761
EX38 9,0.003806,0.021815
EX39 1,0.041816,0.067603
EX39 2,0.042377,0.102517
EX39 3,0.006691,0.015265
EX39 4,0.025282,0.070151
EX39 5,0.032520,0.079598
EX39 6,0.028124,0.047145
EX39 9,0.013054,0.027846
EX4 0,0.024802,0.090109
EX4 1,0.056952,0.181460
EX4 2,0.082925,0.146787
EX4 3,0.070102,0.145390
EX4 4,0.072611,0.133804
EX4 5,0.011578,0.026579
EX4 6,0.054503,0.096218
EX4 7,0.048473,0.066818
EX4 8,0.057340,0.091381
EX4 9,0.009489,0.027137
EX5 1,0.057916,0.125596
EX5 2,0.044705,0.071026
EX5 3,0.017036,0.088395
EX5 4,0.028130,0.037285
EX5 5,0.010566,0.029308
EX5 7,0.036713,0.077261
EX6 6,0.001293,0.019650
EX6 7,0.018388,0.039013
EX6 8,0.013440,0.052654
EX7 0,0.019988,0.036583
EX7 7,0.039915,0.069228
EX7 9,0.061758,0.103820
EX8 1,0.126978,0.348339
EX8 2,0.070406,0.119790
EX8 3,0.097218,0.119757
EX8 4,0.019921,0.084805
EX8 5,0.015737,0.038109
EX8 9,0.063539,0.140302
EX9 6,0.003084,0.040247
EX9 7,0.008402,0.034140
EX9 9,0.006177,0.040832
FK1 1,0.104405,0.160138
FK1 2,0.106661,0.170577
FK1 3,0.163089,0.173640
FK1 4,0.063847,0.118598
FK1 5,0.093889,0.145946
FK1 9,0.061625,0.096081
FK10 1,0.153355,0.238363
FK10 2,0.120374,0.154615
FK10 3,0.081408,0.120981
FK10 4,0.063340,0.097415
FK10 9,0.045744,0.065263
FK11 7,0.126323,0.136410
FK12 5,0.572783,0.679348
FK13 6,0.221853,0.320073
FK14 7,0.148956,0.203134
FK15 0,0.037428,0.041272
FK15 5,0.064799,0.074963
FK15 9,0.084563,0.095937
FK16 6,0.025335,0.081337
FK17 8,0.090341,0.138517
FK18 8,0.233136,0.259764
FK19 8,0.040754,0.099670
FK2 0,0.066512,0.106584
FK2 7,0.085593,0.139139
FK2 8,0.081876,0.135781
FK2 9,0.038097,0.094831
FK20 8,0.132030,0.220654
FK21 8,0.108669,0.151255
FK3 0,0.086859,0.200901
FK3 3,0.123118,0.223333
FK3 8,0.167826,0.251427
FK3 9,0.105512,0.219592
FK4 1,0.027861,0.052708
FK4 2,0.035118,0.100804
FK5 3,0.034330,0.040896
FK5 4,0.028306,0.042896
FK6 5,0.061056,0.120781
FK6 6,0.056481,0.122482
FK7 0,0.042926,0.096952
FK7 1,0.039628,0.067855
FK7 7,0.100004,0.205674
FK7 8,0.058769,0.072308
FK7 9,0.116427,0.151801
FK8 1,0.155306,0.216415
FK8 2,0.097119,0.142324
FK8 3,0.045642,0.094351
FK9 4,0.036187,0.093088
FK9 5,0.057973,0.091153
FY1 1,0.123534,0.154149
FY1 2,0.071023,0.113984
FY1 3,0.042873,0.057813
FY1 4,0.041872,0.079701
FY1 5,0.080456,0.115341
FY1 6,0.088334,0.226676
FY1 9,0.032111,0.060206
FY2 0,0.112242,0.190916
FY2 9,0.082929,0.140193
FY3 0,0.065555,0.146743
FY3 7,0.046600,0.092909
FY3 8,0.039499,0.054406
FY3 9,0.058022,0.109629
FY4 1,0.063341,0.155323
FY4 2,0.024249,0.137755
FY4 3,0.077764,0.214220
FY4 4,0.064144,0.166268
FY4 5,0.083462,0.158668
FY5 1,0.056836,0.126264
FY5 2,0.019326,0.073210
FY5 3,0.049109,0.195224
FY5 4,0.017319,0.077573
FY5 5,0.035749,0.086067
FY5 9,0.035691,0.115798
FY6 0,0.081138,0.153714
FY6 6,0.028311,0.057362
FY6 7,0.046454,0.129165
FY6 8,0.099948,0.132203
FY6 9,0.031902,0.072614
FY7 6,0.109561,0.210117
FY7 7,0.026711,0.047479
FY7 8,0.023008,0.071635
FY7 9,0.051919,0.108228
FY8 1,0.050620,0.063789
FY8 2,0.040400,0.119939
FY8 3,0.032513,0.116959
FY8 4,0.030652,0.124247
FY8 5,0.024255,0.090416
FY8 9,0.017945,0.051013
G1 1,0.227500,0.299091
G1 2,0.120795,0.147214
G1 3,0.274560,0.300602
G1 4,0.334566,0.451016
G1 5,0.209250,0.348485
G11 5,0.082909,0.160364
G11 6,0.161093,0.272450
G11 7,0.043014,0.110866
G11 9,0.086329,0.167213
G12 0,0.106747,0.163416
G12 8,0.090524,0.185307
G12 9,0.155368,0.228264
G13 1,0.065592,0.097227
G13 2,0.068068,0.123093
G13 3,0.021178,0.051881
G13 4,0.032437,0.091639
G13 9,0.048549,0.090612
G14 0,0.102340,0.151522
G14 9,0.085508,0.121880
G15 6,0.162091,0.223098
G15 7,0.196204,0.289144
G15 8,0.129496,0.149047
G2 1,0.220736,0.256349
G2 2,0.017826,0.542043
G2 3,0.019099,0.087914
G2 4,0.191516,0.550625
G2 5,0.022283,0.057896
G2 6,0.021828,0.056714
G2 7,0.022757,0.059128
G2 8,0.018128,0.047102
G2 9,0.009723,0.025264
G20 0,0.103472,0.123848
G20 2,0.133071,0.173495
G20 6,0.101565,0.149857
G20 7,0.193172,0.233276
G20 8,0.136845,0.196188
G20 9,0.144998,0.169533
G21 1,0.066497,0.184965
G21 2,0.084631,0.196304
G21 3,0.130613,0.205257
G21 4,0.092822,0.139312
G22 5,0.092302,0.135264
G22 6,0.071787,0.081420
G22 7,0.147484,0.187956
G22 9,0.102098,0.131913
G23 5,0.085234,0.163883
G3 6,0.161896,0.233313
G3 7,0.149304,0.263786
G3 8,0.176835,0.239450
G31 1,0.112432,0.174894
G31 2,0.145686,0.191163
G31 3,0.179383,0.211458
G31 4,0.094995,0.139861
G31 5,0.246078,0.295853
G32 0,0.209482,0.243867
G32 2,0.128175,0.171608
G32 6,0.132016,0.162934
G32 7,0.114468,0.184250
G32 8,0.089561,0.102998
G32 9,0.114652,0.186980
G33 1,0.063732,0.100264
G33 2,0.143512,0.208311
G33 3,0.088740,0.133699
G33 4,0.129061,0.158366
G33 5,0.105605,0.133475
G33 6,0.038521,0.099662
G33 9,0.092808,0.136698
G34 0,0.132065,0.165595
G34 9,0.108640,0.147719
G4 0,0.172500,0.269888
G4 7,0.125432,0.207568
G4 9,0.066970,0.133632
G40 1,0.113519,0.181324
G40 2,0.097751,0.132115
G40 3,0.094055,0.144637
G40 4,0.061522,0.106165
G41 1,0.127540,0.191083
G41 2,0.085686,0.181497
G41 3,0.135468,0.231361
G41 4,0.029413,0.061478
G41 5,0.039054,0.092168
G42 0,0.062174,0.119129
G42 2,0.088404,0.157144
G42 7,0.090296,0.176293
G42 8,0.082134,0.117985
G42 9,0.107038,0.206351
G43 1,0.055446,0.068937
G43 2,0.122035,0.177468
G44 3,0.145061,0.202824
G44 4,0.123640,0.156041
G44 5,0.194663,0.240806
G44 9,0.151711,0.196597
G45 0,0.090883,0.182306
G45 9,0.140327,0.213977
G46 6,0.112150,0.173517
G46 7,0.146106,0.193417
G46 8,0.100535,0.152026
G46 9,0.053279,0.077535
G5 0,0.090257,0.201003
G5 8,0.191225,0.242282
G5 9,0.188189,0.253400
G51 1,0.228891,0.262185
G51 2,0.068483,0.087894
G51 3,0.123187,0.218344
G51 4,0.058961,0.099728
G51 9,0.121101,0.167834
G52 1,0.053253,0.076037
G52 2,0.074967,0.083840
G52 3,0.073961,0.110535
G52 4,0.051678,0.083292
G52 9,0.066438,0.089819
G53 5,0.074845,0.128513
G53 6,0.069313,0.142002
G53 7,0.066658,0.123346
G53 9,0.070376,0.129749
G60 5,0.197107,0.254859
G61 1,0.034532,0.084138
G61 2,0.121974,0.154299
G61 3,0.087670,0.135687
G61 4,0.131931,0.153774
G61 9,0.094313,0.132422
G62 6,0.094899,0.133656
G62 7,0.192410,0.207254
G62 8,0.072875,0.130960
G62 9,0.135561,0.167825
G63 0,0.093756,0.110365
G63 9,0.040717,0.071009
G64 1,0.103016,0.133467
G64 2,0.078253,0.149808
G64 3,0.079808,0.171752
G64 4,0.094111,0.150054
G64 9,0.092120,0.146814
G65 0,0.123092,0.170104
G65 9,0.063230,0.126592
G66 1,0.033040,0.059561
G66 2,0.086613,0.121047
G66 3,0.061150,0.090342
G66 4,0.114217,0.147681
G66 5,0.103539,0.146876
G66 7,0.151817,0.184341
G66 8,0.032250,0.057872
G66 9,0.031519,0.486221
G67 1,0.126414,0.152677
G67 2,0.084609,0.142272
G67 3,0.138227,0.198170
G67 4,0.111818,0.173253
G67 9,0.111811,0.165447
G68 0,0.104647,0.133861
G68 9,0.070319,0.083852
G69 0,0.055591,0.081132
G69 6,0.092973,0.123712
G69 7,0.119210,0.138675
G69 8,0.053319,0.079793
G69 9,0.083796,0.117878
G71 5,0.111245,0.196222
G71 6,0.052016,0.103521
G71 7,0.069304,0.091741
G71 8,0.068677,0.125616
G71 9,0.074037,0.124908
G72 0,0.101507,0.156343
G72 6,0.034482,0.058187
G72 7,0.151301,0.195469
G72 8,0.075807,0.121533
G72 9,0.097884,0.161890
G73 1,0.096302,0.192935
G73 2,0.069696,0.124320
G73 3,0.051177,0.074868
G73 4,0.112634,0.172453
G73 5,0.084975,0.180076
G74 1,0.132585,0.135813
G74 2,0.162543,0.176867
G74 3,0.092007,0.122812
G74 4,0.118574,0.144487
G74 5,0.043445,0.088976
G74 9,0.115393,0.139604
G75 0,0.103617,0.154013
G75 7,0.023370,0.039217
G75 8,0.066000,0.129708
G75 9,0.052881,0.076544
G76 0,0.067221,0.093269
G76 6,0.090312,0.132691
G76 7,0.116301,0.140607
G76 8,0.075006,0.148446
G76 9,0.110777,0.140643
G77 5,0.099759,0.170830
G77 6,0.061813,0.086893
G77 9,0.079261,0.124850
G78 1,0.100028,0.128056
G78 2,0.061849,0.098589
G78 3,0.043811,0.077946
G78 4,0.051579,0.070018
G78 9,0.072561,0.105138
G81 1,0.102367,0.189065
G81 2,0.048322,0.101031
G81 3,0.072342,0.092564
G81 4,0.121852,0.173930
G81 5,0.061086,0.089772
G81 6,0.048693,0.115958
G82 1,0.300091,0.378624
G82 2,0.224420,0.290056
G82 3,0.120811,0.136512
G82 4,0.043275,0.059300
G82 5,0.063554,0.075004
G82 9,0.072853,0.091660
G83 0,0.104072,0.171341
G83 3,0.089704,0.139353
G83 7,0.207887,0.360542
G83 8,0.083221,0.096410
G83 9,0.066501,0.117673
G84 0,0.044756,0.092446
G84 4,0.077694,0.124011
G84 7,0.113785,0.173299
G84 8,0.095523,0.137972
G84 9,0.024230,0.052726
GL1 1,0.159775,0.387108
GL1 2,0.086465,0.204503
GL1 3,0.083210,0.224058
GL1 4,0.257179,0.427898
GL1 5,0.183661,0.293924
GL1 9,0.169795,0.316065
GL10 2,0.090328,0.172782
GL10 3,0.035684,0.096407
GL11 4,0.027390,0.075973
GL11 5,0.016335,0.044924
GL11 6,0.012182,0.069015
GL11 9,0.020908,0.063058
GL12 7,0.038908,0.118935
GL12 8,0.028855,0.088893
GL13 9,0.041420,0.102944
GL14 1,0.026381,0.045295
GL14 2,0.053093,0.142126
GL14 3,0.025400,0.069975
GL14 9,0.040742,0.103146
GL15 4,0.002860,0.004986
GL15 5,0.016126,0.051530
GL15 6,0.010556,0.027546
GL15 9,0.012424,0.034721
GL16 7,0.018692,0.054805
GL16 8,0.057944,0.093686
GL16 9,0.016899,0.032721
GL17 0,0.019391,0.069810
GL17 9,0.011771,0.025116
GL18 1,0.009413,0.046230
GL18 2,0.009745,0.031695
GL19 3,0.064270,0.113037
GL19 4,0.019860,0.040074
GL2 0,0.124329,0.210441
GL2 2,0.100658,0.123427
GL2 3,0.047445,0.077822
GL2 4,0.079977,0.126774
GL2 5,0.114922,0.271529
GL2 7,0.049412,0.108826
GL2 8,0.043046,0.093192
GL2 9,0.053820,0.131271
GL20 5,0.058879,0.127168
GL20 6,0.039622,0.078946
GL20 7,0.060374,0.102172
GL20 8,0.103949,0.186159
GL20 9,0.034635,0.064471
GL3 1,0.093662,0.234727
GL3 2,0.117229,0.207590
GL3 3,0.047586,0.112318
GL3 4,0.118416,0.206836
GL3 5,0.068050,0.133331
GL3 9,0.095270,0.186663
GL4 0,0.087906,0.153486
GL4 3,0.133018,0.178755
GL4 4,0.063196,0.132712
GL4 5,0.074524,0.152473
GL4 6,0.095595,0.210360
GL4 8,0.013635,0.082024
GL5 1,0.017759,0.050219
GL5 2,0.005243,0.039570
GL5 3,0.030896,0.045644
GL5 4,0.075106,0.115070
GL5 5,0.012039,0.025616
GL50 1,0.208593,0.312294
GL50 2,0.208132,0.363503
GL50 3,0.078281,0.195473
GL50 4,0.101851,0.222176
GL50 9,0.070000,0.634307
GL51 0,0.165341,0.282994
GL51 3,0.133743,0.250442
GL51 4,0.082944,0.188727
GL51 6,0.119787,0.191797
GL51 7,0.159732,0.240907
GL51 8,0.164802,0.211006
GL51 9,0.091317,0.208998
GL52 2,0.156701,0.253014
GL52 3,0.065363,0.151404
GL52 5,0.047089,0.242244
GL52 6,0.110775,0.212840
GL52 7,0.054264,0.089649
GL52 8,0.034736,0.111701
GL52 9,0.151938,0.214422
GL53 0,0.098003,0.208857
GL53 7,0.133200,0.263089
GL53 8,0.086839,0.119490
GL53 9,0.078399,0.188818
GL54 1,0.027501,0.036615
GL54 2,0.053943,0.079123
GL54 3,0.013606,0.032559
GL54 4,0.018078,0.022220
GL54 5,0.052080,0.117399
GL55 6,0.079879,0.158261
GL55 9,0.079440,0.157327
GL56 0,0.094602,0.151333
GL56 9,0.055961,0.109178
GL6 0,0.013134,0.027409
GL6 1,0.004449,0.012942
GL6 6,0.007032,0.030803
GL6 7,0.021157,0.032894
GL6 8,0.002328,0.025915
GL6 9,0.010112,0.039310
GL7 0,0.024747,0.068554
GL7 1,0.031703,0.101988
GL7 2,0.011069,0.083902
GL7 3,0.046360,0.083843
GL7 4,0.036033,0.092453
GL7 5,0.037430,0.055652
GL7 6,0.002464,0.052063
GL7 7,0.027005,0.043729
GL7 9,0.011879,0.032906
GL8 0,0.018652,0.047462
GL8 8,0.015533,0.041946
GL9 1,0.053101,0.071265
GU1 1,0.052561,0.168118
GU1 2,0.012233,0.032717
GU1 3,0.033074,0.077144
GU1 4,0.069503,0.149159
GU1 9,0.015520,0.041069
GU10 1,0.146723,0.157557
GU10 2,0.008660,0.012268
GU10 3,0.044908,0.091539
GU10 4,0.037897,0.062158
GU10 5,0.075231,0.145696
GU11 1,0.085313,0.128691
GU11 2,0.063260,0.096688
GU11 3,0.038195,0.082471
GU11 4,0.007930,0.030879
GU11 9,0.052338,0.093589
GU12 4,0.080111,0.153326
GU12 5,0.018978,0.111053
GU12 6,0.092089,0.129468
GU14 0,0.034584,0.107055
GU14 4,0.017440,0.069497
GU14 6,0.015645,0.088326
GU14 7,0.038978,0.177189
GU14 8,0.036080,0.154185
GU14 9,0.025222,0.081022
GU15 1,0.016528,0.034733
GU15 2,0.044466,0.129534
GU15 3,0.050754,0.125638
GU15 4,0.031599,0.078686
GU15 9,0.019977,0.051316
GU16 6,0.016968,0.077419
GU16 7,0.038170,0.224620
GU16 8,0.030828,0.045454
GU16 9,0.033513,0.052740
GU17 0,0.040229,0.067252
GU17 9,0.027329,0.066184
GU18 5,0.015757,0.045255
GU19 5,0.104722,0.168757
GU2 4,0.009882,0.038773
GU2 7,0.037738,0.084437
GU2 8,0.062567,0.097298
GU2 9,0.075748,0.097112
GU20 6,0.049726,0.115110
GU21 2,0.050923,0.128491
GU21 3,0.041666,0.140330
GU21 4,0.039799,0.146642
GU21 5,0.060931,0.178520
GU21 6,0.170855,0.301035
GU21 7,0.116942,0.190881
GU21 8,0.047022,0.087723
GU21 9,0.058614,0.150954
GU22 0,0.014888,0.064197
GU22 2,0.028358,0.532382
GU22 7,0.102774,0.182669
GU22 8,0.048086,0.113010
GU22 9,0.028147,0.059468
GU23 6,0.039214,0.095198
GU23 7,0.061526,0.092460
GU24 0,0.018406,0.037373
GU24 8,0.021735,0.036426
GU24 9,0.030497,0.082083
GU25 4,0.024148,0.050916
GU25 9,0.025694,0.054029
GU26 6,0.000205,0.006028
GU27 1,0.009780,0.021188
GU27 2,0.021408,0.040699
GU27 3,0.025820,0.044676
GU27 9,0.019010,0.035900
GU28 0,0.017182,0.025077
GU28 8,0.012332,0.019376
GU28 9,0.001523,0.002392
GU29 0,0.097700,0.111638
GU29 1,0.058943,0.075006
GU29 9,0.041849,0.056955
GU3 1,0.013186,0.019933
GU3 2,0.076489,0.112054
GU3 3,0.078715,0.139478
GU30 7,0.064022,0.078398
GU30 9,0.062756,0.079031
GU31 4,0.023108,0.050231
GU31 5,0.011742,0.018329
GU32 1,0.025261,0.026642
GU32 2,0.008214,0.009547
GU32 3,0.047442,0.060127
GU32 9,0.010797,0.013554
GU33 6,0.051821,0.074704
GU33 7,0.033430,0.085157
GU34 1,0.039837,0.088677
GU34 2,0.052014,0.064005
GU34 3,0.017228,0.027348
GU34 4,0.010208,0.035093
GU34 5,0.010707,0.028279
GU34 9,0.031319,0.054586
GU35 0,0.023213,0.058780
GU35 5,0.014444,0.035719
GU35 8,0.007485,0.012689
GU35 9,0.002816,0.010691
GU4 7,0.037339,0.089135
GU4 8,0.002616,0.040794
GU46 6,0.011683,0.027506
GU46 7,0.031615,0.089414
GU47 0,0.090921,0.143009
GU47 7,0.066600,0.120253
GU47 8,0.049655,0.067110
GU47 9,0.032591,0.127818
GU5 0,0.025562,0.042653
GU5 9,0.015034,0.027899
GU51 1,0.040313,0.073910
GU51 2,0.025859,0.064533
GU51 3,0.047980,0.102139
GU51 4,0.034196,0.042638
GU51 5,0.004471,0.032182
GU51 9,0.032365,0.066500
GU52 0,0.006344,0.031680
GU52 6,0.029456,0.069343
GU52 7,0.016515,0.066643
GU52 8,0.051146,0.076850
GU52 9,0.028093,0.062822
GU6 7,0.126957,0.201443
GU6 8,0.142440,0.205371
GU6 9,0.130822,0.199452
GU7 1,0.036115,0.065978
GU7 2,0.025163,0.038207
GU7 3,0.009240,0.080994
GU7 9,0.009669,0.026609
GU8 4,0.076992,0.106185
GU8 5,0.040977,0.085261
GU8 6,0.015077,0.028593
GU9 0,0.025888,0.044002
GU9 1,0.053185,0.070665
GU9 7,0.048602,0.061329
GU9 8,0.084383,0.102141
GU9 9,0.043939,0.062052
HA0 1,0.135220,0.302938
HA0 2,0.237721,0.354662
HA0 3,0.225762,0.299918
HA0 4,0.174153,0.265374
HA0 9,0.193579,0.305893
HA1 1,0.063525,0.100284
HA1 2,0.161049,0.234407
HA1 3,0.137106,0.234339
HA1 4,0.133020,0.194017
HA1 9,0.125430,0.191482
HA2 0,0.159448,0.229856
HA2 6,0.169952,0.254467
HA2 7,0.239052,0.308792
HA2 8,0.202639,0.291423
HA2 9,0.153839,0.213453
HA3 0,0.155054,0.207238
HA3 5,0.255180,0.330294
HA3 6,0.111845,0.186519
HA3 7,0.196932,0.270392
HA3 8,0.158127,0.299462
HA3 9,0.161170,0.274295
HA4 0,0.231878,0.356294
HA4 4,0.172719,0.256964
HA4 6,0.202489,0.334340
HA4 7,0.127628,0.176251
HA4 8,0.150085,0.197895
HA4 9,0.148586,0.212137
HA5 1,0.286745,0.356379
HA5 2,0.197456,0.246219
HA5 3,0.172600,0.251517
HA5 4,0.121959,0.179212
HA5 5,0.125433,0.225977
HA5 9,0.181369,0.251924
HA6 1,0.118176,0.227586
HA6 2,0.162830,0.236679
HA6 3,0.113108,0.177403
HA6 9,0.134583,0.219497
HA7 1,0.066490,0.162215
HA7 2,0.157718,0.191240
HA7 3,0.131777,0.233678
HA7 4,0.152210,0.197697
HA7 9,0.128458,0.196541
HA8 0,0.162304,0.205435
HA8 4,0.145481,0.198375
HA8 5,0.100705,0.141970
HA8 6,0.196250,0.270065
HA8 7,0.109747,0.161845
HA8 8,0.182822,0.251190
HA8 9,0.100528,0.135638
HA9 0,0.025987,0.171269
HA9 1,0.128022,0.203149
HA9 6,0.109899,0.157410
HA9 7,0.239048,0.266839
HA9 8,0.135002,0.224362
HA9 9,0.117198,0.186815
HD1 1,0.083846,0.124159
HD1 2,0.038414,0.048647
HD1 3,0.009936,0.054342
HD1 4,0.011889,0.043335
HD1 5,0.003117,0.016099
HD1 6,0.054027,0.231848
HD1 9,0.017922,0.068066
HD2 1,0.026167,0.049037
HD2 2,0.002956,0.007682
HD3 2,0.010154,0.022576
HD3 3,0.007051,0.020050
HD3 4,0.019371,0.037280
HD4 5,0.006634,0.033148
HD4 6,0.009516,0.026578
HD4 7,0.008407,0.034555
HD5 0,0.008519,0.051897
HD5 8,0.008667,0.032826
HD5 9,0.040417,0.081630
HD6 1,0.019635,0.028833
HD6 2,0.012734,0.033494
HD6 3,0.025162,0.065309
HD6 4,0.002272,0.012894
HD6 9,0.016815,0.042598
HD7 4,0.044854,0.058842
HD7 5,0.009301,0.026824
HD7 6,0.051505,0.153212
HD7 9,0.029866,0.062829
HD8 0,0.004512,0.044560
HD8 1,0.005958,0.035449
HD8 8,0.004230,0.027690
HD8 9,0.008457,0.033965
HD9 1,0.009623,0.032749
HD9 2,0.002073,0.022058
HD9 3,0.015090,0.029224
HD9 4,0.029332,0.069604
HD9 5,0.036127,0.142688
HD9 6,0.049714,0.128132
HD9 7,0.013003,0.018508
HD9 9,0.022596,0.065651
HG1 1,0.071547,0.190576
HG1 2,0.051059,0.090492
HG1 3,0.085363,0.133742
HG1 4,0.065466,0.144765
HG1 5,0.113590,0.141932
HG1 9,0.076162,0.132662
HG2 0,0.057604,0.084767
HG2 7,0.099977,0.147422
HG2 8,0.097226,0.183365
HG2 9,0.032391,0.111286
HG3 1,0.012262,0.036202
HG3 2,0.052811,0.110951
HG3 3,0.064999,0.114576
HG3 4,0.073808,0.129090
HG3 5,0.126936,0.197310
HG4 1,0.103810,0.142276
HG4 2,0.057374,0.165482
HG4 3,0.038285,0.135989
HG4 4,0.012930,0.089252
HG4 5,0.064647,0.107298
HG5 0,0.064740,0.123266
HG5 5,0.061742,0.112478
HG5 8,0.070051,0.106286
HG5 9,0.044020,0.094456
HP1 1,0.019318,0.075598
HP1 2,0.001198,0.016093
HP1 3,0.014056,0.035672
HP10 0,0.024586,0.125864
HP10 8,0.029604,0.082273
HP10 9,0.026484,0.051659
HP11 1,0.161291,0.344416
HP11 2,0.463550,0.617970
HP11 9,0.266894,0.434755
HP12 3,0.211408,0.263174
HP12 4,0.143954,0.178241
HP12 9,0.173935,0.217851
HP13 5,0.037824,0.113913
HP13 6,0.258950,0.325194
HP13 7,0.122906,0.191202
HP14 3,0.005822,0.027575
HP14 4,0.044273,0.077568
HP15 6,0.035209,0.070375
HP15 7,0.030688,0.048304
HP16 0,0.045842,0.086787
HP16 6,0.031149,0.060179
HP16 9,0.005704,0.013457
HP17 0,0.007151,0.050287
HP17 8,0.022401,0.059894
HP17 9,0.012464,0.095708
HP18 0,0.023794,0.076425
HP18 1,0.132385,0.172393
HP18 9,0.052558,0.079973
HP19 0,0.052145,0.171778
HP19 7,0.054241,0.227725
HP19 8,0.020370,0.072344
HP19 9,0.060196,0.134354
HP2 4,0.039792,0.119485
HP2 5,0.196637,0.304346
HP2 6,0.037439,0.059713
HP2 7,0.051753,0.128459
HP20 1,0.036654,0.178854
HP20 2,0.013150,0.095197
HP20 9,0.020697,0.105000
HP21 7,0.044987,0.134993
HP21 8,0.103778,0.329161
HP21 9,0.013580,0.058370
HP22 0,0.009943,0.048272
HP22 3,0.006803,0.023820
HP22 4,0.022040,0.042369
HP22 5,0.012616,0.059343
HP22 6,0.031614,0.093564
HP22 7,0.011032,0.108622
HP22 9,0.019389,0.067888
HP23 4,0.020519,0.068131
HP23 5,0.059871,0.146329
HP23 6,0.048146,0.153885
HP23 9,0.044328,0.121156
HP27 0,0.009438,0.039171
HP27 9,0.009453,0.070216
HP3 0,0.006441,0.028484
HP3 8,0.019008,0.038292
HP3 9,0.052312,0.134218
HP4 1,0.022548,0.036016
HP4 2,0.050135,0.088057
HP4 3,0.077566,0.100968
HP4 9,0.054164,0.080869
HP5 1,0.187812,0.221289
HP5 2,0.056802,0.083528
HP5 3,0.095374,0.131688
HP5 9,0.103074,0.135132
HP6 5,0.004845,0.007666
HP6 6,0.047055,0.087479
HP6 9,0.031819,0.058905
HP7 0,0.088011,0.146537
HP7 9,0.039293,0.049727
HP8 4,0.001190,0.017659
HP9 1,0.053227,0.090039
HP9 2,0.025987,0.055257
HP9 9,0.041317,0.075531
HR1 1,0.033734,0.067782
HR1 2,0.053102,0.104602
HR1 3,0.044733,0.070873
HR1 4,0.020219,0.062409
HR1 9,0.012505,0.025053
HR2 0,0.045300,0.077988
HR2 6,0.038819,0.135805
HR2 7,0.062470,0.135654
HR2 8,0.016644,0.071874
HR2 9,0.067641,0.093875
HR3 5,0.005901,0.016175
HR3 6,0.042921,0.082702
HR4 0,0.066881,0.232111
HR4 7,0.056615,0.126422
HR4 8,0.051178,0.080818
HR4 9,0.128405,0.170135
HR5 3,0.062203,0.136626
HR6 0,0.035028,0.044709
HR6 6,0.068144,0.110738
HR6 8,0.086321,0.137466
HR6 9,0.062101,0.114360
HR7 4,0.072061,0.100338
HR8 1,0.025940,0.082985
HR8 2,0.054343,0.111767
HR8 9,0.045065,0.102239
HR9 5,0.001119,0.037740
HR9 6,0.004424,0.014145
HR9 7,0.026189,0.065549
HR9 9,0.013990,0.046739
HS1 2,0.177422,0.227744
HS1 9,0.172047,0.221176
HS2 0,0.077021,0.114266
HS2 9,0.075290,0.088977
HS3 3,0.293570,0.333262
HS4 3,0.240626,0.256277
HS5 3,0.034240,0.045626
HS6 5,0.012847,0.034481
HS7 5,0.009368,0.034039
HS8 5,0.034594,0.036022
HS9 5,0.054826,0.123863
HU1 1,0.156405,0.346234
HU1 2,0.201990,0.414600
HU1 3,0.168549,0.348419
HU1 4,0.163526,0.346533
HU10 6,0.062760,0.202681
HU10 7,0.008864,0.051235
HU11 4,0.056629,0.151160
HU11 5,0.030906,0.071424
HU12 0,0.071961,0.116999
HU12 8,0.057663,0.164733
HU12 9,0.086575,0.143380
HU13 0,0.070089,0.138434
HU13 3,0.076526,0.176037
HU13 9,0.086139,0.218046
HU14 3,0.046027,0.054091
HU15 1,0.015957,0.084494
HU15 2,0.052370,0.140691
HU16 4,0.037340,0.132223
HU16 5,0.084245,0.139932
HU17 0,0.067585,0.193366
HU17 5,0.101404,0.172755
HU17 6,0.034607,0.076664
HU17 7,0.116168,0.221067
HU17 8,0.079749,0.174045
HU17 9,0.062043,0.140274
HU18 1,0.061442,0.095603
HU19 2,0.038881,0.087913
HU2 0,0.028010,0.211259
HU2 8,0.069833,0.321801
HU2 9,0.015302,0.098815
HU20 3,0.006012,0.019135
HU3 1,0.049756,0.196287
HU3 2,0.027559,0.110184
HU3 3,0.025970,0.231387
HU3 4,0.097878,0.285015
HU3 5,0.019193,0.105491
HU3 6,0.023597,0.187327
HU4 6,0.014591,0.124862
HU4 7,0.013098,0.054844
HU5 1,0.031791,0.181398
HU5 2,0.036784,0.183612
HU5 3,0.008196,0.098461
HU5 4,0.009437,0.059288
HU5 5,0.010615,0.136195
HU6 0,0.009581,0.045636
HU6 7,0.019697,0.126622
HU6 8,0.019461,0.062390
HU6 9,0.011657,0.054163
HU7 0,0.019025,0.040578
HU7 3,0.008897,0.075622
HU7 4,0.058923,0.152363
HU7 5,0.078808,0.108937
HU7 6,0.009978,0.080434
HU7 9,0.039912,0.112893
HU8 0,0.012578,0.121916
HU8 7,0.057846,0.285605
HU8 8,0.021992,0.136104
HU8 9,0.022878,0.141690
HU9 1,0.146836,0.309195
HU9 2,0.046392,0.236552
HU9 3,0.027251,0.096039
HU9 4,0.005621,0.054716
HU9 5,0.035493,0.078934
HU9 9,0.019341,0.063128
HX1 1,0.170829,0.261680
HX1 2,0.038456,0.077949
HX1 3,0.026128,0.056205
HX1 4,0.012867,0.035033
HX1 5,0.091099,0.099242
HX1 9,0.022799,0.038481
HX2 0,0.018306,0.036015
HX2 6,0.018805,0.035926
HX2 7,0.029884,0.058970
HX2 8,0.045147,0.090295
HX2 9,0.007932,0.046796
HX3 0,0.016154,0.063719
HX3 5,0.009331,0.032596
HX3 6,0.046514,0.068922
HX3 7,0.028365,0.049859
HX3 8,0.005924,0.035200
HX3 9,0.001471,0.009164
HX4 0,0.012485,0.044606
HX4 8,0.014632,0.028448
HX4 9,0.010335,0.017888
HX5 0,0.012120,0.071631
HX5 9,0.015148,0.128740
HX6 1,0.008112,0.024568
HX6 2,0.053608,0.101824
HX6 3,0.027251,0.047956
HX6 4,0.023411,0.045036
HX7 5,0.106156,0.143118
HX7 6,0.080884,0.153647
HX7 7,0.016552,0.049048
HX7 8,0.039013,0.133736
HX7 9,0.065394,0.123446
IG1 1,0.054148,0.235661
IG1 2,0.032778,0.110600
IG1 3,0.021446,0.076773
IG1 4,0.022665,0.071748
IG1 8,0.034569,0.125344
IG1 9,0.040271,0.083497
IG10 1,0.094830,0.187159
IG10 2,0.194427,0.326722
IG10 3,0.130680,0.189351
IG10 4,0.119684,0.219820
IG10 9,0.139709,0.233784
IG11 0,0.177269,0.327798
IG11 1,0.262401,0.487949
IG11 7,0.384899,0.596607
IG11 8,0.339326,0.738747
IG11 9,0.186463,0.380429
IG2 6,0.055576,0.133412
IG2 7,0.031980,0.109722
IG3 8,0.019313,0.071839
IG3 9,0.032144,0.095473
IG4 5,0.029532,0.066352
IG5 0,0.125719,0.192394
IG6 1,0.054662,0.108141
IG6 2,0.098761,0.194200
IG6 3,0.205625,0.312908
IG7 4,0.156540,0.242299
IG7 5,0.114942,0.196338
IG7 6,0.064838,0.119114
IG8 0,0.163637,0.252821
IG8 7,0.147550,0.251216
IG8 8,0.056416,0.149337
IG8 9,0.137939,0.207777
IG9 5,0.045651,0.144270
IG9 6,0.036546,0.068365
IP1 1,0.219931,0.533631
IP1 2,0.143462,0.378789
IP1 3,0.117491,0.186131
IP1 4,0.155595,0.372022
IP1 5,0.127914,0.289794
IP1 6,0.043211,0.134296
IP1 9,0.479980,0.568302
IP10 0,0.002797,0.045240
IP11 0,0.049986,0.189145
IP11 1,0.060647,0.192045
IP11 2,0.070160,0.195117
IP11 3,0.187917,0.230998
IP11 4,0.097362,0.207300
IP11 6,0.037905,0.120028
IP11 7,0.064730,0.214482
IP11 9,0.053503,0.176039
IP12 1,0.138563,0.226566
IP12 2,0.109275,0.328988
IP12 3,0.016631,0.101776
IP12 4,0.066730,0.152619
IP12 9,0.033655,0.076197
IP13 0,0.020592,0.048349
IP13 6,0.030691,0.094510
IP13 7,0.095134,0.142708
IP13 8,0.036991,0.078761
IP13 9,0.020956,0.073463
IP14 1,0.082767,0.136379
IP14 2,0.117914,0.181071
IP14 3,0.038034,0.062631
IP14 4,0.043614,0.082698
IP14 5,0.109321,0.140698
IP14 6,0.050773,0.071678
IP14 9,0.080361,0.122659
IP15 5,0.204793,0.267352
IP16 4,0.032468,0.062188
IP17 1,0.061717,0.123845
IP17 2,0.085195,0.164057
IP17 3,0.075868,0.093486
IP17 9,0.069755,0.128231
IP18 6,0.006518,0.039785
IP19 0,0.055656,0.078248
IP19 1,0.040166,0.076878
IP19 8,0.036696,0.077495
IP19 9,0.026725,0.056006
IP2 0,0.107486,0.186043
IP2 8,0.180173,0.309463
IP2 9,0.088931,0.154884
IP20 0,0.044118,0.076027
IP20 9,0.130210,0.181675
IP21 4,0.088941,0.104261
IP21 5,0.057530,0.102177
IP22 1,0.029184,0.046293
IP22 2,0.045500,0.093458
IP22 4,0.046274,0.157357
IP22 5,0.015916,0.050913
IP22 9,0.039448,0.105808
IP23 7,0.071954,0.101693
IP23 8,0.027078,0.103644
IP24 1,0.043652,0.105233
IP24 2,0.027585,0.058201
IP24 3,0.046393,0.138847
IP24 9,0.039768,0.100058
IP25 5,0.090544,0.129775
IP25 6,0.077917,0.124014
IP25 7,0.022464,0.067201
IP26 4,0.046431,0.091100
IP26 5,0.054691,0.091350
IP27 0,0.233952,0.418518
IP27 1,0.193068,0.353878
IP27 9,0.142737,0.274534
IP28 1,0.073463,0.149990
IP28 2,0.123552,0.252256
IP28 3,0.108725,0.301985
IP28 6,0.058036,0.149944
IP28 7,0.137416,0.284359
IP28 8,0.174072,0.337878
IP28 9,0.129435,0.264268
IP29 4,0.071564,0.108696
IP29 5,0.100839,0.172161
IP3 0,0.074933,0.216764
IP3 8,0.036749,0.183843
IP3 9,0.031847,0.116239
IP30 0,0.028090,0.065520
IP30 9,0.049328,0.130549
IP31 1,0.067869,0.119359
IP31 2,0.053358,0.112600
IP31 3,0.100872,0.192639
IP32 6,0.059884,0.170845
IP32 7,0.107824,0.223525
IP33 1,0.235499,0.377670
IP33 2,0.165988,0.344827
IP33 3,0.185940,0.353429
IP33 9,0.178992,0.334802
IP4 1,0.337223,0.503468
IP4 2,0.195562,0.320488
IP4 3,0.046206,0.170364
IP4 4,0.042612,0.247001
IP4 5,0.042955,0.173055
IP5 1,0.051204,0.195693
IP5 2,0.021358,0.137202
IP5 3,0.020080,0.268370
IP5 4,0.020534,0.118099
IP6 0,0.150612,0.249852
IP6 8,0.080830,0.161876
IP6 9,0.021979,0.094384
IP7 5,0.185330,0.300967
IP7 6,0.126350,0.169595
IP7 7,0.044368,0.067714
IP7 9,0.127327,0.196581
IP8 3,0.036029,0.097540
IP8 4,0.131776,0.252013
IP9 1,0.005907,0.020587
IP9 2,0.061059,0.126146
IV1 1,0.212291,0.246124
IV1 3,0.027321,0.032544
IV1 9,0.019870,0.821648
IV10 8,0.151476,0.157374
IV11 8,0.159157,0.184355
IV12 4,0.029877,0.118633
IV12 5,0.029517,0.048400
IV13 7,0.040041,0.098325
IV14 9,0.013570,0.018157
IV15 0,0.079875,0.146095
IV15 9,0.080680,0.147938
IV16 9,0.066880,0.119003
IV17 0,0.058307,0.087657
IV18 0,0.053004,0.106591
IV19 1,0.042277,0.094267
IV2 3,0.038813,0.123543
IV2 4,0.062824,0.113026
IV2 5,0.056517,0.109756
IV2 6,0.046791,0.053895
IV2 7,0.103161,0.161835
IV2 8,0.135999,0.222457
IV20 1,0.006282,0.022493
IV21 2,0.155352,0.177421
IV22 2,0.114024,0.150768
IV23 2,0.057605,0.077131
IV24 3,0.006717,0.011895
IV25 3,0.025765,0.053649
IV26 2,0.157758,0.266070
IV27 4,0.071505,0.113399
IV27 9,0.071453,0.114522
IV28 3,0.089882,0.156829
IV3 5,0.085052,0.191143
IV3 8,0.073205,0.110705
IV30 1,0.064204,0.110962
IV30 4,0.057218,0.137826
IV30 5,0.064135,0.145147
IV30 6,0.049918,0.113099
IV30 8,0.107193,0.153449
IV30 9,0.025132,0.049208
IV31 6,0.077413,0.181456
IV32 7,0.080772,0.165642
IV36 1,0.096048,0.190571
IV36 2,0.108921,0.156256
IV36 3,0.067710,0.153220
IV36 9,0.094668,0.169804
IV4 7,0.082326,0.121773
IV40 8,0.156611,0.206782
IV41 8,0.247047,0.267136
IV42 8,0.061269,0.091280
IV43 8,0.038077,0.064091
IV44 8,0.031531,0.055840
IV45 8,0.029530,0.075188
IV46 8,0.053645,0.095002
IV47 8,0.031065,0.102524
IV48 8,0.058633,0.103835
IV49 9,0.049581,0.081205
IV5 7,0.079058,0.104161
IV51 9,0.141007,0.230800
IV52 8,0.081761,0.095434
IV53 8,0.074435,0.097201
IV54 8,0.050070,0.073660
IV55 8,0.156757,0.211160
IV56 8,0.024549,0.043474
IV6 7,0.037983,0.136041
IV63 6,0.054871,0.066510
IV63 7,0.066568,0.085824
IV7 8,0.058233,0.093765
IV8 8,0.109382,0.117170
IV9 8,0.087866,0.098805
KA1 1,0.176210,0.298301
KA1 2,0.065100,0.113766
KA1 3,0.087753,0.122185
KA1 4,0.082560,0.123509
KA1 5,0.095002,0.137431
KA1 9,0.030709,0.047508
KA10 6,0.029983,0.075086
KA10 7,0.051462,0.103820
KA10 9,0.039412,0.087825
KA11 1,0.066049,0.142248
KA11 2,0.033587,0.130457
KA11 3,0.019244,0.043731
KA11 4,0.061191,0.104266
KA11 5,0.019244,0.103024
KA12 0,0.023918,0.071218
KA12 2,0.009631,0.028552
KA12 8,0.019958,0.089190
KA12 9,0.034955,0.089681
KA13 6,0.064073,0.123149
KA13 7,0.030657,0.084354
KA14 3,0.093873,0.326147
KA15 1,0.095185,0.154937
KA15 2,0.043803,0.122183
KA16 9,0.191603,0.310365
KA17 0,0.057459,0.141078
KA18 1,0.065110,0.092057
KA18 2,0.072156,0.131719
KA18 3,0.074194,0.100988
KA18 4,0.133363,0.151373
KA19 7,0.115648,0.175134
KA19 8,0.135708,0.238395
KA2 0,0.055982,0.095697
KA2 9,0.078359,0.189011
KA20 3,0.060956,0.121439
KA20 4,0.063095,0.110477
KA21 5,0.086775,0.155013
KA21 6,0.030836,0.094262
KA21 9,0.059212,0.124811
KA22 7,0.027601,0.048583
KA22 8,0.078409,0.191066
KA23 9,0.019495,0.040495
KA24 4,0.079490,0.106770
KA24 5,0.063064,0.111022
KA25 6,0.055946,0.143721
KA25 7,0.055872,0.099821
KA26 0,0.138357,0.236885
KA26 9,0.057028,0.144764
KA27 8,0.119478,0.255501
KA28 0,0.056675,0.099033
KA29 0,0.090471,0.174355
KA3 1,0.080786,0.127566
KA3 2,0.064931,0.109237
KA3 3,0.123210,0.186469
KA3 4,0.024334,0.051087
KA3 5,0.126481,0.188672
KA3 6,0.077754,0.128600
KA3 7,0.120242,0.162056
KA30 8,0.054709,0.126985
KA30 9,0.113294,0.180608
KA4 8,0.117913,0.238650
KA5 5,0.077553,0.157862
KA5 6,0.113197,0.180924
KA6 5,0.110060,0.155206
KA6 6,0.118437,0.164696
KA6 7,0.043208,0.086466
KA7 1,0.105848,0.176460
KA7 2,0.061636,0.134816
KA7 3,0.045092,0.121169
KA7 4,0.051724,0.097583
KA7 9,0.018864,0.695992
KA8 0,0.025715,0.080460
KA8 8,0.097435,0.193562
KA8 9,0.022400,0.101226
KA9 1,0.027199,0.088039
KA9 2,0.017154,0.072551
KA9 9,0.023791,0.081897
KT1 1,0.053113,0.152538
KT1 2,0.019252,0.113339
KT1 3,0.046229,0.225776
KT1 4,0.055444,0.121366
KT1 9,0.021249,0.089081
KT10 0,0.136767,0.248095
KT10 1,0.085415,0.173984
KT10 8,0.037688,0.124796
KT10 9,0.050052,0.099094
KT11 1,0.068972,0.244637
KT11 2,0.074975,0.216124
KT11 3,0.186506,0.273301
KT11 9,0.094333,0.232431
KT12 1,0.021984,0.245827
KT12 2,0.043139,0.149872
KT12 3,0.009286,0.131955
KT12 4,0.029347,0.125852
KT12 5,0.020362,0.186632
KT12 9,0.027390,0.163451
KT13 0,0.068410,0.119201
KT13 3,0.050094,0.110419
KT13 8,0.038979,0.109713
KT13 9,0.044596,0.101188
KT14 6,0.024486,0.186729
KT14 7,0.029437,0.051380
KT14 9,0.028867,0.112107
KT15 1,0.014356,0.050948
KT15 2,0.039695,0.109738
KT15 3,0.050823,0.125169
KT15 9,0.017083,0.046566
KT16 0,0.060545,0.072050
KT16 6,0.038561,0.089859
KT16 8,0.011575,0.096238
KT16 9,0.047251,0.092123
KT17 1,0.055084,0.204746
KT17 2,0.058652,0.130885
KT17 3,0.020962,0.040080
KT17 4,0.132185,0.181997
KT17 9,0.041748,0.482966
KT18 5,0.048323,0.098639
KT18 6,0.011238,0.048573
KT18 7,0.072584,0.143819
KT19 0,0.073924,0.125796
KT19 7,0.044284,0.128157
KT19 8,0.072369,0.186518
KT19 9,0.078833,0.120353
KT2 5,0.082117,0.291427
KT2 6,0.154415,0.378360
KT2 7,0.054692,0.120430
KT20 5,0.011811,0.029337
KT20 6,0.014486,0.050450
KT20 7,0.004144,0.027562
KT20 9,0.012094,0.037492
KT21 1,0.138741,0.216527
KT21 2,0.104381,0.210573
KT21 9,0.116827,0.210175
KT22 0,0.088191,0.141058
KT22 2,0.100691,0.165251
KT22 7,0.156053,0.248559
KT22 8,0.034386,0.060129
KT22 9,0.098257,0.164710
KT23 3,0.088391,0.169467
KT23 4,0.046181,0.086197
KT24 5,0.055126,0.067015
KT24 6,0.018306,0.067664
KT3 3,0.068685,0.175945
KT3 4,0.064428,0.173852
KT3 5,0.075044,0.182204
KT3 6,0.036788,0.136237
KT3 9,0.061317,0.166348
KT4 7,0.121219,0.188538
KT4 8,0.139323,0.190831
KT4 9,0.129807,0.188441
KT5 8,0.043535,0.091667
KT5 9,0.041906,0.094625
KT6 4,0.082028,0.188937
KT6 5,0.059583,0.131663
KT6 6,0.107096,0.218897
KT6 7,0.033554,0.189263
KT7 0,0.091590,0.170752
KT8 0,0.090803,0.145786
KT8 1,0.031626,0.098679
KT8 2,0.056339,0.116999
KT8 8,0.051792,0.121208
KT8 9,0.037978,0.130627
KT9 1,0.049402,0.132014
KT9 2,0.032388,0.076261
KT9 9,0.040974,0.103159
KW1 4,0.130146,0.173658
KW1 5,0.124475,0.166653
KW10 6,0.116980,0.165534
KW11 6,0.056021,0.099783
KW12 6,0.148924,0.172512
KW13 6,0.066188,0.117891
KW14 7,0.080951,0.174000
KW14 8,0.070356,0.156559
KW15 1,0.085059,0.168215
KW15 9,0.085184,0.167592
KW16 3,0.125789,0.191989
KW17 2,0.053735,0.128166
KW2 6,0.072342,0.128852
KW3 6,0.057839,0.176066
KW5 6,0.034193,0.060903
KW6 6,0.136436,0.155377
KW7 6,0.056021,0.174500
KW8 6,0.024394,0.064492
KW9 6,0.020524,0.068370
KY1 1,0.070402,0.094212
KY1 2,0.060862,0.106771
KY1 3,0.027775,0.033104
KY1 4,0.070181,0.089543
KY10 2,0.048276,0.077827
KY10 3,0.038300,0.063977
KY10 9,0.043036,0.070865
KY11 1,0.038369,0.105389
KY11 2,0.080343,0.120474
KY11 3,0.096233,0.186895
KY11 4,0.095680,0.134167
KY11 7,0.037274,0.110886
KY11 8,0.055425,0.072757
KY11 9,0.064826,0.117695
KY12 0,0.087517,0.114798
KY12 2,0.110950,0.150632
KY12 7,0.137684,0.175467
KY12 8,0.144347,0.207033
KY12 9,0.091671,0.123054
KY13 0,0.073274,0.083723
KY13 3,0.049992,0.103094
KY13 8,0.038656,0.104027
KY13 9,0.049686,0.112846
KY14 6,0.076010,0.108029
KY14 7,0.034551,0.074364
KY15 4,0.073022,0.115107
KY15 5,0.042487,0.087053
KY15 7,0.078422,0.119188
KY15 9,0.063063,0.105738
KY16 0,0.046495,0.085944
KY16 6,0.058093,0.104688
KY16 8,0.065372,0.124580
KY16 9,0.055690,0.087973
KY2 5,0.039210,0.091287
KY2 6,0.044007,0.089252
KY2 9,0.042956,0.090733
KY3 0,0.210630,0.264596
KY3 9,0.175440,0.262366
KY4 0,0.083366,0.116993
KY4 8,0.106395,0.142763
KY4 9,0.104130,0.141657
KY5 0,0.070148,0.095252
KY5 8,0.104126,0.150627
KY5 9,0.054174,0.140656
KY6 1,0.078554,0.129022
KY6 2,0.073295,0.112118
KY6 3,0.008057,0.074000
KY7 4,0.063240,0.137390
KY7 5,0.076714,0.144911
KY7 6,0.031344,0.092485
KY7 9,0.008378,0.201171
KY8 1,0.022936,0.082264
KY8 2,0.020455,0.034218
KY8 3,0.025129,0.065676
KY8 4,0.054793,0.110842
KY8 5,0.029327,0.056876
KY8 6,0.055774,0.151760
KY8 9,0.034423,0.077968
KY9 1,0.063446,0.081379
L1 0,0.024602,0.067803
L1 1,0.227468,0.272163
L1 2,0.054571,0.122905
L1 3,0.156291,0.586094
L1 4,0.024498,0.147253
L1 5,0.058403,0.215118
L1 6,0.031384,0.174972
L1 7,0.190228,0.266465
L1 8,0.089956,0.239436
L1 9,0.065113,0.307449
L10 0,0.107227,0.154802
L10 1,0.089977,0.116399
L10 2,0.141015,0.219700
L10 3,0.206796,0.222707
L10 4,0.057297,0.099180
L10 5,0.125226,0.163110
L10 6,0.349088,0.433889
L10 7,0.045340,0.079422
L10 8,0.223162,0.235993
L10 9,0.055952,0.072879
L11 0,0.021115,0.088461
L11 1,0.018992,0.101374
L11 2,0.160899,0.327741
L11 3,0.051358,0.127418
L11 4,0.131996,0.155575
L11 5,0.029650,0.066909
L11 6,0.029650,0.094379
L11 7,0.056784,0.150153
L11 8,0.023620,0.053301
L11 9,0.065931,0.209787
L12 0,0.041881,0.143334
L12 1,0.044592,0.096069
L12 2,0.057216,0.112203
L12 3,0.032745,0.139465
L12 4,0.047804,0.241079
L12 5,0.070652,0.182835
L12 6,0.103327,0.379485
L12 7,0.048570,0.111167
L12 8,0.046541,0.147925
L12 9,0.069215,0.187986
L13 0,0.030239,0.105916
L13 1,0.019946,0.096009
L13 2,0.047021,0.123982
L13 3,0.064208,0.190854
L13 4,0.029691,0.079045
L13 5,0.023626,0.079110
L13 6,0.085625,0.147818
L13 7,0.061178,0.159247
L13 8,0.161057,0.320159
L13 9,0.045439,0.206587
L14 0,0.111457,0.222279
L14 1,0.083896,0.179047
L14 2,0.073306,0.270878
L14 3,0.025624,0.074675
L14 4,0.030276,0.098252
L14 5,0.094931,0.265829
L14 6,0.071913,0.249205
L14 7,0.051912,0.148461
L14 8,0.084408,0.304658
L14 9,0.028520,0.155544
L15 0,0.089584,0.186294
L15 1,0.096777,0.312156
L15 2,0.047338,0.193106
L15 3,0.105351,0.236691
L15 4,0.051737,0.131711
L15 5,0.029067,0.095156
L15 6,0.056221,0.149562
L15 7,0.133334,0.299193
L15 8,0.080357,0.161290
L15 9,0.031440,0.115024
L16 0,0.022068,0.061429
L16 1,0.016936,0.078488
L16 2,0.012556,0.079576
L16 3,0.089326,0.215994
L16 4,0.021419,0.059622
L16 5,0.016551,0.092098
L16 6,0.018673,0.051979
L16 7,0.069845,0.093461
L16 8,0.017340,0.048266
L16 9,0.019683,0.139329
L17 0,0.011111,0.072079
L17 1,0.050364,0.076064
L17 2,0.018516,0.087811
L17 3,0.049221,0.156848
L17 4,0.050700,0.091592
L17 5,0.037395,0.084013
L17 6,0.047998,0.070311
L17 7,0.047392,0.062402
L17 8,0.028279,0.059567
L17 9,0.047448,0.062694
L18 0,0.036419,0.085118
L18 1,0.082233,0.238653
L18 2,0.044516,0.090267
L18 3,0.019392,0.170317
L18 4,0.020518,0.047954
L18 5,0.136289,0.297128
L18 6,0.043607,0.112354
L18 7,0.159010,0.213083
L18 8,0.057501,0.123508
L18 9,0.073018,0.157893
L19 0,0.045638,0.105458
L19 1,0.012843,0.069489
L19 2,0.045024,0.167109
L19 3,0.010853,0.087248
L19 4,0.035659,0.081360
L19 5,0.015726,0.237529
L19 6,0.092653,0.163653
L19 7,0.023007,0.065628
L19 8,0.028490,0.101172
L19 9,0.058050,0.124887
L2 0,0.024888,0.110826
L2 1,0.078999,0.249573
L2 2,0.046181,0.234223
L2 3,0.031999,0.142491
L2 4,0.027151,0.120901
L2 5,0.024216,0.282479
L2 6,0.190434,0.542564
L2 7,0.022399,0.099744
L2 8,0.033999,0.140681
L2 9,0.026352,0.117345
L20 0,0.267812,0.320645
L20 1,0.392993,0.536523
L20 2,0.419137,0.505979
L20 3,0.565116,0.630442
L20 4,0.296481,0.436994
L20 5,0.460260,0.640691
L20 6,0.235701,0.322215
L20 7,0.299753,0.397452
L20 8,0.272383,0.306816
L20 9,0.379043,0.425398
L21 0,0.386900,0.459019
L21 1,0.267052,0.317673
L21 2,0.291318,0.410609
L21 3,0.181144,0.273343
L21 4,0.282919,0.444032
L21 5,0.310450,0.354243
L21 6,0.222248,0.290655
L21 7,0.357202,0.412115
L21 8,0.421318,0.546746
L21 9,0.219054,0.253563
L22 0,0.263625,0.452528
L22 1,0.326322,0.428673
L22 2,0.442414,0.570737
L22 3,0.436948,0.518692
L22 4,0.439521,0.539621
L22 5,0.336683,0.371047
L22 6,0.341619,0.423176
L22 7,0.299860,0.378982
L22 8,0.299201,0.347950
L22 9,0.255858,0.451223
L23 0,0.356693,0.480032
L23 1,0.309036,0.438597
L23 2,0.270863,0.379515
L23 3,0.315236,0.404102
L23 4,0.179728,0.213771
L23 5,0.309682,0.407599
L23 6,0.285878,0.363285
L23 7,0.394334,0.516258
L23 8,0.405407,0.521375
L23 9,0.282068,0.365005
L24 0,0.071998,0.208624
L24 1,0.064962,0.229839
L24 2,0.032271,0.083965
L24 3,0.052695,0.209536
L24 4,0.015617,0.072381
L24 5,0.064427,0.251581
L24 6,0.020822,0.065857
L24 7,0.018740,0.075488
L24 8,0.027559,0.087164
L24 9,0.044840,0.078062
L25 0,0.054556,0.107587
L25 1,0.043384,0.216749
L25 2,0.006780,0.132397
L25 3,0.073389,0.182461
L25 4,0.025066,0.078480
L25 5,0.039537,0.129142
L25 6,0.053649,0.131740
L25 7,0.056910,0.119247
L25 8,0.026611,0.080384
L25 9,0.035030,0.066246
L26 0,0.027250,0.094430
L26 1,0.040433,0.104450
L26 2,0.119403,0.255054
L26 3,0.041172,0.108796
L26 4,0.041172,0.154251
L26 5,0.041172,0.108796
L26 6,0.042022,0.168797
L26 7,0.050519,0.111602
L26 8,0.047054,0.124338
L26 9,0.044818,0.139427
L27 0,0.052636,0.161763
L27 1,0.028648,0.252255
L27 2,0.055029,0.169116
L27 3,0.057649,0.224788
L27 4,0.031042,0.152605
L27 5,0.081871,0.140241
L27 6,0.025758,0.141005
L27 7,0.117736,0.213708
L27 8,0.042139,0.177446
L28 0,0.046201,0.374000
L28 1,0.149101,0.247347
L28 3,0.090149,0.194491
L28 4,0.094017,0.211358
L28 5,0.043634,0.146073
L28 6,0.049089,0.176257
L28 7,0.052361,0.274645
L28 8,0.058179,0.231553
L29 1,0.350480,0.417091
L29 3,0.289094,0.352678
L29 5,0.289094,0.352678
L29 6,0.285221,0.346039
L29 7,0.380629,0.430587
L29 8,0.325438,0.386257
L29 9,0.370171,0.467779
L3 0,0.225694,0.253120
L3 1,0.028901,0.046770
L3 2,0.032888,0.127597
L3 3,0.101294,0.128097
L3 4,0.136803,0.209427
L3 5,0.053361,0.098011
L3 6,0.040518,0.093388
L3 7,0.423564,0.448656
L3 8,0.164920,0.283475
L3 9,0.028901,0.052190
L30 0,0.268917,0.352465
L30 1,0.323458,0.416530
L30 2,0.274899,0.350942
L30 3,0.205252,0.281720
L30 4,0.158527,0.208703
L30 5,0.157215,0.282046
L30 6,0.363489,0.404884
L30 7,0.419506,0.483348
L30 8,0.184155,0.275358
L30 9,0.224657,0.262289
L31 0,0.244107,0.370276
L31 1,0.269974,0.334002
L31 2,0.284155,0.423509
L31 3,0.299720,0.351568
L31 4,0.163548,0.218601
L31 5,0.389346,0.478170
L31 6,0.354587,0.414775
L31 7,0.268659,0.370284
L31 8,0.271532,0.487723
L31 9,0.202563,0.421126
L32 0,0.004518,0.032762
L32 1,0.017540,0.050854
L32 2,0.007482,0.024580
L32 3,0.089250,0.102752
L32 4,0.010737,0.017171
L32 5,0.024678,0.036947
L32 6,0.007042,0.014801
L32 7,0.006139,0.063621
L32 8,0.030156,0.046759
L32 9,0.036595,0.074306
L33 0,0.062825,0.097022
L33 1,0.026732,0.064236
L33 2,0.007925,0.025368
L33 3,0.043374,0.072808
L33 4,0.018029,0.097087
L33 5,0.008391,0.054350
L33 6,0.006387,0.061656
L33 7,0.004553,0.014573
L33 8,0.009105,0.061397
L33 9,0.006387,0.041730
L34 0,0.029325,0.075027
L34 1,0.068786,0.108688
L34 2,0.016872,0.038285
L34 3,0.036525,0.051037
L34 4,0.030800,0.109802
L34 5,0.088993,0.117125
L34 6,0.125728,0.169669
L34 7,0.175260,0.217800
L34 8,0.038500,0.060722
L34 9,0.088000,0.116360
L35 0,0.034967,0.102719
L35 1,0.178271,0.405997
L35 2,0.047460,0.121498
L35 3,0.041471,0.117103
L35 4,0.023067,0.121415
L35 5,0.008913,0.087684
L35 6,0.015458,0.043031
L35 7,0.040562,0.115996
L35 8,0.045104,0.157639
L35 9,0.185283,0.305466
L36 0,0.066056,0.175670
L36 1,0.025131,0.056340
L36 2,0.069945,0.192614
L36 3,0.031079,0.113744
L36 4,0.046247,0.121596
L36 5,0.033371,0.080498
L36 6,0.071446,0.088249
L36 7,0.069535,0.176281
L36 8,0.106201,0.225707
L36 9,0.111790,0.189898
L37 0,0.365221,0.608141
L37 1,0.512339,0.606634
L37 2,0.611335,0.681881
L37 3,0.363169,0.515375
L37 4,0.340255,0.498097
L37 5,0.232790,0.324154
L37 6,0.224137,0.445082
L37 7,0.191757,0.360668
L37 8,0.237233,0.396880
L37 9,0.288660,0.401950
L38 0,0.151487,0.246130
L38 1,0.144075,0.235113
L38 3,0.197885,0.274989
L38 4,0.143499,0.223839
L38 5,0.120539,0.188025
L38 6,0.110975,0.167214
L38 7,0.167279,0.243968
L38 8,0.191118,0.271458
L38 9,0.164714,0.252949
L39 0,0.044592,0.072131
L39 1,0.028874,0.069769
L39 2,0.146085,0.183881
L39 3,0.054030,0.140285
L39 4,0.046930,0.079672
L39 5,0.017748,0.082237
L39 6,0.056186,0.134174
L39 7,0.014199,0.028224
L39 8,0.014816,0.063022
L39 9,0.030068,0.059768
L4 0,0.063333,0.189966
L4 1,0.044072,0.171905
L4 2,0.093389,0.175779
L4 3,0.027585,0.061089
L4 4,0.055765,0.179015
L4 5,0.043821,0.179846
L4 6,0.113896,0.245570
L4 7,0.094254,0.232223
L4 8,0.144032,0.277129
L4 9,0.202394,0.579827
L40 0,0.012439,0.021685
L40 1,0.008722,0.025895
L40 2,0.099975,0.136123
L40 3,0.014052,0.028548
L40 4,0.011856,0.017589
L40 5,0.052031,0.062713
L40 6,0.024271,0.060117
L40 7,0.030117,0.046389
L40 8,0.051656,0.080445
L40 9,0.058916,0.064833
L5 0,0.007703,0.033565
L5 1,0.009148,0.028727
L5 2,0.020440,0.053937
L5 3,0.022512,0.123429
L5 4,0.008285,0.026017
L5 5,0.048108,0.079503
L5 6,0.037458,0.109704
L5 7,0.007442,0.042487
L5 8,0.006553,0.020580
L5 9,0.005934,0.123955
L6 0,0.207848,0.363474
L6 1,0.053473,0.186143
L6 2,0.037532,0.071626
L6 3,0.091415,0.155412
L6 4,0.109368,0.323908
L6 5,0.035835,0.065370
L6 6,0.077543,0.139165
L6 7,0.044776,0.100396
L6 8,0.032238,0.083776
L6 9,0.041806,0.069766
L7 0,0.059242,0.084259
L7 1,0.021201,0.059607
L7 2,0.018598,0.060210
L7 3,0.048710,0.061794
L7 4,0.103830,0.182157
L7 5,0.140439,0.170773
L7 6,0.048136,0.115004
L7 7,0.016826,0.156391
L7 8,0.042579,0.094506
L7 9,0.020001,0.037837
L8 0,0.029963,0.050280
L8 1,0.011110,0.030926
L8 2,0.056660,0.087512
L8 3,0.009104,0.093573
L8 4,0.006126,0.052064
L8 5,0.022341,0.073825
L8 6,0.073022,0.183219
L8 7,0.069197,0.180251
L8 8,0.013287,0.066915
L8 9,0.009104,0.038696
L9 0,0.019740,0.059858
L9 1,0.053525,0.147398
L9 2,0.063482,0.137266
L9 3,0.015336,0.036613
L9 4,0.043836,0.130712
L9 5,0.367589,0.410141
L9 6,0.025058,0.125020
L9 7,0.058401,0.180679
L9 8,0.051160,0.089788
L9 9,0.053531,0.110554
LA1 1,0.062544,0.174646
LA1 2,0.023876,0.063353
LA1 3,0.043122,0.102987
LA1 4,0.049489,0.099023
LA1 5,0.045311,0.112792
LA1 9,0.014789,0.690750
LA10 5,0.031473,0.082183
LA11 6,0.036102,0.047813
LA11 7,0.019480,0.045078
LA11 9,0.026562,0.048973
LA12 0,0.042718,0.066486
LA12 2,0.037107,0.075329
LA12 7,0.027692,0.074432
LA12 8,0.048324,0.067142
LA12 9,0.034929,0.083856
LA13 0,0.009160,0.053419
LA13 9,0.096372,0.252151
LA14 1,0.074956,0.224465
LA14 2,0.039737,0.204813
LA14 3,0.022423,0.071484
LA14 4,0.051398,0.084077
LA14 5,0.086966,0.157028
LA14 9,0.032422,0.082666
LA15 8,0.039771,0.101253
LA16 7,0.038472,0.120351
LA17 7,0.053855,0.058301
LA18 4,0.146283,0.260710
LA18 5,0.061437,0.089477
LA18 9,0.109295,0.189284
LA19 5,0.029243,0.078331
LA2 0,0.030295,0.065942
LA2 6,0.057254,0.144804
LA2 7,0.067001,0.095104
LA2 8,0.051411,0.088399
LA2 9,0.047911,0.084388
LA20 6,0.071169,0.073638
LA21 8,0.130727,0.159580
LA22 0,0.093027,0.098452
LA22 9,0.141507,0.160642
LA23 1,0.025071,0.111313
LA23 2,0.054267,0.117604
LA23 3,0.035513,0.160979
LA23 9,0.041801,0.126275
LA3 1,0.045861,0.199726
LA3 2,0.028374,0.064653
LA3 3,0.023967,0.093518
LA4 4,0.032156,0.105980
LA4 5,0.071124,0.166190
LA4 6,0.029582,0.078829
LA4 9,0.043839,0.116179
LA5 0,0.018213,0.029259
LA5 5,0.032801,0.085672
LA5 8,0.043025,0.110812
LA5 9,0.033848,0.098915
LA6 1,0.010838,0.021045
LA6 2,0.030286,0.073550
LA6 3,0.058184,0.103318
LA7 7,0.051043,0.096441
LA8 0,0.015848,0.058461
LA8 8,0.008479,0.027563
LA8 9,0.011321,0.063450
LA9 4,0.036279,0.191378
LA9 5,0.034158,0.167154
LA9 6,0.100917,0.259157
LA9 7,0.037138,0.132875
LA9 9,0.015122,0.053630
LD1 5,0.011032,0.044723
LD1 6,0.028148,0.048189
LD1 9,0.018728,0.046257
LD2 3,0.010798,0.057635
LD3 0,0.026516,0.071203
LD3 3,0.013252,0.045273
LD3 7,0.011985,0.036374
LD3 8,0.010621,0.041308
LD3 9,0.005225,0.035816
LD4 4,0.001115,0.028439
LD5 4,0.116176,0.142543
LD6 5,0.023081,0.037629
LD7 1,0.011446,0.027230
LD8 2,0.015443,0.030512
LE1 1,0.159187,0.385090
LE1 2,0.200787,0.525576
LE1 3,0.118844,0.470505
LE1 4,0.025996,0.133730
LE1 5,0.066773,0.212768
LE1 6,0.084022,0.273533
LE1 7,0.026594,0.101608
LE1 8,0.115682,0.337634
LE1 9,0.055087,0.160778
LE10 0,0.042885,0.123669
LE10 1,0.033948,0.067705
LE10 2,0.044649,0.080012
LE10 3,0.081739,0.103396
LE10 9,0.023844,0.052761
LE11 1,0.066780,0.279938
LE11 2,0.072334,0.155150
LE11 3,0.098222,0.216467
LE11 4,0.090498,0.241444
LE11 5,0.073274,0.225182
LE11 9,0.032914,0.090703
LE12 5,0.023415,0.130162
LE12 6,0.039158,0.128156
LE12 7,0.061244,0.126736
LE12 8,0.054623,0.122191
LE12 9,0.075979,0.140064
LE13 0,0.062348,0.123160
LE13 1,0.038189,0.078754
LE13 9,0.027139,0.054705
LE14 2,0.126252,0.156679
LE14 3,0.083940,0.134358
LE14 4,0.081884,0.123567
LE15 0,0.016926,0.047146
LE15 6,0.030665,0.107918
LE15 7,0.035623,0.068429
LE15 8,0.024384,0.049574
LE15 9,0.025672,0.094217
LE16 0,0.639000,0.669619
LE16 7,0.111315,0.192041
LE16 8,0.115395,0.158549
LE16 9,0.166872,0.254953
LE17 4,0.057101,0.113835
LE17 5,0.041176,0.055987
LE17 6,0.056250,0.082106
LE17 9,0.052622,0.092157
LE18 1,0.054624,0.118731
LE18 2,0.080611,0.173204
LE18 3,0.052560,0.105993
LE18 4,0.083957,0.172929
LE18 9,0.067950,0.143000
LE19 0,0.038712,0.131797
LE19 1,0.015485,0.034537
LE19 2,0.024682,0.097864
LE19 3,0.036086,0.083636
LE19 4,0.066720,0.095501
LE19 9,0.023018,0.051339
LE2 0,0.053714,0.178404
LE2 1,0.055867,0.178447
LE2 2,0.047394,0.112179
LE2 3,0.062183,0.140117
LE2 4,0.043510,0.122404
LE2 5,0.038791,0.129293
LE2 6,0.085368,0.209879
LE2 7,0.185127,0.433304
LE2 8,0.099423,0.145111
LE2 9,0.079014,0.143592
LE3 0,0.042712,0.159281
LE3 1,0.072960,0.133308
LE3 2,0.065967,0.152310
LE3 3,0.053112,0.090947
LE3 5,0.114206,0.362377
LE3 6,0.053328,0.129273
LE3 7,0.064918,0.152222
LE3 8,0.040795,0.110112
LE3 9,0.086994,0.162390
LE4 0,0.054052,0.105996
LE4 1,0.048179,0.103183
LE4 2,0.074529,0.131481
LE4 3,0.051996,0.103924
LE4 4,0.084384,0.181547
LE4 5,0.155041,0.372377
LE4 6,0.106087,0.248389
LE4 7,0.097599,0.359831
LE4 8,0.123310,0.305985
LE4 9,0.106486,0.258840
LE5 0,0.173835,0.330973
LE5 1,0.030742,0.075845
LE5 2,0.074153,0.130636
LE5 3,0.061547,0.299048
LE5 4,0.111372,0.214814
LE5 5,0.061807,0.188616
LE5 6,0.017425,0.060552
LE6 0,0.060044,0.117094
LE65 1,0.060679,0.118601
LE65 2,0.058327,0.109117
LE65 9,0.059575,0.114537
LE67 0,0.027989,0.051735
LE67 1,0.052177,0.118411
LE67 2,0.011423,0.022505
LE67 3,0.049143,0.100009
LE67 4,0.137467,0.211749
LE67 5,0.035253,0.071189
LE67 6,0.039734,0.059698
LE67 8,0.023575,0.042030
LE67 9,0.069491,0.167485
LE7 1,0.057127,0.166453
LE7 2,0.041471,0.197276
LE7 3,0.033294,0.093692
LE7 4,0.011231,0.038977
LE7 6,0.025790,0.080172
LE7 7,0.038239,0.124324
LE7 9,0.049075,0.105678
LE8 0,0.043268,0.078755
LE8 4,0.087532,0.166575
LE8 5,0.111273,0.187339
LE8 6,0.057514,0.150800
LE8 8,0.051495,0.075298
LE8 9,0.025619,0.133624
LE9 0,0.033230,0.085818
LE9 1,0.013698,0.072602
LE9 2,0.039159,0.076763
LE9 3,0.018073,0.070876
LE9 4,0.020779,0.088903
LE9 6,0.058419,0.149762
LE9 7,0.026443,0.052158
LE9 8,0.044013,0.098609
LE9 9,0.024085,0.058255
LL11 0,0.004170,0.026016
LL11 1,0.001112,0.006938
LL11 2,0.001475,0.019418
LL11 3,0.001864,0.012492
LL11 4,0.006105,0.035537
LL11 5,0.008663,0.052673
LL11 6,0.001560,0.007569
LL12 0,0.007463,0.025497
LL12 7,0.026724,0.058585
LL12 8,0.016935,0.038492
LL12 9,0.010083,0.043300
LL13 0,0.020615,0.053406
LL13 7,0.000814,0.042035
LL13 8,0.000863,0.066049
LL13 9,0.014783,0.039859
LL14 1,0.001882,0.053876
LL14 2,0.013513,0.069925
LL14 3,0.023601,0.089272
LL14 4,0.002662,0.022908
LL14 5,0.070103,0.145529
LL14 6,0.006597,0.023334
LL15 1,0.020958,0.075356
LL15 2,0.039451,0.045790
LL15 9,0.026626,0.065547
LL16 3,0.010545,0.069657
LL16 4,0.009440,0.029967
LL16 5,0.016658,0.061632
LL16 9,0.011924,0.054700
LL17 0,0.065306,0.159837
LL18 1,0.001220,0.046525
LL18 2,0.003716,0.072705
LL18 3,0.007556,0.023774
LL18 4,0.010488,0.053053
LL18 5,0.012482,0.050419
LL18 6,0.025207,0.032534
LL18 9,0.009820,0.049811
LL19 7,0.002113,0.031712
LL19 8,0.024662,0.083937
LL19 9,0.054919,0.136184
LL20 7,0.041867,0.064285
LL20 8,0.019742,0.064083
LL20 9,0.031089,0.063931
LL21 0,0.067695,0.102798
LL21 9,0.039048,0.071197
LL22 7,0.014478,0.077613
LL22 8,0.004284,0.013325
LL22 9,0.004541,0.022132
LL23 7,0.051987,0.118793
LL24 0,0.061088,0.121176
LL25 0,0.056592,0.097994
LL26 0,0.024587,0.055698
LL27 0,0.042488,0.046042
LL28 4,0.014098,0.035835
LL28 5,0.035185,0.066670
LL29 0,0.007469,0.043471
LL29 6,0.002334,0.013585
LL29 7,0.000869,0.007977
LL29 8,0.018358,0.046451
LL29 9,0.001939,0.075704
LL30 1,0.056355,0.114959
LL30 2,0.005540,0.076377
LL30 3,0.003060,0.044076
LL30 9,0.026619,0.084872
LL31 9,0.014438,0.058528
LL32 8,0.017750,0.044417
LL33 0,0.021595,0.041161
LL34 6,0.048488,0.115696
LL35 0,0.086467,0.168279
LL36 0,0.001497,0.009101
LL36 9,0.006664,0.047344
LL37 2,0.002206,0.032112
LL38 2,0.024354,0.027802
LL39 1,0.095469,0.105647
LL40 1,0.032327,0.066349
LL40 2,0.031548,0.057964
LL41 3,0.059549,0.148239
LL41 4,0.082270,0.102862
LL42 1,0.167868,0.275072
LL43 2,0.003596,0.070611
LL44 2,0.007633,0.040988
LL45 2,0.001450,0.004277
LL46 2,0.020558,0.049921
LL47 6,0.001769,0.019395
LL48 6,0.002025,0.021984
LL49 9,0.005803,0.087154
LL51 9,0.001880,0.070769
LL52 0,0.034811,0.113472
LL53 5,0.022794,0.065251
LL53 6,0.002590,0.024471
LL53 7,0.012578,0.023632
LL53 8,0.015320,0.033700
LL53 9,0.013069,0.038499
LL54 5,0.018494,0.051319
LL54 6,0.039474,0.125323
LL54 7,0.056274,0.090209
LL55 1,0.022931,0.028056
LL55 2,0.002235,0.024256
LL55 3,0.043265,0.155248
LL55 4,0.037134,0.083007
LL55 9,0.023133,0.060420
LL56 4,0.002709,0.004461
LL57 1,0.105662,0.172697
LL57 2,0.011755,0.053308
LL57 3,0.029460,0.066798
LL57 4,0.050105,0.083941
LL57 9,0.045303,0.089520
LL58 8,0.034794,0.061547
LL59 5,0.045774,0.087636
LL60 6,0.000470,0.073566
LL61 5,0.042416,0.090183
LL61 6,0.008492,0.011518
LL62 5,0.003067,0.017127
LL63 5,0.005455,0.016338
LL64 5,0.001306,0.003850
LL65 1,0.011185,0.039653
LL65 2,0.006970,0.032617
LL65 3,0.001583,0.011797
LL65 4,0.009690,0.029110
LL66 0,0.004728,0.013943
LL66 9,0.008596,0.025350
LL67 0,0.001241,0.006749
LL68 0,0.013302,0.020584
LL68 9,0.000491,0.038877
LL69 9,0.010491,0.068041
LL70 9,0.004964,0.014640
LL71 7,0.011339,0.017530
LL71 8,0.040390,0.056017
LL72 8,0.001939,0.165426
LL73 8,0.023799,0.038014
LL74 8,0.000794,0.032685
LL75 7,0.004728,0.019540
LL75 8,0.001257,0.011207
LL76 8,0.009444,0.027852
LL77 7,0.007426,0.035597
LL77 8,0.005594,0.024965
LL77 9,0.008111,0.036200
LL78 7,0.007274,0.021450
LL78 8,0.005253,0.015492
LN1 1,0.125410,0.231235
LN1 2,0.096647,0.143057
LN1 3,0.044857,0.103028
LN1 4,0.090916,0.121512
LN1 5,0.075380,0.132579
LN1 6,0.113905,0.210388
LN10 5,0.028589,0.113873
LN10 6,0.081363,0.122711
LN11 0,0.117664,0.172146
LN11 1,0.031497,0.046480
LN11 7,0.044860,0.104242
LN11 8,0.152130,0.175635
LN11 9,0.087258,0.160011
LN12 1,0.099556,0.194165
LN12 2,0.025522,0.150705
LN13 0,0.134664,0.232537
LN13 3,0.075087,0.136266
LN13 9,0.042874,0.083718
LN2 1,0.053133,0.074744
LN2 2,0.067844,0.104424
LN2 3,0.037118,0.090091
LN2 4,0.028424,0.054693
LN2 5,0.076412,0.131594
LN3 4,0.091871,0.120735
LN3 5,0.020679,0.047822
LN4 1,0.020279,0.044454
LN4 2,0.043398,0.070824
LN4 3,0.039479,0.078252
LN4 4,0.024595,0.101288
LN5 0,0.054006,0.089227
LN5 5,0.089756,0.150589
LN5 7,0.286758,0.460527
LN5 8,0.144719,0.265529
LN5 9,0.094212,0.150338
LN6 0,0.064688,0.155515
LN6 3,0.094093,0.167823
LN6 4,0.043905,0.133792
LN6 5,0.012004,0.095989
LN6 6,0.168875,0.247162
LN6 7,0.091341,0.197716
LN6 8,0.027808,0.140183
LN6 9,0.066969,0.155083
LN7 6,0.030613,0.059455
LN8 2,0.059630,0.125233
LN8 3,0.079322,0.145412
LN8 5,0.057934,0.074283
LN8 6,0.014204,0.034965
LN8 9,0.062001,0.110962
LN9 5,0.019076,0.045981
LN9 6,0.036181,0.075092
LN9 9,0.029702,0.064120
LS1 1,0.081365,0.156145
LS1 2,0.020102,0.357412
LS1 3,0.031067,0.059619
LS1 4,0.119445,0.144859
LS1 5,0.028576,0.114454
LS1 6,0.016430,0.089222
LS1 7,0.236139,0.292224
LS1 8,0.123122,0.194502
LS1 9,0.033503,0.064295
LS10 1,0.021058,0.062460
LS10 2,0.141734,0.201480
LS10 3,0.030343,0.073287
LS10 4,0.023603,0.070288
LS10 9,0.039430,0.085852
LS11 0,0.013382,0.106251
LS11 1,0.048103,0.137387
LS11 5,0.069017,0.237474
LS11 6,0.096490,0.172050
LS11 7,0.037015,0.087637
LS11 8,0.033850,0.089050
LS11 9,0.036051,0.170418
LS12 1,0.104995,0.224386
LS12 2,0.034003,0.063844
LS12 3,0.046194,0.103330
LS12 4,0.033592,0.102117
LS12 5,0.061792,0.095188
LS12 6,0.146611,0.189533
LS12 9,0.058406,0.116239
LS13 1,0.052736,0.135876
LS13 2,0.029761,0.062121
LS13 3,0.047651,0.091648
LS13 4,0.035534,0.058956
LS13 9,0.040188,0.083491
LS14 1,0.024352,0.116704
LS14 2,0.032651,0.101631
LS14 3,0.110867,0.154793
LS14 5,0.056210,0.109755
LS14 6,0.088210,0.156020
LS14 9,0.060080,0.128586
LS15 0,0.052881,0.092554
LS15 4,0.033243,0.039564
LS15 5,0.046649,0.079397
LS15 7,0.038271,0.068684
LS15 8,0.070941,0.126726
LS15 9,0.050833,0.077579
LS16 0,0.056145,0.120017
LS16 5,0.046479,0.135740
LS16 6,0.054597,0.123668
LS16 7,0.064337,0.108489
LS16 8,0.082533,0.147081
LS16 9,0.027749,0.083845
LS17 0,0.029097,0.058865
LS17 1,0.048736,0.108428
LS17 5,0.054205,0.110366
LS17 6,0.071726,0.121275
LS17 7,0.062726,0.137118
LS17 8,0.030357,0.099729
LS17 9,0.010696,0.056449
LS18 4,0.041179,0.108371
LS18 5,0.036273,0.116114
LS19 6,0.025966,0.046085
LS19 7,0.033284,0.089218
LS19 9,0.031573,0.076235
LS2 3,0.050338,0.148107
LS2 7,0.114645,0.331890
LS2 8,0.116033,0.402232
LS2 9,0.034651,0.092150
LS20 8,0.082831,0.136918
LS20 9,0.102669,0.201361
LS21 1,0.097423,0.164916
LS21 2,0.100075,0.175412
LS21 3,0.054464,0.125945
LS21 9,0.085689,0.156833
LS22 4,0.006915,0.044467
LS22 5,0.015941,0.079866
LS22 6,0.041130,0.112391
LS22 7,0.065593,0.125369
LS22 9,0.039071,0.101627
LS23 6,0.027703,0.054328
LS23 7,0.005560,0.012772
LS24 0,0.035455,0.079827
LS24 8,0.011372,0.021157
LS24 9,0.044122,0.101655
LS25 1,0.061519,0.113204
LS25 2,0.060523,0.204198
LS25 3,0.011583,0.080781
LS25 4,0.063622,0.085628
LS25 5,0.017209,0.053755
LS25 6,0.036409,0.144869
LS25 7,0.068521,0.122830
LS25 9,0.050963,0.127039
LS26 0,0.028241,0.073590
LS26 8,0.024145,0.096938
LS26 9,0.010846,0.051833
LS27 0,0.025422,0.088054
LS27 1,0.032777,0.067775
LS27 7,0.007067,0.013046
LS27 8,0.039296,0.072120
LS27 9,0.059161,0.102372
LS28 0,0.029074,0.074024
LS28 5,0.035023,0.082762
LS28 6,0.038327,0.079536
LS28 7,0.010547,0.040840
LS28 8,0.029005,0.088164
LS28 9,0.037912,0.083443
LS29 0,0.063038,0.144588
LS29 1,0.059634,0.145412
LS29 6,0.066798,0.147689
LS29 7,0.055737,0.132958
LS29 8,0.074957,0.183717
LS29 9,0.031423,0.105272
LS3 1,0.038416,0.054306
LS4 2,0.072507,0.127511
LS5 2,0.034165,0.092592
LS5 3,0.034587,0.096511
LS6 1,0.067029,0.128305
LS6 2,0.041532,0.075618
LS6 3,0.075563,0.115025
LS6 4,0.072176,0.113210
LS7 1,0.059438,0.107616
LS7 2,0.037104,0.066773
LS7 3,0.040235,0.089089
LS7 4,0.027308,0.059724
LS7 9,0.039168,0.078685
LS8 1,0.072082,0.097950
LS8 2,0.045426,0.057689
LS8 3,0.057443,0.072161
LS8 4,0.131066,0.187552
LS8 5,0.058923,0.121916
LS8 9,0.067037,0.097546
LS9 0,0.064873,0.123262
LS9 6,0.072259,0.125599
LS9 7,0.076893,0.126785
LS9 8,0.150438,0.179423
LS9 9,0.062301,0.111268
LU1 1,0.108574,0.156741
LU1 2,0.339186,0.558886
LU1 3,0.099245,0.150213
LU1 4,0.036542,0.060646
LU1 5,0.090828,0.147708
LU1 9,0.102727,0.159630
LU2 0,0.031816,0.055551
LU2 7,0.084013,0.124143
LU2 8,0.071757,0.093567
LU2 9,0.023168,0.051553
LU3 1,0.100453,0.153412
LU3 2,0.153462,0.217952
LU3 3,0.152591,0.291998
LU3 4,0.143296,0.266192
LU4 0,0.125065,0.212004
LU4 8,0.056038,0.122719
LU4 9,0.155643,0.232846
LU5 4,0.127703,0.187090
LU5 5,0.062618,0.146545
LU5 6,0.025929,0.067723
LU5 7,0.027139,0.101663
LU6 1,0.118462,0.152869
LU6 2,0.016185,0.030292
LU6 3,0.136669,0.158260
LU6 9,0.098623,0.124262
LU7 0,0.013565,0.042784
LU7 1,0.026613,0.106130
LU7 2,0.042677,0.135645
LU7 3,0.055402,0.145502
LU7 4,0.102990,0.220005
LU7 6,0.046996,0.130176
LU7 9,0.027501,0.112618
M1 1,0.049507,0.302367
M1 2,0.043012,0.064261
M1 3,0.032529,0.094132
M1 4,0.009821,0.058438
M1 5,0.057372,0.285346
M1 6,0.013035,0.384669
M1 7,0.007169,0.082234
M11 1,0.060431,0.076404
M11 2,0.077187,0.220381
M11 3,0.053875,0.114546
M11 4,0.040716,0.127679
M12 0,0.081144,0.194819
M12 4,0.058729,0.201512
M12 5,0.099767,0.191531
M12 6,0.082243,0.200802
M13 0,0.077780,0.155095
M13 9,0.095183,0.305578
M14 0,0.119860,0.316352
M14 4,0.132045,0.274132
M14 5,0.072708,0.197721
M14 6,0.089370,0.296786
M14 7,0.174364,0.448069
M15 4,0.024302,0.114105
M15 5,0.084277,0.193598
M15 6,0.109837,0.344124
M16 0,0.042717,0.248473
M16 6,0.068222,0.236915
M16 7,0.067965,0.180337
M16 8,0.110970,0.341499
M16 9,0.038706,0.144148
M17 1,0.001225,0.003188
M17 8,0.004491,0.095023
M18 7,0.065909,0.135621
M18 8,0.068919,0.149500
M19 1,0.152048,0.268080
M19 2,0.071975,0.155745
M19 3,0.067485,0.169152
M2 1,0.074632,0.720478
M2 2,0.089559,0.293145
M2 3,0.116694,0.301366
M2 4,0.115399,0.199424
M2 5,0.066693,0.750215
M2 6,0.060280,0.297526
M2 7,0.407841,0.782594
M20 1,0.085693,0.331898
M20 2,0.046077,0.125412
M20 3,0.100181,0.350109
M20 4,0.076966,0.208903
M20 5,0.035411,0.141217
M20 6,0.078070,0.230292
M21 0,0.064051,0.299200
M21 3,0.031698,0.175588
M21 7,0.033982,0.159616
M21 8,0.021789,0.103570
M21 9,0.014823,0.165404
M22 0,0.100696,0.224914
M22 1,0.076718,0.180150
M22 2,0.068779,0.192385
M22 4,0.031356,0.177839
M22 5,0.087597,0.146737
M22 8,0.074058,0.235117
M22 9,0.076417,0.221580
M23 0,0.020885,0.175559
M23 1,0.053319,0.176527
M23 2,0.034208,0.086928
M23 9,0.062080,0.248904
M24 0,0.037307,0.091841
M24 1,0.032575,0.081340
M24 2,0.031357,0.073978
M24 4,0.040994,0.113876
M24 5,0.066704,0.120070
M24 6,0.004313,0.060546
M25 0,0.081226,0.112075
M25 1,0.044877,0.108623
M25 2,0.013328,0.066382
M25 3,0.011063,0.045283
M25 9,0.030824,0.087418
M26 1,0.044214,0.073299
M26 2,0.109763,0.201418
M26 3,0.067507,0.111617
M26 4,0.033768,0.056271
M26 6,0.061064,0.106098
M27 0,0.024612,0.088582
M27 4,0.051455,0.105103
M27 5,0.066462,0.130705
M27 6,0.030502,0.064226
M27 8,0.090561,0.150443
M27 9,0.088994,0.142535
M28 0,0.068852,0.132624
M28 1,0.032009,0.051709
M28 2,0.035896,0.086434
M28 3,0.060419,0.101478
M28 7,0.100010,0.198340
M28 8,0.057962,0.108720
M29 2,0.081654,0.157705
M29 7,0.096552,0.179544
M29 8,0.065504,0.131818
M3 1,0.024688,0.090825
M3 2,0.035272,0.167722
M3 3,0.404732,0.442683
M3 4,0.101410,0.166401
M3 5,0.140237,0.394846
M3 6,0.104560,0.219391
M3 7,0.085364,0.221899
M30 0,0.048481,0.191662
M30 3,0.067034,0.177422
M30 7,0.065908,0.165619
M30 8,0.074735,0.154415
M30 9,0.086381,0.197639
M31 4,0.003573,0.030231
M32 0,0.022856,0.165129
M32 2,0.024578,0.126851
M32 8,0.023567,0.101959
M32 9,0.024176,0.107066
M33 0,0.010934,0.100661
M33 2,0.011584,0.103879
M33 3,0.019460,0.159171
M33 4,0.002121,0.063317
M33 5,0.003396,0.073114
M33 6,0.007456,0.069232
M33 7,0.021086,0.127422
M34 0,0.058274,0.128686
M34 2,0.067757,0.124660
M34 3,0.039225,0.146787
M34 5,0.078852,0.141789
M34 6,0.054735,0.113207
M34 7,0.038759,0.105408
M35 0,0.073386,0.138664
M35 9,0.088007,0.211050
M38 0,0.041992,0.087188
M38 9,0.083678,0.119366
M4 1,0.086897,0.370373
M4 2,0.059651,0.177217
M4 3,0.171055,0.297018
M4 4,0.117951,0.326953
M4 5,0.025582,0.143223
M4 6,0.088105,0.323346
M4 7,0.103385,0.155896
M40 0,0.036813,0.075463
M40 1,0.088191,0.157012
M40 2,0.121454,0.234852
M40 3,0.079420,0.137370
M40 4,0.085385,0.158636
M40 5,0.077324,0.153675
M40 7,0.125600,0.235788
M40 8,0.063731,0.108733
M40 9,0.073094,0.131594
M41 0,0.018493,0.089420
M41 4,0.020700,0.098428
M41 5,0.038221,0.171085
M41 6,0.034288,0.079915
M41 7,0.008716,0.147862
M41 8,0.015142,0.037516
M41 9,0.008353,0.076390
M43 0,0.058041,0.127088
M43 6,0.049604,0.134584
M43 7,0.064178,0.120021
M44 5,0.041385,0.165487
M44 6,0.088189,0.164260
M45 6,0.042801,0.094632
M45 7,0.016298,0.084371
M45 8,0.015712,0.077051
M46 0,0.063322,0.075438
M46 9,0.031612,0.043268
M5 0,0.083068,0.200177
M5 3,0.070763,0.280798
M5 4,0.076156,0.137935
M5 5,0.114641,0.203501
M50 1,0.018455,0.141537
M50 2,0.011031,0.147702
M50 3,0.080874,0.306666
M6 5,0.117494,0.321221
M6 6,0.038212,0.174489
M6 7,0.039208,0.099645
M6 8,0.090243,0.167035
M7 1,0.080052,0.298323
M7 2,0.066642,0.136534
M7 3,0.079713,0.197393
M7 4,0.074392,0.126740
M8 0,0.020592,0.064868
M8 2,0.038450,0.088467
M8 4,0.016726,0.061713
M8 5,0.038474,0.072979
M8 8,0.123991,0.169783
M8 9,0.029823,0.126414
M9 0,0.021883,0.096863
M9 4,0.053100,0.124442
M9 5,0.040978,0.113962
M9 6,0.068172,0.130890
M9 7,0.084606,0.203775
M9 8,0.020126,0.064938
M9 9,0.049941,0.123451
M90 1,0.286278,0.338044
M90 3,0.587693,0.623641
M90 4,0.230869,0.272616
M90 5,0.362999,0.473105
ME1 1,0.109470,0.220043
ME1 2,0.067808,0.138970
ME1 3,0.030435,0.088100
ME1 9,0.064106,0.139458
ME10 1,0.070681,0.184653
ME10 2,0.029029,0.151287
ME10 3,0.078992,0.157510
ME10 4,0.050292,0.129489
ME10 5,0.036751,0.116171
ME10 9,0.051287,0.146375
ME11 5,0.054451,0.066784
ME12 1,0.063695,0.241838
ME12 2,0.087959,0.280395
ME12 3,0.086565,0.129800
ME12 4,0.073136,0.147748
ME12 6,0.072624,0.180824
ME12 9,0.079887,0.198907
ME13 0,0.036385,0.062794
ME13 3,0.042884,0.108434
ME13 7,0.045891,0.079938
ME13 8,0.045368,0.166006
ME13 9,0.035882,0.063011
ME14 1,0.036021,0.107720
ME14 2,0.038233,0.092969
ME14 3,0.004184,0.021973
ME14 4,0.043873,0.073616
ME14 5,0.016187,0.051283
ME14 9,0.012050,0.029882
ME15 0,0.026793,0.042945
ME15 6,0.059710,0.107646
ME15 7,0.035013,0.090887
ME15 8,0.024415,0.035585
ME15 9,0.040546,0.108511
ME16 0,0.036006,0.088651
ME16 8,0.050090,0.137913
ME16 9,0.008616,0.040304
ME17 1,0.012294,0.036335
ME17 2,0.044231,0.105675
ME17 3,0.045251,0.089761
ME17 4,0.026581,0.050426
ME18 5,0.030440,0.049387
ME18 6,0.028833,0.084983
ME19 4,0.031833,0.088879
ME19 5,0.031919,0.061496
ME19 6,0.013098,0.041700
ME2 1,0.039496,0.096249
ME2 2,0.028353,0.094229
ME2 3,0.018512,0.052887
ME2 4,0.059329,0.160628
ME20 6,0.035007,0.093062
ME20 7,0.036953,0.116403
ME3 0,0.129330,0.181385
ME3 7,0.025028,0.048874
ME3 8,0.051234,0.114748
ME3 9,0.026153,0.061394
ME4 3,0.032953,0.114645
ME4 4,0.037769,0.145966
ME4 5,0.054139,0.184838
ME4 6,0.064133,0.136640
ME4 9,0.051798,0.153441
ME5 0,0.013429,0.051085
ME5 7,0.031909,0.074180
ME5 8,0.008697,0.049628
ME5 9,0.030471,0.067168
ME6 5,0.020929,0.100249
ME6 9,0.009716,0.043726
ME7 1,0.066407,0.163758
ME7 2,0.053558,0.118203
ME7 3,0.041616,0.055612
ME7 4,0.020296,0.103694
ME7 5,0.044627,0.126042
ME7 9,0.047146,0.117917
ME8 0,0.017461,0.064049
ME8 1,0.041570,0.083107
ME8 6,0.042797,0.065796
ME8 7,0.028820,0.068271
ME8 8,0.073399,0.146796
ME8 9,0.041519,0.067707
ME9 0,0.099769,0.157622
ME9 7,0.064355,0.072592
ME9 8,0.047519,0.100691
ME9 9,0.065919,0.088539
MK1 1,0.035370,0.597140
MK1 9,0.043931,0.510772
MK10 0,0.164703,0.287429
MK10 1,0.048698,0.084532
MK10 7,0.069604,0.162497
MK10 9,0.130399,0.196460
MK11 1,0.063199,0.091701
MK11 2,0.174350,0.192271
MK11 3,0.042835,0.059837
MK11 4,0.044099,0.091337
MK11 9,0.083529,0.116683
MK12 5,0.051309,0.144273
MK12 6,0.183023,0.228686
MK13 0,0.046153,0.118114
MK13 7,0.070009,0.114561
MK13 8,0.021017,0.037646
MK13 9,0.008560,0.027671
MK14 5,0.080096,0.174307
MK14 6,0.117782,0.179550
MK14 7,0.149861,0.202644
MK15 0,0.113000,0.321957
MK15 8,0.097786,0.177172
MK15 9,0.080336,0.156184
MK16 0,0.064260,0.167651
MK16 6,0.058924,0.160385
MK16 8,0.058573,0.134755
MK16 9,0.051048,0.190457
MK17 0,0.060567,0.099070
MK17 7,0.068848,0.146442
MK17 8,0.083693,0.196567
MK17 9,0.044306,0.062327
MK18 1,0.055408,0.081963
MK18 2,0.106997,0.163070
MK18 3,0.023758,0.056383
MK18 4,0.049732,0.122048
MK18 5,0.009187,0.027317
MK18 6,0.041137,0.070167
MK18 7,0.058525,0.089692
MK18 9,0.055536,0.094725
MK19 6,0.028633,0.048777
MK19 7,0.033360,0.081191
MK2 2,0.090739,0.188206
MK2 3,0.045191,0.080891
MK3 4,0.049301,0.106470
MK3 5,0.061965,0.137179
MK3 6,0.035528,0.080893
MK3 7,0.077181,0.161716
MK4 1,0.061599,0.088348
MK4 2,0.062506,0.094168
MK4 3,0.024473,0.047110
MK4 4,0.029025,0.042313
MK40 1,0.121801,0.245776
MK40 2,0.130863,0.202705
MK40 3,0.092564,0.202542
MK40 4,0.015982,0.126950
MK40 9,0.078594,0.180646
MK41 0,0.072122,0.202403
MK41 6,0.100561,0.280259
MK41 7,0.124778,0.240960
MK41 8,0.105482,0.168966
MK41 9,0.172408,0.401501
MK42 0,0.006996,0.090603
MK42 5,0.045153,0.143683
MK42 6,0.271512,0.519827
MK42 7,0.021690,0.095561
MK42 8,0.045288,0.114970
MK42 9,0.031962,0.143441
MK43 0,0.113518,0.214547
MK43 1,0.082175,0.160833
MK43 2,0.074925,0.131936
MK43 7,0.112617,0.198087
MK43 8,0.033134,0.093317
MK43 9,0.238730,0.373521
MK44 1,0.040186,0.074621
MK44 2,0.115144,0.215512
MK44 3,0.032688,0.058945
MK45 1,0.029970,0.113570
MK45 2,0.025049,0.079175
MK45 3,0.204110,0.288188
MK45 4,0.021077,0.085274
MK45 5,0.116418,0.281018
MK45 9,0.063809,0.144284
MK46 4,0.069246,0.217507
MK46 5,0.045612,0.099988
MK5 6,0.081119,0.083120
MK5 7,0.047488,0.074025
MK5 8,0.134773,0.155219
MK6 1,0.099442,0.272136
MK6 2,0.155425,0.259269
MK6 3,0.125279,0.251653
MK6 4,0.273812,0.361845
MK6 5,0.160034,0.253301
MK7 6,0.104640,0.134940
MK7 7,0.103893,0.128677
MK7 8,0.104080,0.195122
MK8 0,0.047311,0.061370
MK8 1,0.018812,0.037698
MK8 8,0.042420,0.071405
MK8 9,0.020121,0.069890
MK9 1,0.016255,0.037193
MK9 2,0.050344,0.084468
MK9 3,0.037544,0.162157
MK9 4,0.088234,0.148831
ML1 1,0.165484,0.207752
ML1 2,0.112866,0.180450
ML1 3,0.105627,0.147711
ML1 4,0.107214,0.153435
ML1 5,0.091234,0.143943
ML1 9,0.044647,0.064826
ML10 6,0.070260,0.110033
ML11 0,0.038320,0.086086
ML11 7,0.029030,0.056889
ML11 8,0.033963,0.068368
ML11 9,0.044087,0.103419
ML12 6,0.050268,0.101182
ML12 9,0.052237,0.103191
ML2 0,0.084853,0.155830
ML2 2,0.091837,0.161281
ML2 7,0.129241,0.195820
ML2 8,0.087989,0.158293
ML2 9,0.047661,0.120210
ML3 0,0.109389,0.163491
ML3 3,0.041708,0.067473
ML3 6,0.121823,0.212839
ML3 7,0.067783,0.113880
ML3 8,0.077985,0.138475
ML3 9,0.112923,0.163129
ML4 1,0.119969,0.164463
ML4 2,0.063826,0.165805
ML4 3,0.086837,0.136365
ML4 9,0.087429,0.158274
ML5 1,0.055994,0.086458
ML5 2,0.137108,0.161745
ML5 3,0.055861,0.081379
ML5 4,0.105141,0.160392
ML5 5,0.120196,0.171563
ML5 9,0.100503,0.140974
ML6 0,0.120307,0.155140
ML6 1,0.105822,0.136926
ML6 6,0.104730,0.137245
ML6 7,0.099190,0.130638
ML6 8,0.110417,0.147266
ML6 9,0.098748,0.117993
ML7 4,0.055754,0.089890
ML7 5,0.045375,0.098798
ML7 9,0.051511,0.096838
ML8 4,0.079293,0.167493
ML8 5,0.094607,0.140590
ML9 1,0.025414,0.063181
ML9 2,0.091606,0.162519
ML9 3,0.063249,0.161154
ML9 9,0.062006,0.130976
N1 0,0.099754,0.272172
N1 1,0.092980,0.226115
N1 2,0.095141,0.238676
N1 3,0.183097,0.432828
N1 4,0.259745,0.440061
N1 5,0.277548,0.627428
N1 6,0.242625,0.554520
N1 7,0.168476,0.432894
N1 8,0.105065,0.277440
N1 9,0.153295,0.257833
N10 1,0.167891,0.215741
N10 2,0.142680,0.203152
N10 3,0.080927,0.113509
N10 9,0.130322,0.180077
N11 1,0.123060,0.223964
N11 2,0.082874,0.128383
N11 3,0.208546,0.267212
N12 0,0.151851,0.203870
N12 2,0.062845,0.110179
N12 7,0.009042,0.076299
N12 8,0.012456,0.037375
N12 9,0.050437,0.094067
N13 4,0.117295,0.203076
N13 5,0.149446,0.274309
N13 6,0.121150,0.239632
N14 4,0.099509,0.139088
N14 5,0.074759,0.132514
N14 6,0.091315,0.166237
N14 7,0.135463,0.207327
N14 9,0.101437,0.161753
N15 3,0.304152,0.389353
N15 4,0.155486,0.340531
N15 5,0.458170,0.693205
N15 6,0.185525,0.260098
N16 0,0.205035,0.440621
N16 1,0.264788,0.459973
N16 5,0.242348,0.431517
N16 6,0.224108,0.404063
N16 7,0.338768,0.515045
N16 8,0.266943,0.485516
N16 9,0.325775,0.515555
N17 0,0.445450,0.644027
N17 1,0.261800,0.399519
N17 6,0.176071,0.230408
N17 7,0.317803,0.431306
N17 8,0.186944,0.293005
N17 9,0.244563,0.473970
N18 1,0.109815,0.210790
N18 2,0.121689,0.289427
N18 3,0.044416,0.302737
N18 9,0.117702,0.252252
N19 3,0.168281,0.258499
N19 4,0.238538,0.338504
N19 5,0.129453,0.290312
N19 9,0.175163,0.292035
N1C 4,0.032869,0.362049
N2 0,0.151228,0.182474
N2 2,0.124022,0.162247
N2 8,0.061056,0.113461
N2 9,0.145202,0.168942
N20 0,0.059824,0.121068
N20 2,0.061818,0.119937
N20 8,0.049687,0.115899
N20 9,0.060414,0.096695
N21 1,0.063015,0.151139
N21 2,0.107672,0.154528
N21 3,0.106603,0.218414
N21 9,0.093186,0.177245
N22 5,0.103626,0.155375
N22 6,0.458698,0.575983
N22 7,0.093820,0.106277
N22 8,0.145589,0.188549
N22 9,0.213815,0.277051
N3 1,0.023016,0.063969
N3 2,0.098347,0.112778
N3 3,0.132715,0.166757
N3 9,0.084763,0.117227
N4 1,0.124758,0.299535
N4 2,0.318198,0.494990
N4 3,0.255516,0.413325
N4 4,0.079952,0.154289
N5 1,0.189465,0.319039
N5 2,0.148536,0.288480
N5 9,0.169096,0.303468
N6 4,0.099763,0.157904
N6 5,0.030482,0.069961
N6 6,0.045356,0.277535
N7 0,0.358447,0.501425
N7 6,0.381706,0.577429
N7 7,0.329941,0.618870
N7 8,0.128071,0.227328
N7 9,0.200668,0.291573
N8 0,0.144314,0.236793
N8 7,0.391249,0.469054
N8 8,0.204692,0.257712
N8 9,0.082655,0.154255
N9 0,0.068192,0.330427
N9 1,0.056894,0.242362
N9 7,0.057300,0.159266
N9 8,0.043783,0.329779
N9 9,0.050325,0.158679
NE1 1,0.101674,0.312537
NE1 2,0.023047,0.083212
NE1 3,0.047278,0.164720
NE1 4,0.050602,0.178496
NE1 5,0.048856,0.191351
NE1 6,0.017081,0.048531
NE1 7,0.018374,0.205201
NE1 8,0.388084,0.601531
NE10 0,0.047414,0.079359
NE10 8,0.047461,0.132999
NE10 9,0.028803,0.100025
NE11 0,0.039040,0.039830
NE11 9,0.015177,0.022960
NE12 2,0.074894,0.130478
NE12 5,0.056541,0.131820
NE12 6,0.056332,0.094828
NE12 7,0.092861,0.171762
NE12 8,0.107376,0.192953
NE12 9,0.053450,0.073348
NE13 6,0.050118,0.091097
NE13 7,0.117766,0.209535
NE13 8,0.025799,0.042991
NE13 9,0.078244,0.126300
NE15 0,0.025053,0.037850
NE15 6,0.020808,0.071228
NE15 7,0.024596,0.050455
NE15 8,0.033175,0.072873
NE15 9,0.066680,0.115117
NE16 3,0.032733,0.093775
NE16 4,0.011751,0.050044
NE16 5,0.049786,0.106960
NE16 6,0.045808,0.069017
NE17 7,0.088208,0.144194
NE18 0,0.055120,0.182222
NE19 1,0.006273,0.031030
NE19 2,0.005411,0.025248
NE2 1,0.036279,0.076680
NE2 2,0.047235,0.117683
NE2 3,0.060151,0.107348
NE2 4,0.069089,0.158162
NE20 0,0.047837,0.095621
NE20 2,0.093277,0.176897
NE20 9,0.105673,0.198660
NE21 4,0.031159,0.079607
NE21 5,0.033500,0.100365
NE21 6,0.028206,0.065150
NE22 5,0.059648,0.137038
NE22 6,0.059330,0.132896
NE22 7,0.035297,0.046426
NE23 0,0.085142,0.162703
NE23 1,0.055231,0.097717
NE23 2,0.127965,0.225010
NE23 3,0.044037,0.143801
NE23 6,0.103309,0.191108
NE23 7,0.053281,0.110391
NE23 8,0.167250,0.259907
NE24 1,0.056815,0.180800
NE24 2,0.131460,0.309273
NE24 3,0.095499,0.188572
NE24 4,0.128873,0.181194
NE24 5,0.053197,0.122769
NE24 9,0.094394,0.187891
NE25 0,0.071257,0.165731
NE25 8,0.065406,0.141806
NE25 9,0.065479,0.162059
NE26 1,0.035440,0.043991
NE26 2,0.072138,0.091841
NE26 3,0.033554,0.057214
NE26 4,0.024350,0.043367
NE27 0,0.055488,0.143664
NE27 9,0.025723,0.065992
NE28 0,0.044345,0.053830
NE28 6,0.061779,0.064332
NE28 7,0.053825,0.075084
NE28 8,0.099813,0.155360
NE28 9,0.055898,0.072203
NE29 0,0.026049,0.095321
NE29 1,0.034669,0.083666
NE29 6,0.020301,0.084977
NE29 7,0.032947,0.046774
NE29 8,0.037404,0.078823
NE29 9,0.069992,0.131772
NE3 1,0.077448,0.161123
NE3 2,0.095009,0.167908
NE3 3,0.061944,0.130592
NE3 4,0.079042,0.149572
NE3 5,0.097341,0.140817
NE3 9,0.081212,0.149838
NE30 1,0.061181,0.110632
NE30 2,0.057958,0.103840
NE30 3,0.044826,0.063689
NE30 4,0.017893,0.059163
NE31 1,0.016278,0.087503
NE31 2,0.054959,0.098617
NE32 3,0.018837,0.089409
NE32 4,0.030084,0.081751
NE32 5,0.013641,0.089462
NE33 1,0.004337,0.009554
NE33 2,0.014133,0.037814
NE33 3,0.033410,0.036121
NE33 4,0.018020,0.055030
NE33 5,0.041305,0.089087
NE33 9,0.013233,0.026097
NE34 0,0.036728,0.169267
NE34 6,0.013708,0.105036
NE34 7,0.034612,0.106365
NE34 8,0.030304,0.156889
NE34 9,0.018291,0.103863
NE35 9,0.000939,0.052194
NE36 0,0.044342,0.139572
NE37 1,0.080539,0.162668
NE37 2,0.039184,0.120110
NE37 3,0.078176,0.120075
NE37 9,0.064766,0.137903
NE38 0,0.068988,0.145163
NE38 7,0.082243,0.138147
NE38 8,0.078617,0.117972
NE38 9,0.085636,0.169958
NE39 1,0.039981,0.078698
NE39 2,0.018808,0.025185
NE4 5,0.033213,0.060281
NE4 6,0.030727,0.054896
NE4 7,0.119231,0.225046
NE4 8,0.018476,0.074821
NE4 9,0.063030,0.139853
NE40 3,0.026616,0.073308
NE40 4,0.052011,0.082665
NE40 9,0.040033,0.079243
NE41 8,0.020672,0.093881
NE42 5,0.036365,0.078434
NE42 6,0.066316,0.194820
NE42 9,0.050546,0.132173
NE43 7,0.047312,0.096204
NE44 6,0.006177,0.047442
NE45 5,0.091596,0.189960
NE46 1,0.027936,0.094364
NE46 2,0.011402,0.105718
NE46 3,0.060455,0.094942
NE46 4,0.018411,0.090676
NE46 9,0.029173,0.097366
NE47 0,0.051795,0.115665
NE47 5,0.153938,0.190682
NE47 6,0.054072,0.173898
NE47 7,0.033830,0.046624
NE47 8,0.053633,0.067923
NE47 9,0.030962,0.077302
NE48 1,0.009319,0.128445
NE48 2,0.014921,0.041462
NE48 3,0.047965,0.070714
NE48 4,0.021778,0.040226
NE49 0,0.051928,0.056138
NE49 9,0.111833,0.137974
NE5 1,0.052468,0.118787
NE5 2,0.061974,0.146588
NE5 3,0.073434,0.147814
NE5 4,0.094048,0.183615
NE5 5,0.063144,0.119703
NE5 9,0.068409,0.144356
NE6 1,0.035495,0.141683
NE6 2,0.019189,0.081065
NE6 3,0.047628,0.085122
NE6 4,0.088599,0.159724
NE6 5,0.030147,0.096435
NE6 9,0.044594,0.109679
NE61 1,0.085518,0.152882
NE61 2,0.055104,0.124875
NE61 3,0.023193,0.058158
NE61 4,0.007950,0.023488
NE61 5,0.054819,0.076788
NE61 6,0.063923,0.104915
NE61 9,0.009884,0.018309
NE62 5,0.052790,0.092883
NE63 0,0.103275,0.183701
NE63 3,0.075400,0.153636
NE63 8,0.054368,0.133837
NE63 9,0.072522,0.149480
NE64 6,0.048703,0.121395
NE65 0,0.037551,0.093034
NE65 7,0.029058,0.060083
NE65 8,0.055729,0.077169
NE65 9,0.046089,0.132116
NE66 1,0.061343,0.098381
NE66 2,0.068236,0.070490
NE66 3,0.037424,0.089400
NE66 4,0.054563,0.098992
NE66 5,0.039488,0.070672
NE66 9,0.056198,0.089558
NE67 5,0.001161,0.031096
NE68 7,0.006834,0.030682
NE69 7,0.125990,0.143187
NE7 7,0.070923,0.117689
NE70 7,0.072762,0.109144
NE71 6,0.020464,0.030327
NE8 1,0.009587,0.039064
NE8 2,0.006604,0.052763
NE8 3,0.021480,0.051966
NE8 4,0.018845,0.054790
NE8 9,0.008079,0.026257
NE9 5,0.028474,0.052187
NE9 6,0.026828,0.059698
NE9 7,0.017469,0.080967
NE9 9,0.024988,0.065260
NG1 1,0.173796,0.285697
NG1 2,0.016264,0.042355
NG1 3,0.015943,0.107912
NG1 4,0.017811,0.042730
NG1 5,0.033754,0.069079
NG1 6,0.061827,0.096333
NG1 7,0.043396,0.599444
NG1 9,0.069121,0.180010
NG10 1,0.046481,0.173141
NG10 2,0.023890,0.170306
NG10 3,0.019468,0.157057
NG10 4,0.080740,0.352499
NG10 5,0.039459,0.135828
NG10 9,0.042123,0.198734
NG11 0,0.098200,0.216086
NG11 1,0.042742,0.144238
NG11 2,0.024424,0.110993
NG11 6,0.061103,0.168660
NG11 7,0.022756,0.168898
NG11 8,0.016580,0.104961
NG11 9,0.055138,0.140206
NG12 1,0.088540,0.133689
NG12 2,0.051341,0.148766
NG12 3,0.104930,0.212402
NG12 4,0.029509,0.106554
NG12 5,0.062877,0.124071
NG13 0,0.073021,0.215862
NG13 7,0.032106,0.068831
NG13 8,0.130438,0.248690
NG13 9,0.065075,0.158815
NG14 5,0.085676,0.242966
NG14 6,0.048455,0.102074
NG14 7,0.043390,0.117709
NG15 0,0.096062,0.109583
NG15 5,0.055514,0.110952
NG15 6,0.050755,0.088470
NG15 7,0.077582,0.147794
NG15 8,0.037588,0.137358
NG15 9,0.020869,0.054706
NG16 1,0.024091,0.076815
NG16 2,0.024735,0.077044
NG16 3,0.063974,0.089368
NG16 4,0.033715,0.113704
NG16 5,0.037317,0.098643
NG16 6,0.020297,0.076630
NG16 9,0.033816,0.086537
NG17 0,0.038043,0.099650
NG17 1,0.026575,0.093062
NG17 2,0.048142,0.106810
NG17 3,0.018271,0.047015
NG17 4,0.029563,0.130775
NG17 5,0.008085,0.065407
NG17 6,0.034585,0.090591
NG17 7,0.068890,0.143232
NG17 8,0.048737,0.101737
NG17 9,0.038695,0.084320
NG18 1,0.029419,0.119970
NG18 2,0.014481,0.043085
NG18 3,0.019474,0.048110
NG18 4,0.023977,0.061174
NG18 5,0.010304,0.083658
NG18 6,0.008037,0.026741
NG18 9,0.496660,0.518720
NG19 0,0.013229,0.057114
NG19 6,0.020364,0.055020
NG19 7,0.035147,0.063064
NG19 8,0.034312,0.085452
NG19 9,0.021839,0.079305
NG2 1,0.045085,0.248405
NG2 2,0.070535,0.176716
NG2 3,0.008215,0.319915
NG2 4,0.134807,0.241334
NG2 5,0.014737,0.081933
NG2 6,0.060996,0.194810
NG2 7,0.016296,0.155909
NG2 9,0.013987,0.062606
NG20 0,0.042533,0.095753
NG20 8,0.031852,0.082833
NG20 9,0.015854,0.087429
NG21 0,0.035198,0.069710
NG21 9,0.013624,0.037628
NG22 0,0.052665,0.084256
NG22 8,0.020107,0.086462
NG22 9,0.032160,0.096520
NG23 5,0.113434,0.165584
NG23 6,0.072186,0.138920
NG23 7,0.080702,0.148910
NG24 0,0.069056,0.167524
NG24 1,0.117097,0.234498
NG24 2,0.063641,0.165532
NG24 3,0.069090,0.135527
NG24 4,0.055218,0.190467
NG24 5,0.067650,0.206235
NG24 9,0.037184,0.090205
NG25 0,0.073887,0.109635
NG3 1,0.035166,0.103168
NG3 2,0.041796,0.081639
NG3 3,0.042125,0.090342
NG3 4,0.022044,0.069944
NG3 5,0.017672,0.061849
NG3 6,0.012327,0.061387
NG3 7,0.013699,0.020319
NG31 0,0.630676,0.653272
NG31 6,0.092789,0.156496
NG31 7,0.038389,0.094427
NG31 8,0.060871,0.130867
NG31 9,0.043407,0.097791
NG32 1,0.016287,0.028253
NG32 2,0.082166,0.159498
NG32 3,0.028910,0.083631
NG33 4,0.059504,0.085082
NG33 5,0.014404,0.031374
NG34 0,0.115254,0.186159
NG34 4,0.021555,0.646121
NG34 6,0.021555,0.046121
NG34 7,0.040963,0.118702
NG34 8,0.016604,0.042531
NG34 9,0.074612,0.146952
NG4 1,0.043171,0.112713
NG4 2,0.124284,0.462360
NG4 3,0.098661,0.191217
NG4 4,0.063206,0.128075
NG4 9,0.079337,0.214355
NG5 0,0.015328,0.031693
NG5 1,0.014736,0.064321
NG5 2,0.047095,0.069345
NG5 3,0.030863,0.045934
NG5 4,0.036245,0.058926
NG5 5,0.033468,0.066553
NG5 6,0.065140,0.137501
NG5 7,0.022559,0.051761
NG5 8,0.032210,0.070281
NG5 9,0.029022,0.061131
NG6 0,0.026369,0.098730
NG6 6,0.042653,0.103770
NG6 7,0.084179,0.132193
NG6 8,0.050046,0.123021
NG6 9,0.022660,0.057939
NG7 1,0.043520,0.060274
NG7 2,0.044741,0.110990
NG7 3,0.034158,0.044498
NG7 4,0.020867,0.026679
NG7 5,0.024245,0.052475
NG7 6,0.025946,0.077562
NG7 7,0.015914,0.060896
NG8 1,0.086731,0.169990
NG8 2,0.027850,0.076275
NG8 3,0.034614,0.080800
NG8 4,0.018962,0.042522
NG8 5,0.028144,0.052642
NG8 6,0.022383,0.033099
NG8 9,0.035272,0.073726
NG9 1,0.025737,0.140906
NG9 2,0.088491,0.212076
NG9 3,0.049715,0.138622
NG9 4,0.077391,0.224957
NG9 5,0.040352,0.134411
NG9 6,0.062950,0.241853
NG9 7,0.046687,0.139683
NG9 8,0.044759,0.126683
NG9 9,0.026663,0.082052
NN1 1,0.102140,0.164172
NN1 2,0.143256,0.221883
NN1 3,0.054896,0.124670
NN1 4,0.096123,0.173692
NN1 5,0.119928,0.207498
NN1 9,0.065266,0.116066
NN10 0,0.096526,0.148957
NN10 1,0.079158,0.136971
NN10 6,0.073474,0.127842
NN10 8,0.036325,0.080639
NN10 9,0.093370,0.170429
NN11 0,0.040941,0.083747
NN11 1,0.025409,0.052355
NN11 2,0.094868,0.166503
NN11 3,0.113134,0.169215
NN11 4,0.042913,0.112267
NN11 6,0.050787,0.070169
NN11 7,0.032504,0.137255
NN11 8,0.009857,0.031093
NN11 9,0.048307,0.125515
NN12 6,0.103033,0.151642
NN12 7,0.044210,0.066622
NN12 8,0.049989,0.063244
NN12 9,0.026927,0.038471
NN13 5,0.061555,0.079745
NN13 6,0.034331,0.055822
NN13 7,0.053029,0.079478
NN13 9,0.045076,0.067227
NN14 1,0.043725,0.056053
NN14 2,0.027682,0.065424
NN14 3,0.028792,0.042731
NN14 4,0.042145,0.069693
NN14 6,0.024383,0.040281
NN15 4,0.016564,0.026890
NN15 5,0.022529,0.052154
NN15 6,0.069280,0.096787
NN15 7,0.041437,0.059491
NN16 0,0.071365,0.115639
NN16 6,0.024294,0.033946
NN16 8,0.110509,0.155761
NN16 9,0.098169,0.126226
NN17 1,0.027124,0.067291
NN17 2,0.023629,0.058757
NN17 3,0.048044,0.063779
NN17 4,0.037883,0.050864
NN17 5,0.076951,0.086338
NN17 9,0.017961,0.033605
NN18 0,0.027519,0.048030
NN18 8,0.004756,0.017850
NN18 9,0.038547,0.097433
NN2 6,0.038381,0.128382
NN2 7,0.052813,0.090548
NN2 8,0.019908,0.049600
NN29 7,0.027660,0.051186
NN3 0,0.044853,0.073667
NN3 2,0.090809,0.108150
NN3 3,0.026075,0.053067
NN3 5,0.006744,0.039437
NN3 6,0.040077,0.096379
NN3 7,0.078926,0.096110
NN3 8,0.015707,0.043485
NN3 9,0.064015,0.091469
NN4 0,0.008388,0.042766
NN4 5,0.004958,0.051461
NN4 6,0.018795,0.029040
NN4 7,0.005556,0.014705
NN4 8,0.051118,0.117588
NN4 9,0.002846,0.024766
NN5 4,0.006980,0.030526
NN5 5,0.119997,0.313695
NN5 6,0.045297,0.067626
NN5 7,0.027627,0.063302
NN6 0,0.047867,0.063207
NN6 6,0.018074,0.059958
NN6 7,0.067103,0.107746
NN6 8,0.005241,0.062352
NN6 9,0.015399,0.036388
NN7 1,0.045272,0.049984
NN7 2,0.064061,0.128056
NN7 3,0.080803,0.107649
NN7 4,0.066141,0.108155
NN8 1,0.093048,0.163829
NN8 2,0.059905,0.115747
NN8 3,0.066602,0.115179
NN8 4,0.086652,0.133512
NN8 5,0.008794,0.032247
NN8 6,0.014723,0.025979
NN8 9,0.453065,0.508669
NN9 5,0.046659,0.084205
NN9 6,0.034962,0.063932
NP10 0,0.004189,0.008071
NP10 8,0.013309,0.025227
NP10 9,0.015381,0.028921
NP11 3,0.008851,0.015459
NP11 4,0.081314,0.101489
NP11 5,0.022760,0.026341
NP11 6,0.020825,0.100218
NP11 7,0.006723,0.021712
NP11 9,0.026100,0.058147
NP12 0,0.002314,0.006578
NP12 1,0.003272,0.029666
NP12 2,0.003003,0.014649
NP12 3,0.041783,0.065520
NP12 4,0.052133,0.066123
NP13 1,0.013958,0.025013
NP13 2,0.073705,0.101852
NP13 3,0.048585,0.059659
NP15 1,0.007638,0.035647
NP15 2,0.004616,0.060023
NP15 9,0.007417,0.043462
NP16 5,0.000089,0.015997
NP16 6,0.000097,0.001025
NP16 7,0.003388,0.023099
NP16 9,0.001418,0.014906
NP18 1,0.024886,0.088890
NP18 2,0.021909,0.058081
NP18 3,0.006800,0.036406
NP19 0,0.001101,0.138013
NP19 1,0.013988,0.097020
NP19 4,0.001142,0.048712
NP19 7,0.002805,0.043825
NP19 8,0.030590,0.178564
NP19 9,0.032154,0.086146
NP20 1,0.043910,0.169608
NP20 2,0.010332,0.089118
NP20 3,0.016697,0.045734
NP20 4,0.012283,0.038063
NP20 5,0.008007,0.068634
NP20 6,0.001411,0.021378
NP20 7,0.023089,0.051721
NP20 9,0.012985,0.056068
NP22 3,0.081249,0.153241
NP22 4,0.080277,0.133682
NP22 5,0.112777,0.232439
NP23 4,0.036164,0.097188
NP23 5,0.040094,0.072963
NP23 6,0.059038,0.131534
NP23 7,0.152348,0.276348
NP23 8,0.052053,0.112343
NP23 9,0.055112,0.116790
NP24 6,0.000330,0.008057
NP25 3,0.002898,0.013768
NP25 4,0.015529,0.021446
NP25 5,0.012148,0.057223
NP25 9,0.010219,0.035214
NP26 3,0.000979,0.018707
NP26 4,0.007876,0.049822
NP26 5,0.000373,0.004310
NP26 9,0.003707,0.026338
NP4 0,0.013796,0.024563
NP4 4,0.024357,0.050622
NP4 5,0.035884,0.067610
NP4 6,0.003903,0.030569
NP4 7,0.007514,0.024783
NP4 8,0.018319,0.031055
NP4 9,0.069406,0.131206
NP44 1,0.017863,0.049649
NP44 2,0.007447,0.030524
NP44 3,0.028734,0.050819
NP44 4,0.018822,0.028072
NP44 5,0.004119,0.006459
NP44 6,0.013765,0.017181
NP44 7,0.020352,0.040793
NP44 8,0.010289,0.020103
NP44 9,0.016473,0.033553
NP7 0,0.005414,0.031718
NP7 1,0.012767,0.028894
NP7 5,0.015511,0.029955
NP7 6,0.002819,0.016104
NP7 7,0.001669,0.022246
NP7 8,0.027382,0.033152
NP7 9,0.024515,0.039136
NP8 1,0.009031,0.042572
NR1 1,0.084641,0.219156
NR1 2,0.024086,0.053038
NR1 3,0.059323,0.181840
NR1 4,0.059969,0.113649
NR10 3,0.015421,0.043759
NR10 4,0.028308,0.031422
NR10 5,0.004137,0.027059
NR11 6,0.011104,0.031244
NR11 7,0.002897,0.016395
NR11 8,0.009063,0.025970
NR12 0,0.017948,0.082474
NR12 7,0.034022,0.055292
NR12 8,0.013926,0.027116
NR12 9,0.017549,0.065267
NR13 3,0.003413,0.043407
NR13 4,0.022386,0.040345
NR13 5,0.019197,0.033799
NR13 6,0.029220,0.064449
NR14 6,0.022173,0.040141
NR14 7,0.028901,0.060208
NR14 8,0.050136,0.082698
NR15 1,0.037537,0.051576
NR15 2,0.060933,0.117152
NR16 1,0.048340,0.083363
NR16 2,0.030528,0.064927
NR17 1,0.032720,0.061744
NR17 2,0.093618,0.166592
NR18 0,0.093491,0.134587
NR18 8,0.073892,0.106765
NR18 9,0.028152,0.038458
NR19 1,0.019356,0.079492
NR19 2,0.018951,0.078371
NR19 9,0.024073,0.044621
NR2 1,0.019316,0.072664
NR2 2,0.054089,0.100125
NR2 3,0.068694,0.131040
NR2 4,0.148125,0.278318
NR20 3,0.072419,0.156204
NR20 4,0.032832,0.046599
NR20 5,0.070651,0.137786
NR21 0,0.006482,0.027397
NR21 1,0.010082,0.028575
NR21 7,0.000960,0.034497
NR21 8,0.004209,0.022141
NR21 9,0.025351,0.027055
NR22 6,0.002397,0.020960
NR23 1,0.030775,0.038403
NR24 2,0.050482,0.079069
NR25 6,0.023342,0.036579
NR25 7,0.028765,0.062080
NR25 9,0.025815,0.047280
NR26 8,0.005466,0.033919
NR26 9,0.007637,0.037509
NR27 0,0.036675,0.106539
NR27 7,0.054027,0.123780
NR27 9,0.071000,0.142312
NR28 0,0.047396,0.098895
NR28 8,0.037325,0.086518
NR28 9,0.025073,0.071335
NR29 3,0.029891,0.059438
NR29 4,0.024085,0.071532
NR29 5,0.034304,0.088050
NR3 1,0.106208,0.329163
NR3 2,0.033413,0.055683
NR3 3,0.108000,0.169014
NR3 4,0.054997,0.101529
NR30 1,0.101970,0.181509
NR30 2,0.170688,0.295307
NR30 3,0.105532,0.256975
NR30 4,0.037904,0.120028
NR30 5,0.046745,0.111445
NR30 9,0.046630,0.097798
NR31 0,0.115783,0.228405
NR31 6,0.031620,0.171251
NR31 7,0.021614,0.066318
NR31 8,0.026715,0.082324
NR31 9,0.016806,0.063727
NR32 1,0.037040,0.126809
NR32 2,0.032504,0.083530
NR32 3,0.019535,0.053956
NR32 4,0.012978,0.075100
NR32 5,0.032661,0.067065
NR32 9,0.024286,0.078524
NR33 0,0.064606,0.154492
NR33 7,0.038294,0.107512
NR33 8,0.039146,0.070345
NR33 9,0.022134,0.060054
NR34 0,0.010861,0.040227
NR34 4,0.061290,0.103423
NR34 7,0.060333,0.107961
NR34 8,0.083036,0.119219
NR34 9,0.069213,0.111794
NR35 1,0.096260,0.174769
NR35 2,0.107611,0.166960
NR35 9,0.099252,0.167946
NR4 6,0.046428,0.095657
NR4 7,0.046417,0.059713
NR5 0,0.035962,0.070171
NR5 8,0.025872,0.036849
NR5 9,0.014484,0.094737
NR6 5,0.029549,0.060810
NR6 6,0.076430,0.148168
NR6 7,0.026525,0.073472
NR7 0,0.025568,0.068958
NR7 7,0.008427,0.043712
NR7 8,0.008138,0.103092
NR7 9,0.029768,0.171289
NR8 5,0.011044,0.025874
NR8 6,0.014899,0.066870
NR8 7,0.010100,0.037789
NR9 3,0.012647,0.046019
NR9 4,0.045205,0.085940
NR9 5,0.007734,0.026370
NW1 0,0.190545,0.355371
NW1 1,0.189791,0.304371
NW1 2,0.101628,0.155693
NW1 3,0.154364,0.212140
NW1 4,0.230860,0.290098
NW1 5,0.133571,0.185817
NW1 6,0.172687,0.248969
NW1 7,0.281888,0.374524
NW1 8,0.316439,0.477917
NW1 9,0.226413,0.346882
NW10 0,0.165216,0.315666
NW10 1,0.218120,0.301210
NW10 2,0.209615,0.387688
NW10 3,0.148593,0.261007
NW10 4,0.190978,0.293742
NW10 5,0.120532,0.170091
NW10 6,0.170460,0.328110
NW10 7,0.088898,0.266079
NW10 8,0.077451,0.197191
NW10 9,0.290557,0.437732
NW11 0,0.193775,0.282890
NW11 1,0.194585,0.331343
NW11 6,0.134972,0.237171
NW11 7,0.271498,0.414479
NW11 8,0.221354,0.442712
NW11 9,0.159403,0.283892
NW2 1,0.135999,0.297489
NW2 2,0.235601,0.432608
NW2 3,0.181178,0.268044
NW2 4,0.110916,0.177650
NW2 5,0.164648,0.309985
NW2 6,0.131334,0.221299
NW2 7,0.075605,0.145123
NW2 8,0.218156,0.297940
NW2 9,0.147220,0.260778
NW3 1,0.112404,0.157849
NW3 2,0.111374,0.225187
NW3 3,0.252699,0.363572
NW3 4,0.312847,0.393241
NW3 5,0.162028,0.299077
NW3 6,0.055982,0.081227
NW3 7,0.046289,0.095742
NW3 9,0.160253,0.247301
NW4 1,0.076718,0.128843
NW4 2,0.089930,0.163822
NW4 3,0.120410,0.150764
NW4 4,0.103703,0.168954
NW4 9,0.100622,0.157170
NW5 1,0.117552,0.379035
NW5 2,0.207571,0.301236
NW5 3,0.202087,0.351143
NW5 4,0.132743,0.305993
NW5 9,0.162490,0.329662
NW6 1,0.053069,0.165807
NW6 2,0.314873,0.362291
NW6 3,0.055089,0.134125
NW6 4,0.255106,0.425479
NW6 5,0.296036,0.479927
NW6 6,0.403719,0.559183
NW6 7,0.196457,0.340065
NW6 9,0.218663,0.348787
NW7 0,0.134917,0.201719
NW7 1,0.111883,0.208471
NW7 2,0.152196,0.218021
NW7 3,0.169422,0.195585
NW7 4,0.099895,0.165980
NW8 0,0.282765,0.359980
NW8 6,0.117371,0.214731
NW8 7,0.101763,0.201723
NW8 8,0.036319,0.072037
NW8 9,0.092384,0.116676
NW9 0,0.084810,0.245453
NW9 1,0.155508,0.272080
NW9 4,0.322483,0.413946
NW9 5,0.189366,0.338422
NW9 6,0.098829,0.170528
NW9 7,0.119961,0.220900
NW9 8,0.143726,0.205824
NW9 9,0.139025,0.254451
OL1 1,0.020220,0.049610
OL1 2,0.042095,0.117914
OL1 3,0.031587,0.099737
OL1 4,0.014079,0.034339
OL1 9,0.013392,0.037147
OL10 1,0.052829,0.129266
OL10 2,0.037292,0.097537
OL10 3,0.036158,0.111497
OL10 4,0.029818,0.075289
OL10 9,0.037201,0.099757
OL11 1,0.010747,0.031297
OL11 2,0.020571,0.030448
OL11 3,0.017695,0.046811
OL11 4,0.065932,0.109410
OL11 5,0.050690,0.080467
OL12 0,0.037718,0.059942
OL12 6,0.044247,0.095884
OL12 7,0.052933,0.078057
OL12 8,0.054677,0.085577
OL12 9,0.072110,0.093687
OL13 0,0.004946,0.041756
OL13 3,0.014015,0.038168
OL13 8,0.014750,0.029215
OL13 9,0.039005,0.099694
OL14 5,0.205497,0.336311
OL14 6,0.082429,0.148008
OL14 7,0.172675,0.247705
OL14 8,0.099152,0.176977
OL14 9,0.141387,0.231816
OL15 0,0.015252,0.049217
OL15 8,0.040086,0.061416
OL15 9,0.038801,0.094842
OL16 1,0.029245,0.051792
OL16 2,0.040767,0.077432
OL16 3,0.024354,0.062402
OL16 4,0.067709,0.108071
OL16 5,0.017753,0.038872
OL16 9,0.020947,0.038792
OL2 5,0.021737,0.075302
OL2 6,0.031473,0.067714
OL2 7,0.051215,0.084370
OL2 8,0.097067,0.202928
OL3 5,0.050669,0.108876
OL3 6,0.089238,0.125258
OL3 7,0.101231,0.205973
OL4 1,0.022889,0.070263
OL4 2,0.036683,0.082469
OL4 3,0.030453,0.112160
OL4 4,0.022866,0.082619
OL4 5,0.009631,0.061392
OL5 0,0.027601,0.052637
OL5 9,0.018451,0.074862
OL6 0,0.099516,0.194539
OL6 6,0.086731,0.138529
OL6 7,0.176608,0.526464
OL6 8,0.108804,0.172883
OL6 9,0.070288,0.127111
OL7 0,0.080108,0.202003
OL7 9,0.067596,0.124067
OL8 1,0.043742,0.093719
OL8 2,0.020721,0.066341
OL8 3,0.069209,0.117356
OL8 4,0.076384,0.130263
OL9 0,0.031808,0.058029
OL9 6,0.049177,0.089457
OL9 7,0.072556,0.171594
OL9 8,0.099523,0.200664
OL9 9,0.061008,0.131989
OX1 1,0.137834,0.259902
OX1 2,0.017000,0.038858
OX1 3,0.054599,0.096141
OX1 4,0.012517,0.094786
OX1 5,0.065427,0.088736
OX1 9,0.026428,0.577178
OX10 0,0.028798,0.090748
OX10 1,0.036061,0.069022
OX10 6,0.043407,0.055570
OX10 7,0.030385,0.066908
OX10 8,0.024924,0.032672
OX10 9,0.044244,0.082415
OX11 0,0.043508,0.100592
OX11 1,0.072954,0.133573
OX11 6,0.027502,0.076212
OX11 7,0.132976,0.200653
OX11 8,0.073519,0.143098
OX11 9,0.050400,0.105481
OX12 0,0.075704,0.123084
OX12 2,0.046610,0.086106
OX12 7,0.042265,0.083190
OX12 8,0.052288,0.085796
OX12 9,0.023470,0.059651
OX13 5,0.044410,0.063326
OX13 6,0.060110,0.095651
OX14 1,0.040407,0.087274
OX14 2,0.108140,0.154781
OX14 3,0.030206,0.114956
OX14 4,0.022167,0.066318
OX14 5,0.038447,0.082169
OX14 9,0.018464,0.040049
OX15 0,0.002553,0.022877
OX15 4,0.015200,0.062600
OX15 5,0.020863,0.035947
OX15 6,0.022633,0.027398
OX16 0,0.036216,0.051904
OX16 1,0.048990,0.077285
OX16 2,0.128663,0.203064
OX16 3,0.162433,0.395811
OX16 4,0.067290,0.172828
OX16 5,0.069401,0.162286
OX16 6,0.028613,0.053660
OX16 9,0.056413,0.082203
OX17 1,0.063629,0.097079
OX17 2,0.022095,0.061937
OX17 3,0.024660,0.048540
OX18 1,0.019732,0.052059
OX18 2,0.018248,0.045244
OX18 3,0.014439,0.076451
OX18 4,0.004656,0.031604
OX18 9,0.016361,0.056740
OX2 0,0.068475,0.093814
OX2 6,0.059017,0.116056
OX2 7,0.073560,0.109171
OX2 8,0.097773,0.158243
OX2 9,0.049655,0.106649
OX20 1,0.010642,0.025394
OX25 1,0.063867,0.094048
OX25 2,0.077849,0.100600
OX25 3,0.013975,0.029491
OX25 4,0.021598,0.034114
OX25 5,0.004979,0.021937
OX25 6,0.017630,0.047360
OX26 1,0.016386,0.059317
OX26 2,0.008232,0.047776
OX26 3,0.031126,0.062104
OX26 4,0.026210,0.090531
OX26 5,0.264568,0.298302
OX26 6,0.052868,0.118969
OX26 9,0.040197,0.089157
OX27 0,0.122707,0.160103
OX27 7,0.030565,0.043462
OX27 8,0.017837,0.036388
OX27 9,0.014285,0.024172
OX28 1,0.022957,0.054277
OX28 2,0.023351,0.051839
OX28 3,0.019862,0.086562
OX28 4,0.060555,0.121242
OX28 5,0.031930,0.063614
OX28 6,0.066705,0.133937
OX28 9,0.016244,0.036062
OX29 0,0.081821,0.086209
OX29 4,0.030513,0.060222
OX29 5,0.021423,0.025908
OX29 6,0.050645,0.053833
OX29 7,0.042569,0.080809
OX29 8,0.027438,0.043041
OX29 9,0.037934,0.053616
OX3 0,0.188222,0.338865
OX3 7,0.101700,0.177916
OX3 8,0.057090,0.090856
OX3 9,0.057549,0.128542
OX33 1,0.046140,0.069450
OX39 4,0.017026,0.043651
OX4 1,0.119606,0.188721
OX4 2,0.105021,0.152799
OX4 3,0.149387,0.210998
OX4 4,0.041706,0.083933
OX4 6,0.049579,0.120649
OX4 7,0.073055,0.104044
OX4 9,0.092697,0.147559
OX44 7,0.059249,0.064310
OX44 9,0.126955,0.141471
OX49 5,0.025877,0.057800
OX5 1,0.081671,0.148446
OX5 2,0.007616,0.081239
OX5 3,0.041046,0.049423
OX5 9,0.047956,0.108686
OX7 3,0.005241,0.020436
OX7 4,0.030202,0.037093
OX7 5,0.033464,0.058163
OX7 6,0.041470,0.050520
OX7 7,0.005758,0.016185
OX7 9,0.027064,0.043575
OX9 0,0.110676,0.187668
OX9 2,0.019795,0.094596
OX9 3,0.157030,0.239433
OX9 7,0.110845,0.168131
PA1 1,0.071618,0.105192
PA1 2,0.130086,0.166246
PA1 3,0.094657,0.137003
PA10 2,0.088289,0.133016
PA11 3,0.033749,0.069499
PA12 4,0.055089,0.093594
PA13 4,0.051528,0.141414
PA14 5,0.161691,0.211213
PA14 6,0.097597,0.138923
PA15 1,0.277026,0.325558
PA15 2,0.157135,0.192359
PA15 3,0.122524,0.209653
PA15 4,0.094421,0.140846
PA15 9,0.059598,0.080484
PA16 0,0.059191,0.095805
PA16 7,0.046123,0.092244
PA16 8,0.122964,0.181292
PA16 9,0.087585,0.145106
PA17 5,0.004599,0.019450
PA18 6,0.103268,0.120690
PA19 1,0.073005,0.118317
PA2 0,0.074367,0.140504
PA2 6,0.064509,0.130117
PA2 7,0.124877,0.150306
PA2 8,0.168062,0.236716
PA2 9,0.122549,0.157487
PA20 0,0.077681,0.133506
PA20 9,0.097554,0.272045
PA21 2,0.146706,0.222252
PA22 3,0.185369,0.202283
PA23 7,0.050390,0.108326
PA23 8,0.047092,0.068522
PA23 9,0.050385,0.087786
PA24 8,0.271562,0.287523
PA25 8,0.077186,0.114149
PA26 8,0.173484,0.196734
PA27 8,0.082070,0.188735
PA28 6,0.096253,0.148094
PA29 6,0.138990,0.223960
PA3 1,0.106535,0.158618
PA3 2,0.147889,0.182832
PA3 3,0.089933,0.175247
PA3 4,0.035769,0.076461
PA3 9,0.026283,0.042415
PA30 8,0.119077,0.164819
PA31 8,0.051448,0.072635
PA31 9,0.036773,0.044989
PA32 8,0.022708,0.035778
PA33 1,0.116694,0.124837
PA34 4,0.173262,0.241937
PA34 5,0.167805,0.244505
PA34 9,0.167566,0.237699
PA35 1,0.021801,0.047730
PA36 4,0.161610,0.190534
PA37 1,0.055774,0.088256
PA38 4,0.179839,0.208046
PA4 0,0.048276,0.083054
PA4 8,0.098912,0.163524
PA4 9,0.033641,0.121764
PA41 7,0.059597,0.090882
PA42 7,0.042262,0.094963
PA43 7,0.013260,0.059651
PA44 7,0.060223,0.073764
PA45 7,0.055101,0.084026
PA46 7,0.067227,0.101872
PA47 7,0.114590,0.130552
PA48 7,0.028741,0.043828
PA49 7,0.055101,0.084026
PA5 0,0.091234,0.143896
PA5 5,0.083078,0.124299
PA5 8,0.105261,0.137274
PA5 9,0.043602,0.085523
PA6 7,0.053437,0.092453
PA60 7,0.060151,0.132443
PA61 7,0.047510,0.072451
PA62 6,0.084463,0.128801
PA63 6,0.084463,0.221772
PA64 6,0.209491,0.249890
PA65 6,0.051095,0.077917
PA66 6,0.047510,0.072451
PA67 6,0.174722,0.219546
PA68 6,0.070413,0.107375
PA69 6,0.064667,0.098613
PA7 5,0.051511,0.072748
PA70 6,0.066136,0.095060
PA71 6,0.064667,0.098613
PA72 6,0.127861,0.142144
PA73 6,0.141707,0.170631
PA74 6,0.084463,0.221772
PA75 6,0.080138,0.139653
PA76 6,0.064667,0.098613
PA77 6,0.035974,0.052885
PA78 6,0.064667,0.098613
PA8 6,0.163190,0.211282
PA8 7,0.101742,0.180029
PA80 5,0.265997,0.291344
PA9 1,0.139587,0.168785
PE1 1,0.116826,0.233095
PE1 2,0.068637,0.188820
PE1 3,0.059014,0.171133
PE1 4,0.039847,0.153664
PE1 5,0.100322,0.268393
PE1 9,0.029257,0.640353
PE10 0,0.057276,0.108206
PE10 1,0.066656,0.142502
PE10 2,0.023806,0.050893
PE10 9,0.076133,0.177596
PE11 1,0.014578,0.154484
PE11 2,0.023050,0.144758
PE11 3,0.014475,0.086276
PE11 4,0.007505,0.031131
PE11 5,0.030142,0.162444
PE11 6,0.015535,0.102264
PE11 7,0.044208,0.171585
PE11 9,0.007767,0.051132
PE12 0,0.030684,0.034712
PE12 6,0.036452,0.095728
PE12 7,0.040544,0.127907
PE12 8,0.006955,0.038441
PE12 9,0.020629,0.066998
PE13 1,0.027980,0.134448
PE13 2,0.039855,0.125178
PE13 3,0.074256,0.182513
PE13 4,0.019055,0.074487
PE13 5,0.007704,0.042674
PE14 0,0.023812,0.055273
PE14 4,0.028292,0.057266
PE14 7,0.011135,0.038904
PE14 8,0.003126,0.031439
PE14 9,0.086742,0.109166
PE15 0,0.086713,0.141218
PE15 5,0.052270,0.081602
PE15 8,0.191620,0.320057
PE15 9,0.208895,0.297138
PE16 6,0.065887,0.161434
PE16 9,0.066098,0.160436
PE19 0,0.028377,0.317162
PE19 1,0.063844,0.154826
PE19 2,0.156245,0.245259
PE19 5,0.194793,0.259341
PE19 6,0.070244,0.157388
PE19 7,0.038786,0.145988
PE19 8,0.059074,0.161092
PE19 9,0.099318,0.189013
PE2 5,0.194493,0.302600
PE2 6,0.106284,0.153141
PE2 7,0.161490,0.230483
PE2 8,0.134958,0.184604
PE2 9,0.129818,0.199139
PE20 1,0.021516,0.135047
PE20 2,0.006490,0.021778
PE20 3,0.011131,0.082338
PE21 0,0.018355,0.074878
PE21 1,0.023851,0.073968
PE21 6,0.045170,0.230507
PE21 7,0.014152,0.106220
PE21 8,0.092537,0.213481
PE21 9,0.040356,0.112858
PE22 0,0.045211,0.085483
PE22 7,0.051962,0.105460
PE22 8,0.105514,0.163072
PE22 9,0.014857,0.076725
PE23 4,0.070862,0.075950
PE23 5,0.044434,0.045194
PE23 9,0.053314,0.058720
PE24 4,0.015517,0.060973
PE24 5,0.036557,0.112622
PE25 1,0.052955,0.189565
PE25 2,0.029442,0.176293
PE25 3,0.067288,0.203510
PE25 9,0.048148,0.186942
PE26 1,0.165520,0.213602
PE26 2,0.066774,0.087220
PE27 3,0.250163,0.356522
PE27 4,0.081761,0.111303
PE27 5,0.256946,0.375404
PE27 6,0.155774,0.278410
PE27 9,0.202794,0.305856
PE28 0,0.182564,0.214729
PE28 2,0.105780,0.170230
PE28 3,0.050942,0.087964
PE28 4,0.066357,0.162299
PE28 5,0.247960,0.372487
PE28 9,0.065861,0.171623
PE29 1,0.142239,0.214858
PE29 2,0.138239,0.241083
PE29 3,0.232584,0.365215
PE29 6,0.064810,0.136561
PE29 7,0.245329,0.355526
PE29 9,0.060163,0.097109
PE3 6,0.069234,0.142084
PE3 7,0.057640,0.201724
PE3 8,0.067144,0.136726
PE3 9,0.037963,0.124384
PE30 1,0.204901,0.373808
PE30 2,0.079451,0.216464
PE30 3,0.040090,0.103244
PE30 4,0.074101,0.100497
PE30 5,0.088588,0.243849
PE30 9,0.023941,0.051932
PE31 6,0.008387,0.043365
PE31 7,0.038384,0.086294
PE31 8,0.033518,0.068843
PE32 1,0.054575,0.099736
PE32 2,0.021424,0.060336
PE33 0,0.037419,0.077680
PE33 9,0.059514,0.087413
PE34 3,0.045270,0.093459
PE34 4,0.005119,0.078898
PE35 6,0.028894,0.060230
PE36 5,0.039693,0.086312
PE36 6,0.027360,0.062120
PE36 9,0.037223,0.081472
PE37 7,0.021090,0.053946
PE37 8,0.009324,0.026803
PE38 0,0.021681,0.033464
PE38 8,0.026409,0.068531
PE38 9,0.026022,0.079703
PE4 5,0.022711,0.075945
PE4 6,0.079641,0.144051
PE4 7,0.052896,0.122374
PE5 7,0.096316,0.116260
PE6 0,0.030481,0.091108
PE6 7,0.026113,0.070964
PE6 8,0.018117,0.137561
PE6 9,0.003204,0.077060
PE7 0,0.094418,0.145271
PE7 1,0.056999,0.125887
PE7 2,0.018319,0.060928
PE7 3,0.088140,0.130441
PE7 4,0.062319,0.108212
PE7 5,0.084131,0.146087
PE7 7,0.040646,0.074572
PE7 8,0.128692,0.214649
PE8 4,0.030733,0.053171
PE8 5,0.078333,0.147391
PE8 6,0.047156,0.106686
PE9 1,0.067949,0.111903
PE9 2,0.040193,0.104262
PE9 3,0.026321,0.085772
PE9 4,0.040149,0.071235
PH1 0,0.035892,0.089430
PH1 1,0.048729,0.108361
PH1 2,0.066438,0.150122
PH1 3,0.054763,0.115224
PH1 4,0.057777,0.123337
PH1 5,0.087098,0.202887
PH10 6,0.046270,0.096659
PH10 7,0.122567,0.204737
PH10 9,0.075654,0.138105
PH11 8,0.011656,0.073875
PH12 8,0.098411,0.172721
PH13 9,0.055266,0.128816
PH14 9,0.077033,0.179075
PH15 2,0.130451,0.209205
PH16 5,0.122785,0.141586
PH16 9,0.119593,0.141711
PH17 2,0.030268,0.052586
PH18 5,0.059542,0.132275
PH19 1,0.052739,0.243626
PH2 0,0.097502,0.167563
PH2 1,0.021629,0.037010
PH2 6,0.048316,0.087820
PH2 7,0.042325,0.107603
PH2 8,0.167477,0.260437
PH2 9,0.061205,0.076303
PH20 1,0.123009,0.157509
PH21 1,0.021126,0.040711
PH22 1,0.098170,0.157429
PH23 3,0.106697,0.137196
PH24 3,0.018686,0.032464
PH25 3,0.059848,0.067882
PH26 3,0.092498,0.172126
PH26 9,0.091338,0.168797
PH3 1,0.068990,0.082433
PH30 4,0.074744,0.222826
PH31 4,0.083173,0.325409
PH32 4,0.040147,0.062807
PH33 6,0.158369,0.212511
PH33 7,0.153452,0.201635
PH34 4,0.048766,0.065642
PH35 4,0.156806,0.256680
PH36 4,0.059160,0.180099
PH37 4,0.133336,0.172223
PH38 4,0.155597,0.194483
PH39 4,0.181313,0.269569
PH4 1,0.325445,0.392355
PH40 4,0.078291,0.105296
PH41 2,0.039598,0.090194
PH41 4,0.028019,0.079489
PH42 4,0.074744,0.129856
PH43 4,0.074744,0.129856
PH44 4,0.074744,0.129856
PH49 4,0.147135,0.218569
PH5 2,0.023254,0.041781
PH50 4,0.204265,0.294633
PH6 2,0.122805,0.186685
PH7 3,0.070647,0.083684
PH7 4,0.057883,0.092033
PH7 9,0.066868,0.089411
PH8 0,0.082862,0.210547
PH9 0,0.049300,0.055622
PL1 1,0.081772,0.383630
PL1 2,0.103640,0.178204
PL1 3,0.085233,0.169885
PL1 4,0.050075,0.064675
PL1 5,0.061451,0.151646
PL1 9,0.034467,0.070196
PL10 1,0.055737,0.129038
PL11 2,0.038293,0.051486
PL11 3,0.018138,0.019718
PL12 4,0.029602,0.056637
PL12 5,0.016431,0.020217
PL12 6,0.006310,0.036306
PL12 9,0.019054,0.044823
PL13 1,0.056616,0.095164
PL13 2,0.034273,0.055789
PL13 9,0.043346,0.072776
PL14 3,0.014268,0.040899
PL14 4,0.004724,0.042232
PL14 5,0.002385,0.029940
PL14 6,0.022809,0.054897
PL14 9,0.011301,0.041966
PL15 0,0.021569,0.055809
PL15 7,0.016671,0.049346
PL15 8,0.039892,0.067900
PL15 9,0.007375,0.048647
PL16 0,0.055518,0.094867
PL17 0,0.019746,0.064682
PL17 7,0.025930,0.054720
PL17 8,0.011140,0.076187
PL18 9,0.020497,0.062616
PL19 0,0.071385,0.132881
PL19 1,0.025895,0.573061
PL19 8,0.054719,0.118903
PL19 9,0.045963,0.076196
PL2 1,0.017588,0.080643
PL2 2,0.029000,0.060521
PL2 3,0.037136,0.086542
PL20 6,0.045629,0.087219
PL20 7,0.043662,0.054369
PL21 0,0.017122,0.075004
PL21 1,0.021622,0.057464
PL21 9,0.026569,0.035092
PL22 0,0.038615,0.071112
PL23 1,0.035579,0.054335
PL24 2,0.025626,0.105290
PL25 3,0.024862,0.096804
PL25 4,0.020585,0.095188
PL25 5,0.032139,0.133386
PL25 9,0.015755,0.064973
PL26 6,0.067236,0.103822
PL26 7,0.027862,0.057132
PL26 8,0.035723,0.103544
PL27 6,0.032094,0.077823
PL27 7,0.033354,0.080770
PL27 9,0.032699,0.079216
PL28 8,0.018035,0.060130
PL29 3,0.038668,0.097573
PL3 4,0.030093,0.085460
PL3 5,0.014243,0.083591
PL3 6,0.015619,0.055713
PL30 3,0.019734,0.037832
PL30 4,0.003604,0.007133
PL30 5,0.017626,0.053565
PL31 1,0.018665,0.045444
PL31 2,0.027536,0.079433
PL31 9,0.023183,0.062132
PL32 9,0.038583,0.116059
PL33 9,0.031164,0.083129
PL34 0,0.040595,0.153269
PL35 0,0.038887,0.102064
PL4 0,0.078270,0.191374
PL4 6,0.030902,0.079913
PL4 7,0.075309,0.105127
PL4 8,0.018661,0.040575
PL4 9,0.066886,0.106844
PL5 1,0.018069,0.072364
PL5 2,0.016500,0.032128
PL5 3,0.033531,0.072197
PL5 4,0.016832,0.055459
PL5 9,0.021684,0.059210
PL6 5,0.013110,0.051107
PL6 6,0.005607,0.054175
PL6 7,0.006795,0.017103
PL6 8,0.019642,0.056971
PL7 1,0.023888,0.068603
PL7 2,0.020059,0.031138
PL7 4,0.019694,0.063326
PL7 5,0.033493,0.073881
PL7 9,0.022419,0.055169
PL8 1,0.031869,0.036484
PL8 2,0.027599,0.035424
PL9 0,0.005164,0.062162
PL9 7,0.041061,0.060277
PL9 8,0.021537,0.053036
PL9 9,0.057896,0.071165
PO1 1,0.015763,0.116670
PO1 2,0.091307,0.164217
PO1 3,0.110883,0.216962
PO1 4,0.012767,0.221535
PO1 5,0.090800,0.295178
PO1 9,0.040670,0.540767
PO10 7,0.021172,0.047629
PO10 8,0.049012,0.095031
PO10 9,0.034337,0.070110
PO11 0,0.024589,0.084588
PO11 1,0.017242,0.055370
PO11 9,0.009574,0.030771
PO12 1,0.066165,0.096053
PO12 2,0.014012,0.048894
PO12 3,0.043803,0.106762
PO12 4,0.010629,0.061924
PO12 9,0.017161,0.042291
PO13 0,0.029780,0.044899
PO13 8,0.041213,0.080120
PO13 9,0.016173,0.056120
PO14 1,0.097046,0.188281
PO14 2,0.020519,0.056409
PO14 3,0.020387,0.042201
PO14 4,0.012426,0.034613
PO14 9,0.021129,0.045213
PO15 5,0.051846,0.072240
PO15 6,0.048624,0.100900
PO15 7,0.063988,0.066134
PO16 0,0.112161,0.135767
PO16 7,0.105690,0.140956
PO16 8,0.013777,0.036305
PO16 9,0.027024,0.064505
PO17 4,0.071908,0.114549
PO17 5,0.047181,0.115510
PO17 6,0.166422,0.173477
PO18 0,0.046560,0.091211
PO18 8,0.008857,0.053613
PO18 9,0.009577,0.077856
PO19 1,0.088989,0.154625
PO19 3,0.056344,0.106669
PO19 5,0.007541,0.044936
PO19 6,0.024835,0.066827
PO19 7,0.035579,0.068324
PO19 8,0.010845,0.079786
PO19 9,0.014054,0.033293
PO2 0,0.028603,0.051193
PO2 7,0.067968,0.109645
PO2 8,0.072122,0.193018
PO2 9,0.022995,0.041975
PO20 0,0.029093,0.098011
PO20 1,0.003532,0.159253
PO20 2,0.026690,0.103235
PO20 3,0.061029,0.080619
PO20 7,0.003857,0.056824
PO20 8,0.018462,0.041748
PO20 9,0.012929,0.044688
PO21 1,0.078888,0.166055
PO21 2,0.018613,0.096379
PO21 3,0.008138,0.030528
PO21 4,0.001382,0.028737
PO21 5,0.005994,0.053945
PO21 9,0.019907,0.072057
PO22 0,0.042246,0.064783
PO22 6,0.024049,0.058495
PO22 7,0.007896,0.041412
PO22 8,0.075021,0.123387
PO22 9,0.061563,0.082983
PO3 5,0.048446,0.146566
PO3 6,0.022629,0.052711
PO30 1,0.049842,0.098039
PO30 2,0.099726,0.125215
PO30 3,0.032958,0.043674
PO30 4,0.035833,0.093928
PO30 5,0.068327,0.108817
PO30 9,0.061722,0.098166
PO31 7,0.062989,0.091152
PO31 8,0.009736,0.031878
PO32 6,0.046543,0.068274
PO33 1,0.052297,0.071993
PO33 2,0.037820,0.087951
PO33 3,0.032739,0.050354
PO33 4,0.016531,0.032120
PO33 9,0.036963,0.064412
PO34 5,0.015989,0.036978
PO35 5,0.037928,0.087163
PO36 0,0.026089,0.038394
PO36 6,0.047337,0.060053
PO36 8,0.053058,0.072341
PO36 9,0.056375,0.062067
PO37 6,0.006622,0.013960
PO37 7,0.009721,0.047440
PO38 1,0.068974,0.095203
PO38 2,0.047876,0.087201
PO38 3,0.014286,0.041502
PO38 9,0.047638,0.077720
PO39 0,0.031486,0.034103
PO4 0,0.080067,0.188272
PO4 8,0.070206,0.183200
PO4 9,0.085800,0.166205
PO40 0,0.021308,0.033663
PO40 9,0.019551,0.029602
PO41 0,0.011014,0.074528
PO5 1,0.072791,0.170939
PO5 2,0.086538,0.207562
PO5 3,0.082601,0.150973
PO5 4,0.036541,0.071489
PO6 1,0.007099,0.057169
PO6 2,0.038645,0.078954
PO6 3,0.035354,0.076962
PO6 4,0.017832,0.058649
PO6 9,0.026677,0.069432
PO7 3,0.063492,0.100111
PO7 4,0.052092,0.061270
PO7 5,0.067920,0.090727
PO7 6,0.207360,0.238962
PO7 7,0.090693,0.109497
PO7 8,0.066460,0.102482
PO7 9,0.104080,0.130960
PO8 0,0.028835,0.059908
PO8 8,0.128654,0.218745
PO8 9,0.053745,0.091825
PO9 1,0.049007,0.132106
PO9 2,0.050702,0.100502
PO9 3,0.065361,0.102364
PO9 4,0.151466,0.196957
PO9 5,0.092506,0.120140
PO9 6,0.035623,0.065921
PO9 9,0.046042,0.072181
PR1 0,0.127572,0.178996
PR1 1,0.073201,0.103042
PR1 2,0.070239,0.088776
PR1 3,0.060441,0.101787
PR1 4,0.083156,0.146219
PR1 5,0.082153,0.187386
PR1 6,0.028327,0.068280
PR1 7,0.041266,0.116402
PR1 8,0.085385,0.125770
PR1 9,0.147898,0.241872
PR2 1,0.049103,0.094035
PR2 2,0.043887,0.100287
PR2 3,0.059524,0.125145
PR2 5,0.029455,0.074298
PR2 6,0.030116,0.062141
PR2 7,0.050516,0.086982
PR2 8,0.029978,0.068459
PR2 9,0.036174,0.059938
PR25 1,0.076340,0.151142
PR25 2,0.056220,0.102540
PR25 3,0.026455,0.074016
PR25 4,0.095254,0.151652
PR25 5,0.042267,0.076229
PR25 9,0.328020,0.366279
PR26 6,0.044418,0.140850
PR26 7,0.058752,0.248940
PR26 8,0.042787,0.105107
PR26 9,0.058199,0.171274
PR3 0,0.022341,0.108494
PR3 1,0.067887,0.159962
PR3 2,0.045556,0.064523
PR3 3,0.089420,0.126971
PR3 5,0.079746,0.096443
PR3 6,0.015245,0.025351
PR3 8,0.057823,0.112899
PR3 9,0.057823,0.112899
PR4 0,0.091844,0.121235
PR4 1,0.054233,0.100915
PR4 2,0.034135,0.091886
PR4 3,0.052749,0.077777
PR4 4,0.095206,0.176496
PR4 5,0.111619,0.184239
PR4 6,0.023954,0.093808
PR4 9,0.064448,0.117641
PR5 0,0.081003,0.130359
PR5 4,0.073358,0.104462
PR5 5,0.105590,0.145112
PR5 6,0.155566,0.260875
PR5 8,0.055747,0.098202
PR5 9,0.100830,0.156853
PR6 0,0.053528,0.088427
PR6 6,0.050728,0.091065
PR6 7,0.049755,0.066234
PR6 8,0.047924,0.086437
PR6 9,0.046360,0.124129
PR7 1,0.063714,0.130212
PR7 2,0.021217,0.076672
PR7 3,0.023160,0.065759
PR7 4,0.051311,0.111129
PR7 5,0.053211,0.105984
PR7 6,0.061374,0.131337
PR7 7,0.050356,0.140687
PR8 1,0.393102,0.590786
PR8 2,0.260422,0.349031
PR8 3,0.290196,0.431812
PR8 4,0.177876,0.241665
PR8 5,0.238209,0.337894
PR8 6,0.293688,0.398402
PR8 9,0.300212,0.404259
PR9 0,0.432175,0.457404
PR9 7,0.305009,0.425247
PR9 8,0.209685,0.295448
PR9 9,0.282625,0.371083
RG1 1,0.041580,0.102476
RG1 2,0.064260,0.101129
RG1 3,0.072475,0.189575
RG1 4,0.071000,0.178004
RG1 5,0.030189,0.086486
RG1 6,0.036894,0.081861
RG1 7,0.055385,0.116395
RG1 8,0.025780,0.099248
RG1 9,0.027849,0.065729
RG10 0,0.029224,0.060383
RG10 8,0.047938,0.058827
RG10 9,0.031548,0.070505
RG12 0,0.044376,0.062409
RG12 1,0.250629,0.464380
RG12 2,0.083161,0.129457
RG12 7,0.033248,0.091708
RG12 8,0.116882,0.157543
RG12 9,0.040644,0.077272
RG14 1,0.039877,0.113932
RG14 2,0.040389,0.083015
RG14 3,0.018910,0.039699
RG14 5,0.061871,0.102661
RG14 6,0.061326,0.142235
RG14 7,0.064875,0.122669
RG14 9,0.021557,0.045257
RG17 0,0.030206,0.064681
RG17 1,0.023018,0.052848
RG17 7,0.015229,0.019283
RG17 8,0.024883,0.083599
RG17 9,0.009251,0.018792
RG18 0,0.027241,0.091316
RG18 3,0.089633,0.137019
RG18 4,0.073616,0.122712
RG18 9,0.031103,0.066068
RG19 3,0.121335,0.240564
RG19 4,0.144243,0.255382
RG19 6,0.091537,0.173264
RG19 8,0.036055,0.050645
RG2 0,0.086137,0.141995
RG2 1,0.055951,0.099578
RG2 6,0.016218,0.057653
RG2 7,0.010697,0.042642
RG2 8,0.068582,0.129632
RG2 9,0.064578,0.091727
RG20 0,0.020007,0.022187
RG20 4,0.053954,0.057815
RG20 5,0.037930,0.040623
RG20 6,0.011908,0.051963
RG20 7,0.083327,0.137456
RG20 8,0.038825,0.040697
RG20 9,0.034043,0.053001
RG21 3,0.050243,0.079135
RG21 4,0.011148,0.017588
RG21 5,0.010292,0.020698
RG21 6,0.080894,0.090779
RG21 7,0.032017,0.072715
RG21 8,0.093711,0.196219
RG22 4,0.024138,0.034023
RG22 5,0.074067,0.086278
RG22 6,0.017737,0.037060
RG23 7,0.015553,0.059851
RG23 8,0.016408,0.058982
RG24 4,0.036422,0.048641
RG24 7,0.052537,0.062244
RG24 8,0.098703,0.137362
RG24 9,0.076179,0.098947
RG25 2,0.028551,0.055461
RG25 3,0.010838,0.049711
RG26 3,0.039687,0.070893
RG26 4,0.021333,0.077551
RG26 5,0.058951,0.117249
RG27 0,0.090167,0.115505
RG27 8,0.035105,0.054511
RG27 9,0.075836,0.123479
RG28 7,0.054998,0.077650
RG29 1,0.092507,0.111745
RG30 1,0.097553,0.255294
RG30 2,0.010311,0.083017
RG30 3,0.033061,0.079554
RG30 4,0.027184,0.042610
RG30 6,0.034648,0.062433
RG30 9,0.033970,0.092457
RG31 4,0.027016,0.034548
RG31 5,0.045310,0.057439
RG31 6,0.030864,0.055583
RG31 7,0.093719,0.105154
RG4 5,0.042909,0.056995
RG4 6,0.007291,0.053861
RG4 7,0.046062,0.109950
RG4 8,0.015409,0.047120
RG4 9,0.005995,0.029741
RG40 1,0.076007,0.119385
RG40 2,0.095977,0.164885
RG40 3,0.030796,0.072161
RG40 4,0.073284,0.138192
RG40 5,0.032313,0.117640
RG40 9,0.029717,0.054743
RG41 1,0.096017,0.159433
RG41 2,0.073752,0.093622
RG41 3,0.074659,0.098173
RG41 4,0.077945,0.130473
RG41 5,0.092669,0.163396
RG42 1,0.117562,0.152025
RG42 2,0.129183,0.174262
RG42 3,0.072680,0.085487
RG42 4,0.042484,0.059428
RG42 5,0.079801,0.122729
RG42 6,0.082232,0.162067
RG42 7,0.043756,0.053646
RG45 6,0.013929,0.040291
RG45 7,0.050414,0.105337
RG5 3,0.029666,0.083423
RG5 4,0.030488,0.105026
RG6 1,0.025583,0.072144
RG6 3,0.032669,0.127688
RG6 4,0.074432,0.189096
RG6 5,0.062870,0.090855
RG6 6,0.026509,0.085248
RG6 7,0.041702,0.094560
RG6 9,0.048082,0.115416
RG7 1,0.111473,0.146079
RG7 2,0.007283,0.013074
RG7 3,0.028031,0.036780
RG7 4,0.020755,0.040255
RG7 5,0.037180,0.076680
RG7 6,0.031723,0.038942
RG7 8,0.046190,0.079082
RG8 0,0.021842,0.058776
RG8 1,0.022638,0.048477
RG8 6,0.022638,0.048477
RG8 7,0.022668,0.024915
RG8 8,0.030711,0.049483
RG8 9,0.005834,0.059563
RG9 1,0.052496,0.124034
RG9 2,0.019751,0.074239
RG9 3,0.015526,0.054205
RG9 4,0.027378,0.077441
RG9 5,0.025743,0.030644
RG9 6,0.059397,0.086323
RG9 9,0.038683,0.087247
RH1 1,0.063119,0.131668
RH1 2,0.095255,0.153526
RH1 3,0.054034,0.122326
RH1 4,0.034443,0.043638
RH1 5,0.161777,0.223564
RH1 6,0.040313,0.102028
RH1 9,0.074050,0.130376
RH10 0,0.057417,0.116044
RH10 1,0.069888,0.154391
RH10 2,0.025519,0.051575
RH10 3,0.023114,0.074123
RH10 4,0.032713,0.070361
RH10 5,0.064845,0.134847
RH10 6,0.057559,0.137685
RH10 7,0.040623,0.061662
RH10 8,0.171979,0.284488
RH10 9,0.023694,0.054651
RH11 0,0.091792,0.144716
RH11 6,0.050244,0.088131
RH11 7,0.085649,0.187352
RH11 8,0.058329,0.091296
RH11 9,0.073375,0.120429
RH12 0,0.020925,0.057253
RH12 1,0.020276,0.049640
RH12 2,0.058003,0.085245
RH12 3,0.047865,0.088471
RH12 4,0.030866,0.112516
RH12 5,0.025720,0.057011
RH12 6,0.018158,0.040257
RH12 9,0.033721,0.074764
RH13 0,0.132766,0.210983
RH13 5,0.056433,0.120805
RH13 6,0.018054,0.042851
RH13 8,0.125706,0.146874
RH13 9,0.044072,0.065641
RH14 0,0.024145,0.065117
RH14 4,0.072030,0.101122
RH14 9,0.099307,0.120991
RH15 0,0.087282,0.137938
RH15 5,0.081135,0.128729
RH15 8,0.070731,0.111253
RH15 9,0.087346,0.139709
RH16 1,0.042913,0.101166
RH16 2,0.018500,0.049185
RH16 3,0.028629,0.063767
RH16 4,0.041078,0.095911
RH16 9,0.014686,0.034290
RH17 5,0.021183,0.037308
RH17 6,0.016774,0.036081
RH17 7,0.042612,0.081221
RH18 5,0.004159,0.005973
RH19 1,0.051961,0.062038
RH19 2,0.022434,0.034912
RH19 3,0.027350,0.058156
RH19 4,0.024915,0.027018
RH19 9,0.032145,0.048435
RH2 0,0.061390,0.134284
RH2 2,0.023260,0.043563
RH2 7,0.100124,0.176769
RH2 8,0.094859,0.169613
RH2 9,0.018801,0.036035
RH20 1,0.008989,0.023011
RH20 2,0.018469,0.024132
RH20 3,0.035615,0.059696
RH20 4,0.018364,0.040779
RH20 6,0.021787,0.038993
RH20 9,0.021787,0.038993
RH3 7,0.056594,0.144714
RH4 1,0.036510,0.056082
RH4 2,0.073683,0.117576
RH4 3,0.029898,0.090306
RH4 9,0.015306,0.028630
RH5 4,0.096448,0.142214
RH5 5,0.087233,0.100312
RH5 6,0.010313,0.029520
RH6 0,0.135112,0.180155
RH6 6,0.090558,0.168220
RH6 7,0.118777,0.192974
RH6 8,0.016715,0.077845
RH6 9,0.129217,0.231424
RH7 6,0.086087,0.117465
RH8 0,0.087917,0.112844
RH8 8,0.085790,0.115299
RH8 9,0.085907,0.120359
RH9 8,0.083795,0.085706
RM1 1,0.166254,0.372984
RM1 2,0.089261,0.178728
RM1 3,0.122269,0.208170
RM1 4,0.102230,0.164963
RM10 7,0.331872,0.515568
RM10 8,0.200691,0.421221
RM10 9,0.255600,0.467406
RM11 1,0.069750,0.120812
RM11 2,0.100640,0.175163
RM11 3,0.149792,0.197974
RM12 4,0.016302,0.094967
RM12 5,0.055411,0.256952
RM12 6,0.034888,0.094409
RM12 9,0.037919,0.146222
RM13 0,0.054317,0.189152
RM13 7,0.069761,0.254224
RM13 8,0.041861,0.195511
RM13 9,0.039460,0.125711
RM14 1,0.213190,0.310045
RM14 2,0.041774,0.071825
RM14 3,0.080425,0.126617
RM14 9,0.125995,0.189515
RM15 4,0.023940,0.041124
RM15 5,0.012298,0.094793
RM15 6,0.048940,0.104030
RM15 9,0.032285,0.089003
RM16 2,0.341631,0.384673
RM16 3,0.276101,0.295386
RM16 4,0.552457,0.588651
RM16 5,0.196716,0.227729
RM16 6,0.447863,0.488463
RM17 5,0.593650,0.643022
RM17 6,0.552398,0.608114
RM17 9,0.789803,0.815908
RM18 7,0.557224,0.622373
RM18 8,0.571836,0.657314
RM19 1,0.651001,0.715307
RM2 5,0.036126,0.121174
RM2 6,0.131847,0.173205
RM20 1,0.425354,0.531313
RM20 2,0.636181,0.709028
RM20 3,0.412625,0.497365
RM20 4,0.547467,0.594744
RM3 0,0.132452,0.197295
RM3 3,0.150339,0.224048
RM3 7,0.172606,0.261923
RM3 8,0.171887,0.253422
RM3 9,0.120664,0.177734
RM4 1,0.056972,0.111526
RM5 2,0.170667,0.237425
RM5 3,0.121361,0.185851
RM6 4,0.089888,0.184939
RM6 5,0.222298,0.395439
RM6 6,0.243385,0.362391
RM7 0,0.135997,0.234306
RM7 1,0.132286,0.224657
RM7 7,0.108838,0.184728
RM7 8,0.177662,0.250873
RM7 9,0.068464,0.185605
RM8 1,0.200990,0.428103
RM8 2,0.312346,0.610871
RM8 3,0.306020,0.537540
RM9 4,0.275738,0.524802
RM9 5,0.293865,0.496253
RM9 6,0.231230,0.420092
RM9 9,0.253586,0.454089
S1 1,0.037803,0.113412
S1 2,0.031676,0.049103
S1 3,0.039446,0.118343
S1 4,0.053133,0.179423
S1 9,0.018516,0.055549
S10 1,0.014298,0.068813
S10 2,0.040363,0.085134
S10 3,0.047848,0.138640
S10 4,0.057081,0.151347
S10 5,0.008785,0.070501
S10 9,0.029762,0.097468
S11 7,0.071212,0.098186
S11 8,0.061411,0.174740
S11 9,0.020593,0.082041
S12 2,0.017087,0.067089
S12 3,0.017974,0.063301
S12 4,0.011057,0.022710
S12 9,0.015669,0.050590
S13 7,0.013566,0.055062
S13 8,0.022167,0.066624
S13 9,0.044043,0.099690
S14 1,0.010529,0.028137
S17 3,0.044532,0.082464
S17 4,0.021666,0.050810
S17 9,0.032732,0.066915
S18 1,0.013362,0.036559
S18 2,0.010734,0.015667
S18 3,0.004045,0.038695
S18 4,0.003708,0.013094
S18 7,0.010500,0.038619
S18 8,0.020831,0.102368
S18 9,0.013348,0.047139
S2 1,0.023069,0.041781
S2 2,0.017245,0.057457
S2 3,0.017586,0.039340
S2 4,0.015382,0.059920
S2 5,0.036850,0.069913
S20 1,0.025359,0.057161
S20 2,0.061336,0.086536
S20 3,0.007863,0.018516
S20 4,0.003315,0.010769
S20 5,0.009685,0.029278
S20 6,0.004073,0.067737
S20 7,0.004111,0.009090
S20 8,0.006157,0.019991
S20 9,0.016905,0.039809
S21 1,0.050232,0.113154
S21 2,0.016945,0.034169
S21 3,0.033385,0.064462
S21 4,0.052864,0.094640
S21 5,0.019641,0.039605
S25 1,0.054717,0.088805
S25 2,0.048522,0.156723
S25 3,0.169715,0.303174
S25 4,0.044241,0.091140
S25 5,0.014544,0.060757
S25 9,0.056721,0.134838
S26 1,0.011040,0.053325
S26 2,0.037220,0.059993
S26 3,0.009548,0.028587
S26 4,0.027391,0.083974
S26 5,0.068840,0.108501
S26 6,0.055618,0.087414
S26 7,0.008723,0.017132
S3 7,0.114988,0.208453
S3 8,0.228375,0.406052
S3 9,0.057623,0.101610
S32 1,0.050775,0.057447
S32 2,0.047009,0.063583
S32 3,0.012836,0.055168
S32 4,0.024106,0.036636
S32 5,0.108553,0.151893
S33 0,0.040732,0.050519
S33 6,0.054644,0.059548
S33 7,0.034242,0.041523
S33 8,0.076085,0.081945
S33 9,0.076364,0.090307
S35 0,0.004692,0.015132
S35 1,0.038524,0.075747
S35 2,0.011870,0.022963
S35 3,0.070559,0.107003
S35 4,0.031402,0.058231
S35 5,0.033889,0.072258
S35 7,0.027071,0.042816
S35 8,0.041028,0.097403
S35 9,0.063297,0.187572
S36 0,0.034595,0.070800
S36 1,0.036759,0.066680
S36 2,0.051431,0.113265
S36 3,0.041019,0.063646
S36 4,0.071231,0.084893
S36 6,0.022409,0.045301
S36 7,0.008369,0.031501
S36 8,0.011070,0.046526
S36 9,0.039272,0.083046
S4 7,0.005852,0.042050
S4 8,0.058462,0.160710
S40 1,0.090812,0.169066
S40 2,0.066734,0.125583
S40 3,0.039665,0.061427
S40 4,0.034700,0.073885
S40 9,0.016550,0.030989
S41 0,0.025247,0.061594
S41 7,0.080144,0.113106
S41 8,0.033664,0.070880
S41 9,0.044255,0.122154
S42 5,0.060788,0.120927
S42 6,0.028925,0.045525
S42 7,0.025868,0.060405
S43 1,0.022634,0.045526
S43 2,0.065419,0.091887
S43 3,0.042671,0.088889
S43 4,0.032892,0.079066
S43 9,0.039796,0.077285
S44 5,0.032140,0.074317
S44 6,0.058444,0.122068
S45 0,0.020807,0.030461
S45 8,0.046247,0.079218
S45 9,0.043640,0.122873
S5 0,0.021931,0.072128
S5 5,0.031123,0.090456
S5 6,0.063940,0.118437
S5 7,0.017712,0.113669
S5 8,0.035734,0.080895
S5 9,0.017179,0.065530
S6 1,0.053203,0.146390
S6 2,0.041633,0.136253
S6 3,0.054927,0.130404
S6 4,0.019782,0.089608
S6 5,0.038525,0.130268
S6 6,0.032151,0.076435
S6 9,0.038924,0.117741
S60 1,0.011751,0.022075
S60 2,0.038710,0.101782
S60 3,0.035680,0.088456
S60 4,0.020144,0.074052
S60 5,0.016105,0.061595
S60 8,0.003788,0.061373
S60 9,0.010835,0.546043
S61 1,0.038114,0.063048
S61 2,0.003161,0.044493
S61 3,0.038440,0.117880
S61 4,0.044823,0.081225
S62 5,0.040777,0.101609
S62 6,0.041185,0.104854
S62 7,0.025195,0.085469
S63 0,0.061128,0.113859
S63 3,0.041999,0.121143
S63 5,0.025454,0.073420
S63 6,0.041490,0.167562
S63 7,0.026245,0.103693
S63 8,0.031133,0.095998
S63 9,0.046943,0.118374
S64 0,0.043983,0.092676
S64 5,0.008759,0.037253
S64 8,0.017272,0.076261
S64 9,0.034036,0.099335
S65 1,0.074868,0.125282
S65 2,0.035701,0.099808
S65 3,0.028601,0.055895
S65 4,0.026779,0.046725
S66 1,0.027352,0.081668
S66 2,0.043191,0.119572
S66 3,0.050579,0.149399
S66 6,0.038847,0.098835
S66 7,0.033665,0.080372
S66 8,0.038395,0.070163
S66 9,0.041512,0.106983
S7 1,0.042070,0.095071
S7 2,0.095445,0.157490
S70 1,0.034163,0.105374
S70 2,0.007849,0.018545
S70 3,0.043678,0.101301
S70 4,0.013341,0.027814
S70 5,0.034870,0.058329
S70 6,0.035422,0.078127
S70 9,0.014001,0.031695
S71 1,0.063838,0.140156
S71 2,0.031519,0.112739
S71 3,0.044938,0.099737
S71 4,0.057627,0.129222
S71 5,0.050043,0.099287
S72 0,0.019383,0.029823
S72 7,0.011355,0.046581
S72 8,0.036371,0.089864
S72 9,0.016139,0.024437
S73 0,0.033329,0.112210
S73 3,0.036836,0.102332
S73 8,0.053986,0.117894
S73 9,0.020247,0.069003
S74 0,0.076463,0.117451
S74 8,0.024178,0.081036
S74 9,0.043702,0.120787
S75 1,0.044178,0.115129
S75 2,0.057215,0.110583
S75 3,0.028080,0.064130
S75 4,0.017176,0.063658
S75 5,0.022103,0.056448
S75 6,0.009778,0.063758
S8 0,0.038608,0.149491
S8 2,0.040785,0.091648
S8 7,0.029786,0.061516
S8 8,0.054025,0.084726
S8 9,0.039146,0.078895
S80 1,0.075392,0.135987
S80 2,0.058080,0.162684
S80 3,0.019622,0.118027
S80 4,0.015741,0.048649
S80 9,0.018527,0.049645
S81 0,0.020048,0.058662
S81 7,0.034602,0.091234
S81 8,0.018953,0.075955
S81 9,0.069444,0.141575
S9 1,0.012448,0.043443
S9 2,0.040528,0.116553
S9 3,0.023819,0.040357
S9 4,0.019554,0.022016
S9 5,0.034328,0.059363
SA1 1,0.016073,0.054301
SA1 2,0.056217,0.093095
SA1 3,0.132939,0.227909
SA1 4,0.026500,0.091247
SA1 5,0.005647,0.029900
SA1 6,0.002045,0.018719
SA1 7,0.035920,0.089994
SA1 8,0.013302,0.050228
SA1 9,0.025782,0.060971
SA10 6,0.025891,0.055925
SA10 7,0.009695,0.051221
SA10 8,0.008356,0.063850
SA10 9,0.080154,0.086873
SA11 1,0.125096,0.323540
SA11 2,0.125560,0.206503
SA11 3,0.047627,0.101285
SA11 4,0.031445,0.052851
SA11 5,0.060145,0.155143
SA11 9,0.082549,0.172803
SA12 6,0.006168,0.058242
SA12 7,0.001015,0.034241
SA12 8,0.008897,0.039813
SA12 9,0.030195,0.051374
SA13 1,0.039450,0.115347
SA13 2,0.068158,0.110513
SA13 3,0.050005,0.115004
SA13 9,0.053024,0.111464
SA14 6,0.025712,0.068562
SA14 7,0.043697,0.067809
SA14 8,0.013340,0.023594
SA14 9,0.021515,0.058730
SA15 1,0.009244,0.070836
SA15 2,0.005871,0.060172
SA15 3,0.015540,0.071950
SA15 4,0.056722,0.087985
SA15 5,0.012905,0.022197
SA15 9,0.017674,0.062641
SA16 0,0.021331,0.044028
SA17 4,0.062283,0.083798
SA17 5,0.049715,0.106523
SA18 1,0.060805,0.093129
SA18 2,0.033619,0.068528
SA18 3,0.031356,0.078515
SA18 9,0.040680,0.079066
SA19 0,0.028137,0.049692
SA19 6,0.009740,0.039363
SA19 7,0.054505,0.063840
SA19 8,0.030408,0.063690
SA19 9,0.020933,0.030874
SA2 0,0.009309,0.042453
SA2 7,0.000843,0.040691
SA2 8,0.014620,0.058527
SA2 9,0.021474,0.027964
SA20 0,0.023268,0.081248
SA3 1,0.056972,0.075544
SA3 2,0.007665,0.012942
SA3 3,0.005229,0.034587
SA3 4,0.004600,0.013323
SA3 5,0.007745,0.041674
SA31 1,0.005305,0.058455
SA31 2,0.004971,0.025931
SA31 3,0.021632,0.033880
SA31 9,0.012146,0.040953
SA32 7,0.027035,0.028482
SA32 8,0.074363,0.078141
SA33 4,0.004361,0.027870
SA33 5,0.030400,0.063447
SA33 6,0.020815,0.061037
SA34 0,0.012418,0.015358
SA35 0,0.038345,0.041778
SA36 0,0.123457,0.137190
SA37 0,0.013907,0.016021
SA38 9,0.024303,0.024608
SA39 9,0.000544,0.071973
SA4 0,0.042979,0.058199
SA4 3,0.056607,0.075344
SA4 4,0.049468,0.076993
SA4 5,0.036182,0.061365
SA4 6,0.023931,0.057001
SA4 8,0.021652,0.058103
SA4 9,0.006863,0.019769
SA40 9,0.000624,0.001442
SA41 3,0.019904,0.043208
SA42 0,0.033028,0.044359
SA43 1,0.027990,0.032413
SA43 2,0.001244,0.010828
SA43 3,0.018560,0.033324
SA44 4,0.000791,0.006946
SA44 5,0.013592,0.015668
SA44 6,0.012812,0.013170
SA44 9,0.009371,0.013287
SA45 9,0.087530,0.104812
SA46 0,0.017492,0.018128
SA47 0,0.001163,0.002689
SA48 7,0.005689,0.013282
SA48 8,0.007236,0.020474
SA48 9,0.007354,0.018899
SA5 4,0.035139,0.066708
SA5 5,0.015586,0.071259
SA5 7,0.010500,0.026994
SA5 8,0.045716,0.177870
SA5 9,0.037867,0.084503
SA6 5,0.019005,0.067865
SA6 6,0.009565,0.054471
SA6 7,0.024850,0.108928
SA6 8,0.042155,0.057076
SA61 1,0.010068,0.011587
SA61 2,0.004897,0.022237
SA61 9,0.008526,0.017986
SA62 3,0.007041,0.031918
SA62 4,0.000709,0.001752
SA62 5,0.006794,0.007504
SA62 6,0.010976,0.022912
SA63 4,0.002654,0.003786
SA64 0,0.056246,0.104631
SA65 0,0.012031,0.016421
SA65 9,0.010810,0.012540
SA66 7,0.004660,0.010866
SA67 7,0.000678,0.019239
SA67 8,0.004317,0.031164
SA67 9,0.003864,0.027706
SA68 0,0.010614,0.020250
SA69 9,0.000329,0.023672
SA7 0,0.000785,0.078809
SA7 9,0.000982,0.021604
SA70 7,0.011519,0.016816
SA70 8,0.009944,0.010991
SA70 9,0.011135,0.015017
SA71 4,0.000370,0.003486
SA71 5,0.006471,0.029900
SA72 4,0.000629,0.002913
SA72 6,0.000564,0.006540
SA72 9,0.001981,0.009178
SA73 1,0.000094,0.012061
SA73 2,0.000135,0.001024
SA73 3,0.001744,0.011313
SA8 3,0.006365,0.024286
SA8 4,0.002639,0.023442
SA8 9,0.005375,0.025720
SA9 1,0.095628,0.158785
SA9 2,0.088126,0.129640
SE1 0,0.070831,0.222944
SE1 1,0.106981,0.229728
SE1 2,0.118719,0.295529
SE1 3,0.168487,0.391776
SE1 4,0.163106,0.342037
SE1 5,0.079844,0.248836
SE1 6,0.045909,0.231245
SE1 7,0.085055,0.200648
SE1 8,0.082978,0.209063
SE1 9,0.042740,0.309361
SE10 0,0.065928,0.184821
SE10 1,0.096538,0.231377
SE10 8,0.112406,0.263604
SE10 9,0.123564,0.267639
SE11 4,0.110993,0.278334
SE11 5,0.091269,0.345145
SE11 6,0.136153,0.311519
SE12 0,0.113285,0.203957
SE12 8,0.195686,0.355538
SE12 9,0.116900,0.182627
SE13 5,0.094735,0.176719
SE13 6,0.117874,0.243712
SE13 7,0.145352,0.301134
SE13 9,0.121912,0.246629
SE14 5,0.071964,0.327565
SE14 6,0.179529,0.327379
SE14 9,0.113270,0.323762
SE15 1,0.282997,0.521675
SE15 2,0.365583,0.563684
SE15 3,0.180001,0.283112
SE15 4,0.253968,0.426578
SE15 5,0.140342,0.285808
SE15 6,0.098206,0.213693
SE15 9,0.219701,0.375715
SE16 2,0.041150,0.223824
SE16 3,0.097901,0.442369
SE16 4,0.097736,0.206831
SE16 5,0.104431,0.241503
SE16 6,0.028548,0.107824
SE16 7,0.013656,0.093810
SE17 1,0.101140,0.254845
SE17 2,0.089933,0.236166
SE17 3,0.067245,0.348665
SE17 9,0.085855,0.282622
SE18 1,0.129278,0.299438
SE18 2,0.100268,0.163249
SE18 3,0.084877,0.143478
SE18 4,0.108145,0.207954
SE18 5,0.102579,0.176298
SE18 6,0.187883,0.429589
SE18 7,0.123000,0.180075
SE18 9,0.118317,0.231308
SE19 1,0.062806,0.084533
SE19 2,0.152942,0.186298
SE19 3,0.154438,0.198716
SE19 9,0.124344,0.160759
SE2 0,0.060052,0.094997
SE2 9,0.087559,0.269342
SE20 7,0.198901,0.291530
SE20 8,0.168887,0.247129
SE20 9,0.180896,0.267561
SE21 7,0.061838,0.176943
SE21 8,0.116501,0.210605
SE21 9,0.104429,0.205002
SE22 0,0.178020,0.249029
SE22 2,0.186138,0.254442
SE22 8,0.222661,0.274300
SE22 9,0.162133,0.239603
SE23 1,0.049178,0.250331
SE23 2,0.066057,0.286502
SE23 3,0.087245,0.199471
SE23 9,0.070185,0.246832
SE24 0,0.241072,0.420705
SE24 9,0.053744,0.159099
SE25 4,0.193053,0.284956
SE25 5,0.119335,0.201735
SE25 6,0.178497,0.218492
SE25 9,0.166007,0.237965
SE26 4,0.082188,0.217566
SE26 5,0.080455,0.245435
SE26 6,0.082966,0.173480
SE27 0,0.039183,0.062956
SE27 7,0.075873,0.151409
SE27 9,0.114968,0.246622
SE28 0,0.018215,0.087698
SE28 8,0.064239,0.170905
SE28 9,0.049446,0.143137
SE3 0,0.064824,0.145917
SE3 3,0.134658,0.214428
SE3 7,0.152423,0.261094
SE3 8,0.191130,0.244517
SE3 9,0.113898,0.187058
SE4 1,0.106614,0.219314
SE4 2,0.083945,0.176902
SE4 9,0.097744,0.202832
SE5 0,0.140362,0.311366
SE5 5,0.061894,0.131129
SE5 7,0.196920,0.334204
SE5 8,0.093739,0.151615
SE5 9,0.082799,0.304586
SE6 1,0.121239,0.160844
SE6 2,0.095719,0.223095
SE6 3,0.129166,0.216999
SE6 4,0.081731,0.225669
SE6 9,0.056567,0.107743
SE7 7,0.075132,0.136195
SE7 8,0.115506,0.186256
SE7 9,0.092884,0.160485
SE8 3,0.071151,0.203188
SE8 4,0.182364,0.313936
SE8 5,0.108576,0.283607
SE8 9,0.116073,0.262145
SE9 1,0.108896,0.197424
SE9 2,0.066162,0.126029
SE9 3,0.048441,0.103834
SE9 4,0.051988,0.092081
SE9 5,0.096255,0.142787
SE9 6,0.210372,0.343976
SE9 9,0.093998,0.164741
SG1 1,0.029373,0.095675
SG1 2,0.010619,0.099341
SG1 3,0.021715,0.127264
SG1 4,0.022582,0.101667
SG1 5,0.021484,0.098874
SG1 6,0.014208,0.048284
SG1 9,0.020265,0.093322
SG10 6,0.008836,0.015489
SG11 1,0.025459,0.044988
SG11 2,0.020113,0.039073
SG12 0,0.032264,0.097132
SG12 4,0.032131,0.118110
SG12 7,0.035191,0.097445
SG12 8,0.032475,0.199062
SG12 9,0.023142,0.091634
SG13 7,0.036908,0.096883
SG13 8,0.034502,0.067851
SG13 9,0.037513,0.089335
SG14 1,0.064570,0.140663
SG14 2,0.009580,0.052819
SG14 3,0.065272,0.135943
SG15 6,0.118222,0.194611
SG16 6,0.036586,0.115201
SG17 5,0.071329,0.135485
SG17 9,0.071312,0.136206
SG18 0,0.045882,0.170735
SG18 1,0.029240,0.137301
SG18 8,0.019125,0.132356
SG18 9,0.021515,0.101259
SG19 1,0.079801,0.149180
SG19 2,0.080721,0.127205
SG19 3,0.039596,0.125047
SG19 9,0.071538,0.135662
SG2 0,0.044578,0.105660
SG2 7,0.039582,0.052372
SG2 8,0.013881,0.063166
SG2 9,0.017526,0.098271
SG3 6,0.214887,0.293185
SG4 0,0.058359,0.185779
SG4 7,0.041399,0.086856
SG4 8,0.045687,0.086624
SG4 9,0.151889,0.243816
SG5 1,0.285149,0.467536
SG5 2,0.121871,0.216639
SG5 3,0.041712,0.092993
SG5 4,0.059264,0.150216
SG6 1,0.212191,0.299419
SG6 2,0.201113,0.258717
SG6 3,0.133732,0.229267
SG6 4,0.159647,0.281996
SG6 9,0.058093,0.089787
SG7 5,0.182108,0.255212
SG7 6,0.393769,0.487142
SG8 0,0.029948,0.123238
SG8 1,0.022367,0.108038
SG8 5,0.039027,0.134891
SG8 6,0.009320,0.096864
SG8 7,0.011888,0.074982
SG8 8,0.025528,0.086517
SG8 9,0.010773,0.115566
SG9 0,0.028548,0.101982
SG9 9,0.105261,0.143295
SK1 1,0.112595,0.168328
SK1 2,0.032740,0.079097
SK1 3,0.018151,0.043953
SK1 4,0.039913,0.115088
SK1 9,0.017755,0.044879
SK10 1,0.064105,0.118076
SK10 2,0.064352,0.119355
SK10 3,0.045927,0.105805
SK10 4,0.037647,0.088760
SK10 5,0.048537,0.076757
SK10 9,0.052073,0.101575
SK11 0,0.035767,0.092027
SK11 6,0.103136,0.179082
SK11 7,0.076209,0.138592
SK11 8,0.078712,0.154466
SK11 9,0.014156,0.036172
SK12 1,0.102077,0.208975
SK12 2,0.062590,0.095948
SK13 0,0.004723,0.030488
SK13 1,0.020279,0.062854
SK13 2,0.021737,0.037411
SK13 5,0.047917,0.138680
SK13 6,0.009878,0.017982
SK13 7,0.035185,0.080279
SK13 8,0.055930,0.128368
SK14 1,0.050872,0.145677
SK14 2,0.057231,0.092689
SK14 3,0.034635,0.057126
SK14 4,0.048274,0.137417
SK14 5,0.035002,0.095524
SK14 6,0.051165,0.125335
SK14 8,0.097506,0.170752
SK14 9,0.048541,0.113931
SK15 1,0.092266,0.148163
SK15 2,0.109304,0.192628
SK15 3,0.078837,0.103865
SK16 4,0.050361,0.077270
SK16 5,0.053046,0.162885
SK17 0,0.047630,0.081369
SK17 1,0.025687,0.058450
SK17 6,0.025485,0.058750
SK17 7,0.017013,0.031597
SK17 8,0.039742,0.094856
SK17 9,0.014953,0.047115
SK2 5,0.077072,0.139454
SK2 6,0.076127,0.179086
SK2 7,0.109766,0.242094
SK22 1,0.207622,0.245656
SK22 2,0.102826,0.118192
SK22 3,0.030094,0.087827
SK22 4,0.036968,0.063554
SK23 0,0.071222,0.148425
SK23 6,0.011169,0.044690
SK23 7,0.023986,0.070208
SK23 9,0.026889,0.104443
SK3 0,0.023936,0.092254
SK3 3,0.030797,0.080595
SK3 8,0.047751,0.106245
SK3 9,0.014133,0.039108
SK4 1,0.052912,0.066777
SK4 2,0.078453,0.171837
SK4 3,0.044952,0.135879
SK4 4,0.064387,0.129620
SK4 5,0.051006,0.122957
SK5 6,0.071195,0.129596
SK5 7,0.086067,0.153887
SK5 8,0.052102,0.079360
SK6 1,0.063020,0.129800
SK6 2,0.095240,0.137254
SK6 3,0.065141,0.091840
SK6 4,0.122528,0.178817
SK6 5,0.053372,0.069989
SK6 6,0.066510,0.102927
SK6 7,0.038841,0.128793
SK6 8,0.038102,0.133673
SK6 9,0.069362,0.123990
SK7 0,0.095541,0.169774
SK7 1,0.112913,0.188663
SK7 2,0.099279,0.176311
SK7 3,0.073543,0.127304
SK7 4,0.076485,0.140072
SK7 5,0.124919,0.205199
SK7 6,0.095442,0.194571
SK8 1,0.043412,0.076876
SK8 2,0.078538,0.267914
SK8 3,0.062541,0.160260
SK8 4,0.052232,0.178648
SK8 5,0.043228,0.144042
SK8 6,0.062210,0.115099
SK8 7,0.044358,0.144833
SK8 9,0.055907,0.157435
SK9 0,0.045608,0.113093
SK9 1,0.039855,0.092784
SK9 2,0.039430,0.078689
SK9 3,0.098137,0.214161
SK9 4,0.034522,0.102279
SK9 5,0.012609,0.094822
SK9 6,0.032187,0.120103
SK9 7,0.043575,0.068934
SL0 0,0.095050,0.130524
SL0 9,0.051037,0.126056
SL1 0,0.025037,0.080604
SL1 1,0.039887,0.133191
SL1 2,0.022897,0.123215
SL1 3,0.063032,0.187392
SL1 4,0.117776,0.358576
SL1 5,0.042652,0.133977
SL1 6,0.035539,0.147901
SL1 7,0.054265,0.108435
SL1 8,0.010908,0.021581
SL1 9,0.051967,0.113324
SL2 1,0.127947,0.219913
SL2 2,0.111538,0.177912
SL2 3,0.054184,0.105642
SL2 4,0.040191,0.118414
SL2 5,0.109478,0.280042
SL3 0,0.010622,0.073686
SL3 6,0.053895,0.073462
SL3 7,0.051817,0.132487
SL3 8,0.042267,0.157496
SL3 9,0.006688,0.040127
SL4 1,0.109788,0.219051
SL4 2,0.153461,0.303638
SL4 3,0.154615,0.247990
SL4 4,0.175711,0.238198
SL4 5,0.166472,0.306395
SL4 6,0.028804,0.048319
SL4 9,0.144590,0.244039
SL5 0,0.005274,0.021977
SL5 5,0.042279,0.065679
SL5 7,0.057188,0.070006
SL5 8,0.053060,0.093454
SL5 9,0.041742,0.055528
SL6 0,0.050972,0.120159
SL6 1,0.020262,0.070781
SL6 2,0.011516,0.044015
SL6 3,0.033634,0.097438
SL6 4,0.077706,0.095751
SL6 5,0.012527,0.056324
SL6 6,0.016773,0.085932
SL6 7,0.065657,0.106990
SL6 8,0.016487,0.033696
SL6 9,0.057296,0.116112
SL7 1,0.047336,0.238821
SL7 2,0.077079,0.147055
SL7 3,0.009445,0.067411
SL7 9,0.040392,0.147943
SL8 5,0.009536,0.043719
SL9 0,0.015107,0.033373
SL9 1,0.042185,0.094421
SL9 7,0.061628,0.109461
SL9 8,0.048667,0.117102
SL9 9,0.041151,0.109933
SM1 1,0.124831,0.367516
SM1 2,0.080897,0.173632
SM1 3,0.051052,0.166120
SM1 4,0.100911,0.230784
SM1 9,0.043241,0.582110
SM2 5,0.130671,0.207284
SM2 6,0.071806,0.116965
SM2 7,0.021213,0.064719
SM3 8,0.053248,0.128934
SM3 9,0.098461,0.192718
SM4 4,0.060342,0.129263
SM4 5,0.062568,0.135830
SM4 6,0.091243,0.156317
SM4 9,0.035969,0.070551
SM5 1,0.047609,0.142458
SM5 2,0.129458,0.362255
SM5 3,0.040726,0.106932
SM5 4,0.009424,0.047444
SM6 0,0.021163,0.109367
SM6 6,0.045867,0.102628
SM6 7,0.082936,0.138991
SM6 8,0.025524,0.090701
SM6 9,0.055489,0.082477
SM7 1,0.032825,0.046603
SM7 2,0.022723,0.036597
SM7 3,0.021369,0.076876
SM7 9,0.027601,0.054315
SN1 1,0.231843,0.334122
SN1 2,0.143149,0.193909
SN1 3,0.012451,0.048507
SN1 4,0.056463,0.080147
SN1 5,0.091540,0.136608
SN1 7,0.056138,0.110034
SN10 1,0.069344,0.156673
SN10 2,0.022869,0.064794
SN10 3,0.036686,0.074820
SN10 4,0.026997,0.068024
SN10 5,0.025771,0.059206
SN10 9,0.034695,0.080766
SN11 0,0.053120,0.087355
SN11 7,0.067570,0.105740
SN11 8,0.046804,0.089147
SN11 9,0.103335,0.140103
SN12 6,0.076912,0.158699
SN12 7,0.072518,0.139027
SN12 8,0.029060,0.080073
SN12 9,0.063884,0.131781
SN13 0,0.015465,0.037922
SN13 8,0.023161,0.026449
SN13 9,0.002042,0.034404
SN14 0,0.021924,0.049728
SN14 6,0.011142,0.027817
SN14 7,0.006487,0.024165
SN14 8,0.016177,0.062319
SN15 1,0.040268,0.075730
SN15 2,0.035350,0.100058
SN15 3,0.042015,0.105180
SN15 4,0.078541,0.115673
SN15 5,0.044013,0.082482
SN15 9,0.018107,0.036850
SN16 0,0.009818,0.038549
SN16 9,0.076663,0.101879
SN2 1,0.052268,0.108201
SN2 2,0.024512,0.051396
SN2 5,0.038107,0.088172
SN2 7,0.027445,0.058270
SN2 8,0.059763,0.127226
SN25 1,0.055841,0.133162
SN25 2,0.019299,0.037008
SN25 3,0.040185,0.085781
SN25 4,0.018413,0.069103
SN25 5,0.023719,0.056103
SN25 6,0.024631,0.058260
SN26 7,0.002713,0.064124
SN26 8,0.003952,0.024465
SN3 0,0.027080,0.053277
SN3 1,0.025907,0.051427
SN3 2,0.039501,0.091801
SN3 3,0.040041,0.095600
SN3 4,0.052731,0.123483
SN3 5,0.127903,0.168567
SN3 6,0.066980,0.117811
SN3 9,0.052807,0.103889
SN4 0,0.014353,0.037740
SN4 4,0.023316,0.050513
SN4 7,0.018588,0.048792
SN4 8,0.038357,0.056565
SN4 9,0.019215,0.054846
SN5 0,0.044124,0.061743
SN5 1,0.022707,0.049136
SN5 3,0.011798,0.022585
SN5 4,0.030138,0.054281
SN5 5,0.018681,0.045733
SN5 6,0.010347,0.030944
SN5 7,0.010514,0.053268
SN5 8,0.033380,0.057716
SN6 6,0.081542,0.118017
SN6 7,0.024258,0.037985
SN6 8,0.038311,0.063162
SN7 7,0.071178,0.099397
SN7 8,0.067455,0.081836
SN8 1,0.036287,0.064068
SN8 2,0.010485,0.033271
SN8 3,0.038230,0.052733
SN8 4,0.024753,0.030444
SN8 9,0.028269,0.047117
SN9 5,0.037308,0.054426
SN9 6,0.003141,0.014665
SO14 0,0.025704,0.096257
SO14 1,0.053835,0.126323
SO14 2,0.019541,0.060012
SO14 3,0.074624,0.168352
SO14 5,0.043415,0.227938
SO14 6,0.016844,0.057501
SO14 7,0.015123,0.043581
SO15 0,0.081418,0.136324
SO15 1,0.144584,0.244959
SO15 2,0.047991,0.107626
SO15 3,0.044583,0.081021
SO15 4,0.044192,0.106042
SO15 5,0.034030,0.067941
SO15 7,0.024740,0.088816
SO15 8,0.075791,0.085450
SO15 9,0.051609,0.098941
SO16 0,0.009202,0.018291
SO16 2,0.015337,0.060931
SO16 3,0.032144,0.075646
SO16 4,0.068330,0.118495
SO16 5,0.032782,0.068188
SO16 6,0.016159,0.027121
SO16 7,0.042695,0.112647
SO16 8,0.033346,0.069279
SO16 9,0.070479,0.123873
SO17 1,0.058297,0.080839
SO17 2,0.090625,0.133917
SO17 3,0.110566,0.128723
SO18 1,0.034090,0.055795
SO18 2,0.016688,0.046488
SO18 3,0.017555,0.021706
SO18 4,0.008168,0.034015
SO18 5,0.032883,0.048536
SO18 6,0.004819,0.035050
SO18 9,0.012113,0.023669
SO19 0,0.082604,0.135822
SO19 1,0.007187,0.039762
SO19 2,0.007729,0.025495
SO19 4,0.030120,0.043061
SO19 5,0.007985,0.035085
SO19 6,0.020581,0.041178
SO19 7,0.057381,0.104196
SO19 8,0.012931,0.033294
SO19 9,0.017669,0.046028
SO20 6,0.003145,0.027552
SO20 8,0.014796,0.034340
SO21 1,0.031900,0.049641
SO21 2,0.030024,0.051145
SO21 3,0.009968,0.038403
SO22 4,0.012418,0.018728
SO22 5,0.031415,0.063128
SO22 6,0.016387,0.061206
SO23 0,0.018202,0.024141
SO23 3,0.016224,0.029292
SO23 7,0.045744,0.056682
SO23 8,0.059603,0.145133
SO23 9,0.030500,0.083696
SO24 0,0.016211,0.016364
SO24 4,0.018132,0.019707
SO24 9,0.018096,0.018213
SO30 0,0.079907,0.088033
SO30 2,0.016075,0.044092
SO30 3,0.013911,0.030806
SO30 4,0.033616,0.072505
SO30 9,0.032558,0.056163
SO31 0,0.014557,0.037388
SO31 1,0.003131,0.085931
SO31 4,0.016465,0.033766
SO31 5,0.002787,0.020787
SO31 6,0.002630,0.022375
SO31 7,0.021038,0.023133
SO31 8,0.038456,0.044648
SO31 9,0.011904,0.063522
SO32 1,0.008295,0.056035
SO32 2,0.028208,0.051969
SO32 3,0.003097,0.022275
SO40 0,0.020250,0.048572
SO40 2,0.113613,0.249585
SO40 3,0.010818,0.050263
SO40 4,0.057853,0.093410
SO40 7,0.074535,0.147995
SO40 8,0.035812,0.143056
SO40 9,0.034804,0.078808
SO41 0,0.004057,0.017231
SO41 1,0.008432,0.027526
SO41 3,0.021014,0.043530
SO41 5,0.001961,0.006401
SO41 6,0.001519,0.004960
SO41 8,0.006540,0.024784
SO41 9,0.013527,0.050237
SO42 7,0.000435,0.012749
SO43 7,0.029772,0.052403
SO45 1,0.006994,0.026757
SO45 2,0.017050,0.106226
SO45 3,0.023077,0.080133
SO45 4,0.033458,0.066600
SO45 5,0.027131,0.048491
SO45 6,0.047813,0.062446
SO45 9,0.023902,0.063008
SO50 0,0.023183,0.048261
SO50 4,0.047148,0.107979
SO50 5,0.032341,0.095214
SO50 6,0.045202,0.070914
SO50 7,0.053055,0.087805
SO50 8,0.039794,0.093666
SO50 9,0.056184,0.105108
SO51 0,0.043183,0.078644
SO51 1,0.041853,0.073793
SO51 5,0.031535,0.069095
SO51 6,0.034033,0.051949
SO51 7,0.027686,0.050556
SO51 8,0.081879,0.127162
SO51 9,0.010596,0.046005
SO52 9,0.063808,0.114551
SO53 1,0.022190,0.045506
SO53 2,0.075935,0.111233
SO53 3,0.043600,0.056861
SO53 4,0.079670,0.100109
SO53 5,0.040484,0.048381
SP1 1,0.059453,0.118208
SP1 2,0.063920,0.171327
SP1 3,0.040639,0.086819
SP10 1,0.018471,0.091246
SP10 2,0.019516,0.044636
SP10 3,0.039217,0.062916
SP10 4,0.004001,0.008400
SP10 5,0.034588,0.064465
SP10 9,0.020836,0.043748
SP11 0,0.037765,0.080683
SP11 6,0.028419,0.045182
SP11 7,0.010584,0.016816
SP11 8,0.007964,0.034496
SP11 9,0.029618,0.040721
SP2 0,0.040916,0.083643
SP2 2,0.035864,0.075662
SP2 7,0.050418,0.120847
SP2 8,0.022163,0.064650
SP2 9,0.031966,0.039905
SP3 4,0.008070,0.037185
SP3 5,0.065009,0.082658
SP3 6,0.031546,0.049417
SP4 0,0.001726,0.012179
SP4 5,0.013293,0.030449
SP4 6,0.014473,0.020932
SP4 7,0.009543,0.018073
SP4 8,0.010849,0.062555
SP4 9,0.027931,0.031318
SP5 1,0.014601,0.038213
SP5 2,0.022059,0.056903
SP5 3,0.004534,0.026912
SP5 4,0.004501,0.035856
SP5 5,0.027581,0.039087
SP6 1,0.011781,0.050007
SP6 2,0.002580,0.022654
SP6 3,0.015066,0.044155
SP7 0,0.025631,0.039414
SP7 7,0.024996,0.064754
SP7 8,0.019209,0.054830
SP7 9,0.039451,0.112497
SP8 4,0.072351,0.134335
SP8 5,0.064252,0.095503
SP8 9,0.068938,0.122497
SP9 7,0.004227,0.020250
SR1 1,0.001727,0.066513
SR1 2,0.009460,0.123501
SR1 3,0.006467,0.033531
SR2 0,0.045195,0.061956
SR2 7,0.045937,0.061418
SR2 8,0.032872,0.113927
SR2 9,0.044520,0.051536
SR3 1,0.076933,0.132179
SR3 2,0.050930,0.114934
SR3 3,0.034984,0.098766
SR3 4,0.017953,0.057377
SR4 0,0.007688,0.041664
SR4 6,0.033325,0.079975
SR4 7,0.054965,0.092870
SR4 8,0.013635,0.060286
SR4 9,0.002814,0.028041
SR5 1,0.055184,0.116139
SR5 2,0.047932,0.094500
SR5 3,0.058151,0.115202
SR5 4,0.012036,0.022565
SR5 5,0.022975,0.062360
SR5 9,0.024164,0.051164
SR6 0,0.035026,0.171313
SR6 7,0.036383,0.127828
SR6 8,0.033794,0.134364
SR6 9,0.028582,0.075551
SR7 0,0.045803,0.081942
SR7 1,0.026052,0.062582
SR7 7,0.011231,0.048406
SR7 8,0.014935,0.037675
SR7 9,0.040828,0.089532
SR8 1,0.049894,0.086066
SR8 2,0.034105,0.056672
SR8 3,0.030144,0.064222
SR8 4,0.043029,0.061938
SR8 5,0.019797,0.033165
SR8 9,0.034422,0.059100
SS0 0,0.099099,0.163313
SS0 7,0.029949,0.076479
SS0 8,0.039505,0.108876
SS0 9,0.033486,0.049956
SS1 1,0.057993,0.154827
SS1 2,0.092347,0.189172
SS1 3,0.019775,0.087647
SS11 7,0.240592,0.459191
SS11 8,0.186036,0.351421
SS11 9,0.209830,0.399178
SS12 0,0.218880,0.428586
SS12 9,0.319733,0.558558
SS13 1,0.134843,0.393272
SS13 2,0.217921,0.390662
SS13 3,0.175944,0.424587
SS14 0,0.086388,0.652143
SS14 1,0.175527,0.377813
SS14 2,0.150105,0.347881
SS14 3,0.174465,0.512232
SS15 4,0.138491,0.388817
SS15 5,0.156536,0.492457
SS15 6,0.085419,0.278647
SS16 4,0.293682,0.489007
SS16 5,0.196917,0.379330
SS16 6,0.136765,0.397435
SS17 0,0.512906,0.558420
SS17 1,0.448706,0.499273
SS17 7,0.418184,0.471801
SS17 8,0.527099,0.571130
SS17 9,0.291910,0.338527
SS2 4,0.057069,0.139778
SS2 5,0.047222,0.127980
SS2 6,0.078669,0.245538
SS3 0,0.013040,0.071426
SS3 8,0.017065,0.103613
SS3 9,0.036467,0.106380
SS4 1,0.202250,0.382651
SS4 2,0.103809,0.240213
SS4 3,0.164404,0.292852
SS4 9,0.093897,0.175503
SS5 4,0.222454,0.422351
SS5 5,0.173279,0.407362
SS5 6,0.084564,0.237882
SS5 9,0.167329,0.361277
SS6 0,0.235685,0.426184
SS6 7,0.226375,0.364435
SS6 8,0.231879,0.470787
SS6 9,0.250225,0.429505
SS7 1,0.284260,0.466344
SS7 2,0.085343,0.261725
SS7 3,0.102643,0.296842
SS7 4,0.216893,0.470920
SS7 5,0.124859,0.372895
SS7 9,0.124828,0.292516
SS8 0,0.237157,0.524573
SS8 1,0.247053,0.545250
SS8 7,0.241908,0.555559
SS8 8,0.302196,0.605602
SS8 9,0.227726,0.527288
SS9 1,0.043270,0.094809
SS9 2,0.090178,0.134973
SS9 3,0.050883,0.083028
SS9 4,0.050893,0.097811
SS9 5,0.058780,0.119328
ST1 1,0.006625,0.134492
ST1 2,0.003681,0.014754
ST1 3,0.061215,0.150260
ST1 4,0.032999,0.082700
ST1 5,0.047785,0.075064
ST1 6,0.005222,0.020363
ST10 1,0.038341,0.066159
ST10 2,0.012191,0.033221
ST10 3,0.021239,0.068115
ST10 4,0.017212,0.059637
ST10 9,0.026420,0.058996
ST11 9,0.033941,0.147355
ST12 9,0.024151,0.124132
ST13 5,0.003454,0.043819
ST13 6,0.025480,0.068108
ST13 7,0.014016,0.060410
ST13 8,0.024897,0.062640
ST13 9,0.007567,0.025379
ST14 5,0.025113,0.068015
ST14 7,0.047111,0.088554
ST14 8,0.066595,0.094211
ST14 9,0.047507,0.085580
ST15 0,0.073878,0.151855
ST15 8,0.033258,0.120930
ST15 9,0.052068,0.134503
ST16 1,0.070395,0.126730
ST16 2,0.028981,0.078567
ST16 3,0.052831,0.136396
ST16 9,0.025284,0.055263
ST17 0,0.011072,0.048811
ST17 4,0.028486,0.113391
ST17 9,0.066300,0.128398
ST18 0,0.046359,0.088845
ST18 9,0.019923,0.069116
ST19 5,0.041047,0.116310
ST19 9,0.010153,0.064113
ST2 0,0.094855,0.165177
ST2 7,0.086110,0.145913
ST2 8,0.070252,0.131872
ST2 9,0.055509,0.125178
ST20 0,0.000367,0.033143
ST21 6,0.024196,0.050888
ST3 1,0.057172,0.136000
ST3 2,0.047976,0.088581
ST3 3,0.066381,0.159356
ST3 4,0.110640,0.208454
ST3 5,0.030154,0.066543
ST3 6,0.111671,0.151976
ST3 7,0.034667,0.075834
ST3 9,0.063250,0.120484
ST4 1,0.147341,0.320785
ST4 2,0.059307,0.133501
ST4 3,0.040673,0.161003
ST4 4,0.068120,0.180400
ST4 5,0.018677,0.085450
ST4 6,0.036833,0.138775
ST4 7,0.010410,0.059746
ST4 8,0.048254,0.088726
ST4 9,0.021518,0.061734
ST5 0,0.023890,0.065589
ST5 1,0.038179,0.145350
ST5 2,0.061875,0.129730
ST5 3,0.068550,0.135627
ST5 4,0.037776,0.054334
ST5 5,0.040200,0.068467
ST5 6,0.049626,0.153681
ST5 7,0.042109,0.108922
ST5 8,0.036141,0.089958
ST5 9,0.044506,0.111577
ST6 1,0.023702,0.084470
ST6 2,0.084863,0.161913
ST6 3,0.004394,0.047070
ST6 4,0.072714,0.121624
ST6 5,0.028828,0.096204
ST6 6,0.040776,0.080529
ST6 7,0.055718,0.083075
ST6 8,0.014572,0.039297
ST6 9,0.036469,0.081921
ST7 1,0.278285,0.339706
ST7 2,0.019739,0.097006
ST7 3,0.090063,0.137043
ST7 4,0.208667,0.252255
ST7 8,0.021190,0.060940
ST7 9,0.130369,0.185930
ST8 6,0.031360,0.084039
ST8 7,0.024603,0.036114
ST8 9,0.029026,0.063595
ST9 0,0.046082,0.064058
ST9 9,0.065940,0.080953
SW10 0,0.156077,0.430559
SW10 1,0.135607,0.411831
SW10 9,0.118098,0.404169
SW11 1,0.111984,0.173564
SW11 2,0.290501,0.613541
SW11 3,0.131377,0.415858
SW11 4,0.076726,0.284062
SW11 5,0.125949,0.401208
SW11 6,0.099187,0.173431
SW11 8,0.092811,0.290090
SW11 9,0.137417,0.351049
SW12 0,0.061925,0.191430
SW12 2,0.118205,0.232748
SW12 8,0.128471,0.260963
SW12 9,0.148601,0.226911
SW13 0,0.161617,0.346983
SW13 8,0.159848,0.272969
SW13 9,0.142218,0.278646
SW14 7,0.120432,0.327059
SW14 8,0.165732,0.456662
SW14 9,0.144303,0.393677
SW15 1,0.089146,0.291455
SW15 2,0.091298,0.239011
SW15 3,0.053059,0.148402
SW15 4,0.167921,0.269591
SW15 5,0.077299,0.168797
SW15 6,0.186829,0.358868
SW15 9,0.108899,0.244855
SW16 1,0.113239,0.183365
SW16 2,0.031205,0.121963
SW16 3,0.109311,0.174174
SW16 4,0.155250,0.263091
SW16 5,0.092690,0.180061
SW16 6,0.057546,0.129479
SW16 9,0.088416,0.173049
SW17 0,0.099632,0.343932
SW17 1,0.080491,0.219496
SW17 6,0.058678,0.285590
SW17 7,0.087384,0.182153
SW17 8,0.076334,0.156271
SW17 9,0.061344,0.185278
SW18 1,0.085039,0.243885
SW18 2,0.067661,0.171350
SW18 3,0.124264,0.225066
SW18 4,0.194817,0.499311
SW18 5,0.082122,0.186910
SW18 9,0.054888,0.132243
SW19 1,0.084541,0.187447
SW19 2,0.045525,0.178171
SW19 3,0.066640,0.271865
SW19 4,0.078063,0.184503
SW19 5,0.067329,0.114610
SW19 6,0.060510,0.158197
SW19 7,0.043051,0.103327
SW19 8,0.083943,0.182094
SW19 9,0.067729,0.182220
SW1A 0,0.180083,0.271475
SW1A 1,0.226550,0.353812
SW1A 2,0.156394,0.189627
SW1E 5,0.146742,0.265616
SW1E 6,0.138690,0.451722
SW1H 0,0.221463,0.235860
SW1H 9,0.309285,0.337114
SW1P 1,0.426545,0.555614
SW1P 2,0.357170,0.451829
SW1P 3,0.217308,0.524731
SW1P 4,0.318123,0.455536
SW1V 1,0.517036,0.670040
SW1V 2,0.279105,0.417715
SW1V 3,0.325923,0.411564
SW1V 4,0.276532,0.466241
SW1W 0,0.095933,0.154517
SW1W 8,0.266603,0.342605
SW1W 9,0.134716,0.192625
SW1X 0,0.413498,0.671179
SW1X 7,0.151294,0.226019
SW1X 8,0.252689,0.376407
SW1X 9,0.135358,0.437113
SW1Y 4,0.036035,0.042262
SW1Y 5,0.092182,0.102301
SW1Y 6,0.074989,0.086044
SW2 1,0.108619,0.424139
SW2 2,0.036366,0.142139
SW2 3,0.023334,0.065093
SW2 4,0.017138,0.080308
SW2 5,0.024300,0.116802
SW2 9,0.039011,0.150167
SW20 0,0.118137,0.403294
SW20 8,0.314670,0.598492
SW20 9,0.121164,0.242312
SW3 1,0.296462,0.627376
SW3 2,0.163483,0.349330
SW3 3,0.126842,0.572972
SW3 4,0.138783,0.368642
SW3 5,0.087618,0.310705
SW3 6,0.193673,0.430673
SW4 0,0.101376,0.225524
SW4 4,0.116189,0.264872
SW4 6,0.093656,0.286552
SW4 7,0.184016,0.359582
SW4 8,0.078442,0.180043
SW4 9,0.112069,0.237560
SW5 0,0.165225,0.391263
SW5 9,0.059605,0.300038
SW6 1,0.207059,0.477926
SW6 2,0.152518,0.371108
SW6 3,0.078934,0.355533
SW6 4,0.153763,0.373522
SW6 5,0.055412,0.288755
SW6 6,0.057284,0.187260
SW6 7,0.109616,0.329172
SW6 9,0.117274,0.336778
SW7 1,0.161932,0.209319
SW7 2,0.197680,0.498394
SW7 3,0.186510,0.499862
SW7 4,0.139188,0.272280
SW7 5,0.370898,0.651770
SW7 9,0.213332,0.428657
SW8 1,0.124891,0.677568
SW8 2,0.119594,0.294336
SW8 3,0.186650,0.678238
SW8 4,0.172254,0.523452
SW8 5,0.042267,0.153129
SW8 9,0.141594,0.512982
SW9 0,0.099870,0.328841
SW9 1,0.080157,0.282805
SW9 6,0.110381,0.450090
SW9 7,0.079380,0.267073
SW9 8,0.072828,0.247844
SW9 9,0.041382,0.153308
SY1 1,0.093442,0.153230
SY1 2,0.040935,0.146015
SY1 3,0.069170,0.173023
SY1 4,0.080272,0.167865
SY1 9,0.065728,0.159816
SY10 0,0.083589,0.122780
SY10 1,0.054519,0.092411
SY10 7,0.094623,0.163984
SY10 8,0.016651,0.026331
SY10 9,0.031014,0.058935
SY11 1,0.102873,0.191471
SY11 2,0.095906,0.185237
SY11 3,0.106845,0.159245
SY11 4,0.037199,0.090949
SY12 0,0.033153,0.048909
SY12 9,0.017115,0.035584
SY13 1,0.031341,0.055252
SY13 2,0.035901,0.067855
SY13 3,0.003289,0.015728
SY13 4,0.030638,0.043428
SY13 9,0.028941,0.051824
SY14 7,0.012185,0.027776
SY14 8,0.021871,0.042132
SY15 6,0.057332,0.092838
SY16 1,0.021566,0.096698
SY16 2,0.032350,0.129236
SY16 3,0.054854,0.081550
SY16 4,0.022453,0.082414
SY16 9,0.030874,0.100339
SY17 5,0.058105,0.080205
SY18 6,0.017300,0.060286
SY19 7,0.074780,0.175288
SY2 5,0.017435,0.112107
SY2 6,0.093209,0.141260
SY20 8,0.067723,0.109065
SY20 9,0.027229,0.064002
SY21 0,0.029798,0.075432
SY21 7,0.025856,0.071165
SY21 8,0.032363,0.043070
SY21 9,0.019051,0.048065
SY22 5,0.016591,0.022400
SY22 6,0.043404,0.066884
SY23 1,0.053784,0.099586
SY23 2,0.186891,0.214898
SY23 3,0.016463,0.068595
SY23 4,0.008406,0.030773
SY23 5,0.011118,0.016984
SY23 9,0.046408,0.082246
SY24 5,0.007518,0.015033
SY25 6,0.013684,0.029418
SY3 0,0.139381,0.182685
SY3 5,0.114989,0.215505
SY3 6,0.027169,0.056437
SY3 7,0.076712,0.133191
SY3 8,0.028826,0.063234
SY3 9,0.021955,0.076200
SY4 1,0.015280,0.052320
SY4 2,0.020585,0.072959
SY4 3,0.046636,0.057573
SY4 4,0.011259,0.053632
SY4 5,0.058157,0.130835
SY5 0,0.057576,0.081793
SY5 6,0.014185,0.031639
SY5 7,0.023730,0.038236
SY5 8,0.047876,0.097412
SY5 9,0.038887,0.065366
SY6 6,0.048664,0.073397
SY6 7,0.035392,0.047687
SY7 0,0.020192,0.041150
SY7 7,0.032177,0.061018
SY7 8,0.018622,0.042656
SY7 9,0.050995,0.088478
SY8 1,0.054436,0.099359
SY8 2,0.021147,0.072147
SY8 3,0.093945,0.138304
SY8 4,0.016844,0.035321
SY8 9,0.047368,0.088684
SY9 5,0.058411,0.132735
TA1 1,0.104947,0.250501
TA1 2,0.128630,0.183950
TA1 3,0.070117,0.099735
TA1 4,0.112301,0.180234
TA1 5,0.059843,0.065874
TA1 9,0.041744,0.067407
TA10 0,0.085578,0.112867
TA10 1,0.062724,0.123682
TA10 9,0.047703,0.131423
TA11 6,0.047234,0.105209
TA11 7,0.069521,0.095006
TA11 9,0.054011,0.102822
TA12 6,0.041170,0.075333
TA13 5,0.026890,0.047934
TA14 6,0.031261,0.071484
TA15 6,0.052875,0.147993
TA16 5,0.036087,0.040272
TA17 8,0.061989,0.089191
TA18 7,0.041590,0.059900
TA18 8,0.023460,0.088179
TA18 9,0.031825,0.078732
TA19 0,0.047154,0.115075
TA19 9,0.059702,0.136223
TA2 6,0.028391,0.055310
TA2 7,0.056818,0.087744
TA2 8,0.028208,0.060996
TA20 1,0.029393,0.061333
TA20 2,0.038188,0.081665
TA20 3,0.032852,0.084585
TA20 4,0.008822,0.028374
TA20 9,0.031258,0.068923
TA21 0,0.034181,0.080873
TA21 1,0.062243,0.111839
TA21 8,0.067111,0.110443
TA21 9,0.071516,0.128261
TA22 9,0.012100,0.014292
TA23 0,0.136068,0.216167
TA24 5,0.059942,0.130381
TA24 6,0.044123,0.085630
TA24 7,0.048784,0.074040
TA24 8,0.014630,0.062074
TA24 9,0.041666,0.092096
TA3 5,0.019330,0.056486
TA3 6,0.104889,0.143789
TA3 7,0.037661,0.070063
TA4 1,0.058544,0.115152
TA4 2,0.033573,0.045430
TA4 3,0.029992,0.063531
TA4 4,0.052413,0.103518
TA4 9,0.023216,0.044133
TA5 1,0.122270,0.153694
TA5 2,0.060500,0.094262
TA6 3,0.053785,0.115988
TA6 4,0.032539,0.159983
TA6 5,0.139718,0.306459
TA6 6,0.068928,0.153243
TA6 7,0.071325,0.112085
TA6 9,0.584591,0.626935
TA7 0,0.055883,0.078312
TA7 8,0.010829,0.056036
TA7 9,0.074210,0.156725
TA8 1,0.060645,0.267936
TA8 2,0.024180,0.137284
TA8 9,0.041323,0.192921
TA9 3,0.055930,0.147797
TA9 4,0.048224,0.132110
TD1 1,0.169657,0.259486
TD1 2,0.072231,0.112571
TD1 3,0.101793,0.127244
TD1 9,0.112088,0.163810
TD10 6,0.072033,0.187930
TD11 3,0.066336,0.103375
TD11 9,0.068140,0.106675
TD12 4,0.041140,0.140119
TD13 5,0.042166,0.048580
TD14 5,0.105046,0.183616
TD15 1,0.131709,0.200448
TD15 2,0.065931,0.089960
TD2 6,0.080287,0.122406
TD3 6,0.029505,0.045508
TD4 6,0.093608,0.144402
TD5 7,0.121400,0.263584
TD5 8,0.072528,0.143823
TD6 0,0.030894,0.054465
TD6 6,0.016436,0.656501
TD6 9,0.051839,0.081263
TD7 4,0.085764,0.130102
TD7 5,0.128918,0.224844
TD7 9,0.102724,0.167624
TD8 6,0.075069,0.145179
TD8 9,0.076443,0.145997
TD9 0,0.149245,0.209832
TD9 1,0.138548,0.206974
TD9 7,0.137584,0.200536
TD9 8,0.110463,0.188114
TD9 9,0.164463,0.236178
TF1 1,0.096017,0.196871
TF1 2,0.084911,0.160396
TF1 3,0.050987,0.109270
TF1 5,0.051898,0.157922
TF1 6,0.040353,0.092437
TF1 7,0.095665,0.153285
TF1 9,0.060464,0.137228
TF10 7,0.042055,0.099340
TF10 8,0.057298,0.086109
TF10 9,0.017714,0.034112
TF11 8,0.037999,0.066116
TF11 9,0.017954,0.103682
TF12 5,0.019357,0.049090
TF13 6,0.009615,0.045293
TF2 0,0.049059,0.079336
TF2 2,0.043571,0.093623
TF2 5,0.031122,0.066874
TF2 6,0.072774,0.163202
TF2 7,0.020441,0.067913
TF2 8,0.044724,0.088227
TF2 9,0.038356,0.075175
TF3 1,0.061642,0.107436
TF3 2,0.030339,0.057098
TF3 3,0.020666,0.044245
TF3 4,0.012295,0.095474
TF3 5,0.054469,0.164122
TF4 2,0.107232,0.166725
TF4 3,0.105292,0.186710
TF5 0,0.006802,0.037537
TF6 5,0.002067,0.031520
TF6 6,0.013297,0.047765
TF7 4,0.022977,0.067586
TF7 5,0.041120,0.057757
TF7 9,0.035247,0.062566
TF8 7,0.016319,0.045121
TF9 1,0.012108,0.061170
TF9 2,0.013060,0.066824
TF9 3,0.019173,0.047242
TF9 4,0.004517,0.019886
TF9 9,0.013710,0.050519
TN1 1,0.086435,0.114870
TN1 2,0.054813,0.110900
TN10 3,0.073804,0.142134
TN10 4,0.135398,0.175335
TN11 0,0.048008,0.072961
TN11 8,0.071531,0.138887
TN11 9,0.127240,0.173191
TN12 0,0.130330,0.188544
TN12 5,0.035496,0.064202
TN12 6,0.113019,0.219690
TN12 7,0.028653,0.045471
TN12 8,0.046466,0.064042
TN12 9,0.118785,0.177080
TN13 1,0.024869,0.031338
TN13 2,0.026489,0.047860
TN13 3,0.048894,0.084657
TN13 9,0.035737,0.059447
TN14 5,0.026165,0.049883
TN14 6,0.016016,0.065953
TN14 7,0.008614,0.024772
TN15 0,0.057283,0.089147
TN15 6,0.019432,0.038636
TN15 7,0.009653,0.013640
TN15 8,0.030928,0.053251
TN15 9,0.005818,0.020831
TN16 1,0.053575,0.073174
TN16 2,0.005702,0.007833
TN16 3,0.009628,0.023413
TN16 9,0.022273,0.036661
TN17 1,0.016631,0.019488
TN17 2,0.015353,0.039819
TN17 3,0.042020,0.057078
TN17 4,0.053945,0.082695
TN17 9,0.034983,0.054839
TN18 4,0.017639,0.072730
TN18 5,0.022926,0.047773
TN19 7,0.014542,0.029721
TN2 3,0.034619,0.065933
TN2 4,0.035421,0.054450
TN2 5,0.077357,0.176860
TN20 6,0.002584,0.016078
TN21 0,0.006008,0.031860
TN21 1,0.009150,0.031517
TN21 8,0.011593,0.035652
TN21 9,0.000953,0.007881
TN22 1,0.040152,0.054393
TN22 2,0.010985,0.041110
TN22 3,0.009935,0.017222
TN22 4,0.011368,0.013773
TN22 5,0.021000,0.049153
TN22 9,0.021959,0.040717
TN23 1,0.057139,0.133082
TN23 3,0.049899,0.072068
TN23 4,0.098593,0.137624
TN23 5,0.071416,0.109079
TN23 6,0.029632,0.063081
TN23 7,0.099471,0.184337
TN23 8,0.394056,0.410726
TN23 9,0.025201,0.039446
TN24 0,0.038128,0.074167
TN24 8,0.018451,0.038284
TN24 9,0.025612,0.040623
TN25 4,0.006734,0.027806
TN25 5,0.023354,0.039303
TN25 6,0.026472,0.063929
TN25 7,0.089300,0.137565
TN26 1,0.100344,0.103608
TN26 2,0.063958,0.083816
TN26 3,0.070977,0.102538
TN27 0,0.010117,0.036332
TN27 8,0.054923,0.082385
TN27 9,0.064874,0.114953
TN28 8,0.012961,0.090063
TN28 9,0.016118,0.090842
TN29 0,0.007917,0.052934
TN29 9,0.012319,0.064137
TN3 0,0.029701,0.043858
TN3 8,0.031233,0.041850
TN3 9,0.024896,0.037265
TN30 6,0.074682,0.115097
TN30 7,0.069032,0.105560
TN30 9,0.072079,0.110839
TN31 6,0.014125,0.032356
TN31 7,0.023333,0.102611
TN31 9,0.020575,0.070332
TN32 5,0.017639,0.025050
TN33 0,0.009511,0.020809
TN33 3,0.011106,0.021051
TN33 9,0.007885,0.011990
TN34 1,0.383649,0.448298
TN34 2,0.160190,0.215382
TN34 3,0.207373,0.238014
TN34 9,0.124753,0.567918
TN35 4,0.012656,0.039080
TN35 5,0.043331,0.080603
TN36 4,0.009782,0.026810
TN37 6,0.508447,0.577902
TN37 7,0.056770,0.087777
TN38 0,0.311089,0.407385
TN38 1,0.167653,0.228493
TN38 8,0.033869,0.069875
TN38 9,0.026794,0.048278
TN39 3,0.069859,0.157016
TN39 4,0.014357,0.046934
TN39 5,0.057804,0.064698
TN4 0,0.026356,0.063254
TN4 8,0.058507,0.107450
TN4 9,0.056847,0.079414
TN40 1,0.120225,0.160696
TN40 2,0.030160,0.042893
TN40 9,0.030118,0.041015
TN5 6,0.048186,0.072762
TN5 7,0.014019,0.021364
TN6 1,0.013383,0.019842
TN6 2,0.013574,0.035266
TN6 3,0.023290,0.050286
TN6 9,0.017194,0.035560
TN7 4,0.005923,0.049002
TN8 5,0.149579,0.236054
TN8 6,0.097124,0.131445
TN8 7,0.020801,0.073125
TN8 9,0.103851,0.162857
TN9 1,0.084845,0.186896
TN9 2,0.031668,0.075328
TN9 9,0.055233,0.123092
TQ1 1,0.022506,0.059088
TQ1 2,0.009274,0.028622
TQ1 3,0.042992,0.065593
TQ1 4,0.021297,0.034674
TQ1 9,0.014781,0.028057
TQ10 9,0.048118,0.062093
TQ11 0,0.109960,0.155135
TQ12 1,0.036807,0.056374
TQ12 2,0.083945,0.134835
TQ12 3,0.018023,0.045326
TQ12 4,0.008689,0.036957
TQ12 5,0.014475,0.034634
TQ12 6,0.030081,0.048687
TQ12 9,0.012941,0.580019
TQ13 0,0.035316,0.043493
TQ13 7,0.030788,0.062243
TQ13 8,0.005534,0.012639
TQ13 9,0.059449,0.105162
TQ14 0,0.026918,0.102009
TQ14 4,0.038039,0.086277
TQ14 8,0.081665,0.167212
TQ14 9,0.004382,0.017004
TQ2 5,0.017978,0.043618
TQ2 6,0.012801,0.029762
TQ2 7,0.036659,0.058838
TQ2 8,0.020047,0.037623
TQ3 1,0.005525,0.036552
TQ3 2,0.059180,0.095001
TQ3 3,0.036199,0.057873
TQ4 5,0.069581,0.113574
TQ4 6,0.047047,0.121997
TQ4 7,0.005020,0.046221
TQ4 9,0.034526,0.084609
TQ5 0,0.026478,0.126657
TQ5 5,0.028381,0.085717
TQ5 8,0.024700,0.066164
TQ5 9,0.031588,0.074010
TQ6 0,0.018487,0.031872
TQ6 6,0.049048,0.086387
TQ6 9,0.066356,0.116822
TQ7 1,0.045325,0.080505
TQ7 2,0.041551,0.091883
TQ7 3,0.013872,0.046295
TQ7 4,0.052896,0.059941
TQ7 9,0.038892,0.071690
TQ8 8,0.016485,0.043341
TQ9 5,0.039449,0.077121
TQ9 6,0.026530,0.044405
TQ9 7,0.020975,0.040027
TQ9 9,0.012516,0.023570
TR1 1,0.035748,0.073203
TR1 2,0.065005,0.125451
TR1 3,0.032894,0.070914
TR1 9,0.039882,0.082039
TR10 8,0.019320,0.053451
TR10 9,0.012657,0.024914
TR11 2,0.010248,0.044329
TR11 3,0.014358,0.072528
TR11 4,0.027388,0.058718
TR11 5,0.008747,0.061418
TR11 9,0.015176,0.058040
TR12 6,0.012519,0.031033
TR12 7,0.008100,0.026487
TR13 0,0.013184,0.038770
TR13 3,0.043617,0.081971
TR13 8,0.054705,0.094100
TR13 9,0.049659,0.095586
TR14 0,0.052980,0.103388
TR14 4,0.056254,0.124091
TR14 7,0.028525,0.096885
TR14 8,0.090231,0.184238
TR14 9,0.038852,0.059472
TR15 1,0.025092,0.093304
TR15 2,0.032199,0.047895
TR15 3,0.023374,0.086510
TR15 9,0.026694,0.077219
TR16 4,0.030590,0.073629
TR16 5,0.062419,0.101276
TR16 6,0.045074,0.092228
TR17 0,0.018278,0.109647
TR18 2,0.037022,0.167338
TR18 3,0.036740,0.109632
TR18 4,0.092215,0.139164
TR18 5,0.033053,0.077277
TR18 9,0.050167,0.128071
TR19 6,0.033025,0.083203
TR19 7,0.047784,0.098307
TR2 4,0.023514,0.043621
TR2 5,0.006310,0.044438
TR20 8,0.032043,0.095211
TR20 9,0.039022,0.115515
TR21 0,0.058502,0.101186
TR22 0,0.030039,0.074678
TR23 0,0.030039,0.074678
TR24 0,0.159704,0.230950
TR25 0,0.025042,0.062256
TR26 1,0.028582,0.121401
TR26 2,0.018990,0.053436
TR26 3,0.017934,0.029389
TR26 9,0.021954,0.069531
TR27 4,0.058769,0.119760
TR27 5,0.017947,0.085343
TR27 6,0.060570,0.070033
TR3 6,0.013497,0.035947
TR3 7,0.032987,0.060303
TR4 8,0.046295,0.092075
TR4 9,0.012161,0.039011
TR5 0,0.020864,0.051074
TR6 0,0.034944,0.110170
TR7 1,0.016173,0.091058
TR7 2,0.013927,0.077280
TR7 3,0.026593,0.117856
TR7 9,0.018660,0.092842
TR8 4,0.020961,0.107651
TR8 5,0.025322,0.037574
TR9 6,0.044662,0.070636
TS1 1,0.026865,0.143707
TS1 2,0.049259,0.267273
TS1 3,0.131790,0.270472
TS1 4,0.125870,0.384610
TS1 5,0.065292,0.157526
TS1 9,0.064002,0.177113
TS10 1,0.059567,0.147534
TS10 2,0.175967,0.340796
TS10 3,0.271648,0.506300
TS10 4,0.182413,0.280386
TS10 5,0.071068,0.178639
TS10 9,0.156536,0.292516
TS11 6,0.110628,0.260791
TS11 7,0.026752,0.060039
TS11 8,0.053032,0.157366
TS12 1,0.026297,0.034611
TS12 2,0.079477,0.126067
TS12 3,0.101025,0.106016
TS12 9,0.067484,0.097647
TS13 4,0.072497,0.134426
TS13 5,0.012520,0.042434
TS14 6,0.119548,0.220475
TS14 7,0.187105,0.245910
TS14 8,0.079345,0.112323
TS15 0,0.059435,0.131595
TS15 9,0.102061,0.143824
TS16 0,0.066556,0.215945
TS16 9,0.080648,0.221760
TS17 0,0.048869,0.114658
TS17 5,0.043230,0.101592
TS17 6,0.061691,0.211175
TS17 7,0.090866,0.181435
TS17 8,0.041230,0.095429
TS17 9,0.130234,0.286578
TS18 1,0.102680,0.259123
TS18 2,0.023789,0.273155
TS18 3,0.038961,0.127233
TS18 4,0.093772,0.143852
TS18 5,0.075716,0.151146
TS19 0,0.087541,0.143337
TS19 1,0.033671,0.064956
TS19 7,0.069268,0.172896
TS19 8,0.070578,0.137996
TS19 9,0.070167,0.120502
TS2 1,0.018142,0.219474
TS20 1,0.065076,0.120401
TS20 2,0.064944,0.093537
TS21 1,0.043399,0.070250
TS21 2,0.016995,0.033328
TS21 3,0.019299,0.063409
TS21 4,0.052032,0.093030
TS22 5,0.033050,0.107311
TS23 1,0.049003,0.164321
TS23 2,0.098139,0.186156
TS23 3,0.047772,0.175034
TS23 4,0.014318,0.091694
TS24 0,0.052571,0.253458
TS24 4,0.054246,0.148181
TS24 7,0.081979,0.310985
TS24 8,0.110672,0.174571
TS24 9,0.083480,0.214959
TS25 1,0.088855,0.174159
TS25 2,0.081244,0.217759
TS25 3,0.083486,0.163436
TS25 4,0.028819,0.065877
TS25 5,0.100795,0.266392
TS26 0,0.043081,0.114674
TS26 8,0.104421,0.241765
TS26 9,0.069188,0.198772
TS27 3,0.074094,0.110784
TS27 4,0.022083,0.062510
TS28 5,0.056693,0.115978
TS29 6,0.089483,0.118174
TS3 0,0.075411,0.198828
TS3 6,0.066238,0.175072
TS3 7,0.049564,0.120370
TS3 8,0.107900,0.179975
TS3 9,0.079743,0.196976
TS4 2,0.063525,0.176560
TS4 3,0.100044,0.208419
TS5 4,0.034268,0.076091
TS5 5,0.082004,0.135608
TS5 6,0.053584,0.116488
TS5 7,0.052174,0.100297
TS5 8,0.048312,0.114076
TS6 0,0.112871,0.235956
TS6 6,0.218273,0.426967
TS6 7,0.115743,0.366831
TS6 8,0.112986,0.154263
TS6 9,0.115887,0.270597
TS7 0,0.048826,0.105394
TS7 8,0.092666,0.140378
TS7 9,0.087228,0.129329
TS8 0,0.074505,0.109387
TS8 8,0.056120,0.108850
TS8 9,0.041187,0.103679
TS9 5,0.076409,0.185748
TS9 6,0.090316,0.180752
TS9 7,0.030611,0.061367
TW1 1,0.039007,0.138521
TW1 2,0.032608,0.166067
TW1 3,0.044032,0.181310
TW1 4,0.032879,0.087381
TW1 9,0.019152,0.071428
TW10 5,0.121064,0.195820
TW10 6,0.048800,0.110437
TW10 7,0.036596,0.183691
TW11 0,0.036472,0.126085
TW11 1,0.061107,0.187461
TW11 8,0.106289,0.292868
TW11 9,0.038157,0.136780
TW12 1,0.021790,0.198793
TW12 2,0.045692,0.123853
TW12 3,0.155179,0.347741
TW12 9,0.071501,0.214740
TW13 4,0.054744,0.284777
TW13 5,0.095142,0.179793
TW13 6,0.060488,0.138940
TW13 7,0.139685,0.404190
TW13 9,0.079145,0.239677
TW14 0,0.061848,0.156004
TW14 8,0.112690,0.252993
TW14 9,0.088872,0.268200
TW15 1,0.012444,0.162089
TW15 2,0.031495,0.117463
TW15 3,0.038660,0.120348
TW16 5,0.038246,0.095283
TW16 6,0.021675,0.062878
TW16 7,0.017084,0.134417
TW17 0,0.018814,0.061419
TW17 7,0.022909,0.100749
TW17 8,0.022709,0.117605
TW17 9,0.022369,0.113277
TW18 1,0.026740,0.069203
TW18 2,0.025281,0.151082
TW18 3,0.032535,0.114528
TW18 4,0.019659,0.098183
TW18 9,0.016025,0.066580
TW19 5,0.009585,0.056398
TW19 6,0.006949,0.099148
TW19 7,0.030523,0.152557
TW2 5,0.027065,0.078564
TW2 6,0.024607,0.143996
TW2 7,0.027305,0.109386
TW20 0,0.141712,0.200893
TW20 8,0.012431,0.060615
TW20 9,0.101774,0.272594
TW3 1,0.086375,0.339079
TW3 2,0.068155,0.156048
TW3 3,0.084885,0.196531
TW3 4,0.105443,0.281476
TW3 9,0.042509,0.569818
TW4 5,0.044331,0.235062
TW4 6,0.061142,0.297350
TW4 7,0.023073,0.242243
TW5 0,0.063153,0.128799
TW5 9,0.073822,0.253413
TW6 1,0.330858,0.591772
TW6 2,0.067548,0.277585
TW6 3,0.258920,0.451676
TW7 4,0.092580,0.231191
TW7 5,0.074743,0.205218
TW7 6,0.056312,0.280465
TW7 7,0.186600,0.253632
TW8 0,0.072021,0.212723
TW8 1,0.073848,0.232372
TW8 8,0.067860,0.153749
TW8 9,0.085217,0.355526
TW9 1,0.125909,0.289766
TW9 2,0.113361,0.310540
TW9 3,0.042362,0.172266
TW9 4,0.091808,0.303103
TW9 9,0.094313,0.274891
UB1 1,0.084687,0.293411
UB1 2,0.071618,0.189822
UB1 3,0.018644,0.155545
UB10 0,0.070998,0.127921
UB10 8,0.154017,0.231691
UB10 9,0.258218,0.326615
UB11 1,0.089150,0.132887
UB2 4,0.088031,0.317702
UB2 5,0.082116,0.258195
UB3 1,0.095956,0.173757
UB3 2,0.161055,0.256142
UB3 3,0.147410,0.384348
UB3 4,0.022799,0.107058
UB3 5,0.114543,0.246547
UB3 9,0.109890,0.224840
UB4 0,0.224802,0.367557
UB4 8,0.283963,0.371256
UB4 9,0.092032,0.269299
UB5 4,0.033884,0.135110
UB5 5,0.099242,0.133680
UB5 6,0.192277,0.390815
UB5 9,0.111591,0.230759
UB6 0,0.111686,0.224362
UB6 7,0.102869,0.304701
UB6 8,0.056985,0.253997
UB6 9,0.058550,0.123848
UB7 0,0.032727,0.117127
UB7 7,0.017730,0.084340
UB7 8,0.157870,0.327343
UB7 9,0.066488,0.164569
UB8 1,0.055698,0.119516
UB8 2,0.154246,0.290921
UB8 3,0.179055,0.237485
UB8 9,0.103818,0.167389
UB9 4,0.028049,0.055677
UB9 5,0.049875,0.096470
UB9 6,0.076667,0.142398
W10 4,0.142263,0.180878
W10 5,0.217732,0.361607
W10 6,0.235067,0.486457
W11 1,0.226765,0.440126
W11 2,0.328856,0.531785
W11 3,0.077424,0.313718
W11 4,0.224441,0.655186
W12 0,0.356479,0.613632
W12 7,0.074568,0.281938
W12 8,0.201311,0.548305
W12 9,0.109202,0.611408
W13 0,0.138750,0.277428
W13 3,0.098052,0.228825
W13 8,0.051667,0.206855
W13 9,0.089987,0.197084
W14 0,0.136341,0.423633
W14 4,0.126270,0.370963
W14 8,0.159164,0.382981
W14 9,0.088862,0.321077
W1B 1,0.363866,0.383043
W1B 2,0.097206,0.104912
W1B 3,0.173395,0.187141
W1B 4,0.075478,0.081461
W1B 5,0.055307,0.059691
W1C 1,0.004638,0.010211
W1C 2,0.003906,0.008599
W1D 1,0.032554,0.037000
W1D 2,0.001018,0.004488
W1D 3,0.000614,0.002706
W1D 4,0.000596,0.010492
W1D 5,0.000652,0.049108
W1D 6,0.000518,0.002286
W1D 7,0.000852,0.003755
W1F 0,0.015407,0.015868
W1F 7,0.002000,0.002448
W1F 8,0.074385,0.074785
W1F 9,0.002020,0.002472
W1G 0,0.054089,0.210734
W1G 6,0.325682,0.394269
W1G 7,0.092955,0.176554
W1G 8,0.155601,0.274127
W1G 9,0.201939,0.243948
W1H 1,0.173343,0.255658
W1H 2,0.279305,0.372323
W1H 4,0.147606,0.163903
W1H 5,0.147774,0.237446
W1H 6,0.104501,0.379511
W1H 7,0.381025,0.473242
W1J 0,0.022434,0.025167
W1J 5,0.242420,0.244159
W1J 6,0.110884,0.248074
W1J 7,0.041345,0.047045
W1J 8,0.031590,0.034140
W1J 9,0.103972,0.109327
W1K 1,0.036547,0.064766
W1K 2,0.188791,0.271999
W1K 3,0.214116,0.357425
W1K 4,0.221766,0.487531
W1K 5,0.303391,0.327512
W1K 6,0.108377,0.120172
W1K 7,0.114789,0.136459
W1S 1,0.061861,0.070023
W1S 2,0.005462,0.013936
W1S 3,0.007330,0.018700
W1S 4,0.034443,0.277837
W1T 1,0.027358,0.035200
W1T 2,0.234917,0.397369
W1T 3,0.155866,0.287027
W1T 4,0.147349,0.159796
W1T 5,0.115437,0.125772
W1T 6,0.129854,0.264161
W1T 7,0.037855,0.060471
W1U 1,0.026176,0.405330
W1U 2,0.116139,0.187212
W1U 3,0.183600,0.347294
W1U 4,0.102814,0.138878
W1U 5,0.165079,0.245627
W1U 6,0.355425,0.466561
W1U 7,0.055349,0.197888
W1U 8,0.206990,0.320652
W1W 5,0.087819,0.095427
W1W 6,0.127141,0.194800
W1W 7,0.049235,0.058985
W1W 8,0.060879,0.065616
W2 1,0.107849,0.154903
W2 2,0.137193,0.195243
W2 3,0.264747,0.431542
W2 4,0.113076,0.267979
W2 5,0.173158,0.252111
W2 6,0.213396,0.305293
W3 0,0.152264,0.230901
W3 3,0.101194,0.227278
W3 6,0.118107,0.207515
W3 7,0.094947,0.304522
W3 8,0.052400,0.154039
W3 9,0.112914,0.211883
W4 1,0.098405,0.519009
W4 2,0.150187,0.331093
W4 3,0.114940,0.335870
W4 4,0.151779,0.275017
W4 5,0.115383,0.337627
W4 9,0.125019,0.359672
W5 1,0.102290,0.163172
W5 2,0.118574,0.189043
W5 3,0.086499,0.169355
W5 4,0.105051,0.197658
W5 5,0.136463,0.241389
W5 9,0.049129,0.632039
W6 0,0.128111,0.413600
W6 6,0.063309,0.395900
W6 7,0.123024,0.553760
W6 8,0.104419,0.324323
W6 9,0.081867,0.322664
W7 1,0.176052,0.281940
W7 2,0.050141,0.180137
W7 3,0.076961,0.172292
W7 9,0.105467,0.216041
W8 4,0.108961,0.300828
W8 5,0.184028,0.456362
W8 6,0.119663,0.432161
W8 7,0.104855,0.240864
W8 9,0.067912,0.189121
W9 1,0.209605,0.263485
W9 2,0.260712,0.326084
W9 3,0.099046,0.158868
WA1 1,0.107615,0.187245
WA1 2,0.041766,0.284970
WA1 3,0.047544,0.130401
WA1 4,0.029561,0.130071
WA1 9,0.020708,0.073880
WA10 1,0.020236,0.065125
WA10 2,0.097022,0.190886
WA10 3,0.039140,0.132320
WA10 4,0.030818,0.073398
WA10 5,0.014434,0.055917
WA10 6,0.050807,0.096658
WA10 9,0.019052,0.046764
WA11 0,0.043876,0.090797
WA11 7,0.021941,0.073930
WA11 8,0.021342,0.072913
WA11 9,0.055612,0.138614
WA12 0,0.011791,0.068142
WA12 2,0.047692,0.117570
WA12 8,0.033625,0.111921
WA12 9,0.072838,0.141081
WA13 0,0.009491,0.067728
WA13 9,0.067246,0.146904
WA14 1,0.120160,0.247230
WA14 2,0.116954,0.220617
WA14 3,0.089063,0.185962
WA14 4,0.075317,0.183590
WA14 5,0.061647,0.191723
WA15 0,0.051475,0.131383
WA15 5,0.063416,0.169197
WA15 6,0.031195,0.158251
WA15 7,0.067842,0.187476
WA15 8,0.079791,0.182135
WA15 9,0.105650,0.167227
WA16 0,0.016165,0.066098
WA16 1,0.044964,0.106714
WA16 6,0.031580,0.118971
WA16 7,0.064307,0.157039
WA16 8,0.059553,0.108353
WA16 9,0.053027,0.106412
WA2 0,0.058764,0.165886
WA2 7,0.126858,0.280772
WA2 8,0.090350,0.255961
WA2 9,0.066737,0.230191
WA3 1,0.095009,0.119535
WA3 2,0.110470,0.190653
WA3 3,0.055532,0.124635
WA3 4,0.036511,0.126633
WA3 5,0.074135,0.185284
WA3 6,0.062436,0.165569
WA3 7,0.058799,0.263486
WA3 9,0.071772,0.165715
WA4 1,0.034034,0.192363
WA4 2,0.046745,0.121780
WA4 3,0.018513,0.095312
WA4 4,0.025970,0.092698
WA4 5,0.032489,0.095422
WA4 6,0.045205,0.089920
WA5 0,0.004644,0.131946
WA5 1,0.059266,0.179067
WA5 2,0.037998,0.118285
WA5 3,0.055065,0.165538
WA5 4,0.009628,0.095010
WA5 7,0.012120,0.123808
WA5 8,0.030764,0.236128
WA5 9,0.006746,0.072870
WA6 0,0.083366,0.127318
WA6 1,0.029289,0.063234
WA6 6,0.003795,0.012444
WA6 7,0.028084,0.075795
WA6 8,0.003446,0.041340
WA6 9,0.004093,0.021842
WA7 1,0.083834,0.187269
WA7 2,0.018081,0.055570
WA7 3,0.008147,0.030447
WA7 4,0.014634,0.062862
WA7 5,0.026560,0.072527
WA7 6,0.030016,0.116014
WA7 9,0.029247,0.088120
WA8 0,0.034003,0.105936
WA8 2,0.035606,0.587654
WA8 3,0.037425,0.108315
WA8 4,0.129910,0.235391
WA8 5,0.138926,0.235537
WA8 6,0.072140,0.164270
WA8 7,0.096176,0.176494
WA8 8,0.053273,0.128877
WA8 9,0.052413,0.123476
WA9 1,0.040887,0.177266
WA9 2,0.029384,0.092932
WA9 3,0.056009,0.117193
WA9 4,0.034340,0.111264
WA9 5,0.039262,0.090622
WC1A 1,0.272653,0.344233
WC1A 2,0.260816,0.453246
WC1B 3,0.243643,0.341970
WC1B 4,0.101116,0.277692
WC1B 5,0.095657,0.420171
WC1E 6,0.212097,0.301475
WC1E 7,0.086494,0.233062
WC1H 0,0.057378,0.228834
WC1H 8,0.076970,0.150851
WC1H 9,0.047040,0.331176
WC1N 1,0.145905,0.280754
WC1N 2,0.076569,0.250178
WC1N 3,0.216104,0.376405
WC1R 4,0.139699,0.195636
WC1R 5,0.122701,0.271531
WC1V 6,0.059377,0.069406
WC1V 7,0.067302,0.077501
WC1X 0,0.165597,0.274405
WC1X 8,0.070279,0.306930
WC1X 9,0.157862,0.414831
WC2A 1,0.023429,0.045292
WC2A 2,0.031461,0.060821
WC2A 3,0.137203,0.238699
WC2B 4,0.033391,0.050562
WC2B 5,0.115208,0.165323
WC2B 6,0.304853,0.322698
WC2E 7,0.003860,0.008866
WC2E 8,0.004913,0.011285
WC2E 9,0.003179,0.007302
WC2H 0,0.019615,0.231209
WC2H 7,0.014226,0.051587
WC2H 8,0.139240,0.203325
WC2H 9,0.064341,0.316767
WC2N 4,0.030426,0.051578
WC2N 5,0.330586,0.362080
WC2N 6,0.122654,0.268029
WC2R 0,0.021203,0.030531
WC2R 1,0.032063,0.046169
WC2R 2,0.046949,0.067605
WC2R 3,0.187819,0.205893
WD17 1,0.089838,0.184818
WD17 2,0.059884,0.121089
WD17 3,0.038140,0.070589
WD17 4,0.022471,0.055953
WD18 0,0.063459,0.132715
WD18 1,0.051131,0.097730
WD18 6,0.058988,0.072798
WD18 7,0.035777,0.061243
WD18 8,0.027291,0.241964
WD18 9,0.020452,0.039092
WD19 4,0.122659,0.158752
WD19 5,0.135867,0.164266
WD19 6,0.281841,0.358241
WD19 7,0.095868,0.140579
WD23 1,0.096889,0.184803
WD23 2,0.115338,0.158585
WD23 3,0.112487,0.153166
WD23 4,0.106409,0.152894
WD23 9,0.107720,0.161948
WD24 4,0.021846,0.101193
WD24 5,0.012078,0.071105
WD24 6,0.035246,0.076562
WD24 7,0.128525,0.186359
WD25 0,0.068090,0.096846
WD25 7,0.050494,0.094250
WD25 8,0.045053,0.060345
WD25 9,0.090810,0.179023
WD3 0,0.033411,0.080854
WD3 1,0.032021,0.126872
WD3 3,0.026666,0.069251
WD3 4,0.025514,0.081241
WD3 5,0.041316,0.089352
WD3 6,0.010263,0.021045
WD3 7,0.031169,0.074217
WD3 8,0.029164,0.066100
WD3 9,0.066769,0.080849
WD4 8,0.183367,0.257321
WD4 9,0.124276,0.172260
WD5 0,0.031173,0.044042
WD6 1,0.192070,0.250542
WD6 2,0.182921,0.296855
WD6 3,0.118080,0.173699
WD6 4,0.215624,0.322151
WD6 5,0.121410,0.207258
WD6 9,0.168681,0.254522
WD7 0,0.021908,0.080199
WD7 7,0.008457,0.074350
WD7 8,0.012134,0.091800
WD7 9,0.035192,0.063851
WF1 1,0.164345,0.349995
WF1 2,0.078214,0.164216
WF1 3,0.054280,0.139338
WF1 4,0.037339,0.114750
WF1 5,0.046048,0.108680
WF1 9,0.028591,0.603188
WF10 1,0.027658,0.090530
WF10 2,0.048051,0.119911
WF10 3,0.066545,0.106495
WF10 4,0.086972,0.172357
WF10 5,0.076678,0.131680
WF10 9,0.066812,0.128207
WF11 0,0.040451,0.090581
WF11 8,0.037791,0.127012
WF11 9,0.026231,0.087217
WF12 0,0.011545,0.022198
WF12 7,0.025056,0.071811
WF12 8,0.013227,0.044307
WF12 9,0.044956,0.107804
WF13 1,0.017293,0.132330
WF13 2,0.129617,0.163884
WF13 3,0.056099,0.168129
WF13 4,0.018219,0.109510
WF13 9,0.056947,0.143848
WF14 0,0.058538,0.135879
WF14 8,0.028817,0.069955
WF14 9,0.051899,0.117103
WF15 6,0.103554,0.162297
WF15 7,0.050735,0.079636
WF15 8,0.049793,0.071158
WF16 0,0.081382,0.174897
WF16 9,0.023820,0.104612
WF17 0,0.004516,0.018024
WF17 1,0.037145,0.065068
WF17 5,0.058906,0.108430
WF17 6,0.065391,0.118315
WF17 7,0.036269,0.061770
WF17 8,0.061397,0.080962
WF17 9,0.009524,0.030235
WF2 0,0.027468,0.081411
WF2 6,0.031528,0.080312
WF2 7,0.083262,0.168090
WF2 8,0.099630,0.236090
WF2 9,0.079434,0.177082
WF3 1,0.054072,0.073385
WF3 2,0.005506,0.031836
WF3 3,0.014717,0.035172
WF3 4,0.056632,0.154060
WF4 1,0.052341,0.088306
WF4 2,0.012575,0.028471
WF4 3,0.027275,0.101163
WF4 4,0.006016,0.012130
WF4 5,0.016086,0.058727
WF4 6,0.018772,0.054012
WF5 0,0.021553,0.107818
WF5 5,0.043852,0.113595
WF5 8,0.065740,0.129407
WF5 9,0.053011,0.106938
WF6 1,0.081858,0.148779
WF6 2,0.045627,0.119054
WF7 5,0.092556,0.184772
WF7 6,0.024013,0.075435
WF7 7,0.022226,0.085450
WF8 1,0.065986,0.117638
WF8 2,0.030169,0.081097
WF8 3,0.018852,0.066117
WF8 4,0.034892,0.083545
WF8 9,0.035326,0.085368
WF9 1,0.023691,0.094759
WF9 2,0.016848,0.060678
WF9 3,0.059927,0.187631
WF9 4,0.032556,0.080456
WF9 5,0.031297,0.078154
WN1 1,0.084151,0.332915
WN1 2,0.029270,0.102201
WN1 3,0.046982,0.075482
WN1 9,0.018660,0.046915
WN2 1,0.040536,0.113285
WN2 2,0.043137,0.100314
WN2 3,0.096345,0.161667
WN2 4,0.067192,0.143342
WN2 5,0.061343,0.099466
WN3 4,0.028261,0.079225
WN3 5,0.069661,0.169768
WN3 6,0.043135,0.117098
WN4 0,0.080750,0.113090
WN4 8,0.057372,0.135305
WN4 9,0.041724,0.105880
WN5 0,0.082167,0.143112
WN5 7,0.024796,0.050055
WN5 8,0.036897,0.075027
WN5 9,0.070338,0.141592
WN6 0,0.050706,0.099231
WN6 7,0.075261,0.148021
WN6 8,0.029942,0.051642
WN6 9,0.047934,0.084919
WN7 1,0.143591,0.247185
WN7 2,0.035124,0.091888
WN7 3,0.070905,0.135195
WN7 4,0.080180,0.170750
WN7 5,0.073952,0.138778
WN7 9,0.079903,0.154973
WN8 0,0.031696,0.055634
WN8 1,0.044202,0.105071
WN8 6,0.051546,0.121413
WN8 7,0.027609,0.150411
WN8 8,0.040347,0.105980
WN8 9,0.051895,0.085826
WR1 1,0.139059,0.314621
WR1 2,0.094393,0.335186
WR1 3,0.041133,0.128187
WR1 9,0.097105,0.258780
WR10 1,0.071338,0.131784
WR10 2,0.048580,0.109605
WR10 3,0.042954,0.069548
WR10 9,0.643954,0.663633
WR11 1,0.039930,0.114683
WR11 2,0.070234,0.121519
WR11 3,0.116302,0.180730
WR11 4,0.042374,0.077890
WR11 7,0.059202,0.093180
WR11 8,0.032425,0.068784
WR11 9,0.058678,0.106708
WR12 7,0.107231,0.177050
WR13 5,0.042331,0.057066
WR13 6,0.032339,0.060687
WR14 1,0.051768,0.171577
WR14 2,0.104880,0.227876
WR14 3,0.086305,0.212679
WR14 4,0.045325,0.147728
WR14 9,0.034766,0.091067
WR15 8,0.023514,0.072392
WR2 4,0.031592,0.098183
WR2 5,0.029190,0.070533
WR2 6,0.008042,0.027856
WR3 7,0.016232,0.060735
WR3 8,0.053098,0.111648
WR4 0,0.076182,0.160359
WR4 9,0.084799,0.173178
WR5 1,0.128228,0.246662
WR5 2,0.062992,0.117892
WR5 3,0.026418,0.112605
WR6 5,0.013832,0.028086
WR6 6,0.064120,0.083510
WR7 4,0.044608,0.065100
WR8 0,0.062474,0.092671
WR8 9,0.071074,0.122981
WR9 0,0.047264,0.064732
WR9 1,0.067031,0.126454
WR9 7,0.101005,0.162095
WR9 8,0.032523,0.099474
WR9 9,0.089537,0.175149
WS1 1,0.142828,0.198496
WS1 2,0.077048,0.128053
WS1 3,0.049473,0.091708
WS1 4,0.045205,0.122694
WS1 9,0.030703,0.059220
WS10 0,0.049894,0.109982
WS10 1,0.057563,0.126148
WS10 7,0.088181,0.195606
WS10 8,0.056829,0.131331
WS10 9,0.049565,0.099484
WS11 0,0.083926,0.179552
WS11 1,0.014179,0.107212
WS11 4,0.022920,0.049358
WS11 5,0.018591,0.050147
WS11 6,0.039182,0.130656
WS11 7,0.006023,0.014941
WS11 8,0.010744,0.039791
WS11 9,0.098236,0.156732
WS12 0,0.068637,0.105486
WS12 1,0.017023,0.076491
WS12 2,0.058423,0.144464
WS12 3,0.107237,0.147829
WS12 4,0.020384,0.050355
WS13 2,0.051099,0.116739
WS13 6,0.090310,0.191454
WS13 7,0.070547,0.169331
WS13 8,0.032753,0.081801
WS14 0,0.027580,0.100712
WS14 4,0.029594,0.181253
WS14 9,0.033603,0.098290
WS15 1,0.036968,0.084167
WS15 2,0.019588,0.087962
WS15 3,0.014101,0.075876
WS15 4,0.021618,0.071197
WS15 9,0.025132,0.082582
WS2 0,0.046210,0.140809
WS2 7,0.063173,0.146668
WS2 8,0.073152,0.098408
WS2 9,0.052964,0.140063
WS3 1,0.019050,0.094539
WS3 2,0.062572,0.121078
WS3 3,0.087167,0.124550
WS3 4,0.050607,0.118127
WS3 5,0.051029,0.072760
WS4 1,0.059805,0.099783
WS4 2,0.049568,0.106771
WS5 3,0.070590,0.158630
WS5 4,0.032737,0.078100
WS6 6,0.047762,0.149923
WS6 7,0.027897,0.093940
WS6 9,0.038781,0.122624
WS7 0,0.039552,0.140583
WS7 1,0.044007,0.078208
WS7 2,0.039277,0.106085
WS7 3,0.040536,0.215458
WS7 4,0.050342,0.069012
WS7 9,0.041366,0.086827
WS8 6,0.034714,0.082463
WS8 7,0.045939,0.120813
WS9 0,0.080877,0.125685
WS9 1,0.047431,0.124142
WS9 8,0.037209,0.116830
WS9 9,0.024305,0.131906
WV1 1,0.024918,0.047364
WV1 2,0.109851,0.166990
WV1 3,0.025423,0.166791
WV1 4,0.099006,0.208510
WV1 9,0.046330,0.083046
WV10 0,0.198958,0.247727
WV10 6,0.083723,0.178264
WV10 7,0.045310,0.070296
WV10 8,0.091941,0.197168
WV10 9,0.074856,0.166367
WV11 1,0.075395,0.147961
WV11 2,0.137391,0.194655
WV11 3,0.127789,0.287334
WV11 9,0.112816,0.209477
WV12 4,0.073077,0.165007
WV12 5,0.058096,0.173078
WV13 1,0.071157,0.183071
WV13 2,0.095315,0.157890
WV13 3,0.065284,0.150512
WV14 0,0.116687,0.182048
WV14 4,0.074610,0.149942
WV14 6,0.049984,0.159261
WV14 7,0.137260,0.217803
WV14 8,0.061600,0.135609
WV14 9,0.061016,0.117641
WV15 5,0.035568,0.069160
WV15 6,0.067354,0.136986
WV16 4,0.036013,0.086331
WV16 5,0.020671,0.026185
WV16 6,0.006425,0.036369
WV16 9,0.023203,0.057662
WV2 1,0.035816,0.063379
WV2 2,0.063292,0.275101
WV2 3,0.077165,0.169557
WV2 4,0.028441,0.098309
WV3 0,0.094991,0.181727
WV3 7,0.084274,0.173806
WV3 8,0.083459,0.159853
WV3 9,0.085228,0.107600
WV4 4,0.099692,0.164512
WV4 5,0.081424,0.143024
WV4 6,0.083549,0.171753
WV5 0,0.022650,0.064533
WV5 5,0.021372,0.062175
WV5 7,0.016253,0.031268
WV5 8,0.018161,0.062053
WV5 9,0.016757,0.064310
WV6 0,0.093518,0.245743
WV6 6,0.096488,0.201916
WV6 7,0.115817,0.235755
WV6 8,0.063887,0.138704
WV6 9,0.117786,0.166918
WV7 3,0.033443,0.101543
WV8 1,0.070328,0.114962
WV8 2,0.110208,0.152730
WV9 5,0.123052,0.350953
YO1 0,0.526328,0.565468
YO1 6,0.016189,0.078964
YO1 7,0.058594,0.172061
YO1 8,0.038362,0.137713
YO1 9,0.107686,0.195917
YO10 3,0.055311,0.150967
YO10 4,0.027902,0.105838
YO10 5,0.122477,0.218381
YO11 1,0.062915,0.152887
YO11 2,0.039370,0.112474
YO11 3,0.044882,0.103900
YO11 9,0.019290,0.048332
YO12 4,0.019121,0.027647
YO12 5,0.030947,0.071799
YO12 6,0.026187,0.085908
YO12 7,0.020194,0.067177
YO13 0,0.023750,0.050838
YO13 9,0.024390,0.079136
YO14 0,0.044020,0.085615
YO14 9,0.052931,0.175538
YO15 1,0.075996,0.130471
YO15 2,0.094736,0.230201
YO15 3,0.033666,0.106049
YO15 9,0.066163,0.156638
YO16 4,0.042366,0.180143
YO16 6,0.035638,0.076048
YO16 7,0.071399,0.146281
YO17 1,0.010451,0.032772
YO17 6,0.046136,0.080223
YO17 7,0.006182,0.069597
YO17 8,0.017485,0.072605
YO17 9,0.039054,0.093179
YO18 7,0.025640,0.061613
YO18 8,0.020154,0.078532
YO18 9,0.023722,0.071214
YO19 4,0.013246,0.073127
YO19 5,0.054460,0.132737
YO19 6,0.035326,0.117068
YO21 1,0.050204,0.080841
YO21 2,0.017217,0.043194
YO21 3,0.076469,0.137915
YO21 9,0.053126,0.095276
YO22 4,0.058674,0.073811
YO22 5,0.019587,0.033395
YO23 1,0.056047,0.104371
YO23 2,0.007063,0.038071
YO23 3,0.052265,0.101504
YO23 7,0.078404,0.112117
YO24 1,0.024137,0.108675
YO24 2,0.023519,0.114408
YO24 3,0.034640,0.124433
YO24 4,0.029809,0.117700
YO25 1,0.029240,0.070441
YO25 3,0.066476,0.112013
YO25 4,0.006375,0.026067
YO25 5,0.035481,0.076064
YO25 6,0.018630,0.058227
YO25 8,0.061144,0.099689
YO25 9,0.007876,0.063857
YO26 0,0.036176,0.088906
YO26 4,0.025051,0.110486
YO26 5,0.033285,0.073488
YO26 6,0.030410,0.091412
YO26 7,0.083897,0.133779
YO26 8,0.044872,0.073804
YO26 9,0.023603,0.042855
YO30 1,0.021159,0.077216
YO30 2,0.059300,0.116876
YO30 4,0.163790,0.337276
YO30 5,0.059723,0.187867
YO30 6,0.060334,0.116250
YO30 7,0.171108,0.323756
YO31 0,0.028085,0.148501
YO31 1,0.064679,0.184175
YO31 6,0.045309,0.169509
YO31 7,0.082619,0.253749
YO31 8,0.060104,0.162403
YO31 9,0.005633,0.124479
YO32 2,0.027942,0.160548
YO32 3,0.021430,0.169290
YO32 4,0.004553,0.062801
YO32 5,0.013850,0.085758
YO32 9,0.023073,0.134083
YO41 1,0.021165,0.116234
YO41 4,0.045677,0.099002
YO41 5,0.021395,0.038201
YO42 1,0.043538,0.066163
YO42 2,0.019847,0.106029
YO42 4,0.001705,0.025124
YO42 9,0.019265,0.080798
YO43 3,0.066483,0.146202
YO43 4,0.004147,0.072849
YO51 9,0.034159,0.050122
YO60 6,0.021990,0.120767
YO60 7,0.015423,0.038507
YO61 1,0.009707,0.023466
YO61 2,0.043177,0.072807
YO61 3,0.010976,0.082616
YO61 4,0.019980,0.048073
YO62 4,0.018098,0.038435
YO62 5,0.110995,0.132430
YO62 6,0.035291,0.089338
YO62 7,0.027820,0.043076
YO7 1,0.042337,0.137047
YO7 2,0.037737,0.110598
YO7 3,0.063901,0.175423
YO7 4,0.059930,0.082806
YO7 9,0.049946,0.132723
YO8 1,0.018754,0.074086
YO8 3,0.046826,0.097420
YO8 4,0.049927,0.144492
YO8 5,0.034352,0.127288
YO8 6,0.006752,0.102413
YO8 8,0.043095,0.138351
YO8 9,0.015039,0.128592
ZE1 0,0.055837,0.113634
ZE1 9,0.026226,0.053132
ZE2 9,0.034646,0.055340
ZE3 9,0.016445,0.029914
