name,area,households,group,premium,capital,el_total,el_sub,el_wx,el_fl,el_gw,sub_score,wx_score,fl_score,gw_score,f_high,f_low,sw_high,sw_low,gw_frac,wind_ms,gust_rp50,rain10_days,precip_mm,tvar99_vine,tvar99_euler,uplift_pct,geol
AB10,AB,9877.0,7,73.6,22.303699,51.3,6.6,14.1,29.4,1.1,0.0815,0.2484,0.9268,0.8802,0.2024,0.2394,0.1467,0.2291,0.02,4.6,140.0,19.4,865.0,5128.2,432.60001,-22.8188,none (low-plasticity bedrock)
AB11,AB,9844.0,2,32.7,0.0,32.7,6.8,15.9,8.8,1.1,0.0922,0.2873,0.4789,0.8802,0.064,0.0737,0.0242,0.0401,0.02,4.9,140.0,17.8,859.0,3268.6,10.5,-19.1235,none (low-plasticity bedrock)
AB12,AB,11592.0,1,31.9,2.5711,29.4,6.6,14.4,7.3,1.1,0.08,0.2533,0.4635,0.8802,0.0394,0.0415,0.0567,0.084,0.02,4.6,140.0,23.0,871.0,2936.8,73.800003,-18.8336,none (low-plasticity bedrock)
AB13,AB,1298.0,5,53.5,19.745701,33.8,7.0,9.8,16.0,1.0,0.08,0.1499,0.6617,0.8802,0.1005,0.1017,0.0886,0.1227,0.02,4.0,139.0,21.5,874.0,3375.9,366.70001,-19.6416,none (low-plasticity bedrock)
AB14,AB,1837.0,1,29.6,0.0,29.6,7.1,8.5,13.0,0.9,0.08,0.1152,0.5791,0.8802,0.0841,0.0849,0.0568,0.0798,0.02,3.8,138.0,19.6,883.0,2957.5,0.0,-20.301,none (low-plasticity bedrock)
AB15,AB,14298.0,1,31.8,0.0,31.8,6.7,13.9,10.2,1.1,0.08,0.242,0.544,0.8802,0.0499,0.0552,0.0841,0.1226,0.02,4.6,139.0,24.5,864.0,3182.4,29.700001,-18.0937,none (low-plasticity bedrock)
AB16,AB,10261.0,1,29.9,2.0057001,27.9,6.7,14.5,5.6,1.1,0.08,0.2559,0.4282,0.8802,0.0063,0.0066,0.0847,0.1476,0.02,4.7,139.0,23.1,857.0,2786.0,55.200001,-15.9549,none (low-plasticity bedrock)
AB21,AB,10602.0,1,28.6,0.0,28.6,6.9,10.8,9.9,1.0,0.08,0.1729,0.5258,0.8802,0.0554,0.0574,0.067,0.0958,0.02,4.2,138.0,20.1,849.0,2864.6,40.0,-19.4551,none (low-plasticity bedrock)
AB22,AB,4245.0,1,28.9,0.0,28.9,6.7,13.3,7.8,1.0,0.08,0.2298,0.4859,0.8802,0.0372,0.0372,0.071,0.1109,0.02,4.6,139.0,20.4,856.0,2894.1,0.0,-17.9194,none (low-plasticity bedrock)
AB23,AB,4575.0,1,32.0,2.8001001,29.2,6.8,14.9,6.4,1.1,0.084,0.2649,0.4274,0.8802,0.0306,0.0325,0.0535,0.0746,0.02,4.9,139.0,16.1,851.0,2918.2,76.199997,-17.7987,none (low-plasticity bedrock)
AB24,AB,10734.0,3,41.1,4.9635,36.1,7.0,14.4,13.5,1.1,0.1001,0.2553,0.6088,0.8802,0.0808,0.0863,0.0727,0.1316,0.02,4.7,140.0,18.0,857.0,3611.9,114.1,-17.6544,none (low-plasticity bedrock)
AB25,AB,7061.0,3,40.2,0.0,40.2,6.8,14.3,18.0,1.1,0.0909,0.2533,0.7723,0.8802,0.0737,0.1,0.1972,0.3175,0.02,4.7,140.0,20.3,857.0,4023.5,15.2,-20.3299,none (low-plasticity bedrock)
AB30,AB,4036.0,2,33.0,0.70990002,32.3,7.5,13.3,10.5,1.1,0.1087,0.2295,0.547,0.8802,0.0545,0.0581,0.0811,0.1121,0.02,4.4,137.0,26.1,1009.0,3233.9,50.8,-17.6581,none (low-plasticity bedrock)
AB31,AB,11680.0,1,26.8,0.2247,26.6,7.1,8.7,9.9,0.9,0.08,0.1195,0.5365,0.8802,0.0511,0.0567,0.0793,0.1093,0.02,3.7,138.0,25.0,966.0,2656.7,23.700001,-20.6936,none (low-plasticity bedrock)
AB32,AB,4806.0,2,32.2,0.95789999,31.2,7.0,9.4,13.8,0.9,0.08,0.1384,0.6254,0.8802,0.0736,0.0773,0.1038,0.139,0.02,4.0,138.0,19.5,866.0,3120.1,56.3,-18.6214,none (low-plasticity bedrock)
AB33,AB,3442.0,1,29.7,0.0,29.7,6.7,14.4,7.6,1.1,0.0813,0.2524,0.465,0.8802,0.0473,0.0515,0.0461,0.0628,0.02,4.6,137.0,27.1,973.0,2974.9,0.0,-19.3399,none (low-plasticity bedrock)
AB34,AB,3278.0,1,24.6,0.0,24.6,7.2,7.9,8.7,0.8,0.08,0.0993,0.503,0.8802,0.0475,0.0532,0.0656,0.0898,0.02,3.6,137.0,21.7,951.0,2460.4,3.5,-21.1925,none (low-plasticity bedrock)
AB35,AB,2222.0,4,47.1,8.7322998,38.4,6.2,23.5,7.5,1.2,0.08,0.4421,0.4698,0.8802,0.0353,0.0394,0.0656,0.0954,0.02,5.1,137.0,28.7,1374.0,3836.7,187.60001,-14.6277,none (low-plasticity bedrock)
AB36,AB,605.0,2,32.5,0.0,32.5,6.3,18.7,6.4,1.1,0.08,0.3439,0.4295,0.8802,0.0313,0.0332,0.0528,0.0762,0.02,5.1,137.0,27.1,1143.0,3254.7,1.8,-17.1069,none (low-plasticity bedrock)
AB37,AB,1056.0,2,36.4,7.7097998,28.7,6.8,14.5,6.4,1.1,0.0839,0.2549,0.437,0.8802,0.026,0.028,0.0629,0.0974,0.02,4.5,138.0,22.5,1011.0,2873.6,158.5,-17.425,none (low-plasticity bedrock)
AB38,AB,2013.0,1,30.6,0.0,30.6,6.7,13.3,9.5,1.1,0.0819,0.2295,0.5317,0.8802,0.0413,0.0458,0.088,0.1376,0.02,4.4,137.0,25.4,1013.0,3060.0,23.1,-17.706,none (low-plasticity bedrock)
AB39,AB,6830.0,1,30.6,0.0,30.6,6.6,17.2,5.7,1.1,0.085,0.313,0.4121,0.8802,0.0208,0.0228,0.0615,0.0849,0.02,5.0,139.0,22.9,963.0,3057.6,5.7,-16.8851,none (low-plasticity bedrock)
AB41,AB,13066.0,1,27.3,0.0,27.3,7.0,10.8,8.5,1.0,0.0806,0.1729,0.5018,0.8802,0.0496,0.052,0.0626,0.0872,0.02,4.2,137.0,20.7,852.0,2726.4,14.2,-20.3559,NEOGENE ROCKS (UNDIFFERENTIATED)
AB42,AB,26561.0,1,31.6,0.0,31.6,6.7,14.7,9.1,1.1,0.086,0.2612,0.5175,0.8802,0.042,0.0449,0.0826,0.1161,0.02,4.9,136.0,20.3,868.0,3160.0,0.8,-17.524,NEOGENE ROCKS (UNDIFFERENTIATED)
AB43,AB,15926.0,2,35.6,0.22220001,35.4,6.5,18.1,9.7,1.1,0.0839,0.3318,0.5318,0.8802,0.0487,0.0541,0.0796,0.1122,0.02,5.4,135.0,17.6,865.0,3542.1,45.200001,-16.8165,none (low-plasticity bedrock)
AB44,AB,1727.0,1,30.2,0.0,30.2,6.4,17.6,5.1,1.1,0.08,0.3213,0.3603,0.8802,0.0215,0.0286,0.0353,0.0534,0.02,5.5,135.0,15.7,857.0,3023.7,6.6,-16.326,none (low-plasticity bedrock)
AB45,AB,7589.0,3,41.9,11.6569,30.2,6.6,16.5,6.0,1.1,0.0841,0.299,0.4183,0.8802,0.0239,0.0279,0.0583,0.0828,0.02,5.3,135.0,16.5,836.0,3023.9,227.8,-17.0382,none (low-plasticity bedrock)
AB51,AB,19236.0,10,106.6,79.951302,26.6,7.0,9.8,8.9,0.9,0.08,0.1466,0.5105,0.8802,0.0477,0.0526,0.07,0.0949,0.02,4.1,137.0,19.2,864.0,2662.8,1366.5,-19.9659,none (low-plasticity bedrock)
AB52,AB,2871.0,2,36.1,8.8661003,27.3,6.8,12.6,6.8,1.0,0.08,0.2135,0.4494,0.8802,0.0306,0.0306,0.0652,0.0895,0.02,4.4,136.0,23.4,942.0,2727.4,179.10001,-18.2831,none (low-plasticity bedrock)
AB53,AB,11878.0,1,25.3,0.0,25.3,7.4,10.0,6.9,0.9,0.0975,0.1522,0.4508,0.8802,0.0329,0.0347,0.0616,0.0851,0.02,4.2,135.0,19.6,897.0,2530.8,7.4,-19.2188,NEOGENE ROCKS (UNDIFFERENTIATED)
AB54,AB,11592.0,2,37.3,6.7340999,30.5,6.6,16.2,6.7,1.1,0.0824,0.2918,0.4502,0.8802,0.0302,0.0326,0.0647,0.0914,0.02,5.0,136.0,23.1,971.0,3053.0,146.10001,-17.3789,none (low-plasticity bedrock)
AB55,AB,8249.0,1,28.3,0.0,28.3,6.8,13.7,6.8,1.1,0.0818,0.2381,0.461,0.8802,0.0273,0.0288,0.073,0.111,0.02,4.5,137.0,26.8,1009.0,2834.5,10.5,-17.9309,none (low-plasticity bedrock)
AB56,AB,11174.0,1,31.8,0.0,31.8,6.6,17.6,6.6,1.1,0.0885,0.3212,0.4547,0.8802,0.0254,0.0278,0.0726,0.1095,0.02,5.3,137.0,18.7,903.0,3184.0,0.0,-16.7377,none (low-plasticity bedrock)
AL1,AL,16030.0,1,28.1,0.0,28.1,8.5,12.3,7.3,0.0,0.1377,0.2065,0.4871,0.0,0.0275,0.0392,0.0704,0.1605,0.0,4.3,138.0,16.7,697.0,2813.3,3.6,-18.2216,LAMBETH GROUP
AL10,AL,12739.0,1,28.6,0.0,28.6,9.0,11.0,8.6,0.0,0.1502,0.1767,0.5351,0.0,0.0155,0.0423,0.1043,0.2325,0.0,4.2,138.0,15.3,665.0,2860.1,1.2,-17.0645,LAMBETH GROUP
AL2,AL,9611.0,1,30.3,0.0,30.3,6.9,11.6,11.8,0.0,0.0813,0.1909,0.5661,0.0,0.0692,0.0909,0.0517,0.1233,0.0,4.3,138.0,15.2,698.0,3028.0,11.7,-21.4162,LAMBETH GROUP
AL3,AL,11866.0,1,26.9,0.0,26.9,6.9,14.2,5.2,0.7,0.0841,0.2469,0.3635,0.6694,0.0241,0.0289,0.0291,0.0638,0.0116,4.6,137.0,17.5,724.0,2690.7,9.4,-18.0818,LAMBETH GROUP
AL4,AL,10983.0,1,27.9,1.0052,26.9,6.9,12.1,7.9,0.0,0.0802,0.2024,0.4905,0.0,0.0402,0.0529,0.0572,0.122,0.0,4.4,138.0,16.0,676.0,2690.8,50.599998,-21.2051,LAMBETH GROUP
AL5,AL,12349.0,1,25.4,0.0,25.4,7.7,13.7,4.0,0.0,0.1162,0.2357,0.3014,0.0,0.0073,0.0093,0.0311,0.0745,0.0,4.5,137.0,17.9,700.0,2538.2,5.0,-17.0896,LAMBETH GROUP
AL6,AL,5053.0,1,26.0,0.0,26.0,9.8,11.4,4.7,0.0,0.1747,0.1841,0.3383,0.0,0.0171,0.0266,0.0285,0.062,0.0,4.3,138.0,15.4,657.0,2597.9,4.1,-16.8336,LAMBETH GROUP
AL7,AL,15356.0,1,23.5,0.1884,23.3,7.0,10.7,5.6,0.0,0.08,0.1687,0.4235,0.0,0.0123,0.0147,0.0613,0.1644,0.0,4.2,138.0,14.7,659.0,2329.4,33.900002,-20.4607,none (low-plasticity bedrock)
AL8,AL,5752.0,1,28.3,0.0,28.3,9.2,10.9,8.3,0.0,0.1538,0.1746,0.4875,0.0,0.0504,0.0572,0.0413,0.1043,0.0,4.2,138.0,15.5,665.0,2833.7,0.0,-19.816,LAMBETH GROUP
AL9,AL,4715.0,6,58.4,0.0,58.4,34.2,11.5,12.8,0.0,0.6353,0.188,0.5974,0.0,0.0679,0.0798,0.0801,0.1514,0.0,4.2,139.0,16.5,665.0,5837.5,5.0,-6.9062,THAMES GROUP
B1,B,5292.0,1,26.1,0.0,26.1,7.0,10.1,9.0,0.0,0.08,0.1561,0.5528,0.0,0.0082,0.0739,0.1069,0.2551,0.0,4.1,133.0,19.1,773.0,2613.0,0.0,-19.7246,none (low-plasticity bedrock)
B10,B,7374.0,3,38.2,0.0,38.2,19.2,9.9,9.1,0.0,0.4,0.1509,0.5478,0.0,0.0195,0.0334,0.1067,0.2532,0.0,4.1,133.0,17.5,758.0,3819.1,0.9,-14.2002,TRIASSIC ROCKS (UNDIFFERENTIATED)
B11,B,12469.0,3,43.7,0.0,43.7,18.9,10.2,14.6,0.0,0.4,0.1577,0.6818,0.0,0.0519,0.1038,0.1333,0.2931,0.0,4.1,133.0,17.3,758.0,4365.5,3.8,-15.5902,TRIASSIC ROCKS (UNDIFFERENTIATED)
B12,B,7636.0,4,45.0,2.1299,42.9,18.9,10.3,13.7,0.0,0.4,0.162,0.6465,0.0,0.0627,0.0792,0.0972,0.2752,0.0,4.1,133.0,19.3,772.0,4291.6,80.099998,-15.3012,TRIASSIC ROCKS (UNDIFFERENTIATED)
B13,B,14855.0,3,40.7,3.632,37.1,19.0,11.3,6.8,0.0,0.4,0.1832,0.4749,0.0,0.0179,0.0234,0.0792,0.1801,0.0,4.2,133.0,19.8,768.0,3709.9,102.4,-14.4281,TRIASSIC ROCKS (UNDIFFERENTIATED)
B14,B,17952.0,5,53.6,13.7065,39.9,18.6,12.6,8.7,0.0,0.4,0.2124,0.5248,0.0,0.0263,0.0395,0.0964,0.1801,0.0,4.4,133.0,21.1,784.0,3990.9,284.60001,-14.9035,TRIASSIC ROCKS (UNDIFFERENTIATED)
B15,B,7278.0,1,30.9,0.0,30.9,7.0,11.4,12.5,0.0,0.0865,0.1872,0.5932,0.0,0.064,0.0868,0.0703,0.1766,0.0,4.2,133.0,20.9,789.0,3089.6,0.0,-20.0695,TRIASSIC ROCKS (UNDIFFERENTIATED)
B16,B,10170.0,1,27.7,0.0,27.7,6.9,11.2,9.6,0.0,0.08,0.1804,0.5572,0.0,0.0268,0.051,0.0908,0.2602,0.0,4.2,133.0,20.1,779.0,2767.4,5.1,-19.7665,none (low-plasticity bedrock)
B17,B,11317.0,1,27.7,0.0,27.7,6.8,12.1,8.8,0.0,0.08,0.2009,0.5169,0.0,0.0398,0.0531,0.0672,0.1577,0.0,4.3,133.0,21.5,798.0,2766.6,30.9,-20.5252,none (low-plasticity bedrock)
B18,B,6848.0,1,31.6,0.0,31.6,6.9,10.3,14.5,0.0,0.08,0.1601,0.6741,0.0,0.055,0.1099,0.1256,0.2659,0.0,4.1,133.0,18.5,770.0,3161.1,3.0,-20.2436,none (low-plasticity bedrock)
B19,B,7573.0,1,27.9,0.0,27.9,7.0,9.8,11.1,0.0,0.08,0.1478,0.5875,0.0,0.0294,0.1028,0.0951,0.2322,0.0,4.1,133.0,18.2,763.0,2786.2,8.9,-19.8053,none (low-plasticity bedrock)
B2,B,687.0,1,30.3,7.1290002,23.2,7.1,9.7,6.4,0.0,0.08,0.1452,0.4839,0.0,0.0,0.0,0.1164,0.218,0.0,4.0,133.0,18.8,769.0,2315.7,140.8,-19.2527,none (low-plasticity bedrock)
B20,B,11413.0,1,28.6,0.0,28.6,7.3,10.1,11.3,0.0,0.0916,0.155,0.588,0.0,0.0387,0.0687,0.0989,0.2328,0.0,4.2,133.0,17.6,759.0,2859.0,0.0,-19.363,none (low-plasticity bedrock)
B21,B,9694.0,1,25.7,1.7505,23.9,7.2,10.6,6.1,0.0,0.0894,0.167,0.4443,0.0,0.0138,0.0196,0.0697,0.1673,0.0,4.2,133.0,18.7,761.0,2390.8,52.5,-19.9556,none (low-plasticity bedrock)
B23,B,19874.0,1,25.5,0.0,25.5,7.1,9.4,9.0,0.0,0.08,0.1384,0.5156,0.0,0.048,0.0755,0.0462,0.1395,0.0,4.1,133.0,16.9,741.0,2547.3,9.3,-22.5255,none (low-plasticity bedrock)
B24,B,11973.0,2,37.4,0.0,37.4,16.8,9.5,11.1,0.0,0.3423,0.1402,0.5896,0.0,0.0335,0.0742,0.098,0.2568,0.0,4.1,133.0,16.9,734.0,3736.6,0.0,-13.7443,TRIASSIC ROCKS (UNDIFFERENTIATED)
B25,B,6148.0,3,40.4,0.0,40.4,19.2,9.7,11.5,0.0,0.4,0.1451,0.6057,0.0,0.0343,0.0562,0.1136,0.2825,0.0,4.1,133.0,16.4,754.0,4035.5,32.400002,-13.9913,TRIASSIC ROCKS (UNDIFFERENTIATED)
B26,B,13732.0,4,46.7,0.0,46.7,18.9,10.0,17.8,0.0,0.4,0.155,0.719,0.0,0.0977,0.1455,0.1,0.221,0.0,4.2,133.0,16.0,751.0,4665.4,0.0,-17.4316,TRIASSIC ROCKS (UNDIFFERENTIATED)
B27,B,9863.0,3,40.6,0.0,40.6,18.9,10.6,11.1,0.0,0.4,0.1679,0.5845,0.0,0.0394,0.051,0.1023,0.2385,0.0,4.2,133.0,17.6,753.0,4062.1,0.0,-14.6638,TRIASSIC ROCKS (UNDIFFERENTIATED)
B28,B,11731.0,3,42.6,0.0,42.6,18.6,11.5,12.5,0.0,0.4,0.1885,0.6137,0.0,0.0533,0.0649,0.1025,0.2301,0.0,4.3,133.0,19.6,757.0,4259.0,4.5,-15.3178,TRIASSIC ROCKS (UNDIFFERENTIATED)
B29,B,15782.0,4,43.9,5.9151001,38.0,11.0,12.8,14.2,0.0,0.2143,0.2197,0.6247,0.0,0.0798,0.1267,0.0607,0.1531,0.0,4.4,133.0,20.7,809.0,3798.5,136.89999,-17.2551,TRIASSIC ROCKS (UNDIFFERENTIATED)
B3,B,2293.0,1,24.3,0.0,24.3,7.0,9.7,7.5,0.0,0.08,0.1454,0.5281,0.0,0.0,0.0,0.1139,0.3337,0.0,4.0,133.0,18.6,769.0,2430.0,1.6,-19.0895,none (low-plasticity bedrock)
B30,B,12936.0,7,73.4,26.515499,46.9,18.4,12.9,15.6,0.0,0.4,0.2217,0.6662,0.0,0.0871,0.1476,0.0745,0.1699,0.0,4.4,133.0,21.0,801.0,4685.2,497.0,-16.8922,TRIASSIC ROCKS (UNDIFFERENTIATED)
B31,B,24337.0,2,33.7,0.0,33.7,12.4,13.5,7.8,0.0,0.2581,0.2324,0.4957,0.0,0.0326,0.0449,0.0692,0.1496,0.0,4.5,133.0,20.8,801.0,3366.9,12.6,-16.8005,TRIASSIC ROCKS (UNDIFFERENTIATED)
B32,B,16409.0,3,40.8,14.7774,26.0,7.7,12.9,5.4,0.0,0.1156,0.2191,0.4086,0.0,0.0107,0.0232,0.0594,0.1342,0.0,4.4,134.0,20.5,805.0,2603.2,266.10001,-18.5443,none (low-plasticity bedrock)
B33,B,14887.0,4,47.1,0.0,47.1,18.9,9.7,18.5,0.0,0.4,0.1466,0.7409,0.0,0.1012,0.137,0.115,0.2499,0.0,4.1,133.0,16.1,739.0,4713.2,0.0,-18.3014,TRIASSIC ROCKS (UNDIFFERENTIATED)
B34,B,7329.0,4,47.1,0.0,47.1,19.0,9.5,18.5,0.0,0.4,0.1417,0.7286,0.0,0.1124,0.1348,0.0904,0.2278,0.0,4.1,133.0,16.7,731.0,4706.7,53.5,-17.8253,TRIASSIC ROCKS (UNDIFFERENTIATED)
B35,B,4027.0,7,69.8,0.0,69.8,18.6,9.4,41.7,0.0,0.4,0.1418,1.0,0.0,0.2452,0.4993,0.1273,0.3692,0.0,4.2,133.0,15.8,726.0,6979.0,0.0,-19.6291,TRIASSIC ROCKS (UNDIFFERENTIATED)
B36,B,13786.0,6,57.9,10.9882,46.9,19.0,9.7,18.3,0.0,0.4,0.1459,0.7239,0.0,0.1115,0.1215,0.0957,0.222,0.0,4.2,133.0,16.3,727.0,4693.5,229.89999,-17.6343,TRIASSIC ROCKS (UNDIFFERENTIATED)
B37,B,15536.0,10,103.7,61.935101,41.7,19.1,10.1,12.6,0.0,0.4,0.1553,0.6013,0.0,0.0619,0.0853,0.0766,0.194,0.0,4.2,133.0,17.0,734.0,4175.0,1089.4,-15.267,TRIASSIC ROCKS (UNDIFFERENTIATED)
B38,B,8559.0,3,39.2,0.0,39.2,18.5,13.8,7.0,0.0,0.4,0.2391,0.4746,0.0,0.0217,0.0441,0.074,0.1417,0.0,4.5,133.0,22.4,785.0,3922.6,3.3,-15.325,TRIASSIC ROCKS (UNDIFFERENTIATED)
B4,B,1185.0,1,26.8,0.0,26.8,7.7,9.5,9.5,0.0,0.1069,0.141,0.5506,0.0,0.0312,0.0312,0.0946,0.2426,0.0,4.0,133.0,18.4,765.0,2675.5,0.0,-19.6197,TRIASSIC ROCKS (UNDIFFERENTIATED)
B40,B,145.0,3,38.8,0.0,38.8,19.1,10.4,9.3,0.0,0.4,0.1619,0.5515,0.0,0.0176,0.0587,0.1122,0.2139,0.0,4.2,133.0,16.7,735.0,3875.7,5.1,-14.48,TRIASSIC ROCKS (UNDIFFERENTIATED)
B42,B,10367.0,3,38.6,0.0,38.6,7.4,9.7,21.5,0.0,0.0977,0.1479,0.7969,0.0,0.1231,0.1983,0.1136,0.251,0.0,4.1,133.0,16.9,756.0,3857.9,13.7,-24.1623,none (low-plasticity bedrock)
B43,B,12197.0,4,47.3,20.6728,26.7,7.7,10.3,8.7,0.0,0.1082,0.159,0.5212,0.0,0.0339,0.0468,0.0807,0.1684,0.0,4.2,133.0,17.2,757.0,2667.6,378.60001,-20.2451,none (low-plasticity bedrock)
B44,B,14037.0,1,22.1,0.0,22.1,7.1,9.8,5.2,0.0,0.0801,0.1472,0.4105,0.0,0.0056,0.007,0.0665,0.1693,0.0,4.2,133.0,17.0,736.0,2213.0,17.6,-20.0782,none (low-plasticity bedrock)
B45,B,14026.0,1,27.4,0.0,27.4,8.6,13.2,5.6,0.0,0.1405,0.2249,0.408,0.0,0.0179,0.0221,0.0556,0.1101,0.0,4.4,134.0,24.1,772.0,2735.1,14.6,-17.5791,TRIASSIC ROCKS (UNDIFFERENTIATED)
B46,B,5698.0,4,44.5,0.0,44.5,14.8,9.5,20.2,0.0,0.3102,0.1423,0.7302,0.0,0.1403,0.1729,0.0585,0.1263,0.0,4.2,133.0,15.8,718.0,4454.1,3.1,-19.5961,TRIASSIC ROCKS (UNDIFFERENTIATED)
B47,B,4245.0,4,44.1,0.0,44.1,18.4,13.1,12.6,0.0,0.4,0.2251,0.6027,0.0,0.0617,0.0798,0.0898,0.1688,0.0,4.5,133.0,19.6,773.0,4410.7,30.6,-15.6514,TRIASSIC ROCKS (UNDIFFERENTIATED)
B48,B,2546.0,3,39.5,0.0,39.5,18.5,12.8,8.2,0.0,0.3969,0.2173,0.5023,0.0,0.0358,0.0606,0.0689,0.1245,0.0,4.5,133.0,19.6,773.0,3947.2,30.6,-15.768,TRIASSIC ROCKS (UNDIFFERENTIATED)
B49,B,4715.0,6,62.2,19.0256,43.2,20.0,9.2,14.0,0.0,0.4148,0.134,0.6228,0.0,0.0791,0.0932,0.0787,0.1526,0.0,4.2,133.0,16.5,697.0,4319.9,364.29999,-15.3902,TRIASSIC ROCKS (UNDIFFERENTIATED)
B5,B,5850.0,5,54.9,0.0,54.9,14.7,10.5,29.6,0.0,0.3207,0.168,0.9185,0.0,0.2027,0.2723,0.1033,0.2656,0.0,4.1,133.0,19.4,775.0,5490.8,34.3,-22.4379,TRIASSIC ROCKS (UNDIFFERENTIATED)
B50,B,3019.0,5,55.7,0.0,55.7,23.5,8.5,23.7,0.0,0.4767,0.117,0.8155,0.0,0.1603,0.1851,0.1038,0.189,0.0,4.2,133.0,12.4,669.0,5566.1,8.1,-18.9999,LIAS GROUP
B6,B,6510.0,5,52.9,1.1099,51.8,6.9,9.4,35.4,0.0,0.08,0.1412,0.9906,0.0,0.2382,0.3099,0.1204,0.3076,0.0,4.1,133.0,18.1,752.0,5175.7,52.3,-23.1681,none (low-plasticity bedrock)
B60,B,11583.0,1,30.7,0.0,30.7,14.4,8.5,7.8,0.0,0.2834,0.1128,0.488,0.0,0.0386,0.0519,0.0585,0.1215,0.0,4.0,133.0,18.2,738.0,3073.4,0.0,-16.7164,TRIASSIC ROCKS (UNDIFFERENTIATED)
B61,B,11611.0,1,31.6,1.3442,30.3,14.1,7.4,8.8,0.0,0.267,0.0863,0.5076,0.0,0.0486,0.0593,0.0556,0.1157,0.0,3.8,134.0,17.5,727.0,3030.2,54.900002,-16.9634,TRIASSIC ROCKS (UNDIFFERENTIATED)
B62,B,10344.0,1,30.3,5.5043998,24.8,7.9,12.2,4.8,0.0,0.1176,0.2011,0.3666,0.0,0.0086,0.0135,0.0531,0.1008,0.0,4.4,134.0,19.0,783.0,2483.0,116.3,-17.4958,none (low-plasticity bedrock)
B63,B,15889.0,1,27.4,0.0,27.4,8.0,10.7,8.8,0.0,0.12,0.1681,0.5164,0.0,0.0387,0.0648,0.0658,0.1468,0.0,4.2,134.0,18.6,765.0,2740.8,9.3,-19.8577,none (low-plasticity bedrock)
B64,B,8010.0,1,29.5,0.0,29.5,8.1,9.6,11.8,0.0,0.12,0.1427,0.6081,0.0,0.0403,0.0503,0.1185,0.2548,0.0,4.1,134.0,17.1,762.0,2946.9,0.0,-18.2002,none (low-plasticity bedrock)
B65,B,10270.0,1,25.5,0.66229999,24.8,7.7,10.4,6.7,0.0,0.1092,0.1615,0.4874,0.0,0.0079,0.0206,0.0952,0.2157,0.0,4.1,133.0,19.9,768.0,2481.7,52.5,-18.7916,none (low-plasticity bedrock)
B66,B,9734.0,2,36.0,2.9719999,33.0,7.1,11.3,14.6,0.0,0.0931,0.1849,0.688,0.0,0.0474,0.1072,0.1424,0.3031,0.0,4.3,133.0,19.4,775.0,3300.5,81.5,-19.6571,none (low-plasticity bedrock)
B67,B,10557.0,1,22.7,0.0,22.7,7.1,11.6,4.0,0.0,0.0879,0.1881,0.3299,0.0,0.0,0.0,0.0461,0.1253,0.0,4.3,133.0,20.3,781.0,2268.9,0.0,-17.765,none (low-plasticity bedrock)
B68,B,12679.0,1,25.4,0.0,25.4,7.9,11.1,6.4,0.0,0.1185,0.1782,0.4251,0.0,0.033,0.0346,0.0361,0.1067,0.0,4.2,133.0,19.6,779.0,2542.4,15.1,-20.8364,none (low-plasticity bedrock)
B69,B,12415.0,2,33.7,0.0,33.7,7.8,10.5,15.4,0.0,0.1146,0.1651,0.693,0.0,0.0658,0.1056,0.1211,0.2949,0.0,4.2,133.0,19.1,764.0,3371.1,0.0,-19.495,none (low-plasticity bedrock)
B7,B,3093.0,8,75.6,17.962,57.7,10.7,9.4,37.6,0.0,0.1952,0.1402,1.0,0.0,0.2659,0.3169,0.108,0.2618,0.0,4.0,133.0,18.5,756.0,5766.5,347.29999,-21.1273,TRIASSIC ROCKS (UNDIFFERENTIATED)
B70,B,12077.0,2,36.3,5.2754002,31.0,8.1,10.5,12.4,0.0,0.12,0.1656,0.6318,0.0,0.0374,0.077,0.1262,0.2732,0.0,4.2,133.0,17.5,759.0,3099.4,117.3,-17.8443,none (low-plasticity bedrock)
B71,B,13027.0,1,31.1,0.0,31.1,8.1,10.4,12.6,0.0,0.12,0.1633,0.6239,0.0,0.044,0.0916,0.1143,0.227,0.0,4.2,133.0,16.9,758.0,3106.9,10.3,-18.2368,none (low-plasticity bedrock)
B72,B,4327.0,1,24.6,0.0,24.6,9.8,10.0,4.7,0.0,0.1726,0.1518,0.3762,0.0,0.0031,0.0031,0.0564,0.1533,0.0,4.2,133.0,17.3,724.0,2461.1,3.8,-15.6043,TRIASSIC ROCKS (UNDIFFERENTIATED)
B73,B,9589.0,1,24.9,0.0,24.9,7.0,10.2,7.7,0.0,0.08,0.1564,0.4704,0.0,0.0428,0.0749,0.029,0.1101,0.0,4.2,133.0,17.2,727.0,2491.3,0.0,-22.9355,none (low-plasticity bedrock)
B74,B,12971.0,10,185.9,163.57159,22.3,7.0,11.4,3.9,0.0,0.082,0.1829,0.2895,0.0,0.0089,0.0134,0.0202,0.0755,0.0,4.4,133.0,17.8,725.0,2230.8,2776.0,-19.8253,none (low-plasticity bedrock)
B75,B,11017.0,1,28.4,0.25850001,28.2,11.7,11.2,5.2,0.0,0.2256,0.18,0.3722,0.0,0.018,0.0208,0.0397,0.0918,0.0,4.4,133.0,17.9,716.0,2815.2,34.8,-15.2036,TRIASSIC ROCKS (UNDIFFERENTIATED)
B76,B,9597.0,4,47.0,0.0,47.0,18.8,10.4,17.8,0.0,0.3998,0.1639,0.6907,0.0,0.1163,0.1454,0.0601,0.151,0.0,4.3,133.0,16.4,720.0,4698.4,0.0,-17.4404,TRIASSIC ROCKS (UNDIFFERENTIATED)
B77,B,22934.0,3,39.8,0.0,39.8,8.7,8.9,22.1,0.0,0.1359,0.1279,0.7769,0.0,0.154,0.1797,0.0716,0.1773,0.0,4.2,133.0,14.6,676.0,3977.7,7.5,-23.2107,TRIASSIC ROCKS (UNDIFFERENTIATED)
B78,B,10692.0,10,136.0,89.670799,46.3,13.8,10.5,22.0,0.0,0.2906,0.1666,0.7697,0.0,0.1546,0.175,0.0733,0.1503,0.0,4.4,133.0,15.3,692.0,4630.6,1551.9,-21.2604,TRIASSIC ROCKS (UNDIFFERENTIATED)
B79,B,11037.0,4,48.4,0.0,48.4,16.3,9.4,22.7,0.0,0.3406,0.139,0.7876,0.0,0.1567,0.1922,0.0802,0.1576,0.0,4.3,133.0,15.1,660.0,4840.8,21.6,-20.5971,TRIASSIC ROCKS (UNDIFFERENTIATED)
B8,B,12480.0,8,75.7,29.071301,46.6,19.0,9.5,18.0,0.0,0.4,0.1422,0.7179,0.0,0.1055,0.1386,0.0892,0.2222,0.0,4.0,133.0,19.4,750.0,4658.3,530.29999,-17.3154,TRIASSIC ROCKS (UNDIFFERENTIATED)
B80,B,3168.0,5,50.9,8.5326996,42.4,19.0,10.1,13.2,0.0,0.4,0.1554,0.612,0.0,0.0682,0.0874,0.0856,0.1639,0.0,4.2,133.0,17.7,734.0,4235.5,174.89999,-15.4833,TRIASSIC ROCKS (UNDIFFERENTIATED)
B9,B,7072.0,3,42.1,0.0,42.1,19.1,9.7,13.3,0.0,0.4,0.1459,0.6285,0.0,0.0612,0.0777,0.0962,0.2323,0.0,4.0,133.0,18.1,756.0,4208.1,26.5,-15.0498,TRIASSIC ROCKS (UNDIFFERENTIATED)
B90,B,20444.0,4,45.1,0.63810003,44.4,18.4,12.5,13.5,0.0,0.4,0.213,0.6399,0.0,0.0607,0.0848,0.1094,0.2186,0.0,4.4,133.0,20.0,763.0,4443.4,63.0,-15.7692,TRIASSIC ROCKS (UNDIFFERENTIATED)
B91,B,13583.0,7,68.3,23.254601,45.0,18.5,12.0,14.5,0.0,0.4013,0.2,0.641,0.0,0.081,0.1003,0.0845,0.1691,0.0,4.4,133.0,19.9,753.0,4499.9,428.5,-16.3103,TRIASSIC ROCKS (UNDIFFERENTIATED)
B92,B,15562.0,6,61.5,13.87,47.7,18.8,10.8,18.0,0.0,0.4043,0.174,0.7074,0.0,0.1111,0.149,0.0815,0.1635,0.0,4.3,133.0,16.3,738.0,4766.1,277.20001,-17.7885,TRIASSIC ROCKS (UNDIFFERENTIATED)
B93,B,8217.0,4,44.5,0.0,44.5,18.9,12.2,13.5,0.0,0.4063,0.2046,0.6005,0.0,0.0803,0.0976,0.0621,0.1227,0.0,4.5,133.0,17.9,745.0,4452.6,0.0,-16.221,TRIASSIC ROCKS (UNDIFFERENTIATED)
B94,B,3455.0,3,42.6,0.0,42.6,18.4,12.9,11.2,0.0,0.4,0.2209,0.567,0.0,0.0562,0.0677,0.0795,0.146,0.0,4.5,133.0,20.1,762.0,4257.3,0.0,-16.1745,TRIASSIC ROCKS (UNDIFFERENTIATED)
B95,B,3227.0,4,44.7,0.0,44.7,19.4,9.9,15.4,0.0,0.4092,0.1518,0.6547,0.0,0.0915,0.1072,0.0843,0.1492,0.0,4.2,133.0,16.9,716.0,4466.3,34.599998,-16.1651,TRIASSIC ROCKS (UNDIFFERENTIATED)
B96,B,2429.0,4,48.9,3.3273001,45.6,21.1,8.7,15.7,0.0,0.4392,0.1214,0.661,0.0,0.0932,0.1096,0.0839,0.1576,0.0,4.1,133.0,17.3,710.0,4557.3,108.1,-15.6176,TRIASSIC ROCKS (UNDIFFERENTIATED)
B97,B,14994.0,2,36.5,0.0,36.5,17.8,9.8,8.9,0.0,0.3643,0.1482,0.5175,0.0,0.0422,0.0594,0.0678,0.1347,0.0,4.1,133.0,18.8,758.0,3651.8,27.1,-15.1736,TRIASSIC ROCKS (UNDIFFERENTIATED)
B98,B,20219.0,5,53.3,8.3555002,44.9,18.9,9.9,16.0,0.0,0.4,0.1528,0.6865,0.0,0.0821,0.1076,0.1098,0.2217,0.0,4.2,133.0,17.4,752.0,4491.0,191.89999,-16.2297,TRIASSIC ROCKS (UNDIFFERENTIATED)
BA1,BA,19597.0,8,77.8,27.184299,50.6,23.9,16.6,10.1,0.0,0.4941,0.3009,0.5119,0.0,0.0718,0.0894,0.0249,0.0523,0.0,4.3,140.0,27.3,897.0,5060.0,502.29999,-13.5812,LIAS GROUP
BA10,BA,1510.0,5,51.5,0.0,51.5,28.8,15.9,6.8,0.0,0.5609,0.2864,0.4421,0.0,0.035,0.0521,0.0426,0.0839,0.0,4.2,136.0,27.3,943.0,5153.3,16.3,-8.8544,KELLAWAYS FORMATION AND OXFORD CLAY FORMATION (UNDIFFERENTIATED)
BA11,BA,14793.0,6,56.8,0.0,56.8,25.3,19.7,11.8,0.0,0.5178,0.3663,0.5724,0.0,0.0723,0.089,0.0596,0.1046,0.0,4.4,137.0,28.3,946.0,5683.2,27.3,-12.093,KELLAWAYS FORMATION AND OXFORD CLAY FORMATION (UNDIFFERENTIATED)
BA12,BA,13247.0,7,68.4,12.7853,55.6,13.8,21.1,6.2,14.4,0.317,0.3936,0.4073,1.0,0.0422,0.0524,0.0202,0.043,0.5891,4.6,137.0,32.8,993.0,5560.2,268.39999,-2.6831,GAULT FORMATION AND UPPER GREENSAND FORMATION (UNDIFFERENTIATED)
BA13,BA,9229.0,5,53.1,0.79329997,52.3,27.6,16.1,8.4,0.3,0.5456,0.2899,0.4932,0.2482,0.0454,0.0578,0.0557,0.0985,0.0016,4.3,138.0,23.3,871.0,5230.0,68.699997,-9.034,"WEST WALTON FORMATION, AMPTHILL CLAY FORMATION AND KIMMERIDGE CLAY FORMATION (UNDIFFERENTIATED)"
BA14,BA,22532.0,10,153.1,84.450798,68.7,39.4,12.7,16.6,0.0,0.7118,0.217,0.6797,0.0,0.103,0.1198,0.0859,0.1466,0.0,4.0,138.0,18.1,816.0,6868.8,1471.5,-7.5635,KELLAWAYS FORMATION AND OXFORD CLAY FORMATION (UNDIFFERENTIATED)
BA15,BA,6163.0,3,39.9,0.0,39.9,14.7,16.4,8.8,0.0,0.3282,0.2979,0.4824,0.0,0.0609,0.0687,0.0298,0.0554,0.0,4.3,139.0,26.1,858.0,3989.2,15.0,-17.6658,KELLAWAYS FORMATION AND OXFORD CLAY FORMATION (UNDIFFERENTIATED)
BA16,BA,5938.0,9,95.9,10.9082,85.0,26.1,10.5,48.5,0.0,0.5177,0.1672,1.0,0.0,0.3328,0.406,0.1827,0.313,0.0,3.9,139.0,20.1,784.0,8503.6,261.79999,-16.9686,LIAS GROUP
BA2,BA,28664.0,4,47.4,1.344,46.1,18.3,18.7,9.1,0.0,0.4056,0.345,0.4884,0.0,0.063,0.0751,0.0275,0.055,0.0,4.4,139.0,24.5,916.0,4609.0,59.0,-16.229,LIAS GROUP
BA20,BA,5577.0,6,59.6,0.0,59.6,28.1,15.9,15.7,0.0,0.55,0.2865,0.6531,0.0,0.0979,0.1457,0.0604,0.1192,0.0,4.3,138.0,23.9,871.0,5962.2,22.8,-10.5926,LIAS GROUP
BA21,BA,15100.0,7,66.9,8.1885996,58.7,28.2,14.7,15.8,0.0,0.55,0.2608,0.6493,0.0,0.1055,0.1239,0.0563,0.1182,0.0,4.3,138.0,24.3,854.0,5867.1,191.0,-10.6026,LIAS GROUP
BA22,BA,8059.0,6,60.6,0.0,60.6,24.0,14.2,22.5,0.0,0.494,0.2507,0.7876,0.0,0.1572,0.1974,0.0788,0.151,0.0,4.2,139.0,22.6,834.0,6063.2,7.2,-17.685,LIAS GROUP
BA3,BA,17610.0,4,46.2,0.958,45.2,12.4,27.5,5.3,0.0,0.2976,0.5216,0.3769,0.0,0.0279,0.0347,0.0298,0.0573,0.0,4.9,139.0,39.6,1079.0,4483.6,53.900002,-15.0722,TRIASSIC ROCKS (UNDIFFERENTIATED)
BA4,BA,8150.0,9,98.3,49.628799,48.7,21.0,16.3,11.4,0.0,0.4485,0.2949,0.562,0.0,0.0673,0.0919,0.0548,0.1105,0.0,4.3,137.0,27.6,948.0,4869.8,904.09998,-15.2782,LIAS GROUP
BA5,BA,8611.0,5,50.7,1.3868999,49.3,12.1,17.0,20.2,0.0,0.2656,0.3108,0.7455,0.0,0.1373,0.1636,0.0817,0.1417,0.0,4.3,139.0,33.7,1072.0,4932.0,67.800003,-20.2815,TRIASSIC ROCKS (UNDIFFERENTIATED)
BA6,BA,5889.0,10,103.9,11.2323,92.7,27.7,11.1,53.9,0.0,0.5421,0.1819,1.0,0.0,0.3798,0.4324,0.198,0.3263,0.0,3.9,138.0,22.1,850.0,9271.0,284.29999,-16.2147,LIAS GROUP
BA7,BA,1908.0,5,54.9,0.0,54.9,26.0,11.6,17.3,0.0,0.5193,0.1922,0.6916,0.0,0.1057,0.1595,0.0739,0.1427,0.0,4.0,137.0,20.1,874.0,5493.6,0.0,-13.2888,LIAS GROUP
BA8,BA,2062.0,7,66.5,0.0,66.5,32.2,15.8,18.4,0.0,0.607,0.2856,0.703,0.0,0.1264,0.1412,0.065,0.1347,0.0,4.5,136.0,24.2,872.0,6646.1,6.9,-9.8689,KELLAWAYS FORMATION AND OXFORD CLAY FORMATION (UNDIFFERENTIATED)
BA9,BA,3743.0,6,57.7,0.0,57.7,30.1,15.1,12.5,0.0,0.5771,0.2705,0.5788,0.0,0.0774,0.095,0.0518,0.1105,0.0,4.3,136.0,26.0,888.0,5771.1,0.0,-9.3683,KELLAWAYS FORMATION AND OXFORD CLAY FORMATION (UNDIFFERENTIATED)
BB1,BB,24638.0,3,43.6,0.0,43.6,7.0,26.9,9.7,0.0,0.12,0.5126,0.5494,0.0,0.0369,0.0687,0.0944,0.1486,0.0,4.6,142.0,31.8,1251.0,4327.6,36.700001,-15.3707,none (low-plasticity bedrock)
BB10,BB,16383.0,10,144.3,97.556602,46.8,6.9,31.9,8.0,0.0,0.12,0.6057,0.4932,0.0,0.0325,0.0504,0.0695,0.1343,0.0,4.7,142.0,39.6,1318.0,4542.8,1686.5,-13.3839,none (low-plasticity bedrock)
BB11,BB,11215.0,5,56.2,6.9956002,49.3,6.8,32.7,9.8,0.0,0.12,0.6202,0.5422,0.0,0.0459,0.0644,0.0803,0.1344,0.0,4.9,142.0,38.9,1332.0,4771.4,163.5,-14.2191,none (low-plasticity bedrock)
BB12,BB,15515.0,6,57.1,6.2026,50.9,6.9,29.4,14.7,0.0,0.12,0.5584,0.6413,0.0,0.0923,0.1202,0.0711,0.1208,0.0,4.7,143.0,35.9,1275.0,5015.1,160.2,-15.7264,none (low-plasticity bedrock)
BB18,BB,3969.0,8,75.8,22.589001,53.2,6.7,30.8,15.7,0.0,0.1153,0.5867,0.6654,0.0,0.0981,0.1399,0.0723,0.1315,0.0,4.8,145.0,35.7,1178.0,5216.0,431.89999,-15.6318,none (low-plasticity bedrock)
BB2,BB,24646.0,5,53.6,6.5844002,47.0,7.0,24.1,15.9,0.0,0.1197,0.4566,0.6776,0.0,0.089,0.1377,0.0961,0.1488,0.0,4.4,142.0,33.1,1214.0,4695.4,149.2,-17.0468,none (low-plasticity bedrock)
BB3,BB,15154.0,7,67.5,18.0145,49.5,6.8,34.3,8.4,0.0,0.12,0.6502,0.509,0.0,0.0358,0.0456,0.0766,0.1428,0.0,5.2,141.0,45.8,1282.0,4752.6,362.89999,-13.1725,none (low-plasticity bedrock)
BB4,BB,18098.0,5,52.5,0.0,52.5,6.6,36.3,9.6,0.0,0.12,0.6844,0.5298,0.0,0.0534,0.0782,0.0599,0.1026,0.0,5.2,141.0,46.0,1348.0,4995.1,8.9,-14.2664,none (low-plasticity bedrock)
BB5,BB,26125.0,4,48.5,0.0,48.5,6.8,30.8,10.9,0.0,0.12,0.5857,0.571,0.0,0.051,0.087,0.0838,0.1383,0.0,4.9,142.0,34.2,1320.0,4747.3,22.9,-14.8167,none (low-plasticity bedrock)
BB6,BB,8183.0,5,54.2,5.4688001,48.7,6.9,25.9,15.9,0.0,0.12,0.4917,0.6576,0.0,0.1003,0.1433,0.0684,0.1021,0.0,4.4,143.0,34.9,1266.0,4849.4,148.5,-16.4512,none (low-plasticity bedrock)
BB7,BB,13879.0,5,56.1,3.2711,52.8,6.5,34.7,11.6,0.0,0.1124,0.6569,0.5797,0.0,0.0642,0.0821,0.0765,0.1264,0.0,4.7,147.0,49.6,1419.0,5071.3,108.4,-14.4757,none (low-plasticity bedrock)
BB8,BB,14021.0,4,48.4,0.228,48.2,6.8,32.7,8.6,0.0,0.12,0.6204,0.5146,0.0,0.0389,0.0476,0.0743,0.1448,0.0,5.0,143.0,33.2,1237.0,4663.2,47.599998,-13.6023,none (low-plasticity bedrock)
BB9,BB,17757.0,5,50.9,0.0,50.9,6.8,33.3,10.8,0.0,0.1195,0.6318,0.5579,0.0,0.0581,0.0862,0.0662,0.1209,0.0,5.0,144.0,38.6,1248.0,4919.0,15.1,-14.5713,none (low-plasticity bedrock)
BD1,BD,3331.0,8,82.6,0.0,82.6,7.2,18.3,57.2,0.0,0.12,0.3383,1.0,0.0,0.4041,0.4409,0.2331,0.4388,0.0,4.5,136.0,24.2,883.0,8263.5,70.400002,-20.8029,none (low-plasticity bedrock)
BD10,BD,11912.0,2,37.4,0.0,37.4,7.7,15.0,14.7,0.0,0.12,0.267,0.6168,0.0,0.0992,0.1247,0.0354,0.1116,0.0,4.3,136.0,19.7,891.0,3735.9,33.0,-19.5147,none (low-plasticity bedrock)
BD11,BD,5135.0,1,27.5,0.0,27.5,7.7,15.5,4.3,0.0,0.12,0.2756,0.3096,0.0,0.0127,0.0191,0.0249,0.0619,0.0,4.5,135.0,21.9,798.0,2746.9,4.9,-17.036,none (low-plasticity bedrock)
BD12,BD,7671.0,2,32.3,0.0,32.3,7.4,17.9,6.9,0.0,0.12,0.3289,0.4718,0.0,0.0215,0.0365,0.0688,0.1645,0.0,4.6,136.0,19.5,916.0,3231.1,23.0,-17.1611,none (low-plasticity bedrock)
BD13,BD,11982.0,4,47.7,0.0,47.7,6.7,35.3,5.7,0.0,0.12,0.6663,0.412,0.0,0.0298,0.0367,0.0389,0.0842,0.0,5.7,137.0,34.8,1067.0,4543.5,17.8,-14.5641,none (low-plasticity bedrock)
BD14,BD,3583.0,4,44.4,1.0324,43.4,7.0,27.1,9.4,0.0,0.12,0.5144,0.4897,0.0,0.069,0.069,0.019,0.0635,0.0,5.2,137.0,29.2,992.0,4309.8,55.599998,-16.3811,none (low-plasticity bedrock)
BD15,BD,6753.0,3,41.0,0.68970001,40.3,7.1,27.4,5.8,0.0,0.12,0.5207,0.4288,0.0,0.0239,0.0442,0.0461,0.1138,0.0,5.1,137.0,29.5,1004.0,3997.8,58.0,-15.6082,none (low-plasticity bedrock)
BD16,BD,11819.0,5,53.2,11.9803,41.2,7.1,22.0,12.2,0.0,0.12,0.4123,0.5892,0.0,0.0716,0.098,0.0579,0.1453,0.0,4.8,137.0,22.4,967.0,4122.0,235.39999,-18.1813,none (low-plasticity bedrock)
BD17,BD,8739.0,7,69.6,26.2136,43.3,7.3,18.7,17.3,0.0,0.12,0.347,0.6982,0.0,0.1031,0.1542,0.0768,0.1778,0.0,4.6,136.0,22.9,918.0,4334.1,490.20001,-18.9816,none (low-plasticity bedrock)
BD18,BD,11773.0,4,48.0,9.4647999,38.5,7.4,18.7,12.4,0.0,0.12,0.346,0.5751,0.0,0.0833,0.1004,0.0383,0.1022,0.0,4.5,136.0,22.3,913.0,3851.5,202.7,-19.4092,none (low-plasticity bedrock)
BD19,BD,10253.0,2,34.2,1.6213,32.6,7.6,15.5,9.5,0.0,0.12,0.2791,0.5224,0.0,0.0483,0.0721,0.0591,0.122,0.0,4.4,135.0,17.3,882.0,3262.5,64.400002,-18.7925,none (low-plasticity bedrock)
BD2,BD,12726.0,2,35.6,1.614,34.0,7.5,16.3,10.1,0.0,0.12,0.2955,0.5327,0.0,0.06,0.0706,0.0454,0.1332,0.0,4.3,136.0,25.3,882.0,3398.2,74.599998,-19.1197,none (low-plasticity bedrock)
BD20,BD,16155.0,4,50.0,0.0,50.0,6.9,27.6,15.6,0.0,0.1192,0.5248,0.6613,0.0,0.0989,0.1175,0.072,0.1528,0.0,5.0,142.0,26.7,1106.0,4961.4,13.5,-15.972,none (low-plasticity bedrock)
BD21,BD,10234.0,6,56.7,6.1413002,50.5,6.9,28.8,14.8,0.0,0.12,0.5488,0.6484,0.0,0.0905,0.13,0.0653,0.153,0.0,5.0,139.0,30.7,1114.0,4986.9,161.2,-15.8155,none (low-plasticity bedrock)
BD22,BD,13127.0,7,70.0,16.9988,53.0,6.6,38.9,7.5,0.0,0.12,0.7303,0.4891,0.0,0.0261,0.0365,0.0746,0.164,0.0,5.7,140.0,37.1,1219.0,4959.1,333.10001,-12.1456,none (low-plasticity bedrock)
BD23,BD,13942.0,7,65.4,7.2426,58.1,6.2,40.8,11.1,0.0,0.1089,0.7648,0.5706,0.0,0.0598,0.0732,0.0749,0.1429,0.0,5.2,150.0,44.2,1436.0,5408.3,182.60001,-13.3802,none (low-plasticity bedrock)
BD24,BD,2586.0,7,69.9,0.0,69.9,6.1,52.4,11.3,0.0,0.1091,0.9621,0.5828,0.0,0.0604,0.0774,0.0829,0.143,0.0,5.8,158.0,57.8,1621.0,6100.6,29.4,-11.9902,none (low-plasticity bedrock)
BD3,BD,10382.0,3,40.6,9.4975996,31.1,7.5,16.7,6.8,0.0,0.12,0.3039,0.4878,0.0,0.0092,0.0276,0.0864,0.225,0.0,4.4,136.0,23.4,861.0,3111.2,197.5,-16.4525,none (low-plasticity bedrock)
BD4,BD,13353.0,1,31.7,2.8656001,28.9,7.6,16.3,5.0,0.0,0.12,0.2937,0.3906,0.0,0.0084,0.0113,0.0578,0.1351,0.0,4.5,135.0,22.9,827.0,2886.4,90.599998,-17.112,none (low-plasticity bedrock)
BD5,BD,9392.0,2,33.7,0.0,33.7,7.3,19.9,6.4,0.0,0.12,0.3704,0.4806,0.0,0.0,0.0,0.1026,0.2516,0.0,4.7,136.0,24.5,885.0,3370.3,3.0,-14.71,none (low-plasticity bedrock)
BD6,BD,12523.0,2,33.5,0.0,33.5,7.4,22.0,4.0,0.0,0.12,0.4102,0.3305,0.0,0.003,0.0119,0.036,0.1216,0.0,4.9,136.0,24.3,928.0,3346.9,16.0,-14.0787,none (low-plasticity bedrock)
BD7,BD,10882.0,3,40.4,1.0072,39.4,7.2,23.9,8.3,0.0,0.12,0.4511,0.5054,0.0,0.0348,0.054,0.0612,0.1707,0.0,5.0,136.0,26.4,891.0,3936.6,79.199997,-15.3226,none (low-plasticity bedrock)
BD8,BD,9213.0,4,46.6,0.0,46.6,7.1,20.7,18.8,0.0,0.12,0.3873,0.7397,0.0,0.1154,0.1682,0.0762,0.239,0.0,4.7,136.0,25.5,922.0,4661.0,0.0,-20.0601,none (low-plasticity bedrock)
BD9,BD,8966.0,2,33.5,0.0,33.5,7.4,21.1,5.0,0.0,0.12,0.3935,0.3898,0.0,0.0164,0.0194,0.0435,0.1234,0.0,4.7,136.0,26.5,921.0,3353.0,10.0,-16.6275,none (low-plasticity bedrock)
BH1,BH,11632.0,8,83.3,8.9012003,74.4,49.3,18.8,6.3,0.0,0.85,0.3465,0.4021,0.0,0.0443,0.0492,0.0135,0.0474,0.0,4.2,141.0,28.0,907.0,7440.1,236.5,-4.8509,BRACKLESHAM GROUP AND BARTON GROUP (UNDIFFERENTIATED)
BH10,BH,9245.0,10,101.2,4.138,97.1,49.3,16.5,31.3,0.0,0.8503,0.3015,0.9351,0.0,0.2386,0.2838,0.0832,0.2018,0.0,4.1,140.0,28.7,905.0,9707.4,157.0,-11.8234,BRACKLESHAM GROUP AND BARTON GROUP (UNDIFFERENTIATED)
BH11,BH,8818.0,8,83.6,1.3721,82.3,50.5,16.4,15.4,0.0,0.8649,0.2975,0.6304,0.0,0.1057,0.136,0.0373,0.0954,0.0,4.1,140.0,29.0,903.0,8225.9,115.7,-6.3569,BRACKLESHAM GROUP AND BARTON GROUP (UNDIFFERENTIATED)
BH12,BH,14572.0,8,84.0,9.3269997,74.7,49.4,17.9,7.4,0.0,0.85,0.3289,0.4777,0.0,0.0286,0.0561,0.0589,0.1394,0.0,4.2,140.0,29.6,901.0,7468.2,233.39999,-3.5691,BRACKLESHAM GROUP AND BARTON GROUP (UNDIFFERENTIATED)
BH13,BH,4035.0,9,89.9,0.0,89.9,48.9,20.9,20.0,0.0,0.85,0.3928,0.6954,0.0,0.162,0.162,0.0192,0.033,0.0,4.6,141.0,28.5,905.0,8987.0,79.800003,-7.118,BRACKLESHAM GROUP AND BARTON GROUP (UNDIFFERENTIATED)
BH14,BH,11075.0,9,87.4,0.0,87.4,49.1,19.1,19.1,0.0,0.85,0.3552,0.7131,0.0,0.1359,0.1486,0.0654,0.1079,0.0,4.4,141.0,29.0,901.0,8736.3,19.9,-6.961,BRACKLESHAM GROUP AND BARTON GROUP (UNDIFFERENTIATED)
BH15,BH,16130.0,10,115.9,9.8402004,106.1,48.9,18.6,38.5,0.0,0.85,0.3462,1.0,0.0,0.3136,0.33,0.0625,0.119,0.0,4.4,141.0,28.0,902.0,10609.3,257.39999,-11.9333,BRACKLESHAM GROUP AND BARTON GROUP (UNDIFFERENTIATED)
BH16,BH,6529.0,9,94.9,0.0,94.9,51.6,16.8,25.2,1.3,0.8816,0.3071,0.8107,0.9767,0.2015,0.2131,0.0422,0.1025,0.0246,4.1,141.0,28.7,910.0,9491.6,38.5,-10.0188,THAMES GROUP
BH17,BH,9582.0,9,92.2,10.1122,82.1,49.2,17.2,15.7,0.0,0.85,0.3146,0.6953,0.0,0.071,0.1079,0.1383,0.221,0.0,4.2,140.0,29.2,902.0,8211.1,252.10001,-5.5165,BRACKLESHAM GROUP AND BARTON GROUP (UNDIFFERENTIATED)
BH18,BH,5343.0,8,77.7,7.4200001,70.3,49.4,16.7,4.2,0.0,0.85,0.3025,0.3438,0.0,0.0029,0.0058,0.0524,0.1051,0.0,4.2,140.0,30.6,908.0,7031.6,192.60001,-1.8353,BRACKLESHAM GROUP AND BARTON GROUP (UNDIFFERENTIATED)
BH19,BH,5395.0,8,77.1,12.2767,64.8,25.6,28.8,9.7,0.6,0.5267,0.5485,0.4898,0.4595,0.076,0.076,0.0138,0.0327,0.0054,5.2,142.0,27.8,943.0,6413.2,257.79999,-8.9555,PURBECK LIMESTONE GROUP
BH2,BH,5097.0,10,109.0,29.3853,79.6,49.2,19.3,11.1,0.0,0.85,0.3572,0.5334,0.0,0.0812,0.0812,0.0289,0.061,0.0,4.3,141.0,28.1,906.0,7961.2,590.5,-5.297,BRACKLESHAM GROUP AND BARTON GROUP (UNDIFFERENTIATED)
BH20,BH,8574.0,8,81.6,3.6735001,78.0,39.2,17.6,16.4,4.7,0.7164,0.3233,0.6448,1.0,0.1201,0.1304,0.0365,0.0795,0.2118,4.2,142.0,27.1,910.0,7796.6,138.39999,-4.924,BRACKLESHAM GROUP AND BARTON GROUP (UNDIFFERENTIATED)
BH21,BH,20254.0,7,73.9,11.3868,62.5,23.4,14.8,16.0,8.3,0.4862,0.2624,0.6358,1.0,0.1149,0.1359,0.0342,0.0756,0.3505,4.1,139.0,28.0,915.0,6251.6,245.7,-7.8383,THAMES GROUP
BH22,BH,12498.0,8,84.3,0.60839999,83.7,50.4,13.8,19.5,0.0,0.8609,0.2413,0.7293,0.0,0.1258,0.1827,0.0596,0.1756,0.0,3.8,139.0,29.1,904.0,8370.0,87.900002,-7.5056,BRACKLESHAM GROUP AND BARTON GROUP (UNDIFFERENTIATED)
BH23,BH,25013.0,10,130.2,37.660099,92.6,47.9,15.2,29.5,0.0,0.829,0.2728,0.9157,0.0,0.2111,0.2784,0.0931,0.2317,0.0,4.0,140.0,26.4,901.0,9258.1,706.79999,-11.646,BRACKLESHAM GROUP AND BARTON GROUP (UNDIFFERENTIATED)
BH24,BH,10758.0,8,82.2,0.0,82.2,49.5,12.1,20.7,0.0,0.8436,0.2038,0.7357,0.0,0.1457,0.1785,0.0562,0.116,0.0,3.5,138.0,28.8,910.0,8224.8,70.199997,-7.9265,BRACKLESHAM GROUP AND BARTON GROUP (UNDIFFERENTIATED)
BH25,BH,11864.0,7,66.2,0.0,66.2,41.8,17.3,7.1,0.0,0.7477,0.3142,0.4438,0.0,0.0417,0.0591,0.0336,0.0693,0.0,4.2,139.0,27.4,905.0,6615.3,16.5,-5.1082,SOLENT GROUP
BH3,BH,2205.0,7,71.6,0.0,71.6,49.2,19.0,3.3,0.0,0.85,0.3484,0.2677,0.0,0.0,0.0,0.0299,0.0838,0.0,4.3,140.0,28.5,905.0,7155.5,47.200001,-1.615,BRACKLESHAM GROUP AND BARTON GROUP (UNDIFFERENTIATED)
BH31,BH,3756.0,8,84.7,9.7781,74.9,51.6,13.2,8.8,1.3,0.8707,0.2275,0.5052,1.0,0.0504,0.077,0.0461,0.0998,0.0273,3.8,138.0,29.8,916.0,7488.1,213.0,-3.305,BRACKLESHAM GROUP AND BARTON GROUP (UNDIFFERENTIATED)
BH4,BH,5035.0,9,95.8,20.2698,75.5,49.3,19.3,6.9,0.0,0.85,0.3575,0.4235,0.0,0.0488,0.0488,0.0205,0.0476,0.0,4.4,141.0,28.3,905.0,7549.4,420.10001,-4.6917,BRACKLESHAM GROUP AND BARTON GROUP (UNDIFFERENTIATED)
BH5,BH,5279.0,7,74.9,0.0,74.9,49.3,19.4,6.2,0.0,0.85,0.3587,0.3988,0.0,0.043,0.048,0.0157,0.0433,0.0,4.2,141.0,27.8,907.0,7487.2,69.599998,-4.637,BRACKLESHAM GROUP AND BARTON GROUP (UNDIFFERENTIATED)
BH6,BH,10442.0,8,79.6,0.37439999,79.2,49.2,18.8,11.2,0.0,0.85,0.3466,0.5363,0.0,0.0805,0.0946,0.0216,0.0717,0.0,4.2,140.0,24.2,902.0,7921.1,74.599998,-5.5181,BRACKLESHAM GROUP AND BARTON GROUP (UNDIFFERENTIATED)
BH7,BH,4787.0,9,85.1,0.0,85.1,49.1,19.2,16.9,0.0,0.85,0.3558,0.6908,0.0,0.1037,0.1254,0.0758,0.2005,0.0,4.2,140.0,27.2,901.0,8511.6,17.5,-5.7997,BRACKLESHAM GROUP AND BARTON GROUP (UNDIFFERENTIATED)
BH8,BH,12387.0,9,89.8,0.0,89.8,49.1,18.1,22.5,0.0,0.85,0.3348,0.802,0.0,0.1556,0.1928,0.0724,0.2412,0.0,4.2,140.0,27.7,901.0,8978.7,51.400002,-9.4498,BRACKLESHAM GROUP AND BARTON GROUP (UNDIFFERENTIATED)
BH9,BH,12002.0,8,82.1,0.0,82.1,49.2,17.3,15.7,0.0,0.85,0.3172,0.6516,0.0,0.1054,0.1106,0.0453,0.1812,0.0,4.2,140.0,28.5,902.0,8212.2,65.300003,-5.8916,BRACKLESHAM GROUP AND BARTON GROUP (UNDIFFERENTIATED)
BL0,BL,7287.0,5,51.5,0.0,51.5,6.8,31.2,13.6,0.0,0.12,0.5925,0.6259,0.0,0.0796,0.0871,0.0873,0.1439,0.0,4.8,140.0,48.3,1347.0,5036.3,15.9,-14.9413,none (low-plasticity bedrock)
BL1,BL,27207.0,7,70.7,24.7719,45.9,7.0,23.4,15.5,0.0,0.12,0.442,0.6755,0.0,0.0855,0.1104,0.1011,0.1901,0.0,4.4,139.0,43.7,1272.0,4587.8,455.10001,-17.0231,none (low-plasticity bedrock)
BL2,BL,20319.0,2,35.8,0.0,35.8,7.3,20.9,7.6,0.0,0.12,0.3908,0.4878,0.0,0.0228,0.0371,0.083,0.1511,0.0,4.1,139.0,40.3,1274.0,3578.6,4.9,-15.6201,none (low-plasticity bedrock)
BL3,BL,24610.0,2,37.2,0.0,37.2,7.5,16.3,13.4,0.0,0.12,0.2971,0.6384,0.0,0.062,0.0746,0.113,0.2134,0.0,3.8,139.0,32.7,1163.0,3723.9,6.3,-17.6343,none (low-plasticity bedrock)
BL4,BL,14422.0,2,32.4,0.0,32.4,7.7,15.2,9.5,0.0,0.12,0.2707,0.5573,0.0,0.0242,0.0285,0.1186,0.2281,0.0,3.7,138.0,32.9,1100.0,3235.2,4.6,-17.1683,none (low-plasticity bedrock)
BL5,BL,12078.0,2,33.8,0.0,33.8,7.5,16.9,9.4,0.0,0.12,0.3072,0.5533,0.0,0.0249,0.0357,0.1204,0.1964,0.0,4.1,139.0,35.2,1080.0,3381.0,7.8,-17.1797,none (low-plasticity bedrock)
BL6,BL,13910.0,4,44.1,0.8574,43.2,7.0,22.4,13.8,0.0,0.12,0.4222,0.6372,0.0,0.0682,0.0988,0.1004,0.1764,0.0,4.5,140.0,42.1,1321.0,4321.4,60.400002,-16.6558,none (low-plasticity bedrock)
BL7,BL,6760.0,6,62.9,12.5867,50.3,6.8,33.0,10.5,0.0,0.12,0.6272,0.5592,0.0,0.052,0.0633,0.0836,0.1411,0.0,5.0,140.0,52.4,1329.0,4872.1,254.39999,-14.1976,none (low-plasticity bedrock)
BL8,BL,15450.0,3,42.8,0.0,42.8,7.0,26.0,9.8,0.0,0.12,0.4936,0.5489,0.0,0.0443,0.0555,0.0889,0.149,0.0,4.4,140.0,47.1,1337.0,4263.7,42.700001,-15.7929,none (low-plasticity bedrock)
BL9,BL,21373.0,5,51.6,9.6764002,42.0,7.3,19.2,15.4,0.0,0.1199,0.3563,0.6578,0.0,0.089,0.1345,0.0775,0.1463,0.0,3.9,139.0,37.1,1271.0,4196.4,202.10001,-17.8023,none (low-plasticity bedrock)
BN1,BN,35431.0,2,36.3,0.0,36.3,6.5,26.2,3.1,0.5,0.0914,0.4927,0.2567,0.5002,0.0033,0.0035,0.0269,0.0565,0.0065,5.1,150.0,25.1,885.0,3606.8,18.700001,-13.7548,LAMBETH GROUP
BN10,BN,5093.0,4,47.3,0.0,47.3,9.2,31.8,6.4,0.0,0.2,0.6029,0.4147,0.0,0.049,0.0495,0.0174,0.0371,0.0,5.7,149.0,23.2,868.0,4606.8,28.5,-15.8118,LAMBETH GROUP
BN11,BN,16496.0,10,114.6,61.32,53.3,11.3,27.1,14.9,0.0,0.2664,0.5158,0.6311,0.0,0.1033,0.1144,0.0505,0.106,0.0,5.2,147.0,20.4,921.0,5290.4,1083.8,-16.186,LAMBETH GROUP
BN12,BN,9787.0,6,61.3,11.8292,49.5,8.5,25.6,15.4,0.0,0.1679,0.487,0.6438,0.0,0.1032,0.1204,0.0578,0.1139,0.0,5.0,147.0,22.4,937.0,4934.8,248.39999,-15.8927,THAMES GROUP
BN13,BN,12971.0,3,38.5,0.37169999,38.1,12.3,21.6,4.2,0.0,0.2725,0.4016,0.3193,0.0,0.0094,0.0161,0.035,0.0679,0.0,4.5,147.0,28.1,945.0,3812.8,50.8,-13.8367,LAMBETH GROUP
BN14,BN,13179.0,3,38.6,1.3997,37.2,8.7,24.6,3.9,0.0,0.1651,0.4612,0.3053,0.0,0.0063,0.0137,0.033,0.0725,0.0,4.9,148.0,29.8,936.0,3717.7,65.400002,-12.7543,LAMBETH GROUP
BN15,BN,11434.0,4,46.0,1.112,44.8,7.7,26.1,11.1,0.0,0.1379,0.4952,0.5484,0.0,0.069,0.1176,0.0365,0.0777,0.0,5.1,148.0,23.3,908.0,4465.4,64.900002,-16.3372,LAMBETH GROUP
BN16,BN,13861.0,3,43.3,0.0,43.3,9.8,22.5,11.0,0.0,0.2041,0.4232,0.5448,0.0,0.0728,0.0792,0.0455,0.0864,0.0,4.6,146.0,23.7,944.0,4333.5,8.2,-16.7925,LAMBETH GROUP
BN17,BN,14002.0,10,235.1,176.0882,59.0,8.1,24.4,26.5,0.0,0.1595,0.4627,0.8405,0.0,0.2118,0.2488,0.0463,0.0981,0.0,4.9,146.0,22.2,940.0,5898.0,3020.2,-22.0972,THAMES GROUP
BN18,BN,6185.0,8,76.2,22.8134,53.4,12.3,19.4,21.7,0.0,0.2781,0.3612,0.7417,0.0,0.1712,0.1874,0.0324,0.0665,0.0,4.2,145.0,29.0,967.0,5340.5,452.70001,-20.7506,LAMBETH GROUP
BN2,BN,40791.0,10,108.3,65.381897,42.9,6.0,32.0,4.9,0.0,0.0803,0.6059,0.3358,0.0,0.0276,0.0276,0.0164,0.0396,0.0,5.8,149.0,24.5,861.0,4161.0,1140.9,-14.5809,LAMBETH GROUP
BN20,BN,9415.0,3,41.4,0.0,41.4,7.1,28.9,5.5,0.0,0.1162,0.5486,0.3444,0.0,0.0378,0.0385,0.0058,0.0165,0.0,5.5,147.0,27.1,855.0,4085.0,23.8,-15.2828,GAULT FORMATION AND UPPER GREENSAND FORMATION (UNDIFFERENTIATED)
BN21,BN,12712.0,5,53.6,7.2487998,46.4,10.9,27.6,7.9,0.0,0.2525,0.5242,0.4726,0.0,0.0496,0.0507,0.0368,0.0982,0.0,5.3,147.0,24.7,855.0,4598.7,178.10001,-15.2382,GAULT FORMATION AND UPPER GREENSAND FORMATION (UNDIFFERENTIATED)
BN22,BN,14192.0,9,96.1,4.0716,92.1,42.7,26.0,23.4,0.0,0.7742,0.4946,0.8054,0.0,0.1748,0.2186,0.063,0.1435,0.0,5.1,147.0,24.8,855.0,9179.6,145.10001,-9.5353,GAULT FORMATION AND UPPER GREENSAND FORMATION (UNDIFFERENTIATED)
BN23,BN,13029.0,9,95.4,6.5503998,88.9,40.8,25.1,22.9,0.0,0.7468,0.4771,0.7947,0.0,0.17,0.2202,0.0597,0.1334,0.0,5.0,147.0,24.5,856.0,8869.0,213.7,-9.787,WEALDEN GROUP
BN24,BN,4424.0,10,134.3,46.995899,87.3,41.2,24.0,22.1,0.0,0.75,0.4535,0.7713,0.0,0.1629,0.2329,0.0442,0.105,0.0,4.8,146.0,24.8,854.0,8719.7,871.29999,-9.4507,WEALDEN GROUP
BN25,BN,11196.0,6,59.3,8.4427004,50.8,6.1,29.2,15.5,0.0,0.0901,0.5565,0.6157,0.0,0.1245,0.1288,0.0133,0.0411,0.0,5.6,148.0,22.5,859.0,5011.3,188.0,-17.6054,LAMBETH GROUP
BN26,BN,6334.0,7,66.2,11.9652,54.2,18.0,25.5,10.6,0.0,0.4078,0.4847,0.5421,0.0,0.0654,0.0791,0.0554,0.0866,0.0,4.9,148.0,26.0,857.0,5402.6,251.39999,-14.2161,WEALDEN GROUP
BN27,BN,13589.0,9,91.7,5.7687001,85.9,41.2,18.9,25.8,0.0,0.7455,0.3525,0.8607,0.0,0.1784,0.2575,0.1041,0.1606,0.0,4.2,147.0,23.8,861.0,8590.1,187.0,-12.0867,WEALDEN GROUP
BN3,BN,36030.0,3,38.7,0.0,38.7,8.1,25.2,5.4,0.0,0.1475,0.4768,0.4057,0.0,0.025,0.025,0.0445,0.0988,0.0,5.0,150.0,24.2,879.0,3867.5,18.0,-15.2627,LAMBETH GROUP
BN41,BN,5515.0,3,40.8,0.0,40.8,7.5,24.0,9.2,0.0,0.1294,0.4529,0.4907,0.0,0.0642,0.0661,0.0309,0.059,0.0,4.9,149.0,24.4,891.0,4075.3,13.5,-16.332,LAMBETH GROUP
BN42,BN,2416.0,6,56.6,6.3498998,50.2,9.1,23.6,17.5,0.0,0.1848,0.4473,0.6901,0.0,0.1214,0.1357,0.0596,0.1415,0.0,4.8,149.0,23.9,893.0,5021.8,158.5,-17.1286,LAMBETH GROUP
BN43,BN,6154.0,5,51.9,0.0,51.9,7.4,23.7,20.7,0.0,0.1316,0.4494,0.7224,0.0,0.1621,0.1845,0.0277,0.0626,0.0,4.9,149.0,24.8,896.0,5184.5,27.1,-19.0915,LAMBETH GROUP
BN44,BN,2679.0,6,60.9,0.0,60.9,21.3,23.4,16.2,0.0,0.4614,0.442,0.6627,0.0,0.1035,0.1429,0.0675,0.1055,0.0,4.6,149.0,27.7,902.0,6085.2,7.4,-13.4408,WEALDEN GROUP
BN45,BN,261.0,4,46.8,9.3909998,37.4,10.2,24.8,2.4,0.0,0.2187,0.4623,0.1884,0.0,0.0,0.0,0.0184,0.0308,0.0,4.5,151.0,32.7,896.0,3732.5,188.5,-13.664,GAULT FORMATION AND UPPER GREENSAND FORMATION (UNDIFFERENTIATED)
BN5,BN,3388.0,8,77.1,1.1329,76.0,32.4,20.1,23.5,0.0,0.6195,0.3756,0.8061,0.0,0.1722,0.1946,0.0871,0.1267,0.0,4.2,150.0,26.8,883.0,7596.1,89.400002,-13.1491,WEALDEN GROUP
BN6,BN,7619.0,8,80.9,20.160299,60.7,29.2,22.3,9.2,0.0,0.5706,0.419,0.522,0.0,0.0435,0.0511,0.0795,0.1186,0.0,4.3,151.0,29.3,912.0,6070.5,409.5,-7.4639,WEALDEN GROUP
BN7,BN,8697.0,5,54.1,1.0726,53.0,11.2,27.6,14.2,0.0,0.2665,0.5263,0.6108,0.0,0.0961,0.1361,0.0399,0.0762,0.0,5.0,150.0,29.7,897.0,5259.8,70.699997,-16.3448,WEALDEN GROUP
BN8,BN,6849.0,7,71.5,0.0,71.5,32.7,20.6,18.2,0.0,0.6243,0.3857,0.7079,0.0,0.119,0.1387,0.0867,0.1272,0.0,4.3,150.0,25.8,874.0,7151.5,34.0,-9.2702,WEALDEN GROUP
BN9,BN,9396.0,10,112.9,41.310699,71.6,6.2,30.4,30.6,4.3,0.1031,0.579,0.9008,1.0,0.2677,0.2824,0.0284,0.0704,0.1796,5.6,149.0,22.1,871.0,7052.4,759.40002,-19.6899,LAMBETH GROUP
BR1,BR,24169.0,10,104.3,24.3374,80.0,57.6,11.0,11.4,0.0,0.9488,0.1764,0.5825,0.0,0.0473,0.0581,0.099,0.1916,0.0,4.1,141.0,15.2,668.0,7999.7,485.29999,-4.7154,THAMES GROUP
BR2,BR,19853.0,7,69.0,0.0,69.0,40.0,13.2,15.3,0.5,0.7198,0.2281,0.6526,0.5556,0.0956,0.1014,0.0763,0.1551,0.008,4.2,142.0,16.6,721.0,6901.4,15.5,-5.9681,THAMES GROUP
BR3,BR,21670.0,10,131.6,38.628502,93.0,61.0,11.4,20.6,0.0,0.9938,0.1882,0.7844,0.0,0.1182,0.1563,0.1309,0.2456,0.0,4.1,141.0,16.4,681.0,9299.6,735.20001,-9.1985,THAMES GROUP
BR4,BR,7275.0,7,66.3,4.9646001,61.3,36.4,13.1,8.5,3.2,0.6682,0.2255,0.511,1.0,0.037,0.0456,0.0708,0.1587,0.1206,4.2,141.0,17.3,721.0,6130.9,132.8,-2.9912,THAMES GROUP
BR5,BR,19199.0,7,66.7,9.0285997,57.7,28.9,13.8,6.7,8.3,0.5605,0.2395,0.455,1.0,0.0272,0.0346,0.0605,0.1259,0.344,4.3,142.0,16.7,695.0,5771.2,215.0,-0.575,THAMES GROUP
BR6,BR,19348.0,3,39.8,0.0,39.8,13.5,17.3,4.0,5.0,0.2905,0.3129,0.3033,1.0,0.0068,0.0079,0.0335,0.0751,0.2252,4.6,142.0,21.0,768.0,3978.9,18.3,-7.9679,THANET SAND FORMATION
BR7,BR,7680.0,7,71.3,0.0,71.3,54.5,11.8,5.0,0.0,0.9104,0.1938,0.3617,0.0,0.0139,0.0238,0.0402,0.087,0.0,4.1,141.0,16.4,653.0,7125.8,14.1,-2.7526,THAMES GROUP
BR8,BR,9659.0,2,37.7,0.0,37.7,19.8,14.1,3.8,0.0,0.4162,0.2458,0.308,0.0,0.0,0.0,0.0463,0.0908,0.0,4.5,141.0,15.9,676.0,3772.9,10.6,-11.4237,THANET SAND FORMATION
BS1,BS,7743.0,8,83.8,2.4951999,81.3,6.6,15.8,58.9,0.0,0.0875,0.2856,1.0,0.0,0.3732,0.6829,0.2161,0.3639,0.0,4.1,140.0,25.1,892.0,8132.2,104.7,-21.5149,TRIASSIC ROCKS (UNDIFFERENTIATED)
BS10,BS,12316.0,6,64.2,0.0,64.2,16.8,16.9,30.5,0.0,0.3848,0.3105,0.9421,0.0,0.2107,0.3123,0.1173,0.2234,0.0,4.5,140.0,22.2,856.0,6422.9,29.700001,-21.9235,TRIASSIC ROCKS (UNDIFFERENTIATED)
BS11,BS,7807.0,8,78.6,0.0,78.6,15.2,18.1,45.3,0.0,0.3582,0.3351,1.0,0.0,0.3297,0.3747,0.1574,0.1868,0.0,4.7,140.0,16.5,861.0,7860.9,15.6,-20.5641,TRIASSIC ROCKS (UNDIFFERENTIATED)
BS13,BS,12592.0,9,89.3,31.9226,57.3,26.4,20.1,10.8,0.0,0.5313,0.3738,0.5736,0.0,0.0482,0.0826,0.081,0.1754,0.0,4.5,140.0,26.5,926.0,5733.4,603.90002,-10.1877,LIAS GROUP
BS14,BS,12867.0,5,50.6,0.0,50.6,25.0,18.2,7.4,0.0,0.5107,0.3337,0.4863,0.0,0.0229,0.0333,0.0799,0.163,0.0,4.3,140.0,26.4,914.0,5060.4,0.0,-9.9189,LIAS GROUP
BS15,BS,27025.0,3,39.0,0.0,39.0,8.2,14.7,16.1,0.0,0.1342,0.2608,0.6841,0.0,0.0899,0.1082,0.1014,0.1995,0.0,4.0,140.0,25.6,870.0,3898.7,24.8,-18.3565,TRIASSIC ROCKS (UNDIFFERENTIATED)
BS16,BS,32771.0,10,109.1,69.483902,39.7,12.8,15.6,11.2,0.0,0.2794,0.2806,0.5771,0.0,0.0494,0.0774,0.0876,0.1677,0.0,4.2,140.0,25.1,870.0,3966.1,1208.1,-16.9396,LIAS GROUP
BS2,BS,7329.0,7,73.3,0.0,73.3,9.0,15.6,48.6,0.0,0.1653,0.2821,1.0,0.0,0.3066,0.4967,0.2083,0.3652,0.0,4.1,140.0,25.5,886.0,7327.1,33.200001,-20.8295,TRIASSIC ROCKS (UNDIFFERENTIATED)
BS20,BS,14464.0,4,49.2,0.0,49.2,11.7,19.1,18.4,0.0,0.2612,0.354,0.6775,0.0,0.1404,0.1523,0.0284,0.0705,0.0,4.5,140.0,24.1,880.0,4920.0,44.900002,-18.7689,TRIASSIC ROCKS (UNDIFFERENTIATED)
BS21,BS,10569.0,5,53.2,5.4061999,47.8,14.1,21.2,12.5,0.0,0.3355,0.3961,0.5745,0.0,0.0816,0.1478,0.0246,0.0715,0.0,4.9,140.0,24.0,888.0,4776.5,138.60001,-18.5234,TRIASSIC ROCKS (UNDIFFERENTIATED)
BS22,BS,16555.0,5,55.6,0.44940001,55.2,17.4,25.0,12.8,0.0,0.3981,0.4733,0.5772,0.0,0.0911,0.1354,0.019,0.0686,0.0,5.3,140.0,24.1,982.0,5505.3,69.400002,-16.1175,TRIASSIC ROCKS (UNDIFFERENTIATED)
BS23,BS,17231.0,6,60.1,0.0,60.1,13.7,25.8,20.6,0.0,0.3322,0.4908,0.7159,0.0,0.1633,0.1876,0.0168,0.0614,0.0,5.3,142.0,25.9,958.0,5984.5,18.0,-17.893,TRIASSIC ROCKS (UNDIFFERENTIATED)
BS24,BS,10576.0,6,57.6,0.071199998,57.5,17.9,20.3,19.3,0.0,0.4029,0.3799,0.7456,0.0,0.1064,0.2474,0.0689,0.1953,0.0,4.8,140.0,25.6,919.0,5748.3,65.5,-17.6435,TRIASSIC ROCKS (UNDIFFERENTIATED)
BS25,BS,2408.0,2,34.1,0.0,34.1,11.4,16.8,5.9,0.0,0.2376,0.3037,0.4061,0.0,0.0304,0.0329,0.0384,0.0776,0.0,4.2,140.0,27.5,943.0,3407.5,27.8,-16.8142,TRIASSIC ROCKS (UNDIFFERENTIATED)
BS26,BS,2081.0,7,66.6,0.0,66.6,18.1,14.2,34.3,0.0,0.4024,0.2514,0.9794,0.0,0.2345,0.3907,0.0951,0.2141,0.0,4.2,140.0,25.1,894.0,6657.5,0.0,-21.5181,TRIASSIC ROCKS (UNDIFFERENTIATED)
BS27,BS,2997.0,8,80.5,14.4347,66.0,12.7,14.0,39.3,0.0,0.2781,0.2485,1.0,0.0,0.3076,0.3506,0.0604,0.1446,0.0,4.1,139.0,27.0,938.0,6603.5,333.70001,-22.1479,TRIASSIC ROCKS (UNDIFFERENTIATED)
BS28,BS,1464.0,9,92.2,0.0,92.2,22.7,11.5,58.0,0.0,0.4731,0.1903,1.0,0.0,0.4117,0.5155,0.1837,0.318,0.0,4.0,139.0,21.4,861.0,9224.0,31.4,-18.5696,TRIASSIC ROCKS (UNDIFFERENTIATED)
BS29,BS,846.0,3,43.1,0.0,43.1,15.2,18.1,9.9,0.0,0.3481,0.3315,0.5636,0.0,0.0349,0.0432,0.0977,0.2295,0.0,4.4,140.0,26.0,932.0,4312.4,18.200001,-16.0108,TRIASSIC ROCKS (UNDIFFERENTIATED)
BS3,BS,17533.0,6,57.6,0.0,57.6,12.2,16.2,29.2,0.0,0.27,0.2939,0.9567,0.0,0.1728,0.222,0.2078,0.359,0.0,4.1,140.0,24.6,900.0,5761.9,0.0,-21.3943,TRIASSIC ROCKS (UNDIFFERENTIATED)
BS30,BS,6994.0,4,45.8,1.0621001,44.8,17.7,15.2,11.9,0.0,0.389,0.2708,0.5646,0.0,0.0746,0.1006,0.0461,0.0928,0.0,4.1,140.0,23.6,880.0,4478.4,45.400002,-17.1314,LIAS GROUP
BS31,BS,5880.0,6,59.1,0.0,59.1,20.4,15.4,23.3,0.0,0.441,0.2771,0.7765,0.0,0.1774,0.209,0.044,0.093,0.0,4.1,140.0,22.4,900.0,5908.3,38.400002,-19.624,TRIASSIC ROCKS (UNDIFFERENTIATED)
BS32,BS,6005.0,5,54.4,0.0,54.4,17.8,16.4,20.1,0.0,0.3969,0.2986,0.7808,0.0,0.1175,0.1515,0.1326,0.2388,0.0,4.4,140.0,22.2,852.0,5435.3,19.9,-19.5151,TRIASSIC ROCKS (UNDIFFERENTIATED)
BS34,BS,8937.0,5,54.5,0.0,54.5,22.3,15.9,16.4,0.0,0.4725,0.2875,0.7244,0.0,0.0708,0.0854,0.1545,0.3109,0.0,4.3,140.0,23.5,859.0,5454.7,11.0,-14.8806,TRIASSIC ROCKS (UNDIFFERENTIATED)
BS35,BS,5794.0,8,80.6,1.2497,79.3,14.3,17.1,47.9,0.0,0.3382,0.3137,1.0,0.0,0.3532,0.5081,0.0619,0.1575,0.0,4.5,140.0,23.2,869.0,7932.6,122.6,-21.2503,TRIASSIC ROCKS (UNDIFFERENTIATED)
BS36,BS,3500.0,6,59.5,17.52,42.0,10.2,15.8,16.0,0.0,0.201,0.2861,0.6735,0.0,0.0933,0.1163,0.0911,0.1647,0.0,4.2,140.0,24.3,857.0,4202.7,334.60001,-17.4169,TRIASSIC ROCKS (UNDIFFERENTIATED)
BS37,BS,9733.0,4,45.5,0.0,45.5,16.4,16.4,12.7,0.0,0.3703,0.2976,0.6024,0.0,0.0664,0.0907,0.0795,0.1575,0.0,4.3,140.0,24.4,885.0,4547.1,11.2,-16.4563,LIAS GROUP
BS39,BS,3945.0,4,47.9,0.0,47.9,15.4,21.6,10.9,0.0,0.3599,0.4057,0.5372,0.0,0.0725,0.0825,0.0418,0.0737,0.0,4.5,139.0,31.7,982.0,4792.2,33.0,-16.8438,TRIASSIC ROCKS (UNDIFFERENTIATED)
BS4,BS,21398.0,7,74.6,27.5058,47.1,12.4,15.4,19.3,0.0,0.2674,0.2773,0.7621,0.0,0.1095,0.1415,0.1232,0.2534,0.0,4.0,140.0,25.4,893.0,4707.5,515.59998,-20.0242,LIAS GROUP
BS40,BS,3160.0,4,46.7,1.3618,45.3,11.8,23.0,10.6,0.0,0.2703,0.4328,0.5245,0.0,0.0743,0.083,0.0316,0.0616,0.0,4.8,140.0,30.4,1005.0,4532.7,88.800003,-17.1578,TRIASSIC ROCKS (UNDIFFERENTIATED)
BS41,BS,1574.0,3,43.3,0.0,43.3,18.2,20.3,4.8,0.0,0.3993,0.3746,0.3326,0.0,0.0202,0.0309,0.0232,0.0455,0.0,4.5,140.0,29.5,927.0,4326.2,3.6,-13.5912,LIAS GROUP
BS48,BS,5346.0,4,44.2,1.4066,42.8,11.1,17.4,14.2,0.0,0.2362,0.3197,0.623,0.0,0.0878,0.1163,0.0605,0.1255,0.0,4.3,140.0,25.6,916.0,4275.8,61.0,-17.2682,TRIASSIC ROCKS (UNDIFFERENTIATED)
BS49,BS,2830.0,10,144.3,85.9897,58.3,15.1,18.0,25.2,0.0,0.358,0.3318,0.8681,0.0,0.1553,0.2956,0.1097,0.2267,0.0,4.3,140.0,26.2,938.0,5833.3,1491.9,-22.6307,TRIASSIC ROCKS (UNDIFFERENTIATED)
BS5,BS,22999.0,3,43.0,5.3592,37.6,7.4,14.5,15.8,0.0,0.1108,0.2565,0.6982,0.0,0.0718,0.1101,0.1322,0.2415,0.0,4.0,140.0,24.4,872.0,3763.9,120.6,-19.2654,TRIASSIC ROCKS (UNDIFFERENTIATED)
BS6,BS,13265.0,4,48.0,5.3681002,42.7,17.9,15.7,9.1,0.0,0.3921,0.2821,0.5519,0.0,0.0183,0.0367,0.1149,0.2399,0.0,4.1,140.0,25.6,873.0,4265.6,121.0,-14.6123,TRIASSIC ROCKS (UNDIFFERENTIATED)
BS7,BS,16620.0,5,56.2,4.8934002,51.3,26.9,15.4,9.0,0.0,0.5349,0.2764,0.5324,0.0,0.0311,0.0446,0.0879,0.1928,0.0,4.1,140.0,24.6,866.0,5129.4,127.2,-9.4247,LIAS GROUP
BS8,BS,11983.0,1,30.9,0.064,30.8,7.6,17.3,5.9,0.0,0.1223,0.3146,0.4034,0.0,0.0303,0.0354,0.0391,0.0662,0.0,4.2,140.0,27.7,882.0,3079.7,28.8,-18.8484,TRIASSIC ROCKS (UNDIFFERENTIATED)
BS9,BS,12288.0,4,47.4,3.5381999,43.9,9.3,15.9,18.7,0.0,0.172,0.2882,0.7385,0.0,0.1111,0.123,0.1173,0.2084,0.0,4.2,140.0,23.7,875.0,4389.7,106.0,-19.5441,TRIASSIC ROCKS (UNDIFFERENTIATED)
CA1,CA,11637.0,6,60.1,0.0,60.1,6.4,18.6,35.1,0.0,0.0834,0.3448,1.0,0.0,0.2231,0.3747,0.1608,0.2417,0.0,4.3,150.0,19.5,886.0,6007.6,22.8,-22.5411,TRIASSIC ROCKS (UNDIFFERENTIATED)
CA10,CA,6338.0,5,51.1,0.79,50.3,6.1,31.6,12.6,0.0,0.0972,0.6015,0.582,0.0,0.0851,0.0989,0.0482,0.0853,0.0,4.6,155.0,36.7,1285.0,4907.4,63.599998,-16.3131,none (low-plasticity bedrock)
CA11,CA,10521.0,6,61.5,0.0,61.5,5.9,43.3,12.3,0.0,0.0984,0.8082,0.5784,0.0,0.0828,0.0952,0.0509,0.0852,0.0,5.2,153.0,50.1,1692.0,5657.0,47.400002,-14.0388,none (low-plasticity bedrock)
CA12,CA,3314.0,9,98.3,33.9846,64.3,6.0,41.8,16.6,0.0,0.1037,0.7829,0.6909,0.0,0.1162,0.13,0.0773,0.1262,0.0,4.7,151.0,70.1,2271.0,5990.4,648.59998,-15.3557,none (low-plasticity bedrock)
CA13,CA,7074.0,7,65.3,0.73049998,64.5,6.1,43.7,14.7,0.0,0.1076,0.8161,0.6349,0.0,0.108,0.1202,0.0499,0.0863,0.0,5.2,149.0,53.9,1715.0,5938.9,91.400002,-14.6789,none (low-plasticity bedrock)
CA14,CA,16759.0,10,116.8,55.784199,61.0,6.4,38.8,15.7,0.0,0.1176,0.731,0.6531,0.0,0.114,0.1311,0.0508,0.0917,0.0,5.8,147.0,35.2,1409.0,5764.0,998.40002,-14.9727,none (low-plasticity bedrock)
CA15,CA,7129.0,8,75.4,8.7771997,66.6,6.8,36.0,23.8,0.0,0.1353,0.6817,0.7914,0.0,0.1913,0.2212,0.0395,0.073,0.0,6.0,147.0,27.8,1155.0,6414.5,220.0,-18.9202,TRIASSIC ROCKS (UNDIFFERENTIATED)
CA16,CA,2915.0,3,39.1,0.0,39.1,6.5,20.6,12.0,0.0,0.0984,0.3853,0.5704,0.0,0.0786,0.09,0.0513,0.0907,0.0,3.9,156.0,29.8,1246.0,3910.7,30.200001,-19.7116,none (low-plasticity bedrock)
CA17,CA,2228.0,6,59.4,5.6612,53.8,6.3,37.2,10.2,0.0,0.1058,0.7014,0.5434,0.0,0.056,0.0682,0.0672,0.1201,0.0,4.6,160.0,37.2,1241.0,5088.7,151.7,-13.8514,none (low-plasticity bedrock)
CA18,CA,164.0,7,68.9,0.0,68.9,5.7,33.5,29.7,0.0,0.08,0.636,0.8877,0.0,0.2597,0.2752,0.0312,0.0577,0.0,4.9,147.0,50.4,1663.0,6715.0,43.200001,-22.0521,none (low-plasticity bedrock)
CA19,CA,515.0,6,57.4,0.0,57.4,5.8,34.7,17.0,0.0,0.08,0.6573,0.6779,0.0,0.1229,0.139,0.0563,0.0978,0.0,4.7,147.0,64.9,1975.0,5537.1,8.4,-16.1189,none (low-plasticity bedrock)
CA2,CA,18006.0,5,55.2,0.0,55.2,12.6,19.2,23.4,0.0,0.2915,0.3583,0.8218,0.0,0.1536,0.2337,0.1042,0.1652,0.0,4.3,150.0,19.0,898.0,5520.8,53.099998,-22.1609,TRIASSIC ROCKS (UNDIFFERENTIATED)
CA20,CA,1523.0,7,71.1,13.2306,57.8,5.8,37.9,14.2,0.0,0.0808,0.7138,0.6324,0.0,0.0966,0.1074,0.0625,0.119,0.0,5.1,147.0,57.7,1847.0,5475.4,263.0,-15.0942,none (low-plasticity bedrock)
CA21,CA,352.0,7,69.9,0.0,69.9,5.7,37.8,26.4,0.0,0.08,0.7148,0.8215,0.0,0.2298,0.2409,0.0167,0.0337,0.0,5.8,146.0,35.1,1659.0,6684.5,26.9,-20.3291,none (low-plasticity bedrock)
CA22,CA,3739.0,6,57.3,1.1569999,56.1,5.9,37.9,12.4,0.0,0.0909,0.7133,0.5602,0.0,0.0919,0.1035,0.0257,0.051,0.0,5.4,147.0,49.0,1699.0,5303.9,84.5,-15.5088,none (low-plasticity bedrock)
CA23,CA,757.0,7,66.8,0.0,66.8,5.9,48.1,12.8,0.0,0.1021,0.8913,0.6011,0.0,0.084,0.0891,0.0639,0.1146,0.0,5.6,149.0,71.0,1916.0,5991.3,61.700001,-13.2538,none (low-plasticity bedrock)
CA24,CA,469.0,5,52.8,0.0,52.8,6.1,39.5,7.2,0.0,0.1023,0.7408,0.4714,0.0,0.0335,0.0489,0.062,0.1034,0.0,5.6,147.0,38.7,1687.0,4924.1,31.9,-13.3992,none (low-plasticity bedrock)
CA25,CA,2790.0,7,72.1,4.5743999,67.5,6.0,39.6,21.9,0.0,0.1091,0.7454,0.7735,0.0,0.1667,0.1975,0.0609,0.1037,0.0,5.5,148.0,40.9,1710.0,6393.9,179.3,-17.7996,none (low-plasticity bedrock)
CA26,CA,1556.0,5,55.4,0.44909999,54.9,6.2,41.8,6.9,0.0,0.1039,0.7809,0.4437,0.0,0.0399,0.0484,0.0416,0.0717,0.0,5.4,148.0,49.5,1584.0,5052.0,66.300003,-13.2943,none (low-plasticity bedrock)
CA27,CA,649.0,6,59.7,0.18880001,59.5,5.7,38.9,14.9,0.0,0.08,0.731,0.6015,0.0,0.123,0.1357,0.007,0.0138,0.0,5.9,146.0,32.5,1701.0,5610.4,64.800003,-16.2211,none (low-plasticity bedrock)
CA28,CA,12674.0,5,55.6,0.0,55.6,6.3,39.6,9.7,0.0,0.1099,0.7429,0.5136,0.0,0.0657,0.0778,0.0384,0.0655,0.0,5.9,147.0,34.2,1528.0,5198.8,56.3,-14.0241,none (low-plasticity bedrock)
CA3,CA,7169.0,7,66.0,0.0,66.0,15.3,18.3,32.4,0.0,0.36,0.3395,0.9672,0.0,0.2253,0.3047,0.1403,0.2102,0.0,4.2,150.0,22.4,877.0,6600.5,15.4,-21.7649,TRIASSIC ROCKS (UNDIFFERENTIATED)
CA4,CA,4910.0,3,38.6,0.5855,38.0,6.5,19.3,12.2,0.0,0.0946,0.3569,0.5601,0.0,0.0885,0.1031,0.0301,0.0551,0.0,4.3,151.0,21.8,973.0,3798.7,41.099998,-20.79,TRIASSIC ROCKS (UNDIFFERENTIATED)
CA5,CA,6158.0,7,75.0,14.887,60.1,11.5,22.9,25.7,0.0,0.2694,0.4319,0.8207,0.0,0.2057,0.2478,0.0393,0.0716,0.0,4.5,150.0,22.0,942.0,6010.3,303.39999,-22.1413,TRIASSIC ROCKS (UNDIFFERENTIATED)
CA6,CA,5805.0,4,45.7,0.0,45.7,7.5,18.3,19.8,0.0,0.1239,0.339,0.7328,0.0,0.1356,0.1787,0.0654,0.1286,0.0,3.9,148.0,28.4,1034.0,4567.9,14.2,-20.436,TRIASSIC ROCKS (UNDIFFERENTIATED)
CA7,CA,7566.0,6,64.2,0.0,64.2,9.7,27.2,27.2,0.0,0.2257,0.5179,0.8539,0.0,0.2197,0.2656,0.0457,0.0875,0.0,4.8,148.0,25.9,1004.0,6380.3,27.6,-21.4747,TRIASSIC ROCKS (UNDIFFERENTIATED)
CA8,CA,4017.0,3,41.5,0.0,41.5,6.6,25.1,9.9,0.0,0.105,0.4755,0.5325,0.0,0.0536,0.0663,0.0634,0.1184,0.0,4.7,151.0,22.5,1116.0,4139.6,13.8,-16.7253,none (low-plasticity bedrock)
CA9,CA,978.0,6,61.9,1.0836999,60.9,6.3,46.7,7.9,0.0,0.1112,0.8658,0.5009,0.0,0.0294,0.0382,0.0844,0.1438,0.0,5.9,152.0,44.6,1427.0,5455.2,92.800003,-11.2533,none (low-plasticity bedrock)
CB1,CB,24357.0,1,29.9,0.2951,29.6,7.9,9.6,12.1,0.0,0.1136,0.1441,0.6393,0.0,0.0298,0.0395,0.1408,0.3526,0.0,4.3,137.0,11.8,568.0,2962.0,31.700001,-17.8307,GAULT FORMATION AND UPPER GREENSAND FORMATION (UNDIFFERENTIATED)
CB10,CB,6742.0,2,35.0,5.3017998,29.7,7.7,13.7,8.3,0.0,0.1186,0.2368,0.4862,0.0,0.0489,0.0568,0.0467,0.0932,0.0,4.7,139.0,13.6,623.0,2966.3,115.9,-19.8688,LAMBETH GROUP
CB11,CB,7332.0,1,29.0,0.0,29.0,6.6,14.9,7.5,0.0,0.082,0.2637,0.462,0.0,0.0441,0.0601,0.038,0.0822,0.0,4.8,139.0,14.6,641.0,2897.7,36.900002,-21.1866,LAMBETH GROUP
CB2,CB,14186.0,10,147.0,108.8106,38.2,12.6,10.1,15.4,0.0,0.2568,0.1571,0.67,0.0,0.0854,0.1166,0.0768,0.2356,0.0,4.4,137.0,12.5,568.0,3817.5,1875.0,-18.1476,GAULT FORMATION AND UPPER GREENSAND FORMATION (UNDIFFERENTIATED)
CB21,CB,3514.0,1,26.7,0.0,26.7,6.8,12.7,7.1,0.0,0.08,0.215,0.4435,0.0,0.0414,0.0512,0.0353,0.0778,0.0,4.6,139.0,14.0,607.0,2668.1,9.1,-21.6644,none (low-plasticity bedrock)
CB22,CB,5812.0,2,32.2,0.0,32.2,7.3,10.7,14.2,0.0,0.0953,0.1704,0.5965,0.0,0.097,0.1187,0.0274,0.0964,0.0,4.4,138.0,11.1,574.0,3220.1,6.0,-21.4227,GAULT FORMATION AND UPPER GREENSAND FORMATION (UNDIFFERENTIATED)
CB23,CB,8083.0,6,64.3,0.0,64.3,41.3,12.4,10.7,0.0,0.7368,0.2089,0.5639,0.0,0.0448,0.0586,0.0918,0.1734,0.0,4.8,136.0,13.1,590.0,6431.3,18.0,-4.7151,GAULT FORMATION AND UPPER GREENSAND FORMATION (UNDIFFERENTIATED)
CB24,CB,7389.0,10,105.5,0.0,105.5,51.4,10.3,43.7,0.0,0.8672,0.1627,1.0,0.0,0.2868,0.3509,0.1988,0.3448,0.0,4.5,135.0,11.1,566.0,10546.6,102.9,-11.0418,"WEST WALTON FORMATION, AMPTHILL CLAY FORMATION AND KIMMERIDGE CLAY FORMATION (UNDIFFERENTIATED)"
CB25,CB,4326.0,4,49.5,0.0,49.5,21.4,10.3,17.8,0.0,0.4458,0.1615,0.7346,0.0,0.0798,0.2052,0.1138,0.2244,0.0,4.4,137.0,11.0,566.0,4951.1,25.0,-16.6056,GAULT FORMATION AND UPPER GREENSAND FORMATION (UNDIFFERENTIATED)
CB3,CB,11929.0,8,83.2,0.0,83.2,47.6,10.6,24.9,0.0,0.8152,0.1698,0.8642,0.0,0.1495,0.2001,0.1487,0.2817,0.0,4.5,136.0,12.5,569.0,8315.0,66.800003,-9.9365,GAULT FORMATION AND UPPER GREENSAND FORMATION (UNDIFFERENTIATED)
CB4,CB,26211.0,9,95.2,14.539,80.7,52.2,10.3,18.2,0.0,0.8775,0.161,0.7637,0.0,0.0824,0.1114,0.1458,0.377,0.0,4.4,137.0,12.2,568.0,8067.4,310.10001,-7.0021,GAULT FORMATION AND UPPER GREENSAND FORMATION (UNDIFFERENTIATED)
CB5,CB,7903.0,3,42.0,1.5919,40.4,11.3,10.0,19.0,0.0,0.2149,0.1554,0.7191,0.0,0.1256,0.1525,0.0655,0.1735,0.0,4.4,137.0,12.0,568.0,4039.0,63.099998,-19.1505,GAULT FORMATION AND UPPER GREENSAND FORMATION (UNDIFFERENTIATED)
CB6,CB,16551.0,10,105.2,17.309799,87.9,52.3,9.7,25.9,0.0,0.8774,0.1484,0.9124,0.0,0.1217,0.2334,0.2158,0.3708,0.0,4.5,134.0,11.8,580.0,8788.6,374.0,-9.4352,"WEST WALTON FORMATION, AMPTHILL CLAY FORMATION AND KIMMERIDGE CLAY FORMATION (UNDIFFERENTIATED)"
CB7,CB,12107.0,8,82.4,19.5854,62.8,34.0,10.3,18.5,0.0,0.6307,0.1613,0.7735,0.0,0.0619,0.2214,0.158,0.2965,0.0,4.5,136.0,11.8,581.0,6283.0,398.20001,-9.9894,"WEST WALTON FORMATION, AMPTHILL CLAY FORMATION AND KIMMERIDGE CLAY FORMATION (UNDIFFERENTIATED)"
CB8,CB,15692.0,6,61.5,31.8374,29.6,6.7,13.6,7.3,2.0,0.08,0.2351,0.4672,1.0,0.0387,0.0465,0.0533,0.0979,0.0691,4.7,139.0,13.0,614.0,2963.1,565.90002,-18.3207,NEOGENE TO QUATERNARY ROCKS (UNDIFFERENTIATED)
CB9,CB,13498.0,2,32.6,0.0,32.6,6.6,14.3,11.6,0.0,0.08,0.253,0.5858,0.0,0.0509,0.061,0.1028,0.1667,0.0,4.8,140.0,14.2,623.0,3255.9,5.7,-19.0386,none (low-plasticity bedrock)
CF10,CF,3512.0,7,71.6,0.0,71.6,17.4,21.7,31.3,1.2,0.3983,0.4094,0.8892,0.8802,0.2651,0.3359,0.0027,0.0215,0.02,4.2,141.0,33.9,1145.0,7163.6,17.6,-21.1683,TRIASSIC ROCKS (UNDIFFERENTIATED)
CF11,CF,9731.0,8,79.7,9.2930002,70.4,18.3,21.1,29.8,1.2,0.4143,0.3977,0.9062,0.8802,0.1712,0.6146,0.0137,0.0671,0.02,4.1,141.0,37.7,1141.0,7043.7,213.89999,-20.7861,TRIASSIC ROCKS (UNDIFFERENTIATED)
CF14,CF,16395.0,3,38.6,0.0,38.6,8.0,22.6,6.8,1.2,0.1413,0.4244,0.4409,0.8802,0.0343,0.1013,0.0224,0.0631,0.02,4.0,141.0,43.5,1359.0,3864.2,16.0,-15.5228,TRIASSIC ROCKS (UNDIFFERENTIATED)
CF15,CF,4464.0,4,47.4,8.5368004,38.9,7.3,24.5,5.9,1.2,0.1212,0.4615,0.4133,0.8802,0.0337,0.0529,0.0337,0.0559,0.02,3.9,142.0,53.3,1451.0,3883.5,195.60001,-15.3541,LIAS GROUP
CF23,CF,11326.0,8,75.4,29.207001,46.2,8.2,22.3,14.5,1.2,0.1508,0.4191,0.6031,0.8802,0.1076,0.1514,0.0126,0.0531,0.02,4.1,141.0,39.8,1309.0,4618.0,539.29999,-16.9575,TRIASSIC ROCKS (UNDIFFERENTIATED)
CF24,CF,11263.0,10,362.0,292.43039,69.6,17.5,22.1,28.7,1.2,0.4,0.417,0.8555,0.8802,0.233,0.3269,0.0039,0.0508,0.02,4.3,141.0,35.1,1164.0,6955.4,5001.2002,-20.5516,TRIASSIC ROCKS (UNDIFFERENTIATED)
CF3,CF,20199.0,9,98.2,35.8251,62.4,8.9,22.7,29.5,1.2,0.1805,0.4289,0.8856,0.8802,0.21,0.4582,0.0137,0.0447,0.02,4.2,141.0,35.5,1246.0,6240.0,663.09998,-22.1014,TRIASSIC ROCKS (UNDIFFERENTIATED)
CF31,CF,19757.0,10,173.1,109.6965,63.4,21.3,29.7,11.2,1.2,0.4652,0.5655,0.5544,0.8802,0.0638,0.1503,0.034,0.0724,0.02,4.5,149.0,43.1,1523.0,6255.6,1926.8,-11.0111,LIAS GROUP
CF32,CF,13757.0,5,54.4,3.4995,50.9,8.3,32.7,8.7,1.2,0.17,0.6204,0.4762,0.8802,0.0613,0.0717,0.0284,0.0381,0.02,4.6,151.0,49.1,1551.0,4939.5,104.1,-13.0057,LIAS GROUP
CF33,CF,6517.0,4,49.4,0.0,49.4,8.6,32.9,6.7,1.2,0.1795,0.6231,0.4406,0.8802,0.0373,0.0462,0.047,0.0656,0.02,4.8,152.0,42.7,1502.0,4781.8,7.6,-12.2823,TRIASSIC ROCKS (UNDIFFERENTIATED)
CF34,CF,8727.0,5,50.6,0.0,50.6,6.7,36.9,5.8,1.2,0.12,0.6946,0.4127,0.8802,0.0277,0.0376,0.0499,0.0619,0.02,4.5,152.0,71.5,1796.0,4788.0,8.3,-12.1239,none (low-plasticity bedrock)
CF35,CF,7508.0,5,50.3,0.98900002,49.3,8.8,30.0,9.3,1.2,0.1837,0.5703,0.4898,0.8802,0.0631,0.0834,0.0283,0.0415,0.02,4.3,147.0,51.5,1688.0,4842.4,76.199997,-13.1177,LIAS GROUP
CF36,CF,7328.0,6,61.6,0.0,61.6,5.8,38.6,15.9,1.3,0.0886,0.727,0.623,0.8802,0.1336,0.1517,0.0025,0.0112,0.02,5.8,152.0,32.3,1514.0,5831.0,5.5,-15.276,none (low-plasticity bedrock)
CF37,CF,16981.0,4,49.5,0.0,49.5,6.8,33.6,7.9,1.2,0.12,0.6358,0.4725,0.8802,0.0448,0.0714,0.0443,0.0646,0.02,4.2,144.0,63.2,1712.0,4772.2,36.200001,-12.916,none (low-plasticity bedrock)
CF38,CF,9259.0,4,43.7,0.0,43.7,7.0,28.5,7.1,1.2,0.12,0.542,0.4549,0.8802,0.0384,0.0502,0.0463,0.0868,0.02,4.1,143.0,55.5,1647.0,4318.7,9.8,-13.6045,none (low-plasticity bedrock)
CF39,CF,12764.0,5,54.4,0.0,54.4,6.7,41.1,5.4,1.3,0.12,0.7683,0.4098,0.8802,0.0201,0.029,0.0604,0.0765,0.02,4.8,147.0,75.4,1901.0,5025.5,23.700001,-10.9589,none (low-plasticity bedrock)
CF40,CF,8477.0,5,55.8,0.0,55.8,6.6,41.6,6.3,1.3,0.12,0.7774,0.4581,0.8802,0.0146,0.0178,0.0941,0.1233,0.02,4.9,147.0,74.2,1984.0,5147.6,55.700001,-9.8631,none (low-plasticity bedrock)
CF41,CF,4827.0,7,68.8,8.8388996,59.9,6.5,41.3,10.8,1.3,0.12,0.7742,0.5844,0.8802,0.0417,0.066,0.1223,0.1417,0.02,4.8,147.0,78.9,2218.0,5570.7,213.3,-10.9567,none (low-plasticity bedrock)
CF42,CF,5913.0,6,59.6,0.0,59.6,6.6,45.0,6.8,1.3,0.12,0.8367,0.4727,0.8802,0.0166,0.0273,0.0958,0.1251,0.02,5.2,149.0,88.1,2469.0,5399.7,16.0,-9.4698,none (low-plasticity bedrock)
CF43,CF,5221.0,5,52.2,0.0,52.2,6.7,39.8,4.4,1.2,0.12,0.7463,0.3428,0.8802,0.0142,0.0206,0.0416,0.0544,0.02,4.6,147.0,77.4,2107.0,4854.2,40.599998,-10.0976,none (low-plasticity bedrock)
CF44,CF,18057.0,5,53.4,0.0,53.4,6.5,38.8,6.8,1.3,0.1123,0.7298,0.4677,0.8802,0.0237,0.0339,0.0821,0.1086,0.02,4.5,148.0,62.2,1972.0,5002.2,23.3,-10.9364,none (low-plasticity bedrock)
CF45,CF,8505.0,7,72.8,23.3036,49.4,6.7,35.8,5.7,1.2,0.12,0.675,0.388,0.8802,0.0357,0.0476,0.0227,0.0387,0.02,4.2,145.0,69.4,1913.0,4706.3,451.39999,-13.0419,none (low-plasticity bedrock)
CF46,CF,6359.0,6,57.5,9.5733995,48.0,6.8,34.4,5.5,1.2,0.12,0.6498,0.405,0.8802,0.0287,0.0386,0.0431,0.0602,0.02,4.1,144.0,60.8,1844.0,4596.5,200.60001,-12.9376,none (low-plasticity bedrock)
CF47,CF,9445.0,6,61.3,5.0577002,56.3,6.6,36.6,11.8,1.3,0.1199,0.6915,0.5784,0.8802,0.0676,0.1041,0.0635,0.1084,0.02,4.5,146.0,50.7,1793.0,5363.4,142.39999,-12.8532,none (low-plasticity bedrock)
CF48,CF,12033.0,6,56.8,0.0,56.8,6.0,39.7,9.8,1.3,0.1017,0.7459,0.5395,0.8802,0.0455,0.0537,0.0908,0.1152,0.02,4.8,146.0,55.0,1778.0,5314.8,55.0,-11.4877,none (low-plasticity bedrock)
CF5,CF,29185.0,4,44.1,0.0,44.1,12.3,22.9,7.8,1.2,0.2833,0.4297,0.4548,0.8802,0.052,0.0803,0.0208,0.0449,0.02,4.2,142.0,38.9,1231.0,4414.7,53.3,-15.6809,TRIASSIC ROCKS (UNDIFFERENTIATED)
CF61,CF,2528.0,7,71.8,0.0,71.8,26.8,34.5,9.2,1.2,0.55,0.653,0.4754,0.8802,0.0798,0.0822,0.0018,0.0055,0.02,6.2,146.0,32.3,1273.0,6971.6,8.7,-8.0723,LIAS GROUP
CF62,CF,10944.0,10,107.5,38.466301,69.0,26.5,27.5,13.8,1.2,0.5388,0.5237,0.5807,0.8802,0.1122,0.1155,0.013,0.0243,0.02,5.1,144.0,29.9,1203.0,6857.9,713.40002,-9.6773,LIAS GROUP
CF63,CF,5923.0,8,78.6,5.6739001,72.9,15.9,26.0,29.8,1.3,0.3747,0.4951,0.9157,0.8802,0.2244,0.335,0.0655,0.1536,0.02,5.0,142.0,28.7,1203.0,7268.8,139.8,-19.4979,TRIASSIC ROCKS (UNDIFFERENTIATED)
CF64,CF,9113.0,6,59.7,0.0,59.7,14.5,25.6,18.4,1.2,0.3471,0.4858,0.6717,0.8802,0.1449,0.1628,0.0198,0.0374,0.02,4.8,142.0,28.7,1145.0,5951.8,10.5,-15.4461,TRIASSIC ROCKS (UNDIFFERENTIATED)
CF71,CF,2705.0,6,57.1,2.4061,54.7,16.9,28.7,7.8,1.2,0.3941,0.5457,0.4506,0.8802,0.0619,0.0734,0.0116,0.0251,0.02,4.7,145.0,39.8,1272.0,5402.3,80.400002,-13.8798,LIAS GROUP
CF72,CF,7244.0,4,48.9,1.2477,47.6,7.3,28.0,11.0,1.2,0.1321,0.5334,0.5438,0.8802,0.0725,0.097,0.0427,0.0639,0.02,4.2,144.0,55.2,1568.0,4711.1,73.300003,-14.427,TRIASSIC ROCKS (UNDIFFERENTIATED)
CF81,CF,3616.0,5,51.4,0.0,51.4,6.7,38.6,4.9,1.2,0.12,0.7243,0.3562,0.8802,0.0231,0.0289,0.033,0.0447,0.02,4.7,144.0,60.2,1708.0,4816.5,31.200001,-10.9898,none (low-plasticity bedrock)
CF82,CF,4961.0,4,47.0,1.2424999,45.7,6.9,30.1,7.5,1.2,0.12,0.5715,0.467,0.8802,0.0352,0.0705,0.0542,0.0718,0.02,4.2,142.0,52.7,1610.0,4481.2,70.0,-13.0577,none (low-plasticity bedrock)
CF83,CF,13090.0,4,44.0,3.177,40.8,7.1,25.4,7.2,1.2,0.1173,0.4807,0.4401,0.8802,0.0487,0.0695,0.0217,0.0446,0.02,4.1,141.0,49.7,1428.0,4075.0,90.300003,-15.6834,none (low-plasticity bedrock)
CH1,CH,14791.0,3,40.8,0.0,40.8,6.9,10.3,23.6,0.0,0.08,0.1632,0.8146,0.0,0.1386,0.3158,0.0765,0.1583,0.0,4.2,140.0,15.8,753.0,4082.1,0.0,-25.3908,none (low-plasticity bedrock)
CH2,CH,14649.0,8,82.2,21.8465,60.4,6.8,10.7,42.9,0.0,0.08,0.1729,1.0,0.0,0.3211,0.343,0.0936,0.1973,0.0,4.2,139.0,16.1,757.0,6039.7,433.79999,-22.5999,none (low-plasticity bedrock)
CH3,CH,15474.0,2,33.0,0.0,33.0,7.2,8.5,17.2,0.0,0.0848,0.1167,0.6914,0.0,0.103,0.1148,0.097,0.1605,0.0,4.0,138.0,13.6,736.0,3297.3,0.0,-21.4279,TRIASSIC ROCKS (UNDIFFERENTIATED)
CH4,CH,15063.0,3,42.0,0.0,42.0,7.0,10.4,24.6,0.0,0.0891,0.1652,0.8345,0.0,0.16,0.2271,0.1065,0.1885,0.0,4.1,141.0,16.1,771.0,4202.5,1.5,-25.4109,none (low-plasticity bedrock)
CH41,CH,4927.0,10,109.6,43.228001,66.4,6.6,14.9,44.9,0.0,0.08,0.2675,1.0,0.0,0.3395,0.3395,0.11,0.2599,0.0,4.5,142.0,18.0,800.0,6638.1,782.90002,-22.2109,none (low-plasticity bedrock)
CH42,CH,7335.0,4,44.5,0.0,44.5,6.6,14.6,23.3,0.0,0.08,0.2598,0.8009,0.0,0.1744,0.1817,0.0696,0.1701,0.0,4.5,142.0,18.3,799.0,4452.7,6.5,-24.673,none (low-plasticity bedrock)
CH43,CH,8388.0,1,30.8,0.0,30.8,6.7,16.9,7.2,0.0,0.0916,0.3078,0.4803,0.0,0.0244,0.0283,0.0707,0.1773,0.0,4.7,142.0,17.6,797.0,3079.8,0.0,-18.2107,TRIASSIC ROCKS (UNDIFFERENTIATED)
CH44,CH,6268.0,6,56.4,0.0,56.4,6.5,16.7,33.2,0.0,0.08,0.3052,0.9531,0.0,0.2639,0.2785,0.075,0.1915,0.0,4.8,142.0,18.3,797.0,5638.6,33.400002,-24.2532,none (low-plasticity bedrock)
CH45,CH,6746.0,5,55.1,0.0,55.1,6.5,18.8,29.8,0.0,0.0933,0.35,0.8732,0.0,0.2566,0.2569,0.0226,0.0678,0.0,5.0,142.0,18.2,820.0,5513.8,0.0,-25.4185,TRIASSIC ROCKS (UNDIFFERENTIATED)
CH46,CH,5745.0,7,71.4,0.0,71.4,14.3,19.4,37.7,0.0,0.3426,0.3615,0.9936,0.0,0.3034,0.3489,0.0513,0.1386,0.0,5.1,142.0,14.9,800.0,7140.3,21.0,-22.0433,TRIASSIC ROCKS (UNDIFFERENTIATED)
CH47,CH,2113.0,6,63.2,2.3405001,60.9,6.2,20.7,34.0,0.0,0.08,0.3887,0.9324,0.0,0.3001,0.314,0.0142,0.0388,0.0,5.3,143.0,15.1,805.0,6089.5,89.400002,-25.0481,none (low-plasticity bedrock)
CH48,CH,3506.0,5,54.5,0.0,54.5,6.1,22.0,26.4,0.0,0.0811,0.414,0.8102,0.0,0.226,0.2335,0.013,0.0313,0.0,5.4,145.0,14.8,797.0,5452.1,34.099998,-23.8311,TRIASSIC ROCKS (UNDIFFERENTIATED)
CH49,CH,6541.0,3,41.7,2.2042,39.5,14.0,18.3,7.3,0.0,0.3165,0.3356,0.4865,0.0,0.0192,0.026,0.0818,0.1883,0.0,4.9,143.0,16.3,795.0,3948.9,53.0,-15.046,TRIASSIC ROCKS (UNDIFFERENTIATED)
CH5,CH,17960.0,10,146.8,98.955902,47.9,7.5,12.7,26.6,1.1,0.1117,0.2186,0.8385,0.8802,0.1728,0.4121,0.0302,0.0611,0.02,4.4,142.0,15.3,786.0,4785.3,1699.5,-24.3991,none (low-plasticity bedrock)
CH6,CH,7499.0,9,92.8,0.0,92.8,7.0,20.8,63.7,1.2,0.12,0.3907,1.0,0.8802,0.5317,0.5435,0.0343,0.0554,0.02,5.3,144.0,17.2,819.0,9275.1,77.199997,-20.2033,none (low-plasticity bedrock)
CH60,CH,2810.0,9,95.5,0.0,95.5,6.4,18.5,70.7,0.0,0.0824,0.3429,1.0,0.0,0.5847,0.5903,0.0487,0.1296,0.0,5.2,144.0,13.9,784.0,9552.8,46.599998,-20.9625,TRIASSIC ROCKS (UNDIFFERENTIATED)
CH61,CH,3743.0,6,58.0,0.0,58.0,9.1,18.5,30.4,0.0,0.1746,0.3436,0.9,0.0,0.2518,0.2603,0.0514,0.1147,0.0,5.1,143.0,16.2,784.0,5800.6,8.6,-23.6735,TRIASSIC ROCKS (UNDIFFERENTIATED)
CH62,CH,6769.0,8,76.6,0.0,76.6,6.6,13.8,56.2,0.0,0.08,0.2431,1.0,0.0,0.4553,0.4668,0.0605,0.1414,0.0,4.5,141.0,17.4,796.0,7663.0,4.3,-22.6494,none (low-plasticity bedrock)
CH63,CH,6439.0,1,30.4,0.0,30.4,6.6,14.4,9.4,0.0,0.08,0.2534,0.5254,0.0,0.0459,0.0604,0.0673,0.1366,0.0,4.6,142.0,17.4,780.0,3041.2,11.5,-20.1416,none (low-plasticity bedrock)
CH64,CH,4402.0,7,71.6,2.6873,68.9,6.6,15.6,46.7,0.0,0.0886,0.2826,1.0,0.0,0.3693,0.3918,0.0587,0.1464,0.0,4.9,142.0,15.6,761.0,6894.0,101.3,-22.3412,none (low-plasticity bedrock)
CH65,CH,6925.0,9,88.6,0.89179999,87.7,6.7,12.6,68.4,0.0,0.08,0.2156,1.0,0.0,0.5578,0.5835,0.0663,0.1731,0.0,4.5,139.0,15.8,763.0,8770.9,105.8,-22.2199,none (low-plasticity bedrock)
CH66,CH,8203.0,1,30.5,0.0,30.5,6.7,12.6,11.2,0.0,0.08,0.2137,0.5902,0.0,0.0384,0.0497,0.1126,0.2307,0.0,4.4,141.0,16.1,760.0,3053.1,0.0,-18.8559,none (low-plasticity bedrock)
CH7,CH,22435.0,3,42.8,8.1215,34.7,7.2,19.6,6.7,1.1,0.116,0.3642,0.4245,0.8802,0.042,0.0501,0.0306,0.051,0.02,4.9,145.0,20.8,909.0,3467.7,164.0,-17.2075,none (low-plasticity bedrock)
CH8,CH,8892.0,6,61.4,0.0,61.4,6.7,24.0,29.5,1.2,0.1131,0.4552,0.871,0.8802,0.2512,0.287,0.0225,0.0355,0.02,5.6,146.0,14.4,825.0,6139.7,0.0,-22.6098,none (low-plasticity bedrock)
CM0,CM,7643.0,10,118.3,0.0,118.3,61.5,15.8,41.0,0.0,1.0,0.2875,1.0,0.0,0.3229,0.4013,0.0422,0.1054,0.0,5.1,138.0,10.8,550.0,11830.3,11.3,-11.4787,THAMES GROUP
CM1,CM,29306.0,10,145.6,59.023102,86.5,61.3,12.4,12.9,0.0,0.9991,0.2097,0.5946,0.0,0.0716,0.0864,0.0731,0.1348,0.0,4.6,139.0,12.4,584.0,8654.3,1072.0,-6.1598,THAMES GROUP
CM11,CM,7312.0,9,88.3,0.0,88.3,60.3,11.4,16.6,0.0,0.9858,0.1875,0.7346,0.0,0.0639,0.0881,0.1739,0.3187,0.0,4.5,138.0,12.7,598.0,8829.4,45.0,-7.2478,THAMES GROUP
CM12,CM,8831.0,9,87.0,0.0,87.0,60.4,11.8,14.8,0.0,0.9875,0.1959,0.6955,0.0,0.0554,0.073,0.1478,0.3294,0.0,4.5,138.0,14.5,599.0,8702.6,52.200001,-6.2075,THAMES GROUP
CM13,CM,10610.0,9,88.5,0.0,88.5,60.5,11.1,16.9,0.0,0.9873,0.1797,0.7269,0.0,0.0765,0.1044,0.1535,0.263,0.0,4.4,139.0,13.0,601.0,8848.6,14.0,-7.3328,THAMES GROUP
CM14,CM,9348.0,8,76.8,0.0,76.8,58.1,11.5,7.1,0.0,0.9557,0.1875,0.4841,0.0,0.0218,0.0316,0.0869,0.1451,0.0,4.3,140.0,13.5,622.0,7677.1,45.400002,-4.1953,THAMES GROUP
CM15,CM,9753.0,9,91.8,8.8234997,83.0,58.8,12.6,11.6,0.0,0.968,0.2128,0.5864,0.0,0.048,0.0667,0.1036,0.1706,0.0,4.5,139.0,13.9,621.0,8301.3,236.0,-5.251,THAMES GROUP
CM16,CM,9897.0,10,103.7,20.624701,83.1,61.4,11.5,10.2,0.0,0.9969,0.1888,0.5558,0.0,0.0383,0.0585,0.0954,0.1727,0.0,4.3,139.0,15.6,647.0,8309.2,413.60001,-5.2091,THAMES GROUP
CM17,CM,10658.0,9,91.4,11.1931,80.2,57.7,12.3,10.2,0.0,0.9518,0.2066,0.5612,0.0,0.036,0.0432,0.1063,0.1917,0.0,4.5,139.0,14.2,635.0,8018.3,259.39999,-4.7429,THAMES GROUP
CM18,CM,10453.0,8,83.7,0.0,83.7,61.5,11.7,10.5,0.0,1.0,0.1936,0.5929,0.0,0.0195,0.028,0.1336,0.306,0.0,4.4,139.0,14.9,636.0,8367.6,0.0,-4.5725,THAMES GROUP
CM19,CM,8682.0,9,93.0,1.8163,91.2,57.3,10.4,23.5,0.0,0.9427,0.1642,0.8395,0.0,0.1374,0.1812,0.1464,0.2786,0.0,4.2,139.0,14.4,640.0,9118.7,98.099998,-9.7668,THAMES GROUP
CM2,CM,24761.0,9,98.3,5.9407001,92.4,61.0,12.1,19.2,0.0,0.9944,0.2039,0.7332,0.0,0.1221,0.1458,0.0888,0.182,0.0,4.5,138.0,13.8,588.0,9235.9,192.5,-8.2228,THAMES GROUP
CM20,CM,10143.0,10,105.7,6.243,99.4,60.6,10.9,27.9,0.0,0.9884,0.1768,0.9275,0.0,0.1695,0.1842,0.2015,0.3242,0.0,4.3,139.0,11.8,635.0,9944.5,213.0,-10.5499,THAMES GROUP
CM21,CM,4659.0,7,74.0,0.0,74.0,48.0,12.0,14.0,0.0,0.8254,0.2005,0.6058,0.0,0.0854,0.1168,0.0537,0.1063,0.0,4.4,139.0,14.4,638.0,7397.3,0.0,-5.2275,THAMES GROUP
CM22,CM,6097.0,8,82.4,6.6297002,75.8,54.4,12.6,8.7,0.0,0.9074,0.2142,0.5095,0.0,0.0451,0.058,0.0634,0.1164,0.0,4.5,139.0,13.8,627.0,7580.7,186.10001,-4.3869,THAMES GROUP
CM23,CM,17712.0,10,159.5,107.7284,51.8,27.3,13.0,11.4,0.0,0.5378,0.2233,0.5673,0.0,0.0587,0.0909,0.0686,0.1287,0.0,4.5,139.0,14.1,649.0,5175.4,1856.2,-10.5112,LAMBETH GROUP
CM24,CM,3700.0,7,69.1,0.0,69.1,47.3,12.4,9.4,0.0,0.819,0.2091,0.53,0.0,0.039,0.0676,0.0743,0.1496,0.0,4.4,139.0,13.9,638.0,6915.0,20.5,-4.1385,THAMES GROUP
CM3,CM,23043.0,9,96.3,6.7547998,89.5,61.5,10.4,17.6,0.0,0.9993,0.1627,0.6996,0.0,0.1087,0.1282,0.0891,0.1607,0.0,4.3,138.0,11.8,581.0,8952.6,209.60001,-7.3975,THAMES GROUP
CM4,CM,4331.0,9,87.3,3.0962999,84.2,59.7,12.6,11.9,0.0,0.9798,0.2143,0.5937,0.0,0.0504,0.0627,0.1071,0.1758,0.0,4.5,139.0,14.2,607.0,8417.4,125.4,-5.3792,THAMES GROUP
CM5,CM,4920.0,9,90.8,3.6276,87.2,61.3,12.9,13.0,0.0,1.0,0.2217,0.5997,0.0,0.0723,0.0826,0.079,0.1351,0.0,4.6,139.0,13.6,623.0,8719.4,154.89999,-6.1599,THAMES GROUP
CM6,CM,11811.0,8,82.6,0.0,82.6,58.7,13.3,10.6,0.0,0.9679,0.2286,0.5475,0.0,0.0575,0.069,0.0676,0.1204,0.0,4.6,139.0,13.1,614.0,8258.7,21.700001,-6.0137,THAMES GROUP
CM7,CM,24017.0,7,70.6,0.0,70.6,48.0,13.9,8.7,0.0,0.8303,0.2418,0.5033,0.0,0.0502,0.0618,0.0525,0.1022,0.0,4.7,140.0,13.5,617.0,7063.5,37.5,-4.7033,THAMES GROUP
CM77,CM,3806.0,9,88.1,4.2263999,83.8,61.3,13.0,9.5,0.0,1.0,0.2225,0.5246,0.0,0.0484,0.0566,0.069,0.1232,0.0,4.6,139.0,12.7,607.0,8382.6,147.5,-5.8089,THAMES GROUP
CM8,CM,14793.0,9,86.9,0.0,86.9,61.2,11.5,14.3,0.0,0.9965,0.1902,0.6256,0.0,0.0822,0.1053,0.0734,0.1412,0.0,4.5,139.0,12.7,583.0,8693.9,38.0,-6.3781,THAMES GROUP
CM9,CM,15043.0,10,114.4,2.224,112.2,61.5,11.8,38.9,0.0,1.0,0.1968,1.0,0.0,0.2903,0.3415,0.0886,0.1747,0.0,4.6,138.0,11.0,560.0,11216.4,147.89999,-11.5403,THAMES GROUP
CO1,CO,8373.0,10,102.9,3.5030999,99.4,61.5,11.3,26.6,0.0,1.0,0.1846,0.8557,0.0,0.1862,0.2617,0.062,0.2197,0.0,4.4,139.0,13.6,580.0,9936.0,184.5,-11.4163,THAMES GROUP
CO10,CO,21752.0,4,47.0,1.1964999,45.8,21.9,13.1,10.8,0.0,0.461,0.2245,0.5393,0.0,0.0664,0.0767,0.0501,0.0945,0.0,4.6,141.0,12.7,611.0,4582.2,61.099998,-14.9204,NEOGENE TO QUATERNARY ROCKS (UNDIFFERENTIATED)
CO11,CO,6130.0,10,103.2,10.2001,93.0,59.8,13.1,20.0,0.0,0.9808,0.2265,0.7047,0.0,0.1544,0.1714,0.0251,0.0699,0.0,4.7,139.0,12.7,581.0,9296.1,259.89999,-8.5185,THAMES GROUP
CO12,CO,10391.0,10,110.3,4.3353,105.9,60.9,16.0,29.1,0.0,0.9928,0.2902,0.8822,0.0,0.2299,0.2764,0.0521,0.1184,0.0,5.1,138.0,12.3,581.0,10594.3,181.3,-11.527,THAMES GROUP
CO13,CO,6170.0,10,114.6,0.2446,114.4,61.4,17.5,35.5,0.0,1.0,0.3224,0.9656,0.0,0.2905,0.3122,0.0564,0.1158,0.0,5.4,138.0,11.9,565.0,11438.5,87.300003,-11.1785,THAMES GROUP
CO14,CO,3435.0,10,159.2,51.806,107.4,59.3,19.6,28.6,0.0,0.9777,0.3651,0.8533,0.0,0.2402,0.2759,0.0172,0.0507,0.0,5.6,138.0,11.5,571.0,10737.4,992.79999,-11.2397,THAMES GROUP
CO15,CO,21052.0,9,97.1,3.3206,93.8,61.2,17.2,15.3,0.0,1.0,0.3156,0.6236,0.0,0.1058,0.1545,0.0261,0.0769,0.0,5.2,138.0,11.6,568.0,9376.4,136.39999,-6.6208,THAMES GROUP
CO16,CO,11912.0,9,95.1,0.0,95.1,61.2,14.9,19.0,0.0,0.9979,0.2666,0.7016,0.0,0.1304,0.1851,0.0439,0.0998,0.0,4.9,138.0,12.3,566.0,9511.1,77.5,-7.589,THAMES GROUP
CO2,CO,16269.0,8,82.0,0.0,82.0,61.6,11.5,8.8,0.0,1.0,0.1889,0.5092,0.0,0.0525,0.0629,0.0476,0.1177,0.0,4.5,139.0,12.4,579.0,8203.5,15.3,-5.9532,THAMES GROUP
CO3,CO,14038.0,9,86.4,0.0,86.4,61.6,11.3,13.5,0.0,1.0,0.1841,0.589,0.0,0.0891,0.0965,0.0371,0.1227,0.0,4.4,139.0,12.2,582.0,8637.0,0.0,-6.5333,THAMES GROUP
CO4,CO,21017.0,10,105.7,20.619101,85.1,61.5,11.9,11.6,0.0,1.0,0.1976,0.5457,0.0,0.0822,0.0903,0.0241,0.0873,0.0,4.5,139.0,13.4,584.0,8508.0,429.79999,-6.8051,THAMES GROUP
CO5,CO,12414.0,10,188.3,83.483498,104.9,61.3,13.1,30.5,0.0,0.9982,0.2274,0.9053,0.0,0.2372,0.2704,0.0699,0.1382,0.0,4.7,139.0,11.2,567.0,10486.0,1489.2,-11.9756,THAMES GROUP
CO6,CO,12601.0,9,90.5,6.8383999,83.7,58.8,12.4,12.5,0.0,0.9674,0.209,0.5674,0.0,0.0825,0.098,0.0399,0.0844,0.0,4.6,140.0,12.1,591.0,8368.8,201.7,-6.6736,THAMES GROUP
CO7,CO,15214.0,9,87.5,0.0,87.5,58.2,12.2,17.1,0.0,0.9582,0.2057,0.6523,0.0,0.1237,0.1543,0.0253,0.0789,0.0,4.6,139.0,13.8,582.0,8746.8,63.099998,-7.1647,THAMES GROUP
CO8,CO,965.0,10,106.4,23.1486,83.3,54.7,12.8,15.8,0.0,0.9114,0.219,0.6216,0.0,0.1149,0.1318,0.0267,0.0616,0.0,4.6,140.0,13.0,596.0,8328.5,463.5,-6.3228,THAMES GROUP
CO9,CO,11935.0,6,57.6,0.0,57.6,34.5,13.3,9.8,0.0,0.6405,0.2299,0.5172,0.0,0.0616,0.0734,0.0442,0.0845,0.0,4.6,140.0,13.1,613.0,5760.6,20.700001,-7.0385,THAMES GROUP
CR0,CR,56058.0,6,62.1,4.6712999,57.5,33.5,13.8,7.6,2.7,0.6253,0.2392,0.5056,1.0,0.0182,0.0253,0.0922,0.2092,0.098,4.2,142.0,19.2,746.0,5747.8,129.10001,-3.1717,THAMES GROUP
CR2,CR,25676.0,2,33.4,0.0,33.4,9.2,14.4,5.6,4.1,0.1603,0.2527,0.4049,1.0,0.0211,0.0241,0.049,0.1043,0.1709,4.2,142.0,22.0,762.0,3337.4,10.5,-11.1487,LAMBETH GROUP
CR3,CR,19532.0,2,36.2,5.3752999,30.8,6.8,17.7,3.1,3.2,0.0918,0.3213,0.2511,1.0,0.0022,0.008,0.0235,0.0576,0.1235,4.4,144.0,25.3,782.0,3080.5,124.2,-12.9919,GAULT FORMATION AND UPPER GREENSAND FORMATION (UNDIFFERENTIATED)
CR4,CR,31383.0,10,229.8,141.73129,88.0,61.9,9.4,16.7,0.0,1.0,0.1395,0.7571,0.0,0.0499,0.0871,0.1977,0.4002,0.0,3.9,141.0,13.7,673.0,8804.0,2451.8,-7.097,THAMES GROUP
CR5,CR,7151.0,1,30.1,0.0,30.1,6.5,17.3,3.5,2.7,0.08,0.3137,0.2846,1.0,0.0,0.0,0.0379,0.0823,0.1065,4.5,144.0,23.1,764.0,3012.1,0.0,-12.5544,none (low-plasticity bedrock)
CR6,CR,2625.0,1,27.6,0.0,27.6,6.6,18.5,2.5,0.0,0.08,0.336,0.1944,0.0,0.0,0.0,0.0167,0.0415,0.0,4.6,144.0,23.0,773.0,2760.1,20.5,-17.687,none (low-plasticity bedrock)
CR7,CR,9457.0,8,80.9,0.0,80.9,60.3,9.7,10.9,0.0,0.9795,0.1451,0.6222,0.0,0.0044,0.0504,0.1602,0.3512,0.0,3.9,141.0,14.7,676.0,8091.4,34.8,-3.7431,THAMES GROUP
CR8,CR,7932.0,3,40.5,0.0,40.5,6.6,15.3,9.1,9.5,0.08,0.2739,0.512,1.0,0.0477,0.0527,0.0639,0.1169,0.3974,4.3,142.0,22.7,761.0,4050.0,0.0,-6.1894,none (low-plasticity bedrock)
CT1,CT,12132.0,9,94.7,29.9979,64.7,16.2,15.1,16.7,16.6,0.3673,0.2708,0.6841,1.0,0.1003,0.1383,0.0756,0.1744,0.6692,4.6,141.0,16.8,703.0,6470.7,593.59998,-3.6917,THANET SAND FORMATION
CT10,CT,11202.0,2,33.0,0.0,33.0,8.6,16.7,7.7,0.0,0.1467,0.3022,0.4498,0.0,0.0568,0.0579,0.02,0.0491,0.0,5.0,139.0,13.7,684.0,3300.7,22.6,-19.0169,THANET SAND FORMATION
CT11,CT,13585.0,7,69.4,27.2586,42.1,7.4,17.4,15.6,1.7,0.1184,0.3194,0.6139,1.0,0.1228,0.1252,0.0166,0.0399,0.0429,5.0,140.0,16.0,679.0,4211.9,501.79999,-17.7695,THANET SAND FORMATION
CT12,CT,8081.0,6,57.7,3.7228,54.0,15.9,16.4,16.9,4.9,0.3663,0.2981,0.6729,1.0,0.114,0.1351,0.0551,0.1364,0.2193,5.0,140.0,15.3,644.0,5400.6,127.5,-14.0099,THANET SAND FORMATION
CT13,CT,3899.0,9,86.7,0.0,86.7,21.3,18.3,30.3,16.7,0.4626,0.339,0.8993,1.0,0.2445,0.2913,0.0435,0.1203,0.6667,5.0,141.0,15.2,691.0,8666.2,65.300003,-10.606,THANET SAND FORMATION
CT14,CT,16349.0,6,58.2,0.0,58.2,6.8,22.5,9.7,19.2,0.111,0.4227,0.5155,1.0,0.0575,0.1006,0.0363,0.0797,0.7478,5.1,143.0,21.1,773.0,5819.3,34.5,1.3543,THANET SAND FORMATION
CT15,CT,5916.0,3,38.4,0.20900001,38.2,6.2,26.4,3.7,1.8,0.08,0.4992,0.2722,1.0,0.0128,0.0131,0.0186,0.0377,0.0518,5.3,145.0,22.6,789.0,3797.3,35.200001,-12.9628,none (low-plasticity bedrock)
CT16,CT,9323.0,6,59.6,0.0,59.6,6.0,29.0,7.3,17.3,0.08,0.5512,0.4523,1.0,0.0489,0.0639,0.0262,0.0659,0.6807,5.5,145.0,25.9,797.0,5892.3,26.3,0.2739,none (low-plasticity bedrock)
CT17,CT,9010.0,7,67.4,0.0,67.4,6.1,29.1,7.1,25.2,0.08,0.5525,0.4336,1.0,0.053,0.0587,0.018,0.0384,0.9473,5.5,145.0,25.0,800.0,6672.5,37.700001,3.3279,none (low-plasticity bedrock)
CT18,CT,5907.0,3,38.5,0.0,38.5,8.1,26.2,3.7,0.5,0.1458,0.4937,0.2812,0.4221,0.0077,0.0125,0.0266,0.0522,0.0046,5.1,144.0,28.1,842.0,3834.1,39.3,-11.9683,GAULT FORMATION AND UPPER GREENSAND FORMATION (UNDIFFERENTIATED)
CT19,CT,11656.0,7,70.0,0.1462,69.9,30.7,26.3,12.9,0.0,0.5988,0.4996,0.5959,0.0,0.0854,0.1011,0.052,0.1086,0.0,5.3,145.0,23.1,840.0,6956.3,59.700001,-8.0518,GAULT FORMATION AND UPPER GREENSAND FORMATION (UNDIFFERENTIATED)
CT2,CT,11355.0,9,97.2,7.0278001,90.1,54.0,14.0,12.7,9.4,0.9039,0.2463,0.6045,1.0,0.0655,0.0726,0.0911,0.1633,0.3876,4.5,141.0,17.4,687.0,9012.5,215.89999,0.8413,THAMES GROUP
CT20,CT,11226.0,6,58.4,5.677,52.7,19.8,26.3,6.6,0.0,0.4344,0.4993,0.4237,0.0,0.0485,0.0513,0.0198,0.0472,0.0,5.3,145.0,21.9,835.0,5245.5,143.3,-13.9349,LOWER GREENSAND GROUP
CT21,CT,8132.0,6,56.9,0.5262,56.4,27.9,19.3,9.2,0.0,0.5518,0.3569,0.498,0.0,0.0562,0.0871,0.0318,0.0789,0.0,4.7,143.0,21.7,811.0,5635.2,70.199997,-9.4995,LOWER GREENSAND GROUP
CT3,CT,8146.0,8,77.8,3.441,74.3,30.1,16.0,19.2,9.1,0.5766,0.2898,0.713,1.0,0.1293,0.1842,0.0539,0.1157,0.3845,4.8,141.0,14.9,677.0,7434.5,126.9,-4.7454,THANET SAND FORMATION
CT4,CT,7259.0,3,39.5,0.4307,39.0,7.2,19.7,5.2,6.9,0.1137,0.3646,0.3657,1.0,0.0243,0.0289,0.0322,0.0579,0.3123,4.8,142.0,23.5,814.0,3903.1,48.3,-8.7921,THANET SAND FORMATION
CT5,CT,14846.0,10,212.4,104.6672,107.7,61.5,14.7,31.5,0.0,1.0,0.262,0.9245,0.0,0.2446,0.2864,0.0761,0.1415,0.0,4.8,140.0,13.5,675.0,10771.2,1865.1,-11.5681,THAMES GROUP
CT6,CT,17606.0,10,122.9,37.7472,85.2,57.7,15.2,11.5,0.9,0.9555,0.2709,0.5616,0.703,0.0694,0.0856,0.0566,0.1046,0.0128,4.8,140.0,14.2,661.0,8519.1,736.79999,-5.4004,THAMES GROUP
CT7,CT,5708.0,4,47.8,0.0578,47.8,10.9,17.2,15.3,4.4,0.2287,0.3155,0.6294,1.0,0.1028,0.149,0.0329,0.0985,0.1838,5.2,139.0,14.2,659.0,4775.6,42.599998,-13.5429,THANET SAND FORMATION
CT8,CT,3657.0,2,35.2,0.0,35.2,6.5,16.8,11.9,0.0,0.08,0.3059,0.5463,0.0,0.0896,0.0922,0.0236,0.05,0.0,5.1,139.0,13.8,669.0,3517.1,8.1,-21.3783,none (low-plasticity bedrock)
CT9,CT,19971.0,2,32.2,0.0,32.2,6.6,16.5,9.2,0.0,0.0858,0.298,0.4902,0.0,0.0677,0.0686,0.0236,0.0583,0.0,5.1,139.0,12.9,675.0,3223.8,21.3,-20.9057,THANET SAND FORMATION
CV1,CV,12249.0,1,29.9,0.0,29.9,8.0,9.6,12.2,0.0,0.1164,0.1447,0.6372,0.0,0.0177,0.1414,0.1269,0.2785,0.0,4.1,133.0,17.2,699.0,2985.4,10.2,-18.2158,none (low-plasticity bedrock)
CV10,CV,23587.0,2,34.1,0.0,34.1,9.8,12.4,11.9,0.0,0.1777,0.2097,0.5753,0.0,0.0641,0.0853,0.0681,0.1346,0.0,4.6,133.0,17.6,699.0,3411.6,27.9,-17.8672,TRIASSIC ROCKS (UNDIFFERENTIATED)
CV11,CV,17413.0,4,47.4,0.0,47.4,16.2,10.9,20.3,0.0,0.3482,0.1769,0.7571,0.0,0.1275,0.171,0.0916,0.1912,0.0,4.4,133.0,15.1,686.0,4738.2,0.0,-19.8655,TRIASSIC ROCKS (UNDIFFERENTIATED)
CV12,CV,13798.0,3,40.8,5.3864999,35.4,10.1,11.0,14.3,0.0,0.1815,0.177,0.6335,0.0,0.0799,0.1042,0.0804,0.1578,0.0,4.4,133.0,15.7,698.0,3538.0,138.3,-17.7359,TRIASSIC ROCKS (UNDIFFERENTIATED)
CV13,CV,4735.0,4,44.2,0.0,44.2,18.8,10.6,14.8,0.0,0.4,0.167,0.6386,0.0,0.0866,0.1103,0.074,0.1486,0.0,4.4,133.0,15.2,698.0,4418.2,1.6,-16.2202,TRIASSIC ROCKS (UNDIFFERENTIATED)
CV2,CV,27524.0,10,170.7,133.5215,37.1,12.4,10.4,14.4,0.0,0.2491,0.1632,0.6343,0.0,0.0814,0.0966,0.0789,0.1694,0.0,4.3,132.0,18.6,698.0,3714.3,2273.0,-17.284,TRIASSIC ROCKS (UNDIFFERENTIATED)
CV21,CV,17274.0,6,63.5,0.0,63.5,28.3,10.9,24.3,0.0,0.55,0.1761,0.8411,0.0,0.1542,0.1847,0.1333,0.2344,0.0,4.4,133.0,14.8,681.0,6352.7,21.9,-15.3992,LIAS GROUP
CV22,CV,15651.0,4,45.6,0.0,45.6,27.9,10.9,6.7,0.0,0.55,0.1746,0.455,0.0,0.024,0.0403,0.062,0.1281,0.0,4.5,133.0,14.5,654.0,4556.4,13.1,-9.2552,LIAS GROUP
CV23,CV,11767.0,6,59.7,9.1763,50.6,24.8,10.6,15.2,0.0,0.5036,0.1675,0.6586,0.0,0.0863,0.1018,0.0952,0.1634,0.0,4.4,133.0,15.7,668.0,5056.0,209.60001,-13.2489,LIAS GROUP
CV3,CV,28186.0,7,67.8,28.4606,39.4,13.4,8.7,17.3,0.0,0.2686,0.1215,0.6807,0.0,0.1091,0.1329,0.0693,0.1471,0.0,4.0,133.0,15.2,687.0,3936.9,527.09998,-18.2177,TRIASSIC ROCKS (UNDIFFERENTIATED)
CV31,CV,13582.0,4,48.6,0.0,48.6,19.1,9.4,20.1,0.0,0.4016,0.1392,0.7552,0.0,0.1227,0.1601,0.1037,0.1899,0.0,4.2,133.0,13.3,662.0,4855.4,11.4,-19.0024,TRIASSIC ROCKS (UNDIFFERENTIATED)
CV32,CV,14447.0,4,47.7,10.8047,36.9,13.6,9.2,14.1,0.0,0.2753,0.1327,0.6023,0.0,0.0904,0.1121,0.0476,0.0971,0.0,4.1,133.0,14.8,665.0,3685.6,228.3,-18.0098,TRIASSIC ROCKS (UNDIFFERENTIATED)
CV33,CV,6296.0,4,43.9,0.0,43.9,20.4,10.2,13.3,0.0,0.4287,0.158,0.6057,0.0,0.0724,0.088,0.0814,0.1354,0.0,4.4,133.0,13.2,656.0,4390.7,0.0,-15.1299,TRIASSIC ROCKS (UNDIFFERENTIATED)
CV34,CV,15362.0,7,65.1,13.4559,51.7,14.9,9.8,27.0,0.0,0.3189,0.1495,0.858,0.0,0.1892,0.2539,0.0812,0.1699,0.0,4.2,133.0,15.4,680.0,5167.4,261.10001,-22.7558,TRIASSIC ROCKS (UNDIFFERENTIATED)
CV35,CV,11410.0,10,154.7,109.0106,45.7,21.7,9.9,14.1,0.0,0.4481,0.1501,0.6302,0.0,0.0765,0.093,0.0898,0.1547,0.0,4.3,133.0,14.5,666.0,4565.8,1870.0,-14.4605,TRIASSIC ROCKS (UNDIFFERENTIATED)
CV36,CV,4920.0,5,52.4,0.0,52.4,27.7,11.9,12.8,0.0,0.5411,0.199,0.5975,0.0,0.068,0.0802,0.0823,0.1439,0.0,4.5,134.0,14.7,694.0,5239.0,0.0,-9.8056,LIAS GROUP
CV37,CV,20142.0,10,120.3,69.764297,50.5,23.9,9.0,17.6,0.0,0.4856,0.1281,0.7041,0.0,0.1046,0.122,0.0992,0.1766,0.0,4.2,133.0,14.1,667.0,5054.4,1233.0,-14.6575,LIAS GROUP
CV4,CV,12930.0,2,35.0,8.5370998,26.5,8.0,10.3,8.1,0.0,0.12,0.1603,0.5083,0.0,0.0334,0.0624,0.0695,0.1461,0.0,4.3,133.0,16.9,708.0,2649.2,170.7,-20.4958,none (low-plasticity bedrock)
CV47,CV,5252.0,5,54.6,1.9229,52.7,26.8,12.2,13.7,0.0,0.5305,0.2059,0.6511,0.0,0.0587,0.0699,0.134,0.2146,0.0,4.6,133.0,15.6,683.0,5268.6,69.0,-10.4096,LIAS GROUP
CV5,CV,20394.0,1,31.7,0.81339997,30.9,8.0,11.1,11.8,0.0,0.12,0.1787,0.5705,0.0,0.0669,0.0888,0.0591,0.1283,0.0,4.3,133.0,18.5,724.0,3091.4,43.3,-20.103,none (low-plasticity bedrock)
CV6,CV,34823.0,8,79.2,51.7356,27.5,7.9,10.9,8.7,0.0,0.116,0.1752,0.5229,0.0,0.03,0.0395,0.0836,0.1958,0.0,4.4,132.0,17.8,699.0,2745.7,909.70001,-19.1436,none (low-plasticity bedrock)
CV7,CV,11977.0,1,31.0,0.0,31.0,12.2,10.5,8.4,0.0,0.2397,0.1633,0.4915,0.0,0.0502,0.0598,0.0472,0.0931,0.0,4.3,133.0,17.1,728.0,3099.7,34.3,-17.9761,TRIASSIC ROCKS (UNDIFFERENTIATED)
CV8,CV,13508.0,3,38.7,0.0,38.7,12.4,11.3,15.1,0.0,0.252,0.1849,0.6224,0.0,0.1005,0.1174,0.0498,0.0905,0.0,4.4,133.0,17.5,714.0,3874.9,12.1,-18.2356,TRIASSIC ROCKS (UNDIFFERENTIATED)
CV9,CV,9507.0,3,43.3,4.5056,38.8,14.0,10.6,14.2,0.0,0.2931,0.1674,0.615,0.0,0.0868,0.1062,0.0608,0.1225,0.0,4.4,133.0,14.9,683.0,3883.6,108.7,-17.4698,TRIASSIC ROCKS (UNDIFFERENTIATED)
CW1,CW,19091.0,9,85.1,43.7696,41.4,19.4,8.8,13.2,0.0,0.4,0.1224,0.6407,0.0,0.0501,0.0709,0.1304,0.2341,0.0,4.0,134.0,14.3,745.0,4137.0,783.90002,-14.2628,TRIASSIC ROCKS (UNDIFFERENTIATED)
CW10,CW,7212.0,4,44.9,1.3726,43.5,19.3,9.2,15.1,0.0,0.4,0.1327,0.6586,0.0,0.0822,0.0989,0.101,0.1716,0.0,4.1,134.0,14.3,769.0,4353.3,71.099998,-15.6071,TRIASSIC ROCKS (UNDIFFERENTIATED)
CW11,CW,12497.0,6,58.7,16.498199,42.2,19.2,9.6,13.4,0.0,0.4,0.1421,0.609,0.0,0.0722,0.0929,0.0813,0.1381,0.0,4.1,134.0,14.5,761.0,4216.6,321.10001,-15.4272,TRIASSIC ROCKS (UNDIFFERENTIATED)
CW12,CW,14527.0,3,39.1,0.0,39.1,16.5,11.9,10.7,0.0,0.3507,0.1972,0.5496,0.0,0.0578,0.0794,0.0646,0.1167,0.0,4.2,134.0,17.0,905.0,3913.0,25.8,-16.6325,TRIASSIC ROCKS (UNDIFFERENTIATED)
CW2,CW,18833.0,3,40.0,0.18979999,39.9,19.5,8.8,11.5,0.0,0.3999,0.1237,0.5672,0.0,0.058,0.0846,0.0701,0.1377,0.0,4.0,134.0,14.0,753.0,3985.2,45.400002,-15.2571,TRIASSIC ROCKS (UNDIFFERENTIATED)
CW3,CW,4258.0,2,37.5,0.0,37.5,15.8,11.0,10.8,0.0,0.3336,0.1763,0.5471,0.0,0.06,0.0777,0.0621,0.1091,0.0,4.3,134.0,16.4,810.0,3751.4,0.0,-16.999,TRIASSIC ROCKS (UNDIFFERENTIATED)
CW4,CW,4545.0,3,41.8,0.0,41.8,19.1,9.9,12.8,0.0,0.4,0.1496,0.5871,0.0,0.0714,0.0944,0.067,0.1194,0.0,4.0,134.0,16.6,787.0,4176.4,0.0,-15.7397,TRIASSIC ROCKS (UNDIFFERENTIATED)
CW5,CW,14524.0,5,56.3,14.5637,41.7,19.1,10.3,12.3,0.0,0.4014,0.1601,0.5863,0.0,0.064,0.0771,0.0819,0.1385,0.0,4.3,134.0,17.1,734.0,4169.9,294.60001,-15.4818,TRIASSIC ROCKS (UNDIFFERENTIATED)
CW6,CW,5742.0,2,35.5,3.0337999,32.5,14.7,10.4,7.4,0.0,0.3031,0.1614,0.4705,0.0,0.0358,0.0446,0.0602,0.1021,0.0,4.3,136.0,16.3,769.0,3250.6,86.699997,-16.7898,TRIASSIC ROCKS (UNDIFFERENTIATED)
CW7,CW,14471.0,3,43.5,1.5168999,42.0,19.2,9.6,13.2,0.0,0.4,0.1438,0.6188,0.0,0.0638,0.0762,0.1022,0.1747,0.0,4.1,134.0,15.7,764.0,4199.2,83.199997,-15.0804,TRIASSIC ROCKS (UNDIFFERENTIATED)
CW8,CW,17179.0,3,40.4,0.0,40.4,18.4,10.7,11.3,0.0,0.3872,0.1691,0.5553,0.0,0.065,0.0846,0.0567,0.1108,0.0,4.1,135.0,18.1,797.0,4040.8,0.0,-16.345,TRIASSIC ROCKS (UNDIFFERENTIATED)
CW9,CW,14835.0,5,51.2,2.6405001,48.6,18.7,10.3,19.6,0.0,0.4,0.1607,0.7537,0.0,0.1162,0.1408,0.1197,0.2008,0.0,4.1,134.0,18.4,821.0,4858.2,92.099998,-19.0527,TRIASSIC ROCKS (UNDIFFERENTIATED)
DA1,DA,25323.0,7,66.9,16.5763,50.4,12.3,10.4,25.2,2.4,0.2492,0.1656,0.8439,1.0,0.1656,0.2386,0.0908,0.2266,0.0809,4.2,141.0,13.4,610.0,5037.0,328.89999,-20.5697,THANET SAND FORMATION
DA10,DA,4315.0,1,29.1,0.0,29.1,12.2,10.7,6.2,0.0,0.2387,0.168,0.453,0.0,0.0133,0.0221,0.077,0.1627,0.0,4.2,140.0,12.4,599.0,2906.0,5.2,-15.3215,THANET SAND FORMATION
DA11,DA,15708.0,1,31.6,0.0,31.6,12.2,11.2,8.2,0.0,0.2453,0.1811,0.5162,0.0,0.0253,0.0527,0.0812,0.1875,0.0,4.3,140.0,12.1,604.0,3161.4,2.5,-16.4266,THANET SAND FORMATION
DA12,DA,19199.0,3,39.4,0.0,39.4,17.2,12.0,10.2,0.0,0.3681,0.1999,0.5298,0.0,0.0591,0.0931,0.0403,0.1082,0.0,4.4,140.0,13.6,604.0,3944.0,0.0,-16.7915,THANET SAND FORMATION
DA13,DA,5944.0,1,27.8,0.0,27.8,10.0,15.1,2.8,0.0,0.1878,0.264,0.2215,0.0,0.0,0.0,0.0212,0.0553,0.0,4.6,141.0,16.2,662.0,2782.2,2.9,-15.2758,THANET SAND FORMATION
DA14,DA,10016.0,7,66.7,6.3318,60.4,33.8,11.4,11.2,4.0,0.6298,0.1866,0.5619,1.0,0.0599,0.0772,0.0652,0.141,0.1579,4.2,141.0,14.0,636.0,6038.6,153.5,-4.2115,THAMES GROUP
DA15,DA,11386.0,10,249.9,165.06841,84.9,61.6,10.5,12.7,0.0,0.9986,0.1669,0.624,0.0,0.0464,0.0996,0.1041,0.2329,0.0,4.1,141.0,13.6,619.0,8487.1,2845.8999,-5.302,THAMES GROUP
DA16,DA,13820.0,10,103.9,23.6689,80.2,61.1,9.8,9.3,0.0,0.9889,0.1479,0.5553,0.0,0.0162,0.0177,0.1274,0.2536,0.0,4.0,141.0,14.2,617.0,8020.3,460.5,-3.8632,THAMES GROUP
DA17,DA,7560.0,10,103.2,6.8183999,96.4,40.0,9.0,41.7,5.6,0.7217,0.1306,1.0,1.0,0.3078,0.3488,0.0919,0.2209,0.2332,4.0,141.0,12.7,604.0,9640.1,203.0,-10.2687,THANET SAND FORMATION
DA18,DA,1920.0,9,94.1,10.0605,84.1,41.1,8.8,34.2,0.0,0.735,0.1265,0.9697,0.0,0.2375,0.2982,0.1035,0.2822,0.0,4.0,141.0,12.4,605.0,8407.6,246.89999,-12.1266,LAMBETH GROUP
DA2,DA,9595.0,2,34.3,0.0,34.3,16.4,11.6,6.4,0.0,0.3397,0.1894,0.4353,0.0,0.0247,0.0363,0.0531,0.1155,0.0,4.3,141.0,14.7,598.0,3433.9,0.0,-14.7741,THANET SAND FORMATION
DA3,DA,6795.0,1,26.6,0.54909998,26.0,7.3,15.6,3.2,0.0,0.1031,0.2754,0.2571,0.0,0.0,0.0,0.031,0.0672,0.0,4.6,141.0,16.8,674.0,2600.2,36.200001,-16.9872,THANET SAND FORMATION
DA4,DA,3895.0,2,33.0,0.0,33.0,9.0,15.1,8.9,0.0,0.1576,0.2682,0.4816,0.0,0.0653,0.0752,0.0204,0.0484,0.0,4.5,142.0,17.2,692.0,3302.5,17.3,-19.3394,THANET SAND FORMATION
DA5,DA,8838.0,7,67.8,0.0,67.8,39.9,10.8,15.5,1.6,0.7162,0.1726,0.656,1.0,0.0868,0.1501,0.0701,0.1476,0.0478,4.2,141.0,13.2,625.0,6776.4,6.0,-5.346,THANET SAND FORMATION
DA6,DA,4475.0,7,74.4,0.0,74.4,58.7,10.4,5.1,0.2,0.9609,0.1617,0.4174,0.3936,0.0,0.0,0.0847,0.1679,0.004,4.1,141.0,13.4,622.0,7442.2,2.5,-3.0211,THAMES GROUP
DA7,DA,14109.0,7,71.2,0.0,71.2,55.7,10.1,5.4,0.0,0.9232,0.1534,0.4297,0.0,0.0,0.0,0.0831,0.1976,0.0,4.1,141.0,13.6,610.0,7119.8,64.400002,-2.2568,THAMES GROUP
DA8,DA,14189.0,7,73.0,0.0,73.0,17.1,9.7,42.5,3.7,0.3674,0.1478,1.0,1.0,0.3057,0.3922,0.0845,0.2235,0.1417,4.1,141.0,12.5,603.0,7301.1,24.200001,-17.8208,THANET SAND FORMATION
DA9,DA,6343.0,1,23.7,0.0,23.7,7.3,10.6,5.8,0.0,0.0918,0.1663,0.4287,0.0,0.0128,0.0206,0.066,0.1487,0.0,4.2,141.0,12.7,596.0,2367.5,7.3,-20.0907,THANET SAND FORMATION
DD1,DD,14298.0,10,105.6,0.68300003,104.9,7.8,10.6,85.4,1.1,0.1158,0.171,1.0,0.8802,0.7006,0.7353,0.0769,0.1208,0.02,4.6,133.0,16.5,771.0,10487.5,99.400002,-19.3658,none (low-plasticity bedrock)
DD10,DD,8700.0,2,36.7,0.2058,36.5,7.0,15.2,13.2,1.1,0.0998,0.2717,0.5815,0.8802,0.0903,0.0999,0.0448,0.0667,0.02,4.9,138.0,18.3,874.0,3646.6,43.099998,-18.7454,none (low-plasticity bedrock)
DD11,DD,11922.0,1,29.3,0.0,29.3,7.6,14.1,6.6,1.0,0.1122,0.2451,0.4309,0.8802,0.033,0.0358,0.05,0.075,0.02,4.8,136.0,18.1,776.0,2925.0,28.3,-17.4212,none (low-plasticity bedrock)
DD2,DD,18180.0,4,47.8,0.0,47.8,7.5,9.6,29.7,1.0,0.1051,0.1459,0.8748,0.8802,0.2318,0.2532,0.0608,0.0896,0.02,4.3,132.0,20.8,845.0,4780.7,0.0,-24.5329,none (low-plasticity bedrock)
DD3,DD,14463.0,1,27.3,0.0,27.3,7.8,12.1,6.4,1.0,0.1155,0.1998,0.4317,0.8802,0.0271,0.0305,0.0587,0.0886,0.02,4.6,132.0,21.4,877.0,2726.3,0.0,-17.4592,none (low-plasticity bedrock)
DD4,DD,16036.0,10,102.6,74.172401,28.4,7.7,13.5,6.2,1.0,0.1147,0.2327,0.4236,0.8802,0.026,0.0288,0.0558,0.0889,0.02,4.8,133.0,22.7,899.0,2840.2,1280.0,-17.05,none (low-plasticity bedrock)
DD5,DD,12626.0,3,42.5,6.0317998,36.5,7.5,12.4,15.5,1.1,0.1098,0.2106,0.6314,0.8802,0.106,0.1085,0.0576,0.0818,0.02,4.7,133.0,20.2,837.0,3649.5,136.60001,-18.3082,none (low-plasticity bedrock)
DD6,DD,4190.0,6,62.8,0.0,62.8,6.9,12.7,42.1,1.1,0.094,0.2192,1.0,0.8802,0.3488,0.3579,0.0275,0.0402,0.02,4.9,133.0,17.6,752.0,6283.2,4.0,-22.685,none (low-plasticity bedrock)
DD7,DD,4619.0,2,37.1,0.0,37.1,7.6,13.7,14.7,1.1,0.1164,0.2384,0.5915,0.8802,0.1118,0.1187,0.0191,0.033,0.02,5.0,135.0,16.4,810.0,3706.8,19.700001,-19.1045,none (low-plasticity bedrock)
DD8,DD,15629.0,2,33.4,2.0817001,31.3,7.1,13.8,9.3,1.1,0.0994,0.2408,0.512,0.8802,0.0516,0.0554,0.0654,0.0881,0.02,4.1,135.0,36.5,1107.0,3129.5,75.400002,-17.6945,none (low-plasticity bedrock)
DD9,DD,5455.0,3,39.9,0.0,39.9,6.3,24.2,8.1,1.2,0.0938,0.4581,0.4846,0.8802,0.0385,0.0418,0.07,0.0964,0.02,5.4,136.0,36.2,1211.0,3983.0,29.1,-14.1322,none (low-plasticity bedrock)
DE1,DE,7215.0,6,61.1,0.0,61.1,18.8,9.1,33.2,0.0,0.4,0.1344,0.9834,0.0,0.182,0.4145,0.1395,0.3228,0.0,4.1,132.0,16.0,730.0,6113.3,28.9,-20.0485,TRIASSIC ROCKS (UNDIFFERENTIATED)
DE11,DE,19705.0,1,26.4,2.05,24.3,8.0,10.7,5.6,0.0,0.1204,0.1686,0.412,0.0,0.0136,0.0217,0.0616,0.1222,0.0,4.4,133.0,15.2,696.0,2432.2,64.800003,-19.2429,TRIASSIC ROCKS (UNDIFFERENTIATED)
DE12,DE,9395.0,3,38.3,2.3508999,35.9,13.1,9.9,12.9,0.0,0.2648,0.1511,0.5854,0.0,0.0767,0.0943,0.0598,0.1095,0.0,4.3,133.0,16.0,684.0,3593.0,72.099998,-17.782,TRIASSIC ROCKS (UNDIFFERENTIATED)
DE13,DE,18473.0,10,112.7,60.705898,52.0,18.6,10.3,23.1,0.0,0.3989,0.163,0.7909,0.0,0.1621,0.1939,0.0752,0.1554,0.0,4.3,133.0,17.2,701.0,5197.5,1068.4,-20.8178,TRIASSIC ROCKS (UNDIFFERENTIATED)
DE14,DE,13596.0,10,127.2,54.502899,72.7,18.5,9.6,44.6,0.0,0.3997,0.1466,1.0,0.0,0.2621,0.5724,0.1247,0.3343,0.0,4.2,133.0,16.0,697.0,7274.1,985.5,-19.9752,TRIASSIC ROCKS (UNDIFFERENTIATED)
DE15,DE,10932.0,3,39.7,0.0,39.7,12.9,9.4,17.4,0.0,0.2589,0.1392,0.6618,0.0,0.1263,0.1454,0.0346,0.083,0.0,4.1,133.0,17.9,693.0,3971.9,0.0,-18.8455,TRIASSIC ROCKS (UNDIFFERENTIATED)
DE21,DE,13583.0,5,51.6,10.3428,41.2,14.0,9.6,17.6,0.0,0.2891,0.1447,0.7037,0.0,0.0939,0.1893,0.0832,0.1644,0.0,4.1,132.0,17.1,747.0,4122.3,220.2,-18.3328,TRIASSIC ROCKS (UNDIFFERENTIATED)
DE22,DE,11952.0,3,43.1,3.2509999,39.9,14.1,10.8,15.0,0.0,0.2954,0.1722,0.6558,0.0,0.0843,0.1014,0.0958,0.1633,0.0,4.2,132.0,18.8,753.0,3986.5,116.3,-17.178,TRIASSIC ROCKS (UNDIFFERENTIATED)
DE23,DE,13878.0,4,45.6,0.0,45.6,19.2,9.1,17.3,0.0,0.4,0.1322,0.7002,0.0,0.0967,0.1396,0.0897,0.2017,0.0,4.1,132.0,16.1,714.0,4560.3,3.5,-16.5875,TRIASSIC ROCKS (UNDIFFERENTIATED)
DE24,DE,13474.0,6,62.7,6.8789001,55.8,19.5,7.9,28.4,0.0,0.4,0.1,0.9382,0.0,0.1475,0.242,0.1982,0.3961,0.0,4.0,132.0,14.6,681.0,5582.5,180.89999,-18.858,TRIASSIC ROCKS (UNDIFFERENTIATED)
DE3,DE,26074.0,2,37.0,1.1672,35.8,19.4,9.6,6.7,0.0,0.4,0.1431,0.4598,0.0,0.0245,0.0368,0.0634,0.138,0.0,4.2,132.0,15.7,732.0,3583.3,58.900002,-14.5837,TRIASSIC ROCKS (UNDIFFERENTIATED)
DE4,DE,17523.0,2,34.8,0.0,34.8,7.2,20.3,7.4,0.0,0.1151,0.3771,0.45,0.0,0.05,0.0575,0.0293,0.0564,0.0,4.7,132.0,29.2,947.0,3481.0,19.0,-19.2447,NEOGENE ROCKS (UNDIFFERENTIATED)
DE45,DE,2207.0,3,40.1,0.0,40.1,6.8,25.4,7.9,0.0,0.1115,0.4826,0.4584,0.0,0.0555,0.0619,0.0257,0.0508,0.0,5.1,133.0,33.9,1067.0,4002.7,0.0,-17.4149,none (low-plasticity bedrock)
DE5,DE,20832.0,1,31.1,0.0,31.1,7.9,12.5,10.7,0.0,0.12,0.2104,0.5592,0.0,0.0504,0.0572,0.0844,0.1564,0.0,4.3,131.0,20.9,806.0,3107.9,0.0,-18.9124,none (low-plasticity bedrock)
DE55,DE,19530.0,1,31.8,0.0,31.8,7.8,13.0,11.0,0.0,0.12,0.2218,0.5529,0.0,0.0625,0.0747,0.0612,0.1198,0.0,4.3,131.0,22.4,826.0,3179.2,19.5,-19.8219,none (low-plasticity bedrock)
DE56,DE,10503.0,2,37.7,0.0,37.7,7.7,14.2,15.7,0.0,0.119,0.2511,0.6365,0.0,0.1096,0.1223,0.0466,0.0894,0.0,4.5,132.0,23.4,842.0,3766.0,19.700001,-19.6322,none (low-plasticity bedrock)
DE6,DE,15199.0,2,37.4,0.0,37.4,12.0,12.5,13.0,0.0,0.2437,0.2111,0.5805,0.0,0.0856,0.0986,0.046,0.086,0.0,4.3,132.0,20.3,843.0,3743.3,0.0,-18.2945,TRIASSIC ROCKS (UNDIFFERENTIATED)
DE65,DE,6932.0,6,59.3,0.0,59.3,16.4,9.8,33.1,0.0,0.3528,0.1502,0.9382,0.0,0.2492,0.3232,0.0655,0.1501,0.0,4.2,132.0,16.6,709.0,5926.0,24.700001,-22.3169,TRIASSIC ROCKS (UNDIFFERENTIATED)
DE7,DE,34671.0,10,130.1,97.714302,32.4,8.6,11.5,12.2,0.0,0.1396,0.1901,0.5875,0.0,0.0617,0.0794,0.0802,0.154,0.0,4.4,131.0,17.7,740.0,3235.6,1668.2,-18.0952,TRIASSIC ROCKS (UNDIFFERENTIATED)
DE72,DE,5077.0,8,75.1,6.7062001,68.4,18.4,8.4,41.6,0.0,0.3843,0.1163,1.0,0.0,0.3137,0.3632,0.0744,0.1644,0.0,4.1,132.0,14.6,678.0,6844.3,178.8,-20.1908,TRIASSIC ROCKS (UNDIFFERENTIATED)
DE73,DE,7023.0,4,46.3,0.0,46.3,12.0,11.3,23.0,0.0,0.2405,0.1843,0.7751,0.0,0.1719,0.201,0.052,0.1044,0.0,4.4,132.0,17.5,680.0,4625.1,0.0,-21.9021,TRIASSIC ROCKS (UNDIFFERENTIATED)
DE74,DE,3464.0,6,60.0,3.1536,56.9,16.6,10.8,29.5,0.0,0.3606,0.1734,0.8894,0.0,0.2213,0.2663,0.0668,0.1646,0.0,4.5,132.0,14.9,674.0,5685.3,115.0,-22.5491,TRIASSIC ROCKS (UNDIFFERENTIATED)
DE75,DE,4888.0,1,30.8,0.0,30.8,8.0,11.1,11.7,0.0,0.12,0.179,0.5777,0.0,0.0572,0.0719,0.0816,0.1574,0.0,4.3,131.0,19.1,757.0,3080.4,7.4,-18.99,none (low-plasticity bedrock)
DG1,DG,14386.0,5,52.0,0.0,52.0,6.3,19.5,25.0,1.2,0.0829,0.3635,0.8427,0.8802,0.1841,0.203,0.1028,0.153,0.02,3.6,149.0,39.6,1256.0,5200.7,0.0,-22.8073,none (low-plasticity bedrock)
DG10,DG,2750.0,4,47.0,0.0,47.0,6.0,31.3,8.4,1.2,0.0852,0.5953,0.5021,0.8802,0.0368,0.0394,0.0826,0.1131,0.02,3.9,153.0,48.4,1661.0,4578.0,9.8,-12.2871,none (low-plasticity bedrock)
DG11,DG,7886.0,4,46.4,0.0,46.4,6.1,26.2,12.8,1.2,0.0854,0.4978,0.6071,0.8802,0.0726,0.0789,0.0894,0.13,0.02,4.0,150.0,47.0,1367.0,4618.2,17.200001,-14.6081,none (low-plasticity bedrock)
DG12,DG,5719.0,6,60.1,0.0,60.1,6.2,24.6,28.1,1.2,0.0926,0.4666,0.8898,0.8802,0.2209,0.2482,0.0896,0.1304,0.02,4.8,148.0,26.0,1082.0,6006.8,1.9,-21.8762,TRIASSIC ROCKS (UNDIFFERENTIATED)
DG13,DG,1771.0,5,55.4,0.8743,54.6,5.8,39.6,7.8,1.3,0.0869,0.7437,0.4899,0.8802,0.0336,0.0362,0.0802,0.1121,0.02,4.7,148.0,61.8,1676.0,5087.5,60.5,-10.9826,none (low-plasticity bedrock)
DG14,DG,924.0,3,39.0,0.0,39.0,6.6,23.2,9.1,0.0,0.1032,0.4387,0.5307,0.0,0.0361,0.0384,0.0983,0.1427,0.0,4.0,148.0,38.5,1278.0,3895.1,0.0,-16.5364,none (low-plasticity bedrock)
DG16,DG,1722.0,7,69.9,0.0,69.9,6.2,20.5,43.1,0.0,0.0827,0.3845,1.0,0.0,0.3308,0.3568,0.1074,0.1579,0.0,4.3,148.0,24.6,1054.0,6987.2,69.099998,-21.7234,TRIASSIC ROCKS (UNDIFFERENTIATED)
DG2,DG,10712.0,5,52.0,0.0,52.0,6.0,29.7,15.1,1.3,0.0819,0.5643,0.6539,0.8802,0.0939,0.1015,0.0905,0.1252,0.02,4.3,147.0,46.2,1380.0,5114.4,27.700001,-14.0837,none (low-plasticity bedrock)
DG3,DG,3278.0,4,47.9,4.2371001,43.6,6.1,27.6,8.7,1.2,0.0818,0.5254,0.5095,0.8802,0.0411,0.0437,0.0796,0.1114,0.02,3.7,154.0,47.6,1554.0,4322.2,103.5,-13.2829,none (low-plasticity bedrock)
DG4,DG,2244.0,6,56.4,0.0,56.4,5.7,42.2,7.3,1.3,0.0882,0.7881,0.4793,0.8802,0.0272,0.0301,0.0845,0.1168,0.02,4.8,157.0,57.7,1705.0,5183.7,44.099998,-10.7924,none (low-plasticity bedrock)
DG5,DG,2585.0,5,54.5,0.0,54.5,5.9,28.9,18.5,1.3,0.0803,0.5491,0.7229,0.8802,0.1254,0.1318,0.0965,0.1291,0.02,4.4,146.0,44.4,1385.0,5386.3,36.200001,-16.1308,none (low-plasticity bedrock)
DG6,DG,3234.0,6,63.3,0.0,63.3,5.7,36.0,20.3,1.3,0.081,0.6812,0.7794,0.8802,0.1331,0.1349,0.1367,0.1708,0.02,5.0,146.0,42.0,1493.0,6079.6,52.900002,-16.2447,none (low-plasticity bedrock)
DG7,DG,8183.0,5,54.7,0.0,54.7,5.9,31.8,15.7,1.3,0.0811,0.605,0.7049,0.8802,0.0773,0.0805,0.1581,0.2084,0.02,3.8,148.0,56.6,1739.0,5335.7,25.700001,-13.9519,none (low-plasticity bedrock)
DG8,DG,10261.0,9,96.6,42.508301,54.1,5.9,30.2,16.7,1.3,0.0827,0.5751,0.7231,0.8802,0.0884,0.0934,0.1519,0.2128,0.02,4.4,152.0,44.9,1356.0,5316.3,763.5,-15.1615,none (low-plasticity bedrock)
DG9,DG,9998.0,6,61.7,0.0,61.7,5.8,36.5,18.2,1.3,0.081,0.6896,0.7086,0.8802,0.1335,0.1355,0.0733,0.1031,0.02,5.9,151.0,30.4,1227.0,5903.3,65.0,-14.9788,none (low-plasticity bedrock)
DH1,DH,18971.0,9,89.5,52.362,37.2,7.9,11.6,17.6,0.0,0.12,0.1929,0.6894,0.0,0.1177,0.1362,0.0684,0.1299,0.0,4.4,140.0,16.6,722.0,3718.5,917.40002,-20.6454,none (low-plasticity bedrock)
DH2,DH,13957.0,1,31.2,0.0,31.2,7.6,15.5,8.1,0.0,0.12,0.2774,0.4968,0.0,0.0355,0.0522,0.0678,0.1298,0.0,4.9,143.0,15.9,729.0,3124.0,11.1,-17.9184,none (low-plasticity bedrock)
DH3,DH,12222.0,7,72.6,31.545401,41.0,8.1,10.3,22.7,0.0,0.12,0.1626,0.7869,0.0,0.158,0.1829,0.0804,0.1634,0.0,4.4,136.0,15.3,704.0,4105.0,590.20001,-23.6458,none (low-plasticity bedrock)
DH4,DH,14925.0,1,29.1,0.0,29.1,7.9,10.3,11.0,0.0,0.1149,0.1598,0.5664,0.0,0.0471,0.0612,0.0918,0.1638,0.0,4.3,138.0,15.3,701.0,2912.7,6.0,-19.2733,none (low-plasticity bedrock)
DH5,DH,9528.0,1,24.9,0.0,24.9,7.2,11.6,6.1,0.0,0.0953,0.1895,0.4407,0.0,0.014,0.0213,0.0748,0.1404,0.0,4.6,137.0,15.9,700.0,2492.0,5.2,-19.5508,none (low-plasticity bedrock)
DH6,DH,15633.0,1,32.0,0.0,32.0,7.1,13.1,11.8,0.0,0.0974,0.2241,0.573,0.0,0.0648,0.0796,0.0718,0.123,0.0,4.8,136.0,18.7,719.0,3198.2,5.0,-20.1819,none (low-plasticity bedrock)
DH7,DH,19449.0,3,42.1,7.375,34.7,7.5,17.6,9.7,0.0,0.12,0.3223,0.5174,0.0,0.0573,0.0691,0.0493,0.0985,0.0,4.9,144.0,20.8,786.0,3473.4,159.89999,-18.2882,none (low-plasticity bedrock)
DH8,DH,18263.0,3,42.8,0.0,42.8,7.0,27.9,7.9,0.0,0.12,0.5307,0.4755,0.0,0.0421,0.0501,0.0517,0.0986,0.0,5.6,150.0,22.2,920.0,4233.6,27.0,-15.0406,none (low-plasticity bedrock)
DH9,DH,17473.0,1,31.9,0.0,31.9,7.5,17.7,6.7,0.0,0.12,0.3234,0.4614,0.0,0.0239,0.0353,0.0688,0.1307,0.0,5.0,146.0,18.1,752.0,3188.8,5.2,-17.6791,none (low-plasticity bedrock)
DL1,DL,22194.0,10,141.8,108.1386,33.6,7.4,10.0,16.2,0.0,0.1005,0.1543,0.6877,0.0,0.0841,0.1088,0.1138,0.2021,0.0,4.3,140.0,14.0,667.0,3361.2,1853.0,-20.3923,none (low-plasticity bedrock)
DL10,DL,8244.0,3,40.2,0.3364,39.9,6.9,17.0,16.0,0.0,0.1033,0.3112,0.6632,0.0,0.0988,0.1331,0.072,0.1333,0.0,4.7,146.0,16.3,777.0,3991.1,44.200001,-19.2677,none (low-plasticity bedrock)
DL11,DL,2230.0,6,59.9,0.0726,59.8,6.4,45.1,8.3,0.0,0.1136,0.8388,0.5052,0.0,0.04,0.0506,0.0672,0.1322,0.0,6.4,157.0,36.5,1213.0,5413.1,57.900002,-11.9804,none (low-plasticity bedrock)
DL12,DL,5873.0,6,60.1,0.0,60.1,6.3,44.2,9.5,0.0,0.1121,0.8234,0.5316,0.0,0.0495,0.0606,0.0695,0.1271,0.0,5.8,153.0,34.2,1261.0,5475.7,33.400002,-12.4451,none (low-plasticity bedrock)
DL13,DL,6605.0,5,50.8,0.0,50.8,6.6,37.8,6.4,0.0,0.1177,0.7101,0.4427,0.0,0.0268,0.0374,0.058,0.1042,0.0,6.0,152.0,30.9,1088.0,4775.1,10.2,-13.0885,none (low-plasticity bedrock)
DL14,DL,17299.0,3,38.0,0.040600002,37.9,7.5,15.4,15.0,0.0,0.1182,0.2767,0.6407,0.0,0.0923,0.1174,0.0704,0.126,0.0,4.5,145.0,17.8,757.0,3793.3,51.700001,-18.9617,none (low-plasticity bedrock)
DL15,DL,10356.0,2,34.4,0.0,34.4,7.5,16.8,10.1,0.0,0.12,0.3066,0.5367,0.0,0.0548,0.0691,0.0628,0.1201,0.0,4.8,145.0,19.5,795.0,3442.0,10.8,-18.7393,none (low-plasticity bedrock)
DL16,DL,10173.0,1,31.6,0.0,31.6,7.7,12.4,11.5,0.0,0.1162,0.2088,0.5686,0.0,0.0616,0.0691,0.0739,0.138,0.0,4.4,142.0,16.8,726.0,3162.2,4.7,-19.535,none (low-plasticity bedrock)
DL17,DL,8745.0,9,96.9,63.2463,33.7,6.8,11.9,15.0,0.0,0.0831,0.1988,0.6374,0.0,0.0916,0.1082,0.072,0.1294,0.0,4.5,140.0,16.7,712.0,3368.8,1097.4,-20.5371,none (low-plasticity bedrock)
DL2,DL,8212.0,2,36.6,0.0,36.6,7.2,11.8,17.7,0.0,0.0987,0.1958,0.6982,0.0,0.1114,0.1359,0.0841,0.1444,0.0,4.2,144.0,15.3,714.0,3664.9,3.8,-21.2864,none (low-plasticity bedrock)
DL3,DL,19577.0,2,37.0,0.0,37.0,7.2,9.6,20.2,0.0,0.0897,0.1444,0.7537,0.0,0.1299,0.1508,0.0986,0.1791,0.0,4.1,141.0,14.7,674.0,3702.9,33.200001,-23.6331,none (low-plasticity bedrock)
DL4,DL,4796.0,1,27.5,0.0,27.5,7.5,12.9,7.2,0.0,0.1063,0.2185,0.4713,0.0,0.0312,0.0312,0.0679,0.1261,0.0,4.4,143.0,17.7,720.0,2750.4,10.7,-19.651,none (low-plasticity bedrock)
DL5,DL,13016.0,1,30.6,0.0,30.6,6.8,11.9,12.0,0.0,0.0815,0.197,0.5999,0.0,0.0474,0.0733,0.1048,0.1978,0.0,4.5,141.0,15.2,691.0,3064.2,11.5,-19.3367,none (low-plasticity bedrock)
DL6,DL,7094.0,3,41.1,0.0,41.1,19.4,9.0,12.7,0.0,0.4002,0.1284,0.5958,0.0,0.064,0.0873,0.0816,0.1491,0.0,4.3,131.0,17.9,792.0,4109.1,11.0,-14.9795,TRIASSIC ROCKS (UNDIFFERENTIATED)
DL7,DL,6778.0,4,47.6,5.6117001,42.0,8.1,8.0,26.0,0.0,0.1151,0.1024,0.8494,0.0,0.1771,0.2364,0.1003,0.1666,0.0,3.9,137.0,15.5,692.0,4203.4,145.8,-25.4118,TRIASSIC ROCKS (UNDIFFERENTIATED)
DL8,DL,8949.0,6,64.5,0.0,64.5,6.1,46.4,12.1,0.0,0.1077,0.8613,0.5996,0.0,0.0678,0.0884,0.0781,0.1501,0.0,5.5,159.0,43.1,1385.0,5834.3,14.1,-12.9919,none (low-plasticity bedrock)
DL9,DL,4650.0,3,39.1,0.0,39.1,7.2,21.5,10.4,0.0,0.1191,0.4038,0.5625,0.0,0.0475,0.085,0.0768,0.1568,0.0,4.9,149.0,21.3,886.0,3912.9,8.1,-17.7504,none (low-plasticity bedrock)
DN1,DN,5905.0,5,56.0,0.0,56.0,7.4,6.3,42.3,0.0,0.0802,0.0565,1.0,0.0,0.2616,0.435,0.1551,0.346,0.0,4.0,130.0,13.4,608.0,5600.3,5.0,-22.5302,none (low-plasticity bedrock)
DN10,DN,5838.0,9,85.6,30.0933,55.5,12.1,7.2,36.2,0.0,0.2265,0.0824,0.9821,0.0,0.2456,0.3598,0.1002,0.2075,0.0,4.2,129.0,11.8,602.0,5547.0,567.79999,-20.9389,TRIASSIC ROCKS (UNDIFFERENTIATED)
DN11,DN,13089.0,1,31.4,0.0,31.4,7.3,8.5,15.6,0.0,0.0873,0.116,0.6477,0.0,0.096,0.1305,0.0632,0.1286,0.0,4.4,130.0,13.1,625.0,3140.5,24.200001,-21.2603,none (low-plasticity bedrock)
DN12,DN,10736.0,1,31.2,6.1079001,25.1,7.7,8.5,8.8,0.0,0.1048,0.1148,0.5007,0.0,0.0524,0.0768,0.041,0.0942,0.0,4.3,131.0,14.4,632.0,2505.0,127.4,-22.4961,none (low-plasticity bedrock)
DN14,DN,21184.0,5,54.0,0.0,54.0,11.8,7.4,34.8,0.0,0.2181,0.0879,0.9655,0.0,0.2319,0.3782,0.0843,0.2144,0.0,4.2,128.0,12.7,619.0,5395.7,28.9,-21.0969,TRIASSIC ROCKS (UNDIFFERENTIATED)
DN15,DN,15482.0,6,58.3,0.0,58.3,23.8,9.9,24.7,0.0,0.4884,0.1513,0.7915,0.0,0.1882,0.2311,0.0348,0.0864,0.0,4.6,127.0,14.0,647.0,5833.4,57.200001,-19.0633,LIAS GROUP
DN16,DN,14289.0,4,44.1,1.5157,42.6,27.2,6.9,8.4,0.0,0.5411,0.0722,0.5215,0.0,0.029,0.0419,0.0873,0.1823,0.0,4.0,127.0,14.1,646.0,4255.2,62.700001,-11.1582,LIAS GROUP
DN17,DN,15743.0,7,70.6,10.2254,60.4,20.2,7.5,32.6,0.0,0.4116,0.0894,0.9213,0.0,0.2336,0.3465,0.0536,0.1492,0.0,4.2,128.0,13.9,620.0,6036.1,262.0,-20.4358,TRIASSIC ROCKS (UNDIFFERENTIATED)
DN18,DN,5620.0,9,92.9,48.414001,44.5,11.6,12.3,19.6,1.0,0.233,0.2068,0.6899,0.8608,0.1541,0.1696,0.018,0.0452,0.0191,4.9,126.0,16.8,672.0,4451.7,849.70001,-18.2036,"WEST WALTON FORMATION, AMPTHILL CLAY FORMATION AND KIMMERIDGE CLAY FORMATION (UNDIFFERENTIATED)"
DN19,DN,2922.0,4,49.7,0.0469,49.6,6.8,12.0,29.0,1.9,0.08,0.201,0.8655,1.0,0.2242,0.2833,0.0408,0.0985,0.0586,4.9,125.0,13.6,655.0,4961.8,40.200001,-24.2465,none (low-plasticity bedrock)
DN2,DN,10276.0,5,53.9,0.0,53.9,7.3,6.5,40.1,0.0,0.08,0.0608,1.0,0.0,0.2943,0.3119,0.0917,0.2798,0.0,4.1,130.0,12.9,606.0,5389.7,0.0,-23.1616,none (low-plasticity bedrock)
DN20,DN,8457.0,6,56.9,0.0,56.9,31.9,8.5,16.4,0.0,0.6059,0.1164,0.6561,0.0,0.0945,0.2144,0.0398,0.0933,0.0,4.3,127.0,14.0,658.0,5688.4,3.4,-10.0764,"WEST WALTON FORMATION, AMPTHILL CLAY FORMATION AND KIMMERIDGE CLAY FORMATION (UNDIFFERENTIATED)"
DN21,DN,17532.0,5,51.9,0.0,51.9,24.9,8.1,18.9,0.0,0.5006,0.1063,0.718,0.0,0.109,0.1823,0.0823,0.1527,0.0,4.3,129.0,14.3,629.0,5189.7,6.9,-14.5309,LIAS GROUP
DN22,DN,16131.0,4,48.2,5.3379002,42.8,14.6,7.7,20.6,0.0,0.2891,0.0937,0.7528,0.0,0.1192,0.2184,0.0826,0.1644,0.0,4.3,129.0,14.3,627.0,4283.7,124.7,-19.4837,TRIASSIC ROCKS (UNDIFFERENTIATED)
DN3,DN,13485.0,3,40.4,0.0,40.4,7.3,6.6,26.5,0.0,0.08,0.0637,0.8584,0.0,0.1762,0.2731,0.0826,0.2004,0.0,4.1,130.0,13.0,603.0,4044.8,10.5,-26.4234,none (low-plasticity bedrock)
DN31,DN,5279.0,7,65.6,12.3903,53.2,6.8,10.5,35.8,0.0,0.08,0.168,0.9724,0.0,0.2667,0.3564,0.0727,0.1441,0.0,4.8,126.0,10.9,622.0,5317.6,264.0,-24.5498,none (low-plasticity bedrock)
DN32,DN,12103.0,2,34.5,0.0,34.5,6.9,9.6,17.9,0.0,0.08,0.1447,0.7951,0.0,0.0404,0.1559,0.2138,0.4276,0.0,4.5,126.0,10.6,624.0,3445.5,17.3,-23.2265,none (low-plasticity bedrock)
DN33,DN,8705.0,1,27.6,0.0,27.6,7.0,10.3,10.3,0.0,0.08,0.1616,0.5959,0.0,0.0041,0.0436,0.1574,0.2944,0.0,4.6,126.0,11.6,635.0,2756.5,0.6,-17.9734,none (low-plasticity bedrock)
DN34,DN,8177.0,2,35.9,0.0,35.9,6.9,10.5,18.5,0.0,0.08,0.1676,0.7762,0.0,0.0742,0.1236,0.1839,0.3306,0.0,4.7,126.0,12.4,630.0,3585.7,32.0,-22.9421,none (low-plasticity bedrock)
DN35,DN,15165.0,6,57.6,0.0177,57.5,6.9,9.8,40.9,0.0,0.08,0.1506,1.0,0.0,0.3078,0.3554,0.0804,0.1539,0.0,4.6,126.0,11.2,619.0,5754.2,46.700001,-23.2911,none (low-plasticity bedrock)
DN36,DN,8994.0,5,55.9,0.0,55.9,6.7,12.2,36.9,0.0,0.08,0.2072,0.9804,0.0,0.2822,0.3518,0.0626,0.1427,0.0,4.9,127.0,12.3,612.0,5587.7,4.8,-24.1595,none (low-plasticity bedrock)
DN37,DN,10441.0,1,28.3,0.0,28.3,6.7,13.3,8.3,0.0,0.08,0.2293,0.4931,0.0,0.0414,0.0718,0.0545,0.0986,0.0,5.0,126.0,13.3,651.0,2830.0,0.0,-20.8186,none (low-plasticity bedrock)
DN38,DN,1303.0,2,34.1,0.0,34.1,19.6,9.1,5.5,0.0,0.3952,0.1287,0.3673,0.0,0.0219,0.0365,0.0325,0.059,0.0,4.4,127.0,14.2,653.0,3412.9,0.0,-13.14,"WEST WALTON FORMATION, AMPTHILL CLAY FORMATION AND KIMMERIDGE CLAY FORMATION (UNDIFFERENTIATED)"
DN39,DN,1241.0,1,28.5,3.0954001,25.4,6.9,11.5,7.0,0.0,0.08,0.1867,0.4412,0.0,0.0367,0.0577,0.0394,0.0733,0.0,4.8,126.0,14.1,648.0,2541.7,79.199997,-21.9765,none (low-plasticity bedrock)
DN4,DN,23085.0,2,34.4,5.2321,29.1,7.4,6.6,15.2,0.0,0.0824,0.0627,0.6733,0.0,0.058,0.1727,0.0922,0.2434,0.0,4.1,131.0,13.3,606.0,2913.8,103.4,-20.4043,none (low-plasticity bedrock)
DN40,DN,5229.0,2,37.8,0.0,37.8,7.0,8.9,21.9,0.0,0.08,0.1257,0.7831,0.0,0.1419,0.1917,0.0942,0.1733,0.0,4.4,125.0,12.5,631.0,3775.8,31.5,-24.8603,none (low-plasticity bedrock)
DN41,DN,1570.0,1,31.3,0.0,31.3,6.8,11.1,13.4,0.0,0.08,0.1789,0.611,0.0,0.0667,0.1302,0.0725,0.1359,0.0,4.8,126.0,12.3,623.0,3130.2,10.7,-20.4945,none (low-plasticity bedrock)
DN5,DN,17763.0,5,51.5,6.7203999,44.7,7.4,8.5,28.9,0.0,0.0925,0.1169,0.8784,0.0,0.2043,0.3021,0.068,0.1393,0.0,4.3,132.0,15.1,628.0,4474.7,146.7,-25.8893,none (low-plasticity bedrock)
DN6,DN,13222.0,3,39.8,0.0,39.8,7.5,7.1,25.2,0.0,0.0896,0.0785,0.8382,0.0,0.164,0.2651,0.0848,0.1853,0.0,4.2,131.0,12.3,608.0,3982.5,0.0,-26.1588,none (low-plasticity bedrock)
DN7,DN,9503.0,4,46.1,0.0,46.1,7.3,6.8,32.1,0.0,0.08,0.0695,0.9578,0.0,0.1913,0.3056,0.1495,0.3071,0.0,4.1,130.0,13.6,604.0,4609.7,0.0,-23.1286,none (low-plasticity bedrock)
DN8,DN,8045.0,6,60.2,7.428,52.7,7.6,6.9,38.2,0.0,0.0954,0.0749,1.0,0.0,0.2284,0.3549,0.1837,0.3705,0.0,4.2,129.0,13.2,612.0,5274.5,157.89999,-22.6837,TRIASSIC ROCKS (UNDIFFERENTIATED)
DN9,DN,8814.0,4,44.3,1.7972,42.5,15.5,6.9,20.2,0.0,0.3025,0.0718,0.7627,0.0,0.104,0.2197,0.099,0.2255,0.0,4.2,129.0,12.7,603.0,4247.7,55.8,-18.7027,TRIASSIC ROCKS (UNDIFFERENTIATED)
DT1,DT,9891.0,8,78.2,0.0,78.2,6.0,25.9,19.8,26.5,0.08,0.4919,0.7318,1.0,0.1426,0.1669,0.0586,0.1297,1.0,4.9,142.0,37.2,1067.0,7799.4,26.700001,-1.2854,none (low-plasticity bedrock)
DT10,DT,5321.0,8,75.4,0.0,75.4,37.9,16.3,21.3,0.0,0.6983,0.2955,0.7682,0.0,0.1452,0.1806,0.0855,0.1456,0.0,4.3,136.0,26.7,899.0,7541.1,25.3,-11.1964,KELLAWAYS FORMATION AND OXFORD CLAY FORMATION (UNDIFFERENTIATED)
DT11,DT,12734.0,7,66.7,6.1083002,60.6,9.5,19.9,8.1,23.0,0.1828,0.3707,0.4606,1.0,0.0598,0.07,0.0185,0.0422,0.8698,4.6,138.0,31.8,967.0,6059.9,169.0,2.4376,"WEST WALTON FORMATION, AMPTHILL CLAY FORMATION AND KIMMERIDGE CLAY FORMATION (UNDIFFERENTIATED)"
DT2,DT,11636.0,7,68.8,3.2392001,65.6,14.2,25.8,8.4,17.2,0.3414,0.4896,0.4713,1.0,0.0585,0.0665,0.027,0.0534,0.6768,4.9,141.0,38.9,1069.0,6534.7,123.1,-0.869,BRACKLESHAM GROUP AND BARTON GROUP (UNDIFFERENTIATED)
DT3,DT,10903.0,7,71.0,4.4952002,66.5,23.5,31.2,9.4,2.3,0.4997,0.5935,0.5004,1.0,0.0642,0.0708,0.035,0.0623,0.077,5.9,144.0,27.9,1047.0,6529.4,155.2,-8.2697,KELLAWAYS FORMATION AND OXFORD CLAY FORMATION (UNDIFFERENTIATED)
DT4,DT,17580.0,9,92.9,6.3193002,86.6,39.7,30.1,16.8,0.0,0.7343,0.572,0.6584,0.0,0.1292,0.1375,0.0358,0.067,0.0,5.7,146.0,24.4,1040.0,8558.4,207.5,-5.9551,KELLAWAYS FORMATION AND OXFORD CLAY FORMATION (UNDIFFERENTIATED)
DT5,DT,5699.0,6,57.0,0.4138,56.6,20.0,31.4,5.3,0.0,0.4439,0.5951,0.3426,0.0,0.0339,0.0361,0.0107,0.0226,0.0,6.7,147.0,26.1,1006.0,5548.0,64.599998,-11.3903,PURBECK LIMESTONE GROUP
DT6,DT,10442.0,6,59.1,0.0,59.1,26.7,24.5,7.8,0.0,0.538,0.4635,0.4646,0.0,0.0507,0.0635,0.0345,0.0597,0.0,5.0,142.0,28.8,983.0,5899.0,36.0,-9.2773,LIAS GROUP
DT7,DT,2548.0,5,54.2,1.2297,53.0,23.2,23.8,5.9,0.0,0.4886,0.4465,0.3782,0.0,0.0421,0.0421,0.0131,0.0265,0.0,4.7,142.0,31.4,1041.0,5291.6,93.699997,-11.7913,LIAS GROUP
DT8,DT,2836.0,6,56.7,1.1163,55.6,21.7,25.0,6.9,2.0,0.4677,0.4724,0.4417,1.0,0.0387,0.0511,0.0413,0.0697,0.0603,4.7,141.0,38.7,1079.0,5546.2,69.400002,-10.3701,LIAS GROUP
DT9,DT,9878.0,5,54.9,0.0,54.9,26.8,15.7,12.4,0.0,0.5346,0.2822,0.5758,0.0,0.0766,0.094,0.0546,0.0993,0.0,4.3,137.0,25.9,901.0,5485.2,1.0,-11.308,KELLAWAYS FORMATION AND OXFORD CLAY FORMATION (UNDIFFERENTIATED)
DY1,DY,14185.0,2,35.4,12.2587,23.1,8.1,9.3,5.8,0.0,0.12,0.1334,0.4548,0.0,0.0,0.0,0.0931,0.2216,0.0,4.1,133.0,17.4,749.0,2314.0,224.8,-18.1988,none (low-plasticity bedrock)
DY10,DY,15523.0,2,37.3,13.3267,24.0,8.2,6.8,9.0,0.0,0.1165,0.069,0.4969,0.0,0.058,0.0727,0.0359,0.0795,0.0,3.7,134.0,16.6,721.0,2399.1,246.89999,-22.9136,TRIASSIC ROCKS (UNDIFFERENTIATED)
DY11,DY,14098.0,1,25.0,0.0,25.0,7.5,6.5,11.0,0.0,0.0862,0.0596,0.5487,0.0,0.0706,0.0859,0.0438,0.1012,0.0,3.7,134.0,15.9,727.0,2500.4,0.0,-24.3622,TRIASSIC ROCKS (UNDIFFERENTIATED)
DY12,DY,5911.0,1,21.6,0.0,21.6,8.1,6.9,6.7,0.0,0.1153,0.0704,0.415,0.0,0.0386,0.0472,0.0292,0.0578,0.0,3.6,134.0,18.7,745.0,2165.0,10.7,-23.5837,none (low-plasticity bedrock)
DY13,DY,10125.0,2,33.6,2.2973001,31.3,7.4,8.0,16.0,0.0,0.088,0.1012,0.6332,0.0,0.1126,0.1291,0.035,0.0873,0.0,3.9,134.0,16.5,712.0,3132.6,74.199997,-22.1645,TRIASSIC ROCKS (UNDIFFERENTIATED)
DY14,DY,4269.0,1,28.5,0.0,28.5,7.6,14.8,6.1,0.0,0.1162,0.2621,0.408,0.0,0.0313,0.0414,0.0353,0.0719,0.0,4.7,135.0,21.1,820.0,2854.5,22.5,-19.7605,none (low-plasticity bedrock)
DY2,DY,14036.0,3,39.7,14.8543,24.8,8.2,8.2,8.4,0.0,0.1181,0.1073,0.5384,0.0,0.0144,0.0165,0.1182,0.2478,0.0,3.9,133.0,17.3,753.0,2484.3,276.39999,-19.3471,none (low-plasticity bedrock)
DY3,DY,15470.0,1,22.1,0.0,22.1,7.7,8.4,6.0,0.0,0.1021,0.1114,0.409,0.0,0.0254,0.0287,0.0437,0.0992,0.0,4.0,133.0,16.8,738.0,2208.2,8.6,-21.9151,none (low-plasticity bedrock)
DY4,DY,19135.0,2,34.1,0.93229997,33.1,8.1,10.3,14.7,0.0,0.12,0.162,0.6954,0.0,0.0448,0.1042,0.1498,0.3241,0.0,4.2,133.0,17.6,754.0,3313.9,63.900002,-18.7823,none (low-plasticity bedrock)
DY5,DY,18623.0,6,56.3,31.913401,24.4,8.3,7.6,8.5,0.0,0.1199,0.0918,0.5349,0.0,0.0234,0.0287,0.1014,0.2237,0.0,3.8,134.0,17.1,748.0,2439.6,554.20001,-20.381,none (low-plasticity bedrock)
DY6,DY,12337.0,2,33.3,6.6364002,26.7,7.5,7.1,12.0,0.0,0.0907,0.0781,0.5744,0.0,0.0699,0.0812,0.0588,0.1377,0.0,3.8,134.0,16.1,735.0,2667.6,146.89999,-22.3722,none (low-plasticity bedrock)
DY7,DY,3638.0,1,24.0,0.0,24.0,7.5,8.8,7.7,0.0,0.0954,0.1203,0.456,0.0,0.0506,0.0568,0.0306,0.0644,0.0,4.0,134.0,17.7,733.0,2396.6,7.2,-23.3695,none (low-plasticity bedrock)
DY8,DY,22196.0,1,23.4,0.0,23.4,7.3,7.8,8.3,0.0,0.0813,0.097,0.4919,0.0,0.0461,0.0592,0.0468,0.1163,0.0,3.8,134.0,17.3,739.0,2338.4,2.2,-22.9871,none (low-plasticity bedrock)
DY9,DY,13423.0,1,31.8,8.5039997,23.3,8.3,8.8,6.2,0.0,0.125,0.1205,0.4106,0.0,0.029,0.0381,0.0399,0.0799,0.0,4.0,134.0,18.5,741.0,2327.5,168.60001,-21.1305,TRIASSIC ROCKS (UNDIFFERENTIATED)
E1,E,29387.0,9,91.2,9.7778997,81.4,62.7,7.5,11.2,0.0,1.0,0.0878,0.6433,0.0,0.0,0.0,0.1901,0.4317,0.0,3.6,140.0,13.7,628.0,8139.9,223.8,-2.8584,THAMES GROUP
E10,E,16685.0,10,107.1,13.1094,93.9,53.9,7.6,32.4,0.0,0.8911,0.0927,0.9677,0.0,0.1952,0.3055,0.1352,0.3773,0.0,3.7,140.0,13.6,628.0,9394.8,297.39999,-9.2866,THAMES GROUP
E11,E,22222.0,10,151.6,72.184196,79.4,61.8,8.0,9.6,0.0,0.99,0.1001,0.5572,0.0,0.0286,0.0417,0.0926,0.2616,0.0,3.7,140.0,13.4,623.0,7937.7,1291.3,-3.8032,THAMES GROUP
E12,E,12521.0,9,95.4,15.7521,79.6,60.7,7.8,11.1,0.0,0.9778,0.0962,0.5994,0.0,0.0196,0.1435,0.0864,0.2737,0.0,3.8,140.0,13.0,608.0,7963.0,333.79999,-4.0358,THAMES GROUP
E13,E,16521.0,10,178.1,96.877197,81.2,63.0,7.3,10.9,0.0,1.0,0.0836,0.6289,0.0,0.0085,0.0199,0.1502,0.4314,0.0,3.7,140.0,12.4,615.0,8120.8,1706.9,-2.9101,THAMES GROUP
E14,E,43093.0,10,144.4,46.7127,97.7,52.7,7.7,37.3,0.0,0.8761,0.0966,0.9956,0.0,0.2668,0.2794,0.1155,0.2542,0.0,3.7,140.0,13.8,620.0,9769.4,854.09998,-10.0383,THAMES GROUP
E15,E,21820.0,10,101.4,23.8197,77.6,49.7,7.4,20.5,0.0,0.8438,0.0876,0.8072,0.0,0.0995,0.1441,0.1526,0.3822,0.0,3.7,140.0,13.0,620.0,7755.4,474.0,-8.395,LAMBETH GROUP
E16,E,23808.0,8,80.5,0.79629999,79.7,45.8,7.5,26.4,0.0,0.7964,0.0891,0.8737,0.0,0.1771,0.1997,0.115,0.2855,0.0,3.7,140.0,12.3,615.0,7969.4,84.199997,-11.3793,THAMES GROUP
E17,E,41458.0,10,198.4,109.5438,88.8,62.6,7.9,18.4,0.0,1.0,0.0992,0.7573,0.0,0.0841,0.1212,0.1485,0.3209,0.0,3.7,140.0,13.9,632.0,8884.3,1920.2,-7.007,THAMES GROUP
E18,E,8205.0,9,85.8,4.0869002,81.7,62.5,8.2,11.0,0.0,1.0,0.108,0.6192,0.0,0.0062,0.0739,0.1475,0.3321,0.0,3.8,140.0,13.8,629.0,8168.3,160.0,-3.6443,THAMES GROUP
E1W,E,4050.0,10,112.3,0.0,112.3,62.8,7.5,42.0,0.0,1.0,0.0895,1.0,0.0,0.294,0.3475,0.1329,0.2677,0.0,3.6,140.0,14.0,623.0,11226.6,37.400002,-10.685,THAMES GROUP
E2,E,19402.0,9,98.1,15.3884,82.8,62.7,7.6,12.5,0.0,1.0,0.0906,0.677,0.0,0.0,0.0,0.2179,0.4562,0.0,3.6,140.0,13.9,629.0,8275.2,328.89999,-3.2198,THAMES GROUP
E20,E,4135.0,9,91.3,0.0,91.3,42.1,7.5,41.7,0.0,0.75,0.0891,1.0,0.0,0.2705,0.3865,0.1561,0.3246,0.0,3.7,140.0,13.2,622.0,9130.3,91.099998,-12.2788,LAMBETH GROUP
E3,E,26543.0,9,93.4,5.8926001,87.5,60.8,7.5,19.2,0.0,0.9763,0.0888,0.7678,0.0,0.1022,0.1043,0.1368,0.3323,0.0,3.7,140.0,13.8,624.0,8754.9,177.10001,-7.2372,THAMES GROUP
E4,E,24748.0,10,192.8,102.479,90.3,62.4,8.6,19.3,0.0,1.0,0.1203,0.7709,0.0,0.0984,0.1331,0.1498,0.2763,0.0,3.8,140.0,16.0,647.0,9029.9,1784.2,-7.9673,THAMES GROUP
E5,E,18679.0,10,101.5,0.0,101.5,61.2,7.9,32.4,0.0,0.9833,0.1025,1.0,0.0,0.1562,0.1901,0.2824,0.5483,0.0,3.7,140.0,13.8,629.0,10154.3,40.099998,-8.91,THAMES GROUP
E6,E,24872.0,10,145.7,61.442799,84.2,58.4,7.2,18.7,0.0,0.9475,0.0805,0.7797,0.0,0.0446,0.3078,0.1277,0.3532,0.0,3.7,140.0,12.4,609.0,8424.4,1102.4,-6.7778,THAMES GROUP
E7,E,16332.0,8,76.0,3.5228,72.4,57.6,7.6,7.3,0.0,0.9423,0.0898,0.53,0.0,0.0,0.0,0.1014,0.3762,0.0,3.7,140.0,12.9,612.0,7244.5,115.0,-2.9677,THAMES GROUP
E8,E,19436.0,10,142.0,53.396301,88.6,62.7,7.8,18.2,0.0,1.0,0.0971,0.853,0.0,0.0,0.0,0.3562,0.6933,0.0,3.7,140.0,14.0,629.0,8862.6,970.5,-6.62,THAMES GROUP
E9,E,16441.0,10,139.8,41.7589,98.0,56.5,7.6,33.9,0.0,0.922,0.094,1.0,0.0,0.164,0.1874,0.3001,0.5745,0.0,3.7,140.0,13.8,628.0,9801.7,793.59998,-8.5071,THAMES GROUP
EC1A,EC,659.0,9,85.5,13.7062,71.8,62.0,7.7,2.1,0.0,1.0,0.0893,0.1489,0.0,0.0,0.0,0.0082,0.029,0.0,3.6,140.0,14.0,632.0,7177.7,317.10001,-4.3057,THAMES GROUP
EC1M,EC,1079.0,9,85.3,4.0282001,81.3,62.8,7.6,10.9,0.0,1.0,0.0906,0.631,0.0,0.0,0.0,0.1946,0.3803,0.0,3.6,140.0,14.3,633.0,8126.3,143.60001,-2.7912,THAMES GROUP
EC1N,EC,1169.0,8,80.7,0.88459998,79.9,62.8,7.6,9.4,0.0,1.0,0.0909,0.5791,0.0,0.0,0.0,0.1623,0.3254,0.0,3.6,140.0,14.5,633.0,7985.6,99.300003,-2.6125,THAMES GROUP
EC1R,EC,1715.0,8,81.1,2.9198,78.2,63.0,7.6,7.6,0.0,1.0,0.0911,0.5311,0.0,0.0,0.0,0.1327,0.2851,0.0,3.6,140.0,14.4,633.0,7819.7,117.9,-2.7639,THAMES GROUP
EC1V,EC,7391.0,8,81.2,0.0,81.2,62.8,7.5,10.9,0.0,1.0,0.0894,0.634,0.0,0.0,0.0,0.1828,0.4252,0.0,3.6,140.0,14.0,632.0,8120.6,21.700001,-2.7835,THAMES GROUP
EC1Y,EC,1690.0,8,77.0,0.0,77.0,63.1,7.5,6.4,0.0,1.0,0.0884,0.4798,0.0,0.0,0.0,0.1119,0.2216,0.0,3.6,140.0,13.7,632.0,7703.2,9.3,-2.0012,THAMES GROUP
EC2A,EC,1634.0,9,85.5,0.0,85.5,62.8,7.5,15.2,0.0,1.0,0.0881,0.7733,0.0,0.0,0.0,0.2878,0.585,0.0,3.6,140.0,13.6,630.0,8549.3,0.0,-5.536,THAMES GROUP
EC2M,EC,335.0,7,74.5,0.0,74.5,63.0,7.6,4.0,0.0,1.0,0.088,0.3397,0.0,0.0,0.0,0.0156,0.2325,0.0,3.6,140.0,13.6,631.0,7447.0,4.3,-1.3357,THAMES GROUP
EC2N,EC,52.0,8,76.5,3.8773,72.6,62.4,7.6,2.6,0.0,1.0,0.0878,0.2195,0.0,0.0,0.0,0.0,0.1167,0.0,3.6,140.0,13.6,631.0,7257.6,124.1,-3.0398,THAMES GROUP
EC2R,EC,73.0,8,79.1,4.8403001,74.3,63.0,7.5,3.8,0.0,1.0,0.0879,0.3406,0.0,0.0,0.0,0.0,0.2809,0.0,3.6,140.0,13.6,632.0,7427.1,172.8,-1.4516,THAMES GROUP
EC2V,EC,546.0,7,73.8,2.6334,71.1,61.7,7.7,1.7,0.0,1.0,0.0882,0.0,0.0,0.0,0.0,0.0,0.0,0.0,3.6,140.0,13.7,632.0,7112.7,112.4,-5.5185,THAMES GROUP
EC2Y,EC,991.0,9,93.5,20.3011,73.2,62.6,7.6,2.9,0.0,1.0,0.0883,0.2589,0.0,0.0,0.0,0.0165,0.113,0.0,3.6,140.0,13.7,632.0,7317.2,402.0,-2.5761,THAMES GROUP
EC3A,EC,185.0,7,71.3,0.0,71.3,61.8,7.6,1.8,0.0,1.0,0.0875,0.0473,0.0,0.0,0.0,0.0,0.0054,0.0,3.6,140.0,13.5,629.0,7125.8,0.0,-5.2003,THAMES GROUP
EC3M,EC,94.0,7,73.6,2.5153999,71.1,61.8,7.7,1.7,0.0,1.0,0.0872,0.0,0.0,0.0,0.0,0.0,0.0,0.0,3.6,140.0,13.4,631.0,7111.0,106.7,-5.4951,THAMES GROUP
EC3N,EC,532.0,9,92.3,0.0,92.3,62.8,7.4,22.1,0.0,1.0,0.0872,0.7514,0.0,0.1624,0.1624,0.0593,0.1065,0.0,3.6,140.0,13.5,631.0,9234.2,29.200001,-8.3701,THAMES GROUP
EC3R,EC,78.0,10,127.6,31.509199,96.1,62.8,7.4,25.8,0.0,1.0,0.0866,0.805,0.0,0.2089,0.2089,0.0018,0.1713,0.0,3.6,140.0,13.3,631.0,9605.7,611.90002,-10.3162,THAMES GROUP
EC3V,EC,68.0,8,80.0,8.4979,71.5,62.0,7.6,1.9,0.0,1.0,0.0873,0.1001,0.0,0.0,0.0,0.0,0.0243,0.0,3.6,140.0,13.4,631.0,7152.6,207.10001,-4.7077,THAMES GROUP
EC4A,EC,302.0,8,82.9,2.8067999,80.1,62.9,7.6,9.7,0.0,1.0,0.0897,0.5769,0.0,0.0,0.0,0.1986,0.21,0.0,3.6,140.0,14.1,633.0,8012.4,132.39999,-2.5269,THAMES GROUP
EC4M,EC,106.0,7,72.8,0.0,72.8,62.4,7.6,2.8,0.0,1.0,0.0888,0.2229,0.0,0.0,0.0,0.0289,0.0337,0.0,3.6,140.0,13.8,632.0,7283.3,0.0,-2.856,THAMES GROUP
EC4N,EC,74.0,7,73.4,1.8515,71.5,61.9,7.6,1.9,0.0,1.0,0.0875,0.1047,0.0,0.0,0.0,0.0,0.0265,0.0,3.6,140.0,13.5,631.0,7151.3,95.699997,-4.718,THAMES GROUP
EC4R,EC,54.0,10,143.5,13.8892,129.6,62.8,7.4,59.4,0.0,1.0,0.087,1.0,0.0,0.4639,0.4639,0.0804,0.3038,0.0,3.6,140.0,13.3,631.0,12961.0,367.29999,-12.0284,THAMES GROUP
EC4V,EC,106.0,10,121.7,0.0,121.7,62.8,7.4,51.5,0.0,1.0,0.0881,1.0,0.0,0.3621,0.3923,0.2071,0.2958,0.0,3.6,140.0,13.6,632.0,12173.9,44.599998,-11.3144,THAMES GROUP
EC4Y,EC,240.0,10,104.8,0.0,104.8,62.8,7.4,34.5,0.0,1.0,0.0886,1.0,0.0,0.1849,0.1849,0.3039,0.4141,0.0,3.6,140.0,13.8,633.0,10478.9,0.0,-9.1254,THAMES GROUP
EH1,EH,8392.0,1,30.5,0.0,30.5,7.3,15.0,7.1,1.1,0.1054,0.2664,0.4994,0.8802,0.0,0.0,0.1354,0.1979,0.02,4.3,145.0,17.2,829.0,3045.7,26.1,-13.9976,none (low-plasticity bedrock)
EH10,EH,12681.0,2,35.4,0.0,35.4,6.4,23.1,4.8,1.2,0.0914,0.4325,0.3841,0.8802,0.0089,0.0126,0.0645,0.0986,0.02,5.1,146.0,21.2,868.0,3537.7,17.200001,-14.2743,none (low-plasticity bedrock)
EH11,EH,14199.0,5,50.3,9.7629995,40.6,6.4,17.7,15.2,1.2,0.0805,0.3259,0.6849,0.8802,0.0641,0.1164,0.1366,0.2118,0.02,4.5,146.0,17.5,883.0,4056.1,208.60001,-16.7278,none (low-plasticity bedrock)
EH12,EH,19115.0,8,78.5,31.7271,46.8,6.4,17.4,21.8,1.2,0.08,0.319,0.7786,0.8802,0.1553,0.1646,0.0899,0.1476,0.02,4.5,146.0,18.3,855.0,4677.9,570.79999,-21.4385,none (low-plasticity bedrock)
EH13,EH,4927.0,3,43.5,1.6488,41.8,6.3,26.3,8.0,1.2,0.0989,0.4992,0.4985,0.8802,0.0252,0.0573,0.0861,0.1221,0.02,5.4,146.0,23.4,936.0,4163.3,71.699997,-13.0173,none (low-plasticity bedrock)
EH14,EH,14056.0,10,133.9,88.414803,45.5,6.6,28.6,9.0,1.2,0.1081,0.5443,0.5199,0.8802,0.0412,0.0422,0.0869,0.1175,0.02,5.4,147.0,24.3,968.0,4487.7,1542.7,-12.9982,none (low-plasticity bedrock)
EH15,EH,9019.0,4,45.7,0.0,45.7,6.7,14.7,23.1,1.1,0.0873,0.2628,0.7662,0.8802,0.1802,0.1921,0.0436,0.0699,0.02,4.6,143.0,14.1,813.0,4567.7,0.0,-22.1982,none (low-plasticity bedrock)
EH16,EH,12901.0,4,48.7,10.2222,38.5,6.8,18.5,12.0,1.2,0.1032,0.3408,0.6019,0.8802,0.0554,0.0757,0.1028,0.1656,0.02,4.8,146.0,17.8,817.0,3848.2,205.2,-16.2917,none (low-plasticity bedrock)
EH17,EH,7083.0,3,42.4,0.53149998,41.9,6.2,22.4,12.1,1.2,0.0831,0.4221,0.5975,0.8802,0.0623,0.0623,0.0977,0.1563,0.02,5.2,146.0,19.3,815.0,4191.7,40.599998,-15.5077,none (low-plasticity bedrock)
EH18,EH,1364.0,6,56.7,19.0919,37.6,6.4,22.8,7.2,1.2,0.0966,0.4288,0.4441,0.8802,0.0459,0.0523,0.0343,0.058,0.02,5.1,146.0,19.5,806.0,3763.4,354.89999,-16.6303,none (low-plasticity bedrock)
EH19,EH,5125.0,2,36.9,0.0,36.9,7.1,21.2,7.4,1.2,0.1149,0.3959,0.4813,0.8802,0.0222,0.0222,0.0916,0.1381,0.02,4.9,147.0,17.2,814.0,3685.0,7.5,-13.5274,none (low-plasticity bedrock)
EH2,EH,8755.0,1,29.6,0.0,29.6,6.8,15.0,6.7,1.1,0.0879,0.2666,0.4885,0.8802,0.0,0.0,0.1283,0.193,0.02,4.3,145.0,17.8,847.0,2960.2,18.5,-14.7365,none (low-plasticity bedrock)
EH20,EH,3102.0,3,39.9,2.6403999,37.3,6.2,24.9,5.0,1.2,0.08,0.4712,0.409,0.8802,0.008,0.0107,0.0765,0.1178,0.02,5.4,146.0,20.8,818.0,3722.4,80.5,-13.7069,none (low-plasticity bedrock)
EH21,EH,9646.0,4,48.8,4.9555998,43.8,6.9,15.9,19.9,1.2,0.1019,0.2887,0.717,0.8802,0.1459,0.1618,0.0532,0.0862,0.02,4.7,143.0,15.5,801.0,4384.8,118.7,-19.8165,none (low-plasticity bedrock)
EH22,EH,14188.0,3,39.3,6.6609001,32.6,6.8,17.3,7.4,1.1,0.0952,0.3155,0.483,0.8802,0.0246,0.0269,0.0883,0.1322,0.02,4.8,143.0,17.2,812.0,3262.6,153.2,-15.426,none (low-plasticity bedrock)
EH23,EH,3750.0,3,42.1,0.0,42.1,6.2,27.6,7.1,1.2,0.0892,0.5247,0.4601,0.8802,0.032,0.0321,0.0695,0.0907,0.02,5.5,147.0,23.7,974.0,4168.4,28.9,-13.5284,none (low-plasticity bedrock)
EH24,EH,902.0,3,39.2,0.0,39.2,6.9,24.7,6.4,1.2,0.1112,0.4667,0.4524,0.8802,0.0204,0.0207,0.0825,0.1118,0.02,5.2,147.0,19.8,857.0,3914.6,2.1,-13.29,none (low-plasticity bedrock)
EH25,EH,1771.0,4,44.0,1.7219,42.2,6.1,26.3,8.6,1.2,0.0818,0.4995,0.5088,0.8802,0.0391,0.0404,0.083,0.1153,0.02,5.3,147.0,20.7,893.0,4202.5,68.0,-13.5089,none (low-plasticity bedrock)
EH26,EH,6896.0,4,47.4,0.0,47.4,6.0,34.1,6.0,1.2,0.0838,0.6459,0.4306,0.8802,0.0246,0.0262,0.0649,0.0879,0.02,5.8,148.0,31.3,1007.0,4543.5,26.5,-12.3394,none (low-plasticity bedrock)
EH27,EH,935.0,4,48.5,0.73339999,47.8,6.1,30.8,9.6,1.2,0.0948,0.5859,0.5383,0.8802,0.0447,0.0447,0.0942,0.1212,0.02,5.5,147.0,26.4,1024.0,4670.6,59.8,-13.2302,none (low-plasticity bedrock)
EH28,EH,1958.0,3,40.0,0.0,40.0,6.2,20.1,12.4,1.2,0.08,0.3746,0.6066,0.8802,0.0646,0.0692,0.1036,0.1424,0.02,4.6,147.0,19.9,911.0,3995.6,4.6,-16.5842,none (low-plasticity bedrock)
EH29,EH,1496.0,6,57.9,3.4935,54.5,6.4,18.3,28.6,1.2,0.08,0.3389,0.9019,0.8802,0.2171,0.2306,0.1129,0.1616,0.02,4.5,146.0,19.5,870.0,5445.6,106.8,-23.1518,none (low-plasticity bedrock)
EH3,EH,16575.0,1,30.5,0.0,30.5,6.8,14.9,7.8,1.1,0.0898,0.2637,0.4993,0.8802,0.0217,0.0577,0.0835,0.1486,0.02,4.3,145.0,17.8,846.0,3054.7,0.0,-16.2083,none (low-plasticity bedrock)
EH30,EH,3289.0,7,72.8,0.0,72.8,6.4,17.0,48.2,1.2,0.08,0.312,1.0,0.8802,0.3915,0.3915,0.0578,0.0791,0.02,4.5,146.0,19.7,830.0,7278.4,48.5,-21.4448,none (low-plasticity bedrock)
EH31,EH,1210.0,4,46.9,0.0,46.9,6.2,21.1,18.4,1.2,0.08,0.3961,0.6627,0.8802,0.1483,0.1483,0.0152,0.0294,0.02,5.8,143.0,13.6,737.0,4693.3,44.0,-17.9419,none (low-plasticity bedrock)
EH32,EH,6643.0,5,53.0,3.3548,49.7,6.3,19.4,22.8,1.2,0.08,0.3611,0.7757,0.8802,0.1766,0.1836,0.06,0.0879,0.02,5.4,143.0,13.2,749.0,4967.6,93.5,-21.5289,none (low-plasticity bedrock)
EH33,EH,4828.0,4,47.5,14.5654,32.9,6.4,17.8,7.5,1.1,0.08,0.326,0.5011,0.8802,0.014,0.0154,0.1152,0.167,0.02,5.1,143.0,15.5,769.0,3292.1,282.79999,-14.8202,none (low-plasticity bedrock)
EH34,EH,1067.0,2,34.6,0.0,34.6,6.5,17.4,9.5,1.1,0.0801,0.3181,0.5284,0.8802,0.0473,0.0473,0.0811,0.1173,0.02,5.0,143.0,14.3,790.0,3456.2,28.3,-16.8649,none (low-plasticity bedrock)
EH35,EH,858.0,3,43.5,2.3065,41.2,6.4,17.9,15.7,1.2,0.08,0.3302,0.6728,0.8802,0.0882,0.0882,0.1168,0.158,0.02,5.1,143.0,14.6,758.0,4119.3,76.199997,-17.079,none (low-plasticity bedrock)
EH36,EH,121.0,3,39.0,1.9281,37.1,6.3,23.2,6.4,1.2,0.0849,0.4367,0.4354,0.8802,0.031,0.0311,0.0578,0.0785,0.02,5.4,143.0,23.3,891.0,3708.9,69.400002,-15.3659,none (low-plasticity bedrock)
EH37,EH,1144.0,2,34.5,0.0,34.5,6.4,21.7,5.3,1.2,0.0885,0.4045,0.4027,0.8802,0.0199,0.0199,0.0594,0.082,0.02,5.3,143.0,18.1,823.0,3448.5,27.1,-16.0087,none (low-plasticity bedrock)
EH38,EH,165.0,4,44.9,0.0,44.9,6.0,31.0,6.7,1.2,0.08,0.588,0.4447,0.8802,0.0389,0.0389,0.0516,0.0647,0.02,6.0,146.0,26.1,1012.0,4384.9,14.0,-13.7528,none (low-plasticity bedrock)
EH39,EH,5400.0,3,40.9,0.0,40.9,6.5,17.4,15.9,1.2,0.0839,0.3187,0.6455,0.8802,0.1093,0.1099,0.0635,0.0889,0.02,5.2,144.0,13.4,702.0,4091.1,19.5,-17.581,none (low-plasticity bedrock)
EH4,EH,24229.0,9,95.4,35.532101,59.8,6.5,15.2,36.9,1.2,0.08,0.2734,0.9733,0.8802,0.304,0.3066,0.0568,0.0924,0.02,4.3,145.0,18.8,796.0,5982.3,630.79999,-23.0447,none (low-plasticity bedrock)
EH40,EH,825.0,2,37.2,0.0,37.2,6.7,16.9,12.5,1.1,0.0912,0.3078,0.6097,0.8802,0.059,0.059,0.117,0.1556,0.02,5.0,144.0,13.6,719.0,3717.1,8.9,-16.4846,none (low-plasticity bedrock)
EH41,EH,5939.0,2,35.8,0.0,35.8,6.3,20.4,7.9,1.2,0.0842,0.3803,0.4866,0.8802,0.032,0.0343,0.0823,0.109,0.02,5.2,144.0,20.0,880.0,3579.1,3.6,-14.9464,none (low-plasticity bedrock)
EH42,EH,4333.0,4,48.6,0.0,48.6,6.3,23.8,17.4,1.2,0.0907,0.4502,0.6738,0.8802,0.1265,0.1284,0.0581,0.0789,0.02,5.9,146.0,18.0,749.0,4863.3,13.7,-16.7373,none (low-plasticity bedrock)
EH43,EH,319.0,3,38.2,0.0,38.2,6.3,20.2,10.5,1.2,0.08,0.3764,0.5323,0.8802,0.0681,0.0686,0.054,0.0698,0.02,4.3,146.0,29.8,1136.0,3819.6,23.1,-17.2449,none (low-plasticity bedrock)
EH44,EH,1364.0,2,36.0,0.0,36.0,6.2,22.2,6.4,1.2,0.08,0.4145,0.4299,0.8802,0.0338,0.0344,0.0512,0.0677,0.02,4.4,147.0,31.6,1167.0,3595.4,18.1,-16.1716,none (low-plasticity bedrock)
EH45,EH,4861.0,3,41.8,0.0,41.8,6.1,26.3,8.2,1.2,0.0803,0.4998,0.4761,0.8802,0.0473,0.0508,0.0529,0.0694,0.02,4.8,149.0,25.4,1168.0,4161.9,6.8,-14.2192,none (low-plasticity bedrock)
EH46,EH,1397.0,3,43.6,0.0,43.6,6.1,28.4,7.9,1.2,0.0854,0.5399,0.4773,0.8802,0.0382,0.0397,0.068,0.0902,0.02,5.1,149.0,25.8,1104.0,4304.7,0.0,-13.1014,none (low-plasticity bedrock)
EH47,EH,9041.0,4,48.7,0.0,48.7,6.1,30.6,10.8,1.3,0.0929,0.5814,0.5867,0.8802,0.0418,0.0495,0.1249,0.1672,0.02,5.0,148.0,33.3,1126.0,4769.3,29.4,-12.9941,none (low-plasticity bedrock)
EH48,EH,12406.0,4,44.7,0.85259998,43.8,6.3,26.9,9.4,1.2,0.095,0.5125,0.5409,0.8802,0.0371,0.0396,0.1058,0.1396,0.02,4.8,147.0,26.8,1063.0,4350.7,53.3,-13.8135,none (low-plasticity bedrock)
EH49,EH,6049.0,4,49.3,2.8915,46.4,6.2,21.3,17.7,1.2,0.08,0.4008,0.6923,0.8802,0.1198,0.1218,0.0836,0.1082,0.02,4.7,147.0,22.0,939.0,4641.9,89.800003,-17.5234,none (low-plasticity bedrock)
EH5,EH,8524.0,4,46.6,0.0,46.6,6.6,14.0,24.8,1.1,0.08,0.2479,0.7809,0.8802,0.2061,0.2061,0.0211,0.0394,0.02,4.2,145.0,18.0,823.0,4663.5,9.9,-23.3002,none (low-plasticity bedrock)
EH51,EH,5257.0,9,96.4,0.0,96.4,6.4,17.7,71.1,1.2,0.08,0.3262,1.0,0.8802,0.5891,0.6028,0.0524,0.0762,0.02,4.3,147.0,20.1,965.0,9636.5,14.6,-20.398,none (low-plasticity bedrock)
EH52,EH,7237.0,3,40.1,0.0,40.1,6.2,22.7,10.0,1.2,0.08,0.4287,0.5629,0.8802,0.0383,0.0418,0.117,0.1552,0.02,4.9,147.0,21.9,905.0,4012.0,30.5,-15.2741,none (low-plasticity bedrock)
EH53,EH,3585.0,3,37.9,0.0,37.9,6.3,24.2,6.2,1.2,0.089,0.4572,0.444,0.8802,0.019,0.0222,0.0778,0.112,0.02,4.7,147.0,24.5,994.0,3790.8,23.6,-13.9127,none (low-plasticity bedrock)
EH54,EH,15464.0,4,44.6,2.5536001,42.0,6.1,25.1,9.6,1.2,0.0801,0.4765,0.5567,0.8802,0.0332,0.0376,0.1172,0.1701,0.02,4.8,147.0,25.0,999.0,4193.6,78.400002,-14.2162,none (low-plasticity bedrock)
EH55,EH,3431.0,5,53.3,4.6436,48.6,6.0,32.0,9.4,1.2,0.0874,0.6072,0.541,0.8802,0.0364,0.0368,0.1079,0.1419,0.02,5.1,148.0,37.2,1137.0,4728.0,130.60001,-12.4583,none (low-plasticity bedrock)
EH6,EH,16036.0,4,47.8,0.0,47.8,6.7,12.2,27.8,1.1,0.08,0.2058,0.8343,0.8802,0.2278,0.2357,0.032,0.0576,0.02,4.0,145.0,15.1,848.0,4778.6,25.5,-24.8222,none (low-plasticity bedrock)
EH7,EH,12736.0,1,30.9,0.0,30.9,6.7,13.9,9.3,1.1,0.08,0.2422,0.5344,0.8802,0.0327,0.0557,0.0921,0.1589,0.02,4.3,145.0,14.7,821.0,3091.2,6.1,-17.2358,none (low-plasticity bedrock)
EH8,EH,8469.0,1,29.8,0.0,29.8,6.9,15.5,6.3,1.1,0.0934,0.2775,0.4664,0.8802,0.0062,0.007,0.1061,0.166,0.02,4.4,145.0,16.4,824.0,2982.8,0.0,-15.1635,none (low-plasticity bedrock)
EH9,EH,8128.0,2,35.7,1.4852999,34.2,7.1,17.8,8.2,1.1,0.1065,0.3252,0.5164,0.8802,0.0204,0.0204,0.111,0.1768,0.02,4.6,146.0,17.9,836.0,3420.1,64.0,-14.8057,none (low-plasticity bedrock)
EN1,EN,17338.0,8,81.9,0.0,81.9,61.8,10.4,9.8,0.0,1.0,0.1618,0.5728,0.0,0.0138,0.044,0.1214,0.2879,0.0,4.1,140.0,14.4,660.0,8194.4,0.0,-4.3034,THAMES GROUP
EN10,EN,7254.0,10,123.1,34.852798,88.2,58.8,10.4,19.0,0.0,0.9624,0.1648,0.7295,0.0,0.1138,0.1847,0.0782,0.1773,0.0,4.1,139.0,14.5,645.0,8823.8,681.09998,-7.6577,THAMES GROUP
EN11,EN,9178.0,8,76.5,5.0089002,71.5,34.3,10.3,26.9,0.0,0.6352,0.1619,0.8705,0.0,0.1858,0.2337,0.0905,0.2449,0.0,4.1,139.0,14.9,643.0,7153.5,155.39999,-13.8052,THAMES GROUP
EN2,EN,13601.0,9,86.2,0.0,86.2,61.6,10.8,13.8,0.0,0.9999,0.1727,0.6388,0.0,0.0652,0.0938,0.1025,0.1984,0.0,4.1,140.0,15.2,661.0,8622.4,51.0,-5.7847,THAMES GROUP
EN3,EN,21021.0,9,90.5,0.0,90.5,62.1,9.0,19.4,0.0,1.0,0.13,0.7782,0.0,0.085,0.2193,0.1099,0.3462,0.0,3.9,140.0,15.1,658.0,9049.0,0.0,-8.161,THAMES GROUP
EN4,EN,10416.0,9,85.6,0.0,85.6,61.4,12.3,12.0,0.0,1.0,0.2062,0.5989,0.0,0.0505,0.0727,0.0968,0.2045,0.0,4.3,140.0,15.9,675.0,8564.7,1.6,-5.5713,THAMES GROUP
EN5,EN,16315.0,9,91.3,1.6469001,89.6,61.3,13.0,15.4,0.0,1.0,0.2243,0.6896,0.0,0.0717,0.0979,0.1309,0.2377,0.0,4.4,139.0,16.2,697.0,8963.5,109.1,-6.779,THAMES GROUP
EN6,EN,12253.0,8,75.8,0.0,75.8,51.6,11.8,12.5,0.0,0.8701,0.195,0.6001,0.0,0.0593,0.077,0.0934,0.167,0.0,4.3,139.0,16.2,678.0,7583.6,32.700001,-4.1622,THAMES GROUP
EN7,EN,8328.0,8,82.1,1.5315,80.5,61.5,11.8,7.3,0.0,0.9989,0.1935,0.4822,0.0,0.0262,0.0411,0.0712,0.1503,0.0,4.3,140.0,15.7,660.0,8054.7,103.0,-4.8726,THAMES GROUP
EN8,EN,16060.0,10,115.2,9.8810997,105.3,61.7,10.0,33.6,0.0,1.0,0.1558,0.9827,0.0,0.207,0.3806,0.1184,0.3144,0.0,4.1,140.0,14.0,653.0,10528.9,263.39999,-11.2428,THAMES GROUP
EN9,EN,10949.0,9,92.2,2.5948999,89.6,60.4,10.1,19.1,0.0,0.9837,0.1575,0.7525,0.0,0.106,0.1534,0.1185,0.2301,0.0,4.1,140.0,14.7,649.0,8960.4,144.7,-8.4189,THAMES GROUP
EX1,EX,10927.0,6,57.7,23.542101,34.2,6.7,13.9,13.6,0.0,0.0853,0.2431,0.603,0.0,0.0812,0.1071,0.0605,0.1142,0.0,3.9,145.0,24.2,906.0,3418.0,429.60001,-20.1514,none (low-plasticity bedrock)
EX10,EX,8357.0,5,52.3,0.0,52.3,19.2,19.8,13.3,0.0,0.4216,0.3679,0.5767,0.0,0.1013,0.1137,0.0219,0.044,0.0,4.4,144.0,30.9,965.0,5231.4,56.700001,-16.6928,TRIASSIC ROCKS (UNDIFFERENTIATED)
EX11,EX,3885.0,4,47.7,4.8530002,42.9,10.7,17.1,15.1,0.0,0.2196,0.3123,0.6127,0.0,0.1114,0.1289,0.0278,0.0542,0.0,4.1,144.0,29.0,957.0,4287.7,128.5,-18.0335,TRIASSIC ROCKS (UNDIFFERENTIATED)
EX12,EX,4800.0,6,62.9,0.81199998,62.1,24.8,25.3,12.1,0.0,0.5118,0.4797,0.5498,0.0,0.0931,0.0976,0.0205,0.0424,0.0,5.0,144.0,29.1,1048.0,6197.6,96.599998,-11.7477,GAULT FORMATION AND UPPER GREENSAND FORMATION (UNDIFFERENTIATED)
EX13,EX,6960.0,7,68.0,0.0,68.0,30.6,21.2,16.1,0.0,0.5908,0.3979,0.6423,0.0,0.1158,0.1263,0.0437,0.0786,0.0,4.4,141.0,33.6,1089.0,6799.1,5.1,-9.0333,TRIASSIC ROCKS (UNDIFFERENTIATED)
EX14,EX,9998.0,6,60.0,0.0,60.0,28.1,22.3,9.6,0.0,0.5555,0.4197,0.502,0.0,0.0656,0.0745,0.0318,0.0628,0.0,4.5,140.0,36.8,1133.0,6002.7,39.700001,-8.7083,TRIASSIC ROCKS (UNDIFFERENTIATED)
EX15,EX,9811.0,4,46.7,2.299,44.4,12.7,17.7,14.0,0.0,0.2834,0.3253,0.5997,0.0,0.0987,0.1114,0.0397,0.0729,0.0,4.1,142.0,28.3,990.0,4443.3,70.199997,-18.3296,TRIASSIC ROCKS (UNDIFFERENTIATED)
EX16,EX,14404.0,3,41.3,2.2138,39.1,6.9,22.8,9.4,0.0,0.1126,0.4289,0.5004,0.0,0.0605,0.0739,0.0389,0.0638,0.0,4.4,142.0,36.4,1106.0,3911.1,78.400002,-17.2117,none (low-plasticity bedrock)
EX17,EX,8856.0,2,36.4,0.0,36.4,7.2,18.0,11.3,0.0,0.1102,0.3296,0.5397,0.0,0.0792,0.0876,0.0348,0.0592,0.0,4.3,143.0,25.2,978.0,3638.0,6.3,-19.8322,none (low-plasticity bedrock)
EX18,EX,1521.0,3,38.4,1.5741,36.8,7.4,19.7,9.8,0.0,0.12,0.3651,0.5034,0.0,0.0683,0.0739,0.0324,0.0517,0.0,4.1,143.0,32.4,1080.0,3681.1,59.599998,-18.1273,none (low-plasticity bedrock)
EX19,EX,1689.0,3,43.3,3.6135001,39.7,7.2,21.8,10.7,0.0,0.12,0.4086,0.5312,0.0,0.0723,0.0813,0.0395,0.0676,0.0,4.2,144.0,36.0,1133.0,3972.6,108.0,-18.1841,none (low-plasticity bedrock)
EX2,EX,18879.0,4,43.7,0.0,43.7,6.5,17.5,19.6,0.0,0.0826,0.3224,0.7249,0.0,0.127,0.2212,0.0507,0.1165,0.0,4.2,147.0,27.0,899.0,4366.8,57.5,-20.9651,none (low-plasticity bedrock)
EX20,EX,9564.0,4,47.8,0.0,47.8,6.9,30.5,10.4,0.0,0.1209,0.5805,0.5307,0.0,0.0705,0.0836,0.039,0.0731,0.0,4.6,147.0,36.1,1197.0,4680.8,23.700001,-15.8994,EOCENE TO MIOCENE ROCKS (UNDIFFERENTIATED)
EX21,EX,2128.0,4,46.6,0.0,46.6,6.9,28.6,11.0,0.0,0.12,0.5444,0.5462,0.0,0.0748,0.0836,0.0412,0.0853,0.0,4.5,148.0,37.9,1233.0,4598.1,13.0,-16.3752,none (low-plasticity bedrock)
EX22,EX,5357.0,5,55.8,7.2572999,48.5,6.9,30.7,10.9,0.0,0.1198,0.5851,0.5495,0.0,0.071,0.0781,0.0495,0.0975,0.0,4.8,150.0,41.6,1252.0,4747.0,166.2,-15.752,none (low-plasticity bedrock)
EX23,EX,7381.0,4,46.4,0.0,46.4,6.9,29.8,9.8,0.0,0.12,0.566,0.5122,0.0,0.0661,0.0727,0.0369,0.0729,0.0,5.2,151.0,28.6,1148.0,4563.0,34.400002,-15.4287,none (low-plasticity bedrock)
EX24,EX,1085.0,7,66.6,0.0,66.6,28.6,24.4,13.6,0.0,0.5666,0.4621,0.5946,0.0,0.0968,0.1161,0.0369,0.0679,0.0,4.7,143.0,35.1,1078.0,6651.5,9.5,-9.5986,TRIASSIC ROCKS (UNDIFFERENTIATED)
EX3,EX,2788.0,8,75.5,0.0,75.5,6.8,15.1,53.6,0.0,0.0966,0.2713,1.0,0.0,0.4352,0.4556,0.0405,0.0909,0.0,3.9,146.0,25.1,908.0,7545.4,4.2,-22.5119,none (low-plasticity bedrock)
EX31,EX,12323.0,4,44.0,0.0,44.0,6.7,25.8,11.5,0.0,0.1096,0.4902,0.5426,0.0,0.0834,0.094,0.0285,0.0535,0.0,4.7,145.0,39.9,1258.0,4383.1,27.700001,-17.633,none (low-plasticity bedrock)
EX32,EX,10641.0,3,41.0,0.0,41.0,6.9,22.9,11.2,0.0,0.1149,0.4309,0.5339,0.0,0.0811,0.0924,0.0275,0.0484,0.0,4.3,142.0,40.3,1342.0,4099.8,0.0,-18.5786,none (low-plasticity bedrock)
EX33,EX,4487.0,8,76.2,22.7638,53.5,6.4,29.9,17.1,0.0,0.1056,0.5685,0.6511,0.0,0.1365,0.1527,0.016,0.042,0.0,5.5,148.0,30.7,1085.0,5259.2,428.79999,-17.2197,none (low-plasticity bedrock)
EX34,EX,7404.0,5,54.7,1.1357,53.5,6.6,39.9,7.0,0.0,0.1149,0.7486,0.425,0.0,0.055,0.0601,0.0128,0.024,0.0,6.0,148.0,42.5,1257.0,4977.3,69.0,-15.0016,none (low-plasticity bedrock)
EX35,EX,765.0,6,59.4,2.3787,57.1,5.8,45.2,6.0,0.0,0.0893,0.8398,0.3983,0.0,0.0438,0.0587,0.0143,0.0243,0.0,5.9,144.0,49.5,1579.0,5131.4,90.599998,-14.4681,none (low-plasticity bedrock)
EX36,EX,4497.0,3,40.5,0.18790001,40.3,6.7,24.5,9.1,0.0,0.1078,0.4631,0.4901,0.0,0.0609,0.0682,0.0341,0.061,0.0,4.3,142.0,43.6,1358.0,4026.9,36.0,-16.9943,none (low-plasticity bedrock)
EX37,EX,1575.0,3,42.4,0.1517,42.3,7.2,20.8,14.3,0.0,0.12,0.3884,0.6029,0.0,0.1074,0.1155,0.0324,0.0534,0.0,4.3,142.0,33.2,1145.0,4228.8,45.8,-19.3369,none (low-plasticity bedrock)
EX38,EX,3720.0,3,41.8,0.0,41.8,7.3,27.0,7.5,0.0,0.1275,0.5123,0.4555,0.0,0.0487,0.0568,0.0341,0.0623,0.0,4.6,146.0,37.6,1181.0,4147.6,26.200001,-16.079,EOCENE TO MIOCENE ROCKS (UNDIFFERENTIATED)
EX39,EX,17830.0,6,58.8,0.0,58.8,6.6,40.4,11.9,0.0,0.1209,0.7576,0.5507,0.0,0.0881,0.092,0.0277,0.0572,0.0,5.4,151.0,41.3,1331.0,5493.2,4.0,-14.4444,EOCENE TO MIOCENE ROCKS (UNDIFFERENTIATED)
EX4,EX,23058.0,2,34.3,0.0,34.3,7.5,14.4,12.4,0.0,0.1149,0.2538,0.571,0.0,0.079,0.0976,0.0488,0.0856,0.0,3.9,145.0,27.1,917.0,3432.7,5.7,-20.0589,none (low-plasticity bedrock)
EX5,EX,10895.0,3,38.6,0.0,38.6,7.3,13.0,18.3,0.0,0.1045,0.2236,0.6888,0.0,0.132,0.1491,0.0508,0.0882,0.0,3.8,144.0,23.7,923.0,3856.5,0.0,-21.4411,none (low-plasticity bedrock)
EX6,EX,6855.0,9,86.0,42.451401,43.6,7.7,24.1,11.8,0.0,0.1349,0.4564,0.5514,0.0,0.0856,0.0988,0.0306,0.0518,0.0,4.5,148.0,31.0,1067.0,4355.5,762.5,-17.5822,GAULT FORMATION AND UPPER GREENSAND FORMATION (UNDIFFERENTIATED)
EX7,EX,6572.0,3,42.5,0.0,42.5,7.0,25.6,9.9,0.0,0.1183,0.485,0.4925,0.0,0.0753,0.0918,0.0113,0.0238,0.0,4.9,148.0,25.7,1003.0,4232.3,0.0,-17.3636,GAULT FORMATION AND UPPER GREENSAND FORMATION (UNDIFFERENTIATED)
EX8,EX,16985.0,6,60.6,12.3894,48.2,7.0,19.2,22.0,0.0,0.114,0.3568,0.7467,0.0,0.1755,0.1815,0.0346,0.0664,0.0,4.4,146.0,22.5,954.0,4817.5,261.20001,-22.3352,none (low-plasticity bedrock)
EX9,EX,3345.0,3,41.3,0.0,41.3,6.4,22.6,12.4,0.0,0.0926,0.425,0.5494,0.0,0.0988,0.1015,0.0124,0.0305,0.0,4.8,145.0,23.7,931.0,4131.1,39.0,-20.013,TRIASSIC ROCKS (UNDIFFERENTIATED)
FK1,FK,13979.0,4,48.8,0.0,48.8,6.7,30.0,10.8,1.2,0.1145,0.5708,0.5866,0.8802,0.0424,0.0459,0.1278,0.1612,0.02,4.8,147.0,35.0,1153.0,4788.3,17.8,-12.6746,none (low-plasticity bedrock)
FK10,FK,12076.0,7,74.0,15.8446,58.1,7.0,13.6,36.4,1.1,0.1005,0.2388,0.9848,0.8802,0.275,0.2978,0.1108,0.1449,0.02,3.5,148.0,26.7,979.0,5810.6,332.60001,-22.1943,none (low-plasticity bedrock)
FK11,FK,902.0,4,50.1,0.0,50.1,6.2,23.2,19.5,1.2,0.0892,0.4377,0.7729,0.8802,0.1101,0.1583,0.1472,0.1907,0.02,4.5,148.0,38.7,1311.0,5008.5,14.3,-19.0011,none (low-plasticity bedrock)
FK12,FK,1837.0,6,62.7,10.5091,52.2,6.2,30.8,13.9,1.3,0.1012,0.5863,0.6624,0.8802,0.0606,0.0707,0.1521,0.1855,0.02,5.0,148.0,53.4,1386.0,5113.9,238.3,-13.1186,none (low-plasticity bedrock)
FK13,FK,2277.0,7,65.7,12.0019,53.7,6.3,31.8,14.3,1.3,0.1054,0.604,0.6587,0.8802,0.0735,0.0856,0.1272,0.1591,0.02,5.1,147.0,50.8,1500.0,5235.6,250.2,-13.2632,none (low-plasticity bedrock)
FK14,FK,2145.0,6,57.9,1.4137,56.5,5.9,40.5,8.9,1.3,0.0907,0.7587,0.5154,0.8802,0.0431,0.0446,0.0837,0.1026,0.02,5.6,146.0,64.7,1585.0,5252.3,96.900002,-11.3388,none (low-plasticity bedrock)
FK15,FK,5191.0,4,48.9,3.9919,44.9,6.9,26.7,10.1,1.2,0.1175,0.5069,0.5483,0.8802,0.051,0.0543,0.0878,0.1193,0.02,4.3,149.0,42.0,1432.0,4462.4,96.5,-14.0539,none (low-plasticity bedrock)
FK16,FK,1100.0,3,42.0,0.0,42.0,7.1,23.6,10.1,1.2,0.12,0.4472,0.5606,0.8802,0.0446,0.0474,0.1076,0.1366,0.02,3.8,152.0,44.8,1413.0,4204.5,4.2,-14.7637,none (low-plasticity bedrock)
FK17,FK,1793.0,6,63.7,0.0,63.7,5.8,40.4,16.2,1.3,0.0938,0.7592,0.7137,0.8802,0.0901,0.0914,0.1508,0.178,0.02,4.6,158.0,83.8,2186.0,5977.0,5.8,-13.3953,none (low-plasticity bedrock)
FK18,FK,99.0,6,62.0,0.2588,61.8,5.6,42.1,12.7,1.3,0.08,0.7883,0.6229,0.8802,0.0705,0.0705,0.1099,0.14,0.02,4.3,159.0,78.7,2290.0,5719.2,70.699997,-12.0877,none (low-plasticity bedrock)
FK19,FK,385.0,7,72.3,3.5683,68.8,5.4,49.5,12.6,1.3,0.08,0.9139,0.6351,0.8802,0.0622,0.0634,0.1317,0.1651,0.02,5.2,163.0,78.9,2396.0,6124.1,148.10001,-11.1148,none (low-plasticity bedrock)
FK2,FK,15332.0,6,59.6,0.0,59.6,6.7,20.0,31.7,1.2,0.1084,0.3756,0.9507,0.8802,0.2375,0.2798,0.1226,0.167,0.02,3.9,148.0,26.8,1082.0,5964.1,18.4,-22.3299,none (low-plasticity bedrock)
FK20,FK,308.0,6,62.9,0.0,62.9,5.5,45.4,10.7,1.3,0.08,0.8455,0.5996,0.8802,0.0337,0.0358,0.1498,0.193,0.02,4.7,164.0,92.2,3050.0,5707.7,6.3,-10.5473,none (low-plasticity bedrock)
FK21,FK,616.0,5,55.9,0.0,55.9,5.8,34.3,14.5,1.3,0.08,0.6512,0.6804,0.8802,0.0678,0.0686,0.1575,0.1954,0.02,3.8,162.0,60.5,2187.0,5393.2,6.3,-13.0338,none (low-plasticity bedrock)
FK3,FK,6874.0,9,99.2,0.0,99.2,6.4,18.1,73.5,1.2,0.0834,0.3342,1.0,0.8802,0.5568,0.7214,0.1268,0.2072,0.02,4.0,148.0,23.5,1011.0,9917.6,11.5,-19.5904,none (low-plasticity bedrock)
FK4,FK,4278.0,5,55.4,7.9816999,47.4,6.1,28.1,11.9,1.2,0.0896,0.5352,0.6009,0.8802,0.0553,0.0594,0.1158,0.1514,0.02,4.3,148.0,39.5,1257.0,4689.9,180.3,-13.517,none (low-plasticity bedrock)
FK5,FK,5884.0,4,44.6,0.0,44.6,6.3,21.6,15.5,1.2,0.0865,0.406,0.6655,0.8802,0.0925,0.0931,0.1043,0.1418,0.02,3.9,148.0,32.1,1141.0,4462.4,10.0,-16.4006,none (low-plasticity bedrock)
FK6,FK,4740.0,6,64.3,2.6205001,61.7,5.7,39.9,14.9,1.3,0.0807,0.7499,0.6866,0.8802,0.0779,0.0794,0.1474,0.1778,0.02,5.0,148.0,57.1,1396.0,5796.9,97.699997,-12.822,none (low-plasticity bedrock)
FK7,FK,11834.0,5,55.1,0.0,55.1,5.9,29.7,18.2,1.3,0.0803,0.5647,0.7334,0.8802,0.1155,0.1206,0.1219,0.1583,0.02,4.6,148.0,43.5,1247.0,5422.4,0.0,-16.3433,none (low-plasticity bedrock)
FK8,FK,9514.0,7,67.7,2.9498,64.7,5.9,38.8,18.8,1.3,0.0971,0.7311,0.7515,0.8802,0.1173,0.1301,0.1336,0.1633,0.02,4.2,160.0,89.7,2288.0,6136.8,105.2,-15.0426,none (low-plasticity bedrock)
FK9,FK,5884.0,7,64.6,12.2354,52.3,7.0,16.9,27.2,1.2,0.1092,0.3103,0.8863,0.8802,0.185,0.2767,0.1199,0.157,0.02,3.6,149.0,32.1,1323.0,5232.3,255.3,-23.0587,none (low-plasticity bedrock)
FY1,FY,14732.0,10,100.8,35.584599,65.2,17.1,28.3,19.8,0.0,0.4,0.5399,0.7265,0.0,0.1483,0.1586,0.0555,0.1061,0.0,6.0,139.0,25.3,954.0,6463.4,655.40002,-16.0022,TRIASSIC ROCKS (UNDIFFERENTIATED)
FY2,FY,11188.0,7,67.3,2.3498001,65.0,17.1,29.2,18.7,0.0,0.4,0.5559,0.7194,0.0,0.1293,0.1519,0.0743,0.1308,0.0,6.0,140.0,26.7,996.0,6416.7,95.400002,-15.3796,TRIASSIC ROCKS (UNDIFFERENTIATED)
FY3,FY,14906.0,6,61.7,0.0,61.7,17.1,28.5,16.1,0.0,0.4,0.542,0.7061,0.0,0.0818,0.1028,0.1363,0.2183,0.0,5.9,140.0,25.5,991.0,6105.7,20.3,-14.1713,TRIASSIC ROCKS (UNDIFFERENTIATED)
FY4,FY,20979.0,7,64.8,1.1404001,63.7,17.2,27.7,18.8,0.0,0.4,0.528,0.749,0.0,0.1144,0.1579,0.1064,0.2041,0.0,6.0,139.0,23.8,948.0,6316.8,80.099998,-16.265,TRIASSIC ROCKS (UNDIFFERENTIATED)
FY5,FY,21149.0,10,155.0,77.280197,77.8,16.9,30.3,30.6,0.0,0.4,0.576,0.9273,0.0,0.2419,0.3026,0.0684,0.163,0.0,6.1,140.0,26.4,988.0,7670.3,1377.1,-19.4367,TRIASSIC ROCKS (UNDIFFERENTIATED)
FY6,FY,13269.0,10,104.7,6.816,97.9,14.2,30.7,53.1,0.0,0.3472,0.5835,1.0,0.0,0.4217,0.4881,0.0837,0.1325,0.0,5.8,141.0,26.8,1031.0,9676.5,220.8,-18.5519,TRIASSIC ROCKS (UNDIFFERENTIATED)
FY7,FY,11637.0,8,81.4,0.0,81.4,16.9,30.5,34.0,0.0,0.4,0.5808,0.9427,0.0,0.2971,0.3291,0.0213,0.0543,0.0,6.3,142.0,24.9,1047.0,8027.0,15.7,-20.1072,TRIASSIC ROCKS (UNDIFFERENTIATED)
FY8,FY,21706.0,10,180.2,72.674202,107.5,17.0,27.8,62.7,0.0,0.4,0.5289,1.0,0.0,0.5232,0.5439,0.0411,0.0898,0.0,5.8,139.0,23.6,918.0,10695.8,1349.9,-18.2859,TRIASSIC ROCKS (UNDIFFERENTIATED)
G1,G,13506.0,6,56.6,6.7975001,49.8,6.3,20.3,22.0,1.2,0.0858,0.381,0.8687,0.8802,0.0947,0.1293,0.2654,0.3425,0.02,3.6,153.0,28.4,1145.0,4981.2,173.10001,-20.5468,none (low-plasticity bedrock)
G11,G,8909.0,4,46.8,0.0,46.8,6.2,21.3,18.1,1.2,0.08,0.4008,0.7394,0.8802,0.1028,0.1251,0.1344,0.1983,0.02,3.5,154.0,32.0,1189.0,4682.9,15.5,-18.7029,none (low-plasticity bedrock)
G12,G,10547.0,2,37.3,0.0,37.3,6.2,20.6,9.2,1.2,0.08,0.3842,0.5617,0.8802,0.0152,0.0199,0.148,0.2108,0.02,3.5,154.0,31.3,1178.0,3725.2,0.0,-14.8215,none (low-plasticity bedrock)
G13,G,12153.0,3,40.8,0.0,40.8,6.2,22.3,11.2,1.2,0.08,0.4185,0.581,0.8802,0.0541,0.0575,0.0978,0.1574,0.02,3.6,155.0,35.2,1309.0,4081.9,11.5,-15.7296,none (low-plasticity bedrock)
G14,G,6467.0,5,52.4,0.0,52.4,6.1,21.7,23.3,1.2,0.08,0.4092,0.8214,0.8802,0.1659,0.1685,0.1149,0.1787,0.02,3.5,155.0,32.9,1271.0,5239.9,25.8,-21.4571,none (low-plasticity bedrock)
G15,G,6390.0,5,51.1,1.3296,49.8,6.0,25.3,17.3,1.2,0.08,0.4795,0.7416,0.8802,0.0863,0.1012,0.1695,0.2232,0.02,3.9,155.0,38.2,1384.0,4969.0,61.900002,-16.9538,none (low-plasticity bedrock)
G2,G,23822.0,3,41.2,3.1819999,38.0,6.2,20.3,10.2,1.2,0.08,0.3788,0.6072,0.8802,0.0,0.0,0.2049,0.2781,0.02,3.6,153.0,28.7,1133.0,3799.3,93.800003,-13.5766,none (low-plasticity bedrock)
G20,G,13715.0,3,40.5,0.0,40.5,6.2,20.3,12.7,1.2,0.08,0.3788,0.6356,0.8802,0.0457,0.0479,0.1533,0.21,0.02,3.5,153.0,32.0,1170.0,4046.8,12.8,-14.8453,none (low-plasticity bedrock)
G21,G,11229.0,2,36.3,0.15459999,36.1,6.3,20.1,8.6,1.2,0.0828,0.3734,0.5537,0.8802,0.0001,0.0001,0.1698,0.2327,0.02,3.7,152.0,30.3,1188.0,3610.2,36.3,-14.2621,none (low-plasticity bedrock)
G22,G,7435.0,2,37.1,0.0,37.1,6.2,20.4,9.3,1.2,0.08,0.3795,0.5772,0.8802,0.001,0.001,0.185,0.2454,0.02,3.6,153.0,32.4,1181.0,3708.4,34.200001,-13.9275,none (low-plasticity bedrock)
G23,G,1826.0,4,48.6,0.0,48.6,6.2,22.1,19.1,1.2,0.08,0.4168,0.7171,0.8802,0.1358,0.1407,0.0752,0.106,0.02,3.7,153.0,37.4,1280.0,4859.7,24.8,-18.037,none (low-plasticity bedrock)
G3,G,11702.0,5,54.7,6.8196001,47.9,6.2,20.4,20.1,1.2,0.08,0.3828,0.7905,0.8802,0.1037,0.1853,0.1552,0.2206,0.02,3.5,154.0,29.0,1140.0,4792.8,153.39999,-20.1327,none (low-plasticity bedrock)
G31,G,12197.0,3,39.2,0.0,39.2,6.8,20.5,10.7,1.2,0.1124,0.3829,0.6051,0.8802,0.0153,0.0198,0.1792,0.2395,0.02,3.7,152.0,28.6,1151.0,3922.7,29.200001,-14.0407,none (low-plasticity bedrock)
G32,G,13484.0,4,47.6,2.0458,45.6,7.1,21.0,16.3,1.2,0.12,0.3934,0.7063,0.8802,0.0822,0.0934,0.1468,0.2013,0.02,3.8,152.0,28.8,1148.0,4556.3,85.699997,-16.5359,none (low-plasticity bedrock)
G33,G,15750.0,3,38.8,0.0,38.8,6.4,21.1,10.2,1.2,0.0903,0.3955,0.5907,0.8802,0.017,0.017,0.1706,0.2197,0.02,3.8,151.0,32.4,1201.0,3883.9,18.6,-14.4461,none (low-plasticity bedrock)
G34,G,3706.0,3,42.0,0.0,42.0,6.7,21.1,12.9,1.2,0.1098,0.3958,0.6448,0.8802,0.0437,0.0446,0.1669,0.2135,0.02,3.9,150.0,28.6,1108.0,4198.4,20.700001,-14.6185,none (low-plasticity bedrock)
G4,G,7182.0,3,38.6,0.0,38.6,6.3,20.1,11.0,1.2,0.0832,0.3748,0.6255,0.8802,0.0041,0.0114,0.2095,0.2799,0.02,3.6,153.0,29.0,1142.0,3855.9,18.700001,-13.6405,none (low-plasticity bedrock)
G40,G,9250.0,4,48.3,0.0,48.3,7.1,20.6,19.4,1.2,0.12,0.3866,0.7865,0.8802,0.091,0.1706,0.1702,0.2482,0.02,3.7,153.0,27.3,1155.0,4831.3,10.9,-19.2133,none (low-plasticity bedrock)
G41,G,13891.0,3,40.8,2.4119999,38.4,6.3,22.9,8.0,1.2,0.0897,0.4308,0.5123,0.8802,0.0176,0.0411,0.1058,0.1618,0.02,3.6,154.0,31.2,1175.0,3840.1,68.699997,-14.0364,none (low-plasticity bedrock)
G42,G,11889.0,3,38.6,0.0,38.6,6.7,22.2,8.5,1.2,0.1095,0.4166,0.5363,0.8802,0.0077,0.0619,0.1226,0.1871,0.02,3.6,153.0,28.9,1181.0,3856.1,30.200001,-14.1315,none (low-plasticity bedrock)
G43,G,6126.0,5,55.6,0.0,55.6,6.0,25.6,22.7,1.2,0.08,0.4872,0.8115,0.8802,0.1496,0.221,0.1068,0.1577,0.02,3.8,154.0,33.1,1275.0,5540.4,0.0,-19.6546,none (low-plasticity bedrock)
G44,G,9107.0,4,46.0,0.0,46.0,6.1,26.6,12.0,1.2,0.0826,0.5064,0.6283,0.8802,0.0329,0.0856,0.1494,0.2005,0.02,4.0,154.0,31.8,1247.0,4570.2,6.2,-13.2319,none (low-plasticity bedrock)
G45,G,4762.0,9,90.0,42.966,47.0,6.0,28.7,11.1,1.2,0.0802,0.5456,0.6089,0.8802,0.0283,0.0298,0.1636,0.2159,0.02,4.1,153.0,34.0,1277.0,4639.4,770.5,-12.2826,none (low-plasticity bedrock)
G46,G,10217.0,5,51.7,0.0,51.7,5.9,31.9,12.7,1.3,0.08,0.6059,0.6464,0.8802,0.0438,0.064,0.1581,0.2116,0.02,4.1,155.0,39.2,1359.0,5038.3,4.4,-12.3334,none (low-plasticity bedrock)
G5,G,8238.0,5,54.4,0.0,54.4,6.5,20.9,25.7,1.2,0.106,0.3934,0.8917,0.8802,0.1613,0.2153,0.1711,0.2469,0.02,3.6,153.0,27.8,1154.0,5437.2,61.700001,-21.7694,none (low-plasticity bedrock)
G51,G,13220.0,7,68.8,21.1336,47.7,6.1,22.3,18.1,1.2,0.08,0.4195,0.7451,0.8802,0.1008,0.119,0.1422,0.2153,0.02,3.6,155.0,32.9,1206.0,4771.1,399.39999,-18.4166,none (low-plasticity bedrock)
G52,G,11823.0,4,43.7,0.0,43.7,6.1,24.7,11.7,1.2,0.08,0.4681,0.5918,0.8802,0.0555,0.0681,0.0994,0.159,0.02,3.7,155.0,33.6,1250.0,4362.3,13.7,-14.5993,none (low-plasticity bedrock)
G53,G,9899.0,5,54.5,3.8052001,50.7,6.0,29.7,13.8,1.3,0.08,0.5652,0.6425,0.8802,0.0653,0.1375,0.0996,0.1454,0.02,4.0,155.0,38.2,1344.0,4986.7,115.8,-13.7848,none (low-plasticity bedrock)
G60,G,2277.0,6,61.1,0.0,61.1,5.8,32.0,21.9,1.3,0.08,0.6089,0.8132,0.8802,0.1473,0.1556,0.1418,0.1804,0.02,4.3,158.0,52.1,1556.0,5965.9,61.599998,-18.1059,none (low-plasticity bedrock)
G61,G,11372.0,4,44.9,0.79259998,44.1,6.1,24.7,12.1,1.2,0.08,0.468,0.6132,0.8802,0.0492,0.0518,0.1346,0.1743,0.02,3.8,154.0,40.4,1403.0,4402.0,52.599998,-14.0263,none (low-plasticity bedrock)
G62,G,6357.0,6,60.9,7.9910998,52.9,5.9,28.8,17.0,1.3,0.08,0.5477,0.722,0.8802,0.0932,0.0993,0.1499,0.1814,0.02,4.1,154.0,47.3,1539.0,5228.6,188.39999,-15.5396,none (low-plasticity bedrock)
G63,G,5422.0,6,60.0,0.0,60.0,6.0,32.1,20.6,1.3,0.095,0.6107,0.8098,0.8802,0.1213,0.1244,0.1862,0.2157,0.02,3.9,158.0,56.8,1726.0,5861.4,5.2,-17.5155,none (low-plasticity bedrock)
G64,G,10206.0,4,48.0,0.0109,48.0,6.1,23.3,17.3,1.2,0.08,0.441,0.7089,0.8802,0.1059,0.1061,0.1176,0.1578,0.02,3.7,152.0,40.5,1421.0,4800.8,44.700001,-16.6782,none (low-plasticity bedrock)
G65,G,8062.0,5,53.8,0.0,53.8,5.9,32.7,13.9,1.3,0.0822,0.6215,0.6544,0.8802,0.0693,0.0729,0.1326,0.1713,0.02,4.4,149.0,50.6,1570.0,5222.6,35.5,-12.9494,none (low-plasticity bedrock)
G66,G,16762.0,5,52.4,0.0,52.4,6.0,28.6,16.6,1.3,0.08,0.5438,0.7006,0.8802,0.0981,0.1054,0.1218,0.157,0.02,4.3,150.0,42.0,1511.0,5181.0,1.7,-14.9783,none (low-plasticity bedrock)
G67,G,10976.0,4,46.4,1.2969,45.1,6.1,26.4,11.4,1.2,0.0822,0.5014,0.6052,0.8802,0.0378,0.0379,0.1475,0.1925,0.02,4.2,148.0,41.4,1304.0,4482.7,78.199997,-13.1674,none (low-plasticity bedrock)
G68,G,4806.0,4,48.2,0.0,48.2,6.0,27.5,13.4,1.2,0.08,0.524,0.6581,0.8802,0.0509,0.0531,0.1648,0.2115,0.02,4.1,148.0,44.6,1413.0,4778.9,14.6,-13.3035,none (low-plasticity bedrock)
G69,G,12461.0,10,182.5,136.2496,46.3,6.4,21.2,17.4,1.2,0.0992,0.398,0.7349,0.8802,0.092,0.0948,0.1617,0.2048,0.02,3.9,150.0,30.2,1105.0,4627.5,2336.8,-18.4343,none (low-plasticity bedrock)
G71,G,12659.0,4,49.8,0.0,49.8,7.0,21.6,19.9,1.2,0.12,0.4073,0.7685,0.8802,0.127,0.1468,0.1259,0.173,0.02,3.9,151.0,26.2,1138.0,4983.0,20.200001,-19.4731,none (low-plasticity bedrock)
G72,G,15772.0,5,52.2,5.9747,46.2,6.6,28.1,10.2,1.2,0.1076,0.5354,0.572,0.8802,0.0362,0.049,0.1212,0.1659,0.02,4.4,152.0,30.3,1166.0,4567.7,136.39999,-13.1108,none (low-plasticity bedrock)
G73,G,14210.0,4,49.2,0.0,49.2,6.5,25.5,15.9,1.2,0.1069,0.4847,0.6964,0.8802,0.079,0.117,0.1329,0.1856,0.02,4.0,153.0,29.8,1216.0,4908.9,14.7,-15.1318,none (low-plasticity bedrock)
G74,G,14947.0,5,53.3,0.0,53.3,5.8,36.4,9.7,1.3,0.08,0.6877,0.5665,0.8802,0.0275,0.0275,0.1373,0.1821,0.02,4.6,154.0,39.2,1357.0,5062.5,37.200001,-11.1987,none (low-plasticity bedrock)
G75,G,10899.0,6,57.4,0.0,57.4,5.7,41.2,9.3,1.3,0.08,0.7721,0.5545,0.8802,0.0223,0.0223,0.1376,0.1833,0.02,5.0,154.0,46.5,1369.0,5319.3,62.599998,-10.3161,none (low-plasticity bedrock)
G76,G,8480.0,6,60.2,0.0,60.2,5.6,43.2,10.1,1.3,0.08,0.8063,0.5681,0.8802,0.037,0.037,0.1245,0.1615,0.02,5.1,155.0,52.4,1422.0,5522.0,6.2,-10.7021,none (low-plasticity bedrock)
G77,G,9239.0,7,65.6,0.0,65.6,5.5,44.8,14.1,1.3,0.08,0.8338,0.6694,0.8802,0.0729,0.0753,0.1416,0.1708,0.02,5.1,157.0,54.0,1517.0,6001.5,63.8,-12.0794,none (low-plasticity bedrock)
G78,G,9195.0,7,68.0,8.4694996,59.6,5.6,43.2,9.4,1.3,0.08,0.8068,0.538,0.8802,0.0385,0.0385,0.104,0.132,0.02,4.7,158.0,56.9,1589.0,5455.6,202.0,-10.6937,none (low-plasticity bedrock)
G81,G,13825.0,10,106.9,55.820702,51.0,6.0,28.5,15.3,1.3,0.08,0.5423,0.6771,0.8802,0.0854,0.0893,0.124,0.1624,0.02,4.2,156.0,43.0,1467.0,5045.0,981.20001,-14.4565,none (low-plasticity bedrock)
G82,G,11240.0,8,81.0,0.57959998,80.5,6.0,38.1,35.0,1.3,0.1062,0.7207,0.9875,0.8802,0.2873,0.3027,0.098,0.1264,0.02,4.6,163.0,59.0,1666.0,7728.9,73.599998,-18.8759,none (low-plasticity bedrock)
G83,G,8777.0,10,120.8,45.6992,75.1,5.4,46.2,22.3,1.3,0.0864,0.8597,0.8505,0.8802,0.135,0.1384,0.2034,0.236,0.02,4.8,165.0,102.2,2784.0,6897.5,863.40002,-15.9208,none (low-plasticity bedrock)
G84,G,12208.0,8,75.1,4.8930998,70.2,5.6,41.3,21.9,1.3,0.085,0.7762,0.7709,0.8802,0.1731,0.1756,0.0647,0.0871,0.02,4.7,166.0,75.5,2295.0,6590.5,157.2,-16.3523,none (low-plasticity bedrock)
GL1,GL,16652.0,8,80.3,9.2665997,71.0,28.3,9.1,33.6,0.0,0.55,0.1332,0.9989,0.0,0.1941,0.26,0.2022,0.4063,0.0,3.8,136.0,17.0,770.0,7101.1,233.8,-14.6824,LIAS GROUP
GL10,GL,6766.0,6,60.4,7.7322998,52.7,25.9,12.4,14.4,0.0,0.5197,0.2092,0.6279,0.0,0.0854,0.0973,0.0761,0.1372,0.0,4.0,138.0,20.5,818.0,5267.8,187.3,-11.886,LIAS GROUP
GL11,GL,8142.0,4,47.3,0.0,47.3,25.1,15.8,6.4,0.0,0.5087,0.2845,0.4235,0.0,0.0316,0.0421,0.0421,0.0797,0.0,4.2,140.0,26.3,889.0,4733.3,25.1,-11.4179,LIAS GROUP
GL12,GL,6172.0,3,42.2,0.0,42.2,15.3,14.3,12.7,0.0,0.3382,0.252,0.5792,0.0,0.0807,0.0983,0.0506,0.0935,0.0,4.0,140.0,22.8,871.0,4224.7,6.4,-17.5641,LIAS GROUP
GL13,GL,2740.0,8,79.1,0.0,79.1,12.1,14.5,52.5,0.0,0.2611,0.2588,1.0,0.0,0.4012,0.4673,0.0963,0.1759,0.0,4.2,140.0,21.2,827.0,7914.1,70.400002,-21.3207,TRIASSIC ROCKS (UNDIFFERENTIATED)
GL14,GL,6801.0,6,58.8,0.0,58.8,12.8,16.4,29.6,0.0,0.2888,0.2984,0.8842,0.0,0.2445,0.2445,0.0529,0.1047,0.0,4.2,138.0,31.4,943.0,5880.9,25.4,-23.7574,TRIASSIC ROCKS (UNDIFFERENTIATED)
GL15,GL,9508.0,4,44.5,0.0,44.5,7.1,17.2,20.2,0.0,0.1119,0.315,0.7027,0.0,0.1586,0.1692,0.0239,0.0488,0.0,4.0,139.0,33.1,960.0,4449.8,5.0,-20.9535,TRIASSIC ROCKS (UNDIFFERENTIATED)
GL16,GL,6285.0,1,28.2,0.0,28.2,7.4,15.0,5.7,0.0,0.1092,0.2667,0.3891,0.0,0.0285,0.0336,0.0342,0.0658,0.0,3.8,138.0,33.6,972.0,2820.3,13.9,-19.4705,none (low-plasticity bedrock)
GL17,GL,5237.0,1,31.7,2.8432,28.8,7.7,15.2,5.9,0.0,0.1218,0.2692,0.3831,0.0,0.0354,0.0428,0.0209,0.0442,0.0,4.3,137.0,26.1,843.0,2882.3,76.400002,-19.7429,TRIASSIC ROCKS (UNDIFFERENTIATED)
GL18,GL,3879.0,2,32.3,0.0,32.3,9.7,9.4,13.2,0.0,0.1682,0.1376,0.5797,0.0,0.0856,0.1005,0.0449,0.0834,0.0,3.9,134.0,19.9,756.0,3231.7,5.3,-19.3796,TRIASSIC ROCKS (UNDIFFERENTIATED)
GL19,GL,3719.0,10,104.1,46.291,57.9,18.7,8.9,30.2,0.0,0.3936,0.1288,0.8988,0.0,0.225,0.2504,0.0856,0.1574,0.0,3.9,134.0,18.2,720.0,5785.4,829.29999,-21.3912,TRIASSIC ROCKS (UNDIFFERENTIATED)
GL2,GL,25643.0,10,346.0,262.9447,83.1,26.0,10.1,46.9,0.0,0.5167,0.1585,1.0,0.0,0.3482,0.3997,0.1025,0.1952,0.0,3.8,137.0,18.1,787.0,8305.4,4501.1001,-17.2067,LIAS GROUP
GL20,GL,12803.0,6,63.2,0.0,63.2,25.5,7.9,29.7,0.0,0.5125,0.1018,0.8964,0.0,0.2164,0.2394,0.0947,0.1807,0.0,3.9,134.0,14.6,684.0,6316.1,10.9,-18.5026,LIAS GROUP
GL3,GL,14346.0,7,65.4,15.6446,49.8,27.8,11.0,11.0,0.0,0.5446,0.1768,0.5707,0.0,0.0439,0.0694,0.0915,0.1787,0.0,4.0,136.0,17.6,775.0,4979.0,301.79999,-9.3604,LIAS GROUP
GL4,GL,19910.0,7,67.2,26.0135,41.2,23.7,11.6,5.9,0.0,0.4846,0.1894,0.4228,0.0,0.0208,0.0308,0.0552,0.1117,0.0,4.0,137.0,20.1,808.0,4120.0,473.20001,-12.6781,LIAS GROUP
GL5,GL,13428.0,8,77.0,25.406401,51.6,24.2,15.1,12.3,0.0,0.496,0.2704,0.5593,0.0,0.0883,0.0883,0.0336,0.068,0.0,4.2,139.0,26.4,877.0,5159.3,478.5,-14.037,LIAS GROUP
GL50,GL,10407.0,10,100.9,46.235901,54.7,28.3,10.6,15.8,0.0,0.55,0.1682,0.6945,0.0,0.0716,0.1134,0.1224,0.2538,0.0,4.0,136.0,17.9,774.0,5470.4,831.40002,-10.4495,LIAS GROUP
GL51,GL,23695.0,7,72.7,15.0878,57.6,28.3,9.7,19.6,0.0,0.55,0.1473,0.7649,0.0,0.1065,0.1581,0.1282,0.2364,0.0,3.9,135.0,16.8,736.0,5764.5,302.89999,-13.3536,LIAS GROUP
GL52,GL,21559.0,7,70.5,20.0893,50.4,27.7,12.2,10.5,0.0,0.5431,0.2054,0.5508,0.0,0.0508,0.0848,0.0653,0.1437,0.0,4.3,135.0,18.1,811.0,5044.7,379.20001,-10.1826,LIAS GROUP
GL53,GL,8661.0,3,42.8,0.0,42.8,18.8,18.9,5.1,0.0,0.4091,0.347,0.3503,0.0,0.0247,0.0323,0.0236,0.0492,0.0,4.7,137.0,29.9,870.0,4281.1,19.1,-13.7795,INFERIOR OOLITE GROUP
GL54,GL,11217.0,4,44.5,0.0,44.5,17.8,20.6,6.2,0.0,0.3944,0.3837,0.4079,0.0,0.0416,0.0456,0.0244,0.0458,0.0,5.0,136.0,28.3,893.0,4453.9,7.6,-16.3138,INFERIOR OOLITE GROUP
GL55,GL,2774.0,5,51.7,0.0,51.7,26.9,14.4,10.3,0.0,0.5336,0.2542,0.5387,0.0,0.0569,0.0685,0.0621,0.1174,0.0,4.8,134.0,18.1,695.0,5167.2,59.0,-10.4897,LIAS GROUP
GL56,GL,4854.0,5,51.9,0.0,51.9,24.1,17.7,10.1,0.0,0.4992,0.3248,0.536,0.0,0.0569,0.0664,0.0628,0.1122,0.0,5.0,135.0,17.5,785.0,5192.6,40.900002,-12.6519,LIAS GROUP
GL6,GL,11540.0,3,39.7,0.0,39.7,18.3,16.9,4.5,0.0,0.3955,0.3058,0.2962,0.0,0.0219,0.0236,0.0127,0.0256,0.0,4.3,138.0,29.6,899.0,3971.6,0.0,-14.4723,LIAS GROUP
GL7,GL,20121.0,7,72.1,20.805201,51.3,20.2,15.1,16.1,0.0,0.4373,0.2692,0.6303,0.0,0.118,0.1364,0.0284,0.0598,0.0,4.4,138.0,21.3,800.0,5134.1,402.5,-16.6991,KELLAWAYS FORMATION AND OXFORD CLAY FORMATION (UNDIFFERENTIATED)
GL8,GL,4248.0,4,44.0,6.1382999,37.9,13.8,19.6,4.4,0.0,0.3039,0.361,0.3053,0.0,0.0192,0.0213,0.0194,0.0362,0.0,4.7,140.0,26.2,888.0,3788.3,137.0,-14.5515,INFERIOR OOLITE GROUP
GL9,GL,747.0,3,39.3,0.0332,39.3,15.4,19.3,4.6,0.0,0.3376,0.3555,0.3231,0.0,0.0184,0.0232,0.0244,0.049,0.0,4.6,140.0,26.6,886.0,3931.3,34.8,-13.4051,LIAS GROUP
GU1,GU,13494.0,6,59.4,0.0,59.4,30.2,13.0,16.2,0.0,0.5767,0.2243,0.664,0.0,0.1051,0.1271,0.0609,0.1475,0.0,4.0,143.0,21.7,762.0,5940.1,0.0,-9.9568,THAMES GROUP
GU10,GU,10094.0,5,54.4,0.0,54.4,27.0,15.2,10.7,1.5,0.5361,0.2709,0.533,1.0,0.071,0.0814,0.042,0.0715,0.0372,4.1,143.0,24.3,834.0,5442.1,1.8,-9.5172,LOWER GREENSAND GROUP
GU11,GU,10435.0,8,84.0,7.4335999,76.6,51.3,13.9,11.3,0.0,0.8696,0.2432,0.5672,0.0,0.0594,0.0793,0.0679,0.1461,0.0,4.1,142.0,21.4,771.0,7656.8,193.60001,-4.8309,BRACKLESHAM GROUP AND BARTON GROUP (UNDIFFERENTIATED)
GU12,GU,13606.0,9,91.4,9.2763004,82.1,54.1,13.2,14.8,0.0,0.9045,0.2276,0.6437,0.0,0.079,0.1521,0.0693,0.1471,0.0,4.1,142.0,20.3,757.0,8210.9,252.39999,-5.5062,BRACKLESHAM GROUP AND BARTON GROUP (UNDIFFERENTIATED)
GU14,GU,22427.0,10,106.0,28.8412,77.2,50.0,11.8,15.4,0.0,0.85,0.1958,0.6776,0.0,0.07,0.1607,0.093,0.2148,0.0,4.0,141.0,18.9,749.0,7716.8,544.90002,-5.2184,BRACKLESHAM GROUP AND BARTON GROUP (UNDIFFERENTIATED)
GU15,GU,15770.0,8,78.9,8.2178001,70.6,49.9,10.6,10.2,0.0,0.85,0.1663,0.5348,0.0,0.0554,0.0828,0.0533,0.1178,0.0,3.9,140.0,20.1,719.0,7064.4,201.3,-4.6909,BRACKLESHAM GROUP AND BARTON GROUP (UNDIFFERENTIATED)
GU16,GU,9860.0,8,78.9,3.9103999,75.0,49.9,11.9,13.1,0.0,0.85,0.1983,0.5867,0.0,0.0807,0.1163,0.0428,0.108,0.0,4.0,141.0,20.2,734.0,7500.2,129.3,-5.2646,BRACKLESHAM GROUP AND BARTON GROUP (UNDIFFERENTIATED)
GU17,GU,9182.0,8,79.3,4.6169,74.6,50.0,10.3,14.2,0.0,0.85,0.1619,0.5997,0.0,0.0945,0.1175,0.0378,0.089,0.0,3.9,139.0,18.7,731.0,7463.8,143.8,-5.3862,BRACKLESHAM GROUP AND BARTON GROUP (UNDIFFERENTIATED)
GU18,GU,2882.0,9,87.8,10.046,77.8,50.0,11.6,16.1,0.0,0.85,0.1928,0.6651,0.0,0.1024,0.1175,0.0776,0.1308,0.0,4.1,140.0,18.4,715.0,7778.0,234.7,-5.7736,BRACKLESHAM GROUP AND BARTON GROUP (UNDIFFERENTIATED)
GU19,GU,2590.0,7,71.1,0.0,71.1,49.9,10.9,10.3,0.0,0.85,0.1738,0.5405,0.0,0.0549,0.0695,0.0678,0.1136,0.0,4.0,140.0,19.4,702.0,7113.3,50.099998,-4.5241,BRACKLESHAM GROUP AND BARTON GROUP (UNDIFFERENTIATED)
GU2,GU,11406.0,6,59.6,0.0,59.6,39.5,13.1,7.0,0.0,0.7104,0.2234,0.4794,0.0,0.0226,0.0226,0.0851,0.1508,0.0,4.0,143.0,20.4,753.0,5955.3,9.8,-4.0901,THAMES GROUP
GU20,GU,1787.0,7,71.0,3.5023999,67.5,49.7,11.0,6.8,0.0,0.85,0.1765,0.4595,0.0,0.0258,0.0392,0.0673,0.1149,0.0,4.0,140.0,18.4,690.0,6748.7,118.4,-3.7263,BRACKLESHAM GROUP AND BARTON GROUP (UNDIFFERENTIATED)
GU21,GU,20353.0,8,83.3,7.5682998,75.7,50.1,10.5,15.0,0.0,0.85,0.1663,0.6676,0.0,0.075,0.1154,0.0997,0.2123,0.0,3.9,141.0,16.9,695.0,7569.2,188.2,-4.9214,BRACKLESHAM GROUP AND BARTON GROUP (UNDIFFERENTIATED)
GU22,GU,14061.0,9,86.9,0.0,86.9,51.6,11.0,24.3,0.0,0.8704,0.1787,0.8094,0.0,0.1776,0.2165,0.0629,0.1489,0.0,3.9,142.0,17.8,716.0,8694.7,50.8,-10.4888,BRACKLESHAM GROUP AND BARTON GROUP (UNDIFFERENTIATED)
GU23,GU,2895.0,9,98.4,0.0,98.4,57.9,11.3,29.3,0.0,0.9516,0.186,0.8805,0.0,0.2229,0.2712,0.0611,0.1273,0.0,3.9,142.0,17.6,731.0,9844.3,26.3,-11.8453,THAMES GROUP
GU24,GU,7126.0,10,130.4,48.317001,82.1,50.1,11.3,20.7,0.0,0.85,0.1842,0.7466,0.0,0.1424,0.171,0.0734,0.1325,0.0,4.0,141.0,17.2,712.0,8211.4,879.59998,-8.2349,BRACKLESHAM GROUP AND BARTON GROUP (UNDIFFERENTIATED)
GU25,GU,2328.0,7,73.2,0.0,73.2,50.5,9.9,12.7,0.0,0.8577,0.1519,0.5751,0.0,0.0761,0.1231,0.0421,0.0893,0.0,3.9,140.0,17.3,673.0,7319.6,12.4,-5.4719,BRACKLESHAM GROUP AND BARTON GROUP (UNDIFFERENTIATED)
GU26,GU,3495.0,3,40.5,1.0953,39.4,18.6,16.8,4.1,0.0,0.4,0.3017,0.2859,0.0,0.0145,0.0157,0.021,0.0363,0.0,3.9,143.0,30.4,895.0,3944.5,71.5,-13.6976,LOWER GREENSAND GROUP
GU27,GU,7309.0,5,55.8,0.0,55.8,30.0,17.9,6.5,1.4,0.5799,0.3266,0.4297,1.0,0.0324,0.0401,0.0471,0.0767,0.0324,4.1,144.0,31.9,922.0,5578.3,8.3,-6.346,LOWER GREENSAND GROUP
GU28,GU,2986.0,5,55.4,0.0,55.4,27.2,17.3,10.9,0.0,0.5411,0.3166,0.5431,0.0,0.0691,0.0744,0.0551,0.0795,0.0,4.0,144.0,29.5,930.0,5540.1,10.2,-10.8526,LOWER GREENSAND GROUP
GU29,GU,4639.0,4,48.5,0.164,48.3,23.3,17.6,7.4,0.0,0.4877,0.3212,0.4539,0.0,0.0474,0.0546,0.0374,0.0588,0.0,3.9,144.0,30.2,982.0,4835.0,55.200001,-13.504,LOWER GREENSAND GROUP
GU3,GU,4477.0,7,65.5,0.0,65.5,41.4,13.0,11.1,0.0,0.739,0.2218,0.5514,0.0,0.0671,0.0738,0.0572,0.1063,0.0,4.0,142.0,19.5,757.0,6550.6,29.1,-5.7818,BRACKLESHAM GROUP AND BARTON GROUP (UNDIFFERENTIATED)
GU30,GU,4271.0,4,50.2,2.8794999,47.3,22.6,17.1,7.7,0.0,0.475,0.3106,0.4645,0.0,0.0494,0.0638,0.0361,0.0611,0.0,3.8,143.0,34.1,967.0,4732.9,93.099998,-14.3339,LOWER GREENSAND GROUP
GU31,GU,4568.0,6,62.0,14.0547,48.0,20.1,19.6,7.8,0.4,0.4355,0.3644,0.4614,0.2998,0.0517,0.061,0.0339,0.0537,0.0023,4.2,143.0,30.5,1007.0,4797.7,296.29999,-14.3227,LOWER GREENSAND GROUP
GU32,GU,5708.0,5,53.1,12.2186,40.8,10.2,22.4,4.6,3.6,0.2142,0.4181,0.3104,1.0,0.0215,0.0292,0.0162,0.0287,0.1412,4.5,143.0,36.4,998.0,4083.4,250.89999,-10.529,GAULT FORMATION AND UPPER GREENSAND FORMATION (UNDIFFERENTIATED)
GU33,GU,3675.0,5,55.9,0.1295,55.7,28.2,20.6,7.0,0.0,0.556,0.383,0.4496,0.0,0.0378,0.054,0.0442,0.0778,0.0,4.3,143.0,31.0,985.0,5573.0,66.900002,-8.9114,LOWER GREENSAND GROUP
GU34,GU,14563.0,3,38.1,0.16329999,37.9,10.9,20.8,4.2,2.0,0.2329,0.3853,0.2975,1.0,0.0153,0.018,0.022,0.0421,0.0642,4.5,142.0,30.5,938.0,3789.5,52.599998,-12.1411,GAULT FORMATION AND UPPER GREENSAND FORMATION (UNDIFFERENTIATED)
GU35,GU,9585.0,6,58.0,0.0,58.0,27.2,16.7,14.1,0.0,0.5401,0.3047,0.6087,0.0,0.0938,0.1082,0.0518,0.0927,0.0,4.0,143.0,26.6,923.0,5798.0,50.599998,-11.0593,LOWER GREENSAND GROUP
GU4,GU,6883.0,6,62.2,0.9131,61.3,33.2,13.7,14.3,0.0,0.6203,0.2402,0.6116,0.0,0.0935,0.1098,0.052,0.0993,0.0,4.0,143.0,24.9,777.0,6128.5,74.599998,-8.0999,THAMES GROUP
GU46,GU,3172.0,10,101.4,0.0,101.4,50.3,9.7,41.4,0.0,0.85,0.1499,1.0,0.0,0.3288,0.3468,0.042,0.1169,0.0,3.9,139.0,17.5,726.0,10140.5,21.4,-11.4619,BRACKLESHAM GROUP AND BARTON GROUP (UNDIFFERENTIATED)
GU47,GU,4041.0,9,85.3,0.0,85.3,50.3,9.5,25.5,0.0,0.85,0.143,0.8295,0.0,0.1864,0.2202,0.0652,0.172,0.0,3.9,139.0,16.6,719.0,8529.1,13.9,-10.6739,BRACKLESHAM GROUP AND BARTON GROUP (UNDIFFERENTIATED)
GU5,GU,4635.0,5,54.2,13.1,41.1,19.3,14.0,7.7,0.0,0.4149,0.2449,0.4549,0.0,0.0516,0.061,0.0296,0.0529,0.0,3.9,144.0,24.8,819.0,4105.3,257.79999,-16.6052,LOWER GREENSAND GROUP
GU51,GU,6626.0,10,110.9,29.205601,81.7,50.3,11.7,19.7,0.0,0.8535,0.1942,0.7355,0.0,0.1254,0.173,0.078,0.1605,0.0,4.0,140.0,19.2,756.0,8166.4,566.59998,-7.5427,BRACKLESHAM GROUP AND BARTON GROUP (UNDIFFERENTIATED)
GU52,GU,4101.0,9,94.7,19.1852,75.5,51.1,12.9,11.6,0.0,0.864,0.22,0.5681,0.0,0.0604,0.1039,0.0591,0.129,0.0,4.0,142.0,20.1,765.0,7550.2,399.60001,-4.8298,BRACKLESHAM GROUP AND BARTON GROUP (UNDIFFERENTIATED)
GU6,GU,6666.0,8,81.5,12.3662,69.1,40.2,13.8,15.2,0.0,0.7224,0.2424,0.6665,0.0,0.0836,0.1026,0.1062,0.168,0.0,3.8,145.0,24.9,862.0,6914.3,282.29999,-6.622,WEALDEN GROUP
GU7,GU,9871.0,5,56.0,0.0,56.0,18.3,14.1,18.1,5.5,0.4015,0.2476,0.6804,1.0,0.1346,0.151,0.0378,0.083,0.2526,4.0,144.0,21.4,806.0,5598.7,3.7,-13.8789,LOWER GREENSAND GROUP
GU8,GU,7309.0,5,54.8,0.0,54.8,27.5,15.4,10.6,1.3,0.5432,0.2764,0.5387,1.0,0.0641,0.0726,0.057,0.0905,0.0259,4.0,144.0,25.4,847.0,5479.4,11.1,-8.862,LOWER GREENSAND GROUP
GU9,GU,12740.0,7,67.5,0.0,67.5,35.6,15.2,16.7,0.0,0.6591,0.2723,0.6683,0.0,0.1111,0.1451,0.056,0.1161,0.0,4.3,142.0,21.0,781.0,6748.4,43.8,-8.4881,LOWER GREENSAND GROUP
HA0,HA,16407.0,9,86.9,0.0,86.9,62.3,8.8,15.8,0.0,1.0,0.1242,0.7328,0.0,0.0425,0.0615,0.2067,0.3658,0.0,3.8,140.0,15.5,663.0,8686.1,10.2,-6.0992,THAMES GROUP
HA1,HA,15427.0,8,80.4,0.0,80.4,61.4,9.3,9.8,0.0,0.9907,0.1346,0.5826,0.0,0.0039,0.0052,0.1661,0.2956,0.0,3.9,140.0,16.1,674.0,8039.3,82.0,-3.2677,THAMES GROUP
HA2,HA,20645.0,8,82.2,0.0,82.2,56.9,8.9,16.4,0.0,0.934,0.1262,0.7512,0.0,0.0434,0.0798,0.2175,0.3638,0.0,3.9,140.0,15.6,672.0,8218.2,12.9,-6.1221,THAMES GROUP
HA3,HA,24933.0,9,88.9,0.0,88.9,61.8,9.6,17.6,0.0,0.9999,0.1437,0.7691,0.0,0.0553,0.1146,0.2057,0.3478,0.0,4.0,139.0,15.3,679.0,8892.0,0.0,-7.6174,THAMES GROUP
HA4,HA,20458.0,10,165.0,77.450699,87.5,52.8,8.9,25.8,0.0,0.8827,0.1265,0.9006,0.0,0.1339,0.1918,0.2145,0.3316,0.0,3.9,139.0,16.1,665.0,8750.5,1375.7,-9.3712,THAMES GROUP
HA5,HA,17563.0,8,81.3,0.0,81.3,53.2,9.4,18.7,0.0,0.8895,0.1399,0.7688,0.0,0.0843,0.1391,0.1665,0.2786,0.0,3.9,139.0,15.6,676.0,8132.5,6.0,-7.5751,THAMES GROUP
HA6,HA,9096.0,7,74.9,4.5158,70.3,49.8,9.8,10.8,0.0,0.8477,0.1476,0.5854,0.0,0.0276,0.0337,0.1356,0.2289,0.0,4.0,139.0,16.4,691.0,7033.7,142.10001,-2.8906,THAMES GROUP
HA7,HA,13722.0,9,88.0,0.0,88.0,61.6,10.6,15.8,0.0,1.0,0.1688,0.7033,0.0,0.0664,0.0949,0.1506,0.2558,0.0,4.1,139.0,16.5,684.0,8795.3,57.3,-6.636,THAMES GROUP
HA8,HA,23636.0,10,183.8,92.042297,91.8,61.5,10.5,19.7,0.0,1.0,0.1668,0.7948,0.0,0.0894,0.1442,0.1842,0.2898,0.0,4.1,139.0,16.1,685.0,9177.2,1646.2,-9.0912,THAMES GROUP
HA9,HA,18968.0,10,128.3,40.119202,88.2,62.2,8.9,17.1,0.0,1.0,0.1269,0.7465,0.0,0.0588,0.1227,0.1781,0.3165,0.0,3.8,140.0,15.8,670.0,8821.2,758.79999,-6.8614,THAMES GROUP
HD1,HD,10077.0,5,51.0,0.0,51.0,6.9,24.0,20.1,0.0,0.12,0.4539,0.7708,0.0,0.1166,0.246,0.085,0.191,0.0,4.8,136.0,22.2,1036.0,5101.8,40.0,-20.1461,none (low-plasticity bedrock)
HD2,HD,11480.0,3,41.6,0.0,41.6,7.3,19.9,14.4,0.0,0.12,0.3706,0.6259,0.0,0.0878,0.1565,0.0453,0.113,0.0,4.5,136.0,23.3,950.0,4157.3,0.0,-18.8783,none (low-plasticity bedrock)
HD3,HD,13929.0,4,48.9,0.0,48.9,6.7,37.4,4.8,0.0,0.12,0.7041,0.3714,0.0,0.0153,0.0326,0.0389,0.0868,0.0,5.6,137.0,41.2,1224.0,4605.2,23.4,-12.6172,none (low-plasticity bedrock)
HD4,HD,12678.0,4,45.0,0.0,45.0,7.0,32.2,5.8,0.0,0.12,0.6096,0.3902,0.0,0.0382,0.0456,0.0189,0.0451,0.0,5.3,136.0,30.5,1066.0,4356.2,27.5,-15.4024,none (low-plasticity bedrock)
HD5,HD,13320.0,2,35.6,2.0817001,33.6,7.6,16.1,9.9,0.0,0.12,0.291,0.5175,0.0,0.0624,0.096,0.0321,0.08,0.0,4.2,136.0,18.6,941.0,3356.0,65.800003,-19.556,none (low-plasticity bedrock)
HD6,HD,11982.0,4,44.3,0.0,44.3,7.4,17.3,19.6,0.0,0.12,0.3179,0.7198,0.0,0.138,0.1702,0.0545,0.1178,0.0,4.4,136.0,20.0,940.0,4431.9,0.0,-20.4022,none (low-plasticity bedrock)
HD7,HD,17108.0,7,66.4,11.2588,55.1,6.6,41.1,7.4,0.0,0.12,0.7698,0.4815,0.0,0.0315,0.0411,0.0691,0.128,0.0,6.1,137.0,46.7,1374.0,5099.6,250.8,-12.3086,none (low-plasticity bedrock)
HD8,HD,14134.0,3,40.3,4.2645998,36.0,7.3,22.2,6.5,0.0,0.12,0.4147,0.4238,0.0,0.0402,0.0534,0.0289,0.0585,0.0,5.1,136.0,21.4,888.0,3599.9,123.6,-18.2013,none (low-plasticity bedrock)
HD9,HD,8721.0,5,52.0,0.0,52.0,6.7,38.8,6.6,0.0,0.12,0.7282,0.4483,0.0,0.029,0.038,0.0568,0.108,0.0,6.1,135.0,41.5,1297.0,4868.1,39.900002,-12.848,none (low-plasticity bedrock)
HG1,HG,16399.0,2,34.2,0.0,34.2,7.6,14.0,12.6,0.0,0.1172,0.2455,0.6095,0.0,0.0578,0.0827,0.0952,0.187,0.0,4.4,137.0,19.7,776.0,3422.4,0.0,-18.286,none (low-plasticity bedrock)
HG2,HG,13808.0,3,42.7,7.5439,35.1,7.5,15.2,12.4,0.0,0.1166,0.2725,0.5999,0.0,0.062,0.0835,0.0796,0.1833,0.0,4.6,136.0,19.3,779.0,3512.1,160.3,-18.3732,none (low-plasticity bedrock)
HG3,HG,12499.0,3,39.8,0.0,39.8,7.1,22.9,9.8,0.0,0.1175,0.4317,0.5316,0.0,0.0536,0.0633,0.0583,0.1362,0.0,4.8,141.0,26.2,945.0,3977.5,11.6,-17.0252,none (low-plasticity bedrock)
HG4,HG,11273.0,5,54.4,13.3372,41.1,6.7,20.9,13.5,0.0,0.1086,0.3907,0.6148,0.0,0.0812,0.1005,0.0674,0.1399,0.0,4.7,143.0,20.7,866.0,4108.8,264.60001,-18.6169,none (low-plasticity bedrock)
HG5,HG,8203.0,10,135.2,102.829,32.4,7.3,10.5,14.5,0.0,0.0975,0.1669,0.6381,0.0,0.0806,0.1071,0.0843,0.1515,0.0,4.2,136.0,16.9,699.0,3240.1,1779.6,-20.1163,none (low-plasticity bedrock)
HP1,HP,11936.0,1,27.8,0.54299998,27.2,6.7,14.3,6.3,0.0,0.08,0.2494,0.4183,0.0,0.0323,0.0422,0.0364,0.0827,0.0,4.5,137.0,19.2,745.0,2724.8,34.700001,-21.0688,none (low-plasticity bedrock)
HP10,HP,8436.0,2,34.2,7.0386,27.2,12.7,10.8,3.7,0.0,0.2471,0.1681,0.2781,0.0,0.0059,0.0138,0.0245,0.0613,0.0,4.0,137.0,19.6,752.0,2719.7,146.7,-14.6699,LAMBETH GROUP
HP11,HP,6351.0,3,40.9,3.4065001,37.5,6.8,11.4,19.2,0.0,0.0811,0.1877,0.7854,0.0,0.0862,0.1461,0.1686,0.3136,0.0,4.1,137.0,22.0,765.0,3747.2,85.099998,-23.2433,LAMBETH GROUP
HP12,HP,8174.0,2,34.1,7.5960999,26.5,6.8,13.2,6.6,0.0,0.08,0.2257,0.478,0.0,0.0077,0.0274,0.0982,0.1746,0.0,4.3,137.0,22.4,783.0,2651.6,151.8,-18.9722,none (low-plasticity bedrock)
HP13,HP,17260.0,1,28.6,2.7258999,25.9,6.9,11.8,7.2,0.0,0.08,0.1946,0.4898,0.0,0.0193,0.0193,0.0993,0.1544,0.0,4.1,137.0,21.6,782.0,2586.8,75.900002,-19.5368,none (low-plasticity bedrock)
HP14,HP,7045.0,1,31.8,5.6517,26.2,7.3,15.3,3.1,0.4,0.1053,0.269,0.2411,0.6021,0.0049,0.005,0.022,0.042,0.0094,4.6,137.0,23.6,765.0,2616.9,111.3,-17.4034,LAMBETH GROUP
HP15,HP,6893.0,1,24.0,0.0,24.0,6.8,14.3,2.9,0.0,0.08,0.247,0.2383,0.0,0.0,0.0,0.026,0.0594,0.0,4.4,137.0,24.5,797.0,2396.3,19.9,-18.6683,none (low-plasticity bedrock)
HP16,HP,5021.0,1,32.1,6.1683998,25.9,6.6,15.8,3.1,0.4,0.08,0.281,0.2463,0.4556,0.0031,0.0037,0.026,0.0475,0.0054,4.6,137.0,22.5,782.0,2590.7,122.7,-17.839,none (low-plasticity bedrock)
HP17,HP,7256.0,6,59.4,4.6065001,54.8,28.7,11.2,15.0,0.0,0.5547,0.1812,0.6437,0.0,0.0879,0.1103,0.0802,0.1396,0.0,4.3,136.0,13.8,657.0,5482.3,139.60001,-9.9756,GAULT FORMATION AND UPPER GREENSAND FORMATION (UNDIFFERENTIATED)
HP18,HP,8555.0,9,89.7,13.1423,76.6,44.6,10.6,21.5,0.0,0.7788,0.168,0.7856,0.0,0.1364,0.1551,0.1185,0.1984,0.0,4.3,136.0,14.7,654.0,7659.2,287.20001,-9.4942,"WEST WALTON FORMATION, AMPTHILL CLAY FORMATION AND KIMMERIDGE CLAY FORMATION (UNDIFFERENTIATED)"
HP19,HP,9785.0,10,104.0,0.0,104.0,53.5,11.2,39.2,0.0,0.8966,0.1849,1.0,0.0,0.2384,0.3098,0.2149,0.3847,0.0,4.4,136.0,13.7,675.0,10397.6,10.4,-10.3131,"WEST WALTON FORMATION, AMPTHILL CLAY FORMATION AND KIMMERIDGE CLAY FORMATION (UNDIFFERENTIATED)"
HP2,HP,16439.0,1,30.2,0.0,30.2,11.8,14.4,4.0,0.0,0.2391,0.2508,0.3283,0.0,0.0,0.0,0.0496,0.1123,0.0,4.6,137.0,18.4,727.0,3015.0,10.8,-13.0763,LAMBETH GROUP
HP20,HP,7181.0,8,80.4,3.5903001,76.8,38.1,11.1,27.6,0.0,0.6939,0.1813,0.9239,0.0,0.1537,0.2801,0.1576,0.3594,0.0,4.3,136.0,13.3,688.0,7679.9,126.8,-12.6209,"WEST WALTON FORMATION, AMPTHILL CLAY FORMATION AND KIMMERIDGE CLAY FORMATION (UNDIFFERENTIATED)"
HP21,HP,14305.0,7,66.4,0.0,66.4,40.7,10.9,14.9,0.0,0.7279,0.1754,0.6747,0.0,0.0652,0.1323,0.099,0.2591,0.0,4.3,136.0,12.7,695.0,6644.8,0.0,-5.9799,GAULT FORMATION AND UPPER GREENSAND FORMATION (UNDIFFERENTIATED)
HP22,HP,12042.0,6,63.2,0.0,63.2,38.8,12.0,12.4,0.0,0.7009,0.1998,0.5893,0.0,0.065,0.0918,0.0709,0.1502,0.0,4.4,136.0,14.8,706.0,6323.4,3.0,-5.9967,"WEST WALTON FORMATION, AMPTHILL CLAY FORMATION AND KIMMERIDGE CLAY FORMATION (UNDIFFERENTIATED)"
HP23,HP,7663.0,2,36.7,0.0,36.7,12.5,13.7,10.5,0.0,0.262,0.2383,0.5341,0.0,0.0642,0.0775,0.0466,0.101,0.0,4.5,136.0,17.8,743.0,3668.2,31.700001,-18.1237,GAULT FORMATION AND UPPER GREENSAND FORMATION (UNDIFFERENTIATED)
HP27,HP,3621.0,2,36.6,0.0,36.6,18.0,13.1,5.6,0.0,0.3788,0.2221,0.3729,0.0,0.0272,0.0353,0.0273,0.0602,0.0,4.4,137.0,17.6,745.0,3662.6,2.3,-14.5679,GAULT FORMATION AND UPPER GREENSAND FORMATION (UNDIFFERENTIATED)
HP3,HP,13579.0,1,27.9,0.0,27.9,9.4,14.4,4.2,0.0,0.1653,0.2503,0.3132,0.0,0.0098,0.0154,0.0297,0.0739,0.0,4.5,137.0,21.2,753.0,2789.6,7.1,-15.276,LAMBETH GROUP
HP4,HP,10486.0,5,55.9,31.048599,24.8,7.1,13.9,3.9,0.0,0.0949,0.2391,0.2856,0.0,0.0087,0.012,0.0259,0.0562,0.0,4.4,137.0,20.7,768.0,2482.8,548.0,-18.4997,LAMBETH GROUP
HP5,HP,10904.0,1,31.1,0.30219999,30.8,6.9,15.0,5.5,3.4,0.089,0.2664,0.383,1.0,0.0237,0.0288,0.0394,0.0704,0.13,4.6,137.0,21.2,772.0,3080.3,29.5,-14.3992,LAMBETH GROUP
HP6,HP,5558.0,1,24.3,0.0,24.3,6.8,14.5,2.9,0.0,0.08,0.2535,0.2357,0.0,0.0015,0.0022,0.0223,0.0566,0.0,4.4,137.0,22.9,776.0,2426.8,0.0,-18.8382,none (low-plasticity bedrock)
HP7,HP,4841.0,1,29.0,2.3025,26.7,8.7,13.6,4.5,0.0,0.143,0.2342,0.3245,0.0,0.0129,0.0258,0.0292,0.0597,0.0,4.3,137.0,23.0,771.0,2673.4,71.400002,-16.181,LAMBETH GROUP
HP8,HP,2994.0,1,27.8,0.0,27.8,10.5,12.1,5.2,0.0,0.194,0.2003,0.3507,0.0,0.0272,0.0282,0.0215,0.0505,0.0,4.2,137.0,19.5,761.0,2777.1,10.6,-17.0067,LAMBETH GROUP
HP9,HP,6878.0,2,34.5,0.0,34.5,20.0,10.5,4.0,0.0,0.4109,0.1627,0.3299,0.0,0.0,0.0,0.0532,0.1038,0.0,4.0,137.0,18.6,735.0,3452.2,3.5,-11.5434,LAMBETH GROUP
HR1,HR,15030.0,3,38.7,0.0,38.7,8.2,7.1,23.4,0.0,0.1167,0.0773,0.7697,0.0,0.1733,0.2029,0.0432,0.1003,0.0,3.7,135.0,16.7,738.0,3869.6,0.0,-24.098,none (low-plasticity bedrock)
HR2,HR,16258.0,1,30.8,0.0,30.8,7.7,12.0,11.1,0.0,0.1116,0.2001,0.5378,0.0,0.074,0.0916,0.0354,0.0715,0.0,3.8,139.0,23.4,850.0,3080.9,13.5,-21.1269,none (low-plasticity bedrock)
HR3,HR,3674.0,4,43.9,0.0,43.9,7.4,17.5,19.1,0.0,0.1192,0.3203,0.6943,0.0,0.1412,0.1581,0.0405,0.0766,0.0,4.3,142.0,21.4,1015.0,4387.8,6.3,-19.9711,none (low-plasticity bedrock)
HR4,HR,13682.0,2,35.7,0.0,35.7,8.1,9.6,18.0,0.0,0.12,0.1438,0.6917,0.0,0.118,0.1403,0.0652,0.1392,0.0,3.8,139.0,21.0,745.0,3569.8,7.3,-20.5599,none (low-plasticity bedrock)
HR5,HR,2350.0,4,47.9,10.4108,37.5,7.3,22.6,7.6,0.0,0.1198,0.4239,0.4662,0.0,0.0455,0.0528,0.0446,0.0768,0.0,4.8,142.0,29.2,980.0,3746.2,213.5,-17.3791,none (low-plasticity bedrock)
HR6,HR,9399.0,2,36.5,0.0,36.5,8.2,8.8,19.5,0.0,0.12,0.124,0.7083,0.0,0.1356,0.1624,0.0535,0.1056,0.0,3.7,139.0,19.4,783.0,3646.0,0.0,-21.4179,none (low-plasticity bedrock)
HR7,HR,3350.0,2,33.8,7.1802001,26.7,7.9,12.2,6.5,0.0,0.12,0.2032,0.4181,0.0,0.0372,0.0504,0.0308,0.0611,0.0,4.5,134.0,19.7,778.0,2666.7,150.60001,-21.0021,none (low-plasticity bedrock)
HR8,HR,6347.0,1,26.8,0.114,26.7,8.3,8.2,10.1,0.0,0.1237,0.1064,0.5265,0.0,0.0674,0.0809,0.0386,0.0834,0.0,3.9,132.0,17.8,736.0,2666.7,19.200001,-22.721,TRIASSIC ROCKS (UNDIFFERENTIATED)
HR9,HR,9603.0,2,32.7,0.0,32.7,7.1,10.5,15.1,0.0,0.0861,0.1657,0.6017,0.0,0.1108,0.125,0.0219,0.0483,0.0,3.8,137.0,22.3,823.0,3272.7,5.6,-21.878,none (low-plasticity bedrock)
HS1,HS,3629.0,7,66.9,0.090499997,66.9,5.5,45.3,14.8,1.3,0.08,0.8433,0.6639,0.8802,0.0917,0.1077,0.0964,0.14,0.02,5.5,175.0,36.0,1444.0,6103.1,66.099998,-12.5621,none (low-plasticity bedrock)
HS2,HS,4366.0,7,65.2,0.0,65.2,5.4,47.2,11.3,1.3,0.08,0.8753,0.5985,0.8802,0.0505,0.0519,0.1232,0.1589,0.02,5.6,172.0,46.9,1638.0,5867.9,57.599998,-10.8839,none (low-plasticity bedrock)
HS3,HS,913.0,7,69.0,0.0,69.0,5.5,54.7,7.5,1.3,0.08,1.0,0.4874,0.8802,0.0263,0.0274,0.0918,0.1228,0.02,6.7,172.0,71.3,1993.0,5912.4,51.599998,-8.9776,none (low-plasticity bedrock)
HS4,HS,121.0,7,69.1,6.2522998,62.9,5.7,52.4,3.6,1.2,0.08,0.9584,0.2757,0.8802,0.0106,0.0108,0.0265,0.0339,0.02,6.9,172.0,46.0,1902.0,5406.4,165.89999,-9.4144,none (low-plasticity bedrock)
HS5,HS,154.0,7,65.9,0.0,65.9,5.5,52.9,6.2,1.3,0.08,0.9683,0.4236,0.8802,0.0327,0.0347,0.05,0.0636,0.02,7.3,171.0,50.1,1763.0,5688.0,49.5,-10.321,none (low-plasticity bedrock)
HS6,HS,935.0,9,94.5,26.263599,68.2,5.4,49.5,12.0,1.3,0.08,0.9131,0.5847,0.8802,0.075,0.0778,0.0774,0.0912,0.02,6.5,171.0,42.3,1409.0,6069.8,506.5,-11.5525,none (low-plasticity bedrock)
HS7,HS,638.0,7,69.3,0.48539999,68.8,5.4,48.5,13.6,1.3,0.08,0.8977,0.6267,0.8802,0.0911,0.0964,0.0814,0.0906,0.02,6.4,172.0,38.5,1373.0,6173.2,88.699997,-12.3579,none (low-plasticity bedrock)
HS8,HS,869.0,7,74.2,0.0,74.2,5.3,51.0,16.7,1.3,0.08,0.9382,0.6989,0.8802,0.1203,0.1268,0.0881,0.1061,0.02,6.4,171.0,47.9,1489.0,6605.0,44.0,-13.3906,none (low-plasticity bedrock)
HS9,HS,572.0,6,60.9,0.0,60.9,5.7,50.8,3.2,1.2,0.08,0.9324,0.2369,0.8802,0.0085,0.0092,0.0175,0.0254,0.02,7.8,170.0,46.7,1466.0,5286.0,33.8,-9.7622,none (low-plasticity bedrock)
HU1,HU,2370.0,8,77.9,4.6117001,73.3,6.9,9.3,57.1,0.0,0.08,0.1391,1.0,0.0,0.4534,0.4534,0.0865,0.1631,0.0,4.5,125.0,14.7,656.0,7333.4,164.0,-22.6008,none (low-plasticity bedrock)
HU10,HU,9043.0,5,51.1,0.0,51.1,6.8,11.2,33.1,0.0,0.08,0.1837,0.938,0.0,0.2654,0.2738,0.0662,0.1484,0.0,4.7,126.0,15.8,689.0,5110.6,0.0,-25.4661,none (low-plasticity bedrock)
HU11,HU,6260.0,2,35.9,0.0,35.9,6.8,12.0,17.1,0.0,0.08,0.2017,0.6978,0.0,0.1022,0.1114,0.1044,0.1696,0.0,4.8,125.0,14.7,656.0,3586.9,0.0,-21.25,none (low-plasticity bedrock)
HU12,HU,11275.0,5,51.5,0.0,51.5,6.8,11.6,33.1,0.0,0.08,0.1924,0.9259,0.0,0.2723,0.2723,0.05,0.1106,0.0,5.0,125.0,12.8,621.0,5145.2,31.0,-25.5718,none (low-plasticity bedrock)
HU13,HU,6446.0,5,51.7,0.0,51.7,6.9,10.4,34.4,0.0,0.08,0.1644,0.9425,0.0,0.2808,0.2808,0.0526,0.1211,0.0,4.6,126.0,14.7,685.0,5165.5,34.0,-25.3313,none (low-plasticity bedrock)
HU14,HU,3735.0,5,55.8,0.0,55.8,12.9,9.8,33.1,0.0,0.2663,0.1517,0.9047,0.0,0.2726,0.2966,0.0243,0.0519,0.0,4.5,126.0,14.7,697.0,5584.1,0.8,-23.8481,"WEST WALTON FORMATION, AMPTHILL CLAY FORMATION AND KIMMERIDGE CLAY FORMATION (UNDIFFERENTIATED)"
HU15,HU,10262.0,5,50.4,0.0,50.4,20.7,6.9,22.7,0.0,0.4132,0.0737,0.768,0.0,0.1572,0.2194,0.0503,0.1259,0.0,4.1,127.0,13.3,656.0,5040.2,1.8,-18.4388,TRIASSIC ROCKS (UNDIFFERENTIATED)
HU16,HU,7300.0,2,37.4,0.0,37.4,6.7,12.5,18.2,0.0,0.08,0.2126,0.6895,0.0,0.1281,0.155,0.0474,0.1101,0.0,4.8,126.0,16.3,692.0,3740.4,3.4,-21.9483,none (low-plasticity bedrock)
HU17,HU,19256.0,10,132.8,82.792801,50.0,6.8,11.2,32.0,0.0,0.08,0.1841,0.916,0.0,0.2542,0.2702,0.0607,0.1284,0.0,4.6,126.0,16.2,703.0,4998.8,1441.2,-25.5354,none (low-plasticity bedrock)
HU18,HU,3774.0,2,36.8,1.5815001,35.3,6.6,14.1,14.5,0.0,0.08,0.2481,0.6095,0.0,0.0985,0.1082,0.049,0.08,0.0,5.1,125.0,14.6,663.0,3526.0,66.800003,-20.4111,none (low-plasticity bedrock)
HU19,HU,3085.0,2,33.5,2.4756999,31.1,6.7,13.0,11.4,0.0,0.08,0.2221,0.5596,0.0,0.0638,0.1006,0.0571,0.1005,0.0,5.1,125.0,11.9,605.0,3106.1,70.400002,-21.4184,none (low-plasticity bedrock)
HU2,HU,2450.0,10,135.6,0.0,135.6,7.0,9.1,119.6,0.0,0.08,0.1327,1.0,0.0,0.9646,0.9646,0.1645,0.3909,0.0,4.4,125.0,15.0,657.0,13562.5,35.8,-15.2474,none (low-plasticity bedrock)
HU20,HU,291.0,6,57.9,36.562401,21.4,6.8,12.7,1.9,0.0,0.08,0.2084,0.109,0.0,0.0,0.0,0.005,0.0138,0.0,4.8,126.0,17.9,708.0,2138.0,627.79999,-23.2394,none (low-plasticity bedrock)
HU3,HU,13661.0,10,104.5,14.0529,90.4,7.0,7.9,75.5,0.0,0.08,0.1019,1.0,0.0,0.6162,0.6162,0.083,0.2243,0.0,4.2,125.0,14.8,658.0,9044.2,326.0,-21.835,none (low-plasticity bedrock)
HU4,HU,10501.0,10,105.4,0.0,105.4,6.9,9.2,89.2,0.0,0.08,0.137,1.0,0.0,0.7408,0.7408,0.0568,0.2074,0.0,4.4,126.0,14.3,671.0,10538.3,43.5,-20.0704,none (low-plasticity bedrock)
HU5,HU,22388.0,10,247.0,115.2526,131.7,7.0,8.8,116.0,0.0,0.08,0.1254,1.0,0.0,0.9529,0.9702,0.0679,0.2841,0.0,4.3,125.0,15.0,670.0,13171.3,2036.5,-16.2972,none (low-plasticity bedrock)
HU6,HU,14149.0,10,149.0,14.8948,134.1,7.0,8.7,118.4,0.0,0.08,0.1223,1.0,0.0,0.9841,0.9922,0.0465,0.2059,0.0,4.3,125.0,14.8,672.0,13408.6,351.20001,-16.1912,none (low-plasticity bedrock)
HU7,HU,19405.0,10,121.4,29.5364,91.9,7.0,9.0,75.9,0.0,0.08,0.1316,1.0,0.0,0.6189,0.6189,0.0912,0.2248,0.0,4.4,125.0,14.7,663.0,9185.9,565.09998,-21.7733,none (low-plasticity bedrock)
HU8,HU,15191.0,10,111.9,5.8938999,106.0,7.0,8.7,90.3,0.0,0.08,0.1243,1.0,0.0,0.7412,0.7412,0.0769,0.2605,0.0,4.4,125.0,14.5,654.0,10599.2,192.89999,-19.7957,none (low-plasticity bedrock)
HU9,HU,17651.0,8,84.4,7.0597,77.3,6.8,11.0,59.5,0.0,0.08,0.1783,1.0,0.0,0.4773,0.4773,0.0655,0.1895,0.0,4.8,125.0,13.9,652.0,7729.1,192.3,-22.3576,none (low-plasticity bedrock)
HX1,HX,9263.0,3,40.4,2.2825999,38.1,7.2,25.6,5.3,0.0,0.12,0.4854,0.4352,0.0,0.0023,0.0023,0.0754,0.2169,0.0,4.9,137.0,24.5,1084.0,3796.4,72.400002,-13.8179,none (low-plasticity bedrock)
HX2,HX,15956.0,4,50.3,5.5030999,44.8,6.9,31.7,6.2,0.0,0.12,0.6016,0.4329,0.0,0.0297,0.0354,0.0469,0.1056,0.0,5.3,138.0,33.1,1182.0,4351.3,141.10001,-14.5977,none (low-plasticity bedrock)
HX3,HX,20896.0,2,36.9,0.0,36.9,7.3,23.3,6.3,0.0,0.12,0.4382,0.4216,0.0,0.041,0.0492,0.0256,0.0669,0.0,4.9,136.0,23.7,949.0,3691.9,4.1,-18.0315,none (low-plasticity bedrock)
HX4,HX,5498.0,5,51.2,0.0,51.2,6.7,34.7,9.7,0.0,0.12,0.6574,0.5116,0.0,0.0659,0.0752,0.0386,0.063,0.0,5.4,137.0,34.0,1188.0,4912.1,8.1,-14.5595,none (low-plasticity bedrock)
HX5,HX,4608.0,5,51.5,5.5489001,46.0,7.0,21.9,17.0,0.0,0.12,0.4115,0.6888,0.0,0.1044,0.17,0.0646,0.1499,0.0,4.5,136.0,24.1,1044.0,4595.7,145.39999,-18.5552,none (low-plasticity bedrock)
HX6,HX,8493.0,6,56.8,2.2972,54.6,6.6,39.8,8.1,0.0,0.12,0.7471,0.4907,0.0,0.0445,0.0554,0.0529,0.1096,0.0,5.8,138.0,42.3,1304.0,5084.6,91.699997,-13.0926,none (low-plasticity bedrock)
HX7,HX,6120.0,5,51.6,0.0,51.6,6.7,35.7,9.2,0.0,0.12,0.6735,0.5335,0.0,0.047,0.0577,0.0621,0.1715,0.0,5.2,139.0,40.4,1269.0,4920.0,19.6,-13.9566,none (low-plasticity bedrock)
IG1,IG,21006.0,10,103.1,8.6296997,94.5,60.7,7.9,25.9,0.0,0.977,0.1001,0.8726,0.0,0.1622,0.2185,0.117,0.3179,0.0,3.8,140.0,13.3,604.0,9450.5,218.39999,-10.0015,THAMES GROUP
IG10,IG,13253.0,9,92.0,5.8877001,86.1,61.5,8.7,15.9,0.0,0.9896,0.1203,0.6945,0.0,0.073,0.0917,0.1363,0.2416,0.0,3.8,140.0,15.6,649.0,8607.8,165.5,-5.5721,THAMES GROUP
IG11,IG,21390.0,10,197.7,83.009598,114.7,58.2,7.8,48.7,0.0,0.9452,0.0987,1.0,0.0,0.2074,0.5526,0.3724,0.6175,0.0,3.8,140.0,12.8,602.0,11465.5,1518.5,-10.1385,THAMES GROUP
IG2,IG,9707.0,9,88.1,8.7151003,79.4,62.3,8.7,8.4,0.0,1.0,0.1201,0.5282,0.0,0.0262,0.0322,0.0892,0.2234,0.0,3.9,140.0,14.4,606.0,7937.8,219.39999,-4.4863,THAMES GROUP
IG3,IG,11918.0,10,126.6,35.615002,91.0,62.4,8.4,20.2,0.0,1.0,0.1129,0.7736,0.0,0.1066,0.211,0.0878,0.3014,0.0,3.9,140.0,13.7,601.0,9101.1,692.29999,-8.0795,THAMES GROUP
IG4,IG,2858.0,9,92.1,0.0,92.1,62.5,8.1,21.5,0.0,1.0,0.1065,0.7629,0.0,0.1444,0.1777,0.0698,0.1819,0.0,3.8,140.0,13.9,620.0,9213.0,85.199997,-8.5358,THAMES GROUP
IG5,IG,5724.0,8,80.0,0.49129999,79.5,62.3,8.8,8.5,0.0,1.0,0.1217,0.5481,0.0,0.0,0.0,0.1442,0.2951,0.0,3.9,140.0,14.8,621.0,7950.6,89.699997,-3.3304,THAMES GROUP
IG6,IG,11555.0,9,87.6,0.0,87.6,62.0,9.3,16.3,0.0,1.0,0.1376,0.7376,0.0,0.0545,0.0849,0.1776,0.371,0.0,4.0,140.0,16.2,621.0,8762.7,6.2,-6.7695,THAMES GROUP
IG7,IG,8657.0,9,86.5,1.1408,85.4,61.9,9.8,13.7,0.0,0.9994,0.1476,0.6385,0.0,0.0657,0.0765,0.1082,0.2062,0.0,4.0,140.0,15.9,642.0,8536.3,83.599998,-5.4242,THAMES GROUP
IG8,IG,15618.0,9,89.7,0.0,89.7,62.2,8.9,18.6,0.0,1.0,0.1259,0.7659,0.0,0.0803,0.1596,0.1558,0.2858,0.0,3.9,140.0,15.3,634.0,8974.9,0.0,-7.677,THAMES GROUP
IG9,IG,5501.0,9,93.3,0.0,93.3,62.2,9.0,22.2,0.0,1.0,0.1287,0.8029,0.0,0.1407,0.1568,0.1158,0.2493,0.0,3.9,140.0,15.9,641.0,9331.2,89.699997,-9.4814,THAMES GROUP
IP1,IP,18289.0,6,60.7,0.66720003,60.1,37.4,11.8,10.9,0.0,0.6822,0.1956,0.597,0.0,0.0263,0.0312,0.1299,0.2899,0.0,4.5,139.0,12.0,613.0,6005.9,55.400002,-4.6175,THAMES GROUP
IP10,IP,2749.0,8,76.1,0.0,76.1,44.6,12.8,18.7,0.0,0.7821,0.2191,0.69,0.0,0.1367,0.1714,0.0344,0.0807,0.0,4.7,139.0,12.6,610.0,7610.0,23.6,-7.8592,NEOGENE TO QUATERNARY ROCKS (UNDIFFERENTIATED)
IP11,IP,13024.0,9,90.2,7.6248002,82.6,47.9,17.3,17.3,0.0,0.8332,0.3178,0.6941,0.0,0.1022,0.1724,0.0702,0.1578,0.0,5.3,138.0,13.2,598.0,8255.7,229.10001,-6.5021,NEOGENE TO QUATERNARY ROCKS (UNDIFFERENTIATED)
IP12,IP,10612.0,10,103.2,17.189301,86.1,43.0,14.0,29.0,0.0,0.7619,0.2474,0.8602,0.0,0.236,0.2699,0.0276,0.0792,0.0,4.8,138.0,12.9,621.0,8605.7,351.39999,-13.0417,NEOGENE TO QUATERNARY ROCKS (UNDIFFERENTIATED)
IP13,IP,8882.0,6,61.4,2.7939999,58.6,33.1,13.5,12.0,0.0,0.6204,0.2347,0.5748,0.0,0.068,0.0774,0.0705,0.1198,0.0,4.7,139.0,15.7,640.0,5858.6,107.0,-7.6021,NEOGENE TO QUATERNARY ROCKS (UNDIFFERENTIATED)
IP14,IP,17993.0,5,54.4,0.0,54.4,31.1,13.7,9.7,0.0,0.59,0.2372,0.5315,0.0,0.0453,0.0587,0.0764,0.1305,0.0,4.7,139.0,13.7,622.0,5440.2,3.3,-7.5511,NEOGENE TO QUATERNARY ROCKS (UNDIFFERENTIATED)
IP15,IP,1194.0,8,82.0,1.2407,80.7,38.0,15.3,27.4,0.0,0.7,0.2749,0.8777,0.0,0.1986,0.2532,0.0983,0.1556,0.0,4.9,138.0,12.7,622.0,8073.1,107.3,-13.9085,NEOGENE ROCKS (UNDIFFERENTIATED)
IP16,IP,3223.0,7,72.0,0.0,72.0,38.3,14.9,18.8,0.0,0.7,0.2665,0.6981,0.0,0.1348,0.1555,0.0492,0.0994,0.0,4.8,138.0,14.2,626.0,7204.8,42.900002,-9.0974,NEOGENE TO QUATERNARY ROCKS (UNDIFFERENTIATED)
IP17,IP,5822.0,9,90.7,22.221399,68.5,38.4,14.0,16.1,0.0,0.7,0.245,0.653,0.0,0.1098,0.1236,0.0593,0.0997,0.0,4.8,138.0,14.3,634.0,6851.4,467.70001,-7.6472,NEOGENE TO QUATERNARY ROCKS (UNDIFFERENTIATED)
IP18,IP,1983.0,9,86.7,3.562,83.2,38.1,14.7,30.3,0.0,0.7,0.2635,0.8823,0.0,0.251,0.2737,0.0315,0.0794,0.0,4.9,138.0,12.0,628.0,8316.4,143.5,-14.8842,NEOGENE TO QUATERNARY ROCKS (UNDIFFERENTIATED)
IP19,IP,4812.0,7,69.5,2.2966001,67.2,38.4,14.1,14.7,0.0,0.7,0.2491,0.6374,0.0,0.0882,0.1022,0.0809,0.13,0.0,4.9,138.0,13.5,631.0,6724.6,122.2,-6.9821,NEOGENE TO QUATERNARY ROCKS (UNDIFFERENTIATED)
IP2,IP,13960.0,8,75.3,0.67860001,74.6,39.6,11.3,23.7,0.0,0.7153,0.1867,0.8571,0.0,0.1322,0.1633,0.1788,0.3095,0.0,4.4,139.0,13.7,607.0,7463.4,93.199997,-11.3993,THAMES GROUP
IP20,IP,3875.0,6,58.7,0.0,58.7,28.7,12.9,17.1,0.0,0.5564,0.223,0.6946,0.0,0.1047,0.1188,0.0974,0.1548,0.0,4.7,137.0,12.1,637.0,5874.8,12.5,-11.1404,NEOGENE TO QUATERNARY ROCKS (UNDIFFERENTIATED)
IP21,IP,5078.0,5,52.3,1.7193,50.5,23.7,12.7,14.2,0.0,0.4861,0.2166,0.6341,0.0,0.0778,0.0925,0.094,0.1483,0.0,4.7,138.0,13.2,634.0,5053.5,73.699997,-13.1888,NEOGENE TO QUATERNARY ROCKS (UNDIFFERENTIATED)
IP22,IP,10292.0,4,49.8,15.9758,33.8,8.5,11.7,13.6,0.0,0.1368,0.1945,0.6094,0.0,0.078,0.0934,0.0743,0.1308,0.0,4.6,138.0,11.8,633.0,3381.7,306.29999,-18.4739,NEOGENE TO QUATERNARY ROCKS (UNDIFFERENTIATED)
IP23,IP,3375.0,6,63.5,0.0,63.5,38.6,13.4,11.5,0.0,0.6993,0.2327,0.5727,0.0,0.0574,0.0744,0.0816,0.1387,0.0,4.7,139.0,13.1,619.0,6352.0,19.1,-5.9543,NEOGENE TO QUATERNARY ROCKS (UNDIFFERENTIATED)
IP24,IP,12039.0,1,22.4,0.0,22.4,7.2,8.2,7.0,0.0,0.08,0.1057,0.4375,0.0,0.0413,0.0512,0.0312,0.0782,0.0,3.9,137.0,14.9,656.0,2235.7,0.0,-24.1538,none (low-plasticity bedrock)
IP25,IP,9189.0,1,27.7,0.0,27.7,6.8,12.5,8.4,0.0,0.08,0.2109,0.4979,0.0,0.0449,0.056,0.06,0.1024,0.0,4.6,136.0,16.7,697.0,2771.0,0.0,-20.8106,none (low-plasticity bedrock)
IP26,IP,4089.0,1,29.3,0.0,29.3,9.7,7.6,12.1,0.0,0.1609,0.0911,0.5861,0.0,0.059,0.0806,0.0815,0.1584,0.0,3.9,135.0,15.1,657.0,2934.1,2.6,-18.7237,GAULT FORMATION AND UPPER GREENSAND FORMATION (UNDIFFERENTIATED)
IP27,IP,8456.0,2,32.1,2.3803999,29.7,7.9,8.3,13.5,0.0,0.1101,0.1104,0.6521,0.0,0.0473,0.0967,0.1209,0.2694,0.0,4.1,137.0,12.9,616.0,2972.5,65.599998,-18.8821,GAULT FORMATION AND UPPER GREENSAND FORMATION (UNDIFFERENTIATED)
IP28,IP,12828.0,4,45.0,10.676,34.3,8.3,9.3,16.7,0.0,0.1248,0.1357,0.6889,0.0,0.0894,0.1488,0.0868,0.1937,0.0,4.2,139.0,12.5,600.0,3430.0,209.60001,-19.7584,GAULT FORMATION AND UPPER GREENSAND FORMATION (UNDIFFERENTIATED)
IP29,IP,4019.0,2,35.0,0.0,35.0,11.3,15.3,8.4,0.0,0.2306,0.2739,0.4975,0.0,0.0417,0.0486,0.0661,0.112,0.0,4.9,140.0,14.1,643.0,3498.0,2.2,-15.9433,NEOGENE TO QUATERNARY ROCKS (UNDIFFERENTIATED)
IP3,IP,14730.0,8,75.4,13.0076,62.4,38.0,10.7,13.7,0.0,0.6915,0.1713,0.6647,0.0,0.0506,0.069,0.1326,0.3038,0.0,4.3,139.0,14.2,610.0,6244.1,267.60001,-6.1876,NEOGENE TO QUATERNARY ROCKS (UNDIFFERENTIATED)
IP30,IP,6388.0,4,49.0,0.35820001,48.6,26.8,14.1,7.7,0.0,0.5326,0.2455,0.4824,0.0,0.0374,0.0428,0.0637,0.1142,0.0,4.7,140.0,13.7,632.0,4863.0,70.400002,-9.9076,NEOGENE TO QUATERNARY ROCKS (UNDIFFERENTIATED)
IP31,IP,8916.0,5,53.2,21.4515,31.8,11.0,12.0,8.7,0.0,0.2118,0.2004,0.5038,0.227,0.0495,0.0607,0.0546,0.1024,0.0013,4.6,139.0,12.1,618.0,3175.2,400.29999,-17.8753,NEOGENE TO QUATERNARY ROCKS (UNDIFFERENTIATED)
IP32,IP,7499.0,1,31.0,0.0,31.0,6.7,12.8,11.5,0.0,0.08,0.2179,0.611,0.0,0.032,0.0495,0.1317,0.267,0.0,4.6,140.0,13.2,625.0,3102.6,10.4,-18.5053,none (low-plasticity bedrock)
IP33,IP,11802.0,3,41.7,0.0,41.7,6.7,13.5,20.7,0.8,0.08,0.2358,0.8086,0.6874,0.1115,0.1341,0.1732,0.2825,0.0122,4.7,140.0,14.0,630.0,4166.3,4.8,-22.7923,none (low-plasticity bedrock)
IP4,IP,15560.0,7,74.6,7.3224001,67.2,47.5,11.4,8.4,0.0,0.8198,0.185,0.537,0.0,0.0137,0.0248,0.1005,0.287,0.0,4.4,139.0,13.0,614.0,6724.7,180.0,-2.8716,NEOGENE TO QUATERNARY ROCKS (UNDIFFERENTIATED)
IP5,IP,8609.0,8,76.4,16.871,59.5,40.1,12.7,6.7,0.0,0.7191,0.215,0.4757,0.0,0.0185,0.0242,0.0658,0.2174,0.0,4.6,139.0,15.3,615.0,5952.2,361.20001,-3.661,NEOGENE TO QUATERNARY ROCKS (UNDIFFERENTIATED)
IP6,IP,7729.0,5,53.9,12.587,41.4,18.2,11.9,11.2,0.0,0.3911,0.1976,0.5581,0.0,0.0623,0.0745,0.0653,0.123,0.0,4.5,139.0,13.6,622.0,4136.1,259.70001,-16.448,NEOGENE TO QUATERNARY ROCKS (UNDIFFERENTIATED)
IP7,IP,6957.0,5,54.4,0.0,54.4,32.6,13.0,8.8,0.0,0.6125,0.2231,0.5033,0.0,0.0513,0.0618,0.053,0.0946,0.0,4.6,140.0,12.3,606.0,5440.9,10.8,-7.5743,NEOGENE TO QUATERNARY ROCKS (UNDIFFERENTIATED)
IP8,IP,4825.0,5,56.0,0.0,56.0,32.6,12.7,10.7,0.0,0.6111,0.2155,0.5515,0.0,0.0578,0.0683,0.0675,0.131,0.0,4.6,139.0,12.3,603.0,5596.9,5.5,-7.7425,NEOGENE TO QUATERNARY ROCKS (UNDIFFERENTIATED)
IP9,IP,5068.0,9,93.9,11.3639,82.5,46.5,12.3,23.7,0.0,0.8038,0.2091,0.7708,0.0,0.1881,0.2002,0.0334,0.0642,0.0,4.6,139.0,13.4,589.0,8254.4,290.10001,-10.1118,NEOGENE TO QUATERNARY ROCKS (UNDIFFERENTIATED)
IV1,IV,10932.0,1,24.4,0.0,24.4,8.1,9.9,5.6,0.9,0.12,0.148,0.3849,0.8802,0.0166,0.0488,0.0431,0.065,0.02,3.6,145.0,18.9,862.0,2441.3,0.0,-17.7857,none (low-plasticity bedrock)
IV10,IV,1034.0,1,23.8,0.0,23.8,7.8,11.3,3.9,0.9,0.1119,0.1799,0.2905,0.8802,0.0074,0.0082,0.0346,0.0498,0.02,4.1,140.0,15.7,824.0,2384.2,2.8,-16.122,none (low-plasticity bedrock)
IV11,IV,539.0,1,25.1,0.045,25.1,7.9,14.2,2.1,0.9,0.1255,0.2434,0.1382,0.8802,0.0023,0.0032,0.0067,0.0093,0.02,4.8,138.0,15.2,754.0,2509.5,18.8,-18.8403,UPPER JURASSIC ROCKS (UNDIFFERENTIATED)
IV12,IV,5543.0,2,33.3,1.1727999,32.1,6.9,14.0,10.1,1.1,0.0919,0.2444,0.5364,0.8802,0.0524,0.0585,0.0762,0.1089,0.02,4.6,136.0,19.0,873.0,3211.9,43.900002,-17.7519,none (low-plasticity bedrock)
IV13,IV,275.0,5,50.5,0.51679999,50.0,5.9,34.7,8.1,1.3,0.08,0.6566,0.4981,0.8802,0.0341,0.0366,0.0836,0.1183,0.02,5.9,147.0,29.7,1202.0,4787.7,62.099998,-11.5065,none (low-plasticity bedrock)
IV14,IV,968.0,3,41.6,0.0,41.6,6.3,22.2,11.9,1.2,0.0886,0.4181,0.598,0.8802,0.0554,0.0577,0.1145,0.1496,0.02,4.2,156.0,36.9,1218.0,4160.8,18.1,-15.2754,none (low-plasticity bedrock)
IV15,IV,3157.0,2,36.1,0.45969999,35.6,7.5,18.6,8.4,1.1,0.12,0.3426,0.4728,0.8802,0.0576,0.06,0.0342,0.0505,0.02,4.2,150.0,29.9,1060.0,3559.6,37.8,-16.9466,none (low-plasticity bedrock)
IV16,IV,704.0,4,44.4,1.7652,42.7,6.7,22.2,12.6,1.2,0.1072,0.417,0.6026,0.8802,0.0695,0.0728,0.0946,0.1268,0.02,4.3,149.0,31.9,1196.0,4265.5,65.199997,-15.7534,none (low-plasticity bedrock)
IV17,IV,2112.0,5,51.2,0.0,51.2,6.1,30.8,13.1,1.3,0.0913,0.5864,0.627,0.8802,0.0669,0.0688,0.1166,0.1533,0.02,4.7,154.0,41.4,1364.0,5013.2,18.5,-13.2583,none (low-plasticity bedrock)
IV18,IV,2618.0,1,27.8,1.6497,26.2,8.1,9.4,7.7,0.9,0.12,0.1383,0.4583,0.8802,0.0494,0.0521,0.0387,0.059,0.02,3.8,142.0,12.6,834.0,2616.1,50.400002,-19.8942,none (low-plasticity bedrock)
IV19,IV,2585.0,7,72.3,36.986801,35.3,7.8,10.5,16.1,1.0,0.1133,0.1654,0.6476,0.8802,0.1088,0.1166,0.0613,0.0936,0.02,4.2,142.0,13.3,781.0,3534.0,656.59998,-18.5651,none (low-plasticity bedrock)
IV2,IV,15882.0,3,42.7,0.0,42.7,6.4,21.3,13.8,1.2,0.0939,0.3993,0.6331,0.8802,0.0736,0.0765,0.1115,0.141,0.02,4.3,151.0,27.7,1118.0,4273.4,2.2,-15.6711,none (low-plasticity bedrock)
IV20,IV,1430.0,2,34.7,0.0,34.7,8.1,12.2,13.4,1.0,0.1262,0.2038,0.5703,0.8802,0.0988,0.104,0.0271,0.0391,0.02,4.4,142.0,12.9,756.0,3470.9,13.1,-19.043,UPPER JURASSIC ROCKS (UNDIFFERENTIATED)
IV21,IV,627.0,8,80.5,2.0623,78.4,6.0,51.3,19.8,1.3,0.1096,0.9452,0.7485,0.8802,0.1498,0.1515,0.0826,0.1074,0.02,6.3,179.0,48.9,1681.0,7004.3,108.0,-14.2243,none (low-plasticity bedrock)
IV22,IV,946.0,8,80.1,2.293,77.8,5.6,51.2,19.6,1.3,0.096,0.9435,0.7872,0.8802,0.1214,0.1233,0.1642,0.1953,0.02,5.7,180.0,87.7,2300.0,6946.6,107.7,-14.0972,LIAS GROUP
IV23,IV,649.0,7,72.6,0.0,72.6,5.4,50.4,15.5,1.3,0.0855,0.9294,0.7098,0.8802,0.0843,0.0866,0.1527,0.1959,0.02,5.4,174.0,73.4,2080.0,6465.4,51.599998,-12.3399,none (low-plasticity bedrock)
IV24,IV,539.0,6,56.6,0.0,56.6,5.8,37.1,12.5,1.3,0.08,0.6992,0.6158,0.8802,0.067,0.0707,0.105,0.1508,0.02,5.0,160.0,39.4,1415.0,5377.2,2.7,-12.5943,none (low-plasticity bedrock)
IV25,IV,1848.0,3,42.0,0.0,42.0,6.9,15.5,18.4,1.1,0.1005,0.2792,0.6991,0.8802,0.1286,0.1339,0.0711,0.1042,0.02,4.1,150.0,26.2,1045.0,4197.8,53.700001,-19.1276,none (low-plasticity bedrock)
IV26,IV,1056.0,8,79.1,0.0,79.1,5.7,48.2,23.9,1.3,0.0996,0.8924,0.8428,0.8802,0.1816,0.1831,0.1201,0.1468,0.02,6.6,183.0,48.5,1758.0,7209.8,40.8,-16.7594,none (low-plasticity bedrock)
IV27,IV,2233.0,8,80.1,2.2532001,77.8,5.3,53.0,18.2,1.3,0.0822,0.9725,0.7529,0.8802,0.1135,0.1154,0.1417,0.188,0.02,6.2,180.0,87.7,2260.0,6870.4,104.8,-13.2981,none (low-plasticity bedrock)
IV28,IV,264.0,4,47.5,7.6620998,39.8,6.2,21.3,11.1,1.2,0.081,0.3987,0.5882,0.8802,0.0457,0.0484,0.1166,0.179,0.02,4.4,152.0,27.5,1197.0,3980.8,175.89999,-15.5202,none (low-plasticity bedrock)
IV3,IV,9789.0,4,48.5,7.4421,41.0,6.6,17.5,15.7,1.2,0.0926,0.3211,0.6736,0.8802,0.086,0.1069,0.1162,0.1422,0.02,4.2,149.0,26.1,975.0,4103.9,158.8,-17.263,none (low-plasticity bedrock)
IV30,IV,21821.0,2,32.4,0.0,32.4,7.7,10.3,13.4,1.0,0.1087,0.161,0.5915,0.8802,0.0813,0.1048,0.0587,0.0897,0.02,4.3,138.0,14.3,827.0,3239.8,18.200001,-18.6074,LIAS GROUP
IV31,IV,3135.0,3,43.1,7.0917001,36.0,8.7,10.6,15.6,1.0,0.1423,0.1692,0.6076,0.8802,0.1162,0.1286,0.0195,0.04,0.02,4.4,138.0,13.2,753.0,3597.2,152.0,-18.451,LIAS GROUP
IV32,IV,2068.0,3,42.9,0.0,42.9,7.7,11.5,22.6,1.1,0.1147,0.1895,0.7782,0.8802,0.1644,0.1876,0.0729,0.1129,0.02,4.4,137.0,18.2,867.0,4288.5,18.200001,-22.4662,none (low-plasticity bedrock)
IV36,IV,10536.0,2,34.2,0.74550003,33.4,7.2,11.3,13.9,1.0,0.096,0.1841,0.6124,0.8802,0.082,0.0972,0.0746,0.1122,0.02,4.5,136.0,17.1,819.0,3345.0,41.599998,-18.4049,none (low-plasticity bedrock)
IV4,IV,1782.0,8,78.2,3.2081001,75.0,5.3,54.7,13.7,1.3,0.0831,1.0,0.6735,0.8802,0.069,0.0722,0.1489,0.186,0.02,6.3,170.0,85.0,2146.0,6516.7,121.4,-11.2232,none (low-plasticity bedrock)
IV40,IV,1617.0,7,73.4,0.0,73.4,5.6,47.6,18.9,1.3,0.0934,0.8826,0.7416,0.8802,0.1333,0.1351,0.103,0.1313,0.02,5.0,180.0,91.5,2564.0,6667.9,41.400002,-14.255,LIAS GROUP
IV41,IV,176.0,8,84.5,0.0,84.5,6.1,50.6,26.6,1.3,0.12,0.9326,0.8685,0.8802,0.2138,0.2149,0.0935,0.1188,0.02,5.3,186.0,65.6,2267.0,7649.5,35.599998,-16.7423,none (low-plasticity bedrock)
IV42,IV,121.0,9,87.9,8.3174,79.5,7.3,52.2,18.8,1.3,0.1639,0.9592,0.7464,0.8802,0.1291,0.1299,0.1139,0.1457,0.02,5.5,188.0,76.0,2320.0,7079.6,208.60001,-13.1756,LIAS GROUP
IV43,IV,143.0,8,80.2,0.0,80.2,6.0,53.3,19.6,1.3,0.1135,0.9784,0.7517,0.8802,0.1433,0.1476,0.0947,0.1221,0.02,5.6,190.0,76.8,2393.0,7094.2,23.200001,-13.8578,none (low-plasticity bedrock)
IV44,IV,154.0,10,110.7,27.887199,82.8,6.2,54.6,20.7,1.3,0.1231,1.0,0.7642,0.8802,0.1583,0.1617,0.0825,0.1059,0.02,5.9,193.0,76.9,2479.0,7293.3,556.20001,-14.1247,LIAS GROUP
IV45,IV,154.0,8,80.0,0.68110001,79.3,5.4,54.6,18.0,1.3,0.0869,1.0,0.7088,0.8802,0.1438,0.1445,0.0594,0.0786,0.02,6.4,195.0,79.1,2475.0,6947.1,83.300003,-13.6468,none (low-plasticity bedrock)
IV46,IV,33.0,10,115.5,33.877998,81.6,5.8,54.6,20.0,1.3,0.1027,1.0,0.7517,0.8802,0.1521,0.1542,0.0827,0.1031,0.02,6.3,195.0,63.6,2567.0,7179.5,667.09998,-14.0089,none (low-plasticity bedrock)
IV47,IV,231.0,8,77.7,0.0,77.7,5.3,54.6,16.5,1.3,0.0802,1.0,0.7171,0.8802,0.1085,0.1096,0.1187,0.1644,0.02,6.3,189.0,95.8,2797.0,6786.9,25.8,-12.7359,LIAS GROUP
IV48,IV,22.0,9,86.8,0.0,86.8,7.6,54.6,23.4,1.3,0.1727,1.0,0.8274,0.8802,0.1792,0.1808,0.1049,0.1458,0.02,6.3,188.0,97.5,2896.0,7700.2,76.199997,-15.0358,LIAS GROUP
IV49,IV,539.0,9,87.5,3.7168,83.8,8.0,54.6,20.0,1.3,0.1851,1.0,0.7575,0.8802,0.1487,0.1496,0.092,0.1208,0.02,6.2,192.0,84.3,2657.0,7398.1,150.8,-13.3405,MIDDLE JURASSIC ROCKS (UNDIFFERENTIATED)
IV5,IV,506.0,3,41.8,0.0,41.8,6.7,13.8,20.2,1.1,0.0838,0.2414,0.7179,0.8802,0.1487,0.1626,0.053,0.0747,0.02,3.6,152.0,19.2,972.0,4179.6,5.2,-20.2833,none (low-plasticity bedrock)
IV51,IV,3322.0,9,90.7,10.6648,80.0,6.4,54.3,18.0,1.3,0.1283,0.9951,0.7317,0.8802,0.127,0.129,0.1008,0.1444,0.02,5.9,177.0,77.1,2070.0,7028.0,276.20001,-13.0268,MIDDLE JURASSIC ROCKS (UNDIFFERENTIATED)
IV52,IV,220.0,9,85.8,0.0,85.8,6.0,45.8,32.8,1.3,0.1141,0.8529,0.937,0.8802,0.2868,0.287,0.0503,0.0627,0.02,5.3,182.0,52.8,2272.0,7984.5,3.5,-18.3134,none (low-plasticity bedrock)
IV53,IV,132.0,7,68.6,0.0,68.6,5.5,44.7,17.1,1.3,0.081,0.833,0.7132,0.8802,0.1159,0.1183,0.1073,0.1333,0.02,4.6,181.0,70.4,2210.0,6295.4,49.200001,-13.8754,none (low-plasticity bedrock)
IV54,IV,704.0,8,80.7,0.0,80.7,5.8,54.6,19.0,1.3,0.1057,1.0,0.7533,0.8802,0.1306,0.1316,0.1182,0.1469,0.02,6.6,182.0,79.6,2318.0,7088.5,11.0,-13.3981,LIAS GROUP
IV55,IV,671.0,8,81.6,0.0,81.6,5.3,54.3,20.7,1.3,0.0865,0.995,0.7615,0.8802,0.1615,0.162,0.0727,0.1084,0.02,6.7,172.0,57.2,2140.0,7193.1,41.5,-14.5431,MIDDLE JURASSIC ROCKS (UNDIFFERENTIATED)
IV56,IV,165.0,9,90.3,9.0937004,81.2,5.2,54.6,20.1,1.3,0.08,1.0,0.7831,0.8802,0.138,0.138,0.1267,0.1846,0.02,6.2,181.0,74.1,2351.0,7140.0,240.10001,-14.1609,none (low-plasticity bedrock)
IV6,IV,1617.0,3,39.3,0.0,39.3,6.6,18.0,13.5,1.2,0.0915,0.3316,0.6299,0.8802,0.0692,0.0724,0.1152,0.1485,0.02,3.7,155.0,28.5,1116.0,3932.2,7.6,-16.3088,none (low-plasticity bedrock)
IV63,IV,979.0,8,81.1,3.0941,78.0,5.3,54.6,16.8,1.3,0.083,1.0,0.7445,0.8802,0.0852,0.0866,0.1835,0.2216,0.02,6.5,170.0,80.9,2702.0,6814.5,127.8,-12.3117,none (low-plasticity bedrock)
IV7,IV,1947.0,1,29.0,0.0,29.0,7.9,11.9,8.2,1.0,0.12,0.1956,0.4813,0.8802,0.0503,0.0558,0.0494,0.0682,0.02,3.7,146.0,22.7,932.0,2895.7,5.5,-18.7189,none (low-plasticity bedrock)
IV8,IV,374.0,1,32.1,0.0,32.1,8.0,10.1,13.0,1.0,0.12,0.1544,0.582,0.8802,0.081,0.0887,0.0612,0.084,0.02,3.7,145.0,19.6,874.0,3209.0,0.0,-18.4003,none (low-plasticity bedrock)
IV9,IV,627.0,2,35.7,6.2856998,29.4,8.0,10.2,10.2,1.0,0.12,0.1562,0.5146,0.8802,0.0786,0.0826,0.0247,0.0367,0.02,3.9,142.0,15.0,829.0,2940.3,129.0,-20.7798,none (low-plasticity bedrock)
KA1,KA,15310.0,8,79.6,27.153601,52.5,6.4,31.4,13.4,1.3,0.1065,0.5961,0.6443,0.8802,0.0647,0.076,0.1273,0.173,0.02,4.5,159.0,35.7,1215.0,5127.1,511.79999,-12.8385,none (low-plasticity bedrock)
KA10,KA,6225.0,6,62.0,0.0,62.0,6.0,40.0,14.7,1.3,0.1003,0.751,0.6086,0.8802,0.1176,0.1231,0.0226,0.0361,0.02,5.9,162.0,27.1,1079.0,5815.0,34.599998,-14.2487,none (low-plasticity bedrock)
KA11,KA,6753.0,6,60.5,0.0,60.5,6.6,33.1,19.5,1.3,0.1161,0.6288,0.7435,0.8802,0.1399,0.1493,0.0876,0.1274,0.02,4.6,161.0,33.3,1233.0,5882.0,61.900002,-16.38,none (low-plasticity bedrock)
KA12,KA,8689.0,9,98.0,0.56819999,97.5,6.2,37.6,52.4,1.3,0.1161,0.7117,1.0,0.8802,0.4424,0.5001,0.0251,0.0494,0.02,5.2,162.0,31.8,1253.0,9445.1,72.400002,-18.8624,none (low-plasticity bedrock)
KA13,KA,5895.0,5,56.1,1.4809,54.6,6.0,35.0,12.4,1.3,0.0918,0.6633,0.61,0.8802,0.0672,0.0705,0.1022,0.1413,0.02,4.4,161.0,44.1,1344.0,5245.9,72.400002,-13.0085,none (low-plasticity bedrock)
KA14,KA,451.0,8,81.8,9.0200005,72.7,5.5,42.7,23.3,1.3,0.08,0.7999,0.8352,0.8802,0.1664,0.1979,0.1216,0.1626,0.02,4.4,162.0,60.1,1705.0,6794.9,214.10001,-17.2958,none (low-plasticity bedrock)
KA15,KA,3069.0,7,68.9,8.3528004,60.5,5.7,39.7,13.9,1.3,0.08,0.7459,0.6653,0.8802,0.0692,0.0738,0.1416,0.1781,0.02,4.3,161.0,53.4,1650.0,5685.8,205.89999,-12.3712,none (low-plasticity bedrock)
KA16,KA,1573.0,4,47.2,0.0,47.2,6.0,33.9,6.1,1.2,0.0853,0.6412,0.4492,0.8802,0.0136,0.0162,0.0888,0.1269,0.02,4.4,157.0,44.8,1413.0,4534.4,12.5,-11.3259,none (low-plasticity bedrock)
KA17,KA,1837.0,5,53.9,0.1249,53.7,5.8,39.6,7.1,1.3,0.0826,0.7432,0.4777,0.8802,0.0201,0.0225,0.095,0.1296,0.02,4.7,157.0,46.6,1485.0,5004.2,60.099998,-10.4701,none (low-plasticity bedrock)
KA18,KA,9239.0,6,57.3,1.3396,56.0,6.1,38.7,9.9,1.3,0.0999,0.7286,0.5552,0.8802,0.038,0.0399,0.112,0.1544,0.02,5.0,155.0,37.8,1347.0,5257.3,83.0,-11.2684,none (low-plasticity bedrock)
KA19,KA,3981.0,6,64.1,0.0,64.1,5.6,45.1,12.2,1.3,0.0881,0.8394,0.6241,0.8802,0.0583,0.0605,0.1276,0.1679,0.02,5.2,156.0,51.3,1589.0,5848.2,3.0,-11.52,none (low-plasticity bedrock)
KA2,KA,3014.0,5,52.4,0.0,52.4,6.5,30.6,14.1,1.3,0.1065,0.5825,0.6487,0.8802,0.0761,0.0819,0.1159,0.1541,0.02,4.5,160.0,31.5,1208.0,5138.1,18.3,-13.2232,none (low-plasticity bedrock)
KA20,KA,3453.0,7,70.6,0.0,70.6,6.1,38.6,24.7,1.3,0.1087,0.7274,0.8188,0.8802,0.1996,0.2203,0.0566,0.0887,0.02,5.2,163.0,33.4,1284.0,6733.9,33.200001,-18.26,none (low-plasticity bedrock)
KA21,KA,4784.0,6,64.0,2.5974,61.4,5.7,40.6,13.8,1.3,0.0859,0.7625,0.62,0.8802,0.0962,0.1044,0.0606,0.0941,0.02,5.4,163.0,37.2,1329.0,5739.7,88.800003,-13.465,none (low-plasticity bedrock)
KA22,KA,4201.0,7,69.3,0.71439999,68.6,5.6,42.7,19.0,1.3,0.0818,0.799,0.7052,0.8802,0.1568,0.1603,0.0341,0.0507,0.02,5.6,164.0,35.2,1429.0,6375.2,88.300003,-15.1477,none (low-plasticity bedrock)
KA23,KA,2519.0,7,72.5,0.5467,71.9,5.4,46.8,18.5,1.3,0.0814,0.8686,0.6965,0.8802,0.1548,0.16,0.0302,0.0435,0.02,6.0,165.0,38.8,1725.0,6556.9,73.699997,-14.7601,none (low-plasticity bedrock)
KA24,KA,2904.0,7,68.0,0.0,68.0,5.4,49.9,11.4,1.3,0.0801,0.9212,0.5976,0.8802,0.0529,0.0568,0.1182,0.1509,0.02,5.6,164.0,69.9,1731.0,6028.6,42.099998,-10.6881,none (low-plasticity bedrock)
KA25,KA,2750.0,7,68.3,0.0,68.3,5.4,51.4,10.2,1.3,0.08,0.9452,0.5617,0.8802,0.0434,0.0477,0.1086,0.1417,0.02,5.4,163.0,75.6,1758.0,5991.0,17.200001,-10.1499,none (low-plasticity bedrock)
KA26,KA,5114.0,6,61.0,0.0,61.0,5.7,41.8,12.2,1.3,0.0812,0.7834,0.6021,0.8802,0.0699,0.0716,0.0928,0.1308,0.02,5.4,156.0,48.8,1497.0,5649.4,49.700001,-12.1244,none (low-plasticity bedrock)
KA27,KA,2684.0,8,82.0,5.0804,76.9,6.5,54.7,14.5,1.3,0.1293,1.0,0.6392,0.8802,0.1064,0.1076,0.063,0.0891,0.02,6.0,165.0,76.9,1933.0,6706.6,168.89999,-11.776,MERCIA MUDSTONE GROUP
KA28,KA,924.0,9,87.1,0.0,87.1,5.4,48.8,31.7,1.3,0.0896,0.9027,0.902,0.8802,0.2852,0.2897,0.014,0.02,0.02,6.0,167.0,40.8,1827.0,7989.4,41.3,-18.5409,none (low-plasticity bedrock)
KA29,KA,825.0,8,75.2,0.0,75.2,5.3,48.3,20.3,1.3,0.08,0.8944,0.7575,0.8802,0.151,0.1553,0.0859,0.1182,0.02,5.7,165.0,55.0,1802.0,6813.7,49.400002,-14.8611,none (low-plasticity bedrock)
KA3,KA,15024.0,5,55.4,0.0,55.4,5.8,37.7,10.6,1.3,0.0839,0.7101,0.5706,0.8802,0.0467,0.0485,0.1094,0.1462,0.02,4.6,158.0,49.0,1395.0,5231.2,0.0,-11.8175,none (low-plasticity bedrock)
KA30,KA,5015.0,7,69.2,0.0,69.2,5.4,50.3,12.2,1.3,0.0816,0.9273,0.5985,0.8802,0.0717,0.0746,0.0888,0.1182,0.02,5.7,167.0,65.6,1969.0,6129.7,32.3,-11.3241,none (low-plasticity bedrock)
KA4,KA,2090.0,5,52.3,2.7572999,49.5,6.1,32.2,10.0,1.3,0.0959,0.6103,0.5638,0.8802,0.036,0.0388,0.1211,0.1616,0.02,4.3,158.0,42.1,1358.0,4811.2,89.300003,-12.4377,none (low-plasticity bedrock)
KA5,KA,5004.0,5,54.5,7.3179998,47.2,6.3,30.4,9.3,1.2,0.0992,0.5791,0.5326,0.8802,0.0409,0.0444,0.0935,0.1282,0.02,4.5,158.0,33.5,1282.0,4626.4,174.5,-12.9692,none (low-plasticity bedrock)
KA6,KA,6489.0,7,67.1,3.4635999,63.7,5.9,42.9,13.6,1.3,0.1002,0.8017,0.6626,0.8802,0.0642,0.0662,0.1472,0.1904,0.02,5.0,155.0,51.2,1629.0,5881.0,113.0,-11.8212,none (low-plasticity bedrock)
KA7,KA,14188.0,7,69.1,3.6068001,65.5,5.9,41.5,16.8,1.3,0.0963,0.7784,0.665,0.8802,0.1331,0.1387,0.0382,0.0596,0.02,5.8,162.0,31.4,1157.0,6116.5,118.2,-14.1158,none (low-plasticity bedrock)
KA8,KA,7281.0,6,61.0,0.0,61.0,6.6,35.9,17.3,1.3,0.1197,0.6785,0.6896,0.8802,0.1243,0.1407,0.0594,0.1178,0.02,5.4,161.0,26.2,1134.0,5855.5,33.0,-14.4311,none (low-plasticity bedrock)
KA9,KA,6434.0,6,60.4,0.0,60.4,6.3,33.2,19.6,1.3,0.1082,0.6311,0.7393,0.8802,0.1445,0.1516,0.0778,0.1152,0.02,5.1,161.0,26.6,1089.0,5876.7,36.400002,-16.5316,none (low-plasticity bedrock)
KT1,KT,9310.0,10,220.2,92.824997,127.3,62.1,8.9,56.3,0.0,1.0,0.1282,1.0,0.0,0.411,0.5789,0.074,0.234,0.0,3.8,141.0,14.4,652.0,12733.1,1652.3,-12.4368,THAMES GROUP
KT10,KT,8157.0,9,97.0,9.7798996,87.3,59.1,9.8,18.3,0.0,0.9651,0.1494,0.7277,0.0,0.0892,0.2342,0.0875,0.1832,0.0,3.9,142.0,15.2,664.0,8725.4,259.5,-7.2624,THAMES GROUP
KT11,KT,6243.0,10,193.7,103.2015,90.5,55.5,10.5,24.5,0.0,0.9199,0.166,0.8269,0.0,0.1734,0.1888,0.1002,0.1736,0.0,3.9,143.0,16.5,681.0,9052.1,1827.4,-10.3776,BRACKLESHAM GROUP AND BARTON GROUP (UNDIFFERENTIATED)
KT12,KT,16366.0,9,87.6,0.0,87.6,58.6,9.6,19.3,0.0,0.9578,0.1452,0.7238,0.0,0.1192,0.2086,0.0475,0.1825,0.0,3.9,142.0,14.6,663.0,8755.5,30.4,-7.5108,THAMES GROUP
KT13,KT,8935.0,9,95.7,0.0,95.7,51.3,9.5,34.9,0.0,0.8636,0.1436,0.957,0.0,0.2674,0.3216,0.0642,0.1524,0.0,3.9,142.0,15.9,663.0,9570.0,10.5,-11.5645,BRACKLESHAM GROUP AND BARTON GROUP (UNDIFFERENTIATED)
KT14,KT,6136.0,10,110.3,12.0035,98.3,50.3,9.8,38.2,0.0,0.85,0.1512,0.9998,0.0,0.2709,0.3922,0.0715,0.198,0.0,3.9,142.0,15.9,691.0,9830.0,284.60001,-10.9081,BRACKLESHAM GROUP AND BARTON GROUP (UNDIFFERENTIATED)
KT15,KT,12534.0,10,107.1,16.9974,90.1,50.3,9.6,30.2,0.0,0.85,0.1454,0.8993,0.0,0.2181,0.311,0.0637,0.1586,0.0,3.9,141.0,15.7,668.0,9008.6,375.29999,-11.4004,BRACKLESHAM GROUP AND BARTON GROUP (UNDIFFERENTIATED)
KT16,KT,8562.0,9,95.9,0.56809998,95.3,51.2,9.9,34.2,0.0,0.8633,0.1541,0.9417,0.0,0.2703,0.3019,0.0572,0.121,0.0,3.9,141.0,16.8,679.0,9533.0,90.900002,-11.8141,BRACKLESHAM GROUP AND BARTON GROUP (UNDIFFERENTIATED)
KT17,KT,10117.0,6,64.1,21.5219,42.5,18.2,12.2,5.1,7.0,0.382,0.2028,0.3948,1.0,0.007,0.007,0.0639,0.1391,0.2914,4.1,142.0,16.6,694.0,4254.7,401.29999,-4.9274,LAMBETH GROUP
KT18,KT,7692.0,2,34.9,0.0,34.9,14.4,14.4,4.0,2.1,0.3014,0.2509,0.3169,1.0,0.0054,0.0064,0.04,0.0854,0.0783,4.2,143.0,20.5,732.0,3488.0,27.3,-10.692,THAMES GROUP
KT19,KT,14489.0,10,118.5,28.343599,90.1,60.3,11.0,17.2,1.6,0.9839,0.1789,0.7226,1.0,0.0835,0.1385,0.124,0.2446,0.0468,4.0,142.0,16.0,693.0,9012.6,576.90002,-6.2021,THAMES GROUP
KT2,KT,13192.0,8,83.8,0.0,83.8,62.3,8.9,12.7,0.0,1.0,0.1253,0.6262,0.0,0.0479,0.0845,0.1004,0.2681,0.0,3.8,141.0,15.0,640.0,8382.0,13.4,-4.7841,THAMES GROUP
KT20,KT,8381.0,1,27.8,0.0,27.8,8.9,16.3,2.7,0.0,0.1541,0.289,0.2076,0.0,0.0,0.0,0.019,0.0475,0.0,4.3,144.0,24.2,774.0,2778.6,9.3,-15.7571,THANET SAND FORMATION
KT21,KT,5430.0,7,66.5,0.1655,66.3,44.3,12.3,9.7,0.0,0.7794,0.2072,0.5516,0.0,0.0311,0.038,0.1028,0.2094,0.0,4.0,143.0,19.1,721.0,6634.0,55.700001,-3.9531,THAMES GROUP
KT22,KT,10508.0,10,156.1,96.7929,59.3,33.0,12.0,14.3,0.0,0.6176,0.2,0.6312,0.0,0.0826,0.0958,0.0815,0.1479,0.0,4.0,143.0,18.6,728.0,5934.4,1692.6,-7.7324,THAMES GROUP
KT23,KT,4912.0,6,60.9,16.479099,44.5,22.7,14.2,7.6,0.0,0.4739,0.2491,0.4755,0.0,0.0404,0.0413,0.0573,0.1047,0.0,4.1,144.0,22.0,771.0,4445.8,318.79999,-13.7949,THAMES GROUP
KT24,KT,3649.0,4,48.3,0.0,48.3,27.9,13.9,6.6,0.0,0.5478,0.2407,0.4354,0.0,0.0312,0.0329,0.0511,0.0949,0.0,4.1,143.0,21.1,804.0,4828.0,35.400002,-9.1755,THAMES GROUP
KT3,KT,14960.0,9,97.0,0.0,97.0,61.8,9.3,25.8,0.0,1.0,0.1391,0.8892,0.0,0.1331,0.2895,0.1487,0.3205,0.0,3.9,141.0,14.6,657.0,9698.8,2.9,-10.4433,THAMES GROUP
KT4,KT,11175.0,9,97.4,8.5662003,88.8,61.7,9.9,17.2,0.0,1.0,0.1524,0.7355,0.0,0.0768,0.1143,0.1522,0.2792,0.0,3.9,142.0,14.8,686.0,8879.7,231.10001,-7.6344,THAMES GROUP
KT5,KT,7816.0,9,97.7,4.1746001,93.5,61.8,9.6,22.1,0.0,1.0,0.1436,0.7891,0.0,0.1454,0.1798,0.0927,0.2033,0.0,3.9,142.0,14.6,667.0,9349.1,142.39999,-9.7216,THAMES GROUP
KT6,KT,14189.0,9,92.2,5.8143001,86.4,62.0,9.2,15.2,0.0,1.0,0.1339,0.683,0.0,0.0664,0.0943,0.118,0.2866,0.0,3.8,142.0,14.4,664.0,8639.6,174.7,-5.7678,THAMES GROUP
KT7,KT,4167.0,10,123.4,9.8401003,113.5,61.9,9.2,42.4,0.0,1.0,0.1359,1.0,0.0,0.2409,0.6502,0.0838,0.2261,0.0,3.9,141.0,14.3,659.0,11352.3,282.79999,-11.5078,THAMES GROUP
KT8,KT,8654.0,10,117.5,12.7473,104.8,61.9,9.2,33.7,0.0,1.0,0.1353,0.9592,0.0,0.2037,0.5431,0.0454,0.1682,0.0,3.9,141.0,14.3,652.0,10478.1,350.60001,-11.9605,THAMES GROUP
KT9,KT,8656.0,8,83.9,0.48050001,83.4,61.7,10.7,10.9,0.0,1.0,0.171,0.57,0.0,0.0419,0.0704,0.0933,0.1801,0.0,3.9,142.0,16.3,690.0,8337.1,75.699997,-5.2033,THAMES GROUP
KW1,KW,4641.0,4,48.8,2.9288001,45.8,7.0,24.9,12.7,1.2,0.12,0.472,0.6323,0.8802,0.0519,0.0569,0.1337,0.2126,0.02,4.9,163.0,18.1,924.0,4575.5,88.699997,-13.3256,none (low-plasticity bedrock)
KW10,KW,792.0,3,42.9,0.58219999,42.3,8.4,19.0,13.7,1.2,0.147,0.3521,0.621,0.8802,0.082,0.0896,0.0842,0.1219,0.02,4.6,151.0,21.5,1136.0,4231.7,44.599998,-15.3126,LIAS GROUP
KW11,KW,66.0,4,47.0,0.46200001,46.5,6.1,26.2,13.0,1.2,0.0807,0.4975,0.6441,0.8802,0.0516,0.0539,0.1455,0.2206,0.02,4.9,154.0,26.4,1204.0,4629.2,62.400002,-13.2829,none (low-plasticity bedrock)
KW12,KW,616.0,6,58.1,7.9492998,50.1,6.3,27.8,14.8,1.3,0.1019,0.5298,0.6953,0.8802,0.0601,0.0654,0.1653,0.2652,0.02,4.9,159.0,27.7,1092.0,4966.9,178.89999,-14.1149,none (low-plasticity bedrock)
KW13,KW,33.0,5,50.4,0.0,50.4,5.9,30.6,12.6,1.3,0.08,0.5819,0.6499,0.8802,0.042,0.0447,0.156,0.2704,0.02,5.0,163.0,30.2,1202.0,4938.6,48.200001,-12.2719,none (low-plasticity bedrock)
KW14,KW,5653.0,7,64.7,7.5662999,57.1,6.2,34.5,15.2,1.3,0.1009,0.6545,0.6713,0.8802,0.0912,0.0934,0.1054,0.1633,0.02,6.5,167.0,18.8,1059.0,5512.4,186.60001,-13.5013,none (low-plasticity bedrock)
KW15,KW,4707.0,5,53.9,0.0,53.9,6.7,41.4,4.6,1.2,0.12,0.7729,0.36,0.8802,0.0165,0.0198,0.0428,0.0703,0.02,6.4,166.0,26.8,1174.0,4968.6,34.900002,-10.0991,none (low-plasticity bedrock)
KW16,KW,1716.0,6,58.6,0.0,58.6,6.6,42.6,8.2,1.3,0.1193,0.7948,0.4937,0.8802,0.0422,0.0432,0.0702,0.0967,0.02,7.0,166.0,30.5,1300.0,5386.0,28.200001,-10.6345,none (low-plasticity bedrock)
KW17,KW,2827.0,5,55.3,0.52929997,54.8,6.7,41.7,5.2,1.2,0.1199,0.7791,0.3787,0.8802,0.0273,0.0292,0.0354,0.056,0.02,6.1,166.0,26.9,1115.0,5043.1,62.5,-11.12,none (low-plasticity bedrock)
KW2,KW,22.0,3,42.5,0.1424,42.4,7.1,29.2,5.0,1.2,0.12,0.5542,0.414,0.8802,0.0023,0.0024,0.0897,0.1305,0.02,5.8,157.0,14.7,887.0,4172.7,55.400002,-11.3381,none (low-plasticity bedrock)
KW3,KW,473.0,5,51.0,6.7497001,44.2,7.0,26.0,10.0,1.2,0.12,0.4941,0.5855,0.8802,0.0186,0.0213,0.1502,0.2514,0.02,5.3,156.0,16.9,937.0,4400.9,151.39999,-12.2549,none (low-plasticity bedrock)
KW5,KW,143.0,4,46.3,0.0,46.3,6.9,26.4,11.7,1.2,0.12,0.5022,0.6245,0.8802,0.033,0.0348,0.1588,0.245,0.02,5.2,156.0,24.3,1044.0,4600.1,5.3,-12.5053,none (low-plasticity bedrock)
KW6,KW,198.0,4,47.7,0.0,47.7,6.5,31.0,9.0,1.2,0.1048,0.5899,0.5471,0.8802,0.0228,0.0239,0.1236,0.1999,0.02,5.5,153.0,29.5,1210.0,4663.4,10.8,-11.8236,none (low-plasticity bedrock)
KW7,KW,55.0,3,41.0,0.0,41.0,6.3,27.9,5.6,1.2,0.0959,0.5296,0.427,0.8802,0.0155,0.0177,0.0726,0.1166,0.02,5.6,152.0,20.6,1112.0,4053.2,16.4,-13.2673,none (low-plasticity bedrock)
KW8,KW,473.0,3,39.7,1.2345001,38.5,6.3,24.7,6.2,1.2,0.0928,0.468,0.4458,0.8802,0.0192,0.0211,0.0765,0.1208,0.02,5.0,151.0,26.3,1191.0,3845.5,64.300003,-13.764,UPPER JURASSIC ROCKS (UNDIFFERENTIATED)
KW9,KW,913.0,3,43.1,0.0,43.1,8.0,24.1,9.9,1.2,0.1453,0.456,0.557,0.8802,0.0399,0.0448,0.1063,0.1584,0.02,4.9,151.0,36.2,1172.0,4312.2,16.4,-13.4674,UPPER JURASSIC ROCKS (UNDIFFERENTIATED)
KY1,KY,11493.0,3,41.3,0.0,41.3,6.9,15.0,18.3,1.1,0.1012,0.2671,0.6905,0.8802,0.1291,0.1365,0.0637,0.0908,0.02,4.5,142.0,16.6,909.0,4127.4,22.8,-19.1274,none (low-plasticity bedrock)
KY10,KY,4696.0,3,43.2,0.0,43.2,6.2,20.3,15.5,1.2,0.0804,0.3783,0.6389,0.8802,0.1058,0.1076,0.0637,0.0888,0.02,5.6,140.0,16.0,759.0,4322.4,38.099998,-16.9931,none (low-plasticity bedrock)
KY11,KY,22569.0,10,139.6,67.727898,71.9,6.6,14.7,49.4,1.2,0.08,0.2637,1.0,0.8802,0.3908,0.3971,0.0803,0.1109,0.02,4.3,145.0,18.0,925.0,7185.3,1227.4,-21.3267,none (low-plasticity bedrock)
KY12,KY,16300.0,4,45.3,0.0,45.3,6.5,16.8,20.9,1.2,0.0805,0.3063,0.7607,0.8802,0.1445,0.1504,0.1,0.1282,0.02,4.2,145.0,27.6,1032.0,4528.3,16.200001,-20.8558,none (low-plasticity bedrock)
KY13,KY,9107.0,10,103.9,50.887699,53.1,6.2,23.7,22.0,1.2,0.0859,0.4477,0.8122,0.8802,0.1428,0.1475,0.1531,0.178,0.02,4.7,143.0,33.6,1211.0,5303.2,899.29999,-20.0279,none (low-plasticity bedrock)
KY14,KY,3278.0,4,46.8,2.5653999,44.2,6.9,12.4,23.9,1.1,0.0875,0.2109,0.7847,0.8802,0.187,0.1918,0.0548,0.0723,0.02,4.4,135.0,22.0,858.0,4422.8,84.099998,-23.5366,none (low-plasticity bedrock)
KY15,KY,9679.0,1,31.7,0.0,31.7,7.0,10.6,13.0,1.0,0.0833,0.1688,0.585,0.8802,0.0793,0.0836,0.0669,0.0921,0.02,4.4,135.0,20.0,807.0,3165.2,21.3,-18.9883,none (low-plasticity bedrock)
KY16,KY,9591.0,3,39.9,0.0,39.9,6.7,15.2,16.8,1.1,0.0852,0.2732,0.6626,0.8802,0.1217,0.1262,0.0549,0.0796,0.02,5.0,136.0,18.1,788.0,3985.9,0.0,-18.99,none (low-plasticity bedrock)
KY2,KY,8436.0,2,33.1,0.0,33.1,6.5,17.2,8.2,1.1,0.08,0.3141,0.5084,0.8802,0.0251,0.0322,0.1035,0.1363,0.02,4.6,142.0,21.7,941.0,3308.0,10.1,-15.5252,none (low-plasticity bedrock)
KY3,KY,4619.0,5,52.9,0.0,52.9,6.4,18.7,26.6,1.2,0.08,0.3479,0.8267,0.8802,0.2228,0.2236,0.039,0.0516,0.02,4.8,144.0,19.0,914.0,5290.6,35.599998,-23.6172,none (low-plasticity bedrock)
KY4,KY,6390.0,5,52.3,13.5489,38.7,6.2,21.3,10.0,1.2,0.0804,0.3979,0.5652,0.8802,0.0357,0.0381,0.1236,0.1607,0.02,4.8,143.0,28.3,989.0,3872.1,253.89999,-15.5218,none (low-plasticity bedrock)
KY5,KY,5950.0,3,42.0,0.0,42.0,6.4,18.9,15.6,1.2,0.0828,0.3499,0.686,0.8802,0.0758,0.0854,0.1464,0.1787,0.02,4.6,143.0,25.1,993.0,4204.7,26.5,-16.7769,none (low-plasticity bedrock)
KY6,KY,5961.0,3,41.0,0.0,41.0,6.2,21.0,12.6,1.2,0.081,0.3939,0.6056,0.8802,0.0673,0.0709,0.1006,0.1316,0.02,5.0,140.0,28.5,985.0,4104.9,0.0,-16.2577,none (low-plasticity bedrock)
KY7,KY,13891.0,2,33.9,0.0,33.9,6.6,15.7,10.5,1.1,0.0845,0.2822,0.5536,0.8802,0.051,0.0576,0.0878,0.1278,0.02,4.7,138.0,23.4,880.0,3392.0,3.5,-17.55,none (low-plasticity bedrock)
KY8,KY,12351.0,2,33.3,0.0,33.3,6.9,13.0,12.3,1.1,0.0879,0.2226,0.5661,0.8802,0.0805,0.0832,0.0524,0.0779,0.02,4.6,138.0,15.7,813.0,3325.9,29.6,-19.1976,none (low-plasticity bedrock)
KY9,KY,1551.0,3,40.0,0.0,40.0,6.5,15.7,16.6,1.1,0.08,0.2834,0.6548,0.8802,0.1215,0.1241,0.0514,0.0701,0.02,5.0,139.0,20.2,793.0,4003.9,15.9,-18.621,none (low-plasticity bedrock)
L1,L,4842.0,2,34.5,0.0,34.5,6.6,15.2,12.8,0.0,0.08,0.2712,0.6594,0.0,0.0385,0.0578,0.1338,0.3624,0.0,4.5,141.0,21.6,825.0,3453.7,0.0,-18.3107,none (low-plasticity bedrock)
L10,L,6376.0,4,46.1,0.0,46.1,6.5,16.1,23.5,0.0,0.08,0.2929,0.8998,0.0,0.0928,0.191,0.2559,0.4109,0.0,4.5,140.0,24.2,894.0,4614.8,0.0,-22.7633,none (low-plasticity bedrock)
L11,L,12340.0,2,37.2,4.5265002,32.7,6.6,15.3,10.8,0.0,0.0819,0.2739,0.602,0.0,0.02,0.0755,0.1154,0.3057,0.0,4.4,140.0,23.7,887.0,3267.0,98.699997,-17.8566,none (low-plasticity bedrock)
L12,L,12504.0,2,33.0,0.0,33.0,6.7,14.9,11.4,0.0,0.0875,0.2652,0.6109,0.0,0.0264,0.0854,0.1157,0.2824,0.0,4.3,140.0,23.6,893.0,3296.5,2.4,-18.119,none (low-plasticity bedrock)
L13,L,14087.0,1,29.5,0.0,29.5,6.6,14.5,8.4,0.0,0.08,0.2566,0.5518,0.0,0.0,0.0,0.1372,0.3258,0.0,4.3,140.0,22.8,888.0,2950.2,21.3,-17.6153,none (low-plasticity bedrock)
L14,L,12127.0,1,29.4,0.0,29.4,6.7,14.8,8.0,0.0,0.0854,0.2617,0.5375,0.0,0.0,0.004,0.1279,0.3094,0.0,4.3,140.0,24.5,900.0,2944.4,15.2,-17.5081,none (low-plasticity bedrock)
L15,L,11333.0,2,32.5,3.1243999,29.4,6.6,15.0,7.8,0.0,0.08,0.2659,0.5333,0.0,0.0,0.0,0.1243,0.316,0.0,4.4,140.0,23.5,885.0,2938.4,76.300003,-17.2531,none (low-plasticity bedrock)
L16,L,5564.0,1,31.9,0.0,31.9,6.6,14.7,10.6,0.0,0.08,0.2598,0.5589,0.0,0.0526,0.0701,0.0684,0.1718,0.0,4.3,140.0,24.3,900.0,3191.9,6.0,-20.1071,none (low-plasticity bedrock)
L17,L,11069.0,6,59.9,0.0,59.9,6.6,14.7,38.6,0.0,0.08,0.2628,0.9897,0.0,0.3189,0.3189,0.0426,0.1181,0.0,4.5,141.0,20.4,837.0,5986.1,1.2,-23.9875,none (low-plasticity bedrock)
L18,L,10350.0,1,26.8,0.0,26.8,6.7,14.7,5.4,0.0,0.08,0.2593,0.4374,0.0,0.0,0.0,0.0791,0.226,0.0,4.4,140.0,22.8,870.0,2675.0,13.6,-17.8562,none (low-plasticity bedrock)
L19,L,10090.0,9,89.0,0.0,89.0,6.6,13.7,68.7,0.0,0.08,0.2403,1.0,0.0,0.5696,0.5703,0.0573,0.1405,0.0,4.5,140.0,19.5,813.0,8895.1,7.2,-22.2548,none (low-plasticity bedrock)
L2,L,1540.0,3,41.7,6.4099998,35.3,6.6,15.3,13.5,0.0,0.08,0.2742,0.6765,0.0,0.0301,0.0904,0.1599,0.3274,0.0,4.5,141.0,20.8,816.0,3533.4,145.0,-18.2799,none (low-plasticity bedrock)
L20,L,14933.0,7,74.8,3.2715001,71.6,6.4,17.7,47.5,0.0,0.08,0.3261,1.0,0.0,0.2737,0.3024,0.3605,0.5819,0.0,4.8,141.0,21.5,844.0,7155.5,124.9,-20.5058,none (low-plasticity bedrock)
L21,L,11524.0,5,50.4,0.0,50.4,6.3,19.5,24.6,0.0,0.08,0.3638,0.9468,0.0,0.0798,0.0998,0.3624,0.5181,0.0,5.0,141.0,21.6,855.0,5038.3,18.3,-21.094,none (low-plasticity bedrock)
L22,L,5600.0,5,51.2,0.0,51.2,6.3,19.6,25.3,0.0,0.08,0.3667,0.8988,0.0,0.152,0.1803,0.2072,0.2743,0.0,5.1,141.0,18.3,841.0,5124.8,8.9,-23.1986,none (low-plasticity bedrock)
L23,L,13116.0,6,56.4,0.0,56.4,9.1,20.1,27.2,0.0,0.1801,0.3769,0.9333,0.0,0.1671,0.1772,0.2202,0.3181,0.0,5.1,141.0,19.2,839.0,5644.8,33.900002,-21.3956,TRIASSIC ROCKS (UNDIFFERENTIATED)
L24,L,8150.0,9,90.4,1.33,89.1,6.7,13.0,69.4,0.0,0.08,0.2262,1.0,0.0,0.5782,0.5814,0.0438,0.124,0.0,4.4,139.0,18.7,803.0,8907.2,126.2,-22.3105,none (low-plasticity bedrock)
L25,L,15244.0,2,34.9,7.6209998,27.3,6.7,14.2,6.4,0.0,0.08,0.2485,0.454,0.0,0.0167,0.0567,0.0536,0.1601,0.0,4.3,140.0,24.0,884.0,2730.6,158.89999,-19.7736,none (low-plasticity bedrock)
L26,L,6402.0,3,39.8,0.0,39.8,6.7,13.7,19.4,0.0,0.0838,0.2401,0.768,0.0,0.1044,0.1624,0.1191,0.2782,0.0,4.3,139.0,21.9,857.0,3982.5,12.4,-22.4857,none (low-plasticity bedrock)
L27,L,2724.0,3,39.4,1.1057,38.3,6.6,13.9,17.8,0.0,0.08,0.2447,0.7416,0.0,0.0709,0.2263,0.1071,0.2787,0.0,4.3,139.0,23.0,892.0,3832.9,62.700001,-21.0244,none (low-plasticity bedrock)
L28,L,3066.0,2,37.8,0.0,37.8,6.7,14.5,16.5,0.0,0.0856,0.2585,0.7594,0.0,0.0404,0.1326,0.1907,0.4017,0.0,4.3,140.0,23.3,897.0,3777.5,3.9,-20.8443,none (low-plasticity bedrock)
L29,L,300.0,5,53.8,3.7707,50.1,8.8,21.1,20.2,0.0,0.1705,0.3964,0.8729,0.0,0.0332,0.193,0.3007,0.4553,0.0,5.2,140.0,20.2,854.0,5006.1,108.2,-19.7267,TRIASSIC ROCKS (UNDIFFERENTIATED)
L3,L,5413.0,10,109.9,2.8994,107.0,6.6,14.9,85.6,0.0,0.08,0.2672,1.0,0.0,0.7086,0.7192,0.061,0.1658,0.0,4.5,141.0,19.9,814.0,10702.7,200.3,-19.8934,none (low-plasticity bedrock)
L30,L,8588.0,5,52.0,5.5214,46.5,6.4,18.1,22.0,0.0,0.08,0.3354,0.9304,0.0,0.019,0.0848,0.4245,0.5863,0.0,4.8,141.0,22.2,868.0,4646.5,152.7,-20.5177,none (low-plasticity bedrock)
L31,L,13009.0,4,45.4,0.16859999,45.2,6.6,17.8,20.8,0.0,0.0966,0.3289,0.863,0.0,0.0624,0.144,0.2816,0.4072,0.0,4.7,140.0,23.5,915.0,4523.8,37.200001,-22.2127,TRIASSIC ROCKS (UNDIFFERENTIATED)
L32,L,8742.0,2,32.1,0.0,32.1,6.5,16.3,9.4,0.0,0.08,0.294,0.533,0.0,0.0372,0.0867,0.0628,0.1693,0.0,4.5,140.0,24.9,909.0,3212.8,11.6,-19.316,none (low-plasticity bedrock)
L33,L,8403.0,2,36.7,0.0,36.7,6.6,16.1,13.9,0.0,0.0846,0.2929,0.651,0.0,0.0612,0.1266,0.1003,0.2083,0.0,4.5,140.0,24.0,925.0,3667.1,5.1,-18.8279,none (low-plasticity bedrock)
L34,L,6171.0,2,32.7,0.0,32.7,7.2,14.9,10.6,0.0,0.1025,0.2653,0.563,0.0,0.0477,0.0799,0.0759,0.168,0.0,4.3,139.0,23.8,911.0,3270.9,24.1,-19.4068,none (low-plasticity bedrock)
L35,L,13245.0,10,153.5,122.9334,30.6,6.9,13.7,10.0,0.0,0.0911,0.2378,0.5534,0.0,0.0373,0.0605,0.0924,0.1772,0.0,4.2,139.0,23.1,870.0,3056.5,2092.8,-19.5443,none (low-plasticity bedrock)
L36,L,17829.0,2,33.3,0.0,33.3,7.0,14.3,12.0,0.0,0.0974,0.253,0.6156,0.0,0.0381,0.0905,0.1109,0.244,0.0,4.3,139.0,23.8,897.0,3331.0,16.8,-18.452,none (low-plasticity bedrock)
L37,L,9942.0,7,68.7,0.0,68.7,16.6,27.8,24.3,0.0,0.3913,0.5291,0.8888,0.0,0.1445,0.1798,0.2034,0.2807,0.0,5.9,142.0,19.4,857.0,6813.3,4.2,-18.4725,TRIASSIC ROCKS (UNDIFFERENTIATED)
L38,L,1229.0,9,96.6,15.7602,80.8,15.7,22.8,42.4,0.0,0.3681,0.43,1.0,0.0,0.2684,0.3246,0.2482,0.369,0.0,5.4,141.0,19.1,839.0,8083.1,347.79999,-18.207,TRIASSIC ROCKS (UNDIFFERENTIATED)
L39,L,11504.0,4,45.2,0.0,45.2,8.8,19.3,17.0,0.0,0.1641,0.3589,0.7079,0.0,0.0872,0.1656,0.1081,0.177,0.0,4.9,140.0,22.0,903.0,4519.0,0.0,-17.6257,TRIASSIC ROCKS (UNDIFFERENTIATED)
L4,L,17696.0,3,41.2,6.9380002,34.3,6.6,15.2,12.5,0.0,0.08,0.2732,0.6597,0.0,0.0274,0.0645,0.1458,0.3718,0.0,4.4,141.0,22.7,863.0,3429.8,150.3,-18.0662,none (low-plasticity bedrock)
L40,L,8831.0,5,51.6,0.0,51.6,9.2,19.9,22.5,0.0,0.1792,0.3715,0.8008,0.0,0.1463,0.2368,0.0892,0.1594,0.0,4.7,141.0,24.8,932.0,5156.8,13.9,-21.3241,TRIASSIC ROCKS (UNDIFFERENTIATED)
L5,L,6636.0,5,50.3,17.7945,32.5,6.6,15.8,10.2,0.0,0.08,0.2836,0.5712,0.0,0.0306,0.0723,0.094,0.2344,0.0,4.5,141.0,22.0,846.0,3252.3,342.70001,-18.7033,none (low-plasticity bedrock)
L6,L,10583.0,1,29.0,0.0,29.0,6.6,14.5,7.8,0.0,0.08,0.2569,0.5324,0.0,0.0,0.0,0.1206,0.3249,0.0,4.3,141.0,22.9,870.0,2895.5,16.8,-17.3847,none (low-plasticity bedrock)
L7,L,7606.0,2,36.7,8.1009998,28.6,6.6,15.1,6.9,0.0,0.08,0.2683,0.5026,0.0,0.0,0.0,0.111,0.2787,0.0,4.4,141.0,23.2,864.0,2855.3,169.5,-17.2693,none (low-plasticity bedrock)
L8,L,14681.0,1,31.7,4.3483,27.3,6.6,15.1,5.7,0.0,0.08,0.2681,0.4552,0.0,0.0,0.0,0.0897,0.2326,0.0,4.5,141.0,21.4,830.0,2731.1,108.7,-17.8778,none (low-plasticity bedrock)
L9,L,13356.0,2,34.6,0.0,34.6,6.5,16.1,12.0,0.0,0.08,0.2912,0.6479,0.0,0.023,0.0519,0.1601,0.3346,0.0,4.5,140.0,23.6,877.0,3464.1,9.4,-17.4555,none (low-plasticity bedrock)
LA1,LA,22002.0,6,58.2,2.069,56.1,6.8,29.2,20.2,0.0,0.1192,0.5552,0.7546,0.0,0.1396,0.1915,0.0698,0.1522,0.0,4.8,149.0,33.0,1182.0,5538.2,78.199997,-18.8027,none (low-plasticity bedrock)
LA10,LA,1556.0,7,74.4,10.9012,63.5,6.0,49.0,8.5,0.0,0.102,0.9041,0.5088,0.0,0.0394,0.053,0.0716,0.1267,0.0,5.1,164.0,60.0,1795.0,5618.0,255.5,-11.5808,none (low-plasticity bedrock)
LA11,LA,4684.0,10,107.0,6.3011999,100.7,6.3,33.2,61.3,0.0,0.1131,0.6304,1.0,0.0,0.5077,0.5392,0.045,0.088,0.0,4.6,152.0,40.8,1456.0,9902.3,201.10001,-18.9597,none (low-plasticity bedrock)
LA12,LA,9428.0,9,86.2,5.3660002,80.8,6.0,38.6,36.2,0.0,0.1071,0.7281,0.9869,0.0,0.3086,0.3287,0.0568,0.0976,0.0,5.4,149.0,42.4,1713.0,7750.0,174.39999,-20.2235,none (low-plasticity bedrock)
LA13,LA,8416.0,8,82.2,0.55239999,81.6,5.8,38.0,37.8,0.0,0.0975,0.7184,0.9874,0.0,0.3361,0.3466,0.0194,0.0445,0.0,5.7,146.0,30.8,1359.0,7847.4,116.4,-20.8291,TRIASSIC ROCKS (UNDIFFERENTIATED)
LA14,LA,17749.0,9,94.5,1.4780999,93.0,9.7,38.3,45.0,0.0,0.2403,0.724,1.0,0.0,0.3876,0.3975,0.0277,0.0616,0.0,6.5,146.0,29.9,1503.0,8986.3,102.8,-18.9418,TRIASSIC ROCKS (UNDIFFERENTIATED)
LA15,LA,3410.0,5,51.9,0.0,51.9,6.3,38.2,7.4,0.0,0.106,0.718,0.4743,0.0,0.0375,0.0547,0.0553,0.1003,0.0,5.5,148.0,36.7,1557.0,4875.1,4.1,-13.6983,none (low-plasticity bedrock)
LA16,LA,1422.0,10,111.6,10.398,101.2,6.2,36.7,58.3,0.0,0.1151,0.6955,1.0,0.0,0.4879,0.5239,0.0388,0.0768,0.0,5.5,148.0,34.8,1764.0,9849.2,302.0,-18.9577,none (low-plasticity bedrock)
LA17,LA,520.0,9,88.1,0.0,88.1,5.8,35.6,46.7,0.0,0.0936,0.6761,1.0,0.0,0.3817,0.413,0.0694,0.1241,0.0,4.7,149.0,48.2,1743.0,8574.4,59.099998,-19.59,none (low-plasticity bedrock)
LA18,LA,3607.0,8,79.4,0.0,79.4,5.8,41.6,32.0,0.0,0.0982,0.7821,0.9358,0.0,0.2675,0.3008,0.0601,0.1017,0.0,5.8,147.0,52.4,1647.0,7503.6,61.099998,-19.8015,none (low-plasticity bedrock)
LA19,LA,500.0,6,64.2,2.0723,62.1,5.8,36.8,19.6,0.0,0.0856,0.6949,0.7235,0.0,0.1511,0.1707,0.0482,0.083,0.0,6.2,147.0,35.9,1644.0,5940.9,90.800003,-17.073,none (low-plasticity bedrock)
LA2,LA,9237.0,7,73.0,0.0,73.0,6.2,49.8,16.9,0.0,0.117,0.9198,0.7098,0.0,0.1193,0.1445,0.0787,0.1467,0.0,5.9,153.0,54.0,1625.0,6527.4,66.0,-14.6727,none (low-plasticity bedrock)
LA20,LA,554.0,7,67.0,1.9283,65.0,5.6,44.3,15.1,0.0,0.0852,0.8263,0.6766,0.0,0.0939,0.1104,0.0955,0.1688,0.0,5.4,149.0,74.6,2094.0,5959.3,100.0,-14.3438,none (low-plasticity bedrock)
LA21,LA,444.0,7,67.1,0.0,67.1,5.8,47.0,14.4,0.0,0.0949,0.8719,0.6634,0.0,0.084,0.1088,0.1019,0.1588,0.0,5.3,152.0,85.9,2432.0,6066.3,42.700001,-13.5135,none (low-plasticity bedrock)
LA22,LA,2251.0,6,58.3,0.0,58.3,6.0,36.4,15.9,0.0,0.0973,0.6873,0.6821,0.0,0.099,0.119,0.0948,0.149,0.0,3.8,154.0,78.4,2478.0,5568.3,26.8,-15.3067,none (low-plasticity bedrock)
LA23,LA,3814.0,5,55.6,0.0,55.6,6.3,32.2,17.1,0.0,0.1055,0.6125,0.6886,0.0,0.1093,0.1815,0.0647,0.105,0.0,3.6,155.0,65.0,1881.0,5419.5,8.0,-16.4642,none (low-plasticity bedrock)
LA3,LA,11349.0,10,106.4,22.205299,84.2,6.3,33.9,43.9,0.0,0.1165,0.6441,1.0,0.0,0.3796,0.3921,0.0157,0.0422,0.0,5.7,147.0,27.7,1057.0,8228.6,437.0,-20.3756,none (low-plasticity bedrock)
LA4,LA,11678.0,10,161.4,35.130299,126.3,6.4,34.3,85.5,0.0,0.1198,0.6521,1.0,0.0,0.7194,0.7269,0.0136,0.0512,0.0,5.4,150.0,29.7,1086.0,12424.5,717.59998,-16.5393,none (low-plasticity bedrock)
LA5,LA,7262.0,10,122.9,15.8709,107.1,6.2,33.8,67.1,0.0,0.1083,0.6428,1.0,0.0,0.5581,0.577,0.042,0.076,0.0,5.1,154.0,30.5,1248.0,10520.6,378.39999,-18.3268,none (low-plasticity bedrock)
LA6,LA,6040.0,5,54.9,1.068,53.8,6.3,34.3,13.3,0.0,0.1034,0.6494,0.6149,0.0,0.0842,0.1025,0.0687,0.1176,0.0,4.4,161.0,45.2,1403.0,5187.7,61.8,-15.3517,none (low-plasticity bedrock)
LA7,LA,2197.0,7,65.3,0.0,65.3,6.2,28.4,30.8,0.0,0.1016,0.5404,0.9146,0.0,0.2569,0.2898,0.0535,0.0977,0.0,3.9,157.0,37.9,1396.0,6472.8,51.200001,-22.6269,none (low-plasticity bedrock)
LA8,LA,4254.0,6,60.0,0.0,60.0,6.0,40.5,13.5,0.0,0.1018,0.7608,0.6179,0.0,0.0876,0.1149,0.0626,0.1074,0.0,4.4,161.0,51.9,1714.0,5604.9,29.8,-14.7188,none (low-plasticity bedrock)
LA9,LA,14290.0,6,60.4,4.4801998,55.9,6.1,30.3,19.5,0.0,0.0945,0.5758,0.7426,0.0,0.1348,0.1828,0.059,0.18,0.0,3.6,159.0,46.6,1607.0,5492.0,131.3,-18.4291,none (low-plasticity bedrock)
LD1,LD,5086.0,3,37.9,3.8285999,34.1,7.4,17.3,8.4,1.1,0.1143,0.3144,0.4777,0.8802,0.0531,0.0612,0.0433,0.0554,0.02,3.7,142.0,28.7,1186.0,3410.5,94.5,-17.127,none (low-plasticity bedrock)
LD2,LD,2831.0,3,41.4,2.0178001,39.4,7.2,23.4,7.6,1.2,0.1188,0.4409,0.4554,0.8802,0.0492,0.0599,0.036,0.0484,0.02,4.3,144.0,33.9,1194.0,3942.3,65.900002,-15.3984,none (low-plasticity bedrock)
LD3,LD,8526.0,3,42.0,0.0,42.0,6.8,26.6,7.4,1.2,0.1106,0.5047,0.4549,0.8802,0.0452,0.0545,0.0441,0.0521,0.02,4.1,147.0,37.6,1466.0,4172.5,7.8,-14.5547,none (low-plasticity bedrock)
LD4,LD,396.0,6,59.0,5.3579001,53.6,6.6,37.1,8.6,1.3,0.1198,0.6996,0.49,0.8802,0.0508,0.0564,0.0545,0.0698,0.02,4.4,150.0,54.8,1544.0,5079.2,144.0,-11.8218,none (low-plasticity bedrock)
LD5,LD,502.0,6,58.8,1.6598001,57.1,6.6,42.0,7.3,1.3,0.1182,0.7847,0.4621,0.8802,0.0391,0.0466,0.0552,0.0784,0.02,4.7,152.0,68.0,1746.0,5262.7,90.300003,-11.1851,none (low-plasticity bedrock)
LD6,LD,1318.0,6,59.7,0.0,59.7,6.1,41.4,10.9,1.3,0.106,0.7757,0.5578,0.8802,0.0628,0.0682,0.0764,0.0964,0.02,5.1,147.0,52.6,1557.0,5548.4,17.4,-11.9127,none (low-plasticity bedrock)
LD7,LD,2095.0,2,37.7,0.0,37.7,7.3,22.8,7.6,0.0,0.12,0.4283,0.4503,0.0,0.0525,0.0619,0.029,0.0387,0.0,4.7,140.0,31.1,1049.0,3771.5,5.8,-17.9314,none (low-plasticity bedrock)
LD8,LD,2041.0,3,38.2,0.0,38.2,7.3,19.8,11.0,0.0,0.1198,0.3687,0.5243,0.0,0.081,0.0926,0.0235,0.036,0.0,4.4,141.0,28.7,1017.0,3816.9,0.0,-19.1243,none (low-plasticity bedrock)
LE1,LE,6735.0,4,45.1,0.0,45.1,19.3,8.8,17.0,0.0,0.4002,0.1242,0.7443,0.0,0.0609,0.1279,0.152,0.3682,0.0,4.1,132.0,14.7,679.0,4508.4,0.0,-16.9467,TRIASSIC ROCKS (UNDIFFERENTIATED)
LE10,LE,22979.0,3,40.7,0.0,40.7,18.8,11.5,10.4,0.0,0.4,0.1887,0.5447,0.0,0.0545,0.0722,0.0639,0.1339,0.0,4.5,132.0,15.7,682.0,4074.6,2.6,-16.2274,TRIASSIC ROCKS (UNDIFFERENTIATED)
LE11,LE,24379.0,10,237.1,171.4295,65.7,17.6,12.7,35.4,0.0,0.3911,0.2176,0.9883,0.0,0.2515,0.3186,0.1049,0.2625,0.0,4.6,132.0,17.9,713.0,6567.5,2945.3,-21.0328,TRIASSIC ROCKS (UNDIFFERENTIATED)
LE12,LE,28638.0,6,58.3,7.0198002,51.2,19.5,12.8,19.0,0.0,0.423,0.2192,0.7148,0.0,0.1278,0.1455,0.0682,0.1513,0.0,4.7,132.0,14.4,705.0,5124.9,156.5,-17.6915,TRIASSIC ROCKS (UNDIFFERENTIATED)
LE13,LE,11971.0,6,62.9,5.1704998,57.7,28.4,11.1,18.2,0.0,0.55,0.1809,0.714,0.0,0.1054,0.1845,0.0755,0.1738,0.0,4.6,131.0,13.3,661.0,5768.6,149.10001,-11.7664,LIAS GROUP
LE14,LE,7873.0,5,51.6,0.0,51.6,27.4,11.8,12.5,0.0,0.539,0.1953,0.5881,0.0,0.0669,0.0822,0.0731,0.1467,0.0,4.7,131.0,13.5,652.0,5163.0,19.200001,-10.3005,LIAS GROUP
LE15,LE,14578.0,5,50.9,1.9921,48.9,23.9,12.9,12.0,0.0,0.4901,0.2215,0.5665,0.0,0.0745,0.09,0.051,0.1016,0.0,4.8,131.0,16.7,714.0,4887.6,96.900002,-13.8339,LIAS GROUP
LE16,LE,16040.0,10,118.9,63.221401,55.7,27.6,10.4,17.7,0.0,0.5399,0.1647,0.7083,0.0,0.1059,0.1237,0.0995,0.1807,0.0,4.4,132.0,15.7,694.0,5568.7,1106.2,-12.1636,LIAS GROUP
LE17,LE,9692.0,5,50.9,0.0,50.9,26.5,13.4,10.9,0.0,0.5268,0.2327,0.5602,0.0,0.0546,0.0648,0.0785,0.1434,0.0,4.7,132.0,16.8,704.0,5085.5,43.0,-10.7739,LIAS GROUP
LE18,LE,7885.0,6,61.0,0.0,61.0,28.2,10.2,22.5,0.0,0.5478,0.16,0.7969,0.0,0.1531,0.1674,0.0957,0.2064,0.0,4.4,132.0,15.7,679.0,6095.8,73.800003,-15.1627,LIAS GROUP
LE19,LE,4348.0,5,53.2,0.0,53.2,18.0,10.6,24.6,0.0,0.3897,0.1691,0.8277,0.0,0.1732,0.204,0.086,0.1951,0.0,4.4,132.0,15.8,687.0,5323.0,52.0,-21.8239,TRIASSIC ROCKS (UNDIFFERENTIATED)
LE2,LE,43467.0,6,58.5,11.8984,46.6,24.4,8.9,13.3,0.0,0.4926,0.1271,0.6199,0.0,0.0645,0.0891,0.0866,0.1998,0.0,4.2,132.0,14.0,681.0,4659.4,244.2,-12.8001,LIAS GROUP
LE3,LE,42234.0,4,48.0,3.4173999,44.6,19.0,9.9,15.7,0.0,0.4,0.1521,0.6733,0.0,0.0857,0.1144,0.0884,0.2134,0.0,4.3,132.0,15.8,698.0,4461.7,105.3,-16.2303,TRIASSIC ROCKS (UNDIFFERENTIATED)
LE4,LE,38035.0,9,85.7,35.5368,50.1,18.8,9.8,21.5,0.0,0.4003,0.1486,0.8014,0.0,0.1199,0.2112,0.107,0.2831,0.0,4.3,132.0,15.2,677.0,5011.3,646.90002,-20.149,TRIASSIC ROCKS (UNDIFFERENTIATED)
LE5,LE,31202.0,5,54.2,4.0401001,50.2,24.8,9.0,16.4,0.0,0.5017,0.1287,0.6983,0.0,0.0785,0.1375,0.1005,0.258,0.0,4.2,132.0,15.3,670.0,5019.7,115.0,-13.575,LIAS GROUP
LE6,LE,17897.0,6,57.7,15.3408,42.4,15.2,12.9,14.2,0.0,0.3329,0.2215,0.6276,0.0,0.0833,0.097,0.0756,0.1486,0.0,4.6,132.0,18.5,723.0,4236.3,289.0,-16.8669,TRIASSIC ROCKS (UNDIFFERENTIATED)
LE65,LE,4610.0,9,95.0,64.741402,30.2,8.7,12.8,8.7,0.0,0.1425,0.2179,0.5039,0.0,0.0504,0.0637,0.0528,0.0985,0.0,4.6,133.0,17.0,714.0,3022.3,1117.4,-18.9791,TRIASSIC ROCKS (UNDIFFERENTIATED)
LE67,LE,17679.0,2,36.3,0.0,36.3,15.3,12.8,8.2,0.0,0.3279,0.2164,0.4984,0.0,0.0417,0.0514,0.0602,0.1267,0.0,4.5,132.0,18.9,717.0,3630.2,2.0,-16.2008,TRIASSIC ROCKS (UNDIFFERENTIATED)
LE7,LE,21877.0,10,106.3,56.121101,50.2,25.5,11.0,13.6,0.0,0.5148,0.1784,0.6005,0.0,0.0825,0.0993,0.0585,0.1197,0.0,4.5,131.0,16.4,683.0,5017.5,990.59998,-12.4889,LIAS GROUP
LE8,LE,23932.0,10,113.7,59.742401,54.0,27.0,12.0,15.0,0.0,0.5336,0.201,0.6424,0.0,0.0894,0.1105,0.0729,0.1494,0.0,4.6,132.0,15.7,688.0,5395.6,1056.8,-11.2149,LIAS GROUP
LE9,LE,28191.0,7,68.6,24.3036,44.3,18.5,11.8,13.9,0.0,0.3992,0.1961,0.6147,0.0,0.0829,0.0984,0.0662,0.1379,0.0,4.6,132.0,14.5,690.0,4429.7,461.60001,-16.4011,TRIASSIC ROCKS (UNDIFFERENTIATED)
LL11,LL,17020.0,2,37.3,0.0,37.3,7.3,23.8,5.1,1.2,0.1175,0.4471,0.3576,0.8802,0.0244,0.0294,0.0293,0.0509,0.02,5.2,143.0,28.5,952.0,3730.8,18.6,-13.4015,none (low-plasticity bedrock)
LL12,LL,12222.0,4,43.7,0.0,43.7,7.2,12.8,22.6,1.1,0.1035,0.219,0.7466,0.8802,0.1739,0.2063,0.0276,0.0538,0.02,4.4,141.0,16.1,820.0,4367.1,1.8,-21.9599,none (low-plasticity bedrock)
LL13,LL,14468.0,3,40.9,0.0,40.9,7.6,9.2,23.1,1.0,0.1046,0.1351,0.7675,0.8802,0.174,0.197,0.0502,0.0774,0.02,3.9,140.0,15.8,784.0,4085.8,0.0,-23.1804,TRIASSIC ROCKS (UNDIFFERENTIATED)
LL14,LL,14328.0,1,30.7,0.25150001,30.5,7.6,15.8,7.1,0.0,0.1196,0.2832,0.4609,0.0,0.0351,0.0486,0.0564,0.0888,0.0,4.4,141.0,23.6,919.0,3046.3,30.700001,-19.1933,none (low-plasticity bedrock)
LL15,LL,4890.0,3,41.7,0.0279,41.7,6.8,26.8,6.9,1.2,0.1106,0.5082,0.4387,0.8802,0.0449,0.0589,0.0323,0.0461,0.02,4.8,149.0,30.1,1098.0,4141.3,39.5,-15.2888,none (low-plasticity bedrock)
LL16,LL,6567.0,4,48.5,0.0,48.5,6.7,30.9,9.7,1.2,0.1108,0.5867,0.5179,0.8802,0.0612,0.0684,0.0518,0.0744,0.02,5.3,154.0,22.1,1043.0,4738.8,34.900002,-13.4124,none (low-plasticity bedrock)
LL17,LL,2491.0,4,49.2,13.0501,36.1,7.3,15.8,12.0,1.1,0.1081,0.2845,0.5662,0.8802,0.0727,0.1161,0.0479,0.0759,0.02,4.2,151.0,16.2,811.0,3614.4,263.0,-18.3389,none (low-plasticity bedrock)
LL18,LL,18224.0,5,52.3,1.1151,51.2,6.4,20.9,22.7,1.2,0.0974,0.3914,0.7647,0.8802,0.163,0.2816,0.027,0.0508,0.02,5.0,151.0,13.9,789.0,5115.9,57.200001,-21.1946,none (low-plasticity bedrock)
LL19,LL,9105.0,5,54.6,1.2903,53.3,6.7,22.3,23.1,1.2,0.11,0.4205,0.7661,0.8802,0.1706,0.2904,0.016,0.0362,0.02,5.3,150.0,15.8,804.0,5328.5,69.400002,-20.7554,none (low-plasticity bedrock)
LL20,LL,3539.0,6,60.1,19.691401,40.5,7.1,26.6,5.5,1.2,0.1175,0.505,0.389,0.8802,0.029,0.0373,0.0369,0.0484,0.02,5.0,142.0,37.8,1171.0,4022.7,379.20001,-13.9485,none (low-plasticity bedrock)
LL21,LL,2801.0,7,67.3,22.3235,45.0,6.8,26.5,10.5,1.2,0.1118,0.5033,0.5373,0.8802,0.0653,0.0739,0.0562,0.0807,0.02,4.4,149.0,30.2,1240.0,4472.0,425.60001,-14.7005,none (low-plasticity bedrock)
LL22,LL,8664.0,5,54.8,3.2506001,51.6,6.7,33.4,10.2,1.3,0.1155,0.6328,0.5217,0.8802,0.067,0.1084,0.032,0.0472,0.02,5.1,159.0,30.4,1173.0,4983.2,103.4,-13.4998,none (low-plasticity bedrock)
LL23,LL,1865.0,6,60.7,0.0,60.7,6.1,41.3,12.0,1.3,0.1061,0.7745,0.6075,0.8802,0.0619,0.07,0.1073,0.1456,0.02,4.6,152.0,57.0,1974.0,5645.7,2.9,-11.9644,none (low-plasticity bedrock)
LL24,LL,987.0,7,70.0,10.4518,59.5,6.2,41.4,10.7,1.3,0.1077,0.7761,0.5796,0.8802,0.0449,0.0522,0.1092,0.1745,0.02,4.7,157.0,55.2,1693.0,5528.1,238.39999,-11.1448,none (low-plasticity bedrock)
LL25,LL,223.0,8,77.8,7.5272999,70.3,6.1,51.0,12.0,1.3,0.1126,0.9381,0.633,0.8802,0.0496,0.0583,0.1384,0.2097,0.02,5.4,159.0,85.0,2702.0,6215.4,203.39999,-10.4425,none (low-plasticity bedrock)
LL26,LL,1917.0,6,58.4,0.0,58.4,6.1,36.5,14.5,1.3,0.1003,0.6899,0.6329,0.8802,0.0998,0.1047,0.065,0.1019,0.02,4.2,160.0,53.7,1528.0,5578.3,27.200001,-13.5971,none (low-plasticity bedrock)
LL27,LL,382.0,8,81.6,8.2421999,73.3,5.9,52.4,13.7,1.3,0.1045,0.9618,0.6505,0.8802,0.0813,0.0888,0.1092,0.1426,0.02,5.6,160.0,76.4,2001.0,6448.4,222.89999,-11.2802,none (low-plasticity bedrock)
LL28,LL,6223.0,6,58.5,3.7179,54.8,6.5,34.0,13.1,1.3,0.1079,0.6442,0.5809,0.8802,0.0945,0.1215,0.0325,0.0449,0.02,5.0,160.0,31.0,1371.0,5294.0,117.1,-14.4219,none (low-plasticity bedrock)
LL29,LL,8986.0,4,47.0,0.0,47.0,6.8,31.8,7.1,1.2,0.1165,0.6034,0.4362,0.8802,0.0518,0.0553,0.0254,0.033,0.02,5.2,159.0,26.3,1007.0,4568.7,15.3,-14.2766,none (low-plasticity bedrock)
LL30,LL,9961.0,6,62.8,3.1966,59.6,6.4,35.0,16.9,1.3,0.1081,0.6633,0.6451,0.8802,0.1317,0.1862,0.007,0.0181,0.02,6.3,159.0,18.5,1365.0,5740.3,112.1,-15.2073,none (low-plasticity bedrock)
LL31,LL,4588.0,7,72.1,0.0,72.1,6.3,35.7,28.9,1.3,0.1139,0.6762,0.8783,0.8802,0.2436,0.3151,0.0248,0.0504,0.02,5.5,160.0,23.5,1378.0,6976.8,16.3,-20.495,none (low-plasticity bedrock)
LL32,LL,2971.0,7,73.3,0.0,73.3,5.8,48.5,17.8,1.3,0.0988,0.8971,0.6964,0.8802,0.1416,0.1507,0.048,0.0713,0.02,6.1,160.0,42.8,1752.0,6622.0,7.2,-14.0472,none (low-plasticity bedrock)
LL33,LL,1791.0,8,83.8,0.0,83.8,5.8,47.6,29.1,1.3,0.1055,0.8837,0.8846,0.8802,0.2506,0.2594,0.047,0.0688,0.02,6.2,160.0,37.5,1748.0,7707.8,38.200001,-18.0747,none (low-plasticity bedrock)
LL34,LL,2050.0,7,66.5,0.0,66.5,5.7,45.7,13.8,1.3,0.0905,0.8498,0.5875,0.8802,0.1099,0.1102,0.0223,0.0356,0.02,6.4,160.0,29.4,1674.0,6056.3,0.0,-13.2925,none (low-plasticity bedrock)
LL35,LL,491.0,9,85.7,0.75379997,84.9,6.5,34.3,42.9,1.3,0.12,0.6515,1.0,0.8802,0.3748,0.3764,0.0191,0.0255,0.02,5.3,151.0,41.4,1714.0,8297.2,118.0,-19.3722,none (low-plasticity bedrock)
LL36,LL,2168.0,6,62.8,0.43889999,62.4,6.4,37.8,17.0,1.3,0.1163,0.7122,0.6761,0.8802,0.128,0.1396,0.0526,0.0765,0.02,5.4,153.0,44.5,1646.0,5939.2,73.800003,-14.3919,EOCENE TO MIOCENE ROCKS (UNDIFFERENTIATED)
LL37,LL,250.0,6,63.5,2.2014999,61.3,6.5,42.5,11.0,1.3,0.1165,0.7936,0.5208,0.8802,0.0892,0.0939,0.0112,0.021,0.02,5.8,154.0,50.7,1581.0,5659.2,101.7,-12.7957,none (low-plasticity bedrock)
LL38,LL,296.0,9,87.9,9.8214998,78.1,6.1,44.0,26.7,1.3,0.116,0.8216,0.844,0.8802,0.2262,0.2688,0.0333,0.0465,0.02,5.8,154.0,52.1,1779.0,7280.6,234.3,-18.5961,none (low-plasticity bedrock)
LL39,LL,125.0,8,79.8,0.3847,79.4,5.9,43.3,28.9,1.3,0.1064,0.8114,0.8874,0.8802,0.2374,0.2995,0.0489,0.0744,0.02,5.6,154.0,51.2,1927.0,7440.4,84.0,-18.7438,none (low-plasticity bedrock)
LL40,LL,1886.0,6,58.7,2.3016,56.4,6.1,38.9,10.1,1.3,0.1016,0.7316,0.5558,0.8802,0.0455,0.0517,0.0949,0.1494,0.02,4.3,152.0,65.3,2145.0,5299.6,98.699997,-11.6047,none (low-plasticity bedrock)
LL41,LL,2800.0,7,68.1,0.75209999,67.4,6.0,45.7,14.4,1.3,0.1086,0.8498,0.6902,0.8802,0.0686,0.0745,0.1558,0.2193,0.02,4.9,156.0,70.0,2235.0,6143.9,84.5,-12.0142,none (low-plasticity bedrock)
LL42,LL,1010.0,8,75.3,3.6708,71.7,6.5,40.3,23.5,1.3,0.1261,0.7587,0.7778,0.8802,0.1981,0.2025,0.0306,0.0453,0.02,5.6,154.0,44.0,1922.0,6780.6,136.0,-16.9275,EOCENE TO MIOCENE ROCKS (UNDIFFERENTIATED)
LL43,LL,193.0,7,69.7,3.757,65.9,9.7,42.0,12.9,1.3,0.2337,0.7865,0.5675,0.8802,0.0993,0.1086,0.02,0.0424,0.02,5.8,155.0,34.2,1939.0,6140.3,138.7,-12.5882,EOCENE TO MIOCENE ROCKS (UNDIFFERENTIATED)
LL44,LL,382.0,8,75.6,0.0,75.6,18.5,42.5,13.4,1.3,0.4323,0.795,0.5726,0.8802,0.1043,0.1262,0.0121,0.0257,0.02,5.9,155.0,35.0,1912.0,7092.7,32.099998,-11.3018,EOCENE TO MIOCENE ROCKS (UNDIFFERENTIATED)
LL45,LL,390.0,7,67.4,0.41549999,67.0,7.4,42.3,16.0,1.3,0.1574,0.7922,0.6776,0.8802,0.1094,0.1259,0.0786,0.1193,0.02,5.4,155.0,45.4,2085.0,6237.9,80.5,-12.9487,EOCENE TO MIOCENE ROCKS (UNDIFFERENTIATED)
LL46,LL,721.0,8,82.7,10.5997,72.1,8.8,42.0,20.0,1.3,0.2085,0.7869,0.7217,0.8802,0.1668,0.1727,0.0298,0.0503,0.02,5.7,155.0,37.3,1971.0,6762.9,261.70001,-14.7867,EOCENE TO MIOCENE ROCKS (UNDIFFERENTIATED)
LL47,LL,373.0,8,78.4,3.4284,75.0,7.1,40.2,26.4,1.3,0.149,0.7577,0.8684,0.8802,0.2118,0.2581,0.0742,0.1145,0.02,4.9,156.0,50.3,2007.0,7118.7,124.1,-18.6619,EOCENE TO MIOCENE ROCKS (UNDIFFERENTIATED)
LL48,LL,1127.0,8,81.0,0.0,81.0,6.1,39.5,34.2,1.3,0.1163,0.7447,0.9594,0.8802,0.2871,0.3134,0.0603,0.0904,0.02,4.3,157.0,61.6,2059.0,7741.9,20.8,-18.802,none (low-plasticity bedrock)
LL49,LL,1823.0,9,97.2,7.1817002,90.0,6.2,40.1,42.3,1.3,0.1229,0.7569,1.0,0.8802,0.3607,0.3859,0.0364,0.0629,0.02,5.1,156.0,46.8,1904.0,8619.5,232.3,-18.5106,EOCENE TO MIOCENE ROCKS (UNDIFFERENTIATED)
LL51,LL,361.0,7,69.2,2.9891,66.2,6.0,46.9,12.0,1.3,0.1027,0.8708,0.6035,0.8802,0.0652,0.0744,0.0967,0.142,0.02,5.4,157.0,72.4,1829.0,5977.3,118.3,-11.2938,none (low-plasticity bedrock)
LL52,LL,1226.0,6,57.1,0.0,57.1,6.4,37.1,12.4,1.3,0.1096,0.6987,0.5694,0.8802,0.0865,0.1012,0.0394,0.0655,0.02,4.9,157.0,45.7,1612.0,5424.4,30.0,-13.5253,none (low-plasticity bedrock)
LL53,LL,7039.0,5,55.8,0.30700001,55.5,6.2,37.7,10.3,1.3,0.1029,0.7102,0.5161,0.8802,0.0782,0.0835,0.0253,0.0389,0.02,5.7,156.0,33.1,1121.0,5245.4,68.599998,-13.3986,none (low-plasticity bedrock)
LL54,LL,5080.0,7,72.8,0.0,72.8,5.9,50.0,15.6,1.3,0.1027,0.9227,0.6572,0.8802,0.1171,0.1258,0.0562,0.0824,0.02,5.6,158.0,69.6,1936.0,6499.7,33.0,-12.7114,none (low-plasticity bedrock)
LL55,LL,9264.0,8,75.9,2.1735001,73.8,5.8,54.0,12.8,1.3,0.0962,0.9883,0.6267,0.8802,0.073,0.0822,0.1003,0.1483,0.02,6.4,159.0,113.3,2666.0,6422.0,106.1,-11.006,none (low-plasticity bedrock)
LL56,LL,1034.0,7,66.7,2.4602001,64.2,5.8,34.3,22.8,1.3,0.0861,0.6504,0.7558,0.8802,0.1971,0.2026,0.0123,0.0233,0.02,4.7,159.0,35.9,1439.0,6225.6,115.7,-18.2573,none (low-plasticity bedrock)
LL57,LL,10140.0,8,75.0,0.0305,75.0,5.9,54.2,13.6,1.3,0.1034,0.9925,0.6355,0.8802,0.0888,0.0995,0.0821,0.122,0.02,5.8,160.0,64.9,1888.0,6536.6,81.199997,-11.5227,none (low-plasticity bedrock)
LL58,LL,1816.0,7,72.6,0.0,72.6,5.8,40.8,24.6,1.3,0.0967,0.7675,0.7867,0.8802,0.2143,0.2155,0.0146,0.0244,0.02,5.6,159.0,30.2,1121.0,6851.1,48.8,-17.6259,none (low-plasticity bedrock)
LL59,LL,2456.0,6,60.3,0.0,60.3,5.8,36.5,16.8,1.3,0.08,0.6891,0.6726,0.8802,0.1279,0.1301,0.0492,0.0914,0.02,5.1,159.0,32.0,1169.0,5769.4,8.2,-14.6082,none (low-plasticity bedrock)
LL60,LL,1177.0,6,61.3,2.7121999,58.6,5.9,34.3,17.1,1.3,0.0878,0.651,0.6851,0.8802,0.1124,0.201,0.0483,0.0949,0.02,4.9,159.0,34.7,1208.0,5666.6,117.6,-14.9048,none (low-plasticity bedrock)
LL61,LL,2800.0,7,68.1,0.0,68.1,5.9,34.3,26.7,1.3,0.0915,0.6507,0.83,0.8802,0.2299,0.2424,0.0236,0.0438,0.02,4.9,159.0,34.2,1221.0,6614.3,12.8,-19.9205,none (low-plasticity bedrock)
LL62,LL,813.0,7,70.8,0.0,70.8,5.8,38.2,25.5,1.3,0.0935,0.7217,0.8361,0.8802,0.1978,0.2814,0.0506,0.0835,0.02,5.7,158.0,29.7,1179.0,6760.9,44.3,-18.9057,none (low-plasticity bedrock)
LL63,LL,643.0,6,58.5,0.0,58.5,5.8,39.1,12.5,1.3,0.0814,0.7341,0.5569,0.8802,0.0957,0.1035,0.021,0.0372,0.02,6.2,159.0,28.9,1055.0,5505.4,53.200001,-13.8438,none (low-plasticity bedrock)
LL64,LL,338.0,7,74.0,0.0,74.0,6.1,38.3,28.3,1.3,0.1101,0.7222,0.8458,0.8802,0.2559,0.263,0.0028,0.0062,0.02,6.7,159.0,22.5,1036.0,7080.0,23.9,-19.9909,none (low-plasticity bedrock)
LL65,LL,10628.0,6,61.8,0.0,61.8,5.8,39.0,15.7,1.3,0.0877,0.7343,0.6427,0.8802,0.1212,0.1285,0.0387,0.064,0.02,6.4,159.0,26.4,1032.0,5835.7,22.1,-14.167,none (low-plasticity bedrock)
LL66,LL,196.0,7,69.3,0.0,69.3,5.9,40.3,21.8,1.3,0.0996,0.7592,0.8271,0.8802,0.143,0.1452,0.168,0.1956,0.02,5.6,159.0,30.1,1050.0,6543.5,26.200001,-16.8478,none (low-plasticity bedrock)
LL67,LL,601.0,7,66.3,6.6321998,59.6,5.7,39.9,12.7,1.3,0.08,0.7497,0.5645,0.8802,0.0973,0.0985,0.027,0.04,0.02,6.1,160.0,26.8,1037.0,5582.5,161.10001,-13.6485,none (low-plasticity bedrock)
LL68,LL,2640.0,6,59.6,3.5841,56.0,5.9,40.6,8.2,1.3,0.093,0.7601,0.4809,0.8802,0.0526,0.0573,0.0445,0.0678,0.02,5.6,159.0,29.4,1059.0,5198.2,129.2,-12.2959,none (low-plasticity bedrock)
LL69,LL,308.0,5,55.4,0.0,55.4,6.2,41.0,6.9,1.3,0.1046,0.7675,0.4617,0.8802,0.0299,0.0299,0.0685,0.1112,0.02,5.5,159.0,32.3,1055.0,5124.2,38.900002,-10.9602,none (low-plasticity bedrock)
LL70,LL,171.0,7,65.7,0.0,65.7,6.0,40.5,17.9,1.3,0.1051,0.7607,0.6749,0.8802,0.1484,0.1511,0.024,0.0371,0.02,5.4,159.0,31.6,1059.0,6175.8,26.1,-14.8217,none (low-plasticity bedrock)
LL71,LL,791.0,5,55.5,0.0,55.5,6.2,37.6,10.5,1.3,0.1036,0.7075,0.5549,0.8802,0.0546,0.0607,0.0813,0.1277,0.02,5.4,159.0,32.8,1070.0,5252.3,37.5,-12.1542,none (low-plasticity bedrock)
LL72,LL,389.0,6,59.7,2.8213,56.9,6.2,39.7,9.7,1.3,0.1054,0.7454,0.4868,0.8802,0.0826,0.0854,0.0036,0.0078,0.02,5.4,159.0,32.3,1071.0,5324.2,104.9,-13.9037,none (low-plasticity bedrock)
LL73,LL,108.0,6,60.0,1.1575,58.9,6.1,38.7,12.8,1.3,0.105,0.7286,0.5596,0.8802,0.1008,0.1008,0.0192,0.0285,0.02,5.3,159.0,34.3,1085.0,5553.9,93.0,-14.0306,none (low-plasticity bedrock)
LL74,LL,1037.0,6,58.0,0.0,58.0,6.2,39.6,10.9,1.3,0.105,0.7435,0.5174,0.8802,0.0916,0.0916,0.0076,0.0147,0.02,5.4,159.0,33.1,1134.0,5435.4,20.3,-13.7516,none (low-plasticity bedrock)
LL75,LL,635.0,7,70.6,0.0,70.6,5.8,37.0,26.5,1.3,0.0933,0.7007,0.8319,0.8802,0.2275,0.2377,0.0297,0.0531,0.02,5.1,159.0,32.0,1144.0,6779.7,44.099998,-19.4466,none (low-plasticity bedrock)
LL76,LL,101.0,5,55.7,6.7409,48.9,6.4,37.7,3.6,1.2,0.105,0.7093,0.2776,0.8802,0.0106,0.0127,0.0226,0.0446,0.02,5.2,159.0,35.3,1113.0,4602.1,154.2,-10.9526,none (low-plasticity bedrock)
LL77,LL,3003.0,6,56.6,0.97670001,55.6,6.0,36.0,12.3,1.3,0.0949,0.6797,0.5728,0.8802,0.0846,0.0938,0.0482,0.0705,0.02,5.1,159.0,35.9,1134.0,5311.7,83.300003,-13.7447,none (low-plasticity bedrock)
LL78,LL,264.0,5,53.1,3.8257999,49.3,6.4,37.5,4.2,1.2,0.1061,0.7046,0.3231,0.8802,0.0137,0.0163,0.0326,0.0592,0.02,5.2,159.0,36.6,1101.0,4643.0,112.1,-10.5707,none (low-plasticity bedrock)
LN1,LN,13186.0,7,69.0,0.0,69.0,25.6,7.6,35.8,0.0,0.515,0.0928,0.9984,0.0,0.2105,0.4118,0.1413,0.2513,0.0,4.2,128.0,14.4,621.0,6904.3,0.0,-16.8636,LIAS GROUP
LN10,LN,2620.0,9,91.4,0.0,91.4,54.6,7.4,29.3,0.0,0.9,0.0881,0.9097,0.0,0.1799,0.3038,0.1271,0.2171,0.0,4.2,129.0,13.1,637.0,9142.0,26.8,-9.8138,"WEST WALTON FORMATION, AMPTHILL CLAY FORMATION AND KIMMERIDGE CLAY FORMATION (UNDIFFERENTIATED)"
LN11,LN,13381.0,3,41.5,0.0,41.5,9.0,15.3,17.1,0.0,0.1594,0.2749,0.6791,0.0,0.1083,0.1765,0.0547,0.1171,0.0,5.2,128.0,16.4,676.0,4145.3,11.3,-18.7729,WEALDEN GROUP
LN12,LN,6518.0,4,50.1,0.0,50.1,6.7,13.4,30.0,0.0,0.08,0.2353,0.8908,0.0,0.2157,0.3814,0.0266,0.1276,0.0,5.1,129.0,14.1,647.0,5006.0,0.0,-25.9464,none (low-plasticity bedrock)
LN13,LN,3664.0,3,38.5,0.2316,38.3,8.4,13.4,16.5,0.0,0.138,0.2331,0.7006,0.0,0.0782,0.1673,0.1088,0.1923,0.0,5.0,130.0,14.7,656.0,3831.4,37.5,-18.8505,LOWER GREENSAND GROUP
LN2,LN,18359.0,4,48.5,0.0,48.5,26.0,9.5,13.0,0.0,0.5219,0.1399,0.5905,0.0,0.0721,0.108,0.0629,0.1151,0.0,4.5,128.0,14.9,639.0,4846.8,17.4,-12.3444,INFERIOR OOLITE GROUP
LN3,LN,6242.0,9,95.7,0.0,95.7,50.9,7.5,37.3,0.0,0.8541,0.0909,1.0,0.0,0.2326,0.3766,0.149,0.2476,0.0,4.2,128.0,14.0,638.0,9571.2,10.9,-10.0088,"WEST WALTON FORMATION, AMPTHILL CLAY FORMATION AND KIMMERIDGE CLAY FORMATION (UNDIFFERENTIATED)"
LN4,LN,17063.0,8,80.1,0.0,80.1,40.4,9.2,30.5,0.0,0.7256,0.1346,0.9172,0.0,0.2045,0.3406,0.0895,0.1786,0.0,4.6,129.0,11.8,602.0,8010.4,0.6,-12.9531,"WEST WALTON FORMATION, AMPTHILL CLAY FORMATION AND KIMMERIDGE CLAY FORMATION (UNDIFFERENTIATED)"
LN5,LN,15195.0,6,58.5,3.9393001,54.6,24.9,7.5,22.3,0.0,0.5004,0.0888,0.8218,0.0,0.1189,0.1963,0.1525,0.2562,0.0,4.2,128.0,13.0,621.0,5460.8,131.5,-17.8012,LIAS GROUP
LN6,LN,26717.0,8,84.6,27.162901,57.4,27.6,7.8,22.1,0.0,0.5439,0.0966,0.8195,0.0,0.1091,0.263,0.1303,0.2514,0.0,4.2,128.0,14.7,617.0,5744.8,509.20001,-16.1403,LIAS GROUP
LN7,LN,2783.0,5,54.4,9.6672001,44.7,28.2,8.4,8.1,0.0,0.5574,0.1117,0.4874,0.0,0.0426,0.0784,0.0485,0.0863,0.0,4.2,127.0,13.6,655.0,4472.7,227.5,-11.4207,"WEST WALTON FORMATION, AMPTHILL CLAY FORMATION AND KIMMERIDGE CLAY FORMATION (UNDIFFERENTIATED)"
LN8,LN,6613.0,7,67.7,7.7831998,59.9,38.0,9.2,12.6,0.0,0.6924,0.1342,0.5883,0.0,0.0667,0.0974,0.0732,0.123,0.0,4.3,128.0,18.1,701.0,5991.0,198.0,-6.7058,"WEST WALTON FORMATION, AMPTHILL CLAY FORMATION AND KIMMERIDGE CLAY FORMATION (UNDIFFERENTIATED)"
LN9,LN,4690.0,7,67.2,0.0,67.2,48.8,9.9,8.5,0.0,0.8394,0.1492,0.4985,0.0,0.0476,0.0732,0.0527,0.0839,0.0,4.5,129.0,15.1,684.0,6715.3,0.0,-4.7998,"WEST WALTON FORMATION, AMPTHILL CLAY FORMATION AND KIMMERIDGE CLAY FORMATION (UNDIFFERENTIATED)"
LS1,LS,3168.0,5,51.3,0.0,51.3,8.2,8.7,34.3,0.0,0.12,0.1244,0.9861,0.0,0.2053,0.4023,0.1073,0.3365,0.0,3.9,135.0,14.6,736.0,5128.2,27.3,-22.5532,none (low-plasticity bedrock)
LS10,LS,16252.0,2,32.7,0.0,32.7,8.2,9.2,15.4,0.0,0.12,0.1328,0.6843,0.0,0.0538,0.1992,0.1015,0.228,0.0,4.0,135.0,16.1,709.0,3272.3,1.1,-19.3147,none (low-plasticity bedrock)
LS11,LS,16583.0,2,33.3,0.0,33.3,8.1,9.6,15.5,0.0,0.12,0.145,0.7012,0.0,0.0563,0.1277,0.1371,0.2853,0.0,4.0,135.0,15.5,731.0,3330.7,0.0,-19.2999,none (low-plasticity bedrock)
LS12,LS,19034.0,3,39.5,9.7953997,29.7,8.0,10.3,11.4,0.0,0.12,0.1607,0.5773,0.0,0.0498,0.065,0.0872,0.1883,0.0,4.0,135.0,16.6,766.0,2970.5,196.60001,-18.9614,none (low-plasticity bedrock)
LS13,LS,16605.0,3,39.7,0.0,39.7,7.9,12.2,19.6,0.0,0.12,0.2061,0.7372,0.0,0.1275,0.1494,0.0802,0.1892,0.0,4.2,135.0,17.8,786.0,3968.8,5.9,-21.5843,none (low-plasticity bedrock)
LS14,LS,16226.0,1,25.0,0.0,25.0,7.8,10.9,6.3,0.0,0.1117,0.1737,0.431,0.0,0.0246,0.0346,0.0535,0.1088,0.0,4.3,135.0,15.5,691.0,2499.1,10.5,-20.181,none (low-plasticity bedrock)
LS15,LS,16002.0,2,34.8,10.2304,24.6,7.9,9.8,6.9,0.0,0.112,0.1471,0.461,0.0,0.0273,0.0437,0.062,0.1193,0.0,4.2,135.0,14.7,689.0,2457.7,198.10001,-20.6828,none (low-plasticity bedrock)
LS16,LS,16036.0,2,33.5,6.1890001,27.3,7.8,13.3,6.2,0.0,0.12,0.2279,0.4277,0.0,0.0254,0.0381,0.0465,0.1127,0.0,4.3,136.0,19.5,778.0,2734.4,133.89999,-19.3353,none (low-plasticity bedrock)
LS17,LS,18699.0,3,38.1,5.9731002,32.1,7.9,11.3,12.9,0.0,0.1192,0.1837,0.589,0.0,0.0739,0.094,0.0647,0.12,0.0,4.3,136.0,14.4,721.0,3210.5,133.0,-19.509,none (low-plasticity bedrock)
LS18,LS,9251.0,2,33.0,0.0,33.0,7.8,13.3,11.8,0.0,0.12,0.2299,0.5725,0.0,0.0669,0.0924,0.0543,0.1425,0.0,4.3,136.0,19.4,800.0,3298.0,0.0,-19.548,none (low-plasticity bedrock)
LS19,LS,9012.0,2,33.9,0.0,33.9,7.7,15.3,10.9,0.0,0.12,0.2743,0.5506,0.0,0.0626,0.089,0.0496,0.1239,0.0,4.4,136.0,19.9,847.0,3390.5,21.0,-19.4312,none (low-plasticity bedrock)
LS2,LS,3373.0,2,36.9,0.0,36.9,8.2,8.7,20.0,0.0,0.12,0.122,0.7518,0.0,0.127,0.1385,0.0912,0.2292,0.0,3.9,135.0,14.9,735.0,3693.7,19.200001,-22.4548,none (low-plasticity bedrock)
LS20,LS,5659.0,2,36.5,0.0,36.5,7.3,19.9,9.2,0.0,0.12,0.3698,0.5255,0.0,0.0407,0.0706,0.0658,0.15,0.0,4.9,136.0,21.3,899.0,3647.8,20.700001,-17.2757,none (low-plasticity bedrock)
LS21,LS,8487.0,3,42.6,0.0,42.6,7.2,19.6,15.8,0.0,0.12,0.3646,0.6527,0.0,0.1033,0.1161,0.0608,0.1391,0.0,4.7,138.0,24.7,889.0,4260.9,0.0,-18.0219,none (low-plasticity bedrock)
LS22,LS,7177.0,3,38.9,4.2168999,34.7,7.4,8.8,18.5,0.0,0.0948,0.1232,0.698,0.0,0.1219,0.1538,0.0659,0.1163,0.0,4.1,135.0,11.6,665.0,3471.0,123.0,-21.8559,none (low-plasticity bedrock)
LS23,LS,4223.0,1,31.6,3.8994,27.7,7.2,8.9,11.6,0.0,0.0856,0.1256,0.5485,0.0,0.0794,0.0865,0.0367,0.0773,0.0,4.1,135.0,13.4,661.0,2772.9,88.099998,-23.3262,none (low-plasticity bedrock)
LS24,LS,5280.0,6,57.4,3.5927999,53.8,7.4,7.9,38.5,0.0,0.0903,0.1015,0.9827,0.0,0.2932,0.3335,0.0635,0.1262,0.0,4.1,132.0,14.6,646.0,5380.1,98.0,-23.3965,none (low-plasticity bedrock)
LS25,LS,18406.0,7,66.9,19.0273,47.9,7.3,8.6,31.9,0.0,0.093,0.1201,0.9117,0.0,0.2424,0.303,0.0587,0.1199,0.0,4.3,133.0,13.5,638.0,4788.7,357.29999,-25.5493,none (low-plasticity bedrock)
LS26,LS,14077.0,3,41.3,0.86659998,40.5,8.3,8.2,24.0,0.0,0.1198,0.1073,0.8025,0.0,0.1686,0.2418,0.0618,0.1282,0.0,4.0,135.0,14.7,664.0,4045.6,51.8,-25.0286,none (low-plasticity bedrock)
LS27,LS,16818.0,1,27.6,0.0,27.6,7.8,12.7,7.0,0.0,0.12,0.2147,0.4708,0.0,0.028,0.0344,0.0658,0.142,0.0,4.4,135.0,18.2,743.0,2757.9,9.0,-19.2014,none (low-plasticity bedrock)
LS28,LS,17938.0,1,29.1,0.0,29.1,7.7,14.9,6.5,0.0,0.12,0.2642,0.4406,0.0,0.0278,0.0417,0.0475,0.119,0.0,4.4,135.0,21.1,816.0,2910.0,0.0,-18.8994,none (low-plasticity bedrock)
LS29,LS,14599.0,5,52.2,8.1835003,44.0,7.0,22.5,14.5,0.0,0.12,0.4237,0.642,0.0,0.0837,0.1099,0.0756,0.1696,0.0,4.8,139.0,24.6,1019.0,4404.9,184.8,-17.0844,none (low-plasticity bedrock)
LS3,LS,1476.0,5,55.6,0.33250001,55.3,8.1,9.1,38.0,0.0,0.12,0.1346,1.0,0.0,0.238,0.4339,0.1015,0.3153,0.0,4.0,135.0,14.5,745.0,5528.7,46.5,-22.1702,none (low-plasticity bedrock)
LS4,LS,4291.0,6,56.5,0.0,56.5,8.0,10.4,38.1,0.0,0.12,0.1652,1.0,0.0,0.2571,0.3516,0.1319,0.2496,0.0,4.1,135.0,15.7,770.0,5646.5,21.4,-22.2364,none (low-plasticity bedrock)
LS5,LS,4313.0,5,55.9,4.5325999,51.4,7.9,11.0,32.5,0.0,0.12,0.1796,0.9435,0.0,0.2401,0.3072,0.0846,0.1897,0.0,4.1,135.0,17.1,773.0,5141.0,127.5,-24.3918,none (low-plasticity bedrock)
LS6,LS,17219.0,1,26.9,0.0,26.9,8.0,10.5,8.4,0.0,0.12,0.1653,0.5183,0.0,0.0284,0.046,0.0801,0.1917,0.0,4.1,135.0,17.0,770.0,2691.5,7.0,-19.3261,none (low-plasticity bedrock)
LS7,LS,13579.0,2,32.9,0.62120003,32.3,8.1,9.5,14.7,0.0,0.12,0.141,0.6506,0.0,0.0784,0.1035,0.089,0.1935,0.0,4.0,135.0,15.7,742.0,3230.4,42.5,-19.2165,none (low-plasticity bedrock)
LS8,LS,19764.0,1,26.9,0.0,26.9,8.1,9.9,9.0,0.0,0.12,0.1491,0.5245,0.0,0.0384,0.0615,0.0736,0.151,0.0,4.1,135.0,16.0,716.0,2692.8,8.2,-20.38,none (low-plasticity bedrock)
LS9,LS,18207.0,1,30.5,0.0,30.5,8.3,7.4,14.8,0.0,0.12,0.0862,0.6751,0.0,0.0531,0.1117,0.1309,0.2597,0.0,3.7,135.0,15.6,716.0,3051.4,0.0,-18.7032,none (low-plasticity bedrock)
LU1,LU,18510.0,1,28.2,0.0,28.2,7.6,15.1,5.5,0.0,0.117,0.2687,0.406,0.0,0.0169,0.0196,0.0592,0.1045,0.0,4.8,137.0,18.5,699.0,2822.8,8.7,-18.3016,LAMBETH GROUP
LU2,LU,24042.0,1,26.5,1.0979,25.4,6.8,14.3,4.3,0.0,0.08,0.25,0.3353,0.1978,0.0084,0.0092,0.0449,0.0803,0.001,4.7,137.0,17.1,690.0,2544.3,40.8,-17.8383,none (low-plasticity bedrock)
LU3,LU,22104.0,1,28.8,0.0,28.8,6.7,13.7,8.4,0.0,0.08,0.239,0.517,0.0,0.024,0.0421,0.0968,0.1667,0.0,4.7,136.0,14.6,672.0,2876.8,6.0,-19.2984,none (low-plasticity bedrock)
LU4,LU,18743.0,1,30.4,0.0,30.4,6.7,13.5,10.2,0.0,0.08,0.2347,0.5788,0.0,0.0188,0.037,0.1402,0.2349,0.0,4.6,136.0,14.8,673.0,3036.9,17.6,-18.0951,none (low-plasticity bedrock)
LU5,LU,16626.0,4,45.2,0.3901,44.9,23.4,13.6,7.9,0.0,0.4835,0.2361,0.5015,0.0,0.0296,0.0406,0.0799,0.1538,0.0,4.7,136.0,14.0,668.0,4485.8,56.200001,-12.607,GAULT FORMATION AND UPPER GREENSAND FORMATION (UNDIFFERENTIATED)
LU6,LU,14426.0,2,32.1,0.0,32.1,11.1,14.3,6.7,0.0,0.2202,0.2509,0.4323,0.0,0.0348,0.0532,0.0373,0.0775,0.0,4.6,136.0,19.9,695.0,3211.9,10.0,-17.3149,GAULT FORMATION AND UPPER GREENSAND FORMATION (UNDIFFERENTIATED)
LU7,LU,25542.0,7,69.3,1.1151,68.1,43.5,13.0,11.6,0.0,0.7684,0.2237,0.575,0.0,0.0584,0.0782,0.0757,0.1512,0.0,4.7,135.0,14.8,676.0,6813.6,88.099998,-4.9692,GAULT FORMATION AND UPPER GREENSAND FORMATION (UNDIFFERENTIATED)
M1,M,4916.0,3,39.7,0.0,39.7,6.8,11.3,21.6,0.0,0.08,0.1846,0.8222,0.0,0.1165,0.1778,0.134,0.3567,0.0,3.4,137.0,21.5,976.0,3970.6,10.5,-24.594,none (low-plasticity bedrock)
M11,M,9302.0,4,45.8,14.9012,30.9,7.3,11.7,11.9,0.0,0.103,0.1933,0.6399,0.0,0.021,0.0467,0.1537,0.3479,0.0,3.4,137.0,22.4,1002.0,3087.3,274.70001,-17.7881,none (low-plasticity bedrock)
M12,M,7187.0,3,39.2,0.0,39.2,7.1,11.2,20.9,0.0,0.0969,0.1837,0.8308,0.0,0.0795,0.2271,0.1676,0.3928,0.0,3.4,137.0,21.3,973.0,3918.5,36.599998,-24.0515,none (low-plasticity bedrock)
M13,M,6272.0,3,41.2,2.4143,38.8,7.0,10.8,20.9,0.0,0.089,0.1745,0.8503,0.0,0.061,0.2303,0.1937,0.4815,0.0,3.4,137.0,20.5,958.0,3875.8,73.0,-23.6958,none (low-plasticity bedrock)
M14,M,17108.0,5,52.8,0.0,52.8,6.9,10.4,35.5,0.0,0.0835,0.166,1.0,0.0,0.1756,0.386,0.2027,0.4807,0.0,3.5,136.0,19.7,941.0,5284.1,23.3,-22.1075,none (low-plasticity bedrock)
M15,M,10104.0,6,60.9,18.01,42.9,6.8,10.7,25.3,0.0,0.08,0.173,0.9083,0.0,0.0967,0.3764,0.1532,0.4275,0.0,3.3,137.0,20.5,958.0,4286.6,348.79999,-24.495,none (low-plasticity bedrock)
M16,M,14563.0,10,144.7,97.571999,47.1,6.9,10.4,29.8,0.0,0.08,0.1663,0.9677,0.0,0.1464,0.3916,0.1414,0.4584,0.0,3.4,136.0,20.3,936.0,4712.7,1685.6,-23.964,none (low-plasticity bedrock)
M17,M,1203.0,2,35.8,0.0,35.8,6.8,10.5,18.4,0.0,0.08,0.1679,0.7861,0.0,0.0692,0.1181,0.1717,0.4388,0.0,3.4,137.0,21.4,950.0,3575.7,18.1,-22.9726,none (low-plasticity bedrock)
M18,M,10330.0,3,39.2,1.1909,38.0,6.9,10.8,20.3,0.0,0.0867,0.1735,0.7989,0.0,0.1036,0.1409,0.1588,0.3166,0.0,3.5,134.0,22.2,968.0,3802.0,47.200001,-24.0285,none (low-plasticity bedrock)
M19,M,13563.0,1,30.6,0.797,29.8,7.2,10.1,12.6,0.0,0.089,0.1558,0.6635,0.0,0.0159,0.0955,0.1573,0.3553,0.0,3.6,134.0,21.3,928.0,2979.1,45.3,-18.9852,none (low-plasticity bedrock)
M2,M,662.0,1,27.7,0.0,27.7,6.9,11.2,9.7,0.0,0.08,0.1818,0.5911,0.0,0.0,0.0,0.1574,0.3739,0.0,3.4,137.0,21.5,974.0,2775.0,0.0,-17.4535,none (low-plasticity bedrock)
M20,M,21966.0,6,62.8,11.7504,51.1,6.9,9.6,34.5,0.0,0.0818,0.1461,0.9882,0.0,0.223,0.3298,0.1127,0.362,0.0,3.6,134.0,20.1,915.0,5106.8,242.3,-23.3506,TRIASSIC ROCKS (UNDIFFERENTIATED)
M21,M,12399.0,10,107.8,58.1521,49.7,7.1,10.0,32.5,0.0,0.0952,0.1571,0.9623,0.0,0.1963,0.4686,0.0663,0.2815,0.0,3.5,136.0,20.4,906.0,4969.7,1025.6,-24.9862,TRIASSIC ROCKS (UNDIFFERENTIATED)
M22,M,17859.0,4,49.0,5.1719999,43.9,17.0,10.8,16.0,0.0,0.3642,0.1743,0.71,0.0,0.07,0.1029,0.1281,0.3148,0.0,3.9,134.0,20.4,877.0,4387.4,119.4,-16.8122,TRIASSIC ROCKS (UNDIFFERENTIATED)
M23,M,14514.0,3,41.3,0.0,41.3,18.9,10.3,12.0,0.0,0.4,0.1619,0.6152,0.0,0.0422,0.0634,0.0988,0.3033,0.0,3.8,134.0,20.7,866.0,4129.1,14.1,-14.7034,TRIASSIC ROCKS (UNDIFFERENTIATED)
M24,M,21855.0,2,35.3,2.4568,32.9,7.5,16.6,8.8,0.0,0.1192,0.3015,0.5199,0.0,0.0318,0.0647,0.076,0.16,0.0,3.7,138.0,32.2,1142.0,3288.2,67.900002,-17.643,none (low-plasticity bedrock)
M25,M,16712.0,1,26.9,0.49689999,26.4,7.2,14.1,5.1,0.0,0.0992,0.2465,0.3922,0.0,0.0099,0.0172,0.0535,0.1336,0.0,3.6,138.0,31.2,1068.0,2640.1,42.099998,-18.6117,none (low-plasticity bedrock)
M26,M,16188.0,3,42.6,1.8392,40.7,7.5,15.4,17.8,0.0,0.1186,0.2776,0.7253,0.0,0.0947,0.1464,0.1169,0.2059,0.0,3.7,138.0,32.2,1107.0,4072.9,78.099998,-19.8238,none (low-plasticity bedrock)
M27,M,17828.0,2,33.1,0.0,33.1,7.6,12.6,12.9,0.0,0.1134,0.2138,0.638,0.0,0.0464,0.0858,0.1205,0.249,0.0,3.6,138.0,27.8,993.0,3314.2,0.0,-18.1111,none (low-plasticity bedrock)
M28,M,21230.0,2,37.3,0.0,37.3,7.7,12.0,17.6,0.0,0.1142,0.2024,0.7364,0.0,0.0808,0.1384,0.1426,0.2506,0.0,3.7,138.0,25.6,1009.0,3729.6,32.3,-21.0625,none (low-plasticity bedrock)
M29,M,13763.0,2,37.0,0.0,37.0,7.2,11.8,18.0,0.0,0.1002,0.1974,0.7515,0.0,0.0808,0.1316,0.1596,0.266,0.0,3.7,138.0,24.1,978.0,3701.7,12.8,-22.0092,none (low-plasticity bedrock)
M3,M,7997.0,6,59.7,13.4259,46.3,6.8,11.0,28.5,0.0,0.08,0.1797,0.9329,0.0,0.145,0.4061,0.1248,0.3312,0.0,3.3,137.0,21.3,975.0,4631.9,268.70001,-24.7336,none (low-plasticity bedrock)
M30,M,20762.0,2,35.6,0.88429999,34.7,6.9,10.8,17.1,0.0,0.085,0.1726,0.7569,0.0,0.0548,0.1114,0.1919,0.3515,0.0,3.5,137.0,23.0,951.0,3473.8,46.5,-22.0163,none (low-plasticity bedrock)
M31,M,10300.0,6,58.2,19.4576,38.8,7.4,10.1,21.3,0.0,0.1022,0.157,0.7915,0.0,0.1288,0.1569,0.1165,0.2622,0.0,3.8,136.0,19.1,880.0,3877.3,365.89999,-23.9166,TRIASSIC ROCKS (UNDIFFERENTIATED)
M32,M,11105.0,3,39.9,0.0,39.9,6.9,10.2,22.8,0.0,0.08,0.1594,0.8297,0.0,0.1158,0.3043,0.0921,0.3048,0.0,3.5,136.0,20.8,913.0,3987.5,0.0,-25.18,none (low-plasticity bedrock)
M33,M,25579.0,4,44.7,0.0,44.7,12.0,9.7,22.9,0.0,0.2359,0.1477,0.8142,0.0,0.1421,0.2297,0.0791,0.2748,0.0,3.7,136.0,20.0,860.0,4465.6,0.0,-21.9915,TRIASSIC ROCKS (UNDIFFERENTIATED)
M34,M,21028.0,1,31.0,0.0,31.0,7.6,12.0,11.4,0.0,0.1104,0.1997,0.5963,0.0,0.0371,0.0602,0.1132,0.2359,0.0,3.6,134.0,25.1,1048.0,3098.6,39.400002,-17.983,none (low-plasticity bedrock)
M35,M,13508.0,2,34.9,2.0625,32.8,7.1,13.5,12.2,0.0,0.1011,0.2341,0.6157,0.0,0.0473,0.0551,0.1171,0.2386,0.0,3.6,137.0,27.2,1049.0,3283.3,60.8,-18.4368,none (low-plasticity bedrock)
M38,M,4451.0,2,32.2,0.0,32.2,7.8,14.0,10.4,0.0,0.12,0.2463,0.5923,0.0,0.0146,0.0412,0.1481,0.2637,0.0,3.8,138.0,30.5,1080.0,3221.4,0.0,-16.4018,none (low-plasticity bedrock)
M4,M,6965.0,2,37.8,0.0,37.8,7.1,11.5,19.2,0.0,0.0968,0.1899,0.7838,0.0,0.0882,0.1452,0.1548,0.3407,0.0,3.4,137.0,22.0,986.0,3782.0,0.0,-23.0161,none (low-plasticity bedrock)
M40,M,12100.0,2,33.9,0.0,33.9,7.3,13.1,13.5,0.0,0.1037,0.2253,0.6596,0.0,0.0517,0.069,0.1338,0.2786,0.0,3.5,137.0,26.1,1048.0,3387.1,14.5,-18.8493,none (low-plasticity bedrock)
M41,M,10472.0,3,41.4,0.0,41.4,6.9,10.1,24.5,0.0,0.08,0.1568,0.8402,0.0,0.1454,0.2981,0.08,0.2458,0.0,3.6,136.0,21.3,910.0,4140.1,2.5,-25.7869,none (low-plasticity bedrock)
M43,M,6472.0,1,29.8,0.0,29.8,7.1,13.1,9.6,0.0,0.0983,0.2241,0.5633,0.0,0.0193,0.0246,0.1282,0.2465,0.0,3.6,137.0,25.7,1051.0,2979.6,3.8,-18.1407,none (low-plasticity bedrock)
M44,M,5523.0,2,36.9,0.0,36.9,6.9,10.3,19.8,0.0,0.0805,0.1615,0.797,0.0,0.0894,0.1436,0.1768,0.3218,0.0,3.8,136.0,18.9,900.0,3689.6,14.4,-23.9408,TRIASSIC ROCKS (UNDIFFERENTIATED)
M45,M,6409.0,1,30.1,1.2191,28.9,7.4,14.5,7.0,0.0,0.1088,0.256,0.4703,0.0,0.0281,0.0509,0.0569,0.1396,0.0,3.6,138.0,32.4,1061.0,2892.0,40.0,-19.5273,none (low-plasticity bedrock)
M46,M,6668.0,2,36.4,0.0,36.4,7.8,13.3,15.3,0.0,0.12,0.2308,0.6674,0.0,0.0803,0.1318,0.1018,0.1522,0.0,3.8,138.0,28.6,1016.0,3640.0,4.6,-19.3759,none (low-plasticity bedrock)
M5,M,11343.0,2,36.4,0.0,36.4,6.8,10.9,18.6,0.0,0.0815,0.1769,0.7746,0.0,0.0715,0.1907,0.1447,0.3434,0.0,3.3,137.0,21.3,965.0,3636.2,41.400002,-22.8699,none (low-plasticity bedrock)
M50,M,3107.0,6,60.2,1.0472,59.2,6.8,10.9,41.5,0.0,0.08,0.1759,1.0,0.0,0.2715,0.3658,0.1441,0.3786,0.0,3.4,137.0,21.7,962.0,5916.4,70.5,-22.1042,none (low-plasticity bedrock)
M6,M,14573.0,2,32.1,0.0,32.1,7.5,11.6,13.0,0.0,0.1051,0.1923,0.6616,0.0,0.0268,0.1286,0.1349,0.3072,0.0,3.4,137.0,23.9,983.0,3211.8,10.4,-18.3858,none (low-plasticity bedrock)
M7,M,12166.0,4,44.9,0.2113,44.7,6.8,11.9,26.0,0.0,0.0825,0.2006,0.8953,0.0,0.1161,0.4246,0.1234,0.2831,0.0,3.5,137.0,23.6,986.0,4471.7,52.099998,-24.9557,none (low-plasticity bedrock)
M8,M,12104.0,2,34.3,0.0,34.3,6.9,12.8,14.7,0.0,0.0901,0.2187,0.6834,0.0,0.056,0.1185,0.1279,0.2696,0.0,3.5,137.0,26.3,1041.0,3433.3,0.0,-20.0123,none (low-plasticity bedrock)
M9,M,17522.0,2,34.1,1.1079,33.0,7.2,13.6,12.3,0.0,0.1017,0.2369,0.6142,0.0,0.0472,0.0733,0.1109,0.2226,0.0,3.5,138.0,28.3,1053.0,3303.5,43.0,-18.5367,none (low-plasticity bedrock)
M90,M,571.0,3,42.9,4.3097,38.6,18.8,11.2,8.6,0.0,0.4,0.1814,0.5539,0.0,0.0,0.0,0.147,0.302,0.0,3.9,134.0,20.4,872.0,3861.8,112.1,-13.6169,TRIASSIC ROCKS (UNDIFFERENTIATED)
ME1,ME,13852.0,4,45.7,1.7747999,43.9,8.4,12.4,23.2,0.0,0.1377,0.2096,0.7673,0.0,0.1809,0.1907,0.0363,0.0943,0.0,4.3,140.0,16.9,670.0,4394.5,75.900002,-22.9027,GAULT FORMATION AND UPPER GREENSAND FORMATION (UNDIFFERENTIATED)
ME10,ME,19863.0,10,109.7,42.574699,67.1,27.7,15.4,24.0,0.0,0.545,0.2778,0.8342,0.0,0.1653,0.2114,0.0896,0.2377,0.0,4.9,139.0,12.5,651.0,6708.8,771.09998,-16.2005,THANET SAND FORMATION
ME11,ME,1548.0,10,155.0,0.0,155.0,61.5,16.0,77.4,0.0,1.0,0.2913,1.0,0.0,0.622,0.6789,0.0809,0.2053,0.0,5.2,138.0,10.3,599.0,15495.8,135.3,-11.7184,THAMES GROUP
ME12,ME,16672.0,10,126.6,8.5339003,118.1,60.8,15.3,42.0,0.0,0.9922,0.2752,1.0,0.0,0.3156,0.3705,0.0879,0.1804,0.0,5.1,139.0,11.5,643.0,11808.4,230.89999,-11.0254,THAMES GROUP
ME13,ME,12387.0,5,52.7,0.0,52.7,19.3,16.4,17.1,0.0,0.4208,0.2978,0.6739,0.0,0.1154,0.1405,0.0605,0.1071,0.0,4.7,140.0,18.2,692.0,5268.3,41.900002,-16.6056,THANET SAND FORMATION
ME14,ME,14196.0,2,32.3,0.0,32.3,15.0,12.2,5.1,0.0,0.3097,0.2013,0.359,0.0,0.0211,0.0287,0.0311,0.0654,0.0,4.2,141.0,18.7,686.0,3227.2,4.4,-14.854,LOWER GREENSAND GROUP
ME15,ME,21381.0,7,65.5,20.103201,45.4,22.3,12.8,10.3,0.0,0.4663,0.2184,0.5243,0.0,0.0672,0.0862,0.035,0.0814,0.0,4.2,142.0,18.9,680.0,4541.2,386.70001,-15.1227,LOWER GREENSAND GROUP
ME16,ME,14251.0,10,109.7,68.7435,41.0,19.3,11.8,9.9,0.0,0.4105,0.1949,0.5252,0.0,0.0586,0.074,0.0456,0.1151,0.0,4.1,142.0,17.5,688.0,4099.7,1190.1,-16.3883,LOWER GREENSAND GROUP
ME17,ME,10275.0,3,41.2,0.0,41.2,19.8,15.3,6.0,0.0,0.4255,0.2731,0.4158,0.0,0.0284,0.0351,0.0459,0.0806,0.0,4.6,141.0,19.9,715.0,4119.4,4.0,-15.114,LOWER GREENSAND GROUP
ME18,ME,3084.0,7,72.5,0.0,72.5,27.9,12.6,32.0,0.0,0.5447,0.2159,0.9154,0.0,0.2557,0.299,0.0516,0.098,0.0,4.2,143.0,16.8,674.0,7247.4,5.9,-17.6117,LOWER GREENSAND GROUP
ME19,ME,9942.0,4,49.6,6.7459998,42.8,19.5,14.6,8.7,0.0,0.4199,0.2585,0.4875,0.0,0.0586,0.0644,0.0332,0.0757,0.0,4.5,142.0,18.1,701.0,4282.6,155.89999,-16.1799,LOWER GREENSAND GROUP
ME2,ME,16818.0,3,41.6,1.0853,40.5,10.2,13.4,17.0,0.0,0.1921,0.2325,0.6614,0.0,0.1208,0.1426,0.0403,0.0967,0.0,4.5,140.0,16.0,667.0,4051.4,61.700001,-18.6167,THANET SAND FORMATION
ME20,ME,9062.0,5,53.3,0.0,53.3,19.8,11.7,21.8,0.0,0.425,0.1946,0.7675,0.0,0.147,0.2118,0.0607,0.1562,0.0,4.1,141.0,15.9,694.0,5325.7,45.200001,-19.6271,LOWER GREENSAND GROUP
ME3,ME,12109.0,10,145.3,46.91,98.4,46.0,13.6,38.8,0.0,0.7994,0.2392,1.0,0.0,0.297,0.3674,0.0635,0.1454,0.0,4.9,138.0,11.8,554.0,9840.6,848.20001,-12.1653,THAMES GROUP
ME4,ME,13382.0,6,56.6,10.7525,45.8,10.4,12.5,23.0,0.0,0.1979,0.212,0.7945,0.0,0.1614,0.2119,0.0643,0.1754,0.0,4.5,140.0,12.7,626.0,4580.3,224.3,-22.4863,THANET SAND FORMATION
ME5,ME,20719.0,1,25.6,1.9964,23.6,6.9,13.2,3.5,0.0,0.08,0.2242,0.2867,0.0,0.0,0.0,0.0357,0.0919,0.0,4.4,140.0,16.8,659.0,2361.0,61.599998,-17.6661,none (low-plasticity bedrock)
ME6,ME,4710.0,6,57.4,0.75989997,56.6,21.2,13.2,22.2,0.0,0.4533,0.2287,0.7719,0.0,0.156,0.2036,0.0608,0.1411,0.0,4.3,141.0,16.7,697.0,5660.6,56.8,-18.9613,GAULT FORMATION AND UPPER GREENSAND FORMATION (UNDIFFERENTIATED)
ME7,ME,20224.0,5,50.9,0.0,50.9,11.5,14.0,25.4,0.0,0.239,0.2478,0.8144,0.0,0.2024,0.2122,0.0433,0.1106,0.0,4.6,140.0,16.6,650.0,5091.0,15.1,-23.0639,THANET SAND FORMATION
ME8,ME,21140.0,9,92.1,38.5583,53.5,11.1,15.2,27.2,0.0,0.2323,0.2727,0.8524,0.0,0.2178,0.2357,0.0494,0.1293,0.0,4.9,139.0,13.9,643.0,5349.2,701.40002,-23.7283,THANET SAND FORMATION
ME9,ME,10307.0,7,69.8,8.8983002,60.9,18.2,16.6,26.1,0.0,0.4046,0.303,0.8317,0.0,0.2076,0.2311,0.0512,0.0986,0.0,5.0,139.0,14.0,667.0,6087.3,201.0,-22.1117,THANET SAND FORMATION
MK1,MK,1816.0,8,78.4,0.0,78.4,54.0,11.7,12.7,0.0,0.9,0.1935,0.6639,0.0,0.027,0.0337,0.1724,0.3593,0.0,4.6,134.0,13.9,656.0,7836.4,66.800003,-3.8009,KELLAWAYS FORMATION AND OXFORD CLAY FORMATION (UNDIFFERENTIATED)
MK10,MK,8527.0,9,87.6,0.0,87.6,53.8,11.4,22.4,0.0,0.9,0.1881,0.8373,0.0,0.1195,0.1566,0.1669,0.3383,0.0,4.5,134.0,14.3,650.0,8762.2,39.8,-9.3382,KELLAWAYS FORMATION AND OXFORD CLAY FORMATION (UNDIFFERENTIATED)
MK11,MK,4818.0,9,99.2,21.1371,78.1,35.9,11.5,30.7,0.0,0.6594,0.1896,0.9332,0.0,0.2247,0.2417,0.1147,0.2385,0.0,4.5,133.0,14.4,670.0,7809.5,439.20001,-13.7231,KELLAWAYS FORMATION AND OXFORD CLAY FORMATION (UNDIFFERENTIATED)
MK12,MK,5329.0,8,75.4,0.0,75.4,28.0,11.2,36.2,0.0,0.5461,0.184,0.9992,0.0,0.2586,0.2628,0.1403,0.2659,0.0,4.5,133.0,14.3,666.0,7542.1,17.700001,-15.7374,LIAS GROUP
MK13,MK,7938.0,7,66.7,0.0,66.7,35.2,11.1,20.4,0.0,0.6487,0.1809,0.7724,0.0,0.1258,0.1348,0.1196,0.2319,0.0,4.5,133.0,14.0,662.0,6673.8,48.3,-10.8864,KELLAWAYS FORMATION AND OXFORD CLAY FORMATION (UNDIFFERENTIATED)
MK14,MK,7861.0,8,76.9,3.8383999,73.0,38.1,11.0,23.9,0.0,0.6935,0.1783,0.8429,0.0,0.1496,0.1528,0.1462,0.2791,0.0,4.5,133.0,13.7,657.0,7301.6,123.8,-12.0296,KELLAWAYS FORMATION AND OXFORD CLAY FORMATION (UNDIFFERENTIATED)
MK15,MK,3660.0,10,107.6,6.1110001,101.5,53.8,10.9,36.8,0.0,0.9,0.1782,1.0,0.0,0.2472,0.253,0.1582,0.3813,0.0,4.5,133.0,12.8,649.0,10151.3,201.2,-10.4208,KELLAWAYS FORMATION AND OXFORD CLAY FORMATION (UNDIFFERENTIATED)
MK16,MK,8150.0,6,64.1,0.0,64.1,34.0,11.1,19.1,0.0,0.6321,0.1796,0.7238,0.0,0.1265,0.1438,0.0802,0.1557,0.0,4.5,133.0,13.9,645.0,6415.0,17.0,-9.9499,KELLAWAYS FORMATION AND OXFORD CLAY FORMATION (UNDIFFERENTIATED)
MK17,MK,8752.0,7,70.3,7.6759,62.7,42.2,12.2,8.3,0.0,0.7474,0.204,0.5042,0.0,0.0394,0.0526,0.0674,0.1288,0.0,4.6,134.0,16.0,650.0,6265.1,206.60001,-4.3945,KELLAWAYS FORMATION AND OXFORD CLAY FORMATION (UNDIFFERENTIATED)
MK18,MK,13893.0,6,63.0,0.97530001,62.1,36.1,11.3,14.7,0.0,0.6638,0.1842,0.645,0.0,0.0818,0.0966,0.0944,0.1547,0.0,4.3,134.0,17.0,691.0,6206.8,85.099998,-6.9391,KELLAWAYS FORMATION AND OXFORD CLAY FORMATION (UNDIFFERENTIATED)
MK19,MK,5369.0,9,85.4,36.388302,49.0,19.9,11.6,17.6,0.0,0.4247,0.1907,0.6958,0.0,0.113,0.1251,0.0846,0.1452,0.0,4.5,133.0,14.3,671.0,4903.8,676.59998,-17.1161,LIAS GROUP
MK2,MK,5366.0,9,87.6,0.0,87.6,53.7,12.0,21.9,0.0,0.9,0.2011,0.8113,0.0,0.1339,0.1656,0.1298,0.2588,0.0,4.6,134.0,13.2,662.0,8764.0,92.699997,-9.7231,KELLAWAYS FORMATION AND OXFORD CLAY FORMATION (UNDIFFERENTIATED)
MK3,MK,10894.0,10,187.3,111.5654,75.7,53.9,12.4,9.4,0.0,0.9,0.2086,0.5505,0.0,0.0236,0.0471,0.11,0.2079,0.0,4.6,134.0,14.6,663.0,7574.5,1940.6,-3.5247,KELLAWAYS FORMATION AND OXFORD CLAY FORMATION (UNDIFFERENTIATED)
MK4,MK,9144.0,8,83.7,3.3641,80.3,53.9,12.8,13.7,0.0,0.9,0.2182,0.6352,0.0,0.0672,0.0889,0.1021,0.1868,0.0,4.7,134.0,16.5,664.0,8034.9,107.3,-4.7166,KELLAWAYS FORMATION AND OXFORD CLAY FORMATION (UNDIFFERENTIATED)
MK40,MK,15582.0,6,63.3,0.0,63.3,35.0,9.7,18.6,0.0,0.6463,0.1479,0.7357,0.0,0.1067,0.1551,0.0901,0.2487,0.0,4.4,134.0,10.9,603.0,6334.6,0.0,-9.8016,KELLAWAYS FORMATION AND OXFORD CLAY FORMATION (UNDIFFERENTIATED)
MK41,MK,18210.0,9,86.8,5.8164001,81.0,51.1,9.6,20.3,0.0,0.8624,0.1438,0.7626,0.0,0.1292,0.1369,0.107,0.2129,0.0,4.4,134.0,12.3,605.0,8097.0,180.8,-8.1264,KELLAWAYS FORMATION AND OXFORD CLAY FORMATION (UNDIFFERENTIATED)
MK42,MK,21448.0,9,95.1,0.0,95.1,49.1,9.5,36.4,0.0,0.8336,0.1447,1.0,0.0,0.2229,0.3569,0.1538,0.324,0.0,4.4,134.0,10.9,592.0,9507.1,0.0,-10.0525,KELLAWAYS FORMATION AND OXFORD CLAY FORMATION (UNDIFFERENTIATED)
MK43,MK,16815.0,8,75.2,7.9408998,67.3,40.2,12.1,15.0,0.0,0.7215,0.2024,0.6495,0.0,0.0879,0.1036,0.0835,0.1589,0.0,4.7,134.0,13.0,610.0,6728.3,182.89999,-6.1252,KELLAWAYS FORMATION AND OXFORD CLAY FORMATION (UNDIFFERENTIATED)
MK44,MK,7064.0,10,118.6,42.32,76.3,51.3,11.2,13.7,0.0,0.8669,0.1834,0.6233,0.0,0.0732,0.0926,0.0863,0.1618,0.0,4.7,134.0,12.0,609.0,7629.8,767.79999,-4.7376,KELLAWAYS FORMATION AND OXFORD CLAY FORMATION (UNDIFFERENTIATED)
MK45,MK,20512.0,6,59.2,0.50080001,58.7,35.5,11.3,11.9,0.0,0.6544,0.185,0.5879,0.0,0.0531,0.0768,0.089,0.1764,0.0,4.5,134.0,14.0,616.0,5873.9,59.700001,-6.0501,LOWER GREENSAND GROUP
MK46,MK,4025.0,4,47.1,0.0,47.1,19.4,10.9,16.8,0.0,0.4147,0.1744,0.6666,0.0,0.1161,0.1276,0.0581,0.1085,0.0,4.5,133.0,13.7,645.0,4711.8,0.0,-17.3037,KELLAWAYS FORMATION AND OXFORD CLAY FORMATION (UNDIFFERENTIATED)
MK5,MK,6262.0,8,78.2,0.0,78.2,54.0,11.7,12.4,0.0,0.9,0.1949,0.6224,0.0,0.044,0.0626,0.1301,0.2236,0.0,4.6,134.0,14.7,664.0,7816.0,23.8,-3.8754,KELLAWAYS FORMATION AND OXFORD CLAY FORMATION (UNDIFFERENTIATED)
MK6,MK,10505.0,8,81.6,2.6293001,78.9,54.0,11.7,13.3,0.0,0.9,0.193,0.6599,0.0,0.043,0.0593,0.152,0.2848,0.0,4.6,134.0,13.8,661.0,7893.5,121.6,-4.2414,KELLAWAYS FORMATION AND OXFORD CLAY FORMATION (UNDIFFERENTIATED)
MK7,MK,5360.0,10,102.0,10.0384,92.0,53.8,11.5,26.7,0.0,0.9,0.1904,0.8974,0.0,0.1663,0.2116,0.158,0.2917,0.0,4.5,134.0,14.3,654.0,9201.0,267.89999,-10.4914,KELLAWAYS FORMATION AND OXFORD CLAY FORMATION (UNDIFFERENTIATED)
MK8,MK,5437.0,8,75.4,0.0,75.4,53.6,11.5,10.4,0.0,0.894,0.1881,0.5703,0.0,0.0316,0.0334,0.1226,0.2063,0.0,4.5,134.0,14.0,665.0,7544.9,1.9,-3.3063,KELLAWAYS FORMATION AND OXFORD CLAY FORMATION (UNDIFFERENTIATED)
MK9,MK,2582.0,7,73.4,0.0,73.4,54.0,11.4,8.0,0.0,0.9,0.1868,0.5326,0.0,0.0,0.0,0.1418,0.2613,0.0,4.5,134.0,13.9,662.0,7341.5,25.6,-2.4889,KELLAWAYS FORMATION AND OXFORD CLAY FORMATION (UNDIFFERENTIATED)
ML1,ML,20204.0,4,47.3,2.6352,44.7,7.1,20.3,16.0,1.2,0.119,0.379,0.7009,0.8802,0.0795,0.0844,0.1504,0.2003,0.02,3.9,150.0,32.9,1106.0,4465.3,79.199997,-16.4626,none (low-plasticity bedrock)
ML10,ML,4267.0,6,58.1,0.0,58.1,5.8,42.2,8.7,1.3,0.0924,0.7895,0.5291,0.8802,0.029,0.0319,0.1094,0.1515,0.02,5.1,155.0,45.2,1403.0,5348.0,33.700001,-10.5269,none (low-plasticity bedrock)
ML11,ML,13737.0,5,52.4,0.0,52.4,6.0,34.5,10.6,1.3,0.0897,0.6536,0.5579,0.8802,0.0554,0.0602,0.0856,0.1193,0.02,4.9,154.0,33.1,1128.0,5033.8,27.6,-12.7742,none (low-plasticity bedrock)
ML12,ML,4454.0,6,58.8,0.041700002,58.7,5.7,42.5,9.3,1.3,0.0842,0.7939,0.521,0.8802,0.0487,0.052,0.0755,0.1007,0.02,5.2,154.0,47.5,1486.0,5401.1,72.199997,-11.3653,none (low-plasticity bedrock)
ML2,ML,11746.0,3,40.2,0.0,40.2,6.8,21.2,11.1,1.2,0.1099,0.3968,0.5835,0.8802,0.0473,0.0501,0.1145,0.161,0.02,4.2,149.0,25.1,1069.0,4022.6,0.0,-15.5238,none (low-plasticity bedrock)
ML3,ML,18466.0,8,79.0,26.1007,52.9,6.3,31.7,13.6,1.3,0.1055,0.6029,0.6458,0.8802,0.0699,0.0732,0.124,0.1664,0.02,4.6,152.0,32.9,1146.0,5166.6,504.79999,-13.0141,none (low-plasticity bedrock)
ML4,ML,7820.0,4,47.7,8.1660995,39.5,7.3,20.1,10.9,1.2,0.12,0.3746,0.6031,0.8802,0.0278,0.0278,0.1587,0.2196,0.02,3.8,150.0,29.3,1116.0,3951.0,176.10001,-14.172,none (low-plasticity bedrock)
ML5,ML,14133.0,4,48.8,5.6795998,43.1,6.8,20.9,14.2,1.2,0.1119,0.3923,0.6744,0.8802,0.0519,0.0578,0.1743,0.2231,0.02,4.0,149.0,26.8,1110.0,4307.7,139.60001,-15.4165,none (low-plasticity bedrock)
ML6,ML,16146.0,4,46.3,0.18089999,46.1,6.8,26.3,11.8,1.2,0.1124,0.5008,0.6131,0.8802,0.0424,0.043,0.1476,0.1839,0.02,4.6,148.0,33.3,1166.0,4587.7,58.0,-12.9937,none (low-plasticity bedrock)
ML7,ML,5026.0,4,44.6,0.0,44.6,6.7,28.5,8.2,1.2,0.1103,0.5422,0.5163,0.8802,0.0204,0.021,0.1172,0.1569,0.02,4.8,148.0,33.4,1136.0,4403.1,17.5,-11.96,none (low-plasticity bedrock)
ML8,ML,6588.0,3,42.5,2.8013,39.7,6.3,22.7,9.5,1.2,0.0863,0.4274,0.5393,0.8802,0.0413,0.0434,0.0968,0.1352,0.02,4.3,150.0,26.6,1085.0,3970.4,80.300003,-15.3494,none (low-plasticity bedrock)
ML9,ML,8711.0,4,46.8,0.0,46.8,6.7,29.2,9.6,1.2,0.1099,0.5564,0.5338,0.8802,0.0478,0.0518,0.0831,0.1156,0.02,4.5,153.0,28.4,1147.0,4603.4,22.6,-13.1718,none (low-plasticity bedrock)
N1,N,41505.0,8,82.6,0.0,82.6,62.7,7.7,12.2,0.0,1.0,0.0948,0.6704,0.0,0.0,0.0,0.2089,0.4616,0.0,3.7,140.0,14.2,632.0,8257.7,19.6,-3.245,THAMES GROUP
N10,N,10880.0,10,101.3,18.731501,82.5,61.8,10.5,10.2,0.0,1.0,0.1662,0.5784,0.0,0.0185,0.0254,0.1478,0.232,0.0,4.0,140.0,18.4,658.0,8254.7,442.5,-4.2551,THAMES GROUP
N11,N,12302.0,9,98.2,9.4268999,88.8,61.4,11.1,16.2,0.0,1.0,0.1813,0.7291,0.0,0.057,0.0834,0.1894,0.2952,0.0,4.1,140.0,16.9,664.0,8876.3,231.39999,-7.2382,THAMES GROUP
N12,N,12614.0,9,86.2,0.0,86.2,61.4,11.3,13.5,0.0,1.0,0.1858,0.6474,0.0,0.056,0.0614,0.1334,0.2328,0.0,4.1,140.0,17.6,671.0,8624.7,0.0,-5.6926,THAMES GROUP
N13,N,11894.0,9,88.1,0.0,88.1,61.7,9.8,16.6,0.0,1.0,0.1505,0.7422,0.0,0.0539,0.1172,0.181,0.3264,0.0,3.9,140.0,15.2,658.0,8812.3,49.200001,-7.3196,THAMES GROUP
N14,N,11952.0,8,85.1,0.0,85.1,61.6,11.2,12.2,0.0,1.0,0.183,0.6058,0.0,0.0506,0.0632,0.107,0.2097,0.0,4.2,140.0,16.2,667.0,8505.6,48.900002,-5.3244,THAMES GROUP
N15,N,18309.0,10,101.4,0.0,101.4,62.2,8.7,30.4,0.0,1.0,0.1241,0.9973,0.0,0.1196,0.2233,0.3176,0.4854,0.0,3.8,140.0,14.5,633.0,10137.8,72.699997,-8.8836,THAMES GROUP
N16,N,25868.0,10,186.6,97.4907,89.1,62.4,8.5,18.2,0.0,1.0,0.117,0.843,0.0,0.0107,0.0107,0.3385,0.6345,0.0,3.8,140.0,14.1,630.0,8906.7,1717.2,-7.0366,THAMES GROUP
N17,N,25762.0,9,93.3,0.0,93.3,62.2,8.8,22.3,0.0,1.0,0.1249,0.8895,0.0,0.0473,0.2179,0.2909,0.4438,0.0,3.8,140.0,14.2,636.0,9333.5,50.099998,-8.4868,THAMES GROUP
N18,N,11698.0,10,102.8,0.0,102.8,61.9,9.2,31.7,0.0,1.0,0.1347,0.9837,0.0,0.1498,0.4535,0.1551,0.373,0.0,3.9,140.0,13.7,643.0,10281.2,41.900002,-10.4811,THAMES GROUP
N19,N,14363.0,9,89.6,7.0699,82.5,62.1,9.1,11.4,0.0,0.9999,0.1306,0.6461,0.0,0.0,0.0,0.2129,0.3723,0.0,3.8,140.0,16.1,641.0,8252.9,181.10001,-3.838,THAMES GROUP
N1C,N,554.0,9,87.6,2.5905001,85.0,62.6,7.9,14.5,0.0,1.0,0.1008,0.7534,0.0,0.0,0.0,0.2499,0.6247,0.0,3.7,140.0,14.6,636.0,8501.6,119.3,-5.1112,THAMES GROUP
N2,N,9836.0,10,119.2,36.275101,82.9,61.7,10.4,10.8,0.0,0.9987,0.1636,0.5942,0.0,0.0207,0.0289,0.1585,0.2281,0.0,4.0,140.0,18.5,663.0,8290.3,704.0,-4.2454,THAMES GROUP
N20,N,7703.0,8,83.5,0.0,83.5,61.5,12.0,10.1,0.0,1.0,0.199,0.5631,0.0,0.0305,0.0352,0.1171,0.2052,0.0,4.2,140.0,18.4,680.0,8354.0,79.699997,-4.9982,THAMES GROUP
N21,N,9030.0,10,125.6,37.926498,87.7,61.6,10.5,15.7,0.0,1.0,0.1652,0.6837,0.0,0.0774,0.095,0.1212,0.2229,0.0,4.1,140.0,14.8,661.0,8769.9,714.79999,-6.4858,THAMES GROUP
N22,N,18125.0,10,110.2,25.6991,84.5,61.8,9.7,13.0,0.0,1.0,0.1479,0.6929,0.0,0.0,0.0,0.2668,0.3623,0.0,3.9,140.0,15.1,652.0,8454.1,501.60001,-4.8796,THAMES GROUP
N3,N,10579.0,10,113.2,27.6092,85.6,61.7,10.8,13.2,0.0,1.0,0.172,0.6363,0.0,0.0547,0.0547,0.1346,0.2117,0.0,4.0,140.0,17.8,670.0,8557.3,547.29999,-5.3505,THAMES GROUP
N4,N,23083.0,10,231.1,146.5062,84.6,62.2,9.0,13.5,0.0,1.0,0.128,0.7102,0.0,0.0,0.0,0.2597,0.4423,0.0,3.8,140.0,15.3,634.0,8460.4,2543.8999,-4.7777,THAMES GROUP
N5,N,11258.0,10,147.1,66.414803,80.7,62.4,8.5,9.8,0.0,1.0,0.1141,0.5905,0.0,0.0,0.0,0.1729,0.3255,0.0,3.8,140.0,14.3,632.0,8067.5,1187.3,-3.0596,THAMES GROUP
N6,N,8794.0,8,76.4,0.0,76.4,60.1,10.1,6.1,0.0,0.978,0.1547,0.4675,0.0,0.0,0.0,0.1138,0.188,0.0,3.9,140.0,18.6,655.0,7636.3,1.3,-3.2925,THAMES GROUP
N7,N,22582.0,9,93.3,8.1384001,85.2,62.4,8.5,14.3,0.0,1.0,0.115,0.7409,0.0,0.0,0.0,0.276,0.5014,0.0,3.8,140.0,14.7,636.0,8520.1,214.0,-5.2422,THAMES GROUP
N8,N,17199.0,10,136.6,53.014801,83.6,61.9,9.7,12.0,0.0,1.0,0.1451,0.6623,0.0,0.0,0.0,0.2375,0.3499,0.0,3.9,140.0,16.4,646.0,8358.3,959.90002,-4.2622,THAMES GROUP
N9,N,18667.0,10,107.1,15.8472,91.3,62.0,9.1,20.1,0.0,1.0,0.1323,0.7979,0.0,0.0802,0.2709,0.1142,0.3465,0.0,3.9,140.0,13.5,657.0,9127.7,362.29999,-8.6225,THAMES GROUP
NE1,NE,4105.0,6,63.6,22.7141,40.9,8.0,10.7,22.2,0.0,0.12,0.1717,0.8096,0.0,0.1435,0.1435,0.1113,0.2968,0.0,4.2,142.0,14.4,698.0,4088.9,424.89999,-23.7968,none (low-plasticity bedrock)
NE10,NE,16083.0,1,26.5,0.598,25.9,8.1,10.0,7.9,0.0,0.12,0.152,0.5071,0.0,0.0278,0.0284,0.0825,0.189,0.0,4.4,136.0,14.1,695.0,2592.6,30.8,-19.5013,none (low-plasticity bedrock)
NE11,NE,7740.0,3,39.1,0.0,39.1,7.8,13.4,17.8,0.0,0.12,0.2344,0.7151,0.0,0.1012,0.1562,0.0907,0.2004,0.0,4.6,143.0,15.3,709.0,3905.7,25.8,-20.009,none (low-plasticity bedrock)
NE12,NE,17246.0,2,34.0,3.7852001,30.2,8.0,11.2,11.1,0.0,0.1191,0.1811,0.6048,0.0,0.0202,0.045,0.1533,0.2501,0.0,4.5,137.0,14.9,681.0,3019.5,90.199997,-17.1445,none (low-plasticity bedrock)
NE13,NE,8662.0,2,37.1,0.0,37.1,7.8,12.7,16.5,0.0,0.12,0.2171,0.7005,0.0,0.0852,0.1171,0.1225,0.2001,0.0,4.5,143.0,15.3,688.0,3706.9,15.3,-19.5203,none (low-plasticity bedrock)
NE15,NE,15354.0,1,30.9,0.0,30.9,7.7,14.2,8.9,0.0,0.12,0.25,0.5182,0.0,0.0389,0.0618,0.0702,0.142,0.0,4.6,146.0,14.9,714.0,3089.6,4.0,-18.5081,none (low-plasticity bedrock)
NE16,NE,11163.0,2,36.3,7.0753002,29.3,7.7,14.7,6.9,0.0,0.12,0.2594,0.4608,0.0,0.0304,0.0363,0.0607,0.1196,0.0,4.6,144.0,18.4,719.0,2925.1,151.39999,-19.0279,none (low-plasticity bedrock)
NE17,NE,2350.0,3,40.6,8.6738997,32.0,7.6,15.1,9.3,0.0,0.12,0.2679,0.5119,0.0,0.0528,0.0594,0.0552,0.1059,0.0,4.6,147.0,16.3,749.0,3196.7,167.2,-18.8493,none (low-plasticity bedrock)
NE18,NE,438.0,3,40.7,0.0,40.7,7.5,16.8,16.4,0.0,0.12,0.3066,0.6793,0.0,0.0986,0.1155,0.0927,0.154,0.0,4.9,146.0,17.8,731.0,4067.6,1.0,-18.829,none (low-plasticity bedrock)
NE19,NE,970.0,2,36.1,0.0,36.1,6.8,19.8,9.5,0.0,0.1065,0.3672,0.5244,0.0,0.0497,0.059,0.0617,0.1338,0.0,4.9,142.0,23.7,916.0,3609.7,6.9,-18.2479,none (low-plasticity bedrock)
NE2,NE,10386.0,1,27.6,0.0,27.6,7.9,11.4,8.3,0.0,0.12,0.1862,0.5227,0.0,0.0181,0.0197,0.1076,0.2154,0.0,4.3,143.0,16.1,691.0,2763.6,0.0,-18.0019,none (low-plasticity bedrock)
NE20,NE,5239.0,3,39.2,0.0,39.2,7.3,17.8,14.1,0.0,0.1187,0.3271,0.6263,0.0,0.0835,0.1043,0.0757,0.1312,0.0,5.0,145.0,17.1,751.0,3920.7,6.2,-18.58,none (low-plasticity bedrock)
NE21,NE,7888.0,3,41.7,0.0,41.7,7.8,13.0,20.8,0.0,0.12,0.2249,0.7441,0.0,0.1442,0.1852,0.0592,0.1338,0.0,4.4,145.0,16.2,722.0,4166.4,1.2,-22.0665,none (low-plasticity bedrock)
NE22,NE,8582.0,3,41.6,5.7789001,35.8,7.8,13.3,14.6,0.0,0.12,0.2315,0.644,0.0,0.0829,0.1014,0.0881,0.1564,0.0,4.8,140.0,14.7,672.0,3578.6,131.5,-18.6864,none (low-plasticity bedrock)
NE23,NE,17907.0,2,33.6,0.0,33.6,7.9,12.6,13.1,0.0,0.12,0.2143,0.6304,0.0,0.0544,0.0874,0.1136,0.2037,0.0,4.7,138.0,14.9,683.0,3358.3,6.9,-18.038,none (low-plasticity bedrock)
NE24,NE,18322.0,10,129.0,90.514503,38.5,7.8,13.0,17.6,0.0,0.12,0.2249,0.6923,0.0,0.1188,0.1337,0.0698,0.134,0.0,4.9,137.0,14.2,680.0,3847.5,1554.8,-20.4855,none (low-plasticity bedrock)
NE25,NE,13393.0,5,53.4,17.5896,35.9,7.8,13.0,15.0,0.0,0.1196,0.2242,0.6846,0.0,0.065,0.1019,0.1382,0.2257,0.0,4.9,136.0,14.5,678.0,3585.5,345.39999,-19.0318,none (low-plasticity bedrock)
NE26,NE,8663.0,2,32.6,0.0,32.6,7.8,13.4,11.4,0.0,0.12,0.2318,0.5493,0.0,0.0733,0.086,0.0469,0.08,0.0,5.0,135.0,14.2,677.0,3263.3,19.4,-20.2672,none (low-plasticity bedrock)
NE27,NE,7010.0,2,33.5,0.0,33.5,7.9,12.1,13.5,0.0,0.12,0.2028,0.6544,0.0,0.0445,0.1006,0.142,0.2213,0.0,4.7,136.0,15.1,679.0,3346.3,24.8,-18.0137,none (low-plasticity bedrock)
NE28,NE,21863.0,2,35.0,0.0,35.0,8.1,10.1,16.8,0.0,0.12,0.1567,0.7087,0.0,0.0845,0.1048,0.1417,0.1942,0.0,4.4,136.0,14.5,681.0,3498.2,0.0,-20.0972,none (low-plasticity bedrock)
NE29,NE,16841.0,4,45.9,13.0923,32.8,8.1,10.0,14.7,0.0,0.12,0.1538,0.6539,0.0,0.0792,0.086,0.1035,0.1854,0.0,4.4,135.0,15.3,678.0,3278.1,245.89999,-19.1237,none (low-plasticity bedrock)
NE3,NE,23101.0,2,37.6,0.0,37.6,7.9,12.0,17.7,0.0,0.12,0.2021,0.7234,0.0,0.0936,0.1392,0.1137,0.2259,0.0,4.4,143.0,15.2,682.0,3764.5,5.3,-20.0398,none (low-plasticity bedrock)
NE30,NE,10406.0,1,31.0,0.0,31.0,8.0,9.8,13.2,0.0,0.1182,0.1481,0.5849,0.0,0.0846,0.0875,0.0523,0.1028,0.0,4.4,134.0,15.1,676.0,3100.9,14.5,-20.3683,none (low-plasticity bedrock)
NE31,NE,10332.0,2,32.6,2.3527999,30.3,8.0,10.0,12.2,0.0,0.12,0.153,0.5854,0.0,0.0664,0.0705,0.066,0.182,0.0,4.4,136.0,13.9,688.0,3028.7,62.0,-19.5092,none (low-plasticity bedrock)
NE32,NE,10668.0,2,34.1,2.1894,31.9,8.1,10.1,13.7,0.0,0.12,0.1565,0.6178,0.0,0.077,0.098,0.0647,0.182,0.0,4.5,135.0,13.7,680.0,3193.9,62.200001,-19.433,none (low-plasticity bedrock)
NE33,NE,13326.0,2,36.6,0.0,36.6,7.8,9.3,19.5,0.0,0.1107,0.1353,0.6975,0.0,0.145,0.1539,0.0362,0.0881,0.0,4.4,134.0,14.3,673.0,3661.8,0.0,-21.7835,none (low-plasticity bedrock)
NE34,NE,23622.0,1,27.4,1.5286,25.9,7.4,10.4,8.1,0.0,0.0975,0.1613,0.5014,0.0,0.043,0.0483,0.0516,0.1587,0.0,4.6,134.0,14.3,672.0,2588.3,46.3,-21.4351,none (low-plasticity bedrock)
NE35,NE,2933.0,2,32.2,0.0,32.2,7.8,10.5,13.9,0.0,0.1126,0.1654,0.6294,0.0,0.0736,0.1088,0.0649,0.215,0.0,4.6,135.0,14.1,671.0,3219.0,0.0,-19.5965,none (low-plasticity bedrock)
NE36,NE,3004.0,2,34.6,0.0,34.6,7.3,10.5,16.9,0.0,0.0963,0.1651,0.6897,0.0,0.0971,0.1382,0.0826,0.1884,0.0,4.6,135.0,14.3,669.0,3461.9,0.0,-20.9163,none (low-plasticity bedrock)
NE37,NE,8763.0,1,28.8,0.0,28.8,8.0,11.1,9.8,0.0,0.12,0.1784,0.5471,0.0,0.036,0.0721,0.0829,0.1759,0.0,4.6,136.0,15.2,693.0,2880.3,0.0,-19.4814,none (low-plasticity bedrock)
NE38,NE,13869.0,4,44.4,13.6259,30.8,8.0,10.5,12.2,0.0,0.12,0.1663,0.6029,0.0,0.0525,0.0588,0.1024,0.2125,0.0,4.5,136.0,16.1,698.0,3075.7,268.89999,-18.1704,none (low-plasticity bedrock)
NE39,NE,3872.0,2,32.6,0.0,32.6,7.7,14.8,10.1,0.0,0.12,0.2621,0.5357,0.0,0.0529,0.0617,0.07,0.1177,0.0,4.6,146.0,15.0,748.0,3255.1,20.3,-18.7864,none (low-plasticity bedrock)
NE4,NE,14468.0,2,34.3,1.7404,32.5,8.0,10.9,13.6,0.0,0.12,0.1763,0.621,0.0,0.0752,0.0752,0.0782,0.1983,0.0,4.2,143.0,15.5,700.0,3254.6,57.900002,-18.9459,none (low-plasticity bedrock)
NE40,NE,7020.0,1,28.7,0.0,28.7,7.8,13.6,7.3,0.0,0.12,0.2355,0.4501,0.0,0.0436,0.0551,0.0352,0.0749,0.0,4.5,146.0,15.4,732.0,2871.3,4.1,-20.3138,none (low-plasticity bedrock)
NE41,NE,1045.0,3,38.8,0.0,38.8,7.8,13.5,17.5,0.0,0.12,0.2362,0.6853,0.0,0.1182,0.141,0.0665,0.1121,0.0,4.5,146.0,13.7,730.0,3879.3,10.3,-20.4032,none (low-plasticity bedrock)
NE42,NE,5223.0,2,34.8,0.0,34.8,7.8,13.6,13.4,0.0,0.12,0.2367,0.6047,0.0,0.0749,0.1122,0.0643,0.1311,0.0,4.4,147.0,17.3,740.0,3475.3,1.8,-18.8934,none (low-plasticity bedrock)
NE43,NE,2134.0,2,34.5,4.8564,29.7,7.8,13.1,8.8,0.0,0.12,0.2232,0.5021,0.0,0.0525,0.0639,0.0501,0.0912,0.0,4.2,148.0,16.1,747.0,2966.3,114.8,-19.9224,none (low-plasticity bedrock)
NE44,NE,236.0,3,42.4,9.6176004,32.8,7.6,15.8,9.5,0.0,0.12,0.2842,0.5161,0.0,0.0524,0.0674,0.0573,0.0991,0.0,4.4,149.0,15.8,753.0,3282.8,232.0,-18.5473,none (low-plasticity bedrock)
NE45,NE,1650.0,2,35.4,0.0,35.4,7.7,14.4,13.3,0.0,0.12,0.2546,0.5957,0.0,0.0818,0.0977,0.0583,0.1128,0.0,4.4,149.0,14.3,778.0,3540.8,15.7,-19.0979,none (low-plasticity bedrock)
NE46,NE,7475.0,2,35.4,0.33719999,35.1,7.4,16.1,11.6,0.0,0.1152,0.2906,0.5615,0.0,0.0705,0.0921,0.0534,0.0974,0.0,4.2,149.0,22.1,808.0,3509.1,35.8,-19.725,none (low-plasticity bedrock)
NE47,NE,3302.0,4,48.0,1.7745,46.2,6.8,31.7,7.8,0.0,0.1166,0.601,0.4814,0.0,0.0341,0.0448,0.0672,0.1145,0.0,5.3,152.0,17.3,1016.0,4495.2,77.800003,-13.6757,none (low-plasticity bedrock)
NE48,NE,1954.0,3,40.0,0.0,40.0,6.6,22.8,10.6,0.0,0.105,0.4296,0.5594,0.0,0.0583,0.0693,0.0683,0.1461,0.0,4.0,143.0,36.3,1201.0,4004.8,32.900002,-18.0862,none (low-plasticity bedrock)
NE49,NE,2022.0,5,53.8,6.6971002,47.1,6.7,29.3,11.1,0.0,0.1133,0.558,0.5711,0.0,0.0582,0.0737,0.0799,0.1365,0.0,5.0,151.0,24.0,1105.0,4636.8,163.60001,-15.3986,none (low-plasticity bedrock)
NE5,NE,21400.0,2,34.8,5.8432002,29.0,7.8,13.0,8.2,0.0,0.12,0.2232,0.5141,0.0,0.0222,0.0494,0.0883,0.1815,0.0,4.5,144.0,16.3,701.0,2900.5,130.5,-17.9691,none (low-plasticity bedrock)
NE6,NE,22807.0,6,59.3,23.713301,35.6,8.1,9.5,17.9,0.0,0.12,0.1427,0.7134,0.0,0.1105,0.1157,0.0874,0.2248,0.0,4.3,137.0,13.6,687.0,3561.8,423.10001,-20.7459,none (low-plasticity bedrock)
NE61,NE,15689.0,3,38.2,1.6594,36.6,7.3,18.1,11.2,0.0,0.1171,0.3325,0.5643,0.0,0.0618,0.076,0.0714,0.1214,0.0,5.0,142.0,19.7,855.0,3658.3,68.199997,-18.772,none (low-plasticity bedrock)
NE62,NE,4067.0,4,45.5,7.2997999,38.2,7.8,13.5,17.0,0.0,0.12,0.2356,0.6853,0.0,0.11,0.1185,0.084,0.138,0.0,4.8,140.0,14.2,682.0,3824.3,163.60001,-20.1,none (low-plasticity bedrock)
NE63,NE,12921.0,2,33.0,0.0,33.0,7.8,13.6,11.6,0.0,0.12,0.2369,0.5853,0.0,0.0523,0.0566,0.099,0.1769,0.0,4.8,140.0,15.0,699.0,3301.0,15.2,-17.9887,none (low-plasticity bedrock)
NE64,NE,2746.0,2,36.9,2.0917001,34.8,7.8,13.2,13.8,0.0,0.12,0.2281,0.5767,0.0,0.1018,0.119,0.0198,0.0386,0.0,4.8,139.0,14.0,690.0,3481.5,70.0,-21.0107,none (low-plasticity bedrock)
NE65,NE,9323.0,2,32.5,0.0,32.5,7.3,14.9,10.2,0.0,0.107,0.2653,0.5277,0.0,0.0632,0.0741,0.0482,0.0901,0.0,4.6,141.0,23.2,849.0,3245.1,19.8,-20.0397,none (low-plasticity bedrock)
NE66,NE,8357.0,2,32.7,0.0,32.7,7.3,14.5,10.9,0.0,0.1046,0.2567,0.5417,0.0,0.0676,0.0795,0.0502,0.0897,0.0,4.7,141.0,20.6,806.0,3270.9,16.3,-20.0629,none (low-plasticity bedrock)
NE67,NE,631.0,2,37.5,0.0,37.5,6.9,18.4,12.2,0.0,0.1052,0.34,0.587,0.0,0.07,0.0808,0.0743,0.1267,0.0,5.4,141.0,18.4,748.0,3754.3,0.0,-18.9106,none (low-plasticity bedrock)
NE68,NE,777.0,2,33.2,0.0,33.2,7.0,18.2,8.0,0.0,0.105,0.3346,0.462,0.0,0.0566,0.0592,0.0284,0.05,0.0,5.4,141.0,13.4,747.0,3323.2,4.1,-19.8683,none (low-plasticity bedrock)
NE69,NE,250.0,3,39.6,0.0,39.6,6.7,19.0,14.0,0.0,0.1007,0.3511,0.5944,0.0,0.1044,0.1048,0.033,0.0602,0.0,5.5,142.0,14.7,744.0,3964.2,0.0,-20.2391,none (low-plasticity bedrock)
NE7,NE,6358.0,5,52.4,27.586901,24.8,8.0,10.2,6.5,0.0,0.12,0.1566,0.4858,0.0,0.0047,0.0117,0.1021,0.2224,0.0,4.3,137.0,15.6,682.0,2479.2,481.20001,-18.154,none (low-plasticity bedrock)
NE70,NE,849.0,4,48.2,0.94639999,47.3,6.7,18.6,22.0,0.0,0.1025,0.3446,0.7853,0.0,0.156,0.1806,0.0849,0.1576,0.0,5.5,141.0,15.8,743.0,4729.9,72.5,-23.0326,none (low-plasticity bedrock)
NE71,NE,1592.0,4,44.8,0.3716,44.4,6.3,24.2,13.9,0.0,0.0934,0.459,0.6099,0.0,0.0919,0.117,0.0491,0.099,0.0,6.1,140.0,24.0,900.0,4441.2,40.5,-17.8411,none (low-plasticity bedrock)
NE8,NE,13772.0,4,45.1,10.5601,34.6,8.0,10.9,15.6,0.0,0.12,0.1756,0.6632,0.0,0.0965,0.1074,0.0666,0.2039,0.0,4.2,143.0,14.3,705.0,3456.8,201.0,-19.6784,none (low-plasticity bedrock)
NE9,NE,16827.0,1,22.4,0.0,22.4,8.0,10.9,3.5,0.0,0.12,0.1702,0.2838,0.0,0.0,0.0,0.0321,0.0987,0.0,4.4,137.0,15.7,707.0,2238.7,1.6,-17.4204,none (low-plasticity bedrock)
NG1,NG,6960.0,1,23.9,0.0,23.9,7.3,7.3,9.3,0.0,0.08,0.0826,0.5666,0.0,0.0,0.1042,0.1214,0.2398,0.0,3.9,130.0,14.7,672.0,2385.1,0.0,-20.6055,none (low-plasticity bedrock)
NG10,NG,21250.0,8,76.6,0.0,76.6,18.6,7.9,50.2,0.0,0.382,0.1007,1.0,0.0,0.3421,0.5712,0.0846,0.2585,0.0,4.1,131.0,14.2,662.0,7661.8,0.0,-19.8757,TRIASSIC ROCKS (UNDIFFERENTIATED)
NG11,NG,16489.0,6,62.7,0.0,62.7,19.7,8.0,35.0,0.0,0.4071,0.104,0.9714,0.0,0.2431,0.3095,0.1102,0.2236,0.0,4.2,131.0,12.3,651.0,6272.6,0.0,-19.6205,TRIASSIC ROCKS (UNDIFFERENTIATED)
NG12,NG,15820.0,5,52.6,0.0,52.6,22.6,9.4,20.6,0.0,0.4628,0.1397,0.7576,0.0,0.1334,0.1634,0.0885,0.1852,0.0,4.4,130.0,13.6,643.0,5257.4,6.4,-17.5618,TRIASSIC ROCKS (UNDIFFERENTIATED)
NG13,NG,9662.0,10,115.1,57.135601,58.0,23.0,9.1,25.9,0.0,0.4714,0.1331,0.8715,0.0,0.1569,0.2329,0.1387,0.2504,0.0,4.4,129.0,12.8,612.0,5798.7,1028.1,-19.0611,TRIASSIC ROCKS (UNDIFFERENTIATED)
NG14,NG,8417.0,7,66.5,9.0214005,57.4,16.2,10.1,31.2,0.0,0.35,0.159,0.9066,0.0,0.2284,0.3357,0.0553,0.1232,0.0,4.4,129.0,16.1,660.0,5744.5,210.8,-22.7743,TRIASSIC ROCKS (UNDIFFERENTIATED)
NG15,NG,19597.0,1,24.7,0.67879999,24.0,7.2,10.6,6.2,0.0,0.0903,0.1658,0.4172,0.0,0.0266,0.0469,0.0388,0.0936,0.0,4.2,130.0,18.5,748.0,2400.3,39.3,-21.8034,none (low-plasticity bedrock)
NG16,NG,28065.0,3,37.8,8.6976004,29.1,7.9,10.2,11.1,0.0,0.1133,0.1572,0.5588,0.0,0.0585,0.0757,0.0674,0.1353,0.0,4.1,131.0,19.7,764.0,2913.5,174.89999,-20.4773,none (low-plasticity bedrock)
NG17,NG,32198.0,1,24.8,0.0,24.8,7.2,12.5,5.1,0.0,0.094,0.2098,0.3845,0.0,0.0097,0.0189,0.0529,0.1194,0.0,4.4,130.0,22.6,770.0,2475.9,9.1,-19.0307,none (low-plasticity bedrock)
NG18,NG,20427.0,1,24.2,0.0,24.2,6.9,12.3,5.0,0.0,0.0817,0.2035,0.3707,0.0,0.0111,0.0254,0.0427,0.107,0.0,4.4,130.0,19.5,735.0,2415.6,11.0,-19.013,none (low-plasticity bedrock)
NG19,NG,22998.0,1,29.4,3.9117,25.5,6.9,12.3,6.3,0.0,0.0826,0.2039,0.4118,0.0,0.0323,0.047,0.032,0.0747,0.0,4.5,130.0,18.9,739.0,2547.2,92.400002,-21.7357,none (low-plasticity bedrock)
NG2,NG,24788.0,6,57.0,0.0,57.0,16.1,7.1,33.8,0.0,0.3238,0.0806,0.9801,0.0,0.1757,0.5162,0.097,0.2962,0.0,3.9,130.0,14.7,663.0,5704.4,13.7,-19.8108,TRIASSIC ROCKS (UNDIFFERENTIATED)
NG20,NG,11718.0,1,23.3,0.0,23.3,7.2,9.1,7.0,0.0,0.0843,0.13,0.4272,0.0,0.0438,0.0514,0.0265,0.0576,0.0,4.1,129.0,16.6,701.0,2329.9,0.0,-23.8414,none (low-plasticity bedrock)
NG21,NG,10692.0,1,27.4,3.7932,23.6,7.0,11.3,5.4,0.0,0.08,0.1813,0.3586,0.0,0.0253,0.0316,0.0253,0.0565,0.0,4.4,129.0,19.2,709.0,2361.8,82.0,-20.5658,none (low-plasticity bedrock)
NG22,NG,12233.0,2,34.9,0.0,34.9,14.8,8.7,11.5,0.0,0.2944,0.1199,0.5596,0.0,0.065,0.1022,0.0529,0.1045,0.0,4.2,128.0,14.7,656.0,3493.9,0.0,-17.4589,TRIASSIC ROCKS (UNDIFFERENTIATED)
NG23,NG,7672.0,7,70.5,0.0,70.5,21.2,8.2,41.1,0.0,0.4401,0.1099,1.0,0.0,0.2781,0.4285,0.1093,0.2108,0.0,4.2,129.0,14.9,629.0,7048.4,15.7,-19.5867,TRIASSIC ROCKS (UNDIFFERENTIATED)
NG24,NG,21393.0,7,69.1,0.0,69.1,22.7,7.6,38.8,0.0,0.4639,0.0927,1.0,0.0,0.2669,0.3521,0.1149,0.2388,0.0,4.2,128.0,14.0,614.0,6914.2,0.0,-18.4333,TRIASSIC ROCKS (UNDIFFERENTIATED)
NG25,NG,4015.0,4,47.7,0.0,47.7,16.9,10.1,20.7,0.0,0.3562,0.1564,0.7421,0.0,0.1398,0.2047,0.0566,0.1235,0.0,4.5,129.0,15.1,643.0,4767.7,16.700001,-19.634,TRIASSIC ROCKS (UNDIFFERENTIATED)
NG3,NG,21228.0,3,39.4,7.4368,31.9,18.7,9.1,4.2,0.0,0.3725,0.1279,0.3353,0.0,0.0,0.0,0.0524,0.1149,0.0,4.2,130.0,17.8,672.0,3193.1,168.89999,-10.3089,TRIASSIC ROCKS (UNDIFFERENTIATED)
NG31,NG,20361.0,5,53.3,10.8513,42.5,24.5,10.3,7.7,0.0,0.4971,0.1593,0.4802,0.0,0.0381,0.0577,0.052,0.1159,0.0,4.5,130.0,14.9,645.0,4249.1,218.5,-13.0669,LIAS GROUP
NG32,NG,6134.0,7,68.0,21.0916,46.9,23.9,11.1,11.9,0.0,0.4915,0.1794,0.5815,0.0,0.0562,0.0778,0.0854,0.1524,0.0,4.7,130.0,15.3,630.0,4689.1,390.20001,-13.0118,LIAS GROUP
NG33,NG,4505.0,3,40.1,0.0,40.1,20.3,12.3,7.5,0.0,0.4266,0.2064,0.4621,0.0,0.0431,0.0532,0.0441,0.0806,0.0,4.8,130.0,15.5,666.0,4010.5,51.700001,-15.6056,INFERIOR OOLITE GROUP
NG34,NG,19189.0,7,71.0,0.0,71.0,40.5,9.7,20.8,0.0,0.728,0.1468,0.7713,0.0,0.1244,0.1869,0.1057,0.19,0.0,4.6,129.0,12.3,599.0,7104.1,12.4,-9.9693,KELLAWAYS FORMATION AND OXFORD CLAY FORMATION (UNDIFFERENTIATED)
NG4,NG,18605.0,4,50.2,0.4765,49.7,19.0,9.5,21.2,0.0,0.4,0.1432,0.7664,0.0,0.1387,0.1955,0.0719,0.1876,0.0,4.3,130.0,16.8,668.0,4974.1,55.3,-19.6929,TRIASSIC ROCKS (UNDIFFERENTIATED)
NG5,NG,38607.0,4,45.6,18.811899,26.8,10.4,9.6,6.8,0.0,0.184,0.1427,0.4426,0.0,0.0306,0.0484,0.0461,0.1026,0.0,4.2,130.0,17.7,699.0,2676.1,335.39999,-18.4264,TRIASSIC ROCKS (UNDIFFERENTIATED)
NG6,NG,16508.0,2,33.7,1.6431,32.1,7.2,9.7,15.3,0.0,0.0867,0.1455,0.6415,0.0,0.0916,0.1319,0.0613,0.1347,0.0,4.2,130.0,17.9,712.0,3209.0,44.700001,-20.9764,TRIASSIC ROCKS (UNDIFFERENTIATED)
NG7,NG,19556.0,5,50.6,0.0,50.6,9.5,7.2,33.9,0.0,0.1558,0.0827,0.9624,0.0,0.2157,0.3784,0.1005,0.2323,0.0,3.9,130.0,14.3,675.0,5062.5,28.6,-22.1974,TRIASSIC ROCKS (UNDIFFERENTIATED)
NG8,NG,25110.0,2,34.7,10.3168,24.4,7.5,8.7,8.2,0.0,0.0968,0.1202,0.506,0.0,0.0345,0.0555,0.067,0.1536,0.0,4.1,130.0,16.9,701.0,2440.1,196.5,-21.6567,TRIASSIC ROCKS (UNDIFFERENTIATED)
NG9,NG,30623.0,5,53.7,7.8232002,45.9,12.3,7.8,25.8,0.0,0.2361,0.0976,0.8469,0.0,0.1668,0.2931,0.07,0.2044,0.0,4.0,131.0,15.3,681.0,4591.1,167.10001,-23.0083,TRIASSIC ROCKS (UNDIFFERENTIATED)
NG90,NG,300.0,8,84.0,13.9167,70.1,19.5,7.2,43.4,0.0,0.3931,0.0821,1.0,0.0,0.1771,0.921,0.0896,0.2937,0.0,4.0,131.0,13.4,668.0,7008.7,294.70001,-19.2972,TRIASSIC ROCKS (UNDIFFERENTIATED)
NN1,NN,14073.0,5,50.4,0.0,50.4,20.4,9.4,20.6,0.0,0.4307,0.1389,0.7957,0.0,0.1066,0.1772,0.1419,0.2793,0.0,4.2,133.0,13.9,659.0,5043.1,0.0,-19.3683,INFERIOR OOLITE GROUP
NN10,NN,16043.0,6,56.3,0.0,56.3,34.6,10.8,10.9,0.0,0.6411,0.1721,0.5572,0.0,0.056,0.0695,0.0725,0.1386,0.0,4.5,133.0,13.7,640.0,5629.7,16.5,-6.9611,KELLAWAYS FORMATION AND OXFORD CLAY FORMATION (UNDIFFERENTIATED)
NN11,NN,17928.0,5,50.8,0.0,50.8,27.3,14.5,8.9,0.0,0.5399,0.2561,0.5232,0.0,0.0352,0.0432,0.0894,0.1466,0.0,4.8,134.0,16.7,691.0,5078.1,15.1,-9.295,LIAS GROUP
NN12,NN,11086.0,4,49.8,7.7547002,42.0,18.7,11.7,11.6,0.0,0.3995,0.1941,0.5675,0.0,0.0634,0.0718,0.0735,0.1228,0.0,4.4,134.0,16.1,699.0,4199.6,180.8,-16.2188,LIAS GROUP
NN13,NN,8936.0,4,44.4,6.8134999,37.6,16.6,12.9,8.1,0.0,0.3558,0.2195,0.4828,0.0,0.0476,0.056,0.0495,0.0847,0.0,4.5,134.0,18.7,722.0,3762.6,151.3,-16.6234,LIAS GROUP
NN14,NN,18338.0,9,85.6,38.4202,47.2,23.5,10.2,13.5,0.0,0.4804,0.1581,0.5957,0.0,0.0823,0.0938,0.0605,0.11,0.0,4.5,133.0,12.5,649.0,4718.0,692.20001,-13.8503,LIAS GROUP
NN15,NN,17206.0,10,223.6,177.8412,45.7,19.1,11.2,15.5,0.0,0.409,0.1813,0.6539,0.0,0.0943,0.115,0.0767,0.1422,0.0,4.6,132.0,14.6,667.0,4573.9,3041.5,-16.3616,LIAS GROUP
NN16,NN,14408.0,3,42.0,0.073299997,41.9,20.0,10.6,11.3,0.0,0.4223,0.1679,0.5729,0.0,0.0489,0.0711,0.0924,0.1544,0.0,4.5,132.0,14.7,679.0,4192.8,46.700001,-14.9588,LIAS GROUP
NN17,NN,13835.0,3,41.6,0.0,41.6,19.4,10.4,11.8,0.0,0.4106,0.163,0.5711,0.0,0.0624,0.0715,0.075,0.1336,0.0,4.5,131.0,14.7,664.0,4159.2,19.200001,-15.7663,INFERIOR OOLITE GROUP
NN18,NN,15454.0,3,40.0,0.0,40.0,17.4,10.6,12.0,0.0,0.3644,0.1689,0.5924,0.0,0.0513,0.0784,0.0951,0.1771,0.0,4.4,132.0,16.9,675.0,4004.6,0.0,-14.8456,INFERIOR OOLITE GROUP
NN2,NN,17065.0,3,42.6,0.0,42.6,19.8,9.7,13.1,0.0,0.4147,0.1449,0.5861,0.0,0.0808,0.0883,0.0542,0.1184,0.0,4.3,133.0,13.8,666.0,4255.6,13.7,-15.9405,INFERIOR OOLITE GROUP
NN29,NN,2113.0,4,46.7,0.0,46.7,21.1,10.5,15.1,0.0,0.4402,0.1657,0.6178,0.0,0.1025,0.1161,0.0438,0.087,0.0,4.5,133.0,12.8,648.0,4668.3,1.6,-15.8418,LIAS GROUP
NN3,NN,30219.0,3,43.4,0.0,43.4,19.5,9.7,14.2,0.0,0.4094,0.1457,0.6106,0.0,0.088,0.1041,0.0565,0.1198,0.0,4.3,133.0,14.6,665.0,4337.5,0.0,-16.0286,INFERIOR OOLITE GROUP
NN4,NN,20222.0,5,55.6,0.0,55.6,23.6,10.2,21.7,0.0,0.485,0.1611,0.804,0.0,0.1265,0.1842,0.1331,0.2265,0.0,4.3,133.0,15.4,658.0,5562.0,21.3,-18.0861,LIAS GROUP
NN5,NN,18688.0,5,55.7,9.2072001,46.5,19.4,9.7,17.4,0.0,0.4099,0.1459,0.7067,0.0,0.0941,0.148,0.1021,0.1862,0.0,4.2,133.0,14.7,665.0,4646.5,186.5,-16.9408,INFERIOR OOLITE GROUP
NN6,NN,16314.0,7,64.8,16.2493,48.5,23.8,12.2,12.6,0.0,0.4897,0.2042,0.5832,0.0,0.0724,0.087,0.0666,0.1167,0.0,4.6,133.0,15.8,683.0,4851.8,321.10001,-13.6005,LIAS GROUP
NN7,NN,12928.0,4,47.1,0.0,47.1,21.9,11.4,13.8,0.0,0.4561,0.1869,0.6131,0.0,0.0804,0.0929,0.0753,0.1274,0.0,4.4,133.0,14.7,683.0,4715.0,2.4,-14.469,LIAS GROUP
NN8,NN,24274.0,6,56.8,2.0197001,54.7,20.3,11.6,22.8,0.0,0.4341,0.1931,0.8062,0.0,0.1525,0.1856,0.1063,0.1829,0.0,4.6,133.0,15.2,662.0,5473.5,111.2,-20.3986,LIAS GROUP
NN9,NN,15384.0,5,54.0,0.0,54.0,29.6,11.0,13.4,0.0,0.5686,0.1767,0.5931,0.0,0.0838,0.0945,0.0561,0.1072,0.0,4.6,133.0,13.9,644.0,5401.6,0.0,-9.6522,KELLAWAYS FORMATION AND OXFORD CLAY FORMATION (UNDIFFERENTIATED)
NP10,NP,6707.0,6,57.4,0.81739998,56.6,9.4,22.9,23.1,1.2,0.1936,0.4325,0.7766,0.8802,0.1483,0.3828,0.0151,0.036,0.02,4.2,141.0,35.8,1170.0,5661.2,66.0,-19.2744,TRIASSIC ROCKS (UNDIFFERENTIATED)
NP11,NP,8328.0,3,43.2,1.6061,41.6,7.1,28.0,5.3,1.2,0.1173,0.5314,0.3649,0.8802,0.0255,0.0555,0.0223,0.0354,0.02,4.3,141.0,54.1,1445.0,4117.4,61.5,-12.9813,none (low-plasticity bedrock)
NP12,NP,7836.0,5,52.5,9.7987003,42.7,7.2,29.3,5.0,1.2,0.12,0.5564,0.3506,0.8802,0.0251,0.0357,0.0249,0.038,0.02,4.2,142.0,50.8,1555.0,4203.1,206.3,-12.1605,none (low-plasticity bedrock)
NP13,NP,4488.0,4,48.4,0.0,48.4,6.9,35.9,4.4,1.2,0.12,0.6762,0.3285,0.8802,0.0168,0.0264,0.0311,0.0398,0.02,5.0,142.0,51.5,1505.0,4605.7,17.9,-10.7714,none (low-plasticity bedrock)
NP15,NP,2053.0,5,51.1,11.3557,39.7,7.4,17.0,14.2,1.1,0.1185,0.3103,0.5956,0.8802,0.1029,0.1232,0.03,0.0497,0.02,3.6,140.0,36.8,1107.0,3973.1,220.3,-18.2709,none (low-plasticity bedrock)
NP16,NP,5541.0,4,46.9,0.0,46.9,7.5,19.0,20.4,0.0,0.1234,0.3517,0.697,0.0,0.1654,0.173,0.0121,0.0248,0.0,4.0,140.0,38.5,1024.0,4687.4,24.200001,-20.0397,TRIASSIC ROCKS (UNDIFFERENTIATED)
NP18,NP,3984.0,6,62.7,0.0,62.7,11.4,17.1,32.9,1.2,0.2521,0.3148,0.9249,0.8802,0.2512,0.4361,0.0182,0.0345,0.02,3.8,141.0,30.8,1140.0,6268.2,31.6,-23.1388,TRIASSIC ROCKS (UNDIFFERENTIATED)
NP19,NP,9465.0,8,77.2,10.106,67.1,13.7,17.8,34.4,1.2,0.3187,0.3289,0.9655,0.8802,0.224,0.6144,0.0156,0.0668,0.02,3.8,141.0,33.5,1181.0,6709.6,245.39999,-22.7138,TRIASSIC ROCKS (UNDIFFERENTIATED)
NP20,NP,8327.0,6,57.6,0.0,57.6,9.2,19.9,27.3,1.2,0.1812,0.3714,0.8393,0.8802,0.218,0.2961,0.0214,0.0584,0.02,4.0,141.0,36.4,1154.0,5756.9,4.3,-22.2975,TRIASSIC ROCKS (UNDIFFERENTIATED)
NP22,NP,5105.0,6,59.2,0.62650001,58.6,6.6,44.1,6.7,1.3,0.118,0.821,0.4536,0.8802,0.0263,0.0324,0.0715,0.0984,0.02,5.4,145.0,56.5,1652.0,5329.6,63.599998,-10.0507,none (low-plasticity bedrock)
NP23,NP,7438.0,5,55.5,0.56959999,54.9,6.7,41.2,5.7,1.3,0.12,0.7714,0.43,0.8802,0.0154,0.0345,0.0703,0.1024,0.02,5.2,144.0,51.5,1621.0,5068.5,60.099998,-10.44,none (low-plasticity bedrock)
NP24,NP,1046.0,5,53.5,0.94450003,52.6,6.7,38.4,6.3,1.2,0.12,0.7208,0.4153,0.8802,0.0417,0.0521,0.0284,0.037,0.02,4.8,144.0,58.9,1666.0,4935.0,63.700001,-12.9945,none (low-plasticity bedrock)
NP25,NP,4212.0,1,30.3,0.0,30.3,7.4,13.2,9.7,0.0,0.1059,0.2269,0.4975,0.0,0.0729,0.0871,0.0204,0.0284,0.0,3.6,139.0,29.1,971.0,3029.4,0.0,-21.7468,none (low-plasticity bedrock)
NP26,NP,5610.0,9,91.5,10.7854,80.7,10.1,16.2,53.3,1.2,0.2028,0.295,1.0,0.8802,0.4213,0.5554,0.0077,0.0215,0.02,4.1,140.0,26.8,928.0,8072.8,261.70001,-20.6674,TRIASSIC ROCKS (UNDIFFERENTIATED)
NP4,NP,22048.0,9,98.2,49.758801,48.4,6.7,35.1,5.4,1.2,0.1164,0.663,0.4083,0.8802,0.0215,0.0304,0.057,0.0748,0.02,5.2,142.0,50.5,1368.0,4621.6,888.70001,-12.231,none (low-plasticity bedrock)
NP44,NP,18606.0,6,58.5,13.6376,44.9,6.8,28.7,8.1,1.2,0.115,0.5451,0.4699,0.8802,0.0514,0.0818,0.0298,0.0521,0.02,4.6,141.0,48.9,1377.0,4427.6,267.29999,-14.3974,none (low-plasticity bedrock)
NP7,NP,11929.0,2,36.9,1.1301,35.8,6.9,19.8,9.1,0.0,0.1068,0.3679,0.4822,0.0,0.0659,0.0838,0.0212,0.0304,0.0,4.3,140.0,33.9,1111.0,3575.7,50.200001,-19.8052,none (low-plasticity bedrock)
NP8,NP,2429.0,4,49.9,9.5868998,40.3,6.3,24.4,8.4,1.2,0.0876,0.462,0.4601,0.8802,0.065,0.0777,0.0138,0.0169,0.02,4.3,142.0,43.0,1367.0,4024.0,206.7,-17.0262,none (low-plasticity bedrock)
NR1,NR,13908.0,4,47.0,1.1439,45.9,14.5,10.1,21.2,0.0,0.3072,0.1583,0.7748,0.0,0.1314,0.1938,0.0913,0.2002,0.0,4.3,137.0,14.1,667.0,4586.5,77.099998,-20.7565,NEOGENE TO QUATERNARY ROCKS (UNDIFFERENTIATED)
NR10,NR,9892.0,3,43.5,1.9862,41.5,22.4,11.6,7.5,0.0,0.4625,0.1891,0.4567,0.0,0.0441,0.0589,0.0375,0.0737,0.0,4.5,137.0,15.0,691.0,4149.6,75.900002,-14.4333,NEOGENE TO QUATERNARY ROCKS (UNDIFFERENTIATED)
NR11,NR,9249.0,5,53.8,1.8672,51.9,30.7,13.4,7.7,0.0,0.5868,0.2315,0.4535,0.0,0.0516,0.0667,0.0266,0.0494,0.0,4.8,136.0,16.5,704.0,5188.4,89.800003,-9.0785,NEOGENE TO QUATERNARY ROCKS (UNDIFFERENTIATED)
NR12,NR,10022.0,7,71.0,2.2079,68.8,36.0,13.8,19.0,0.0,0.6636,0.2412,0.7188,0.0,0.1235,0.1614,0.0743,0.1419,0.0,4.9,137.0,13.7,648.0,6875.7,97.800003,-9.2686,NEOGENE TO QUATERNARY ROCKS (UNDIFFERENTIATED)
NR13,NR,12629.0,9,98.8,19.542601,79.2,38.2,12.0,29.1,0.0,0.6954,0.2018,0.8808,0.0,0.2208,0.2669,0.0648,0.1355,0.0,4.7,137.0,13.9,634.0,7923.8,420.79999,-14.0304,NEOGENE TO QUATERNARY ROCKS (UNDIFFERENTIATED)
NR14,NR,11905.0,6,58.8,2.5743001,56.2,25.2,12.2,18.8,0.0,0.507,0.2065,0.7103,0.0,0.1278,0.1562,0.0676,0.1199,0.0,4.6,137.0,13.8,662.0,5621.3,112.8,-14.4357,NEOGENE TO QUATERNARY ROCKS (UNDIFFERENTIATED)
NR15,NR,6694.0,3,41.2,0.0,41.2,16.8,13.1,11.3,0.0,0.3648,0.2249,0.5701,0.0,0.0554,0.0666,0.0874,0.137,0.0,4.7,137.0,12.8,655.0,4119.9,0.0,-16.1156,NEOGENE TO QUATERNARY ROCKS (UNDIFFERENTIATED)
NR16,NR,5310.0,1,31.9,0.0,31.9,6.7,13.2,12.0,0.0,0.08,0.228,0.5769,0.0,0.0667,0.0798,0.0712,0.1262,0.0,4.8,137.0,13.8,652.0,3188.8,0.0,-20.5138,none (low-plasticity bedrock)
NR17,NR,7521.0,1,31.8,0.0,31.8,6.8,11.5,13.5,0.0,0.08,0.1886,0.6089,0.0,0.076,0.0903,0.0779,0.1334,0.0,4.5,137.0,14.7,672.0,3175.9,15.7,-20.4326,none (low-plasticity bedrock)
NR18,NR,8962.0,2,32.5,0.28279999,32.3,6.7,13.1,12.5,0.0,0.08,0.2251,0.5916,0.0,0.0652,0.0797,0.0842,0.1365,0.0,4.7,137.0,14.9,680.0,3226.3,36.900002,-19.8073,none (low-plasticity bedrock)
NR19,NR,9164.0,1,31.5,0.0,31.5,6.6,14.6,10.3,0.0,0.08,0.2575,0.5472,0.0,0.0501,0.0666,0.0779,0.1301,0.0,4.8,136.0,16.5,707.0,3151.5,5.9,-20.0462,none (low-plasticity bedrock)
NR2,NR,14061.0,6,61.9,15.7848,46.1,20.7,10.2,15.3,0.0,0.4344,0.1581,0.683,0.0,0.0613,0.1559,0.108,0.2396,0.0,4.2,137.0,14.4,674.0,4615.0,314.89999,-15.4322,NEOGENE TO QUATERNARY ROCKS (UNDIFFERENTIATED)
NR20,NR,8524.0,2,34.5,2.8650999,31.6,6.7,13.3,11.6,0.0,0.08,0.2304,0.5639,0.0,0.0665,0.0794,0.0652,0.1096,0.0,4.7,136.0,15.6,709.0,3162.2,83.300003,-20.7601,none (low-plasticity bedrock)
NR21,NR,7482.0,1,29.8,0.0,29.8,6.6,14.4,8.8,0.0,0.08,0.2533,0.4902,0.0,0.0567,0.0728,0.0365,0.068,0.0,4.9,134.0,16.2,711.0,2980.2,2.2,-21.2714,none (low-plasticity bedrock)
NR22,NR,456.0,1,29.3,0.5456,28.7,6.6,15.5,6.6,0.0,0.08,0.2762,0.402,0.0,0.047,0.0494,0.0139,0.0324,0.0,5.1,134.0,14.0,682.0,2873.4,33.700001,-21.8953,none (low-plasticity bedrock)
NR23,NR,1520.0,8,78.6,28.1019,50.5,6.4,17.4,26.7,0.0,0.08,0.3191,0.8151,0.0,0.2255,0.2306,0.0152,0.0514,0.0,5.6,133.0,12.6,656.0,5046.2,531.40002,-24.9809,none (low-plasticity bedrock)
NR24,NR,2061.0,3,38.9,12.5633,26.3,6.7,14.5,5.1,0.0,0.08,0.2548,0.3535,0.0,0.0224,0.0292,0.0296,0.0529,0.0,4.8,135.0,19.2,728.0,2633.5,243.39999,-19.1698,none (low-plasticity bedrock)
NR25,NR,4293.0,4,45.9,3.0590999,42.9,8.8,17.4,16.6,0.0,0.1583,0.3187,0.6338,0.0,0.13,0.1408,0.0154,0.0422,0.0,5.5,134.0,14.5,690.0,4285.4,114.0,-19.0013,NEOGENE TO QUATERNARY ROCKS (UNDIFFERENTIATED)
NR26,NR,3792.0,6,61.4,0.0,61.4,38.3,17.7,5.4,0.0,0.7,0.3216,0.3487,0.0,0.0327,0.0336,0.013,0.0362,0.0,5.5,135.0,13.9,698.0,6135.9,18.0,-5.0209,NEOGENE TO QUATERNARY ROCKS (UNDIFFERENTIATED)
NR27,NR,5785.0,8,79.1,14.8256,64.3,38.3,19.3,6.8,0.0,0.7,0.356,0.414,0.0,0.0515,0.0544,0.0123,0.03,0.0,5.6,136.0,16.0,693.0,6432.4,319.89999,-6.9165,NEOGENE TO QUATERNARY ROCKS (UNDIFFERENTIATED)
NR28,NR,8070.0,6,58.7,0.0,58.7,38.7,13.7,6.3,0.0,0.7,0.2369,0.4186,0.0,0.0304,0.0533,0.0366,0.0741,0.0,4.8,137.0,15.3,665.0,5867.8,10.8,-5.405,NEOGENE TO QUATERNARY ROCKS (UNDIFFERENTIATED)
NR29,NR,9405.0,7,66.0,0.0,66.0,38.6,13.6,13.8,0.0,0.7,0.2367,0.6009,0.0,0.0854,0.1263,0.0428,0.1085,0.0,4.9,137.0,13.9,637.0,6597.8,0.0,-7.033,NEOGENE TO QUATERNARY ROCKS (UNDIFFERENTIATED)
NR3,NR,16127.0,2,35.1,0.1042,35.0,9.8,10.6,14.6,0.0,0.1721,0.1691,0.6568,0.0,0.07,0.1294,0.087,0.2181,0.0,4.4,137.0,13.6,673.0,3501.8,74.699997,-17.5542,NEOGENE TO QUATERNARY ROCKS (UNDIFFERENTIATED)
NR30,NR,14079.0,9,92.6,0.0,92.6,38.0,13.9,40.7,0.0,0.7,0.2456,1.0,0.0,0.3154,0.405,0.0442,0.1144,0.0,4.9,137.0,11.1,627.0,9257.2,6.2,-14.4672,NEOGENE TO QUATERNARY ROCKS (UNDIFFERENTIATED)
NR31,NR,22707.0,10,100.8,15.2564,85.5,38.3,13.5,33.8,0.0,0.7,0.2366,0.9437,0.0,0.2636,0.3431,0.0473,0.1247,0.0,4.9,137.0,13.0,626.0,8550.0,326.0,-14.498,NEOGENE TO QUATERNARY ROCKS (UNDIFFERENTIATED)
NR32,NR,17979.0,8,79.6,13.8549,65.7,38.6,13.8,13.4,0.0,0.7,0.2399,0.5863,0.0,0.0878,0.1244,0.0349,0.0813,0.0,4.9,137.0,13.6,625.0,6573.8,286.89999,-7.4311,NEOGENE TO QUATERNARY ROCKS (UNDIFFERENTIATED)
NR33,NR,17964.0,7,74.3,0.81840003,73.5,38.3,14.7,20.5,0.0,0.7,0.2623,0.7258,0.0,0.1508,0.1757,0.0449,0.0942,0.0,5.0,137.0,14.0,626.0,7353.0,82.5,-9.8546,NEOGENE TO QUATERNARY ROCKS (UNDIFFERENTIATED)
NR34,NR,10023.0,9,85.9,10.7902,75.1,38.4,13.3,23.3,0.0,0.7,0.2325,0.81,0.0,0.1644,0.1884,0.0973,0.1609,0.0,4.8,137.0,14.2,627.0,7507.1,258.20001,-12.5399,NEOGENE TO QUATERNARY ROCKS (UNDIFFERENTIATED)
NR35,NR,5099.0,7,70.7,0.0,70.7,37.9,12.7,20.1,0.0,0.6917,0.2165,0.7493,0.0,0.1292,0.1503,0.1016,0.1581,0.0,4.7,137.0,13.3,643.0,7066.6,7.5,-10.2252,NEOGENE TO QUATERNARY ROCKS (UNDIFFERENTIATED)
NR4,NR,9910.0,3,43.7,1.6632,42.0,11.2,11.2,19.7,0.0,0.2142,0.1817,0.7212,0.0,0.1404,0.1495,0.0599,0.1284,0.0,4.4,137.0,14.2,678.0,4198.9,82.699997,-19.5744,NEOGENE TO QUATERNARY ROCKS (UNDIFFERENTIATED)
NR5,NR,12690.0,4,44.5,0.0,44.5,14.4,11.7,18.5,0.0,0.3098,0.1933,0.7035,0.0,0.1268,0.1439,0.0618,0.1394,0.0,4.5,137.0,15.5,682.0,4453.7,1.6,-19.0638,NEOGENE TO QUATERNARY ROCKS (UNDIFFERENTIATED)
NR6,NR,11535.0,5,51.4,4.2082,47.2,21.8,11.1,14.3,0.0,0.4528,0.1792,0.6289,0.0,0.0853,0.0897,0.0726,0.1641,0.0,4.4,137.0,14.6,676.0,4720.6,128.10001,-14.5757,NEOGENE TO QUATERNARY ROCKS (UNDIFFERENTIATED)
NR7,NR,14481.0,6,58.9,4.1082001,54.8,28.0,11.3,15.5,0.0,0.5455,0.1853,0.6488,0.0,0.1003,0.1048,0.0573,0.1713,0.0,4.5,137.0,14.3,660.0,5483.9,130.7,-10.6091,NEOGENE TO QUATERNARY ROCKS (UNDIFFERENTIATED)
NR8,NR,9397.0,4,49.2,5.3232002,43.8,8.4,11.5,23.9,0.0,0.1344,0.1901,0.7833,0.0,0.1871,0.2031,0.0384,0.0966,0.0,4.4,137.0,16.4,692.0,4382.8,116.4,-23.7372,NEOGENE TO QUATERNARY ROCKS (UNDIFFERENTIATED)
NR9,NR,8095.0,4,49.4,15.8618,33.5,6.7,12.6,14.2,0.0,0.08,0.2138,0.6141,0.0,0.0888,0.1032,0.063,0.1085,0.0,4.5,137.0,16.9,693.0,3352.9,311.89999,-20.5718,none (low-plasticity bedrock)
NW1,NW,24006.0,9,99.7,18.5396,81.2,62.6,7.9,10.8,0.0,1.0,0.0981,0.6245,0.0,0.0,0.0,0.2006,0.3427,0.0,3.7,140.0,14.9,640.0,8120.0,389.0,-3.0639,THAMES GROUP
NW10,NW,36888.0,9,91.4,1.5217,89.9,62.5,8.2,19.2,0.0,1.0,0.1095,0.8141,0.0,0.0615,0.097,0.2354,0.4293,0.0,3.7,140.0,15.5,669.0,8990.9,126.4,-7.8497,THAMES GROUP
NW11,NW,12484.0,9,90.6,0.0,90.6,61.4,10.0,19.3,0.0,0.997,0.1536,0.8064,0.0,0.0734,0.0962,0.221,0.3842,0.0,3.9,140.0,17.8,669.0,9064.5,58.5,-8.7053,THAMES GROUP
NW2,NW,27622.0,10,144.2,57.909801,86.3,62.3,8.8,15.2,0.0,1.0,0.1251,0.7202,0.0,0.0377,0.0469,0.2093,0.3615,0.0,3.8,140.0,15.8,671.0,8629.1,1042.6,-5.698,THAMES GROUP
NW3,NW,23165.0,7,74.0,0.0,74.0,58.4,9.3,6.3,0.0,0.9557,0.1347,0.4779,0.0,0.0,0.0,0.1164,0.2041,0.0,3.8,140.0,17.1,659.0,7402.2,0.0,-2.9608,THAMES GROUP
NW4,NW,12571.0,9,88.4,0.92369998,87.5,61.7,9.8,16.0,0.0,1.0,0.1498,0.7201,0.0,0.0604,0.0742,0.1801,0.2894,0.0,3.9,140.0,16.6,672.0,8750.3,105.6,-6.8118,THAMES GROUP
NW5,NW,12993.0,9,89.2,6.7164001,82.5,62.3,8.8,11.3,0.0,1.0,0.1245,0.6489,0.0,0.0,0.0,0.1985,0.4242,0.0,3.8,140.0,15.7,642.0,8245.5,188.60001,-3.5497,THAMES GROUP
NW6,NW,29401.0,9,90.6,7.7140002,82.9,62.4,8.3,12.2,0.0,1.0,0.1103,0.6683,0.0,0.0,0.0,0.2282,0.3971,0.0,3.7,140.0,15.6,661.0,8287.5,202.3,-3.6935,THAMES GROUP
NW7,NW,10636.0,9,87.9,2.7983,85.1,61.5,11.3,12.3,0.0,1.0,0.1848,0.6261,0.0,0.0386,0.0427,0.1494,0.2374,0.0,4.2,140.0,16.9,682.0,8507.7,132.7,-5.1078,THAMES GROUP
NW8,NW,14115.0,8,76.9,0.0,76.9,62.9,7.9,6.2,0.0,1.0,0.0974,0.4701,0.0,0.0,0.0,0.1183,0.1802,0.0,3.6,140.0,15.5,649.0,7691.2,56.200001,-2.4454,THAMES GROUP
NW9,NW,27864.0,10,142.1,49.125401,92.9,61.7,9.6,21.6,0.0,1.0,0.1449,0.8314,0.0,0.1041,0.1301,0.2038,0.3252,0.0,3.9,140.0,16.0,672.0,9293.9,927.59998,-9.453,THAMES GROUP
OL1,OL,10095.0,2,32.2,0.0,32.2,7.5,18.3,6.5,0.0,0.12,0.3361,0.4611,0.0,0.0154,0.0556,0.0652,0.1492,0.0,3.8,138.0,33.6,1156.0,3223.6,13.4,-17.1979,none (low-plasticity bedrock)
OL10,OL,12463.0,4,46.0,9.2351999,36.8,7.4,19.0,10.3,0.0,0.12,0.3521,0.5545,0.0,0.0516,0.0552,0.0797,0.1554,0.0,3.9,139.0,36.1,1235.0,3677.8,213.0,-17.9305,none (low-plasticity bedrock)
OL11,OL,17545.0,3,39.3,0.91860002,38.4,7.2,21.9,9.2,0.0,0.12,0.4118,0.5187,0.0,0.047,0.0611,0.0618,0.1292,0.0,4.0,139.0,38.4,1317.0,3838.2,58.0,-16.7965,none (low-plasticity bedrock)
OL12,OL,18909.0,5,56.3,1.68,54.6,6.6,36.8,11.2,0.0,0.12,0.6949,0.5789,0.0,0.056,0.0736,0.0893,0.1412,0.0,5.2,139.0,51.2,1348.0,5189.2,75.5,-13.7801,none (low-plasticity bedrock)
OL13,OL,7185.0,5,53.1,0.91820002,52.2,6.7,40.4,5.1,0.0,0.12,0.756,0.3988,0.0,0.0196,0.0251,0.05,0.095,0.0,5.5,140.0,47.4,1403.0,4823.8,59.200001,-12.8746,none (low-plasticity bedrock)
OL14,OL,7263.0,6,61.2,7.1802001,54.0,6.6,39.1,8.2,0.0,0.12,0.7346,0.5073,0.0,0.0347,0.0423,0.0777,0.1462,0.0,5.5,139.0,43.6,1394.0,5050.2,168.5,-12.4334,none (low-plasticity bedrock)
OL15,OL,6616.0,5,54.8,3.1917,51.6,6.7,35.7,9.2,0.0,0.12,0.6747,0.5429,0.0,0.0294,0.0351,0.1128,0.1699,0.0,5.2,138.0,41.9,1355.0,4919.9,112.0,-12.793,none (low-plasticity bedrock)
OL16,OL,16157.0,10,144.6,98.813599,45.8,7.0,23.9,14.9,0.0,0.12,0.452,0.653,0.0,0.0837,0.1213,0.087,0.1509,0.0,4.1,138.0,36.9,1318.0,4579.3,1712.5,-16.4165,none (low-plasticity bedrock)
OL2,OL,18030.0,3,38.9,0.0,38.9,7.2,21.7,10.0,0.0,0.12,0.4061,0.5454,0.0,0.0477,0.0806,0.0692,0.1399,0.0,4.0,138.0,37.3,1259.0,3892.1,17.8,-17.4453,none (low-plasticity bedrock)
OL3,OL,6804.0,5,51.9,0.0,51.9,6.6,36.1,9.2,0.0,0.12,0.6814,0.531,0.0,0.0402,0.0483,0.0838,0.1501,0.0,5.4,138.0,41.3,1352.0,4940.6,24.5,-13.2828,none (low-plasticity bedrock)
OL4,OL,16937.0,5,53.7,16.637501,37.0,7.3,24.6,5.1,0.0,0.12,0.465,0.3899,0.0,0.0178,0.0275,0.044,0.1013,0.0,4.4,138.0,38.5,1266.0,3697.3,324.0,-15.491,none (low-plasticity bedrock)
OL5,OL,5222.0,3,39.8,0.0,39.8,7.2,20.9,11.7,0.0,0.12,0.3908,0.5699,0.0,0.0711,0.1146,0.0459,0.1022,0.0,4.2,134.0,34.9,1304.0,3980.7,8.1,-19.0563,none (low-plasticity bedrock)
OL6,OL,12724.0,3,42.3,11.112,31.2,7.5,16.5,7.1,0.0,0.12,0.2995,0.4891,0.0,0.0136,0.0218,0.0936,0.1942,0.0,3.9,134.0,30.2,1154.0,3119.4,230.8,-16.341,none (low-plasticity bedrock)
OL7,OL,7534.0,2,34.5,0.0,34.5,7.7,14.0,12.7,0.0,0.12,0.2468,0.6417,0.0,0.0434,0.0538,0.1394,0.2727,0.0,3.7,134.0,28.2,1080.0,3448.9,6.2,-17.2061,none (low-plasticity bedrock)
OL8,OL,14656.0,1,31.5,0.0,31.5,7.6,15.6,8.3,0.0,0.12,0.2802,0.5306,0.0,0.0153,0.0255,0.1104,0.2313,0.0,3.7,138.0,31.4,1086.0,3153.9,12.3,-17.0009,none (low-plasticity bedrock)
OL9,OL,16363.0,1,31.4,0.0,31.4,7.6,16.1,7.7,0.0,0.12,0.2915,0.5225,0.0,0.0053,0.0074,0.1155,0.2759,0.0,3.7,138.0,31.5,1076.0,3139.2,0.5,-16.2976,none (low-plasticity bedrock)
OX1,OX,6663.0,9,88.8,10.0905,78.7,41.8,9.5,27.4,0.0,0.7441,0.1436,0.8519,0.0,0.2054,0.2304,0.0701,0.1362,0.0,4.0,137.0,17.4,658.0,7870.3,236.39999,-12.5922,"WEST WALTON FORMATION, AMPTHILL CLAY FORMATION AND KIMMERIDGE CLAY FORMATION (UNDIFFERENTIATED)"
OX10,OX,9689.0,4,47.0,0.0,47.0,20.0,9.8,17.2,0.0,0.4217,0.1497,0.6604,0.0,0.1202,0.16,0.0352,0.083,0.0,4.1,137.0,15.5,693.0,4699.3,0.0,-16.9477,GAULT FORMATION AND UPPER GREENSAND FORMATION (UNDIFFERENTIATED)
OX11,OX,18216.0,4,44.7,1.1705,43.5,21.3,13.2,8.9,0.0,0.4507,0.2276,0.505,0.0,0.0535,0.0754,0.0442,0.0921,0.0,4.5,137.0,14.6,695.0,4348.1,61.099998,-15.2516,GAULT FORMATION AND UPPER GREENSAND FORMATION (UNDIFFERENTIATED)
OX12,OX,12293.0,4,46.0,0.0,46.0,19.8,16.4,9.8,0.0,0.4318,0.2965,0.5192,0.0,0.0577,0.0774,0.0503,0.0846,0.0,4.8,138.0,17.2,722.0,4600.6,4.5,-15.5073,GAULT FORMATION AND UPPER GREENSAND FORMATION (UNDIFFERENTIATED)
OX13,OX,6580.0,8,84.0,18.950399,65.1,32.0,9.9,23.2,0.0,0.6021,0.1515,0.7827,0.0,0.1686,0.1971,0.0638,0.1207,0.0,4.2,138.0,12.9,656.0,6506.7,381.60001,-13.5323,CORALLIAN GROUP
OX14,OX,19052.0,10,108.2,18.1022,90.1,47.6,9.3,33.2,0.0,0.814,0.137,0.933,0.0,0.2528,0.319,0.0593,0.1345,0.0,4.1,137.0,13.8,647.0,9012.3,381.29999,-11.7215,"WEST WALTON FORMATION, AMPTHILL CLAY FORMATION AND KIMMERIDGE CLAY FORMATION (UNDIFFERENTIATED)"
OX15,OX,8269.0,4,48.0,0.0,48.0,26.2,14.3,7.5,0.0,0.5236,0.2509,0.4546,0.0,0.0472,0.0523,0.0372,0.0654,0.0,4.8,134.0,15.3,711.0,4801.6,41.700001,-11.3397,LIAS GROUP
OX16,OX,21742.0,9,96.4,32.263802,64.1,28.3,13.3,22.6,0.0,0.55,0.2305,0.8157,0.0,0.1438,0.1892,0.119,0.2198,0.0,4.6,135.0,17.3,718.0,6409.6,604.5,-15.2961,LIAS GROUP
OX17,OX,7855.0,5,54.5,0.0,54.5,26.4,12.7,15.5,0.0,0.5251,0.2167,0.6505,0.0,0.0965,0.1149,0.0758,0.1233,0.0,4.5,134.0,18.9,721.0,5452.7,5.1,-11.7783,LIAS GROUP
OX18,OX,7118.0,7,66.0,0.29820001,65.7,28.1,13.6,24.0,0.0,0.5476,0.2373,0.7901,0.0,0.1871,0.2056,0.0469,0.0927,0.0,4.4,138.0,19.3,767.0,6570.0,75.199997,-15.6818,KELLAWAYS FORMATION AND OXFORD CLAY FORMATION (UNDIFFERENTIATED)
OX2,OX,15781.0,10,112.9,21.187599,91.7,46.5,9.8,35.4,0.0,0.8001,0.1507,0.959,0.0,0.2779,0.3059,0.0646,0.134,0.0,4.0,137.0,17.5,677.0,9171.3,441.39999,-11.8562,KELLAWAYS FORMATION AND OXFORD CLAY FORMATION (UNDIFFERENTIATED)
OX20,OX,1615.0,5,51.4,13.611,37.7,15.3,12.4,10.1,0.0,0.3256,0.2085,0.5079,0.0,0.0794,0.083,0.0182,0.0344,0.0,4.3,136.0,19.3,725.0,3774.4,278.60001,-18.6487,KELLAWAYS FORMATION AND OXFORD CLAY FORMATION (UNDIFFERENTIATED)
OX25,OX,2588.0,6,64.4,0.0,64.4,28.8,11.7,23.9,0.0,0.5577,0.1947,0.8173,0.0,0.1652,0.1998,0.099,0.1616,0.0,4.3,135.0,18.5,704.0,6441.0,5.5,-15.5982,KELLAWAYS FORMATION AND OXFORD CLAY FORMATION (UNDIFFERENTIATED)
OX26,OX,8881.0,6,60.6,0.0,60.6,31.0,10.1,19.6,0.0,0.5893,0.1562,0.7564,0.0,0.1136,0.1352,0.1271,0.2108,0.0,4.2,136.0,16.5,677.0,6061.8,0.0,-12.0538,KELLAWAYS FORMATION AND OXFORD CLAY FORMATION (UNDIFFERENTIATED)
OX27,OX,1768.0,4,48.9,0.0,48.9,26.6,11.3,11.1,0.0,0.5306,0.1831,0.5592,0.0,0.056,0.0712,0.0786,0.123,0.0,4.3,135.0,17.8,689.0,4893.3,18.0,-11.2975,KELLAWAYS FORMATION AND OXFORD CLAY FORMATION (UNDIFFERENTIATED)
OX28,OX,6974.0,7,64.8,0.78560001,64.0,27.7,11.9,24.4,0.0,0.5423,0.1987,0.819,0.0,0.1701,0.2477,0.0698,0.1518,0.0,4.3,137.0,17.0,712.0,6401.1,77.599998,-16.4697,KELLAWAYS FORMATION AND OXFORD CLAY FORMATION (UNDIFFERENTIATED)
OX29,OX,6139.0,8,76.2,0.0,76.2,37.4,11.0,27.7,0.0,0.6834,0.1791,0.8471,0.0,0.2155,0.2372,0.0544,0.1017,0.0,4.2,137.0,17.3,703.0,7621.5,5.8,-13.877,KELLAWAYS FORMATION AND OXFORD CLAY FORMATION (UNDIFFERENTIATED)
OX3,OX,17091.0,7,71.2,0.0,71.2,39.2,9.8,22.2,0.0,0.7096,0.1493,0.7859,0.0,0.1458,0.1852,0.0946,0.1744,0.0,4.0,137.0,17.5,673.0,7118.1,0.0,-11.2139,KELLAWAYS FORMATION AND OXFORD CLAY FORMATION (UNDIFFERENTIATED)
OX33,OX,2097.0,8,84.6,13.0451,71.6,41.4,9.4,20.8,0.0,0.7374,0.1404,0.7552,0.0,0.138,0.1631,0.0881,0.1548,0.0,4.0,136.0,15.3,661.0,7155.9,285.29999,-9.6726,"WEST WALTON FORMATION, AMPTHILL CLAY FORMATION AND KIMMERIDGE CLAY FORMATION (UNDIFFERENTIATED)"
OX39,OX,2054.0,7,66.5,24.248199,42.3,22.0,13.2,7.1,0.0,0.4605,0.2254,0.4405,0.0,0.0403,0.0528,0.0363,0.0715,0.0,4.4,137.0,17.3,743.0,4225.7,448.0,-14.6119,GAULT FORMATION AND UPPER GREENSAND FORMATION (UNDIFFERENTIATED)
OX4,OX,23813.0,7,71.5,0.0,71.5,34.2,9.4,27.9,0.0,0.6328,0.1408,0.8991,0.0,0.1835,0.2145,0.141,0.2599,0.0,4.1,137.0,15.6,655.0,7153.5,0.0,-13.3736,CORALLIAN GROUP
OX44,OX,1912.0,7,65.3,0.0,65.3,38.6,9.8,16.9,0.0,0.701,0.149,0.6694,0.0,0.1117,0.1288,0.0669,0.1116,0.0,4.2,137.0,13.3,656.0,6527.9,31.200001,-8.143,"WEST WALTON FORMATION, AMPTHILL CLAY FORMATION AND KIMMERIDGE CLAY FORMATION (UNDIFFERENTIATED)"
OX49,OX,1122.0,1,30.3,0.0,30.3,12.6,12.0,5.7,0.0,0.253,0.1972,0.3636,0.0,0.0321,0.0438,0.0169,0.036,0.0,4.3,137.0,18.0,716.0,3025.1,18.200001,-17.141,GAULT FORMATION AND UPPER GREENSAND FORMATION (UNDIFFERENTIATED)
OX5,OX,11050.0,8,76.0,0.0,76.0,36.3,10.6,29.2,0.0,0.6643,0.169,0.8932,0.0,0.2125,0.2558,0.0919,0.1678,0.0,4.2,136.0,16.0,699.0,7604.3,65.5,-13.8179,KELLAWAYS FORMATION AND OXFORD CLAY FORMATION (UNDIFFERENTIATED)
OX7,OX,12079.0,3,41.4,0.0,41.4,19.2,14.4,7.7,0.0,0.414,0.254,0.4561,0.0,0.0512,0.0599,0.0315,0.0539,0.0,4.5,136.0,22.1,766.0,4135.8,11.6,-16.5351,LIAS GROUP
OX9,OX,14262.0,10,103.1,26.59,76.5,48.3,10.5,17.7,0.0,0.8252,0.1671,0.7145,0.0,0.1018,0.1183,0.1133,0.1905,0.0,4.2,137.0,14.4,686.0,7652.3,513.59998,-6.1577,GAULT FORMATION AND UPPER GREENSAND FORMATION (UNDIFFERENTIATED)
PA1,PA,9459.0,4,49.0,0.77270001,48.2,6.0,28.2,12.8,1.2,0.08,0.5373,0.6257,0.8802,0.0545,0.0998,0.1139,0.1679,0.02,3.8,156.0,37.3,1330.0,4769.1,65.0,-13.5909,none (low-plasticity bedrock)
PA10,PA,1617.0,6,59.1,0.0,59.1,5.6,43.4,8.8,1.3,0.08,0.8093,0.5236,0.8802,0.0355,0.0355,0.1001,0.1266,0.02,4.5,160.0,60.4,1757.0,5407.4,33.5,-10.6155,none (low-plasticity bedrock)
PA11,PA,2926.0,6,64.4,0.0,64.4,5.4,46.4,11.3,1.3,0.08,0.8616,0.6012,0.8802,0.0496,0.0555,0.1262,0.1562,0.02,4.8,161.0,64.8,1972.0,5827.0,25.1,-11.0167,none (low-plasticity bedrock)
PA12,PA,1474.0,7,71.8,0.0,71.8,5.4,47.5,17.7,1.3,0.08,0.8808,0.7398,0.8802,0.1063,0.1095,0.1458,0.1741,0.02,5.0,162.0,67.6,1762.0,6511.0,46.8,-13.5978,none (low-plasticity bedrock)
PA13,PA,2893.0,7,68.2,0.0,68.2,5.4,49.8,11.7,1.3,0.08,0.9196,0.6097,0.8802,0.0551,0.0551,0.1246,0.1589,0.02,5.2,164.0,68.0,1937.0,6053.9,30.5,-10.8604,none (low-plasticity bedrock)
PA14,PA,5829.0,9,89.2,0.0,89.2,5.5,41.7,40.7,1.3,0.085,0.7844,1.0,0.8802,0.3443,0.3482,0.0642,0.0848,0.02,4.7,163.0,56.9,1699.0,8483.4,12.5,-18.1978,none (low-plasticity bedrock)
PA15,PA,10437.0,9,92.2,2.1401999,90.0,5.6,47.7,35.4,1.3,0.1016,0.8857,0.991,0.8802,0.2935,0.306,0.0923,0.1238,0.02,5.2,165.0,58.4,1782.0,8326.8,112.3,-17.5477,none (low-plasticity bedrock)
PA16,PA,10162.0,7,72.8,0.0,72.8,5.6,50.3,15.6,1.3,0.0912,0.9271,0.6946,0.8802,0.0994,0.1028,0.1182,0.1452,0.02,5.3,167.0,66.8,1977.0,6491.1,38.099998,-12.6545,none (low-plasticity bedrock)
PA17,PA,913.0,8,75.5,8.2761002,67.2,5.5,47.7,12.8,1.3,0.08,0.8831,0.5607,0.8802,0.1023,0.1031,0.0182,0.0233,0.02,5.5,168.0,49.2,1998.0,6047.4,214.10001,-13.0266,none (low-plasticity bedrock)
PA18,PA,792.0,7,74.2,0.0,74.2,5.4,51.1,16.4,1.3,0.08,0.9407,0.6572,0.8802,0.136,0.136,0.0323,0.042,0.02,5.4,169.0,67.2,2023.0,6594.7,52.599998,-13.3712,none (low-plasticity bedrock)
PA19,PA,3640.0,10,108.7,30.7078,78.0,5.9,46.9,23.9,1.3,0.1085,0.8709,0.7866,0.8802,0.2048,0.207,0.0295,0.0413,0.02,5.1,168.0,70.4,2079.0,7161.3,613.09998,-16.5608,none (low-plasticity bedrock)
PA2,PA,13187.0,6,58.9,2.2844,56.6,5.8,37.3,12.3,1.3,0.08,0.703,0.6223,0.8802,0.0552,0.0598,0.1312,0.1684,0.02,4.3,157.0,47.7,1414.0,5371.3,94.0,-11.9726,none (low-plasticity bedrock)
PA20,PA,3574.0,7,74.0,0.0,74.0,5.4,47.0,20.3,1.3,0.0813,0.8727,0.7334,0.8802,0.1686,0.1716,0.0403,0.0527,0.02,5.3,170.0,43.5,2156.0,6754.0,17.8,-15.2164,none (low-plasticity bedrock)
PA21,PA,583.0,7,72.8,0.0,72.8,5.5,44.2,21.9,1.3,0.08,0.824,0.7706,0.8802,0.1739,0.1753,0.0637,0.0853,0.02,5.1,174.0,71.1,2110.0,6745.3,55.400002,-16.0011,none (low-plasticity bedrock)
PA22,PA,187.0,7,70.7,4.0762,66.7,5.5,44.2,15.6,1.3,0.08,0.825,0.6778,0.8802,0.1036,0.1064,0.0958,0.1299,0.02,5.0,174.0,87.8,2270.0,6123.3,137.8,-13.1489,none (low-plasticity bedrock)
PA23,PA,5609.0,7,74.3,1.2593,73.0,5.3,49.4,17.0,1.3,0.0802,0.9127,0.7025,0.8802,0.1252,0.1284,0.0824,0.1082,0.02,5.2,171.0,90.7,2407.0,6552.1,85.900002,-13.7157,none (low-plasticity bedrock)
PA24,PA,187.0,7,70.3,0.0,70.3,5.4,47.8,15.9,1.3,0.08,0.8858,0.6973,0.8802,0.1037,0.1052,0.1121,0.1475,0.02,5.0,167.0,101.3,2892.0,6355.0,2.9,-13.1735,none (low-plasticity bedrock)
PA25,PA,33.0,7,67.5,0.0,67.5,5.6,43.9,16.7,1.3,0.08,0.8198,0.6783,0.8802,0.1263,0.1263,0.0637,0.0811,0.02,4.5,168.0,100.8,2808.0,6215.9,26.9,-13.8504,none (low-plasticity bedrock)
PA26,PA,99.0,7,70.2,0.0,70.2,5.4,50.8,12.7,1.3,0.08,0.936,0.6417,0.8802,0.0625,0.0645,0.1342,0.1746,0.02,5.3,165.0,98.5,3195.0,6210.6,38.200001,-10.9877,none (low-plasticity bedrock)
PA27,PA,286.0,7,70.5,1.4624,69.1,5.5,46.3,16.0,1.3,0.08,0.8607,0.6848,0.8802,0.1105,0.1135,0.0914,0.1196,0.02,4.8,170.0,105.6,2694.0,6283.0,80.5,-13.2942,none (low-plasticity bedrock)
PA28,PA,3124.0,7,67.7,1.5999,66.1,5.6,43.4,15.8,1.3,0.0865,0.81,0.6617,0.8802,0.1149,0.1175,0.0661,0.092,0.02,5.3,164.0,49.3,1700.0,6097.6,94.699997,-13.3828,none (low-plasticity bedrock)
PA29,PA,968.0,7,72.9,0.0,72.9,5.4,50.7,15.5,1.3,0.08,0.9345,0.6684,0.8802,0.1126,0.1141,0.0755,0.1022,0.02,5.5,171.0,58.7,1659.0,6478.6,36.599998,-12.8654,none (low-plasticity bedrock)
PA3,PA,11922.0,7,66.9,0.0,66.9,5.9,26.4,33.3,1.3,0.08,0.502,0.964,0.8802,0.2641,0.3158,0.0881,0.1394,0.02,3.7,157.0,35.7,1325.0,6661.4,6.5,-21.0084,none (low-plasticity bedrock)
PA30,PA,517.0,8,84.5,8.8922005,75.7,5.3,51.6,17.4,1.3,0.08,0.9496,0.7038,0.8802,0.1354,0.1354,0.0692,0.0892,0.02,5.6,174.0,75.8,2063.0,6716.7,226.2,-13.8054,none (low-plasticity bedrock)
PA31,PA,2937.0,8,77.5,0.0,77.5,5.4,47.1,23.8,1.3,0.08,0.8736,0.8121,0.8802,0.1919,0.1952,0.0739,0.0906,0.02,5.1,173.0,74.2,1992.0,7090.8,72.699997,-16.8912,none (low-plasticity bedrock)
PA32,PA,748.0,7,70.4,0.0,70.4,5.4,47.8,16.0,1.3,0.08,0.8867,0.6963,0.8802,0.1052,0.1067,0.1106,0.1381,0.02,5.0,169.0,98.7,2704.0,6363.6,20.6,-13.1997,none (low-plasticity bedrock)
PA33,PA,484.0,8,75.3,0.0,75.3,5.3,50.3,18.4,1.3,0.08,0.9283,0.7808,0.8802,0.0961,0.099,0.1999,0.2313,0.02,5.3,168.0,106.5,2740.0,6738.2,76.0,-13.6166,none (low-plasticity bedrock)
PA34,PA,5609.0,9,85.6,2.8266001,82.8,5.3,49.5,26.8,1.3,0.0817,0.9137,0.8555,0.8802,0.2262,0.2281,0.062,0.0753,0.02,5.2,171.0,82.6,2191.0,7526.3,124.1,-17.5768,none (low-plasticity bedrock)
PA35,PA,517.0,7,72.3,0.0,72.3,5.3,48.4,17.3,1.3,0.0801,0.8961,0.7428,0.8802,0.0955,0.0983,0.1659,0.1975,0.02,5.1,167.0,95.7,2526.0,6525.0,51.099998,-13.218,none (low-plasticity bedrock)
PA36,PA,88.0,7,66.4,0.0,66.4,5.5,46.2,13.5,1.3,0.08,0.8584,0.6764,0.8802,0.0546,0.0589,0.1727,0.2188,0.02,4.8,164.0,95.3,3077.0,6022.0,27.8,-11.5844,none (low-plasticity bedrock)
PA37,PA,1265.0,8,78.1,0.0,78.1,5.5,42.1,29.3,1.3,0.0805,0.7897,0.9025,0.8802,0.2435,0.2458,0.081,0.1022,0.02,4.5,166.0,69.2,2391.0,7354.8,39.200001,-18.5852,none (low-plasticity bedrock)
PA38,PA,385.0,7,71.5,0.48890001,71.0,5.4,48.3,16.1,1.3,0.08,0.8938,0.6767,0.8802,0.118,0.1183,0.075,0.0966,0.02,5.0,169.0,98.8,2633.0,6404.7,76.699997,-13.2074,none (low-plasticity bedrock)
PA4,PA,8227.0,9,97.4,22.733299,74.7,6.0,23.9,43.5,1.2,0.08,0.4538,1.0,0.8802,0.3391,0.4066,0.0773,0.1264,0.02,3.6,157.0,34.3,1336.0,7462.3,469.29999,-20.4027,none (low-plasticity bedrock)
PA41,PA,55.0,8,82.3,0.0,82.3,5.3,47.8,27.9,1.3,0.08,0.8855,0.8451,0.8802,0.255,0.2569,0.0062,0.008,0.02,7.1,169.0,29.8,1566.0,7541.0,67.199997,-18.8659,none (low-plasticity bedrock)
PA42,PA,803.0,8,77.8,1.3302,76.4,5.3,49.6,20.3,1.3,0.0801,0.9158,0.7566,0.8802,0.1522,0.1555,0.0856,0.1096,0.02,6.1,167.0,47.9,1583.0,6885.1,91.099998,-14.7424,none (low-plasticity bedrock)
PA43,PA,550.0,8,79.8,0.0,79.8,6.1,50.5,22.0,1.3,0.116,0.9316,0.7836,0.8802,0.1715,0.1772,0.0774,0.1023,0.02,6.1,166.0,48.1,1562.0,7182.1,6.9,-15.2454,none (low-plasticity bedrock)
PA44,PA,242.0,8,83.3,2.9484,80.3,5.7,50.1,23.2,1.3,0.1006,0.9241,0.8147,0.8802,0.1826,0.1878,0.0888,0.1148,0.02,6.3,166.0,46.2,1468.0,7252.2,141.5,-16.2333,none (low-plasticity bedrock)
PA45,PA,77.0,7,73.1,4.0345998,69.1,5.4,50.2,12.2,1.3,0.08,0.9256,0.6155,0.8802,0.0655,0.0659,0.1132,0.1406,0.02,5.9,167.0,52.2,1609.0,6127.2,129.0,-11.2111,none (low-plasticity bedrock)
PA46,PA,187.0,8,79.1,0.0,79.1,5.3,53.1,19.5,1.3,0.08,0.9735,0.7402,0.8802,0.1514,0.1514,0.074,0.0958,0.02,6.8,167.0,60.9,1691.0,6993.1,94.5,-14.3677,none (low-plasticity bedrock)
PA47,PA,165.0,8,76.4,0.0,76.4,5.3,49.9,19.9,1.3,0.08,0.9213,0.7307,0.8802,0.1647,0.1656,0.0444,0.0602,0.02,7.7,165.0,41.4,1543.0,6870.8,14.1,-14.7584,none (low-plasticity bedrock)
PA48,PA,187.0,8,77.9,4.0500002,73.9,5.6,49.9,17.2,1.3,0.0891,0.9207,0.6975,0.8802,0.1315,0.1321,0.0696,0.0918,0.02,6.8,166.0,43.8,1539.0,6617.7,132.5,-13.6885,none (low-plasticity bedrock)
PA49,PA,88.0,8,79.2,0.0,79.2,6.1,49.5,22.3,1.3,0.118,0.9149,0.8043,0.8802,0.1663,0.1777,0.1034,0.1287,0.02,6.8,165.0,45.5,1487.0,7159.1,70.0,-15.6418,none (low-plasticity bedrock)
PA5,PA,8304.0,6,62.0,9.5018997,52.5,5.8,35.8,9.6,1.3,0.08,0.6757,0.5509,0.8802,0.0349,0.0372,0.1154,0.1525,0.02,4.0,158.0,47.4,1473.0,5008.7,215.2,-11.5789,none (low-plasticity bedrock)
PA6,PA,2145.0,5,55.3,0.0,55.3,5.9,32.2,16.0,1.3,0.08,0.6113,0.6733,0.8802,0.102,0.1171,0.0911,0.119,0.02,3.9,159.0,47.4,1506.0,5386.6,7.9,-14.2543,none (low-plasticity bedrock)
PA60,PA,242.0,10,103.7,24.065701,79.7,5.3,53.9,19.2,1.3,0.08,0.9875,0.7416,0.8802,0.1444,0.1453,0.0864,0.1082,0.02,6.7,170.0,54.9,1827.0,7016.0,480.79999,-14.0085,none (low-plasticity bedrock)
PA61,PA,88.0,8,82.5,0.0,82.5,6.1,50.0,25.2,1.3,0.1189,0.9224,0.8155,0.8802,0.2178,0.219,0.0362,0.0476,0.02,7.3,167.0,37.0,1726.0,7473.7,66.900002,-17.008,none (low-plasticity bedrock)
PA62,PA,11.0,8,80.6,0.0,80.6,5.6,54.6,19.1,1.3,0.0929,1.0,0.743,0.8802,0.14,0.1419,0.0954,0.1144,0.02,6.3,167.0,108.4,3228.0,7072.4,18.6,-13.6734,LIAS GROUP
PA63,PA,11.0,9,94.3,5.3070998,89.0,6.4,54.6,26.8,1.3,0.1324,1.0,0.8495,0.8802,0.2299,0.2306,0.05,0.0639,0.02,5.8,169.0,101.8,2931.0,7925.4,175.89999,-16.5591,LIAS GROUP
PA64,PA,44.0,9,88.7,2.5251,86.2,7.7,53.7,23.6,1.3,0.1753,0.9845,0.8046,0.8802,0.1946,0.1993,0.0615,0.0783,0.02,5.7,170.0,89.9,2646.0,7680.8,137.60001,-15.3137,LIAS GROUP
PA65,PA,88.0,8,77.8,0.0,77.8,5.4,54.7,16.5,1.3,0.0857,1.0,0.6968,0.8802,0.12,0.122,0.0865,0.1132,0.02,6.2,168.0,108.2,2771.0,6795.4,29.5,-12.9497,LIAS GROUP
PA66,PA,99.0,9,86.2,0.861,85.3,5.2,50.7,28.1,1.3,0.08,0.9349,0.8594,0.8802,0.2473,0.2482,0.0321,0.0425,0.02,7.3,166.0,38.7,2544.0,7724.8,102.9,-17.846,none (low-plasticity bedrock)
PA67,PA,165.0,8,83.5,0.0,83.5,5.2,52.8,24.2,1.3,0.08,0.9705,0.8186,0.8802,0.2013,0.2021,0.0649,0.0847,0.02,6.5,167.0,49.7,2562.0,7450.1,49.900002,-16.5907,none (low-plasticity bedrock)
PA68,PA,33.0,8,80.3,0.0,80.3,5.7,54.6,18.7,1.3,0.0985,1.0,0.7112,0.8802,0.1572,0.1584,0.0402,0.0544,0.02,7.1,166.0,75.5,2366.0,7049.8,54.0,-13.9678,UPPER CRETACEOUS TO PALAEOGENE ROCKS (UNDIFFERENTIATED)
PA69,PA,44.0,8,78.9,0.0,78.9,5.3,54.6,17.7,1.3,0.08,1.0,0.7231,0.8802,0.1293,0.133,0.0919,0.1223,0.02,6.5,166.0,85.2,2594.0,6905.8,73.0,-13.3296,none (low-plasticity bedrock)
PA7,PA,3069.0,6,57.4,2.2959001,55.1,5.9,28.5,19.4,1.3,0.08,0.5431,0.7426,0.8802,0.1344,0.139,0.0993,0.134,0.02,3.9,159.0,43.8,1528.0,5448.2,93.699997,-17.3149,none (low-plasticity bedrock)
PA70,PA,66.0,8,77.1,0.0,77.1,5.5,54.6,15.7,1.3,0.0881,0.9984,0.6848,0.8802,0.1094,0.1105,0.0939,0.1229,0.02,5.8,167.0,98.5,2605.0,6723.6,27.5,-12.4211,LIAS GROUP
PA71,PA,44.0,8,79.6,0.0,79.6,5.2,54.6,18.5,1.3,0.08,1.0,0.7522,0.8802,0.1197,0.1212,0.1364,0.1603,0.02,6.5,166.0,81.7,2537.0,6979.1,48.599998,-13.2956,none (low-plasticity bedrock)
PA72,PA,231.0,8,84.2,1.8271,82.4,5.2,54.6,21.3,1.3,0.08,1.0,0.7971,0.8802,0.1547,0.1569,0.1169,0.153,0.02,5.8,166.0,76.3,2449.0,7256.4,103.5,-14.8569,none (low-plasticity bedrock)
PA73,PA,66.0,9,86.2,0.0,86.2,5.2,54.6,25.2,1.3,0.08,1.0,0.8205,0.8802,0.2194,0.2201,0.038,0.0525,0.02,7.0,166.0,67.4,2219.0,7642.1,62.200001,-16.8752,none (low-plasticity bedrock)
PA74,PA,11.0,8,78.6,1.4018,77.2,5.3,54.7,16.0,1.3,0.08,1.0,0.6863,0.8802,0.1152,0.1152,0.0849,0.1181,0.02,6.8,166.0,72.9,2056.0,6734.9,99.599998,-12.6988,none (low-plasticity bedrock)
PA75,PA,770.0,8,80.4,2.9252,77.5,5.3,51.2,19.7,1.3,0.08,0.9432,0.7478,0.8802,0.1475,0.1491,0.0856,0.1117,0.02,5.4,167.0,65.8,2077.0,6918.2,129.89999,-14.3782,none (low-plasticity bedrock)
PA76,PA,77.0,9,85.2,0.0,85.2,5.4,51.0,27.6,1.3,0.0895,0.9391,0.8433,0.8802,0.2499,0.2508,0.0124,0.0173,0.02,7.8,166.0,40.0,2320.0,7704.1,63.3,-18.1662,none (low-plasticity bedrock)
PA77,PA,451.0,8,81.8,0.0,81.8,5.3,50.3,25.0,1.3,0.08,0.9269,0.8141,0.8802,0.2161,0.2172,0.0377,0.0494,0.02,7.3,165.0,36.3,2110.0,7391.2,47.3,-17.1324,none (low-plasticity bedrock)
PA78,PA,55.0,9,85.1,0.0,85.1,5.2,54.6,24.1,1.3,0.08,0.9999,0.8067,0.8802,0.2039,0.2052,0.0496,0.0657,0.02,7.2,171.0,58.7,2081.0,7530.2,69.400002,-16.2441,none (low-plasticity bedrock)
PA8,PA,3124.0,6,56.7,0.0,56.7,6.0,26.1,23.4,1.3,0.08,0.4968,0.8257,0.8802,0.1632,0.1802,0.1229,0.1662,0.02,3.9,157.0,39.1,1417.0,5649.6,1.0,-19.876,none (low-plasticity bedrock)
PA80,PA,528.0,7,72.9,6.4797001,66.4,5.6,44.7,14.8,1.3,0.0899,0.8334,0.6707,0.8802,0.0901,0.0926,0.112,0.1488,0.02,4.9,170.0,85.8,2546.0,6087.6,177.2,-12.6073,UPPER CRETACEOUS TO PALAEOGENE ROCKS (UNDIFFERENTIATED)
PA9,PA,836.0,6,64.1,0.0,64.1,5.6,40.7,16.5,1.3,0.08,0.7647,0.7118,0.8802,0.0977,0.0982,0.139,0.1581,0.02,4.3,160.0,54.6,1655.0,6002.8,69.900002,-13.5077,none (low-plasticity bedrock)
PE1,PE,20911.0,7,66.1,0.0,66.1,43.0,8.2,14.9,0.0,0.7612,0.1072,0.6808,0.0,0.0629,0.0846,0.12,0.3065,0.0,4.4,130.0,12.8,589.0,6613.7,5.0,-5.3499,KELLAWAYS FORMATION AND OXFORD CLAY FORMATION (UNDIFFERENTIATED)
PE10,PE,10811.0,8,81.6,0.0,81.6,43.9,9.3,28.4,0.0,0.7729,0.138,0.8843,0.0,0.2022,0.239,0.0975,0.1918,0.0,4.6,130.0,12.3,607.0,8155.1,44.5,-12.1407,KELLAWAYS FORMATION AND OXFORD CLAY FORMATION (UNDIFFERENTIATED)
PE11,PE,19375.0,8,85.1,0.0,85.1,54.1,8.8,22.2,0.0,0.9,0.1247,0.7911,0.0,0.146,0.193,0.0833,0.2142,0.0,4.5,130.0,13.2,596.0,8506.9,0.0,-9.3923,KELLAWAYS FORMATION AND OXFORD CLAY FORMATION (UNDIFFERENTIATED)
PE12,PE,18701.0,10,111.5,21.8783,89.6,54.0,9.9,25.7,0.0,0.9,0.1534,0.8347,0.0,0.1872,0.2236,0.067,0.1776,0.0,4.7,130.0,13.0,612.0,8961.8,438.20001,-10.9016,"WEST WALTON FORMATION, AMPTHILL CLAY FORMATION AND KIMMERIDGE CLAY FORMATION (UNDIFFERENTIATED)"
PE13,PE,15927.0,9,92.2,9.4,82.8,54.0,9.1,19.6,0.0,0.9,0.1323,0.749,0.0,0.118,0.152,0.098,0.2213,0.0,4.5,130.0,12.1,593.0,8277.7,230.10001,-7.8064,"WEST WALTON FORMATION, AMPTHILL CLAY FORMATION AND KIMMERIDGE CLAY FORMATION (UNDIFFERENTIATED)"
PE14,PE,9992.0,8,79.6,2.4814999,77.1,54.1,9.2,13.9,0.0,0.9,0.1323,0.6341,0.0,0.0648,0.1241,0.0814,0.1982,0.0,4.5,131.0,12.6,591.0,7709.0,107.6,-4.7321,"WEST WALTON FORMATION, AMPTHILL CLAY FORMATION AND KIMMERIDGE CLAY FORMATION (UNDIFFERENTIATED)"
PE15,PE,13467.0,10,154.1,69.250801,84.8,54.0,9.0,21.8,0.0,0.9,0.1296,0.8315,0.0,0.0994,0.1979,0.1784,0.3126,0.0,4.5,131.0,12.1,577.0,8481.6,1242.7,-9.0396,"WEST WALTON FORMATION, AMPTHILL CLAY FORMATION AND KIMMERIDGE CLAY FORMATION (UNDIFFERENTIATED)"
PE16,PE,4792.0,8,75.4,0.0,75.4,54.1,9.2,12.2,0.0,0.9,0.1327,0.6152,0.0,0.0421,0.0716,0.1116,0.2518,0.0,4.5,132.0,12.2,578.0,7541.4,17.5,-3.8301,"WEST WALTON FORMATION, AMPTHILL CLAY FORMATION AND KIMMERIDGE CLAY FORMATION (UNDIFFERENTIATED)"
PE19,PE,19727.0,10,100.9,19.0618,81.8,54.0,10.1,17.6,0.0,0.9,0.1566,0.7093,0.0,0.1028,0.129,0.1005,0.1883,0.0,4.5,134.0,11.8,589.0,8179.5,415.39999,-6.37,KELLAWAYS FORMATION AND OXFORD CLAY FORMATION (UNDIFFERENTIATED)
PE2,PE,22463.0,10,112.2,28.048,84.2,44.5,8.0,31.7,0.0,0.7798,0.1052,0.9541,0.0,0.2001,0.2337,0.1707,0.3024,0.0,4.3,131.0,11.7,592.0,8417.2,550.29999,-10.5823,KELLAWAYS FORMATION AND OXFORD CLAY FORMATION (UNDIFFERENTIATED)
PE20,PE,6675.0,9,96.3,0.0,96.3,54.0,9.4,32.9,0.0,0.9,0.1405,0.9472,0.0,0.236,0.3191,0.0867,0.2008,0.0,4.6,129.0,12.7,594.0,9632.3,4.3,-11.3213,"WEST WALTON FORMATION, AMPTHILL CLAY FORMATION AND KIMMERIDGE CLAY FORMATION (UNDIFFERENTIATED)"
PE21,PE,19314.0,9,94.8,9.3221998,85.5,54.0,9.5,22.0,0.0,0.9,0.1421,0.7931,0.0,0.1319,0.2316,0.0814,0.2338,0.0,4.6,130.0,14.0,625.0,8547.8,262.60001,-9.1504,"WEST WALTON FORMATION, AMPTHILL CLAY FORMATION AND KIMMERIDGE CLAY FORMATION (UNDIFFERENTIATED)"
PE22,PE,7573.0,9,99.4,0.0,99.4,53.8,11.4,34.3,0.0,0.9,0.1874,0.9573,0.0,0.26,0.3147,0.0754,0.1686,0.0,4.8,130.0,13.7,625.0,9943.3,5.7,-11.6768,"WEST WALTON FORMATION, AMPTHILL CLAY FORMATION AND KIMMERIDGE CLAY FORMATION (UNDIFFERENTIATED)"
PE23,PE,3905.0,7,69.4,0.49470001,68.9,42.9,12.2,13.8,0.0,0.7597,0.2045,0.6322,0.0,0.066,0.1101,0.098,0.1605,0.0,4.8,130.0,15.2,683.0,6890.0,63.3,-5.0839,"WEST WALTON FORMATION, AMPTHILL CLAY FORMATION AND KIMMERIDGE CLAY FORMATION (UNDIFFERENTIATED)"
PE24,PE,5862.0,7,70.5,0.0,70.5,27.2,12.2,31.1,0.0,0.5361,0.2076,0.9133,0.0,0.2343,0.3176,0.0536,0.1584,0.0,4.8,130.0,12.8,659.0,7054.4,51.400002,-17.7871,WEALDEN GROUP
PE25,PE,10608.0,5,53.9,5.8513999,48.1,6.9,13.5,27.6,0.0,0.0975,0.2358,0.853,0.0,0.2045,0.3168,0.0317,0.1163,0.0,4.9,131.0,12.7,656.0,4806.0,145.2,-25.9217,LOWER GREENSAND GROUP
PE26,PE,2865.0,8,82.3,0.0,82.3,54.1,8.8,19.4,0.0,0.9,0.1242,0.7821,0.0,0.0928,0.1413,0.1614,0.2976,0.0,4.5,131.0,10.7,581.0,8225.9,53.3,-8.0187,KELLAWAYS FORMATION AND OXFORD CLAY FORMATION (UNDIFFERENTIATED)
PE27,PE,4768.0,10,121.4,0.0,121.4,53.9,9.9,57.6,0.0,0.9,0.153,1.0,0.0,0.4267,0.5029,0.1263,0.246,0.0,4.5,134.0,10.9,563.0,12140.1,103.8,-12.2869,"WEST WALTON FORMATION, AMPTHILL CLAY FORMATION AND KIMMERIDGE CLAY FORMATION (UNDIFFERENTIATED)"
PE28,PE,11397.0,10,104.5,22.706301,81.8,54.1,9.7,18.1,0.0,0.9,0.1462,0.7352,0.0,0.0938,0.139,0.128,0.2243,0.0,4.5,133.0,12.9,588.0,8184.0,480.10001,-7.0078,KELLAWAYS FORMATION AND OXFORD CLAY FORMATION (UNDIFFERENTIATED)
PE29,PE,7540.0,9,97.4,4.5493002,92.8,53.9,9.9,29.0,0.0,0.9,0.1538,0.9144,0.0,0.1939,0.2379,0.138,0.2447,0.0,4.5,134.0,11.1,574.0,9283.1,168.5,-10.7319,KELLAWAYS FORMATION AND OXFORD CLAY FORMATION (UNDIFFERENTIATED)
PE3,PE,12450.0,7,69.9,30.8365,39.1,15.7,7.9,15.4,0.0,0.3134,0.0995,0.6689,0.0,0.0797,0.112,0.0901,0.2285,0.0,4.3,130.0,12.2,593.0,3906.4,554.20001,-15.7354,INFERIOR OOLITE GROUP
PE30,PE,19650.0,10,159.1,68.935501,90.2,50.7,11.6,27.9,0.0,0.8596,0.1919,0.8779,0.0,0.1916,0.3012,0.0724,0.1894,0.0,4.7,133.0,13.8,649.0,9021.0,1236.0,-11.2959,"WEST WALTON FORMATION, AMPTHILL CLAY FORMATION AND KIMMERIDGE CLAY FORMATION (UNDIFFERENTIATED)"
PE31,PE,9600.0,4,45.1,0.0,45.1,10.8,15.9,18.4,0.0,0.2205,0.2882,0.6728,0.0,0.1404,0.1631,0.0217,0.0572,0.0,5.2,133.0,16.0,700.0,4508.2,40.200001,-18.8026,WEALDEN GROUP
PE32,PE,7046.0,1,31.2,0.0,31.2,11.9,11.1,8.2,0.0,0.2353,0.1793,0.4869,0.0,0.046,0.0663,0.0472,0.0922,0.0,4.4,134.0,18.3,730.0,3118.0,10.9,-17.8239,WEALDEN GROUP
PE33,PE,6738.0,5,54.4,5.3098998,49.1,21.8,10.0,17.2,0.0,0.4509,0.1548,0.6976,0.0,0.0957,0.1501,0.0926,0.172,0.0,4.5,134.0,14.2,654.0,4907.4,140.10001,-15.5527,WEALDEN GROUP
PE34,PE,6085.0,9,97.4,5.0755,92.3,53.0,10.3,29.0,0.0,0.889,0.1631,0.8752,0.0,0.2256,0.2337,0.0605,0.1557,0.0,4.6,132.0,13.1,622.0,9232.4,180.10001,-11.6334,"WEST WALTON FORMATION, AMPTHILL CLAY FORMATION AND KIMMERIDGE CLAY FORMATION (UNDIFFERENTIATED)"
PE35,PE,140.0,3,38.2,0.0,38.2,23.1,9.8,5.3,0.0,0.4671,0.1452,0.3531,0.0,0.0223,0.0447,0.0201,0.0556,0.0,4.4,133.0,15.2,676.0,3815.8,0.0,-12.108,LOWER GREENSAND GROUP
PE36,PE,3037.0,6,57.6,14.7903,42.8,6.5,19.6,16.8,0.0,0.0911,0.3643,0.6339,0.0,0.1302,0.1505,0.0116,0.0363,0.0,6.0,132.0,13.4,686.0,4282.7,284.5,-20.2271,LOWER GREENSAND GROUP
PE37,PE,5624.0,1,25.6,3.1017001,22.5,7.0,10.6,4.8,0.0,0.08,0.1649,0.336,0.0,0.0208,0.0268,0.023,0.0556,0.0,4.4,135.0,16.9,709.0,2246.8,71.900002,-20.9068,none (low-plasticity bedrock)
PE38,PE,7382.0,7,74.5,0.0,74.5,49.1,9.5,15.9,0.0,0.8362,0.141,0.7075,0.0,0.0634,0.1075,0.1474,0.2737,0.0,4.4,133.0,12.8,598.0,7453.4,32.0,-5.0028,"WEST WALTON FORMATION, AMPTHILL CLAY FORMATION AND KIMMERIDGE CLAY FORMATION (UNDIFFERENTIATED)"
PE4,PE,12451.0,7,66.9,0.0,66.9,47.6,8.1,11.2,0.0,0.8243,0.1042,0.5848,0.0,0.0343,0.1111,0.0891,0.2042,0.0,4.3,130.0,12.4,590.0,6686.8,7.3,-4.5818,KELLAWAYS FORMATION AND OXFORD CLAY FORMATION (UNDIFFERENTIATED)
PE5,PE,518.0,4,49.1,0.0,49.1,17.9,8.6,22.5,0.0,0.3672,0.1201,0.7612,0.0,0.1608,0.2132,0.0459,0.1059,0.0,4.4,130.0,11.0,595.0,4908.7,6.1,-19.5256,INFERIOR OOLITE GROUP
PE6,PE,16940.0,8,82.1,3.5253,78.6,50.2,8.7,19.7,0.0,0.85,0.1216,0.7392,0.0,0.1213,0.1589,0.0845,0.1986,0.0,4.5,130.0,11.4,584.0,7855.3,137.10001,-7.3469,KELLAWAYS FORMATION AND OXFORD CLAY FORMATION (UNDIFFERENTIATED)
PE7,PE,20612.0,8,82.4,0.0,82.4,53.3,9.0,20.1,0.0,0.8901,0.1294,0.7954,0.0,0.0979,0.1335,0.1724,0.303,0.0,4.5,131.0,12.2,593.0,8236.3,58.5,-8.301,KELLAWAYS FORMATION AND OXFORD CLAY FORMATION (UNDIFFERENTIATED)
PE8,PE,7791.0,5,55.2,0.0,55.2,29.8,9.2,16.2,0.0,0.5734,0.1333,0.6544,0.0,0.1085,0.1218,0.0597,0.1126,0.0,4.5,131.0,12.3,619.0,5523.3,29.8,-10.5567,KELLAWAYS FORMATION AND OXFORD CLAY FORMATION (UNDIFFERENTIATED)
PE9,PE,14942.0,4,45.4,0.0,45.4,21.8,10.3,13.2,0.0,0.4505,0.1616,0.5822,0.0,0.0831,0.1106,0.044,0.0888,0.0,4.6,130.0,13.7,633.0,4535.6,17.700001,-15.2451,INFERIOR OOLITE GROUP
PH1,PH,16981.0,3,38.8,0.0,38.8,7.3,17.7,12.7,1.2,0.115,0.3243,0.5917,0.8802,0.0749,0.0936,0.0728,0.099,0.02,4.4,140.0,32.9,1107.0,3880.3,16.0,-16.9524,none (low-plasticity bedrock)
PH10,PH,5950.0,3,42.5,2.3699,40.1,6.2,24.8,7.9,1.2,0.0841,0.4705,0.4874,0.8802,0.0308,0.0334,0.0834,0.1153,0.02,4.7,141.0,50.3,1458.0,4003.2,80.099998,-13.342,none (low-plasticity bedrock)
PH11,PH,2255.0,2,34.5,3.175,31.3,6.9,15.0,8.3,1.1,0.0912,0.2674,0.4874,0.8802,0.0473,0.0507,0.0592,0.0766,0.02,4.1,137.0,38.2,1180.0,3130.0,78.400002,-17.7164,none (low-plasticity bedrock)
PH12,PH,1100.0,2,35.8,0.0,35.8,8.1,6.9,20.2,0.8,0.1133,0.0712,0.7179,0.8802,0.1382,0.1515,0.0691,0.0971,0.02,3.5,133.0,22.8,904.0,3584.2,0.0,-20.6698,none (low-plasticity bedrock)
PH13,PH,2211.0,2,35.6,0.0,35.6,8.2,6.7,20.0,0.7,0.1159,0.0671,0.7107,0.8802,0.1381,0.153,0.0632,0.0882,0.02,3.5,133.0,21.3,888.0,3564.7,0.0,-20.4587,none (low-plasticity bedrock)
PH14,PH,847.0,3,39.1,0.0,39.1,7.0,10.1,21.1,1.0,0.0843,0.1563,0.745,0.8802,0.1536,0.1718,0.0653,0.0939,0.02,4.4,132.0,18.7,813.0,3914.5,5.1,-23.016,none (low-plasticity bedrock)
PH15,PH,2464.0,9,91.6,22.4828,69.1,5.4,49.3,13.2,1.3,0.08,0.9102,0.6478,0.8802,0.0689,0.0704,0.1304,0.1633,0.02,5.9,159.0,73.1,1841.0,6168.0,446.89999,-11.3573,none (low-plasticity bedrock)
PH16,PH,2937.0,4,44.6,6.4116998,38.2,6.4,18.3,12.4,1.2,0.08,0.3369,0.6068,0.8802,0.0582,0.062,0.1167,0.147,0.02,3.9,151.0,31.8,1185.0,3822.6,147.5,-16.2519,none (low-plasticity bedrock)
PH17,PH,165.0,7,66.6,0.0,66.6,5.6,40.8,19.0,1.3,0.08,0.7672,0.7897,0.8802,0.0997,0.1013,0.1997,0.2436,0.02,4.5,161.0,56.4,1956.0,6257.1,63.8,-14.9833,none (low-plasticity bedrock)
PH18,PH,539.0,5,54.1,8.9631004,45.1,6.0,29.7,8.1,1.2,0.08,0.5654,0.5046,0.8802,0.0291,0.0306,0.0964,0.1311,0.02,4.4,153.0,55.5,1597.0,4429.2,199.5,-12.189,none (low-plasticity bedrock)
PH19,PH,88.0,8,77.3,6.7061,70.5,5.4,49.5,14.4,1.3,0.08,0.9141,0.6863,0.8802,0.0746,0.077,0.1504,0.188,0.02,5.3,159.0,61.9,1928.0,6300.4,173.89999,-11.9976,none (low-plasticity bedrock)
PH2,PH,18334.0,2,35.4,0.0,35.4,7.4,9.7,17.4,1.0,0.0964,0.1475,0.6745,0.8802,0.1164,0.1264,0.0713,0.0953,0.02,4.2,134.0,20.7,827.0,3544.9,16.1,-19.5576,none (low-plasticity bedrock)
PH20,PH,693.0,7,67.8,3.9322,63.9,5.5,45.3,11.7,1.3,0.08,0.8435,0.6068,0.8802,0.0573,0.0594,0.1174,0.154,0.02,5.6,159.0,50.8,1713.0,5806.7,128.89999,-11.4066,none (low-plasticity bedrock)
PH21,PH,1342.0,3,39.3,0.79879999,38.5,6.3,19.4,11.7,1.2,0.08,0.3588,0.5824,0.8802,0.0608,0.0636,0.0946,0.1277,0.02,4.0,150.0,28.8,1157.0,3851.7,44.599998,-16.5841,none (low-plasticity bedrock)
PH22,PH,1639.0,5,51.0,0.0,51.0,5.9,35.0,8.9,1.3,0.08,0.6617,0.5159,0.8802,0.0439,0.0453,0.0807,0.1076,0.02,5.9,141.0,47.1,1360.0,4880.4,9.1,-12.226,none (low-plasticity bedrock)
PH23,PH,418.0,2,36.9,0.0,36.9,6.3,19.9,9.6,1.2,0.08,0.3697,0.5489,0.8802,0.0374,0.038,0.1077,0.1562,0.02,4.8,142.0,21.2,1039.0,3694.2,4.0,-16.1685,none (low-plasticity bedrock)
PH24,PH,297.0,4,43.7,7.8952999,35.8,6.6,14.7,13.4,1.1,0.08,0.2614,0.6014,0.8802,0.0799,0.0883,0.0751,0.1038,0.02,4.3,141.0,20.1,953.0,3579.5,162.3,-17.767,none (low-plasticity bedrock)
PH25,PH,407.0,2,34.9,0.0,34.9,6.5,16.3,11.0,1.1,0.0804,0.2947,0.5659,0.8802,0.0526,0.0569,0.0948,0.1335,0.02,4.5,140.0,20.9,1132.0,3489.5,6.2,-17.0682,none (low-plasticity bedrock)
PH26,PH,1771.0,6,57.4,25.483801,32.0,6.7,12.7,11.5,1.1,0.08,0.2166,0.5758,0.8802,0.0531,0.057,0.0997,0.1433,0.02,4.4,139.0,20.6,966.0,3195.6,462.89999,-17.6572,none (low-plasticity bedrock)
PH3,PH,3179.0,3,40.6,0.0,40.6,6.7,21.9,10.7,1.2,0.1092,0.4118,0.5453,0.8802,0.0652,0.0722,0.0633,0.0839,0.02,4.2,145.0,34.6,1179.0,4059.3,4.4,-16.6727,none (low-plasticity bedrock)
PH30,PH,11.0,8,75.4,0.43849999,75.0,5.3,54.7,13.7,1.3,0.08,1.0,0.6832,0.8802,0.0623,0.0643,0.168,0.208,0.02,6.1,163.0,79.4,2364.0,6510.2,92.5,-11.1297,none (low-plasticity bedrock)
PH31,PH,209.0,6,61.8,0.0,61.8,5.6,44.0,11.0,1.3,0.08,0.8204,0.5979,0.8802,0.0424,0.0442,0.1355,0.1737,0.02,4.7,163.0,62.1,2308.0,5654.7,67.300003,-10.9148,none (low-plasticity bedrock)
PH32,PH,506.0,10,108.3,30.882999,77.4,5.3,54.1,16.7,1.3,0.0805,0.9915,0.7436,0.8802,0.0839,0.086,0.1844,0.2233,0.02,5.9,161.0,73.9,1891.0,6777.2,595.09998,-12.3132,none (low-plasticity bedrock)
PH33,PH,6093.0,7,70.2,0.0,70.2,5.4,47.2,16.3,1.3,0.08,0.8764,0.7045,0.8802,0.105,0.109,0.1157,0.1482,0.02,4.9,169.0,93.5,2725.0,6358.0,61.0,-13.2602,none (low-plasticity bedrock)
PH34,PH,352.0,6,59.4,0.58109999,58.9,5.8,34.8,17.0,1.3,0.0809,0.6599,0.7439,0.8802,0.0848,0.0879,0.1842,0.2172,0.02,3.8,166.0,75.7,2274.0,5675.5,64.400002,-14.876,none (low-plasticity bedrock)
PH35,PH,209.0,8,75.6,3.3889,72.2,5.3,47.8,17.7,1.3,0.0803,0.8866,0.7616,0.8802,0.0919,0.0935,0.1881,0.2253,0.02,5.0,170.0,101.0,2877.0,6535.4,113.1,-13.4368,none (low-plasticity bedrock)
PH36,PH,440.0,8,83.7,0.7579,82.9,5.4,54.6,21.7,1.3,0.0882,1.0,0.7905,0.8802,0.165,0.1681,0.0946,0.1244,0.02,5.9,174.0,83.0,2270.0,7311.5,82.900002,-14.9152,LIAS GROUP
PH37,PH,66.0,8,75.3,0.0,75.3,5.3,52.6,16.1,1.3,0.08,0.9665,0.7329,0.8802,0.0776,0.079,0.1857,0.2242,0.02,5.6,176.0,110.1,2992.0,6639.4,34.099998,-12.1861,none (low-plasticity bedrock)
PH38,PH,66.0,8,78.2,0.0,78.2,5.3,52.5,19.1,1.3,0.08,0.9649,0.7528,0.8802,0.1316,0.1331,0.1158,0.1455,0.02,6.0,181.0,93.4,2604.0,6926.4,47.200001,-13.83,none (low-plasticity bedrock)
PH39,PH,165.0,9,93.8,1.9586999,91.8,5.1,53.4,32.1,1.2,0.08,0.981,0.9311,0.8802,0.2788,0.2811,0.055,0.0721,0.02,5.7,189.0,61.0,2473.0,8258.1,117.6,-17.498,none (low-plasticity bedrock)
PH4,PH,506.0,5,52.1,0.0,52.1,6.4,34.2,10.3,1.3,0.1042,0.6474,0.5529,0.8802,0.0506,0.0526,0.0942,0.1173,0.02,4.9,148.0,57.3,1435.0,5015.6,4.0,-12.3947,none (low-plasticity bedrock)
PH40,PH,110.0,9,95.1,0.0,95.1,5.0,54.3,34.5,1.2,0.08,0.997,1.0,0.8802,0.226,0.2274,0.2727,0.3006,0.02,5.8,187.0,73.8,2460.0,8547.0,53.400002,-15.1029,none (low-plasticity bedrock)
PH41,PH,462.0,8,84.4,3.0188999,81.4,5.3,53.6,21.3,1.3,0.0822,0.9828,0.7908,0.8802,0.1574,0.1583,0.1091,0.1365,0.02,5.7,186.0,96.2,2709.0,7206.4,132.5,-14.8961,MIDDLE JURASSIC ROCKS (UNDIFFERENTIATED)
PH42,PH,22.0,9,85.9,2.5815001,83.4,6.8,54.6,20.7,1.3,0.1447,1.0,0.7439,0.8802,0.175,0.1751,0.0394,0.0553,0.02,7.3,191.0,68.3,2622.0,7353.4,122.3,-14.4473,MIDDLE JURASSIC ROCKS (UNDIFFERENTIATED)
PH43,PH,11.0,9,85.7,8.0285997,77.7,5.8,54.7,15.9,1.3,0.1015,1.0,0.6751,0.8802,0.1206,0.1206,0.0689,0.0932,0.02,7.3,193.0,115.9,2949.0,6781.8,212.8,-12.6133,LIAS GROUP
PH44,PH,11.0,8,84.4,0.0,84.4,5.4,54.6,23.1,1.3,0.0875,1.0,0.769,0.8802,0.2029,0.2035,0.0176,0.0254,0.02,7.6,189.0,93.4,2938.0,7460.5,21.8,-15.658,none (low-plasticity bedrock)
PH49,PH,495.0,8,81.6,8.1374998,73.4,5.3,53.6,13.2,1.3,0.08,0.9817,0.6598,0.8802,0.0656,0.068,0.1445,0.1794,0.02,5.7,164.0,103.4,3046.0,6406.3,215.5,-11.068,none (low-plasticity bedrock)
PH5,PH,506.0,4,47.1,4.7638998,42.4,7.1,26.7,7.3,1.2,0.12,0.508,0.4631,0.8802,0.037,0.0392,0.0609,0.0862,0.02,4.1,149.0,44.9,1446.0,4209.5,120.8,-13.3422,none (low-plasticity bedrock)
PH50,PH,517.0,7,71.9,2.2600999,69.6,5.4,51.5,11.5,1.3,0.08,0.9463,0.6175,0.8802,0.046,0.0474,0.1448,0.1799,0.02,5.4,166.0,101.9,3238.0,6120.7,104.0,-10.4641,none (low-plasticity bedrock)
PH6,PH,1419.0,6,59.5,3.9626,55.5,5.9,36.3,12.1,1.3,0.0913,0.685,0.6084,0.8802,0.0604,0.0695,0.1125,0.1412,0.02,4.5,155.0,65.2,1847.0,5296.9,131.0,-12.6444,none (low-plasticity bedrock)
PH7,PH,4949.0,3,41.3,0.199,41.1,7.0,18.5,14.4,1.2,0.1114,0.3409,0.6338,0.8802,0.086,0.0931,0.09,0.1177,0.02,3.9,146.0,37.3,1382.0,4109.9,47.8,-16.5087,none (low-plasticity bedrock)
PH8,PH,1518.0,4,44.8,1.0712,43.7,6.1,26.5,9.9,1.2,0.0804,0.5039,0.545,0.8802,0.0489,0.0507,0.0906,0.1186,0.02,5.0,143.0,42.6,1376.0,4350.1,66.800003,-14.3868,none (low-plasticity bedrock)
PH9,PH,605.0,2,33.3,0.0,33.3,6.8,10.7,14.8,1.0,0.08,0.171,0.6318,0.8802,0.0906,0.0967,0.081,0.1094,0.02,3.0,143.0,25.5,1164.0,3334.0,33.400002,-19.016,none (low-plasticity bedrock)
PL1,PL,13628.0,6,58.4,4.5072999,53.8,6.8,29.3,17.7,0.0,0.12,0.5569,0.6892,0.0,0.1281,0.1521,0.0482,0.1113,0.0,4.8,153.0,31.9,1401.0,5308.8,135.39999,-16.9733,none (low-plasticity bedrock)
PL10,PL,1762.0,4,49.4,0.0,49.4,6.7,31.5,11.3,0.0,0.1121,0.598,0.5245,0.0,0.0933,0.0937,0.0084,0.0181,0.0,5.0,151.0,35.1,1310.0,4822.2,16.4,-16.617,none (low-plasticity bedrock)
PL11,PL,4548.0,7,66.5,12.6315,53.9,6.6,31.5,15.8,0.0,0.1114,0.5998,0.6245,0.0,0.1262,0.1262,0.0216,0.0386,0.0,4.7,149.0,37.6,1352.0,5265.6,269.79999,-16.7066,none (low-plasticity bedrock)
PL12,PL,9645.0,5,53.5,3.3257,50.2,6.8,26.7,16.7,0.0,0.1151,0.507,0.6466,0.0,0.1304,0.1338,0.0292,0.0499,0.0,4.2,149.0,41.3,1355.0,4991.6,111.8,-17.3442,none (low-plasticity bedrock)
PL13,PL,4657.0,4,47.4,0.0,47.4,6.8,34.2,6.5,0.0,0.1169,0.6463,0.4168,0.0,0.0485,0.0508,0.0197,0.0345,0.0,5.1,145.0,40.3,1272.0,4544.1,44.8,-16.0017,none (low-plasticity bedrock)
PL14,PL,10991.0,7,73.4,25.593,47.8,6.6,32.2,9.1,0.0,0.1078,0.6103,0.4996,0.0,0.056,0.0634,0.0464,0.0798,0.0,4.7,144.0,50.0,1486.0,4638.1,475.39999,-14.4457,none (low-plasticity bedrock)
PL15,PL,8813.0,5,56.3,4.2733002,52.0,6.5,33.4,12.0,0.0,0.1108,0.6345,0.5718,0.0,0.0796,0.09,0.0476,0.1008,0.0,4.6,147.0,46.7,1386.0,5028.3,116.1,-15.3374,none (low-plasticity bedrock)
PL16,PL,827.0,4,45.4,0.0,45.4,7.0,24.2,14.2,0.0,0.1196,0.4594,0.5997,0.0,0.105,0.1202,0.0293,0.0575,0.0,4.1,149.0,34.6,1279.0,4541.5,19.0,-18.1089,none (low-plasticity bedrock)
PL17,PL,4605.0,4,44.7,0.0,44.7,6.9,30.0,7.8,0.0,0.1175,0.5693,0.4578,0.0,0.0575,0.0644,0.0221,0.0465,0.0,4.3,147.0,47.6,1348.0,4380.8,16.200001,-16.3368,none (low-plasticity bedrock)
PL18,PL,2486.0,7,66.1,14.4214,51.7,6.8,25.8,19.1,0.0,0.1157,0.4903,0.6966,0.0,0.1468,0.1643,0.0338,0.0661,0.0,3.9,149.0,46.2,1378.0,5151.9,296.29999,-18.2333,none (low-plasticity bedrock)
PL19,PL,7474.0,4,47.6,0.8107,46.8,6.6,32.6,7.7,0.0,0.1078,0.6177,0.4597,0.0,0.0519,0.0623,0.0287,0.0625,0.0,4.5,150.0,54.1,1475.0,4531.6,58.3,-15.4658,none (low-plasticity bedrock)
PL2,PL,14046.0,5,52.4,7.8322001,44.6,6.9,26.7,11.0,0.0,0.1162,0.5068,0.5624,0.0,0.0684,0.0684,0.0587,0.1341,0.0,4.3,152.0,34.4,1408.0,4427.7,164.89999,-16.689,none (low-plasticity bedrock)
PL20,PL,5343.0,7,67.8,0.0,67.8,5.7,52.1,9.9,0.0,0.0913,0.9566,0.5315,0.0,0.0626,0.0745,0.0494,0.0986,0.0,5.8,154.0,72.0,1987.0,5911.1,47.900002,-12.4309,none (low-plasticity bedrock)
PL21,PL,7837.0,6,57.1,3.5408001,53.5,6.2,37.7,9.6,0.0,0.1027,0.7095,0.5087,0.0,0.0656,0.0813,0.032,0.0669,0.0,4.8,156.0,55.6,1501.0,5047.4,108.1,-14.4802,none (low-plasticity bedrock)
PL22,PL,1815.0,6,57.9,13.4428,44.5,6.8,27.7,9.9,0.0,0.1136,0.5273,0.5038,0.0,0.0726,0.075,0.026,0.0486,0.0,4.4,143.0,46.6,1335.0,4402.1,266.60001,-16.0595,none (low-plasticity bedrock)
PL23,PL,1463.0,6,61.5,13.2358,48.3,6.9,32.2,9.3,0.0,0.12,0.6101,0.4793,0.0,0.0739,0.0773,0.0117,0.0232,0.0,5.1,145.0,30.4,1271.0,4690.7,279.39999,-16.0169,none (low-plasticity bedrock)
PL24,PL,4548.0,5,51.0,0.0,51.0,6.6,31.0,13.4,0.0,0.1094,0.5898,0.5881,0.0,0.0994,0.1162,0.0294,0.0585,0.0,4.9,145.0,36.3,1265.0,4990.0,44.599998,-16.6659,none (low-plasticity bedrock)
PL25,PL,12175.0,4,48.5,0.0,48.5,6.5,32.6,9.4,0.0,0.1077,0.6173,0.5035,0.0,0.0618,0.0763,0.0314,0.0834,0.0,5.1,146.0,40.1,1303.0,4697.5,17.1,-14.7706,none (low-plasticity bedrock)
PL26,PL,12100.0,4,48.9,1.3738,47.5,6.5,31.4,9.6,0.0,0.1046,0.5965,0.5263,0.0,0.0559,0.0688,0.0571,0.105,0.0,5.0,147.0,39.6,1295.0,4628.5,74.5,-15.2188,none (low-plasticity bedrock)
PL27,PL,5453.0,5,50.7,0.0,50.7,6.7,33.0,11.0,0.0,0.116,0.6251,0.5408,0.0,0.0792,0.084,0.0334,0.0717,0.0,5.4,147.0,28.8,1077.0,4907.8,5.6,-15.6354,none (low-plasticity bedrock)
PL28,PL,2000.0,5,53.3,1.1702,52.2,6.7,36.7,8.8,0.0,0.12,0.692,0.4773,0.0,0.07,0.074,0.0153,0.0327,0.0,6.2,150.0,23.4,1093.0,4948.4,77.599998,-15.4646,none (low-plasticity bedrock)
PL29,PL,462.0,8,76.7,31.5189,45.2,6.8,33.5,4.8,0.0,0.1129,0.633,0.334,0.0,0.0269,0.0269,0.0181,0.0365,0.0,5.5,148.0,28.7,1094.0,4343.0,592.09998,-13.6935,none (low-plasticity bedrock)
PL3,PL,13157.0,5,51.0,1.1023,49.9,6.6,27.0,16.3,0.0,0.1093,0.5133,0.6679,0.0,0.1107,0.124,0.0589,0.1436,0.0,4.3,154.0,36.6,1410.0,4958.3,69.300003,-16.7287,none (low-plasticity bedrock)
PL30,PL,4994.0,3,42.6,0.3682,42.2,6.6,27.1,8.5,0.0,0.1058,0.5147,0.4826,0.0,0.0527,0.0619,0.0381,0.0832,0.0,4.4,144.0,47.0,1374.0,4191.3,48.3,-15.9914,none (low-plasticity bedrock)
PL31,PL,6784.0,3,41.6,0.0,41.6,6.7,26.0,9.0,0.0,0.1064,0.4941,0.4924,0.0,0.0566,0.0673,0.0348,0.0878,0.0,4.3,144.0,43.2,1388.0,4144.2,1.1,-16.2754,none (low-plasticity bedrock)
PL32,PL,1977.0,6,58.7,0.0,58.7,6.3,42.8,9.6,0.0,0.1088,0.7997,0.5282,0.0,0.0541,0.0648,0.0564,0.1282,0.0,5.4,147.0,53.3,1382.0,5389.9,50.8,-12.8854,none (low-plasticity bedrock)
PL33,PL,896.0,4,48.9,1.8582,47.0,6.8,34.6,5.6,0.0,0.1199,0.6535,0.3868,0.0,0.0367,0.0371,0.0217,0.0521,0.0,5.5,147.0,34.3,1312.0,4496.7,73.599998,-14.9031,none (low-plasticity bedrock)
PL34,PL,871.0,4,47.7,0.0,47.7,6.6,35.9,5.3,0.0,0.113,0.6766,0.3515,0.0,0.0341,0.0341,0.0125,0.0342,0.0,5.5,148.0,28.4,1324.0,4534.0,38.900002,-14.0534,none (low-plasticity bedrock)
PL35,PL,598.0,7,74.4,20.701401,53.7,6.6,41.7,5.4,0.0,0.1169,0.7786,0.3685,0.0,0.0361,0.0422,0.0143,0.0348,0.0,5.7,149.0,39.7,1339.0,4937.1,398.89999,-13.3624,none (low-plasticity bedrock)
PL4,PL,14481.0,6,56.8,0.0,56.8,6.8,28.1,22.0,0.0,0.12,0.5344,0.7986,0.0,0.1529,0.1862,0.0862,0.2112,0.0,4.5,153.0,35.3,1397.0,5630.3,0.0,-19.8585,none (low-plasticity bedrock)
PL5,PL,18905.0,5,56.0,0.1164,55.9,6.8,26.0,23.1,0.0,0.1181,0.4936,0.7729,0.0,0.1897,0.1931,0.0328,0.0778,0.0,4.1,152.0,36.9,1398.0,5565.4,56.200001,-20.8938,none (low-plasticity bedrock)
PL6,PL,18648.0,4,46.2,1.5793999,44.6,6.9,27.6,10.0,0.0,0.1193,0.525,0.5196,0.0,0.0678,0.0793,0.0346,0.0788,0.0,4.1,153.0,44.2,1448.0,4418.2,87.699997,-16.0731,none (low-plasticity bedrock)
PL7,PL,13508.0,5,51.3,1.9432,49.4,6.6,32.7,10.2,0.0,0.1092,0.6199,0.5409,0.0,0.0581,0.0792,0.0581,0.1114,0.0,4.5,155.0,46.9,1512.0,4786.7,71.300003,-14.932,none (low-plasticity bedrock)
PL8,PL,2713.0,5,54.5,0.2498,54.3,6.5,36.8,11.0,0.0,0.1114,0.6943,0.5262,0.0,0.087,0.0936,0.0161,0.0314,0.0,5.3,155.0,38.9,1301.0,5149.6,74.5,-15.5671,none (low-plasticity bedrock)
PL9,PL,12402.0,6,59.4,8.7891998,50.6,6.6,33.7,10.3,0.0,0.111,0.6391,0.5091,0.0,0.0795,0.0845,0.0172,0.038,0.0,5.1,154.0,37.9,1374.0,4879.8,214.10001,-15.4039,none (low-plasticity bedrock)
PO1,PO,12355.0,9,97.1,0.0,97.1,53.9,20.2,23.0,0.0,0.9167,0.3779,0.8199,0.0,0.1606,0.1703,0.1035,0.2307,0.0,4.7,142.0,22.1,916.0,9705.8,1.5,-9.4218,BRACKLESHAM GROUP AND BARTON GROUP (UNDIFFERENTIATED)
PO10,PO,8613.0,10,122.0,22.226101,99.8,30.8,20.8,48.2,0.0,0.596,0.3904,1.0,0.0,0.3868,0.439,0.0417,0.0832,0.0,4.7,143.0,24.5,930.0,9980.0,483.60001,-14.782,THAMES GROUP
PO11,PO,8209.0,10,115.6,0.0,115.6,39.1,25.6,51.0,0.0,0.7269,0.4862,1.0,0.0,0.4265,0.4465,0.0176,0.0418,0.0,5.4,142.0,21.2,914.0,11542.4,32.8,-12.5646,THAMES GROUP
PO12,PO,20679.0,9,99.7,6.0229998,93.7,50.3,20.8,22.6,0.0,0.8691,0.3904,0.7623,0.0,0.1821,0.1929,0.0331,0.0759,0.0,4.8,141.0,22.6,904.0,9372.7,177.39999,-9.1133,BRACKLESHAM GROUP AND BARTON GROUP (UNDIFFERENTIATED)
PO13,PO,15393.0,10,111.4,23.625999,87.8,52.4,19.8,15.6,0.0,0.8927,0.3691,0.6334,0.0,0.1093,0.1249,0.0421,0.0906,0.0,4.8,141.0,21.8,883.0,8780.0,488.5,-5.6751,BRACKLESHAM GROUP AND BARTON GROUP (UNDIFFERENTIATED)
PO14,PO,14003.0,9,87.5,0.63770002,86.8,52.0,19.3,15.5,0.0,0.8864,0.359,0.6346,0.0,0.1077,0.1151,0.0499,0.0949,0.0,4.8,141.0,23.0,882.0,8683.8,91.5,-5.5633,BRACKLESHAM GROUP AND BARTON GROUP (UNDIFFERENTIATED)
PO15,PO,9615.0,9,94.1,11.6613,82.5,54.6,13.8,14.1,0.0,0.9122,0.2408,0.6405,0.0,0.0721,0.1021,0.1009,0.1601,0.0,3.9,141.0,25.6,882.0,8245.9,266.60001,-5.1449,THAMES GROUP
PO16,PO,13868.0,8,77.5,0.0,77.5,17.4,16.4,43.7,0.0,0.3935,0.2994,1.0,0.0,0.3476,0.3677,0.0641,0.1143,0.0,4.3,141.0,23.5,912.0,7746.8,10.3,-20.7859,THAMES GROUP
PO17,PO,2981.0,7,71.1,0.0,71.1,45.1,14.0,12.0,0.0,0.79,0.2442,0.5697,0.0,0.0722,0.0762,0.0665,0.0983,0.0,3.8,141.0,26.9,920.0,7106.4,0.0,-5.4294,THAMES GROUP
PO18,PO,6507.0,4,47.1,9.4966002,37.6,8.6,18.8,7.4,2.8,0.1512,0.3458,0.4398,1.0,0.0529,0.0646,0.0195,0.0378,0.1064,4.3,144.0,28.7,965.0,3762.6,191.3,-15.4304,LAMBETH GROUP
PO19,PO,14748.0,7,71.5,0.0,71.5,38.1,18.4,14.9,0.0,0.7043,0.3392,0.6522,0.0,0.0737,0.1837,0.0673,0.1534,0.0,4.4,144.0,24.9,829.0,7148.0,20.4,-7.2431,THAMES GROUP
PO2,PO,17252.0,10,111.3,5.0095,106.3,33.8,18.2,54.3,0.0,0.6396,0.3376,1.0,0.0,0.4268,0.4988,0.0636,0.1566,0.0,4.4,142.0,21.4,921.0,10633.3,173.3,-14.8476,THAMES GROUP
PO20,PO,16097.0,10,109.9,13.5967,96.3,50.9,25.3,20.1,0.0,0.8814,0.481,0.7172,0.0,0.1508,0.1898,0.0319,0.0794,0.0,5.5,143.0,21.5,829.0,9602.5,326.5,-6.3678,THAMES GROUP
PO21,PO,18796.0,9,96.8,12.0913,84.7,47.7,22.8,14.2,0.0,0.8358,0.4302,0.6056,0.0,0.1021,0.1205,0.0288,0.0901,0.0,5.0,144.0,21.4,845.0,8471.4,285.0,-5.3927,THAMES GROUP
PO22,PO,14242.0,7,66.6,10.8532,55.7,12.6,21.3,21.8,0.0,0.2978,0.401,0.7646,0.0,0.1558,0.2311,0.0466,0.1117,0.0,4.6,145.0,22.2,887.0,5570.6,243.60001,-20.7493,THAMES GROUP
PO3,PO,8834.0,10,112.7,0.0,112.7,28.7,17.7,66.3,0.0,0.5611,0.3263,1.0,0.0,0.5338,0.6087,0.0542,0.1402,0.0,4.3,142.0,21.5,913.0,11266.1,78.199997,-16.3921,THAMES GROUP
PO30,PO,13331.0,10,197.7,136.218,61.5,27.8,24.0,9.7,0.0,0.5537,0.4546,0.5089,0.0,0.0632,0.0728,0.0412,0.0659,0.0,4.9,141.0,30.0,871.0,6145.0,2357.3999,-8.5815,SOLENT GROUP
PO31,PO,6777.0,7,69.6,1.3961999,68.2,37.8,21.2,9.2,0.0,0.7,0.3954,0.4893,0.0,0.0642,0.0642,0.0334,0.0517,0.0,5.0,140.0,24.9,870.0,6818.9,104.0,-6.1454,SOLENT GROUP
PO32,PO,4125.0,8,75.3,4.5292001,70.8,37.6,22.2,11.1,0.0,0.7,0.4172,0.524,0.0,0.0847,0.0867,0.0204,0.0357,0.0,5.0,141.0,25.3,873.0,7082.0,151.0,-7.2056,SOLENT GROUP
PO33,PO,14710.0,9,93.0,17.229601,75.8,37.7,21.8,16.3,0.0,0.7033,0.4094,0.6494,0.0,0.1158,0.1222,0.0523,0.0818,0.0,4.6,141.0,23.7,874.0,7578.5,372.70001,-7.4623,SOLENT GROUP
PO34,PO,992.0,7,74.5,0.0,74.5,37.2,26.2,11.1,0.0,0.7,0.4975,0.5257,0.0,0.0882,0.0908,0.0174,0.0248,0.0,5.1,141.0,23.3,886.0,7422.9,44.200001,-6.9924,SOLENT GROUP
PO35,PO,1714.0,9,86.5,7.8477001,78.6,39.7,25.9,13.1,0.0,0.7286,0.4912,0.5783,0.0,0.1021,0.1118,0.0239,0.0416,0.0,5.0,141.0,24.4,881.0,7838.2,211.3,-6.6229,SOLENT GROUP
PO36,PO,7538.0,7,68.9,0.0,68.9,26.1,24.9,17.9,0.0,0.5321,0.4716,0.6786,0.0,0.1343,0.1467,0.0432,0.0695,0.0,4.8,141.0,26.7,875.0,6880.4,35.900002,-11.2862,LOWER GREENSAND GROUP
PO37,PO,4523.0,7,64.6,7.0840998,57.6,22.2,29.1,6.3,0.0,0.4786,0.5521,0.3991,0.0,0.0479,0.0479,0.0143,0.0236,0.0,5.2,141.0,30.5,875.0,5684.6,168.89999,-12.1806,LOWER GREENSAND GROUP
PO38,PO,5921.0,6,61.2,0.0,61.2,24.5,30.6,6.2,0.0,0.5102,0.5806,0.4019,0.0,0.0453,0.0498,0.0172,0.0304,0.0,6.0,141.0,26.1,873.0,6021.5,52.3,-10.2399,LOWER GREENSAND GROUP
PO39,PO,1232.0,7,74.3,5.8906002,68.5,37.0,27.9,3.5,0.0,0.6923,0.5279,0.2468,0.0,0.019,0.0237,0.0026,0.0051,0.0,5.6,141.0,27.2,888.0,6799.2,198.8,-4.6416,SOLENT GROUP
PO4,PO,18028.0,9,96.3,0.90460002,95.4,50.7,23.6,21.2,0.0,0.877,0.4467,0.7347,0.0,0.1663,0.1819,0.0302,0.0821,0.0,5.2,142.0,23.0,900.0,9537.4,87.699997,-7.2729,BRACKLESHAM GROUP AND BARTON GROUP (UNDIFFERENTIATED)
PO40,PO,2713.0,9,91.9,11.0008,80.9,41.5,27.8,11.6,0.0,0.7559,0.5285,0.5339,0.0,0.0925,0.0948,0.014,0.0278,0.0,5.7,141.0,24.5,884.0,8037.1,257.10001,-5.2898,BRACKLESHAM GROUP AND BARTON GROUP (UNDIFFERENTIATED)
PO41,PO,1199.0,8,77.0,1.4656,75.5,38.1,26.0,11.4,0.0,0.7103,0.4933,0.541,0.0,0.0839,0.0911,0.0299,0.0474,0.0,5.5,141.0,23.7,880.0,7530.8,85.599998,-6.2658,SOLENT GROUP
PO5,PO,12652.0,10,181.5,93.971397,87.6,48.9,21.9,16.8,0.0,0.85,0.4111,0.6566,0.0,0.1184,0.1515,0.0368,0.0892,0.0,5.0,141.0,21.8,911.0,8755.9,1659.9,-5.4102,BRACKLESHAM GROUP AND BARTON GROUP (UNDIFFERENTIATED)
PO6,PO,16938.0,7,65.7,16.7917,49.0,6.7,16.5,25.7,0.0,0.0963,0.3015,0.8335,0.0,0.1991,0.2287,0.0573,0.134,0.0,4.2,142.0,23.2,920.0,4895.7,352.20001,-25.162,LAMBETH GROUP
PO7,PO,18797.0,6,57.2,0.0,57.2,27.1,16.2,10.3,3.6,0.5381,0.2925,0.5364,1.0,0.0596,0.077,0.0582,0.0958,0.137,4.0,142.0,30.1,927.0,5715.3,9.2,-7.6527,THAMES GROUP
PO8,PO,15136.0,2,34.8,1.7362,33.0,9.1,19.7,3.8,0.4,0.1682,0.363,0.2752,0.4253,0.01,0.0147,0.0219,0.0434,0.0047,4.3,143.0,34.2,984.0,3302.6,50.400002,-14.0141,LAMBETH GROUP
PO9,PO,21090.0,6,64.2,0.0,64.2,25.2,16.5,22.0,0.5,0.5137,0.3004,0.7646,0.4732,0.1621,0.1816,0.0634,0.1121,0.0058,4.1,143.0,26.3,961.0,6420.3,19.5,-15.5302,THAMES GROUP
PR1,PR,28172.0,5,52.3,0.0,52.3,7.6,18.6,26.1,0.0,0.1297,0.3454,0.8983,0.0,0.1622,0.2358,0.1575,0.2779,0.0,4.3,141.0,28.3,1023.0,5230.6,17.1,-22.9928,TRIASSIC ROCKS (UNDIFFERENTIATED)
PR2,PR,34057.0,4,50.2,3.4505999,46.7,6.3,19.9,20.5,0.0,0.0834,0.3724,0.7832,0.0,0.1184,0.1964,0.1203,0.2054,0.0,4.3,141.0,31.3,1125.0,4672.7,103.8,-21.9096,none (low-plasticity bedrock)
PR25,PR,7704.0,7,66.0,12.7514,53.2,15.4,19.0,18.8,0.0,0.362,0.3536,0.7467,0.0,0.1089,0.1574,0.113,0.2044,0.0,4.4,140.0,27.9,1030.0,5324.1,268.79999,-19.4201,TRIASSIC ROCKS (UNDIFFERENTIATED)
PR26,PR,3375.0,7,68.1,0.0,68.1,15.0,18.4,34.8,0.0,0.3537,0.3405,1.0,0.0,0.2231,0.3542,0.1613,0.2601,0.0,4.5,140.0,24.2,985.0,6810.1,41.900002,-21.1544,TRIASSIC ROCKS (UNDIFFERENTIATED)
PR3,PR,17755.0,7,69.9,15.7343,54.2,7.7,20.6,25.9,0.0,0.1358,0.3872,0.8666,0.0,0.1802,0.2485,0.1117,0.1684,0.0,4.3,143.0,34.6,1203.0,5420.4,303.0,-22.9685,TRIASSIC ROCKS (UNDIFFERENTIATED)
PR4,PR,27879.0,8,77.4,16.369101,61.1,12.4,21.4,27.3,0.0,0.2916,0.4016,0.9077,0.0,0.1868,0.2405,0.1454,0.2245,0.0,4.9,140.0,23.7,935.0,6107.7,339.5,-21.9977,TRIASSIC ROCKS (UNDIFFERENTIATED)
PR5,PR,26990.0,10,221.8,171.50909,50.3,7.7,20.8,21.8,0.0,0.1367,0.3897,0.796,0.0,0.1401,0.2062,0.1058,0.1726,0.0,4.3,141.0,30.3,1115.0,5030.9,2939.2,-21.3823,TRIASSIC ROCKS (UNDIFFERENTIATED)
PR6,PR,15343.0,3,41.5,0.0,41.5,7.0,25.4,9.2,0.0,0.1192,0.481,0.5203,0.0,0.0453,0.0673,0.0679,0.1133,0.0,4.8,140.0,39.8,1213.0,4142.3,16.700001,-15.9861,none (low-plasticity bedrock)
PR7,PR,27839.0,3,40.0,0.0,40.0,8.5,18.8,12.8,0.0,0.1492,0.3465,0.6134,0.0,0.063,0.0876,0.0969,0.1594,0.0,4.3,140.0,31.1,1051.0,3998.4,18.700001,-16.7295,TRIASSIC ROCKS (UNDIFFERENTIATED)
PR8,PR,24373.0,9,85.5,0.0,85.5,17.2,25.0,43.3,0.0,0.4,0.4751,1.0,0.0,0.2987,0.3322,0.2063,0.2744,0.0,5.6,140.0,21.7,869.0,8532.5,43.599998,-17.7357,TRIASSIC ROCKS (UNDIFFERENTIATED)
PR9,PR,20521.0,10,114.9,0.0,114.9,17.1,25.8,72.0,0.0,0.4,0.4908,1.0,0.0,0.5249,0.6373,0.2226,0.3408,0.0,5.7,140.0,23.2,911.0,11463.5,23.9,-16.5877,TRIASSIC ROCKS (UNDIFFERENTIATED)
RG1,RG,19607.0,8,75.6,19.7411,55.8,18.1,8.6,29.2,0.0,0.3738,0.1189,0.8939,0.0,0.1987,0.3093,0.0762,0.1975,0.0,3.9,137.0,15.4,681.0,5582.7,378.0,-21.3412,LAMBETH GROUP
RG10,RG,7435.0,7,71.3,0.0,71.3,31.5,9.4,30.4,0.0,0.595,0.1403,0.9053,0.0,0.2206,0.2808,0.0869,0.1528,0.0,4.0,137.0,15.7,687.0,7125.2,0.0,-15.4825,THAMES GROUP
RG12,RG,28561.0,10,136.1,62.777401,73.4,53.2,9.9,10.3,0.0,0.89,0.15,0.5534,0.0,0.043,0.0573,0.0893,0.1634,0.0,4.0,138.0,17.8,692.0,7336.3,1120.4,-4.1558,BRACKLESHAM GROUP AND BARTON GROUP (UNDIFFERENTIATED)
RG14,RG,14904.0,6,60.7,0.0,60.7,32.5,12.6,15.6,0.0,0.609,0.2146,0.6589,0.0,0.0927,0.1302,0.0768,0.1407,0.0,4.0,138.0,22.8,795.0,6067.2,18.200001,-8.4871,LAMBETH GROUP
RG17,RG,4999.0,2,33.1,0.27129999,32.8,9.0,16.0,6.4,1.5,0.1575,0.287,0.4015,1.0,0.0409,0.0452,0.0232,0.0408,0.0376,4.4,138.0,22.7,821.0,3284.1,39.599998,-15.985,THAMES GROUP
RG18,RG,4422.0,4,43.8,0.46450001,43.3,25.5,11.2,6.6,0.0,0.5149,0.1794,0.4359,0.0,0.0283,0.0461,0.052,0.0855,0.0,4.0,138.0,19.5,752.0,4329.0,62.099998,-11.6662,LAMBETH GROUP
RG19,RG,4335.0,9,96.1,0.0,96.1,58.4,12.8,24.9,0.0,0.9606,0.2207,0.8287,0.0,0.1806,0.1988,0.0935,0.1482,0.0,4.0,138.0,21.9,807.0,9614.7,83.099998,-10.7997,THAMES GROUP
RG2,RG,16527.0,9,99.2,5.2795,93.9,57.8,9.7,26.4,0.0,0.9479,0.1478,0.8601,0.0,0.1797,0.2239,0.105,0.2046,0.0,4.1,138.0,15.3,683.0,9391.4,174.5,-10.7079,THAMES GROUP
RG20,RG,4390.0,3,39.9,0.0,39.9,17.7,13.7,7.3,1.2,0.381,0.2364,0.4451,1.0,0.0457,0.0512,0.0356,0.0593,0.0269,4.2,138.0,20.1,808.0,3994.5,23.8,-14.6043,THAMES GROUP
RG21,RG,12424.0,2,35.3,0.0,35.3,6.5,17.3,10.0,1.5,0.08,0.3151,0.5462,1.0,0.0472,0.0707,0.0738,0.1472,0.0355,4.5,139.0,22.0,838.0,3526.0,12.0,-16.8229,none (low-plasticity bedrock)
RG22,RG,17700.0,1,30.8,0.0,30.8,6.4,18.4,4.5,1.5,0.08,0.3377,0.3621,1.0,0.0065,0.0086,0.0543,0.1078,0.0361,4.6,139.0,24.7,845.0,3075.2,0.0,-14.0869,none (low-plasticity bedrock)
RG23,RG,5485.0,1,28.0,0.0,28.0,6.6,18.8,2.6,0.0,0.08,0.3426,0.2022,0.0,0.0,0.0,0.02,0.0389,0.0,4.6,139.0,25.6,836.0,2798.6,17.4,-17.2957,none (low-plasticity bedrock)
RG24,RG,16192.0,8,76.1,9.9351997,66.2,33.2,15.5,16.9,0.6,0.6218,0.2781,0.6985,0.5835,0.0941,0.1312,0.1076,0.1691,0.0088,4.4,139.0,20.4,805.0,6615.1,229.10001,-8.0676,THAMES GROUP
RG25,RG,5267.0,1,30.8,0.0,30.8,6.5,19.2,3.1,1.9,0.0807,0.3516,0.2259,1.0,0.0096,0.0111,0.011,0.0241,0.0646,4.6,140.0,26.4,848.0,3081.6,0.5,-15.5406,LAMBETH GROUP
RG26,RG,10091.0,8,75.4,14.8877,60.5,37.7,14.8,8.0,0.0,0.6878,0.262,0.4823,0.0,0.0428,0.0518,0.0576,0.0903,0.0,4.3,139.0,21.4,781.0,6054.6,304.89999,-5.6401,THAMES GROUP
RG27,RG,9581.0,9,90.2,7.3003998,82.9,55.7,11.2,16.1,0.0,0.9231,0.1817,0.6652,0.0,0.1006,0.1208,0.0793,0.1295,0.0,4.0,139.0,17.0,736.0,8293.2,182.2,-6.0248,THAMES GROUP
RG28,RG,2631.0,1,27.2,0.0,27.2,6.7,14.9,5.6,0.0,0.08,0.262,0.3552,0.0,0.035,0.0401,0.0127,0.0255,0.0,4.1,139.0,23.5,854.0,2715.9,0.0,-20.3539,none (low-plasticity bedrock)
RG29,RG,1676.0,3,39.6,0.0,39.6,14.4,16.8,8.4,0.0,0.3237,0.3044,0.486,0.0,0.0485,0.0605,0.0491,0.0813,0.0,4.5,140.0,23.0,801.0,3955.0,11.3,-16.9466,THAMES GROUP
RG30,RG,10237.0,10,100.5,14.3322,86.2,38.4,9.3,38.4,0.0,0.6983,0.1398,0.9912,0.0,0.2844,0.3753,0.064,0.1396,0.0,4.0,138.0,15.6,696.0,8619.7,330.60001,-13.5288,THAMES GROUP
RG31,RG,6190.0,5,55.6,0.0,55.6,27.5,9.6,18.5,0.0,0.5403,0.1439,0.7056,0.0,0.123,0.1291,0.079,0.1388,0.0,4.0,138.0,17.6,706.0,5555.4,4.2,-12.6868,LAMBETH GROUP
RG4,RG,16608.0,3,40.1,0.0,40.1,10.2,10.0,19.9,0.0,0.1843,0.1533,0.6951,0.0,0.1528,0.1672,0.0223,0.0607,0.0,4.0,137.0,19.1,707.0,4011.4,0.0,-20.1814,LAMBETH GROUP
RG40,RG,8060.0,10,108.6,27.7908,80.8,55.7,9.9,15.3,0.0,0.9201,0.1514,0.6565,0.0,0.0883,0.1056,0.0876,0.1632,0.0,4.0,138.0,16.9,689.0,8081.9,534.20001,-5.1749,BRACKLESHAM GROUP AND BARTON GROUP (UNDIFFERENTIATED)
RG41,RG,7120.0,9,88.5,0.229,88.2,58.8,9.7,19.7,0.0,0.9607,0.1478,0.7429,0.0,0.1219,0.1672,0.0905,0.1766,0.0,4.0,138.0,16.6,682.0,8823.9,106.5,-8.1997,THAMES GROUP
RG42,RG,7579.0,9,90.9,1.6196001,89.3,61.1,10.4,17.8,0.0,0.9938,0.1629,0.7342,0.0,0.0922,0.1247,0.1389,0.2202,0.0,4.2,138.0,14.0,657.0,8928.1,115.3,-7.9434,THAMES GROUP
RG45,RG,3092.0,7,68.8,3.1717999,65.7,49.3,9.7,6.6,0.0,0.85,0.1445,0.4305,0.0,0.0355,0.0453,0.0361,0.0877,0.0,3.9,138.0,17.2,714.0,6566.0,105.2,-4.9378,BRACKLESHAM GROUP AND BARTON GROUP (UNDIFFERENTIATED)
RG5,RG,10952.0,9,89.8,0.0,89.8,59.5,9.4,21.0,0.0,0.9675,0.1382,0.7416,0.0,0.1522,0.1608,0.051,0.1499,0.0,4.0,137.0,15.5,679.0,8984.6,1.5,-8.6447,THAMES GROUP
RG6,RG,14508.0,9,86.2,0.0,86.2,54.3,9.0,22.9,0.0,0.9029,0.1307,0.7994,0.0,0.1547,0.1948,0.0848,0.195,0.0,4.0,137.0,15.8,677.0,8622.3,0.0,-9.7284,THAMES GROUP
RG7,RG,13996.0,9,86.3,0.0,86.3,53.6,11.1,21.6,0.0,0.8961,0.1793,0.7662,0.0,0.1511,0.1738,0.0809,0.134,0.0,4.1,138.0,18.7,721.0,8629.4,49.8,-8.9711,THAMES GROUP
RG8,RG,7747.0,2,33.6,3.6896,29.9,7.8,11.1,11.0,0.0,0.1126,0.179,0.5261,0.0,0.0822,0.0989,0.0171,0.0432,0.0,4.1,138.0,18.3,710.0,2986.9,104.8,-22.3948,LAMBETH GROUP
RG9,RG,10081.0,1,28.4,0.0,28.4,8.2,11.9,7.6,0.7,0.1266,0.1955,0.4389,0.6936,0.0534,0.0626,0.018,0.0411,0.0124,4.2,137.0,20.7,768.0,2836.1,4.7,-19.9846,LAMBETH GROUP
RH1,RH,20513.0,6,60.8,0.0,60.8,31.6,16.0,13.2,0.0,0.5971,0.2899,0.6221,0.0,0.0632,0.1051,0.0951,0.1608,0.0,4.2,147.0,21.9,807.0,6081.4,38.900002,-7.7404,WEALDEN GROUP
RH10,RH,28914.0,7,71.1,0.0,71.1,41.9,18.3,10.9,0.0,0.75,0.336,0.5633,0.0,0.0564,0.0773,0.0759,0.1299,0.0,4.1,150.0,26.6,862.0,7112.7,69.199997,-5.2217,WEALDEN GROUP
RH11,RH,22370.0,10,105.9,27.1376,78.8,41.8,18.2,18.8,0.0,0.75,0.3368,0.7445,0.0,0.1084,0.1617,0.1145,0.1875,0.0,4.1,150.0,24.5,850.0,7877.8,536.40002,-8.384,WEALDEN GROUP
RH12,RH,22245.0,10,188.7,119.3,69.4,42.1,15.3,11.9,0.0,0.75,0.2744,0.58,0.0,0.0646,0.0759,0.0802,0.1245,0.0,3.9,148.0,24.7,855.0,6937.3,2096.6001,-5.2643,WEALDEN GROUP
RH13,RH,16389.0,7,71.1,0.0,71.1,42.2,15.3,13.6,0.0,0.75,0.2746,0.6184,0.0,0.0762,0.09,0.0885,0.1299,0.0,3.8,150.0,23.9,841.0,7109.7,45.3,-5.4211,WEALDEN GROUP
RH14,RH,7017.0,7,72.4,0.0,72.4,42.2,13.8,16.4,0.0,0.75,0.2417,0.6799,0.0,0.0998,0.114,0.0967,0.1406,0.0,3.8,146.0,24.1,844.0,7237.3,14.2,-6.7088,WEALDEN GROUP
RH15,RH,14269.0,8,76.8,1.0971,75.7,41.6,20.1,14.0,0.0,0.75,0.375,0.6505,0.0,0.0661,0.071,0.1272,0.1945,0.0,4.1,152.0,26.7,904.0,7568.1,88.199997,-4.7919,WEALDEN GROUP
RH16,RH,16464.0,7,73.0,0.0,73.0,41.9,17.9,13.2,0.0,0.75,0.3295,0.5971,0.0,0.0839,0.0942,0.0625,0.0994,0.0,3.9,152.0,26.7,893.0,7302.3,3.9,-5.9408,WEALDEN GROUP
RH17,RH,8079.0,7,73.9,3.3757999,70.5,42.0,18.1,10.5,0.0,0.75,0.3315,0.5391,0.0,0.0628,0.0708,0.0613,0.088,0.0,4.1,151.0,26.3,863.0,7051.2,128.60001,-5.2946,WEALDEN GROUP
RH18,RH,1891.0,9,94.4,18.233801,76.1,41.6,20.0,14.5,0.0,0.75,0.3725,0.6209,0.0,0.0973,0.1082,0.059,0.0895,0.0,4.2,150.0,28.6,869.0,7613.9,382.70001,-6.1955,WEALDEN GROUP
RH19,RH,14928.0,9,93.5,22.720301,70.8,41.8,19.9,9.2,0.0,0.75,0.3698,0.5125,0.0,0.0499,0.0558,0.0656,0.0968,0.0,4.3,150.0,26.7,865.0,7081.8,463.0,-4.379,WEALDEN GROUP
RH2,RH,10992.0,7,69.5,4.8502998,64.6,33.4,15.0,16.2,0.0,0.6249,0.2688,0.6711,0.0,0.0981,0.1357,0.079,0.137,0.0,4.1,146.0,20.7,807.0,6463.4,133.39999,-8.4901,WEALDEN GROUP
RH20,RH,11325.0,7,64.7,3.457,61.2,25.4,18.8,17.0,0.0,0.5176,0.349,0.666,0.0,0.1186,0.1317,0.0575,0.0893,0.0,4.0,147.0,28.6,939.0,6119.9,153.89999,-12.6412,LOWER GREENSAND GROUP
RH3,RH,1771.0,9,86.7,21.615999,65.1,33.9,15.7,15.5,0.0,0.6332,0.2827,0.6543,0.0,0.0982,0.1183,0.0739,0.1267,0.0,4.1,146.0,23.6,809.0,6510.6,411.70001,-7.9324,WEALDEN GROUP
RH4,RH,6947.0,6,62.1,14.9828,47.1,21.3,16.7,9.2,0.0,0.4547,0.3032,0.4956,0.0,0.061,0.0648,0.0379,0.0681,0.0,4.2,145.0,24.2,828.0,4713.8,289.20001,-14.5507,LOWER GREENSAND GROUP
RH5,RH,6939.0,5,54.7,0.0,54.7,29.0,17.3,8.4,0.0,0.5634,0.3144,0.4953,0.0,0.0424,0.0521,0.0642,0.1027,0.0,4.2,145.0,27.3,838.0,5466.8,23.3,-7.8667,WEALDEN GROUP
RH6,RH,14368.0,9,90.1,0.0,90.1,41.7,16.9,31.4,0.0,0.75,0.3104,0.9684,0.0,0.2002,0.2931,0.1676,0.2791,0.0,4.1,149.0,23.0,836.0,9007.6,1.0,-11.7538,WEALDEN GROUP
RH7,RH,3273.0,8,84.8,0.77939999,84.1,41.8,16.3,26.0,0.0,0.75,0.2957,0.8654,0.0,0.1837,0.2225,0.1151,0.1793,0.0,4.2,148.0,20.5,826.0,8405.9,74.099998,-12.223,WEALDEN GROUP
RH8,RH,6244.0,8,79.2,20.0914,59.1,32.2,15.7,11.2,0.0,0.6065,0.2832,0.5607,0.0,0.0626,0.0715,0.0708,0.1168,0.0,4.3,145.0,20.8,787.0,5906.7,387.39999,-7.8438,WEALDEN GROUP
RH9,RH,2539.0,6,62.6,0.0,62.6,35.4,16.2,11.0,0.0,0.6559,0.2932,0.5677,0.0,0.0513,0.0618,0.0924,0.1434,0.0,4.2,147.0,22.1,806.0,6256.6,33.3,-6.2388,WEALDEN GROUP
RM1,RM,9684.0,9,86.9,0.0,86.9,61.8,9.1,15.9,0.0,0.9973,0.1307,0.713,0.0,0.0561,0.1253,0.1533,0.2818,0.0,4.0,140.0,12.4,610.0,8685.0,6.8,-6.0606,THAMES GROUP
RM10,RM,14464.0,9,98.2,2.8796999,95.3,62.0,8.2,25.0,0.0,0.9949,0.1105,0.9429,0.0,0.0708,0.1009,0.3283,0.6458,0.0,3.9,140.0,12.6,599.0,9531.6,151.60001,-7.5932,THAMES GROUP
RM11,RM,12680.0,8,85.0,1.5244,83.5,62.3,8.8,12.4,0.0,1.0,0.1235,0.6222,0.0,0.0401,0.0836,0.1188,0.2413,0.0,4.0,140.0,12.4,599.0,8348.4,98.5,-4.5714,THAMES GROUP
RM12,RM,14281.0,9,89.2,0.0,89.2,62.4,8.4,18.4,0.0,1.0,0.1141,0.7302,0.0,0.1036,0.1182,0.1059,0.2587,0.0,3.9,140.0,12.2,595.0,8919.4,4.0,-6.8787,THAMES GROUP
RM13,RM,12024.0,10,105.4,4.9979,100.4,57.8,8.7,33.9,0.0,0.9443,0.1225,0.9561,0.0,0.2408,0.331,0.0798,0.219,0.0,4.0,140.0,12.6,598.0,10037.4,176.3,-10.9249,THAMES GROUP
RM14,RM,10946.0,9,100.2,4.5506001,95.7,61.9,9.3,24.5,0.0,1.0,0.1387,0.8596,0.0,0.1396,0.2039,0.1582,0.2768,0.0,4.2,139.0,12.2,588.0,9567.5,185.10001,-10.2548,THAMES GROUP
RM15,RM,12127.0,8,84.3,0.31990001,84.0,57.4,9.7,16.9,0.0,0.941,0.1466,0.706,0.0,0.0887,0.1105,0.1219,0.2136,0.0,4.2,140.0,13.0,590.0,8395.6,86.199997,-6.0938,THAMES GROUP
RM16,RM,18950.0,8,75.5,0.0,75.5,44.3,10.0,21.2,0.0,0.7764,0.1561,0.8328,0.0,0.0882,0.129,0.2365,0.3144,0.0,4.3,139.0,11.3,587.0,7547.4,65.699997,-9.2736,THAMES GROUP
RM17,RM,11088.0,5,53.4,8.2629004,45.1,11.4,9.9,23.8,0.0,0.2185,0.1536,0.9411,0.0,0.0298,0.048,0.46,0.5357,0.0,4.2,140.0,10.6,590.0,4511.1,181.3,-18.1241,THANET SAND FORMATION
RM18,RM,7133.0,6,62.8,4.4668002,58.3,14.9,11.0,32.4,0.0,0.3304,0.1803,1.0,0.0,0.1628,0.1824,0.3214,0.3518,0.0,4.4,139.0,10.9,586.0,5829.6,138.10001,-19.6598,THANET SAND FORMATION
RM19,RM,1564.0,8,80.0,0.80430001,79.2,8.7,9.2,61.3,0.0,0.1367,0.1352,1.0,0.0,0.3913,0.4483,0.4038,0.4559,0.0,4.1,140.0,11.6,597.0,7916.1,81.400002,-20.3817,THANET SAND FORMATION
RM2,RM,5575.0,8,83.2,0.0,83.2,62.1,9.1,12.0,0.0,1.0,0.1311,0.6295,0.0,0.0292,0.0497,0.1482,0.2864,0.0,4.0,140.0,12.1,607.0,8320.0,33.700001,-4.3938,THAMES GROUP
RM20,RM,1656.0,3,42.0,0.5819,41.4,6.9,9.2,25.3,0.0,0.08,0.135,0.9541,0.0,0.049,0.077,0.4353,0.5253,0.0,4.1,140.0,11.2,595.0,4144.3,49.200001,-20.9929,none (low-plasticity bedrock)
RM3,RM,18303.0,8,84.3,0.0,84.3,61.8,9.9,12.7,0.0,0.9992,0.1513,0.6459,0.0,0.0356,0.0489,0.1584,0.2756,0.0,4.2,140.0,12.4,612.0,8433.6,29.6,-4.8366,THAMES GROUP
RM4,RM,1907.0,9,87.1,0.0,87.1,60.9,11.3,14.9,0.0,0.9918,0.1846,0.6506,0.0,0.0851,0.0974,0.091,0.1643,0.0,4.3,139.0,15.5,639.0,8706.8,22.1,-6.1392,THAMES GROUP
RM5,RM,8062.0,8,83.6,0.0,83.6,61.9,9.8,11.9,0.0,1.0,0.1493,0.6265,0.0,0.0277,0.0461,0.1517,0.2801,0.0,4.1,140.0,14.3,618.0,8360.9,0.0,-4.5154,THAMES GROUP
RM6,RM,12545.0,10,131.7,48.487701,83.2,62.3,8.8,12.2,0.0,1.0,0.1233,0.6632,0.0,0.0049,0.0171,0.2107,0.3801,0.0,3.9,140.0,14.5,607.0,8323.7,908.59998,-3.9228,THAMES GROUP
RM7,RM,11642.0,10,107.0,20.552799,86.4,62.4,8.6,15.5,0.0,1.0,0.118,0.7192,0.0,0.0424,0.0898,0.1737,0.3699,0.0,3.9,140.0,12.8,606.0,8641.6,443.20001,-5.3719,THAMES GROUP
RM8,RM,16586.0,9,90.6,0.0,90.6,62.5,8.2,19.9,0.0,1.0,0.1092,0.8849,0.0,0.0057,0.0057,0.3882,0.6941,0.0,3.9,140.0,13.2,601.0,9058.4,57.200001,-6.7821,THAMES GROUP
RM9,RM,14267.0,10,202.4,100.9602,101.4,53.9,7.9,39.6,0.0,0.8919,0.1025,1.0,0.0,0.1511,0.3654,0.3708,0.6613,0.0,3.8,140.0,13.0,602.0,10143.0,1782.5,-9.4576,THAMES GROUP
S1,S,5078.0,5,52.7,8.4673996,44.2,7.7,14.0,22.5,0.0,0.12,0.2476,0.8436,0.0,0.1062,0.3053,0.12,0.3236,0.0,4.3,132.0,20.7,817.0,4420.4,182.7,-23.8111,none (low-plasticity bedrock)
S10,S,17280.0,4,46.2,0.935,45.3,6.9,28.8,9.6,0.0,0.12,0.5483,0.5342,0.0,0.0485,0.0587,0.0637,0.1597,0.0,5.6,133.0,32.4,1032.0,4465.7,61.599998,-15.0164,none (low-plasticity bedrock)
S11,S,13965.0,3,40.3,0.0,40.3,7.1,25.8,7.4,0.0,0.12,0.4898,0.4661,0.0,0.0408,0.0497,0.0414,0.115,0.0,5.4,133.0,29.2,980.0,4019.4,0.0,-15.9624,none (low-plasticity bedrock)
S12,S,15044.0,1,28.2,0.0,28.2,7.8,13.5,7.0,0.0,0.12,0.2317,0.4362,0.0,0.0384,0.0667,0.0282,0.0732,0.0,4.4,132.0,22.5,765.0,2823.6,0.0,-20.5368,none (low-plasticity bedrock)
S13,S,14047.0,6,60.6,31.097,29.5,8.1,9.3,12.1,0.0,0.12,0.1358,0.5735,0.0,0.0676,0.0977,0.0537,0.1345,0.0,4.0,132.0,19.1,739.0,2953.9,555.5,-20.488,none (low-plasticity bedrock)
S14,S,4290.0,1,30.5,0.076,30.5,7.7,14.5,8.3,0.0,0.12,0.2554,0.4859,0.0,0.0473,0.0642,0.0438,0.0966,0.0,4.4,132.0,23.9,826.0,3046.1,40.700001,-19.5714,none (low-plasticity bedrock)
S17,S,7112.0,4,50.1,14.3979,35.7,7.3,21.1,7.3,0.0,0.12,0.3932,0.4652,0.0,0.0371,0.0506,0.0483,0.1092,0.0,5.1,132.0,23.4,946.0,3566.8,296.20001,-17.4601,none (low-plasticity bedrock)
S18,S,11098.0,1,31.8,0.0,31.8,7.5,18.6,5.8,0.0,0.12,0.3414,0.3977,0.0,0.0333,0.039,0.0295,0.063,0.0,5.0,132.0,19.9,820.0,3183.3,14.1,-19.1027,none (low-plasticity bedrock)
S2,S,17852.0,2,34.3,2.9231999,31.4,8.0,11.5,11.9,0.0,0.12,0.1887,0.5816,0.0,0.0583,0.0998,0.063,0.1725,0.0,4.0,132.0,22.8,785.0,3136.2,71.300003,-19.3523,none (low-plasticity bedrock)
S20,S,7757.0,3,38.0,0.0,38.0,8.0,11.1,18.8,0.0,0.12,0.1813,0.7042,0.0,0.1288,0.1633,0.0525,0.1272,0.0,4.4,131.0,18.1,737.0,3796.3,2.7,-21.0262,none (low-plasticity bedrock)
S21,S,5024.0,2,32.7,0.0,32.7,8.0,10.5,14.2,0.0,0.12,0.1653,0.6015,0.0,0.0944,0.1072,0.0435,0.0949,0.0,4.3,131.0,17.2,750.0,3274.7,5.0,-20.098,none (low-plasticity bedrock)
S25,S,5543.0,1,24.0,0.0,24.0,7.5,9.9,6.6,0.0,0.0987,0.1494,0.4389,0.0,0.0278,0.044,0.0515,0.0998,0.0,4.5,131.0,16.2,672.0,2397.6,6.3,-21.4304,none (low-plasticity bedrock)
S26,S,6323.0,1,23.7,0.0,23.7,8.1,8.4,7.2,0.0,0.1151,0.1116,0.4466,0.0,0.0411,0.0472,0.0393,0.0805,0.0,4.1,131.0,16.1,703.0,2368.0,0.0,-22.1204,none (low-plasticity bedrock)
S3,S,6316.0,3,38.8,0.0,38.8,7.7,13.8,17.2,0.0,0.12,0.2432,0.7346,0.0,0.0651,0.2101,0.1168,0.2808,0.0,4.3,132.0,20.7,807.0,3881.9,9.7,-19.5784,none (low-plasticity bedrock)
S32,S,1497.0,2,37.1,0.0,37.1,7.2,22.4,7.5,0.0,0.1175,0.4205,0.4544,0.0,0.046,0.0631,0.0324,0.0677,0.0,4.7,133.0,29.0,1066.0,3708.5,25.700001,-17.7568,none (low-plasticity bedrock)
S33,S,1364.0,5,54.4,0.0,54.4,6.6,38.4,9.4,0.0,0.1191,0.7215,0.517,0.0,0.0579,0.0656,0.0503,0.0977,0.0,5.7,133.0,50.4,1457.0,5113.6,31.5,-13.6486,none (low-plasticity bedrock)
S35,S,10202.0,4,46.7,12.534,34.2,7.5,18.6,8.1,0.0,0.12,0.3418,0.4746,0.0,0.0503,0.0678,0.0353,0.0754,0.0,4.9,133.0,19.8,835.0,3417.2,251.60001,-18.7582,none (low-plasticity bedrock)
S36,S,7360.0,5,52.5,0.0,52.5,6.6,36.9,9.0,0.0,0.12,0.6954,0.5126,0.0,0.0506,0.0617,0.0538,0.1188,0.0,6.0,134.0,35.3,1199.0,4980.5,24.8,-13.5632,none (low-plasticity bedrock)
S4,S,4672.0,2,37.0,0.0,37.0,7.9,11.8,17.3,0.0,0.12,0.1971,0.7445,0.0,0.0586,0.2062,0.1292,0.3185,0.0,4.1,133.0,19.0,762.0,3700.6,1.2,-20.5124,none (low-plasticity bedrock)
S40,S,16926.0,3,41.2,0.0455,41.2,7.6,15.5,18.1,0.0,0.12,0.2797,0.7124,0.0,0.1084,0.1697,0.0769,0.1736,0.0,4.6,132.0,20.2,856.0,4120.4,48.599998,-19.8129,none (low-plasticity bedrock)
S41,S,17156.0,2,37.2,2.5727,34.6,7.8,13.1,13.7,0.0,0.12,0.2257,0.6154,0.0,0.0733,0.1212,0.0686,0.1429,0.0,4.4,131.0,19.2,799.0,3459.5,81.599998,-18.9466,none (low-plasticity bedrock)
S42,S,13238.0,2,33.9,0.79879999,33.1,7.4,19.5,6.2,0.0,0.12,0.3612,0.4217,0.0,0.029,0.0402,0.0452,0.083,0.0,5.0,132.0,26.4,895.0,3305.5,45.5,-18.0599,none (low-plasticity bedrock)
S43,S,18088.0,1,30.0,0.0,30.0,7.9,9.3,12.8,0.0,0.1116,0.1365,0.5798,0.0,0.0777,0.0966,0.0529,0.1059,0.0,4.2,131.0,14.5,737.0,3001.2,0.0,-20.7876,none (low-plasticity bedrock)
S44,S,10013.0,1,25.0,0.0,25.0,7.7,11.1,6.3,0.0,0.1079,0.1775,0.4259,0.0,0.0276,0.0387,0.0485,0.0911,0.0,4.3,131.0,17.2,764.0,2498.6,4.9,-20.9419,none (low-plasticity bedrock)
S45,S,6755.0,1,27.6,0.0,27.6,7.7,14.6,5.3,0.0,0.1194,0.2562,0.3772,0.0,0.0211,0.0306,0.0386,0.0727,0.0,4.6,131.0,20.9,829.0,2763.7,6.2,-18.3325,none (low-plasticity bedrock)
S5,S,25204.0,1,29.0,0.0,29.0,7.9,12.4,8.8,0.0,0.12,0.2083,0.5158,0.0,0.0414,0.0532,0.0621,0.1622,0.0,4.3,133.0,18.8,776.0,2901.6,3.9,-19.223,none (low-plasticity bedrock)
S6,S,26430.0,7,68.4,21.0613,47.4,6.9,31.0,9.5,0.0,0.12,0.59,0.5231,0.0,0.0547,0.07,0.0473,0.1306,0.0,5.6,133.0,32.7,1123.0,4627.0,400.70001,-14.8371,none (low-plasticity bedrock)
S60,S,17728.0,10,113.1,78.005798,35.1,8.3,7.6,19.3,0.0,0.12,0.0903,0.7165,0.0,0.118,0.1792,0.066,0.1568,0.0,3.9,132.0,15.6,703.0,3509.0,1351.3,-20.9953,none (low-plasticity bedrock)
S61,S,15472.0,1,27.4,0.0,27.4,8.1,9.7,9.6,0.0,0.12,0.1451,0.5269,0.0,0.0526,0.0756,0.0527,0.1254,0.0,4.1,133.0,16.2,715.0,2739.5,6.8,-21.2924,none (low-plasticity bedrock)
S62,S,9401.0,1,26.8,0.73019999,26.1,8.1,9.3,8.7,0.0,0.12,0.1355,0.5052,0.0,0.0477,0.0764,0.047,0.111,0.0,4.2,132.0,14.3,689.0,2611.6,37.8,-21.1733,none (low-plasticity bedrock)
S63,S,18301.0,2,34.2,0.0,34.2,8.3,7.3,18.6,0.0,0.12,0.0824,0.7011,0.0,0.1159,0.1576,0.0638,0.1565,0.0,4.0,133.0,12.1,645.0,3416.0,0.0,-20.6746,none (low-plasticity bedrock)
S64,S,13780.0,3,42.6,0.0,42.6,8.3,7.6,26.7,0.0,0.12,0.0922,0.848,0.0,0.1838,0.3032,0.0582,0.1425,0.0,4.1,132.0,11.5,659.0,4260.5,16.700001,-25.8518,none (low-plasticity bedrock)
S65,S,14059.0,1,25.9,0.0,25.9,8.2,8.0,9.7,0.0,0.1199,0.1004,0.5366,0.0,0.0514,0.0845,0.0553,0.1337,0.0,4.1,131.0,14.9,675.0,2594.5,17.0,-22.2963,none (low-plasticity bedrock)
S66,S,19976.0,1,22.9,0.0,22.9,7.5,10.0,5.3,0.0,0.103,0.1513,0.3746,0.0,0.0187,0.023,0.04,0.0879,0.0,4.5,131.0,16.4,678.0,2289.9,0.0,-19.9754,none (low-plasticity bedrock)
S7,S,6488.0,4,48.8,0.0,48.8,7.2,19.8,21.8,0.0,0.12,0.3703,0.7917,0.0,0.1431,0.2064,0.084,0.2062,0.0,5.0,132.0,23.4,878.0,4883.7,4.0,-22.0241,none (low-plasticity bedrock)
S70,S,18764.0,2,34.8,4.2325001,30.5,7.9,11.7,10.9,0.0,0.12,0.1927,0.5529,0.0,0.06,0.0857,0.0553,0.1316,0.0,4.4,133.0,15.9,708.0,3052.7,97.800003,-20.2713,none (low-plasticity bedrock)
S71,S,21043.0,2,35.9,0.0,35.9,8.1,10.0,17.9,0.0,0.12,0.1531,0.6941,0.0,0.114,0.1465,0.0677,0.1495,0.0,4.2,134.0,15.0,715.0,3592.2,7.0,-20.4736,none (low-plasticity bedrock)
S72,S,11193.0,1,26.5,0.0,26.5,8.2,8.3,10.0,0.0,0.12,0.1088,0.5242,0.0,0.0653,0.0811,0.0391,0.0866,0.0,4.1,133.0,15.2,662.0,2650.3,5.0,-22.6534,none (low-plasticity bedrock)
S73,S,12518.0,5,50.6,1.8262,48.8,8.2,8.8,31.8,0.0,0.12,0.1254,0.9182,0.0,0.2388,0.277,0.0745,0.1627,0.0,4.1,133.0,15.2,683.0,4875.4,84.400002,-24.3938,none (low-plasticity bedrock)
S74,S,8351.0,1,26.3,0.0,26.3,7.9,11.8,6.6,0.0,0.12,0.1935,0.4559,0.0,0.0209,0.0391,0.0643,0.1408,0.0,4.4,133.0,14.9,691.0,2625.9,8.3,-19.1348,none (low-plasticity bedrock)
S75,S,19821.0,5,56.3,19.0145,37.3,7.5,17.6,12.2,0.0,0.12,0.322,0.5715,0.0,0.0809,0.0995,0.0416,0.096,0.0,4.8,134.0,19.5,849.0,3727.2,356.89999,-19.6316,none (low-plasticity bedrock)
S8,S,20527.0,2,33.9,0.0,33.9,7.5,17.7,8.8,0.0,0.12,0.3233,0.5061,0.0,0.0442,0.0693,0.054,0.122,0.0,4.8,132.0,23.8,850.0,3392.3,13.8,-17.9104,none (low-plasticity bedrock)
S80,S,13723.0,1,22.1,0.0,22.1,7.4,7.8,7.0,0.0,0.0858,0.0952,0.4348,0.0,0.0396,0.0608,0.0308,0.0662,0.0,4.1,129.0,16.0,653.0,2211.1,0.0,-24.2558,none (low-plasticity bedrock)
S81,S,16688.0,4,48.7,19.200899,29.5,7.3,9.1,13.2,0.0,0.0891,0.1295,0.577,0.0,0.0856,0.115,0.0363,0.0778,0.0,4.4,129.0,15.0,643.0,2952.2,346.0,-22.2373,none (low-plasticity bedrock)
S9,S,11087.0,2,34.0,0.0,34.0,8.2,9.0,16.8,0.0,0.12,0.1298,0.7166,0.0,0.0695,0.1742,0.1106,0.2739,0.0,3.9,132.0,15.7,753.0,3397.2,12.7,-20.1275,none (low-plasticity bedrock)
SA1,SA,22847.0,10,118.9,49.595798,69.3,6.6,33.2,28.3,1.3,0.12,0.6301,0.8639,0.8802,0.2428,0.267,0.0293,0.0608,0.02,4.7,153.0,43.4,1470.0,6762.5,940.79999,-20.3803,none (low-plasticity bedrock)
SA10,SA,13261.0,5,52.8,0.0,52.8,6.8,33.2,11.6,1.3,0.12,0.6297,0.5686,0.8802,0.0707,0.0828,0.068,0.0872,0.02,3.9,152.0,67.7,1853.0,5116.8,20.9,-13.2795,none (low-plasticity bedrock)
SA11,SA,16461.0,6,58.2,0.0,58.2,6.6,36.0,14.3,1.3,0.12,0.6803,0.6358,0.8802,0.0892,0.1141,0.0787,0.1065,0.02,4.0,151.0,69.2,2030.0,5567.1,27.700001,-13.1406,none (low-plasticity bedrock)
SA12,SA,14523.0,5,53.2,0.84969997,52.4,6.8,31.0,13.3,1.3,0.12,0.5887,0.5751,0.8802,0.096,0.1568,0.0119,0.0241,0.02,4.1,153.0,53.2,1685.0,5126.3,63.400002,-15.3863,none (low-plasticity bedrock)
SA13,SA,8486.0,6,62.6,6.6787,55.9,6.9,34.6,13.2,1.3,0.1303,0.6545,0.5827,0.8802,0.0952,0.1178,0.0348,0.0455,0.02,4.2,152.0,63.6,1699.0,5386.6,188.39999,-14.1194,TRIASSIC ROCKS (UNDIFFERENTIATED)
SA14,SA,15193.0,6,62.8,7.2185998,55.5,6.6,33.9,13.7,1.3,0.1164,0.6429,0.6138,0.8802,0.092,0.1281,0.0546,0.0752,0.02,4.4,153.0,55.5,1479.0,5367.9,167.60001,-14.1578,none (low-plasticity bedrock)
SA15,SA,16011.0,7,68.6,0.0,68.6,6.6,32.2,28.5,1.3,0.1195,0.612,0.8793,0.8802,0.2402,0.2717,0.0495,0.0701,0.02,4.6,152.0,50.7,1359.0,6717.8,6.6,-20.5738,none (low-plasticity bedrock)
SA16,SA,3828.0,9,86.2,0.0,86.2,6.6,30.9,47.5,1.3,0.12,0.5868,1.0,0.8802,0.4048,0.4394,0.0097,0.0171,0.02,4.9,153.0,34.4,1259.0,8505.3,30.9,-19.5365,none (low-plasticity bedrock)
SA17,SA,4662.0,8,82.4,9.257,73.1,6.3,33.7,31.8,1.3,0.1125,0.6408,0.9148,0.8802,0.2815,0.292,0.03,0.0427,0.02,4.8,152.0,43.9,1360.0,7131.5,222.60001,-20.7013,none (low-plasticity bedrock)
SA18,SA,12975.0,5,53.2,1.1647,52.0,6.7,33.6,10.4,1.3,0.1185,0.6377,0.5395,0.8802,0.0626,0.0805,0.0602,0.0771,0.02,4.1,153.0,56.8,1717.0,5025.7,70.400002,-13.0853,none (low-plasticity bedrock)
SA19,SA,4421.0,4,49.0,0.0,49.0,6.6,31.7,9.6,1.2,0.1079,0.6012,0.509,0.8802,0.0617,0.0729,0.0458,0.0598,0.02,4.0,153.0,54.1,1571.0,4777.2,3.9,-13.2839,none (low-plasticity bedrock)
SA2,SA,15324.0,6,59.4,8.1954002,51.2,6.8,32.7,10.5,1.3,0.119,0.6195,0.5375,0.8802,0.0684,0.0794,0.0487,0.0791,0.02,4.7,153.0,41.6,1347.0,4968.2,187.2,-13.5263,none (low-plasticity bedrock)
SA20,SA,1443.0,4,45.4,0.0,45.4,6.8,28.8,8.5,1.2,0.1137,0.5483,0.4802,0.8802,0.0519,0.0688,0.0436,0.0534,0.02,3.6,153.0,47.3,1631.0,4476.4,29.1,-13.6235,none (low-plasticity bedrock)
SA3,SA,11532.0,6,63.5,0.31810001,63.2,6.2,34.8,20.9,1.3,0.1063,0.6596,0.7187,0.8802,0.1776,0.179,0.0143,0.0218,0.02,5.1,153.0,41.0,1280.0,6109.4,70.0,-16.4975,none (low-plasticity bedrock)
SA31,SA,7880.0,8,77.7,19.297501,58.4,6.8,30.3,20.1,1.3,0.1188,0.5762,0.7139,0.8802,0.157,0.1948,0.0268,0.0443,0.02,4.2,151.0,45.4,1478.0,5746.6,383.0,-16.3631,none (low-plasticity bedrock)
SA32,SA,3091.0,5,53.8,0.0,53.8,6.6,34.1,11.9,1.3,0.1116,0.646,0.5561,0.8802,0.0835,0.0954,0.0403,0.0516,0.02,4.2,152.0,59.1,1585.0,5188.3,21.200001,-13.8599,none (low-plasticity bedrock)
SA33,SA,5514.0,5,54.4,0.0,54.4,6.8,30.1,16.2,1.3,0.1187,0.5732,0.6377,0.8802,0.1259,0.1314,0.0324,0.0387,0.02,4.2,151.0,47.6,1458.0,5346.2,38.599998,-15.0911,none (low-plasticity bedrock)
SA34,SA,2253.0,7,74.6,26.2376,48.4,6.8,32.5,7.8,1.2,0.1193,0.6163,0.4561,0.8802,0.055,0.0645,0.0289,0.0348,0.02,4.4,150.0,50.9,1466.0,4686.1,490.60001,-13.836,none (low-plasticity bedrock)
SA35,SA,372.0,5,52.4,1.2776,51.1,6.9,39.1,3.9,1.2,0.12,0.7325,0.2975,0.8802,0.016,0.017,0.0259,0.0283,0.02,4.8,148.0,60.8,1604.0,4774.3,66.099998,-10.52,none (low-plasticity bedrock)
SA36,SA,119.0,6,63.6,7.9674001,55.6,6.7,42.1,5.5,1.3,0.12,0.786,0.3896,0.8802,0.0348,0.04,0.0296,0.0383,0.02,5.1,148.0,59.7,1621.0,5105.8,185.8,-11.8902,none (low-plasticity bedrock)
SA37,SA,534.0,4,48.8,0.0,48.8,6.7,34.9,5.9,1.2,0.12,0.6592,0.3973,0.8802,0.0404,0.0466,0.0243,0.0295,0.02,4.7,147.0,48.2,1526.0,4667.3,44.8,-13.6642,none (low-plasticity bedrock)
SA38,SA,1804.0,4,44.1,0.0,44.1,7.0,27.7,8.1,1.2,0.12,0.5274,0.4607,0.8802,0.0616,0.0676,0.0224,0.0264,0.02,4.2,147.0,42.7,1445.0,4370.0,44.599998,-15.0588,none (low-plasticity bedrock)
SA39,SA,1068.0,4,49.8,0.0,49.8,6.5,36.1,5.9,1.2,0.1112,0.6816,0.4068,0.8802,0.0388,0.0432,0.0323,0.0378,0.02,4.3,151.0,58.7,1681.0,4728.5,8.5,-13.4912,none (low-plasticity bedrock)
SA4,SA,20083.0,10,165.0,100.9259,64.0,6.8,28.0,28.0,1.3,0.12,0.5336,0.8641,0.8802,0.2336,0.2555,0.0476,0.0721,0.02,4.2,153.0,46.3,1390.0,6351.3,1753.4,-21.0334,none (low-plasticity bedrock)
SA40,SA,1154.0,5,50.5,1.0351,49.4,6.8,31.5,9.9,1.2,0.1163,0.598,0.5105,0.8802,0.0694,0.0762,0.0369,0.0465,0.02,4.3,151.0,46.4,1458.0,4820.0,61.400002,-13.5622,none (low-plasticity bedrock)
SA41,SA,985.0,5,53.4,0.0,53.4,6.4,40.4,5.3,1.2,0.1081,0.7559,0.3835,0.8802,0.0293,0.0333,0.0352,0.0485,0.02,5.1,148.0,53.4,1626.0,4943.7,4.0,-11.7693,none (low-plasticity bedrock)
SA42,SA,1031.0,5,56.0,0.0,56.0,6.3,40.1,8.3,1.3,0.1068,0.7524,0.4542,0.8802,0.0668,0.0678,0.0121,0.0165,0.02,5.6,148.0,38.8,1486.0,5214.0,55.400002,-13.3088,none (low-plasticity bedrock)
SA43,SA,5852.0,4,46.7,0.0,46.7,6.9,31.2,7.4,1.2,0.12,0.5922,0.4346,0.8802,0.0589,0.0621,0.014,0.0176,0.02,5.2,146.0,32.9,1275.0,4559.2,32.900002,-14.9609,none (low-plasticity bedrock)
SA44,SA,5336.0,4,46.5,1.7651,44.8,6.9,30.5,6.0,1.2,0.1172,0.5801,0.3978,0.8802,0.0428,0.0464,0.0219,0.0265,0.02,4.6,149.0,47.7,1375.0,4378.3,73.599998,-14.4082,none (low-plasticity bedrock)
SA45,SA,671.0,4,48.2,0.0,48.2,6.0,32.4,8.6,1.2,0.08,0.6136,0.4639,0.8802,0.0722,0.073,0.0092,0.0107,0.02,5.2,149.0,33.5,1270.0,4673.6,14.3,-15.1487,none (low-plasticity bedrock)
SA46,SA,1183.0,4,48.2,1.4304,46.7,6.0,29.3,10.2,1.2,0.08,0.5582,0.499,0.8802,0.0788,0.0858,0.0158,0.0187,0.02,5.0,151.0,32.7,1254.0,4601.4,80.699997,-14.8598,none (low-plasticity bedrock)
SA47,SA,510.0,4,44.5,0.0,44.5,6.0,32.4,4.9,1.2,0.0809,0.613,0.347,0.8802,0.024,0.0283,0.0296,0.0356,0.02,5.0,150.0,36.4,1252.0,4308.7,19.4,-12.2762,none (low-plasticity bedrock)
SA48,SA,3706.0,4,47.6,0.0,47.6,6.5,30.1,9.8,1.2,0.1043,0.5721,0.506,0.8802,0.0676,0.0746,0.0369,0.0468,0.02,4.2,153.0,47.4,1391.0,4669.8,53.700001,-13.911,none (low-plasticity bedrock)
SA5,SA,15981.0,4,44.5,0.0,44.5,7.0,28.6,7.6,1.2,0.12,0.5449,0.4676,0.8802,0.0422,0.0504,0.052,0.0788,0.02,4.1,153.0,50.8,1474.0,4388.4,25.4,-13.3851,none (low-plasticity bedrock)
SA6,SA,14148.0,4,50.2,0.0,50.2,6.8,31.6,10.5,1.2,0.12,0.5994,0.5343,0.8802,0.068,0.1115,0.0366,0.056,0.02,4.4,153.0,52.4,1501.0,4894.5,21.6,-14.1867,none (low-plasticity bedrock)
SA61,SA,6326.0,4,50.0,0.0,50.0,6.9,31.4,10.5,1.2,0.12,0.596,0.5141,0.8802,0.0777,0.102,0.0164,0.0324,0.02,5.1,150.0,40.3,1229.0,4877.0,10.5,-14.18,none (low-plasticity bedrock)
SA62,SA,9177.0,4,49.4,0.0,49.4,6.7,32.6,8.9,1.2,0.113,0.6176,0.4742,0.8802,0.0709,0.0745,0.0153,0.0201,0.02,5.2,150.0,40.5,1260.0,4793.3,10.5,-14.4229,none (low-plasticity bedrock)
SA63,SA,703.0,5,50.6,0.24250001,50.4,6.7,34.6,7.8,1.2,0.1159,0.6552,0.459,0.8802,0.0539,0.0583,0.035,0.0383,0.02,4.9,149.0,53.3,1446.0,4829.5,55.200001,-13.1808,none (low-plasticity bedrock)
SA64,SA,1181.0,5,55.4,0.0,55.4,6.0,40.3,7.9,1.3,0.0961,0.7548,0.4442,0.8802,0.0645,0.0657,0.0104,0.0146,0.02,6.1,150.0,32.8,1279.0,5157.7,8.1,-13.6856,none (low-plasticity bedrock)
SA65,SA,2015.0,7,68.5,11.1316,57.4,6.5,41.7,7.9,1.3,0.1161,0.7802,0.453,0.8802,0.0586,0.0633,0.0225,0.0308,0.02,5.6,149.0,39.5,1416.0,5303.4,256.39999,-12.4224,none (low-plasticity bedrock)
SA66,SA,1360.0,5,50.6,0.0,50.6,6.6,36.8,5.9,1.2,0.1166,0.6934,0.4039,0.8802,0.0404,0.0445,0.0273,0.0369,0.02,5.0,149.0,51.7,1492.0,4790.7,15.1,-13.373,none (low-plasticity bedrock)
SA67,SA,3358.0,4,47.9,0.0,47.9,6.9,31.3,8.5,1.2,0.1188,0.5952,0.4715,0.8802,0.0613,0.0658,0.0292,0.0345,0.02,4.6,151.0,47.2,1340.0,4674.0,47.3,-13.9712,none (low-plasticity bedrock)
SA68,SA,1790.0,6,57.3,0.0,57.3,6.7,32.3,17.1,1.3,0.1181,0.6133,0.6578,0.8802,0.1349,0.1408,0.0319,0.0433,0.02,4.7,151.0,43.9,1312.0,5589.2,45.0,-14.8501,none (low-plasticity bedrock)
SA69,SA,1668.0,7,73.2,17.188801,56.0,6.6,37.0,11.2,1.3,0.12,0.697,0.5347,0.8802,0.0854,0.0862,0.0299,0.0321,0.02,5.2,152.0,41.0,1320.0,5326.6,345.5,-13.6248,none (low-plasticity bedrock)
SA7,SA,6396.0,5,53.7,1.2589999,52.4,6.9,28.3,16.0,1.2,0.12,0.5383,0.6638,0.8802,0.1001,0.1606,0.0627,0.1112,0.02,4.1,153.0,47.7,1443.0,5187.0,71.199997,-14.4975,none (low-plasticity bedrock)
SA70,SA,4037.0,5,55.4,0.0,55.4,6.3,38.7,9.2,1.3,0.1067,0.7266,0.4819,0.8802,0.074,0.0823,0.0119,0.0194,0.02,5.6,152.0,39.0,1270.0,5206.1,25.200001,-13.8032,none (low-plasticity bedrock)
SA71,SA,5026.0,6,63.9,0.0,63.9,6.2,38.0,18.5,1.3,0.1079,0.7161,0.6752,0.8802,0.1574,0.159,0.0116,0.0173,0.02,5.9,151.0,36.0,1154.0,6081.3,40.900002,-15.3748,none (low-plasticity bedrock)
SA72,SA,4635.0,8,75.0,0.0,75.0,5.9,33.8,34.1,1.3,0.0944,0.6419,0.9325,0.8802,0.3064,0.3145,0.0106,0.0178,0.02,5.3,151.0,38.3,1195.0,7319.1,36.700001,-20.7521,none (low-plasticity bedrock)
SA73,SA,9673.0,7,66.4,0.2906,66.1,6.3,34.7,23.9,1.3,0.1089,0.6591,0.7709,0.8802,0.2052,0.2078,0.0148,0.0228,0.02,5.5,150.0,34.5,1189.0,6405.9,58.3,-18.0725,none (low-plasticity bedrock)
SA8,SA,5450.0,5,54.6,0.7069,53.9,6.6,37.1,8.9,1.3,0.12,0.6986,0.4983,0.8802,0.0535,0.067,0.0529,0.0635,0.02,4.4,152.0,63.1,1756.0,5111.1,63.5,-11.8947,none (low-plasticity bedrock)
SA9,SA,7141.0,5,56.1,0.0,56.1,6.4,41.1,7.3,1.3,0.1111,0.7691,0.4737,0.8802,0.0318,0.0483,0.0706,0.0919,0.02,4.7,151.0,71.6,1966.0,5191.8,29.5,-10.9883,none (low-plasticity bedrock)
SE1,SE,32608.0,9,92.4,0.9199,91.5,58.6,7.4,25.5,0.0,0.9504,0.0865,0.8774,0.0,0.1542,0.1573,0.1518,0.3756,0.0,3.6,140.0,13.2,630.0,9151.1,121.1,-9.3559,THAMES GROUP
SE10,SE,18361.0,9,89.9,0.0,89.9,40.9,7.9,33.6,7.6,0.7361,0.1009,0.962,1.0,0.232,0.2489,0.1299,0.2764,0.2923,3.8,140.0,12.9,618.0,8992.8,15.4,-7.6129,THANET SAND FORMATION
SE11,SE,10527.0,8,84.8,6.3091998,78.5,63.0,7.5,8.0,0.0,1.0,0.0871,0.5547,0.0,0.0,0.0,0.1055,0.4285,0.0,3.6,140.0,13.4,629.0,7850.9,162.8,-2.7405,THAMES GROUP
SE12,SE,11852.0,10,127.3,31.801701,95.5,61.4,9.7,24.5,0.0,0.9954,0.1467,0.8594,0.0,0.1493,0.1576,0.1572,0.3076,0.0,4.0,140.0,13.6,646.0,9551.6,667.79999,-10.2782,THAMES GROUP
SE13,SE,19732.0,9,88.6,0.0,88.6,40.2,8.7,35.1,4.6,0.7253,0.1232,0.9939,1.0,0.2322,0.2506,0.1602,0.3334,0.1771,3.9,140.0,13.6,620.0,8862.8,12.6,-9.1502,LAMBETH GROUP
SE14,SE,10270.0,6,60.2,0.0,60.2,41.8,8.1,10.3,0.0,0.7439,0.1046,0.6137,0.0,0.0,0.0,0.1764,0.383,0.0,3.7,140.0,14.3,621.0,6020.6,15.9,-2.972,THANET SAND FORMATION
SE15,SE,26963.0,10,105.2,37.0812,68.1,46.1,8.1,14.0,0.0,0.8034,0.1039,0.7267,0.0,0.0,0.0,0.2668,0.4784,0.0,3.7,140.0,14.3,622.0,6813.6,694.09998,-4.957,THAMES GROUP
SE16,SE,24499.0,10,128.4,58.0196,70.3,35.1,7.7,27.6,0.0,0.6516,0.0937,0.898,0.0,0.1761,0.1838,0.136,0.358,0.0,3.7,140.0,14.2,622.0,7033.7,1035.4,-13.0395,LAMBETH GROUP
SE17,SE,14534.0,7,72.0,0.0,72.0,53.4,7.4,11.2,0.0,0.8906,0.0862,0.6451,0.0,0.0,0.0,0.1804,0.4666,0.0,3.6,140.0,13.1,627.0,7197.0,70.400002,-2.3435,THAMES GROUP
SE18,SE,32921.0,10,219.6,141.26601,78.3,51.8,8.7,16.4,1.4,0.8713,0.1223,0.7018,1.0,0.082,0.0848,0.1278,0.2581,0.0379,3.9,140.0,13.5,616.0,7833.9,2463.6001,-4.2748,THAMES GROUP
SE19,SE,13158.0,9,90.2,11.681,78.5,61.9,9.8,6.8,0.0,1.0,0.1466,0.4981,0.0,0.0,0.0,0.1262,0.2223,0.0,3.9,141.0,15.9,641.0,7854.7,282.70001,-3.6028,THAMES GROUP
SE2,SE,10349.0,9,96.1,25.606899,70.5,37.5,8.9,16.5,7.6,0.6861,0.1267,0.7005,1.0,0.082,0.1211,0.1036,0.2658,0.2978,4.0,141.0,12.7,608.0,7046.5,492.39999,-2.3854,THANET SAND FORMATION
SE20,SE,11077.0,9,87.2,1.546,85.6,61.6,10.3,13.7,0.0,1.0,0.1615,0.7086,0.0,0.0105,0.028,0.2414,0.3925,0.0,4.0,141.0,16.4,658.0,8563.0,102.8,-5.5944,THAMES GROUP
SE21,SE,5836.0,8,76.6,0.6742,76.0,59.7,9.0,7.2,0.0,0.9696,0.1282,0.5161,0.0,0.0,0.0,0.1259,0.2674,0.0,3.9,140.0,13.9,624.0,7596.9,91.199997,-3.3168,THAMES GROUP
SE22,SE,12901.0,8,79.7,5.4654999,74.2,56.3,8.6,9.3,0.0,0.9274,0.1169,0.5728,0.0,0.0,0.0,0.1648,0.3001,0.0,3.8,140.0,13.2,622.0,7422.7,156.3,-2.3369,THAMES GROUP
SE23,SE,14094.0,8,77.8,0.0,77.8,62.1,9.1,6.6,0.0,1.0,0.13,0.4977,0.0,0.0,0.0,0.104,0.2878,0.0,3.9,140.0,13.3,625.0,7780.8,20.0,-3.3456,THAMES GROUP
SE24,SE,7709.0,9,87.9,17.577999,70.3,54.6,8.5,7.2,0.0,0.9078,0.1139,0.5171,0.0,0.0,0.0,0.1206,0.2859,0.0,3.8,140.0,14.2,625.0,7031.3,367.20001,-2.6775,THAMES GROUP
SE25,SE,15373.0,10,116.3,33.431198,82.9,60.2,10.1,12.6,0.0,0.9812,0.1568,0.6638,0.0,0.0157,0.0358,0.1961,0.3408,0.0,3.9,141.0,15.7,676.0,8291.6,650.09998,-4.5291,THAMES GROUP
SE26,SE,13412.0,10,143.3,59.261002,84.1,61.9,9.8,12.4,0.0,1.0,0.1473,0.6235,0.0,0.0456,0.0502,0.118,0.2757,0.0,3.9,141.0,14.6,630.0,8406.3,1090.3,-4.8634,THAMES GROUP
SE27,SE,9266.0,8,76.9,0.0,76.9,62.2,9.1,5.6,0.0,1.0,0.1296,0.4426,0.0,0.0,0.0,0.0937,0.1932,0.0,3.9,140.0,13.9,631.0,7688.0,22.5,-3.1469,THAMES GROUP
SE28,SE,10605.0,9,97.4,0.2291,97.2,33.8,8.2,55.3,0.0,0.6295,0.1088,1.0,0.0,0.4294,0.4444,0.0901,0.2242,0.0,3.9,140.0,12.4,605.0,9720.7,84.800003,-15.1675,THANET SAND FORMATION
SE3,SE,15217.0,8,79.4,0.76620001,78.6,58.5,8.8,11.4,0.0,0.9529,0.122,0.6048,0.3204,0.0301,0.0487,0.1329,0.2556,0.0026,3.9,140.0,13.4,618.0,7861.5,79.5,-3.7987,THAMES GROUP
SE4,SE,11480.0,8,76.9,3.2527001,73.6,52.0,8.6,12.7,0.3,0.8741,0.118,0.6497,0.5792,0.0342,0.0404,0.1528,0.3255,0.0087,3.8,140.0,14.2,627.0,7361.1,109.9,-3.1438,THAMES GROUP
SE5,SE,20215.0,8,84.6,13.5545,71.0,54.5,7.5,8.9,0.0,0.907,0.0888,0.5647,0.0,0.0,0.0,0.1508,0.3198,0.0,3.6,140.0,13.8,622.0,7101.5,304.20001,-2.5631,THAMES GROUP
SE6,SE,22430.0,10,104.2,16.0238,88.2,61.6,9.8,16.8,0.0,0.9989,0.1485,0.7442,0.0,0.0614,0.1038,0.1742,0.3386,0.0,4.0,140.0,14.1,645.0,8821.5,347.10001,-7.3717,THAMES GROUP
SE7,SE,8890.0,7,67.1,0.0,67.1,31.9,8.3,18.6,8.3,0.6049,0.1101,0.7533,1.0,0.0952,0.0977,0.1545,0.2717,0.3262,3.8,140.0,12.7,617.0,6712.8,65.0,-4.5966,THAMES GROUP
SE8,SE,13760.0,8,77.1,3.6356001,73.4,32.8,8.0,30.9,1.7,0.6157,0.1034,0.9501,1.0,0.1964,0.2107,0.1632,0.3631,0.0581,3.7,140.0,13.9,620.0,7344.8,143.2,-12.272,THANET SAND FORMATION
SE9,SE,25760.0,8,80.9,4.3172998,76.6,57.4,10.2,9.0,0.0,0.9444,0.1565,0.5417,0.0,0.0199,0.0302,0.1141,0.2183,0.0,4.0,140.0,14.3,625.0,7657.6,136.89999,-3.8556,THAMES GROUP
SG1,SG,22857.0,6,57.3,32.279301,25.1,6.9,12.3,5.9,0.0,0.08,0.2053,0.4311,0.0,0.0136,0.0344,0.0568,0.1544,0.0,4.5,138.0,14.3,653.0,2505.6,577.79999,-19.9797,none (low-plasticity bedrock)
SG10,SG,899.0,6,57.7,4.9071002,52.8,31.8,11.8,9.3,0.0,0.6012,0.1937,0.5123,0.0,0.058,0.0721,0.0452,0.0896,0.0,4.4,139.0,14.3,647.0,5282.5,130.5,-8.5613,LAMBETH GROUP
SG11,SG,3597.0,4,43.7,0.0,43.7,21.0,13.0,9.6,0.0,0.4462,0.2228,0.5135,0.0,0.0612,0.079,0.0408,0.0785,0.0,4.6,139.0,14.4,650.0,4368.8,7.3,-15.7358,LAMBETH GROUP
SG12,SG,13242.0,3,42.4,0.0,42.4,15.3,10.5,16.6,0.0,0.3242,0.167,0.6547,0.0,0.1125,0.1419,0.0473,0.0969,0.0,4.2,139.0,14.9,646.0,4244.6,5.9,-17.5304,LAMBETH GROUP
SG13,SG,7271.0,6,59.9,0.0,59.9,38.3,10.4,11.2,0.0,0.6963,0.163,0.5634,0.0,0.0577,0.079,0.0712,0.135,0.0,4.1,139.0,14.3,644.0,5994.8,0.0,-6.5702,THAMES GROUP
SG14,SG,8961.0,1,31.9,0.0,31.9,7.3,10.7,13.8,0.0,0.0983,0.1698,0.5917,0.0,0.0917,0.1119,0.0384,0.0874,0.0,4.3,139.0,13.9,651.0,3186.7,5.9,-21.2199,LAMBETH GROUP
SG15,SG,2583.0,9,92.3,30.908899,61.3,29.7,11.3,20.3,0.0,0.5697,0.1852,0.7653,0.0,0.1236,0.1771,0.097,0.2146,0.0,4.5,137.0,9.5,600.0,6134.1,586.09998,-13.0926,GAULT FORMATION AND UPPER GREENSAND FORMATION (UNDIFFERENTIATED)
SG16,SG,2870.0,9,99.4,47.369801,52.0,24.2,11.1,16.7,0.0,0.4939,0.1813,0.682,0.0,0.1016,0.1354,0.075,0.1679,0.0,4.5,137.0,10.6,599.0,5203.2,853.0,-14.3788,LOWER GREENSAND GROUP
SG17,SG,5951.0,7,65.7,6.8992,58.8,34.5,11.0,13.2,0.0,0.64,0.1775,0.5967,0.0,0.0768,0.0991,0.0607,0.1311,0.0,4.5,136.0,11.7,598.0,5876.3,157.39999,-7.2785,LOWER GREENSAND GROUP
SG18,SG,12731.0,7,67.0,0.0,67.0,40.7,10.1,16.2,0.0,0.7282,0.1571,0.6684,0.0,0.1005,0.1251,0.0704,0.1598,0.0,4.4,135.0,10.1,582.0,6698.5,56.0,-6.9468,KELLAWAYS FORMATION AND OXFORD CLAY FORMATION (UNDIFFERENTIATED)
SG19,SG,10666.0,7,70.4,5.829,64.6,41.1,9.3,14.2,0.0,0.7346,0.1354,0.6454,0.0,0.0692,0.1016,0.1004,0.1923,0.0,4.3,135.0,11.6,581.0,6460.9,162.8,-5.4688,LOWER GREENSAND GROUP
SG2,SG,17092.0,3,42.9,15.6608,27.2,6.8,12.7,7.7,0.0,0.08,0.2146,0.4752,0.0,0.0412,0.0632,0.0459,0.0982,0.0,4.5,138.0,14.5,646.0,2721.2,295.5,-21.548,LAMBETH GROUP
SG3,SG,2791.0,1,23.6,0.0075,23.6,8.0,11.7,3.9,0.0,0.1199,0.1903,0.3202,0.0,0.0,0.0,0.0509,0.0956,0.0,4.4,138.0,14.7,656.0,2358.0,14.5,-16.5326,LAMBETH GROUP
SG4,SG,13279.0,1,28.8,1.2401,27.6,6.9,13.9,5.3,1.5,0.0848,0.2411,0.369,1.0,0.0264,0.0349,0.0267,0.0593,0.0395,4.7,137.0,14.7,655.0,2760.9,47.8,-16.9691,GAULT FORMATION AND UPPER GREENSAND FORMATION (UNDIFFERENTIATED)
SG5,SG,14777.0,2,32.6,0.0,32.6,12.0,12.5,8.1,0.0,0.2447,0.2112,0.4834,0.0,0.046,0.0669,0.0426,0.0966,0.0,4.6,137.0,12.6,625.0,3262.4,4.2,-18.1742,GAULT FORMATION AND UPPER GREENSAND FORMATION (UNDIFFERENTIATED)
SG6,SG,14640.0,1,26.9,0.0,26.9,6.9,11.3,8.7,0.0,0.08,0.1841,0.5418,0.0,0.0132,0.0186,0.1242,0.2409,0.0,4.4,137.0,13.7,606.0,2688.3,0.0,-19.1609,none (low-plasticity bedrock)
SG7,SG,6239.0,3,38.1,8.5172997,29.6,9.6,12.4,7.6,0.0,0.1707,0.2078,0.4718,0.0,0.0409,0.0567,0.0483,0.0954,0.0,4.7,136.0,12.8,606.0,2962.2,161.89999,-18.6578,GAULT FORMATION AND UPPER GREENSAND FORMATION (UNDIFFERENTIATED)
SG8,SG,16941.0,3,43.2,11.0722,32.2,11.3,12.1,8.8,0.0,0.2192,0.201,0.5038,0.0,0.0528,0.0699,0.0442,0.1013,0.0,4.6,137.0,11.4,579.0,3216.3,222.60001,-17.5733,GAULT FORMATION AND UPPER GREENSAND FORMATION (UNDIFFERENTIATED)
SG9,SG,5127.0,3,38.9,8.4663,30.5,6.8,14.6,9.1,0.0,0.0877,0.258,0.5054,0.0,0.0529,0.0756,0.0448,0.0934,0.0,4.8,139.0,13.3,648.0,3046.2,173.60001,-20.3464,LAMBETH GROUP
SK1,SK,6931.0,3,37.9,0.0,37.9,6.9,11.0,19.9,0.0,0.0873,0.1778,0.7664,0.0,0.1039,0.2285,0.0977,0.2291,0.0,3.7,134.0,22.8,916.0,3785.2,0.0,-23.4499,none (low-plasticity bedrock)
SK10,SK,18918.0,2,32.6,0.0,32.6,8.4,15.6,8.6,0.0,0.1392,0.2794,0.4963,0.0,0.049,0.0598,0.0521,0.0955,0.0,4.3,134.0,23.7,951.0,3260.3,14.4,-17.5096,TRIASSIC ROCKS (UNDIFFERENTIATED)
SK11,SK,16573.0,2,37.8,0.0112,37.8,10.7,20.5,6.6,0.0,0.2265,0.3821,0.4478,0.0,0.0294,0.0415,0.0559,0.102,0.0,4.7,133.0,35.5,1077.0,3781.2,48.900002,-15.827,TRIASSIC ROCKS (UNDIFFERENTIATED)
SK12,SK,14667.0,2,36.5,2.0334001,34.4,7.2,17.6,9.6,0.0,0.1114,0.3213,0.5368,0.0,0.0445,0.0562,0.078,0.1474,0.0,4.4,134.0,25.4,1053.0,3442.1,77.699997,-18.2178,none (low-plasticity bedrock)
SK13,SK,12501.0,5,54.3,3.1145999,51.2,6.6,36.3,8.3,0.0,0.12,0.6843,0.512,0.0,0.0324,0.0392,0.0833,0.1574,0.0,5.5,134.0,50.6,1381.0,4866.0,105.0,-12.7931,none (low-plasticity bedrock)
SK14,SK,23732.0,1,31.1,0.0,31.1,7.6,16.4,7.2,0.0,0.12,0.2962,0.4736,0.0,0.0271,0.0388,0.0685,0.1373,0.0,4.0,134.0,30.1,1163.0,3112.8,14.8,-17.81,none (low-plasticity bedrock)
SK15,SK,12550.0,2,36.4,0.0,36.4,7.4,19.2,9.8,0.0,0.12,0.3545,0.5547,0.0,0.0383,0.066,0.0883,0.1787,0.0,4.1,134.0,34.2,1254.0,3638.6,6.0,-17.6722,none (low-plasticity bedrock)
SK16,SK,8631.0,2,36.1,0.0,36.1,7.7,14.3,14.1,0.0,0.12,0.2528,0.6608,0.0,0.0642,0.088,0.109,0.2628,0.0,3.8,134.0,25.5,1129.0,3606.3,7.6,-18.2667,none (low-plasticity bedrock)
SK17,SK,13679.0,4,48.5,1.975,46.5,6.6,34.4,5.5,0.0,0.1097,0.651,0.396,0.0,0.0296,0.0333,0.035,0.0714,0.0,5.7,133.0,41.2,1192.0,4448.4,88.800003,-14.6446,none (low-plasticity bedrock)
SK2,SK,13224.0,3,43.6,10.6746,32.9,7.1,11.9,13.9,0.0,0.0946,0.1993,0.6591,0.0,0.0588,0.0826,0.1187,0.2641,0.0,3.8,134.0,23.9,931.0,3294.0,230.8,-19.3961,none (low-plasticity bedrock)
SK22,SK,2987.0,2,36.2,0.0,36.2,7.3,22.2,6.8,0.0,0.12,0.415,0.4471,0.0,0.0336,0.0426,0.05,0.0953,0.0,4.8,133.0,32.4,1218.0,3624.6,20.5,-16.9029,none (low-plasticity bedrock)
SK23,SK,4793.0,3,40.2,0.0,40.2,7.2,25.5,7.5,0.0,0.1199,0.4835,0.4613,0.0,0.0459,0.0565,0.0389,0.075,0.0,5.0,133.0,32.7,1225.0,4005.6,0.0,-16.3584,none (low-plasticity bedrock)
SK3,SK,12122.0,1,28.9,0.0,28.9,7.2,10.9,10.8,0.0,0.0932,0.174,0.5852,0.0,0.0325,0.0488,0.1019,0.2798,0.0,3.8,134.0,21.1,917.0,2885.7,22.8,-18.8482,none (low-plasticity bedrock)
SK4,SK,15459.0,1,31.4,0.0,31.4,7.1,10.1,14.2,0.0,0.087,0.1564,0.6749,0.0,0.0476,0.1081,0.1306,0.2934,0.0,3.6,134.0,21.7,920.0,3144.1,2.1,-19.6853,none (low-plasticity bedrock)
SK5,SK,13605.0,3,40.1,4.8168998,35.3,7.1,10.7,17.5,0.0,0.0887,0.1714,0.7175,0.0,0.0985,0.1209,0.1094,0.225,0.0,3.6,134.0,22.8,940.0,3531.5,117.0,-21.5333,none (low-plasticity bedrock)
SK6,SK,22419.0,2,34.9,0.0,34.9,7.5,15.6,11.8,0.0,0.1177,0.2812,0.5798,0.0,0.0615,0.0809,0.0756,0.1448,0.0,4.2,134.0,24.8,1088.0,3491.5,17.1,-18.7742,none (low-plasticity bedrock)
SK7,SK,17410.0,2,33.5,0.0,33.5,6.8,12.6,14.0,0.0,0.0877,0.2146,0.6531,0.0,0.0637,0.0941,0.1116,0.2227,0.0,4.0,134.0,21.1,911.0,3346.2,0.0,-19.4818,none (low-plasticity bedrock)
SK8,SK,24597.0,6,63.6,28.583599,35.0,6.9,11.0,17.2,0.0,0.0827,0.1778,0.7242,0.0,0.0798,0.1616,0.1099,0.2718,0.0,3.8,134.0,20.0,900.0,3501.4,527.20001,-21.5111,TRIASSIC ROCKS (UNDIFFERENTIATED)
SK9,SK,17113.0,2,37.3,0.0,37.3,11.3,12.3,13.7,0.0,0.222,0.2066,0.6294,0.0,0.07,0.0909,0.094,0.176,0.0,4.1,134.0,19.8,897.0,3727.6,0.0,-16.5222,TRIASSIC ROCKS (UNDIFFERENTIATED)
SL0,SL,4578.0,9,86.0,0.37740001,85.6,61.3,9.0,15.3,0.0,0.9898,0.1285,0.6645,0.0,0.0801,0.114,0.098,0.1846,0.0,4.0,139.0,15.2,668.0,8557.7,72.300003,-5.7948,THAMES GROUP
SL1,SL,27532.0,9,86.0,27.812599,58.2,35.9,7.8,14.4,0.0,0.667,0.0974,0.6384,0.0,0.0785,0.1092,0.0777,0.1793,0.0,3.8,137.0,15.6,694.0,5818.2,534.09998,-7.9273,LAMBETH GROUP
SL2,SL,18980.0,6,63.3,0.0,63.3,44.1,8.3,11.0,0.0,0.7773,0.1082,0.5761,0.0,0.0405,0.0576,0.1036,0.1941,0.0,3.8,138.0,15.5,691.0,6330.2,0.0,-4.5754,LAMBETH GROUP
SL3,SL,17650.0,10,131.0,33.352901,97.6,59.6,8.7,29.4,0.0,0.9653,0.1213,0.8935,0.0,0.2069,0.2816,0.0811,0.1865,0.0,3.9,139.0,14.3,669.0,9760.4,653.09998,-10.9718,THAMES GROUP
SL4,SL,18524.0,10,157.9,65.2883,92.6,57.3,9.3,26.0,0.0,0.9401,0.1385,0.8661,0.0,0.1564,0.2765,0.1182,0.2189,0.0,4.0,139.0,15.2,661.0,9257.2,1183.6,-10.4176,THAMES GROUP
SL5,SL,9685.0,9,88.2,16.1075,72.1,51.3,10.3,10.5,0.0,0.8673,0.1598,0.5385,0.0,0.0607,0.0738,0.057,0.1051,0.0,4.0,139.0,18.2,678.0,7206.2,335.60001,-4.9179,BRACKLESHAM GROUP AND BARTON GROUP (UNDIFFERENTIATED)
SL6,SL,32814.0,9,99.3,43.599998,55.7,19.3,8.8,26.2,1.4,0.4034,0.1241,0.8351,1.0,0.1887,0.2498,0.0646,0.1354,0.0391,3.9,137.0,15.2,698.0,5573.0,778.70001,-20.0985,LAMBETH GROUP
SL7,SL,8700.0,3,39.5,0.0,39.5,6.9,10.4,22.3,0.0,0.0807,0.1637,0.7496,0.0,0.1718,0.2002,0.0302,0.0778,0.0,4.0,137.0,19.4,735.0,3953.7,40.099998,-24.8921,LAMBETH GROUP
SL8,SL,2852.0,6,62.6,0.0,62.6,7.1,9.1,46.4,0.0,0.0889,0.1343,1.0,0.0,0.3626,0.4113,0.0352,0.1158,0.0,3.9,137.0,16.5,736.0,6263.5,27.0,-22.9572,LAMBETH GROUP
SL9,SL,8337.0,3,41.5,0.0,41.5,25.3,10.2,6.0,0.0,0.5105,0.1565,0.4254,0.0,0.0179,0.0383,0.0576,0.1124,0.0,4.1,138.0,17.2,702.0,4149.5,12.4,-11.5441,LAMBETH GROUP
SM1,SM,17384.0,10,106.6,40.899502,65.7,42.4,11.2,12.1,0.0,0.7527,0.1816,0.6291,0.0,0.0374,0.0408,0.1323,0.3065,0.0,4.0,141.0,15.6,690.0,6574.3,762.70001,-3.9088,THAMES GROUP
SM2,SM,12314.0,1,25.1,0.2357,24.8,7.1,13.2,4.5,0.0,0.0931,0.2258,0.3712,0.0,0.0,0.0,0.0651,0.1385,0.0,4.2,142.0,16.7,701.0,2484.8,27.5,-17.3756,THANET SAND FORMATION
SM3,SM,8706.0,7,70.8,0.0,70.8,49.2,11.0,10.7,0.0,0.8391,0.1765,0.5702,0.0,0.0387,0.0645,0.0926,0.2088,0.0,4.0,142.0,15.5,688.0,7080.0,33.200001,-3.4886,THAMES GROUP
SM4,SM,14368.0,9,93.0,0.0,93.0,61.7,9.7,21.6,0.0,1.0,0.1477,0.7958,0.0,0.13,0.1764,0.1169,0.2388,0.0,3.9,141.0,14.7,674.0,9302.5,57.900002,-9.6956,THAMES GROUP
SM5,SM,15954.0,4,45.3,3.49,41.8,20.1,12.7,7.0,2.0,0.4245,0.2153,0.489,1.0,0.0183,0.0334,0.0752,0.2063,0.0742,4.2,142.0,16.3,702.0,4183.9,99.199997,-12.1109,THAMES GROUP
SM6,SM,15343.0,5,54.1,12.7386,41.3,15.2,12.1,12.1,1.9,0.3252,0.2029,0.5922,1.0,0.0542,0.1121,0.0707,0.1791,0.064,4.1,142.0,17.1,717.0,4133.1,252.3,-14.3985,THAMES GROUP
SM7,SM,7121.0,1,25.9,0.0,25.9,7.7,15.6,2.6,0.0,0.1217,0.2748,0.2042,0.0,0.0,0.0,0.0171,0.0496,0.0,4.4,143.0,21.2,728.0,2594.2,0.0,-17.4258,THANET SAND FORMATION
SN1,SN,14019.0,8,79.7,0.0,79.7,45.2,15.6,18.9,0.0,0.7915,0.2811,0.7655,0.0,0.1008,0.1234,0.1488,0.2633,0.0,4.4,138.0,19.4,746.0,7968.8,48.700001,-8.1405,"WEST WALTON FORMATION, AMPTHILL CLAY FORMATION AND KIMMERIDGE CLAY FORMATION (UNDIFFERENTIATED)"
SN10,SN,14412.0,4,49.6,0.0,49.6,21.7,13.5,7.3,7.1,0.4578,0.2328,0.4545,1.0,0.0413,0.0534,0.0432,0.0751,0.3044,4.2,138.0,19.7,811.0,4961.4,0.0,-7.8233,GAULT FORMATION AND UPPER GREENSAND FORMATION (UNDIFFERENTIATED)
SN11,SN,10554.0,6,57.3,9.7309999,47.6,25.5,14.7,7.4,0.0,0.5131,0.2601,0.46,0.0,0.0417,0.0582,0.0434,0.0766,0.0,4.2,139.0,21.5,808.0,4755.4,200.5,-11.7005,CORALLIAN GROUP
SN12,SN,12124.0,8,78.2,0.0,78.2,44.3,12.2,21.7,0.0,0.7776,0.2051,0.7767,0.0,0.1471,0.1758,0.0913,0.1585,0.0,4.0,139.0,19.9,781.0,7816.5,1.8,-9.7888,KELLAWAYS FORMATION AND OXFORD CLAY FORMATION (UNDIFFERENTIATED)
SN13,SN,7043.0,3,38.4,0.0,38.4,15.2,16.8,6.3,0.0,0.334,0.3052,0.4029,0.0,0.0411,0.0445,0.0227,0.0455,0.0,4.3,140.0,25.6,847.0,3837.3,0.0,-16.9863,LIAS GROUP
SN14,SN,11799.0,3,41.6,0.0,41.6,15.8,19.2,6.6,0.0,0.3534,0.3552,0.4191,0.0,0.0433,0.0527,0.0243,0.0478,0.0,4.5,140.0,27.1,868.0,4156.2,7.4,-17.1207,LIAS GROUP
SN15,SN,15271.0,8,84.5,2.6963,81.8,45.9,14.2,21.6,0.0,0.8007,0.2511,0.7785,0.0,0.1458,0.1796,0.0946,0.1558,0.0,4.2,139.0,19.2,819.0,8177.7,135.0,-9.5612,KELLAWAYS FORMATION AND OXFORD CLAY FORMATION (UNDIFFERENTIATED)
SN16,SN,6297.0,6,62.5,0.0,62.5,32.0,13.8,16.7,0.0,0.6026,0.2423,0.6728,0.0,0.1099,0.1272,0.0726,0.1172,0.0,4.1,139.0,21.5,807.0,6253.3,4.2,-9.3366,KELLAWAYS FORMATION AND OXFORD CLAY FORMATION (UNDIFFERENTIATED)
SN2,SN,22807.0,10,102.9,38.391201,64.5,34.2,14.7,15.7,0.0,0.636,0.2607,0.6812,0.0,0.0813,0.115,0.1074,0.2031,0.0,4.4,138.0,18.2,740.0,6454.2,709.79999,-7.8038,CORALLIAN GROUP
SN25,SN,13779.0,7,73.5,0.0,73.5,39.6,14.3,19.6,0.0,0.7183,0.253,0.7429,0.0,0.1249,0.1437,0.1002,0.172,0.0,4.4,138.0,18.3,740.0,7349.7,0.0,-9.4761,KELLAWAYS FORMATION AND OXFORD CLAY FORMATION (UNDIFFERENTIATED)
SN26,SN,584.0,7,74.0,4.1251998,69.9,45.7,14.2,10.0,0.0,0.7986,0.2485,0.5565,0.0,0.0367,0.0555,0.0969,0.1831,0.0,4.4,138.0,18.1,735.0,6989.8,131.7,-4.2593,KELLAWAYS FORMATION AND OXFORD CLAY FORMATION (UNDIFFERENTIATED)
SN3,SN,22209.0,9,97.4,22.037201,75.3,43.3,14.9,17.1,0.0,0.7662,0.2666,0.7151,0.0,0.0917,0.1189,0.1233,0.2119,0.0,4.4,138.0,17.6,746.0,7533.7,441.10001,-6.776,"WEST WALTON FORMATION, AMPTHILL CLAY FORMATION AND KIMMERIDGE CLAY FORMATION (UNDIFFERENTIATED)"
SN4,SN,12178.0,4,45.6,0.0,45.6,19.7,19.4,6.5,0.0,0.4311,0.3593,0.4336,0.0,0.032,0.045,0.0471,0.0789,0.0,4.8,138.0,23.0,815.0,4559.9,31.4,-14.8492,"WEST WALTON FORMATION, AMPTHILL CLAY FORMATION AND KIMMERIDGE CLAY FORMATION (UNDIFFERENTIATED)"
SN5,SN,14727.0,9,86.8,7.1950998,79.6,47.0,14.5,18.1,0.0,0.817,0.2581,0.735,0.0,0.0971,0.1222,0.1337,0.2181,0.0,4.4,138.0,19.8,757.0,7962.3,204.39999,-7.3769,KELLAWAYS FORMATION AND OXFORD CLAY FORMATION (UNDIFFERENTIATED)
SN6,SN,9674.0,8,83.5,0.0,83.5,41.2,14.1,28.3,0.0,0.7402,0.2489,0.8901,0.0,0.2083,0.2409,0.1024,0.1684,0.0,4.5,138.0,16.4,721.0,8352.7,0.0,-12.8999,KELLAWAYS FORMATION AND OXFORD CLAY FORMATION (UNDIFFERENTIATED)
SN7,SN,6477.0,8,80.7,2.3087001,78.4,39.1,13.3,26.0,0.0,0.711,0.2312,0.8607,0.0,0.1814,0.1994,0.1222,0.1878,0.0,4.5,138.0,14.3,688.0,7838.7,116.9,-12.7738,KELLAWAYS FORMATION AND OXFORD CLAY FORMATION (UNDIFFERENTIATED)
SN8,SN,10409.0,3,39.1,2.7858,36.3,9.3,18.9,4.7,3.4,0.1715,0.3471,0.3119,1.0,0.0234,0.0293,0.0138,0.0282,0.1331,4.5,138.0,26.8,861.0,3632.3,88.699997,-11.2733,GAULT FORMATION AND UPPER GREENSAND FORMATION (UNDIFFERENTIATED)
SN9,SN,3601.0,7,66.6,2.3796999,64.2,15.0,15.4,6.4,27.4,0.3251,0.2744,0.3961,1.0,0.0422,0.0506,0.0169,0.0338,0.9969,4.3,138.0,20.7,834.0,6420.0,110.2,5.8153,GAULT FORMATION AND UPPER GREENSAND FORMATION (UNDIFFERENTIATED)
SO14,SO,6608.0,10,124.1,28.1022,96.0,50.1,11.4,34.6,0.0,0.8501,0.1874,0.9582,0.0,0.2676,0.2961,0.0759,0.1643,0.0,3.6,139.0,25.9,868.0,9597.9,552.09998,-11.5463,BRACKLESHAM GROUP AND BARTON GROUP (UNDIFFERENTIATED)
SO15,SO,9742.0,9,86.4,5.2694001,81.1,50.1,11.4,19.6,0.0,0.85,0.1882,0.7528,0.0,0.1145,0.1678,0.102,0.2145,0.0,3.6,138.0,27.1,867.0,8111.6,180.5,-7.6885,BRACKLESHAM GROUP AND BARTON GROUP (UNDIFFERENTIATED)
SO16,SO,14999.0,9,92.9,6.7617002,86.1,58.0,11.1,17.0,0.0,0.954,0.1807,0.679,0.0,0.1111,0.1219,0.0719,0.1424,0.0,3.6,138.0,26.7,869.0,8611.7,194.3,-6.8884,THAMES GROUP
SO17,SO,4398.0,9,92.1,8.0468998,84.1,54.8,11.3,18.0,0.0,0.9108,0.1858,0.7211,0.0,0.1081,0.1164,0.1071,0.2036,0.0,3.6,138.0,26.0,867.0,8408.8,195.5,-6.7632,BRACKLESHAM GROUP AND BARTON GROUP (UNDIFFERENTIATED)
SO18,SO,8522.0,10,101.2,4.4137998,96.8,60.1,11.7,25.0,0.0,0.9816,0.1945,0.8241,0.0,0.1805,0.2365,0.0705,0.1367,0.0,3.7,139.0,26.5,870.0,9681.4,172.0,-11.1542,THAMES GROUP
SO19,SO,13786.0,8,83.9,0.5244,83.4,51.3,13.0,19.2,0.0,0.8694,0.2242,0.7015,0.0,0.1423,0.1513,0.0446,0.0943,0.0,3.8,139.0,26.1,869.0,8342.5,69.400002,-7.6231,BRACKLESHAM GROUP AND BARTON GROUP (UNDIFFERENTIATED)
SO20,SO,3456.0,2,36.8,0.64270002,36.2,6.8,13.8,9.1,6.5,0.0846,0.2408,0.4784,1.0,0.0734,0.079,0.0098,0.0259,0.2799,4.1,137.0,24.6,848.0,3620.2,46.0,-14.5073,LAMBETH GROUP
SO21,SO,7989.0,3,42.0,10.698,31.3,8.0,14.5,5.1,3.7,0.1284,0.2545,0.3303,1.0,0.0275,0.0318,0.0147,0.0298,0.1471,4.1,139.0,24.3,882.0,3132.5,217.5,-12.76,THAMES GROUP
SO22,SO,11333.0,1,27.0,0.0,27.0,6.6,15.5,3.1,1.7,0.08,0.2743,0.23,1.0,0.0074,0.0093,0.0134,0.0356,0.0538,4.2,138.0,29.4,878.0,2697.5,10.7,-16.7304,none (low-plasticity bedrock)
SO23,SO,10235.0,10,155.0,111.0731,43.9,6.6,15.1,20.5,1.7,0.08,0.2712,0.722,1.0,0.1546,0.1737,0.0377,0.087,0.0466,4.2,139.0,26.7,882.0,4394.5,1909.9,-19.8768,none (low-plasticity bedrock)
SO24,SO,4600.0,3,42.9,10.4784,32.4,6.6,16.9,4.9,4.0,0.0827,0.3057,0.3112,1.0,0.0275,0.0313,0.0084,0.0197,0.1656,4.2,141.0,28.7,926.0,3239.9,202.5,-13.5187,LAMBETH GROUP
SO30,SO,8362.0,9,86.2,3.2807,82.9,52.4,12.7,17.8,0.0,0.8821,0.2167,0.7019,0.0,0.1124,0.1636,0.078,0.1246,0.0,3.8,140.0,26.0,865.0,8289.1,134.39999,-7.0683,BRACKLESHAM GROUP AND BARTON GROUP (UNDIFFERENTIATED)
SO31,SO,11769.0,9,90.4,0.0,90.4,51.9,15.8,22.8,0.0,0.8807,0.2848,0.7622,0.0,0.1787,0.1811,0.0454,0.0756,0.0,4.2,140.0,26.6,874.0,9040.2,0.0,-9.4595,BRACKLESHAM GROUP AND BARTON GROUP (UNDIFFERENTIATED)
SO32,SO,6014.0,5,51.2,10.2321,40.9,17.5,15.0,6.0,2.4,0.3759,0.2662,0.3972,1.0,0.0326,0.0403,0.0327,0.0539,0.0889,4.0,141.0,29.3,922.0,4093.4,229.39999,-13.3111,THAMES GROUP
SO40,SO,9750.0,9,88.4,4.7445002,83.6,50.1,11.8,21.7,0.0,0.8506,0.1972,0.7788,0.0,0.1461,0.1812,0.0929,0.1577,0.0,3.6,138.0,27.5,878.0,8363.0,195.2,-9.0605,BRACKLESHAM GROUP AND BARTON GROUP (UNDIFFERENTIATED)
SO41,SO,8632.0,8,77.7,0.3766,77.3,39.5,19.9,17.9,0.0,0.7237,0.3707,0.6622,0.0,0.1369,0.1524,0.0238,0.0522,0.0,4.6,140.0,25.5,889.0,7729.0,72.699997,-7.7901,SOLENT GROUP
SO42,SO,1189.0,9,86.7,9.6212997,77.1,42.3,15.4,19.5,0.0,0.7521,0.276,0.7105,0.0,0.1406,0.1578,0.0543,0.0935,0.0,4.0,139.0,28.7,876.0,7706.5,225.2,-8.0255,SOLENT GROUP
SO43,SO,921.0,8,76.8,4.7336998,72.1,48.8,14.0,9.4,0.0,0.8386,0.244,0.5203,0.0,0.0485,0.0595,0.0684,0.1086,0.0,3.8,137.0,31.2,939.0,7211.5,149.8,-4.3438,BRACKLESHAM GROUP AND BARTON GROUP (UNDIFFERENTIATED)
SO45,SO,8090.0,8,83.2,0.0,83.2,45.7,15.9,21.6,0.0,0.7998,0.2879,0.7395,0.0,0.1662,0.1761,0.0396,0.0812,0.0,4.2,140.0,24.8,871.0,8321.7,12.8,-9.1282,BRACKLESHAM GROUP AND BARTON GROUP (UNDIFFERENTIATED)
SO50,SO,12001.0,9,89.6,0.0,89.6,55.9,11.6,22.0,0.0,0.9275,0.1925,0.7845,0.1738,0.1487,0.1794,0.0936,0.1671,0.0008,3.7,139.0,27.1,881.0,8955.0,3.9,-9.4267,THAMES GROUP
SO51,SO,8663.0,7,68.2,0.0,68.2,41.0,11.0,16.3,0.0,0.7327,0.1771,0.6583,0.0,0.107,0.1291,0.064,0.1073,0.0,3.7,137.0,26.0,881.0,6823.4,67.300003,-6.7727,BRACKLESHAM GROUP AND BARTON GROUP (UNDIFFERENTIATED)
SO52,SO,1739.0,8,76.6,3.3278999,73.3,53.1,10.8,9.5,0.0,0.8881,0.1711,0.5371,0.0,0.0339,0.0588,0.0958,0.144,0.0,3.6,138.0,25.7,874.0,7330.5,123.4,-3.8299,BRACKLESHAM GROUP AND BARTON GROUP (UNDIFFERENTIATED)
SO53,SO,7674.0,8,80.7,0.0,80.7,54.2,10.9,15.5,0.0,0.9023,0.1761,0.6603,0.0,0.086,0.1441,0.0826,0.1374,0.0,3.6,138.0,27.1,879.0,8066.2,41.599998,-5.4295,BRACKLESHAM GROUP AND BARTON GROUP (UNDIFFERENTIATED)
SP1,SP,10148.0,8,76.2,0.0,76.2,6.6,14.1,28.8,26.7,0.08,0.2483,0.8632,1.0,0.2304,0.2672,0.0384,0.092,1.0,4.1,137.0,24.7,863.0,7623.1,1.7,-8.0554,none (low-plasticity bedrock)
SP10,SP,16554.0,2,33.2,4.8571,28.4,6.7,13.3,8.3,0.0,0.08,0.2297,0.4901,0.0,0.0467,0.0668,0.0456,0.1,0.0,4.0,138.0,24.2,860.0,2837.8,123.1,-21.1509,none (low-plasticity bedrock)
SP11,SP,14596.0,4,50.3,16.5434,33.7,6.8,14.4,5.5,7.1,0.08,0.2519,0.3494,1.0,0.0339,0.0392,0.0113,0.0269,0.3012,4.1,138.0,24.9,860.0,3373.3,312.0,-9.8762,none (low-plasticity bedrock)
SP2,SP,13374.0,7,70.1,0.53500003,69.6,6.5,15.9,20.5,26.7,0.08,0.2875,0.7077,1.0,0.159,0.1861,0.0176,0.055,1.0,4.3,137.0,28.5,883.0,6961.4,67.800003,-1.9703,none (low-plasticity bedrock)
SP3,SP,5151.0,4,47.1,0.0,47.1,11.6,17.0,6.4,12.0,0.2461,0.3094,0.3995,1.0,0.0435,0.0472,0.0178,0.0367,0.5059,4.5,137.0,26.1,880.0,4705.1,23.3,-3.284,GAULT FORMATION AND UPPER GREENSAND FORMATION (UNDIFFERENTIATED)
SP4,SP,14940.0,5,55.7,0.0,55.7,6.7,14.2,7.2,27.5,0.08,0.249,0.4218,1.0,0.0533,0.0593,0.0116,0.0307,1.0,4.2,137.0,23.2,832.0,5568.6,8.0,5.7038,none (low-plasticity bedrock)
SP5,SP,9604.0,4,46.9,0.0,46.9,11.8,15.7,6.6,12.9,0.2475,0.2803,0.4089,1.0,0.043,0.0507,0.021,0.0423,0.541,4.2,137.0,26.9,881.0,4686.6,2.3,-2.4998,BRACKLESHAM GROUP AND BARTON GROUP (UNDIFFERENTIATED)
SP6,SP,6205.0,8,84.4,15.0928,69.3,25.9,14.2,13.6,15.5,0.5204,0.2504,0.5845,1.0,0.097,0.1123,0.0302,0.0646,0.628,4.0,138.0,28.3,917.0,6928.5,302.10001,-0.4502,BRACKLESHAM GROUP AND BARTON GROUP (UNDIFFERENTIATED)
SP7,SP,6758.0,8,75.4,4.5429001,70.9,42.1,17.2,9.9,1.7,0.7509,0.3135,0.5306,1.0,0.0537,0.0672,0.0641,0.1088,0.0447,4.4,136.0,29.4,955.0,7088.4,135.7,-3.5588,"WEST WALTON FORMATION, AMPTHILL CLAY FORMATION AND KIMMERIDGE CLAY FORMATION (UNDIFFERENTIATED)"
SP8,SP,6426.0,7,73.0,0.0,73.0,38.6,14.5,19.9,0.0,0.7051,0.2582,0.7293,0.0,0.1364,0.1604,0.07,0.129,0.0,4.2,136.0,25.4,886.0,7303.5,0.0,-9.519,CORALLIAN GROUP
SP9,SP,3900.0,5,54.5,0.0,54.5,6.8,14.3,5.9,27.5,0.08,0.2496,0.3709,1.0,0.0403,0.0452,0.0102,0.0255,0.9963,4.2,137.0,23.9,838.0,5449.6,11.2,8.0591,none (low-plasticity bedrock)
SR1,SR,3395.0,1,31.3,0.9034,30.4,7.0,9.8,13.6,0.0,0.08,0.1481,0.5753,0.0,0.1001,0.1001,0.0192,0.077,0.0,4.5,132.0,14.7,665.0,3042.7,58.700001,-22.6364,none (low-plasticity bedrock)
SR2,SR,13759.0,1,27.1,0.0,27.1,6.8,13.0,7.3,0.0,0.08,0.221,0.4477,0.0,0.0453,0.0536,0.0289,0.0826,0.0,5.1,132.0,14.0,676.0,2711.8,0.0,-21.8129,none (low-plasticity bedrock)
SR3,SR,17385.0,1,25.2,0.0,25.2,6.9,12.0,6.2,0.0,0.08,0.1996,0.4494,0.0,0.0148,0.0291,0.071,0.1533,0.0,4.8,133.0,16.1,681.0,2516.2,21.5,-19.8132,none (low-plasticity bedrock)
SR4,SR,17392.0,1,29.2,3.5425999,25.7,7.2,10.4,8.0,0.0,0.0912,0.1611,0.4797,0.0,0.0496,0.0496,0.0383,0.1116,0.0,4.5,134.0,15.4,666.0,2565.6,95.599998,-22.3165,none (low-plasticity bedrock)
SR5,SR,15560.0,1,30.2,0.0,30.2,7.4,10.1,12.7,0.0,0.1,0.1549,0.6074,0.0,0.061,0.0682,0.089,0.208,0.0,4.5,134.0,13.8,661.0,3015.1,10.3,-19.5936,none (low-plasticity bedrock)
SR6,SR,13241.0,1,29.2,0.0,29.2,6.9,11.4,10.8,0.0,0.0817,0.1866,0.5329,0.0,0.0733,0.0757,0.0346,0.0915,0.0,4.8,133.0,13.9,665.0,2916.8,9.7,-22.1064,none (low-plasticity bedrock)
SR7,SR,13759.0,2,33.1,4.3583999,28.7,6.6,15.6,6.6,0.0,0.08,0.2791,0.4443,0.0,0.0298,0.0335,0.0547,0.1087,0.0,5.3,134.0,15.0,698.0,2873.6,104.4,-19.8869,none (low-plasticity bedrock)
SR8,SR,16106.0,1,29.6,0.0,29.6,6.5,15.9,7.2,0.0,0.08,0.2871,0.4586,0.0,0.0399,0.0435,0.0469,0.0966,0.0,5.4,134.0,15.2,707.0,2964.7,23.5,-20.3426,none (low-plasticity bedrock)
SS0,SS,18449.0,10,170.0,65.444199,104.5,61.5,12.0,31.0,0.0,1.0,0.2021,0.8994,0.0,0.2505,0.26,0.0469,0.1326,0.0,4.7,138.0,10.4,554.0,10453.0,1204.6,-12.2001,THAMES GROUP
SS1,SS,12878.0,10,137.4,26.881701,110.5,61.4,13.3,35.9,0.0,1.0,0.2322,0.9576,0.0,0.2948,0.3231,0.0361,0.1001,0.0,4.9,138.0,10.8,554.0,11053.7,564.5,-12.3056,THAMES GROUP
SS11,SS,7715.0,10,101.1,1.2052,99.9,61.3,10.9,27.7,0.0,0.9975,0.1766,0.9436,0.0,0.1473,0.1857,0.2265,0.4306,0.0,4.4,138.0,12.8,580.0,9994.0,122.8,-10.1342,THAMES GROUP
SS12,SS,7973.0,10,119.9,22.216801,97.7,61.6,10.4,25.7,0.0,1.0,0.1657,0.9251,0.0,0.1118,0.2254,0.2322,0.4409,0.0,4.4,138.0,12.5,580.0,9773.2,466.29999,-9.9982,THAMES GROUP
SS13,SS,9609.0,10,109.4,18.724199,90.7,61.6,10.1,19.0,0.0,1.0,0.1574,0.8206,0.0,0.0548,0.1087,0.2257,0.4982,0.0,4.3,138.0,12.5,576.0,9066.5,400.60001,-8.685,THAMES GROUP
SS14,SS,11133.0,10,111.2,22.354601,88.8,61.5,10.5,16.8,0.0,1.0,0.1671,0.792,0.0,0.0282,0.047,0.2523,0.543,0.0,4.4,138.0,13.5,581.0,8880.8,461.89999,-7.7216,THAMES GROUP
SS15,SS,13780.0,9,94.1,8.0355997,86.1,61.6,10.4,14.1,0.0,1.0,0.1641,0.711,0.0,0.0272,0.0443,0.1736,0.4934,0.0,4.3,138.0,12.7,588.0,8605.0,214.3,-5.7702,THAMES GROUP
SS16,SS,13085.0,10,114.1,23.6499,90.5,61.3,9.9,19.3,0.0,0.9951,0.1532,0.8148,0.0,0.0664,0.1079,0.2207,0.434,0.0,4.3,138.0,13.6,580.0,9049.5,477.0,-8.687,THAMES GROUP
SS17,SS,13401.0,9,93.2,0.0,93.2,54.5,11.6,27.1,0.0,0.9093,0.1931,0.9044,0.0,0.1666,0.2108,0.1735,0.2754,0.0,4.6,138.0,10.5,579.0,9320.1,55.5,-10.3565,THAMES GROUP
SS2,SS,14783.0,8,83.4,0.0,83.4,61.4,12.3,9.6,0.0,1.0,0.2072,0.5537,0.0,0.0284,0.0645,0.0933,0.2131,0.0,4.7,138.0,10.8,555.0,8337.6,12.2,-5.3441,THAMES GROUP
SS3,SS,11986.0,10,143.2,19.383101,123.8,61.5,16.1,46.3,0.0,1.0,0.2921,1.0,0.0,0.3782,0.4246,0.0143,0.0485,0.0,5.2,138.0,11.2,551.0,12383.1,447.89999,-11.5738,THAMES GROUP
SS4,SS,9010.0,10,103.9,0.0,103.9,61.4,12.8,29.7,0.0,1.0,0.2193,0.927,0.0,0.2015,0.2772,0.1207,0.2498,0.0,4.7,138.0,10.7,552.0,10386.6,9.9,-11.2876,THAMES GROUP
SS5,SS,9566.0,10,141.1,40.0793,101.0,61.2,10.6,29.3,0.0,0.9956,0.1701,0.9544,0.0,0.1708,0.202,0.1961,0.4272,0.0,4.4,138.0,12.4,571.0,10104.7,802.70001,-10.3537,THAMES GROUP
SS6,SS,13319.0,9,90.4,0.0,90.4,60.7,10.2,19.5,0.0,0.9888,0.1604,0.8205,0.0,0.0687,0.1084,0.2216,0.4411,0.0,4.3,138.0,12.5,570.0,9042.7,77.0,-8.8276,THAMES GROUP
SS7,SS,20797.0,10,106.8,16.3027,90.5,58.6,9.7,22.2,0.0,0.9581,0.1467,0.8635,0.0,0.0917,0.1502,0.2167,0.447,0.0,4.3,138.0,12.6,560.0,9050.0,376.39999,-9.0254,THAMES GROUP
SS8,SS,16179.0,10,115.8,0.0,115.8,61.4,12.8,41.6,0.0,1.0,0.2209,1.0,0.0,0.2948,0.3344,0.1414,0.2589,0.0,4.8,138.0,10.4,557.0,11578.8,82.0,-11.1322,THAMES GROUP
SS9,SS,22015.0,10,113.8,0.0,113.8,61.5,10.5,41.8,0.0,1.0,0.1675,1.0,0.0,0.31,0.3481,0.0939,0.1978,0.0,4.4,138.0,11.6,554.0,11381.4,18.9,-11.623,THAMES GROUP
ST1,ST,13568.0,2,33.1,2.4186001,30.7,8.0,10.7,12.0,0.0,0.12,0.1698,0.5919,0.0,0.0557,0.0632,0.0848,0.2098,0.0,4.0,134.0,20.0,876.0,3068.7,85.0,-18.5875,none (low-plasticity bedrock)
ST10,ST,10924.0,2,33.8,2.221,31.6,9.9,13.8,7.9,0.0,0.1817,0.2402,0.4736,0.0,0.0485,0.0553,0.0421,0.0823,0.0,4.3,133.0,24.8,913.0,3158.9,69.599998,-18.5159,TRIASSIC ROCKS (UNDIFFERENTIATED)
ST11,ST,4130.0,3,40.7,0.0,40.7,12.9,14.7,13.1,0.0,0.2769,0.2615,0.5857,0.0,0.0855,0.1053,0.0426,0.1,0.0,4.6,133.0,22.3,879.0,4065.1,24.9,-18.3478,TRIASSIC ROCKS (UNDIFFERENTIATED)
ST12,ST,1654.0,1,31.3,0.0,31.3,7.6,11.3,12.4,0.0,0.108,0.1832,0.579,0.0,0.0716,0.0853,0.0604,0.1304,0.0,4.2,133.0,21.1,859.0,3125.4,0.0,-20.1197,none (low-plasticity bedrock)
ST13,ST,12861.0,2,37.3,0.0,37.3,7.1,19.5,10.7,0.0,0.1137,0.3613,0.5453,0.0,0.0653,0.0754,0.0502,0.1176,0.0,4.7,133.0,30.4,1056.0,3726.9,20.6,-18.9298,none (low-plasticity bedrock)
ST14,ST,8821.0,6,57.8,4.1830001,53.7,18.1,12.7,22.9,0.0,0.3981,0.2172,0.7882,0.0,0.1671,0.1857,0.0737,0.1384,0.0,4.4,133.0,20.4,829.0,5366.3,117.1,-21.2017,TRIASSIC ROCKS (UNDIFFERENTIATED)
ST15,ST,10358.0,4,44.5,8.7553997,35.8,14.7,10.5,10.6,0.0,0.3052,0.1638,0.5478,0.0,0.0582,0.073,0.0632,0.1247,0.0,4.2,134.0,18.6,797.0,3577.3,187.2,-17.3805,TRIASSIC ROCKS (UNDIFFERENTIATED)
ST16,ST,15027.0,5,54.9,0.0,54.9,18.3,9.8,26.9,0.0,0.3893,0.1496,0.8781,0.0,0.1774,0.2279,0.1172,0.249,0.0,4.2,134.0,15.9,761.0,5491.5,0.0,-21.2899,TRIASSIC ROCKS (UNDIFFERENTIATED)
ST17,ST,16735.0,6,56.6,17.130301,39.4,10.3,9.6,19.5,0.0,0.1845,0.1436,0.7098,0.0,0.1385,0.1584,0.0508,0.1108,0.0,4.1,133.0,18.0,753.0,3942.9,325.70001,-19.9115,TRIASSIC ROCKS (UNDIFFERENTIATED)
ST18,ST,7481.0,3,41.2,0.0,41.2,17.3,10.2,13.8,0.0,0.3584,0.1574,0.6132,0.0,0.079,0.0932,0.073,0.1412,0.0,4.2,133.0,18.1,771.0,4117.7,9.1,-15.652,TRIASSIC ROCKS (UNDIFFERENTIATED)
ST19,ST,6602.0,3,38.2,1.0572,37.1,13.4,10.6,13.1,0.0,0.2747,0.1691,0.6012,0.0,0.0709,0.0949,0.075,0.1378,0.0,4.4,133.0,17.5,729.0,3712.1,53.0,-17.1049,TRIASSIC ROCKS (UNDIFFERENTIATED)
ST2,ST,15210.0,2,37.7,7.5938001,30.1,7.8,12.8,9.5,0.0,0.1197,0.2189,0.5356,0.0,0.0365,0.0624,0.0808,0.1663,0.0,4.3,134.0,21.2,917.0,3012.4,149.2,-18.6616,none (low-plasticity bedrock)
ST20,ST,2950.0,2,34.6,0.0,34.6,13.4,9.7,11.4,0.0,0.2719,0.1466,0.5631,0.0,0.0624,0.0843,0.0643,0.1224,0.0,4.2,134.0,17.0,743.0,3456.0,20.3,-18.055,TRIASSIC ROCKS (UNDIFFERENTIATED)
ST21,ST,2704.0,2,37.5,0.0198,37.5,15.0,11.0,11.5,0.0,0.3142,0.1779,0.5532,0.0,0.0738,0.0865,0.0438,0.0966,0.0,4.3,134.0,17.9,778.0,3752.2,26.5,-17.9575,TRIASSIC ROCKS (UNDIFFERENTIATED)
ST3,ST,28968.0,1,31.8,4.4123998,27.3,8.5,11.7,7.1,0.0,0.1368,0.1925,0.4877,0.0,0.0216,0.0304,0.0793,0.1797,0.0,4.2,133.0,21.7,884.0,2734.1,91.800003,-17.9484,TRIASSIC ROCKS (UNDIFFERENTIATED)
ST4,ST,25896.0,2,34.2,1.7884001,32.4,7.7,10.5,14.2,0.0,0.1105,0.1658,0.6369,0.0,0.0745,0.1132,0.0757,0.1943,0.0,4.0,134.0,20.6,878.0,3244.3,62.700001,-19.5976,none (low-plasticity bedrock)
ST5,ST,34600.0,1,27.1,0.0,27.1,8.0,11.4,7.6,0.0,0.1219,0.1864,0.4871,0.0,0.0352,0.0437,0.0636,0.1348,0.0,4.2,134.0,19.4,833.0,2711.8,14.2,-19.7004,TRIASSIC ROCKS (UNDIFFERENTIATED)
ST6,ST,28720.0,7,71.1,40.987499,30.1,7.8,12.9,9.4,0.0,0.12,0.2209,0.5292,0.0,0.0404,0.0611,0.0714,0.1601,0.0,4.4,134.0,19.1,893.0,3014.3,715.79999,-18.8715,none (low-plasticity bedrock)
ST7,ST,24008.0,8,80.7,48.434101,32.3,11.2,11.9,9.2,0.0,0.2164,0.1972,0.5352,0.0,0.03,0.0464,0.1015,0.162,0.0,4.3,134.0,18.6,794.0,3231.0,847.70001,-15.9943,TRIASSIC ROCKS (UNDIFFERENTIATED)
ST8,ST,8809.0,7,70.4,41.695702,28.7,7.7,15.0,6.0,0.0,0.12,0.2671,0.4351,0.0,0.017,0.0253,0.0645,0.1378,0.0,4.6,134.0,22.8,897.0,2873.0,728.40002,-17.9656,none (low-plasticity bedrock)
ST9,ST,5111.0,2,33.7,1.1875,32.5,7.6,14.8,10.1,0.0,0.1183,0.2621,0.5331,0.0,0.0579,0.0664,0.0578,0.1145,0.0,4.4,134.0,24.9,927.0,3247.7,45.200001,-19.4821,none (low-plasticity bedrock)
SW10,SW,7594.0,10,107.7,18.1045,89.6,62.8,7.5,19.2,0.0,1.0,0.09,0.7536,0.0,0.1101,0.1174,0.1038,0.3176,0.0,3.6,140.0,14.4,634.0,8956.9,373.70001,-7.1644,THAMES GROUP
SW11,SW,32825.0,10,192.0,102.3718,89.6,62.8,7.5,19.3,0.0,1.0,0.0901,0.7995,0.0,0.0723,0.1566,0.1703,0.4151,0.0,3.6,140.0,14.0,630.0,8960.2,1785.4,-7.5998,THAMES GROUP
SW12,SW,13736.0,9,88.8,8.7121,80.1,62.5,8.1,9.5,0.0,1.0,0.1046,0.5814,0.0,0.0,0.0,0.1581,0.3444,0.0,3.7,140.0,13.3,642.0,8008.1,199.7,-2.9702,THAMES GROUP
SW13,SW,7044.0,10,100.9,0.0,100.9,62.9,7.4,30.6,0.0,1.0,0.0884,0.963,0.0,0.17,0.2061,0.2078,0.4289,0.0,3.6,140.0,14.0,631.0,10087.1,73.199997,-8.868,THAMES GROUP
SW14,SW,6702.0,10,104.1,4.6005998,99.5,62.5,8.1,28.9,0.0,1.0,0.1056,0.9366,0.0,0.1541,0.3082,0.1497,0.3911,0.0,3.7,140.0,14.6,630.0,9947.4,183.3,-9.708,THAMES GROUP
SW15,SW,25839.0,9,89.2,1.1231,88.1,62.4,8.5,17.2,0.0,1.0,0.1165,0.7285,0.0,0.0689,0.1667,0.1221,0.2968,0.0,3.8,140.0,14.5,627.0,8809.1,92.199997,-6.1228,THAMES GROUP
SW16,SW,33064.0,10,155.5,71.376801,84.1,62.2,9.0,13.0,0.0,1.0,0.1275,0.6402,0.0,0.0462,0.0699,0.1308,0.2524,0.0,3.8,141.0,13.5,652.0,8411.7,1271.7,-4.7631,THAMES GROUP
SW17,SW,26254.0,10,151.1,65.559799,85.6,62.5,8.1,15.0,0.0,1.0,0.1046,0.7139,0.0,0.0242,0.1487,0.1625,0.3778,0.0,3.7,140.0,12.7,648.0,8557.1,1181.3,-4.9281,THAMES GROUP
SW18,SW,27493.0,10,128.0,28.9681,99.0,62.6,7.9,28.6,0.0,1.0,0.1009,0.9273,0.0,0.1596,0.2655,0.1607,0.3598,0.0,3.7,140.0,13.6,634.0,9904.2,579.20001,-9.5907,THAMES GROUP
SW19,SW,32798.0,10,100.9,16.7216,84.2,62.1,8.8,13.3,0.0,0.9985,0.1225,0.6554,0.0,0.0411,0.0788,0.1374,0.2914,0.0,3.8,141.0,14.5,639.0,8418.4,373.79999,-4.5556,THAMES GROUP
SW1A,SW,353.0,10,110.0,0.0,110.0,62.8,7.5,39.6,0.0,1.0,0.0907,1.0,0.0,0.2386,0.3363,0.2187,0.3459,0.0,3.6,140.0,14.6,634.0,10995.5,3.0,-10.1022,THAMES GROUP
SW1E,SW,607.0,8,81.6,0.0,81.6,62.7,7.6,11.3,0.0,1.0,0.0911,0.6389,0.0,0.0,0.0397,0.1859,0.3645,0.0,3.6,140.0,14.7,634.0,8159.7,28.0,-3.0484,THAMES GROUP
SW1H,SW,609.0,8,84.8,0.0,84.8,62.8,7.5,14.5,0.0,1.0,0.09,0.7135,0.0,0.0,0.177,0.2049,0.3231,0.0,3.6,140.0,14.4,633.0,8484.1,49.8,-4.3269,THAMES GROUP
SW1P,SW,6435.0,10,103.4,0.0,103.4,62.8,7.5,33.2,0.0,1.0,0.089,0.9967,0.0,0.1875,0.1875,0.2546,0.3919,0.0,3.6,140.0,14.1,632.0,10344.4,9.3,-8.9192,THAMES GROUP
SW1V,SW,10468.0,10,134.6,28.5284,106.0,62.8,7.4,35.8,0.0,1.0,0.0888,1.0,0.0,0.1865,0.1943,0.3072,0.516,0.0,3.6,140.0,14.1,632.0,10603.7,551.0,-9.2037,THAMES GROUP
SW1W,SW,3839.0,9,85.9,1.3851,84.5,62.7,7.5,14.3,0.0,1.0,0.09,0.6886,0.0,0.032,0.0533,0.1926,0.3215,0.0,3.6,140.0,14.5,634.0,8453.8,104.3,-4.1737,THAMES GROUP
SW1X,SW,2644.0,9,86.1,6.3397002,79.7,62.8,7.6,9.3,0.0,1.0,0.0911,0.5702,0.0,0.0,0.028,0.1534,0.2807,0.0,3.6,140.0,14.7,636.0,7974.4,174.7,-2.7938,THAMES GROUP
SW1Y,SW,360.0,9,94.0,14.4206,79.6,62.9,7.6,9.1,0.0,1.0,0.0912,0.5626,0.0,0.0,0.0,0.1736,0.2456,0.0,3.6,140.0,14.7,635.0,7960.5,312.89999,-2.587,THAMES GROUP
SW2,SW,22917.0,8,79.0,2.5451,76.4,62.4,8.5,5.5,0.0,0.9997,0.1136,0.443,0.0,0.0,0.0,0.0828,0.2269,0.0,3.8,140.0,14.2,630.0,7645.0,117.2,-2.8261,THAMES GROUP
SW20,SW,12214.0,9,96.7,0.0,96.7,61.1,9.2,26.5,0.0,0.9892,0.1347,0.9232,0.0,0.1139,0.3084,0.1971,0.3894,0.0,3.8,141.0,14.6,656.0,9674.8,36.599998,-9.8297,THAMES GROUP
SW3,SW,9344.0,9,94.1,0.0,94.1,62.8,7.6,23.7,0.0,1.0,0.0907,0.8516,0.0,0.1451,0.1451,0.1414,0.3647,0.0,3.6,140.0,14.7,635.0,9409.0,94.0,-9.4707,THAMES GROUP
SW4,SW,18758.0,8,77.0,0.0,77.0,62.9,7.8,6.3,0.0,1.0,0.0963,0.4829,0.0,0.0,0.0,0.0983,0.27,0.0,3.7,140.0,13.8,628.0,7702.8,3.9,-2.3193,THAMES GROUP
SW5,SW,7512.0,8,77.3,0.0,77.3,63.1,7.5,6.6,0.0,1.0,0.0892,0.5004,0.0,0.0,0.0,0.0952,0.3208,0.0,3.6,140.0,14.2,636.0,7727.8,18.3,-2.0177,THAMES GROUP
SW6,SW,29368.0,9,95.0,2.0653,92.9,62.8,7.5,22.6,0.0,1.0,0.089,0.8229,0.0,0.1412,0.1412,0.1154,0.352,0.0,3.6,140.0,13.7,632.0,9293.4,123.8,-9.1487,THAMES GROUP
SW7,SW,6910.0,8,80.3,1.3026,79.0,62.9,7.6,8.5,0.0,1.0,0.0906,0.5515,0.0,0.0,0.0,0.1465,0.297,0.0,3.6,140.0,14.6,638.0,7904.0,90.900002,-2.6328,THAMES GROUP
SW8,SW,18048.0,10,170.3,80.6026,89.7,62.8,7.5,19.3,0.0,1.0,0.0895,0.7981,0.0,0.0892,0.0918,0.1552,0.4781,0.0,3.6,140.0,13.8,629.0,8966.6,1445.9,-7.6323,THAMES GROUP
SW9,SW,20777.0,8,79.9,0.0,79.9,62.8,7.6,9.5,0.0,1.0,0.0921,0.59,0.0,0.0,0.0,0.1399,0.4232,0.0,3.7,140.0,13.7,626.0,7993.2,81.900002,-2.6552,THAMES GROUP
SY1,SY,12540.0,7,65.7,25.279499,40.4,7.4,7.7,25.3,0.0,0.0879,0.0948,0.8644,0.0,0.1496,0.2539,0.1282,0.254,0.0,3.9,136.0,13.7,700.0,4038.3,466.0,-25.6983,none (low-plasticity bedrock)
SY10,SY,6901.0,4,48.6,0.0,48.6,6.6,27.9,14.1,0.0,0.1078,0.5312,0.6196,0.0,0.0914,0.1058,0.0656,0.0993,0.0,5.0,140.0,39.4,1368.0,4808.9,37.8,-16.3223,none (low-plasticity bedrock)
SY11,SY,12063.0,2,33.2,0.0,33.2,7.5,11.9,13.8,0.0,0.1077,0.1979,0.6269,0.0,0.0702,0.11,0.0876,0.1546,0.0,4.1,139.0,18.2,869.0,3323.4,3.3,-19.337,TRIASSIC ROCKS (UNDIFFERENTIATED)
SY12,SY,3731.0,2,36.2,1.8536,34.3,11.9,9.9,12.5,0.0,0.2306,0.1517,0.5907,0.0,0.0643,0.0864,0.0806,0.1378,0.0,4.0,139.0,16.6,749.0,3434.6,69.599998,-16.6239,TRIASSIC ROCKS (UNDIFFERENTIATED)
SY13,SY,8809.0,8,78.7,36.071999,42.6,22.6,10.3,9.7,0.0,0.4637,0.1589,0.5341,0.0,0.0455,0.0637,0.0763,0.1284,0.0,4.2,137.0,17.2,736.0,4264.4,647.59998,-13.7873,TRIASSIC ROCKS (UNDIFFERENTIATED)
SY14,SY,2957.0,2,34.7,0.0,34.7,13.7,8.6,12.4,0.0,0.272,0.1183,0.5821,0.0,0.0672,0.0808,0.0756,0.123,0.0,4.0,138.0,15.3,721.0,3469.5,10.3,-17.0443,TRIASSIC ROCKS (UNDIFFERENTIATED)
SY15,SY,2406.0,2,36.5,0.0,36.5,7.6,14.1,14.7,0.0,0.1168,0.2485,0.6202,0.0,0.0971,0.1113,0.0569,0.0896,0.0,4.1,137.0,22.7,890.0,3645.2,31.0,-19.5869,none (low-plasticity bedrock)
SY16,SY,7161.0,2,35.6,2.2821,33.3,7.4,17.1,7.7,1.1,0.1142,0.3109,0.4676,0.8802,0.0436,0.0546,0.0514,0.0668,0.02,4.0,139.0,27.5,1081.0,3327.9,74.0,-16.9357,none (low-plasticity bedrock)
SY17,SY,1623.0,5,51.4,0.0,51.4,6.2,29.2,14.8,1.3,0.0968,0.5563,0.6296,0.8802,0.1009,0.1131,0.0611,0.084,0.02,4.7,143.0,39.0,1455.0,5070.0,8.2,-14.9192,none (low-plasticity bedrock)
SY18,SY,2220.0,7,65.5,11.0413,54.5,6.2,38.8,8.3,1.3,0.1036,0.7287,0.4862,0.8802,0.0464,0.054,0.0589,0.0738,0.02,4.8,146.0,54.6,1577.0,5113.4,258.10001,-11.7737,none (low-plasticity bedrock)
SY19,SY,477.0,5,52.8,0.0,52.8,6.3,38.7,6.5,1.3,0.107,0.726,0.4513,0.8802,0.0243,0.0285,0.0749,0.0994,0.02,4.9,144.0,59.2,1782.0,4945.7,57.3,-10.9032,none (low-plasticity bedrock)
SY2,SY,8288.0,4,44.0,4.9059,39.1,8.3,8.0,22.9,0.0,0.12,0.1015,0.7861,0.0,0.1538,0.2274,0.0648,0.154,0.0,3.9,136.0,13.9,704.0,3912.7,129.3,-24.0826,none (low-plasticity bedrock)
SY20,SY,3057.0,5,54.7,0.8398,53.9,6.6,35.8,10.3,1.3,0.1157,0.6755,0.5346,0.8802,0.0625,0.0748,0.0592,0.0774,0.02,4.1,150.0,73.5,2030.0,5148.1,64.099998,-12.6859,none (low-plasticity bedrock)
SY21,SY,7618.0,9,94.4,57.652,36.8,7.3,16.0,13.5,0.0,0.1099,0.2892,0.5983,0.0,0.0862,0.0965,0.0632,0.0857,0.0,3.8,138.0,29.0,1122.0,3675.1,1000.0,-19.2995,none (low-plasticity bedrock)
SY22,SY,3885.0,3,41.7,0.0,41.7,7.6,14.3,19.8,0.0,0.1168,0.2537,0.7081,0.0,0.1474,0.1657,0.0451,0.0658,0.0,3.9,138.0,25.6,998.0,4170.6,5.7,-21.0251,none (low-plasticity bedrock)
SY23,SY,11241.0,4,50.0,0.0,50.0,6.3,33.7,8.8,1.2,0.1003,0.6375,0.4954,0.8802,0.0529,0.0608,0.0527,0.0703,0.02,4.4,152.0,52.4,1611.0,4822.0,41.400002,-12.594,none (low-plasticity bedrock)
SY24,SY,1959.0,5,54.8,0.0,54.8,6.7,32.4,14.4,1.3,0.1171,0.6164,0.616,0.8802,0.1024,0.1542,0.0332,0.0502,0.02,4.6,150.0,50.9,1590.0,5337.4,35.5,-14.8812,none (low-plasticity bedrock)
SY25,SY,1915.0,5,51.5,0.0,51.5,6.2,34.7,9.4,1.3,0.1006,0.6565,0.5152,0.8802,0.0559,0.0637,0.0584,0.0823,0.02,4.5,153.0,47.8,1572.0,4947.0,60.8,-12.7094,none (low-plasticity bedrock)
SY3,SY,15148.0,4,48.1,14.8662,33.2,7.6,8.4,17.2,0.0,0.1015,0.1135,0.6755,0.0,0.111,0.1237,0.0686,0.1381,0.0,4.0,136.0,13.7,714.0,3319.6,283.5,-21.0529,none (low-plasticity bedrock)
SY4,SY,11106.0,2,33.3,0.0,33.3,11.5,8.8,13.0,0.0,0.2144,0.1225,0.5951,0.0,0.0718,0.0933,0.0696,0.1342,0.0,4.1,136.0,15.5,715.0,3326.8,11.7,-17.1256,TRIASSIC ROCKS (UNDIFFERENTIATED)
SY5,SY,9540.0,2,35.1,0.0,35.1,7.6,12.8,14.7,0.0,0.1127,0.2192,0.6238,0.0,0.0942,0.1104,0.0584,0.112,0.0,4.4,137.0,14.3,786.0,3513.1,6.4,-19.7636,none (low-plasticity bedrock)
SY6,SY,3331.0,2,35.8,1.3954999,34.4,7.1,20.0,7.2,0.0,0.1151,0.3725,0.4504,0.0,0.045,0.0544,0.036,0.0677,0.0,5.1,137.0,26.0,871.0,3437.4,62.0,-19.0369,none (low-plasticity bedrock)
SY7,SY,4750.0,2,34.3,0.0,34.3,7.6,16.0,10.8,0.0,0.1194,0.2887,0.5252,0.0,0.077,0.0877,0.0281,0.0529,0.0,4.4,139.0,23.0,903.0,3434.7,9.1,-20.0904,none (low-plasticity bedrock)
SY8,SY,8630.0,1,30.3,0.0,30.3,8.1,9.6,12.6,0.0,0.1193,0.1419,0.5689,0.0,0.0815,0.1023,0.0415,0.0815,0.0,3.9,136.0,20.9,812.0,3025.8,18.9,-21.1785,none (low-plasticity bedrock)
SY9,SY,1343.0,1,30.3,0.0,30.3,7.7,13.4,9.2,0.0,0.1186,0.232,0.4978,0.0,0.0621,0.0786,0.0319,0.0628,0.0,4.2,138.0,20.1,896.0,3034.6,29.8,-20.5871,none (low-plasticity bedrock)
TA1,TA,19440.0,6,59.1,0.0,59.1,18.1,14.6,26.4,0.0,0.4,0.2605,0.8883,0.0,0.1687,0.2498,0.1365,0.2416,0.0,4.0,140.0,20.8,884.0,5911.3,9.6,-21.5172,TRIASSIC ROCKS (UNDIFFERENTIATED)
TA10,TA,4549.0,9,89.9,1.4187,88.5,22.9,11.2,54.4,0.0,0.4754,0.1845,1.0,0.0,0.3989,0.4517,0.1489,0.2781,0.0,4.0,139.0,20.1,755.0,8851.9,105.4,-18.5291,LIAS GROUP
TA11,TA,4420.0,5,55.8,0.0,55.8,23.2,11.4,21.2,0.0,0.4798,0.1883,0.7685,0.0,0.1393,0.1795,0.0894,0.1661,0.0,4.1,138.0,20.0,778.0,5583.0,5.4,-17.583,LIAS GROUP
TA12,TA,2691.0,9,99.0,10.3186,88.6,28.2,13.1,47.4,0.0,0.55,0.2284,1.0,0.0,0.3476,0.4022,0.1144,0.2283,0.0,4.1,140.0,21.0,822.0,8864.6,255.7,-15.8902,LIAS GROUP
TA13,TA,2018.0,6,59.6,0.0,59.6,28.0,15.5,16.1,0.0,0.5486,0.2796,0.663,0.0,0.103,0.1248,0.0725,0.1242,0.0,4.2,140.0,24.1,877.0,5963.7,27.5,-10.7062,LIAS GROUP
TA14,TA,1345.0,5,56.2,0.0,56.2,27.7,14.6,13.9,0.0,0.5441,0.2588,0.6023,0.0,0.0904,0.1034,0.053,0.095,0.0,4.2,139.0,23.6,854.0,5616.8,6.8,-10.5828,LIAS GROUP
TA15,TA,464.0,6,56.4,5.3955002,51.0,28.0,15.3,7.8,0.0,0.55,0.2727,0.4607,0.0,0.0518,0.0653,0.0302,0.0556,0.0,4.3,139.0,23.7,850.0,5101.4,144.3,-10.3803,LIAS GROUP
TA16,TA,808.0,6,58.0,1.1621,56.9,22.0,18.7,16.1,0.0,0.47,0.3456,0.6527,0.0,0.108,0.134,0.0557,0.1013,0.0,4.4,140.0,26.3,899.0,5685.1,67.400002,-14.3247,LIAS GROUP
TA17,TA,269.0,5,52.5,0.0,52.5,26.9,20.6,5.1,0.0,0.5398,0.3817,0.3738,0.0,0.0204,0.024,0.0418,0.0707,0.0,4.5,140.0,29.6,913.0,5253.6,11.4,-8.5201,LIAS GROUP
TA18,TA,5036.0,6,59.0,6.1788001,52.8,20.5,21.4,10.9,0.0,0.4444,0.401,0.5461,0.0,0.0681,0.0801,0.0522,0.0913,0.0,4.6,140.0,29.8,966.0,5280.6,151.60001,-14.3763,LIAS GROUP
TA19,TA,5447.0,7,68.0,3.6538,64.4,28.1,18.3,18.0,0.0,0.5516,0.3368,0.6974,0.0,0.1185,0.1457,0.0705,0.1312,0.0,4.4,140.0,25.5,911.0,6435.1,150.7,-11.162,LIAS GROUP
TA2,TA,13021.0,3,43.2,0.0,43.2,13.4,12.6,17.2,0.0,0.2872,0.2159,0.6746,0.0,0.1174,0.1418,0.058,0.1044,0.0,4.0,140.0,19.6,840.0,4323.9,26.6,-18.8529,TRIASSIC ROCKS (UNDIFFERENTIATED)
TA20,TA,9660.0,7,65.2,0.0,65.2,33.9,24.4,6.8,0.0,0.6445,0.4617,0.4367,0.0,0.0431,0.0489,0.0334,0.0645,0.0,4.8,140.0,35.7,1023.0,6513.2,40.3,-6.1386,LIAS GROUP
TA21,TA,9293.0,6,63.3,21.239901,42.0,10.5,21.0,10.4,0.0,0.225,0.3933,0.5317,0.0,0.0659,0.0766,0.0482,0.083,0.0,4.4,140.0,29.1,1040.0,4202.5,403.20001,-16.7008,TRIASSIC ROCKS (UNDIFFERENTIATED)
TA22,TA,1231.0,4,48.0,0.0,48.0,6.1,31.8,10.1,0.0,0.0947,0.6029,0.5104,0.0,0.0726,0.0862,0.0263,0.0454,0.0,4.7,142.0,51.0,1368.0,4667.6,0.0,-15.9621,none (low-plasticity bedrock)
TA23,TA,2730.0,5,52.1,0.41690001,51.7,8.4,34.0,9.3,0.0,0.175,0.6446,0.4965,0.0,0.0641,0.0723,0.0339,0.0543,0.0,5.2,142.0,40.7,1264.0,4986.9,46.599998,-13.8637,TRIASSIC ROCKS (UNDIFFERENTIATED)
TA24,TA,8936.0,6,62.2,0.0,62.2,6.9,46.1,9.2,0.0,0.1344,0.8563,0.5019,0.0,0.0653,0.0786,0.0313,0.0589,0.0,5.8,143.0,57.7,1554.0,5614.5,0.0,-12.9695,TRIASSIC ROCKS (UNDIFFERENTIATED)
TA3,TA,6352.0,8,85.0,18.8445,66.2,24.6,17.2,24.3,0.0,0.5079,0.3165,0.8309,0.0,0.1754,0.2032,0.0954,0.1697,0.0,4.3,140.0,24.8,899.0,6619.6,379.29999,-18.1336,TRIASSIC ROCKS (UNDIFFERENTIATED)
TA4,TA,8769.0,3,40.1,0.0,40.1,9.0,21.4,9.7,0.0,0.1702,0.4013,0.5031,0.0,0.0656,0.077,0.0338,0.0556,0.0,4.6,140.0,31.3,990.0,4008.5,1.7,-16.3411,TRIASSIC ROCKS (UNDIFFERENTIATED)
TA5,TA,5403.0,8,83.4,21.2579,62.1,14.2,22.1,25.9,0.0,0.3413,0.4156,0.8436,0.0,0.1989,0.231,0.073,0.1251,0.0,5.1,140.0,23.1,928.0,6211.8,415.60001,-21.8363,TRIASSIC ROCKS (UNDIFFERENTIATED)
TA6,TA,21987.0,6,59.9,0.0,59.9,16.4,13.3,30.3,0.0,0.3734,0.2311,0.9262,0.0,0.2058,0.3402,0.0914,0.207,0.0,4.3,140.0,20.8,778.0,5992.6,5.9,-22.7586,TRIASSIC ROCKS (UNDIFFERENTIATED)
TA7,TA,6991.0,9,99.8,10.3914,89.4,21.0,10.5,57.9,0.0,0.4445,0.1668,1.0,0.0,0.4156,0.4829,0.1788,0.3249,0.0,4.0,139.0,17.6,749.0,8937.8,247.0,-18.9207,TRIASSIC ROCKS (UNDIFFERENTIATED)
TA8,TA,7588.0,10,120.8,28.5446,92.2,24.4,20.8,47.1,0.0,0.5109,0.3901,1.0,0.0,0.3852,0.4462,0.0153,0.0503,0.0,5.1,140.0,19.8,877.0,9224.4,574.79999,-17.8038,LIAS GROUP
TA9,TA,6053.0,7,66.4,4.2999001,62.1,28.1,14.7,19.2,0.0,0.55,0.2616,0.7499,0.0,0.1002,0.2239,0.0881,0.2234,0.0,4.5,140.0,19.2,826.0,6205.2,126.0,-12.6335,LIAS GROUP
TD1,TD,8535.0,9,90.3,52.955399,37.3,6.2,24.0,6.0,1.2,0.0812,0.4514,0.4135,0.8802,0.0372,0.0398,0.0371,0.0507,0.02,5.1,145.0,25.9,1042.0,3732.0,931.90002,-16.5417,none (low-plasticity bedrock)
TD10,TD,605.0,2,32.7,0.0,32.7,6.6,17.0,7.9,1.1,0.0889,0.3103,0.4923,0.8802,0.0313,0.034,0.0847,0.1194,0.02,4.8,144.0,22.0,837.0,3272.8,3.8,-15.7299,none (low-plasticity bedrock)
TD11,TD,3629.0,2,36.9,0.0,36.9,6.4,20.8,8.5,1.2,0.0915,0.3889,0.5007,0.8802,0.0395,0.0419,0.0784,0.1043,0.02,5.2,145.0,23.3,839.0,3691.6,35.599998,-15.4414,none (low-plasticity bedrock)
TD12,TD,2588.0,10,126.4,88.238503,38.2,7.4,13.7,17.0,0.0,0.1107,0.2406,0.681,0.0,0.1117,0.1264,0.0788,0.1175,0.0,4.7,142.0,14.2,746.0,3815.3,1516.0,-20.5025,none (low-plasticity bedrock)
TD13,TD,495.0,4,43.9,0.0389,43.9,6.2,25.8,10.7,1.2,0.087,0.4891,0.53,0.8802,0.074,0.0747,0.0432,0.0563,0.02,6.3,146.0,23.3,884.0,4368.5,44.900002,-15.6593,none (low-plasticity bedrock)
TD14,TD,3091.0,3,42.3,0.0,42.3,6.2,23.0,12.0,1.2,0.0818,0.4338,0.5635,0.8802,0.0851,0.0857,0.0456,0.0636,0.02,5.9,145.0,16.5,779.0,4233.7,46.900002,-17.3865,none (low-plasticity bedrock)
TD15,TD,7921.0,3,43.5,0.64810002,42.9,7.0,16.8,19.1,0.0,0.1076,0.3073,0.7122,0.0,0.1344,0.1433,0.0672,0.1157,0.0,5.1,143.0,16.4,713.0,4287.7,56.200001,-20.6625,none (low-plasticity bedrock)
TD2,TD,1353.0,2,33.1,0.0,33.1,6.3,19.4,6.2,1.1,0.0804,0.3595,0.4183,0.8802,0.0322,0.0333,0.0477,0.0644,0.02,4.8,145.0,23.3,1007.0,3309.1,27.5,-17.1272,none (low-plasticity bedrock)
TD3,TD,550.0,1,31.7,0.0,31.7,6.5,16.4,7.7,1.1,0.08,0.2974,0.4753,0.8802,0.0387,0.0411,0.0646,0.0914,0.02,4.7,145.0,20.0,905.0,3174.8,5.7,-17.1829,none (low-plasticity bedrock)
TD4,TD,1320.0,1,30.8,0.0,30.8,6.6,14.7,8.4,1.1,0.08,0.2605,0.4921,0.8802,0.0467,0.0479,0.0618,0.0878,0.02,4.4,144.0,20.8,859.0,3077.0,3.8,-17.9177,none (low-plasticity bedrock)
TD5,TD,5789.0,1,29.2,0.0,29.2,7.0,11.7,10.6,0.0,0.0861,0.1931,0.5549,0.0,0.0474,0.0527,0.0963,0.1318,0.0,4.3,140.0,15.8,784.0,2924.6,4.4,-20.1073,none (low-plasticity bedrock)
TD6,TD,5169.0,2,33.8,0.34110001,33.4,6.6,14.9,10.8,1.1,0.081,0.2657,0.5497,0.8802,0.0595,0.0664,0.0744,0.1006,0.02,4.5,142.0,17.6,851.0,3343.9,28.200001,-18.2201,none (low-plasticity bedrock)
TD7,TD,3772.0,6,56.9,0.0,56.9,5.8,40.1,9.7,1.3,0.0839,0.7527,0.5364,0.8802,0.0476,0.0512,0.0868,0.1129,0.02,5.3,147.0,41.2,1506.0,5302.8,23.4,-11.5043,none (low-plasticity bedrock)
TD8,TD,3311.0,2,34.2,0.0,34.2,6.5,17.7,8.9,1.1,0.0829,0.3239,0.51,0.8802,0.0423,0.0463,0.0766,0.1112,0.02,4.7,139.0,20.2,993.0,3418.4,13.8,-16.2194,none (low-plasticity bedrock)
TD9,TD,9504.0,5,56.2,0.0,56.2,5.7,42.6,7.9,0.0,0.0887,0.795,0.4944,0.0,0.0343,0.0357,0.081,0.1178,0.0,5.4,144.0,54.1,1447.0,5150.2,42.200001,-12.3369,none (low-plasticity bedrock)
TF1,TF,17944.0,3,43.3,17.536301,25.8,7.4,9.4,9.0,0.0,0.0932,0.1371,0.542,0.0,0.0245,0.0329,0.1007,0.2319,0.0,4.2,134.0,15.0,712.0,2576.1,318.70001,-20.1355,none (low-plasticity bedrock)
TF10,TF,8803.0,1,30.0,0.4835,29.5,7.4,8.1,14.0,0.0,0.0919,0.1047,0.6049,0.0,0.0861,0.1124,0.0533,0.1086,0.0,4.0,134.0,14.8,718.0,2952.6,23.5,-21.4747,TRIASSIC ROCKS (UNDIFFERENTIATED)
TF11,TF,5657.0,1,24.3,0.0,24.3,8.4,8.5,7.4,0.0,0.1271,0.1129,0.4535,0.0,0.0429,0.0524,0.0386,0.0802,0.0,4.1,134.0,16.3,720.0,2425.7,6.1,-21.6752,TRIASSIC ROCKS (UNDIFFERENTIATED)
TF12,TF,2389.0,1,22.9,0.0,22.9,8.0,10.7,4.2,0.0,0.12,0.1651,0.3214,0.0,0.0089,0.0112,0.0371,0.0757,0.0,4.3,134.0,19.0,751.0,2290.3,12.8,-17.9466,none (low-plasticity bedrock)
TF13,TF,1792.0,1,29.7,0.0,29.7,7.7,15.2,6.8,0.0,0.1196,0.2719,0.4297,0.0,0.0391,0.0481,0.0336,0.0708,0.0,4.7,136.0,21.3,795.0,2967.2,5.6,-19.805,none (low-plasticity bedrock)
TF2,TF,16989.0,2,33.6,9.6372995,23.9,7.8,10.1,6.1,0.0,0.1088,0.1535,0.4385,0.0,0.0158,0.0284,0.0629,0.1509,0.0,4.3,134.0,16.2,712.0,2394.0,195.2,-19.8085,none (low-plasticity bedrock)
TF3,TF,9895.0,1,30.3,2.9073999,27.4,8.0,10.5,8.9,0.0,0.12,0.1651,0.5355,0.0,0.0264,0.0264,0.1021,0.2126,0.0,4.4,134.0,18.0,726.0,2743.8,74.599998,-18.7598,none (low-plasticity bedrock)
TF4,TF,9433.0,1,31.9,5.8849001,26.0,7.9,10.3,7.7,0.0,0.1153,0.1605,0.5116,0.0,0.0154,0.0231,0.1026,0.2107,0.0,4.3,134.0,17.9,738.0,2597.3,121.7,-18.6066,none (low-plasticity bedrock)
TF5,TF,1797.0,1,28.4,0.0,28.4,7.4,8.7,12.3,0.0,0.0907,0.1195,0.584,0.0,0.0641,0.101,0.0645,0.1439,0.0,4.1,135.0,14.2,694.0,2838.9,21.9,-21.1434,none (low-plasticity bedrock)
TF6,TF,2994.0,3,40.0,5.5236001,34.5,7.3,8.4,18.7,0.0,0.0881,0.1138,0.7123,0.0,0.1158,0.1552,0.0782,0.1564,0.0,4.1,134.0,13.9,684.0,3447.8,119.7,-21.7661,none (low-plasticity bedrock)
TF7,TF,7702.0,1,25.0,0.0,25.0,8.1,9.6,7.3,0.0,0.12,0.1422,0.4994,0.0,0.0179,0.0279,0.0913,0.194,0.0,4.2,134.0,17.0,739.0,2503.2,2.7,-19.2756,none (low-plasticity bedrock)
TF8,TF,1459.0,3,40.2,0.0,40.2,8.0,9.2,23.0,0.0,0.1159,0.1342,0.7708,0.0,0.17,0.2073,0.0496,0.0944,0.0,4.2,134.0,17.1,740.0,4020.4,42.599998,-24.1051,none (low-plasticity bedrock)
TF9,TF,10936.0,1,29.3,0.0,29.3,11.0,9.0,9.4,0.0,0.199,0.128,0.5165,0.0,0.0554,0.0707,0.0499,0.1012,0.0,4.1,134.0,16.7,738.0,2933.2,13.6,-18.7642,TRIASSIC ROCKS (UNDIFFERENTIATED)
TN1,TN,5899.0,8,82.9,17.3473,65.5,41.9,17.3,6.4,0.0,0.75,0.3145,0.4762,0.0,0.0,0.0061,0.1105,0.2075,0.0,4.2,145.0,26.1,846.0,6554.1,361.89999,-2.501,WEALDEN GROUP
TN10,TN,6828.0,10,101.1,10.1587,90.9,41.9,13.4,35.6,0.0,0.75,0.2346,0.9852,0.0,0.2614,0.2799,0.1205,0.2154,0.0,4.1,144.0,18.6,736.0,9090.3,268.79999,-12.2314,WEALDEN GROUP
TN11,TN,6192.0,8,76.3,0.0,76.3,41.4,14.0,21.0,0.0,0.7397,0.246,0.7674,0.0,0.1383,0.1645,0.1005,0.159,0.0,4.1,145.0,18.8,765.0,7630.8,0.6,-9.7212,WEALDEN GROUP
TN12,TN,12677.0,10,114.2,11.0309,103.1,41.7,13.0,48.4,0.0,0.7473,0.2253,1.0,0.0,0.3508,0.4004,0.1442,0.2349,0.0,4.2,143.0,15.5,719.0,10312.3,266.10001,-12.7726,WEALDEN GROUP
TN13,TN,9518.0,4,48.1,0.0,48.1,20.2,17.2,10.6,0.0,0.4365,0.3142,0.5348,0.0,0.0684,0.0809,0.0432,0.086,0.0,4.5,144.0,22.2,754.0,4809.7,22.1,-15.5164,LOWER GREENSAND GROUP
TN14,TN,7205.0,3,41.6,0.0,41.6,15.0,19.7,7.0,0.0,0.3403,0.3648,0.4434,0.0,0.0415,0.0486,0.0392,0.0698,0.0,4.8,144.0,22.9,765.0,4164.4,24.700001,-16.4459,LOWER GREENSAND GROUP
TN15,TN,10515.0,2,35.5,0.0,35.5,15.1,15.7,4.6,0.0,0.3234,0.2807,0.3348,0.0,0.0164,0.0222,0.0307,0.0603,0.0,4.5,143.0,19.6,729.0,3548.2,14.3,-14.0858,LOWER GREENSAND GROUP
TN16,TN,7803.0,3,39.3,1.9672,37.4,13.5,19.0,4.8,0.0,0.3004,0.3493,0.3431,0.0,0.0199,0.0247,0.0299,0.0548,0.0,4.7,144.0,22.9,778.0,3735.5,65.099998,-14.9806,LOWER GREENSAND GROUP
TN17,TN,5532.0,10,138.0,64.245399,73.8,42.0,16.8,15.0,0.0,0.75,0.3065,0.6493,0.0,0.0873,0.1039,0.0921,0.1348,0.0,4.3,143.0,24.9,788.0,7375.1,1138.3,-5.7151,WEALDEN GROUP
TN18,TN,2944.0,8,81.0,1.4499,79.6,41.8,17.1,20.6,0.0,0.75,0.3143,0.7541,0.0,0.1426,0.1553,0.0902,0.135,0.0,4.3,143.0,24.4,825.0,7957.5,89.199997,-9.3602,WEALDEN GROUP
TN19,TN,2136.0,8,78.0,0.0,78.0,40.6,18.8,18.6,0.0,0.7362,0.3482,0.7182,0.0,0.1231,0.1317,0.0946,0.1305,0.0,4.2,144.0,26.8,887.0,7802.1,30.9,-7.8606,WEALDEN GROUP
TN2,TN,11909.0,10,142.4,76.986,65.5,42.0,16.7,6.7,0.0,0.75,0.3033,0.4578,0.0,0.0272,0.0451,0.0635,0.1058,0.0,4.3,145.0,23.2,812.0,6545.4,1358.0,-4.153,WEALDEN GROUP
TN20,TN,1645.0,7,74.2,0.0,74.2,41.6,20.3,12.4,0.0,0.75,0.3775,0.5931,0.0,0.0695,0.0838,0.0845,0.1111,0.0,4.3,146.0,28.4,919.0,7420.7,50.599998,-5.421,WEALDEN GROUP
TN21,TN,7466.0,8,77.8,11.3806,66.4,41.2,18.6,6.6,0.0,0.7412,0.3423,0.4419,0.0,0.0307,0.0378,0.0588,0.08,0.0,4.1,147.0,28.4,880.0,6642.1,261.5,-4.3332,WEALDEN GROUP
TN22,TN,11681.0,7,72.5,0.0,72.5,42.1,16.5,13.9,0.0,0.75,0.2996,0.6073,0.0,0.0901,0.1031,0.0608,0.0884,0.0,3.8,150.0,25.9,895.0,7247.0,18.700001,-5.9726,WEALDEN GROUP
TN23,TN,17387.0,7,74.8,1.7571,73.0,36.8,14.0,22.2,0.0,0.6772,0.2471,0.8171,0.0,0.1338,0.195,0.1328,0.2245,0.0,4.2,142.0,20.6,755.0,7302.7,87.199997,-12.382,WEALDEN GROUP
TN24,TN,13419.0,10,132.7,67.2341,65.5,24.3,15.2,25.9,0.0,0.5004,0.2735,0.8521,0.0,0.1893,0.2415,0.0789,0.1725,0.0,4.3,142.0,21.6,766.0,6546.1,1205.9,-19.0304,LOWER GREENSAND GROUP
TN25,TN,8214.0,4,46.8,0.61379999,46.2,19.0,16.9,9.9,0.3,0.4197,0.3083,0.5239,0.2295,0.0573,0.0762,0.0535,0.0906,0.0014,4.3,143.0,23.7,786.0,4618.9,62.8,-15.4559,LOWER GREENSAND GROUP
TN26,TN,5188.0,10,121.6,50.547798,71.1,40.9,13.9,16.2,0.0,0.7345,0.2452,0.6948,0.0,0.0821,0.1166,0.1214,0.2002,0.0,4.2,143.0,20.2,731.0,7107.4,910.40002,-6.6843,WEALDEN GROUP
TN27,TN,6078.0,7,67.3,0.0,67.3,34.3,13.0,20.0,0.0,0.636,0.2237,0.7496,0.0,0.1274,0.1507,0.1055,0.1559,0.0,4.1,143.0,19.1,738.0,6725.2,9.4,-10.6817,WEALDEN GROUP
TN28,TN,3662.0,9,98.1,12.6309,85.4,41.2,23.8,20.4,0.0,0.75,0.4512,0.7124,0.0,0.1595,0.1869,0.0142,0.0774,0.0,5.3,144.0,19.0,707.0,8539.1,305.89999,-7.7635,WEALDEN GROUP
TN29,TN,6015.0,10,110.9,37.4823,73.4,41.6,20.7,11.1,0.0,0.75,0.3862,0.5558,0.0,0.0676,0.1022,0.0363,0.131,0.0,4.9,143.0,19.6,711.0,7338.5,716.0,-5.7679,WEALDEN GROUP
TN3,TN,4881.0,8,82.8,11.2441,71.6,41.9,18.2,11.5,0.0,0.75,0.3338,0.5655,0.0,0.068,0.0752,0.069,0.1022,0.0,4.4,144.0,24.2,813.0,7155.3,250.60001,-5.5892,WEALDEN GROUP
TN30,TN,4640.0,9,86.7,0.0,86.7,41.9,15.6,29.2,0.0,0.75,0.2825,0.9185,0.0,0.204,0.2576,0.1272,0.212,0.0,4.4,143.0,19.8,746.0,8670.0,5.1,-12.2423,WEALDEN GROUP
TN31,TN,6538.0,8,82.2,0.0,82.2,41.4,20.0,20.7,0.0,0.75,0.3739,0.7497,0.0,0.1513,0.1666,0.0636,0.1359,0.0,4.7,143.0,22.3,764.0,8218.1,62.400002,-9.3643,WEALDEN GROUP
TN32,TN,2194.0,9,95.8,20.6595,75.1,40.9,17.7,16.6,0.0,0.7367,0.3252,0.6734,0.0,0.1072,0.1185,0.082,0.1189,0.0,4.1,143.0,27.7,855.0,7515.0,403.20001,-6.848,WEALDEN GROUP
TN33,TN,5135.0,8,76.3,2.2009001,74.1,41.4,18.4,14.3,0.0,0.7434,0.3392,0.6262,0.0,0.088,0.1141,0.0714,0.1052,0.0,4.2,145.0,26.2,853.0,7407.2,118.6,-6.1529,WEALDEN GROUP
TN34,TN,14044.0,10,159.4,81.657501,77.7,41.4,22.1,14.2,0.0,0.75,0.4161,0.6464,0.0,0.0749,0.0763,0.1164,0.1614,0.0,4.6,144.0,23.6,841.0,7771.9,1446.8,-4.7205,WEALDEN GROUP
TN35,TN,7749.0,8,79.1,0.0,79.1,41.3,24.0,13.9,0.0,0.75,0.4538,0.6013,0.0,0.0973,0.1056,0.0468,0.0724,0.0,4.8,144.0,25.6,830.0,7910.0,44.900002,-5.6323,WEALDEN GROUP
TN36,TN,1110.0,10,113.0,0.86650002,112.1,41.0,24.1,47.0,0.0,0.75,0.4569,1.0,0.0,0.3674,0.4251,0.0675,0.1582,0.0,4.9,143.0,22.6,792.0,11204.5,115.8,-11.6972,WEALDEN GROUP
TN37,TN,9666.0,7,72.9,0.0,72.9,41.4,21.9,9.7,0.0,0.75,0.41,0.5356,0.0,0.0469,0.0469,0.083,0.1327,0.0,4.6,144.0,24.7,842.0,7288.3,7.5,-4.4019,WEALDEN GROUP
TN38,TN,11888.0,9,90.4,6.0402999,84.3,41.3,23.1,20.0,0.0,0.75,0.4365,0.7295,0.0,0.147,0.1592,0.0611,0.1054,0.0,4.8,144.0,25.0,844.0,8433.2,163.2,-7.818,WEALDEN GROUP
TN39,TN,12317.0,9,95.2,19.4063,75.8,41.3,21.5,12.9,0.0,0.75,0.403,0.5943,0.0,0.0838,0.0992,0.0568,0.1004,0.0,4.4,145.0,23.0,852.0,7575.8,424.39999,-6.0722,WEALDEN GROUP
TN4,TN,13159.0,6,63.9,0.0,63.9,42.2,15.9,5.8,0.0,0.75,0.2863,0.4222,0.0,0.0162,0.0222,0.0679,0.1099,0.0,4.1,145.0,22.9,836.0,6391.5,32.099998,-3.1805,WEALDEN GROUP
TN40,TN,8723.0,10,121.7,41.690601,80.0,41.3,24.2,14.5,0.0,0.75,0.4591,0.6086,0.0,0.1055,0.1146,0.0368,0.0683,0.0,4.9,145.0,23.7,849.0,7995.0,801.90002,-5.7989,WEALDEN GROUP
TN5,TN,3776.0,7,68.5,0.0,68.5,41.8,19.6,7.1,0.0,0.75,0.364,0.4584,0.0,0.034,0.0438,0.0608,0.0834,0.0,4.4,144.0,27.4,866.0,6852.2,60.8,-4.1818,WEALDEN GROUP
TN6,TN,10380.0,7,70.6,2.4928,68.2,41.6,21.4,5.1,0.0,0.75,0.3994,0.3976,0.0,0.0163,0.0214,0.0596,0.0869,0.0,4.4,147.0,31.2,891.0,6815.6,93.699997,-3.4555,WEALDEN GROUP
TN7,TN,957.0,8,76.1,0.0,76.1,41.6,19.7,14.8,0.0,0.75,0.3667,0.6274,0.0,0.098,0.1021,0.0654,0.0969,0.0,4.3,149.0,25.2,858.0,7611.3,12.3,-6.0639,WEALDEN GROUP
TN8,TN,6151.0,8,82.2,8.5305004,73.6,41.5,15.2,16.9,0.0,0.7413,0.2724,0.6876,0.0,0.1029,0.1243,0.0934,0.1431,0.0,4.1,146.0,20.5,793.0,7363.9,217.7,-6.7655,WEALDEN GROUP
TN9,TN,7898.0,10,104.5,0.0,104.5,41.9,13.4,49.1,0.0,0.75,0.2356,1.0,0.0,0.3599,0.4456,0.1067,0.2082,0.0,4.1,144.0,18.0,751.0,10446.9,51.200001,-12.8643,WEALDEN GROUP
TQ1,TQ,16422.0,3,39.3,1.0207,38.3,6.9,27.0,4.4,0.0,0.1057,0.5104,0.2847,0.0,0.0255,0.0282,0.0038,0.0105,0.0,4.6,150.0,28.3,1013.0,3800.2,46.599998,-15.8882,none (low-plasticity bedrock)
TQ10,TQ,1745.0,6,62.4,0.5262,61.8,6.0,48.2,7.6,0.0,0.1007,0.8914,0.4562,0.0,0.049,0.0602,0.0322,0.062,0.0,5.3,156.0,64.6,1637.0,5485.8,77.800003,-12.7798,none (low-plasticity bedrock)
TQ11,TQ,1889.0,7,74.7,6.3238001,68.4,6.0,50.3,12.1,0.0,0.1044,0.9264,0.5694,0.0,0.0838,0.0947,0.043,0.0794,0.0,5.5,156.0,67.2,1933.0,6049.4,183.3,-13.1514,none (low-plasticity bedrock)
TQ12,TQ,25011.0,5,52.5,0.0,52.5,11.3,25.3,15.9,0.0,0.2621,0.481,0.6407,0.0,0.1153,0.1344,0.0401,0.0732,0.0,4.1,152.0,34.0,1137.0,5235.0,22.6,-16.7896,EOCENE TO MIOCENE ROCKS (UNDIFFERENTIATED)
TQ13,TQ,11183.0,4,47.2,0.0,47.2,7.0,31.2,8.9,0.0,0.1245,0.5932,0.4858,0.0,0.0604,0.0712,0.0316,0.0556,0.0,4.5,152.0,42.3,1209.0,4600.4,16.6,-15.1079,EOCENE TO MIOCENE ROCKS (UNDIFFERENTIATED)
TQ14,TQ,9265.0,6,58.8,13.4782,45.3,8.1,24.8,12.4,0.0,0.1508,0.4699,0.5502,0.0,0.099,0.1076,0.0109,0.0259,0.0,4.4,149.0,30.2,1036.0,4526.3,298.79999,-17.7914,GAULT FORMATION AND UPPER GREENSAND FORMATION (UNDIFFERENTIATED)
TQ2,TQ,15106.0,7,64.5,18.922899,45.6,6.1,28.3,11.2,0.0,0.0884,0.5384,0.5406,0.0,0.0806,0.0861,0.0318,0.0658,0.0,4.5,152.0,33.5,1077.0,4508.0,364.29999,-17.123,none (low-plasticity bedrock)
TQ3,TQ,13631.0,5,51.9,6.7768002,45.1,6.2,29.5,9.4,0.0,0.0967,0.5617,0.49,0.0,0.068,0.0744,0.0229,0.0487,0.0,4.5,153.0,36.8,1152.0,4436.7,164.89999,-16.3675,none (low-plasticity bedrock)
TQ4,TQ,10074.0,5,51.0,0.0138,50.9,6.5,32.3,12.1,0.0,0.1081,0.6134,0.5574,0.0,0.0874,0.1066,0.0277,0.0547,0.0,4.7,153.0,34.6,1179.0,4950.2,56.5,-16.1835,none (low-plasticity bedrock)
TQ5,TQ,8951.0,10,150.5,103.1452,47.4,6.6,35.3,5.4,0.0,0.1114,0.6663,0.3526,0.0,0.0367,0.0392,0.0104,0.0208,0.0,5.1,151.0,30.2,1129.0,4507.5,1782.0,-14.3981,none (low-plasticity bedrock)
TQ6,TQ,3881.0,5,55.2,0.0,55.2,6.4,39.2,9.6,0.0,0.1113,0.736,0.4939,0.0,0.0764,0.0767,0.0175,0.0286,0.0,5.4,153.0,37.4,1242.0,5173.7,52.099998,-14.6946,none (low-plasticity bedrock)
TQ7,TQ,7573.0,5,53.1,0.0,53.1,6.5,36.0,10.6,0.0,0.1108,0.6788,0.5184,0.0,0.0835,0.0882,0.0178,0.0327,0.0,5.3,154.0,40.2,1149.0,5062.3,8.1,-15.2994,none (low-plasticity bedrock)
TQ8,TQ,1077.0,6,63.7,0.0,63.7,5.7,39.8,18.3,0.0,0.0837,0.7479,0.6711,0.0,0.1562,0.1562,0.0098,0.0196,0.0,5.9,154.0,38.5,1162.0,6001.9,40.0,-16.4922,none (low-plasticity bedrock)
TQ9,TQ,8767.0,5,54.0,0.0,54.0,6.4,37.3,10.2,0.0,0.1093,0.7026,0.514,0.0,0.0768,0.0861,0.0238,0.0407,0.0,4.7,155.0,44.8,1318.0,5103.6,9.1,-14.8981,none (low-plasticity bedrock)
TR1,TR,10321.0,5,55.6,1.8749,53.7,6.8,29.6,17.3,0.0,0.12,0.5633,0.6709,0.0,0.1293,0.1414,0.0408,0.0855,0.0,4.8,151.0,35.6,1134.0,5291.0,81.0,-16.6552,none (low-plasticity bedrock)
TR10,TR,4719.0,5,51.7,0.0,51.7,5.9,38.1,7.7,0.0,0.0892,0.7155,0.4574,0.0,0.0535,0.0618,0.0267,0.0558,0.0,5.3,152.0,45.0,1221.0,4853.9,18.700001,-14.8292,none (low-plasticity bedrock)
TR11,TR,13273.0,5,51.0,0.0,51.0,6.3,34.6,10.2,0.0,0.1016,0.6547,0.5063,0.0,0.0784,0.0835,0.0176,0.0369,0.0,5.1,152.0,35.5,1201.0,4897.3,2.1,-15.338,none (low-plasticity bedrock)
TR12,TR,4192.0,5,51.3,0.0,51.3,6.1,39.0,6.1,0.0,0.0957,0.7323,0.4045,0.0,0.0472,0.0492,0.0154,0.0321,0.0,5.7,153.0,34.7,1072.0,4775.4,37.099998,-15.5901,NEOGENE ROCKS (UNDIFFERENTIATED)
TR13,TR,8798.0,5,51.0,1.4703,49.5,6.3,36.4,6.8,0.0,0.1014,0.687,0.4295,0.0,0.0461,0.0551,0.0247,0.0502,0.0,5.4,153.0,37.5,1147.0,4690.4,81.900002,-15.1778,EOCENE TO MIOCENE ROCKS (UNDIFFERENTIATED)
TR14,TR,12169.0,5,51.2,0.0,51.2,6.5,35.3,9.5,0.0,0.1075,0.6671,0.5042,0.0,0.0646,0.0767,0.0316,0.0698,0.0,5.4,153.0,35.0,1127.0,4897.3,48.3,-14.4222,EOCENE TO MIOCENE ROCKS (UNDIFFERENTIATED)
TR15,TR,9184.0,4,49.2,0.0,49.2,6.5,36.5,6.1,0.0,0.1138,0.6888,0.4323,0.0,0.0294,0.0334,0.0466,0.1102,0.0,5.5,153.0,36.8,1178.0,4661.5,27.9,-13.7668,none (low-plasticity bedrock)
TR16,TR,7836.0,4,49.8,0.0,49.8,6.4,36.6,6.7,0.0,0.1055,0.6911,0.429,0.0,0.0452,0.0518,0.0253,0.0571,0.0,5.4,152.0,40.8,1226.0,4709.9,18.200001,-14.982,none (low-plasticity bedrock)
TR17,TR,780.0,6,62.8,0.0,62.8,6.5,41.0,15.4,0.0,0.1192,0.769,0.6227,0.0,0.1264,0.1312,0.0171,0.0371,0.0,5.7,155.0,33.1,1169.0,5872.8,0.9,-15.6042,none (low-plasticity bedrock)
TR18,TR,9496.0,7,67.9,3.9489,64.0,5.9,42.0,16.1,0.0,0.0995,0.7867,0.6499,0.0,0.1276,0.1366,0.029,0.0706,0.0,5.8,155.0,36.4,1169.0,5950.0,147.60001,-15.4743,none (low-plasticity bedrock)
TR19,TR,4226.0,6,57.3,6.7245002,50.6,5.8,39.6,5.2,0.0,0.0814,0.7416,0.3479,0.0,0.0339,0.0366,0.0122,0.026,0.0,6.8,156.0,29.6,1162.0,4692.0,168.3,-13.9914,none (low-plasticity bedrock)
TR2,TR,4678.0,4,47.0,0.0,47.0,6.8,30.2,9.9,0.0,0.1178,0.5747,0.5047,0.0,0.0713,0.0775,0.0278,0.0476,0.0,4.8,150.0,32.4,1142.0,4603.4,25.3,-15.4414,none (low-plasticity bedrock)
TR20,TR,4050.0,6,56.8,0.1356,56.7,5.9,42.7,8.0,0.0,0.0945,0.7968,0.4766,0.0,0.0524,0.0649,0.0331,0.0804,0.0,6.0,155.0,38.5,1166.0,5189.2,62.3,-13.8888,none (low-plasticity bedrock)
TR21,TR,766.0,5,53.9,0.0,53.9,5.8,39.5,8.6,0.0,0.08,0.7409,0.459,0.0,0.072,0.0748,0.005,0.011,0.0,8.4,159.0,22.6,1130.0,5021.1,18.9,-15.5553,none (low-plasticity bedrock)
TR22,TR,17.0,4,49.5,0.0,49.5,5.9,39.5,4.2,0.0,0.08,0.7402,0.2779,0.0,0.0274,0.0286,0.0005,0.001,0.0,8.3,159.0,22.8,1129.0,4598.5,38.0,-14.6449,none (low-plasticity bedrock)
TR23,TR,17.0,5,53.3,0.0,53.3,5.8,39.5,7.9,0.0,0.08,0.7419,0.4408,0.0,0.0686,0.0719,0.0014,0.0033,0.0,8.3,159.0,23.5,1130.0,4960.0,16.4,-16.1012,none (low-plasticity bedrock)
TR24,TR,151.0,6,64.3,0.0,64.3,5.7,39.4,19.2,0.0,0.08,0.7424,0.6891,0.0,0.1664,0.1677,0.0063,0.0196,0.0,8.3,159.0,23.4,1130.0,6070.2,9.0,-17.0715,none (low-plasticity bedrock)
TR25,TR,34.0,5,53.6,0.546,53.0,5.8,39.4,7.8,0.0,0.08,0.7391,0.4375,0.0,0.0684,0.0684,0.0016,0.0028,0.0,8.3,159.0,22.1,1131.0,4941.8,59.5,-16.1207,none (low-plasticity bedrock)
TR26,TR,5106.0,5,55.3,0.0,55.3,5.7,42.6,7.0,0.0,0.0873,0.7945,0.4295,0.0,0.0521,0.0558,0.0164,0.0439,0.0,6.3,154.0,38.0,1153.0,5054.5,52.200001,-14.8116,none (low-plasticity bedrock)
TR27,TR,7073.0,6,57.6,2.4956,55.1,6.7,37.1,11.4,0.0,0.1219,0.6987,0.5415,0.0,0.0842,0.0946,0.0255,0.0547,0.0,5.6,154.0,33.5,1129.0,5233.8,97.900002,-15.0102,NEOGENE ROCKS (UNDIFFERENTIATED)
TR3,TR,5584.0,5,52.4,0.0,52.4,6.6,32.1,13.7,0.0,0.1107,0.6097,0.5936,0.0,0.102,0.1212,0.0287,0.0554,0.0,4.9,152.0,38.0,1175.0,5098.8,40.200001,-16.48,none (low-plasticity bedrock)
TR4,TR,5512.0,4,45.1,0.2816,44.8,6.9,32.0,5.9,0.0,0.1199,0.6073,0.405,0.0,0.037,0.0458,0.0268,0.0552,0.0,5.2,152.0,34.3,1128.0,4344.2,49.5,-15.7076,none (low-plasticity bedrock)
TR5,TR,1824.0,4,49.0,0.014,49.0,7.8,36.3,4.9,0.0,0.15,0.6832,0.3329,0.0,0.0283,0.0321,0.0143,0.0304,0.0,6.5,153.0,31.1,1074.0,4645.3,50.200001,-12.7998,NEOGENE ROCKS (UNDIFFERENTIATED)
TR6,TR,1729.0,5,54.6,0.0,54.6,6.7,35.6,12.4,0.0,0.12,0.6722,0.5523,0.0,0.0966,0.1053,0.0152,0.0348,0.0,6.2,153.0,29.7,1043.0,5227.5,32.900002,-15.7593,none (low-plasticity bedrock)
TR7,TR,9540.0,6,57.5,0.0,57.5,6.7,35.5,15.4,0.0,0.12,0.672,0.6224,0.0,0.1242,0.127,0.0181,0.0511,0.0,5.8,152.0,26.0,1077.0,5520.1,29.700001,-16.2393,none (low-plasticity bedrock)
TR8,TR,5230.0,6,63.2,17.0487,46.2,6.8,30.8,8.5,0.0,0.1172,0.5857,0.4766,0.0,0.0586,0.0648,0.0282,0.0644,0.0,5.2,150.0,33.1,1118.0,4512.6,330.0,-15.4882,none (low-plasticity bedrock)
TR9,TR,3346.0,4,47.8,0.0,47.8,6.7,28.9,12.2,0.0,0.1126,0.5496,0.6012,0.0,0.068,0.0869,0.0747,0.1666,0.0,4.9,148.0,36.4,1194.0,4713.7,1.9,-15.677,none (low-plasticity bedrock)
TS1,TS,6458.0,4,45.5,4.7034998,40.8,17.7,6.9,16.2,0.0,0.3477,0.0729,0.7165,0.0,0.0636,0.0763,0.1398,0.3787,0.0,4.1,133.0,11.6,617.0,4081.1,123.6,-14.0576,TRIASSIC ROCKS (UNDIFFERENTIATED)
TS10,TS,16427.0,5,55.0,0.0,55.0,27.3,11.5,16.2,0.0,0.5364,0.1885,0.6752,0.0,0.0998,0.1071,0.0846,0.1726,0.0,4.9,130.0,13.1,669.0,5501.7,20.700001,-11.5171,LIAS GROUP
TS11,TS,5591.0,5,50.6,0.62019998,50.0,27.4,13.8,8.8,0.0,0.5399,0.2409,0.5061,0.0,0.0482,0.0491,0.0613,0.1135,0.0,5.3,129.0,11.7,672.0,4998.7,58.5,-9.8551,LIAS GROUP
TS12,TS,10204.0,4,48.7,1.3717,47.3,22.5,17.3,7.5,0.0,0.4746,0.3144,0.471,0.0,0.0365,0.0409,0.0606,0.1046,0.0,5.6,129.0,16.3,763.0,4729.4,83.800003,-12.9371,RAVENSCAR GROUP
TS13,TS,4643.0,4,49.4,0.0,49.4,22.8,19.1,7.5,0.0,0.4802,0.3519,0.4587,0.0,0.0463,0.0506,0.0415,0.069,0.0,6.0,126.0,14.4,823.0,4937.8,4.1,-13.2221,RAVENSCAR GROUP
TS14,TS,8346.0,5,55.0,8.1970997,46.8,25.1,13.0,8.6,0.0,0.5075,0.2225,0.5137,0.0,0.0351,0.0487,0.0815,0.138,0.0,4.9,129.0,17.5,751.0,4675.5,196.0,-11.2423,LIAS GROUP
TS15,TS,6272.0,2,35.9,0.0,35.9,10.5,9.6,15.8,0.0,0.1884,0.1426,0.6639,0.0,0.0959,0.1156,0.0851,0.1401,0.0,4.4,134.0,13.9,675.0,3588.7,23.200001,-18.5353,TRIASSIC ROCKS (UNDIFFERENTIATED)
TS16,TS,4638.0,3,38.1,1.6436,36.4,7.1,8.8,20.6,0.0,0.08,0.1244,0.7584,0.0,0.1331,0.1481,0.0983,0.1854,0.0,4.3,135.0,12.2,640.0,3643.1,69.5,-23.9159,none (low-plasticity bedrock)
TS17,TS,19052.0,3,42.1,0.59549999,41.6,7.4,7.4,26.8,0.0,0.0873,0.0868,0.8669,0.0,0.1846,0.2301,0.0979,0.2201,0.0,4.1,133.0,12.3,645.0,4155.0,51.099998,-26.1016,TRIASSIC ROCKS (UNDIFFERENTIATED)
TS18,TS,11316.0,3,43.1,0.0,43.1,7.4,7.8,27.9,0.0,0.09,0.0981,0.8824,0.0,0.1907,0.2358,0.1041,0.2269,0.0,4.1,134.0,13.0,640.0,4309.3,23.0,-25.3544,TRIASSIC ROCKS (UNDIFFERENTIATED)
TS19,TS,15664.0,1,24.3,0.93120003,23.3,7.2,8.5,7.7,0.0,0.08,0.1145,0.512,0.0,0.013,0.0371,0.0995,0.2095,0.0,4.2,135.0,12.3,641.0,2333.0,45.200001,-20.4757,none (low-plasticity bedrock)
TS2,TS,636.0,6,56.5,7.8014998,48.7,15.2,7.1,26.3,0.0,0.3012,0.0796,0.8435,0.0,0.1952,0.2177,0.0593,0.2062,0.0,4.1,132.0,9.9,613.0,4867.9,167.8,-22.4577,TRIASSIC ROCKS (UNDIFFERENTIATED)
TS20,TS,9081.0,2,35.7,0.0,35.7,7.2,8.3,20.2,0.0,0.0837,0.1098,0.768,0.0,0.1179,0.1492,0.1216,0.2255,0.0,4.2,134.0,11.8,641.0,3569.4,0.0,-23.8684,none (low-plasticity bedrock)
TS21,TS,5953.0,1,30.5,0.1744,30.3,7.2,10.3,12.9,0.0,0.0903,0.1595,0.5999,0.0,0.0663,0.0853,0.085,0.1428,0.0,4.4,137.0,13.9,654.0,3031.9,30.200001,-20.0221,none (low-plasticity bedrock)
TS22,TS,4528.0,1,27.5,0.0,27.5,7.4,9.9,10.2,0.0,0.0961,0.1512,0.5506,0.0,0.0438,0.0588,0.0887,0.151,0.0,4.5,134.0,14.0,658.0,2754.9,5.9,-20.5947,none (low-plasticity bedrock)
TS23,TS,12331.0,2,36.5,0.0,36.5,7.3,7.8,21.4,0.0,0.0863,0.0962,0.7979,0.0,0.1247,0.1687,0.1234,0.2669,0.0,4.2,133.0,11.0,623.0,3652.7,0.0,-24.8191,TRIASSIC ROCKS (UNDIFFERENTIATED)
TS24,TS,10474.0,1,31.7,0.0,31.7,6.9,10.4,14.4,0.0,0.08,0.164,0.6135,0.0,0.0897,0.1162,0.0511,0.116,0.0,4.7,131.0,13.4,674.0,3173.8,3.2,-21.1118,none (low-plasticity bedrock)
TS25,TS,17105.0,4,49.4,8.8977003,40.5,7.3,9.2,23.9,0.0,0.0919,0.1355,0.8113,0.0,0.1682,0.1921,0.0833,0.183,0.0,4.5,132.0,11.1,639.0,4046.1,180.39999,-25.2715,TRIASSIC ROCKS (UNDIFFERENTIATED)
TS26,TS,10553.0,1,28.0,0.0,28.0,6.8,12.2,9.0,0.0,0.08,0.2032,0.5421,0.0,0.0227,0.0341,0.1052,0.2257,0.0,4.9,132.0,14.1,674.0,2797.4,0.0,-19.4512,none (low-plasticity bedrock)
TS27,TS,5449.0,1,27.4,0.0,27.4,6.7,13.9,6.8,0.0,0.08,0.2423,0.4534,0.0,0.0302,0.0348,0.0609,0.1062,0.0,5.1,133.0,16.2,698.0,2743.7,0.0,-20.1883,none (low-plasticity bedrock)
TS28,TS,2449.0,1,29.7,0.0,29.7,6.7,13.1,9.9,0.0,0.08,0.225,0.5362,0.0,0.0471,0.0636,0.0766,0.125,0.0,4.8,135.0,18.5,730.0,2973.2,10.0,-20.2906,none (low-plasticity bedrock)
TS29,TS,2804.0,2,32.9,6.4877,26.4,6.8,12.4,7.1,0.0,0.08,0.2082,0.466,0.0,0.033,0.0447,0.0598,0.1074,0.0,4.6,136.0,19.2,736.0,2637.3,144.89999,-21.1909,none (low-plasticity bedrock)
TS3,TS,12877.0,6,60.1,8.5621004,51.5,22.0,7.3,22.2,0.0,0.4464,0.0849,0.8075,0.0,0.1307,0.1971,0.1152,0.2514,0.0,4.2,132.0,12.5,638.0,5153.5,191.60001,-19.0251,TRIASSIC ROCKS (UNDIFFERENTIATED)
TS4,TS,7843.0,3,43.0,0.0,43.0,20.2,7.0,15.8,0.0,0.4,0.074,0.6929,0.0,0.0643,0.1072,0.1297,0.2733,0.0,4.1,132.0,12.4,626.0,4298.7,3.4,-13.7055,TRIASSIC ROCKS (UNDIFFERENTIATED)
TS5,TS,16540.0,2,36.7,2.5871,34.1,15.6,6.5,12.0,0.0,0.2992,0.0605,0.6024,0.0,0.0502,0.0823,0.094,0.2086,0.0,4.0,133.0,12.4,634.0,3411.4,79.0,-14.8669,TRIASSIC ROCKS (UNDIFFERENTIATED)
TS6,TS,13720.0,4,44.3,0.0,44.3,25.2,8.1,11.1,0.0,0.5047,0.1033,0.6038,0.0,0.0252,0.0421,0.1304,0.2952,0.0,4.3,131.0,11.1,653.0,4430.4,0.0,-10.9203,LIAS GROUP
TS7,TS,10439.0,7,74.1,18.941799,55.2,26.9,9.2,19.1,0.0,0.5333,0.134,0.7394,0.0,0.1111,0.1388,0.1158,0.1898,0.0,4.5,131.0,15.3,703.0,5519.3,378.89999,-14.065,LIAS GROUP
TS8,TS,9505.0,3,38.0,0.0,38.0,19.7,8.7,9.7,0.0,0.4015,0.1201,0.5418,0.0,0.0385,0.0668,0.0872,0.1457,0.0,4.4,132.0,14.7,681.0,3803.5,4.4,-15.0615,TRIASSIC ROCKS (UNDIFFERENTIATED)
TS9,TS,6099.0,5,51.3,0.0,51.3,24.1,15.4,11.7,0.0,0.4964,0.276,0.5797,0.0,0.0611,0.0781,0.0778,0.1446,0.0,4.9,128.0,21.2,903.0,5126.2,0.0,-12.6662,LIAS GROUP
TW1,TW,11843.0,10,107.9,0.0,107.9,62.3,8.5,37.1,0.0,1.0,0.1169,0.9886,0.0,0.2518,0.4204,0.0666,0.2072,0.0,3.8,141.0,14.5,638.0,10792.3,28.9,-10.9322,THAMES GROUP
TW10,TW,8240.0,9,85.1,0.0,85.1,62.4,8.6,14.1,0.0,1.0,0.1185,0.6481,0.0,0.0564,0.1657,0.0799,0.2194,0.0,3.8,141.0,15.6,633.0,8508.7,57.900002,-5.2987,THAMES GROUP
TW11,TW,10361.0,10,152.1,61.1049,91.0,62.3,8.8,19.9,0.0,1.0,0.1231,0.7383,0.0,0.1205,0.2125,0.0535,0.2029,0.0,3.8,141.0,14.2,644.0,9100.1,1142.3,-7.5654,THAMES GROUP
TW12,TW,9998.0,9,92.6,4.9488001,87.7,62.0,9.1,16.5,0.0,1.0,0.1306,0.7169,0.0,0.0759,0.0917,0.131,0.3193,0.0,3.9,141.0,14.8,643.0,8765.1,185.60001,-6.3201,THAMES GROUP
TW13,TW,13998.0,9,94.2,10.834,83.4,62.0,9.1,12.3,0.0,1.0,0.1304,0.6602,0.0,0.0154,0.0539,0.1612,0.4052,0.0,3.9,141.0,14.6,635.0,8339.3,269.20001,-4.419,THAMES GROUP
TW14,TW,11057.0,10,112.9,28.9778,84.0,62.1,9.0,12.8,0.0,1.0,0.1295,0.6532,0.0,0.0379,0.0424,0.146,0.3351,0.0,3.9,141.0,14.8,634.0,8396.3,570.09998,-4.6672,THAMES GROUP
TW15,TW,11942.0,8,82.0,0.0,82.0,62.0,9.6,10.4,0.0,1.0,0.1428,0.5755,0.0,0.0189,0.1839,0.0607,0.219,0.0,4.0,141.0,14.9,643.0,8202.2,79.599998,-5.319,THAMES GROUP
TW16,TW,8814.0,10,125.5,34.790199,90.7,61.9,9.5,19.3,0.0,1.0,0.142,0.7392,0.0,0.1078,0.2299,0.0627,0.2128,0.0,3.9,141.0,14.9,645.0,9072.7,678.70001,-7.9511,THAMES GROUP
TW17,TW,6301.0,10,128.6,0.0,128.6,58.4,9.8,60.3,0.0,0.9573,0.1527,1.0,0.0,0.4411,0.6964,0.0375,0.1312,0.0,4.0,141.0,15.0,656.0,12862.0,46.099998,-12.9255,THAMES GROUP
TW18,TW,11754.0,10,173.2,31.2775,141.9,61.3,9.9,67.6,3.1,0.9946,0.1539,1.0,1.0,0.5012,0.751,0.0471,0.1656,0.1136,4.0,140.0,15.4,653.0,14190.3,667.79999,-11.9951,THAMES GROUP
TW19,TW,7081.0,10,137.0,7.4081998,129.6,61.7,9.9,58.0,0.0,1.0,0.1531,1.0,0.0,0.4624,0.5203,0.0431,0.1283,0.0,4.1,140.0,15.3,654.0,12958.6,213.39999,-13.0299,THAMES GROUP
TW2,TW,12113.0,8,84.4,0.0,84.4,62.3,8.8,13.3,0.0,1.0,0.1227,0.6305,0.0,0.0585,0.1101,0.0804,0.2454,0.0,3.8,141.0,15.0,637.0,8443.7,59.0,-5.1085,THAMES GROUP
TW20,TW,9146.0,10,113.1,15.5123,97.6,56.6,10.0,30.9,0.1,0.9338,0.1564,0.9274,0.2458,0.2112,0.3288,0.0935,0.1982,0.0016,4.0,140.0,16.1,659.0,9763.2,335.5,-11.2609,THAMES GROUP
TW3,TW,15691.0,8,84.7,4.4751,80.3,62.3,8.7,9.2,0.0,1.0,0.1201,0.5774,0.0,0.0,0.0,0.1401,0.3872,0.0,3.8,141.0,15.1,638.0,8025.0,153.39999,-3.1602,THAMES GROUP
TW4,TW,9965.0,9,99.6,12.0389,87.6,62.2,8.9,16.5,0.0,1.0,0.1255,0.7308,0.0,0.0679,0.0773,0.1366,0.4151,0.0,3.9,141.0,15.0,635.0,8758.7,274.60001,-6.257,THAMES GROUP
TW5,TW,10054.0,8,83.2,0.0,83.2,62.3,8.7,12.1,0.0,1.0,0.1211,0.6475,0.0,0.0256,0.0316,0.1524,0.3774,0.0,3.9,140.0,14.9,639.0,8316.5,50.900002,-3.9941,THAMES GROUP
TW6,TW,1513.0,9,88.5,6.9878998,81.6,62.1,9.2,10.2,0.0,1.0,0.1345,0.5953,0.0,0.0092,0.0108,0.1564,0.3254,0.0,4.0,140.0,14.7,639.0,8155.0,201.5,-3.6406,THAMES GROUP
TW7,TW,15552.0,9,98.2,8.1812,90.0,62.5,8.3,19.2,0.0,1.0,0.1121,0.7754,0.0,0.0942,0.1274,0.1534,0.3128,0.0,3.8,141.0,14.8,640.0,9001.4,210.2,-7.8137,THAMES GROUP
TW8,TW,10870.0,10,105.4,0.0,105.4,62.5,8.0,34.9,0.0,1.0,0.1053,0.9886,0.0,0.2268,0.2785,0.1419,0.3435,0.0,3.7,140.0,14.5,641.0,10543.0,89.699997,-9.8389,THAMES GROUP
TW9,TW,10271.0,9,90.4,1.3917,89.1,62.5,8.1,18.4,0.0,1.0,0.1063,0.7272,0.0,0.1035,0.1445,0.0824,0.275,0.0,3.7,141.0,14.7,635.0,8905.6,106.7,-6.5352,THAMES GROUP
UB1,UB,12516.0,10,106.5,20.822901,85.6,62.3,8.7,14.6,0.0,1.0,0.1223,0.6871,0.0,0.0527,0.0703,0.1358,0.3552,0.0,3.9,140.0,15.0,654.0,8564.7,406.60001,-5.1274,THAMES GROUP
UB10,UB,14395.0,10,117.0,18.226601,98.7,58.1,8.9,31.7,0.0,0.951,0.1278,0.9751,0.0,0.176,0.2304,0.2272,0.3572,0.0,3.9,139.0,16.1,665.0,9872.3,392.0,-9.4462,THAMES GROUP
UB11,UB,606.0,8,81.9,0.0,81.9,62.2,8.9,10.7,0.0,1.0,0.1265,0.6237,0.0,0.0,0.0,0.2007,0.3398,0.0,3.9,140.0,14.5,655.0,8185.4,30.0,-3.4884,THAMES GROUP
UB2,UB,11120.0,9,89.2,7.2262001,82.0,62.3,8.7,11.0,0.0,1.0,0.12,0.6069,0.0,0.022,0.0261,0.1357,0.3315,0.0,3.9,140.0,14.7,646.0,8198.1,205.89999,-3.7963,THAMES GROUP
UB3,UB,16076.0,9,86.0,0.0,86.0,62.2,8.9,14.9,0.0,1.0,0.1259,0.7083,0.0,0.0402,0.0556,0.1848,0.3668,0.0,3.9,140.0,14.7,650.0,8600.3,0.0,-5.2562,THAMES GROUP
UB4,UB,14666.0,10,111.5,13.6727,97.9,62.2,8.8,26.8,0.0,1.0,0.1265,0.9339,0.0,0.1224,0.2048,0.2407,0.4367,0.0,3.9,140.0,15.4,661.0,9785.3,325.60001,-9.2876,THAMES GROUP
UB5,UB,16889.0,8,80.8,0.0,80.8,62.2,8.9,9.7,0.0,1.0,0.1256,0.5846,0.0,0.0011,0.0068,0.1594,0.3326,0.0,3.9,140.0,15.8,662.0,8076.3,28.4,-3.3384,THAMES GROUP
UB6,UB,18896.0,10,132.3,40.705799,91.6,62.4,8.5,20.7,0.0,1.0,0.1159,0.7955,0.0,0.1172,0.1556,0.1216,0.3226,0.0,3.8,140.0,14.6,658.0,9161.5,780.40002,-8.8073,THAMES GROUP
UB7,UB,12509.0,10,103.6,10.8206,92.8,62.2,8.9,21.7,0.0,1.0,0.1266,0.8027,0.0,0.1304,0.1514,0.1268,0.2756,0.0,4.0,140.0,14.2,653.0,9280.0,260.89999,-9.2225,THAMES GROUP
UB8,UB,13655.0,9,94.9,0.0,94.9,60.2,9.0,25.7,0.0,0.9758,0.1305,0.8927,0.0,0.1378,0.2086,0.1877,0.3304,0.0,3.9,140.0,14.9,666.0,9493.7,23.1,-9.753,THAMES GROUP
UB9,UB,6488.0,7,69.6,6.1982002,63.4,33.7,9.2,20.5,0.0,0.6268,0.1348,0.7541,0.0,0.1297,0.1803,0.0864,0.1686,0.0,4.0,138.0,14.1,689.0,6341.7,174.10001,-11.4177,LAMBETH GROUP
W10,W,14970.0,9,88.4,4.6455002,83.7,62.7,7.6,13.4,0.0,1.0,0.0923,0.7033,0.0,0.0,0.0,0.2528,0.4396,0.0,3.6,140.0,14.5,655.0,8372.7,146.10001,-3.7319,THAMES GROUP
W11,W,14290.0,8,81.7,0.0,81.7,62.7,7.6,11.4,0.0,1.0,0.0907,0.6513,0.0,0.0,0.0,0.1945,0.4438,0.0,3.6,140.0,14.2,648.0,8167.4,70.599998,-3.0736,THAMES GROUP
W12,W,20490.0,8,83.3,0.0,83.3,62.7,7.6,13.0,0.0,1.0,0.0905,0.6981,0.0,0.0,0.0,0.2122,0.5434,0.0,3.6,140.0,13.9,648.0,8325.9,55.0,-3.4836,THAMES GROUP
W13,W,12850.0,9,96.3,8.7686005,87.5,62.5,8.3,16.8,0.0,1.0,0.1099,0.739,0.0,0.0642,0.0847,0.16,0.3806,0.0,3.8,140.0,14.5,652.0,8752.6,227.2,-6.3341,THAMES GROUP
W14,W,16028.0,9,87.8,7.1048002,80.7,62.8,7.5,10.4,0.0,1.0,0.0887,0.6193,0.0,0.0,0.0,0.1706,0.417,0.0,3.6,140.0,14.0,638.0,8071.9,202.5,-2.8042,THAMES GROUP
W1B,W,284.0,8,79.4,1.7996,77.6,63.0,7.7,7.0,0.0,1.0,0.0921,0.4978,0.0,0.0,0.0,0.139,0.1831,0.0,3.6,140.0,14.9,638.0,7762.9,87.599998,-2.3252,THAMES GROUP
W1C,W,130.0,7,72.8,0.0,72.8,62.4,7.8,2.7,0.0,1.0,0.0922,0.2183,0.0,0.0,0.0,0.0215,0.051,0.0,3.6,140.0,15.0,639.0,7283.6,30.5,-2.9042,THAMES GROUP
W1D,W,395.0,7,74.1,0.0,74.1,62.8,7.7,3.6,0.0,1.0,0.091,0.2977,0.0,0.0,0.0,0.0472,0.073,0.0,3.6,140.0,14.6,635.0,7411.7,44.3,-1.7576,THAMES GROUP
W1F,W,303.0,7,74.2,0.0,74.2,62.8,7.7,3.7,0.0,1.0,0.0913,0.3022,0.0,0.0,0.0,0.0507,0.069,0.0,3.6,140.0,14.7,636.0,7420.6,6.5,-1.6948,THAMES GROUP
W1G,W,785.0,9,92.9,12.4402,80.5,62.8,7.6,10.0,0.0,1.0,0.0923,0.5942,0.0,0.0,0.0,0.1928,0.2765,0.0,3.6,140.0,15.0,639.0,8045.3,285.89999,-2.7556,THAMES GROUP
W1H,W,3208.0,8,83.3,2.0380001,81.3,62.7,7.7,10.9,0.0,1.0,0.0925,0.624,0.0,0.0,0.0,0.2098,0.3136,0.0,3.6,140.0,15.0,641.0,8126.6,100.2,-2.8176,THAMES GROUP
W1J,W,326.0,10,106.7,31.058201,75.7,63.0,7.7,5.0,0.0,1.0,0.0918,0.3968,0.0,0.0,0.0,0.0813,0.1372,0.0,3.6,140.0,14.9,636.0,7568.0,599.70001,-1.949,THAMES GROUP
W1K,W,616.0,8,79.9,3.6294999,76.2,63.1,7.7,5.5,0.0,1.0,0.0921,0.4342,0.0,0.0,0.0,0.1001,0.1561,0.0,3.6,140.0,14.9,638.0,7624.8,136.3,-2.0747,THAMES GROUP
W1S,W,273.0,8,75.6,0.0,75.6,63.0,7.7,4.9,0.0,1.0,0.0916,0.3896,0.0,0.0,0.0,0.076,0.1396,0.0,3.6,140.0,14.8,637.0,7557.5,11.1,-1.8778,THAMES GROUP
W1T,W,1224.0,8,80.5,0.211,80.3,62.8,7.6,9.8,0.0,1.0,0.092,0.5921,0.0,0.0,0.0,0.1736,0.3285,0.0,3.6,140.0,14.9,637.0,8025.2,73.0,-2.6443,THAMES GROUP
W1U,W,1824.0,9,86.5,6.9661999,79.5,62.8,7.7,9.1,0.0,1.0,0.0926,0.563,0.0,0.0,0.0,0.1662,0.269,0.0,3.6,140.0,15.0,640.0,7951.9,186.5,-2.684,THAMES GROUP
W1W,W,809.0,9,97.0,18.7244,78.2,63.0,7.7,7.6,0.0,1.0,0.0921,0.524,0.0,0.0,0.0,0.1519,0.2093,0.0,3.6,140.0,14.9,638.0,7823.5,390.60001,-2.824,THAMES GROUP
W2,W,20905.0,8,79.7,3.02,76.7,63.0,7.7,6.0,0.0,1.0,0.0922,0.4625,0.0,0.0,0.0,0.1134,0.1778,0.0,3.6,140.0,14.8,644.0,7667.0,116.7,-2.3098,THAMES GROUP
W3,W,22358.0,8,80.7,0.0,80.7,62.7,7.8,10.3,0.0,1.0,0.0963,0.6107,0.0,0.0,0.0,0.1785,0.3678,0.0,3.7,140.0,14.1,652.0,8072.4,9.8,-2.9537,THAMES GROUP
W4,W,20142.0,9,89.6,0.0,89.6,62.7,7.7,19.2,0.0,1.0,0.0941,0.8125,0.0,0.0703,0.079,0.2139,0.474,0.0,3.7,140.0,14.7,639.0,8960.2,51.8,-7.7055,THAMES GROUP
W5,W,21796.0,10,136.1,55.070702,81.0,62.5,8.1,10.4,0.0,1.0,0.1045,0.5938,0.0,0.0152,0.0203,0.1428,0.3156,0.0,3.7,140.0,14.3,652.0,8099.4,992.20001,-3.377,THAMES GROUP
W6,W,16406.0,10,118.7,30.7005,88.0,62.8,7.5,17.7,0.0,1.0,0.0886,0.7583,0.0,0.077,0.08,0.143,0.4456,0.0,3.6,140.0,14.0,637.0,8800.0,604.09998,-6.462,THAMES GROUP
W7,W,11769.0,10,123.6,22.3911,101.2,62.4,8.3,30.5,0.0,1.0,0.1124,0.9341,0.0,0.1998,0.2507,0.1347,0.2919,0.0,3.8,140.0,14.2,651.0,10124.5,498.5,-10.1301,THAMES GROUP
W8,W,7813.0,10,103.6,26.1919,77.4,63.1,7.6,6.7,0.0,1.0,0.0896,0.5034,0.0,0.0,0.0,0.1021,0.3074,0.0,3.6,140.0,14.2,641.0,7737.7,506.20001,-2.2318,THAMES GROUP
W9,W,15757.0,8,81.3,1.0654,80.3,62.7,7.8,9.7,0.0,1.0,0.0976,0.5829,0.0,0.0,0.0,0.1871,0.2616,0.0,3.7,140.0,15.1,651.0,8026.7,82.699997,-2.7469,THAMES GROUP
WA1,WA,10688.0,6,58.3,0.0,58.3,6.8,10.5,40.9,0.0,0.08,0.1669,1.0,0.0,0.2792,0.4324,0.0817,0.2616,0.0,3.9,136.0,17.7,843.0,5825.1,44.599998,-22.8562,none (low-plasticity bedrock)
WA10,WA,18437.0,2,33.1,0.0,33.1,7.5,14.8,10.9,0.0,0.1131,0.2618,0.5747,0.0,0.044,0.0641,0.0934,0.1926,0.0,4.3,139.0,23.1,914.0,3309.2,20.3,-18.355,none (low-plasticity bedrock)
WA11,WA,17664.0,2,37.4,0.0,37.4,7.5,16.0,13.8,0.0,0.1182,0.2904,0.6341,0.0,0.07,0.1121,0.0904,0.1657,0.0,4.4,139.0,23.9,937.0,3735.3,6.1,-18.3503,none (low-plasticity bedrock)
WA12,WA,11121.0,2,33.7,0.0,33.7,6.7,13.6,13.5,0.0,0.0809,0.2368,0.6225,0.0,0.0702,0.0876,0.0884,0.1763,0.0,4.1,138.0,21.9,922.0,3374.5,17.6,-19.589,none (low-plasticity bedrock)
WA13,WA,5635.0,4,46.5,0.0,46.5,13.2,11.4,21.9,0.0,0.2787,0.1871,0.763,0.0,0.1534,0.1993,0.0592,0.1331,0.0,4.1,135.0,19.0,838.0,4646.7,8.5,-21.4562,TRIASSIC ROCKS (UNDIFFERENTIATED)
WA14,WA,13341.0,4,45.3,1.6704,43.6,15.3,11.6,16.7,0.0,0.3306,0.1908,0.6823,0.0,0.1017,0.1428,0.0731,0.1617,0.0,4.0,134.0,22.1,847.0,4362.3,57.900002,-17.912,TRIASSIC ROCKS (UNDIFFERENTIATED)
WA15,WA,16573.0,3,40.3,0.0,40.3,17.5,10.7,12.1,0.0,0.3671,0.1701,0.6059,0.0,0.0458,0.0745,0.1028,0.2274,0.0,3.9,134.0,21.0,856.0,4025.2,41.8,-14.5091,TRIASSIC ROCKS (UNDIFFERENTIATED)
WA16,WA,10678.0,4,49.4,7.3207002,42.1,18.8,11.1,12.3,0.0,0.3999,0.1795,0.5898,0.0,0.0602,0.0769,0.0876,0.1502,0.0,4.0,134.0,21.5,834.0,4212.5,159.10001,-15.5861,TRIASSIC ROCKS (UNDIFFERENTIATED)
WA2,WA,18046.0,10,100.6,68.606903,32.0,6.8,11.6,13.5,0.0,0.0807,0.1925,0.6464,0.0,0.0501,0.1302,0.098,0.2504,0.0,4.0,137.0,19.8,877.0,3196.7,1187.9,-19.6621,none (low-plasticity bedrock)
WA3,WA,21427.0,2,37.6,0.0,37.6,8.2,11.5,17.9,0.0,0.1282,0.189,0.7317,0.0,0.0932,0.1381,0.1236,0.2296,0.0,3.9,137.0,19.2,888.0,3761.6,9.4,-20.6351,TRIASSIC ROCKS (UNDIFFERENTIATED)
WA4,WA,22132.0,4,46.2,5.5121002,40.7,13.6,12.4,14.7,0.0,0.2903,0.2103,0.6379,0.0,0.0828,0.1265,0.0712,0.147,0.0,4.3,135.0,20.3,831.0,4070.3,125.4,-17.4808,TRIASSIC ROCKS (UNDIFFERENTIATED)
WA5,WA,25056.0,5,50.6,6.0430002,44.6,6.8,11.9,25.9,0.0,0.0807,0.1992,0.8635,0.0,0.1726,0.2188,0.1118,0.2426,0.0,4.0,137.0,20.0,865.0,4457.9,132.0,-25.0263,none (low-plasticity bedrock)
WA6,WA,8871.0,6,56.6,15.9867,40.6,11.7,12.2,16.7,0.0,0.2357,0.2065,0.664,0.0,0.1142,0.1314,0.0553,0.1123,0.0,4.4,137.0,20.0,801.0,4062.9,308.70001,-18.0292,TRIASSIC ROCKS (UNDIFFERENTIATED)
WA7,WA,27781.0,6,57.1,0.0,57.1,12.8,11.9,32.5,0.0,0.2693,0.1992,0.93,0.0,0.2585,0.274,0.0641,0.1534,0.0,4.2,137.0,20.3,815.0,5710.3,0.0,-23.3359,TRIASSIC ROCKS (UNDIFFERENTIATED)
WA8,WA,27731.0,3,43.2,0.0,43.2,6.7,12.7,23.8,0.0,0.0801,0.218,0.8259,0.0,0.1593,0.1953,0.1027,0.2217,0.0,4.2,138.0,20.1,852.0,4319.9,0.0,-24.9306,TRIASSIC ROCKS (UNDIFFERENTIATED)
WA9,WA,22546.0,2,32.9,0.0,32.9,7.4,13.7,11.8,0.0,0.1078,0.2382,0.6022,0.0,0.0444,0.0683,0.1082,0.2178,0.0,4.2,138.0,22.7,886.0,3287.9,2.7,-17.9904,none (low-plasticity bedrock)
WC1A,WC,436.0,8,80.2,0.0,80.2,62.8,7.6,9.8,0.0,1.0,0.0909,0.5947,0.0,0.0,0.0,0.1683,0.3515,0.0,3.6,140.0,14.5,635.0,8023.4,21.5,-2.6331,THAMES GROUP
WC1B,WC,655.0,9,91.2,10.7486,80.4,62.8,7.6,10.0,0.0,1.0,0.0911,0.6053,0.0,0.0,0.0,0.1599,0.4076,0.0,3.6,140.0,14.6,635.0,8041.3,253.89999,-2.7445,THAMES GROUP
WC1E,WC,395.0,8,80.2,0.0,80.2,62.8,7.6,9.8,0.0,1.0,0.0919,0.5982,0.0,0.0,0.0,0.1468,0.4264,0.0,3.6,140.0,14.9,637.0,8017.4,43.400002,-2.6448,THAMES GROUP
WC1H,WC,2276.0,9,91.5,11.1461,80.4,62.8,7.7,9.9,0.0,1.0,0.094,0.5995,0.0,0.0,0.0,0.1615,0.3857,0.0,3.6,140.0,14.7,637.0,8037.0,268.29999,-2.7313,THAMES GROUP
WC1N,WC,2279.0,8,84.3,2.7758999,81.5,62.7,7.6,11.2,0.0,1.0,0.091,0.6437,0.0,0.0,0.0,0.1934,0.4233,0.0,3.6,140.0,14.6,635.0,8149.1,98.300003,-2.9467,THAMES GROUP
WC1R,WC,251.0,8,81.0,0.0,81.0,62.8,7.6,10.6,0.0,1.0,0.091,0.6229,0.0,0.0,0.0,0.1851,0.3843,0.0,3.6,140.0,14.5,634.0,8095.8,41.099998,-2.8613,THAMES GROUP
WC1V,WC,294.0,8,78.2,0.0,78.2,63.0,7.6,7.7,0.0,1.0,0.0908,0.5322,0.0,0.0,0.0,0.1355,0.2793,0.0,3.6,140.0,14.5,635.0,7824.8,65.5,-2.8356,THAMES GROUP
WC1X,WC,2778.0,10,105.2,25.9849,79.2,62.8,7.6,8.7,0.0,1.0,0.0918,0.5644,0.0,0.0,0.0,0.1294,0.3834,0.0,3.6,140.0,14.6,634.0,7920.1,506.0,-2.6835,THAMES GROUP
WC2A,WC,342.0,8,78.3,0.0,78.3,63.0,7.6,7.7,0.0,1.0,0.0904,0.5291,0.0,0.0,0.0,0.15,0.228,0.0,3.6,140.0,14.4,634.0,7830.7,6.2,-2.8431,THAMES GROUP
WC2B,WC,536.0,9,92.7,15.0239,77.7,63.1,7.6,7.0,0.0,1.0,0.0904,0.5061,0.0,0.0,0.0,0.123,0.2512,0.0,3.6,140.0,14.4,634.0,7767.0,317.20001,-2.2399,THAMES GROUP
WC2E,WC,554.0,7,72.2,0.0,72.2,62.1,7.7,2.3,0.0,1.0,0.0902,0.1848,0.0,0.0,0.0,0.0185,0.0272,0.0,3.6,140.0,14.4,634.0,7216.8,72.699997,-3.7336,THAMES GROUP
WC2H,WC,1056.0,8,78.6,0.0402,78.5,63.0,7.6,8.0,0.0,1.0,0.0906,0.5386,0.0,0.0,0.0,0.145,0.2677,0.0,3.6,140.0,14.5,635.0,7853.8,67.699997,-2.8279,THAMES GROUP
WC2N,WC,398.0,9,92.5,1.4246,91.0,62.8,7.5,20.7,0.0,1.0,0.0896,0.7818,0.0,0.1259,0.1259,0.1227,0.2724,0.0,3.6,140.0,14.2,634.0,9104.6,100.1,-8.2042,THAMES GROUP
WC2R,WC,398.0,10,135.7,9.0165005,126.7,62.8,7.5,56.4,0.0,1.0,0.0893,1.0,0.0,0.384,0.384,0.2807,0.4007,0.0,3.6,140.0,14.1,633.0,12667.8,281.79999,-11.1538,THAMES GROUP
WD17,WD,4688.0,2,37.1,0.0,37.1,6.8,10.7,19.5,0.0,0.08,0.1713,0.7297,0.0,0.1334,0.1492,0.0688,0.1679,0.0,4.1,138.0,16.8,700.0,3708.4,0.0,-22.9412,none (low-plasticity bedrock)
WD18,WD,5961.0,3,41.3,0.0,41.3,6.9,10.1,24.3,0.0,0.08,0.157,0.822,0.0,0.1704,0.1961,0.0849,0.2027,0.0,4.0,138.0,15.7,700.0,4125.8,18.9,-25.6959,none (low-plasticity bedrock)
WD19,WD,5888.0,7,66.5,0.0,66.5,38.7,9.7,18.1,0.0,0.7023,0.1482,0.7456,0.0,0.0907,0.1024,0.1567,0.2523,0.0,4.0,139.0,16.0,690.0,6650.5,22.200001,-9.1785,LAMBETH GROUP
WD23,WD,6270.0,7,68.4,0.0,68.4,41.3,10.4,16.7,0.0,0.7383,0.1647,0.7019,0.0,0.0891,0.099,0.1208,0.2202,0.0,4.1,139.0,15.8,694.0,6844.1,5.9,-6.7644,THAMES GROUP
WD24,WD,4970.0,1,31.6,0.0,31.6,6.9,10.5,14.2,0.0,0.08,0.1664,0.6431,0.0,0.0739,0.097,0.0878,0.2071,0.0,4.1,138.0,15.2,700.0,3163.7,2.3,-20.2762,none (low-plasticity bedrock)
WD25,WD,6737.0,2,34.9,0.0,34.9,12.7,10.8,11.3,0.0,0.259,0.1715,0.5629,0.0,0.0623,0.0747,0.0629,0.1424,0.0,4.1,138.0,15.0,700.0,3485.3,0.0,-17.93,LAMBETH GROUP
WD3,WD,16589.0,2,36.9,2.1327,34.8,9.7,11.0,14.0,0.0,0.1712,0.1783,0.5929,0.0,0.0947,0.1082,0.0381,0.0835,0.0,4.1,138.0,17.1,716.0,3476.1,61.900002,-18.8788,LAMBETH GROUP
WD4,WD,4661.0,1,26.5,0.0,26.5,6.8,13.0,6.6,0.0,0.0814,0.2213,0.4383,0.0,0.0299,0.0413,0.0505,0.0953,0.0,4.4,138.0,19.6,729.0,2645.9,9.0,-20.6892,LAMBETH GROUP
WD5,WD,4760.0,1,28.6,0.0,28.6,13.2,12.6,2.8,0.0,0.2646,0.2085,0.2283,0.0,0.0,0.0,0.0216,0.0612,0.0,4.3,138.0,17.8,713.0,2859.9,5.4,-14.6145,LAMBETH GROUP
WD6,WD,16296.0,9,90.7,0.0,90.7,61.3,12.0,17.3,0.0,0.9985,0.2013,0.7299,0.0,0.0812,0.124,0.1437,0.2468,0.0,4.3,139.0,16.2,695.0,9065.4,0.0,-7.4962,THAMES GROUP
WD7,WD,4879.0,5,51.6,0.0,51.6,31.8,12.0,7.9,0.0,0.6016,0.1981,0.4858,0.0,0.0403,0.0566,0.0553,0.1096,0.0,4.3,139.0,15.8,698.0,5158.6,31.6,-7.7614,LAMBETH GROUP
WF1,WF,17714.0,2,36.4,2.0639,34.3,8.2,8.5,17.6,0.0,0.12,0.1157,0.7071,0.0,0.089,0.2032,0.0791,0.1902,0.0,4.0,135.0,14.1,686.0,3430.9,52.900002,-20.6227,none (low-plasticity bedrock)
WF10,WF,22446.0,3,42.7,0.0,42.7,7.9,7.1,27.7,0.0,0.109,0.0781,0.8733,0.0,0.1931,0.2678,0.0832,0.1854,0.0,4.0,134.0,13.7,636.0,4272.9,0.0,-25.9838,none (low-plasticity bedrock)
WF11,WF,8135.0,6,57.7,0.0,57.7,7.5,7.8,42.4,0.0,0.0948,0.0993,1.0,0.0,0.3196,0.3986,0.053,0.1362,0.0,4.2,133.0,13.1,614.0,5768.1,0.0,-23.2304,none (low-plasticity bedrock)
WF12,WF,13202.0,2,37.5,0.0,37.5,8.0,11.4,18.1,0.0,0.12,0.1873,0.693,0.0,0.119,0.1793,0.0511,0.1161,0.0,4.2,135.0,15.8,761.0,3746.4,9.9,-20.9507,none (low-plasticity bedrock)
WF13,WF,9855.0,4,48.4,0.88950002,47.6,8.0,11.0,28.6,0.0,0.12,0.1783,0.9047,0.0,0.1869,0.3052,0.0978,0.246,0.0,4.0,135.0,15.7,807.0,4755.5,54.200001,-24.3875,none (low-plasticity bedrock)
WF14,WF,9273.0,3,40.5,0.0,40.5,7.7,13.8,19.0,0.0,0.12,0.241,0.7112,0.0,0.1308,0.1644,0.0576,0.1239,0.0,4.3,135.0,15.6,858.0,4053.2,18.9,-20.6629,none (low-plasticity bedrock)
WF15,WF,7322.0,1,31.3,0.0,31.3,7.8,14.0,9.6,0.0,0.12,0.2445,0.5213,0.0,0.0527,0.0725,0.0537,0.1125,0.0,4.2,135.0,18.2,870.0,3132.0,23.3,-19.3892,none (low-plasticity bedrock)
WF16,WF,5153.0,2,34.2,1.6083,32.6,8.0,11.6,13.0,0.0,0.12,0.1919,0.6164,0.0,0.0651,0.0681,0.0912,0.2074,0.0,4.1,135.0,15.4,808.0,3259.9,69.800003,-18.4931,none (low-plasticity bedrock)
WF17,WF,17169.0,1,28.3,0.0,28.3,7.9,12.5,7.9,0.0,0.12,0.2113,0.4921,0.0,0.0356,0.0749,0.0525,0.1262,0.0,4.3,135.0,16.6,755.0,2826.4,0.0,-19.9969,none (low-plasticity bedrock)
WF2,WF,22512.0,3,40.4,4.835,35.6,8.1,9.7,17.8,0.0,0.12,0.1472,0.6902,0.0,0.1079,0.1822,0.0577,0.1373,0.0,4.1,135.0,15.2,715.0,3561.4,102.8,-20.5809,none (low-plasticity bedrock)
WF3,WF,14776.0,3,41.1,12.0415,29.0,8.1,9.0,11.9,0.0,0.12,0.1278,0.5724,0.0,0.0604,0.1123,0.0586,0.1286,0.0,4.1,135.0,14.8,673.0,2902.1,234.5,-20.5524,none (low-plasticity bedrock)
WF4,WF,19184.0,4,45.5,14.8236,30.7,7.7,14.2,8.7,0.0,0.12,0.2493,0.4928,0.0,0.0544,0.0767,0.036,0.0805,0.0,4.5,135.0,18.1,781.0,3069.3,279.79999,-20.0182,none (low-plasticity bedrock)
WF5,WF,10151.0,1,29.4,0.0,29.4,8.0,10.6,10.8,0.0,0.12,0.1681,0.557,0.0,0.0521,0.077,0.0697,0.1535,0.0,4.2,135.0,15.8,732.0,2939.9,0.0,-19.9618,none (low-plasticity bedrock)
WF6,WF,9462.0,4,48.2,12.8548,35.4,8.3,7.6,19.5,0.0,0.12,0.0913,0.7472,0.0,0.105,0.1847,0.1011,0.2158,0.0,3.9,135.0,13.9,660.0,3535.8,247.89999,-22.1257,none (low-plasticity bedrock)
WF7,WF,9872.0,2,36.0,6.2536001,29.8,8.2,8.1,13.4,0.0,0.12,0.1049,0.5989,0.0,0.0769,0.121,0.0543,0.1195,0.0,4.1,134.0,13.4,648.0,2979.1,141.10001,-20.5965,none (low-plasticity bedrock)
WF8,WF,15678.0,1,24.5,0.0,24.5,7.6,8.3,8.6,0.0,0.0987,0.1089,0.4879,0.0,0.0558,0.0724,0.0331,0.0776,0.0,4.3,133.0,12.7,631.0,2447.3,11.7,-23.5727,none (low-plasticity bedrock)
WF9,WF,17621.0,1,25.4,0.0,25.4,8.0,8.7,8.6,0.0,0.1155,0.1208,0.5052,0.0,0.0464,0.0692,0.0516,0.1162,0.0,4.3,133.0,14.9,640.0,2543.4,18.5,-21.5292,none (low-plasticity bedrock)
WN1,WN,10000.0,3,42.8,0.0,42.8,7.4,16.8,18.6,0.0,0.12,0.3073,0.735,0.0,0.1037,0.188,0.1,0.1764,0.0,4.2,139.0,32.1,1074.0,4283.2,7.1,-20.5123,none (low-plasticity bedrock)
WN2,WN,23008.0,5,56.3,16.636999,39.7,7.4,15.7,16.6,0.0,0.1163,0.2823,0.7041,0.0,0.0823,0.1399,0.1172,0.2045,0.0,4.1,139.0,30.1,1056.0,3966.0,314.0,-19.2872,none (low-plasticity bedrock)
WN3,WN,12842.0,4,45.5,0.0,45.5,7.5,15.3,22.7,0.0,0.12,0.2754,0.813,0.0,0.1444,0.2129,0.1026,0.216,0.0,4.2,138.0,25.5,1004.0,4549.7,12.9,-23.4347,none (low-plasticity bedrock)
WN4,WN,12147.0,2,32.9,0.0,32.9,7.4,15.0,10.5,0.0,0.1123,0.2681,0.5689,0.0,0.0369,0.0606,0.1038,0.1868,0.0,4.2,138.0,25.0,961.0,3293.9,4.3,-18.0984,none (low-plasticity bedrock)
WN5,WN,19272.0,2,34.7,0.0,34.7,7.4,17.9,9.4,0.0,0.12,0.3278,0.5303,0.0,0.0411,0.0667,0.0722,0.1477,0.0,4.5,139.0,28.6,974.0,3469.9,0.0,-17.8971,none (low-plasticity bedrock)
WN6,WN,17578.0,4,49.4,10.7229,38.7,7.4,18.2,13.0,0.0,0.12,0.3348,0.62,0.0,0.0657,0.0863,0.0967,0.1686,0.0,4.4,139.0,29.7,1042.0,3866.2,218.2,-17.7441,none (low-plasticity bedrock)
WN7,WN,22512.0,5,51.4,5.8715,45.5,7.0,12.8,25.8,0.0,0.0956,0.2203,0.8695,0.0,0.1634,0.236,0.1264,0.241,0.0,3.9,138.0,24.5,1003.0,4551.5,133.10001,-24.7777,none (low-plasticity bedrock)
WN8,WN,19786.0,5,52.7,16.6717,36.0,7.4,18.3,10.3,0.0,0.1189,0.3368,0.5438,0.0,0.0551,0.0815,0.0598,0.1255,0.0,4.5,139.0,28.1,973.0,3598.1,313.0,-18.6426,none (low-plasticity bedrock)
WR1,WR,5287.0,9,93.5,13.7696,79.7,19.9,6.9,52.9,0.0,0.4,0.0746,1.0,0.0,0.3983,0.4174,0.1056,0.3001,0.0,3.8,133.0,17.0,704.0,7974.9,286.20001,-19.1832,TRIASSIC ROCKS (UNDIFFERENTIATED)
WR10,WR,8519.0,6,58.5,0.27540001,58.3,27.0,8.1,23.1,0.0,0.5368,0.1059,0.7872,0.0,0.1672,0.1838,0.0723,0.1414,0.0,4.0,133.0,14.6,672.0,5827.0,65.300003,-16.753,LIAS GROUP
WR11,WR,20925.0,10,188.5,131.10609,57.4,26.5,9.1,21.8,0.0,0.527,0.1318,0.7838,0.0,0.1434,0.1703,0.0999,0.1875,0.0,4.1,134.0,14.0,678.0,5741.0,2260.1001,-16.2133,LIAS GROUP
WR12,WR,2720.0,4,49.0,0.0,49.0,25.9,12.2,10.9,0.0,0.5197,0.2039,0.5555,0.0,0.0551,0.0805,0.0694,0.1295,0.0,4.4,135.0,16.6,743.0,4897.8,12.1,-11.7835,LIAS GROUP
WR13,WR,4121.0,2,37.1,0.0,37.1,13.5,9.6,14.0,0.0,0.275,0.1437,0.6123,0.0,0.0842,0.0998,0.0637,0.1294,0.0,4.2,132.0,18.2,743.0,3708.5,8.0,-17.6689,TRIASSIC ROCKS (UNDIFFERENTIATED)
WR14,WR,15667.0,2,32.7,0.0,32.7,15.2,11.1,6.4,0.0,0.3165,0.1791,0.4632,0.0,0.0145,0.0263,0.0733,0.183,0.0,4.3,132.0,21.6,745.0,3272.9,2.5,-15.2291,TRIASSIC ROCKS (UNDIFFERENTIATED)
WR15,WR,2993.0,1,28.4,0.0,28.4,8.1,9.0,11.3,0.0,0.12,0.1271,0.5439,0.0,0.0767,0.0907,0.038,0.0681,0.0,3.9,135.0,18.9,779.0,2838.5,0.0,-22.3048,none (low-plasticity bedrock)
WR2,WR,13355.0,5,55.3,0.49509999,54.8,19.9,7.2,27.7,0.0,0.3992,0.0802,0.8468,0.0,0.2163,0.2351,0.0496,0.1142,0.0,3.8,132.0,17.3,715.0,5476.0,57.0,-21.4308,TRIASSIC ROCKS (UNDIFFERENTIATED)
WR3,WR,9579.0,6,61.9,15.5748,46.4,20.0,7.0,19.3,0.0,0.3968,0.0749,0.706,0.0,0.1301,0.1456,0.0581,0.1396,0.0,3.8,133.0,17.4,692.0,4635.5,302.70001,-15.6436,TRIASSIC ROCKS (UNDIFFERENTIATED)
WR4,WR,10816.0,3,40.5,0.21780001,40.3,20.2,7.0,13.0,0.0,0.4,0.0746,0.6423,0.0,0.0416,0.0831,0.1299,0.2628,0.0,3.8,133.0,17.0,690.0,4025.7,40.0,-12.7193,TRIASSIC ROCKS (UNDIFFERENTIATED)
WR5,WR,14335.0,4,48.9,0.0,48.9,20.5,6.9,21.6,0.0,0.4068,0.0717,0.7634,0.0,0.1442,0.1683,0.0803,0.1689,0.0,3.8,132.0,15.9,693.0,4891.2,28.200001,-17.91,TRIASSIC ROCKS (UNDIFFERENTIATED)
WR6,WR,5382.0,2,33.7,0.2577,33.4,10.8,9.4,13.3,0.0,0.1956,0.137,0.5822,0.0,0.0873,0.0956,0.045,0.09,0.0,4.1,133.0,20.7,737.0,3344.2,49.599998,-18.4888,TRIASSIC ROCKS (UNDIFFERENTIATED)
WR7,WR,2597.0,4,46.6,0.0,46.6,24.4,7.8,14.4,0.0,0.4902,0.0979,0.6393,0.0,0.0801,0.096,0.0878,0.166,0.0,4.0,133.0,14.9,685.0,4664.5,0.0,-13.3352,LIAS GROUP
WR8,WR,4033.0,6,58.8,0.0,58.8,21.7,7.6,29.5,0.0,0.4447,0.092,0.8885,0.0,0.216,0.2388,0.0894,0.1654,0.0,3.9,132.0,15.8,691.0,5879.5,34.0,-20.2625,TRIASSIC ROCKS (UNDIFFERENTIATED)
WR9,WR,14561.0,3,43.3,0.0,43.3,18.6,6.5,18.3,0.0,0.3611,0.061,0.6971,0.0,0.1138,0.1323,0.0793,0.1498,0.0,3.8,133.0,15.7,699.0,4332.7,2.8,-14.9969,TRIASSIC ROCKS (UNDIFFERENTIATED)
WS1,WS,10424.0,3,42.1,0.0,42.1,8.1,10.0,24.1,0.0,0.12,0.1553,0.8409,0.0,0.149,0.1903,0.1244,0.277,0.0,4.2,133.0,17.5,754.0,4214.5,4.4,-23.9952,none (low-plasticity bedrock)
WS10,WS,19779.0,3,42.3,8.7472,33.5,8.1,10.0,15.5,0.0,0.12,0.1533,0.6954,0.0,0.0657,0.0881,0.1342,0.293,0.0,4.2,133.0,17.6,753.0,3352.3,178.8,-19.233,none (low-plasticity bedrock)
WS11,WS,19160.0,9,95.2,65.694504,29.5,7.7,9.6,12.2,0.0,0.1077,0.1442,0.5974,0.0,0.0553,0.0577,0.1,0.1913,0.0,4.2,133.0,15.8,744.0,2953.8,1143.4,-19.0984,none (low-plasticity bedrock)
WS12,WS,15933.0,1,22.4,0.0,22.4,7.3,10.3,4.8,0.0,0.0929,0.1572,0.3494,0.0,0.014,0.0166,0.0389,0.0816,0.0,4.2,133.0,17.6,748.0,2242.5,18.8,-19.1655,none (low-plasticity bedrock)
WS13,WS,13166.0,10,153.1,108.0279,45.1,13.8,11.2,20.1,0.0,0.2936,0.182,0.7277,0.0,0.1412,0.1753,0.0542,0.1216,0.0,4.5,133.0,15.8,701.0,4510.2,1864.8,-19.8675,TRIASSIC ROCKS (UNDIFFERENTIATED)
WS14,WS,7561.0,1,30.1,0.0,30.1,7.0,11.4,11.6,0.0,0.0854,0.187,0.5567,0.0,0.0729,0.0992,0.0427,0.0925,0.0,4.5,133.0,15.1,687.0,3007.1,14.3,-22.1066,TRIASSIC ROCKS (UNDIFFERENTIATED)
WS15,WS,16704.0,9,88.4,45.2141,43.2,14.1,11.3,17.8,0.0,0.3004,0.1837,0.6837,0.0,0.1218,0.1543,0.0528,0.1073,0.0,4.4,133.0,16.6,738.0,4318.9,805.09998,-18.8699,TRIASSIC ROCKS (UNDIFFERENTIATED)
WS2,WS,14952.0,2,32.1,0.0,32.1,8.1,10.3,13.7,0.0,0.12,0.1623,0.6614,0.0,0.0501,0.0862,0.132,0.2689,0.0,4.2,133.0,17.9,751.0,3211.2,0.0,-18.6912,none (low-plasticity bedrock)
WS3,WS,21857.0,1,31.2,0.0,31.2,8.0,11.3,11.8,0.0,0.12,0.1858,0.6075,0.0,0.0405,0.0493,0.1257,0.2322,0.0,4.4,133.0,18.4,751.0,3116.0,4.6,-17.6829,none (low-plasticity bedrock)
WS4,WS,7138.0,3,39.2,3.2630999,35.9,8.0,11.3,16.7,0.0,0.12,0.1843,0.6991,0.0,0.0873,0.1328,0.1077,0.2026,0.0,4.4,133.0,18.2,746.0,3592.9,76.699997,-19.8938,none (low-plasticity bedrock)
WS5,WS,8108.0,1,30.5,0.0,30.5,8.1,10.2,12.2,0.0,0.12,0.1588,0.5972,0.0,0.0568,0.0641,0.0905,0.2011,0.0,4.2,133.0,18.1,754.0,3049.9,10.3,-18.5918,none (low-plasticity bedrock)
WS6,WS,7210.0,1,30.6,0.0,30.6,8.0,10.9,11.8,0.0,0.12,0.1742,0.5936,0.0,0.0468,0.0639,0.1049,0.1984,0.0,4.3,133.0,18.6,752.0,3064.5,13.7,-18.1486,none (low-plasticity bedrock)
WS7,WS,12998.0,1,27.9,0.0,27.9,7.4,12.8,7.8,0.0,0.1026,0.2167,0.4871,0.0,0.0385,0.0539,0.0551,0.127,0.0,4.6,133.0,16.5,734.0,2790.6,3.9,-20.4078,TRIASSIC ROCKS (UNDIFFERENTIATED)
WS8,WS,6914.0,1,29.8,0.0,29.8,7.4,12.1,10.3,0.0,0.1038,0.2027,0.5704,0.0,0.0295,0.0563,0.1145,0.2032,0.0,4.5,133.0,17.7,750.0,2983.2,19.9,-18.6913,none (low-plasticity bedrock)
WS9,WS,12082.0,5,56.0,31.4492,24.5,7.3,12.0,5.3,0.0,0.098,0.1983,0.3929,0.0,0.0121,0.0184,0.053,0.1238,0.0,4.5,133.0,18.3,736.0,2454.9,551.79999,-19.4288,none (low-plasticity bedrock)
WV1,WV,7769.0,1,27.8,0.0,27.8,7.9,9.5,10.5,0.0,0.1116,0.1396,0.5959,0.0,0.0136,0.0389,0.1389,0.3105,0.0,4.1,133.0,17.7,741.0,2779.5,0.0,-17.5379,none (low-plasticity bedrock)
WV10,WV,22435.0,1,29.8,0.0,29.8,7.1,10.1,12.6,0.0,0.0868,0.1556,0.6095,0.0,0.0537,0.0903,0.0943,0.1978,0.0,4.2,133.0,16.9,735.0,2981.6,3.7,-19.7771,none (low-plasticity bedrock)
WV11,WV,14342.0,1,26.3,0.0,26.3,7.8,11.3,7.3,0.0,0.1132,0.1838,0.5052,0.0,0.0072,0.0177,0.1108,0.2201,0.0,4.4,133.0,19.2,745.0,2634.5,8.0,-17.9829,none (low-plasticity bedrock)
WV12,WV,10759.0,1,27.1,0.0,27.1,8.0,11.2,8.0,0.0,0.12,0.1807,0.5352,0.0,0.0,0.0,0.1343,0.291,0.0,4.4,133.0,18.8,748.0,2709.9,24.5,-17.2268,none (low-plasticity bedrock)
WV13,WV,9437.0,4,45.9,2.6661999,43.3,8.1,9.8,25.4,0.0,0.12,0.1514,0.8881,0.0,0.1277,0.2676,0.1617,0.3404,0.0,4.2,133.0,17.8,746.0,4327.1,88.099998,-23.6542,none (low-plasticity bedrock)
WV14,WV,20420.0,1,28.7,0.0,28.7,8.1,9.8,10.8,0.0,0.12,0.1481,0.5961,0.0,0.0247,0.0309,0.1321,0.289,0.0,4.1,133.0,18.1,745.0,2868.6,7.2,-17.4408,none (low-plasticity bedrock)
WV15,WV,3859.0,1,25.4,0.0,25.4,7.5,8.5,9.5,0.0,0.0941,0.1137,0.5007,0.0,0.0693,0.0774,0.0251,0.0561,0.0,4.0,135.0,17.1,725.0,2544.9,5.5,-23.6117,none (low-plasticity bedrock)
WV16,WV,7618.0,1,30.5,0.0,30.5,7.6,16.0,6.9,0.0,0.1179,0.289,0.4358,0.0,0.0407,0.0524,0.0333,0.0691,0.0,4.9,135.0,21.5,790.0,3053.6,10.2,-19.6942,none (low-plasticity bedrock)
WV2,WV,7071.0,1,27.9,0.87150002,27.0,8.0,9.5,9.5,0.0,0.1174,0.14,0.5773,0.0,0.0,0.0479,0.133,0.3284,0.0,4.1,133.0,18.1,740.0,2698.1,34.400002,-17.3365,none (low-plasticity bedrock)
WV3,WV,12552.0,1,26.9,2.4570999,24.5,7.1,9.0,8.4,0.0,0.0802,0.1272,0.5364,0.0,0.0128,0.0217,0.1189,0.24,0.0,4.1,133.0,17.1,733.0,2449.2,71.099998,-20.2462,none (low-plasticity bedrock)
WV4,WV,14172.0,1,25.6,0.0,25.6,7.4,8.8,9.4,0.0,0.0941,0.1225,0.5363,0.0,0.0432,0.0586,0.0739,0.1614,0.0,4.0,133.0,17.6,738.0,2564.9,0.0,-21.9863,none (low-plasticity bedrock)
WV5,WV,6187.0,1,24.4,1.0043,23.4,7.5,7.4,8.5,0.0,0.0891,0.0851,0.4826,0.0,0.0604,0.0684,0.0281,0.064,0.0,3.9,133.0,15.9,733.0,2335.1,33.0,-25.0081,none (low-plasticity bedrock)
WV6,WV,18336.0,2,36.7,13.5517,23.2,7.5,7.9,7.8,0.0,0.0927,0.0973,0.4813,0.0,0.042,0.0562,0.05,0.1071,0.0,4.0,134.0,16.1,718.0,2318.2,245.3,-23.1147,TRIASSIC ROCKS (UNDIFFERENTIATED)
WV7,WV,2564.0,1,25.0,0.0,25.0,10.8,8.1,6.0,0.0,0.1927,0.104,0.4179,0.0,0.0236,0.0307,0.0487,0.1079,0.0,4.0,134.0,15.7,721.0,2498.8,17.8,-18.1077,TRIASSIC ROCKS (UNDIFFERENTIATED)
WV8,WV,6781.0,2,36.3,2.7634001,33.5,13.7,9.6,10.2,0.0,0.2792,0.1427,0.5465,0.0,0.0474,0.0776,0.0735,0.1364,0.0,4.2,133.0,16.1,728.0,3349.3,75.599998,-17.8116,TRIASSIC ROCKS (UNDIFFERENTIATED)
WV9,WV,3141.0,3,39.4,4.2044001,35.2,7.3,10.1,17.8,0.0,0.0966,0.1568,0.6967,0.0,0.106,0.1744,0.07,0.145,0.0,4.3,133.0,16.2,733.0,3522.7,106.2,-21.3155,TRIASSIC ROCKS (UNDIFFERENTIATED)
YO1,YO,9657.0,9,87.9,16.371099,71.6,7.4,6.1,58.0,0.0,0.08,0.0514,1.0,0.0,0.4242,0.486,0.1494,0.3148,0.0,3.9,129.0,15.2,633.0,7155.1,348.39999,-22.0647,none (low-plasticity bedrock)
YO10,YO,5722.0,3,41.1,5.7435999,35.4,7.4,6.1,21.9,0.0,0.08,0.0488,0.7837,0.0,0.1237,0.2666,0.0745,0.2012,0.0,4.0,129.0,13.7,629.0,3537.6,111.1,-24.7788,none (low-plasticity bedrock)
YO11,YO,12175.0,6,58.8,0.0,58.8,28.6,15.7,14.5,0.0,0.5557,0.2827,0.6173,0.0,0.0924,0.1306,0.0491,0.0958,0.0,5.3,125.0,16.7,777.0,5876.6,0.0,-10.303,CORALLIAN GROUP
YO12,YO,17912.0,4,45.5,0.0,45.5,21.4,12.6,11.5,0.0,0.4505,0.2143,0.5452,0.0,0.0736,0.1156,0.0297,0.07,0.0,4.8,125.0,16.5,775.0,4549.3,0.0,-15.9792,WEALDEN GROUP
YO13,YO,4824.0,5,53.4,0.0,53.4,27.4,14.6,11.4,0.0,0.5418,0.2572,0.5471,0.0,0.0753,0.0977,0.035,0.0804,0.0,4.8,125.0,23.1,817.0,5344.0,6.9,-11.2026,RAVENSCAR GROUP
YO14,YO,5506.0,6,57.6,12.9272,44.7,18.8,18.3,7.7,0.0,0.4139,0.3353,0.4549,0.0,0.0538,0.0629,0.0257,0.0502,0.0,5.6,126.0,16.4,762.0,4471.4,258.0,-16.5623,"WEST WALTON FORMATION, AMPTHILL CLAY FORMATION AND KIMMERIDGE CLAY FORMATION (UNDIFFERENTIATED)"
YO15,YO,6651.0,2,33.8,0.0,33.8,6.4,17.9,9.5,0.0,0.08,0.3278,0.5003,0.0,0.0643,0.0804,0.0299,0.0608,0.0,5.6,126.0,15.2,727.0,3384.3,0.0,-19.6636,"WEST WALTON FORMATION, AMPTHILL CLAY FORMATION AND KIMMERIDGE CLAY FORMATION (UNDIFFERENTIATED)"
YO16,YO,11864.0,1,26.9,0.0,26.9,6.7,14.8,5.4,0.0,0.08,0.2605,0.3649,0.0,0.0286,0.0385,0.0206,0.0536,0.0,5.1,126.0,17.4,745.0,2690.2,10.5,-20.0651,none (low-plasticity bedrock)
YO17,YO,10215.0,6,62.3,0.0,62.3,25.5,13.2,23.7,0.0,0.5132,0.2287,0.7844,0.0,0.1758,0.2324,0.0428,0.0954,0.0,4.8,125.0,18.9,746.0,6230.3,3.3,-17.1429,"WEST WALTON FORMATION, AMPTHILL CLAY FORMATION AND KIMMERIDGE CLAY FORMATION (UNDIFFERENTIATED)"
YO18,YO,5213.0,6,64.2,10.5004,53.7,29.6,9.5,14.6,0.0,0.5705,0.1403,0.6198,0.0,0.0885,0.1324,0.0519,0.1117,0.0,4.0,124.0,24.7,875.0,5373.8,237.5,-10.3322,CORALLIAN GROUP
YO19,YO,3081.0,5,52.6,0.0,52.6,7.5,5.9,39.1,0.0,0.0834,0.0452,1.0,0.0,0.2687,0.4591,0.0643,0.1501,0.0,3.9,129.0,12.7,632.0,5255.0,20.4,-23.8315,TRIASSIC ROCKS (UNDIFFERENTIATED)
YO21,YO,6249.0,5,55.3,5.4053998,49.9,21.7,20.7,7.5,0.0,0.4631,0.3863,0.4659,0.0,0.0418,0.0501,0.0468,0.0929,0.0,5.5,125.0,25.2,874.0,4987.7,139.8,-13.2802,RAVENSCAR GROUP
YO22,YO,4247.0,5,52.3,4.5479999,47.8,19.6,20.1,8.1,0.0,0.4267,0.3733,0.4881,0.0,0.0406,0.0467,0.0535,0.1356,0.0,5.6,125.0,21.0,823.0,4777.1,141.89999,-13.74,RAVENSCAR GROUP
YO23,YO,4713.0,6,60.0,0.0,60.0,7.4,6.2,46.4,0.0,0.0803,0.0535,1.0,0.0,0.3229,0.4709,0.0993,0.2025,0.0,4.0,130.0,13.9,630.0,5995.6,53.900002,-22.8798,none (low-plasticity bedrock)
YO24,YO,7023.0,1,26.5,0.0,26.5,7.4,6.1,13.0,0.0,0.08,0.0497,0.6324,0.0,0.045,0.119,0.0962,0.2568,0.0,3.9,130.0,14.5,634.0,2651.5,0.0,-20.6753,none (low-plasticity bedrock)
YO25,YO,15394.0,2,34.4,0.51239997,33.8,6.7,13.5,13.7,0.0,0.08,0.2336,0.5945,0.0,0.0887,0.1152,0.0447,0.0861,0.0,4.9,126.0,19.4,783.0,3384.0,52.599998,-20.8866,none (low-plasticity bedrock)
YO26,YO,7301.0,4,46.3,0.0,46.3,7.2,7.6,31.6,0.0,0.08,0.0915,0.9258,0.0,0.22,0.2852,0.1042,0.1878,0.0,4.1,133.0,13.1,647.0,4634.8,8.3,-24.5656,none (low-plasticity bedrock)
YO30,YO,6040.0,3,41.1,0.0,41.1,7.3,6.5,27.2,0.0,0.08,0.0629,0.8867,0.0,0.17,0.2254,0.139,0.2619,0.0,4.0,132.0,13.7,644.0,4112.0,0.0,-25.0397,none (low-plasticity bedrock)
YO31,YO,6887.0,2,36.9,0.0,36.9,7.4,6.2,23.4,0.0,0.08,0.0533,0.8408,0.0,0.132,0.1742,0.1451,0.3264,0.0,3.9,128.0,14.8,637.0,3695.0,0.0,-25.36,none (low-plasticity bedrock)
YO32,YO,5636.0,2,36.3,4.6560001,31.6,9.6,6.7,15.3,0.0,0.1543,0.0672,0.6547,0.0,0.0817,0.1201,0.0784,0.1943,0.0,4.0,130.0,14.5,666.0,3161.6,110.5,-18.1981,TRIASSIC ROCKS (UNDIFFERENTIATED)
YO41,YO,2692.0,3,40.2,0.0,40.2,14.3,6.9,19.0,0.0,0.2729,0.0719,0.7161,0.0,0.116,0.1472,0.0824,0.1694,0.0,4.0,127.0,16.3,696.0,4018.7,0.0,-17.3206,TRIASSIC ROCKS (UNDIFFERENTIATED)
YO42,YO,4501.0,2,34.8,0.16850001,34.6,14.6,5.9,14.1,0.0,0.2681,0.0432,0.6159,0.0,0.0858,0.1393,0.0475,0.1148,0.0,3.7,127.0,17.9,739.0,3460.9,41.8,-16.9469,TRIASSIC ROCKS (UNDIFFERENTIATED)
YO43,YO,3669.0,2,34.2,0.0,34.2,16.3,7.3,10.6,0.0,0.3179,0.0819,0.5385,0.0,0.0694,0.0995,0.0347,0.0856,0.0,4.0,127.0,15.6,702.0,3415.4,5.2,-17.6081,TRIASSIC ROCKS (UNDIFFERENTIATED)
YO51,YO,1799.0,2,36.8,0.0,36.8,7.1,8.3,21.3,0.0,0.0807,0.1122,0.7658,0.0,0.1351,0.1988,0.0861,0.1552,0.0,4.0,135.0,15.7,696.0,3681.6,10.7,-24.1722,none (low-plasticity bedrock)
YO60,YO,1153.0,4,47.7,1.3122,46.4,23.8,8.0,14.5,0.0,0.4819,0.1029,0.6314,0.0,0.0847,0.1081,0.0747,0.1378,0.0,4.2,126.0,16.2,726.0,4636.9,58.700001,-14.0108,LIAS GROUP
YO61,YO,3494.0,3,41.1,0.0,41.1,19.1,5.9,16.1,0.0,0.3662,0.045,0.6576,0.0,0.094,0.139,0.0699,0.1358,0.0,3.8,131.0,15.9,697.0,4113.1,0.0,-13.5389,TRIASSIC ROCKS (UNDIFFERENTIATED)
YO62,YO,3039.0,6,58.7,0.59009999,58.2,30.2,9.6,18.4,0.0,0.5772,0.1429,0.6794,0.0,0.133,0.1484,0.0405,0.0844,0.0,4.2,124.0,21.9,872.0,5815.5,54.3,-11.2202,CORALLIAN GROUP
YO7,YO,9222.0,10,115.8,76.678596,39.1,19.2,5.5,14.5,0.0,0.3651,0.0309,0.6249,0.0,0.0866,0.1222,0.062,0.1228,0.0,3.6,131.0,16.8,759.0,3910.0,1323.5,-14.3295,LIAS GROUP
YO8,YO,20694.0,8,78.5,1.6348,76.8,7.5,6.5,62.8,0.0,0.0886,0.0627,1.0,0.0,0.4613,0.6696,0.0668,0.1788,0.0,4.1,130.0,11.9,609.0,7682.7,99.599998,-22.087,TRIASSIC ROCKS (UNDIFFERENTIATED)
ZE1,ZE,4322.0,9,93.0,0.0,93.0,5.5,43.1,43.1,1.3,0.0923,0.8082,1.0,0.8802,0.3688,0.3688,0.0531,0.0787,0.02,6.5,167.0,33.9,1266.0,8803.7,23.4,-18.2463,none (low-plasticity bedrock)
ZE2,ZE,3827.0,9,90.1,11.1945,78.9,5.6,42.2,30.0,1.3,0.087,0.7913,0.8965,0.8802,0.2611,0.2617,0.0457,0.0678,0.02,6.2,169.0,29.7,1259.0,7438.1,261.79999,-19.132,none (low-plasticity bedrock)
ZE3,ZE,143.0,8,79.2,0.0,79.2,6.1,41.8,30.1,1.3,0.1139,0.7848,0.878,0.8802,0.2744,0.2745,0.0079,0.0136,0.02,7.5,163.0,21.9,1217.0,7485.5,29.4,-19.6857,none (low-plasticity bedrock)
